{"type":"FeatureCollection","features":[{"type":"Feature","id":3975,"geometry":{"type":"MultiPolygon","coordinates":[[[[112.6749050840001,-7.0552917539999385,0],[112.67490653200002,-7.0552761149999696,0],[112.67491842900006,-7.0551000349999526,0],[112.67493270600005,-7.0549929599999359,0],[112.67494698300004,-7.0549358519999714,0],[112.67494698300004,-7.0549168169999348,0],[112.67494460300009,-7.0548882629999525,0],[112.67493508500002,-7.0548739869999508,0],[112.67492318900008,-7.0548644689999378,0],[112.67490653200002,-7.0548644689999378,0],[112.67489701400007,-7.0548668479999606,0],[112.6748874970001,-7.0548787449999395,0],[112.67488511700003,-7.0548858839999298,0],[112.6748803590001,-7.0549072989999786,0],[112.67487084000004,-7.0549310939999259,0],[112.67486846000008,-7.0549548879999406,0],[112.67484942500005,-7.0550143749999279,0],[112.67483455400009,-7.0551285889999349,0],[112.67483157900006,-7.0551732039999706,0],[112.67482265600006,-7.0552326899999684,0],[112.67482265600006,-7.0552924619999544,0],[112.6749050840001,-7.0552917539999385,0]]],[[[112.79305406100002,-6.9770385619999615,0],[112.79225771100005,-6.9773470269999507,0],[112.79219691200001,-6.9773705759999416,0],[112.7922136200001,-6.9773837679999815,0],[112.79226120900012,-6.9774075629999288,0],[112.79230116800011,-6.9774056599999312,0],[112.79232367000009,-6.9774045879999562,0],[112.79236828500007,-6.9773867419999647,0],[112.79239802800009,-6.9773956649999604,0],[112.79239802800009,-6.9774462289999519,0],[112.79236531100003,-6.9774908439999308,0],[112.79235605800011,-6.9775206579999463,0],[112.79233854200004,-6.9775770989999728,0],[112.79233556800011,-6.9776187399999685,0],[112.79234746500003,-6.9776425339999264,0],[112.79234151600008,-6.9776663289999306,0],[112.79230879900001,-6.9776812009999389,0],[112.79226418400003,-6.9777049949999537,0],[112.79223741500005,-6.9777436609999768,0],[112.79223741500005,-6.9777734049999367,0],[112.79227013200011,-6.9778180199999724,0],[112.79232367000009,-6.9778596599999787,0],[112.7923623370001,-6.9779102239999702,0],[112.7924456180001,-6.9780143249999469,0],[112.79248131000008,-6.9780470429999468,0],[112.79253484700007,-6.9780767859999742,0],[112.79257351400008,-6.9781362729999614,0],[112.79259433400011,-6.9781838619999803,0],[112.7926300260001,-6.9782284769999592,0],[112.79268653800011,-6.9782760659999781,0],[112.7927043840001,-6.9783058089999486,0],[112.79271925600005,-6.9783504239999274,0],[112.79272520400002,-6.97839206499998,0],[112.79275494800004,-6.9784604739999736,0],[112.79279064000002,-6.9785169859999314,0],[112.79282335700009,-6.9785645759999397,0],[112.79284417700001,-6.9786091899999292,0],[112.79287689500006,-6.9786686769999733,0],[112.79291853600012,-6.9787073429999396,0],[112.7929542280001,-6.9787668299999268,0],[112.79297504800002,-6.978841187999933,0],[112.79299884200009,-6.9788976999999477,0],[112.79303156000003,-6.9789363659999708,0],[112.79310591800004,-6.9790196469999728,0],[112.79311781500007,-6.9790523649999727,0],[112.79315350700006,-6.9790969799999516,0],[112.79321002000006,-6.979162414999962,0],[112.79325463400005,-6.9792248759999325,0],[112.79328437800007,-6.9792605679999724,0],[112.7933051980001,-6.9792903109999429,0],[112.79332304400009,-6.9792992339999387,0],[112.79334386400001,-6.9792932849999261,0],[112.79337063300011,-6.979278413999964,0],[112.79341627400004,-6.9792427569999518,0],[112.79346581200002,-6.9792040559999577,0],[112.79349555500005,-6.9792605679999724,0],[112.79348365800001,-6.9792813879999471,0],[112.79347770900006,-6.9793051829999513,0],[112.79348324200009,-6.9793675719999442,0],[112.7934548180001,-6.9794755829999531,0],[112.79339337500005,-6.9796015629999602,0],[112.79334089000008,-6.9797037419999697,0],[112.79333196700009,-6.9797424089999254,0],[112.79332304400009,-6.9797840489999317,0],[112.79332007000005,-6.97983461299998,0],[112.79331709500002,-6.9798643559999505,0],[112.79329924900003,-6.979882201999942,0],[112.79326653200008,-6.9798762529999294,0],[112.79323084000009,-6.9798643559999505,0],[112.7932040710001,-6.9798554329999547,0],[112.79317135300005,-6.9798643559999505,0],[112.79314458400006,-6.9798940989999778,0],[112.79313268700002,-6.9799238429999377,0],[112.79309699500004,-6.9799476369999525,0],[112.79307320100008,-6.9799476369999525,0],[112.7930375090001,-6.9799595349999777,0],[112.79298991900009,-6.9799892779999482,0],[112.79296315000011,-6.9800279439999713,0],[112.79293935600003,-6.980048763999946,0],[112.79290961300001,-6.9800517389999754,0],[112.79289474100005,-6.980048763999946,0],[112.79286797200007,-6.9800457899999628,0],[112.79284715200004,-6.9800517389999754,0],[112.79278185900012,-6.9800665599999547,0],[112.79276551900011,-6.9800771339999415,0],[112.79261188800001,-6.9802759499999638,0],[112.79257673600011,-6.9803484279999566,0],[112.79258268500007,-6.9803989909999586,0],[112.79258268500007,-6.9804465799999775,0],[112.79257673600011,-6.9804703749999248,0],[112.79256781300001,-6.980497143999969,0],[112.79257673600011,-6.9805268869999395,0],[112.7926124280001,-6.9805477079999605,0],[112.79255591600008,-6.9806904749999603,0],[112.79252617200007,-6.9806458599999814,0],[112.79249642900004,-6.9806220659999667,0],[112.79246966000005,-6.9806071939999583,0],[112.79245181400006,-6.9805715019999752,0],[112.79241909700011,-6.9805179639999437,0],[112.79237609100005,-6.9804689539999458,0],[112.79231797000011,-6.980410888999927,0],[112.79227632900006,-6.9803692479999313,0],[112.79224361100012,-6.9803335559999482,0],[112.79222576500001,-6.9803127359999735,0],[112.7921960220001,-6.9803038129999777,0],[112.79215438200004,-6.980309760999944,0],[112.79212463800002,-6.9803186839999398,0],[112.7920948950001,-6.9803008379999483,0],[112.79204730600009,-6.9802354029999378,0],[112.79201756300006,-6.9801878139999758,0],[112.79196105000005,-6.9801402249999569,0],[112.79185992300006,-6.9800718149999739,0],[112.79180043700001,-6.9800509949999423,0],[112.79172607900011,-6.9800331489999508,0],[112.79168182100011,-6.9800236309999377,0],[112.79165326700002,-6.9800236309999377,0],[112.79162090600005,-6.9800331489999508,0],[112.79159806400003,-6.9800350529999378,0],[112.79158093100011,-6.9800426669999638,0],[112.79157522100002,-6.9800540879999744,0],[112.79158093100011,-6.9800807379999696,0],[112.79159806400003,-6.9801111949999495,0],[112.79160274100002,-6.9801218859999494,0],[112.79161138900008,-6.9801416529999756,0],[112.79161709900006,-6.980166398999927,0],[112.79160187100001,-6.9801911449999352,0],[112.7915828350001,-6.9802006629999482,0],[112.79155999200009,-6.9801911449999352,0],[112.79153905300006,-6.9801702059999684,0],[112.79152001700004,-6.9801511699999423,0],[112.79150526400008,-6.9801407559999689,0],[112.79148765700006,-6.980128327999978,0],[112.79146862100004,-6.9801130989999365,0],[112.79145339200011,-6.9800864489999412,0],[112.79144958500001,-6.9800636059999306,0],[112.79144387500003,-6.9800426669999638,0],[112.79143245300008,-6.9800331489999508,0],[112.79140390000009,-6.9800350529999378,0],[112.79137915300009,-6.980059798999946,0],[112.79136202100005,-6.9801092919999519,0],[112.79135440700009,-6.9801473629999577,0],[112.79134757200006,-6.9801712839999368,0],[112.79134298500003,-6.9801873379999506,0],[112.79134108200003,-6.9802216019999719,0],[112.79135440700009,-6.9802501559999541,0],[112.79137153900001,-6.9802749019999624,0],[112.79130301000009,-6.9803262989999553,0],[112.79126303600003,-6.9803091669999731,0],[112.79123448200005,-6.9802863239999624,0],[112.79118879600003,-6.9802558669999257,0],[112.79111056700003,-6.9802171659999317,0],[112.79106316100001,-6.9801911449999352,0],[112.7910174750001,-6.980185434999953,0],[112.79097750000005,-6.9801873379999506,0],[112.79093371800002,-6.9801873379999506,0],[112.79090706800002,-6.9801873379999506,0],[112.79088422500001,-6.980181626999979,0],[112.79085947900001,-6.9801778199999376,0],[112.79082902200003,-6.9801797239999814,0],[112.79080237200003,-6.9801873379999506,0],[112.79076239700009,-6.9801987599999507,0],[112.79073194000011,-6.9802139879999459,0],[112.79068054300001,-6.9802501559999541,0],[112.79064056900006,-6.9802615769999647,0],[112.79060630400011,-6.9802691919999802,0],[112.79057775100011,-6.98028822699996,0],[112.79055300400012,-6.9803110699999706,0],[112.7905301620001,-6.9803358169999683,0],[112.79051493300005,-6.9803529489999505,0],[112.79043865900007,-6.9804268429999752,0],[112.79040534700005,-6.9804672939999364,0],[112.79036251700006,-6.9805148829999553,0],[112.79031730700001,-6.9805719899999303,0],[112.79028399400011,-6.9806124409999484,0],[112.79024830200001,-6.9806528919999664,0],[112.79021499000009,-6.9806957219999504,0],[112.79014836500005,-6.9807790029999524,0],[112.79011505300002,-6.9808289719999266,0],[112.79008174000001,-6.9808741809999333,0],[112.79005794600005,-6.9809146319999513,0],[112.79003653000007,-6.9809408059999782,0],[112.79000797700007,-6.9809622219999596,0],[112.78999370000008,-6.9809669799999483,0],[112.78996990600001,-6.9809646009999256,0],[112.78995562900002,-6.9809669799999483,0],[112.78992945500011,-6.9809860159999744,0],[112.78992707500004,-6.9810026719999314,0],[112.78993421400003,-6.9810240879999697,0],[112.78994611100006,-6.9810431229999494,0],[112.78994373100011,-6.9810621589999755,0],[112.78992945500011,-6.9810835739999675,0],[112.78990328100008,-6.9811026099999367,0],[112.78987710700005,-6.9811145069999725,0],[112.7898533120001,-6.9811359219999645,0],[112.78982475800001,-6.9811716139999476,0],[112.78980096400005,-6.9812001679999298,0],[112.78976765100003,-6.9812239619999445,0],[112.78974385700008,-6.9812548949999496,0],[112.78972720100001,-6.9812858279999546,0],[112.78971054400006,-6.9813191409999718,0],[112.78968912900007,-6.9813453149999418,0],[112.78967009300004,-6.9813691089999566,0],[112.78963440200005,-6.9814166989999649,0],[112.78959633000011,-6.9814547699999707,0],[112.78956063800001,-6.981483323999953,0],[112.78952256700006,-6.9815118769999458,0],[112.78949639300004,-6.9815285329999597,0],[112.78947735700001,-6.9815594659999647,0],[112.78946070100005,-6.9815903989999697,0],[112.7894440450001,-6.9816522649999797,0],[112.7894297680001,-6.981676059999927,0],[112.78940835300011,-6.9816927159999409,0],[112.78938217900009,-6.9817093719999548,0],[112.78932983100003,-6.9817522029999282,0],[112.78929413900005,-6.981795032999969,0],[112.78927272300007,-6.9818188279999731,0],[112.78923941100004,-6.981842621999931,0],[112.78921085700006,-6.9818759349999482,0],[112.78918468300003,-6.981904487999941,0],[112.78915613000004,-6.9819282829999452,0],[112.78912519700009,-6.981966353999951,0],[112.78908236700011,-6.9820020459999341,0],[112.78905619200009,-6.9820210819999602,0],[112.78903001800006,-6.982049634999953,0],[112.7890276390001,-6.982080567999958,0],[112.7890276390001,-6.9821043629999622,0],[112.78901812100003,-6.9821281569999769,0],[112.78898956800003,-6.9821614699999373,0],[112.78895387600005,-6.9821971619999772,0],[112.78886821500009,-6.9822947199999703,0],[112.78882062600007,-6.9823351709999315,0],[112.78879207200009,-6.9823542059999681,0],[112.78876589800007,-6.9823827599999504,0],[112.78873496500012,-6.9824136929999554,0],[112.78871830900005,-6.9824374869999701,0],[112.78869927300002,-6.9824636609999402,0],[112.78868975600005,-6.9824850769999784,0],[112.7886802380001,-6.9825160099999266,0],[112.78865002600003,-6.9825936689999253,0],[112.78862799100011,-6.9826212659999669,0],[112.7885898180001,-6.9826468799999475,0],[112.78856602400003,-6.9826563979999605,0],[112.78854460800005,-6.9826682949999395,0],[112.78852081400009,-6.9826920899999436,0],[112.78851129600002,-6.9827135049999356,0],[112.7885065370001,-6.9827515759999415,0],[112.78850177800007,-6.9827729909999334,0],[112.78848274200004,-6.9828015449999725,0],[112.78846608600008,-6.9828205809999417,0],[112.78845656800002,-6.9828467549999687,0],[112.78846132700005,-6.9828681699999606,0],[112.78847560400004,-6.9828729289999387,0],[112.78849701900003,-6.9828800669999396,0],[112.78851129600002,-6.9828895849999526,0],[112.78852081400009,-6.9829109999999446,0],[112.78852081400009,-6.9829324149999366,0],[112.78851843400003,-6.9829538299999285,0],[112.78849701900003,-6.9829728659999546,0],[112.78846370700001,-6.9829823839999676,0],[112.78844229200001,-6.9829800039999554,0],[112.78842563500007,-6.9829871429999457,0],[112.78840660000003,-6.9830180759999507,0],[112.78839470200001,-6.9830609059999347,0],[112.78839470200001,-6.9830942189999519,0],[112.78841368400003,-6.98315466899993,0],[112.78845078300003,-6.9832147349999332,0],[112.78846123500011,-6.9832605419999254,0],[112.78845612800001,-6.9833133169999542,0],[112.78847084500001,-6.9833749949999628,0],[112.78848512200011,-6.9833964099999548,0],[112.78849701900003,-6.9834106869999459,0],[112.7885065370001,-6.9834273429999598,0],[112.7885065370001,-6.9834487579999518,0],[112.78849268800002,-6.9834734889999481,0],[112.78845418900005,-6.983543936999979,0],[112.78841373800003,-6.9835939049999638,0],[112.78839470200001,-6.983627217999981,0],[112.78836614900001,-6.9836700479999649,0],[112.78828048800005,-6.9837961599999403,0],[112.78825907300006,-6.9838342309999462,0],[112.78820434500005,-6.9839317889999393,0],[112.78817103300003,-6.9839936549999493,0],[112.78815199700011,-6.9840531409999471,0],[112.78814961800003,-6.9840912129999424,0],[112.78814723800008,-6.9841197659999352,0],[112.78814723800008,-6.9841506989999402,0],[112.78814961800003,-6.9841935299999705,0],[112.78815716300005,-6.9842367189999663,0],[112.78816863100008,-6.984320744999934,0],[112.78821862200004,-6.9843577119999622,0],[112.78826145300002,-6.9843767479999315,0],[112.78831380100007,-6.9844029219999584,0],[112.78833759500003,-6.9844148189999373,0],[112.78835901000002,-6.9844457519999423,0],[112.78835321200006,-6.98446546699995,0],[112.7883471130001,-6.9844862029999604,0],[112.78833045700003,-6.9845171359999654,0],[112.78831618000004,-6.9845480689999704,0],[112.78830904200004,-6.9845694839999624,0],[112.78831618000004,-6.9846004169999674,0],[112.78832807700007,-6.9846337299999277,0],[112.78832807700007,-6.9846622829999774,0],[112.78829952400008,-6.9846813189999466,0],[112.78826145300002,-6.9846813189999466,0],[112.78824717600003,-6.9846527659999538,0],[112.78823052000007,-6.9846361089999505,0],[112.78820434500005,-6.9846289709999496,0],[112.78816389500003,-6.9846313499999724,0],[112.78812582300009,-6.9846408679999286,0],[112.78807823400007,-6.9846361089999505,0],[112.78802350600006,-6.9846099349999804,0],[112.787971158,-6.9845694839999624,0],[112.78794498400009,-6.9845385509999574,0],[112.78794498400009,-6.9844814439999254,0],[112.78795212300008,-6.9844338549999634,0],[112.78794498400009,-6.9844053019999706,0],[112.78792594900005,-6.9843862659999445,0],[112.78788073900012,-6.9843791279999436,0],[112.78783552900006,-6.9843767479999315,0],[112.78779269900008,-6.9843910249999794,0],[112.78775938600006,-6.9844100609999487,0],[112.78773321200003,-6.9844314759999406,0],[112.78769276100002,-6.9844552699999554,0],[112.78766896700006,-6.9844600289999335,0],[112.78764517200011,-6.9844624089999456,0],[112.78763803400011,-6.9844457519999423,0],[112.78763803400011,-6.9844171989999495,0],[112.78763089500001,-6.9843934039999453,0],[112.78760234200001,-6.9843648509999525,0],[112.7875761680001,-6.9843458149999265,0],[112.78755475300011,-6.9843458149999265,0],[112.78753333700001,-6.9843624709999403,0],[112.78752382000005,-6.9843815069999664,0],[112.78750954300006,-6.9843838859999323,0],[112.78749764600002,-6.9843862659999445,0],[112.78748098900007,-6.9843624709999403,0],[112.78747861000011,-6.9843362969999703,0],[112.78747147100012,-6.9843148819999783,0],[112.78745005600001,-6.9843101229999434,0],[112.7874238820001,-6.9843267789999572,0],[112.78740246700011,-6.9843577119999622,0],[112.78736915500008,-6.9844243369999504,0],[112.7873334630001,-6.9844790649999595,0],[112.78729301200008,-6.9845290339999337,0],[112.78725018200009,-6.9845837609999535,0],[112.78722400800007,-6.9846146939999585,0],[112.78720735100001,-6.9846551449999765,0],[112.78719783300005,-6.9846908369999596,0],[112.78718831600008,-6.9847289079999655,0],[112.78719393800009,-6.9847697599999492,0],[112.78719719000003,-6.9848297539999749,0],[112.78720704200009,-6.9848891729999423,0],[112.78722876600011,-6.9849549569999567,0],[112.7872359050001,-6.9849882699999739,0],[112.78722162800011,-6.9850263409999798,0],[112.78718806000006,-6.9850743029999762,0],[112.78717960200004,-6.985122495999974,0],[112.7871700930001,-6.9851766809999276,0],[112.78721211000004,-6.9852166979999311,0],[112.78725494100001,-6.9852381129999799,0],[112.78727159700009,-6.9852500099999588,0],[112.78725625300001,-6.9853045969999812,0],[112.78724679300001,-6.9853342249999741,0],[112.78722258000005,-6.985324248999973,0],[112.78721544100006,-6.985335670999973,0],[112.78724286900001,-6.9853465139999571,0],[112.78723855400006,-6.9853600269999561,0],[112.7872111580001,-6.9853699349999374,0],[112.78717975000006,-6.9853756459999659,0],[112.78714834100003,-6.9853785009999569,0],[112.78713406400004,-6.9853656519999276,0],[112.78714976800006,-6.985335670999973,0],[112.78712121500007,-6.9853185389999339,0],[112.78711122100003,-6.9853156829999534,0],[112.78707838500009,-6.9853799289999756,0],[112.78705125900001,-6.9853913499999294,0],[112.78697416400007,-6.9854041989999587,0],[112.78695703200003,-6.9853984889999765,0],[112.78694989400003,-6.985389922999957,0],[112.78694132800001,-6.9853856399999472,0],[112.78692134000005,-6.9854099099999303,0],[112.78682568600004,-6.985596935999979,0],[112.78680284300003,-6.9856311999999434,0],[112.78676429600011,-6.9857068669999762,0],[112.78674859100011,-6.9857368479999309,0],[112.78674288100001,-6.9857625459999326,0],[112.78673288700008,-6.985786816999962,0],[112.78672432100007,-6.9858339299999557,0],[112.78671861000009,-6.9858610559999761,0],[112.78671194800006,-6.9859022679999612,0],[112.78670843700002,-6.9859134839999797,0],[112.78670290200012,-6.9859475999999745,0],[112.78669481500003,-6.9859974469999315,0],[112.78667863500004,-6.9861030949999758,0],[112.78665505000004,-6.9861992269999291,0],[112.78665274000002,-6.9862723859999392,0],[112.78665959900002,-6.9863772089999543,0],[112.78665388900004,-6.9864095689999317,0],[112.78664437100008,-6.9864514479999684,0],[112.78662343200006,-6.9865437709999583,0],[112.78661034900006,-6.9865676389999294,0],[112.78659678200006,-6.9865999259999398,0],[112.78658645100006,-6.986622630999932,0],[112.78656023500002,-6.9866322889999424,0],[112.78654007200009,-6.9866262079999615,0],[112.78652254200006,-6.9866018299999268,0],[112.78651683200007,-6.9865609029999405,0],[112.78650445900007,-6.9865199759999541,0],[112.78648256700001,-6.9864419299999554,0],[112.78646733900007,-6.9864124249999691,0],[112.78644449600006,-6.9863848229999803,0],[112.78642070100011,-6.9863657869999543,0],[112.786392148,-6.9863619799999697,0],[112.78636359400002,-6.9863686419999453,0],[112.7863321860001,-6.9863848229999803,0],[112.78629316200011,-6.9864057619999471,0],[112.78625794600009,-6.9864343159999294,0],[112.78621487800001,-6.986467508999965,0],[112.7861851350001,-6.9865032009999481,0],[112.78613153300012,-6.9865981179999608,0],[112.78609574800009,-6.9866364959999601,0],[112.78602154700002,-6.986666788999969,0],[112.78596800900004,-6.9867084299999647,0],[112.78591447100007,-6.9867530439999541,0],[112.78587580500005,-6.9867917109999667,0],[112.78577467800005,-6.9869136579999349,0],[112.78571816600004,-6.9869761189999622,0],[112.78568247400005,-6.9870326309999768,0],[112.78564975600011,-6.9870831949999683,0],[112.78563191000001,-6.9871337579999704,0],[112.78561406400001,-6.9871932449999576,0],[112.7855933730001,-6.9873058149999565,0],[112.78555123300009,-6.9873980479999318,0],[112.78551002400002,-6.9874882439999624,0],[112.78550698800007,-6.9875561119999361,0],[112.78549509100003,-6.9875947789999486,0],[112.78547724500004,-6.9876185729999634,0],[112.78545047800003,-6.9876185729999634,0],[112.7854177590001,-6.9876185729999634,0],[112.78539693800008,-6.987621547999936,0],[112.78537016900009,-6.9876304709999317,0],[112.7853344780001,-6.9876334449999717,0],[112.78528688800009,-6.9876572399999759,0],[112.78522442700012,-6.9876899569999296,0],[112.78518576100009,-6.9876988799999253,0],[112.78516196700002,-6.987692931999959,0],[112.78514709500007,-6.9876661629999717,0],[112.78515601800007,-6.987624521999976,0],[112.78515899200011,-6.9876007269999718,0],[112.78514114600011,-6.9875769329999571,0],[112.78511140300009,-6.987588829999936,0],[112.78508760800003,-6.9876274959999591,0],[112.78505191700003,-6.9876899569999296,0],[112.78501622500005,-6.9877345719999653,0],[112.78498945600006,-6.9877821609999273,0],[112.78498350700011,-6.9878327249999757,0],[112.78496863500004,-6.9878654419999293,0],[112.78495078900005,-6.9878713909999419,0],[112.78492104600002,-6.9878654419999293,0],[112.7849002260001,-6.9878535449999504,0],[112.78487345700012,-6.9878475959999378,0],[112.7848258680001,-6.9878654419999293,0],[112.78473961200007,-6.9878981599999292,0],[112.78471581800011,-6.9879249289999734,0],[112.78470392000008,-6.9879635949999397,0],[112.78469499700009,-6.9879963129999396,0],[112.78468012600001,-6.9880201069999544,0],[112.78465038200011,-6.9880349789999627,0],[112.78462361400011,-6.9880379529999459,0],[112.78459684500001,-6.9880201069999544,0],[112.7845760240001,-6.987993337999967,0],[112.78454330700004,-6.9879814409999312,0],[112.7844838200001,-6.9879784669999481,0],[112.78444218000004,-6.9880022609999628,0],[112.78440648800006,-6.9880320049999796,0],[112.78440648800006,-6.9880587739999669,0],[112.78442433400005,-6.9880885169999374,0],[112.78443325700005,-6.9881271829999605,0],[112.78441838500009,-6.9881599009999604,0],[112.78438864200007,-6.9881926179999709,0],[112.78435889900004,-6.9882223619999309,0],[112.78432023200003,-6.9882729249999329,0],[112.78428751500007,-6.9883383599999433,0],[112.78427561700005,-6.9883800009999391,0],[112.78428156600012,-6.9884097439999664,0],[112.78429941200011,-6.9884365129999537,0],[112.7843261810001,-6.9884543589999453,0],[112.78435889900004,-6.9884573329999284,0],[112.78438566700004,-6.9884543589999453,0],[112.78442730800009,-6.9884603079999579,0],[112.78446597400011,-6.9884692309999537,0],[112.7845016660001,-6.9884603079999579,0],[112.78453735800008,-6.9884275899999579,0],[112.78458197300006,-6.9883651289999307,0],[112.78462956200008,-6.988311590999956,0],[112.7846771510001,-6.9882758989999729,0],[112.78471284300008,-6.988249130999975,0],[112.7847336640001,-6.9882223619999309,0],[112.7847425870001,-6.988177746999952,0],[112.78476340700001,-6.9881480029999352,0],[112.78481397000007,-6.9881123119999415,0],[112.78490617500006,-6.9880766199999584,0],[112.78495971200005,-6.9880557989999375,0],[112.78498945600006,-6.9880498509999711,0],[112.78500432700002,-6.9880617479999501,0],[112.78501027600009,-6.9880914909999774,0],[112.78503407100004,-6.9881004139999732,0],[112.78507273700006,-6.9881063629999289,0],[112.78511735200004,-6.9881182599999647,0],[112.78514709500007,-6.9881539519999478,0],[112.78515304400003,-6.9881985669999267,0],[112.78514709500007,-6.9882461559999456,0],[112.78513519800003,-6.9882818479999287,0],[112.78511115800006,-6.9883295589999648,0],[112.78506976300002,-6.9883383599999433,0],[112.78499540400003,-6.9883800009999391,0],[112.78493591800009,-6.9884216409999453,0],[112.78486750800005,-6.9884662559999811,0],[112.78479909900011,-6.9885168199999725,0],[112.78469499700009,-6.9886476899999366,0],[112.7846414600001,-6.988713124999947,0],[112.78460028800009,-6.9887619559999621,0],[112.78456115300003,-6.9888112779999574,0],[112.78448938600002,-6.9888410679999424,0],[112.78444040700003,-6.9888760069999307,0],[112.78439790700008,-6.98890632399997,0],[112.78437079600008,-6.988980814999934,0],[112.78432023200003,-6.9890373269999486,0],[112.78429048900011,-6.9890938389999633,0],[112.78424587400002,-6.9891265569999632,0],[112.78420423400007,-6.9891295309999464,0],[112.78414474700003,-6.9891384539999422,0],[112.78409418300009,-6.9891681969999695,0],[112.78406146600003,-6.9892009149999694,0],[112.78404064600011,-6.9892395809999357,0],[112.78401982500009,-6.9892901449999272,0],[112.7839930560001,-6.9893407079999292,0],[112.78396926200003,-6.9893526059999544,0],[112.78389192900011,-6.9893823489999249,0],[112.78384136600005,-6.9893972199999439,0],[112.78376415200012,-6.9894047749999686,0],[112.78363952300003,-6.9894473139999604,0],[112.78355000100009,-6.9894154829999593,0],[112.78350003200001,-6.9894119139999589,0],[112.78346790900002,-6.9894333289999508,0],[112.78346434000002,-6.9894618819999437,0],[112.78347861700001,-6.9894761589999348,0],[112.78350360100001,-6.9894975739999268,0],[112.78355707300011,-6.9895061299999384,0],[112.78359283100008,-6.9895118509999747,0],[112.78366778400004,-6.9895475429999578,0],[112.78369276800004,-6.9895796659999405,0],[112.78363209200006,-6.989676033999956,0],[112.78358569300008,-6.9896439109999733,0],[112.78354643200009,-6.9896153579999805,0],[112.7834517340001,-6.989581272999942,0],[112.78337868000006,-6.9895832349999409,0],[112.78325375800011,-6.9895939419999422,0],[112.78325003100008,-6.9895950759999437,0],[112.78317166600004,-6.9896189269999809,0],[112.78311812900006,-6.9896367729999724,0],[112.78290754600005,-6.9897438479999323,0],[112.78281474700009,-6.9898223709999456,0],[112.78276120900011,-6.9898937539999793,0],[112.78273182900011,-6.9899433329999283,0],[112.78273154600004,-6.9899438109999323,0],[112.78270410200003,-6.9899901229999273,0],[112.78268982600002,-6.9900293839999676,0],[112.7826776600001,-6.9900950779999675,0],[112.78267198000003,-6.9901257519999263,0],[112.78266484100004,-6.9901650129999666,0],[112.78264342600005,-6.9902042739999501,0],[112.78260773400007,-6.9902292579999425,0],[112.78258988800008,-6.9902292579999425,0],[112.78254478100007,-6.9901828879999357,0],[112.78250780300004,-6.9901828669999304,0],[112.78247458200008,-6.990194909999957,0],[112.78245425900002,-6.9902078429999506,0],[112.78243284400003,-6.9902328279999324,0],[112.78242564700008,-6.9902616149999517,0],[112.78242007100005,-6.9902652999999759,0],[112.78242927500003,-6.9903256269999474,0],[112.78242927500003,-6.9903863029999798,0],[112.78242570500004,-6.9904469789999553,0],[112.78240785900005,-6.9904898089999392,0],[112.78237930600005,-6.9905112249999775,0],[112.78233290600008,-6.9905112249999775,0],[112.78230078400009,-6.9904862399999388,0],[112.7822722300001,-6.990436271999954,0],[112.78221407600006,-6.9904014269999379,0],[112.78212946300005,-6.9903541799999402,0],[112.78207949400007,-6.9903470419999394,0],[112.7820259560001,-6.9903684569999314,0],[112.78197955600001,-6.9904148559999726,0],[112.78192958800003,-6.9904327019999641,0],[112.78189746500004,-6.990397009999981,0],[112.78186891200005,-6.9903720259999318,0],[112.78182251200008,-6.9903684569999314,0],[112.78179039000008,-6.9903720249999424,0],[112.7817582670001,-6.990397009999981,0],[112.78174816900002,-6.9904020589999618,0],[112.78171543600001,-6.9904184259999624,0],[112.78167260600003,-6.9904469789999553,0],[112.78162977600005,-6.9904933789999291,0],[112.78159765300006,-6.9905469169999606,0],[112.78156553000008,-6.9906075929999361,0],[112.78153697700009,-6.9906575609999777,0],[112.7815084230001,-6.9907075299999519,0],[112.78147630000001,-6.9907539299999257,0],[112.78145845500001,-6.9907967599999665,0],[112.78145488500002,-6.9908431589999509,0],[112.78146559300001,-6.9909216819999642,0],[112.78148343900011,-6.9909466659999566,0],[112.78148343900011,-6.9910680179999645,0],[112.78147203700007,-6.9911458479999737,0],[112.78146916200001,-6.991239339999936,0],[112.78146916200001,-6.9913499849999425,0],[112.7815012850001,-6.9914356449999673,0],[112.78153697700009,-6.9915105979999339,0],[112.78157623800007,-6.9915855509999574,0],[112.78162620700004,-6.9916426579999325,0],[112.78169402100002,-6.9917247499999462,0],[112.78172257500012,-6.9917640109999297,0],[112.781733282,-6.9918068409999705,0],[112.78175469700011,-6.9918710869999359,0],[112.7817689740001,-6.9919032089999291,0],[112.78177968200009,-6.9919389009999691,0],[112.78174042100011,-6.9919710239999517,0],[112.78166546800003,-6.9919710239999517,0],[112.78158694500007,-6.9919817319999424,0],[112.78135494800006,-6.9919745929999522,0],[112.78123359500012,-6.9919389009999691,0],[112.78113365800004,-6.9918853629999376,0],[112.78104442800009,-6.9918282559999625,0],[112.78093735300001,-6.9918104099999709,0],[112.78077537700005,-6.9918447439999341,0],[112.78066966300003,-6.991867516999946,0],[112.78061969500004,-6.9918639479999456,0],[112.78055188000008,-6.9918853629999376,0],[112.78050905000009,-6.9919460399999593,0],[112.78045991100009,-6.9920427539999537,0],[112.78035200500005,-6.9921244989999423,0],[112.78028419100008,-6.992228005999948,0],[112.78029489800008,-6.992299389999971,0],[112.78033059000006,-6.9923921889999292,0],[112.78031988200007,-6.9925242489999277,0],[112.78030560600007,-6.9926170479999428,0],[112.7802556370001,-6.9926955699999667,0],[112.78018425300002,-6.9927062769999679,0],[112.78011286900005,-6.9926920009999662,0],[112.78002364000008,-6.9926812929999755,0],[112.77995939400012,-6.9927098469999578,0],[112.77988444100004,-6.9927776609999341,0],[112.77983090300006,-6.9928454759999568,0],[112.77977379600009,-6.9928847369999403,0],[112.77972025800011,-6.9928668909999487,0],[112.779691705,-6.9928097839999737,0],[112.77964530500003,-6.9927526769999417,0],[112.77954179900007,-6.9927027079999675,0],[112.77942758500001,-6.9927098469999578,0],[112.77935620100004,-6.9927705229999333,0],[112.77929909400007,-6.9928419069999563,0],[112.77928124800007,-6.9929275669999811,0],[112.77925269400009,-6.9929989509999473,0],[112.7792312790001,-6.9930667659999699,0],[112.77920986400011,-6.993102457999953,0],[112.77916346400002,-6.9931274419999454,0],[112.77913491100003,-6.9931203039999446,0],[112.77912420300004,-6.9930846119999615,0],[112.77912777200004,-6.9930453509999779,0],[112.77912420300004,-6.9930025199999477,0],[112.77911349600004,-6.9929632589999642,0],[112.77909921900005,-6.9929204289999802,0],[112.77907423500005,-6.9928883059999407,0],[112.77903854300007,-6.9928704599999492,0],[112.7789921430001,-6.9928633219999483,0],[112.77895398600003,-6.9928633219999483,0],[112.77888506700003,-6.9928633219999483,0],[112.77882439100006,-6.9928811679999399,0],[112.7787860950001,-6.9929076229999509,0],[112.77869161400008,-6.9929624199999694,0],[112.77860667100003,-6.9930631969999695,0],[112.77859596300004,-6.9931095959999539,0],[112.77858882500004,-6.9931524259999378,0],[112.77856384000006,-6.9931881179999777,0],[112.77852457900008,-6.9932095329999697,0],[112.77845319500011,-6.9932630709999444,0],[112.77837467300003,-6.9933380239999678,0],[112.77833184300005,-6.993409407999934,0],[112.77832113500006,-6.9934736539999562,0],[112.77833184300005,-6.993559313999981,0],[112.77835682700004,-6.9936128519999556,0],[112.77836039600004,-6.9936592519999294,0],[112.77832470400006,-6.9937377739999533,0],[112.77828901200007,-6.9937734659999364,0],[112.77823547500009,-6.9937948809999284,0],[112.77818907500011,-6.9937663269999462,0],[112.77813553700003,-6.9937342049999529,0],[112.77808199900005,-6.9937056509999707,0],[112.77802132300008,-6.9936842359999787,0],[112.77798206200009,-6.9936770969999316,0],[112.77791067800001,-6.9936699589999307,0],[112.77783023600011,-6.9936980939999671,0],[112.77780213500012,-6.9937090139999327,0],[112.77772014200002,-6.9937580019999359,0],[112.77765369600002,-6.9938270039999679,0],[112.77760015900003,-6.993905525999935,0],[112.7775921540001,-6.9939771879999739,0],[112.77752857700011,-6.9940615419999403,0],[112.77751129000001,-6.9941048259999548,0],[112.77750616800006,-6.9941871329999685,0],[112.77751874800003,-6.9942705569999362,0],[112.77750022100008,-6.9943659509999634,0],[112.7774609600001,-6.9944052129999363,0],[112.77737886900002,-6.9944587499999784,0],[112.77730748500005,-6.9945194269999433,0],[112.77727893100007,-6.9945729649999748,0],[112.77725037800008,-6.9946372099999508,0],[112.77721825500009,-6.9947050249999734,0],[112.7771932710001,-6.9947621319999485,0],[112.77714568100009,-6.9948313739999435,0],[112.77711891300009,-6.9948670659999266,0],[112.77709511800003,-6.9949116809999623,0],[112.77705942600005,-6.9949473729999454,0],[112.77700886200012,-6.9949771159999727,0],[112.77697019600009,-6.9950068589999432,0],[112.77693153000007,-6.9950663459999305,0],[112.77691368400008,-6.9951139349999494,0],[112.77689583800009,-6.9951466529999493,0],[112.77686312000003,-6.9951763959999766,0],[112.77683337700012,-6.9951972159999514,0],[112.77679768500002,-6.9952626509999618,0],[112.77678281400006,-6.9953251119999322,0],[112.77679173700005,-6.9953756759999806,0],[112.77680413500002,-6.995399344999953,0],[112.77682445400001,-6.995438136999951,0],[112.77682742900004,-6.9954678799999783,0],[112.77681850600004,-6.995521417999953,0],[112.77679768500002,-6.9955660329999318,0],[112.77674414700004,-6.9956076729999381,0],[112.77667871200003,-6.9956195699999739,0],[112.77664302000005,-6.9956106469999781,0],[112.77660860200001,-6.9955970349999461,0],[112.77656271400008,-6.9955898269999466,0],[112.77654821500005,-6.9955931729999747,0],[112.77650841000002,-6.9956178619999605,0],[112.77649727800008,-6.9956314679999423,0],[112.7764437400001,-6.9956719189999603,0],[112.77640091000001,-6.9957099899999662,0],[112.7763533210001,-6.9957718559999762,0],[112.77634023400003,-6.9957914869999627,0],[112.77628312700006,-6.9958575169999335,0],[112.77626230700002,-6.9958872599999609,0],[112.77623256300001,-6.9959318749999397,0],[112.77620579400002,-6.9959705409999629,0],[112.77619126200011,-6.9960189799999739,0],[112.77617902500003,-6.9960597709999774,0],[112.77616712800011,-6.9960746419999396,0],[112.77614630800008,-6.9960805909999522,0],[112.77613258600002,-6.9960783039999797,0],[112.77612846200009,-6.996077616999969,0],[112.77610764200006,-6.9960627449999606,0],[112.77608682100004,-6.9960240789999375,0],[112.77604399100005,-6.9960098019999464,0],[112.77602138600002,-6.9960098019999464,0],[112.77594702800002,-6.9960181299999249,0],[112.77592918200003,-6.9960389499999565,0],[112.77590836200011,-6.9960924879999311,0],[112.77591133600004,-6.9961311549999436,0],[112.77591133600004,-6.9961698209999668,0],[112.77592786500009,-6.9962661199999729,0],[112.77592613700006,-6.9962870309999516,0],[112.77595833000009,-6.9964238279999336,0],[112.77598688400008,-6.9965094889999477,0],[112.77597260700009,-6.9965618369999447,0],[112.77594242100008,-6.9965728139999328,0],[112.7758947960001,-6.996570970999926,0],[112.77583459800007,-6.9965475599999536,0],[112.77573942000004,-6.9965523189999317,0],[112.77568231300006,-6.9965856319999489,0],[112.77560617000006,-6.9966998459999559,0],[112.77556334000008,-6.9967950239999368,0],[112.77553108500001,-6.9968364949999682,0],[112.77546399700009,-6.9968556999999691,0],[112.7754354440001,-6.9968878229999518,0],[112.7754211670001,-6.996937791999926,0],[112.77540689000011,-6.9970091759999491,0],[112.77541833300006,-6.9970732639999369,0],[112.77541581300011,-6.997118630999978,0],[112.77538250100008,-6.9971804969999312,0],[112.77531564600008,-6.9972176369999488,0],[112.77529684000001,-6.9972280859999501,0],[112.7752603890001,-6.9972489139999539,0],[112.77514633900012,-6.9973482489999697,0],[112.77504997100004,-6.9974624629999767,0],[112.77502498700005,-6.9975088629999505,0],[112.77499286400007,-6.9975481229999446,0],[112.77496431100008,-6.9975838159999739,0],[112.77494068800002,-6.9976372239999591,0],[112.77490459300009,-6.9976778829999375,0],[112.77481440500003,-6.9977301519999742,0],[112.77477871300005,-6.9977694129999577,0],[112.77475729700006,-6.9977908279999497,0],[112.77474302100006,-6.9978193809999425,0],[112.77471185000002,-6.9979178819999674,0],[112.77467796600001,-6.9979474919999802,0],[112.77467053600003,-6.997963838999965,0],[112.77466844800006,-6.997968430999947,0],[112.77466083400009,-6.9979855639999755,0],[112.77466844800006,-6.9980026959999577,0],[112.7746737870001,-6.9980139069999723,0],[112.77470652000011,-6.998082644999954,0],[112.77464049100001,-6.9981375229999685,0],[112.77432961300008,-6.9983796009999537,0],[112.77428583100004,-6.9983948299999383,0],[112.77420397800006,-6.9984214809999798,0],[112.77416019600003,-6.9984405169999491,0],[112.77411070300002,-6.9984728759999371,0],[112.77408024600004,-6.9985014309999656,0],[112.77401171700001,-6.9985452119999536,0],[112.77394318900008,-6.9986137399999393,0],[112.77388053000004,-6.99868950299998,0],[112.77381271500008,-6.9987680249999471,0],[112.7737520390001,-6.9988322709999693,0],[112.77368065500002,-6.9988858079999545,0],[112.77361284000006,-6.9989500539999767,0],[112.77353788700009,-6.9990214369999535,0],[112.77338084300004,-6.9991998979999721,0],[112.77335641000002,-6.9992190939999546,0],[112.77330619300005,-6.9992750589999559,0],[112.77329161300008,-6.9992962649999413,0],[112.7732559210001,-6.9993498039999622,0],[112.77320595200001,-6.9994033409999474,0],[112.77308460000006,-6.9995246929999553,0],[112.77303820000009,-6.9995710939999753,0],[112.77295967800001,-6.9996389079999517,0],[112.77284546400006,-6.9997424149999574,0],[112.77277764900009,-6.9998137989999805,0],[112.77271340400011,-6.9998601979999648,0],[112.77264558900004,-6.9999137349999501,0],[112.77259562100005,-6.9999637049999706,0],[112.77254208300008,-7.0000172419999558,0],[112.77247069900011,-7.0000886269999683,0],[112.77235398800008,-7.0001929599999357,0],[112.77219230200001,-7.0002920689999542,0],[112.77207094900007,-7.0003955769999493,0],[112.77198735500008,-7.0004795489999765,0],[112.77190248400007,-7.0005279349999796,0],[112.77187009200009,-7.0005439009999577,0],[112.77183585900002,-7.0005588669999383,0],[112.77182396100011,-7.0005683849999514,0],[112.77181206400007,-7.0005826609999531,0],[112.77174306000006,-7.0005660049999392,0],[112.77170031700007,-7.0005450659999724,0],[112.77163836300008,-7.0004898619999381,0],[112.77160981000009,-7.0004660689999696,0],[112.77160505100005,-7.0004636889999574,0],[112.77158152900006,-7.0004727929999717,0],[112.77154837800003,-7.000485623999964,0],[112.77149096500011,-7.00053351899993,0],[112.77146174300003,-7.0005518279999706,0],[112.77134203100002,-7.0006515559999798,0],[112.771280004,-7.0006991279999511,0],[112.77113396000004,-7.0008090359999642,0],[112.77108361300009,-7.0008625969999798,0],[112.771078751,-7.0008690539999634,0],[112.77107046500009,-7.0008949659999757,0],[112.77105957900005,-7.0009183819999521,0],[112.77106570600006,-7.0009580219999634,0],[112.77107046500009,-7.0009972829999469,0],[112.77105856800006,-7.0010210779999511,0],[112.77105136200009,-7.0010254639999516,0],[112.77103120400011,-7.001037733999965,0],[112.77100741000004,-7.0010531999999444,0],[112.77098599500005,-7.0010710459999359,0],[112.77095744100006,-7.0010769949999485,0],[112.77092293900012,-7.0010710459999359,0],[112.77086345200007,-7.0010317849999524,0],[112.77083133000008,-7.0009984729999815,0],[112.77080158600006,-7.0009794369999554,0],[112.77077065300011,-7.0009722989999545,0],[112.77073615100005,-7.0009568309999395,0],[112.7707052180001,-7.0009354159999475,0],[112.77066833700007,-7.0009032939999543,0],[112.77064930100005,-7.0008771189999379,0],[112.77063026500002,-7.0008533259999695,0],[112.77059695300011,-7.0008259619999649,0],[112.77056007100009,-7.0007890799999473,0],[112.77053984600002,-7.0007748029999561,0],[112.77049820500008,-7.0007414899999389,0],[112.77049106700008,-7.0007331629999499,0],[112.77047798000001,-7.0007236439999474,0],[112.77045418500006,-7.0007248349999713,0],[112.77043871900003,-7.0007343519999381,0],[112.77041849300008,-7.0007545769999524,0],[112.77038518100005,-7.0007736139999679,0],[112.77033997100011,-7.0008057369999506,0],[112.77031498700001,-7.0008295309999653,0],[112.7702816740001,-7.0008604639999703,0],[112.77025431000004,-7.0008794989999501,0],[112.77021861800006,-7.000911622999979,0],[112.77020315200002,-7.0009354159999475,0],[112.77014568800007,-7.001001892999966,0],[112.77010000200005,-7.0010418679999589,0],[112.77005146100009,-7.0010775589999525,0],[112.76998293300005,-7.0011203909999722,0],[112.76992582600008,-7.0011560819999659,0],[112.76988870600007,-7.0011846359999481,0],[112.76985158700006,-7.0012117619999685,0],[112.76982303300008,-7.0012431699999524,0],[112.76983148600004,-7.0012510959999759,0],[112.76984587600009,-7.0012645849999444,0],[112.76982588800001,-7.0012645849999444,0],[112.76980399800004,-7.0012710689999267,0],[112.76978448600005,-7.0012717229999453,0],[112.76977449200001,-7.0012645849999444,0],[112.76977449200001,-7.0012488809999809,0],[112.76976878100004,-7.0012346049999792,0],[112.76976449800009,-7.0012231829999791,0],[112.76975164900011,-7.0012103339999499,0],[112.76972595100005,-7.0012060499999507,0],[112.76970025300011,-7.001191773999949,0],[112.76963600700003,-7.0011460889999739,0],[112.76962315800006,-7.0011460889999739,0],[112.76955463000002,-7.0012060499999507,0],[112.76930610900001,-7.001435454999978,0],[112.76924290000011,-7.0014869699999736,0],[112.76908216400011,-7.001634853999974,0],[112.76900697300005,-7.0017100439999354,0],[112.76898222700004,-7.0017309839999484,0],[112.76896795000005,-7.0017376469999704,0],[112.76895748000004,-7.0017395499999679,0],[112.76894796200008,-7.0017376469999704,0],[112.76894251800002,-7.0017325229999301,0],[112.7689317820001,-7.0017224169999395,0],[112.76891845700004,-7.0017090919999418,0],[112.76891369800001,-7.0017033819999597,0],[112.76887467500001,-7.0017357419999371,0],[112.76888324100003,-7.0017443079999566,0],[112.76888776200008,-7.0017519229999721,0],[112.76888954700007,-7.0017578709999384,0],[112.76888835700004,-7.001763819999951,0],[112.76888419300008,-7.0017673889999514,0],[112.76886024500004,-7.0017804339999543,0],[112.76884136300009,-7.0017918979999649,0],[112.76878044800003,-7.0018261629999756,0],[112.76867081600005,-7.0018934749999744,0],[112.76862723900001,-7.0019202289999498,0],[112.76845954900011,-7.0020245779999755,0],[112.76828746400008,-7.0021197189999498,0],[112.76814588600007,-7.0022029999999518,0],[112.76801858500005,-7.0022779529999752,0],[112.76797694400011,-7.0023088859999802,0],[112.76794199200003,-7.0023375589999546,0],[112.76794118300006,-7.0023387969999362,0],[112.76792340600002,-7.0023659929999553,0],[112.7679150780001,-7.0023755109999684,0],[112.76790080100011,-7.0023766999999566,0],[112.76789172600002,-7.0023670639999409,0],[112.76789366300011,-7.0023481469999638,0],[112.76790080100011,-7.0023314909999499,0],[112.76790199100003,-7.0023136449999583,0],[112.76789366300011,-7.0022981769999433,0],[112.76787700700004,-7.0022827119999533,0],[112.76785202200006,-7.0022779529999752,0],[112.76782108900011,-7.0022850909999761,0],[112.76777706900009,-7.0022946079999429,0],[112.76774613600003,-7.0022934189999546,0],[112.76771877300007,-7.0022850909999761,0],[112.76768902900005,-7.002287469999942,0],[112.76766761400006,-7.0023005569999555,0],[112.76763668100011,-7.0023160239999811,0],[112.76759861000005,-7.0023219719999474,0],[112.7675676770001,-7.0023338699999726,0],[112.76752246700005,-7.002339817999939,0],[112.76749034400007,-7.0023469559999398,0],[112.76746536000007,-7.0023624239999549,0],[112.76744870400012,-7.0023933569999599,0],[112.76742371900002,-7.0024195299999406,0],[112.76739754500011,-7.0024338059999423,0],[112.76737256100012,-7.0024314279999658,0],[112.76734043800002,-7.0024219099999527,0],[112.76731069500011,-7.002423098999941,0],[112.76728214100001,-7.0024385659999666,0],[112.76722979300007,-7.0024825849999388,0],[112.76719172200001,-7.0024921029999518,0],[112.76712747600004,-7.0025040019999665,0],[112.76705847200003,-7.0025206579999804,0],[112.76700493400006,-7.0025325549999593,0],[112.76696210400007,-7.0025575389999517,0],[112.76692998100009,-7.0025920409999571,0],[112.76688953000007,-7.0026229749999516,0],[112.76683123400005,-7.0026443889999541,0],[112.76677174700001,-7.0026622349999457,0],[112.76670512200008,-7.0026991169999633,0],[112.76663730700011,-7.002734807999957,0],[112.76659586500011,-7.0027752599999644,0],[112.76654589700001,-7.0028287969999496,0],[112.76648878900005,-7.0028680589999794,0],[112.76644239000007,-7.0028751969999803,0],[112.76639599000009,-7.002885904999971,0],[112.76634959100011,-7.0028966129999617,0],[112.76630676100001,-7.0029251659999545,0],[112.76628177600003,-7.0029572879999478,0],[112.76625322300004,-7.003000118999978,0],[112.76617470100007,-7.0030607949999535,0],[112.7661140240001,-7.0030822099999455,0],[112.76601765600003,-7.003100055999937,0],[112.76593913400006,-7.0031071939999379,0],[112.7658606120001,-7.0031321789999765,0],[112.76577852000003,-7.0031535939999685,0],[112.76570356700006,-7.0031785789999503,0],[112.76564289100008,-7.0031999929999529,0],[112.76557864600011,-7.003235684999936,0],[112.76553581500002,-7.0032713779999654,0],[112.76542874000006,-7.0033213459999502,0],[112.76537163300009,-7.0033427609999421,0],[112.76527883400001,-7.0033820229999719,0],[112.76521458800005,-7.0034070069999643,0],[112.76515748100007,-7.0034426989999474,0],[112.76511108200009,-7.003485527999942,0],[112.76505754400011,-7.003531928999962,0],[112.76498972900004,-7.0035926039999481,0],[112.76492191400007,-7.003646142999969,0],[112.76486480700009,-7.0036782659999517,0],[112.76480413100001,-7.0036996799999542,0],[112.76474345500003,-7.0037210949999462,0],[112.76468991700006,-7.0037460789999386,0],[112.76466493300006,-7.0037639259999764,0],[112.76464351700008,-7.003781771999968,0],[112.76457570300011,-7.0038281709999524,0],[112.76452811400009,-7.0038460169999439,0],[112.7644924220001,-7.0038483969999561,0],[112.76446148900004,-7.0038483969999561,0],[112.76444007400005,-7.0038460169999439,0],[112.76441865800007,-7.0038364999999771,0],[112.76439724300008,-7.0038293599999406,0],[112.76437106900005,-7.0038293599999406,0],[112.76434727500009,-7.0038388779999536,0],[112.76433061800003,-7.0038531549999448,0],[112.76430682400007,-7.0038936069999522,0],[112.76429016700001,-7.0039364359999468,0],[112.76427589100001,-7.0039721289999761,0],[112.76426161400002,-7.0040316159999634,0],[112.76423544000011,-7.0040530309999554,0],[112.76420688600001,-7.0040673069999571,0],[112.7641807120001,-7.0040673069999571,0],[112.76415691800003,-7.0040673069999571,0],[112.76412360500001,-7.0040696869999692,0],[112.76409029300009,-7.0040720649999457,0],[112.76403318600001,-7.0040815839999482,0],[112.76398559600011,-7.0040934799999377,0],[112.76396418100001,-7.0041029979999507,0],[112.76391183300007,-7.0041315529999792,0],[112.76385948500001,-7.0041553459999477,0],[112.76381665500003,-7.0041791409999519,0],[112.76374527100006,-7.0042076959999804,0],[112.76370006100001,-7.0042386279999391,0],[112.76363819500011,-7.0042885969999702,0],[112.76359536500001,-7.0043338069999663,0],[112.76352874000008,-7.0043980519999423,0],[112.76346687400007,-7.0044456419999506,0],[112.76341452600002,-7.0044956089999459,0],[112.76334552100002,-7.0045431989999543,0],[112.76327413800004,-7.0045765119999714,0],[112.76321703100007,-7.0045931669999391,0],[112.76317658000005,-7.0046169619999432,0],[112.76314802600007,-7.0046431369999596,0],[112.76313612900003,-7.0046645519999515,0],[112.76312462800001,-7.004710475999957,0],[112.76309250500003,-7.0047747199999435,0],[112.76304610600005,-7.0048425359999555,0],[112.76297472200008,-7.0049103489999425,0],[112.7629318920001,-7.0049460419999718,0],[112.76285693900002,-7.005020993999949,0],[112.76278912400005,-7.0051066559999526,0],[112.76273201700008,-7.0051744709999753,0],[112.76266420200011,-7.0052422849999516,0],[112.76259281900002,-7.005288683999936,0],[112.76250002000006,-7.0053350839999666,0],[112.76239651300011,-7.0053993289999426,0],[112.76229300700004,-7.0054600059999643,0],[112.76218950000009,-7.0055242499999508,0],[112.76210383900002,-7.0055742199999713,0],[112.76205030200003,-7.0056134809999548,0],[112.76200390200006,-7.0056491719999485,0],[112.76190325400012,-7.005736183999943,0],[112.76187197000002,-7.0057551829999625,0],[112.76179082100009,-7.0057946759999368,0],[112.76174323200007,-7.0058232309999653,0],[112.76166708900007,-7.0058708189999379,0],[112.76161286100012,-7.0059125329999574,0],[112.76160522300006,-7.0059184079999568,0],[112.76149100900011,-7.0060088279999491,0],[112.76136727700009,-7.0060992469999519,0],[112.76121499200008,-7.0061944269999685,0],[112.76107698300007,-7.0062848459999714,0],[112.7609151800001,-7.0063514709999595,0],[112.76081717400007,-7.0063957319999304,0],[112.76076765300002,-7.0064180959999476,0],[112.76073110600009,-7.0064479989999313,0],[112.76066295700002,-7.0065037569999618,0],[112.76061060900008,-7.0065656229999718,0],[112.7605820550001,-7.0066322469999704,0],[112.76053922500012,-7.0066560419999746,0],[112.76048211800003,-7.0066465239999616,0],[112.76042691700002,-7.0066327229999388,0],[112.76042501100005,-7.0066322469999704,0],[112.76038218000008,-7.0066417639999372,0],[112.76032031400007,-7.0066893529999561,0],[112.76029682500007,-7.0067117239999561,0],[112.76022037700011,-7.0067845329999727,0],[112.76007285000003,-7.0069035059999578,0],[112.75997291300007,-7.0069653719999678,0],[112.75995209600001,-7.0069753639999703,0],[112.75985394000008,-7.0070224779999535,0],[112.75970165500007,-7.0070986209999546,0],[112.75960171700001,-7.0071604879999541,0],[112.75950653900009,-7.0072318719999771,0],[112.75932041100009,-7.0073262749999685,0],[112.75931805900007,-7.0073301359999505,0],[112.75925907500005,-7.0074269869999739,0],[112.75922100300011,-7.0074793359999603,0],[112.75914010200006,-7.007536441999946,0],[112.75907347700002,-7.007545959999959,0],[112.75902112900008,-7.0075412019999703,0],[112.75895926300007,-7.007555477999972,0],[112.75887836100003,-7.007607825999969,0],[112.75882125400005,-7.0076411379999399,0],[112.75876414700008,-7.007650655999953,0],[112.75871179900003,-7.0076458979999643,0],[112.75862228200003,-7.0076289649999808,0],[112.75855039500004,-7.0076503759999582,0],[112.7584062630001,-7.0076941559999568,0],[112.75836439700004,-7.0077553519999469,0],[112.75835012100003,-7.0078219779999813,0],[112.75836915600007,-7.0078648079999653,0],[112.75837867400003,-7.0079314329999534,0],[112.75832156700005,-7.0079742619999479,0],[112.75827397800003,-7.0079695049999486,0],[112.75823590700008,-7.0079457089999551,0],[112.75817404100007,-7.0079409509999664,0],[112.75809313900004,-7.0079599859999462,0],[112.7580407910001,-7.0079742619999479,0],[112.75797416600005,-7.0080028169999764,0],[112.75789802300005,-7.0080218519999562,0],[112.75782188000005,-7.0080218519999562,0],[112.75772670200001,-7.0080599239999515,0],[112.75770290700007,-7.0081265479999502,0],[112.75770290700007,-7.0081788959999471,0],[112.75766483600012,-7.0082360039999685,0],[112.7576172470001,-7.0082645579999507,0],[112.75754586300002,-7.0082835919999411,0],[112.75747923800009,-7.0083073869999453,0],[112.75740309500009,-7.0083121469999696,0],[112.75732695200008,-7.0083359419999738,0],[112.75723653300008,-7.0083882899999708,0],[112.75717466700007,-7.0084358779999434,0],[112.75715087200001,-7.0084644309999362,0],[112.75713659600001,-7.0085215389999576,0],[112.75713659600001,-7.0085596109999528,0],[112.75714135400005,-7.0086167169999385,0],[112.75711280100006,-7.0087023779999527,0],[112.75706045300001,-7.0087452079999366,0],[112.75702238100007,-7.008749967999961,0],[112.75697479200005,-7.0087356909999698,0],[112.75692720300003,-7.0087166539999544,0],[112.75688437300005,-7.0087166539999544,0],[112.7568605780001,-7.0087404499999479,0],[112.75684630100011,-7.0087927969999555,0],[112.75682250700004,-7.0088499049999768,0],[112.75679395300006,-7.0088689399999566,0],[112.75674636400004,-7.0088784589999591,0],[112.75669877500002,-7.0088784589999591,0],[112.75665594400004,-7.008873699999981,0],[112.7566035960001,-7.008873699999981,0],[112.75654648900002,-7.0089070119999519,0],[112.75648462300001,-7.0089593599999489,0],[112.75645131100009,-7.0090164669999808,0],[112.75638863200004,-7.0090722039999491,0],[112.75635732100011,-7.0091259279999463,0],[112.75635137300003,-7.0091687519999368,0],[112.7563608910001,-7.0092353779999712,0],[112.75638468600005,-7.0093210369999497,0],[112.75641323900004,-7.0093686279999474,0],[112.75647034600001,-7.009420974999955,0],[112.75650246900011,-7.009489819999942,0],[112.75649890000011,-7.0095148059999701,0],[112.756477485,-7.0095504979999532,0],[112.75644536200002,-7.0095576359999541,0],[112.75640610100004,-7.0095612049999545,0],[112.75633828600007,-7.0095469289999528,0],[112.75631024900008,-7.0095571239999686,0],[112.75629628000002,-7.0095749329999535,0],[112.75629188700009,-7.0095968959999482,0],[112.75632044000008,-7.0096504349999691,0],[112.7563303710001,-7.0096582369999396,0],[112.75634671100011,-7.009694369999977,0],[112.75634542500006,-7.0097289559999467,0],[112.75632757900007,-7.0097717879999664,0],[112.75628831800009,-7.0098039099999596,0],[112.75626333300011,-7.0098074799999495,0],[112.75618206100012,-7.0098090179999417,0],[112.75615268800004,-7.0097932029999583,0],[112.75609558100007,-7.0097717879999664,0],[112.75603847400009,-7.0097503709999387,0],[112.7560099210001,-7.0097468019999383,0],[112.75595876700004,-7.0097472629999515,0],[112.75594710600001,-7.009746530999962,0],[112.75591355300003,-7.0097444239999618,0],[112.75589213700005,-7.0097515619999626,0],[112.75587310200001,-7.0097634579999522,0],[112.75585882500002,-7.0097824949999676,0],[112.75584930700006,-7.0098086679999483,0],[112.7558469280001,-7.0098372229999768,0],[112.75584930700006,-7.0098610159999453,0],[112.7558612040001,-7.0098752929999364,0],[112.75588561800009,-7.0098809279999728,0],[112.75589213700005,-7.0098824329999729,0],[112.75594210600002,-7.0098895709999738,0],[112.75599445400007,-7.0099014679999527,0],[112.75606821800011,-7.0099276419999796,0],[112.75616339600003,-7.0099538159999497,0],[112.75612056600005,-7.0101822449999531,0],[112.75591989800012,-7.010224925999978,0],[112.75589050400004,-7.010232273999975,0],[112.75583634800012,-7.0102508659999785,0],[112.75580085400009,-7.0102630509999813,0],[112.75574441300012,-7.0102903599999422,0],[112.75562841400006,-7.0103438989999631,0],[112.75551538900004,-7.01038256399994,0],[112.75541723700007,-7.0104182569999693,0],[112.7553547760001,-7.0104390769999441,0],[112.75529231500002,-7.0104866669999524,0],[112.75522985400005,-7.0105461529999502,0],[112.75518226500003,-7.010575896999967,0],[112.75512575300002,-7.0105996899999354,0],[112.75505139500001,-7.0105996899999354,0],[112.75488185800009,-7.010575896999967,0],[112.75480155100001,-7.0105342559999713,0],[112.75472719300001,-7.0104955899999482,0],[112.75462011700006,-7.0104628719999482,0],[112.75456955400011,-7.0104598979999651,0],[112.75449222100008,-7.0104866669999524,0],[112.75445345500009,-7.0104960649999271,0],[112.75443825000002,-7.0104997499999513,0],[112.75437221200002,-7.0105026559999715,0],[112.75435242800006,-7.0104955899999482,0],[112.75428997000006,-7.010449514999948,0],[112.75422155800004,-7.0103855399999588,0],[112.75416207100011,-7.0103617449999547,0],[112.75411745600002,-7.0103557959999421,0],[112.75406094400012,-7.0103587709999715,0],[112.75393957200004,-7.0103243279999674,0],[112.75382892700009,-7.0103029129999754,0],[112.75376111200001,-7.0102922039999385,0],[112.75368259000004,-7.010288634999938,0],[112.75357626900006,-7.0102850419999641,0],[112.75351126900011,-7.0103100509999763,0],[112.75342203900004,-7.0103243279999674,0],[112.75335065500008,-7.010320758999967,0],[112.7532899790001,-7.0102850659999376,0],[112.75328106500001,-7.0102229969999712,0],[112.75327213300011,-7.0101886989999684,0],[112.75323644100001,-7.0101601439999399,0],[112.75317933400004,-7.0101387289999479,0],[112.75308296600008,-7.0100851919999627,0],[112.75287952200006,-7.0099495629999637,0],[112.75283312200008,-7.0099067329999798,0],[112.75276887700011,-7.00986747099995,0],[112.75272961600001,-7.0098389179999572,0],[112.75266180100004,-7.0098317799999563,0],[112.75260826300007,-7.0098460569999475,0],[112.75258327900008,-7.0098710399999504,0],[112.75257971000008,-7.0099031639999794,0],[112.75261183200007,-7.0099531319999642,0],[112.75264038600005,-7.0099888239999473,0],[112.75266180100004,-7.0100280839999414,0],[112.75265109300005,-7.0100566389999699,0],[112.75261540200006,-7.0100637769999707,0],[112.75258327900008,-7.0100459309999792,0],[112.75254401800009,-7.0100138079999397,0],[112.75249761800001,-7.0100066689999494,0],[112.75245835700002,-7.010003099999949,0],[112.75242266500004,-7.0100280839999414,0],[112.75240838800005,-7.010070915999961,0],[112.75242266500004,-7.0101315909999471,0],[112.75245079000001,-7.0102123389999633,0],[112.75247620300001,-7.0102493739999545,0],[112.75248691100001,-7.010288634999938,0],[112.75247263400001,-7.0103314669999577,0],[112.75244408000003,-7.010342173999959,0],[112.75240481900005,-7.0103064819999759,0],[112.75238043400009,-7.0102695899999503,0],[112.7522977430001,-7.010227959999952,0],[112.75222992900001,-7.0102172519999613,0],[112.75216568300004,-7.0102101139999604,0],[112.75212301700003,-7.0102192569999602,0],[112.7521067240001,-7.0102376789999425,0],[112.75208716100008,-7.0102743579999469,0],[112.75207645400008,-7.0103278969999678,0],[112.75207288400009,-7.0103850029999535,0],[112.75209430000007,-7.010434972999974,0],[112.75212642200006,-7.0105099249999512,0],[112.75217978700005,-7.010567807999962,0],[112.75222992900001,-7.0106027249999556,0],[112.75226919000011,-7.0106205709999472,0],[112.7522941740001,-7.0106562619999409,0],[112.75230488200009,-7.0106741089999787,0],[112.75230488200009,-7.0107240779999529,0],[112.7522941740001,-7.0107490609999559,0],[112.75225491300012,-7.010763337999947,0],[112.75221922100002,-7.0107276469999533,0],[112.75217639100003,-7.0106812469999795,0],[112.75214761200004,-7.0106458269999621,0],[112.75212999100006,-7.0106241399999476,0],[112.75209786900007,-7.0105991559999552,0],[112.75206931500009,-7.0105955869999548,0],[112.7520264850001,-7.0106348469999489,0],[112.75199507600007,-7.0106882429999473,0],[112.751990793,-7.0107276469999533,0],[112.751990793,-7.0107669069999474,0],[112.75200150100011,-7.0108489989999612,0],[112.75200863900011,-7.0110203199999432,0],[112.75201033500002,-7.0110559319999766,0],[112.75203338200004,-7.0111229609999555,0],[112.75205860800008,-7.0111559489999422,0],[112.75207813300005,-7.0111884929999633,0],[112.75209237600006,-7.0112489779999692,0],[112.75209430000007,-7.0112951469999416,0],[112.75207645400008,-7.0113558249999528,0],[112.75204433100009,-7.0113986539999473,0],[112.75199793100001,-7.0114022229999478,0],[112.75196580900001,-7.0113950849999469,0],[112.75192654800003,-7.0113879459999566,0],[112.75184802500007,-7.0114057919999482,0],[112.75181590300008,-7.0114164999999389,0],[112.75180162600009,-7.0114379159999771,0],[112.75181947200008,-7.0114771769999606,0],[112.75183374900007,-7.011502160999953,0],[112.75182922800002,-7.0115383289999613,0],[112.75181138200003,-7.0115526059999524,0],[112.75178639700005,-7.0115561749999529,0],[112.75175784400005,-7.0115526059999524,0],[112.75172929000007,-7.011574019999955,0],[112.75171858300007,-7.0116061429999377,0],[112.75172215200007,-7.011641835999967,0],[112.75174356700006,-7.0116596819999586,0],[112.75177925900005,-7.0117132189999438,0],[112.75178282800005,-7.0117417719999366,0],[112.75177212100004,-7.0117917419999571,0],[112.75177212100004,-7.01182029499995,0],[112.75180067400004,-7.0118559859999436,0],[112.75181138200003,-7.0119202329999553,0],[112.75182018600003,-7.0119800999999597,0],[112.75182922800002,-7.0120415849999631,0],[112.75182922800002,-7.0120915529999479,0],[112.75182208900003,-7.0121272459999773,0],[112.75178996700004,-7.0121450919999688,0],[112.75173852100011,-7.0121390279999787,0],[112.75167932200009,-7.0121450919999688,0],[112.75162221500011,-7.0121807839999519,0],[112.75157938400002,-7.012220043999946,0],[112.75154726100004,-7.0122771519999674,0],[112.75153655400004,-7.0123306889999526,0],[112.75152584600005,-7.0123735189999366,0],[112.75150086200006,-7.0124127809999663,0],[112.75146873900007,-7.0124663179999516,0],[112.75142590900009,-7.0125198569999725,0],[112.75137950900012,-7.012580532999948,0],[112.75132240200003,-7.0126661939999622,0],[112.75126886500004,-7.0127839769999696,0],[112.75123674200006,-7.0128517909999459,0],[112.7511819230001,-7.0129739409999274,0],[112.75110363700003,-7.0130669379999517,0],[112.75101902100005,-7.0131301889999804,0],[112.75095120700007,-7.0131908649999559,0],[112.7509083760001,-7.0132194179999487,0],[112.75086197700011,-7.013262248999979,0],[112.75081200800003,-7.0133264939999549,0],[112.75079059300003,-7.0133693229999494,0],[112.75076802000001,-7.0134352729999705,0],[112.75072206400012,-7.0135127029999467,0],[112.75072083300006,-7.0135147769999548,0],[112.75070694800002,-7.0135381719999259,0],[112.75059631000011,-7.0136315409999384,0],[112.75053920300002,-7.0136886479999703,0],[112.75047495700005,-7.0137636009999369,0],[112.75031434400012,-7.0138992299999359,0],[112.7501180380001,-7.0140419979999251,0],[112.75005379300001,-7.0140955359999566,0],[112.75000382400003,-7.0141455049999308,0],[112.74994314800006,-7.014213318999964,0],[112.74992755900007,-7.0142538509999781,0],[112.74988961000008,-7.0143525179999529,0],[112.74986819500009,-7.0143846399999461,0],[112.74982179500012,-7.014388209999936,0],[112.74978967300001,-7.014388209999936,0],[112.74975796300009,-7.0143940299999485,0],[112.74968261200002,-7.0144310609999252,0],[112.74917937000009,-7.0147951369999646,0],[112.74915792600007,-7.0148522049999542,0],[112.74917220200007,-7.0148878959999479,0],[112.74915435700007,-7.0149164499999301,0],[112.74911866500008,-7.0149164499999301,0],[112.74907417300005,-7.0148948949999408,0],[112.7490438640001,-7.0148931699999366,0],[112.74902692400008,-7.0148922059999563,0],[112.74900088100003,-7.0148986039999386,0],[112.74895448200004,-7.014923587999931,0],[112.74892592800006,-7.0149521419999701,0],[112.74887682700012,-7.0150140159999523,0],[112.74882371600006,-7.0150524399999767,0],[112.74876615500011,-7.0150651969999558,0],[112.74873101100002,-7.0150778169999626,0],[112.74870126700011,-7.0150986369999373,0],[112.74865962700005,-7.0151313549999372,0],[112.74862096100003,-7.0151759699999729,0],[112.74858229400002,-7.015211661999956,0],[112.74854660300002,-7.0152354559999708,0],[112.74851091100004,-7.0152443789999666,0],[112.74847521900006,-7.0152562769999349,0],[112.74845737300006,-7.0152830459999791,0],[112.74843995300012,-7.0153300779999768,0],[112.74842762900005,-7.0153633519999516,0],[112.74837409200006,-7.0154406849999305,0],[112.74833840000008,-7.0154466339999431,0],[112.74830865600006,-7.0154347359999747,0],[112.74830075300008,-7.0154307839999319,0],[112.74828486200011,-7.0154228389999389,0],[112.74824322100005,-7.0154287879999515,0],[112.7482015810001,-7.0154317619999347,0],[112.74815300000012,-7.0154507979999607,0],[112.7480149910001,-7.0155221809999375,0],[112.7479245720001,-7.0155792879999694,0],[112.74778180400006,-7.0156363959999339,0],[112.74769614400009,-7.0156887439999309,0],[112.74756289400011,-7.0158077169999729,0],[112.74752947400009,-7.0158358599999815,0],[112.74747247400001,-7.015883859999974,0],[112.74740584900007,-7.015936207999971,0],[112.74732970700006,-7.0159695199999419,0],[112.74727735800002,-7.015988555999968,0],[112.74723928700007,-7.0160313859999519,0],[112.74721073300009,-7.0160646989999691,0],[112.74713935000011,-7.016102769999975,0],[112.74702989400009,-7.0161455999999589,0],[112.74687285000005,-7.0161884309999323,0],[112.74683209000011,-7.01619425399997,0],[112.74677291300009,-7.016202706999934,0],[112.74670152900001,-7.0162407789999293,0],[112.74667297500002,-7.0162883679999482,0],[112.74660635000009,-7.0163311979999321,0],[112.74651593100009,-7.0163692699999274,0],[112.74644454700001,-7.0164120999999682,0],[112.7463208150001,-7.0164930019999474,0],[112.74621136000007,-7.0165548679999574,0],[112.74605907400007,-7.0166452869999603,0],[112.74594486000001,-7.0166976349999572,0],[112.74587347600004,-7.0167309479999744,0],[112.7458565180001,-7.0167460219999498,0],[112.74583064600006,-7.0167690189999803,0],[112.74576878000005,-7.0167928139999276,0],[112.74566884300009,-7.0167928139999276,0],[112.74558318200002,-7.0167832959999714,0],[112.74551655700009,-7.0167928139999276,0],[112.74544041400009,-7.0168118489999642,0],[112.74537379000003,-7.0168118489999642,0],[112.74533960400004,-7.0167963109999505,0],[112.74530544300001,-7.0167917469999566,0],[112.74525957500009,-7.0168023309999512,0],[112.74521198600007,-7.0168308849999335,0],[112.74517867400004,-7.0168737149999743,0],[112.74515012000006,-7.0168975099999784,0],[112.74509777200001,-7.0169070279999346,0],[112.74505970100006,-7.0169165459999476,0],[112.74500735300001,-7.0169546169999535,0],[112.74495976300011,-7.0169546169999535,0],[112.74492645100008,-7.0169260629999712,0],[112.7448836210001,-7.0168641969999612,0],[112.74485542500008,-7.0168219039999258,0],[112.74484554900005,-7.0168070899999293,0],[112.74479320100011,-7.0167690189999803,0],[112.74471705800011,-7.0167261889999395,0],[112.74467898700004,-7.0166881169999442,0],[112.74464567500002,-7.0166500459999384,0],[112.74457983400009,-7.0166151889999355,0],[112.7445494000001,-7.0166168239999251,0],[112.74452670100004,-7.0166310099999691,0],[112.74449338900001,-7.0166785989999312,0],[112.74448863000009,-7.0167452239999761,0],[112.74450590300012,-7.0168531779999626,0],[112.74450766600012,-7.0168641969999612,0],[112.74452194300011,-7.0169213049999257,0],[112.7445313390001,-7.0169808179999791,0],[112.74452815900008,-7.0170278449999728,0],[112.74451242500004,-7.0170593129999475,0],[112.74448387100006,-7.0170640719999255,0],[112.74444104100007,-7.0170545539999694,0],[112.74439345200005,-7.0170307599999546,0],[112.74433634500008,-7.0169831699999463,0],[112.74428875500007,-7.0169403399999624,0],[112.74424116600005,-7.0169260629999712,0],[112.74421216600001,-7.0169162479999727,0],[112.74419789000001,-7.016918627999928,0],[112.74419313100009,-7.0169329039999297,0],[112.74419075100002,-7.0169519399999558,0],[112.74419693800007,-7.0169859659999361,0],[112.74418881800011,-7.0170022059999724,0],[112.74416502300005,-7.0170117239999286,0],[112.74412219300007,-7.0169926879999593,0],[112.74408888100004,-7.0169641349999665,0],[112.7440351030001,-7.0169000959999721,0],[112.74400753300006,-7.0168638999999757,0],[112.74399325600007,-7.0168472439999618,0],[112.74395280500005,-7.0168234489999577,0],[112.7439147340001,-7.0168163109999568,0],[112.74386952400005,-7.0168234489999577,0],[112.7438385910001,-7.0168424849999269,0],[112.74378862200001,-7.0168757969999547,0],[112.74375899800009,-7.0169137499999579,0],[112.74375304900002,-7.0169286209999768,0],[112.74375007500009,-7.0169464669999684,0],[112.74372628100002,-7.0169553899999642,0],[112.74369951200003,-7.0169345699999326,0],[112.74368464000008,-7.0169078009999453,0],[112.74365192200003,-7.0168810319999579,0],[112.74359838400005,-7.0168869809999705,0],[112.7435656670001,-7.0169256469999368,0],[112.7435567440001,-7.0169762109999283,0],[112.7435567440001,-7.0170237999999472,0],[112.74355079500003,-7.0170594919999303,0],[112.74350915500008,-7.0170862609999745,0],[112.74342587400008,-7.0171219529999576,0],[112.74337531000003,-7.0171516959999281,0],[112.74332177200006,-7.017166566999947,0],[112.74325931100009,-7.017166566999947,0],[112.7432325420001,-7.0171844129999386,0],[112.74321469600011,-7.0172171309999385,0],[112.74320577300011,-7.0172617459999742,0],[112.74318197900004,-7.0173123089999763,0],[112.7431492610001,-7.0173331299999404,0],[112.74309869800004,-7.017350975999932,0],[112.74307490300009,-7.0173717959999635,0],[112.74305110800003,-7.0174193849999256,0],[112.7430570570001,-7.0174580509999487,0],[112.74306003100003,-7.0174907689999486,0],[112.7430570570001,-7.017520511999976,0],[112.74302434000003,-7.017568100999938,0],[112.74297318100002,-7.0176067679999505,0],[112.74294819700003,-7.0176531669999349,0],[112.74294462800003,-7.017703135999966,0],[112.74291964300005,-7.0177531049999402,0],[112.74287681300007,-7.0177852269999335,0],[112.74282684400009,-7.017795934999981,0],[112.74278044500011,-7.0177923659999806,0],[112.74272333800002,-7.017781657999933,0],[112.74265909200005,-7.0177673809999419,0],[112.74259841600008,-7.0177423969999495,0],[112.74255558600009,-7.0177423969999495,0],[112.7425341710001,-7.0177673809999419,0],[112.7425341710001,-7.0178102119999721,0],[112.7425448780001,-7.0178316269999641,0],[112.74258057000009,-7.0178923029999396,0],[112.74257558900001,-7.0179495919999795,0],[112.74257343200009,-7.0179743939999639,0],[112.74255558600009,-7.0180243629999381,0],[112.74252346300011,-7.0180564859999777,0],[112.74248420200001,-7.0180814699999701,0],[112.74243066400004,-7.0180814699999701,0],[112.74236697700007,-7.0180359789999329,0],[112.74233072700008,-7.018010085999947,0],[112.7423057420001,-7.0179601179999622,0],[112.74228075800011,-7.01793156399998,0],[112.74223435800002,-7.0179137179999316,0],[112.74219152800003,-7.0179208569999787,0],[112.74214512900005,-7.0179565479999724,0],[112.74210229800008,-7.018010085999947,0],[112.74202377600011,-7.0180315019999284,0],[112.74193454600004,-7.0180279319999386,0],[112.74184888600007,-7.0179851019999546,0],[112.7417882100001,-7.0179565479999724,0],[112.74170968700003,-7.0179494099999715,0],[112.74167042600004,-7.0179743939999639,0],[112.74164544200005,-7.0180243629999381,0],[112.74162402700006,-7.0181100239999523,0],[112.74162045800006,-7.0181921149999766,0],[112.74160975000007,-7.0182813449999344,0],[112.74158476600007,-7.0183420209999667,0],[112.74150624300012,-7.0184312509999813,0],[112.74144556700003,-7.0184919269999568,0],[112.74137775200006,-7.0185490339999319,0],[112.74130636900009,-7.0185918649999621,0],[112.74118858500003,-7.0186525409999376,0],[112.74113147800006,-7.018691801999978,0],[112.74109578600007,-7.0187274939999611,0],[112.74109578600007,-7.0187667549999446,0],[112.74110973900008,-7.0187862889999337,0],[112.74111363200007,-7.018791738999937,0],[112.74113861700005,-7.0188202929999761,0],[112.74116717000004,-7.0188488459999689,0],[112.74119215500002,-7.0188773999999512,0],[112.74121357000001,-7.0189130919999343,0],[112.74105652500009,-7.0189951829999586,0],[112.74094719000004,-7.0189522229999284,0],[112.74085462900007,-7.0189055819999453,0],[112.74071490400001,-7.0188351739999462,0],[112.74063281300005,-7.0188030519999529,0],[112.74045219700008,-7.0187492559999782,0],[112.74034727700007,-7.0186924069999463,0],[112.7402687550001,-7.0186567149999632,0],[112.74015097200004,-7.0185996079999313,0],[112.74001158600004,-7.0185194599999363,0],[112.74000820400011,-7.0185175159999744,0],[112.73999610400006,-7.0185118019999777,0],[112.73987971300005,-7.0184568399999421,0],[112.73978691400009,-7.018399732999967,0],[112.73974051500011,-7.018378317999975,0],[112.73969768400002,-7.0183676089999381,0],[112.73964771600004,-7.0183640399999376,0],[112.73960131600006,-7.0183604709999372,0],[112.73955848600008,-7.0183533329999364,0],[112.73953707100009,-7.0183426259999351,0],[112.7395049480001,-7.0183319179999444,0],[112.73949067100011,-7.0183319179999444,0],[112.73947639500011,-7.0183497639999359,0],[112.73947996400011,-7.018378317999975,0],[112.7394942410001,-7.0183961639999666,0],[112.7395263630001,-7.0184140099999581,0],[112.73956919400007,-7.0184461329999408,0],[112.73960488600005,-7.0184746859999336,0],[112.73962273100005,-7.0184996689999366,0],[112.73963700800005,-7.0185282239999651,0],[112.73966556200003,-7.0185746229999495,0],[112.73967983900002,-7.0186174539999797,0],[112.73967626900003,-7.0187173909999387,0],[112.73966199300003,-7.0187923439999622,0],[112.73964057700005,-7.0188458819999369,0],[112.73963343900004,-7.0189208349999603,0],[112.73963700800005,-7.0189850799999363,0],[112.73964414700004,-7.0190136339999754,0],[112.73963343900004,-7.019088586999942,0],[112.73961559300005,-7.0191492629999743,0],[112.73960131600006,-7.0193419999999378,0],[112.73959060900006,-7.019409813999971,0],[112.73956205500008,-7.0194776289999368,0],[112.73953707100009,-7.0195275979999678,0],[112.7394978100001,-7.0195597199999611,0],[112.73942999500002,-7.0195882739999433,0],[112.73938359600004,-7.0196275339999374,0],[112.73935861100006,-7.0196739339999681,0],[112.73935504200006,-7.0197239029999423,0],[112.73936931900005,-7.0197881489999645,0],[112.73938359600004,-7.0198381169999493,0],[112.73938716500004,-7.01988451699998,0],[112.73935504200006,-7.0199380549999546,0],[112.73933719600006,-7.0199915919999398,0],[112.73932258000002,-7.0200808189999293,0],[112.73929174800003,-7.0201494299999467,0],[112.73925248700004,-7.0201922599999307,0],[112.73922750300005,-7.0202208139999698,0],[112.73919538000007,-7.0202529369999525,0],[112.7391168580001,-7.0202636439999537,0],[112.73903476700002,-7.0202529369999525,0],[112.73892055300007,-7.0202315209999711,0],[112.7388491690001,-7.0202315209999711,0],[112.73880633800002,-7.0202743519999444,0],[112.73878849200003,-7.0203207509999288,0],[112.73879206200002,-7.0203707199999599,0],[112.73882775400011,-7.0204206889999341,0],[112.7388491690001,-7.020477795999966,0],[112.7388741530001,-7.0205598869999335,0],[112.73889199900009,-7.0206062869999641,0],[112.73893898300003,-7.0206718189999719,0],[112.73899193600005,-7.0207133619999809,0],[112.73902049000003,-7.020749053999964,0],[112.73901692100003,-7.0207811769999466,0],[112.73896695200006,-7.0208025919999386,0],[112.73891698300008,-7.0207883149999475,0],[112.73886869000012,-7.0207505499999456,0],[112.73882418400001,-7.0207454849999635,0],[112.73877778500002,-7.0207776079999462,0],[112.73873138500005,-7.0208240069999306,0],[112.73872424700005,-7.020863267999971,0],[112.73874057900002,-7.0208940379999376,0],[112.73876707700003,-7.020941789999938,0],[112.73876350800003,-7.0209667749999767,0],[112.73870997000006,-7.0209560669999291,0],[112.73869423200006,-7.0209459499999411,0],[112.73866000200007,-7.0209239449999359,0],[112.73859932500011,-7.0209275139999363,0],[112.73853151100002,-7.0209632059999763,0],[112.73847440400004,-7.0210060359999602,0],[112.73842800400007,-7.0210595739999349,0],[112.73842800400007,-7.0211024039999756,0],[112.73844585000006,-7.0211559419999503,0],[112.73846320600001,-7.0212047079999707,0],[112.73849225000004,-7.0212451719999649,0],[112.73849938800004,-7.0212630179999564,0],[112.73849581900004,-7.021280863999948,0],[112.73845655800005,-7.0213094169999408,0],[112.73841372700008,-7.0212951399999497,0],[112.7383927620001,-7.0212836089999655,0],[112.73834234300011,-7.0212558789999662,0],[112.73829594400001,-7.0212523099999657,0],[112.73823169900004,-7.0212915709999493,0],[112.73818529900007,-7.0213665239999727,0],[112.73815317600008,-7.0214414769999394,0],[112.73813890000008,-7.021509291999962,0],[112.7381491540001,-7.0215564599999425,0],[112.73815674600007,-7.0215913829999295,0],[112.73819243700007,-7.0216413519999605,0],[112.73819957600006,-7.0216770439999436,0],[112.73817459100007,-7.021702027999936,0],[112.73814603800008,-7.0217055969999365,0],[112.73812105400009,-7.0216806129999441,0],[112.73810832300001,-7.0216618419999577,0],[112.73808852400009,-7.0216439659999423,0],[112.73808202300006,-7.0216380959999469,0],[112.73803539300002,-7.0216413519999605,0],[112.73798185500004,-7.0216770439999436,0],[112.73794259400006,-7.0217412889999764,0],[112.73792117900007,-7.0218126729999426,0],[112.73788905600009,-7.0219233179999492,0],[112.73786050300009,-7.0220089789999633,0],[112.73782124200011,-7.0220589469999481,0],[112.73777841100002,-7.0221053469999788,0],[112.73774271900004,-7.0221624539999539,0],[112.73773915000004,-7.0222124219999387,0],[112.73772487300005,-7.0222552529999689,0],[112.73768204300006,-7.0222980829999528,0],[112.73764278200008,-7.0223230679999347,0],[112.73761779800009,-7.0223516199999381,0],[112.73759281300011,-7.0223980209999581,0],[112.73752499900002,-7.0224230049999505,0],[112.73745004600005,-7.0224622659999341,0],[112.73740007700007,-7.0224943889999736,0],[112.73736081600009,-7.022540787999958,0],[112.73733583100011,-7.0226442949999637,0],[112.7373465390001,-7.0227014019999388,0],[112.73737152300009,-7.0227370939999787,0],[112.73736795400009,-7.0227834929999631,0],[112.73731441600012,-7.0228655849999768,0],[112.73726444800002,-7.0229155529999616,0],[112.73721091000004,-7.0229333989999532,0],[112.73716094100007,-7.0229333989999532,0],[112.73711454200009,-7.0229512449999447,0],[112.7370752810001,-7.0229869359999384,0],[112.73705029600001,-7.02305118299995,0],[112.73705029600001,-7.0231154269999365,0],[112.73704672700001,-7.0231975199999397,0],[112.73701460400002,-7.0232724729999632,0],[112.73697891200004,-7.0233902559999706,0],[112.73697534300004,-7.0235009009999771,0],[112.73697534300004,-7.0236186829999383,0],[112.73696820500004,-7.0237007759999415,0],[112.73695035900005,-7.0237757289999649,0],[112.73691466700006,-7.0238292659999502,0],[112.73688611300008,-7.0238649579999333,0],[112.73686469800009,-7.0239184959999648,0],[112.73686112900009,-7.0239613269999381,0],[112.7368504210001,-7.0240327099999718,0],[112.73682186800011,-7.0240576949999536,0],[112.73678974500001,-7.024061263999954,0],[112.73675762200003,-7.0240434179999625,0],[112.73672550000003,-7.0240541259999532,0],[112.73669337700005,-7.024104093999938,0],[112.73668623900005,-7.0241576319999695,0],[112.73670408500004,-7.0241933239999526,0],[112.73674334600003,-7.024268276999976,0],[112.73674334600003,-7.02431110699996,0],[112.73672487700003,-7.0243818799999644,0],[112.73666125400007,-7.0244467369999484,0],[112.73663270100008,-7.0244788589999416,0],[112.73660771600009,-7.0245323969999731,0],[112.7365827320001,-7.0245930729999486,0],[112.73655417900011,-7.0246323349999784,0],[112.73649707100003,-7.0246573189999708,0],[112.73644924500002,-7.0246972939999637,0],[112.73642568800005,-7.024728702999937,0],[112.73636858100008,-7.0248143629999618,0],[112.7363534640001,-7.0248319989999572,0],[112.73631811300004,-7.0249050609999699,0],[112.73630433500011,-7.024978545999943,0],[112.73629719700011,-7.0250356529999749,0],[112.73626150500002,-7.02509275999995,0],[112.73620439800004,-7.0251498659999356,0],[112.73614729100007,-7.0252034049999565,0],[112.73610446000009,-7.0252747889999796,0],[112.7360794760001,-7.0253568799999471,0],[112.73605806100011,-7.0254246949999697,0],[112.73602950700001,-7.0254746639999439,0],[112.73599738500002,-7.025513923999938,0],[112.73598667700003,-7.0255567549999682,0],[112.73596883100004,-7.0256317079999349,0],[112.73594027800004,-7.0256781079999655,0],[112.73592243200005,-7.025717368999949,0],[112.73592600100005,-7.0257566299999326,0],[112.73593689400002,-7.0257852749999756,0],[112.73599024600003,-7.0258387209999569,0],[112.73599048600011,-7.0258391209999331,0],[112.73601166100002,-7.02587441299994,0],[112.73604021500012,-7.0259208129999706,0],[112.73605806100011,-7.0259779199999457,0],[112.73603307700012,-7.0260136119999288,0],[112.73597121100011,-7.0259921969999368,0],[112.7359236210001,-7.0259874379999587,0],[112.73588079100011,-7.0259874379999587,0],[112.73584730300001,-7.0259855009999796,0],[112.73575325200011,-7.025980059999938,0],[112.73570685200002,-7.0259764909999376,0],[112.73567829900003,-7.0259943379999754,0],[112.73566402200004,-7.0260335989999589,0],[112.73566759100004,-7.026069290999942,0],[112.73568015800004,-7.0261260379999726,0],[112.73565181900005,-7.0261636519999797,0],[112.73555694600009,-7.026204919999941,0],[112.7355141160001,-7.0262120589999313,0],[112.73543916300002,-7.0262227659999326,0],[112.73540704000004,-7.0262584579999725,0],[112.73538562500005,-7.0263084269999467,0],[112.73539990200004,-7.0263405499999294,0],[112.73541774800003,-7.0263619649999782,0],[112.73542959100007,-7.0263936709999371,0],[112.73541514400006,-7.0264273089999278,0],[112.73527757700003,-7.026567947999979,0],[112.73516433500004,-7.0266510689999677,0],[112.73512150500005,-7.02667962299995,0],[112.73497873700001,-7.0266831919999504,0],[112.73491092300003,-7.0266831919999504,0],[112.73485024700005,-7.0266974689999415,0],[112.73479313900009,-7.0267295909999348,0],[112.73475387800011,-7.0267688529999646,0],[112.7347396020001,-7.0268081139999481,0],[112.7347396020001,-7.0268473749999316,0],[112.73472889400011,-7.0269830039999306,0],[112.73471461700001,-7.0270543879999536,0],[112.73466821800002,-7.0271186329999296,0],[112.73461468000005,-7.027193585999953,0],[112.73455398200008,-7.0273076999999375,0],[112.73453272800009,-7.027329429999952,0],[112.73445763500001,-7.0273577689999343,0],[112.73443265100002,-7.027372044999936,0],[112.73440052800004,-7.0273756139999364,0],[112.73436483600005,-7.0273756139999364,0],[112.73434342100006,-7.0273613379999347,0],[112.73433985200006,-7.0273220769999512,0],[112.73432914500006,-7.027286384999968,0],[112.73429345300008,-7.0272614009999756,0],[112.73425419200009,-7.0272649699999761,0],[112.73422206900011,-7.0272435539999378,0],[112.73419351500002,-7.0271864479999522,0],[112.73417210000002,-7.0271186329999296,0],[112.73415068500003,-7.0270865109999363,0],[112.73410428500006,-7.0270758029999456,0],[112.73407930100007,-7.0270900799999367,0],[112.73405074800007,-7.0271329099999775,0],[112.73403290200008,-7.0271793099999513,0],[112.7340079170001,-7.0272150019999344,0],[112.73396151800011,-7.0272292779999361,0],[112.73392582600002,-7.0272399849999374,0],[112.73390695300009,-7.0272696429999542,0],[112.73390084200003,-7.0272792469999672,0],[112.73389370300004,-7.0273220769999512,0],[112.73389727200004,-7.0273898919999738,0],[112.73391868800002,-7.0274434299999484,0],[112.73395081000001,-7.0274826909999319,0],[112.73395437900001,-7.0275290899999732,0],[112.73391154900003,-7.027554074999955,0],[112.73386871900004,-7.0275397979999639,0],[112.73381875000007,-7.027532659999963,0],[112.73379019700008,-7.0275576439999554,0],[112.73378305800009,-7.0275969049999389,0],[112.73376164300009,-7.0276397349999797,0],[112.7337437970001,-7.0276575809999713,0],[112.73371524400011,-7.0276932729999544,0],[112.73370810500001,-7.0277361029999383,0],[112.73368312100001,-7.0277575189999766,0],[112.73365099800003,-7.0277539489999299,0],[112.73360816800005,-7.0277325339999379,0],[112.73354035300008,-7.0277289649999375,0],[112.73351180000009,-7.0277396729999282,0],[112.7335010920001,-7.0277753649999681,0],[112.73351536900009,-7.0278253329999529,0],[112.73354749200007,-7.027882439999928,0],[112.73357961400006,-7.0279395469999599,0],[112.73358675300005,-7.0279859469999337,0],[112.73355106100007,-7.0280537619999564,0],[112.7335010920001,-7.0280751769999483,0],[112.73346540000011,-7.0280466229999661,0],[112.73345112300001,-7.0279895159999342,0],[112.73345826200011,-7.0279538239999511,0],[112.73346540000011,-7.0279074249999667,0],[112.73345469300011,-7.0278467479999449,0],[112.73344041600001,-7.0278217639999525,0],[112.73341900100002,-7.0277967799999601,0],[112.73338687800003,-7.0277575189999766,0],[112.73337974000003,-7.0277182579999362,0],[112.73336903200004,-7.0276718579999624,0],[112.73334761700005,-7.0276290279999785,0],[112.73332263300006,-7.0276076129999296,0],[112.73327623300008,-7.0275647819999563,0],[112.73322571600011,-7.0275362289999634,0],[112.73317629600001,-7.0275362289999634,0],[112.73314060400003,-7.0275505059999546,0],[112.73308706600005,-7.0276076129999296,0],[112.73305494300007,-7.0276575809999713,0],[112.73304423600007,-7.0277004119999447,0],[112.73302282000009,-7.0277396729999282,0],[112.7329835590001,-7.0277717949999783,0],[112.73292288300001,-7.0278146259999517,0],[112.73285149900005,-7.027861024999936,0],[112.73277654600008,-7.0279359779999595,0],[112.7327337160001,-7.0280144999999266,0],[112.7327301470001,-7.0280823149999492,0],[112.73272300800011,-7.0281679759999633,0],[112.73270516200012,-7.0282108059999473,0],[112.73267660900001,-7.0282536359999312,0],[112.73263020900004,-7.0282857589999708,0],[112.73260165600004,-7.028314312999953,0],[112.73259094800005,-7.0283535739999365,0],[112.73261236300004,-7.0283928349999769,0],[112.73264805500003,-7.0284320959999604,0],[112.73266947100001,-7.0284784949999448,0],[112.73268374700001,-7.0285248949999755,0],[112.73266590100002,-7.0285534479999683,0],[112.73262664000003,-7.0285748629999603,0],[112.73258381000005,-7.0285677249999594,0],[112.73254098000007,-7.028564155999959,0],[112.73251599500009,-7.028585570999951,0],[112.73250528800008,-7.028678369999966,0],[112.73249814900009,-7.0287390459999415,0],[112.73244461100001,-7.0287961529999734,0],[112.73237679700003,-7.0288318449999565,0],[112.73232682800005,-7.0288996599999791,0],[112.73235181200005,-7.0289531979999538,0],[112.73243390400012,-7.0289781819999462,0],[112.73248744200009,-7.028963904999955,0],[112.73261950200003,-7.0289817509999466,0],[112.73269088600011,-7.0290103049999288,0],[112.73271587000011,-7.0290459969999688,0],[112.73269802400011,-7.0290959649999536,0],[112.73262307100003,-7.0290995349999434,0],[112.73254811800007,-7.0290852579999523,0],[112.7324695960001,-7.0290995349999434,0],[112.73239107400002,-7.0291495029999282,0],[112.73235895100004,-7.0292208869999513,0],[112.73235895100004,-7.0292672869999251,0],[112.73235538200004,-7.0293101169999659,0],[112.73233039700006,-7.0293386699999587,0],[112.73228756700007,-7.0293315319999579,0],[112.73226972100008,-7.0292958399999748,0],[112.7322375980001,-7.0292601479999348,0],[112.73219119900011,-7.0292601479999348,0],[112.73213052300002,-7.0292994089999752,0],[112.73208412300005,-7.0293529469999498,0],[112.73205200000007,-7.0294136229999253,0],[112.73205200000007,-7.0294493149999653,0],[112.73206984600006,-7.0294707309999467,0],[112.73213766100002,-7.0295278379999786,0],[112.73214123000002,-7.029574236999963,0],[112.73211981500003,-7.0296170669999469,0],[112.73206627700006,-7.02965275899993,0],[112.73201630800008,-7.02965275899993,0],[112.73195206300011,-7.029667035999978,0],[112.73192350900001,-7.0297134359999518,0],[112.73190923300001,-7.0297883889999753,0],[112.73190923300001,-7.0298526339999512,0],[112.73191994000001,-7.0298811879999334,0],[112.73194135500012,-7.0299133099999267,0],[112.73195563200011,-7.0299275869999747,0],[112.73193655900002,-7.0299835719999351,0],[112.73180429800004,-7.0299865979999367,0],[112.73167937700009,-7.0300341869999556,0],[112.73160204400006,-7.0301055709999787,0],[112.73157230100003,-7.0301650569999765,0],[112.7315782500001,-7.0302602359999469,0],[112.73159894900004,-7.0303287209999326,0],[112.73162583900012,-7.0303911059999677,0],[112.73164368500011,-7.0304743869999697,0],[112.73166747900007,-7.0305517199999485,0],[112.73167342800002,-7.0306231039999716,0],[112.73160204400006,-7.0306885389999252,0],[112.73148902000003,-7.0307301789999315,0],[112.73134625200009,-7.0307539739999356,0],[112.73118563900005,-7.0308551009999292,0],[112.73110235700005,-7.0309086389999607,0],[112.7309926910001,-7.0309485179999456,0],[112.73090605200002,-7.0309800229999269,0],[112.73079897600007,-7.0310514069999499,0],[112.73060267100004,-7.0312001229999623,0],[112.73037067300004,-7.0313904799999705,0],[112.73025170000005,-7.0315094529999556,0],[112.73013867600002,-7.0316819639999721,0],[112.73002565100001,-7.0318068849999804,0],[112.72991262700009,-7.0319020639999508,0],[112.72986503800007,-7.0319674989999612,0],[112.72984719200008,-7.0320269859999485,0],[112.7297936540001,-7.032128112999942,0],[112.72971632100007,-7.0321994959999756,0],[112.72963898900002,-7.0322470859999271,0],[112.72953001200005,-7.0322944669999288,0],[112.72946542800003,-7.0323380649999763,0],[112.7292939670001,-7.0324850319999541,0],[112.72910361000004,-7.0326396969999792,0],[112.7290441240001,-7.0326872859999412,0],[112.72893109900008,-7.0328003099999705,0],[112.72880617800001,-7.0329490269999724,0],[112.72866935900004,-7.0330620509999449,0],[112.72860392300004,-7.0331334349999679,0],[112.72855038600005,-7.0332107669999573,0],[112.72849089900001,-7.0332821509999803,0],[112.7284433100001,-7.0333713809999381,0],[112.72837787500009,-7.0334725079999316,0],[112.72833623400004,-7.0335557889999336,0],[112.7283124170001,-7.0336747339999306,0],[112.72833623400004,-7.0337877869999375,0],[112.72836597700007,-7.0338591699999711,0],[112.72838977200001,-7.0339365029999499,0],[112.72841951500004,-7.0339959899999371,0],[112.72843141300007,-7.0340316809999308,0],[112.72842028200012,-7.0340391009999621,0],[112.72837787500009,-7.0340673729999708,0],[112.72830649100001,-7.0340078869999729,0],[112.72822321000001,-7.0339900409999814,0],[112.72800905800011,-7.0340316809999308,0],[112.72786157000007,-7.0340283399999635,0],[112.72776111700011,-7.0341071259999808,0],[112.72740824400012,-7.0342458329999431,0],[112.72726547700006,-7.0343469599999366,0],[112.72712270900001,-7.034459983999966,0],[112.72704537600009,-7.0345432659999574,0],[112.7269442490001,-7.0345670599999721,0],[112.72685502000002,-7.0346027519999552,0],[112.72678363600005,-7.0346562899999299,0],[112.72673009800008,-7.034763365999936,0],[112.72663491900005,-7.0348644929999296,0],[112.7264088710001,-7.0349953629999504,0],[112.72629584600008,-7.0349894139999378,0],[112.72621851400004,-7.0349775169999589,0],[112.72606384900007,-7.0349894139999378,0],[112.72589728700007,-7.0350429519999693,0],[112.72573667300003,-7.0351262329999713,0],[112.72557011100002,-7.035251154999969,0],[112.72545113800004,-7.0353284879999478,0],[112.72535595900001,-7.0353284879999478,0],[112.72523103700007,-7.0353284879999478,0],[112.7250763720001,-7.0352690009999606,0],[112.72500498900001,-7.0352868469999521,0],[112.72493955300001,-7.0353165899999794,0],[112.72475514500002,-7.0354415119999771,0],[112.72459453200008,-7.0355426389999707,0],[112.7244755590001,-7.0356497149999768,0],[112.72436848300003,-7.0357865339999535,0],[112.72423761200002,-7.0359293019999427,0],[112.72408889600001,-7.036042325999972,0],[112.72388664200002,-7.0362029399999528,0],[112.72373197700006,-7.0363338099999737,0],[112.72355351700003,-7.0365420129999734,0],[112.72352053400004,-7.036582755999973,0],[112.72350192800002,-7.036605738999981,0],[112.72345239000003,-7.0366669339999248,0],[112.723339366,-7.0367383179999479,0],[112.72324418800008,-7.0367442669999605,0],[112.72313711200002,-7.0367383179999479,0],[112.7230419330001,-7.0367680619999646,0],[112.72286942200003,-7.0367918559999794,0],[112.72283280700003,-7.0367940099999373,0],[112.72270642900003,-7.0368287379999401,0],[112.72267311700011,-7.036845393999954,0],[112.72256604100005,-7.0368929829999729,0],[112.72240542800012,-7.0369762639999749,0],[112.7221912760001,-7.0370595459999663,0],[112.72201876500003,-7.0371071349999283,0],[112.72184625400007,-7.0371725699999388,0],[112.72170348700001,-7.0372499019999282,0],[112.72145959200009,-7.0373391319999428,0],[112.72120974800009,-7.0374283619999574,0],[112.7210253400001,-7.0375056939999467,0],[112.72084688100006,-7.0375770779999698,0],[112.72076031300003,-7.0376176569999416,0],[112.72060801400005,-7.0377122649999251,0],[112.72054349900009,-7.0377733839999337,0],[112.72044237200009,-7.0378626139999483,0],[112.72024011800011,-7.0379518429999735,0],[112.72007950400007,-7.0380529709999564,0],[112.71993673700001,-7.0381362519999584,0],[112.71980586600012,-7.0382076349999352,0],[112.71969879100004,-7.0382492759999309,0],[112.71952628000008,-7.0383266089999665,0],[112.71938351200004,-7.0383860949999644,0],[112.71926453900005,-7.0384039409999559,0],[112.71916936100001,-7.0384634279999432,0],[112.71913694400007,-7.038521057999958,0],[112.71912752700007,-7.0385966449999273,0],[112.71913961700011,-7.0386359379999703,0],[112.719187207,-7.0387013739999702,0],[112.719187207,-7.0387846549999722,0],[112.71916341200006,-7.0388500899999258,0],[112.71914556600007,-7.0389036279999573,0],[112.71913961700011,-7.0389512169999762,0],[112.71917530900009,-7.0389988059999382,0],[112.71922884700007,-7.0390226009999424,0],[112.7193061800001,-7.0390226009999424,0],[112.71938170900012,-7.0390646899999751,0],[112.71942515300009,-7.0391237279999359,0],[112.7194905880001,-7.0391534709999632,0],[112.71953222800005,-7.0391772659999674,0],[112.71954412600007,-7.0392248549999294,0],[112.71953222800005,-7.0392664959999252,0],[112.71948463900003,-7.0392962389999525,0],[112.7194073070001,-7.0392783929999609,0],[112.7193061800001,-7.0392129579999505,0],[112.71925859000009,-7.039195111999959,0],[112.7191574630001,-7.0391772659999674,0],[112.71906823300003,-7.039195111999959,0],[112.71897305500011,-7.0392427009999778,0],[112.71891951700002,-7.0392962389999525,0],[112.71888382500003,-7.0393854689999671,0],[112.71887192800011,-7.0394746979999354,0],[112.71882433900009,-7.03956392799995,0],[112.71879459500008,-7.0396353119999731,0],[112.71878864700011,-7.0396710039999562,0],[112.7187232120001,-7.0396947989999603,0],[112.71867562200009,-7.0396531579999646,0],[112.71869346800008,-7.0395341849999795,0],[112.71871726300003,-7.0394449549999649,0],[112.71871131400007,-7.0392902899999399,0],[112.71868752000012,-7.0392129579999505,0],[112.71867068000006,-7.0391383799999403,0],[112.71863586600011,-7.0389533979999328,0],[112.71863586600011,-7.0388820139999666,0],[112.71862872700001,-7.0387535229999685,0],[112.71857162000003,-7.0386250329999598,0],[112.71850737500006,-7.0385679259999279,0],[112.71836460700001,-7.0385250949999545,0],[112.71810762500002,-7.0385322339999448,0],[112.71792916600009,-7.0385393719999456,0],[112.71767218400009,-7.0385322339999448,0],[112.7174152020001,-7.0384965419999617,0],[112.71719391200008,-7.0384394349999297,0],[112.71697976100006,-7.0384251579999386,0],[112.71678702400004,-7.0384322959999395,0],[112.7166442570001,-7.0384394349999297,0],[112.71655145800003,-7.0384251579999386,0],[112.71645865900007,-7.0384037429999466,0],[112.71637299800011,-7.0383823279999547,0],[112.71628733800003,-7.0383823279999547,0],[112.71623023000006,-7.0383894659999555,0],[112.71617312300009,-7.0383823279999547,0],[112.71613029300011,-7.0383537739999724,0],[112.71605177100002,-7.0383323589999804,0],[112.71598752500006,-7.0383466359999716,0],[112.71590186500009,-7.0383823279999547,0],[112.71583048100001,-7.0384537109999314,0],[112.71577337400004,-7.0385607869999376,0],[112.71577337400004,-7.0386750009999446,0],[112.71580192800002,-7.038810630999933,0],[112.71583761900001,-7.0389890899999727,0],[112.7158804500001,-7.0391818259999468,0],[112.7158947260001,-7.0392746249999618,0],[112.71592328000008,-7.0393674239999768,0],[112.71593773200004,-7.0394216169999595,0],[112.71595183400007,-7.0394744999999261,0],[112.71595897200007,-7.0395744379999314,0],[112.71596611000007,-7.0396600979999562,0],[112.71598752500006,-7.0397457589999703,0],[112.71600894100004,-7.0398242809999374,0],[112.7158947260001,-7.0398599729999773,0],[112.71583048100001,-7.0398028659999454,0],[112.71577337400004,-7.0397314819999792,0],[112.71572340500006,-7.0396244059999731,0],[112.71568057500008,-7.039495914999975,0],[112.71565666200001,-7.0394507459999431,0],[112.7156163300001,-7.0393745629999671,0],[112.71555208400002,-7.0393174559999352,0],[112.71548783900005,-7.0392960409999432,0],[112.71535934800011,-7.039324593999936,0],[112.71527368700004,-7.039360285999976,0],[112.71517672400012,-7.0394188209999697,0],[112.71513547800009,-7.0394746799999552,0],[112.7151143100001,-7.0395069549999789,0],[112.71510890900004,-7.0395151889999283,0],[112.71509820200004,-7.0395651579999594,0],[112.71509463300004,-7.0396151259999442,0],[112.71506607900005,-7.0396508179999273,0],[112.71502681800007,-7.0396686639999757,0],[112.71498041900009,-7.0396615259999749,0],[112.7149447270001,-7.0396186959999341,0],[112.71492637100005,-7.0395985039999687,0],[112.71490903500001,-7.0395794339999611,0],[112.71486263500003,-7.039583003999951,0],[112.7148275830001,-7.0396383089999404,0],[112.7148266160001,-7.0396485649999363,0],[112.71482337400005,-7.0396829409999668,0],[112.71482694300005,-7.0397186329999499,0],[112.71479839000006,-7.0397507559999326,0],[112.71475199000008,-7.0397614629999339,0],[112.7147091600001,-7.0397257709999508,0],[112.71469729300009,-7.0397134639999308,0],[112.71466575800002,-7.0396807619999322,0],[112.71460208400003,-7.0396579569999744,0],[112.71455925400005,-7.039675802999966,0],[112.71452610600011,-7.0397249919999467,0],[112.71452356200007,-7.039768601999981,0],[112.71452577200012,-7.0397995389999437,0],[112.71452713100007,-7.0398185699999658,0],[112.71451999300007,-7.0398471239999481,0],[112.71448430100008,-7.0398578309999493,0],[112.7144557470001,-7.0398542619999489,0],[112.71442970100009,-7.039847750999968,0],[112.71441291700012,-7.0398435549999476,0],[112.71436294800003,-7.0398506929999485,0],[112.71430584100005,-7.03986853899994,0],[112.71423597900002,-7.0398907349999718,0],[112.71418840300009,-7.0399273049999351,0],[112.71413452000002,-7.0399470609999639,0],[112.71409525900003,-7.039961337999955,0],[112.71405956700005,-7.0399898909999479,0],[112.71403815200006,-7.0400184449999301,0],[112.71403506500008,-7.0400405989999513,0],[112.71403815200006,-7.040075551999962,0],[112.71400959800008,-7.0400862599999527,0],[112.7139905140001,-7.0400620859999776,0],[112.71393143800003,-7.0400905779999334,0],[112.71395606100009,-7.0401469359999282,0],[112.71397033700009,-7.0401826279999682,0],[112.71397033700009,-7.0402183199999513,0],[112.7139524910001,-7.0402290269999526,0],[112.71392393800011,-7.0402254579999521,0],[112.71390252300012,-7.0401933349999695,0],[112.71388412100009,-7.0401133989999494,0],[112.71388110800001,-7.040075551999962,0],[112.71385612300003,-7.0400362909999785,0],[112.71382757000003,-7.0400291529999777,0],[112.71378117000006,-7.0400577059999705,0],[112.71375975500007,-7.0401219519999358,0],[112.7137163320001,-7.0401943239999696,0],[112.71369551000009,-7.0402290269999526,0],[112.7136776640001,-7.0402647189999357,0],[112.71365624900011,-7.0403075489999765,0],[112.71359914100003,-7.0403289649999579,0],[112.71356701900004,-7.040325394999968,0],[112.71356345000004,-7.0402647189999357,0],[112.71357746700005,-7.0402088229999435,0],[112.71357772600004,-7.0401612129999762,0],[112.71355988000005,-7.0401433669999278,0],[112.71350277300007,-7.0401112439999451,0],[112.71345280500009,-7.0400862599999527,0],[112.71339569800011,-7.0400862599999527,0],[112.71327791400006,-7.040118381999946,0],[112.71321723800008,-7.0401433669999278,0],[112.71317777000002,-7.0401964219999513,0],[112.7131744080001,-7.0402575809999348,0],[112.71315656200011,-7.0403004109999756,0],[112.71312087000001,-7.0403396719999591,0],[112.71307804000003,-7.0403503799999498,0],[112.71304591700004,-7.0403289649999579,0],[112.71303877800005,-7.0402754269999264,0],[112.71303520900005,-7.0402468729999441,0],[112.71301379400006,-7.0402254579999521,0],[112.71297453300008,-7.0402254579999521,0],[112.7129388410001,-7.0402504419999445,0],[112.7129102880001,-7.0402825649999272,0],[112.71287459600001,-7.0403004109999756,0],[112.71282462700003,-7.0403004109999756,0],[112.71278893500005,-7.0402611499999352,0],[112.71276752000006,-7.0402218889999517,0],[112.71271756600004,-7.0401821429999814,0],[112.7126599610001,-7.0401803559999507,0],[112.71262118000004,-7.04017915299994,0],[112.71256931000005,-7.0401902599999744,0],[112.71254834600006,-7.040203240999972,0],[112.71252838400005,-7.040232595999953,0],[112.71252124600005,-7.0402575809999348,0],[112.71249626100007,-7.0402682879999361,0],[112.71246770800008,-7.0402397349999433,0],[112.71245381100005,-7.0401739599999473,0],[112.71245343100009,-7.0401505049999287,0],[112.71243915400009,-7.0401255209999363,0],[112.7124106010001,-7.040118381999946,0],[112.71233921700002,-7.0401362279999375,0],[112.71227140200006,-7.0401576429999295,0],[112.71218574200009,-7.0401754889999779,0],[112.71211792700001,-7.040189765999969,0],[112.71204654300004,-7.0402040429999602,0],[112.71197515900008,-7.0402361659999428,0],[112.71187986200005,-7.0402532979999251,0],[112.71180847800008,-7.0402711439999734,0],[112.71175850900011,-7.0402782819999743,0],[112.71171211000001,-7.0402818509999747,0],[112.71169426400002,-7.0402818509999747,0],[112.71167998700002,-7.040267574999973,0],[112.71167284900002,-7.0402354519999335,0],[112.71165857200003,-7.0402033289999508,0],[112.71164429500004,-7.0401854829999593,0],[112.71163001900004,-7.0401783449999584,0],[112.71157291100008,-7.0401854829999593,0],[112.7115158040001,-7.0402068979999513,0],[112.71146940500012,-7.040217605999942,0],[112.71142657500002,-7.0402390209999339,0],[112.71139088300004,-7.0402568669999255,0],[112.71135519100005,-7.0402782819999743,0],[112.71131949900007,-7.0403068359999565,0],[112.71128380700009,-7.0404067729999724,0],[112.71123812000008,-7.0405522959999303,0],[112.71118743900001,-7.0407137229999535,0],[112.71104824000008,-7.0412027029999535,0],[112.71083408900006,-7.0418879869999387,0],[112.71080553500008,-7.0419201099999782,0],[112.71078055100008,-7.0419272489999685,0],[112.7107377210001,-7.0419343869999693,0],[112.71068418300001,-7.04194509499996,0],[112.71063778300004,-7.0419772169999533,0],[112.71061279900005,-7.0420057709999355,0],[112.71059852200005,-7.0420343239999283,0],[112.71056283000007,-7.0420557389999772,0],[112.71054855300008,-7.0420521699999767,0],[112.71053427700008,-7.042059308999967,0],[112.71051643100009,-7.0420914309999603,0],[112.71040302300003,-7.042065402999981,0],[112.71029871000007,-7.0420414629999755,0],[112.71029157200007,-7.0419986319999452,0],[112.71025588000009,-7.0419736479999528,0],[112.71019163400001,-7.0419629409999516,0],[112.71015237300003,-7.0419343869999693,0],[112.71011311200004,-7.0418380189999539,0],[112.71010597400004,-7.0417309429999477,0],[112.71009883500005,-7.0416131599999403,0],[112.71009992500001,-7.041586997999957,0],[112.71011905900002,-7.0414804769999364,0],[112.71016308100002,-7.0413561779999441,0],[112.71019520400012,-7.0412383949999366,0],[112.7102487410001,-7.0411277499999301,0],[112.7102975470001,-7.041046405999964,0],[112.71043646300006,-7.0408004379999625,0],[112.710488811,-7.0407290539999394,0],[112.71052688200007,-7.0406529109999383,0],[112.71056971200005,-7.0405529739999793,0],[112.71059350700011,-7.0404720719999432,0],[112.71059350700011,-7.0404102059999332,0],[112.71058398900004,-7.0403293049999434,0],[112.7105601940001,-7.0402531619999422,0],[112.71054115900006,-7.0401865369999541,0],[112.71054591800009,-7.0401341889999571,0],[112.71054753900012,-7.0401277059999643,0],[112.71055543600005,-7.0400961169999619,0],[112.71055543600005,-7.040058045999956,0],[112.71055543600005,-7.0400199749999501,0],[112.71054115900006,-7.039996179999946,0],[112.71052212300003,-7.0399628679999751,0],[112.71049832800009,-7.039934313999936,0],[112.71046977500009,-7.039901001999965,0],[112.71044598000003,-7.039872447999926,0],[112.71042218600007,-7.0398438949999331,0],[112.71040790900008,-7.039820099999929,0],[112.71041036800011,-7.0397718759999748,0],[112.71039252200001,-7.0396755079999593,0],[112.71037824500002,-7.0396398159999762,0],[112.71033541500003,-7.0395827089999443,0],[112.71027473800007,-7.0395041869999773,0],[112.71022120100008,-7.0393935419999707,0],[112.7101855090001,-7.0393007429999557,0],[112.71014981700012,-7.0392257899999322,0],[112.71012241300002,-7.0391758179999329,0],[112.71008918500002,-7.0391152249999323,0],[112.71008914100003,-7.0391151449999256,0],[112.71000348000007,-7.0390223459999675,0],[112.70985459400003,-7.0389328419999515,0],[112.70978575900006,-7.0389081319999605,0],[112.70971794500008,-7.0388653019999765,0],[112.7096893910001,-7.0388260399999467,0],[112.70965369900011,-7.0387867789999632,0],[112.70960016100003,-7.0387653639999712,0],[112.70955376200004,-7.0387689329999716,0],[112.7095103370001,-7.0387846969999259,0],[112.70947821400011,-7.0388203889999659,0],[112.70947293800009,-7.038827423999976,0],[112.70944609100002,-7.0388632199999392,0],[112.70940683000003,-7.0389167569999813,0],[112.70934972300006,-7.0389595879999547,0],[112.70928904700008,-7.038970294999956,0],[112.70919981700001,-7.0389595879999547,0],[112.70913200200005,-7.0389238959999716,0],[112.70909631000006,-7.0388667889999397,0],[112.70905704900008,-7.0388275279999561,0],[112.7089963730001,-7.0388203889999659,0],[112.70895354300001,-7.0388168199999654,0],[112.70891785100002,-7.0387846969999259,0],[112.70890357400003,-7.0387168829999496,0],[112.70890357400003,-7.0386669139999753,0],[112.70887859000004,-7.0386347909999358,0],[112.70887613500008,-7.0386332129999687,0],[112.70882862100007,-7.0386026689999426,0],[112.70879649800008,-7.0385384229999772,0],[112.70876794500009,-7.0385241459999293,0],[112.70872511400012,-7.0385277149999297,0],[112.70870369900001,-7.0385598379999692,0],[112.70869289800009,-7.0385735839999484,0],[112.70866443800003,-7.0386098069999434,0],[112.70862517700004,-7.0385990989999527,0],[112.70860376200005,-7.0385669769999595,0],[112.70859038600008,-7.0385402249999629,0],[112.70858948500006,-7.0385384229999772,0],[112.70854665500008,-7.0385170079999284,0],[112.70851904100005,-7.0385170079999284,0],[112.7084966860001,-7.0385170079999284,0],[112.70846813300011,-7.0385384229999772,0],[112.70842530200002,-7.0385776839999608,0],[112.70839318000003,-7.0385812529999612,0],[112.70837176500004,-7.0385598379999692,0],[112.70833250300007,-7.0385526999999684,0],[112.70830395000007,-7.0385741149999603,0],[112.70827896600008,-7.0386169449999443,0],[112.70821472000011,-7.0386847599999669,0],[112.70816832100002,-7.0386704829999758,0],[112.70814333600003,-7.0386169449999443,0],[112.70811121400004,-7.0385384229999772,0],[112.70806481400007,-7.0384313469999711,0],[112.70801484500009,-7.0383635329999379,0],[112.70796487700011,-7.0383314099999552,0],[112.70791490800002,-7.0383242719999544,0],[112.70786850900004,-7.0383349789999556,0],[112.70782567800006,-7.0383242719999544,0],[112.70778284800008,-7.038302855999973,0],[112.70776615900002,-7.0382903399999464,0],[112.7077542940001,-7.038281440999981,0],[112.70765435700002,-7.0382564569999317,0],[112.70762089000004,-7.0382564569999317,0],[112.70756512700007,-7.0382564569999317,0],[112.7074794670001,-7.038245748999941,0],[112.70744734400012,-7.0382171959999482,0],[112.70744641600004,-7.0382157619999361,0],[112.70740808300002,-7.0381565199999727,0],[112.70732956100005,-7.0381101199999421,0],[112.70726259300011,-7.0381009889999291,0],[112.70723230300007,-7.0381082289999313,0],[112.70719036200001,-7.0381279659999336,0],[112.70713226900011,-7.038142488999938,0],[112.70711897800004,-7.0381458119999252,0],[112.70704402500007,-7.038131534999934,0],[112.70699623000007,-7.0381107589999488,0],[112.70690800500006,-7.0381131439999649,0],[112.70685021800011,-7.0381165049999481,0],[112.70681452600002,-7.0381379199999401,0],[112.70678190900003,-7.0381860659999802,0],[112.70676973100001,-7.0382100459999606,0],[112.70676455800003,-7.0382771189999289,0],[112.70675385000004,-7.0383199489999697,0],[112.70671458900006,-7.0383163799999693,0],[112.70667394900011,-7.0382789169999569,0],[112.70660667800007,-7.0382670039999766,0],[112.70655250600009,-7.0382724699999812,0],[112.70652598700008,-7.0383012099999291,0],[112.70649571500007,-7.0383340169999542,0],[112.70645046900006,-7.0384305939999763,0],[112.70640406900009,-7.0385055469999429,0],[112.7063683770001,-7.0385483769999269,0],[112.70626130200003,-7.038576930999966,0],[112.70620510500009,-7.0385646379999685,0],[112.70614708700009,-7.0385519459999273,0],[112.70609711900011,-7.0385590849999744,0],[112.70606499600001,-7.0385947769999575,0],[112.70603644300002,-7.0386447449999423,0],[112.70603310200011,-7.0386658929999726,0],[112.70601889400007,-7.0387558359999502,0],[112.70599509900001,-7.0388034259999586,0],[112.70593561300007,-7.0388510149999775,0],[112.70589618300005,-7.0388575859999492,0],[112.70584034300009,-7.0388461599999346,0],[112.70578856700001,-7.0388098479999712,0],[112.70574256900011,-7.0387784159999569,0],[112.70572115400012,-7.038776630999962,0],[112.70567361300004,-7.0387880489999475,0],[112.70565590000001,-7.0388089819999777,0],[112.70561646700003,-7.038883238999972,0],[112.70561286200007,-7.0389132829999426,0],[112.70560248800007,-7.038999730999933,0],[112.70557419700003,-7.0390239809999571,0],[112.70554062400004,-7.0390246369999545,0],[112.70549739900002,-7.0390015839999478,0],[112.70546983100007,-7.0389574519999769,0],[112.70546850400001,-7.0389348999999584,0],[112.70546704100002,-7.038910026999929,0],[112.70547161800005,-7.0388472969999611,0],[112.70546864400001,-7.0388026819999254,0],[112.7054478230001,-7.0387550929999634,0],[112.70540023400008,-7.0387134519999677,0],[112.70535942100003,-7.0387038489999441,0],[112.70533926100006,-7.0387119649999477,0],[112.70532290200003,-7.0387283239999761,0],[112.70530245300006,-7.0387822339999389,0],[112.70529018400009,-7.0388353999999254,0],[112.70528423500002,-7.0388829889999442,0],[112.70526792800001,-7.0388889189999304,0],[112.70525151800007,-7.03889488599998,0],[112.70524230900003,-7.0388830459999667,0],[112.70523069800004,-7.0388681169999359,0],[112.70521564300009,-7.0388384249999376,0],[112.70517716000006,-7.0387580669999465,0],[112.70515931400007,-7.0387372469999718,0],[112.70512957000005,-7.0387194009999803,0],[112.70508198100003,-7.0387134519999677,0],[112.70503736600006,-7.0387194009999803,0],[112.70495111100001,-7.0387729389999549,0],[112.7049124450001,-7.0387907849999465,0],[112.70484994800006,-7.0387930989999745,0],[112.70483213800003,-7.0387937589999297,0],[112.70479347200001,-7.0387818619999507,0],[112.70479268400004,-7.0387799719999293,0],[112.70477860000005,-7.0387461699999676,0],[112.70480239500012,-7.0387164269999403,0],[112.70484483600001,-7.038669294999977,0],[112.70486188100006,-7.0386242219999531,0],[112.70485295800006,-7.0385677099999384,0],[112.70482024100011,-7.0385230949999595,0],[112.7047726510001,-7.0385171469999364,0],[112.70471316500004,-7.0385260699999321,0],[112.70465962700007,-7.0385409409999511,0],[112.70463285800008,-7.0385825819999468,0],[112.70461798600002,-7.0386747859999446,0],[112.70462096100005,-7.0387342729999318,0],[112.70461872300007,-7.0387400929999444,0],[112.70460608900009,-7.0387729389999549,0],[112.70456742300007,-7.0387788869999781,0],[112.70453470500001,-7.0387550929999634,0],[112.70453173100009,-7.0387223749999634,0],[112.70453280900006,-7.0387203979999526,0],[112.70454957700008,-7.0386896579999529,0],[112.70454932700011,-7.0386326739999276,0],[112.70452578200002,-7.0385706849999679,0],[112.70449306500007,-7.0385349929999279,0],[112.70444845000009,-7.038502274999928,0],[112.70440680900003,-7.0384874029999764,0],[112.70434732300009,-7.0384874029999764,0],[112.70432114800008,-7.0385004899999331,0],[112.70428675300002,-7.038532522999958,0],[112.70425809300002,-7.0385796079999636,0],[112.70425214400007,-7.0386271969999257,0],[112.70424883800001,-7.03865529899997,0],[112.7042461960001,-7.0386777599999277,0],[112.70421347800004,-7.0387104779999277,0],[112.70416291400011,-7.0387312979999592,0],[112.70412127400004,-7.0387312979999592,0],[112.70410045400001,-7.0387015549999319,0],[112.70410937700001,-7.0386599139999362,0],[112.70413317100008,-7.0386301709999657,0],[112.7041338360001,-7.0386289359999523,0],[112.70415399100011,-7.0385915049999426,0],[112.70415399100011,-7.0385409409999511,0],[112.70413912000004,-7.0384933519999322,0],[112.70410640200009,-7.0384665829999449,0],[112.70405881300007,-7.0384606349999785,0],[112.70402014700005,-7.0384606349999785,0],[112.70398445500007,-7.0384665829999449,0],[112.70394825400001,-7.0384883299999501,0],[112.70390712200003,-7.0385349929999279,0],[112.70388630200011,-7.0385647359999552,0],[112.70387668000001,-7.0385699839999347,0],[112.70385358400006,-7.0385825819999468,0],[112.70382384100003,-7.038573658999951,0],[112.70380335700008,-7.0385531749999473,0],[112.70379409800012,-7.0385439159999805,0],[112.70374353400007,-7.0385230949999595,0],[112.70369594500005,-7.0385260699999321,0],[112.70369187800009,-7.0385276189999786,0],[112.70363348400008,-7.0385498639999469,0],[112.7035799460001,-7.0385558129999595,0],[112.70352046000005,-7.0385201209999764,0],[112.70346076200008,-7.0384746369999789,0],[112.70345799900008,-7.0384725319999575,0],[112.70338468900002,-7.03842240299997,0],[112.70334200000002,-7.0383624819999682,0],[112.70329143700008,-7.0383565329999556,0],[112.70324080700004,-7.0383749389999366,0],[112.70318871000006,-7.0383755149999274,0],[112.7031456950001,-7.038363224999955,0],[112.70301878900011,-7.0383009769999489,0],[112.7029734680001,-7.0382698359999267,0],[112.70294145800005,-7.0382358249999584,0],[112.70291766300011,-7.038206081999931,0],[112.70288494600004,-7.0381763389999605,0],[112.70283735600003,-7.0381525439999564,0],[112.70278976700001,-7.0381049549999375,0],[112.70277192100002,-7.0380573649999292,0],[112.70272730600004,-7.0380246479999755,0],[112.70264997400011,-7.0380127509999397,0],[112.70252505200006,-7.0379949049999482,0],[112.70231982400003,-7.0379443409999567,0],[112.70227223400002,-7.0379502899999693,0],[112.70224249100011,-7.0379473149999399,0],[112.70223059400007,-7.0379383919999441,0],[112.70222464500011,-7.0379175719999694,0],[112.70223654200004,-7.0378372649999505,0],[112.70223356800011,-7.0377807529999359,0],[112.70222464500011,-7.0377510099999654,0],[112.70221274800008,-7.0377272149999612,0],[112.70219192800005,-7.0377123439999423,0],[112.70217110700003,-7.0377063949999297,0],[112.70208115700007,-7.0377159249999295,0],[112.70203428800005,-7.0377301899999338,0],[112.70198669900003,-7.0377718299999401,0],[112.70196621600007,-7.0378080689999365,0],[112.70194803300001,-7.03784023999998,0],[112.7019004440001,-7.0378699829999505,0],[112.70187070000009,-7.0378580859999715,0],[112.70185880300005,-7.0378223939999316,0],[112.70179667400009,-7.0377183229999787,0],[112.70169991800003,-7.037667105999958,0],[112.70160003700005,-7.0376469079999424,0],[112.70156731900011,-7.0376290619999509,0],[112.70155791800005,-7.0376071699999443,0],[112.70155682600011,-7.0375913609999543,0],[112.70155579100003,-7.037576367999975,0],[112.70157326800006,-7.0375457809999489,0],[112.70159706200002,-7.0375071149999258,0],[112.70159111400005,-7.0374624999999469,0],[112.70156713400002,-7.0374385199999665,0],[112.70153757600008,-7.0374357309999596,0],[112.70150485800002,-7.0374357309999596,0],[112.70145429500008,-7.0374387059999322,0],[112.70137993600008,-7.0374238339999806,0],[112.70133748000001,-7.0374187389999747,0],[112.70127381700001,-7.0373955009999349,0],[112.7012520400001,-7.0373821929999281,0],[112.70118363100005,-7.0373256809999702,0],[112.70114793900007,-7.0372602459999598,0],[112.70110035000005,-7.0372334769999725,0],[112.70104086300012,-7.0371769649999578,0],[112.70098488700012,-7.037155175999942,0],[112.70093676200008,-7.0371531699999537,0],[112.70090290500002,-7.0371569319999594,0],[112.70085645500001,-7.0371620929999494,0],[112.7008177890001,-7.0371382989999347,0],[112.70080291700003,-7.0371115299999474,0],[112.70078266200005,-7.0370595689999504,0],[112.70072277400004,-7.0370110779999777,0],[112.70066561400006,-7.036990957999933,0],[112.70061509100003,-7.0369572679999806,0],[112.7005768680001,-7.0369152239999266,0],[112.70055132300001,-7.0368822309999359,0],[112.70054215100004,-7.0368648249999524,0],[112.70052638400011,-7.0368349009999633,0],[112.70052333100011,-7.0368200459999457,0],[112.70049656200001,-7.0368081479999773,0],[112.70047530500005,-7.0368106989999433,0],[112.70042220300002,-7.0368170709999731,0],[112.70038353700011,-7.0368259939999689,0],[112.70036271700008,-7.0368200459999457,0],[112.70034784500001,-7.0367843539999626,0],[112.70033892200001,-7.0367308159999311,0],[112.7002801110001,-7.036652647999972,0],[112.6999566290001,-7.0363907199999289,0],[112.69991753400006,-7.0363772969999445,0],[112.69987492700011,-7.0363828199999716,0],[112.69986005600003,-7.0364036399999463,0],[112.69985410700008,-7.0364333829999737,0],[112.69983626100009,-7.0364512289999652,0],[112.6998094920001,-7.0364482549999252,0],[112.69978867200007,-7.0364185119999547,0],[112.69978569800003,-7.0363828199999716,0],[112.69977677500003,-7.0363471279999317,0],[112.69976785200004,-7.036305486999936,0],[112.69973216000005,-7.0362668209999697,0],[112.69970539100007,-7.0362430259999655,0],[112.69967968900005,-7.0361664789999736,0],[112.69964964400003,-7.036122675999934,0],[112.69961020100004,-7.0361115639999525,0],[112.6995863300001,-7.0361082559999772,0],[112.6995590360001,-7.0361141679999264,0],[112.69953882900006,-7.036127027999953,0],[112.69950908500005,-7.0361210789999404,0],[112.69949123900005,-7.0360943099999531,0],[112.69948826500001,-7.0360675409999658,0],[112.69945269100003,-7.0359870849999311,0],[112.69938994600011,-7.0359374989999424,0],[112.69920756100009,-7.035818034999977,0],[112.69913709200011,-7.0357487409999635,0],[112.69911032300001,-7.0357130489999804,0],[112.69910140000002,-7.0356833059999531,0],[112.69911329800004,-7.0356565369999657,0],[112.69912222100004,-7.0356000249999511,0],[112.69911627200008,-7.0355494609999596,0],[112.69908296300002,-7.0355156669999701,0],[112.69902406800009,-7.0354929489999449,0],[112.69895268400001,-7.0354751029999534,0],[112.6988961720001,-7.035445359999926,0],[112.69888130000004,-7.0354066929999703,0],[112.69889435900006,-7.0353887379999378,0],[112.6989259290001,-7.0353727509999544,0],[112.69895565800005,-7.0353710019999767,0],[112.69900324800005,-7.0353710019999767,0],[112.6990337200001,-7.0353459069999644,0],[112.69905381100011,-7.035329360999981,0],[112.69905770800005,-7.035307927999952,0],[112.69904804400005,-7.0352891979999299,0],[112.69901031400002,-7.0352652219999641,0],[112.69894971000008,-7.0352044389999264,0],[112.69893781200005,-7.0351687469999433,0],[112.69893186400009,-7.0351300809999771,0],[112.6989132540001,-7.0351114719999259,0],[112.69889803000001,-7.0351047439999661,0],[112.69888184200011,-7.0351039339999488,0],[112.69886159900011,-7.035107403999973,0],[112.6988130630001,-7.0351328569999509,0],[112.69876827600001,-7.0351776699999391,0],[112.69875886400007,-7.0351980639999283,0],[112.69874759400011,-7.0352343019999353,0],[112.69874473900006,-7.0352466749999394,0],[112.69874378700001,-7.03525809599995,0],[112.69873902800009,-7.0352666619999695,0],[112.69872570300004,-7.0352704689999541,0],[112.69870571600006,-7.035267613999963,0],[112.69869239100001,-7.0352609519999305,0],[112.69867166200004,-7.0352379939999423,0],[112.69866762400011,-7.035230591999948,0],[112.6986598850001,-7.0351868219999574,0],[112.69866098200009,-7.035151495999969,0],[112.69866003000004,-7.0351400749999584,0],[112.69866003000004,-7.0351277019999543,0],[112.69865622300006,-7.0351172319999478,0],[112.69864385000005,-7.0351105699999721,0],[112.69861955900001,-7.0351092609999455,0],[112.6985972120001,-7.0351020039999526,0],[112.69859911600008,-7.0350858229999744,0],[112.69860958600009,-7.0350705949999792,0],[112.69861910300006,-7.0350458479999816,0],[112.69861577800009,-7.0350349659999551,0],[112.69860863400004,-7.0350115839999603,0],[112.69860006800002,-7.0349934999999277,0],[112.69859150200011,-7.0349744639999585,0],[112.69857912800001,-7.0349649469999349,0],[112.6985581890001,-7.0349630429999479,0],[112.69854010500001,-7.034967801999926,0],[112.69851535900011,-7.0349792229999366,0],[112.69849822700007,-7.0349782719999325,0],[112.69847538400006,-7.0349630429999479,0],[112.69846491400006,-7.0349449589999722,0],[112.6984534930001,-7.034924971999942,0],[112.69842969800004,-7.0349145019999355,0],[112.69840971100007,-7.034915453999929,0],[112.69839733800006,-7.0349183089999769,0],[112.69838877200004,-7.0349287789999266,0],[112.6983897230001,-7.0349449589999722,0],[112.69839828900001,-7.0349601879999568,0],[112.6984084720001,-7.0349797689999605,0],[112.69841066300012,-7.0349839819999715,0],[112.69842346900009,-7.0350127759999737,0],[112.69842141800007,-7.0350327479999351,0],[112.69840765300012,-7.0350486819999674,0],[112.69838161300004,-7.035058696999954,0],[112.69832510100002,-7.0350527489999308,0],[112.69829535800011,-7.0350438259999351,0],[112.69823289700003,-7.0349932619999436,0],[112.69820017900008,-7.0349545959999773,0],[112.6981564350001,-7.0349126609999644,0],[112.69806887900006,-7.0349049689999674,0],[112.69802997700003,-7.034908302999952,0],[112.697945602,-7.0349272789999304,0],[112.69787895200011,-7.0349635189999731,0],[112.697861106,-7.0349813649999646,0],[112.69784920900008,-7.0350021849999393,0],[112.69785218300001,-7.0350230049999709,0],[112.69787895200011,-7.0350259799999435,0],[112.69790869500002,-7.0350319279999667,0],[112.69792951600004,-7.035058696999954,0],[112.69792356700009,-7.0351003379999497,0],[112.6978967980001,-7.0350973639999665,0],[112.69785218300001,-7.0350705949999792,0],[112.69778079900004,-7.0350497739999582,0],[112.69769751800004,-7.0350230049999709,0],[112.69767372400008,-7.0349813649999646,0],[112.69767563400001,-7.0349401599999624,0],[112.69770346700011,-7.0348832119999543,0],[112.69773915900009,-7.034820750999927,0],[112.69776890200001,-7.0347791109999775,0],[112.69778888500002,-7.0347426719999362,0],[112.69788490100007,-7.0346393169999715,0],[112.69795033600008,-7.0345947019999358,0],[112.69801577100009,-7.0345560359999695,0],[112.6980722830001,-7.0344965499999716,0],[112.69810500100004,-7.0344400369999676,0],[112.69811689800008,-7.0343775769999297,0],[112.69812582100008,-7.0343299869999782,0],[112.69811987300011,-7.0343032179999341,0],[112.69808418100001,-7.034288346999972,0],[112.69802469400008,-7.0342913209999551,0],[112.69798373000003,-7.0342860559999281,0],[112.69794471900002,-7.034265224999956,0],[112.69791167000005,-7.0342258859999447,0],[112.6979057210001,-7.0341931679999448,0],[112.6979057210001,-7.0341604509999343,0],[112.69792951600004,-7.0341366559999301,0],[112.69795925900007,-7.0341039389999764,0],[112.69796223300011,-7.0340712209999765,0],[112.69793843900004,-7.0340533749999281,0],[112.69788396100012,-7.0340344259999483,0],[112.69785599700003,-7.0340426099999718,0],[112.69782838900005,-7.0340682469999365,0],[112.69777782500012,-7.0341039389999764,0],[112.69772641200007,-7.0341101389999494,0],[112.69766160900008,-7.0340621169999622,0],[112.69765998500009,-7.0340609129999621,0],[112.6976380320001,-7.0339998369999535,0],[112.6976380320001,-7.0339492739999514,0],[112.69763505700007,-7.0338897869999641,0],[112.69760234000012,-7.0338778899999284,0],[112.69756069900006,-7.033886812999981,0],[112.69752203300004,-7.0339076329999557,0],[112.69745950800007,-7.0339441779999561,0],[112.69739780500004,-7.0339582619999419,0],[112.69739152500006,-7.0339622199999781,0],[112.69734380400007,-7.0339922929999261,0],[112.6973138300001,-7.0340438569999719,0],[112.69726029200001,-7.0340866869999559,0],[112.69718890900003,-7.034100963999947,0],[112.69713537100006,-7.034079548999955,0],[112.69702912500009,-7.0339870819999533,0],[112.69696761900002,-7.0339260739999645,0],[112.69694664600001,-7.0339077219999808,0],[112.69689290200006,-7.0338751779999598,0],[112.69684269700008,-7.033872535999933,0],[112.69675703600001,-7.033893950999925,0],[112.69669636000003,-7.0338761049999334,0],[112.69663925300006,-7.0338475519999406,0],[112.69659642300007,-7.0338404129999503,0],[112.69654154900002,-7.0338619699999754,0],[112.69649648500001,-7.0338796739999339,0],[112.69642153200004,-7.0339403509999556,0],[112.69636442500007,-7.03398674999994,0],[112.6962930410001,-7.0340509959999622,0],[112.696239504,-7.034100963999947,0],[112.69620024200003,-7.0341616409999688,0],[112.69618239700003,-7.0342116089999536,0],[112.69619783100006,-7.0342424779999533,0],[112.69622579200006,-7.0342564259999563,0],[112.69625021100001,-7.0342651469999282,0],[112.6962930410001,-7.034286561999977,0],[112.69631802600009,-7.0343222539999601,0],[112.6962859030001,-7.0343686539999339,0],[112.696239504,-7.0343757919999348,0],[112.69618596600003,-7.0343436689999521,0],[112.69613599700006,-7.0343151159999593,0],[112.69606461300009,-7.0342615779999278,0],[112.69626091900011,-7.0339796119999392,0],[112.6962823340001,-7.0338975199999254,0],[112.69629744000008,-7.0337993319999441,0],[112.6963108870001,-7.0337119219999522,0],[112.69631445700008,-7.0336405389999754,0],[112.69632516400009,-7.0335477399999604,0],[112.6963108870001,-7.0334834939999382,0],[112.6962751960001,-7.0334549409999454,0],[112.69625021100001,-7.0334263869999631,0],[112.69619667300003,-7.0333121729999561,0],[112.69616455100004,-7.0332800499999735,0],[112.69605390600009,-7.0332514969999806,0],[112.69596467600002,-7.0332158049999407,0],[112.69588615400005,-7.0331765439999572,0],[112.6957911930001,-7.0331780109999613,0],[112.69575193200001,-7.0331637339999702,0],[112.69569125600003,-7.0331708729999605,0],[112.69563058000006,-7.0331815799999617,0],[112.69556633400009,-7.0331565959999693,0],[112.6955377810001,-7.033117334999929,0],[112.69550565800012,-7.0330816429999459,0],[112.69545925900002,-7.0330602279999539,0],[112.69536646000006,-7.0330673659999547,0],[112.69526295300011,-7.0330923499999471,0],[112.69516301600004,-7.0331316119999769,0],[112.69507735500008,-7.0331565959999693,0],[112.69498223900007,-7.0331805099999656,0],[112.69485249600007,-7.0332529639999279,0],[112.6947739740001,-7.0333100709999599,0],[112.69471686700001,-7.0333529009999438,0],[112.69465619000005,-7.0333564709999337,0],[112.69460622200006,-7.0333136399999603,0],[112.69457766800008,-7.0332708099999763,0],[112.69446345400002,-7.0331958569999529,0],[112.6943497630001,-7.0331653549999373,0],[112.69428189400003,-7.0331606599999645,0],[112.69422431800001,-7.0331673029999706,0],[112.69413865800004,-7.0331851489999622,0],[112.69406370500008,-7.0332279799999355,0],[112.69399945900011,-7.0332922249999683,0],[112.69393878300002,-7.0333529009999438,0],[112.69387453700006,-7.0333885929999269,0],[112.69380672300008,-7.0333993009999745,0],[112.69372820100011,-7.0334456999999588,0],[112.69368894000002,-7.0335063769999806,0],[112.69366752400003,-7.0335813299999472,0],[112.69364254000004,-7.0336205909999308,0],[112.69358900200007,-7.0336027449999392,0],[112.69357472500008,-7.0335456379999641,0],[112.69357829500007,-7.0334885309999322,0],[112.69356758700008,-7.0334207159999664,0],[112.69355827700008,-7.0333718409999619,0],[112.69349926300004,-7.0332658589999255,0],[112.69346765000012,-7.0331958569999529,0],[112.69346051100001,-7.0331601649999698,0],[112.69345337300001,-7.0331280419999302,0],[112.69339983500004,-7.0330780739999454,0],[112.6933496690001,-7.0330473269999629,0],[112.69328919000009,-7.0330102589999797,0],[112.69319282200001,-7.0329567209999482,0],[112.69315356100003,-7.0329031829999735,0],[112.69316069900003,-7.0328567839999323,0],[112.69313928400004,-7.0327996769999572,0],[112.69310670900006,-7.0327861039999675,0],[112.69307223800001,-7.0327956679999488,0],[112.69304648500008,-7.0328103839999585,0],[112.69298224000011,-7.0328282299999501,0],[112.69291799400003,-7.032792537999967,0],[112.69287516400004,-7.0327318619999346,0],[112.69283264600006,-7.0327200519999451,0],[112.69279485700008,-7.0327300769999397,0],[112.69277879600008,-7.0327461389999257,0],[112.69276451900009,-7.0328139529999589,0],[112.69275602800008,-7.032835180999939,0],[112.6927431040001,-7.0328674909999336,0],[112.69269670400001,-7.0328603529999327,0],[112.69265744300003,-7.0328282299999501,0],[112.69264388200008,-7.0327956839999501,0],[112.69262175100005,-7.0327425699999253,0],[112.69260033600005,-7.0327068779999422,0],[112.69257892100006,-7.0326854629999502,0],[112.69255036700008,-7.0326426319999769,0],[112.6924789840001,-7.0325855249999449,0],[112.69242187700002,-7.0325105719999783,0],[112.69240403100002,-7.0324427579999451,0],[112.69234335400006,-7.0323856499999806,0],[112.69221843300011,-7.0323713739999789,0],[112.69212563400004,-7.0323820809999802,0],[112.69207566500006,-7.032335681999939,0],[112.69202212700009,-7.0322964209999554,0],[112.69196145100011,-7.0322535899999252,0],[112.69191862100001,-7.0322071909999408,0],[112.69181511400006,-7.0322036219999404,0],[112.69172945300011,-7.0321929139999497,0],[112.69164022400003,-7.0322036219999404,0],[112.69157954700006,-7.0322071909999408,0],[112.69152244000009,-7.0321964829999501,0],[112.69146533300011,-7.0321643609999569,0],[112.69141536500001,-7.0321358069999746,0],[112.69137967300003,-7.0321250989999271,0],[112.69131899600006,-7.0321358069999746,0],[112.69127616600008,-7.0321322379999742,0],[112.6912369050001,-7.0321036839999351,0],[112.69120835100011,-7.0320537159999503,0],[112.69117979800001,-7.0320287309999685,0],[112.69113339800003,-7.0320073159999765,0],[112.6909834920001,-7.0319716239999366,0],[112.69088355500003,-7.0319430709999438,0],[112.69074435700009,-7.0318931019999695,0],[112.69065155800001,-7.0318645489999767,0],[112.69050522100008,-7.0318502719999287,0],[112.69039814500002,-7.0318467029999283,0],[112.6902054090001,-7.0318288569999368,0],[112.69008048700005,-7.0318038719999549,0],[112.69003051800007,-7.0317646109999714,0],[112.69000553400008,-7.0317146419999403,0],[112.68999482600009,-7.0316611049999551,0],[112.68998055000009,-7.0316289819999724,0],[112.68995913400011,-7.0316111359999809,0],[112.68990559700001,-7.031625412999972,0],[112.68987347400002,-7.0316611049999551,0],[112.68983064300005,-7.0316860889999475,0],[112.68979138200007,-7.0316718119999564,0],[112.68976282900007,-7.031646827999964,0],[112.68973427500009,-7.0316182739999249,0],[112.68967716800012,-7.0316182739999249,0],[112.68960935400003,-7.0316396889999737,0],[112.68952369300007,-7.0316396889999737,0],[112.68943803200011,-7.0316218429999253,0],[112.68935937800006,-7.0315996929999756,0],[112.68927137800006,-7.0315294359999712,0],[112.68923696400009,-7.0314755939999714,0],[112.68923788000006,-7.031450642999971,0],[112.68926671100007,-7.0314148299999601,0],[112.68928812600006,-7.0313934149999682,0],[112.68931668000005,-7.0313755689999766,0],[112.68935594100003,-7.0313684309999758,0],[112.68939163300001,-7.0313612929999749,0],[112.68941661700001,-7.0313577229999282,0],[112.68943803200011,-7.0313434469999265,0],[112.6894487400001,-7.0313148929999443,0],[112.6894416020001,-7.0312756319999608,0],[112.68939877100001,-7.0312292319999301,0],[112.68937021800002,-7.0311828329999457,0],[112.68935594100003,-7.0311400029999618,0],[112.68929526500006,-7.0310828959999299,0],[112.68926671100007,-7.0310293579999552,0],[112.68924172700008,-7.0309722509999801,0],[112.68923458900008,-7.0309080049999579,0],[112.6892096040001,-7.0308794519999651,0],[112.68916320500011,-7.0308723129999748,0],[112.68907134400001,-7.030835533999948,0],[112.68891463800003,-7.0306749349999791,0],[112.68883127000004,-7.0305475169999454,0],[112.68881342400005,-7.0305011169999716,0],[112.68880628600004,-7.0304654249999317,0],[112.68879914700005,-7.030429733999938,0],[112.68878487000006,-7.0304083179999566,0],[112.68875988600007,-7.0304154569999469,0],[112.68873490200008,-7.0304475789999401,0],[112.68872068400003,-7.0304761619999567,0],[112.6886777950001,-7.03048327099998,0],[112.68865637900001,-7.0304582869999308,0],[112.68864924100001,-7.0304368719999388,0],[112.68865538200009,-7.0304092379999474,0],[112.68866351800011,-7.0303726259999735,0],[112.68867422500011,-7.0303297959999327,0],[112.6887063480001,-7.03029767299995,0],[112.68874917800008,-7.0302833969999483,0],[112.68877773200006,-7.0302619819999563,0],[112.68877773200006,-7.0302298589999737,0],[112.68874917800008,-7.0301763209999422,0],[112.6886885020001,-7.0301656129999515,0],[112.68865637900001,-7.0301584749999506,0],[112.68860816000006,-7.0301492899999403,0],[112.68854573500005,-7.0301513369999498,0],[112.68849933500007,-7.0301584749999506,0],[112.68846364300009,-7.0301441979999595,0],[112.68846007400009,-7.030104936999976,0],[112.68847435100008,-7.0300549679999449,0],[112.68851004300006,-7.029990722999969,0],[112.68855287300005,-7.0299300469999366,0],[112.68856358100004,-7.02985509399997,0],[112.68853145800006,-7.0298158329999296,0],[112.68850290400007,-7.0297979869999381,0],[112.68846721200009,-7.0297979869999381,0],[112.6884457970001,-7.0298086939999394,0],[112.68841724400011,-7.0298479549999797,0],[112.68837798300001,-7.0299193389999459,0],[112.68831016800004,-7.0299835849999681,0],[112.68824235300008,-7.0300406919999432,0],[112.68815136800004,-7.0301331739999569,0],[112.68805675500005,-7.0302477049999652,0],[112.6879139880001,-7.0304083179999566,0],[112.6876855590001,-7.03063674699996,0],[112.68747140800008,-7.030865174999974,0],[112.68732462900005,-7.0309868529999449,0],[112.68715346100009,-7.0311773079999398,0],[112.68689435600004,-7.0314544379999688,0],[112.68684956800007,-7.0314850739999315,0],[112.68683386300006,-7.0314907849999599,0],[112.68681815900004,-7.0314950679999697,0],[112.6868067370001,-7.0315036339999324,0],[112.68679674300006,-7.0315207659999714,0],[112.68678246700006,-7.0315564579999545,0],[112.68678082700001,-7.0315623439999513,0],[112.68675807500006,-7.0315920739999456,0],[112.68672821500002,-7.031607853999958,0],[112.6867039440001,-7.0316221309999491,0],[112.68667539100011,-7.0316364079999403,0],[112.68664112700003,-7.0316535399999793,0],[112.68662256700009,-7.0316592509999509,0],[112.68660400700003,-7.0316806659999429,0],[112.68659115800006,-7.0317120749999731,0],[112.68657545400004,-7.0317520499999659,0],[112.68655118300001,-7.0317948799999499,0],[112.68652976800001,-7.031819149999933,0],[112.68650692500012,-7.0318334269999809,0],[112.68647837200001,-7.0318405659999712,0],[112.68646266700011,-7.0318434209999623,0],[112.68644268000003,-7.0318505589999631,0],[112.68640984300009,-7.0318576979999534,0],[112.68636701300011,-7.0318605529999445,0],[112.68631847200004,-7.0318648359999543,0],[112.68628278000006,-7.0318776849999267,0],[112.68625708200011,-7.0318962449999276,0],[112.68623709400003,-7.0319247979999773,0],[112.68622281700004,-7.0319476409999311,0],[112.68620711300002,-7.0319747669999515,0],[112.68619569200007,-7.0320133139999257,0],[112.68618427000001,-7.0320547169999372,0],[112.68617855900004,-7.0320704209999576,0],[112.68616428300004,-7.0321004029999585,0],[112.68615428900011,-7.0321289559999514,0],[112.68615000600005,-7.0321589369999629,0],[112.68616285500002,-7.0321989119999557,0],[112.68615571700002,-7.0322117609999282,0],[112.68613430200003,-7.0322303209999291,0],[112.68610289300011,-7.0322588749999682,0],[112.68607433900002,-7.0322931389999326,0],[112.68593626300003,-7.032443470999965,0],[112.68590470600009,-7.0324747159999674,0],[112.68582449600001,-7.0325415549999661,0],[112.68579308700009,-7.0325672529999679,0],[112.68576764700003,-7.0325767929999756,0],[112.68574740100007,-7.0325843849999501,0],[112.68573026900003,-7.0325886679999599,0],[112.68571028200006,-7.0325886679999599,0],[112.68567744500001,-7.0325943789999315,0],[112.68564460800008,-7.0326086559999794,0],[112.68562890400005,-7.0326200769999332,0],[112.68560748900006,-7.0326229319999811,0],[112.68557787600002,-7.0326038349999749,0],[112.68555331300001,-7.0326019569999403,0],[112.68551697800001,-7.0326079959999674,0],[112.68550279400006,-7.0326160459999301,0],[112.68546967000009,-7.0326348459999508,0],[112.68541306900011,-7.0326525279999714,0],[112.6853762070001,-7.0326554379999493,0],[112.68533640900012,-7.0326501659999394,0],[112.68529964600009,-7.0326334909999559,0],[112.6852782310001,-7.032612075999964,0],[112.68526395400011,-7.0325859019999371,0],[112.68523302100004,-7.0325454509999759,0],[112.68519732900006,-7.03250737999997,0],[112.68516401700003,-7.0324931029999789,0],[112.68513308400009,-7.0324954819999448,0],[112.68509501200003,-7.03250737999997,0],[112.68507734700006,-7.0325437489999558,0],[112.68506883800001,-7.0325882809999598,0],[112.68506883800001,-7.032621593999977,0],[112.68505218200005,-7.0326477679999471,0],[112.68501649000007,-7.0326572859999601,0],[112.68497841900012,-7.0326501469999698,0],[112.68495938300009,-7.0326311119999332,0],[112.68495938300009,-7.0326049379999631,0],[112.68497603900005,-7.0325644869999451,0],[112.68498725100005,-7.0325487909999538,0],[112.68499983400011,-7.0325311739999279,0],[112.68500697200011,-7.0325002409999797,0],[112.68499031600004,-7.032485964999978,0],[112.68495700400001,-7.0324931029999789,0],[112.68492369100011,-7.03250737999997,0],[112.68489143300008,-7.0325434319999545,0],[112.68487668400007,-7.0325771739999254,0],[112.68486872700009,-7.0326070129999607,0],[112.6848546870001,-7.032659664999926,0],[112.68484279000006,-7.032695356999966,0],[112.68483803100003,-7.0327143929999352,0],[112.68481423600008,-7.0327143929999352,0],[112.68475020500011,-7.0327001629999586,0],[112.68468336600006,-7.0326763209999399,0],[112.68463815600001,-7.0326525269999252,0],[112.68463339700008,-7.0326311119999332,0],[112.68464579100009,-7.0326063239999712,0],[112.68465243300011,-7.0325930399999379,0],[112.68467860700002,-7.0325621069999329,0],[112.68470954000009,-7.0325264149999498,0],[112.68473571400011,-7.0324883439999439,0],[112.6847714060001,-7.0324597909999511,0],[112.68479282100009,-7.032440754999925,0],[112.68481899500011,-7.032414580999955,0],[112.68483089200004,-7.0323884069999281,0],[112.68484041000011,-7.0323455759999547,0],[112.68483565100007,-7.0323075049999488,0],[112.68483803100003,-7.0322622949999527,0],[112.68482375400004,-7.0322337419999599,0],[112.68480471800001,-7.0322051879999776,0],[112.68478330300002,-7.0321623579999368,0],[112.68476902600003,-7.0321100099999398,0],[112.68475475000002,-7.0320600409999656,0],[112.68474523200007,-7.0320148309999695,0],[112.68473095500008,-7.0319791389999295,0],[112.68469764200006,-7.0319482059999814,0],[112.68465005300004,-7.0319386889999578,0],[112.68458580800007,-7.0319148939999536,0],[112.68449538800007,-7.0318720639999697,0],[112.6844382810001,-7.0318197159999727,0],[112.68440496900007,-7.0317887829999677,0],[112.68439545100011,-7.0317530909999277,0],[112.68442162500003,-7.0317150189999325,0],[112.68444779900005,-7.0316674299999704,0],[112.68444066100005,-7.0316364969999654,0],[112.68441924600006,-7.0316150819999734,0],[112.68437403600001,-7.0316245999999296,0],[112.6843478620001,-7.0316483939999443,0],[112.68431692900003,-7.0316531529999793,0],[112.68430265200004,-7.0316317379999305,0],[112.68429789300001,-7.0316031849999376,0],[112.68427885700009,-7.0315746309999554,0],[112.6842574420001,-7.0315722519999326,0],[112.68422888900011,-7.0315865279999343,0],[112.68421937100004,-7.0316341179999426,0],[112.68420747300001,-7.0316936039999405,0],[112.68418367900006,-7.0317269169999577,0],[112.68412657200008,-7.0317435729999715,0],[112.68408136200003,-7.0317721259999644,0],[112.68403377300001,-7.0318078179999475,0],[112.68400284000006,-7.0318078179999475,0],[112.68397904500011,-7.0317959209999685,0],[112.68395763000001,-7.0317649879999635,0],[112.68395287100009,-7.0317316749999463,0],[112.68395049200001,-7.0317007419999413,0],[112.68392669700006,-7.0316698089999363,0],[112.68389576400011,-7.0316483939999443,0],[112.68388862600011,-7.0316103229999385,0],[112.68386245200008,-7.0315793899999335,0],[112.68383865700002,-7.0315555949999293,0],[112.68379582700004,-7.0315318009999714,0],[112.68375537600002,-7.0314865909999753,0],[112.68375537600002,-7.0314461399999573,0],[112.68376013500006,-7.0314247249999653,0],[112.68374823800002,-7.0313985509999384,0],[112.68371730500007,-7.0313414439999633,0],[112.68367685400005,-7.0312771979999411,0],[112.68363640300004,-7.0312748189999752,0],[112.68358643400006,-7.0312914749999322,0],[112.68357215700007,-7.0313176489999591,0],[112.6835840550001,-7.0313557209999544,0],[112.68361260800009,-7.0313747559999342,0],[112.68364116200007,-7.0313866539999594,0],[112.68365305900011,-7.0314152069999523,0],[112.68364592100011,-7.0314437609999345,0],[112.68361736700001,-7.0314746939999395,0],[112.6835911930001,-7.0315175239999803,0],[112.68359357300005,-7.0315603539999643,0],[112.68361498800004,-7.0315912869999693,0],[112.68364592100011,-7.0316174609999393,0],[112.68367209500002,-7.0316293589999646,0],[112.68369351000001,-7.0316483939999443,0],[112.68367923300002,-7.0316959839999527,0],[112.68368399200006,-7.0317269169999577,0],[112.68369113000006,-7.0317507109999724,0],[112.68370778700012,-7.0317768849999425,0],[112.68370540700005,-7.0318006799999466,0],[112.68367923300002,-7.0318292329999394,0],[112.68365068000003,-7.0318268539999735,0],[112.68362688500008,-7.0318078179999475,0],[112.68360309000002,-7.0318030589999694,0],[112.68358643400006,-7.0318125769999256,0],[112.68357453700003,-7.0318387509999525,0],[112.68356042900007,-7.0318924349999747,0],[112.68353170700004,-7.0319624829999725,0],[112.68351267100002,-7.0319981749999556,0],[112.6834864970001,-7.0320195899999476,0],[112.68344842500005,-7.0320172109999248,0],[112.68342225100002,-7.0320053129999565,0],[112.6834174920001,-7.0319743799999515,0],[112.68340559500007,-7.0319434469999464,0],[112.68338893900011,-7.0319267909999326,0],[112.68335800600005,-7.0319339299999797,0],[112.68332945200007,-7.0319648629999278,0],[112.68330803700007,-7.0320100719999346,0],[112.68328900200004,-7.0320291079999606,0],[112.68326758600006,-7.0320172109999248,0],[112.68325331000005,-7.0319910369999548,0],[112.6832509300001,-7.0319434469999464,0],[112.68326494300004,-7.0319006299999387,0],[112.68327948400008,-7.0318649249999794,0],[112.68328186300005,-7.0318244739999614,0],[112.68328186300005,-7.0317911619999336,0],[112.68327234500009,-7.0317673669999294,0],[112.68324855100002,-7.0317459519999375,0],[112.68320572000005,-7.0317031219999535,0],[112.68317716700005,-7.0316793269999494,0],[112.68313195700011,-7.0316769479999266,0],[112.6830915060001,-7.0317031219999535,0],[112.68305819400007,-7.0317578499999627,0],[112.68303677900008,-7.0318149569999377,0],[112.68302250200009,-7.0318530279999436,0],[112.68297729200003,-7.0318887199999267,0],[112.68295111800001,-7.0318910989999495,0],[112.68293446200005,-7.0318815809999364,0],[112.68291304700006,-7.0318815809999364,0],[112.68289401100003,-7.0318887199999267,0],[112.68285585900003,-7.0319119759999467,0],[112.68281835100004,-7.0319043939999801,0],[112.68279645300004,-7.0318934789999616,0],[112.68277741700001,-7.0318815809999364,0],[112.68272269000011,-7.0318506489999777,0],[112.68267272100002,-7.0318220949999386,0],[112.68262037300008,-7.0317745059999766,0],[112.68258706100005,-7.0317388139999366,0],[112.682520436,-7.0317173989999446,0],[112.68247046700003,-7.0317269169999577,0],[112.68240860100002,-7.0317768849999425,0],[112.68237528900011,-7.0318244739999614,0],[112.68235625300008,-7.0318720639999697,0],[112.68232532000002,-7.0319172729999764,0],[112.68229438700007,-7.0319410679999805,0],[112.68227297200008,-7.0319553449999717,0],[112.68225869500009,-7.0319767599999636,0],[112.68225869500009,-7.0320029339999337,0],[112.68228011000008,-7.0320172109999248,0],[112.6823205610001,-7.0320267289999379,0],[112.68234911400009,-7.0320362459999615,0],[112.68237290900004,-7.0320529029999648,0],[112.68238242700011,-7.0320719379999446,0],[112.68239432400003,-7.032093353999926,0],[112.68242525700009,-7.0321052509999618,0],[112.68246332900003,-7.0320981119999715,0],[112.68248950300006,-7.0320981119999715,0],[112.68251458200007,-7.0321175519999315,0],[112.68254423000008,-7.0321694959999377,0],[112.68256564500007,-7.0322028089999549,0],[112.68257754300009,-7.0322361209999258,0],[112.68259657800002,-7.0323194019999278,0],[112.68260847600004,-7.0323574739999799,0],[112.68260847600004,-7.0323860269999727,0],[112.68258468100009,-7.0324026829999298,0],[112.68254661000003,-7.0324074419999647,0],[112.68252281500008,-7.0324264779999339,0],[112.68250853800009,-7.0324716879999301,0],[112.68251567700008,-7.0325311739999279,0],[112.68253471200001,-7.0325716249999459,0],[112.68254185100011,-7.0326049379999631,0],[112.68254661000003,-7.0326287319999778,0],[112.68254423000008,-7.0326668039999731,0],[112.68252995300008,-7.0327143929999352,0],[112.682520436,-7.0327619819999541,0],[112.68252281500008,-7.0328113559999679,0],[112.68255255800011,-7.0328827399999341,0],[112.68255850700007,-7.0329600719999803,0],[112.6825704040001,-7.0330225329999507,0],[112.68253173800008,-7.0330433529999254,0],[112.68251576500006,-7.0330569299999297,0],[112.68247225200003,-7.0330939169999738,0],[112.68243953400008,-7.0331355569999801,0],[112.68243061100009,-7.0331801719999589,0],[112.68243656000004,-7.0332426329999294,0],[112.68245440600003,-7.0332812989999525,0],[112.68246332900003,-7.0333288889999608,0],[112.68246630300007,-7.0333764779999797,0],[112.68249902000002,-7.0334181179999291,0],[112.68252876400004,-7.0334359639999775,0],[112.68254958400007,-7.033450835999929,0],[112.6825704040001,-7.0334716559999606,0],[112.68260738100003,-7.0334888359999468,0],[112.68263022400004,-7.0335040649999314,0],[112.68265687400003,-7.0335269069999526,0],[112.68267781300005,-7.0335402319999503,0],[112.68270875500002,-7.0335527869999623,0],[112.6827261630001,-7.0335835849999739,0],[112.68273492000003,-7.0336220859999798,0],[112.68273872700001,-7.0336601569999289,0],[112.68273872700001,-7.0337267819999738,0],[112.68272159500009,-7.0337591429999407,0],[112.68269684900008,-7.0338010209999311,0],[112.68267210200008,-7.0338486109999394,0],[112.68264735600007,-7.0338790679999761,0],[112.68260928500001,-7.0339076209999689,0],[112.68255217800004,-7.0339494999999488,0],[112.68247865500007,-7.0340011639999602,0],[112.68241131400009,-7.0340484849999712,0],[112.6823580140001,-7.034071327999925,0],[112.68230471400011,-7.0341170139999463,0],[112.6822304750001,-7.0341874459999758,0],[112.68213840400006,-7.0342678869999418,0],[112.68209341800002,-7.0342959489999544,0],[112.68207628500011,-7.0343035629999804,0],[112.68205344300009,-7.0343054669999674,0],[112.68203250300007,-7.034299755999939,0],[112.68200585300008,-7.0342769139999746,0],[112.68197920300008,-7.0342350349999379,0],[112.68196397500003,-7.034204577999958,0],[112.68194113200002,-7.0341798309999604,0],[112.68192019300011,-7.0341798309999604,0],[112.68189925400009,-7.034196963999932,0],[112.68188973600002,-7.0342140959999711,0],[112.6818973500001,-7.0342369389999249,0],[112.68191257900003,-7.0342559739999615,0],[112.68192780700008,-7.0342731059999437,0],[112.68194303600001,-7.034309273999952,0],[112.68196016800005,-7.0343378279999342,0],[112.68197920300008,-7.0343739959999425,0],[112.68199252800002,-7.0344063559999768,0],[112.68198301100006,-7.0344215849999614,0],[112.68197012300004,-7.034433612999976,0],[112.68195445700007,-7.0344482349999566,0],[112.68193351800005,-7.0344653669999389,0],[112.68191448200002,-7.0344882099999495,0],[112.68190115700008,-7.0345186669999293,0],[112.68189354300011,-7.0345548349999376,0],[112.68187450700009,-7.0345852919999743,0],[112.68185547100006,-7.0345967129999281,0],[112.68183072500005,-7.0345948089999411,0],[112.68181359300002,-7.0345776769999588,0],[112.68179646100009,-7.0345529309999506,0],[112.68178694300002,-7.0345205699999269,0],[112.68178313600004,-7.0344748849999519,0],[112.68178123200005,-7.0344368129999566,0],[112.68177380300006,-7.0344233289999352,0],[112.68175838900004,-7.0344082599999638,0],[112.68174492200001,-7.0344238999999789,0],[112.6817450640001,-7.0344501379999542,0],[112.68175458200005,-7.0344901129999471,0],[112.68175077500007,-7.0345262809999554,0],[112.68174887200007,-7.0345662559999482,0],[112.68174696800008,-7.0345948089999411,0],[112.68172602900006,-7.0346005199999695,0],[112.68171080000002,-7.0345967129999281,0],[112.68169937900007,-7.0345719669999767,0],[112.68168795700001,-7.034537701999966,0],[112.68165369300004,-7.0344558489999258,0],[112.68163385700007,-7.0344260939999685,0],[112.68162323600006,-7.0344101629999614,0],[112.68157374300006,-7.0343949349999662,0],[112.68153757500011,-7.0343968379999637,0],[112.68151663600008,-7.0344082599999638,0],[112.68149079300008,-7.0344289209999715,0],[112.68145572200001,-7.034423487999959,0],[112.68144620400005,-7.0344101629999614,0],[112.68144620400005,-7.0343987419999507,0],[112.68144239700007,-7.0343797059999815,0],[112.68141955400006,-7.0343758989999401,0],[112.68140206500004,-7.034377683999935,0],[112.68138124500001,-7.034392554999954,0],[112.68134852700007,-7.0344074269999624,0],[112.68132175800008,-7.0344074269999624,0],[112.68129796400001,-7.0343955299999266,0],[112.68128309200006,-7.0343628119999266,0],[112.68126524600007,-7.0343300939999267,0],[112.68122955400008,-7.034309273999952,0],[112.68119683700002,-7.034309273999952,0],[112.68115817000012,-7.0343122489999814,0],[112.68108976100007,-7.0343271199999435,0],[112.68105406900008,-7.0343509149999477,0],[112.68101540300006,-7.0343895809999708,0],[112.68099458200004,-7.0344312219999665,0],[112.68098268500012,-7.0344728619999728,0],[112.68097673700004,-7.03453234899996,0],[112.68098268500012,-7.0345888609999747,0],[112.68100350500004,-7.0346334759999536,0],[112.68101970200007,-7.0346577709999565,0],[112.68103919700002,-7.0346870139999282,0],[112.68108381200011,-7.0347197309999387,0],[112.68114329900004,-7.0347494739999661,0],[112.68115519600008,-7.0347732689999702,0],[112.68112842700009,-7.0347762429999534,0],[112.6811016580001,-7.0347643459999745,0],[112.68105406900008,-7.0347435259999429,0],[112.68100350500004,-7.0347018849999472,0],[112.68098842100005,-7.0346955029999663,0],[112.6809261730001,-7.0346691679999367,0],[112.68090237800004,-7.0346751159999599,0],[112.68087858400008,-7.0346899879999683,0],[112.6808518150001,-7.0347197309999387,0],[112.68081612300011,-7.0347346029999471,0],[112.68078638000009,-7.0347673199999576,0],[112.68077745700009,-7.0347881409999786,0],[112.68078781300005,-7.0348331519999761,0],[112.68079542700002,-7.0348750299999665,0],[112.6808030410001,-7.0349035839999488,0],[112.68079733100001,-7.0349435589999416,0],[112.6807782950001,-7.0349835339999345,0],[112.68074403100002,-7.0350235089999273,0],[112.68069263400002,-7.0350653869999746,0],[112.68065456300008,-7.0351072659999545,0],[112.68063995300008,-7.0351510949999465,0],[112.68064311500007,-7.0351932829999555,0],[112.68065075600009,-7.0352119619999485,0],[112.68068311700006,-7.0352595509999674,0],[112.68071928400002,-7.0352804899999342,0],[112.68076598000005,-7.0352856789999692,0],[112.68078781300005,-7.0352881049999496,0],[112.68084111300004,-7.0352900079999472,0],[112.68086585900005,-7.0353052369999318,0],[112.68087157000002,-7.0353318869999271,0],[112.68085063100011,-7.0353661509999483,0],[112.68082017300003,-7.0353966079999282,0],[112.68076877700003,-7.0354270649999648,0],[112.68074022400003,-7.0354308719999494,0],[112.680723091,-7.0354480039999316,0],[112.680723091,-7.0354627759999744,0],[112.68073990900007,-7.0354870459999574,0],[112.68075925900007,-7.035501303999979,0],[112.68078210200008,-7.0355336649999458,0],[112.68080113800011,-7.0355717359999517,0],[112.68076687400003,-7.0356497829999398,0],[112.68073641600006,-7.0356459759999552,0],[112.68069834500011,-7.0356307469999706,0],[112.68066217700004,-7.035609807999947,0],[112.68063398800007,-7.0356015859999275,0],[112.68063155000004,-7.0356008749999432,0],[112.68060430500009,-7.0356018989999711,0],[112.68058222700006,-7.0356117109999445,0],[112.68055367400007,-7.0356631079999374,0],[112.68054034900001,-7.0357183109999255,0],[112.68053273500004,-7.035779224999942,0],[112.68051369900002,-7.0357982609999681,0],[112.68048133800005,-7.0358115859999657,0],[112.68045849500004,-7.0358058749999373,0],[112.68043374900003,-7.0358115859999657,0],[112.68040900300002,-7.0358515609999586,0],[112.6803918710001,-7.0359143789999621,0],[112.68038235300003,-7.0359810039999502,0],[112.68038044900004,-7.0360266889999252,0],[112.68035951000002,-7.0360609539999359,0],[112.68031953500008,-7.0360971209999548,0],[112.68029859600006,-7.0361599389999583,0],[112.68030811300002,-7.0362056249999796,0],[112.68032334200007,-7.0362513099999546,0],[112.68032334200007,-7.0362874779999629,0],[112.68031763100009,-7.0363312599999404,0],[112.68027765600004,-7.0364054989999545,0],[112.68027194600006,-7.0364549919999604,0],[112.6802890780001,-7.0365044849999663,0],[112.68031763100009,-7.0365406529999746,0],[112.68038191300002,-7.0365658969999458,0],[112.68042613500006,-7.0366072779999627,0],[112.6804451700001,-7.0366396379999401,0],[112.68045278500006,-7.0366758059999484,0],[112.68042803800006,-7.0367519489999495,0],[112.68038235300003,-7.036814766999953,0],[112.68034808800007,-7.0368947169999387,0],[112.68033095600003,-7.0369822809999505,0],[112.68032905300004,-7.037035580999941,0],[112.68029859600006,-7.0371060129999705,0],[112.68027575300005,-7.0371421809999788,0],[112.68024513400007,-7.0371641879999629,0],[112.68021483900009,-7.0371859629999562,0],[112.68015011700004,-7.0372145159999491,0],[112.6801101420001,-7.0372582979999265,0],[112.6801101420001,-7.0373058879999348,0],[112.68014631000005,-7.0373382479999691,0],[112.68018818900009,-7.0373477659999253,0],[112.68020206200003,-7.0373525919999338,0],[112.68023197100001,-7.0373629949999668,0],[112.68024910300005,-7.0374086799999418,0],[112.68024910300005,-7.0374695939999583,0],[112.68023006700002,-7.0375343159999488,0],[112.68020341700003,-7.0375590619999571,0],[112.68016915300007,-7.0375552549999725,0],[112.68015539900011,-7.0375567029999502,0],[112.68013298500011,-7.0375590619999571,0],[112.68011204600009,-7.0375780979999263,0],[112.68010062400003,-7.03761045899995,0],[112.68009301000006,-7.0376580479999689,0],[112.68009110700007,-7.0377075409999748,0],[112.68008730000008,-7.0377551299999368,0],[112.68008539600009,-7.0377932009999427,0],[112.68008158900011,-7.0378293689999509,0],[112.68007778200001,-7.0378674399999568,0],[112.68007778200001,-7.0379131259999781,0],[112.68006826400006,-7.0379645219999816,0],[112.68008158900011,-7.0380159189999745,0],[112.68009872100004,-7.0380368579999413,0],[112.6801101420001,-7.0380825439999626,0],[112.68010823900011,-7.0381206149999684,0],[112.68012917800002,-7.0381377469999507,0],[112.68015011700004,-7.0381339399999661,0],[112.68016344200009,-7.0381206149999684,0],[112.68018057400002,-7.038105385999927,0],[112.68019727100011,-7.0381018089999543,0],[112.68020722400001,-7.0380996759999448,0],[112.68023197100001,-7.0381110969999554,0],[112.68023958500009,-7.038124421999953,0],[112.68024148900008,-7.0381510719999483,0],[112.68023496000001,-7.0381771869999739,0],[112.68023006700002,-7.0381967579999696,0],[112.68024719900006,-7.0382557679999422,0],[112.68025100600005,-7.0382938399999375,0],[112.68024719900006,-7.0383281039999588,0],[112.68025671700002,-7.038356657999941,0],[112.6802890780001,-7.0383833069999469,0],[112.68031382400011,-7.0384080539999445,0],[112.6803652210001,-7.0384556429999634,0],[112.68039377400009,-7.0384860999999432,0],[112.68048895300001,-7.0385679539999728,0],[112.6805194100001,-7.0386250609999479,0],[112.68053273500004,-7.038680263999936,0],[112.68053041000007,-7.0387058379999417,0],[112.68053485200005,-7.0387623909999775,0],[112.68055557700006,-7.038813513999969,0],[112.68056766300003,-7.0388420789999486,0],[112.68059153600007,-7.0388763249999329,0],[112.68060170900003,-7.0388853469999617,0],[112.68060857500006,-7.0389097929999593,0],[112.68060507000007,-7.038927727999976,0],[112.68059555200011,-7.0389734139999405,0],[112.680568902,-7.0390038709999772,0],[112.68053654200003,-7.0390210029999594,0],[112.68050418100006,-7.03903242399997,0],[112.68045849500004,-7.03904384599997,0],[112.68039377400009,-7.0390514599999392,0],[112.68032905300004,-7.0390609779999522,0],[112.68029769500004,-7.039079792999928,0],[112.6802777580001,-7.0391126949999716,0],[112.68027384900006,-7.0391371209999534,0],[112.68029859600006,-7.0391618669999616,0],[112.68032714900005,-7.0391828059999284,0],[112.68034808800007,-7.0392265879999627,0],[112.68038044900004,-7.0392798879999532,0],[112.68042613500006,-7.0393046349999508,0],[112.68043374900003,-7.0393312849999461,0],[112.68042994200005,-7.0393617419999259,0],[112.68040138800006,-7.0393979099999342,0],[112.68035951000002,-7.0394245599999294,0],[112.6803157280001,-7.0394397879999815,0],[112.68028527100012,-7.0394778599999768,0],[112.68028527100012,-7.0395197379999672,0],[112.6802643310001,-7.0395825559999707,0],[112.68025100600005,-7.0396396629999458,0],[112.68028336700002,-7.0396834449999801,0],[112.6803010970001,-7.0397089789999541,0],[112.6802904970001,-7.0397338219999597,0],[112.68027490400004,-7.0397703679999495,0],[112.68024529600007,-7.0397995629999741,0],[112.68021483900009,-7.0398224059999279,0],[112.68018818900009,-7.0398604769999338,0],[112.6801615390001,-7.0398928379999575,0],[112.68014821400004,-7.0399175839999657,0],[112.68014821400004,-7.0399556549999716,0],[112.68015582800001,-7.0399861119999514,0],[112.68015392400002,-7.0400184729999751,0],[112.68015287100002,-7.0400563739999598,0],[112.68018247800001,-7.0400927119999324,0],[112.6802129350001,-7.040123168999969,0],[112.68024719900006,-7.0401555299999359,0],[112.68027004200007,-7.0401802759999441,0],[112.68028336700002,-7.0402145409999548,0],[112.68027194600006,-7.0402354799999785,0],[112.68023197100001,-7.0402602259999298,0],[112.68019770600006,-7.0402735509999275,0],[112.68016534600008,-7.0402773579999689,0],[112.6801348890001,-7.0402678409999453,0],[112.68010443200001,-7.0402507079999737,0],[112.6800539620001,-7.0402372569999443,0],[112.67999820900002,-7.0402465839999309,0],[112.67997679300004,-7.0402537219999317,0],[112.67994586000009,-7.0402656199999569,0],[112.67992682500005,-7.0402822759999708,0],[112.67991016800011,-7.0403084499999409,0],[112.6798958920001,-7.0403417629999581,0],[112.67988161500011,-7.040375074999929,0],[112.67986020000001,-7.040427422999926,0],[112.67983878500002,-7.040467873999944,0],[112.67981074200009,-7.0405151959999444,0],[112.67979899900001,-7.0405501159999631,0],[112.67978469200011,-7.0406063589999803,0],[112.67978088400002,-7.0406320569999252,0],[112.67976755900008,-7.04066727299994,0],[112.67974471700006,-7.0406977299999767,0],[112.67970129300011,-7.0407815849999338,0],[112.67964097200002,-7.0408700029999522,0],[112.67962288800004,-7.0408909419999759,0],[112.67958260500006,-7.0409248669999442,0],[112.67956216800007,-7.0409533589999569,0],[112.67955087000007,-7.0409746989999462,0],[112.67952945500008,-7.0410222879999651,0],[112.67951755700005,-7.0410603599999604,0],[112.67950804000009,-7.0411150869999801,0],[112.67948424500003,-7.0411531589999754,0],[112.67946283000003,-7.0412174039999513,0],[112.67945093200001,-7.0412697519999483,0],[112.67942951700002,-7.0413125829999785,0],[112.67942713800005,-7.0413458949999495,0],[112.67943128100001,-7.0413922029999299,0],[112.67943252900011,-7.0413925769999537,0],[112.67941762000009,-7.0414981809999517,0],[112.67937954900003,-7.0416909169999258,0],[112.67936051300001,-7.0418265459999247,0],[112.6793093550001,-7.0420829329999606,0],[112.67927366300012,-7.0423268279999434,0],[112.67921715000011,-7.0426123629999324,0],[112.67919305800001,-7.0427023609999537,0],[112.67919067900004,-7.0427297249999583,0],[112.67918116100009,-7.0427666069999759,0],[112.67917640200005,-7.0428130059999603,0],[112.67914903800011,-7.0429724299999634,0],[112.67911911100009,-7.0431199499999479,0],[112.67911201000004,-7.0431261799999447,0],[112.6790957610001,-7.0431311129999585,0],[112.67907884400006,-7.043130663999932,0],[112.67905033300008,-7.0431320549999441,0],[112.67903810900009,-7.0431326519999402,0],[112.67899808800007,-7.0431305849999717,0],[112.6789949030001,-7.0431304199999545,0],[112.67894065200005,-7.0431209019999415,0],[112.67891638100002,-7.0431161429999634,0],[112.67889219800009,-7.0431057669999291,0],[112.67885993400012,-7.0430937829999607,0],[112.67883257000005,-7.0430771259999574,0],[112.67880044700007,-7.0430545219999772,0],[112.67877784200004,-7.0430247779999604,0],[112.6787219250001,-7.0429843269999424,0],[112.67868266400001,-7.0429712399999289,0],[112.67862912600003,-7.0429510149999714,0],[112.67858629600005,-7.0429319789999454,0],[112.6785517940001,-7.0429081849999307,0],[112.67852324000012,-7.0428939079999395,0],[112.67848992800009,-7.0428843899999265,0],[112.67845542500004,-7.0428879589999269,0],[112.67842449200009,-7.0429081849999307,0],[112.67839712900002,-7.0429367379999803,0],[112.67837333400007,-7.0429748099999756,0],[112.67837809300011,-7.0430009839999457,0],[112.6783923700001,-7.043016449999925,0],[112.67840202800005,-7.0430361739999512,0],[112.67838999000003,-7.0430676089999338,0],[112.67836976500007,-7.0430902129999708,0],[112.67834716000004,-7.0431175769999754,0],[112.6783126580001,-7.0431473209999353,0],[112.67825248100007,-7.0432084519999307,0],[112.67822287100012,-7.0432180029999358,0],[112.67822230400009,-7.0432181859999332,0],[112.67820517200005,-7.0432048609999356,0],[112.67818994400011,-7.0431953439999688,0],[112.6781671010001,-7.0431858259999558,0],[112.67814425800009,-7.0431763079999428,0],[112.67812522200006,-7.0431572719999735,0],[112.67810999400001,-7.0431458509999629,0],[112.6780928610001,-7.0431401399999345,0],[112.67806811500009,-7.0431401399999345,0],[112.67804527200008,-7.0431401399999345,0],[112.67803385100001,-7.0431401399999345,0],[112.67802052600007,-7.0431287189999807,0],[112.67801100800011,-7.0431268149999369,0],[112.67799768300006,-7.0431382359999475,0],[112.67796722600008,-7.0431877289999534,0],[112.67792725100003,-7.0432562579999285,0],[112.6779101190001,-7.0432791009999391,0],[112.6779120220001,-7.0432943289999344,0],[112.67793105800001,-7.0433095579999758,0],[112.67811752300008,-7.0434310919999348,0],[112.67811516300003,-7.0434364249999248,0],[112.67809731700004,-7.0434578399999737,0],[112.67808066000009,-7.043469737999942,0],[112.67806162500005,-7.0434935319999568,0],[112.67804434800007,-7.0435416449999479,0],[112.67801879400008,-7.0435851409999373,0],[112.67800213800001,-7.0436041769999633,0],[112.67797701400002,-7.0436389219999569,0],[112.6779120220001,-7.0437416679999387,0],[112.67789869700005,-7.043766413999947,0],[112.67787966200001,-7.0437930639999422,0],[112.67786633700007,-7.0438178109999399,0],[112.67785110800003,-7.0438406529999611,0],[112.67784349400006,-7.0438577849999433,0],[112.67771976200004,-7.0437873529999706,0],[112.67770834100008,-7.043785449999973,0],[112.67769311200004,-7.0438025819999552,0],[112.67767407600002,-7.0438349429999789,0],[112.67767217300002,-7.0438444609999351,0],[112.67768169100009,-7.0438577849999433,0],[112.67786443300008,-7.0439605779999397,0],[112.67785681900011,-7.0439681919999657,0],[112.67810194100002,-7.044127117999949,0],[112.67828978400007,-7.0442489059999502,0],[112.67830534700011,-7.0442801399999553,0],[112.67830760300001,-7.0443061979999584,0],[112.67831486500006,-7.0443217799999616,0],[112.67830296800003,-7.0443622309999796,0],[112.67829226000003,-7.0443812669999488,0],[112.67827917300008,-7.0443848359999492,0],[112.67826537600001,-7.0443871359999548,0],[112.67825062000009,-7.0443895949999273,0],[112.67822870500004,-7.0443917149999606,0],[112.67821373800007,-7.0443931639999278,0],[112.67819113300004,-7.0443907849999619,0],[112.67817447700008,-7.0443836459999716,0],[112.67815544100006,-7.0443776979999484,0],[112.67798768900002,-7.0442718119999768,0],[112.67777041800002,-7.044131249999964,0],[112.67776283000001,-7.0441409409999665,0],[112.67771524200009,-7.0441111979999391,0],[112.67772019500001,-7.0441027059999328,0],[112.67772356900002,-7.044096920999948,0],[112.6776141150001,-7.0440338659999497,0],[112.67754295100008,-7.0440019699999539,0],[112.67742828300004,-7.0439367989999369,0],[112.67724063800006,-7.0438307189999705,0],[112.67718115100001,-7.0439306559999295,0],[112.67716574400004,-7.0443018889999394,0],[112.67716328900008,-7.0443866049999428,0],[112.6771553960001,-7.0443994769999563,0],[112.6774675800001,-7.0446048439999345,0],[112.67732468000008,-7.044818242999952,0],[112.67713242000002,-7.0451075849999256,0],[112.67705698400005,-7.0452126559999328,0],[112.67702582000004,-7.0452560639999433,0],[112.67697632700003,-7.0453436279999551,0],[112.67696300300008,-7.0453512419999811,0],[112.67695158100003,-7.0453417239999681,0],[112.67693445000009,-7.045324591999929,0],[112.67690441500008,-7.0453051329999425,0],[112.67666414200005,-7.0451494639999623,0],[112.67665218900004,-7.0451628509999296,0],[112.67661872400004,-7.045200331999979,0],[112.67658419200006,-7.0452084749999813,0],[112.67654041000003,-7.0451951499999268,0],[112.67645665300006,-7.045172306999973,0],[112.67643381000005,-7.045172306999973,0],[112.67637670300007,-7.0451780179999446,0],[112.67635195700007,-7.0451875349999682,0],[112.67633101700005,-7.0452065709999374,0],[112.67631198200002,-7.0452275099999611,0],[112.67629294700009,-7.0452598709999279,0],[112.67627010400008,-7.0452998459999776,0],[112.67624155100009,-7.0453303029999574,0],[112.67620347800005,-7.0453702779999503,0],[112.67619586400008,-7.045393120999961,0],[112.67619396100008,-7.0454235779999408,0],[112.67619967100006,-7.0454521309999336,0],[112.67620728500003,-7.0454863959999443,0],[112.67623393500003,-7.0455206599999656,0],[112.67624726000008,-7.0455720559999691,0],[112.67625487500004,-7.0455948989999797,0],[112.67626248900001,-7.0456120309999619,0],[112.67626439200001,-7.0456329699999287,0],[112.6762662970001,-7.0456520059999548,0],[112.67625812400001,-7.0457070219999309,0],[112.67623883800002,-7.0457644619999655,0],[112.67618253900002,-7.0458671089999712,0],[112.67615517500008,-7.0459346859999528,0],[112.67614684700004,-7.0459537219999788,0],[112.67613970900004,-7.0459739469999363,0],[112.67613613900005,-7.0459953619999283,0],[112.67613019100008,-7.0460132079999767,0],[112.67612543200005,-7.04602986499998,0],[112.67611829400005,-7.046046520999937,0],[112.67611234600008,-7.0460619869999732,0],[112.67610877700008,-7.0460738849999416,0],[112.67610401700006,-7.0460917309999331,0],[112.67610768100008,-7.0461080569999694,0],[112.67609450000009,-7.0461048179999466,0],[112.676062376,-7.046170252999957,0],[112.67616624300001,-7.0462305209999272,0],[112.67625511300002,-7.0462820869999518,0],[112.67622299000004,-7.0463261069999703,0],[112.67620633400009,-7.0463499019999745,0],[112.67618610800002,-7.046379644999945,0],[112.67616945200007,-7.0464046299999268,0],[112.6761527970001,-7.046429613999976,0],[112.676131381,-7.046451028999968,0],[112.67611437200003,-7.0464675239999792,0],[112.67609925800002,-7.0464902899999515,0],[112.67608996200011,-7.0465011359999608,0],[112.67608141200003,-7.0465236029999687,0],[112.67607427400003,-7.0465497769999388,0],[112.67606475600007,-7.0465795199999661,0],[112.67587320900009,-7.0464653059999591,0],[112.67583989700006,-7.0465450179999607,0],[112.67584584500003,-7.0465485869999611,0],[112.67586131200005,-7.0465521559999615,0],[112.67588034700009,-7.046565242999975,0],[112.67590771100004,-7.0465878479999446,0],[112.67594102400005,-7.0466056939999362,0],[112.67599575100007,-7.0466306779999286,0],[112.67606475600007,-7.0466663699999685,0],[112.67616588300007,-7.0467199079999432,0],[112.67619324700001,-7.0467389439999693,0],[112.67619919600008,-7.0467508409999482,0],[112.6762039140001,-7.0467673519999607,0],[112.67620038500002,-7.0468055689999574,0],[112.67619324700001,-7.0468257939999717,0],[112.67618610800002,-7.0468460199999754,0],[112.67617659000007,-7.046868624999945,0],[112.67616897700009,-7.0468970989999775,0],[112.67615565100004,-7.0469047129999467,0],[112.67614232700009,-7.0469161339999573,0],[112.67613661500002,-7.0469370739999704,0],[112.67608331500003,-7.0470931659999678,0],[112.67602620800005,-7.0473101729999712,0],[112.67598813800009,-7.0474167729999522,0],[112.67598147500007,-7.0474253389999717,0],[112.67597100500006,-7.0474272429999587,0],[112.67595768000001,-7.0474272429999587,0],[112.67590723500007,-7.0474215319999303,0],[112.67577398600008,-7.0474034479999546,0],[112.67515088500011,-7.0473166369999376,0],[112.67515028900004,-7.0473303189999683,0],[112.67470176100005,-7.0472636939999802,0],[112.67470406100006,-7.047253057999967,0],[112.67464362400005,-7.0472419249999803,0],[112.67421241800002,-7.0471767789999262,0],[112.67380523300005,-7.0471154779999665,0],[112.67379221200008,-7.0471747749999736,0],[112.67379279300008,-7.047186986999975,0],[112.67422765400011,-7.047256152999978,0],[112.67445037000005,-7.0472904169999424,0],[112.67469438400008,-7.0473292019999576,0],[112.67492281300008,-7.0473677499999781,0],[112.67509841600008,-7.0473934479999798,0],[112.67512126000008,-7.0473963029999709,0],[112.67512411500002,-7.0474077249999709,0],[112.67512411500002,-7.0474177179999629,0],[112.6751226880001,-7.0474305669999353,0],[112.67512829200007,-7.0474672959999793,0],[112.67513553600008,-7.0474819639999282,0],[112.67513268100004,-7.0474919579999664,0],[112.67512417700004,-7.0474984989999712,0],[112.67511412200008,-7.0475062339999681,0],[112.67510412700005,-7.0475133729999584,0],[112.67509413300002,-7.0475176559999682,0],[112.67508128400004,-7.0475219389999779,0],[112.675064152,-7.0475190829999406,0],[112.67498134700008,-7.04750766199993,0],[112.67485571100008,-7.0474919579999664,0],[112.67477147900001,-7.0474819639999282,0],[112.67475149100005,-7.0474805359999664,0],[112.67474149700001,-7.0475747629999432,0],[112.67485428400005,-7.0475833289999628,0],[112.6749171030001,-7.0475847569999814,0],[112.67507700200008,-7.0475904669999636,0],[112.67511182700002,-7.047592151999936,0],[112.67516551800009,-7.0475947499999734,0],[112.6751883610001,-7.0475976059999539,0],[112.67519835400003,-7.0476033159999361,0],[112.67520692000005,-7.0476118819999556,0],[112.67520834800007,-7.0476233039999556,0],[112.67520834800007,-7.0476375809999467,0],[112.67520977600009,-7.0476589959999387,0],[112.67520263800009,-7.0477175299999431,0],[112.67519692600001,-7.0477703549999546,0],[112.67519459100004,-7.0478787369999623,0],[112.67519691100006,-7.0479160569999522,0],[112.67519350100008,-7.0480112999999278,0],[112.67519231100005,-7.048048180999956,0],[112.67518517300005,-7.0480874419999395,0],[112.67518517300005,-7.0481088579999778,0],[112.67518398300001,-7.048119564999979,0],[112.67516851700009,-7.0481231339999795,0],[112.67511973700005,-7.0481255139999348,0],[112.6750709590001,-7.0481278929999576,0],[112.67499481700008,-7.0481278929999576,0],[112.67473664400006,-7.0481159959999786,0],[112.67472117800003,-7.0481171859999563,0],[112.67471879800007,-7.0481231339999795,0],[112.6747092810001,-7.0481826209999667,0],[112.67471284600003,-7.0481947369999602,0],[112.67491272400002,-7.0481980869999461,0],[112.67498767800009,-7.0481945179999457,0],[112.67507809800009,-7.0481968979999579,0],[112.67517327500002,-7.0482052259999364,0],[112.67526369500001,-7.0482135539999717,0],[112.67532318100007,-7.0482183129999498,0],[112.67544929300004,-7.0482254509999507,0],[112.67549807300009,-7.0482254509999507,0],[112.6755385240001,-7.0482218819999503,0],[112.67558611200002,-7.0482159329999376,0],[112.67560752700001,-7.0482159329999376,0],[112.67563370100004,-7.0482159329999376,0],[112.67567177300009,-7.0482099849999713,0],[112.67575743500004,-7.0482027909999374,0],[112.67628072800005,-7.0482250769999268,0],[112.67635890400004,-7.0482222039999556,0],[112.67637490300001,-7.0482195029999275,0],[112.67641892300003,-7.0482123639999372,0],[112.67650815400009,-7.0482111739999596,0],[112.67654741400008,-7.0482087949999368,0],[112.67657120900003,-7.0482076049999591,0],[112.67658310600007,-7.0482171229999722,0],[112.67659139300008,-7.0482383079999522,0],[112.67660801200009,-7.0482698569999798,0],[112.67661522900005,-7.0482968349999737,0],[112.67663545400001,-7.0483289579999564,0],[112.67665211000008,-7.0483479929999362,0],[112.67666400900009,-7.0483598909999614,0],[112.67668185500008,-7.0483729779999749,0],[112.67670326900009,-7.0483789259999412,0],[112.67670445800002,-7.0483908239999664,0],[112.67670207900005,-7.0484110489999807,0],[112.67668780200006,-7.0484158079999588,0],[112.67666757800009,-7.0484205669999369,0],[112.67665092100003,-7.0484277049999378,0],[112.67662593600005,-7.0484503099999642,0],[112.67661403900001,-7.0484788639999465,0],[112.67660452100006,-7.0485157449999747,0],[112.67660333100002,-7.0485478679999574,0],[112.67660928100008,-7.0485835599999405,0],[112.67661403900001,-7.0486121139999796,0],[112.67661998800008,-7.0486406669999724,0],[112.67662355700008,-7.0486656519999542,0],[112.67661522900005,-7.0486965849999592,0],[112.67659857300009,-7.0487179999999512,0],[112.67657776200008,-7.0487300829999526,0],[112.67656169100007,-7.0487394149999432,0],[112.67652600000008,-7.0487459279999598,0],[112.67646413300008,-7.0487536919999343,0],[112.67637966200004,-7.0487572609999347,0],[112.67628210400005,-7.0487596399999575,0],[112.67620834100001,-7.0487608299999351,0],[112.67616432200009,-7.0487584499999798,0],[112.67612981900004,-7.0487536919999343,0],[112.67602869200005,-7.0487459279999598,0],[112.67594541000005,-7.048737034999931,0],[112.6759144780001,-7.0487322759999529,0],[112.67583952400003,-7.0487310869999646,0],[112.67574196600003,-7.0487310869999646,0],[112.67565749700009,-7.0487275169999748,0],[112.67560038900001,-7.0487275169999748,0],[112.67558016300006,-7.0487287069999525,0],[112.67552543600004,-7.0487263279999297,0],[112.67547189800007,-7.0487191889999394,0],[112.67542193000008,-7.0487013429999479,0],[112.67535649400008,-7.0486751689999778,0],[112.6752958190001,-7.0486525639999513,0],[112.67525179900008,-7.0486454259999505,0],[112.6752196760001,-7.0486359079999374,0],[112.67517327500002,-7.0486252009999362,0],[112.67515661900006,-7.0486216309999463,0],[112.67512092700008,-7.04861568299998,0],[112.67510070200001,-7.0486121139999796,0],[112.67507571700003,-7.0486049749999324,0],[112.67505668300009,-7.0485990269999661,0],[112.67502218000004,-7.0485978369999316,0],[112.67500433400005,-7.0485978369999316,0],[112.67499243600003,-7.048601405999932,0],[112.67497815900003,-7.0486133029999678,0],[112.67497102100003,-7.0486216309999463,0],[112.67496507200008,-7.048632338999937,0],[112.6749555560001,-7.0486525639999513,0],[112.67494960600004,-7.0486727899999551,0],[112.67494603700004,-7.048694204999947,0],[112.67494127800001,-7.0487120509999386,0],[112.6749308090001,-7.0487770099999807,0],[112.67492652500005,-7.0488012809999532,0],[112.67492509800002,-7.0488127019999638,0],[112.6749236710001,-7.0488269789999549,0],[112.67491938700005,-7.0488426829999753,0],[112.67491510500008,-7.0488583879999283,0],[112.67491224800006,-7.0488698089999389,0],[112.67491367600007,-7.0488855139999487,0],[112.67490939300001,-7.0489183499999513,0],[112.67490796600009,-7.0489383379999708,0],[112.67490939300001,-7.0489568979999717,0],[112.67491367600007,-7.0489811679999548,0],[112.67491510500008,-7.0490011559999743,0],[112.67491795900003,-7.0490254259999574,0],[112.67492081400007,-7.0490411299999778,0],[112.67491510500008,-7.0490582629999494,0],[112.67491367600007,-7.0490796779999414,0],[112.67491224800006,-7.0491010929999334,0],[112.67491510500008,-7.0491139419999627,0],[112.67491938700005,-7.0491367849999733,0],[112.67492081400007,-7.0491524889999368,0],[112.6749236710001,-7.0491639109999369,0],[112.67492509800002,-7.0491767599999662,0],[112.67492795300006,-7.0491896089999386,0],[112.67492938100008,-7.0492081689999395,0],[112.67493366400004,-7.0492410049999421,0],[112.67493509100007,-7.049259564999943,0],[112.67493651900008,-7.0492724139999723,0],[112.67494080200004,-7.0492881189999252,0],[112.67494794000004,-7.0492995399999359,0],[112.67495936300008,-7.0493152439999562,0],[112.67497078300005,-7.0493266659999563,0],[112.67499933700003,-7.0493452259999572,0],[112.67501504100005,-7.049352363999958,0],[112.67503074600006,-7.0493623579999394,0],[112.67504645000008,-7.04937377899995,0],[112.67506215500009,-7.0493823449999695,0],[112.67508214200006,-7.0493823449999695,0],[112.67510212900004,-7.04937377899995,0],[112.6751221180001,-7.0493666409999491,0],[112.6751435330001,-7.0493623579999394,0],[112.67517779600007,-7.0493652129999305,0],[112.67521063300001,-7.0493652129999305,0],[112.67525060800006,-7.0493694959999402,0],[112.6752691690001,-7.0493780619999598,0],[112.67529058400009,-7.0493866279999793,0],[112.6753348420001,-7.0493894839999598,0],[112.67535625700009,-7.0493837729999314,0],[112.67538766500002,-7.0493694959999402,0],[112.67540622500007,-7.0493537919999767,0],[112.6754233580001,-7.0493452259999572,0],[112.67545780100011,-7.049337583999943,0],[112.67619294400004,-7.0493767769999636,0],[112.67622999500009,-7.0493866279999793,0],[112.6762385610001,-7.0493894839999598,0],[112.67624569900011,-7.0493909109999322,0],[112.67626712400011,-7.0493807319999746,0],[112.67627996300007,-7.0493709239999589,0],[112.67639417700002,-7.04937377899995,0],[112.67644557300002,-7.0493780619999598,0],[112.67646673500008,-7.0493913739999812,0],[112.67649125900004,-7.0494080429999713,0],[112.6765026810001,-7.0494194649999713,0],[112.67652124000006,-7.0494294579999632,0],[112.67653694400008,-7.049445162999973,0],[112.67655978700009,-7.0494708609999748,0],[112.67657834700003,-7.0494837099999472,0],[112.6766054740001,-7.0495036979999668,0],[112.67663973700007,-7.0495122639999295,0],[112.67666543500002,-7.049520829999949,0],[112.67668685000001,-7.049520829999949,0],[112.6767011280001,-7.0495122639999295,0],[112.67671683200001,-7.0494965589999765,0],[112.6767225430001,-7.0494737159999659,0],[112.67673824800011,-7.0494594399999642,0],[112.67675109700008,-7.0494594399999642,0],[112.6767596630001,-7.0494637229999739,0],[112.67677536600002,-7.0494808549999561,0],[112.67678678800007,-7.0494937039999286,0],[112.67680249300008,-7.0494979869999383,0],[112.67681962400002,-7.0494908489999375,0],[112.67683247400009,-7.0494908489999375,0],[112.67683961300008,-7.0495036979999668,0],[112.67685246100007,-7.0495222569999783,0],[112.67686673800006,-7.0495251129999588,0],[112.67690009700004,-7.0495250669999336,0],[112.67692017600007,-7.0495321919999583,0],[112.67694278200008,-7.0495405199999368,0],[112.67696776600008,-7.0495536069999503,0],[112.67698918100007,-7.049577400999965,0],[112.67699988800007,-7.0496071449999249,0],[112.67700345800006,-7.049639266999975,0],[112.67699631900007,-7.0496666309999796,0],[112.6769796640001,-7.0496880459999716,0],[112.67694516100005,-7.0497106509999412,0],[112.67691422900009,-7.0497392049999803,0],[112.67689043300004,-7.0497760859999516,0],[112.67686425900001,-7.0498129679999693,0],[112.67685950100008,-7.0498522289999528,0],[112.67685593200008,-7.049880782999935,0],[112.67685831000006,-7.0499212339999531,0],[112.67686307000008,-7.0499593049999589,0],[112.67685593200008,-7.049994996999942,0],[112.67684879400008,-7.0500176019999685,0],[112.67684760300006,-7.050037826999926,0],[112.67685712100001,-7.0500604319999525,0],[112.67687496800011,-7.0500794679999785,0],[112.67688329500004,-7.050099692999936,0],[112.67688448400008,-7.0501294359999633,0],[112.67687258700005,-7.0501603689999683,0],[112.67686307000008,-7.0501853539999502,0],[112.67685950100008,-7.0502103379999426,0],[112.67687377700008,-7.0502329429999691,0],[112.67688686400004,-7.050244839999948,0],[112.67689043300004,-7.0502698249999298,0],[112.67688210600011,-7.0502900499999441,0],[112.67687972600004,-7.0503138449999483,0],[112.67686901800005,-7.0503400189999752,0],[112.67686663900008,-7.0503614339999672,0],[112.67686544900005,-7.0503816589999815,0],[112.67685355200001,-7.0504030739999735,0],[112.67684284400002,-7.050420919999965,0],[112.6768273780001,-7.0504375769999683,0],[112.67680953200011,-7.0504566119999481,0],[112.67680239400011,-7.0504887349999308,0],[112.67680715200004,-7.0505184779999581,0],[112.6768238090001,-7.0505434629999399,0],[112.67683332600006,-7.0505648779999319,0],[112.67683570600002,-7.0505910519999588,0],[112.67682975700006,-7.0506088979999504,0],[112.67681429000004,-7.0506267439999419,0],[112.67679406500008,-7.0506410209999331,0],[112.67674647600006,-7.0506541079999465,0],[112.67668104100005,-7.0506719539999381,0],[112.67657991300007,-7.0507124039999667,0],[112.67651090900006,-7.0507385779999368,0],[112.67649544300002,-7.0507492859999275,0],[112.67650139200009,-7.050776649999932,0],[112.67650971900002,-7.0507837879999329,0],[112.67686544900005,-7.0507040759999313,0],[112.67687258700005,-7.0507159739999565,0],[112.67687734600008,-7.0507254909999801,0],[112.67687615600005,-7.0507361989999708,0],[112.67688329500004,-7.0507516649999502,0],[112.67690114100003,-7.0507576139999628,0],[112.67692017600007,-7.0507576139999628,0],[112.67694040200001,-7.0507588039999405,0],[112.67695824800001,-7.0507647529999531,0],[112.67699275000007,-7.0507635629999754,0],[112.67703677000009,-7.050750475999962,0],[112.6770593760001,-7.0507326299999704,0],[112.67709625700002,-7.0507100249999439,0],[112.67712481000001,-7.0506993169999532,0],[112.67715098400004,-7.0506814709999617,0],[112.67715455300004,-7.0506660049999255,0],[112.67720635600006,-7.0506525769999371,0],[112.67721135500005,-7.0506794529999297,0],[112.67720452200001,-7.0506969379999305,0],[112.67720095300001,-7.0507159739999565,0],[112.67719143500005,-7.0507361989999708,0],[112.67718429700005,-7.0507540449999624,0],[112.67717121100009,-7.0507707009999763,0],[112.67715217400007,-7.0507873569999333,0],[112.67713313800004,-7.0508028239999589,0],[112.67711172300005,-7.0508194799999728,0],[112.67708911800003,-7.0508468439999774,0],[112.67708554900003,-7.0508872949999386,0],[112.67707484100004,-7.0509241759999668,0],[112.67705461600008,-7.0509551089999718,0],[112.67704152900001,-7.0509908009999549,0],[112.67703959700009,-7.0510320949999254,0],[112.67703959700009,-7.0510505359999343,0],[112.67704376000006,-7.0510701659999313,0],[112.67705149300002,-7.0510808739999788,0],[112.67706517500005,-7.0510874169999624,0],[112.67707826200001,-7.0510868219999452,0],[112.67709491800008,-7.051083847999962,0],[112.67710944800001,-7.0510798649999629,0],[112.67713001600009,-7.0510814689999393,0],[112.67714191200002,-7.0510874169999624,0],[112.67714548200001,-7.051095744999941,0],[112.67714131800005,-7.0511082379999266,0],[112.67713298900003,-7.0511177549999502,0],[112.67712287800009,-7.051126677999946,0],[112.67711157400004,-7.0511356009999417,0],[112.6771014630001,-7.0511504729999501,0],[112.67709432300001,-7.0511582059999682,0],[112.67707823100011,-7.0511640549999584,0],[112.67706517500005,-7.0511635599999636,0],[112.67706397500001,-7.0511638599999742,0],[112.67706041600002,-7.0511647499999413,0],[112.67705506200002,-7.0511683189999417,0],[112.67705208900009,-7.051173672999937,0],[112.67705089800006,-7.0511802159999775,0],[112.67705387300009,-7.0511974869999676,0],[112.67705863100002,-7.0512070049999807,0],[112.67706695900006,-7.0512165229999368,0],[112.67707766700005,-7.0512189019999596,0],[112.67708956400008,-7.0512153329999592,0],[112.67710622100003,-7.0512070049999807,0],[112.67712050200009,-7.0512046249999685,0],[112.67713243100002,-7.0512066329999357,0],[112.67713834300002,-7.0512105739999811,0],[112.67714548200001,-7.0512260409999499,0],[112.67715143100008,-7.0512474559999418,0],[112.67715143100008,-7.0512676809999562,0],[112.67715856900008,-7.0512867169999254,0],[112.67717760400001,-7.0513105119999295,0],[112.67720139900007,-7.0513152709999645,0],[112.67724066000005,-7.0513176499999304,0],[112.67724898800009,-7.0513283579999779,0],[112.67724541900009,-7.0513426339999796,0],[112.67721686600009,-7.0513509619999581,0],[112.67718950200003,-7.0513462039999695,0],[112.67715856900008,-7.0513271679999434,0],[112.67713477400002,-7.0513152709999645,0],[112.6771157390001,-7.0513152709999645,0],[112.67709432300001,-7.0513343059999443,0],[112.67707409800005,-7.0513616699999488,0],[112.67705149300002,-7.0513771369999745,0],[112.67702769800007,-7.0513890339999534,0],[112.67700152400005,-7.0514059279999515,0],[112.67699010400008,-7.0514363849999313,0],[112.67699581400007,-7.051466841999968,0],[112.67700342800003,-7.0514839739999502,0],[112.67701675400008,-7.0515049139999633,0],[112.67704911300007,-7.0515182389999609,0],[112.67707576300006,-7.0515334669999561,0],[112.67709670300007,-7.0515410809999253,0],[112.67709670300007,-7.0515563099999667,0],[112.67701294700009,-7.0515620209999383,0],[112.67678071100011,-7.0515696349999644,0],[112.67673502500008,-7.0515696349999644,0],[112.67671789200006,-7.0515639239999359,0],[112.67670647200009,-7.0515544059999797,0],[112.67670266500011,-7.0515410809999253,0],[112.67672170000003,-7.0514078319999385,0],[112.67674073500007,-7.0512498349999646,0],[112.67674787700003,-7.0512105589999692,0],[112.67674811200004,-7.0511882669999295,0],[112.67674692200001,-7.0511817229999565,0],[112.67674799200006,-7.0511734339999634,0],[112.67674072300008,-7.0511594399999353,0],[112.67673672700005,-7.0511550289999718,0],[112.67672372200002,-7.0511489459999552,0],[112.67670456900009,-7.0511489459999552,0],[112.67629160900003,-7.0511869549999346,0],[112.67627033700001,-7.0511882959999639,0],[112.67611782200004,-7.0512053249999553,0],[112.67597048800008,-7.0512172209999449,0],[112.67576204700003,-7.0512286419999555,0],[112.67565259200001,-7.051237207999975,0],[112.67551648800008,-7.0512476779999815,0],[112.67539180300002,-7.0512562439999442,0],[112.67529757600005,-7.0512600509999288,0],[112.6752576020001,-7.0512648099999637,0],[112.67522428900008,-7.0512695689999418,0],[112.67518907300007,-7.0512743279999768,0],[112.67517003700004,-7.0512743279999768,0],[112.67516432700006,-7.0512771829999679,0],[112.67515671300009,-7.051291459999959,0],[112.67515005000007,-7.0513066889999436,0],[112.67514529100004,-7.0513304829999583,0],[112.67514529100004,-7.0513466639999365,0],[112.67515005000007,-7.0513637959999755,0],[112.675152905,-7.0513780719999772,0],[112.67515671300009,-7.05139805999994,0],[112.67515481000009,-7.0514199509999571,0],[112.67514338700005,-7.051453262999928,0],[112.67513482100003,-7.0514770579999322,0],[112.67512720700006,-7.0515130989999761,0],[112.6751157870001,-7.051543555999956,0],[112.67510626800004,-7.0515778199999772,0],[112.67509484700008,-7.0516120849999311,0],[112.67508342500003,-7.051669191999963,0],[112.6750643900001,-7.0517224919999535,0],[112.67504154700009,-7.05177198399997,0],[112.67501680100008,-7.0518119589999628,0],[112.67500347500004,-7.0518462229999272,0],[112.67498443900001,-7.0518919089999486,0],[112.67496635500004,-7.0519269979999422,0],[112.67496254800005,-7.0519450819999747,0],[112.67495969300001,-7.0519612629999529,0],[112.67495398200003,-7.0519726839999635,0],[112.67495493400008,-7.0519898159999457,0],[112.67495588600002,-7.0520078999999782,0],[112.67495778900002,-7.052028838999945,0],[112.67496445200004,-7.0520469229999776,0],[112.67496921100008,-7.0520735729999728,0],[112.67496635500004,-7.052097367999977,0],[112.6749492240001,-7.0521401979999609,0],[112.67493304300001,-7.0521706549999408,0],[112.67492162200006,-7.0521925459999579,0],[112.67489877900005,-7.0522448939999549,0],[112.67489402000001,-7.052263929999981,0],[112.67489021300003,-7.0522886759999324,0],[112.67488355100011,-7.0523200849999625,0],[112.67487308200009,-7.0523486389999448,0],[112.67486261200008,-7.0523771919999376,0],[112.67484167200007,-7.0524476239999672,0],[112.67483025000001,-7.0524761779999494,0],[112.67481882900006,-7.0525047309999422,0],[112.67480931200009,-7.0525342369999748,0],[112.67479789000004,-7.0525675489999458,0],[112.67477885400001,-7.0525989579999759,0],[112.67476552900007,-7.0526189459999387,0],[112.6747495940001,-7.0526433779999707,0],[112.67474649300004,-7.0526503539999794,0],[112.67474078200007,-7.0526674869999511,0],[112.67473221600005,-7.0526903289999723,0],[112.67472555400002,-7.052710316999935,0],[112.67471984300005,-7.0527312559999586,0],[112.67471413300007,-7.0527493399999344,0],[112.67470271100001,-7.052762664999932,0],[112.674690338,-7.0527683759999604,0],[112.67467606100001,-7.0527740859999426,0],[112.67466703000002,-7.0527736759999584,0],[112.67465512300009,-7.0527731349999385,0],[112.67464750800002,-7.052815012999929,0],[112.67465331100004,-7.052817101999949,0],[112.67467130300008,-7.0528235789999485,0],[112.67467891600006,-7.0528292899999769,0],[112.67468272400004,-7.0528378559999396,0],[112.67468367600009,-7.0528530839999348,0],[112.67468082000005,-7.0528692649999698,0],[112.67467510900008,-7.0528978179999626,0],[112.67466464000006,-7.0529168539999318,0],[112.67465321900011,-7.0529349379999644,0],[112.67465131500001,-7.0529520699999466,0],[112.67464179700005,-7.0529844309999703,0],[112.67463703800001,-7.053000610999959,0],[112.67462752000006,-7.0530110809999655,0],[112.67461514700005,-7.0530167909999477,0],[112.67459611100003,-7.0530177429999412,0],[112.67458469000007,-7.0530520069999625,0],[112.67459991800001,-7.0530634289999625,0],[112.67460563000009,-7.0530681879999406,0],[112.67460753300008,-7.0530796089999512,0],[112.67460563000009,-7.0530948379999359,0],[112.67460087000006,-7.053105306999953,0],[112.67459230400004,-7.0531186319999506,0],[112.67458335700007,-7.0531466779999619,0],[112.67455861100007,-7.0532037849999369,0],[112.67451292500004,-7.0533313239999416,0],[112.67445581800007,-7.0535140669999805,0],[112.67441584300002,-7.0536358949999567,0],[112.67437586800008,-7.0537596269999767,0],[112.6743435090001,-7.0538605169999755,0],[112.67428259300004,-7.0540318379999576,0],[112.67426926900009,-7.0540775229999326,0],[112.67426926900009,-7.0540908479999302,0],[112.67427497900007,-7.0541003659999433,0],[112.67428640100002,-7.0541098839999563,0],[112.67431114700003,-7.0541117879999433,0],[112.67432447200008,-7.0541060769999717,0],[112.67433779700002,-7.0540889449999327,0],[112.67434541200009,-7.054064197999935,0],[112.67435873600004,-7.0540242229999421,0],[112.6743949050001,-7.0539138159999766,0],[112.67443297500006,-7.0537843739999744,0],[112.6744729510001,-7.0536682559999804,0],[112.67449981700008,-7.0535844969999744,0],[112.67452054800003,-7.0535474419999673,0],[112.67453005700008,-7.0535350059999473,0],[112.67454398500001,-7.0535223449999762,0],[112.67457384000011,-7.0535083559999521,0],[112.6745985870001,-7.053500741999926,0],[112.6746252370001,-7.0534950309999545,0],[112.67466901800003,-7.0534893209999723,0],[112.67475087100001,-7.0534817059999568,0],[112.67488031400001,-7.0534702849999462,0],[112.67502498500005,-7.0534493459999794,0],[112.67522295600008,-7.0534226959999273,0],[112.67542854200008,-7.0534074669999427,0],[112.67562080200003,-7.0533827209999345,0],[112.67584542300006,-7.0533560709999392,0],[112.67605100900005,-7.0533313239999416,0],[112.67627563000008,-7.0533179989999439,0],[112.67641649400002,-7.0533008669999617,0],[112.6765002520001,-7.0533008669999617,0],[112.6765516480001,-7.0533008669999617,0],[112.67663350100008,-7.0533027709999487,0],[112.67668680100007,-7.0533046739999463,0],[112.67670964400008,-7.0533160959999464,0],[112.67672296900002,-7.05333703499997,0],[112.67672487200002,-7.0533636849999652,0],[112.67672867900001,-7.0533922389999475,0],[112.67673819700008,-7.0534131779999711,0],[112.67675913700009,-7.0534303099999534,0],[112.67676484700007,-7.053445538999938,0],[112.67674961900002,-7.0534778989999722,0],[112.6767305840001,-7.0534931279999569,0],[112.67671154700008,-7.0535045489999675,0],[112.67668870400007,-7.0535102599999391,0],[112.67667157200003,-7.0535216809999497,0],[112.6766544410001,-7.0535350059999473,0],[112.67664111500005,-7.0535559459999604,0],[112.67664301900004,-7.0535768849999272,0],[112.67665634500008,-7.0535940169999662,0],[112.67666395800006,-7.0536130529999355,0],[112.67666395800006,-7.0536358949999567,0],[112.67664872900002,-7.0536511239999413,0],[112.67662969500009,-7.0536682559999804,0],[112.67661827200004,-7.0536872919999496,0],[112.67661446500006,-7.0537063269999294,0],[112.67662208000002,-7.0537386879999531,0],[112.6766277910001,-7.0537615309999637,0],[112.6766258880001,-7.0537805669999329,0],[112.67660685100009,-7.0537843739999744,0],[112.67659162200005,-7.0537805669999329,0],[112.6765763950001,-7.0537672419999353,0],[112.67654213000003,-7.0537672419999353,0],[112.67651167300005,-7.0537482059999661,0],[112.67650596200008,-7.0537158449999424,0],[112.67651167300005,-7.0536968099999626,0],[112.67652309500011,-7.0536796779999804,0],[112.67653641900006,-7.0536568349999698,0],[112.67652880600008,-7.0536339919999591,0],[112.67651167300005,-7.0536111489999485,0],[112.67647931200008,-7.0536111489999485,0],[112.67646027600006,-7.0536263779999331,0],[112.67643933700003,-7.053673966999952,0],[112.6764241090001,-7.0536949059999756,0],[112.67641268700004,-7.0537139419999448,0],[112.67640697600007,-7.0537367849999555,0],[112.67640697600007,-7.0537615309999637,0],[112.67641459100003,-7.053790084999946,0],[112.67641839800001,-7.0538110239999696,0],[112.67641459100003,-7.0538338669999803,0],[112.67638984400003,-7.0538509989999625,0],[112.67635367600008,-7.0538586129999317,0],[112.67631370100003,-7.0538757449999707,0],[112.67627943700006,-7.0539062019999506,0],[112.67626420900001,-7.053949983999928,0],[112.67627182400008,-7.0539842489999387,0],[112.67629657000009,-7.0540032839999753,0],[112.67633654400004,-7.05401851299996,0],[112.67637651900009,-7.0540147059999754,0],[112.67640697600007,-7.054016608999973,0],[112.67642791600008,-7.0540261269999291,0],[112.67643933700003,-7.0540432589999682,0],[112.67643933700003,-7.0540661019999789,0],[112.67643172300006,-7.0540832339999611,0],[112.67641078300005,-7.0540870409999457,0],[112.67638984400003,-7.054075619999935,0],[112.67637271300009,-7.0540699089999634,0],[112.67635748300006,-7.054075619999935,0],[112.67634035100002,-7.0541117879999433,0],[112.67634035100002,-7.0541460519999646,0],[112.67634796700008,-7.0541688949999752,0],[112.67636319400003,-7.054189833999942,0],[112.67638413300006,-7.0542107729999657,0],[112.6763974590001,-7.0542298089999349,0],[112.67641268700004,-7.0542621699999586,0],[112.6764222060001,-7.0542907229999514,0],[112.67642791600008,-7.0543135659999621,0],[112.67644314400002,-7.0543326019999313,0],[112.67646408300004,-7.0543440229999419,0],[112.67648692600005,-7.0543573479999395,0],[112.67648883000004,-7.054372576999981,0],[112.67647740900009,-7.0543859019999786,0],[112.67644695200011,-7.0543992269999762,0],[112.67641459100003,-7.0544068409999454,0],[112.67636700100002,-7.0544144549999714,0],[112.67629466700009,-7.054418261999956,0],[112.67617854800005,-7.0544144549999714,0],[112.67600151600004,-7.0544163589999584,0],[112.6758054500001,-7.054420165999943,0],[112.67562846500005,-7.0544360039999674,0],[112.67547977200002,-7.054438844999936,0],[112.67532130000006,-7.0544488379999279,0],[112.67519709200008,-7.0544531209999377,0],[112.67504290300008,-7.0544559769999751,0],[112.67491869500009,-7.0544545489999564,0],[112.67478449300006,-7.0544631149999759,0],[112.67469169500009,-7.0544716809999386,0],[112.67451894500005,-7.0544731089999573,0],[112.67438617100004,-7.0544731089999573,0],[112.67431193200002,-7.0544716809999386,0],[112.67426481900009,-7.0544731089999573,0],[112.67424054800006,-7.0544616869999572,0],[112.67422912800009,-7.054438844999936,0],[112.67423055500001,-7.0544117189999724,0],[112.67423912100003,-7.0543817369999715,0],[112.67425482500005,-7.0543360519999396,0],[112.67426767400002,-7.0542975049999654,0],[112.67427909600008,-7.0542689509999263,0],[112.67427909600008,-7.054248963999953,0],[112.67426481900009,-7.0542389699999717,0],[112.67424625900003,-7.0542403979999335,0],[112.67422484400004,-7.054248963999953,0],[112.67420485600007,-7.0542718059999743,0],[112.67418915200005,-7.054313208999929,0],[112.67417915800002,-7.0543717439999796,0],[112.67416916500008,-7.0544031529999529,0],[112.67414775000009,-7.0544559769999751,0],[112.67414265100001,-7.0544707039999253,0],[112.67413490000001,-7.0544930959999306,0],[112.67413775600005,-7.0545130839999501,0],[112.67414632200007,-7.0545259329999794,0],[112.67415917100004,-7.0545359269999608,0],[112.67418201400005,-7.054541636999943,0],[112.67421056700005,-7.0545430649999616,0],[112.67430967200005,-7.0545457719999263,0],[112.67441893700004,-7.0545441159999314,0],[112.67445621900004,-7.0545448689999262,0],[112.67457890800006,-7.0545473479999714,0],[112.67470597200008,-7.0545430649999616,0],[112.67485016600006,-7.0545373539999332,0],[112.67507460600007,-7.054535896999937,0],[112.67508538800007,-7.054535150999925,0],[112.67541851200008,-7.0545327719999591,0],[112.67565170100011,-7.054518494999968,0],[112.67580398500002,-7.0545113569999671,0],[112.67594913200003,-7.0545042179999768,0],[112.67613235200008,-7.054497079999976,0],[112.67624418500009,-7.054497079999976,0],[112.67637029700006,-7.054487561999963,0],[112.67646071600007,-7.0544851829999402,0],[112.67651782300004,-7.054487561999963,0],[112.67658920700001,-7.0544899409999289,0],[112.67662252000002,-7.054482802999928,0],[112.67666059100009,-7.0544804239999621,0],[112.67668438600003,-7.0544709059999491,0],[112.67670580100003,-7.0544685259999369,0],[112.67672721600002,-7.0544709059999491,0],[112.67674625200004,-7.0544780439999499,0],[112.67675814900008,-7.0544923209999411,0],[112.67676052800005,-7.0545042179999768,0],[112.6767557710001,-7.0545161159999452,0],[112.67670818100009,-7.0545208739999339,0],[112.67664393500002,-7.054528012999981,0],[112.67657255100005,-7.054535150999925,0],[112.67652258200008,-7.0545399099999599,0],[112.67645595700003,-7.0545422899999721,0],[112.67641788600008,-7.0545470489999502,0],[112.67636553800003,-7.0545589459999292,0],[112.67632508700001,-7.0545732229999771,0],[112.67630129200006,-7.0545898789999342,0],[112.67627987700007,-7.0546065349999481,0],[112.67626798000003,-7.0546255709999741,0],[112.67626560100007,-7.0546541239999669,0],[112.67627511800004,-7.0546826779999492,0],[112.67629891400009,-7.054711230999942,0],[112.67632984600004,-7.0547302669999681,0],[112.67635364200009,-7.054742163999947,0],[112.6763679180001,-7.0547516819999601,0],[112.67638219500009,-7.054773096999952,0],[112.67641312700005,-7.0548016509999343,0],[112.67644881900003,-7.0548111689999473,0],[112.67648451100001,-7.0548159279999254,0],[112.67653448100009,-7.0548111689999473,0],[112.67660586300008,-7.0548159279999254,0],[112.67665583200005,-7.0548468609999304,0],[112.6766867660001,-7.0548944499999493,0],[112.67669628300007,-7.0549515569999812,0],[112.67669390500009,-7.0550205609999352,0],[112.67668914500007,-7.0550776679999672,0],[112.6766867660001,-7.0551323959999763,0],[112.67667248800001,-7.0551823649999506,0],[112.67665107300002,-7.0552228149999792,0],[112.67662014000007,-7.0552442309999606,0],[112.676574931,-7.0552418509999484,0],[112.67654161900009,-7.0552251949999345,0],[112.67650830600007,-7.0552156769999783,0],[112.67646785500006,-7.0552085389999775,0],[112.67642978400011,-7.0552156769999783,0],[112.67642026600004,-7.0552323329999354,0],[112.6764155080001,-7.0552513689999614,0],[112.67641266500004,-7.0552797869999608,0],[112.67673014100001,-7.0552968559999272,0],[112.67719713100007,-7.0552999639999712,0],[112.67721280900003,-7.0553310089999286,0],[112.67724475200009,-7.0555557799999633,0],[112.67725914900007,-7.0555641019999484,0],[112.67733939700008,-7.0555697949999399,0],[112.67743158900009,-7.0555682659999661,0],[112.67753934300003,-7.0555654869999671,0],[112.6776075890001,-7.0555640459999722,0],[112.67771412800005,-7.0555564849999541,0],[112.67776440800003,-7.0555539129999261,0],[112.67782549200001,-7.0555584779999663,0],[112.67789376400003,-7.0555642139999577,0],[112.67795362800007,-7.0555628019999403,0],[112.67802302300004,-7.0555481979999399,0],[112.67809363400011,-7.0555383749999692,0],[112.67822891500009,-7.055531905999942,0],[112.67848746900006,-7.0555094459999737,0],[112.67862393900009,-7.0555005819999792,0],[112.67888493800001,-7.0554924649999293,0],[112.67898094600002,-7.0554908159999741,0],[112.67899084300007,-7.0554906459999529,0],[112.67909342900009,-7.0554888839999421,0],[112.67908698800011,-7.0555733029999601,0],[112.67905924600007,-7.0559369079999783,0],[112.67904270100007,-7.0561302739999405,0],[112.679035451,-7.056245133999937,0],[112.67902499800005,-7.0565341739999781,0],[112.67900870800008,-7.0567983559999448,0],[112.67899204700007,-7.0569591849999256,0],[112.67896018100009,-7.0571545199999264,0],[112.67893010100011,-7.0573134839999625,0],[112.67891370900008,-7.0575489569999377,0],[112.67890532900003,-7.0578820089999681,0],[112.67892106400006,-7.057994874999963,0],[112.67895576900003,-7.0580559949999611,0],[112.67974685400009,-7.0580148699999654,0],[112.67977155500012,-7.0580472919999693,0],[112.67980486600004,-7.0581639469999686,0],[112.67973640300011,-7.0583039099999496,0],[112.67967759300006,-7.0584648919999609,0],[112.67965888300012,-7.0585893639999426,0],[112.67966090300001,-7.0586180649999619,0],[112.67969013000004,-7.0587538489999702,0],[112.67972121000003,-7.0588724009999737,0],[112.67972169300003,-7.0590063739999778,0],[112.67970892500011,-7.0591844149999474,0],[112.67969631500011,-7.0594064739999567,0],[112.67967571700001,-7.0595386099999473,0],[112.67979188800007,-7.0595448899999269,0],[112.67998724400002,-7.0595563469999547,0],[112.68014629000004,-7.0595534289999478,0],[112.68043164400001,-7.0596420419999504,0],[112.68065934500009,-7.0596960769999555,0],[112.68064431100004,-7.0598432639999373,0],[112.68064931200001,-7.0599018579999324,0],[112.68067817800011,-7.0599376419999658,0],[112.68071642600012,-7.0599509019999687,0],[112.68093888200008,-7.0599622599999634,0],[112.68085001600002,-7.0601068829999463,0],[112.68082621200006,-7.0601464439999404,0],[112.68082042000003,-7.0602002939999693,0],[112.68081228400001,-7.060268505999943,0],[112.68080309800007,-7.0603773939999428,0],[112.68078419000005,-7.0604468419999762,0],[112.68076885700009,-7.0605114919999323,0],[112.6807558590001,-7.0605593859999658,0],[112.68075122000005,-7.0606012709999391,0],[112.68078724700001,-7.0606298499999411,0],[112.68106301400007,-7.0607317279999506,0],[112.68105510500004,-7.0608621439999411,0],[112.68101460900004,-7.0609220999999707,0],[112.68099553700006,-7.0609460919999378,0],[112.6809849550001,-7.0609999599999469,0],[112.68097791700006,-7.0610406559999319,0],[112.6809697220001,-7.0610921229999803,0],[112.68095202400002,-7.0611651549999692,0],[112.68095179800002,-7.0611672439999325,0],[112.68093811800009,-7.0612931979999303,0],[112.68129888900012,-7.0613911829999552,0],[112.6812883230001,-7.0614498339999727,0],[112.68127302200003,-7.0615228589999788,0],[112.68124466500001,-7.0616282269999715,0],[112.68120563000002,-7.0617611459999807,0],[112.68116202400006,-7.0619538909999733,0],[112.68114430800006,-7.0620221379999748,0],[112.68113144500001,-7.0621071149999466,0],[112.68111637900006,-7.0622459289999711,0],[112.68109174400001,-7.062387168999976,0],[112.68109215000004,-7.0624996099999748,0],[112.68110337700011,-7.0626239749999513,0],[112.68111306800006,-7.0626550419999603,0],[112.68112991800001,-7.0626789059999737,0],[112.68113019300006,-7.0627554619999273,0],[112.68111993100001,-7.0628978449999522,0],[112.68113331400002,-7.0629564119999486,0],[112.68117302300004,-7.0630100969999603,0],[112.68129302400007,-7.063082632999965,0],[112.68150159400011,-7.06314408399993,0],[112.68163705900008,-7.0631878549999669,0],[112.6815997540001,-7.0634678999999778,0],[112.68143516200007,-7.0638865319999695,0],[112.68176087000006,-7.0639828829999374,0],[112.68203432400003,-7.0641063009999812,0],[112.68213503100003,-7.064140626999972,0],[112.68236247000004,-7.0642122879999647,0],[112.6825527200001,-7.0642982619999657,0],[112.68267774900005,-7.0643547619999367,0],[112.68277057900002,-7.064396712999951,0],[112.68280173300002,-7.064402581999957,0],[112.68289152400007,-7.0643986689999565,0],[112.68300642100007,-7.0643838999999389,0],[112.68311068600008,-7.0643807569999808,0],[112.68314171300005,-7.064379821999978,0],[112.68322041200008,-7.0643872549999287,0],[112.68324714400001,-7.0643961889999787,0],[112.68327716500005,-7.0644200049999313,0],[112.68331966000005,-7.0644518429999721,0],[112.68337318500005,-7.0644830559999718,0],[112.68361641500007,-7.0645264369999268,0],[112.68371225900012,-7.0645729839999376,0],[112.68380726300006,-7.0646537419999618,0],[112.68389963100003,-7.0647000589999607,0],[112.68391647100009,-7.0647086099999683,0],[112.68397403900008,-7.0647378439999784,0],[112.6840104260001,-7.0647466039999358,0],[112.68410224000002,-7.0647687079999741,0],[112.68414178500007,-7.0647769379999659,0],[112.68419921600002,-7.0647647689999644,0],[112.68432361400005,-7.0647284339999601,0],[112.68443000400009,-7.0646790049999595,0],[112.68446472400001,-7.0646776829999567,0],[112.6847161710001,-7.0646755779999353,0],[112.68479757700004,-7.0646704989999307,0],[112.68487661200004,-7.064672605999931,0],[112.68488725500004,-7.0646107829999778,0],[112.6848955260001,-7.0641169619999573,0],[112.68490814500001,-7.0640307909999365,0],[112.68498967900007,-7.0635323989999392,0],[112.68554839000001,-7.0637230269999804,0],[112.68646505800007,-7.0639779679999606,0],[112.68651374600006,-7.0638010569999778,0],[112.68663179200007,-7.0638050939999744,0],[112.6868074570001,-7.0638738179999336,0],[112.68710218100011,-7.0640085019999788,0],[112.68751509700007,-7.064154857999938,0],[112.68755495400001,-7.0640513619999297,0],[112.68767436400003,-7.0636963759999389,0],[112.68770412600009,-7.0635828699999479,0],[112.68770659500001,-7.0634708959999557,0],[112.6877063280001,-7.0633976889999417,0],[112.68774923600006,-7.0631853269999283,0],[112.68787049000002,-7.0627037799999357,0],[112.68793023000001,-7.0625356169999804,0],[112.68796298400002,-7.0625172669999756,0],[112.68802054800005,-7.062479307999979,0],[112.6880591040001,-7.062413137999954,0],[112.68807328000003,-7.0623599759999252,0],[112.68808319100003,-7.0623197469999468,0],[112.68795791900004,-7.0622469929999738,0],[112.68809432100011,-7.0618230459999722,0],[112.68822367000007,-7.061831189999964,0],[112.68841351700007,-7.06188074399995,0],[112.68869682700006,-7.0619486189999634,0],[112.68885461900004,-7.0619748429999731,0],[112.68899295200004,-7.0615551929999469,0],[112.68913170100006,-7.0612503789999437,0],[112.68915865400004,-7.0612866459999282,0],[112.68920092700012,-7.0613209429999415,0],[112.68929301700007,-7.0613569729999313,0],[112.68952122700011,-7.0614193069999374,0],[112.68967273500004,-7.0614627769999743,0],[112.68983766800011,-7.0615100279999297,0],[112.68989333000002,-7.0615385349999542,0],[112.68991251300008,-7.061591170999975,0],[112.6900362340001,-7.061620909999931,0],[112.69005136600003,-7.0616647589999388,0],[112.69011603900003,-7.0616688309999631,0],[112.69017919800001,-7.0616513769999756,0],[112.69022792600003,-7.0616167499999278,0],[112.69029527500004,-7.0615662649999535,0],[112.69031814100003,-7.0615561959999695,0],[112.69041305000007,-7.0615529189999506,0],[112.69047484000009,-7.0615541309999799,0],[112.69050640900002,-7.0615425329999653,0],[112.69052493700008,-7.0615008379999722,0],[112.69055765600001,-7.0614102879999336,0],[112.69056469500003,-7.0613700699999526,0],[112.69085257600011,-7.0614288759999795,0],[112.69088083200006,-7.0613775369999416,0],[112.69100375900007,-7.061422127999947,0],[112.69119026100009,-7.0615156509999792,0],[112.69127215200001,-7.061534035999955,0],[112.69136425000011,-7.0615509069999689,0],[112.6914489830001,-7.061539115999949,0],[112.69155524200005,-7.0615200689999256,0],[112.69172758000002,-7.0614964769999347,0],[112.69184824500007,-7.0614874269999746,0],[112.69189782400008,-7.0612920279999685,0],[112.69190185900004,-7.0612159359999396,0],[112.6919809850001,-7.0612429219999626,0],[112.69213487800005,-7.0612839919999715,0],[112.69221107300007,-7.0612951989999715,0],[112.69225561600001,-7.0612950359999331,0],[112.69224084900009,-7.0615807409999434,0],[112.69231308000008,-7.0615555989999734,0],[112.69238870200002,-7.0615409699999532,0],[112.69247008100001,-7.0615291909999769,0],[112.69251697700008,-7.0615175379999755,0],[112.69253991400001,-7.0615030989999354,0],[112.69256660400004,-7.0614666389999456,0],[112.69257798600006,-7.061435974999938,0],[112.69258453200007,-7.0613919299999566,0],[112.69259958700002,-7.0613172329999543,0],[112.69262610600003,-7.0612338819999536,0],[112.69266127600008,-7.0611591119999275,0],[112.69267925800011,-7.0610987589999468,0],[112.6926904500001,-7.0610154629999329,0],[112.69270162100008,-7.0609264259999804,0],[112.69271382600004,-7.0608584369999789,0],[112.69273649500008,-7.0607703149999566,0],[112.69276012600005,-7.0606831469999634,0],[112.69276938900009,-7.0605960299999424,0],[112.69278072300006,-7.0605519689999596,0],[112.69280170600007,-7.0605270119999659,0],[112.69283132200007,-7.060504893999962,0],[112.69286290000002,-7.0604961669999398,0],[112.69290696700011,-7.0604969639999808,0],[112.69294244000002,-7.0605054469999686,0],[112.69295967700009,-7.0605034719999367,0],[112.69297781400007,-7.0604861809999306,0],[112.69299688000001,-7.0604612299999303,0],[112.69300538100003,-7.0604277069999739,0],[112.69301476100009,-7.0603731249999555,0],[112.69303369500005,-7.0603118119999522,0],[112.69307443700006,-7.0601882169999612,0],[112.69310776000009,-7.0601325919999454,0],[112.69314594500008,-7.0600960889999556,0],[112.69317655600003,-7.0600844939999661,0],[112.69320911300008,-7.060081504999971,0],[112.69325131000005,-7.060094749999962,0],[112.69335585700003,-7.0601316909999809,0],[112.69346035000001,-7.0601542789999598,0],[112.6935178760001,-7.0601684239999258,0],[112.69354671000008,-7.0601951139999528,0],[112.69356260600011,-7.0602111019999256,0],[112.69358341200007,-7.0602164329999368,0],[112.69362436300003,-7.0602162849999672,0],[112.69367035700009,-7.0602204229999757,0],[112.69369765900001,-7.0602210419999665,0],[112.69372422800006,-7.0602173579999317,0],[112.69375798800002,-7.0602157989999341,0],[112.69379104800009,-7.060218549999945,0],[112.69381334200011,-7.0602249289999577,0],[112.6938521830001,-7.0602377059999526,0],[112.69389460100001,-7.0602461649999668,0],[112.69393988100001,-7.0602510239999674,0],[112.69398586200009,-7.0602515749999384,0],[112.69402681500003,-7.0602521439999464,0],[112.69404691500006,-7.0602477659999749,0],[112.69406340400008,-7.0602383749999262,0],[112.69408055800011,-7.060213909999959,0],[112.69409051200012,-7.0601851649999503,0],[112.69410334600002,-7.060158562999959,0],[112.69411476300002,-7.0601369909999789,0],[112.69417757600002,-7.0600029639999775,0],[112.69419297200011,-7.059956255999964,0],[112.69421904100011,-7.059880800999963,0],[112.69424517000004,-7.0598220929999798,0],[112.69426778400009,-7.0597849279999423,0],[112.69429046500011,-7.0597657079999294,0],[112.69434431600007,-7.0597571379999522,0],[112.69438505200003,-7.0597641679999583,0],[112.69443895600011,-7.0597699519999537,0],[112.69448807500009,-7.059776951999936,0],[112.69457074500008,-7.0597910059999549,0],[112.69464262200006,-7.0598003139999719,0],[112.69465339800001,-7.0598002749999296,0],[112.69485944500002,-7.0598270379999803,0],[112.69493010000008,-7.0598291739999581,0],[112.69496119200005,-7.0598182959999463,0],[112.6950053600001,-7.0597810539999273,0],[112.69504475100007,-7.0597474169999259,0],[112.69509373700009,-7.059718529999941,0],[112.69512605400007,-7.0597148239999683,0],[112.69520270700002,-7.0597205269999677,0],[112.69526262900001,-7.0597346639999614,0],[112.69533698600003,-7.0597678859999746,0],[112.69541732800008,-7.0597998909999546,0],[112.69564749200003,-7.0598732189999396,0],[112.69578891700007,-7.059909786999981,0],[112.69579056400005,-7.0600329899999679,0],[112.69578405400011,-7.0602184229999807,0],[112.6957889140001,-7.0602375429999711,0],[112.69577362200005,-7.0603129589999298,0],[112.6957535680001,-7.0603955699999688,0],[112.69573216300012,-7.0604363179999723,0],[112.69571671100005,-7.0604674759999284,0],[112.69569888500007,-7.0605046229999289,0],[112.69568346300002,-7.0605441529999666,0],[112.6956668790001,-7.0605932569999368,0],[112.69565630300008,-7.0606483209999737,0],[112.695819228,-7.060670454999979,0],[112.69579822800006,-7.0608224489999429,0],[112.69577605000006,-7.0609792299999299,0],[112.69577141200011,-7.06102111499996,0],[112.69575505900002,-7.0611336159999496,0],[112.69574579800008,-7.0612209709999547,0],[112.69572568600006,-7.0612880319999363,0],[112.6956923250001,-7.0613336089999734,0],[112.69565774300008,-7.0613720119999357,0],[112.69558490700001,-7.0614284979999411,0],[112.69547392100003,-7.0615305779999744,0],[112.69542139000009,-7.0615726359999371,0],[112.69535198100004,-7.0615836539999464,0],[112.69522870000003,-7.0615972599999282,0],[112.6951185800001,-7.0616084259999639,0],[112.69515574900004,-7.0617261629999462,0],[112.69521502800001,-7.0617887009999549,0],[112.69530251900005,-7.0618111109999404,0],[112.69559849400002,-7.0618710409999608,0],[112.69570637800007,-7.0619041409999568,0],[112.69574305200001,-7.0617819969999687,0],[112.69577771500008,-7.0617651239999759,0],[112.69582779900009,-7.061708719999956,0],[112.69590033000009,-7.0615685009999538,0],[112.69594436300008,-7.0614941779999754,0],[112.69595984600005,-7.061471393999966,0],[112.69601011700001,-7.0614664269999707,0],[112.69605325000009,-7.0614734469999689,0],[112.69615391900004,-7.06149819999996,0],[112.69638529600002,-7.0615751119999572,0],[112.69655314200008,-7.0616331139999602,0],[112.69684819300005,-7.0617684069999314,0],[112.69687822700007,-7.0617958099999782,0],[112.69697167100003,-7.0618086279999375,0],[112.69729210100002,-7.062008422999952,0],[112.69725047300005,-7.0620851309999466,0],[112.69732966400011,-7.0621302969999533,0],[112.69739742000002,-7.062198566999939,0],[112.69738285100004,-7.0622676659999684,0],[112.69770091900011,-7.0624758419999694,0],[112.69779329900007,-7.0625257459999489,0],[112.69788931200003,-7.0625864009999759,0],[112.69802389800009,-7.0627174929999796,0],[112.69813845800002,-7.0627833759999703,0],[112.69815720400004,-7.0628258619999542,0],[112.69816922100006,-7.0628377799999384,0],[112.69820151100009,-7.0628268959999332,0],[112.69828779200009,-7.0628457209999738,0],[112.6983512920001,-7.0628562549999288,0],[112.69842810600005,-7.0629062149999413,0],[112.69838168000001,-7.0629805479999277,0],[112.69844781500001,-7.0630326659999696,0],[112.69860375300004,-7.0631328509999776,0],[112.69864283400011,-7.0631453899999315,0],[112.69869674800009,-7.0631538059999457,0],[112.69872690800003,-7.0631501069999558,0],[112.69875418100003,-7.063142829999947,0],[112.69879585300009,-7.0631433959999299,0],[112.69885913600001,-7.0631596729999728,0],[112.69893685000011,-7.0631938399999399,0],[112.69898218000003,-7.0632123359999355,0],[112.69902101700006,-7.0632236779999289,0],[112.69905266300009,-7.0632336109999301,0],[112.69914774900008,-7.0633028829999489,0],[112.69928885200011,-7.063382034999961,0],[112.69946592800011,-7.0634754089999774,0],[112.69958254400001,-7.0635381429999597,0],[112.69976021200011,-7.0635970649999535,0],[112.69993285100009,-7.0636560069999632,0],[112.69996950500001,-7.0636594619999755,0],[112.7001623750001,-7.063749907999977,0],[112.70017758000006,-7.0637821499999518,0],[112.70020128100009,-7.0637799109999264,0],[112.70024661200011,-7.063799122999967,0],[112.70029048300012,-7.0638118829999712,0],[112.700322873,-7.0638282719999665,0],[112.70034301200008,-7.063834657999962,0],[112.70036459700009,-7.0638431919999789,0],[112.70052344200008,-7.063862707999931,0],[112.70069089300011,-7.0638778879999791,0],[112.70079074700004,-7.0638753699999484,0],[112.70082668600003,-7.063880261999941,0],[112.7008533070001,-7.0638909309999462,0],[112.70087418900005,-7.0639037739999253,0],[112.70091776400011,-7.0639012229999594,0],[112.7009089390001,-7.0638452719999805,0],[112.70090869700005,-7.0637792449999779,0],[112.70092575600006,-7.0637289419999547,0],[112.70095858900004,-7.0636699689999318,0],[112.70100289900006,-7.0636066489999507,0],[112.70104154300009,-7.0635648799999444,0],[112.70108024300009,-7.0635389009999585,0],[112.70111110900007,-7.0635161939999307,0],[112.70115475900002,-7.0634840829999348,0],[112.70121497500008,-7.0634479779999424,0],[112.70128088100012,-7.0633960629999706,0],[112.70132805600008,-7.0633298609999429,0],[112.70139952200009,-7.063226249999957,0],[112.7014566900001,-7.0631427859999576,0],[112.70146842700001,-7.0631227369999579,0],[112.70148953300009,-7.0630866849999734,0],[112.70150663400011,-7.0630478649999304,0],[112.70152517200006,-7.063009041999976,0],[112.70154090800008,-7.0629903229999513,0],[112.70156962900001,-7.0629859129999772,0],[112.70167304500001,-7.0629754869999601,0],[112.70169604000012,-7.0629768379999405,0],[112.70184562500003,-7.0630179199999361,0],[112.70207296800004,-7.063104649999957,0],[112.70220818700011,-7.0631472189999727,0],[112.70227577700007,-7.0631627629999798,0],[112.70233905100008,-7.0631768859999511,0],[112.70237789900011,-7.0631910979999475,0],[112.70242251900004,-7.0632124659999249,0],[112.70244121400003,-7.0632167059999347,0],[112.70247852500006,-7.063203648999945,0],[112.70253441000011,-7.0631618189999585,0],[112.70259865800006,-7.0630496209999478,0],[112.70267142800003,-7.0629101189999801,0],[112.70273718200008,-7.0628165749999425,0],[112.70280870300007,-7.062728753999977,0],[112.70284732000005,-7.0626798079999276,0],[112.70288598900004,-7.0626452169999538,0],[112.7029290160001,-7.0626235279999605,0],[112.70296576900012,-7.0626131369999712,0],[112.70299073600006,-7.0626060779999307,0],[112.70307689000003,-7.062589973999934,0],[112.70311850500002,-7.0625754679999773,0],[112.70314855300001,-7.0625409079999599,0],[112.70319150100011,-7.0624976869999614,0],[112.70329456500008,-7.0623910889999593,0],[112.70336318700004,-7.0622961009999585,0],[112.7033960980001,-7.0622586599999408,0],[112.70347637200007,-7.0622066899999254,0],[112.70359979400007,-7.0621660479999377,0],[112.70372751400009,-7.0621225179999669,0],[112.70379350400003,-7.062093569999945,0],[112.7038178680001,-7.0620762559999548,0],[112.70388380500003,-7.0620329509999351,0],[112.70390460600004,-7.0620131799999513,0],[112.70390957800009,-7.0620084549999547,0],[112.70393955300005,-7.0619537999999693,0],[112.70403156300006,-7.061967817999971,0],[112.70422162900002,-7.0620058199999676,0],[112.70425012500004,-7.0620115169999735,0],[112.70441552500006,-7.0620554109999603,0],[112.7044773560001,-7.062068103999934,0],[112.70455639300008,-7.0620706849999806,0],[112.70460093100007,-7.0620690869999407,0],[112.70461522500011,-7.0620489389999648,0],[112.70464260100005,-7.0619920009999646,0],[112.70466085700002,-7.0619540329999495,0],[112.7046836940001,-7.0619123229999445,0],[112.70511827200005,-7.0620887279999351,0],[112.70530479700005,-7.0621330699999589,0],[112.70542549100003,-7.0621326279999721,0],[112.70550593900009,-7.0621285069999544,0],[112.70550540000011,-7.0619811379999646,0],[112.7055279760001,-7.06186813599993,0],[112.70554119300004,-7.06182172299998,0],[112.70555634800007,-7.0617685079999433,0],[112.70559818000004,-7.0616822309999634,0],[112.70564551900009,-7.061530859999948,0],[112.7056645020001,-7.0614829429999304,0],[112.70578433500009,-7.0612470939999525,0],[112.70589341000004,-7.0610574419999352,0],[112.70602039100004,-7.0608366569999248,0],[112.70604764400002,-7.0607932999999434,0],[112.70618800500006,-7.0605700109999248,0],[112.70641474700005,-7.0602323359999559,0],[112.70659976500008,-7.0600096459999691,0],[112.70661353100002,-7.0600110459999428,0],[112.7070175660001,-7.0600521379999464,0],[112.70742575300005,-7.0600850939999305,0],[112.7075446990001,-7.0601305919999504,0],[112.70777881700008,-7.0602369139999723,0],[112.70785379900008,-7.0603093669999453,0],[112.70811805100004,-7.0606293699999583,0],[112.70822308400011,-7.060704191999946,0],[112.70840161500007,-7.0608030589999657,0],[112.70851871000002,-7.0608657899999798,0],[112.70853218400009,-7.0608829659999515,0],[112.70856462200004,-7.0609569599999418,0],[112.70857303300011,-7.0610512389999371,0],[112.70864013500011,-7.061118773999965,0],[112.70880732800003,-7.0612054069999317,0],[112.70900130700011,-7.0613367549999566,0],[112.70905887800006,-7.0613633379999783,0],[112.70913363000011,-7.0613726329999622,0],[112.7092199440001,-7.0614010249999524,0],[112.7093945260001,-7.0614673719999814,0],[112.70945012000004,-7.0614767379999535,0],[112.70956129000001,-7.0614916419999645,0],[112.70968390700011,-7.0614931069999329,0],[112.70978163400002,-7.0614984889999732,0],[112.70981804700011,-7.0615021839999486,0],[112.71005392100005,-7.0615644779999798,0],[112.71018427900003,-7.0615869649999468,0],[112.71028406700009,-7.0616325339999548,0],[112.7103473730001,-7.0616552669999351,0],[112.71038764700006,-7.0616666039999814,0],[112.71040672800007,-7.0616454819999603,0],[112.7104275690001,-7.061582246999933,0],[112.71046354000009,-7.0614653669999257,0],[112.71048435300008,-7.0613944769999648,0],[112.71052628900009,-7.0613369059999513,0],[112.71059503900005,-7.0612773229999561,0],[112.71067708700002,-7.0611870689999705,0],[112.71074195000006,-7.0611121889999708,0],[112.71090432700009,-7.0609852759999399,0],[112.71101121700008,-7.0608777069999746,0],[112.71108740400007,-7.060756850999951,0],[112.71114241900011,-7.0606092789999479,0],[112.71115752100002,-7.0605479799999671,0],[112.71119151200003,-7.0604138809999313,0],[112.71120461400005,-7.0603296229999728,0],[112.7111966970001,-7.0602607509999302,0],[112.71116767900003,-7.0601843029999714,0],[112.71107735700002,-7.0601080769999385,0],[112.71095954800001,-7.0599518679999278,0],[112.71090018400002,-7.0598580079999351,0],[112.71086358000002,-7.0598026389999404,0],[112.71081723700001,-7.0597032869999339,0],[112.71080157100005,-7.0596114769999758,0],[112.71080503100006,-7.059510027999977,0],[112.71081798300008,-7.0593855769999436,0],[112.71080751900001,-7.0591444639999281,0],[112.71078163400011,-7.0589615819999381,0],[112.71075254800007,-7.0587829389999683,0],[112.71072548200004,-7.0587160529999551,0],[112.71069663300011,-7.0586855369999739,0],[112.71058537700003,-7.0586476659999562,0],[112.71047215100009,-7.0585944919999406,0],[112.71037025600003,-7.0584972559999528,0],[112.71024727400004,-7.0583962709999355,0],[112.71017034800002,-7.0583161709999445,0],[112.71013177900011,-7.058247410999968,0],[112.71011629200007,-7.0582034489999614,0],[112.71008316300004,-7.0580504579999683,0],[112.71005795400004,-7.0579682529999559,0],[112.71001365200004,-7.057903342999964,0],[112.70991945700007,-7.0578156479999734,0],[112.70981385800008,-7.0577528779999739,0],[112.70969680600001,-7.0577016309999294,0],[112.70960858400008,-7.0576751599999739,0],[112.70947062700009,-7.0576699229999349,0],[112.70932696600005,-7.0576761909999277,0],[112.70920633500009,-7.057693856999947,0],[112.70905901700007,-7.0577479869999706,0],[112.70886960900009,-7.0578175809999379,0],[112.70861129600007,-7.0579046519999338,0],[112.70849266700009,-7.057945277999977,0],[112.70844811200004,-7.0578114689999438,0],[112.70839623300003,-7.0576766709999674,0],[112.70834366400004,-7.0575400779999313,0],[112.70826075900004,-7.0573968379999314,0],[112.70814903500002,-7.0572487739999588,0],[112.70807209500003,-7.0571468089999598,0],[112.70801098400011,-7.0570568709999293,0],[112.70794496600001,-7.0569597119999798,0],[112.70782761300006,-7.0568261689999758,0],[112.70776416300009,-7.0567632419999313,0],[112.70756432700011,-7.0566012909999358,0],[112.70731082100008,-7.0564318829999593,0],[112.70713235400001,-7.0563502379999363,0],[112.70691571100008,-7.0563070109999444,0],[112.70665127200004,-7.0562907529999279,0],[112.70640796300006,-7.0562897279999675,0],[112.70638197800008,-7.0562882959999342,0],[112.70611478800004,-7.0562735749999774,0],[112.70593063700005,-7.0562091749999354,0],[112.70576355100002,-7.0560968649999722,0],[112.70563686000003,-7.05602842899998,0],[112.70553868000002,-7.0558986419999314,0],[112.70538839500011,-7.0556656949999592,0],[112.70533296400004,-7.0555397619999667,0],[112.70526475600002,-7.0553848029999813,0],[112.70519291300002,-7.0551228609999725,0],[112.70517160200006,-7.0549872259999802,0],[112.70515564600009,-7.05488567499998,0],[112.70515098700002,-7.0546598509999399,0],[112.70517347300006,-7.0545219679999605,0],[112.70523029300011,-7.0543437669999776,0],[112.70533306400011,-7.0541577439999514,0],[112.70534786900009,-7.0541387779999809,0],[112.70545891500001,-7.0539965169999732,0],[112.70556189000001,-7.0538659959999563,0],[112.7057406990001,-7.053625474999933,0],[112.70578303100001,-7.0535685319999288,0],[112.70589750800002,-7.0534398839999426,0],[112.70616524500008,-7.0533106739999312,0],[112.70638910000002,-7.0532313859999363,0],[112.70644091300005,-7.0532189719999678,0],[112.70655945500005,-7.0531905699999697,0],[112.70664169800011,-7.0531539059999773,0],[112.70687698400002,-7.0530573519999393,0],[112.70717137200006,-7.052882110999974,0],[112.70728399400002,-7.0527706929999567,0],[112.70737743900008,-7.0526536029999534,0],[112.70741729800011,-7.0525520209999399,0],[112.70743610600005,-7.0524562569999603,0],[112.70744350900009,-7.052385415999936,0],[112.70744337100007,-7.0523790279999616,0],[112.70743889100004,-7.0521710749999329,0],[112.70736344800002,-7.0519723069999714,0],[112.70727265800008,-7.0517678509999655,0],[112.70715894900002,-7.0515826189999302,0],[112.70695094100006,-7.0512809829999696,0],[112.70676616100002,-7.0510443349999719,0],[112.7065517100001,-7.0508578429999602,0],[112.70651631600003,-7.0508270639999751,0],[112.70641041100009,-7.0506800799999496,0],[112.70635632300002,-7.050557787999935,0],[112.70635479800001,-7.0505509669999356,0],[112.70632126400005,-7.0504009759999349,0],[112.7063169920001,-7.0502804149999747,0],[112.7063434050001,-7.0501693139999588,0],[112.70637000800002,-7.0501098839999372,0],[112.70648255500009,-7.0499774139999545,0],[112.70662958200001,-7.04984481799994,0],[112.70678731300006,-7.0497558739999704,0],[112.70683797000004,-7.0497273089999339,0],[112.70706187400003,-7.049661417999971,0],[112.70733522800003,-7.049611418999973,0],[112.70733947300005,-7.0496106429999372,0],[112.70785263100004,-7.0495379529999695,0],[112.70827948100009,-7.0494387839999604,0],[112.70885559800001,-7.0492950489999657,0],[112.70909859400001,-7.049211861999936,0],[112.70929152400004,-7.0491083649999382,0],[112.70933568200007,-7.0490846769999393,0],[112.70950202800009,-7.0489960299999552,0],[112.70956789200011,-7.0489466439999546,0],[112.70959134000009,-7.0489290619999565,0],[112.70977905200004,-7.0487883149999675,0],[112.70999477100008,-7.0485808249999309,0],[112.71017433300005,-7.0483790529999624,0],[112.71019128300009,-7.0483600069999284,0],[112.71039147900001,-7.0480989839999779,0],[112.71047718300008,-7.0479608689999509,0],[112.71053037500008,-7.0478758179999659,0],[112.71062954800004,-7.0477172479999695,0],[112.71078929700002,-7.0473970429999326,0],[112.71086128000002,-7.0471747669999445,0],[112.71088312500001,-7.0470287619999681,0],[112.71089680800003,-7.0469373139999334,0],[112.71090032200004,-7.0467978979999657,0],[112.71090182600005,-7.0467382489999295,0],[112.71087821900005,-7.0465699139999742,0],[112.71081041700006,-7.0463653749999366,0],[112.71071013300002,-7.0461839219999547,0],[112.71057740900005,-7.0460370369999623,0],[112.71043335800005,-7.0459361279999371,0],[112.71008448300006,-7.0457820839999385,0],[112.7100624200001,-7.0457723419999638,0],[112.71006282900009,-7.045768546999966,0],[112.71014321400003,-7.0450228549999565,0],[112.71083538000005,-7.0452147019999529,0],[112.71109026100009,-7.0453363789999344,0],[112.7111951920001,-7.045380851999937,0],[112.71124910500009,-7.0453896259999738,0],[112.71128494700008,-7.0453685609999752,0],[112.71131771800003,-7.0453265749999332,0],[112.7113168520001,-7.0447901079999724,0],[112.71129701700011,-7.0445790359999592,0],[112.71137490800004,-7.0445966929999599,0],[112.71145574900004,-7.0446023779999791,0],[112.71157847400002,-7.0446019289999526,0],[112.7116742610001,-7.0446015779999698,0],[112.71175799500008,-7.0445803379999461,0],[112.71182367200004,-7.0445322489999285,0],[112.71195827300005,-7.0445048429999702,0],[112.71209612900009,-7.0445491959999345,0],[112.71238384600008,-7.0446468269999514,0],[112.71253665900008,-7.044688133999955,0],[112.71300722000001,-7.0448538749999443,0],[112.71353764900005,-7.0450193969999759,0],[112.71371154600001,-7.0450965109999402,0],[112.71369102200003,-7.0452132149999329,0],[112.71364124400009,-7.0455154319999451,0],[112.71391094900002,-7.0455981769999312,0],[112.7142019580001,-7.0456948939999506,0],[112.71537048900007,-7.0460832579999533,0],[112.71533127000009,-7.0461318939999273,0],[112.7151354020001,-7.0463967299999695,0],[112.71509729900004,-7.0464542849999248,0],[112.71509365100007,-7.0465040609999505,0],[112.71510334800007,-7.0465365619999716,0],[112.71512066600008,-7.046557550999978,0],[112.71541432700008,-7.0467076699999325,0],[112.71562730800008,-7.0467312439999432,0],[112.71577712600003,-7.0467725599999653,0],[112.71587309800009,-7.0468230449999396,0],[112.71602593400007,-7.046870331999969,0],[112.7161097930001,-7.0468903159999741,0],[112.71622366700001,-7.046917452999935,0],[112.71651147600005,-7.0470390039999415,0],[112.71682019400009,-7.0471485169999255,0],[112.71704494700009,-7.0472164719999455,0],[112.71724867600005,-7.0472665609999581,0],[112.71719236600006,-7.0475344909999649,0],[112.7173129900001,-7.0476610639999535,0],[112.71733698000003,-7.0476729369999589,0],[112.7174597290001,-7.0476784679999582,0],[112.71762749700008,-7.0477167269999654,0],[112.71778995800003,-7.0477878539999779,0],[112.71781038500001,-7.0477967969999327,0],[112.71784952000007,-7.0478564619999702,0],[112.71789156800003,-7.0478951819999338,0],[112.71797847300002,-7.0479217769999423,0],[112.71816722800008,-7.0479689309999571,0],[112.7183859050001,-7.0480129839999677,0],[112.71862265200002,-7.0480868739999778,0],[112.71883263500001,-7.0482087099999262,0],[112.71895544900008,-7.0482321819999356,0],[112.71898826500001,-7.0482021569999347,0],[112.71906829200009,-7.0479865499999619,0],[112.71913097000004,-7.0477736299999378,0],[112.71915255100009,-7.0477213469999356,0],[112.71924011100009,-7.0475679139999556,0],[112.71928000700007,-7.047477813999933,0],[112.71928233300002,-7.0474744629999577,0],[112.71939053300002,-7.0473185559999365,0],[112.71951811000008,-7.0471075589999259,0],[112.71959778100006,-7.0469564129999753,0],[112.71963207700003,-7.0470042339999281,0],[112.71967540800006,-7.0470657979999487,0],[112.71969204700008,-7.0470849569999814,0],[112.71972014000005,-7.0471173069999509,0],[112.71976050400008,-7.0471530459999485,0],[112.71981522200008,-7.0471858579999775,0],[112.71986560400001,-7.0472115099999542,0],[112.71994327600009,-7.0472341919999621,0],[112.72002091400009,-7.0472482589999572,0],[112.72010137900008,-7.0472493989999521,0],[112.72019329300008,-7.0472375769999758,0],[112.72026938400006,-7.0472215069999606,0],[112.72035120100008,-7.0471996749999448,0],[112.72043441800008,-7.0471677899999463,0],[112.72050324500003,-7.0471302159999709,0],[112.7205505280001,-7.0470941559999574,0],[112.72068091300002,-7.0469960679999417,0],[112.72068336200005,-7.0469944129999362,0],[112.72078983900008,-7.0469224609999515,0],[112.72087156700002,-7.046876225999938,0],[112.72094041600008,-7.0468443939999474,0],[112.72100930200008,-7.0468226089999462,0],[112.72110264500009,-7.0468093469999644,0],[112.72119599300004,-7.0467975189999379,0],[112.72126240300008,-7.0467962389999457,0],[112.721318182,-7.0467991469999447,0],[112.72143047000009,-7.0468050009999388,0],[112.72156345100007,-7.0468260419999638,0],[112.72177912900008,-7.0468683089999331,0],[112.72211319200005,-7.0468706669999506,0],[112.72235782900009,-7.0468444999999633,0],[112.72236710200002,-7.0468420049999736,0],[112.72238180300008,-7.0468380499999625,0],[112.7225216280001,-7.0468317929999671,0],[112.72274210300009,-7.0468769139999381,0],[112.72282835200008,-7.0468880789999275,0],[112.7229740460001,-7.0469143369999756,0],[112.72308530000009,-7.0469522039999788,0],[112.72315633700009,-7.0469940479999309,0],[112.72320246700008,-7.0470359819999544,0],[112.72324102200002,-7.0471009119999621,0],[112.7232680620001,-7.0471601429999282,0],[112.72328165500005,-7.0472098549999487,0],[112.72329731700006,-7.0473811649999334,0],[112.72328629500009,-7.0475089579999803,0],[112.72327836400007,-7.0475538899999606,0],[112.72324548100005,-7.0477402099999722,0],[112.72323136300008,-7.0478077269999631,0],[112.72322009100003,-7.0478680549999808,0],[112.72320744600006,-7.047945613999957,0],[112.72319618500001,-7.0480088139999566,0],[112.72319066200009,-7.0480691209999691,0],[112.72319227900005,-7.0481179189999352,0],[112.72320428300009,-7.0482556739999609,0],[112.72321182900009,-7.0482945999999629,0],[112.72322625200002,-7.0483689909999612,0],[112.72327404800001,-7.0484721639999748,0],[112.72333081200009,-7.0485909899999797,0],[112.72334065900009,-7.0486115989999689,0],[112.72338699400007,-7.0487085919999686,0],[112.72348106300001,-7.0488919769999256,0],[112.72351870600005,-7.0489693499999362,0],[112.72356634400001,-7.0490703599999733,0],[112.72362007700008,-7.0491842889999248,0],[112.72369886700005,-7.0493147739999813,0],[112.72371693600007,-7.0493446969999809,0],[112.72378478900009,-7.0494320059999609,0],[112.72391529900005,-7.0495715789999736,0],[112.72400549400004,-7.0496680359999573,0],[112.72416001600004,-7.0497951229999671,0],[112.72419140800002,-7.0498209389999715,0],[112.72434864900004,-7.0499358649999522,0],[112.72431697900004,-7.0500060209999447,0],[112.72427297400009,-7.0500863259999278,0],[112.72425638800007,-7.0501342349999732,0],[112.72425532700004,-7.0501713209999366,0],[112.72426264400008,-7.0502071789999263,0],[112.72427834200005,-7.0502430049999703,0],[112.72428918000003,-7.0502597129999458,0],[112.72430479800005,-7.0502740079999739,0],[112.72432037700003,-7.0502775399999678,0],[112.72436946300002,-7.0502761619999319,0],[112.7244758710001,-7.0502339019999454,0],[112.72452492600007,-7.050224152999931,0],[112.72457281800007,-7.0502239749999376,0],[112.72459920000006,-7.0502346439999428,0],[112.72461722200001,-7.0502513229999408,0],[112.72462808600005,-7.0502752069999701,0],[112.72463180500006,-7.0503098829999544,0],[112.72463065800002,-7.0503230449999705,0],[112.72453579600005,-7.0505733959999475,0],[112.72444558900008,-7.0507866489999742,0],[112.72442879000005,-7.0508315779999293,0],[112.72432109700003,-7.051119645999961,0],[112.72430934500005,-7.0511794969999642,0],[112.72431549600003,-7.0512237339999615,0],[112.7243335710001,-7.0512547669999321,0],[112.72435042100005,-7.0512786289999667,0],[112.7243707990001,-7.051284533999933,0],[112.72438994300001,-7.0512808749999749,0],[112.72443413000008,-7.0512496119999355,0],[112.72450684300009,-7.0511620209999251,0],[112.7245354910001,-7.0511379929999407,0],[112.72459171500009,-7.0511246269999788,0],[112.72463120600003,-7.0511185009999622,0],[112.72467787100004,-7.0511099549999585,0],[112.72470894500009,-7.0510942899999804,0],[112.7247304120001,-7.0510714839999764,0],[112.72474824700009,-7.051037924999946,0],[112.72476005200008,-7.0509924259999366,0],[112.724762295,-7.0509517469999423,0],[112.72476932900008,-7.0509110519999467,0],[112.72478231000002,-7.0508595689999538,0],[112.72480137100001,-7.0508331819999626,0],[112.72482885200009,-7.0508175309999501,0],[112.7249448770001,-7.0507860019999384,0],[112.72498663300007,-7.0507451779999428,0],[112.72509405900007,-7.0506550679999691,0],[112.72513700800005,-7.0506130429999416,0],[112.7251633190001,-7.0506045719999406,0],[112.7251649750001,-7.0506041389999723,0],[112.72522731100003,-7.0505879299999492,0],[112.72532237900009,-7.0506521729999463,0],[112.72541457200009,-7.0507164249999619,0],[112.72550967100005,-7.0507892799999468,0],[112.72555120300001,-7.0508176269999581,0],[112.72558129700008,-7.0508381679999275,0],[112.72560904200009,-7.0508571049999773,0],[112.7256202530001,-7.0508567229999812,0],[112.7256444190001,-7.0508558989999415,0],[112.72578616100009,-7.0508565939999812,0],[112.72597998000003,-7.0508601779999367,0],[112.72610490800002,-7.0508683129999667,0],[112.72621077300005,-7.0508686459999694,0],[112.72625630700009,-7.0508780459999798,0],[112.72629951700003,-7.0509065949999581,0],[112.72634399100002,-7.0509530809999319,0],[112.72640541300007,-7.0510497449999434,0],[112.72647757200002,-7.0511356029999774,0],[112.7265436030001,-7.051183205999962,0],[112.72658925100006,-7.0512114729999666,0],[112.72661080700004,-7.0512248219999378,0],[112.72667792800007,-7.0512437129999626,0],[112.72681811300004,-7.0512695119999762,0],[112.72702661700009,-7.0513141949999749,0],[112.72710092600005,-7.051334254999972,0],[112.72715850000009,-7.0513615549999713,0],[112.72719938200009,-7.0514080539999782,0],[112.72724870800005,-7.0514712689999328,0],[112.72728594300008,-7.0515032059999498,0],[112.72732789600002,-7.0515152339999645,0],[112.72752517600009,-7.0515135709999299,0],[112.72768146100009,-7.0515122519999522,0],[112.72769455100001,-7.0515130989999761,0],[112.72778554900003,-7.0515234799999575,0],[112.72835662800003,-7.0515736299999503,0],[112.72855312400009,-7.0515974019999703,0],[112.72870596600001,-7.0515984439999784,0],[112.72883925300005,-7.0515993539999613,0],[112.72896511800002,-7.0516383629999382,0],[112.72898389500006,-7.0516449569999509,0],[112.7291437560001,-7.0517010989999562,0],[112.72923728400008,-7.0517378329999474,0],[112.72943022700008,-7.0517839339999568,0],[112.72951258000001,-7.0517858899999624,0],[112.72964217600008,-7.0517889659999469,0],[112.72978577600009,-7.051766903999976,0],[112.72985275000008,-7.0517463189999603,0],[112.7299640440001,-7.0517303579999293,0],[112.73007678500005,-7.0517054659999303,0],[112.73028483900009,-7.0517052449999369,0],[112.73042265000004,-7.0517370319999486,0],[112.73063718900005,-7.0517948489999753,0],[112.73070816500001,-7.0518179419999569,0],[112.73074987500001,-7.0518315119999784,0],[112.73080376400003,-7.0518337059999681,0],[112.73085159900006,-7.0518179789999635,0],[112.73088382900005,-7.0517915429999789,0],[112.73092198300003,-7.0517483399999605,0],[112.73098162000008,-7.0516859179999756,0],[112.73102219200007,-7.0516486859999645,0],[112.73105204800004,-7.0516282409999462,0],[112.73108310000009,-7.0516065939999635,0],[112.73116919500001,-7.0515763709999533,0],[112.73126488700007,-7.0515508959999806,0],[112.73137670800008,-7.0515314149999426,0],[112.73147197200001,-7.0515357749999339,0],[112.73154863500008,-7.0515450599999667,0],[112.73162547300001,-7.0516009949999443,0],[112.73175994200005,-7.0516997789999323,0],[112.73182229200006,-7.0517234709999457,0],[112.73186304600006,-7.0517352809999352,0],[112.73197394200008,-7.0517537519999678,0],[112.73201759900007,-7.0517610239999726,0],[112.73209062600006,-7.0517583599999512,0],[112.73216599700004,-7.0517413349999742,0],[112.73231535900004,-7.0516594409999698,0],[112.73249693800005,-7.0515475239999432,0],[112.73258229100009,-7.0514935629999513,0],[112.73260922600002,-7.0514765329999705,0],[112.73265348100006,-7.051464406999969,0],[112.73272899400001,-7.0514856569999438,0],[112.73280461100001,-7.0515356159999669,0],[112.73288024200008,-7.0515891639999495,0],[112.73319930700006,-7.0510987459999797,0],[112.7334624340001,-7.0506994449999638,0],[112.73348512900009,-7.05068500699997,0],[112.73353249600007,-7.0507032399999616,0],[112.73357745500005,-7.0507205489999478,0],[112.73364769300008,-7.0507507469999382,0],[112.73366229600003,-7.0507570259999284,0],[112.73374295200006,-7.0507917039999484,0],[112.73384963000001,-7.0508224089999771,0],[112.73395987400011,-7.0508459239999297,0],[112.73405449300003,-7.0508539449999716,0],[112.73415264700009,-7.05084640299998,0],[112.734213651,-7.0508306259999358,0],[112.73425669200003,-7.0508066939999594,0],[112.7343176060001,-7.0507728239999778,0],[112.73452074600004,-7.0506489849999525,0],[112.73455055700003,-7.0506308119999517,0],[112.73462591400005,-7.0505840579999699,0],[112.73462900700008,-7.0505821399999604,0],[112.7347394520001,-7.0505443579999678,0],[112.73486290000005,-7.0505021279999482,0],[112.73494549300005,-7.0504847879999488,0],[112.73513885500006,-7.0504441929999757,0],[112.73532917900002,-7.050404235999963,0],[112.73535803700008,-7.0504364249999298,0],[112.73548741600007,-7.0504550839999638,0],[112.73583893300008,-7.0505371589999299,0],[112.73589482800003,-7.0505502099999262,0],[112.73595266100006,-7.0505637149999529,0],[112.73597073000008,-7.0505166729999473,0],[112.73618621100002,-7.0505782609999414,0],[112.73620373900008,-7.0505832709999368,0],[112.73629723200008,-7.050610196999969,0],[112.7364655560001,-7.0506684219999443,0],[112.73654319000002,-7.0506954799999448,0],[112.73681190100001,-7.0507891309999309,0],[112.73681232300009,-7.0507892619999666,0],[112.736874779,-7.0508086999999477,0],[112.7369494620001,-7.0505891099999758,0],[112.73694996800009,-7.0505877799999439,0],[112.73695468000005,-7.0505754039999715,0],[112.73699214700002,-7.0504769909999254,0],[112.737010682,-7.0504381659999353,0],[112.73706379500004,-7.0504250509999338,0],[112.73710397500008,-7.0504119819999573,0],[112.73712844900001,-7.0504248089999351,0],[112.73716736000006,-7.0504562429999282,0],[112.73725079500002,-7.0504832059999671,0],[112.73732410900004,-7.0504929819999802,0],[112.73738735400002,-7.0504999229999612,0],[112.73750380700005,-7.0505195849999609,0],[112.73769792900009,-7.0505604889999631,0],[112.73771364700008,-7.0505374649999339,0],[112.7377495400001,-7.0505507389999593,0],[112.7378341860001,-7.050572132999946,0],[112.73808435400008,-7.0506353589999549,0],[112.73823281300008,-7.0506661549999308,0],[112.73830760100009,-7.0506859729999292,0],[112.7384486090001,-7.0507399929999792,0],[112.7387149000001,-7.0508696239999722,0],[112.73904874700008,-7.0510061789999554,0],[112.73930919000009,-7.0511085579999531,0],[112.73968460200001,-7.0512176859999727,0],[112.73988180000003,-7.0513131219999536,0],[112.74015236600007,-7.0514326879999771,0],[112.74027052000008,-7.0515226789999588,0],[112.74035542900003,-7.0515596829999367,0],[112.74055688500005,-7.0516407489999438,0],[112.74079574400002,-7.0517345959999602,0],[112.74090038000008,-7.0517713889999527,0],[112.74090076800007,-7.0517715249999355,0],[112.74093110300009,-7.0517454849999694,0],[112.74097984700006,-7.0517036419999499,0],[112.74118291500008,-7.0515293239999437,0],[112.74129123300008,-7.0514292679999357,0],[112.74140914700001,-7.0513203489999796,0],[112.74146010200002,-7.0513293729999305,0],[112.74151125000003,-7.0513443689999349,0],[112.74153857100009,-7.0513500099999646,0],[112.74160980700003,-7.0513362189999498,0],[112.74166776800007,-7.0513193849999425,0],[112.74173819800001,-7.0513262979999354,0],[112.74185460400008,-7.0513330419999534,0],[112.7419103520001,-7.0513468649999709,0],[112.74195097000006,-7.0513599539999632,0],[112.74202291800009,-7.0513883949999467,0],[112.74218561500004,-7.051479651999955,0],[112.74238710200007,-7.0515693319999286,0],[112.74272983500009,-7.0516646259999334,0],[112.74278575300002,-7.0516818119999698,0],[112.7430756660001,-7.0517871169999466,0],[112.74316801100008,-7.0518274419999329,0],[112.74316298000008,-7.0518459869999788,0],[112.74315502000002,-7.0518753369999558,0],[112.74314815500009,-7.0519168649999528,0],[112.74319084300009,-7.0519382689999475,0],[112.74377622700001,-7.0522674919999417,0],[112.74402416000009,-7.0524328599999535,0],[112.74433753100004,-7.0526658349999707,0],[112.74462042200003,-7.0528628989999333,0],[112.74511021400008,-7.0531528339999454,0],[112.74517028500009,-7.0531917569999791,0],[112.74519722100001,-7.0532092099999772,0],[112.74525293800002,-7.0532453119999445,0],[112.74538089700002,-7.053355268999951,0],[112.74539682300008,-7.0533867869999654,0],[112.74540911500003,-7.0534574579999685,0],[112.74542309100002,-7.0534957799999347,0],[112.74544759800006,-7.0535172199999465,0],[112.74563322800009,-7.0535926009999343,0],[112.74595548100001,-7.0537019219999593,0],[112.74597716800008,-7.0537377259999516,0],[112.74601660000008,-7.0539083899999468,0],[112.7460454620001,-7.0539412959999481,0],[112.74616062400003,-7.0539997169999538,0],[112.7465865580001,-7.054170370999941,0],[112.74661273100003,-7.0541248569999766,0],[112.74661642300009,-7.0541317929999536,0],[112.74668017900001,-7.0541515999999547,0],[112.74689349400001,-7.05420223699997,0],[112.74708287800001,-7.0542565509999804,0],[112.74730346000001,-7.0543286919999559,0],[112.74757329600004,-7.0544449049999685,0],[112.74768832900008,-7.0544683979999263,0],[112.74794836400008,-7.0545248409999317,0],[112.74808739300011,-7.054561400999944,0],[112.74814376000006,-7.0545863089999443,0],[112.74817233900001,-7.0546211309999762,0],[112.74824712000009,-7.0546899879999501,0],[112.74831322300008,-7.0547567259999369,0],[112.74837449300003,-7.0548115189999407,0],[112.74848485400003,-7.0548661289999473,0],[112.74858316900009,-7.0549016459999621,0],[112.74859518700009,-7.0549135629999569,0],[112.74858242900007,-7.055023657999925,0],[112.74854849200005,-7.0552331129999288,0],[112.74850138500005,-7.0554426179999723,0],[112.74847320100002,-7.055589849999933,0],[112.74842354700002,-7.0557586939999624,0],[112.74838717600005,-7.0559573949999503,0],[112.74839099100006,-7.056017188999931,0],[112.7484090590001,-7.0560563699999648,0],[112.74842237900009,-7.0560852519999457,0],[112.74844805400005,-7.0561215139999263,0],[112.7484705280001,-7.0561532519999446,0],[112.74852223100004,-7.0562116699999251,0],[112.74853670500011,-7.0562391289999482,0],[112.74852843400004,-7.0562690639999346,0],[112.74850388900006,-7.0563246289999597,0],[112.74848450700006,-7.0563685079999345,0],[112.74847864500009,-7.056402023999965,0],[112.74849192700003,-7.0564318769999659,0],[112.74854594700003,-7.0564687569999478,0],[112.74857185300004,-7.056485496999926,0],[112.74862876500003,-7.056522273999974,0],[112.74865284400005,-7.0565528409999274,0],[112.74865503700005,-7.0565556249999304,0],[112.74870090000002,-7.0566009499999609,0],[112.74871603100007,-7.0566055239999628,0],[112.74879080200003,-7.0566281249999747,0],[112.74892539500001,-7.0566604069999812,0],[112.74895462800009,-7.0566795569999385,0],[112.74908823300007,-7.0567585869999334,0],[112.7490906700001,-7.0567693439999744,0],[112.74908010400009,-7.0568256029999361,0],[112.74907542700009,-7.0568782149999265,0],[112.74907436000001,-7.0568902179999782,0],[112.74908765700002,-7.0569236599999385,0],[112.74915527400003,-7.0569847239999604,0],[112.74921739500007,-7.0570368099999428,0],[112.74934463400007,-7.057122455999945,0],[112.74942220500009,-7.0571669799999768,0],[112.7494502290001,-7.0571830639999575,0],[112.7494885970001,-7.0571972749999645,0],[112.74951374500006,-7.0571983759999739,0],[112.74954246000004,-7.0571922879999534,0],[112.74959034300002,-7.0571897159999253,0],[112.74965622700006,-7.0571978409999474,0],[112.74973529200008,-7.0572083109999539,0],[112.74977719700007,-7.0572081539999658,0],[112.74981901400008,-7.0571840729999735,0],[112.74986915500006,-7.0571444119999569,0],[112.74992641000006,-7.0570867819999421,0],[112.75004567000008,-7.056960738999976,0],[112.75009690000002,-7.0568923649999533,0],[112.750103921,-7.0568492769999693,0],[112.75012032400002,-7.0567535229999407,0],[112.75012502300001,-7.0567295819999458,0],[112.75013930700004,-7.0567067999999722,0],[112.75015953600007,-7.0566732329999695,0],[112.75018689900003,-7.0566264799999772,0],[112.75021671500008,-7.0565952679999668,0],[112.75026314500008,-7.0565539579999381,0],[112.75032272800001,-7.0564489389999494,0],[112.75034175000008,-7.0564129819999266,0],[112.75037153100004,-7.056372200999931,0],[112.75037618900001,-7.0563374959999692,0],[112.75037609900005,-7.056313571999965,0],[112.75037501100007,-7.0562630389999299,0],[112.75036559300008,-7.0561464479999358,0],[112.7503561420001,-7.0560208869999315,0],[112.75041264600009,-7.0559219909999342,0],[112.75045676700006,-7.0557154889999651,0],[112.75049794400002,-7.0555209589999777,0],[112.75051556700009,-7.0554311809999604,0],[112.75060433200008,-7.0551557299999672,0],[112.7506249270001,-7.0550599609999267,0],[112.75064542900009,-7.0549402679999389,0],[112.75064586000008,-7.0549387849999334,0],[112.75076175800007,-7.0545397249999269,0],[112.75079976300003,-7.0544088649999708,0],[112.75093608000009,-7.0544453429999407,0],[112.75109175800003,-7.054451935999964,0],[112.75129050300006,-7.0544487989999425,0],[112.75135469400004,-7.0544319159999418,0],[112.75138806900009,-7.0544231379999474,0],[112.75140579600009,-7.0544142749999423,0],[112.75144478900006,-7.0544672389999619,0],[112.7514635660001,-7.0544930049999266,0],[112.75148351600001,-7.0545377959999769,0],[112.75149562800004,-7.0546134579999489,0],[112.75153158400008,-7.0546233709999342,0],[112.7515526310001,-7.0546270989999584,0],[112.7517299970001,-7.0546585109999569,0],[112.75184212000011,-7.054290630999958,0],[112.75190210100004,-7.0543126029999712,0],[112.75192037500005,-7.054319297999939,0],[112.7520205300001,-7.0543559889999301,0],[112.75217015400005,-7.0544085359999258,0],[112.75222134900002,-7.0542676759999381,0],[112.75233641600005,-7.0543002589999446,0],[112.75237812100011,-7.0543144399999278,0],[112.75254933500003,-7.0543726639999704,0],[112.75259632300003,-7.054259090999949,0],[112.75263537800004,-7.0541433089999259,0],[112.752637531,-7.0541369289999807,0],[112.75268186000005,-7.0540807819999714,0],[112.7527290590001,-7.0540231889999632,0],[112.75273038300008,-7.0540203539999311,0],[112.75278892200004,-7.0538952149999545,0],[112.75285125300002,-7.0537361109999779,0],[112.75285310300001,-7.0537188789999732,0],[112.75284803500006,-7.0536907999999698,0],[112.75284723600009,-7.0536863649999759,0],[112.75276639500009,-7.0535852349999573,0],[112.75274842200008,-7.0535637499999666,0],[112.75270349500011,-7.0535100359999774,0],[112.75270096400004,-7.0535070119999546,0],[112.75267014000008,-7.0534611949999544,0],[112.75276712100003,-7.0532694459999448,0],[112.75280316700002,-7.0531755309999653,0],[112.75289457300005,-7.0530297349999387,0],[112.7529651100001,-7.0529376059999436,0],[112.75300384700006,-7.0528950679999411,0],[112.75302806800005,-7.0528684709999538,0],[112.75308916100005,-7.0528127389999327,0],[112.75318117200004,-7.0528277049999701,0],[112.75322607800001,-7.0528340749999643,0],[112.75327317800009,-7.0528407559999664,0],[112.75332685400008,-7.0528501239999741,0],[112.75356651900006,-7.0523763399999666,0],[112.75358501200003,-7.0523397819999332,0],[112.75366343400003,-7.0521847529999491,0],[112.7537213490001,-7.0520741389999557,0],[112.75400580300004,-7.0515308429999664,0],[112.75408283600007,-7.0513795279999272,0],[112.75415223000005,-7.0512432149999427,0],[112.75423678600009,-7.0510828349999315,0],[112.75452124700007,-7.0505432739999492,0],[112.75458050900011,-7.0504220269999678,0],[112.75478739800008,-7.0499987399999782,0],[112.75481913300007,-7.0499313039999265,0],[112.75496604600005,-7.049619125999925,0],[112.75509342400005,-7.0493602779999378,0],[112.75510672500002,-7.0493315199999529,0],[112.7553234400001,-7.0488844209999684,0],[112.75586144200008,-7.048598808999941,0],[112.75578193400008,-7.0484730409999656,0],[112.75572625400002,-7.0483849639999789,0],[112.75543143800007,-7.0479186149999578,0],[112.75535997500003,-7.0478002809999793,0],[112.75518926900008,-7.0475176159999364,0],[112.75504178400001,-7.0474607549999746,0],[112.75449574300001,-7.0471424289999618,0],[112.75445225700003,-7.0470840439999733,0],[112.75436672600006,-7.046945611999945,0],[112.75435465400005,-7.0469193419999669,0],[112.75434371800009,-7.0468763199999671,0],[112.75434835800002,-7.0468368299999611,0],[112.75436499300008,-7.0468032759999346,0],[112.75439353900003,-7.0467529299999683,0],[112.75441018000004,-7.0467205709999803,0],[112.75442084000008,-7.0466894309999475,0],[112.75442427300004,-7.0466475519999676,0],[112.75442167200003,-7.0465925389999597,0],[112.75439377000009,-7.0464957539999773,0],[112.7543719140001,-7.0464144979999332,0],[112.75437298300005,-7.0463810019999755,0],[112.75438597000004,-7.0463319099999353,0],[112.75442043100009,-7.0462624039999469,0],[112.75444886900004,-7.0461833499999784,0],[112.75447109800007,-7.0461269379999294,0],[112.7544688590001,-7.0460863869999457,0],[112.75447926600009,-7.0459882619999803,0],[112.75448378900001,-7.0459176719999732,0],[112.75452465500007,-7.045959383999957,0],[112.7545403150001,-7.0459738019999349,0],[112.75455829500004,-7.0459903579999263,0],[112.75460638100003,-7.046041612999943,0],[112.75468096000009,-7.0461334359999341,0],[112.75474226800009,-7.0461989949999406,0],[112.75481187000003,-7.0462405989999297,0],[112.75490908400002,-7.0463024349999728,0],[112.75498943800005,-7.0463380179999717,0],[112.75509015900002,-7.0463771129999486,0],[112.75518245900003,-7.0464054739999256,0],[112.75524240600009,-7.0464267799999334,0],[112.75527602900002,-7.0464529689999722,0],[112.75531687600005,-7.0464898959999687,0],[112.75546213200005,-7.0466194259999497,0],[112.75557942900002,-7.0467357299999662,0],[112.75562690100003,-7.0467802209999491,0],[112.75562911600002,-7.0467822969999361,0],[112.75571976900005,-7.0468672579999634,0],[112.75574096500009,-7.0468997139999487,0],[112.75573538300011,-7.0469437539999262,0],[112.75571901800004,-7.04696572499995,0],[112.75571251100007,-7.0469744619999801,0],[112.75558461500009,-7.0470955149999668,0],[112.75579940400007,-7.0473182089999682,0],[112.75585825900009,-7.0472542089999592,0],[112.75592412700007,-7.0471825829999375,0],[112.7559813040001,-7.0471046179999348,0],[112.7559883670001,-7.047072294999964,0],[112.75598229400009,-7.0470495909999613,0],[112.75597616300001,-7.0470113359999687,0],[112.75598324400005,-7.0469837979999284,0],[112.75600101900011,-7.0469346889999542,0],[112.75602715800005,-7.0468807639999795,0],[112.75607470200009,-7.0467884809999646,0],[112.75610498700007,-7.0467182139999522,0],[112.7561111870001,-7.0467112389999329,0],[112.75617389600006,-7.0466406739999456,0],[112.75620233400002,-7.0465616219999561,0],[112.75623805500004,-7.0465088559999458,0],[112.75629752200007,-7.0464033709999399,0],[112.75631411400002,-7.0463578539999503,0],[112.75630919000002,-7.0463219889999777,0],[112.75623436900003,-7.0462651599999617,0],[112.75620678200005,-7.0462521059999403,0],[112.75613721200011,-7.0462188759999549,0],[112.75614814800008,-7.046162307999964,0],[112.75626773200008,-7.0458048059999783,0],[112.75626156500005,-7.0457569829999329,0],[112.75624937700002,-7.0457002119999288,0],[112.75624619300004,-7.0456493859999796,0],[112.75625795300004,-7.0455925239999715,0],[112.75628472200003,-7.0455475679999608,0],[112.75631444100009,-7.0454906399999686,0],[112.75632686300003,-7.0454493069999558,0],[112.7563351340001,-7.0454217829999379,0],[112.75634385500007,-7.045352970999943,0],[112.75635851800007,-7.0452721749999796,0],[112.75637605000009,-7.045158474999937,0],[112.75636059900012,-7.0450299459999428,0],[112.7563477650001,-7.0448725389999254,0],[112.75633922100008,-7.0447677449999446,0],[112.75633549400004,-7.0447220299999458,0],[112.75632617600002,-7.0446323529999404,0],[112.75637233500004,-7.0441716589999714,0],[112.7564192430001,-7.0438506209999332,0],[112.75642627000002,-7.0438087289999771,0],[112.75643804900005,-7.0437572509999313,0],[112.75648180700011,-7.0436135469999499,0],[112.7564907310001,-7.0435697189999473,0],[112.75663830200006,-7.0432615809999675,0],[112.75652294500003,-7.0430929889999447,0],[112.75634033100005,-7.0428261029999248,0],[112.75622715500003,-7.0426057009999568,0],[112.75596944200004,-7.0421038209999551,0],[112.75593624200008,-7.0420415289999596,0],[112.75570499500009,-7.0416076559999397,0],[112.75559564100001,-7.0414024819999668,0],[112.75558184800002,-7.0413755619999279,0],[112.7553091310001,-7.0408433329999411,0],[112.75508276300002,-7.0404015559999493,0],[112.75505473300007,-7.0403377009999417,0],[112.75505427200005,-7.040336649999972,0],[112.75499804000003,-7.0402097929999741,0],[112.75497698900006,-7.040162301999942,0],[112.75493597200011,-7.0400799209999718,0],[112.75493111900005,-7.0400631929999804,0],[112.75493943800006,-7.0400464149999493,0],[112.75498834100006,-7.0399971899999514,0],[112.7550277040001,-7.0399575679999771,0],[112.75505511100005,-7.0399227779999478,0],[112.75507885400009,-7.0398688609999454,0],[112.75510937100012,-7.0397060689999762,0],[112.7551150700001,-7.0396294929999499,0],[112.75511650200008,-7.0396194769999738,0],[112.75514773600003,-7.0394009049999795,0],[112.75516762700011,-7.0392776259999437,0],[112.75517682700001,-7.0391771139999264,0],[112.75517673700006,-7.0391531909999685,0],[112.75516945800007,-7.0391280989999814,0],[112.75515619800001,-7.03910422499996,0],[112.75513216200011,-7.0390803929999493,0],[112.75510334800003,-7.0390589699999282,0],[112.7550481510001,-7.039026880999927,0],[112.75499891900006,-7.0389887879999264,0],[112.75497970400011,-7.0389733099999603,0],[112.75496284300004,-7.0389470579999625,0],[112.75486623800009,-7.0387285239999642,0],[112.75485168800003,-7.038679535999961,0],[112.75483842800008,-7.0386556629999291,0],[112.7548239890001,-7.0386365779999664,0],[112.75480358100003,-7.0386223009999753,0],[112.75472441600004,-7.0385843209999734,0],[112.75471957700006,-7.038571180999952,0],[112.75473257200008,-7.0385244819999571,0],[112.75484066100012,-7.0382944139999495,0],[112.7548513480001,-7.0382704509999598,0],[112.75489677100006,-7.0382511419999787,0],[112.75496377000002,-7.0382377329999599,0],[112.75498397000001,-7.0381969879999815,0],[112.75504912800011,-7.0380125349999503,0],[112.75505859400005,-7.0379825959999494,0],[112.75505967900006,-7.0379526879999617,0],[112.75505431200008,-7.0379450889999475,0],[112.75497542000005,-7.0378333879999673,0],[112.75497060400005,-7.0378262289999611,0],[112.75497051400009,-7.0378023069999358,0],[112.75498001100004,-7.0377807399999597,0],[112.75525491900009,-7.0373371309999584,0],[112.75521373400011,-7.0372104919999288,0],[112.75510366900005,-7.0369142569999781,0],[112.75506989300004,-7.0368473999999424,0],[112.75504698300006,-7.0368044239999676,0],[112.75499406000006,-7.0367400299999758,0],[112.75495561300011,-7.0367042899999319,0],[112.75485144600009,-7.0367034839999292,0],[112.75456298400002,-7.0367260959999385,0],[112.75440383300008,-7.0367494199999783,0],[112.75429255300003,-7.0367677799999342,0],[112.75426870300009,-7.0367929879999451,0],[112.75424182200004,-7.0368221889999631,0],[112.7541482690001,-7.0369238209999594,0],[112.75408510800003,-7.0370030029999384,0],[112.75396842400005,-7.0371658769999499,0],[112.75396481300004,-7.037170916999969,0],[112.75387729300007,-7.0371750229999748,0],[112.75377088700009,-7.0371800169999688,0],[112.75382890600008,-7.0370075519999773,0],[112.75393189700003,-7.0366949699999282,0],[112.75396626000008,-7.0365895659999751,0],[112.75404434400002,-7.0363500529999783,0],[112.75407871000004,-7.0362554289999366,0],[112.75413174800008,-7.0361249979999343,0],[112.75416213400001,-7.0360425909999549,0],[112.75417856400009,-7.0359980299999734,0],[112.75419642700001,-7.035944494999967,0],[112.75422676000005,-7.0359194999999772,0],[112.75423750600009,-7.0359116859999631,0],[112.75426856100012,-7.0358918319999475,0],[112.75431039800003,-7.0358737339999493,0],[112.75436523000008,-7.0358591389999674,0],[112.75439472300002,-7.0358512889999361,0],[112.75440547500011,-7.0358452669999565,0],[112.75442719200009,-7.0358362149999607,0],[112.75445824600001,-7.035815763999949,0],[112.75456573400004,-7.0357447869999419,0],[112.75460633900002,-7.0357171229999267,0],[112.75463854300006,-7.0356847059999268,0],[112.75466353800005,-7.0356451399999287,0],[112.75469330200008,-7.0356007699999736,0],[112.75470475200007,-7.0355863619999468,0],[112.75471713600007,-7.0355707769999754,0],[112.75473738700009,-7.0355431889999522,0],[112.75476484300009,-7.0355215549999457,0],[112.75478755000006,-7.0355107049999788,0],[112.75481867500002,-7.0355093919999376,0],[112.75483545900011,-7.0355153089999476,0],[112.75484629300001,-7.0355308199999627,0],[112.75485480000009,-7.0355642809999495,0],[112.75486820200001,-7.0356264299999793,0],[112.75487562000001,-7.0356886019999365,0],[112.75488556300002,-7.0357854529999599,0],[112.75488685300002,-7.0358105689999775,0],[112.7548977780001,-7.0358500009999716,0],[112.75492064200012,-7.0358810149999726,0],[112.75495792900006,-7.035926328999949,0],[112.75501322800005,-7.0359859299999812,0],[112.75505406900004,-7.0360216619999392,0],[112.7551032340001,-7.0360418119999508,0],[112.75514998200003,-7.0360559899999657,0],[112.75530931700007,-7.0360817079999265,0],[112.7553907680001,-7.036090971999954,0],[112.75544591400001,-7.0361099029999536,0],[112.75544669100009,-7.0361102929999788,0],[112.75560905300006,-7.0361918269999251,0],[112.75573737600007,-7.0362487609999675,0],[112.75583454300011,-7.0362986339999338,0],[112.75591487300005,-7.0363282379999532,0],[112.75594136000007,-7.0363323689999788,0],[112.75597477300005,-7.0363375819999305,0],[112.75599753800009,-7.0363422819999641,0],[112.75602017400001,-7.0363122929999804,0],[112.75603088800005,-7.0362955059999308,0],[112.75605713600009,-7.0362714839999398,0],[112.75608461600007,-7.0362558309999486,0],[112.75612764100003,-7.036235334999958,0],[112.75615979100007,-7.0361885639999286,0],[112.75620028800006,-7.0361321929999576,0],[112.75621972700003,-7.0360754769999403,0],[112.75623821300007,-7.0360291809999467,0],[112.75624297600007,-7.0360219859999802,0],[112.75625610100008,-7.0360099759999457,0],[112.75626805500008,-7.0360051459999795,0],[112.75627882100002,-7.0360027139999488,0],[112.75629592300004,-7.0360145779999357,0],[112.75632683800006,-7.0360360249999303,0],[112.75634590900006,-7.0360132269999554,0],[112.75642111200011,-7.0359531369999786,0],[112.7564724560001,-7.035915862999957,0],[112.75653099600004,-7.0358821519999424,0],[112.75658471500003,-7.0358400839999717,0],[112.75661449900008,-7.0358004989999472,0],[112.7566549820001,-7.0357405389999599,0],[112.7566883290001,-7.0356937639999728,0],[112.75670852100006,-7.0356506269999386,0],[112.75671561400009,-7.0356266769999252,0],[112.75672002600004,-7.0355261839999343,0],[112.75672108100002,-7.0355129239999314,0],[112.75672116900012,-7.0355118249999578,0],[112.75673665700003,-7.035491431999958,0],[112.75675576300011,-7.0354782029999683,0],[112.75677607700004,-7.035467361999963,0],[112.75680474800004,-7.0354505079999399,0],[112.75683461200003,-7.0354324529999417,0],[112.75685608200001,-7.0354108409999299,0],[112.756876336,-7.0353844499999809,0],[112.75690722700006,-7.0353209369999377,0],[112.75692057900005,-7.0352746589999811,0],[112.75692968200008,-7.0352431039999601,0],[112.75693918000002,-7.0352215369999271,0],[112.75695826800006,-7.0352035229999501,0],[112.75697979200004,-7.0351962639999783,0],[112.75703655100006,-7.0351861459999441,0],[112.75712124600011,-7.0351771859999417,0],[112.75712934300009,-7.0351669949999405,0],[112.75713643100005,-7.0351418499999454,0],[112.75713152200001,-7.0351095729999429,0],[112.75711821700008,-7.0350737379999373,0],[112.75704682600008,-7.0348742469999479,0],[112.75702021800009,-7.0348025769999367,0],[112.75701653600004,-7.0347786679999444,0],[112.75702123400004,-7.0347547269999495,0],[112.75703427400003,-7.0347199899999282,0],[112.75705323200009,-7.0346672879999801,0],[112.7570626700001,-7.034630171999936,0],[112.75706975100002,-7.0346026339999526,0],[112.75706726600004,-7.0345787189999669,0],[112.75706361100004,-7.0345619879999504,0],[112.75706243000002,-7.0345594169999686,0],[112.75705757600008,-7.0345488519999435,0],[112.75703597600011,-7.034535774999938,0],[112.75701081500006,-7.0345310859999586,0],[112.75698445300009,-7.0345252039999764,0],[112.75695808100011,-7.0345169299999384,0],[112.75691847700011,-7.034491958999979,0],[112.75684530000001,-7.0344539569999256,0],[112.75682728700008,-7.0344396699999265,0],[112.75682243600011,-7.0344229419999351,0],[112.75682353900004,-7.0343978189999348,0],[112.75683778300004,-7.0343654689999653,0],[112.75684839300004,-7.0343211719999772,0],[112.75686380000002,-7.0342792469999722,0],[112.75687325700005,-7.0342469159999723,0],[112.75688386500008,-7.0342026189999274,0],[112.75689090100002,-7.0341631189999703,0],[112.75689676200011,-7.0341296049999755,0],[112.7568954730001,-7.0341056859999753,0],[112.75674152100009,-7.0340153629999804,0],[112.75673948300005,-7.0340141669999525,0],[112.75672416700002,-7.0340040489999751,0],[112.7567524100001,-7.0339495269999475,0],[112.75675109000008,-7.0339049379999778,0],[112.75675858000011,-7.0338589769999658,0],[112.75676591900003,-7.0337728259999608,0],[112.75679224800001,-7.0336425849999387,0],[112.75680412600002,-7.0334957149999582,0],[112.75680668000007,-7.0334052139999699,0],[112.75681040300003,-7.0333764919999453,0],[112.75682359700011,-7.0333190259999583,0],[112.75682990600001,-7.0332431119999796,0],[112.75701752000009,-7.0330651839999518,0],[112.75711062700009,-7.032990672999972,0],[112.7571286750001,-7.0329658879999783,0],[112.75726709100002,-7.0327758039999253,0],[112.75729648200002,-7.032735440999943,0],[112.75741856500008,-7.0325971859999754,0],[112.75768739200009,-7.0322574249999548,0],[112.75751604200002,-7.0320552559999783,0],[112.75749497400011,-7.0320303989999502,0],[112.75745683300011,-7.0319880089999742,0],[112.75734482300004,-7.0318635199999449,0],[112.7573199200001,-7.031835841999964,0],[112.75715826100009,-7.0316374089999272,0],[112.75710101900006,-7.0315689539999653,0],[112.7569716050001,-7.0314141889999746,0],[112.75698485500004,-7.0313720339999577,0],[112.75724843400008,-7.0309312779999686,0],[112.75725327300006,-7.030923186999928,0],[112.75725062100003,-7.0309218189999569,0],[112.75715948300001,-7.0308748079999646,0],[112.75715583500005,-7.0308729259999723,0],[112.75714170300012,-7.0308656359999304,0],[112.7570395140001,-7.0308129239999744,0],[112.7570385360001,-7.0308124199999611,0],[112.75699284200005,-7.0307888499999649,0],[112.75691414400001,-7.0307482549999349,0],[112.75679297800002,-7.0306857539999328,0],[112.75676791100011,-7.0306728239999643,0],[112.75675232000003,-7.0306647819999739,0],[112.75675322000006,-7.0306627319999393,0],[112.75678373500011,-7.0305932389999271,0],[112.75682639700005,-7.0304960849999247,0],[112.75683012600007,-7.0304907799999796,0],[112.75691163900001,-7.030374796999979,0],[112.75694294800007,-7.0303302489999737,0],[112.75695169100004,-7.0303178079999498,0],[112.75703416200008,-7.0302197109999724,0],[112.75707329300008,-7.0300568039999689,0],[112.75708426400001,-7.0300328939999304,0],[112.75709206200008,-7.0300158999999667,0],[112.75714728700007,-7.0298885709999581,0],[112.75717406600006,-7.0298268269999653,0],[112.75722275800001,-7.0296325589999356,0],[112.75723974700009,-7.0295647759999724,0],[112.75724539900011,-7.0295422249999433,0],[112.7572539250001,-7.0295082109999498,0],[112.75725895900007,-7.0294881269999792,0],[112.75726338400011,-7.0294704729999467,0],[112.75726715100006,-7.0294554419999713,0],[112.75731453800006,-7.0293212929999527,0],[112.7573378620001,-7.0292819589999453,0],[112.75735833600004,-7.0292474299999412,0],[112.7573877100001,-7.0291978909999671,0],[112.75743303600007,-7.0291214499999342,0],[112.75747363700009,-7.0290529769999353,0],[112.75748701800001,-7.0290304099999616,0],[112.75750687700008,-7.0289969179999616,0],[112.75754058500002,-7.0289400689999297,0],[112.75756967200005,-7.0288716659999295,0],[112.7576217830001,-7.02874911899994,0],[112.75767117300006,-7.028632967999954,0],[112.75773134200006,-7.0286715619999427,0],[112.75775607600008,-7.0286874269999657,0],[112.7579442120001,-7.0288080989999457,0],[112.75812821500006,-7.0289496499999586,0],[112.75831944200002,-7.0290967589999696,0],[112.75834327500002,-7.0291170569999508,0],[112.75878787600004,-7.0294957129999602,0],[112.75878887200008,-7.0294965989999696,0],[112.75905216100011,-7.0297309619999737,0],[112.75905398600003,-7.0297327719999316,0],[112.75916933200006,-7.0298471469999413,0],[112.7592611770001,-7.0299676089999252,0],[112.75929738600007,-7.0300150999999573,0],[112.75936485200009,-7.0301035869999282,0],[112.75948339700005,-7.0299471809999545,0],[112.75969942600011,-7.0296621559999721,0],[112.75971034400004,-7.0296477509999704,0],[112.75987282000006,-7.0294379319999507,0],[112.76038705300004,-7.0287738579999655,0],[112.76045800800011,-7.0286850709999271,0],[112.76067735900006,-7.028410593999979,0],[112.7607561210001,-7.0283120379999673,0],[112.76081861400007,-7.0282338389999381,0],[112.76082667500009,-7.028223751999974,0],[112.76088754500006,-7.028147583999953,0],[112.76088943500008,-7.0281453549999355,0],[112.76097382500006,-7.0280458289999501,0],[112.76097783200009,-7.0280411029999641,0],[112.76100917500003,-7.0280041379999716,0],[112.76108734900004,-7.02791194699995,0],[112.761112905,-7.0278818089999504,0],[112.76111347300002,-7.0278811399999768,0],[112.76118105,-7.0278027089999568,0],[112.7612303950001,-7.0277454389999434,0],[112.76123551600006,-7.027739495999981,0],[112.76132047700003,-7.0276849379999362,0],[112.761377745,-7.0276481639999702,0],[112.7614808730001,-7.0275871669999788,0],[112.76153196500002,-7.0275569459999474,0],[112.76170745500008,-7.0274531479999496,0],[112.76176359800002,-7.0274166729999479,0],[112.76179321000006,-7.0273974349999548,0],[112.76203709100002,-7.027238992999969,0],[112.76209677700001,-7.0271921189999489,0],[112.76220693100004,-7.0270767689999616,0],[112.76222330000007,-7.0270596289999503,0],[112.76223453000011,-7.0270193629999653,0],[112.76223805200004,-7.0269370539999727,0],[112.76225506900005,-7.0268776609999577,0],[112.76231236300009,-7.0268315109999548,0],[112.76263393700003,-7.026601439999979,0],[112.76265838900008,-7.0265823609999529,0],[112.76270493700008,-7.0265439089999404,0],[112.76273837800011,-7.0265217819999748,0],[112.76288642300005,-7.0267047719999596,0],[112.76288657100008,-7.0267049539999675,0],[112.76289774700001,-7.0266973419999772,0],[112.76290666800003,-7.026691264999954,0],[112.76291474000004,-7.0266857669999467,0],[112.76292279600011,-7.0266802799999368,0],[112.76292785900011,-7.0266768329999536,0],[112.76295638700003,-7.0266574019999553,0],[112.76296459100001,-7.0266518149999797,0],[112.7630001440001,-7.0266275989999372,0],[112.76300314100001,-7.0266255589999673,0],[112.76303997000002,-7.0266004749999524,0],[112.76305080900011,-7.026593092999974,0],[112.76307340400001,-7.0265777019999405,0],[112.7630787600001,-7.0265740549999691,0],[112.76311134400009,-7.0265518619999625,0],[112.76311333600006,-7.0265505039999425,0],[112.76312271900008,-7.0265441149999788,0],[112.76313220100008,-7.0265376569999489,0],[112.76315614800001,-7.0265213469999708,0],[112.76315854600011,-7.0265197129999706,0],[112.76317590600001,-7.0265078889999586,0],[112.76320889500005,-7.0264854209999612,0],[112.76321467300011,-7.0264814849999766,0],[112.76323983800012,-7.0264643449999653,0],[112.76327074900007,-7.0264432919999535,0],[112.76330602500002,-7.026419265999948,0],[112.7633235290001,-7.0264073439999493,0],[112.76333927400003,-7.0263966199999572,0],[112.76337631500007,-7.026371390999941,0],[112.76337956500004,-7.0263691769999355,0],[112.7633927280001,-7.0263602129999754,0],[112.76340749200006,-7.0263501569999676,0],[112.76354583600005,-7.0262559319999696,0],[112.76358430900007,-7.0262297279999757,0],[112.76369515200008,-7.0261603039999727,0],[112.76391650800008,-7.0260216629999377,0],[112.7640724370001,-7.0259084989999678,0],[112.76414024900009,-7.0258592849999673,0],[112.76425846600011,-7.0257734899999491,0],[112.76447024300001,-7.0255468589999737,0],[112.76452243300002,-7.0256076579999558,0],[112.76464700400004,-7.0256859029999532,0],[112.76469181100003,-7.0257230569999365,0],[112.76477318800005,-7.0257905369999776,0],[112.76485838200006,-7.0258611819999714,0],[112.76504052400003,-7.0259658119999813,0],[112.7650490100001,-7.0259706859999369,0],[112.76505035800005,-7.0259714619999727,0],[112.76512081700002,-7.0260349739999697,0],[112.76515607600004,-7.0260667569999669,0],[112.76529253800004,-7.02618681499996,0],[112.76539288300012,-7.0262932089999595,0],[112.76548679200005,-7.0263927769999555,0],[112.76553689200011,-7.0264710579999701,0],[112.76560617100006,-7.0265550059999669,0],[112.76571961000002,-7.0266655809999747,0],[112.76580240400006,-7.026737278999974,0],[112.76580834600009,-7.0267424239999627,0],[112.76587143800009,-7.0267970629999468,0],[112.76604830100007,-7.0269629019999797,0],[112.76606086300001,-7.0269741429999613,0],[112.76608533000001,-7.0269960349999678,0],[112.7661080900001,-7.0270164009999689,0],[112.7661271070001,-7.0270334159999379,0],[112.76614635600004,-7.0270582239999726,0],[112.76614810500007,-7.0270672129999525,0],[112.76614827700007,-7.0270680989999619,0],[112.76615417100004,-7.0270983859999774,0],[112.76616197100009,-7.0271347179999566,0],[112.76619537100009,-7.0271649139999681,0],[112.76622732500005,-7.0271938009999531,0],[112.7662570760001,-7.0272210319999431,0],[112.76627730300004,-7.0272395459999757,0],[112.76631040400002,-7.0272832939999716,0],[112.76631195700008,-7.0272853469999745,0],[112.76634087100001,-7.027333083999963,0],[112.76636787100006,-7.02738082999997,0],[112.76638613700004,-7.0274177329999361,0],[112.76639007200004,-7.0274256849999688,0],[112.76639260600007,-7.0274308039999482,0],[112.76641419900011,-7.0274744309999733,0],[112.76643431900004,-7.0275633029999653,0],[112.76644147200011,-7.02759489999994,0],[112.76648714400005,-7.0276323789999537,0],[112.76651142500009,-7.0276523049999469,0],[112.76653997900007,-7.0276757369999814,0],[112.76658307300011,-7.0277110999999763,0],[112.76667013800011,-7.0277825449999796,0],[112.76685466700008,-7.027949317999969,0],[112.76679009000009,-7.0280284719999599,0],[112.76673770500008,-7.028092681999965,0],[112.76673243800008,-7.0280991369999697,0],[112.76663581600008,-7.0282076829999482,0],[112.76662862300009,-7.0282157649999704,0],[112.76661627400006,-7.0282296379999707,0],[112.76664339400008,-7.0282495329999506,0],[112.76674737900009,-7.0283258139999703,0],[112.76684712100007,-7.0283989809999525,0],[112.76684732500007,-7.0283991309999578,0],[112.76701587400009,-7.0285343459999581,0],[112.76711951000004,-7.0285856279999734,0],[112.76713141900007,-7.0285900959999594,0],[112.76714115000004,-7.0285937459999559,0],[112.76721846200007,-7.0286227439999607,0],[112.7672453560001,-7.0286328319999711,0],[112.76729863500009,-7.0286528159999762,0],[112.76742260700007,-7.0286993159999724,0],[112.7676346070001,-7.0287891439999726,0],[112.7677046550001,-7.0288188229999378,0],[112.7678393220001,-7.0288826909999784,0],[112.76786784400008,-7.0288962169999536,0],[112.76793686000008,-7.0289289499999654,0],[112.76807622900003,-7.02899257699994,0],[112.76818206400003,-7.0290408959999695,0],[112.76821126700008,-7.0290542279999499,0],[112.76824394000005,-7.0290828109999666,0],[112.76828430500007,-7.0291190219999748,0],[112.76829180700008,-7.0291274519999547,0],[112.76831316300002,-7.0291514499999721,0],[112.76831823600003,-7.0291705819999493,0],[112.76832482300006,-7.0291954239999654,0],[112.76831967200008,-7.0292222069999752,0],[112.76830603600001,-7.0292930999999612,0],[112.76838859500003,-7.0293425489999777,0],[112.76851157600004,-7.0294435169999474,0],[112.76863838800011,-7.0295444719999409,0],[112.76866369800007,-7.0295641269999578,0],[112.76875366400009,-7.0296339869999542,0],[112.7688012000001,-7.0296352479999769,0],[112.76881176800009,-7.0296355279999716,0],[112.76881688500009,-7.029635662999965,0],[112.76886870900012,-7.0296622599999523,0],[112.76890013700006,-7.0296818639999401,0],[112.76907984600007,-7.0297939649999535,0],[112.7691279280001,-7.0298239579999517,0],[112.76926974000003,-7.0299082389999512,0],[112.76932992400009,-7.0299440079999727,0],[112.7693751810001,-7.0299709049999706,0],[112.76941054400004,-7.0299919219999651,0],[112.76946391800004,-7.030023640999957,0],[112.76948039100012,-7.0300173879999761,0],[112.76956386300003,-7.0299856979999618,0],[112.76956536800003,-7.0299842459999695,0],[112.76962112400008,-7.0299304579999671,0],[112.76957333100006,-7.0297814909999374,0],[112.76952126800006,-7.0296192179999366,0],[112.7695157170001,-7.0296019169999795,0],[112.76969733900012,-7.029580229999965,0],[112.76972382800011,-7.0295770659999448,0],[112.76973420500008,-7.0295758279999632,0],[112.76978066600009,-7.0295702799999731,0],[112.76993206700001,-7.0295522009999445,0],[112.76998124300007,-7.0295463299999597,0],[112.77009511600011,-7.0295325099999673,0],[112.77018648700005,-7.0295214209999699,0],[112.77019389300006,-7.0295205209999381,0],[112.77031012900011,-7.029499469999962,0],[112.77034972600006,-7.0294922979999797,0],[112.77038706300004,-7.0294855359999815,0],[112.77051122400007,-7.0294549229999461,0],[112.77054853300001,-7.0294432999999685,0],[112.77057285700005,-7.0294166529999416,0],[112.77061058800007,-7.0293637389999617,0],[112.77064931500001,-7.0293094289999658,0],[112.77069437200009,-7.0292568669999582,0],[112.77073006100011,-7.0291964469999471,0],[112.77073977300006,-7.0291775959999541,0],[112.77080534000004,-7.0290503339999759,0],[112.77082490500004,-7.029012358999978,0],[112.77088129100002,-7.0289159759999507,0],[112.77090697300002,-7.0288692289999517,0],[112.77100875000008,-7.0286467109999649,0],[112.77102666700011,-7.0286075379999602,0],[112.77106212100011,-7.0285292109999773,0],[112.77107938300003,-7.028491072999941,0],[112.77105841900004,-7.0284559849999368,0],[112.77106266300007,-7.0284387449999599,0],[112.77109607400007,-7.0283460359999594,0],[112.77114375600001,-7.0282274359999519,0],[112.77120151000008,-7.0280758309999669,0],[112.77120919300012,-7.0280556629999751,0],[112.77122696200001,-7.0280150459999504,0],[112.77125762200001,-7.0279449549999526,0],[112.77123453200011,-7.0279177709999772,0],[112.77122434800003,-7.0278840779999427,0],[112.77122858100006,-7.0278639649999377,0],[112.77123427600009,-7.0278503089999731,0],[112.7712656330001,-7.0277841629999784,0],[112.77133979300004,-7.0276389099999506,0],[112.77139331700005,-7.027546124999958,0],[112.77147249300003,-7.0273979819999681,0],[112.77151186700007,-7.0273619489999533,0],[112.77154909000001,-7.027327358999969,0],[112.77168008100011,-7.0271720729999743,0],[112.77171428700001,-7.02713152299998,0],[112.77176291900003,-7.0271695209999621,0],[112.77178576600011,-7.0271421369999416,0],[112.77179295400003,-7.0271335209999393,0],[112.7718350880001,-7.0270731679999585,0],[112.77185725600009,-7.0270414139999389,0],[112.77194011200004,-7.0269162229999438,0],[112.77202149600009,-7.0267824259999543,0],[112.77208053100003,-7.0268166519999795,0],[112.77211939200004,-7.0268351649999659,0],[112.77220282900009,-7.026863556999956,0],[112.77224430800004,-7.0268145959999515,0],[112.77227523600004,-7.0267915459999699,0],[112.77228383900001,-7.0267851349999546,0],[112.77232932600009,-7.0267896029999406,0],[112.77239370100006,-7.0268082909999521,0],[112.77246137200007,-7.0268467899999791,0],[112.77257224700008,-7.0269123959999433,0],[112.77266875400005,-7.0269780599999763,0],[112.77283852800008,-7.0270420089999561,0],[112.77287700800002,-7.0269600479999781,0],[112.77293166700008,-7.0269770659999722,0],[112.77300653300006,-7.0270184079999467,0],[112.77307740000003,-7.02706847099995,0],[112.77314194500002,-7.0271140659999674,0],[112.7732083730001,-7.0270679749999658,0],[112.77327090900008,-7.0270245839999461,0],[112.77337262500009,-7.0269481239999436,0],[112.77344853400007,-7.0268861169999468,0],[112.77349985600006,-7.0268620149999492,0],[112.77360793500009,-7.0268668519999551,0],[112.77362801100003,-7.0268567299999631,0],[112.77377588700006,-7.0266973979999534,0],[112.77383953500009,-7.0265645479999534,0],[112.77386228100011,-7.0265013049999538,0],[112.7738880390001,-7.0264739349999559,0],[112.77390669500005,-7.0264681239999618,0],[112.77393544900008,-7.026473755999973,0],[112.77396424900007,-7.0264908719999539,0],[112.7740017210001,-7.0265223069999365,0],[112.77402767500007,-7.0265466119999473,0],[112.7740449480001,-7.026555157999951,0],[112.77405642500003,-7.0265508089999571,0],[112.77415872100005,-7.0264540379999403,0],[112.77419095400001,-7.0264299939999546,0],[112.77423380800008,-7.026400113999955,0],[112.77424663900001,-7.0263911679999751,0],[112.7742840950001,-7.0263650509999707,0],[112.77439859800006,-7.0262509829999544,0],[112.77447326700008,-7.0261652079999521,0],[112.77438376900011,-7.0261132149999526,0],[112.77426137900011,-7.0260419099999467,0],[112.77405976400007,-7.0259158809999462,0],[112.77407617000006,-7.0258225199999629,0],[112.774187858,-7.0255972209999413,0],[112.77433520700004,-7.0253048039999726,0],[112.77440349000005,-7.0252982479999559,0],[112.77452624600005,-7.0251835369999753,0],[112.774632569,-7.0249462689999405,0],[112.77464502600003,-7.0249184719999676,0],[112.77469287000008,-7.0248603479999474,0],[112.7747013610001,-7.0248258669999473,0],[112.77473715700012,-7.0247941539999488,0],[112.77479286700009,-7.0247908269999471,0],[112.77486935400009,-7.024799393999956,0],[112.7750949550001,-7.0248100239999758,0],[112.77535643400006,-7.0248104699999772,0],[112.77538659400011,-7.0248074839999504,0],[112.77542389300004,-7.0247929899999804,0],[112.77548267600002,-7.0247611879999567,0],[112.77553281300004,-7.0247222439999746,0],[112.77555563100009,-7.0246776599999521,0],[112.77556412000001,-7.0246431789999519,0],[112.77556824500004,-7.0245943609999699,0],[112.77556375500001,-7.0245470109999815,0],[112.77554923100001,-7.0245054389999382,0],[112.77553755800011,-7.0244581159999484,0],[112.77554747300007,-7.0244207589999519,0],[112.77558896300002,-7.0243746689999398,0],[112.77564085300003,-7.0242931349999367,0],[112.77551610900002,-7.0242323639999427,0],[112.77565873700007,-7.0239581469999735,0],[112.7754941710001,-7.023883676999958,0],[112.77548688800005,-7.0238803819999589,0],[112.77562104100002,-7.0236157139999591,0],[112.77543304000005,-7.0235436999999479,0],[112.77542519700012,-7.0234958829999528,0],[112.77539330700006,-7.0231687389999706,0],[112.77539890200001,-7.0231285279999724,0],[112.77542738700004,-7.0230633479999369,0],[112.77543874300011,-7.0230269439999802,0],[112.77544054200007,-7.0229963149999435,0],[112.77544617300009,-7.0229656719999412,0],[112.77546884700007,-7.0228832919999604,0],[112.77550081700008,-7.0227262369999721,0],[112.77554618800002,-7.0225672169999598,0],[112.77558021600009,-7.0224484289999509,0],[112.7756597770001,-7.0222127269999532,0],[112.77574514200001,-7.0219923119999521,0],[112.7757621720001,-7.0219367479999732,0],[112.7757601190001,-7.0219003929999531,0],[112.77576103700005,-7.0218750339999474,0],[112.77576185200007,-7.0218525389999513,0],[112.77577700900008,-7.0218084639999461,0],[112.77579794300004,-7.0217720219999364,0],[112.77584363300002,-7.0216972099999566,0],[112.77585099700002,-7.0216826119999496,0],[112.77589877100002,-7.0215879129999621,0],[112.77591406900001,-7.0215605329999562,0],[112.77599200000009,-7.0214210559999515,0],[112.77597664700011,-7.0214134599999625,0],[112.77591338200011,-7.0213795579999783,0],[112.77560426800005,-7.0212139169999546,0],[112.77565186700008,-7.0211371829999507,0],[112.77565562500001,-7.0211180309999577,0],[112.77565166400007,-7.0210835969999721,0],[112.77556322900011,-7.0209997219999423,0],[112.775518895,-7.0209271629999535,0],[112.77574585100001,-7.0206641109999737,0],[112.7759096530001,-7.0203963629999748,0],[112.77600285900007,-7.0202440079999633,0],[112.77613187600002,-7.0200474909999571,0],[112.77631901800009,-7.019762438999976,0],[112.77631507100011,-7.0197318329999803,0],[112.77667325400012,-7.0192194809999364,0],[112.77698007300012,-7.0188011049999659,0],[112.77707788400005,-7.0188385209999637,0],[112.77736759300001,-7.018952742999943,0],[112.77754790500001,-7.0185137929999541,0],[112.77761235800006,-7.0183355619999475,0],[112.77771677500004,-7.0180882829999405,0],[112.77773963100003,-7.0180332519999524,0],[112.7778132310001,-7.0178560389999802,0],[112.77794787900007,-7.0179094209999562,0],[112.77814580000006,-7.0175680089999446,0],[112.77851237200002,-7.0177522609999414,0],[112.77874070600001,-7.0178528279999455,0],[112.77908216600008,-7.0180030429999647,0],[112.77945528900011,-7.018117914999948,0],[112.77961539600005,-7.0181672079999657,0],[112.779782221,-7.0182125059999407,0],[112.77988762600012,-7.0182255029999396,0],[112.77991818800001,-7.0182024209999554,0],[112.77992956500009,-7.0181717569999478,0],[112.77995075300009,-7.0181180259999678,0],[112.78008629600004,-7.0180812129999595,0],[112.78026839600011,-7.0181130569999368,0],[112.78046016000008,-7.0181678309999711,0],[112.78062828300006,-7.0180504479999399,0],[112.78072065000003,-7.0181611009999756,0],[112.78083986500008,-7.0182793049999646,0],[112.7808879050001,-7.0183193129999495,0],[112.78090086600002,-7.0183272089999491,0],[112.78095160300006,-7.0183581159999449,0],[112.78107591800006,-7.0183951539999612,0],[112.78123691700011,-7.0184194219999654,0],[112.78132659700009,-7.0184061149999479,0],[112.78133156500007,-7.0184053779999545,0],[112.78139772700001,-7.0183939299999452,0],[112.78149546400005,-7.0184050439999623,0],[112.7816312110001,-7.0184406119999494,0],[112.78176770900006,-7.0184671649999473,0],[112.781865401,-7.0184667939999485,0],[112.78189602100008,-7.018459021999945,0],[112.78193349600008,-7.0184155009999358,0],[112.78201599300007,-7.0182729259999519,0],[112.78208064700004,-7.0181482819999701,0],[112.78214919900006,-7.018040846999952,0],[112.78217769800005,-7.0179794959999526,0],[112.78219092500001,-7.0179315989999509,0],[112.78221365700006,-7.0178645299999403,0],[112.78226905500003,-7.0178241299999513,0],[112.78230281300011,-7.0177679329999592,0],[112.78228979000005,-7.0177360149999686,0],[112.78226850800002,-7.0176805939999554,0],[112.78226823900002,-7.0176097829999549,0],[112.78227573300001,-7.0175657359999377,0],[112.78230232400006,-7.0175063079999518,0],[112.78233459700004,-7.0174296329999493,0],[112.78237059900005,-7.0173261499999739,0],[112.78237215000001,-7.0172304519999784,0],[112.78238344800002,-7.0171787359999485,0],[112.78239467900005,-7.0171097949999535,0],[112.78241364400003,-7.0170599629999515,0],[112.78244422000012,-7.0170407089999571,0],[112.78250162000006,-7.017023265999967,0],[112.78259739600003,-7.017022901999951,0],[112.78267591800011,-7.0170187769999757,0],[112.78270270700011,-7.0170110189999377,0],[112.78272942900003,-7.0169860389999599,0],[112.78275798000004,-7.0169380839999462,0],[112.78280725100001,-7.0167981869999494,0],[112.78283976500006,-7.016784667999957,0],[112.7828933190001,-7.0167634109999426,0],[112.7829256760001,-7.0167423049999798,0],[112.78291423000007,-7.0167212279999376,0],[112.78289102500003,-7.0166639019999479,0],[112.78286202300001,-7.0165931989999422,0],[112.78282334000005,-7.016495741999961,0],[112.78280036800004,-7.0163917199999446,0],[112.78279800200005,-7.0163810069999499,0],[112.78280925500007,-7.0163178099999755,0],[112.78284096200002,-7.0162685689999762,0],[112.78286195200008,-7.0162474369999472,0],[112.78292870300004,-7.0161706309999659,0],[112.78298576100008,-7.0160632389999478,0],[112.78303763000008,-7.015944716999968,0],[112.78304170800004,-7.0159353959999748,0],[112.78319465600009,-7.0155859019999411,0],[112.78323462600008,-7.0154969869999491,0],[112.783287728,-7.0153788569999733,0],[112.78339215000005,-7.0151334879999467,0],[112.78355720500008,-7.0147137329999509,0],[112.78372640300006,-7.0143762589999596,0],[112.78384230900008,-7.0141289349999738,0],[112.78398864600001,-7.0138240799999494,0],[112.78402236700003,-7.0137241719999679,0],[112.7840947200001,-7.0135098099999595,0],[112.7842450390001,-7.0132451309999624,0],[112.78430256700005,-7.0130799349999506,0],[112.78435114900003,-7.0129404299999578,0],[112.78441423700008,-7.0127893099999596,0],[112.7845045360001,-7.0126765349999687,0],[112.78451257300003,-7.0126825089999443,0],[112.78454295500001,-7.0127050949999443,0],[112.78455103500005,-7.0126823629999535,0],[112.78459744300005,-7.0125517829999353,0],[112.78461004000008,-7.0125274739999668,0],[112.78466213000002,-7.0124269499999627,0],[112.78473619300007,-7.0122840229999497,0],[112.78477511400001,-7.0122306749999552,0],[112.78480080100007,-7.012195467999959,0],[112.78512683800011,-7.0117485809999494,0],[112.78499790100011,-7.0116855729999656,0],[112.7849713920001,-7.0116726189999667,0],[112.78504594500009,-7.0115612849999707,0],[112.78509373600002,-7.0114899169999489,0],[112.78515086400012,-7.0112889569999766,0],[112.78515189100006,-7.0112853399999722,0],[112.78523863400005,-7.0109252109999716,0],[112.78534342500006,-7.010650218999956,0],[112.78535622200002,-7.0106166369999414,0],[112.78538921500001,-7.0104827969999519,0],[112.78542789700009,-7.0103235499999528,0],[112.78544872600003,-7.010260313999936,0],[112.78547295600004,-7.0101626039999587,0],[112.78551475500001,-7.0099940429999492,0],[112.78557914600003,-7.0098005029999513,0],[112.78565005600001,-7.0098098019999497,0],[112.78566227900001,-7.009811903999946,0],[112.7856973050001,-7.0098179289999507,0],[112.78578125400009,-7.0098323699999696,0],[112.78583599000001,-7.0098435439999776,0],[112.7858973650001,-7.0098643619999734,0],[112.78608733500005,-7.0099516759999574,0],[112.78625053200005,-7.0097065139999586,0],[112.78641302500012,-7.009462411999948,0],[112.78658084800009,-7.0092322349999563,0],[112.78670267000007,-7.0090651499999694,0],[112.78680067900007,-7.0091489859999569,0],[112.78685432300006,-7.0092125089999513,0],[112.78691684400007,-7.0092865459999416,0],[112.78693922200011,-7.0093130469999778,0],[112.7870526160001,-7.0094121329999552,0],[112.78716986800009,-7.0095188619999362,0],[112.78718133900009,-7.0095130769999514,0],[112.78719852800009,-7.0094996149999815,0],[112.78736404600011,-7.0092124739999804,0],[112.78739643400002,-7.0091562869999393,0],[112.78753543900007,-7.0092273759999557,0],[112.78774189900003,-7.0093329589999485,0],[112.7877822160001,-7.0092653339999629,0],[112.78790638500004,-7.0090570619999539,0],[112.78779990100008,-7.0089710239999476,0],[112.78790561200003,-7.0087665649999735,0],[112.78798596200011,-7.0086111569999616,0],[112.78802981000001,-7.0084937679999371,0],[112.78789558400001,-7.0083948449999411,0],[112.78789045700012,-7.0083902169999419,0],[112.78785089700011,-7.008354499999939,0],[112.78753257500011,-7.0080746189999559,0],[112.78732215700006,-7.0078361919999566,0],[112.78719982100006,-7.0076895029999378,0],[112.78714415800005,-7.007622759999947,0],[112.78700242200011,-7.0075000959999443,0],[112.78650397800004,-7.0070773619999613,0],[112.78632930400011,-7.0069392649999713,0],[112.78611851900007,-7.0067726159999779,0],[112.78591315900007,-7.0066047419999791,0],[112.78584229400008,-7.0065440069999454,0],[112.78578813400009,-7.0064688559999695,0],[112.78578807100007,-7.0064521099999411,0],[112.78579518200002,-7.0064329459999612,0],[112.78584990700006,-7.006394906999958,0],[112.78587028400011,-7.0063489289999552,0],[112.78590111000005,-7.0062698679999471,0],[112.78590803800012,-7.0062028569999484,0],[112.78590551700006,-7.0061693749999563,0],[112.7858958380001,-7.0061430969999492,0],[112.78587416200003,-7.0061096859999452,0],[112.78579386300009,-7.006047672999955,0],[112.7857207400001,-7.0060228329999745,0],[112.78563919700002,-7.0059872579999478,0],[112.78554924000002,-7.0059433429999558,0],[112.78542442500009,-7.0058849229999396,0],[112.78538120000007,-7.0058291509999435,0],[112.78534858900002,-7.0057539189999716,0],[112.78532201500002,-7.0056918199999814,0],[112.78529548500001,-7.0056416839999542,0],[112.7852606130001,-7.0056011469999362,0],[112.78523300900008,-7.0055833099999631,0],[112.78520312500007,-7.0055953839999461,0],[112.78516975400009,-7.0056349829999363,0],[112.78510651000011,-7.005689049999944,0],[112.78506350700002,-7.0057143329999576,0],[112.78502641200009,-7.0057192579999423,0],[112.78498802100012,-7.0056978739999636,0],[112.78494835900005,-7.005657355999972,0],[112.78487030700001,-7.0055954529999553,0],[112.78485342800002,-7.0055644169999596,0],[112.78483761000007,-7.0054974929999503,0],[112.78483258000006,-7.0054341159999467,0],[112.78480964300002,-7.0053839659999539,0],[112.7847745250001,-7.0052788389999705,0],[112.78477073400006,-7.0052262229999656,0],[112.78477713900008,-7.0051383629999577,0],[112.78477926700009,-7.0051091669999437,0],[112.78479343600009,-7.0050574409999626,0],[112.78479890900007,-7.0049856519999594,0],[112.78478431000008,-7.0049239849999481,0],[112.78474818100005,-7.0048681439999427,0],[112.78474708700003,-7.0048657079999543,0],[112.78473079500009,-7.0048294539999461,0],[112.78472915600003,-7.0047763519999648,0],[112.78474665500005,-7.0047522349999554,0],[112.78475630900004,-7.004738930999963,0],[112.78480506700009,-7.0047157789999801,0],[112.78486962000011,-7.0046911319999481,0],[112.78500881400009,-7.0046489779999774,0],[112.78513232900002,-7.0046398969999473,0],[112.78523289100008,-7.0046395149999512,0],[112.78527744100006,-7.0046436529999596,0],[112.78529741800003,-7.0046076919999791,0],[112.78533747300003,-7.0045630429999619,0],[112.78540913400002,-7.0045182749999526,0],[112.78547512500006,-7.0044936239999629,0],[112.78556967800012,-7.0044243659999665,0],[112.78563981600007,-7.0043566369999439,0],[112.78566404600008,-7.0043063079999683,0],[112.78566388900003,-7.0042646809999383,0],[112.78564514700008,-7.0042475279999508,0],[112.78547394000009,-7.0041821519999417,0],[112.78524372800007,-7.0040897279999399,0],[112.78519910700004,-7.0040669309999544,0],[112.7851855880001,-7.0040379699999562,0],[112.78518735600005,-7.0039995129999397,0],[112.7851987250001,-7.0039664559999437,0],[112.78523152700006,-7.0039031759999375,0],[112.78532428300002,-7.003739191999955,0],[112.78536126800009,-7.0036802799999691,0],[112.7855184870001,-7.0034298509999644,0],[112.78558723900005,-7.0033497479999482,0],[112.78561860600007,-7.003313205999973,0],[112.7856600770001,-7.003262809999967,0],[112.78567663900003,-7.0031955619999735,0],[112.78567696200003,-7.0031950049999523,0],[112.78567953900006,-7.0031905369999663,0],[112.78573083500009,-7.0032029429999625,0],[112.78603366600009,-7.0032460469999478,0],[112.78604492300008,-7.0032476489999453,0],[112.78625958100008,-7.0032628159999604,0],[112.78627628100003,-7.0032639959999301,0],[112.78631511800006,-7.0032767659999422,0],[112.78647050600011,-7.0033378969999376,0],[112.78656388500008,-7.0033375419999402,0],[112.78683692200002,-7.0033151999999745,0],[112.78695021500005,-7.003305930999943,0],[112.78701888900002,-7.003313898999977,0],[112.78709394100008,-7.0033226089999516,0],[112.78718600800005,-7.0033552729999542,0],[112.78725226000006,-7.0033995169999343,0],[112.78729429700002,-7.0033080189999737,0],[112.78732492600011,-7.0032413499999393,0],[112.78737526700002,-7.0032569469999544,0],[112.78742898400003,-7.0032288829999629,0],[112.78749427000002,-7.0031947749999404,0],[112.78756875700003,-7.0032354669999677,0],[112.78769875100011,-7.0033064809999814,0],[112.78782826100007,-7.0033772319999343,0],[112.78798319000009,-7.0034995349999463,0],[112.78827899300006,-7.0037330439999437,0],[112.78829512800007,-7.0037457809999637,0],[112.78850865200002,-7.0036057379999761,0],[112.78849420400002,-7.0035842629999365,0],[112.78842732500004,-7.003529551999975,0],[112.78828812400002,-7.0034156729999495,0],[112.78857680700003,-7.0030184149999286,0],[112.78879475100007,-7.0031695209999612,0],[112.78892683100003,-7.0032610949999707,0],[112.7890512780001,-7.0032941389999337,0],[112.7891080280001,-7.0033092079999619,0],[112.78938638300008,-7.0032928639999454,0],[112.78950013600002,-7.0032861839999327,0],[112.78949850000004,-7.0032924379999599,0],[112.78941517700002,-7.003610900999945,0],[112.78933584000004,-7.003763595999942,0],[112.78919697600008,-7.0040308579999646,0],[112.78909996900006,-7.0043388899999286,0],[112.78907206400004,-7.0044274939999696,0],[112.78905160300008,-7.0044679289999294,0],[112.78900219700006,-7.0045655559999318,0],[112.78889067900002,-7.0047066459999314,0],[112.7888244510001,-7.0048143139999297,0],[112.78878359500004,-7.0048807329999363,0],[112.78891762400008,-7.0049574249999296,0],[112.78891668900008,-7.0049594669999351,0],[112.78929906400003,-7.0051845039999421,0],[112.78962840300005,-7.0052765489999729,0],[112.7899865490001,-7.0053885779999518,0],[112.79014084100004,-7.0054499779999446,0],[112.79030452500001,-7.0055151149999801,0],[112.79032202700012,-7.0055839459999447,0],[112.79051567800002,-7.0055071329999805,0],[112.79091605600001,-7.005768279999927,0],[112.79101172300011,-7.0056143319999364,0],[112.79144048100011,-7.0057835059999434,0],[112.79161320300011,-7.0058689699999377,0],[112.79180320700004,-7.0059658499999387,0],[112.79198599000006,-7.006052709999949,0],[112.79239720900011,-7.0061430049999558,0],[112.79254551400004,-7.0062299969999344,0],[112.79283671600001,-7.0061169269999368,0],[112.79291888100011,-7.0061898179999389,0],[112.79296471100008,-7.0061523239999701,0],[112.7932554030001,-7.0062818329999459,0],[112.79336119700008,-7.0061465039999575,0],[112.79344469500006,-7.0061921179999445,0],[112.79359887300006,-7.005893283999967,0],[112.79362723000008,-7.0058383219999314,0],[112.79366027200001,-7.0058381959999565,0],[112.7938429620001,-7.0059006549999481,0],[112.7941020830001,-7.00603889599995,0],[112.79414932000009,-7.0059942189999447,0],[112.79449048600009,-7.0061737729999436,0],[112.79459156200005,-7.0059322459999294,0],[112.79463573900011,-7.0058387779999407,0],[112.79496791300005,-7.0059207599999809,0],[112.79498934600008,-7.0058905359999812,0],[112.79515780200006,-7.0059874969999782,0],[112.79528148600002,-7.0060229089999666,0],[112.79538064000008,-7.0060297069999251,0],[112.79554180800005,-7.0060994239999559,0],[112.79564857500009,-7.0058435219999637,0],[112.7957880570001,-7.005877436999981,0],[112.79597170300008,-7.0054389509999737,0],[112.79612964900002,-7.0050421879999476,0],[112.79615107500001,-7.0050379669999643,0],[112.79625597600011,-7.0050173049999671,0],[112.796425709,-7.0050726349999763,0],[112.79654446800009,-7.0051118549999387,0],[112.79675654800008,-7.0051818929999286,0],[112.79683162200001,-7.0049031459999469,0],[112.79688024800009,-7.0048989669999742,0],[112.79693646100009,-7.0048941329999366,0],[112.79693683300002,-7.00489080899996,0],[112.79693791300008,-7.0048811869999668,0],[112.79697084700001,-7.0045877099999529,0],[112.79697674700003,-7.0045351399999731,0],[112.79701495800009,-7.0043842809999433,0],[112.79691255300008,-7.0042784549999624,0],[112.79699465600004,-7.0041226909999637,0],[112.7969967030001,-7.0041188079999301,0],[112.79708720300005,-7.0041170279999392,0],[112.79719344300008,-7.0040993969999477,0],[112.79725922500006,-7.0040202009999462,0],[112.79732199300008,-7.0039315419999753,0],[112.79738353700009,-7.0038446119999662,0],[112.79740357300011,-7.0038244399999598,0],[112.79756581400011,-7.0037994189999608,0],[112.79769793700007,-7.0037874299999316,0],[112.79772773800005,-7.0036911479999731,0],[112.79780265600004,-7.0036470239999744,0],[112.79785508200007,-7.0035571729999333,0],[112.79789484500009,-7.0034364509999705,0],[112.79791589900003,-7.0032811499999639,0],[112.7979041750001,-7.0032469469999796,0],[112.79791935100002,-7.0031888499999582,0],[112.79792881200001,-7.003152623999938,0],[112.79793532400004,-7.0031276929999535,0],[112.79794164000009,-7.0031074999999419,0],[112.79795009100008,-7.0030804849999413,0],[112.79803467000011,-7.0028100989999302,0],[112.79814975600004,-7.0028512849999629,0],[112.79821690800009,-7.0027548579999461,0],[112.79831988500007,-7.0026353299999755,0],[112.79836613100008,-7.0027069209999695,0],[112.79839498500007,-7.0027345079999463,0],[112.79840650500012,-7.0027455209999516,0],[112.79845834300011,-7.0027769009999474,0],[112.79848403100004,-7.0027323069999738,0],[112.79872801700003,-7.0022557799999277,0],[112.79877047000002,-7.0021728649999773,0],[112.79879770900004,-7.0021135719999279,0],[112.79883190600003,-7.0020391329999256,0],[112.79885461100002,-7.0019658429999367,0],[112.79889133400002,-7.001704616999973,0],[112.79891194900006,-7.0015579819999516,0],[112.79893285900005,-7.0014115209999659,0],[112.79895951700007,-7.0012247969999635,0],[112.79912052900011,-7.0012543229999551,0],[112.79917186800003,-7.0011223349999341,0],[112.79922667700009,-7.0009618869999599,0],[112.79926116900003,-7.0009653429999616,0],[112.79932083300002,-7.0009773159999327,0],[112.79935100800003,-7.0009786349999672,0],[112.79936546800002,-7.0010029819999318,0],[112.79936907500007,-7.0010072729999706,0],[112.79941291000011,-7.0010121289999461,0],[112.79946535100009,-7.0010133639999594,0],[112.79948694000007,-7.0010240469999303,0],[112.79950495600008,-7.0010390489999281,0],[112.7995431600001,-7.0010740689999693,0],[112.79957986700003,-7.0010933059999729,0],[112.79963093900005,-7.0011124879999329,0],[112.79970860100002,-7.0011344379999514,0],[112.79980853100005,-7.0011570219999726,0],[112.79992641800004,-7.0011795369999277,0],[112.79998817500007,-7.001174993999939,0],[112.80000685800007,-7.00117707499993,0],[112.80003281200004,-7.0011953879999282,0],[112.80007740800011,-7.00121771299996,0],[112.80015218300002,-7.0012360869999384,0],[112.80024059200002,-7.0012515369999733,0],[112.80034190700007,-7.0012604789999386,0],[112.80036489000008,-7.0012596729999359,0],[112.8004115760001,-7.0012587779999649,0],[112.80048626700011,-7.0012556209999275,0],[112.8005753650001,-7.0012631739999733,0],[112.80065301700006,-7.0012829719999559,0],[112.80070264300002,-7.0012992879999274,0],[112.80075302000012,-7.0013242149999542,0],[112.80080410400001,-7.001346266999974,0],[112.80095223400008,-7.0013880419999737,0],[112.80097882200005,-7.0013908109999647,0],[112.80099824900003,-7.0013993489999393,0],[112.80100663700011,-7.0014035849999345,0],[112.8010335140001,-7.0014171559999454,0],[112.80105515000002,-7.0014400389999309,0],[112.80105020800011,-7.0014623059999508,0],[112.80106466000007,-7.0014844989999574,0],[112.80111005500009,-7.001521643999979,0],[112.80119645900004,-7.0015758569999775,0],[112.80119806800008,-7.0015771749999658,0],[112.80121303200008,-7.0015894289999778,0],[112.80122678200007,-7.0016159309999466,0],[112.80124121300003,-7.001633098999946,0],[112.8012836800001,-7.0016559029999712,0],[112.80134412100006,-7.0016829419999453,0],[112.80141030600009,-7.0017092429999366,0],[112.80147360900003,-7.0017334019999566,0],[112.80152971300004,-7.0017532819999815,0],[112.80157357900009,-7.0017660329999671,0],[112.80159086300011,-7.0017781659999514,0],[112.80162187500002,-7.0018103429999314,0],[112.80166651800005,-7.0018388789999335,0],[112.80174924900007,-7.0018715759999282,0],[112.8018607140001,-7.0019048789999374,0],[112.80197363600007,-7.0019439189999275,0],[112.80203408500006,-7.0019731119999733,0],[112.80210609700009,-7.0020202029999723,0],[112.80217589800009,-7.0020529479999709,0],[112.80232123700011,-7.0021162649999269,0],[112.80238094700007,-7.0021397189999561,0],[112.80242702500004,-7.0021675319999304,0],[112.80249976300001,-7.0022167729999296,0],[112.80255303800004,-7.0022481459999426,0],[112.80263648400012,-7.0022801219999451,0],[112.80273001,-7.0023185189999708,0],[112.80276022500004,-7.0023306039999511,0],[112.80277881000006,-7.0023428789999684,0],[112.8027926310001,-7.0023520089999352,0],[112.80290127400008,-7.0024005479999687,0],[112.80293438000001,-7.002415338999981,0],[112.8029804250001,-7.0024345399999675,0],[112.80307755600006,-7.0024765109999407,0],[112.80320707400006,-7.0025348629999371,0],[112.80322491300001,-7.0025039349999361,0],[112.80324350400008,-7.0024816159999546,0],[112.80325479400005,-7.002472528999931,0],[112.80331591000004,-7.0024884429999474,0],[112.803374039,-7.0025055639999323,0],[112.80340820200001,-7.0025167959999521,0],[112.80346431000009,-7.0024753139999802,0],[112.80349832100001,-7.0024470739999742,0],[112.80352634700012,-7.0024194559999273,0],[112.80354462700006,-7.0023980809999671,0],[112.80356329400001,-7.0023762539999552,0],[112.80357275600011,-7.0023463139999649,0],[112.80358572800003,-7.0022948299999257,0],[112.80359987200006,-7.0022373629999493,0],[112.8036134350001,-7.0021840829999746,0],[112.80364259400005,-7.0021391159999666,0],[112.80366823700001,-7.0021144969999796,0],[112.80371056000001,-7.0020682839999608,0],[112.80380478200004,-7.0019764189999592,0],[112.80384933800008,-7.0018883319999645,0],[112.80393877100005,-7.0016403909999667,0],[112.80394834900005,-7.0016403539999601,0],[112.80404471500003,-7.0016387879999797,0],[112.80408422300002,-7.0016392339999811,0],[112.80411232600011,-7.0016313519999471,0],[112.80414455200003,-7.0016157149999572,0],[112.80416723900009,-7.0015904729999647,0],[112.80419224500008,-7.0015556899999751,0],[112.80422306100002,-7.0014748319999285,0],[112.80425286800005,-7.0013911419999317,0],[112.80427339700009,-7.0013334959999725,0],[112.80430005500011,-7.0012610279999308,0],[112.80433213700007,-7.0011981079999259,0],[112.80436626000005,-7.0011991739999644,0],[112.80439081600002,-7.0012026679999622,0],[112.80441482100002,-7.0012187229999654,0],[112.80443840000009,-7.0012174279999613,0],[112.80445609800006,-7.0012120969999501,0],[112.8044891080001,-7.0012038379999808,0],[112.80454322300011,-7.0012045869999611,0],[112.80455453000002,-7.0011317219999682,0],[112.80457219400012,-7.0010178799999494,0],[112.80461244300011,-7.0007746719999773,0],[112.80463311500012,-7.000671246999957,0],[112.80464156500011,-7.0006271969999716,0],[112.80466240700002,-7.0005677889999447,0],[112.8046775360001,-7.0005170149999572,0],[112.80475221900008,-7.0005119449999711,0],[112.80483071100002,-7.0005011159999526,0],[112.80491598500009,-7.000489785999946,0],[112.80494409800008,-7.0004842949999784,0],[112.80500036100011,-7.0004834809999466,0],[112.80508128300005,-7.0005130739999686,0],[112.80509867500007,-7.0005213799999524,0],[112.80511909900008,-7.0005404389999626,0],[112.80514681800003,-7.0005881779999299,0],[112.80518150700004,-7.0005808689999753,0],[112.80521501400005,-7.0005771519999485,0],[112.80524977400012,-7.0005883819999326,0],[112.80531876400005,-7.0006281869999611,0],[112.80533068700004,-7.0006155819999663,0],[112.80536012000005,-7.0005823999999279,0],[112.80540041900008,-7.000536967999949,0],[112.80535050300011,-7.00047615699998,0],[112.80529951200003,-7.000447046999966,0],[112.80521013000009,-7.0003965549999521,0],[112.80515857600005,-7.0003770169999484,0],[112.8051685800001,-7.0003321239999536,0],[112.80517974400004,-7.0002776569999696,0],[112.80517290300008,-7.0002112969999644,0],[112.80517327700011,-7.000152686999968,0],[112.80517821400008,-7.0001293799999758,0],[112.80517974400004,-7.0001221599999326,0],[112.80519994500003,-7.0000832079999782,0],[112.80522849500005,-7.0000358519999395,0],[112.80528424200008,-6.9999004749999472,0],[112.80531513900007,-6.9998411489999626,0],[112.80533059400011,-6.9998129799999447,0],[112.8053382920001,-6.9997908219999658,0],[112.80534934600007,-6.9997082479999335,0],[112.80535393800005,-6.9996567959999538,0],[112.80536203200006,-6.9995826049999437,0],[112.805371304,-6.9995030269999461,0],[112.8053896990001,-6.9994610919999332,0],[112.80540039200002,-6.999440118999928,0],[112.80540330400004,-6.9994191759999467,0],[112.80540834100009,-6.999395824999965,0],[112.8054085980001,-6.9993946339999411,0],[112.80541452700004,-6.9993796599999314,0],[112.80544364000002,-6.9993233299999815,0],[112.80546796300007,-6.9992664199999695,0],[112.80548643100008,-6.9992436239999734,0],[112.80551136300005,-6.9992273559999489,0],[112.80555697500006,-6.9992206259999534,0],[112.80555861500011,-6.9991799509999737,0],[112.8055609270001,-6.9991584129999751,0],[112.80555540500006,-6.9991237459999525,0],[112.80553297500001,-6.9990502699999411,0],[112.8055197860001,-6.9990102449999654,0],[112.80551722900009,-6.999002485999938,0],[112.80549734700003,-6.9989690699999301,0],[112.80548168500002,-6.9989434129999495,0],[112.80545409100012,-6.9989279699999543,0],[112.8054683900001,-6.9989105709999535,0],[112.8054850310001,-6.9988794079999366,0],[112.80549389700002,-6.9988500679999675,0],[112.8055193460001,-6.9987746149999452,0],[112.80554719100007,-6.9986997499999575,0],[112.80555194500005,-6.9986907609999776,0],[112.80556863900006,-6.9986733529999583,0],[112.8055871250001,-6.9986553399999707,0],[112.80560862400012,-6.9986420999999268,0],[112.80560796000009,-6.9986253569999803,0],[112.80561024700012,-6.9985972389999347,0],[112.80561121200003,-6.9985368309999672,0],[112.80561302900003,-6.9985242589999643,0],[112.80561770800011,-6.9984919029999446,0],[112.80562462300009,-6.9984440799999561,0],[112.80563274700012,-6.9983776639999746,0],[112.80565385800003,-6.9982639499999664,0],[112.8056696750001,-6.9981741799999782,0],[112.80569320800009,-6.9980676349999271,0],[112.80570618800004,-6.9980185429999437,0],[112.80572624800004,-6.9979425129999413,0],[112.80575219600007,-6.9978413399999795,0],[112.8057828420001,-6.9977162269999553,0],[112.80580105200011,-6.9976264479999486,0],[112.80580508100002,-6.9975845679999793,0],[112.8058642960001,-6.9975729769999475,0],[112.80603741600009,-6.9976070009999489,0],[112.80604940300009,-6.9976111409999362,0],[112.80613264400006,-6.9976209889999268,0],[112.80619010600003,-6.9976207679999334,0],[112.80627270100001,-6.9976134949999391,0],[112.80635346300005,-6.9976063849999264,0],[112.80641929600006,-6.9976037399999313,0],[112.80644142000006,-6.9975976749999518,0],[112.80647932000011,-6.9975967649999689,0],[112.80653247500004,-6.9975984789999757,0],[112.80659953100007,-6.9976203919999307,0],[112.80666961700001,-6.997633877999931,0],[112.80671024600008,-6.9976413729999649,0],[112.80683793700007,-6.9976649299999281,0],[112.80685201100005,-6.9975889209999309,0],[112.80685306800001,-6.9975524349999318,0],[112.80685401300002,-6.9974872429999664,0],[112.80685269100002,-6.9974543549999453,0],[112.80684831100007,-6.9974053299999355,0],[112.80684283500011,-6.9973820269999578,0],[112.80683139000007,-6.9973635309999622,0],[112.80679177200011,-6.9973343769999587,0],[112.80672820200004,-6.9973029239999391,0],[112.80665264300001,-6.9972667329999467,0],[112.80659507500002,-6.9972394429999554,0],[112.80655793100004,-6.9972312119999742,0],[112.80655774100001,-6.9972312299999544,0],[112.80652502000009,-6.9972343279999336,0],[112.80649511400009,-6.9972398269999303,0],[112.80647661600005,-6.997254848999944,0],[112.8063794950001,-6.9972157499999525,0],[112.80616012100006,-6.9971388429999593,0],[112.80616234800004,-6.9970957739999449,0],[112.8061621060001,-6.9970323799999505,0],[112.80617018600003,-6.9969546019999598,0],[112.80617600700009,-6.9969115189999798,0],[112.80619370700003,-6.9968444669999599,0],[112.8062149970001,-6.9967774029999532,0],[112.80619581000008,-6.9967691029999628,0],[112.80606636800007,-6.9967301279999674,0],[112.80592898400005,-6.9966876159999742,0],[112.80569600600006,-6.9966155249999815,0],[112.8056948840001,-6.9966346669999666,0],[112.80568679900011,-6.996688545999973,0],[112.80567620700003,-6.9967591359999801,0],[112.80567276700003,-6.9967986209999253,0],[112.80566591200011,-6.9968835729999341,0],[112.80560082300008,-6.9970799869999496,0],[112.80553780600007,-6.9971926639999538,0],[112.80550454900003,-6.9972609719999355,0],[112.80543458800003,-6.997435874999951,0],[112.80524729300009,-6.9972954509999568,0],[112.80520765900008,-6.9972621109999409,0],[112.8051080350001,-6.9971943139999553,0],[112.80497848100003,-6.9971266309999578,0],[112.80488233900007,-6.9970301139999265,0],[112.8047226650001,-6.9969123099999706,0],[112.80468788300004,-6.9968956969999567,0],[112.80462426100007,-6.9967972759999384,0],[112.80450278900003,-6.9967050269999618,0],[112.80449039600001,-6.99669313499993,0],[112.80446554000002,-6.996669284999939,0],[112.80435154000008,-6.9965991509999412,0],[112.80417875800003,-6.9964969459999793,0],[112.80417871200007,-6.9964849849999382,0],[112.80417857400005,-6.9964491019999286,0],[112.80415571000003,-6.9964180899999633,0],[112.80412197700002,-6.9963631969999369,0],[112.80403903100012,-6.9962738059999765,0],[112.80397065700004,-6.9962381839999352,0],[112.80389269600005,-6.9962002069999585,0],[112.80386144200008,-6.99616683499994,0],[112.80381814300006,-6.996114370999976,0],[112.8037627440001,-6.9960284619999697,0],[112.80354187400008,-6.9958738119999566,0],[112.80353934700008,-6.9958391329999472,0],[112.80354886200007,-6.9957289759999526,0],[112.8035519550001,-6.9956931569999483,0],[112.80355765700006,-6.9956189749999567,0],[112.80357058200002,-6.9955555319999689,0],[112.80357250200007,-6.9954323229999318,0],[112.80360718700001,-6.9954238159999704,0],[112.80366938300006,-6.9954092259999356,0],[112.80368020000003,-6.9954199489999382,0],[112.8037233870001,-6.9954437059999464,0],[112.80380153300007,-6.9954609029999801,0],[112.80384200200001,-6.9955181439999592,0],[112.80398483500005,-6.9955856489999633,0],[112.80411074100004,-6.9956192479999686,0],[112.80415729200001,-6.9955831859999762,0],[112.80419549900012,-6.9955567239999255,0],[112.80427681200001,-6.995532490999949,0],[112.8044012260001,-6.995509287999937,0],[112.80451258800008,-6.9955160369999589,0],[112.80455933100006,-6.9955302109999593,0],[112.80464680000011,-6.9955502099999762,0],[112.80468634300007,-6.9955596279999668,0],[112.80477530300004,-6.9955875479999463,0],[112.80481745200007,-6.9956123159999493,0],[112.80487936500003,-6.9956486989999576,0],[112.80495528200004,-6.995693312999947,0],[112.80499938300011,-6.995711531999973,0],[112.80505686700008,-6.995717291999938,0],[112.80507905600007,-6.9956968529999699,0],[112.80508469200004,-6.9956681229999731,0],[112.80509602500001,-6.9956264549999787,0],[112.80510720800009,-6.9955460329999255,0],[112.8051248270001,-6.9954576899999665,0],[112.80512826800009,-6.9954189229999315,0],[112.80513246500004,-6.9953894819999505,0],[112.80513946000008,-6.9953406529999711,0],[112.80514364600003,-6.9953083419999302,0],[112.80514283100001,-6.9952832249999801,0],[112.80513192800004,-6.9952495369999497,0],[112.80510157600008,-6.9952015689999598,0],[112.80511015700006,-6.9951914879999322,0],[112.80512802500004,-6.9951684549999413,0],[112.80514945200002,-6.9951367939999614,0],[112.80516154500003,-6.995105887999955,0],[112.80517077100001,-6.9950771459999714,0],[112.80517641800009,-6.9950512879999565,0],[112.80518491300006,-6.9950189589999354,0],[112.80519836800011,-6.994968670999981,0],[112.8052147730001,-6.9949384649999615,0],[112.80523759500011,-6.9948960349999538,0],[112.80526255800009,-6.9948500069999682,0],[112.80528255400009,-6.9948197889999619,0],[112.8053082990001,-6.9947902649999492,0],[112.80534834200012,-6.9947407249999287,0],[112.80535834200009,-6.9947283529999709,0],[112.80537760400011,-6.9946938299999601,0],[112.80540117900011,-6.994660726999939,0],[112.80542833900006,-6.9946254569999269,0],[112.80545768000002,-6.9945973549999394,0],[112.805504971,-6.9945670309999741,0],[112.80550342200002,-6.994537611999931,0],[112.80550546100005,-6.9945074619999446,0],[112.80551385400008,-6.9944485799999256,0],[112.80552582100006,-6.9943853789999366,0],[112.80553847200008,-6.9943128449999676,0],[112.80554907500004,-6.9942683089999491,0],[112.80555537700002,-6.9942259409999679,0],[112.80556386700005,-6.9941921779999348,0],[112.80557162300011,-6.9941541109999434,0],[112.8055815240001,-6.9941138839999439,0],[112.80558859900009,-6.9940858659999776,0],[112.80558761100008,-6.9940155379999283,0],[112.80559542900005,-6.9939939779999349,0],[112.8056075290001,-6.9939652239999646,0],[112.80561816800002,-6.9939300179999577,0],[112.80562729400003,-6.99387472199993,0],[112.80565360700007,-6.993806440999947,0],[112.80568223600005,-6.9937797769999293,0],[112.80571520300009,-6.9937602739999534,0],[112.80575613100007,-6.993756527999949,0],[112.80573933300002,-6.9936841079999681,0],[112.80573832700009,-6.9936094729999354,0],[112.80573944500009,-6.9935262179999427,0],[112.80574502800005,-6.993483853999976,0],[112.80576474300005,-6.9933804319999808,0],[112.80577876400002,-6.9932906699999648,0],[112.80577796200009,-6.9932691419999742,0],[112.80576350000001,-6.9932440789999646,0],[112.80573829800005,-6.9932276699999534,0],[112.80567134600005,-6.9931884529999593,0],[112.80559666800002,-6.9931553589999567,0],[112.8054920620001,-6.9931367559999558,0],[112.80537622400004,-6.9930817469999624,0],[112.80533038600004,-6.9930605789999731,0],[112.80534746500007,-6.9930188879999378,0],[112.80540793700004,-6.9928672269999765,0],[112.80543963900004,-6.9928922239999451,0],[112.80549152800006,-6.9929372379999677,0],[112.80554696800004,-6.992971473999944,0],[112.80560540300007,-6.9928506809999362,0],[112.80565960000001,-6.9927485619999743,0],[112.80575366200003,-6.9925529939999365,0],[112.80580355600011,-6.9924523279999562,0],[112.8058383880001,-6.992357459999937,0],[112.80585202400005,-6.9923545379999723,0],[112.80586925900002,-6.9923537539999643,0],[112.80604601800007,-6.9923695829999701,0],[112.80608627200002,-6.9923773229999711,0],[112.80608589400003,-6.9922790019999752,0],[112.80608327900006,-6.9921591609999609,0],[112.80608446400004,-6.9920938469999783,0],[112.80608798200001,-6.9920744569999442,0],[112.80609863400002,-6.9920428379999748,0],[112.80612074400005,-6.9920018459999369,0],[112.80617642000004,-6.9919104879999736,0],[112.80623276900008,-6.9918076429999587,0],[112.80623363500001,-6.9918062469999427,0],[112.80625418400007,-6.9917731129999652,0],[112.80633342800002,-6.991646497999966,0],[112.80638915600002,-6.991568774999962,0],[112.80645196800003,-6.9914659059999735,0],[112.80648696100002,-6.9914126629999487,0],[112.80650484800003,-6.9913946539999756,0],[112.8065600970001,-6.9913793699999474,0],[112.80661968000004,-6.9913705299999265,0],[112.80665419700006,-6.9913804449999475,0],[112.80668518700008,-6.9914075969999772,0],[112.80670177100001,-6.9914240409999593,0],[112.80674645700003,-6.9914640579999627,0],[112.80676520200007,-6.9914819289999741,0],[112.80677371100001,-6.9914531889999694,0],[112.80678367000007,-6.9914280319999307,0],[112.80679718800002,-6.991394249999928,0],[112.80681423600004,-6.9913446649999287,0],[112.80683347600007,-6.9913044009999794,0],[112.80686347400001,-6.9912605079999253,0],[112.80687630600005,-6.9912353389999566,0],[112.80688197100005,-6.991213787999925,0],[112.80689120800002,-6.9911879159999444,0],[112.80691134600011,-6.9911602109999649,0],[112.80694340200012,-6.9911252769999805,0],[112.80699698800004,-6.9910511509999651,0],[112.80710270600002,-6.9908978809999667,0],[112.80718685200009,-6.9907389519999583,0],[112.80725999700007,-6.9905212149999443,0],[112.80733755900008,-6.9903307329999507,0],[112.80736950200003,-6.9901952849999702,0],[112.80726097500008,-6.9901289229999293,0],[112.80724078500009,-6.9901165789999595,0],[112.80718105900007,-6.9900800579999327,0],[112.80713889200001,-6.9900343779999616,0],[112.80709636800009,-6.9899965039999756,0],[112.80708047500002,-6.9899728809999715,0],[112.80703439000001,-6.9899429159999613,0],[112.80694659100004,-6.9898987569999349,0],[112.80690273500011,-6.989888159999964,0],[112.80683880300001,-6.9898869689999401,0],[112.80675627000005,-6.989905227999941,0],[112.80664213200009,-6.9899228899999457,0],[112.80641976600009,-6.9898146559999645,0],[112.80638667100004,-6.9897989619999521,0],[112.8061765440001,-6.9896993249999468,0],[112.80615027100009,-6.9896869579999361,0],[112.80598275500006,-6.9896081039999558,0],[112.80587296300007,-6.9895777669999575,0],[112.80584005600008,-6.9895673369999258,0],[112.80577228100003,-6.9895458569999391,0],[112.80565500700004,-6.989495351999949,0],[112.80550099800007,-6.9894177139999556,0],[112.80546570000001,-6.9893912949999617,0],[112.80546993200005,-6.9893711849999249,0],[112.8055369540001,-6.9892417469999373,0],[112.80555969900001,-6.9891792209999721,0],[112.80558027200004,-6.9891123979999747,0],[112.80551557000001,-6.9890975749999598,0],[112.80547888000001,-6.9890826449999395,0],[112.80541762700011,-6.9890304889999584,0],[112.80531301800011,-6.9889110369999798,0],[112.80530069400004,-6.9888816599999473,0],[112.80540538700006,-6.9887279039999726,0],[112.80542918600008,-6.988673758999937,0],[112.8055549500001,-6.9886905009999509,0],[112.80557417200009,-6.9886459319999403,0],[112.80564254400008,-6.9884942399999659,0],[112.80565112300008,-6.9884748709999371,0],[112.8057208780001,-6.9883173909999527,0],[112.80574204100003,-6.9882741659999397,0],[112.8057500970001,-6.9882577119999496,0],[112.80575861400007,-6.9882311239999808,0],[112.80580182200003,-6.9880730709999739,0],[112.80567665100011,-6.9880233129999283,0],[112.80556943100009,-6.9879720499999394,0],[112.8054513940001,-6.9879100649999373,0],[112.80537228800006,-6.9878766979999796,0],[112.80534347900004,-6.9878645469999583,0],[112.80521613900009,-6.9878112099999612,0],[112.80524829400008,-6.9877434109999399,0],[112.80526387800001,-6.9877105509999637,0],[112.80532947100005,-6.9875832709999486,0],[112.80539860200008,-6.987442342999941,0],[112.80541495900002,-6.9873999369999638,0],[112.80542267100009,-6.9873503869999354,0],[112.80522201200006,-6.9872829769999498,0],[112.80518532300005,-6.9872680459999401,0],[112.80495519900001,-6.9871964419999699,0],[112.80489931200009,-6.9872325409999689,0],[112.80483055400009,-6.9873565429999758,0],[112.80481552200001,-6.9873867499999278,0],[112.80475630500007,-6.9875057449999645,0],[112.80473139800006,-6.9875662459999717,0],[112.8047291150001,-6.987594961999946,0],[112.80458287800002,-6.9878586699999801,0],[112.8045157360001,-6.9878320139999346,0],[112.80438442700006,-6.9877733089999765,0],[112.80429572900005,-6.9877449399999705,0],[112.80425019300003,-6.987733154999944,0],[112.80422974500004,-6.9877081139999291,0],[112.80422309200003,-6.9876901969999494,0],[112.80422723600009,-6.9876782199999639,0],[112.80424682100011,-6.987633887999948,0],[112.80430091800008,-6.9875373929999682,0],[112.80438771700005,-6.9873827589999564,0],[112.80444129700004,-6.9873071989999289,0],[112.80452820700009,-6.9871818709999616,0],[112.8045329250001,-6.9871724749999657,0],[112.80455137400008,-6.9871357299999772,0],[112.80459958800009,-6.987065571999949,0],[112.80460967500005,-6.9870422099999701,0],[112.80462085700003,-6.9869925269999271,0],[112.8046243120001,-6.9869572279999375,0],[112.80462537300002,-6.9869213389999345,0],[112.80462290700007,-6.9869028089999574,0],[112.80461446000004,-6.9868854979999355,0],[112.80443991300001,-6.9867904759999533,0],[112.80439916100011,-6.9867774739999504,0],[112.80435540500002,-6.9867614939999498,0],[112.80412030200011,-6.9866397919999486,0],[112.8040658430001,-6.9866429899999503,0],[112.80402336000009,-6.9866467409999586,0],[112.80397444900007,-6.986743894999961,0],[112.80397214200002,-6.986747844999968,0],[112.80386701600003,-6.9869278319999353,0],[112.80382297000006,-6.9869925909999324,0],[112.80374696300009,-6.9869952749999698,0],[112.80356316700011,-6.9872980009999424,0],[112.80355507900003,-6.987373985999966,0],[112.80355529300004,-6.9874302039999634,0],[112.80354109300004,-6.9874733189999461,0],[112.80349828600004,-6.9875488389999418,0],[112.80339361400002,-6.9877250689999642,0],[112.80337756300003,-6.9877538389999359,0],[112.80334097600007,-6.9878906969999548,0],[112.80332489300008,-6.9879424309999649,0],[112.80329905500002,-6.9879905899999812,0],[112.80328492000001,-6.9880076529999542,0],[112.8032571330001,-6.9880039319999696,0],[112.80307397500007,-6.9879424339999332,0],[112.80289068600007,-6.9878464879999456,0],[112.80285443300011,-6.9878829889999565,0],[112.80282085400006,-6.9878678059999402,0],[112.80269037800008,-6.9878080219999674,0],[112.80259636200003,-6.9877662759999453,0],[112.80245156000001,-6.987717072999942,0],[112.80240965200005,-6.987777517999973,0],[112.80232297600003,-6.987901289999968,0],[112.80214925900009,-6.98780434899993,0],[112.80216052800006,-6.9877459339999746,0],[112.80217473200003,-6.9877037769999788,0],[112.80221182200012,-6.9876356959999271,0],[112.80225181700007,-6.9875762139999438,0],[112.80212221800002,-6.9874953729999447,0],[112.80231735300003,-6.9871836329999724,0],[112.80245938000007,-6.9872586839999258,0],[112.80273567600011,-6.987382982999975,0],[112.80276235300005,-6.9873465179999812,0],[112.80282140200006,-6.9872611279999433,0],[112.80287659200008,-6.987168095999948,0],[112.80292603300006,-6.9870741319999752,0],[112.80298119400004,-6.986973445999979,0],[112.80285446000005,-6.9868906789999414,0],[112.80274025800009,-6.9868289169999684,0],[112.80268655000009,-6.9868090279999251,0],[112.80224895600008,-6.9865791309999281,0],[112.80207427400001,-6.9864802799999666,0],[112.80180743700009,-6.9863243679999414,0],[112.80179671500002,-6.986275606999925,0],[112.80179372700002,-6.9862459549999585,0],[112.80165660900002,-6.986202460999948,0],[112.80164675000003,-6.9861288179999406,0],[112.80165978800005,-6.986032120999937,0],[112.80168204400002,-6.9859523999999737,0],[112.80171296500009,-6.9859132609999506,0],[112.80168801800005,-6.9858838439999431,0],[112.801486264,-6.9857351859999426,0],[112.80137872300008,-6.9856619159999696,0],[112.8012693180001,-6.9856030059999625,0],[112.80118196300009,-6.9855497529999298,0],[112.80114249600001,-6.9854972729999645,0],[112.80098686000008,-6.9853696439999453,0],[112.80099820600003,-6.9853313239999579,0],[112.8010210330001,-6.9852900899999781,0],[112.80104381600006,-6.9852373719999719,0],[112.80106855500003,-6.9851951749999444,0],[112.80110191000006,-6.9851519859999485,0],[112.80113429800008,-6.9851068869999722,0],[112.80116760900012,-6.9850522169999749,0],[112.80121328500002,-6.9849754889999645,0],[112.80124177000005,-6.9849112679999621,0],[112.80126283400011,-6.9848876229999632,0],[112.80132030700008,-6.9849128819999464,0],[112.80134151700008,-6.9848823889999494,0],[112.80140484600008,-6.9847913429999267,0],[112.80165584700001,-6.984484972999951,0],[112.80166340400001,-6.9844752229999472,0],[112.80164804100002,-6.9844647549999763,0],[112.80152768800008,-6.9845475089999809,0],[112.80138907600008,-6.9846140649999597,0],[112.80123319600011,-6.984673030999943,0],[112.80121691500005,-6.9846730949999483,0],[112.80119373000002,-6.9846205529999565,0],[112.80113319500003,-6.9845681549999767,0],[112.80101702900004,-6.9844939589999626,0],[112.80095653400008,-6.9844520859999761,0],[112.80092766400003,-6.9844158349999361,0],[112.80093338100005,-6.9844081579999511,0],[112.80096493300005,-6.9843946409999376,0],[112.80103377600005,-6.9843656709999777,0],[112.80111121700008,-6.9843309259999273,0],[112.80119435000006,-6.9842818069999453,0],[112.80123639900012,-6.9842586799999253,0],[112.80128990500009,-6.984225940999977,0],[112.80125815300005,-6.9841868289999525,0],[112.80119952000007,-6.9841315529999406,0],[112.80112554700008,-6.9840715489999639,0],[112.80105450400004,-6.9840258899999412,0],[112.80096909700001,-6.9839812419999703,0],[112.80089342200006,-6.9839596749999373,0],[112.80086969700005,-6.9840332939999712,0],[112.80082401200002,-6.9841081069999404,0],[112.80077445800009,-6.9841724099999283,0],[112.80067339000004,-6.9842895369999383,0],[112.80048431400007,-6.9841513819999363,0],[112.80042832600009,-6.9841104719999407,0],[112.80018464700004,-6.9839564869999435,0],[112.80008799000007,-6.9838782879999712,0],[112.79990317800002,-6.983730775999959,0],[112.79987337900002,-6.9837021829999344,0],[112.79978500800007,-6.9836336219999566,0],[112.79968516500003,-6.9835698909999451,0],[112.79944707800007,-6.9834186519999548,0],[112.79935582700011,-6.9833481889999689,0],[112.79946560500002,-6.9832549499999459,0],[112.79950815800009,-6.9832156329999293,0],[112.79954672200006,-6.9831800019999264,0],[112.79948504900005,-6.9831039539999438,0],[112.79947897300008,-6.9830800549999594,0],[112.79943801100001,-6.9830120309999302,0],[112.79943345600009,-6.9829406249999693,0],[112.79943869600004,-6.9828780609999512,0],[112.79945401500004,-6.9828146079999556,0],[112.79946943500011,-6.9827774689999274,0],[112.79958837300001,-6.982574867999972,0],[112.79956186200002,-6.9825295159999428,0],[112.79955297600009,-6.9825271109999676,0],[112.79949993100001,-6.9825127509999447,0],[112.79943223400005,-6.9824403019999295,0],[112.79931326800011,-6.9823223389999498,0],[112.79926747500008,-6.9822435689999338,0],[112.7992469190001,-6.9821898199999737,0],[112.79923238800006,-6.9821468149999646,0],[112.79913523200003,-6.9820969489999811,0],[112.79891582800008,-6.9820104669999523,0],[112.79887388900011,-6.9819998619999524,0],[112.79866279600003,-6.9818954089999465,0],[112.79846480800006,-6.9817741579999506,0],[112.79845981800008,-6.9817215469999496,0],[112.79847482500008,-6.9815976929999692,0],[112.79850217000001,-6.9815264149999621,0],[112.79852360300004,-6.9814964309999255,0],[112.79846246400007,-6.9814739359999294,0],[112.7983041010001,-6.9813836349999292,0],[112.79812521500003,-6.9812491539999542,0],[112.79802924100011,-6.9811956939999504,0],[112.79792611200003,-6.9811494379999317,0],[112.79772945100001,-6.9810616739999318,0],[112.79756507000002,-6.9809630209999796,0],[112.79741381500003,-6.9808535529999745,0],[112.79735140000003,-6.9808107289999271,0],[112.79732635700009,-6.9808359439999776,0],[112.79725915100005,-6.9807919429999288,0],[112.79704788600009,-6.9806420349999598,0],[112.79684861900012,-6.9804992589999415,0],[112.79676952900002,-6.980478029999972,0],[112.79668076900009,-6.9804329149999376,0],[112.79661714100007,-6.980385311999953,0],[112.79659785900003,-6.9803518929999768,0],[112.79659422200007,-6.9803399459999582,0],[112.79660612100008,-6.9803207619999625,0],[112.79667063600004,-6.9802870239999493,0],[112.7966573760001,-6.980263152999953,0],[112.79656970400004,-6.9801893259999588,0],[112.79643996300001,-6.9800702069999261,0],[112.79630653200002,-6.9799259829999301,0],[112.79626804700001,-6.9798794799999655,0],[112.79623323900012,-6.9798556889999759,0],[112.79620328500005,-6.9798486269999671,0],[112.7961686000001,-6.979857132999939,0],[112.79611125500003,-6.9798872529999585,0],[112.79608135800004,-6.9798957409999502,0],[112.79605738000009,-6.9798862619999795,0],[112.79604292800002,-6.9798635909999689,0],[112.79601770300008,-6.9798409609999794,0],[112.79598768900007,-6.9798183479999807,0],[112.79597203000003,-6.9797932889999288,0],[112.79592387700006,-6.9797229009999455,0],[112.79589863300009,-6.9796954849999793,0],[112.79587342500008,-6.9796776399999771,0],[112.79584222900007,-6.9796586199999524,0],[112.7957966570001,-6.9796372639999618,0],[112.79575827100007,-6.9796170739999752,0],[112.79572707500006,-6.9795980559999293,0],[112.79570666000006,-6.9795813869999392,0],[112.79569583500006,-6.9795682709999483,0],[112.79568851600004,-6.9795324159999268,0],[112.79567879700005,-6.9794953719999739,0],[112.79567390000011,-6.979466681999952,0],[112.79565943900002,-6.9794416199999318,0],[112.79562939300001,-6.9794106349999652,0],[112.79559332000008,-6.9793689059999338,0],[112.79557525000007,-6.9793390729999487,0],[112.79556439400005,-6.9793175829999541,0],[112.79553795800007,-6.9792913689999523,0],[112.79551272800006,-6.9792675429999349,0],[112.79549585900008,-6.9792388999999275,0],[112.79546697300009,-6.9791983399999253,0],[112.79541892100008,-6.9791542659999664,0],[112.79538639800001,-6.9791017609999813,0],[112.79535876000011,-6.9790743549999661,0],[112.79533473200001,-6.9790517189999264,0],[112.79531787200006,-6.9790254689999642,0],[112.79530702900001,-6.9790075679999291,0],[112.79528060200005,-6.9789837459999262,0],[112.79525297300006,-6.9789587309999774,0],[112.79523733000008,-6.9789372609999418,0],[112.79522768900006,-6.9789205519999769,0],[112.79522037000004,-6.978884695999966,0],[112.79519403100005,-6.9788655749999293,0],[112.7950798060001,-6.9787536549999345,0],[112.79500763400006,-6.9786630229999673,0],[112.79499079700008,-6.9786427539999636,0],[112.79496798900004,-6.9786260939999352,0],[112.79493794900009,-6.9785963039999501,0],[112.79492705700011,-6.9785652469999491,0],[112.79490539800008,-6.9785366209999324,0],[112.79488972600006,-6.9785079749999568,0],[112.79485609900007,-6.9784793959999547,0],[112.79485244500006,-6.9784626629999593,0],[112.79481765000003,-6.9784424619999754,0],[112.79477809600007,-6.9784294539999792,0],[112.79475526400006,-6.9784068149999712,0],[112.79473231600002,-6.9783530759999621,0],[112.79465426600007,-6.9782911739999349,0],[112.79454144800002,-6.9782150489999708,0],[112.79431856500003,-6.978064260999929,0],[112.79394258400009,-6.977767579999977,0],[112.79343248600003,-6.9774196489999554,0],[112.79305406100002,-6.9770385619999615,0]]]]},"properties":{"OBJECTID":3975,"NAMOBJ":"Bangkalan","FCODE":"BA03070040","REMARK":null,"METADATA":"TASWIL1000020260612KECAMATAN_AR","SRS_ID":"4326","KDBBPS":null,"KDCBPS":null,"KDCPUM":"35.26.01","KDEBPS":null,"KDEPUM":null,"KDPBPS":null,"KDPKAB":"35.26","KDPPUM":"35","LUASWH":37.591731481578925,"TIPADM":3,"WADMKC":"Bangkalan","WADMKD":null,"WADMKK":"Bangkalan","WADMPR":"Jawa Timur","WIADKC":null,"WIADKK":null,"WIADPR":null,"WIADKD":null,"UUPP":null,"SHAPE_Length":0.58472249246164587,"SHAPE_Area":0.003076488803004292}}]}