{"type":"FeatureCollection","features":[{"type":"Feature","id":3957,"geometry":{"type":"Polygon","coordinates":[[[112.42352602000005,-6.9507062439999459,0],[112.42349261100003,-6.9506971519999752,0],[112.423492108,-6.9506970149999461,0],[112.42346784000006,-6.9506904109999255,0],[112.42345812600001,-6.9506877679999661,0],[112.4233855760001,-6.9506763119999277,0],[112.42329901200003,-6.9506719019999537,0],[112.42324761200007,-6.9506930709999324,0],[112.42318705300011,-6.9507796449999546,0],[112.42293246000008,-6.9511585429999627,0],[112.42289543100003,-6.9511857229999805,0],[112.42285571400009,-6.9512148769999271,0],[112.42279781100001,-6.9512393189999671,0],[112.42276412400008,-6.9512535389999357,0],[112.42271323900002,-6.9512403359999553,0],[112.42265162100011,-6.9512243489999719,0],[112.42228319300011,-6.9510923559999469,0],[112.42221602500001,-6.9510682919999454,0],[112.4220385970001,-6.9510047269999404,0],[112.42161328700001,-6.9508635999999342,0],[112.42156951000004,-6.950850298999967,0],[112.42156947600006,-6.950850288999959,0],[112.42156944200008,-6.9508502789999511,0],[112.42151058900004,-6.950832395999953,0],[112.42146621900008,-6.950826491999976,0],[112.42139478400009,-6.9508169869999392,0],[112.42134816100008,-6.9508231339999611,0],[112.42131326000003,-6.9508277349999616,0],[112.42122120400006,-6.9508358899999507,0],[112.42111593000004,-6.9508230759999492,0],[112.42105700500008,-6.950790369999936,0],[112.42105004900009,-6.9507865089999541,0],[112.42094207300011,-6.9507500679999339,0],[112.42071807500008,-6.9512984249999477,0],[112.42039477900005,-6.9520898669999269,0],[112.4203130090001,-6.9521298139999317,0],[112.42017952000003,-6.9520881769999505,0],[112.42014135300008,-6.9520783689999348,0],[112.42008334500008,-6.9520634629999449,0],[112.4199765730001,-6.9520360249999271,0],[112.41987973900007,-6.9522188149999806,0],[112.41961441600006,-6.9527196529999742,0],[112.41956223400007,-6.9527377319999459,0],[112.41953029800004,-6.9527487969999697,0],[112.41919607800003,-6.9527392919999329,0],[112.41893806700011,-6.9526954139999475,0],[112.41880559900005,-6.9528835309999408,0],[112.4186684120001,-6.9530783489999521,0],[112.41837538800007,-6.9530194369999663,0],[112.41802699300001,-6.9529929489999631,0],[112.41797337800006,-6.952989481999964,0],[112.4179298680001,-6.9529866679999373,0],[112.41785744600008,-6.9529852419999543,0],[112.41781661100003,-6.9529895829999759,0],[112.41780973200002,-6.952990313999976,0],[112.41778565800007,-6.9529984039999704,0],[112.41775547300006,-6.9530085469999676,0],[112.41774074900002,-6.9530381619999275,0],[112.41752980000001,-6.9535932409999646,0],[112.41730027700009,-6.9535151979999341,0],[112.4167484730001,-6.9533275719999779,0],[112.41611746700005,-6.9530941699999289,0],[112.41601839400005,-6.9530575239999735,0],[112.41578522300006,-6.9530029839999656,0],[112.4155969410001,-6.9529589429999419,0],[112.41529832800006,-6.9527913729999682,0],[112.41504841900007,-6.9527090529999782,0],[112.41496173200005,-6.9526627939999344,0],[112.41479813800004,-6.9525797719999787,0],[112.41479635000007,-6.9525788639999746,0],[112.41468835300009,-6.9525240569999482,0],[112.41453507900007,-6.9524746749999622,0],[112.41440830900001,-6.9524199669999689,0],[112.41440821600008,-6.9524199269999372,0],[112.41440812200005,-6.9524198859999728,0],[112.41440776600007,-6.9524197329999424,0],[112.41440508700009,-6.9524185769999463,0],[112.41408086500007,-6.9522477999999523,0],[112.41403500400008,-6.952223642999968,0],[112.41386815700002,-6.9520879109999782,0],[112.41372470100009,-6.951982012999963,0],[112.41354133900006,-6.9518895249999559,0],[112.41349379400003,-6.9518682789999389,0],[112.4133292140001,-6.9517947319999394,0],[112.41325695400008,-6.9517764669999451,0],[112.41325692100008,-6.9517764589999729,0],[112.41316431100006,-6.9517527189999555,0],[112.4130662880001,-6.9517248439999548,0],[112.41305498300005,-6.9517216289999624,0],[112.41296793900005,-6.9517126479999547,0],[112.41294409900001,-6.9517109779999373,0],[112.41289940200011,-6.9517078479999554,0],[112.41289201400002,-6.951707330999966,0],[112.41286577900007,-6.9517142039999271,0],[112.41284206400007,-6.9517204159999437,0],[112.41260235200002,-6.9520463839999707,0],[112.41253927100001,-6.9520022189999509,0],[112.41253923900001,-6.9520021919999522,0],[112.41246316900003,-6.9519377649999683,0],[112.41243716700001,-6.9519101219999584,0],[112.41241378000007,-6.9518979249999688,0],[112.41241374500009,-6.9518979069999318,0],[112.41241370900002,-6.9518978879999622,0],[112.41240193500005,-6.9518917469999337,0],[112.41236500000002,-6.9519232739999666,0],[112.4122549650001,-6.9521201199999609,0],[112.41225494600008,-6.9521201539999424,0],[112.41223163000006,-6.9521529429999305,0],[112.41217793900012,-6.9522068559999752,0],[112.41214286700006,-6.9522233199999732,0],[112.41209294200007,-6.9522305909999318,0],[112.41207733700003,-6.9522328639999387,0],[112.41206241300006,-6.9522343979999732,0],[112.41200711600004,-6.952240083999925,0],[112.41196037900011,-6.9522706059999564,0],[112.41196036000008,-6.9522706309999762,0],[112.41188574100011,-6.9523666489999414,0],[112.41185829800008,-6.9524088169999345,0],[112.41184611900007,-6.9524275309999553,0],[112.4118461170001,-6.9524275639999473,0],[112.411837117,-6.9525490859999763,0],[112.41182089500001,-6.9525926599999366,0],[112.41181621200008,-6.9526052389999791,0],[112.41173134300004,-6.9527703069999802,0],[112.41172355500009,-6.9527805349999312,0],[112.41169300000001,-6.9528206659999796,0],[112.41168141200001,-6.9529064119999475,0],[112.41164009000011,-6.9529508689999489,0],[112.41155721700011,-6.9529629379999278,0],[112.41148623200002,-6.952989749999972,0],[112.41143319000003,-6.9530756189999465,0],[112.41138889900003,-6.9531171299999528,0],[112.41135998700008,-6.9531391119999739,0],[112.41129168600003,-6.9531910399999788,0],[112.41114462400003,-6.9533457419999536,0],[112.41105098800006,-6.953463878999969,0],[112.41102193800009,-6.9534872179999638,0],[112.41099190300008,-6.9535113489999389,0],[112.41092677200004,-6.9535174549999397,0],[112.41084382100007,-6.9535058779999304,0],[112.41083177900009,-6.9535075169999345,0],[112.41079941900011,-6.9535119219999615,0],[112.41075515800003,-6.953565259999948,0],[112.41071388500006,-6.9536274559999356,0],[112.41071389000001,-6.9536274839999805,0],[112.41071991300009,-6.9536629089999451,0],[112.4107436920001,-6.9536923969999407,0],[112.4107616010001,-6.9537396369999556,0],[112.41073808600004,-6.9537988249999785,0],[112.41073804900009,-6.9537988499999415,0],[112.41069375500001,-6.9538285159999305,0],[112.41065525800002,-6.9538286299999754,0],[112.41061373800005,-6.9538080629999399,0],[112.4105663040001,-6.953790468999955,0],[112.41052191100005,-6.9537994689999323,0],[112.41051544600009,-6.9538216539999667,0],[112.41050725400009,-6.9538497619999475,0],[112.41050326300001,-6.9538727989999529,0],[112.41049994600007,-6.9538919489999671,0],[112.41015995900011,-6.9543500279999648,0],[112.41006976400001,-6.9544715519999727,0],[112.41006989000005,-6.9545136109999248,0],[112.41008723100003,-6.954529804999936,0],[112.41011478600001,-6.9545555369999761,0],[112.41011479600002,-6.9545555749999721,0],[112.41012810300003,-6.9546054429999344,0],[112.41009672000007,-6.9546791409999287,0],[112.41003092000005,-6.9546924809999382,0],[112.40998199700005,-6.9546964829999638,0],[112.40993086700007,-6.9547006649999616,0],[112.40989810300005,-6.9546827489999714,0],[112.40989738400003,-6.954682355999978,0],[112.40985436800008,-6.9546588329999395,0],[112.40980395100007,-6.9546706039999435,0],[112.4097859420001,-6.9546748089999255,0],[112.40975183100011,-6.9547169709999253,0],[112.40971238200007,-6.9547354889999724,0],[112.40969657300002,-6.9547329079999258,0],[112.40962979500011,-6.9547164549999252,0],[112.40962917200011,-6.9547163019999516,0],[112.40962277800008,-6.9547147259999633,0],[112.40961547200004,-6.9547165719999384,0],[112.40958067200006,-6.9547253669999805,0],[112.40953338500003,-6.9547649389999719,0],[112.40948091700011,-6.9548334419999378,0],[112.40946592100011,-6.9548608509999781,0],[112.40945210500001,-6.9548861019999322,0],[112.40944095100008,-6.9549031189999369,0],[112.40944096300007,-6.9549031519999289,0],[112.40944211300007,-6.9549063379999438,0],[112.40944213100011,-6.9549063869999372,0],[112.40944214900003,-6.9549064359999306,0],[112.40944679100005,-6.9549192869999388,0],[112.40945189900003,-6.9549308459999679,0],[112.40945717200009,-6.9549427799999535,0],[112.40946311700009,-6.9549562339999511,0],[112.40946787000007,-6.9549966839999797,0],[112.40945752900006,-6.9550244609999368,0],[112.40942865600005,-6.9550522939999269,0],[112.40940830900001,-6.955056916999979,0],[112.40937194000003,-6.9550651799999628,0],[112.40933028800009,-6.9550803329999553,0],[112.40931066400003,-6.9551023569999302,0],[112.40929915000004,-6.9551255139999739,0],[112.40929578600003,-6.9551625189999413,0],[112.4092982200001,-6.9552018199999566,0],[112.40929821100008,-6.9552018549999275,0],[112.40929702200003,-6.9552062549999505,0],[112.40928790900011,-6.9552400019999254,0],[112.40927313200007,-6.9552500799999279,0],[112.40926073800006,-6.9552526959999454,0],[112.40924842600009,-6.9552552939999259,0],[112.40921449300004,-6.9552749299999732,0],[112.40919395600008,-6.9552965829999494,0],[112.40916323900001,-6.9553583629999594,0],[112.40916323200008,-6.9553584019999448,0],[112.40915412800007,-6.9554118549999657,0],[112.40913939600011,-6.9554675029999657,0],[112.4091368710001,-6.9554816019999635,0],[112.4091339900001,-6.955497692999927,0],[112.40910017500005,-6.9555243109999765,0],[112.40904796500001,-6.9555262949999701,0],[112.40899759300009,-6.9555301019999547,0],[112.40895551500012,-6.9555503429999703,0],[112.40883357700011,-6.9556442069999775,0],[112.4087859550001,-6.9556953239999757,0],[112.40875316900008,-6.9557430789999444,0],[112.40875315000005,-6.9557431069999325,0],[112.40875662600001,-6.9558039379999741,0],[112.40877120900007,-6.9558214519999524,0],[112.40877142300008,-6.955821708999963,0],[112.40878803900011,-6.9558416639999336,0],[112.40884577600002,-6.9558678019999434,0],[112.40889694700002,-6.9559021799999528,0],[112.40890177300003,-6.9559220239999604,0],[112.40888434500005,-6.9559732589999612,0],[112.40882205600008,-6.9560358049999422,0],[112.4087718720001,-6.9560861949999548,0],[112.40860561700003,-6.9563066589999494,0],[112.40856318800002,-6.9563382569999703,0],[112.40853429300012,-6.9563496899999677,0],[112.40851471300005,-6.9563574379999409,0],[112.40849708500002,-6.9563717739999333,0],[112.40847840400011,-6.9563869649999788,0],[112.4084783830001,-6.9563869959999352,0],[112.40846459900001,-6.9564077729999667,0],[112.40845429100011,-6.9564389539999638,0],[112.40844232000006,-6.9564926379999292,0],[112.40843035600005,-6.9565497839999466,0],[112.40840973800005,-6.9566104149999433,0],[112.40840971300008,-6.9566104409999525,0],[112.40837863200011,-6.9566416579999668,0],[112.40837834500007,-6.9566419259999748,0],[112.40834732000008,-6.9566709399999809,0],[112.40832850800007,-6.9566885329999764,0],[112.40826798800003,-6.9567371689999504,0],[112.40821786400011,-6.95678404399996,0],[112.40819885000008,-6.9568014059999541,0],[112.40819104000002,-6.9568158029999267,0],[112.40817816300012,-6.9568395399999758,0],[112.4081008170001,-6.9570578239999463,0],[112.40807669100002,-6.9571046209999281,0],[112.40806287800001,-6.9571219679999672,0],[112.40805423200004,-6.957128915999931,0],[112.40804209800001,-6.9571289519999482,0],[112.40798980000011,-6.9570984449999287,0],[112.40798945100005,-6.9570982419999723,0],[112.40798309400009,-6.9570945329999745,0],[112.40798306400006,-6.9570945159999269,0],[112.40782853700011,-6.9569963479999615,0],[112.40782851200004,-6.9569963319999601,0],[112.40777124800002,-6.9569740049999496,0],[112.4076100210001,-6.9569623699999283,0],[112.40750105900008,-6.9569409019999284,0],[112.40750103300002,-6.9569408969999813,0],[112.40740388500001,-6.9569117649999725,0],[112.40732744500008,-6.9568531529999404,0],[112.40726493700004,-6.9568152659999782,0],[112.40724624400002,-6.9568002489999685,0],[112.40722845000005,-6.9567859549999298,0],[112.40721788000008,-6.956778088999954,0],[112.40720760500005,-6.9567704419999359,0],[112.40720361700005,-6.9567676159999792,0],[112.40719544600006,-6.9567618249999441,0],[112.40719025100009,-6.9567635709999536,0],[112.40716430900011,-6.9567826839999611,0],[112.40715619500008,-6.9567919579999398,0],[112.40711421500009,-6.9568399419999309,0],[112.40711419700006,-6.9568399729999442,0],[112.40706075800006,-6.9569318219999445,0],[112.4070519500001,-6.9569473189999371,0],[112.40704006800001,-6.9569682259999581,0],[112.40703528400002,-6.9570003939999765,0],[112.40703157100006,-6.9570253609999781,0],[112.40701439600002,-6.9571881679999592,0],[112.40701332500009,-6.9571983219999538,0],[112.40700965700012,-6.9572330949999355,0],[112.40700199700007,-6.9572765819999631,0],[112.40698068100005,-6.9573975859999564,0],[112.40694374600002,-6.9574937019999652,0],[112.40691876300002,-6.9575587149999478,0],[112.40690555300012,-6.9575810809999439,0],[112.40685322900003,-6.9576696669999478,0],[112.40684116400007,-6.9576958519999721,0],[112.40683013700004,-6.9577197839999485,0],[112.40681505100008,-6.9577525249999326,0],[112.4068082230001,-6.9577871579999737,0],[112.40681695400008,-6.9578096289999394,0],[112.40683087800005,-6.9578286239999443,0],[112.40684262500008,-6.9578347519999397,0],[112.40684287300007,-6.9578348819999292,0],[112.40686386200002,-6.9578458319999754,0],[112.40689853200001,-6.957847458999936,0],[112.40690382000003,-6.9578454609999767,0],[112.40691238200009,-6.9578422259999684,0],[112.40691240400008,-6.957842201999938,0],[112.40693308900006,-6.9578196939999657,0],[112.40693311300004,-6.957819666999967,0],[112.40695901400011,-6.9577867089999472,0],[112.40696517900005,-6.9577805169999465,0],[112.40697111200006,-6.9577745589999722,0],[112.4069919100001,-6.9577744979999352,0],[112.40704577500003,-6.9578193319999286,0],[112.40705969300006,-6.9578320839999606,0],[112.40706836800007,-6.9578400319999787,0],[112.40709961000005,-6.9578464329999292,0],[112.40710999300006,-6.9578485609999348,0],[112.40714639700002,-6.9578501839999376,0],[112.40715681100005,-6.9578553439999382,0],[112.40716376500006,-6.9578622459999337,0],[112.40717595000001,-6.9578795159999345,0],[112.40717595300009,-6.9578795499999728,0],[112.40717774000007,-6.9578985469999566,0],[112.40717962600002,-6.9579504579999707,0],[112.40717105900001,-6.9579833649999614,0],[112.40717633700001,-6.9580093079999301,0],[112.40719205400001,-6.9580490639999653,0],[112.40720779600008,-6.9580974729999525,0],[112.40722526400009,-6.9581424159999301,0],[112.40723127000001,-6.958169029999965,0],[112.40723580100007,-6.9581891109999674,0],[112.40725333600005,-6.9582565509999768,0],[112.40723261000005,-6.9582808419999651,0],[112.40714439900012,-6.9583434049999369,0],[112.40712542000006,-6.9583728809999457,0],[112.40712381500009,-6.9584161499999482,0],[112.40714472400009,-6.9584524299999657,0],[112.40716739000004,-6.9584973579999314,0],[112.40717235700004,-6.95852481299994,0],[112.40717821900012,-6.9585572159999742,0],[112.40716609600008,-6.9586062509999351,0],[112.40716608700006,-6.9586062859999629,0],[112.40712943000005,-6.9586652359999448,0],[112.4071073880001,-6.9586849149999352,0],[112.40708942800006,-6.9586923619999652,0],[112.40706569600002,-6.9587022009999373,0],[112.40704097800005,-6.9587046639999812,0],[112.40698959700001,-6.9587097829999607,0],[112.40692850900007,-6.9588104849999581,0],[112.40689922600006,-6.9588718639999456,0],[112.40687969800001,-6.958911149999949,0],[112.40687973500008,-6.9589234079999756,0],[112.40689214400004,-6.9589675019999504,0],[112.40693159300008,-6.9590213219999555,0],[112.40698330500004,-6.959070201999964,0],[112.40702761200009,-6.9591068459999406,0],[112.40703931600001,-6.9591174939999405,0],[112.40705716000002,-6.9591337269999372,0],[112.40710883400004,-6.9591703489999759,0],[112.40714080600003,-6.9591874169999528,0],[112.40716539800007,-6.9591996019999556,0],[112.40716758600001,-6.9592039389999627,0],[112.40717280900003,-6.9592142899999772,0],[112.40717041100004,-6.9592339099999663,0],[112.40716067700009,-6.9592633599999658,0],[112.40713691000008,-6.9592906439999638,0],[112.40710928600004,-6.9593223539999371,0],[112.40705783900012,-6.959361734999959,0],[112.40703439100002,-6.959375204999958,0],[112.40697204300011,-6.9594110239999623,0],[112.40694605400006,-6.9594097359999409,0],[112.40692538000008,-6.9594087109999805,0],[112.40687759000002,-6.9593799019999665,0],[112.406799922,-6.9593330809999543,0],[112.40669423300005,-6.9592990719999648,0],[112.40667708900003,-6.9593138319999639,0],[112.40665032800007,-6.959397269999954,0],[112.40663580100011,-6.9595029319999639,0],[112.40662462800003,-6.9595122839999704,0],[112.40660642400007,-6.9595275229999629,0],[112.40659835600002,-6.9595287869999538,0],[112.40657453600011,-6.9595325179999463,0],[112.40652053700001,-6.9595302279999487,0],[112.40650089700011,-6.9595278359999497,0],[112.40648132400008,-6.9595474959999706,0],[112.40648138900008,-6.9595695489999798,0],[112.40649111000005,-6.959587072999966,0],[112.40649115300005,-6.959587150999937,0],[112.40649119600005,-6.9595872289999647,0],[112.40650852900001,-6.9596184749999566,0],[112.40651351800011,-6.9596454139999651,0],[112.40651849900007,-6.9596699029999627,0],[112.40651370800003,-6.9596824519999814,0],[112.40650632300003,-6.9597017929999652,0],[112.40647450800009,-6.9597312899999793,0],[112.40645071100005,-6.9597484759999588,0],[112.40639614500003,-6.9597878809999543,0],[112.40630549600007,-6.9598396069999353,0],[112.40625108400002,-6.9598726769999644,0],[112.40620015900004,-6.959903628999939,0],[112.40617082500012,-6.9599429209999357,0],[112.40612927400002,-6.9599994019999372,0],[112.40604433300007,-6.9600475539999707,0],[112.40593234900007,-6.9601110349999544,0],[112.40578320600002,-6.9599843809999697,0],[112.40559298200003,-6.9599681029999374,0],[112.40553934500008,-6.9599820429999681,0],[112.4054521490001,-6.9600573349999308,0],[112.40535586800002,-6.9601647899999648,0],[112.4053558490001,-6.9601648109999701,0],[112.40523825300011,-6.9603320719999715,0],[112.40519083400011,-6.9604082429999607,0],[112.4051565960001,-6.960463243999925,0],[112.40486338200003,-6.9603286649999632,0],[112.40486094800008,-6.9603275479999525,0],[112.40448699900003,-6.9601559119999479,0],[112.4040406040001,-6.9599911349999388,0],[112.40397306000011,-6.9599698979999403,0],[112.40395306000005,-6.9599485189999655,0],[112.40381744500007,-6.9597299459999249,0],[112.40375567600006,-6.959587719999945,0],[112.40375107700004,-6.959548935999976,0],[112.40375106600004,-6.9595488449999721,0],[112.40375105500004,-6.9595487549999575,0],[112.40375095700006,-6.9595479199999772,0],[112.40374623800005,-6.9595081209999421,0],[112.40378709100003,-6.9592786559999809,0],[112.40381332900006,-6.9591281239999603,0],[112.40383836300009,-6.9589844949999815,0],[112.40347897200002,-6.9588125259999742,0],[112.40322402200002,-6.9586925809999798,0],[112.4030171070001,-6.9585952339999722,0],[112.40272077800012,-6.9584843289999299,0],[112.40257285400003,-6.9584417259999327,0],[112.40257252800006,-6.9584416319999605,0],[112.40249974100004,-6.9584206689999633,0],[112.40232478200005,-6.9583798419999425,0],[112.40226796800005,-6.9583570419999319,0],[112.40223816800005,-6.9583257039999467,0],[112.40213873700009,-6.9582211389999316,0],[112.40207108800007,-6.9581646819999605,0],[112.40177053000002,-6.9580329499999607,0],[112.40165629400008,-6.9579705229999718,0],[112.40157543800001,-6.9579263369999467,0],[112.40146164100008,-6.9578655909999725,0],[112.40135577400008,-6.9578090779999684,0],[112.40120215000002,-6.9577222489999713,0],[112.40112744500004,-6.9576888759999633,0],[112.40104550900003,-6.957652272999951,0],[112.40095954300011,-6.9576249639999332,0],[112.40094810800008,-6.9576228589999687,0],[112.40091043900009,-6.9576159229999348,0],[112.40047132800009,-6.9575259989999267,0],[112.40009075900002,-6.9573841009999455,0],[112.39976262700009,-6.9572750539999788,0],[112.39947873200003,-6.9572208849999697,0],[112.39915902600001,-6.9571668219999765,0],[112.39915899700009,-6.9571668149999368,0],[112.39891920600007,-6.9571125219999317,0],[112.39880704500001,-6.957103391999965,0],[112.39872357400009,-6.9570965979999642,0],[112.39865363800004,-6.9570953789999521,0],[112.39865203200009,-6.957095350999964,0],[112.39858858600007,-6.9570942459999401,0],[112.39855062600009,-6.9570886399999381,0],[112.39844252300009,-6.95707267399996,0],[112.39829634500006,-6.9570125969999594,0],[112.39819768600012,-6.9569583779999675,0],[112.39814795200004,-6.9569075619999694,0],[112.39814749000004,-6.9569070899999588,0],[112.39810374300009,-6.9568623899999693,0],[112.39802623700007,-6.9567360989999543,0],[112.39795975900006,-6.9566125259999581,0],[112.39795973900004,-6.9566124859999263,0],[112.3979043380001,-6.9565026709999529,0],[112.39789896200011,-6.9564971209999271,0],[112.39783526000008,-6.9564313639999682,0],[112.3977083420001,-6.9563629769999693,0],[112.39758972800007,-6.9563083189999588,0],[112.39746563800009,-6.9562646779999682,0],[112.39740224000002,-6.9562511129999507,0],[112.39734712100005,-6.9562430239999458,0],[112.39726163000012,-6.9562102719999643,0],[112.39711263300001,-6.956128198999977,0],[112.39702709000005,-6.9560789429999659,0],[112.39701377100005,-6.9560712379999359,0],[112.39699397700008,-6.9560597879999477,0],[112.39698571300005,-6.9560598119999781,0],[112.39696646400012,-6.9560708699999623,0],[112.39693075000002,-6.9561039809999556,0],[112.39691336700002,-6.9561343319999764,0],[112.39687867900011,-6.9561948999999572,0],[112.39684308100004,-6.956266515999971,0],[112.39682935600001,-6.9562830589999294,0],[112.39672196400011,-6.9562971279999601,0],[112.39667747300007,-6.9562757959999431,0],[112.39663644600012,-6.9562561239999354,0],[112.39663642300002,-6.9562560959999473,0],[112.39653692800005,-6.9561381479999795,0],[112.39651196600005,-6.956080462999978,0],[112.39651194900011,-6.9560804209999674,0],[112.39647865800009,-6.9559952969999586,0],[112.39647863700009,-6.9559952579999731,0],[112.39643988100011,-6.9559238989999699,0],[112.39634257700004,-6.9558496209999703,0],[112.39634182700001,-6.9558490479999477,0],[112.39629631300011,-6.955814304999933,0],[112.39620939000008,-6.9557621249999784,0],[112.39608658400005,-6.9556884039999431,0],[112.39590288600004,-6.9555636329999402,0],[112.39583882300008,-6.9555201199999601,0],[112.39568704900012,-6.9554298019999692,0],[112.39564843500011,-6.9554134139999633,0],[112.39561539500005,-6.9554190129999256,0],[112.39561537800012,-6.955419036999956,0],[112.39561536100007,-6.9554190609999296,0],[112.39560944100003,-6.9554274869999517,0],[112.39554955900007,-6.9555127219999804,0],[112.39549197700001,-6.955603655999937,0],[112.39549195400002,-6.9556036909999648,0],[112.3954700380001,-6.9556367259999661,0],[112.39544530400008,-6.955656051999938,0],[112.39542593900001,-6.9556286039999691,0],[112.39541188200008,-6.9555323799999655,0],[112.3954227370001,-6.955477339999959,0],[112.39539231400011,-6.9554361729999528,0],[112.39536283700011,-6.9554166769999597,0],[112.39530951300003,-6.955381407999937,0],[112.39521287900004,-6.955307429999948,0],[112.39520640400008,-6.9553126089999751,0],[112.39506447700001,-6.9554261369999608,0],[112.39500657800011,-6.9554098049999311,0],[112.3949321450001,-6.9553907709999407,0],[112.3949128480001,-6.9553855769999586,0],[112.39487149400009,-6.9553744469999401,0],[112.39482859900011,-6.9553523369999652,0],[112.39480491200004,-6.9553401269999426,0],[112.39480252200008,-6.9553388949999544,0],[112.39476918900004,-6.9553118279999353,0],[112.39474177400007,-6.9552895659999763,0],[112.39462927300008,-6.9552086649999296,0],[112.39448051200009,-6.9551661439999748,0],[112.39433562900001,-6.9551118959999485,0],[112.39428478100001,-6.9551120449999644,0],[112.39426605200003,-6.9551183399999559,0],[112.3942144450001,-6.9551356839999698,0],[112.39415200700012,-6.9551749049999785,0],[112.39415197900007,-6.9551749229999587,0],[112.39403125300009,-6.9553549259999272,0],[112.39398875100005,-6.9554424729999482,0],[112.39394960900006,-6.9555230979999578,0],[112.39384463600004,-6.9557382039999425,0],[112.39377063000006,-6.9558438679999313,0],[112.39375208800004,-6.9558610579999254,0],[112.39371991900009,-6.9558908819999488,0],[112.39359879200003,-6.9559341979999658,0],[112.39349703900007,-6.9559149719999596,0],[112.39329339100004,-6.9558296519999772,0],[112.39315245500006,-6.9557871069999351,0],[112.39311734500006,-6.9557765079999285,0],[112.39277922800011,-6.9556467949999501,0],[112.39269510700001,-6.955608606999931,0],[112.39260059800006,-6.9556088849999469,0],[112.39255515500008,-6.9556299839999269,0],[112.39254076200007,-6.9556477729999528,0],[112.39250981500004,-6.9556860229999415,0],[112.39246642900002,-6.9558029819999661,0],[112.39244258600002,-6.9558672589999446,0],[112.39235994900002,-6.9560362419999251,0],[112.39230770400002,-6.9561747069999456,0],[112.39225827200005,-6.9563269949999267,0],[112.39214135200007,-6.9565726429999586,0],[112.39214133100006,-6.9565726699999573,0],[112.3920139380001,-6.9567411839999522,0],[112.39198186300007,-6.9567621299999587,0],[112.3919516630001,-6.9567818519999491,0],[112.39186753000001,-6.956816354999944,0],[112.39180525500001,-6.9568570229999409,0],[112.39178509800001,-6.9569012219999422,0],[112.39175836600009,-6.956959837999932,0],[112.39175836800007,-6.9569598779999637,0],[112.39176472400004,-6.9571034309999504,0],[112.39176531300006,-6.9571167219999666,0],[112.39179892700008,-6.9578758059999473,0],[112.39144440500002,-6.9581507709999642,0],[112.39124876300002,-6.9583037889999559,0],[112.39108203400008,-6.9584349509999583,0],[112.39105528700009,-6.9584875149999448,0],[112.3910211110001,-6.9585546809999528,0],[112.390840991,-6.9588598129999468,0],[112.3908409710001,-6.9588598399999455,0],[112.39058814400005,-6.9592085759999804,0],[112.39006500900007,-6.9589877359999264,0],[112.39006498500009,-6.9589877269999647,0],[112.38985609500003,-6.9589110939999728,0],[112.3897316,-6.9588728319999404,0],[112.38968667500001,-6.9588584549999268,0],[112.3896864510001,-6.9588583829999493,0],[112.38968641100007,-6.9588583699999731,0],[112.38968637000005,-6.95885835699994,0],[112.38966408900001,-6.9588512269999683,0],[112.38960390200009,-6.9588481269999534,0],[112.38951853500009,-6.9588396409999405,0],[112.38942875500004,-6.958819152999979,0],[112.38932145100011,-6.9587921639999308,0],[112.38932141600003,-6.9587921579999374,0],[112.38924650900003,-6.9587799729999347,0],[112.38915778600006,-6.9587679379999372,0],[112.38907149900001,-6.9587460599999531,0],[112.38896543800001,-6.9587021069999651,0],[112.38892346800003,-6.9586714909999614,0],[112.38892343500004,-6.9586714589999588,0],[112.38889011300012,-6.9586383909999654,0],[112.38879610200001,-6.9585355039999399,0],[112.38848058700012,-6.9587579049999704,0],[112.38831589900008,-6.9586265599999706,0],[112.38830831400003,-6.9586212009999713,0],[112.38830829200003,-6.95862118499997,0],[112.38802546900001,-6.9584213899999554,0],[112.38800355900003,-6.9584465839999439,0],[112.38788979700007,-6.9585774009999568,0],[112.38775459300007,-6.9587194659999341,0],[112.38740801500001,-6.9589635229999658,0],[112.38731282000003,-6.958953931999929,0],[112.38713176800002,-6.9589412749999724,0],[112.3866871570001,-6.9588148659999547,0],[112.38629145800007,-6.9586931849999587,0],[112.38569713900006,-6.9584702429999652,0],[112.38512460000004,-6.9582543619999342,0],[112.38479905400004,-6.9581396939999536,0],[112.38458495200007,-6.9580491579999375,0],[112.38444231100004,-6.9580206709999288,0],[112.38444228600008,-6.958020663999946,0],[112.38422607300004,-6.9579612699999416,0],[112.38370410800007,-6.9578447119999396,0],[112.38313210500007,-6.957756270999937,0],[112.38230795000004,-6.9575655379999262,0],[112.38191395300009,-6.9574468879999358,0],[112.38181914400002,-6.9574183369999787,0],[112.38181915400003,-6.9574183029999404,0],[112.38190029500004,-6.9571491669999546,0],[112.38196234200007,-6.9569433649999723,0],[112.38218161200007,-6.9562637649999601,0],[112.38200684900005,-6.9561925939999583,0],[112.38184624500002,-6.956127189999961,0],[112.38177351600007,-6.9561061719999771,0],[112.38173984000002,-6.9561062699999638,0],[112.38171270600003,-6.9561162089999584,0],[112.38170089000005,-6.956120536999947,0],[112.38166192400001,-6.9561294969999494,0],[112.38164911500007,-6.9561301739999521,0],[112.38162648100001,-6.9561313699999801,0],[112.38160977900009,-6.9561209079999458,0],[112.38160971400009,-6.9561208669999814,0],[112.3816096490001,-6.9561208259999603,0],[112.38159274400005,-6.9561102379999511,0],[112.38149320200012,-6.9560114519999274,0],[112.38145052000004,-6.9559620389999282,0],[112.38143803100002,-6.9559337679999658,0],[112.3814352500001,-6.9559068039999374,0],[112.38143255900002,-6.9558807069999489,0],[112.38143425900012,-6.9558559329999525,0],[112.38145284000007,-6.9557988569999338,0],[112.38146369800006,-6.9557852279999679,0],[112.38146961700011,-6.9557777979999287,0],[112.38147526700004,-6.9557692839999277,0],[112.38148917500007,-6.9557483269999807,0],[112.38151569900003,-6.9557090619999258,0],[112.38151572000004,-6.9557090309999694,0],[112.3815759900001,-6.9556864449999694,0],[112.38163489800002,-6.9556778689999419,0],[112.38166286300009,-6.9556441709999604,0],[112.38167989300007,-6.9555964719999679,0],[112.38170648000005,-6.9555049379999332,0],[112.38170636500001,-6.9554655169999364,0],[112.38170622200005,-6.9554166349999491,0],[112.38169980600003,-6.9553835399999571,0],[112.38167756200005,-6.9553394539999545,0],[112.38163954000004,-6.9552938639999411,0],[112.38163951700005,-6.955293835999953,0],[112.38161027100011,-6.9552534019999257,0],[112.38153170700002,-6.9551955709999334,0],[112.38147194900012,-6.9551709209999331,0],[112.38147158400011,-6.9551707699999383,0],[112.38147094100009,-6.9551705049999555,0],[112.38147091100006,-6.955170495999937,0],[112.38142284900005,-6.9551554989999431,0],[112.38136718400006,-6.9551455639999631,0],[112.3813064850001,-6.955143216999943,0],[112.38125337100007,-6.9551408469999387,0],[112.38120021400005,-6.955123331999971,0],[112.38117229400007,-6.9550880719999668,0],[112.3811620670001,-6.9550502369999663,0],[112.38115944300012,-6.9550174279999624,0],[112.38114623500007,-6.9549804169999447,0],[112.38114414400002,-6.9549745579999467,0],[112.38112493000006,-6.9549586689999501,0],[112.38112486600005,-6.9549586159999421,0],[112.38112480100006,-6.9549585629999342,0],[112.38109851400009,-6.9549368259999369,0],[112.38105796400009,-6.9549066519999769,0],[112.38103007200004,-6.954892832999974,0],[112.38100731300005,-6.9548815569999647,0],[112.38097185000004,-6.9548614649999649,0],[112.38095156100007,-6.9548413289999758,0],[112.38095659700002,-6.9548072099999558,0],[112.38095673200007,-6.9548062979999372,0],[112.38095927500001,-6.9547890639999537,0],[112.38095928000007,-6.9547890309999616,0],[112.38098289200002,-6.9547239379999723,0],[112.38102283900002,-6.9546763039999746,0],[112.38103906900005,-6.9546574989999499,0],[112.3810391080001,-6.9546574739999301,0],[112.38107926500004,-6.9546316509999428,0],[112.38108564800007,-6.9546302159999414,0],[112.38110463300006,-6.9546259459999646,0],[112.38113706100012,-6.9546230359999299,0],[112.38118924100002,-6.9546228829999563,0],[112.38122202900001,-6.9546219029999747,0],[112.38124141700007,-6.9546213229999694,0],[112.38127243000008,-6.9546170089999464,0],[112.38131468500001,-6.9545985849999283,0],[112.38132782600007,-6.9545895529999484,0],[112.38134142600006,-6.954580205999946,0],[112.38137096000003,-6.9545519649999505,0],[112.38139343800003,-6.9545223369999576,0],[112.38141168000004,-6.9544913129999486,0],[112.38141160600003,-6.9544659729999694,0],[112.3814049020001,-6.9544337409999457,0],[112.38140487200008,-6.9544337039999391,0],[112.38137781500006,-6.9544005379999589,0],[112.38136032300008,-6.9543910799999367,0],[112.38132696300011,-6.9543848379999531,0],[112.38129203500011,-6.9543849399999544,0],[112.38124599700006,-6.9543866589999652,0],[112.38121108300004,-6.9543915159999301,0],[112.38116981700011,-6.954396390999932,0],[112.38109839100002,-6.9544029379999301,0],[112.38104597100005,-6.954393581999966,0],[112.3809538480001,-6.9543468209999446,0],[112.38092724900002,-6.9543186629999809,0],[112.38091126600011,-6.9542940049999515,0],[112.38090775700005,-6.9542676869999696,0],[112.38090367900008,-6.9542371029999686,0],[112.38090362000003,-6.9542168459999516,0],[112.38090831500006,-6.9541984629999547,0],[112.38091676400006,-6.9541843129999279,0],[112.38092805500003,-6.9541743919999703,0],[112.38097330300002,-6.9541629599999624,0],[112.38101290400004,-6.9541557819999298,0],[112.38104120000003,-6.9541542869999375,0],[112.38110064000011,-6.9541569389999722,0],[112.38111208900011,-6.9541522239999267,0],[112.38113173300007,-6.9541441349999786,0],[112.38115854500006,-6.9541186319999611,0],[112.38116246300001,-6.9540981019999322,0],[112.38116690700008,-6.9540748189999704,0],[112.38116963800007,-6.9540409109999359,0],[112.38116707500001,-6.9539851659999385,0],[112.3811670660001,-6.9539851329999465,0],[112.38115562900009,-6.9539444959999628,0],[112.38115561200004,-6.9539444739999681,0],[112.38111697300008,-6.9538948599999344,0],[112.38107611200007,-6.9538655829999811,0],[112.38102391700011,-6.9538340769999536,0],[112.38098758700005,-6.9538047859999779,0],[112.38095576000001,-6.9537664369999561,0],[112.38094685800002,-6.9537514319999332,0],[112.38093299500008,-6.9537280619999251,0],[112.38091616100007,-6.9536813469999288,0],[112.3809161480001,-6.9536813109999684,0],[112.38091506400008,-6.9536783029999469,0],[112.38062265000008,-6.9535597119999579,0],[112.38057062500002,-6.953554492999956,0],[112.38054916200008,-6.9535742479999385,0],[112.38052776100005,-6.9536154849999434,0],[112.38052756400009,-6.9536158149999778,0],[112.38050634500007,-6.9536513519999517,0],[112.38044896100007,-6.953653309999936,0],[112.38044892800008,-6.9536533009999744,0],[112.38011332800011,-6.9535629869999411,0],[112.37999068200008,-6.9535263639999698,0],[112.37980459100004,-6.9534707949999301,0],[112.37952722700004,-6.9533978339999294,0],[112.37940185600007,-6.9533648549999612,0],[112.37932846000001,-6.9533455479999589,0],[112.37915400600002,-6.9532971569999518,0],[112.37886314600007,-6.9532164779999448,0],[112.37877480300006,-6.9531919729999458,0],[112.37859366300006,-6.9531220459999759,0],[112.37838530700003,-6.9530416119999359,0],[112.37833948100001,-6.9530241819999787,0],[112.37820507400011,-6.952973060999966,0],[112.37789404900002,-6.9528547639999374,0],[112.37748132200011,-6.9527394879999633,0],[112.37731934200008,-6.952715540999975,0],[112.37731788800011,-6.952715325999975,0],[112.37719634600001,-6.9526973579999662,0],[112.3770507050001,-6.9526877309999691,0],[112.37704941200002,-6.9526876459999585,0],[112.37695839700007,-6.952681628999926,0],[112.37677761400005,-6.9527415239999755,0],[112.37671197800012,-6.9527729729999805,0],[112.37663722400009,-6.9528087909999385,0],[112.37656490900008,-6.9529256119999445,0],[112.37656489800008,-6.9529256369999644,0],[112.37648423200005,-6.9531064509999396,0],[112.37645994000002,-6.953199705999964,0],[112.37614719400005,-6.9540790809999748,0],[112.37601706300006,-6.9542664379999337,0],[112.37587441300002,-6.9544718189999344,0],[112.37580310300007,-6.9545725759999755,0],[112.37567962800006,-6.9547470399999725,0],[112.37564462300008,-6.954819931999964,0],[112.3755444840001,-6.9550284529999544,0],[112.37539956900002,-6.9553302119999785,0],[112.37539954800002,-6.9553302559999679,0],[112.37528581200002,-6.9557895879999592,0],[112.37527177400011,-6.9558244439999726,0],[112.37523636000003,-6.9559123749999685,0],[112.37500920600007,-6.9565892309999526,0],[112.37477970300006,-6.9573702989999333,0],[112.37472008100008,-6.9575697069999478,0],[112.37462483000002,-6.9578882759999487,0],[112.37455165100005,-6.9580750909999551,0],[112.37455164000005,-6.9580751199999327,0],[112.37451476700005,-6.9582265399999415,0],[112.37451000400006,-6.9582460999999398,0],[112.37449586700006,-6.9584286979999774,0],[112.37448017100007,-6.9586314389999302,0],[112.37446913100007,-6.9589125999999624,0],[112.37447052300001,-6.9590995439999688,0],[112.37444744900006,-6.9592354929999374,0],[112.37441672700004,-6.9592989089999264,0],[112.3744031220001,-6.9593269909999549,0],[112.37437285600004,-6.9594114189999345,0],[112.37436026800003,-6.9594533219999448,0],[112.37434961100007,-6.9594887989999279,0],[112.37426104600002,-6.9597911909999652,0],[112.37424267600011,-6.9598635799999329,0],[112.37423887500006,-6.9599214349999556,0],[112.37423378000005,-6.9599990029999503,0],[112.37423768500003,-6.9600639079999382,0],[112.37424195100004,-6.9601145979999615,0],[112.37424345900001,-6.9601325169999768,0],[112.37424183200005,-6.9602122759999361,0],[112.37424198400004,-6.9602642079999555,0],[112.37413151800001,-6.9607218309999439,0],[112.3741315100001,-6.960721863999936,0],[112.37408444900007,-6.9609054689999539,0],[112.37391577700009,-6.9615635329999463,0],[112.37385980200008,-6.9618624259999251,0],[112.37383693400011,-6.9619845389999568,0],[112.37383695900007,-6.9619845699999701,0],[112.37386293400004,-6.96201737399997,0],[112.37389838100012,-6.9620595829999274,0],[112.37389838100012,-6.9620596219999697,0],[112.3738973940001,-6.9621380189999513,0],[112.37378974900003,-6.962406256999941,0],[112.37370989600004,-6.9626308309999558,0],[112.37370988300006,-6.9626308639999479,0],[112.37370356600002,-6.9626472959999433,0],[112.37366994600006,-6.9627347469999563,0],[112.37365821100002,-6.9627615789999595,0],[112.37363329000004,-6.9628185639999742,0],[112.3735916390001,-6.9629500319999806,0],[112.37355684000011,-6.9630598699999382,0],[112.37349423400008,-6.9632376229999409,0],[112.3734470500001,-6.9633715899999515,0],[112.37339373100008,-6.963492285999962,0],[112.37320102400008,-6.9638532679999798,0],[112.37293030100011,-6.9643504529999518,0],[112.37268645800009,-6.9648475599999529,0],[112.37268644900007,-6.9648475939999344,0],[112.37251459800007,-6.9654669679999301,0],[112.37250926200011,-6.9654849119999653,0],[112.37246460000006,-6.9656350979999502,0],[112.37242105000007,-6.9657057779999718,0],[112.37235404,-6.9657999999999447,0],[112.37235402400006,-6.9658000219999394,0],[112.37235400800012,-6.9658000449999804,0],[112.37229726800001,-6.965987327999926,0],[112.37229725700001,-6.9659873639999432,0],[112.37228397700005,-6.9660580749999781,0],[112.37226064100003,-6.9661490079999453,0],[112.37222048700005,-6.9662534509999432,0],[112.3721735900001,-6.966357913999957,0],[112.37215992100005,-6.9664407129999404,0],[112.37215991400001,-6.9664407569999298,0],[112.37216820900005,-6.9665393129999416,0],[112.37214961000006,-6.9665686739999728,0],[112.37213795300011,-6.9665713949999599,0],[112.37211493500001,-6.9665767679999249,0],[112.37208939200002,-6.9665783419999343,0],[112.37206956700004,-6.9665795639999715,0],[112.37200287000007,-6.9665904149999278,0],[112.37196824200009,-6.9666144939999413,0],[112.37195777800002,-6.9666370449999704,0],[112.37194967400001,-6.9666545119999341,0],[112.37193994400002,-6.9666905349999411,0],[112.37193382900011,-6.9667131729999596,0],[112.37193666900009,-6.9667717799999309,0],[112.37193220200004,-6.9667978689999472,0],[112.37192617100004,-6.9668330889999766,0],[112.37191267800006,-6.9668451319999463,0],[112.37190221100002,-6.9668544729999553,0],[112.37178581100011,-6.9668376549999493,0],[112.37171966900007,-6.9668258489999744,0],[112.37164424800005,-6.9668174669999416,0],[112.37161446400012,-6.9668141569999307,0],[112.37150628900008,-6.9668144709999638,0],[112.37145946200008,-6.9668097729999658,0],[112.37141912200002,-6.966805724999972,0],[112.37134694400004,-6.9667849379999325,0],[112.37128073300005,-6.9667491369999652,0],[112.37119049900002,-6.9667194039999458,0],[112.37109128600002,-6.9667016959999728,0],[112.37107895100007,-6.96671779899998,0],[112.37106135100009,-6.9667407749999484,0],[112.37103694300004,-6.9667898579999701,0],[112.37101355200002,-6.9668368959999611,0],[112.37094815000012,-6.9671096109999553,0],[112.37090622100004,-6.9672851499999524,0],[112.37088633400003,-6.9673684079999703,0],[112.37087877400006,-6.9674000739999542,0],[112.37086781200003,-6.9674459869999623,0],[112.37086034700008,-6.9674466859999598,0],[112.37083836000011,-6.9674487459999455,0],[112.3707766660001,-6.9674470589999373,0],[112.37076142500007,-6.9674466419999703,0],[112.37074997400009,-6.9674463289999267,0],[112.37065674400003,-6.9676203649999593,0],[112.37065673300003,-6.9676203979999514,0],[112.37058508600001,-6.9678451299999438,0],[112.37049650300003,-6.9680349979999505,0],[112.37044272900005,-6.968108061999942,0],[112.37038155000005,-6.9681911859999559,0],[112.37036506000004,-6.9682709819999786,0],[112.37035142500008,-6.9683369639999455,0],[112.37030395400006,-6.9683540419999304,0],[112.37030392700001,-6.9683540519999383,0],[112.37028764800004,-6.9683602699999483,0],[112.37020565500006,-6.9683915869999282,0],[112.37020562900011,-6.9683915969999362,0],[112.37016166000001,-6.968445934999977,0],[112.37017138500005,-6.9685031519999256,0],[112.3701789270001,-6.9685475289999772,0],[112.37015203800001,-6.9686390869999286,0],[112.37011745200004,-6.9687296299999275,0],[112.37006782100002,-6.9688595609999311,0],[112.37005445000011,-6.9689307509999594,0],[112.370068145,-6.9689713689999735,0],[112.37007457100003,-6.9690122699999506,0],[112.37008197900002,-6.9690594209999404,0],[112.37008227400008,-6.969161063999934,0],[112.37007703900008,-6.9691811559999337,0],[112.37006548900001,-6.9692254879999496,0],[112.37001926200003,-6.9694000069999333,0],[112.36997544500002,-6.969565427999953,0],[112.36996766700008,-6.9696012949999613,0],[112.36993373000007,-6.9697577789999627,0],[112.3698848570001,-6.9699831359999393,0],[112.36984497000003,-6.9701085109999781,0],[112.36982757900012,-6.9701631769999608,0],[112.36982757100009,-6.9701632139999674,0],[112.3697973730001,-6.9702990189999809,0],[112.36978417400007,-6.9704399609999541,0],[112.36975414400001,-6.9706542219999506,0],[112.36974056100007,-6.970667859999935,0],[112.36970650300009,-6.9706679589999681,0],[112.36939181100001,-6.9705994779999401,0],[112.36938945600002,-6.9705989659999545,0],[112.36938274900001,-6.9705975059999332,0],[112.36928395200005,-6.9705875929999479,0],[112.36924991400008,-6.9705944909999289,0],[112.36923409400003,-6.9706551629999467,0],[112.36919396200005,-6.9707629349999252,0],[112.36917248600002,-6.97079529399997,0],[112.36914020100005,-6.9708196109999676,0],[112.36909978800009,-6.9708304929999372,0],[112.36904627500007,-6.9708270879999645,0],[112.36904620600001,-6.97082708399995,0],[112.36904613600007,-6.9708270799999354,0],[112.36901888400007,-6.9708253449999802,0],[112.36900120300004,-6.9708230119999257,0],[112.36891908200005,-6.9708121769999707,0],[112.36886409500005,-6.9708050209999328,0],[112.36883816200009,-6.9708016459999271,0],[112.36878492100004,-6.9707991439999546,0],[112.36878442500006,-6.9707991209999705,0],[112.36873029500009,-6.9707965759999411,0],[112.36873025800003,-6.9707965929999318,0],[112.36865758900001,-6.9708290829999555,0],[112.36862532800001,-6.9708614739999462,0],[112.36855319900008,-6.9710931429999619,0],[112.36854818200004,-6.9712223449999442,0],[112.36854826000001,-6.9712492589999329,0],[112.36853868700007,-6.9712956489999556,0],[112.36852888800001,-6.9713165909999475,0],[112.36851455300007,-6.9713472279999564,0],[112.36850991000006,-6.9713636289999386,0],[112.36850253400007,-6.9713896819999377,0],[112.36850922700012,-6.9714315569999599,0],[112.36851277400001,-6.9714537459999519,0],[112.36851705300001,-6.9714965829999755,0],[112.36852019900005,-6.971528085999978,0],[112.36850349600002,-6.9715689129999419,0],[112.36847715900001,-6.9716025719999379,0],[112.36846289400012,-6.9716553859999522,0],[112.36846288100003,-6.9716554079999469,0],[112.36845217200005,-6.9716738549999491,0],[112.36842941700002,-6.9717130529999736,0],[112.36841401300001,-6.9717384519999541,0],[112.3683900740001,-6.9717779259999588,0],[112.36840544800009,-6.9718310549999387,0],[112.36840546900009,-6.9718310849999625,0],[112.36841135300006,-6.971839422999949,0],[112.36841141400009,-6.9718395099999384,0],[112.36841147600001,-6.9718395979999741,0],[112.36841882100009,-6.9718500069999436,0],[112.36841720000007,-6.9718612349999489,0],[112.36840949600003,-6.9719146019999698,0],[112.3684038880001,-6.9719488009999395,0],[112.36839076300009,-6.9720153059999461,0],[112.36837761100003,-6.9720723159999807,0],[112.36835536100011,-6.9721470419999605,0],[112.36835435000012,-6.9721497829999635,0],[112.36833593300003,-6.9721997189999456,0],[112.36832247000007,-6.9722237739999287,0],[112.36832229600009,-6.9722240849999366,0],[112.36830896200001,-6.9722479079999289,0],[112.3683003220001,-6.9722646989999362,0],[112.36828649500001,-6.9722915729999499,0],[112.36826103400006,-6.97234126099994,0],[112.36825042800001,-6.9723625879999531,0],[112.36824156700004,-6.972380406999946,0],[112.36822691200007,-6.9724312309999732,0],[112.36821397500012,-6.9724760999999376,0],[112.36821297200004,-6.9725102009999773,0],[112.36821088800002,-6.9725810479999382,0],[112.3682228560001,-6.9726148649999686,0],[112.36824836000005,-6.9726469199999315,0],[112.36824838400003,-6.9726469499999553,0],[112.3683157050001,-6.9726916579999738,0],[112.36830801000008,-6.9727075329999479,0],[112.36830216700002,-6.9727195869999719,0],[112.36829204200001,-6.9727813269999501,0],[112.36826828800008,-6.972880818999954,0],[112.36822735400006,-6.9729700279999633,0],[112.36822734300006,-6.9729700519999369,0],[112.36822733200006,-6.9729700759999673,0],[112.36821725700008,-6.9730489569999463,0],[112.36821577500007,-6.973117770999977,0],[112.36821423000004,-6.9731895299999564,0],[112.36819120000007,-6.9732394709999426,0],[112.3681831670001,-6.9732568909999486,0],[112.36817020700005,-6.9733053119999795,0],[112.36815626700002,-6.9733573939999474,0],[112.36816803200009,-6.9733748979999746,0],[112.36817811500009,-6.9733899009999618,0],[112.3682325210001,-6.9734114399999498,0],[112.36823256100001,-6.9734114559999512,0],[112.36831961200005,-6.9734247749999554,0],[112.36833510200006,-6.973431593999976,0],[112.36836861900008,-6.9734463469999355,0],[112.36836861400002,-6.9734463879999566,0],[112.3683633070001,-6.9734897889999274,0],[112.36835807900002,-6.9735216699999683,0],[112.36835262000011,-6.9735549609999339,0],[112.36833112700003,-6.9736445909999247,0],[112.36832041600007,-6.9737016199999289,0],[112.36828853200007,-6.973875340999939,0],[112.36828851500002,-6.9738753679999377,0],[112.36821235800005,-6.9739977859999271,0],[112.36820649500009,-6.9740863719999311,0],[112.36820649200001,-6.9740864159999774,0],[112.36821584500001,-6.974144444999979,0],[112.36821585500002,-6.9741444799999499,0],[112.36823440700005,-6.9742116139999553,0],[112.36823457500009,-6.9742696699999556,0],[112.36813774400002,-6.9745659359999763,0],[112.36808658000007,-6.974748401999932,0],[112.36807770300004,-6.9748279769999613,0],[112.36807314500004,-6.9748688399999423,0],[112.36803891200009,-6.9749480579999386,0],[112.36798068600001,-6.9750720649999494,0],[112.36798068100006,-6.9750720979999414,0],[112.36797646600007,-6.9751010759999303,0],[112.36796717000004,-6.9751649829999565,0],[112.36797092600011,-6.9752716109999255,0],[112.36795084400001,-6.9753436829999487,0],[112.36794022900006,-6.9753817789999744,0],[112.36791007600004,-6.9754653009999288,0],[112.3678718540001,-6.9755711749999705,0],[112.36780725700009,-6.9758905339999728,0],[112.36772502800011,-6.9761044089999587,0],[112.36755342400011,-6.9764494829999535,0],[112.36749873200006,-6.9766357129999506,0],[112.36748216500007,-6.9767554819999305,0],[112.36746153900003,-6.9769045899999469,0],[112.36744105500009,-6.9770154099999786,0],[112.36743095000008,-6.9770700749999719,0],[112.36738091000007,-6.9771679669999571,0],[112.36737898700005,-6.9771717299999523,0],[112.36728671300011,-6.9773522439999738,0],[112.36708383900009,-6.9777463119999652,0],[112.36708367300002,-6.9777480169999535,0],[112.36706350600002,-6.977955508999969,0],[112.36704616700001,-6.9781479399999284,0],[112.36702902700006,-6.9783381669999471,0],[112.36700386300004,-6.9788412579999317,0],[112.36700422500007,-6.9791178989999594,0],[112.36695846700002,-6.9793250439999497,0],[112.36692033600002,-6.9795017359999747,0],[112.36692033100007,-6.9795017729999813,0],[112.36690520200011,-6.9796116809999376,0],[112.36692641000002,-6.9796316169999386,0],[112.36694633900004,-6.979648349999934,0],[112.36695675400006,-6.9796529369999689,0],[112.36695752200001,-6.9796532749999756,0],[112.36705681400008,-6.9796970029999557,0],[112.36705681300009,-6.9796970419999411,0],[112.36705655700007,-6.9797073059999661,0],[112.36705404400004,-6.9798081309999702,0],[112.36703187600006,-6.9799433089999638,0],[112.36703179400001,-6.9799438069999269,0],[112.36701758100003,-6.980030476999957,0],[112.36700748800001,-6.9802684329999352,0],[112.36708901400004,-6.9805223379999575,0],[112.36710778300005,-6.9806163119999383,0],[112.36712832900002,-6.9807191799999373,0],[112.36715603100004,-6.9809144949999791,0],[112.36718198100004,-6.9811425299999428,0],[112.36718198400001,-6.981142555999952,0],[112.36718235100011,-6.981268843999942,0],[112.36718235100011,-6.981268876999934,0],[112.3671544340001,-6.9814235929999313,0],[112.36713656200004,-6.9815442059999668,0],[112.36715927300008,-6.9816320779999614,0],[112.36716479400002,-6.9817492779999384,0],[112.36716479600011,-6.9817493109999305,0],[112.36712303600007,-6.9820766249999338,0],[112.36712023000007,-6.9820995729999709,0],[112.3671163570001,-6.982131246999927,0],[112.36709186300004,-6.982173634999981,0],[112.36703473800003,-6.9822747799999547,0],[112.36703471800001,-6.9822748159999719,0],[112.36702135000007,-6.982446791999962,0],[112.36700389500004,-6.9826713369999425,0],[112.3670144570001,-6.9831277269999532,0],[112.36702794000007,-6.9832329039999763,0],[112.36707043300009,-6.9834369779999292,0],[112.36708110100005,-6.9836706299999491,0],[112.36708110000006,-6.9836706709999703,0],[112.36707396300005,-6.9839004789999422,0],[112.36705248700002,-6.9838870909999287,0],[112.36705205100009,-6.983886818999963,0],[112.36700554400011,-6.983857827999941,0],[112.36700554100003,-6.9838578639999582,0],[112.36699489600005,-6.9839750719999643,0],[112.36696633300005,-6.9842465399999583,0],[112.36696051900003,-6.9843767529999354,0],[112.36696241300001,-6.9846074689999682,0],[112.36695464100001,-6.9846726509999257,0],[112.36693475200002,-6.9848394689999509,0],[112.36688476300003,-6.9851680719999649,0],[112.3669226080001,-6.9851915219999796,0],[112.36703751900006,-6.985267030999978,0],[112.36709928000005,-6.9853076149999538,0],[112.36710375400003,-6.9853538629999434,0],[112.36709364800004,-6.9854793009999412,0],[112.36708506500008,-6.9855280959999391,0],[112.36706553700003,-6.9855561149999517,0],[112.36706073700009,-6.9855630019999353,0],[112.36705210300011,-6.9855943789999628,0],[112.36705047900011,-6.9856361869999546,0],[112.3670504800001,-6.9856362259999401,0],[112.36705134900001,-6.9856673969999292,0],[112.36705402100006,-6.9857632479999552,0],[112.3670499750001,-6.9858444729999292,0],[112.36703401600005,-6.9861648289999607,0],[112.3670228520001,-6.9862495329999774,0],[112.36697847400001,-6.9865862469999342,0],[112.36697606000007,-6.9865971769999646,0],[112.36695522200012,-6.9866915079999785,0],[112.36695505300008,-6.9866922749999389,0],[112.36693835800008,-6.9867678509999678,0],[112.3669308850001,-6.9868016789999388,0],[112.36692550800001,-6.9868260209999562,0],[112.3669234680001,-6.9868352579999282,0],[112.36692335300006,-6.9868357769999534,0],[112.36692104600002,-6.9868462209999507,0],[112.36691803600002,-6.9868598489999272,0],[112.36691367700007,-6.9868795829999613,0],[112.36691218800001,-6.9868863249999436,0],[112.36691234400007,-6.986886611999978,0],[112.36693706400001,-6.9869321179999702,0],[112.36694737700009,-6.9869372509999721,0],[112.36695619200009,-6.986941637999962,0],[112.36701239500007,-6.9869696099999601,0],[112.3670358600001,-6.9869812879999813,0],[112.36720009700002,-6.9870601829999259,0],[112.36740575300007,-6.987158974999943,0],[112.36738845800005,-6.9872620469999447,0],[112.36736516700012,-6.9874008479999361,0],[112.36736181300012,-6.9874208369999451,0],[112.36735257200007,-6.9874759059999292,0],[112.36733551200007,-6.9875775709999743,0],[112.36733541900003,-6.9875781259999599,0],[112.36730785000009,-6.9877424209999504,0],[112.36738098900003,-6.9877532649999807,0],[112.36758255500001,-6.9877416239999661,0],[112.36764010400009,-6.9877492419999498,0],[112.36771331300008,-6.9877589339999417,0],[112.36807230500006,-6.9878659479999783,0],[112.36810758100012,-6.9878786499999705,0],[112.36841335800011,-6.9879887539999572,0],[112.36855377100005,-6.9880393129999447,0],[112.36855388200001,-6.9880393529999765,0],[112.3685539710001,-6.9880393849999791,0],[112.36855401200012,-6.9880393999999342,0],[112.36855700100011,-6.9880404759999806,0],[112.36857078500009,-6.9880058909999434,0],[112.36860133800008,-6.9879292299999634,0],[112.36875798500012,-6.9875361919999364,0],[112.36896871900001,-6.9870074449999606,0],[112.36931937600002,-6.9863331839999319,0],[112.36984923600005,-6.9857271759999549,0],[112.37015381900005,-6.985363720999942,0],[112.37018086600006,-6.9853464669999425,0],[112.37044998400006,-6.9851747919999525,0],[112.37063518500008,-6.9850566479999543,0],[112.3712464140001,-6.9847584609999558,0],[112.37185481800009,-6.9846224459999462,0],[112.37196006300007,-6.9845989169999712,0],[112.37227541000004,-6.9846072619999404,0],[112.37312005800004,-6.9848456349999424,0],[112.37358608300008,-6.9851600159999521,0],[112.37386840700003,-6.985350470999947,0],[112.37403392800002,-6.9854621319999524,0],[112.37430950000009,-6.9856480329999613,0],[112.37447915200005,-6.9857594699999481,0],[112.3746457850001,-6.9858689239999308,0],[112.3747161870001,-6.9859151679999627,0],[112.37482621200002,-6.9859874369999488,0],[112.37501118900002,-6.9861089409999408,0],[112.37501841700009,-6.9861136889999784,0],[112.37511761600001,-6.9861788489999412,0],[112.37510597800008,-6.9862066649999406,0],[112.37510301000009,-6.9862137599999414,0],[112.37508329800005,-6.9862608719999457,0],[112.37507646000006,-6.9862772149999728,0],[112.37503410000011,-6.986378459999969,0],[112.37503408200007,-6.9863785039999584,0],[112.3755078260001,-6.9865765319999582,0],[112.37550785100007,-6.9865765449999344,0],[112.37554415200009,-6.9865962369999579,0],[112.37556880000011,-6.9866096079999807,0],[112.37566909400005,-6.9866640139999276,0],[112.37579343000004,-6.9867314619999661,0],[112.37635764700008,-6.9870375289999629,0],[112.37653016400009,-6.9871311129999754,0],[112.37656624200008,-6.9871506839999711,0],[112.37700337000001,-6.9874222649999638,0],[112.37700340100002,-6.9874222839999334,0],[112.3770734520001,-6.9874763389999544,0],[112.37711603100001,-6.9875091959999622,0],[112.37719306400004,-6.9875686389999601,0],[112.37719309600004,-6.9875686639999799,0],[112.37787931900004,-6.9878220559999704,0],[112.37819793500012,-6.987895726999966,0],[112.37849006300007,-6.9879632739999806,0],[112.37862461600002,-6.9879943859999685,0],[112.37876348200007,-6.9880264939999392,0],[112.37881693600002,-6.9880371519999471,0],[112.3797325060001,-6.9882518359999608,0],[112.37973254400003,-6.9882518459999687,0],[112.37973258400007,-6.988251853999941,0],[112.37982444000011,-6.988273392999929,0],[112.37984087100006,-6.9882772459999387,0],[112.37988008600007,-6.988286440999957,0],[112.37997044400004,-6.9883076279999727,0],[112.37999708100006,-6.9883138739999708,0],[112.3800405290001,-6.9883240619999469,0],[112.3801094050001,-6.9883402119999687,0],[112.38015585300002,-6.9883511029999568,0],[112.38022628500005,-6.988367617999927,0],[112.38027640600001,-6.9883793709999509,0],[112.38028004100011,-6.9883802229999787,0],[112.38032014400005,-6.9883896259999574,0],[112.38037601400003,-6.9884027259999471,0],[112.38068228400005,-6.9884745399999701,0],[112.38070971900004,-6.9884781119999388,0],[112.38077165000004,-6.9884861739999451,0],[112.38098851200004,-6.9885144069999683,0],[112.38151464000009,-6.9885829009999725,0],[112.38153498200006,-6.9885842919999277,0],[112.38164158300003,-6.988591582999959,0],[112.38180465000005,-6.9886027359999616,0],[112.38229136300004,-6.988636023999959,0],[112.38231527700009,-6.9886359539999603,0],[112.38292925200005,-6.9886341519999746,0],[112.38348576700002,-6.9886325179999744,0],[112.38353993500004,-6.9886323589999506,0],[112.38374756000007,-6.9886317499999677,0],[112.38378901600004,-6.9886316279999505,0],[112.38390748200004,-6.9886016779999522,0],[112.38399983300008,-6.9885783299999389,0],[112.38430627600007,-6.9885008569999627,0],[112.3846234340001,-6.9884206749999294,0],[112.38470408100011,-6.9884002859999441,0],[112.38478671700011,-6.9883793949999813,0],[112.38490410400004,-6.9883366669999418,0],[112.38501188900011,-6.9882974339999464,0],[112.38506687800009,-6.9882774189999282,0],[112.3850679300001,-6.9882770359999427,0],[112.38508403100002,-6.9882711749999658,0],[112.38514359800001,-6.9882494929999552,0],[112.3852759240001,-6.9882013279999455,0],[112.38531584600003,-6.9881867969999689,0],[112.38547792600002,-6.9881278009999619,0],[112.38552763700011,-6.9881097069999782,0],[112.38576373700005,-6.9880237679999482,0],[112.38578409000002,-6.9880163599999605,0],[112.38595896000004,-6.9879258869999603,0],[112.38611383400007,-6.9878457589999812,0],[112.38637695700004,-6.9877096259999689,0],[112.38664503100006,-6.987570931999926,0],[112.38675331900004,-6.9875149059999444,0],[112.38685021800006,-6.9874405959999422,0],[112.38698032200011,-6.9873408219999646,0],[112.38780485000007,-6.9867085059999567,0],[112.38783785500004,-6.9866868129999489,0],[112.38837583800012,-6.9863332219999279,0],[112.38852454700009,-6.9862354829999731,0],[112.3890508400001,-6.9860123309999267,0],[112.38999298200008,-6.9857325529999343,0],[112.39037693200009,-6.9857539739999766,0],[112.39046454200002,-6.9857588619999547,0],[112.39066632200002,-6.9857582669999374,0],[112.39118562800002,-6.9857567339999491,0],[112.39162961800002,-6.9858385239999734,0],[112.39166193100004,-6.9858462129999452,0],[112.39243448000002,-6.9860300479999751,0],[112.3928790440001,-6.986305735999963,0],[112.39299508300007,-6.9863662969999609,0],[112.39340681100009,-6.9865811779999376,0],[112.39379607400008,-6.9869124269999361,0],[112.3942133160001,-6.9873266949999788,0],[112.39449172400009,-6.9876859719999516,0],[112.39449595700012,-6.9876943649999248,0],[112.39471491100005,-6.988128513999925,0],[112.3948046380001,-6.9883285509999382,0],[112.3949382620001,-6.9886264549999737,0],[112.3949680290001,-6.9889057499999581,0],[112.39496803800012,-6.9889058359999581,0],[112.39496804700002,-6.9889059229999475,0],[112.39496806600005,-6.988906103999966,0],[112.39502384700006,-6.9894295029999398,0],[112.3955541680001,-6.9905636369999797,0],[112.3960557690001,-6.9913654519999682,0],[112.39611628200009,-6.9914341129999684,0],[112.39611631000002,-6.991434141999946,0],[112.39611633800007,-6.991434174999938,0],[112.39624258800006,-6.9915774219999776,0],[112.39644536500009,-6.9918074989999468,0],[112.39711775400008,-6.9923368679999385,0],[112.39725155500003,-6.9924422089999325,0],[112.39762711700007,-6.9927183339999601,0],[112.39784382400001,-6.9928776649999804,0],[112.39798503300005,-6.9929814869999518,0],[112.39800203000004,-6.992993983999952,0],[112.39826326000002,-6.9931464909999477,0],[112.39873108800009,-6.9934196129999577,0],[112.39885553700003,-6.9934587539999598,0],[112.39915591700003,-6.9935532279999393,0],[112.39941670900009,-6.9935793899999794,0],[112.39969679700005,-6.9936074879999524,0],[112.39970383500008,-6.9936081939999326,0],[112.39971556400008,-6.9936093709999341,0],[112.39973514500002,-6.9936060519999614,0],[112.39974510200011,-6.9936043639999639,0],[112.4000626510001,-6.9935505329999614,0],[112.40052526200009,-6.9934142799999677,0],[112.40083500600008,-6.9933027549999451,0],[112.40106487000003,-6.9932199909999326,0],[112.40162325200004,-6.9928522319999615,0],[112.40217017600003,-6.9923377939999796,0],[112.40252745400005,-6.9920017359999633,0],[112.40286208800001,-6.9916991319999511,0],[112.40310466500011,-6.9914797739999699,0],[112.40366310100001,-6.9911312809999799,0],[112.40408700900002,-6.9909566029999723,0],[112.40461808100008,-6.9909120029999485,0],[112.4046181220001,-6.9909119999999803,0],[112.40461816200002,-6.9909119969999551,0],[112.40480064200005,-6.9908966709999731,0],[112.40491985800008,-6.9909054719999517,0],[112.40495009200004,-6.9909077039999374,0],[112.40526410400003,-6.9909308869999336,0],[112.40536684800009,-6.9909384719999252,0],[112.40555320500005,-6.990952229999948,0],[112.40586406300008,-6.9910146249999343,0],[112.40589198600003,-6.9910202299999469,0],[112.40618704000008,-6.9910794539999301,0],[112.40649510900005,-6.9911412899999732,0],[112.40649909300009,-6.9911420899999257,0],[112.40714596200007,-6.9913608859999385,0],[112.40762459300004,-6.9915227779999327,0],[112.40817498500007,-6.9917089419999456,0],[112.40857028100004,-6.9918426459999523,0],[112.40944646500009,-6.9921750949999364,0],[112.40959420900003,-6.9922311549999563,0],[112.41002012200011,-6.9923597399999267,0],[112.41020842500006,-6.992416589999948,0],[112.4111139800001,-6.9926718549999691,0],[112.41116492300011,-6.9926862149999351,0],[112.41116496300003,-6.9926862249999431,0],[112.41116500300006,-6.992686229999947,0],[112.41159068800005,-6.9927273959999638,0],[112.41159424600005,-6.992727939999952,0],[112.41171324700008,-6.9927460849999648,0],[112.41192806000004,-6.9927788409999607,0],[112.41193931600003,-6.9927805569999464,0],[112.41214279000008,-6.9928115839999805,0],[112.4124584330001,-6.9928597139999624,0],[112.41266742700009,-6.9928915819999702,0],[112.4127842150001,-6.9929099959999803,0],[112.41282809900008,-6.9929169149999666,0],[112.41289188300004,-6.9929269719999638,0],[112.41289940200011,-6.992928157999927,0],[112.41305873500005,-6.9929532809999273,0],[112.41306687500003,-6.9929545639999446,0],[112.41316885300012,-6.9929706429999783,0],[112.41321965700001,-6.992978652999966,0],[112.41335388000005,-6.9929998159999514,0],[112.41346152700009,-6.9930167889999666,0],[112.41352161000009,-6.9930262619999439,0],[112.4136008480001,-6.9930387549999296,0],[112.41362785400008,-6.9930425879999802,0],[112.41377276200001,-6.99306315299998,0],[112.41379098000004,-6.9930657379999275,0],[112.41391119900004,-6.9930827989999784,0],[112.41400507300011,-6.9930961209999509,0],[112.41406019900001,-6.9931039439999267,0],[112.41419326500011,-6.9931228279999686,0],[112.41428013000007,-6.9931351549999476,0],[112.41430433200003,-6.9931350819999807,0],[112.41446475100008,-6.9931346009999515,0],[112.4145094270001,-6.9931344669999476,0],[112.4145739060001,-6.9931504209999389,0],[112.41458606000003,-6.993153427999971,0],[112.41473353400011,-6.9931899179999277,0],[112.41494678700008,-6.9932426829999486,0],[112.41504290600005,-6.9932664659999659,0],[112.41518996800005,-6.9933028539999782,0],[112.41548026100008,-6.9933746809999775,0],[112.41564251000011,-6.9934148259999347,0],[112.415678232,-6.9934236649999661,0],[112.41590517000009,-6.9934798159999332,0],[112.41592966400003,-6.9934858769999551,0],[112.41596329100003,-6.9934945259999495,0],[112.41610826200008,-6.9935318109999685,0],[112.41616195600011,-6.9935456209999529,0],[112.41628521600001,-6.993577322999954,0],[112.41690381700005,-6.993736422999973,0],[112.41721479900002,-6.9938164059999508,0],[112.41722763600001,-6.9938209309999593,0],[112.41733573300007,-6.9938590309999427,0],[112.41753166500007,-6.9939280909999297,0],[112.41780630200003,-6.9940249509999717,0],[112.41812164700002,-6.9941361679999545,0],[112.41812167100011,-6.9941361779999625,0],[112.41827228900002,-6.9941989439999475,0],[112.41827255700002,-6.9941990559999567,0],[112.41883858800009,-6.994434933999969,0],[112.41902173100004,-6.9945112539999741,0],[112.41908320900006,-6.9945368729999586,0],[112.4191137470001,-6.9945495989999813,0],[112.41986995600007,-6.9949228679999464,0],[112.41987699900005,-6.9949263449999535,0],[112.42015032500001,-6.9950612599999431,0],[112.42075489700005,-6.9954434629999582,0],[112.4208689730001,-6.9955155799999602,0],[112.42092210500005,-6.9955527189999316,0],[112.421162116,-6.9957204859999251,0],[112.42126574600002,-6.9957929229999536,0],[112.42217330100004,-6.996427300999926,0],[112.42282596500002,-6.9969455519999428,0],[112.42360979400007,-6.9977755369999386,0],[112.42428945200004,-6.998605834999978,0],[112.42445976600004,-6.9988374569999792,0],[112.42480938800009,-6.9993129329999419,0],[112.42499555000006,-6.9995661079999536,0],[112.42553605800003,-7.000340825999956,0],[112.42570180900009,-7.0005783989999486,0],[112.42605862000005,-7.0011623889999441,0],[112.42607942100005,-7.0011964329999614,0],[112.42622529100004,-7.0014351779999515,0],[112.42656496600011,-7.00179830299993,0],[112.42676596700005,-7.0019196629999669,0],[112.42694031100007,-7.0020249279999689,0],[112.42716508000001,-7.0021606379999639,0],[112.42747598900007,-7.0022559709999541,0],[112.42765632400005,-7.0023112659999356,0],[112.42776932800007,-7.0023459159999675,0],[112.4279210630001,-7.002392441999973,0],[112.42796327400004,-7.0024024239999676,0],[112.42809668500001,-7.0024339739999277,0],[112.42827480100004,-7.0024760959999526,0],[112.42838066700006,-7.0025011319999635,0],[112.42857263400003,-7.0025465289999715,0],[112.42984894000006,-7.002594672999976,0],[112.4311350590001,-7.0024241849999385,0],[112.431254749,-7.0024083199999723,0],[112.43218030800006,-7.0022594749999598,0],[112.43224393700007,-7.002249241999948,0],[112.4331920730001,-7.0021718669999586,0],[112.43387372000007,-7.0022217359999672,0],[112.43413460700003,-7.002227884999968,0],[112.43423806100009,-7.0022295419999523,0],[112.43426377200001,-7.0022299549999616,0],[112.43468071700011,-7.0022366369999531,0],[112.43529634000004,-7.0022278139999798,0],[112.43584576900003,-7.0021844659999601,0],[112.43584734400008,-7.0021843009999429,0],[112.43629084100007,-7.0021379639999282,0],[112.43692018400009,-7.0020665909999593,0],[112.43712031700011,-7.0020560379999779,0],[112.43782107100003,-7.0020190879999404,0],[112.43795112900011,-7.002018689999943,0],[112.43809932700003,-7.0020182369999588,0],[112.43875619700009,-7.0019760699999551,0],[112.43878092700004,-7.0019744819999801,0],[112.43947653600003,-7.0019619359999297,0],[112.43994201500004,-7.0019515729999284,0],[112.44038081500003,-7.001941803999955,0],[112.44079383300004,-7.0019417269999735,0],[112.44142345000012,-7.0019606339999427,0],[112.4416045480001,-7.0019765559999314,0],[112.44172937200005,-7.0019875309999406,0],[112.44173994000005,-7.00198845999995,0],[112.44190174200003,-7.0020026849999795,0],[112.44206292000001,-7.0019920039999306,0],[112.44252332700012,-7.0019614929999534,0],[112.44257894000009,-7.0019578089999754,0],[112.44273210800009,-7.0019470439999623,0],[112.44287610300012,-7.0019369239999492,0],[112.44300950200011,-7.0019353319999595,0],[112.44304372000011,-7.0019349239999542,0],[112.44330398700004,-7.0019178819999297,0],[112.4435907830001,-7.0019055469999785,0],[112.44371068300006,-7.0019003899999461,0],[112.44383575600011,-7.0018910849999543,0],[112.44402950100005,-7.001876670999934,0],[112.44430596900008,-7.0018368379999743,0],[112.44442617800007,-7.001825035999957,0],[112.44464753500006,-7.001803301999928,0],[112.44491743300011,-7.0017439969999486,0],[112.44522842800006,-7.0016725439999732,0],[112.4453043850001,-7.0016550929999539,0],[112.44536236400006,-7.0016473619999715,0],[112.44575325000005,-7.0015952379999362,0],[112.44591820400001,-7.001559555999961,0],[112.44606491800005,-7.0015278199999784,0],[112.44625718800012,-7.0015018789999317,0],[112.44628940000007,-7.0014975329999629,0],[112.44671008900002,-7.0014407729999562,0],[112.44676485700006,-7.0014333839999381,0],[112.4471339050001,-7.0013835909999784,0],[112.4472316670001,-7.0013704009999742,0],[112.44740726600003,-7.0013467089999608,0],[112.44752987600009,-7.0013301659999456,0],[112.44778500500001,-7.0012957439999468,0],[112.44784175900008,-7.0012859569999364,0],[112.44803490100003,-7.0012526499999694,0],[112.44838998800003,-7.0011914169999727,0],[112.44851576800011,-7.0011697269999331,0],[112.44870717300012,-7.0011440569999763,0],[112.44900324700006,-7.0011043479999557,0],[112.44906385100001,-7.0010962199999653,0],[112.44927138900005,-7.001068385999929,0],[112.44961112700003,-7.0010117869999249,0],[112.44991469100012,-7.0009612139999717,0],[112.44995261800011,-7.0009548959999393,0],[112.45017648800001,-7.0009338739999407,0],[112.45025585600001,-7.0009264209999742,0],[112.45042608000006,-7.0009104359999696,0],[112.45059022200007,-7.0008950229999414,0],[112.45063400200002,-7.0008909119999316,0],[112.45128051400002,-7.0009294029999296,0],[112.45184145000007,-7.001032653999971,0],[112.45219115200007,-7.0011188239999456,0],[112.45219210200003,-7.001119057999972,0],[112.4523357810001,-7.0012188479999509,0],[112.45258482700001,-7.001391817999945,0],[112.45263892900005,-7.0015248459999384,0],[112.45265586200003,-7.0017392059999679,0],[112.4526013090001,-7.0019862729999431,0],[112.45252380600004,-7.0021884559999421,0],[112.45248630900005,-7.0022862739999709,0],[112.45243608200008,-7.0023902449999582,0],[112.45243567700004,-7.002391083999953,0],[112.45237073700002,-7.0025255099999413,0],[112.45221582300007,-7.0029340399999569,0],[112.4522158100001,-7.0029340739999384,0],[112.45213390100002,-7.0033125519999544,0],[112.45206606500005,-7.0040020629999731,0],[112.45206606000011,-7.0040020999999797,0],[112.45195542700003,-7.0047621739999499,0],[112.45184728900006,-7.0053225059999704,0],[112.45179188800012,-7.0056743299999766,0],[112.45179188300006,-7.0056743599999436,0],[112.45168390200001,-7.0062188079999714,0],[112.45146987800001,-7.0069621299999767,0],[112.45146986900011,-7.0069621609999331,0],[112.45136795900009,-7.0073140889999763,0],[112.45136794700011,-7.0073141289999512,0],[112.45124268900008,-7.0076429509999798,0],[112.45124268000006,-7.0076429749999534,0],[112.45096191800008,-7.0084159499999714,0],[112.4509619050001,-7.0084159859999318,0],[112.45089921900001,-7.0085588109999435,0],[112.45089920500004,-7.0085588429999461,0],[112.45046970200008,-7.0093730229999665,0],[112.45009894400005,-7.0099640269999668,0],[112.44988404200001,-7.0103230089999329,0],[112.44943478000005,-7.0111969689999682,0],[112.44918562800001,-7.0116185189999669,0],[112.44884840100008,-7.0121835809999311,0],[112.44872297900008,-7.0124626609999723,0],[112.4487020360001,-7.0125373319999653,0],[112.44866709900009,-7.0126618989999656,0],[112.44862163000005,-7.0130037689999654,0],[112.44862884100007,-7.0133317999999463,0],[112.44866998100008,-7.013739758999975,0],[112.4486941880001,-7.0138680439999348,0],[112.44870376800009,-7.0139188149999541,0],[112.44871858300007,-7.0139515389999474,0],[112.44875021000007,-7.0140213949999293,0],[112.44879076700011,-7.014110976999973,0],[112.44885371200007,-7.0142070049999461,0],[112.44892098900004,-7.0143096409999544,0],[112.44915116600009,-7.0145909419999271,0],[112.44932010000002,-7.014757948999943,0],[112.4494233260001,-7.0148239859999535,0],[112.44957037500001,-7.0149054289999526,0],[112.44976288300006,-7.0150120499999389,0],[112.44988030900004,-7.0150583529999722,0],[112.45007165000004,-7.0151338009999336,0],[112.45022205900011,-7.015193108999938,0],[112.45054535600002,-7.0152852389999794,0],[112.45075473000009,-7.01534490399996,0],[112.45088904300007,-7.0153831789999685,0],[112.45099374300003,-7.0154130149999787,0],[112.4515524200001,-7.0155307269999412,0],[112.45172275100003,-7.0155551139999375,0],[112.45217669300007,-7.0156201079999505,0],[112.45287499000005,-7.0157506579999449,0],[112.45327716500003,-7.0157693199999471,0],[112.45339830800003,-7.0157721839999567,0],[112.45364940200011,-7.0157781199999363,0],[112.45403810500011,-7.0157503769999607,0],[112.45403814000008,-7.0157503739999356,0],[112.45460281700002,-7.0156590449999499,0],[112.45463521000011,-7.0156504169999607,0],[112.45502386200008,-7.0155468969999788,0],[112.45519263400001,-7.0154945949999501,0],[112.45540235300007,-7.0154296029999728,0],[112.45588050000003,-7.0152987269999585,0],[112.45623264200003,-7.0151615739999329,0],[112.45627549200003,-7.0151448849999269,0],[112.4566770890001,-7.0149777509999467,0],[112.45699742300008,-7.0148161469999764,0],[112.45701324300001,-7.0148081659999661,0],[112.45725191800011,-7.0146149949999312,0],[112.45725194000011,-7.0146149719999471,0],[112.45755006100001,-7.014308835999941,0],[112.45775850700011,-7.0140129089999732,0],[112.45794196300005,-7.013659726999947,0],[112.45795011000007,-7.0136440429999425,0],[112.45798982800011,-7.0135264779999602,0],[112.45808901100008,-7.0132328959999768,0],[112.45810843400011,-7.0130669479999597,0],[112.45810122000012,-7.0128844929999445,0],[112.45810121300008,-7.0128844619999313,0],[112.45809992500006,-7.0128785489999359,0],[112.45806251500005,-7.0127067939999392,0],[112.45801703300003,-7.0124645269999633,0],[112.4580144790001,-7.0124509219999709,0],[112.45801447300005,-7.0124508889999788,0],[112.45795947200008,-7.0121276229999694,0],[112.45795203000011,-7.0119052839999654,0],[112.45795121300011,-7.0116424939999433,0],[112.45799091300012,-7.0113863169999604,0],[112.45806414200001,-7.0111172039999587,0],[112.45813772300005,-7.0108467989999781,0],[112.45827198500001,-7.010609775999967,0],[112.45843978900007,-7.0103135389999807,0],[112.45886247200008,-7.0097493609999333,0],[112.45899233300008,-7.0096056339999677,0],[112.45901858200011,-7.009576582999955,0],[112.45923807500003,-7.0093663399999286,0],[112.45923938800001,-7.0093650819999311,0],[112.45947389300011,-7.0091404589999797,0],[112.45954672900007,-7.0090692149999541,0],[112.45967506400007,-7.0089436849999629,0],[112.46019898400004,-7.0086462289999645,0],[112.46045537100008,-7.0085275189999265,0],[112.46072922700012,-7.0084007199999405,0],[112.46124446700003,-7.0081927449999739,0],[112.46149026700004,-7.0080935279999608,0],[112.46162596700003,-7.0080429149999759,0],[112.46194552500003,-7.0079237269999339,0],[112.46304411300002,-7.0076886019999733,0],[112.4634270680001,-7.0076055869999436,0],[112.46361450300003,-7.0075649559999533,0],[112.46433478600011,-7.0074302789999479,0],[112.46526615400001,-7.0069848219999358,0],[112.46526619600002,-7.0069848019999768,0],[112.46526623700004,-7.0069847819999609,0],[112.46542242300006,-7.0069581979999498,0],[112.46542409000006,-7.0069579149999299,0],[112.46584497100002,-7.0068862789999571,0],[112.46599598000012,-7.0068605769999408,0],[112.46675439900002,-7.0066797939999788,0],[112.46705152600009,-7.006612605999976,0],[112.46705155100005,-7.0066125999999258,0],[112.46834430500007,-7.0062735309999766,0],[112.46861466500002,-7.0062026199999536,0],[112.46874937100006,-7.0061672889999613,0],[112.46948677600005,-7.005979348999972,0],[112.46956259800004,-7.0059630879999304,0],[112.46961704900002,-7.005951409999966,0],[112.46972332400003,-7.0059286179999276,0],[112.46976271300002,-7.005920170999957,0],[112.47066202300005,-7.0056841009999289,0],[112.47089948600001,-7.0056299769999555,0],[112.4717968650001,-7.0054254399999536,0],[112.47268830000007,-7.0052185479999594,0],[112.47375503800004,-7.0048854719999554,0],[112.47447481400002,-7.0046631429999593,0],[112.47521549100009,-7.0044343589999585,0],[112.47597196900006,-7.0041932909999787,0],[112.47599809100006,-7.0041849669999579,0],[112.47635874500008,-7.0040700369999627,0],[112.47791770700007,-7.0035337659999755,0],[112.47820508100006,-7.003434911999932,0],[112.47830994000003,-7.003405101999931,0],[112.47868769800004,-7.0032977089999804,0],[112.47868775400002,-7.0032976969999368,0],[112.47900838900011,-7.0032276679999654,0],[112.47900844500009,-7.0032276559999787,0],[112.47930931200005,-7.0031619449999312,0],[112.47930936800003,-7.0031619329999444,0],[112.47952631900012,-7.0031145499999639,0],[112.47952637500009,-7.0031145379999771,0],[112.47966821800003,-7.0030835579999575,0],[112.47966827500011,-7.0030835459999707,0],[112.48015051200002,-7.0029820019999534,0],[112.4801505690001,-7.0029819899999666,0],[112.48046773600004,-7.0029152039999758,0],[112.4804677950001,-7.0029152009999507,0],[112.48107144700009,-7.002883150999935,0],[112.48107150600003,-7.0028831519999812,0],[112.4812132720001,-7.0028854819999538,0],[112.48121333100005,-7.0028854829999432,0],[112.4813341470001,-7.0028874679999262,0],[112.48133420600004,-7.0028874689999725,0],[112.48184134500002,-7.002895801999955,0],[112.48184140400008,-7.0028958039999338,0],[112.48226405600008,-7.0029095449999659,0],[112.48228319900011,-7.0029145119999612,0],[112.48242357100003,-7.002950928999951,0],[112.48242362600001,-7.0029509469999311,0],[112.48255110100001,-7.0029840209999747,0],[112.48270976300012,-7.0030428739999593,0],[112.48279290800008,-7.0030737149999709,0],[112.48297683100009,-7.0032161889999429,0],[112.48302278000006,-7.0032989749999501,0],[112.48304192700004,-7.0033343869999385,0],[112.48304207700005,-7.003334663999965,0],[112.483059948,-7.0033677149999676,0],[112.4830854490001,-7.0034148789999335,0],[112.48310336600002,-7.0034941959999628,0],[112.48311914500005,-7.0035640469999407,0],[112.48311968200005,-7.0037340529999597,0],[112.48309517000007,-7.0038626729999578,0],[112.48305882000011,-7.0041115239999385,0],[112.48303530100009,-7.004272536999963,0],[112.48298544600004,-7.0044812949999482,0],[112.48294512000007,-7.0046501539999326,0],[112.48292250700001,-7.0047274619999484,0],[112.48292202200003,-7.0047291189999328,0],[112.48289170300006,-7.0048327699999504,0],[112.48283396300008,-7.004961494999975,0],[112.48272224100003,-7.0050862109999343,0],[112.48272221400009,-7.0050862419999476,0],[112.48240759700002,-7.0054148099999338,0],[112.48229135300005,-7.0055303399999502,0],[112.48202254100011,-7.0057975039999292,0],[112.48149668300005,-7.0063101449999294,0],[112.48140463300001,-7.0063998809999362,0],[112.4809450350001,-7.0068449849999297,0],[112.48094501200001,-7.0068450079999707,0],[112.48060961100009,-7.0071694939999816,0],[112.48051156100007,-7.007260965999933,0],[112.48037770300004,-7.0073858429999518,0],[112.48023909900007,-7.0075418099999638,0],[112.48017076800011,-7.0076187009999558,0],[112.48010531900002,-7.0077338859999259,0],[112.48008815700007,-7.007764088999977,0],[112.47995952600002,-7.008037427999966,0],[112.47989368800006,-7.008218448999969,0],[112.47982364200004,-7.0084110419999774,0],[112.47976609700004,-7.0086019649999685,0],[112.47975586200005,-7.0086658109999576,0],[112.47973351000007,-7.0088052459999517,0],[112.47972157400011,-7.0089711439999292,0],[112.47972636800012,-7.0091743099999348,0],[112.47975224200002,-7.009476923999955,0],[112.4797721540001,-7.0095768559999669,0],[112.47977216000004,-7.009576883999955,0],[112.47977216600009,-7.0095769129999326,0],[112.4797902250001,-7.0096675449999566,0],[112.47981958800005,-7.0097586769999793,0],[112.479933372,-7.0100681459999805,0],[112.4801311440001,-7.0103718849999268,0],[112.48014622800008,-7.0103950509999322,0],[112.48014624400003,-7.0103950709999481,0],[112.48035889000005,-7.0106597579999743,0],[112.48052547000009,-7.0108002149999606,0],[112.48071284500008,-7.0109488999999598,0],[112.48090844700005,-7.0110726789999376,0],[112.48111640400009,-7.0111632459999669,0],[112.48132119500008,-7.0112422029999379,0],[112.48136175900004,-7.011257842999953,0],[112.48139845300011,-7.0112680219999675,0],[112.48140052000008,-7.0112685949999332,0],[112.48159049700007,-7.0113212899999553,0],[112.48162781000008,-7.0113316399999803,0],[112.48188141600008,-7.0114096239999526,0],[112.48231356600002,-7.0114704589999519,0],[112.48275385200009,-7.0114773619999369,0],[112.48286267000003,-7.0114661509999792,0],[112.48296145800009,-7.0114559739999436,0],[112.48318972200002,-7.0114013479999358,0],[112.48340062200009,-7.0113212899999553,0],[112.4835091540001,-7.0112800909999464,0],[112.48361113900012,-7.0112322569999606,0],[112.48374868000008,-7.0111677469999449,0],[112.48416303300007,-7.0108554499999514,0],[112.48416305100011,-7.0108554319999712,0],[112.48449721600002,-7.0105320259999644,0],[112.48457085900009,-7.0104607539999506,0],[112.48461437500009,-7.0104186389999654,0],[112.48474084400004,-7.0102139519999582,0],[112.48495321900009,-7.0098702279999543,0],[112.48500996600001,-7.0097838909999268,0],[112.48510615900011,-7.0096375389999253,0],[112.48526340800004,-7.0094545969999444,0],[112.48540854500004,-7.0092969099999323,0],[112.48551731900011,-7.0091787309999631,0],[112.48599765100005,-7.008716948999961,0],[112.48620054800006,-7.0085214199999655,0],[112.48654109300003,-7.0081985539999323,0],[112.48662405900006,-7.0081505149999543,0],[112.48667790500008,-7.0081193369999255,0],[112.48676028800003,-7.0080827089999502,0],[112.48699726500001,-7.0079773459999615,0],[112.48708905700005,-7.0079436069999588,0],[112.48739552900008,-7.0078309579999427,0],[112.48741651700004,-7.0078229989999272,0],[112.48773805500002,-7.0077010609999775,0],[112.48781451600007,-7.0076720639999621,0],[112.48835370200004,-7.0074340049999364,0],[112.48843627300005,-7.0074040329999434,0],[112.48866484900009,-7.0073210639999388,0],[112.48876860400003,-7.0072958559999279,0],[112.48876866300009,-7.0072958529999596,0],[112.48889549300009,-7.0072893229999522,0],[112.48889555200003,-7.0072893199999271,0],[112.48902607100001,-7.0072825999999395,0],[112.48902613000007,-7.0072826019999752,0],[112.48917889000006,-7.0072882179999283,0],[112.48917894900001,-7.007288219999964,0],[112.48933761300009,-7.0072940529999528,0],[112.48933767200003,-7.0072940539999422,0],[112.48965744500003,-7.0073013319999404,0],[112.48965750400009,-7.0073013389999801,0],[112.48970451500008,-7.0073067669999318,0],[112.48970457400003,-7.0073067739999715,0],[112.490142504,-7.0073573449999458,0],[112.49014256300006,-7.0073573499999497,0],[112.49049147900007,-7.0073852649999253,0],[112.49049153800001,-7.007385266999961,0],[112.49077558100009,-7.0073927869999579,0],[112.49077564000004,-7.0073927889999368,0],[112.49091100500004,-7.0073963729999491,0],[112.4909110640001,-7.0073963769999636,0],[112.4913430580001,-7.0074281739999265,0],[112.49134311700004,-7.0074281819999555,0],[112.49147365900001,-7.0074454319999404,0],[112.49149009100006,-7.0074476019999565,0],[112.49151694400007,-7.0074511509999411,0],[112.49158821100002,-7.0074605679999422,0],[112.49159327000007,-7.0074615089999384,0],[112.49207028900003,-7.0075502609999489,0],[112.49210594200008,-7.0075582479999525,0],[112.49249008100003,-7.0076442969999562,0],[112.49285172400005,-7.0077385179999396,0],[112.49336191600003,-7.0078452869999524,0],[112.49341710500005,-7.0078600849999475,0],[112.49361573400006,-7.0079133459999525,0],[112.49388153400002,-7.0079846169999769,0],[112.49440953400006,-7.0081487979999793,0],[112.49499572700006,-7.0083252319999474,0],[112.49521379600003,-7.0084000239999682,0],[112.49549883500003,-7.0084977849999746,0],[112.49561049300007,-7.0085405279999691,0],[112.49575665900011,-7.0085964799999374,0],[112.49638381500006,-7.0088577569999302,0],[112.49684045200001,-7.0090755679999575,0],[112.49706600900004,-7.0091831559999491,0],[112.49718582700007,-7.0092373359999556,0],[112.49729535900008,-7.0092868649999787,0],[112.49753262600007,-7.0093941529999597,0],[112.49773983200009,-7.0094878489999815,0],[112.49788237600001,-7.0095495679999544,0],[112.49813910900002,-7.0096607289999611,0],[112.49817743000006,-7.0096810659999278,0],[112.49822479300008,-7.0097062029999506,0],[112.49825560300008,-7.0097225539999499,0],[112.49829735800006,-7.0097451189999447,0],[112.49831058600012,-7.0097522679999429,0],[112.49832839600003,-7.0097618929999612,0],[112.49833463900006,-7.0097652669999775,0],[112.49834713600001,-7.0097720209999466,0],[112.49835141100004,-7.0097755539999298,0],[112.49835700900007,-7.009780181999929,0],[112.4983721210001,-7.0097926739999252,0],[112.49838476900004,-7.0098506839999573,0],[112.49832336700001,-7.0101328419999618,0],[112.49824931100011,-7.0103528419999748,0],[112.49822880700003,-7.0104358369999318,0],[112.49823322500004,-7.0105187529999284,0],[112.49827092400005,-7.0106181489999813,0],[112.49829510600011,-7.0106495919999361,0],[112.49835581600007,-7.0107285289999481,0],[112.49840429200003,-7.0107697429999689,0],[112.49847242700002,-7.0108276729999375,0],[112.49848641000006,-7.0108827589999692,0],[112.49849766700004,-7.0109271089999652,0],[112.49853963900011,-7.0110679159999449,0],[112.4985396510001,-7.0110679549999304,0],[112.49854843500009,-7.0112172009999654,0],[112.49855252900011,-7.0112831079999296,0],[112.49855719100003,-7.0113581539999359,0],[112.49854724900001,-7.0114692229999491,0],[112.49853714200003,-7.0115821279999295,0],[112.49853484400001,-7.0116259479999599,0],[112.49853322700005,-7.0116567769999278,0],[112.49847551500011,-7.0117937959999495,0],[112.49842706600009,-7.0119150529999388,0],[112.4983477830001,-7.0121134829999505,0],[112.49826935800002,-7.0122671539999715,0],[112.49786024700006,-7.0130849839999314,0],[112.4977528930001,-7.013284356999975,0],[112.49770404200001,-7.013395040999967,0],[112.49768691700001,-7.0134338419999267,0],[112.49763165500008,-7.013577884999961,0],[112.49756746100002,-7.0137452089999783,0],[112.49732004600003,-7.0143057749999684,0],[112.49730078700009,-7.0143510359999368,0],[112.49722110700009,-7.0145382939999763,0],[112.49700039800007,-7.0149838169999725,0],[112.49697711200008,-7.0150308229999609,0],[112.49697709300005,-7.015030860999957,0],[112.49693071400009,-7.0151577829999496,0],[112.49689062600009,-7.0152674869999601,0],[112.49689062000004,-7.0152675209999416,0],[112.49688759000003,-7.0152836789999355,0],[112.49687429200003,-7.0153546149999784,0],[112.49686371900009,-7.0154214069999625,0],[112.49685393400011,-7.0154832219999435,0],[112.49685883200004,-7.0157154099999275,0],[112.49686391200009,-7.0160056489999647,0],[112.49687988300002,-7.0161452709999708,0],[112.49687996300008,-7.0161459669999431,0],[112.49689836700009,-7.0163068459999636,0],[112.49692107300007,-7.0163912009999763,0],[112.49695301000008,-7.0165098489999309,0],[112.49708686100007,-7.0168038229999752,0],[112.49714070300001,-7.0168824929999687,0],[112.49716614800002,-7.0169196709999255,0],[112.49723708600004,-7.0170231069999431,0],[112.49737870000001,-7.0171470509999381,0],[112.49746199900005,-7.0172255479999421,0],[112.49746202100005,-7.017225567999958,0],[112.49769031900007,-7.017292030999954,0],[112.49771561800003,-7.0172993959999417,0],[112.4979873530001,-7.0173493629999371,0],[112.4980480910001,-7.017360531999941,0],[112.49828618000004,-7.0173033279999686,0],[112.49832404500012,-7.0172942299999477,0],[112.49853782200012,-7.0172428669999363,0],[112.49861977400008,-7.0172166379999794,0],[112.49870794100002,-7.0171884199999681,0],[112.4989402010001,-7.0170840159999557,0],[112.49919551500011,-7.0169521869999585,0],[112.49925534200008,-7.0169212959999641,0],[112.49925536600006,-7.0169212819999416,0],[112.49957872500011,-7.0167378169999779,0],[112.49976119700011,-7.0166501579999476,0],[112.49986664100004,-7.0165102759999627,0],[112.49996799000007,-7.0163758279999797,0],[112.49996800600002,-7.0163758069999744,0],[112.49999959700006,-7.016332509999927,0],[112.49999961900005,-7.01633247999996,0],[112.49999964000006,-7.0163324509999256,0],[112.50005418700005,-7.0162576939999326,0],[112.5001499440001,-7.0161264579999738,0],[112.50029465000011,-7.0159186699999623,0],[112.50048059700009,-7.0156195289999346,0],[112.50055712400001,-7.0154425509999783,0],[112.50059191500009,-7.0153620919999753,0],[112.50059331700004,-7.015356732999976,0],[112.50074596600007,-7.0147732399999541,0],[112.50079496800004,-7.0144778869999413,0],[112.50084783500006,-7.0141592339999761,0],[112.50088828000003,-7.0138190929999382,0],[112.50091995200012,-7.0133338529999492,0],[112.50094430200011,-7.0131554769999411,0],[112.50096068700009,-7.0128787789999478,0],[112.50096798700008,-7.0125636219999592,0],[112.50095787200007,-7.0119997329999251,0],[112.5009525590001,-7.0118701569999757,0],[112.50094886200009,-7.0117799979999518,0],[112.5009930760001,-7.0113195949999749,0],[112.50111744300011,-7.0111294669999324,0],[112.50119585400012,-7.0109716499999308,0],[112.50136646600004,-7.0108548499999301,0],[112.5015020830001,-7.0108544159999724,0],[112.50166886300008,-7.0108782469999369,0],[112.50179375500011,-7.0108960929999284,0],[112.50196566300008,-7.0109206569999287,0],[112.50236560300004,-7.0110427159999631,0],[112.50258785900007,-7.0111105469999302,0],[112.50276589300006,-7.0111536659999274,0],[112.50327779300005,-7.0112776449999501,0],[112.50384341000006,-7.011445139999978,0],[112.50582896100002,-7.0118365879999374,0],[112.50702685100009,-7.0119948929999509,0],[112.50722556400001,-7.01201679899998,0],[112.50792013000012,-7.0120933689999561,0],[112.50909779200003,-7.0122720009999284,0],[112.50984826900003,-7.012298977999933,0],[112.50998936500002,-7.0123040499999547,0],[112.5100055150001,-7.0123046299999601,0],[112.5101329360001,-7.0123092109999448,0],[112.51080291200003,-7.0123881289999304,0],[112.51127014100007,-7.0125285059999669,0],[112.51175779300002,-7.0127093509999554,0],[112.51216472700003,-7.0130323359999807,0],[112.51226728200004,-7.0131993869999292,0],[112.51229927400004,-7.0132514979999314,0],[112.51245035300008,-7.0134975889999396,0],[112.51255332900007,-7.0139634309999792,0],[112.51251378800009,-7.014287852999928,0],[112.51249547100008,-7.0143384949999472,0],[112.51240864300007,-7.0145785609999507,0],[112.51234483000007,-7.0147549919999506,0],[112.51197067600003,-7.0157894649999548,0],[112.5115280550001,-7.0169867279999494,0],[112.5109192000001,-7.0182941629999505,0],[112.51075566700001,-7.018544788999975,0],[112.51058532400009,-7.0188058509999678,0],[112.51053882100007,-7.0188539299999775,0],[112.51012977200003,-7.0192768319999459,0],[112.51002797000001,-7.0193820829999254,0],[112.5099503560001,-7.0194489569999519,0],[112.50976771100011,-7.0196063279999521,0],[112.50975980600003,-7.0196131389999437,0],[112.509470308,-7.0198625769999694,0],[112.50917177600002,-7.0200111449999554,0],[112.50876905900009,-7.020211561999929,0],[112.50870416400005,-7.020243857999958,0],[112.50826557500011,-7.0204621269999734,0],[112.50779518600007,-7.0206962209999801,0],[112.50770810900008,-7.0207395559999668,0],[112.50766826600011,-7.0207593839999731,0],[112.50719860300001,-7.0209931169999322,0],[112.50652921800008,-7.0211920759999771,0],[112.50650286700011,-7.0211999079999714,0],[112.50773856600006,-7.0213951339999312,0],[112.50846123500003,-7.0213712769999574,0],[112.50868824000008,-7.021364804999962,0],[112.50900581000008,-7.0213650829999779,0],[112.50903883700005,-7.0213651119999554,0],[112.50916388000007,-7.0213761939999699,0],[112.5095651150001,-7.0214840059999801,0],[112.50967477400002,-7.0216257739999719,0],[112.50985672800005,-7.0216817359999482,0],[112.5098337500001,-7.0219109389999517,0],[112.51006994900001,-7.0221990769999252,0],[112.51035073600008,-7.0223464779999745,0],[112.51035728400007,-7.0223499159999392,0],[112.51044969300006,-7.0221576609999374,0],[112.51046604200008,-7.0221236479999334,0],[112.51057069300009,-7.0221487159999469,0],[112.51074745900007,-7.0221919959999468,0],[112.51078264200009,-7.0222006099999703,0],[112.51100095400011,-7.021513342999981,0],[112.51105537400008,-7.0213494579999747,0],[112.51114637400008,-7.0210520039999551,0],[112.51121736700009,-7.02082020499995,0],[112.51123879600004,-7.0207502379999482,0],[112.51133204000007,-7.0204663899999673,0],[112.51133982100009,-7.0204427029999579,0],[112.51135266300003,-7.0204187669999669,0],[112.51137976500002,-7.0204164409999521,0],[112.51159691300006,-7.0204428859999553,0],[112.51178629600008,-7.0204659489999699,0],[112.51202441800001,-7.0204949479999641,0],[112.51232258500011,-7.0205312579999486,0],[112.5123463220001,-7.0205341489999569,0],[112.51240985300001,-7.0203086179999445,0],[112.51242543100011,-7.0202382249999573,0],[112.51245668500007,-7.0201275859999441,0],[112.51249094600007,-7.0200585689999571,0],[112.51251807500012,-7.0200053659999639,0],[112.51253522000002,-7.0199841449999667,0],[112.51255528500008,-7.0199593079999545,0],[112.51260106400002,-7.0198974309999471,0],[112.51263537300008,-7.0198427689999789,0],[112.51264593100007,-7.0198184099999708,0],[112.51266208300001,-7.0197811459999571,0],[112.51269955300006,-7.0196946999999454,0],[112.51271660100008,-7.0196343509999792,0],[112.51271990500004,-7.0196237779999251,0],[112.51272513400011,-7.0196070479999548,0],[112.51274231500008,-7.0195883309999658,0],[112.51277960800007,-7.0195681119999449,0],[112.51280890900011,-7.0195419209999272,0],[112.51281829200002,-7.0195335339999474,0],[112.5128654670001,-7.0194587329999649,0],[112.51288116600006,-7.0194256649999716,0],[112.51289103800002,-7.0193682099999251,0],[112.51288800700002,-7.0193194109999695,0],[112.51288500800001,-7.0192806609999252,0],[112.51288631500006,-7.0192404609999812,0],[112.51289335100012,-7.0191944999999691,0],[112.51289213100006,-7.0190213499999459,0],[112.5128861610001,-7.0189524629999482,0],[112.51288729700002,-7.0188591479999332,0],[112.51289438300012,-7.0188289779999309,0],[112.51291584300009,-7.0188001979999513,0],[112.51295167600006,-7.018772806999948,0],[112.51300761100003,-7.0187410439999667,0],[112.5130419840001,-7.0187064799999348,0],[112.51305478100005,-7.0186648069999364,0],[112.51306035700009,-7.0186116729999526,0],[112.51306823100003,-7.0185761759999536,0],[112.51311653800008,-7.0184515959999771,0],[112.51314640500004,-7.0183567529999777,0],[112.51318211600005,-7.0182047089999742,0],[112.51320842000007,-7.0181320719999576,0],[112.5132230160001,-7.0180536029999416,0],[112.51323147900007,-7.0180047669999794,0],[112.5132287350001,-7.0179163309999808,0],[112.51322827200011,-7.0179014169999618,0],[112.51321240700008,-7.0177537689999667,0],[112.51320443800012,-7.0176402219999545,0],[112.51321563200008,-7.0175468739999474,0],[112.51324797300003,-7.0173931069999753,0],[112.51327387000003,-7.0173385299999609,0],[112.51327455700005,-7.0173362149999434,0],[112.51327813400007,-7.0173241609999764,0],[112.51330748800001,-7.0173112469999523,0],[112.51335169400011,-7.0173334109999814,0],[112.51348235500006,-7.0173823599999423,0],[112.51355712200007,-7.0173979099999428,0],[112.51363039600005,-7.0173962379999466,0],[112.51380994600004,-7.0173784329999762,0],[112.51400387700005,-7.0173648869999283,0],[112.51427820200001,-7.0173295479999638,0],[112.51455114100008,-7.0173100049999562,0],[112.51493915700007,-7.0173302859999467,0],[112.51524747200006,-7.0173211839999681,0],[112.51526672900002,-7.0173206149999601,0],[112.51584457800004,-7.0172595159999673,0],[112.51593379600001,-7.0172500829999649,0],[112.51593894600001,-7.0172495379999305,0],[112.51594182400004,-7.0172491229999423,0],[112.51627501300004,-7.0172010789999604,0],[112.51636887900008,-7.017188085999976,0],[112.51662544800001,-7.0171525729999757,0],[112.51684802700004,-7.0171116579999762,0],[112.51694818100009,-7.0170930729999554,0],[112.51701795600002,-7.0170801249999499,0],[112.51702825000007,-7.0170782149999695,0],[112.51707635000002,-7.0170692879999592,0],[112.51729511200006,-7.017012690999934,0],[112.51765405900005,-7.0169307799999387,0],[112.51774373000001,-7.0169092039999441,0],[112.5177493970001,-7.0169078389999413,0],[112.51799123700005,-7.0168496499999264,0],[112.51806982300002,-7.0168307409999784,0],[112.51860820000002,-7.0166944159999503,0],[112.51886626900011,-7.0166329989999667,0],[112.51895218000004,-7.016612552999959,0],[112.51912903500011,-7.0165764069999454,0],[112.51945773500006,-7.0165092309999295,0],[112.51963696300004,-7.0164901199999576,0],[112.51968763000002,-7.0164847179999583,0],[112.51971807400002,-7.0164814719999526,0],[112.51986757900011,-7.0164301449999584,0],[112.51999323400003,-7.0164088029999334,0],[112.52012193100006,-7.0164024039999617,0],[112.52022668100005,-7.0163960839999504,0],[112.5203344140001,-7.0163867629999572,0],[112.5204630720001,-7.0163684009999656,0],[112.52053269200007,-7.0163387669999793,0],[112.52059759100007,-7.0163111419999495,0],[112.52072027100007,-7.0162957899999583,0],[112.52098890400009,-7.0162816309999698,0],[112.52102255600005,-7.0162798569999723,0],[112.52124705100005,-7.0162761389999559,0],[112.5215312790001,-7.0162303569999267,0],[112.5216988410001,-7.0162088779999294,0],[112.52187843500008,-7.0162053049999713,0],[112.52190028500002,-7.0162057939999727,0],[112.52211193900007,-7.0162105289999772,0],[112.52230655900007,-7.0162248519999366,0],[112.52258351300009,-7.0162447539999562,0],[112.52262513400001,-7.0162477449999301,0],[112.52266193200001,-7.0162499209999396,0],[112.52281675000006,-7.0162590859999341,0],[112.52311004500007,-7.0162401899999622,0],[112.5233584770001,-7.0162334019999548,0],[112.52361294500008,-7.0162415479999254,0],[112.5238734290001,-7.0162586469999724,0],[112.52404408400002,-7.0162864949999744,0],[112.52405313000008,-7.0162879709999402,0],[112.52407399600008,-7.016294122999966,0],[112.52443261600001,-7.0163998569999535,0],[112.52454863800006,-7.0164340639999523,0],[112.52478125500011,-7.0165165029999343,0],[112.52496340700009,-7.0165810569999394,0],[112.52503751300003,-7.0166166459999317,0],[112.52513766200002,-7.0166647409999428,0],[112.52529118300004,-7.016721716999939,0],[112.52537225000003,-7.0167521379999584,0],[112.52548472400008,-7.0167801689999578,0],[112.52551149200008,-7.0167860199999268,0],[112.52557099600006,-7.0167990289999693,0],[112.52566209700001,-7.0168298359999426,0],[112.52575499300008,-7.0168831059999661,0],[112.5258451740001,-7.0169331699999589,0],[112.52597398300009,-7.0170046769999317,0],[112.52610829000002,-7.01706644799998,0],[112.52642390000005,-7.0171886249999602,0],[112.52670818800004,-7.0172986779999746,0],[112.52727356800006,-7.0175368789999766,0],[112.52728390800007,-7.0175412349999533,0],[112.52759206300004,-7.0176731399999426,0],[112.52762815700009,-7.0177261379999436,0],[112.52765563000003,-7.0177791639999327,0],[112.52766297300002,-7.0178279489999795,0],[112.52766602000008,-7.017881053999929,0],[112.52766181300001,-7.0179126499999711,0],[112.52767349500004,-7.0179700339999727,0],[112.52771831700011,-7.0180560209999499,0],[112.52775869400011,-7.0181003919999512,0],[112.52778895200004,-7.0181261329999529,0],[112.52781058400001,-7.0181504669999413,0],[112.52782220000006,-7.0181877529999497,0],[112.52783954500001,-7.0182192789999363,0],[112.5278899650001,-7.0182593099999622,0],[112.52796778400011,-7.0183293989999811,0],[112.5279907470001,-7.018343950999963,0],[112.52800427200009,-7.0183525219999296,0],[112.52801961800003,-7.0183622479999599,0],[112.52807286000007,-7.0183864789999575,0],[112.52811745300005,-7.018402124999966,0],[112.52816490200007,-7.0184120189999248,0],[112.52820947600003,-7.0184219229999485,0],[112.52822863400002,-7.0184258179999688,0],[112.52825117300006,-7.0184303999999429,0],[112.52828425300004,-7.0184403409999732,0],[112.52830296900004,-7.018451764999952,0],[112.52832170900001,-7.0184703659999741,0],[112.52833328300005,-7.0184947319999651,0],[112.52833768700009,-7.0185234289999698,0],[112.52832783500003,-7.0185866249999549,0],[112.52831503500011,-7.0186268619999623,0],[112.52829649200009,-7.0186685539999303,0],[112.52828227400005,-7.0187145379999265,0],[112.52822796000009,-7.0188022829999568,0],[112.52821081600007,-7.0188324849999617,0],[112.52819510400002,-7.0188612479999506,0],[112.5281880230001,-7.0188928529999544,0],[112.52818953000008,-7.018914380999945,0],[112.52819819400008,-7.0189272729999743,0],[112.5282415050001,-7.0189902959999699,0],[112.5282904930001,-7.0190317669999445,0],[112.52833083700011,-7.0190660889999776,0],[112.52836263500001,-7.0190839089999599,0],[112.52836394500002,-7.0190846429999283,0],[112.52840710600003,-7.0191017289999422,0],[112.52844162300005,-7.0191116659999579,0],[112.52848187300003,-7.0191172769999639,0],[112.52849685900003,-7.0191172279999705,0],[112.52851061000001,-7.0191171829999348,0],[112.52854655400006,-7.0191242439999542,0],[112.52857246400004,-7.0191385149999519,0],[112.52859695100005,-7.0191570969999475,0],[112.52861280800005,-7.0191728369999282,0],[112.52869924300001,-7.0192414609999787,0],[112.52873377900005,-7.0192571399999792,0],[112.52876975600009,-7.0192742489999773,0],[112.52877826700001,-7.019276730999934,0],[112.52883303700003,-7.0192927049999412,0],[112.52885316200002,-7.0192955109999389,0],[112.52888046700002,-7.0192968569999721,0],[112.52890344200011,-7.0192924759999755,0],[112.52893357400001,-7.0192794579999713,0],[112.52895793000005,-7.0192578449999701,0],[112.52898226700006,-7.0192304899999272,0],[112.52901090500006,-7.0192002499999262,0],[112.52903957100011,-7.0191786239999487,0],[112.52907688700009,-7.019165581999971,0],[112.52910849700004,-7.0191654789999802,0],[112.52913190800007,-7.0191705159999742,0],[112.52915450900002,-7.0191753779999431,0],[112.52924803400003,-7.0192152689999716,0],[112.52936216800003,-7.0192619329999388,0],[112.52938040100003,-7.019269387999941,0],[112.5294925820001,-7.0193020399999568,0],[112.52954723400001,-7.0193176529999732,0],[112.52967517800005,-7.0193373329999531,0],[112.5297455970001,-7.0193414099999814,0],[112.52979731800008,-7.0193398059999481,0],[112.52983753500007,-7.0193353679999291,0],[112.52988062200006,-7.0193294859999469,0],[112.52991218500006,-7.0193150269999478,0],[112.52993798200009,-7.0192948459999798,0],[112.52995658600003,-7.0192718159999572,0],[112.52997375300004,-7.0192487909999386,0],[112.5299837450001,-7.0192286609999428,0],[112.52999518400009,-7.0192113969999355,0],[112.53001811200011,-7.0191926599999306,0],[112.53002841300008,-7.0191921119999279,0],[112.53004684400003,-7.0191911309999568,0],[112.53007273500009,-7.0191996599999698,0],[112.53010152400009,-7.0192153569999505,0],[112.53019945800008,-7.019285378999939,0],[112.53029300700007,-7.0193324469999538,0],[112.53031608400011,-7.019344556999954,0],[112.53034194400004,-7.0193581279999648,0],[112.53039804600007,-7.0193780419999712,0],[112.53040017800004,-7.0193786729999488,0],[112.53044119300012,-7.0193908219999344,0],[112.53047426900002,-7.0193993269999737,0],[112.53050591700003,-7.0194107079999526,0],[112.53053326800011,-7.0194264099999373,0],[112.53054270700011,-7.0194307729999537,0],[112.53057643900001,-7.0194463669999436,0],[112.53060519900009,-7.0194534509999471,0],[112.53060552600004,-7.0194534979999617,0],[112.53062446400008,-7.0194562169999699,0],[112.53063438300001,-7.019457640999974,0],[112.53064691500003,-7.0194600929999638,0],[112.5306563580001,-7.019447161999949,0],[112.53069186500011,-7.01939854099993,0],[112.53069711900002,-7.0193913459999635,0],[112.53071130900003,-7.0193367489999332,0],[112.53073123700005,-7.0192792619999409,0],[112.53074397100011,-7.0192189279999297,0],[112.53074210800003,-7.019088298999975,0],[112.53075002000003,-7.018871504999936,0],[112.53077545600001,-7.0187407869999561,0],[112.53079954000009,-7.0186359139999581,0],[112.53080808600009,-7.0186129169999276,0],[112.53082664400006,-7.0185853999999495,0],[112.53083525400007,-7.0185726329999625,0],[112.53086393000001,-7.0185538769999312,0],[112.53091848200006,-7.0185393439999757,0],[112.53096590300004,-7.0185406249999573,0],[112.53105071300001,-7.0185518319999574,0],[112.53124482600003,-7.0185942649999333,0],[112.53130523400011,-7.0186127299999725,0],[112.53134260100001,-7.0186154799999372,0],[112.53135986000007,-7.0186129589999382,0],[112.53136270800007,-7.0186125429999606,0],[112.53138273400009,-7.0185852019999402,0],[112.53138739800011,-7.0185724259999347,0],[112.53139270300005,-7.0185578939999687,0],[112.53140698600009,-7.0185320079999656,0],[112.53142417700008,-7.0185161609999795,0],[112.53145579200009,-7.0185174929999334,0],[112.53149985200002,-7.0185281709999572,0],[112.53151102900006,-7.0185308799999575,0],[112.53158934300006,-7.0185498589999611,0],[112.53161004500009,-7.0185548759999392,0],[112.53163697800005,-7.0185614029999783,0],[112.5318112010001,-7.0186728069999731,0],[112.53185353600009,-7.0187053189999347,0],[112.53186152100011,-7.0187114499999552,0],[112.5318695310001,-7.0186962469999798,0],[112.53188805900004,-7.0186610779999796,0],[112.53192533900005,-7.0185903129999474,0],[112.53206108100005,-7.0183326509999802,0],[112.5320967990001,-7.0182703269999251,0],[112.5320968960001,-7.0182702819999463,0],[112.53212788300004,-7.0182558699999618,0],[112.53228130100001,-7.0183032209999396,0],[112.53229246100011,-7.0183056609999426,0],[112.53230287000008,-7.0183079359999283,0],[112.53231478800001,-7.0182911489999356,0],[112.53234013200006,-7.0182564759999764,0],[112.53255319500011,-7.0179649799999311,0],[112.53257716600001,-7.0179720789999465,0],[112.53263960900006,-7.018026903999953,0],[112.53275477400007,-7.0180935199999794,0],[112.53287939300003,-7.0181218239999339,0],[112.53292059300009,-7.0181236969999645,0],[112.53297759200007,-7.0181262889999516,0],[112.53300311200007,-7.0178749849999349,0],[112.53300354900011,-7.0178727629999571,0],[112.53301017900003,-7.0178390729999478,0],[112.53303400400011,-7.0178016709999724,0],[112.53305679900006,-7.0177422599999773,0],[112.53309810900009,-7.0176137119999566,0],[112.53310421100002,-7.0175947229999451,0],[112.53316096300011,-7.0173744199999533,0],[112.53318415000001,-7.0172685389999288,0],[112.53318738900009,-7.0172537479999733,0],[112.5332289050001,-7.0171279449999702,0],[112.53325378400007,-7.0170525549999638,0],[112.53326158400012,-7.016999665999947,0],[112.53327034800009,-7.0169402389999505,0],[112.5332744000001,-7.0169127609999578,0],[112.53329470100005,-7.0168448719999787,0],[112.53329903500003,-7.0168303759999731,0],[112.53333525300002,-7.0167747489999783,0],[112.53338312100004,-7.0167306209999651,0],[112.5334040140001,-7.0167113609999774,0],[112.53343640000003,-7.0166557469999589,0],[112.53344196600005,-7.016600220999976,0],[112.53344563500002,-7.0165504439999609,0],[112.53343788400002,-7.0165236719999484,0],[112.53340333100005,-7.0165027299999565,0],[112.53325569200001,-7.0164649309999731,0],[112.53322305500001,-7.016443982999931,0],[112.53319998400002,-7.0164191759999426,0],[112.53319222700009,-7.0163904899999352,0],[112.53319609500011,-7.0163627909999491,0],[112.53319784300004,-7.0163502759999687,0],[112.53324140500001,-7.0161970089999386,0],[112.53327356600005,-7.0160724899999423,0],[112.53330170100003,-7.0158886479999296,0],[112.53333006800005,-7.015775625999936,0],[112.53334762000009,-7.015718857999957,0],[112.53334902500001,-7.0157143139999789,0],[112.53334986200002,-7.0157138929999405,0],[112.53336050100006,-7.0157085339999412,0],[112.5335679530001,-7.0157623319999516,0],[112.53364549800006,-7.0155697909999617,0],[112.53364893200001,-7.0155604879999487,0],[112.53366099800007,-7.0155278039999303,0],[112.53368157800003,-7.0154720559999646,0],[112.53368974200009,-7.0154489789999275,0],[112.53371005100007,-7.0153915719999418,0],[112.53374766500008,-7.0151770739999506,0],[112.53374473300005,-7.0151630759999648,0],[112.53373404100012,-7.0151120409999521,0],[112.53372808100005,-7.0150469819999444,0],[112.5337336340001,-7.0149876279999717,0],[112.53376594500003,-7.014909045999957,0],[112.53379071900008,-7.0148687699999641,0],[112.53382891500007,-7.0148322779999717,0],[112.53389211600006,-7.0148263289999591,0],[112.53393617800009,-7.0148261849999471,0],[112.53398676400002,-7.0148332359999586,0],[112.53416586900005,-7.0148582029999602,0],[112.5342447590001,-7.0148691999999642,0],[112.53446510900005,-7.0148799639999311,0],[112.53453216100002,-7.0148797449999734,0],[112.53455893700004,-7.0148662589999731,0],[112.53459134200011,-7.0148163879999288,0],[112.53462376000004,-7.0147703439999418,0],[112.53464280500009,-7.0147358289999602,0],[112.53468120100001,-7.0146355059999337,0],[112.53471688600007,-7.0145422669999675,0],[112.53508572200008,-7.0146355059999337,0],[112.53523265700005,-7.0146726499999659,0],[112.53525361100003,-7.0146362149999391,0],[112.53525380600001,-7.0146355059999337,0],[112.53527254300002,-7.0145672469999454,0],[112.53532734700002,-7.0143373799999722,0],[112.53536519200009,-7.0141937019999432,0],[112.53537769700006,-7.0141520869999567,0],[112.5354561580001,-7.0138909829999534,0],[112.5355075760001,-7.0137970259999634,0],[112.53555343500011,-7.0137605089999511,0],[112.53557623500001,-7.0137030119999508,0],[112.53562380300002,-7.0136033259999522,0],[112.53570657000012,-7.0134505339999578,0],[112.53573805800011,-7.0133924049999337,0],[112.53581427400002,-7.0132658279999305,0],[112.53585422900005,-7.013181478999968,0],[112.53591063700003,-7.0130373259999601,0],[112.53591122500006,-7.0130358239999282,0],[112.53591589000007,-7.0130247559999361,0],[112.53594354200004,-7.0129591559999653,0],[112.53595295100001,-7.0129074449999393,0],[112.53596052000012,-7.0128787099999386,0],[112.53600411200011,-7.01273501299994,0],[112.536036448,-7.0126640869999619,0],[112.53609761400003,-7.0126217769999357,0],[112.53613084600011,-7.0125992829999291,0],[112.53620274800005,-7.0125506129999735,0],[112.5362154070001,-7.0125434759999621,0],[112.53629835900006,-7.0124967069999684,0],[112.5363691980001,-7.0124830759999668,0],[112.53639181500012,-7.0124666939999543,0],[112.53640759000007,-7.0124552679999397,0],[112.53641697900002,-7.0124484669999561,0],[112.53647235300002,-7.0123927779999349,0],[112.53654212600009,-7.0123191009999459,0],[112.53658690300006,-7.012271817999931,0],[112.53666712300003,-7.0121743229999538,0],[112.53667849500005,-7.012160501999972,0],[112.53678202600008,-7.0120255419999467,0],[112.53686544100003,-7.0119168049999416,0],[112.53686584900004,-7.0119162479999773,0],[112.53699894700003,-7.0117345329999807,0],[112.53708865400006,-7.0116327939999792,0],[112.53721254300001,-7.0114390689999482,0],[112.53734017600004,-7.0112185339999655,0],[112.53745513100012,-7.0110220759999606,0],[112.53745969500005,-7.0110092069999723,0],[112.53753231000007,-7.0108044679999466,0],[112.53753583000002,-7.0107907709999608,0],[112.53760419200012,-7.0105247809999582,0],[112.53766628200003,-7.0101800469999489,0],[112.5377104910001,-7.0098964879999812,0],[112.53772614800005,-7.0096422069999562,0],[112.53773832400009,-7.0094444549999366,0],[112.53774584600001,-7.0093222879999644,0],[112.53775466000002,-7.009245261999979,0],[112.53777564500001,-7.0090618789999439,0],[112.53785823600003,-7.0085428979999733,0],[112.53788361900001,-7.008446527999979,0],[112.5379036490001,-7.0083704839999541,0],[112.53799979000007,-7.0080736949999505,0],[112.53800606300001,-7.0080543299999363,0],[112.53808409300007,-7.0078971209999281,0],[112.53820806900001,-7.00773019199994,0],[112.53832438200004,-7.0075632889999611,0],[112.53842080700008,-7.0074186009999266,0],[112.53843304500003,-7.0074002379999456,0],[112.53848642100002,-7.0073196729999268,0],[112.53849590600009,-7.0072909309999432,0],[112.53849394000008,-7.007275624999977,0],[112.53848238300009,-7.0072565219999774,0],[112.538390058,-7.007143894999956,0],[112.53832542600003,-7.0070961339999371,0],[112.53829979900001,-7.0070771979999336,0],[112.53820955900005,-7.0070162439999422,0],[112.5379889940001,-7.0069384889999355,0],[112.53764383900011,-7.0068375789999777,0],[112.53738687400005,-7.0067624519999754,0],[112.53696691700009,-7.0066374969999288,0],[112.53661794800007,-7.0065448499999547,0],[112.53641281600005,-7.0064995829999361,0],[112.53629781600011,-7.0064827319999381,0],[112.53621910700008,-7.0064857979999715,0],[112.53566393100004,-7.0065517959999397,0],[112.53566156300008,-7.0065219429999388,0],[112.53565194200007,-7.0064006239999799,0],[112.53565706900008,-7.0062111149999282,0],[112.53565831900005,-7.006201505999968,0],[112.53568461900011,-7.0059993869999744,0],[112.53569070600008,-7.0059526069999265,0],[112.5356941120001,-7.0058224399999744,0],[112.53568423200011,-7.0057305969999675,0],[112.53567067800009,-7.0056866179999702,0],[112.53563126600011,-7.0056294629999343,0],[112.53556321800011,-7.0055307789999688,0],[112.53554077800004,-7.0056028169999536,0],[112.5353857990001,-7.005809084999953,0],[112.53527591900001,-7.0058931829999551,0],[112.53506318700011,-7.0060135069999774,0],[112.53477600800011,-7.006069474999947,0],[112.53460126100003,-7.0060891849999507,0],[112.5344694690001,-7.0060632979999582,0],[112.53434008800002,-7.0060421869999345,0],[112.5342227110001,-7.0060306069999569,0],[112.53409581000005,-7.006035805999943,0],[112.53393196700006,-7.0061003979999441,0],[112.53388774100006,-7.006117832999962,0],[112.5337706140001,-7.0061828149999315,0],[112.53362081400007,-7.0062557859999401,0],[112.53355304500008,-7.0062887979999573,0],[112.5334407150001,-7.0063561569999706,0],[112.53326848800009,-7.0064141409999365,0],[112.53316310700006,-7.0064096989999598,0],[112.53302654100003,-7.0063886119999665,0],[112.53292350800007,-7.0063698069999418,0],[112.53274631200009,-7.0063727779999567,0],[112.53265199700002,-7.0064061039999501,0],[112.5326506350001,-7.0064065849999793,0],[112.5326196850001,-7.0064617159999329,0],[112.53261745400005,-7.0065119669999376,0],[112.53264158000002,-7.0065669179999759,0],[112.53265622100002,-7.0066506099999515,0],[112.53266217100008,-7.0066822999999658,0],[112.53269034100003,-7.0068323349999559,0],[112.53269497000008,-7.0068727589999753,0],[112.53270981800006,-7.0070024149999313,0],[112.53271252600007,-7.0070260619999658,0],[112.53270476200009,-7.0070513489999371,0],[112.53269120100003,-7.0070955159999357,0],[112.53263868300007,-7.0071459319999576,0],[112.53254061000007,-7.0071797469999524,0],[112.5324701620001,-7.0071823629999699,0],[112.53239934200008,-7.007184992999953,0],[112.53228188600008,-7.0071494869999356,0],[112.5320900480001,-7.0070687649999286,0],[112.53198434700005,-7.0069662289999428,0],[112.53189540100004,-7.006861244999925,0],[112.53187245900006,-7.0068287259999806,0],[112.53182803700008,-7.0067657609999401,0],[112.53174128300009,-7.006598563999944,0],[112.53165940300005,-7.0064576679999391,0],[112.53159506000009,-7.0063518279999357,0],[112.53156069200008,-7.0062952939999263,0],[112.53145024000003,-7.0062047359999724,0],[112.53132076500003,-7.0061549139999784,0],[112.53117460500005,-7.0061290709999753,0],[112.53102620700008,-7.0061510889999568,0],[112.53090653600009,-7.0061706189999313,0],[112.53080130400008,-7.0062116359999322,0],[112.53074867900011,-7.0062285539999607,0],[112.53073691700001,-7.0061936859999605,0],[112.53073175000009,-7.0061783659999719,0],[112.53072843300004,-7.0061618789999329,0],[112.53071456000009,-7.0058701779999524,0],[112.53070282400006,-7.0057995949999281,0],[112.53069318700011,-7.0057416459999331,0],[112.53068326100004,-7.0055230429999256,0],[112.5306802880001,-7.0054575689999297,0],[112.5306664740001,-7.005323973999964,0],[112.53063424700008,-7.0050122909999573,0],[112.53071905100001,-7.0045442149999531,0],[112.53076331900002,-7.0042998879999345,0],[112.53071698300005,-7.0043122959999664,0],[112.53068749400006,-7.004320191999966,0],[112.5306343420001,-7.0043232359999479,0],[112.53058686700001,-7.0043047289999549,0],[112.53056668600004,-7.0042846969999459,0],[112.5305651000001,-7.0042387649999682,0],[112.530576397,-7.0041784349999716,0],[112.53062888600004,-7.0040454989999716,0],[112.5306495530001,-7.0039210169999251,0],[112.5306507250001,-7.0038431199999422,0],[112.53065427600006,-7.0036070949999498,0],[112.53056033200005,-7.0035844319999683,0],[112.53045299600001,-7.003567554999961,0],[112.53042801600009,-7.0035446679999609,0],[112.53042012900005,-7.0034757869999567,0],[112.53043330200001,-7.0034030099999427,0],[112.53044643100009,-7.0033168339999747,0],[112.52941744900011,-7.0032455329999266,0],[112.52935591500011,-7.0031749129999525,0],[112.52837476400009,-7.0030843139999774,0],[112.52832361100002,-7.0033883809999793,0],[112.52830710700005,-7.0034864879999645,0],[112.52809571000012,-7.0034633209999697,0],[112.52750987600007,-7.0033991179999475,0],[112.52669991200003,-7.0031965489999379,0],[112.52664445400001,-7.0034016549999478,0],[112.5265858250001,-7.0035304579999433,0],[112.52657312300005,-7.0035583619999784,0],[112.52652888200009,-7.0036503809999431,0],[112.52651047800009,-7.0037351379999677,0],[112.52654568500009,-7.0039575339999374,0],[112.52658065300011,-7.0041067179999459,0],[112.52655156000003,-7.0044384249999325,0],[112.52654046200007,-7.0045604829999775,0],[112.52651178000008,-7.0045553179999729,0],[112.52624286900004,-7.0045068979999314,0],[112.52615102100003,-7.0045402139999737,0],[112.52603323700009,-7.004550644999938,0],[112.52585788300007,-7.0045311169999422,0],[112.52571560400008,-7.004520093999929,0],[112.52560285300001,-7.0047530189999634,0],[112.52555156700009,-7.0048881279999478,0],[112.5252511000001,-7.0048345519999771,0],[112.52519080100001,-7.0048272049999696,0],[112.52511471700006,-7.0048179349999486,0],[112.52488457100003,-7.0047898949999308,0],[112.52463821800006,-7.004690314999948,0],[112.52439333600012,-7.0046898029999625,0],[112.52419272500003,-7.0046725089999313,0],[112.52386005800008,-7.0045479769999588,0],[112.52374931500003,-7.0045513259999552,0],[112.52356291700005,-7.0046123239999361,0],[112.52353701200002,-7.0046207979999622,0],[112.52350067400005,-7.0045461459999387,0],[112.52349738100008,-7.0043996149999543,0],[112.52351990000011,-7.0039599039999416,0],[112.52343288000009,-7.0038943889999814,0],[112.52333403400007,-7.0038737739999419,0],[112.52320829500002,-7.003868200999932,0],[112.52289111000005,-7.0039021259999572,0],[112.5223880960001,-7.0038618849999352,0],[112.52211987200008,-7.0038326739999661,0],[112.52201128200011,-7.0038208479999753,0],[112.52136416900009,-7.0037808739999718,0],[112.52104165000003,-7.0037767869999357,0],[112.52093328900003,-7.003759678999927,0],[112.52063634500007,-7.0037904639999624,0],[112.52042541900005,-7.0038145339999573,0],[112.52037469000004,-7.0038203229999567,0],[112.5202773530001,-7.0038314309999805,0],[112.5201774090001,-7.0038548529999503,0],[112.52001540700007,-7.0038928179999402,0],[112.51972662600008,-7.0039954039999657,0],[112.51971197600005,-7.0039512069999432,0],[112.51963580500001,-7.0037545239999304,0],[112.51959896000005,-7.0036168289999523,0],[112.51958123500003,-7.0034675889999676,0],[112.51958428800003,-7.0034536519999619,0],[112.51964348200011,-7.0033378839999614,0],[112.5196469120001,-7.0032876289999422,0],[112.51961088700011,-7.0032554459999687,0],[112.51931610000008,-7.00318103099994,0],[112.51929803600001,-7.0031487899999547,0],[112.5193619480001,-7.0029188949999366,0],[112.51936536900007,-7.0028787969999371,0],[112.51938417700001,-7.0027645159999565,0],[112.51937497100005,-7.0025836649999746,0],[112.51942433300007,-7.002297829999975,0],[112.51941798200005,-7.0022643239999525,0],[112.51940094500003,-7.0021744479999484,0],[112.51936996500001,-7.0019247609999411,0],[112.51933590100009,-7.0016104849999579,0],[112.51930544400011,-7.001460849999944,0],[112.51927426900011,-7.0013544209999736,0],[112.51922022700001,-7.0013043509999306,0],[112.5191013320001,-7.0011934789999373,0],[112.51902575000008,-7.0011470679999661,0],[112.51896816200008,-7.0011113649999288,0],[112.51892125800009,-7.0010469159999502,0],[112.51891025000009,-7.0009751739999615,0],[112.51891243600005,-7.0005409109999732,0],[112.51890034900009,-7.0001354049999804,0],[112.5188268390001,-6.9996188419999612,0],[112.51875221500006,-6.9995791429999485,0],[112.51875187700011,-6.9995626169999809,0],[112.51875177600004,-6.9995576849999566,0],[112.51874766600008,-6.9993571249999604,0],[112.51867863300004,-6.9993362919999527,0],[112.51850345300011,-6.9992961839999452,0],[112.51833436400011,-6.9992141849999712,0],[112.51824199100008,-6.9991711169999462,0],[112.517906272,-6.9990145879999659,0],[112.51713278500006,-6.9986402499999372,0],[112.51678091200006,-6.9984669959999337,0],[112.51662911300002,-6.998387738999952,0],[112.51654079200011,-6.9983267729999739,0],[112.51651965200006,-6.9983057869999357,0],[112.51650992500004,-6.9982598799999778,0],[112.51652125300006,-6.9982081629999584,0],[112.51658981600008,-6.9980835279999383,0],[112.51653796300002,-6.998043498999948,0],[112.51648038600001,-6.998011144999964,0],[112.51640558700001,-6.997984588999941,0],[112.51626370800011,-6.9979486789999328,0],[112.51614484100003,-6.9979203509999479,0],[112.51605466100011,-6.9978766179999639,0],[112.51598749400011,-6.9978404659999569,0],[112.51596065000001,-6.9978328959999772,0],[112.51594954500001,-6.9979535189999638,0],[112.51573476300007,-6.9978853039999649,0],[112.5156933510001,-6.9979650819999506,0],[112.51568758200006,-6.9979761959999678,0],[112.51565910900001,-6.9980576349999524,0],[112.51561754300008,-6.9981630439999662,0],[112.5155257780001,-6.9982961279999358,0],[112.5154361220001,-6.9984150899999804,0],[112.51540755300005,-6.9984668619999297,0],[112.51537728500011,-6.9985856319999584,0],[112.51532789600003,-6.9987159489999726,0],[112.51524018700002,-6.9988444749999417,0],[112.51480815200011,-6.9986196459999519,0],[112.51464210800009,-6.9985332369999469,0],[112.51462858900004,-6.9985620339999741,0],[112.514220636,-6.9994309919999296,0],[112.51401524100004,-6.9994043509999528,0],[112.51398079100011,-6.9995631829999638,0],[112.51394730000004,-6.9997175929999571,0],[112.51385286300001,-6.9997442529999603,0],[112.51374154600001,-6.9997756779999349,0],[112.51289563600005,-6.9995917759999315,0],[112.51300661900007,-6.9991057209999781,0],[112.51136321800004,-6.9989004539999655,0],[112.51130824900008,-6.9990618039999504,0],[112.51111792500001,-6.9996204579999812,0],[112.51105704600002,-6.999599701999955,0],[112.5107842220001,-6.9995066849999716,0],[112.51067384400005,-6.9995122659999538,0],[112.51055441200003,-6.9994720479999728,0],[112.51004936700008,-6.9993051939999305,0],[112.51006636000011,-6.9992276189999529,0],[112.50984335900012,-6.9991350229999512,0],[112.50983005300009,-6.9991716909999582,0],[112.50976930000002,-6.9993391109999266,0],[112.50956585600011,-6.9992927949999739,0],[112.50897752200001,-6.9991588569999408,0],[112.50897049800005,-6.9991864169999758,0],[112.50896004600008,-6.9992329339999628,0],[112.50888614300004,-6.9995618249999438,0],[112.5088510380001,-6.9998155529999622,0],[112.50880373700011,-6.9999999359999379,0],[112.50869122500001,-6.999972727999932,0],[112.50788586400006,-6.999777973999926,0],[112.50786961100005,-6.9998003459999723,0],[112.50784056500004,-6.9998403269999585,0],[112.50776599900007,-6.9998322609999377,0],[112.50714069500009,-6.9997825059999741,0],[112.50711434600009,-6.99978019699995,0],[112.50705463000008,-6.9997548529999563,0],[112.50657720700008,-6.9995522279999705,0],[112.50704529900008,-6.9991583409999407,0],[112.50671410900009,-6.9989321029999587,0],[112.5064650810001,-6.9989376859999766,0],[112.50626614900011,-6.9988832929999489,0],[112.50601195600007,-6.9987716539999383,0],[112.50595694500009,-6.9988289699999768,0],[112.50558053600002,-6.998653403999981,0],[112.50527584100007,-6.9984749319999651,0],[112.50539199700006,-6.9981060999999727,0],[112.50545590200011,-6.9978714199999672,0],[112.50550779300011,-6.9976248149999378,0],[112.50552392000009,-6.9974261769999657,0],[112.50553083600005,-6.9973424139999452,0],[112.50562113400008,-6.9971243979999258,0],[112.50570632100005,-6.9968059079999421,0],[112.50574379900002,-6.9965449939999758,0],[112.50567180000007,-6.9964949789999764,0],[112.50561341600007,-6.9962104449999742,0],[112.5055790780001,-6.9959569379999493,0],[112.50558119700008,-6.9958707979999417,0],[112.50562076300002,-6.9955141719999574,0],[112.50561299700007,-6.9953323589999741,0],[112.50563835700007,-6.9950260239999693,0],[112.50548487800006,-6.9949571289999426,0],[112.50548935400002,-6.9948590169999534,0],[112.50551898900005,-6.9943923639999639,0],[112.50520963800011,-6.9942545819999395,0],[112.50525692600002,-6.9940654139999765,0],[112.50515622100011,-6.9940250619999347,0],[112.50489018000007,-6.9939517419999788,0],[112.50497093100012,-6.9937433269999474,0],[112.50481500500007,-6.993657690999953,0],[112.50465666900004,-6.9935672779999436,0],[112.50480387200002,-6.9931720259999679,0],[112.50482267600012,-6.9930619059999799,0],[112.50485560300001,-6.9928751769999735,0],[112.50486458500006,-6.9926885249999486,0],[112.50478546300008,-6.9926576739999291,0],[112.50460578200011,-6.9926319289999697,0],[112.50465277900003,-6.992351843999927,0],[112.50474007800005,-6.9919448209999473,0],[112.50477775500008,-6.9917461139999659,0],[112.50483468200002,-6.9915760569999748,0],[112.50460918400006,-6.991449968999973,0],[112.50442206700006,-6.9913452919999486,0],[112.50437878000002,-6.9912880079999695,0],[112.50430431000007,-6.99121407399997,0],[112.50415556900009,-6.9911284149999346,0],[112.50416972200003,-6.9910613769999372,0],[112.50422179900011,-6.9908721939999623,0],[112.50423579900007,-6.990757303999942,0],[112.50425942400011,-6.9906567389999736,0],[112.50427548200003,-6.9904365669999606,0],[112.50427514500007,-6.9903312929999402,0],[112.50426747100005,-6.9901781909999272,0],[112.50422981600002,-6.9900793099999419,0],[112.50414397700001,-6.9900673379999603,0],[112.50409565700011,-6.9900605979999568,0],[112.50382479200005,-6.9899753289999467,0],[112.50346768200006,-6.9898783719999642,0],[112.50322792300005,-6.9897858249999558,0],[112.50301689200001,-6.9896907929999657,0],[112.50293062600008,-6.9896719279999502,0],[112.50272463600004,-6.9896558369999298,0],[112.50279938200003,-6.9890670149999323,0],[112.50280846400005,-6.9889114669999799,0],[112.5028055570001,-6.988751170999933,0],[112.50268565200008,-6.9886965229999305,0],[112.50268284400011,-6.9885673309999561,0],[112.50252938400001,-6.9885032199999273,0],[112.50260465800011,-6.9880794869999363,0],[112.50051894600006,-6.9872347319999335,0],[112.49875353000004,-6.9865197029999422,0],[112.49686241400002,-6.9857537629999342,0],[112.49472516900005,-6.9848881359999382,0],[112.49472506900008,-6.9848880959999633,0],[112.49500396300004,-6.984261111999956,0],[112.49476858700007,-6.9840393439999389,0],[112.49443726000004,-6.9837652429999366,0],[112.4943027920001,-6.9836484309999491,0],[112.49394312600009,-6.9834988349999776,0],[112.49395724200008,-6.9834198339999602,0],[112.49354486600009,-6.9832608339999638,0],[112.49325229500005,-6.9831253809999794,0],[112.49300781200009,-6.9830519839999283,0],[112.49290463200009,-6.9829853179999759,0],[112.49270809500001,-6.982928516999948,0],[112.4925977470001,-6.9828666579999776,0],[112.49251624800002,-6.9828405969999494,0],[112.49238451500003,-6.9828314429999523,0],[112.49205354500009,-6.9827984969999761,0],[112.49201584100001,-6.9829612769999585,0],[112.49188240800004,-6.9829442209999684,0],[112.49149392200002,-6.982894554999973,0],[112.49083570300002,-6.9827107959999353,0],[112.49081072900003,-6.9827634229999376,0],[112.49080105200005,-6.9827838139999585,0],[112.49071219100006,-6.9827598399999715,0],[112.4900886050001,-6.9825915999999779,0],[112.49008854900001,-6.9825915839999766,0],[112.49007104900011,-6.9825868639999271,0],[112.48999201300001,-6.9825655399999391,0],[112.48998971500009,-6.9825649199999589,0],[112.48996938900007,-6.9825594339999384,0],[112.48996391600008,-6.9825579569999263,0],[112.48995315000002,-6.9825550519999524,0],[112.48993956700008,-6.982551386999944,0],[112.48993419600004,-6.9825499379999769,0],[112.48992978300009,-6.9825487479999424,0],[112.48991685800002,-6.9825452619999737,0],[112.48990521500002,-6.9825421209999377,0],[112.48989940800004,-6.9825405539999679,0],[112.48988212200004,-6.9825358909999409,0],[112.48987141300006,-6.9825330019999683,0],[112.48987078900007,-6.982532833999926,0],[112.48985479000009,-6.9825285209999493,0],[112.48985432100005,-6.9825283949999744,0],[112.48984794400008,-6.9825266739999279,0],[112.48984361600003,-6.9825255069999344,0],[112.48984328900008,-6.9825254189999555,0],[112.48984307700005,-6.982525361999933,0],[112.48984147800002,-6.9825249309999435,0],[112.48984130600002,-6.982524883999929,0],[112.48983951900004,-6.9825244029999567,0],[112.48983926900007,-6.9825243349999369,0],[112.48983815000008,-6.9825240329999474,0],[112.4898377510001,-6.9825239249999527,0],[112.48983706600006,-6.9825237399999764,0],[112.48983584000007,-6.9825234089999526,0],[112.48983540500001,-6.9825232919999394,0],[112.48983408600009,-6.9825229359999526,0],[112.48983358300006,-6.9825227999999697,0],[112.48983263000002,-6.9825225429999591,0],[112.48983246100011,-6.982522496999934,0],[112.48983076800005,-6.9825220409999815,0],[112.48983033200011,-6.9825219239999683,0],[112.48983014700002,-6.9825218739999286,0],[112.48982949000003,-6.9825216979999709,0],[112.48982942500004,-6.9825216939999564,0],[112.48979885800009,-6.9825205409999285,0],[112.48978358600004,-6.9825184449999256,0],[112.48976588200003,-6.9825160139999412,0],[112.48975302100007,-6.9825142489999621,0],[112.48974727600012,-6.9825134599999501,0],[112.48974455900009,-6.9825125539999249,0],[112.48952116100008,-6.9824380829999768,0],[112.48948952400008,-6.9824275369999782,0],[112.48924105800006,-6.9823447129999749,0],[112.4892410010001,-6.9823447039999564,0],[112.4892161250001,-6.9824337809999406,0],[112.48917091800001,-6.982595660999948,0],[112.4890601410001,-6.9825526559999389,0],[112.48841977000006,-6.982303988999945,0],[112.48773852900001,-6.9820394509999346,0],[112.48683396800004,-6.9816716439999595,0],[112.48683391300005,-6.9816716339999516,0],[112.48680916800004,-6.9817327199999681,0],[112.48664688500003,-6.9821333339999683,0],[112.48655269400001,-6.9823346119999314,0],[112.48647712200011,-6.9825171689999479,0],[112.48641293500009,-6.9826652359999457,0],[112.48632458600002,-6.9828966429999468,0],[112.48629471000004,-6.982978912999954,0],[112.48625621500003,-6.983084918999964,0],[112.48618911800008,-6.9832215099999644,0],[112.48614372400004,-6.9832986399999299,0],[112.48598509200008,-6.9835681749999594,0],[112.4859677390001,-6.9835879599999657,0],[112.4858128620001,-6.9836899719999792,0],[112.48567991000004,-6.9837497279999639,0],[112.48558144000003,-6.9838093759999538,0],[112.48551268100005,-6.9838746719999563,0],[112.48534895800003,-6.9840029759999425,0],[112.48532106300001,-6.9840213249999579,0],[112.48531520200004,-6.9840258759999756,0],[112.48518525400004,-6.9841267699999321,0],[112.48496182000008,-6.9843495099999586,0],[112.48479947200008,-6.984495471999935,0],[112.48479944700011,-6.9844954939999297,0],[112.48476867600004,-6.9844757749999644,0],[112.48470735100011,-6.9844364749999386,0],[112.48470730700001,-6.9844364469999505,0],[112.48468826500005,-6.9844728749999376,0],[112.48465578600008,-6.9845198749999327,0],[112.48463993700011,-6.9845428099999367,0],[112.48457957200003,-6.9846301659999313,0],[112.48450250400003,-6.9846034969999664,0],[112.48442614300006,-6.9845770619999712,0],[112.48424008100005,-6.984501082999941,0],[112.48415945300007,-6.9844477419999293,0],[112.4840244080001,-6.9843939339999679,0],[112.48367622700005,-6.9842808299999319,0],[112.48367617200006,-6.9842808219999597,0],[112.48359055100002,-6.9844667599999752,0],[112.48356410000008,-6.9845186999999669,0],[112.48351439500004,-6.9846162999999706,0],[112.48345455100002,-6.9848349089999715,0],[112.48335677700004,-6.9848119899999688,0],[112.48326413200004,-6.9847902599999543,0],[112.48326407500008,-6.9847902499999464,0],[112.48308200400004,-6.9847746209999286,0],[112.48308194600008,-6.9847746169999709,0],[112.48306086100001,-6.984841117999963,0],[112.48298900000009,-6.9850677679999649,0],[112.48299298800009,-6.9851175219999391,0],[112.48298360900003,-6.9851807169999347,0],[112.48296272300001,-6.9852401199999576,0],[112.48294566300001,-6.985297596999942,0],[112.48291906700001,-6.985368502999961,0],[112.4829077600001,-6.9854278759999602,0],[112.48290421800004,-6.985519763999946,0],[112.48286243300004,-6.9856328189999317,0],[112.48280464200002,-6.9856164999999351,0],[112.48277972100004,-6.9856094579999422,0],[112.48268414000006,-6.9855740619999551,0],[112.48268408300009,-6.9855740519999472,0],[112.48266954500002,-6.9856485119999547,0],[112.48266695900008,-6.9856617549999669,0],[112.48263883800007,-6.985805791999951,0],[112.48255075100008,-6.985781650999968,0],[112.48253529900001,-6.9857774149999727,0],[112.48226792700007,-6.9856885919999741,0],[112.48215568700004,-6.9856637719999526,0],[112.48215563100007,-6.9856637619999447,0],[112.48213830600002,-6.985720803999925,0],[112.482084654,-6.9858974539999394,0],[112.48201862800011,-6.9858793029999333,0],[112.48179889800008,-6.9858188609999274,0],[112.48179884100011,-6.9858188499999301,0],[112.48178215400003,-6.9858950079999431,0],[112.48175162700011,-6.986034335999932,0],[112.48168629300005,-6.9861990349999701,0],[112.48165949500003,-6.9862439809999728,0],[112.48161181000012,-6.9863099279999687,0],[112.48155816700012,-6.9863848669999697,0],[112.48146660100008,-6.9865816099999734,0],[112.48145113900011,-6.9865826189999325,0],[112.48145108000006,-6.986582622999947,0],[112.48135532400011,-6.986588875999928,0],[112.48135526500005,-6.9865888789999531,0],[112.4813269760001,-6.9866345949999413,0],[112.48125698600006,-6.9867476999999667,0],[112.48112798300008,-6.9868763369999556,0],[112.48110083900008,-6.9869034039999747,0],[112.48089593800012,-6.9871077229999514,0],[112.48088088400004,-6.9871021039999732,0],[112.48082616000011,-6.987081643999943,0],[112.48073718700005,-6.9870603809999352,0],[112.48073713700001,-6.9870603759999312,0],[112.48069829000008,-6.987081433999947,0],[112.48067609900011,-6.9871169929999724,0],[112.48062871700006,-6.9871929209999735,0],[112.4806272190001,-6.9871953209999447,0],[112.4806178770001,-6.9872102909999398,0],[112.48049519200003,-6.9874939399999789,0],[112.48041580200004,-6.9876774899999532,0],[112.48041366700011,-6.9876815089999695,0],[112.48033997000005,-6.9878202219999253,0],[112.4802104800001,-6.9880639469999437,0],[112.48017532900008,-6.988140676999933,0],[112.48007959100005,-6.9883496609999725,0],[112.48002008800006,-6.9884795479999298,0],[112.48001427000008,-6.9884922479999432,0],[112.47978611400004,-6.9890337179999733,0],[112.47973415300009,-6.9890111849999812,0],[112.47960270100009,-6.9889541339999255,0],[112.4796026460001,-6.9889541229999281,0],[112.47955244200011,-6.9890820199999553,0],[112.47954622500004,-6.9890978579999796,0],[112.47948050900004,-6.9894391489999634,0],[112.47946670500005,-6.9895108379999442,0],[112.47945657700006,-6.9895374879999395,0],[112.47939842400001,-6.9896904999999379,0],[112.47925882200002,-6.9900036779999368,0],[112.47924088900004,-6.9900439089999509,0],[112.47915431100012,-6.9902151589999448,0],[112.47910607600011,-6.9903105669999377,0],[112.47907430000009,-6.990373419999969,0],[112.47890489200006,-6.990699048999943,0],[112.47887792800009,-6.9907508769999254,0],[112.47886835600002,-6.9907791229999248,0],[112.47884014300007,-6.990862371999981,0],[112.47883937200004,-6.9908646479999561,0],[112.47880954300001,-6.9909640129999389,0],[112.47875939000005,-6.991131080999935,0],[112.47871026300004,-6.9912832319999438,0],[112.47867045700002,-6.9914065129999585,0],[112.47863104900011,-6.9915571749999685,0],[112.47860152300007,-6.9916700539999397,0],[112.47859059700011,-6.9917118249999248,0],[112.47857730700002,-6.991749830999936,0],[112.4785082190001,-6.9919474059999516,0],[112.47845936900001,-6.9920871029999603,0],[112.47844269300003,-6.992134789999966,0],[112.47843067300005,-6.9921303489999787,0],[112.47842442700005,-6.99212803599994,0],[112.47832843500009,-6.9920924889999583,0],[112.4783283810001,-6.9920924799999398,0],[112.47831201400004,-6.9921180019999269,0],[112.4782963240001,-6.9921424699999761,0],[112.47826880600007,-6.9921853819999455,0],[112.47823385600009,-6.9922394769999414,0],[112.47821889600004,-6.99226263099996,0],[112.47811390600009,-6.9924251319999371,0],[112.47801058500011,-6.9926840879999759,0],[112.47800995900002,-6.9926856569999813,0],[112.47798246000002,-6.9927549779999367,0],[112.4778896250001,-6.9929889959999514,0],[112.47785962400008,-6.9930646249999313,0],[112.4778572890001,-6.9930705099999386,0],[112.47784164100005,-6.9931099549999658,0],[112.47782769900004,-6.993145100999925,0],[112.47782583100002,-6.9931498089999309,0],[112.47773728400011,-6.9933903119999741,0],[112.47773585000004,-6.9933942059999481,0],[112.47770595400004,-6.9934754089999274,0],[112.47769068000002,-6.9935168959999601,0],[112.47763883000005,-6.9936577289999491,0],[112.47763738900005,-6.9936616419999496,0],[112.47763527800009,-6.9936673759999621,0],[112.47763291100011,-6.9936738039999682,0],[112.47763176600006,-6.993677408999929,0],[112.47762817300008,-6.993688719999966,0],[112.47762565100004,-6.993696659999955,0],[112.47762229300008,-6.9937072319999629,0],[112.47761968900011,-6.9937154309999414,0],[112.47758257500004,-6.9938322769999672,0],[112.4774895700001,-6.9941250889999651,0],[112.47747212800004,-6.9941800039999293,0],[112.4774451940001,-6.9942647999999394,0],[112.47744468500002,-6.9942664039999727,0],[112.47743301200001,-6.9943031539999652,0],[112.47740908000003,-6.9943784979999464,0],[112.47735429700003,-6.9945509729999458,0],[112.47732884100003,-6.9945436259999383,0],[112.47698583200008,-6.9944444819999489,0],[112.4769857770001,-6.9944444699999622,0],[112.47696758900008,-6.9945075109999379,0],[112.47693417000005,-6.9946233449999795,0],[112.47693103400002,-6.9946342149999623,0],[112.4769181050001,-6.9946790279999504,0],[112.47690286600005,-6.9947318469999686,0],[112.47685602800004,-6.9948926269999561,0],[112.47684888000003,-6.9949171639999577,0],[112.4768299540001,-6.9949821299999257,0],[112.47678218700003,-6.9951460989999532,0],[112.47677699500002,-6.9951639209999712,0],[112.47676673600006,-6.9951991369999291,0],[112.47676507200003,-6.9952048479999576,0],[112.47676099900002,-6.9952188279999632,0],[112.47676071800004,-6.9952197939999792,0],[112.47675901100001,-6.9952293559999248,0],[112.47674743300001,-6.9952942059999259,0],[112.47674418600002,-6.9953123989999426,0],[112.47673919700003,-6.9953403429999526,0],[112.47673405600005,-6.9953691419999586,0],[112.47673042200006,-6.9953894939999373,0],[112.47672097400005,-6.9954424189999713,0],[112.47672030800004,-6.9954461489999744,0],[112.47671875500009,-6.9954548469999622,0],[112.47671853600002,-6.9954560709999782,0],[112.47671693000007,-6.9954650679999304,0],[112.47671638300005,-6.9954681349999532,0],[112.47671619100004,-6.9954692059999388,0],[112.47671489600009,-6.9954764629999318,0],[112.4767147770001,-6.9954771299999265,0],[112.47671444600007,-6.9954789859999664,0],[112.47671423200006,-6.9954801789999692,0],[112.47671405700009,-6.9954811629999654,0],[112.476713313,-6.9954853269999262,0],[112.47671329400009,-6.9954854339999315,0],[112.47671258300011,-6.9954894199999558,0],[112.47671255700004,-6.9954895649999571,0],[112.47671248400002,-6.9954899729999624,0],[112.47664767100002,-6.9954399309999644,0],[112.47664171300005,-6.995438045999947,0],[112.47652781700003,-6.9954020249999758,0],[112.47636967200003,-6.9953714169999444,0],[112.47629771200002,-6.995333359999961,0],[112.47617780600001,-6.9952787049999756,0],[112.47597415400003,-6.9952458469999783,0],[112.4758422750001,-6.9951912299999321,0],[112.47578477500008,-6.9952852479999592,0],[112.47576603700008,-6.9953158859999576,0],[112.47572811300006,-6.9954404219999446,0],[112.47563042000002,-6.9955962499999487,0],[112.47551492100001,-6.9955656169999543,0],[112.47540752800001,-6.9955371329999707,0],[112.47504704200003,-6.9954190619999395,0],[112.47501679300001,-6.9954091549999475,0],[112.47445597600006,-6.9952625679999301,0],[112.47390963200007,-6.9951494319999483,0],[112.47391971900004,-6.9950723439999365,0],[112.47394471200005,-6.9948813459999428,0],[112.47404415500012,-6.9945197449999341,0],[112.47416237900006,-6.9940384539999627,0],[112.47416271400004,-6.9940363589999492,0],[112.47421639800007,-6.9937009219999595,0],[112.4736231280001,-6.9935216039999659,0],[112.47370842800001,-6.9932318269999314,0],[112.47371657000008,-6.9931898989999581,0],[112.47374259900005,-6.9930558609999594,0],[112.47374348400001,-6.9930523669999616,0],[112.47376102200008,-6.9929831249999665,0],[112.4737780800001,-6.9929157799999757,0],[112.47381248000011,-6.9928127889999701,0],[112.4738314980001,-6.9927684659999727,0],[112.47384582800009,-6.9927564579999739,0],[112.47390438900004,-6.9927465169999437,0],[112.47391045000006,-6.9927454879999686,0],[112.4739319570001,-6.9927310649999299,0],[112.47395581700005,-6.9927034749999279,0],[112.47397488800004,-6.9926758999999379,0],[112.47398440300003,-6.9926555329999474,0],[112.47401498500005,-6.9925759319999656,0],[112.47404687400001,-6.9924358619999794,0],[112.47408476400005,-6.9923005589999434,0],[112.47408940000003,-6.9922514949999481,0],[112.47409629900005,-6.9921605529999624,0],[112.47410919900005,-6.992074377999927,0],[112.47411428500004,-6.9920419689999562,0],[112.4741185900001,-6.9920145319999278,0],[112.4741244380001,-6.9919702499999516,0],[112.47412771300003,-6.9919317899999669,0],[112.47412790300007,-6.9919295639999746,0],[112.47415683200006,-6.9917460429999778,0],[112.47415960000001,-6.9917284829999744,0],[112.47419628200009,-6.9915895949999367,0],[112.47421399100006,-6.9915093859999615,0],[112.47423421400003,-6.991467451999938,0],[112.47430367100003,-6.9912866809999628,0],[112.47430784800008,-6.9912758099999337,0],[112.47437906100004,-6.9910758009999654,0],[112.47445264200007,-6.9908674109999538,0],[112.47447464400011,-6.9907907929999737,0],[112.47451659900003,-6.9906446949999577,0],[112.47455354800002,-6.9905907449999631,0],[112.47456007000005,-6.990582485999937,0],[112.4745857480001,-6.9905499689999715,0],[112.47459610700002,-6.9904171449999808,0],[112.47461487400005,-6.9902926689999276,0],[112.47463959800007,-6.9901586029999407,0],[112.47471079200011,-6.9899526129999572,0],[112.47475465400009,-6.9898125059999643,0],[112.47481615300001,-6.9895694599999274,0],[112.47483550100003,-6.9894993779999481,0],[112.47486705900008,-6.9893850679999332,0],[112.47486909000008,-6.9893784789999813,0],[112.47495121400004,-6.9891120429999773,0],[112.47501767800009,-6.9889252089999445,0],[112.47508757300011,-6.9886869219999426,0],[112.47515382400002,-6.9884318979999307,0],[112.47518565100006,-6.9883255109999709,0],[112.47520003500006,-6.9882774279999467,0],[112.47522481800002,-6.9881625039999449,0],[112.4752294860001,-6.9881197439999596,0],[112.47523762100002,-6.9880452239999613,0],[112.47526002900008,-6.987936288999947,0],[112.47529909000002,-6.9877926079999497,0],[112.47534423900004,-6.9876812089999589,0],[112.47539775400003,-6.9875649979999253,0],[112.47548110100001,-6.9874163929999327,0],[112.47553823800001,-6.9873097419999795,0],[112.47555729300007,-6.9872773809999558,0],[112.47555239100006,-6.9872415069999647,0],[112.4755555480001,-6.9872097699999358,0],[112.47555703400008,-6.9871948359999578,0],[112.47556497800008,-6.9871732979999592,0],[112.47559502600006,-6.9870918339999548,0],[112.4756379370001,-6.9870306869999581,0],[112.47564480500012,-6.9870205709999595,0],[112.47567130800007,-6.9869815329999483,0],[112.47569017600006,-6.98697518299997,0],[112.47574307200011,-6.9869573819999573,0],[112.47594559700008,-6.9870141709999416,0],[112.4759767270001,-6.9870140739999442,0],[112.47600398900011,-6.9870083099999647,0],[112.47603416100003,-6.987001930999952,0],[112.4760604490001,-6.9869850999999699,0],[112.476088989,-6.9869228019999809,0],[112.47610683900007,-6.9868824239999299,0],[112.47614724500011,-6.986791023999956,0],[112.47618181600001,-6.986743062999949,0],[112.4762128750001,-6.9867202359999396,0],[112.47623672700001,-6.9866902529999493,0],[112.47625453300009,-6.9866411479999329,0],[112.47628531000009,-6.9865285969999604,0],[112.4763090240001,-6.9864543509999635,0],[112.47634936500003,-6.9863369849999799,0],[112.47629893100009,-6.9862904869999625,0],[112.47626531700007,-6.9862618799999723,0],[112.47629028400002,-6.9862055749999286,0],[112.4763045090001,-6.9861600699999258,0],[112.47631035300003,-6.9861145919999785,0],[112.47631861700006,-6.986077479999949,0],[112.47633288800012,-6.9860463309999545,0],[112.4763543040001,-6.986003195999956,0],[112.47640151300004,-6.9858894489999557,0],[112.47645174700006,-6.9857684119999703,0],[112.47645587700003,-6.9857593189999534,0],[112.4764838530001,-6.9856977289999804,0],[112.47660718000009,-6.9856985389999409,0],[112.47661996000011,-6.985574081999971,0],[112.47664463800004,-6.9854256599999758,0],[112.47665400900007,-6.9853598329999613,0],[112.47665746600001,-6.9853167549999284,0],[112.47663582500002,-6.9852881109999316,0],[112.47666299900004,-6.9851719829999297,0],[112.47671737300004,-6.9849481009999295,0],[112.47673038500011,-6.9848978149999539,0],[112.47676001400009,-6.9848008199999754,0],[112.47674430600011,-6.9847554089999448,0],[112.47676321900008,-6.9846775889999435,0],[112.47678653100002,-6.9846098209999354,0],[112.47682254400002,-6.9845051329999706,0],[112.47683417400003,-6.9844815479999625,0],[112.47690939500001,-6.9843290019999813,0],[112.47694861000002,-6.984234368999978,0],[112.47696406900002,-6.98420082399997,0],[112.47699613400005,-6.9841169809999428,0],[112.47690975500007,-6.984062220999931,0],[112.47696194100001,-6.9839041429999611,0],[112.47699264300002,-6.9837676659999488,0],[112.47701010700007,-6.983609696999963,0],[112.47702194800002,-6.9835223299999711,0],[112.47702649000007,-6.9834888179999552,0],[112.4770323570001,-6.9834505169999375,0],[112.47706545700009,-6.9833152289999703,0],[112.47706963400003,-6.9833013349999646,0],[112.47709389600004,-6.9832206309999378,0],[112.47712360300011,-6.9831487589999597,0],[112.47716639400005,-6.9830493299999716,0],[112.47720918900006,-6.9829510979999441,0],[112.47726788700004,-6.982960483999932,0],[112.47734808300004,-6.982953054999939,0],[112.4774318640001,-6.9825615959999254,0],[112.4774690050001,-6.982339149999973,0],[112.47748435200003,-6.9822472339999422,0],[112.47751060400003,-6.9820899989999248,0],[112.47755898000003,-6.9818625469999347,0],[112.47764428800008,-6.9815763589999733,0],[112.47771518700006,-6.9812770569999429,0],[112.47773972000005,-6.9811471879999658,0],[112.47774345300002,-6.9811274279999793,0],[112.47777288200007,-6.9809670289999417,0],[112.47777539700007,-6.9809480489999487,0],[112.47778223900002,-6.9808964169999399,0],[112.47777379800004,-6.9808773019999535,0],[112.47774141800005,-6.9808606549999581,0],[112.47770905000004,-6.980847596999979,0],[112.47768984800007,-6.9808333009999615,0],[112.4776802020001,-6.9808117979999338,0],[112.47767651300001,-6.9807807049999724,0],[112.47767641900009,-6.9807507969999278,0],[112.47768815900008,-6.9806765889999269,0],[112.47775283200008,-6.9803007409999509,0],[112.47765804300002,-6.9802364369999736,0],[112.47754172900011,-6.9801805739999736,0],[112.47745181200003,-6.9801425739999559,0],[112.47741427300002,-6.9801243479999471,0],[112.47739305500011,-6.980114045999926,0],[112.47730915400007,-6.9800855969999702,0],[112.47726715500005,-6.9800558199999614,0],[112.47722638400001,-6.9800356109999484,0],[112.47714005600005,-6.9800216699999282,0],[112.47713592600007,-6.9800210029999334,0],[112.47711737400004,-6.9800180069999556,0],[112.47710024700007,-6.9800126469999668,0],[112.47709812700009,-6.9800119829999403,0],[112.47704546500006,-6.9799955019999516,0],[112.47695915100007,-6.9799610789999633,0],[112.47688966700002,-6.9799481369999512,0],[112.47681419300011,-6.9799340179999376,0],[112.47668232900003,-6.9798829889999752,0],[112.47671075800008,-6.9797678359999509,0],[112.47674972000004,-6.9796100169999704,0],[112.47679199300001,-6.9793454969999402,0],[112.47682002300007,-6.9791205009999544,0],[112.47681752700009,-6.9790882079999506,0],[112.47682461000011,-6.9790558859999692,0],[112.4768353070001,-6.9790307289999305,0],[112.47684206300005,-6.9789959529999805,0],[112.47685298100009,-6.9789397539999527,0],[112.47683730000006,-6.9789027169999258,0],[112.47681687900001,-6.9788812469999471,0],[112.47671701200011,-6.9787248409999734,0],[112.47669269100004,-6.9786851809999462,0],[112.47659546400007,-6.9785266329999445,0],[112.4765519980001,-6.9784107249999465,0],[112.47650739100004,-6.9783127669999772,0],[112.47646288500005,-6.9782471079999482,0],[112.47641603300008,-6.9781970089999277,0],[112.47622271900002,-6.9780217549999293,0],[112.47612308200007,-6.9779383239999788,0],[112.47617903000003,-6.9778075009999725,0],[112.47595317600008,-6.9775641579999501,0],[112.47566513800007,-6.9773449359999518,0],[112.47522467400006,-6.9772948299999484,0],[112.47521479300008,-6.9772937059999549,0],[112.47521591300006,-6.9771661739999331,0],[112.47521774200004,-6.9769580039999255,0],[112.47521832400002,-6.9768917299999771,0],[112.47523922100004,-6.9766790819999756,0],[112.47526071300001,-6.9764603849999389,0],[112.47528543300007,-6.976208842999938,0],[112.47485799900005,-6.9759786529999701,0],[112.47483222400001,-6.9759715399999322,0],[112.4747326160001,-6.9759737649999352,0],[112.47463620500002,-6.9757730839999681,0],[112.47462059200006,-6.9756812549999268,0],[112.47462203300006,-6.9756318229999579,0],[112.47462232200007,-6.9756219119999514,0],[112.47462598600009,-6.9755683059999569,0],[112.4746332950001,-6.9754553499999474,0],[112.47463062100007,-6.9754015249999384,0],[112.47462920600003,-6.9753730559999667,0],[112.47463436600003,-6.9751854559999629,0],[112.47464168100009,-6.9750744149999377,0],[112.47468313700006,-6.9748541619999287,0],[112.47472673600009,-6.9747066389999759,0],[112.47476066000002,-6.9745285199999785,0],[112.47475469800008,-6.9744596309999451,0],[112.47474679000004,-6.9743811769999411,0],[112.47475150700006,-6.9743069729999547,0],[112.4747522670001,-6.9742950239999573,0],[112.47476153400009,-6.9741954609999652,0],[112.47476705300005,-6.9741227079999248,0],[112.47476458100004,-6.9739447029999724,0],[112.47477161500001,-6.9737436989999537,0],[112.47476921400005,-6.97358866299993,0],[112.47477086000004,-6.9735025229999792,0],[112.47477441600006,-6.973414461999937,0],[112.47477430800006,-6.9733800079999355,0],[112.47478351800009,-6.9732955859999493,0],[112.4747879900001,-6.9732545879999748,0],[112.47479267800009,-6.973223839999946,0],[112.47478763100003,-6.973057755999946,0],[112.47478660400009,-6.9730239449999658,0],[112.47479964200011,-6.9729052289999345,0],[112.47483906200011,-6.9726466999999275,0],[112.47488882500011,-6.9723697789999619,0],[112.47484184600012,-6.9723117209999259,0],[112.47482811300006,-6.9722084019999784,0],[112.47483403400008,-6.9721120059999748,0],[112.47483540400003,-6.9720897039999272,0],[112.47485535600003,-6.9718894399999272,0],[112.47487069400006,-6.9717354819999287,0],[112.47491337100007,-6.9712931879999473,0],[112.4749467800001,-6.9709504569999581,0],[112.47494665200009,-6.9709095949999664,0],[112.47494642700008,-6.9708375259999684,0],[112.47490959300001,-6.9706979099999558,0],[112.47490306300006,-6.9706806739999365,0],[112.47485744000005,-6.9705602569999314,0],[112.47484371400003,-6.9704588509999326,0],[112.47483762600007,-6.9703497659999698,0],[112.4748335490001,-6.970271299999979,0],[112.47482187000003,-6.9702119989999574,0],[112.47481219600002,-6.9701814029999696,0],[112.47480826300011,-6.9701488749999498,0],[112.47479425500001,-6.9699575079999363,0],[112.4747475800001,-6.9697337019999281,0],[112.47469967200004,-6.9696027319999416,0],[112.47465965100002,-6.9694933229999378,0],[112.47463358200002,-6.9694220569999743,0],[112.47451766900008,-6.9691104169999676,0],[112.47446727900001,-6.9687102079999477,0],[112.47446760700007,-6.9684157499999628,0],[112.47446360600009,-6.9683698979999349,0],[112.47444773900008,-6.9681880319999436,0],[112.47444629100005,-6.9681798609999532,0],[112.47441653900012,-6.9680120299999544,0],[112.47438550000004,-6.9678877099999568,0],[112.47435240200002,-6.9677174569999352,0],[112.47431559300003,-6.9675854969999591,0],[112.47425364700007,-6.9673789659999557,0],[112.47424104800007,-6.9671093889999725,0],[112.47424076300001,-6.9671032979999268,0],[112.47420172000011,-6.9668949519999614,0],[112.47418091000009,-6.9667839029999641,0],[112.47406463900006,-6.9663574179999728,0],[112.47405862900007,-6.9662732149999442,0],[112.47406407700009,-6.9661774919999289,0],[112.47408494600006,-6.9661123469999779,0],[112.47414116800007,-6.9658615439999494,0],[112.47414162500002,-6.9658595069999478,0],[112.47416241600001,-6.9657694789999596,0],[112.47418127900005,-6.9656756279999286,0],[112.474203278,-6.9655838689999428,0],[112.47421342600001,-6.965541539999947,0],[112.47402527800011,-6.9654081379999297,0],[112.47401134200004,-6.9652397399999586,0],[112.47402349700008,-6.9650194029999284,0],[112.47403309800006,-6.9648453639999275,0],[112.47402070200008,-6.9645563709999578,0],[112.47403191500007,-6.9644663719999471,0],[112.47403996900005,-6.9644036559999449,0],[112.47404183800006,-6.9643890989999591,0],[112.47343136800009,-6.9641600709999807,0],[112.47343067300005,-6.9639374769999449,0],[112.47343029400008,-6.9638159289999635,0],[112.47343026300007,-6.9638059629999702,0],[112.4733910970001,-6.9635323659999813,0],[112.47337120600002,-6.9632969919999255,0],[112.4733690810001,-6.9632300039999677,0],[112.47337279900012,-6.963193624999974,0],[112.47340840700008,-6.9629408499999386,0],[112.47340809400009,-6.9628405269999689,0],[112.473407941,-6.9627915509999525,0],[112.47341027300001,-6.9627237569999352,0],[112.4734132100001,-6.9626384049999501,0],[112.47342059800008,-6.962550331999978,0],[112.4734617790001,-6.9622420309999598,0],[112.47349494600007,-6.961820821999936,0],[112.47351477400002,-6.9615906459999337,0],[112.47352621100003,-6.96145788299998,0],[112.47353931300006,-6.9613057859999685,0],[112.47354418200007,-6.9610243959999707,0],[112.47354197400011,-6.9609306109999807,0],[112.47357568400002,-6.9606835849999698,0],[112.47358663300008,-6.9605255709999483,0],[112.47359584800006,-6.960392575999947,0],[112.47361821400011,-6.9601934379999761,0],[112.47360756400008,-6.9601372829999377,0],[112.47354420400006,-6.9598031889999561,0],[112.47349732800001,-6.9595143029999349,0],[112.47349494900004,-6.9594997899999385,0],[112.47345436700004,-6.9592522029999486,0],[112.47344626300003,-6.9591105829999265,0],[112.47343499700003,-6.959064145999946,0],[112.47340357100006,-6.9589346169999544,0],[112.47340305200009,-6.9587680909999676,0],[112.47339692300011,-6.9586456059999477,0],[112.47339274600006,-6.9585345999999504,0],[112.47341458100004,-6.9582562539999344,0],[112.47341564600003,-6.9582426839999698,0],[112.47235010400004,-6.9582460009999636,0],[112.47232336600007,-6.9583073569999669,0],[112.47187356400002,-6.9593395289999762,0],[112.47187197700009,-6.9593431709999436,0],[112.47185677200002,-6.9593780619999279,0],[112.47135390200003,-6.9601643069999568,0],[112.47130362300004,-6.9601428559999476,0],[112.47016206300009,-6.9596558599999412,0],[112.47011198600001,-6.9597654599999714,0],[112.46988617900001,-6.9602596659999563,0],[112.46962223100002,-6.9608423139999331,0],[112.46953843800009,-6.9608333159999347,0],[112.46938027400006,-6.960816331999979,0],[112.46920784800011,-6.9608096899999623,0],[112.4690091870001,-6.9608366259999457,0],[112.46886319700002,-6.9608610059999592,0],[112.46877941900004,-6.960870836999959,0],[112.46849323900005,-6.960918582999966,0],[112.46827905900011,-6.9609011019999798,0],[112.46824948900007,-6.9609892369999784,0],[112.46822923600007,-6.9610496009999565,0],[112.46819588400001,-6.9611047349999353,0],[112.468169708,-6.9611574549999773,0],[112.46811473900004,-6.961191122999935,0],[112.46805351500007,-6.9612424249999663,0],[112.46804309000004,-6.9612511609999501,0],[112.46793069000012,-6.9612969709999675,0],[112.46787337800004,-6.9613473939999722,0],[112.46785193200003,-6.9613778479999269,0],[112.46783285000004,-6.9614049439999803,0],[112.46779949800009,-6.9614600779999591,0],[112.46779213400009,-6.961530550999953,0],[112.46768732700002,-6.9615087809999636,0],[112.46712882300005,-6.9613927719999538,0],[112.46675748200005,-6.9613317149999716,0],[112.46643166000001,-6.9612776939999321,0],[112.46617756800003,-6.9611899529999732,0],[112.46553747200005,-6.9609454929999401,0],[112.46526667100011,-6.9608745529999396,0],[112.46516849600005,-6.9608748569999648,0],[112.46512790100007,-6.9609108719999426,0],[112.46509701800005,-6.9609899259999679,0],[112.46507088600003,-6.9610570009999719,0],[112.46500450300005,-6.9611849109999753,0],[112.46493282900008,-6.9613230129999693,0],[112.464861283,-6.9614165479999315,0],[112.46465616500006,-6.9616779829999587,0],[112.46458913400011,-6.9616829759999632,0],[112.46456987400006,-6.9616821189999314,0],[112.46451491700009,-6.9616796749999708,0],[112.46448855000006,-6.961678501999927,0],[112.4644070920001,-6.9616643979999253,0],[112.46435437600007,-6.9616525979999437,0],[112.46426417800001,-6.9616192239999464,0],[112.46422887800009,-6.9616061629999422,0],[112.46414342200001,-6.9615766859999439,0],[112.46406441100009,-6.9615793239999562,0],[112.46391124400009,-6.9616061169999739,0],[112.46371030600005,-6.961671340999942,0],[112.46360494800001,-6.9616716669999619,0],[112.46349953800006,-6.9616552439999282,0],[112.46340853200002,-6.961650739999925,0],[112.46335110100006,-6.9616628809999384,0],[112.4633110640001,-6.9616862079999464,0],[112.46330568700012,-6.9616893409999534,0],[112.46326992500008,-6.9617396979999739,0],[112.46318318900001,-6.9618601659999513,0],[112.46312011900011,-6.961947772999963,0],[112.46312005100003,-6.961947858999963,0],[112.46312002200011,-6.9619478929999445,0],[112.46311970400006,-6.9619482479999419,0],[112.46311967700001,-6.9619482789999552,0],[112.46311946300011,-6.961948518999975,0],[112.46311927800002,-6.9619487269999354,0],[112.46311909800011,-6.9619489289999592,0],[112.46311905500011,-6.9619489769999632,0],[112.46311879200005,-6.9619492719999698,0],[112.46311862500011,-6.9619494599999712,0],[112.46311845100001,-6.9619496549999553,0],[112.46311838500003,-6.9619497289999686,0],[112.4631182280001,-6.9619499049999263,0],[112.46311791200003,-6.9619502669999633,0],[112.46311766000008,-6.9619505479999475,0],[112.4631175510001,-6.961950667999929,0],[112.46311727300008,-6.9619509769999581,0],[112.46311722100006,-6.96195103499997,0],[112.46311699400007,-6.9619512829999621,0],[112.46300438900005,-6.9620735839999384,0],[112.46293076400002,-6.9621535499999254,0],[112.46273310300001,-6.9623682349999285,0],[112.46267405200001,-6.962431454999944,0],[112.46247534800011,-6.9626441869999667,0],[112.46231196000008,-6.962839770999949,0],[112.46222485100009,-6.9629440439999257,0],[112.46217425500004,-6.9630077759999267,0],[112.46199825400004,-6.9632294709999769,0],[112.46198183100012,-6.9632509419999451,0],[112.46195055600003,-6.9632918279999672,0],[112.4619052380001,-6.963349391999941,0],[112.46187669800008,-6.963385265999932,0],[112.46185753300006,-6.9634093559999428,0],[112.46182417300008,-6.9634620969999332,0],[112.46180251400006,-6.963500665999959,0],[112.46179321500006,-6.9635172239999292,0],[112.46175747500001,-6.9635747579999361,0],[112.46175094400007,-6.9635808869999778,0],[112.46173437000004,-6.9635964389999572,0],[112.46172166100007,-6.9636083659999599,0],[112.4616691220001,-6.9636539889999653,0],[112.46155201300007,-6.9637261309999303,0],[112.46146593600008,-6.9637670719999392,0],[112.46145300800003,-6.9637717009999278,0],[112.46139178800001,-6.9637936209999793,0],[112.46134398600009,-6.9638224799999762,0],[112.46123848200011,-6.9639108849999616,0],[112.4612006860001,-6.9639425559999495,0],[112.46113378700011,-6.9639906159999327,0],[112.46112651900012,-6.9639971409999362,0],[112.46106692600006,-6.9640506389999359,0],[112.46099048600001,-6.9641106919999629,0],[112.46097359300006,-6.9641260599999555,0],[112.46094034200007,-6.9641563069999393,0],[112.46087354700001,-6.9642378639999265,0],[112.46083302500006,-6.9642978059999336,0],[112.46079731500004,-6.9643649109999615,0],[112.46076954600005,-6.9644187809999494,0],[112.46075864300008,-6.9644399339999268,0],[112.46074219400009,-6.9644718429999557,0],[112.46068632800007,-6.9645802209999488,0],[112.46060213400006,-6.9647435539999378,0],[112.46050850200004,-6.9649079979999442,0],[112.46048067200002,-6.9649568759999738,0],[112.46047531500005,-6.9649669209999274,0],[112.46035925500007,-6.9651845539999613,0],[112.46031407000009,-6.9652851849999706,0],[112.46027602400011,-6.9653714379999769,0],[112.46024510200004,-6.965438527999936,0],[112.46017419300006,-6.9655893569999421,0],[112.45983574700006,-6.9661441939999804,0],[112.45963770900005,-6.966478818999974,0],[112.45950914400009,-6.9667184819999761,0],[112.45930090000002,-6.9670345709999424,0],[112.45928976500011,-6.9670605839999666,0],[112.45913879900002,-6.9673680369999715,0],[112.45905319500002,-6.9675621069999352,0],[112.45898206900006,-6.9677920219999692,0],[112.45886576500004,-6.9681249609999441,0],[112.45877000400003,-6.9683278839999616,0],[112.45866589600007,-6.9685371149999469,0],[112.45850612000004,-6.9687505549999287,0],[112.45834618800006,-6.9689137499999561,0],[112.45782724300011,-6.969371027999955,0],[112.45769635000011,-6.9695093089999318,0],[112.45753595500003,-6.9696787579999295,0],[112.45747846800009,-6.9696731929999487,0],[112.4574307470001,-6.969650415999979,0],[112.45727127100008,-6.9695742969999515,0],[112.45693463500004,-6.9693985569999768,0],[112.45672249400002,-6.969283126999926,0],[112.4565692540001,-6.9692874279999728,0],[112.45652145200006,-6.9693162869999696,0],[112.45651481900006,-6.9693213639999385,0],[112.45639340500009,-6.9694143029999509,0],[112.45634361100008,-6.9694182849999606,0],[112.45628608200002,-6.9693993209999689,0],[112.45627460700007,-6.9693954289999738,0],[112.45601760900001,-6.9693082699999422,0],[112.45584881400009,-6.9692379669999696,0],[112.4554249140001,-6.9690631729999382,0],[112.45516415700001,-6.9689893249999386,0],[112.45504913600007,-6.9689628809999249,0],[112.45495523400007,-6.9689516859999685,0],[112.45488240400005,-6.9689404249999711,0],[112.45480195900006,-6.9689445009999531,0],[112.45477474400002,-6.9689445849999743,0],[112.45471192400009,-6.9689447779999796,0],[112.45458737200011,-6.9689336769999386,0],[112.45444749500007,-6.968922622999969,0],[112.45429996100006,-6.9689135059999785,0],[112.45419461200004,-6.968917658999942,0],[112.45415631700007,-6.9689235189999295,0],[112.45411996100006,-6.9689370299999496,0],[112.45406073000004,-6.9689869789999648,0],[112.45402825200006,-6.9690157909999471,0],[112.45401870400008,-6.9690253909999456,0],[112.45391796000001,-6.9689862989999369,0],[112.45373484700008,-6.9689152449999483,0],[112.45359101500003,-6.9688619799999287,0],[112.45318634200009,-6.9687121199999638,0],[112.45298118000005,-6.968651498999975,0],[112.45269474300005,-6.9685385189999351,0],[112.45252853500006,-6.9684729619999644,0],[112.45228877900001,-6.9683760779999488,0],[112.45178052000006,-6.9681802359999665,0],[112.45118791800007,-6.9679621779999366,0],[112.45116991400005,-6.9679552089999675,0],[112.45076597100001,-6.9677988579999806,0],[112.45057418300007,-6.9677267099999654,0],[112.45042656100009,-6.9676888799999688,0],[112.45031760800009,-6.9676652429999422,0],[112.45031346200005,-6.9676643429999672,0],[112.45021761600003,-6.9676435819999369,0],[112.450100668,-6.9676133149999373,0],[112.44989551200001,-6.9675546059999647,0],[112.44969994600001,-6.9674996959999476,0],[112.44953879100001,-6.967421710999929,0],[112.44946582600005,-6.9673664249999661,0],[112.4493433020001,-6.9672774989999766,0],[112.4490324520001,-6.9671914409999545,0],[112.44836373400005,-6.9669853289999537,0],[112.44799674800004,-6.9667842709999377,0],[112.44815381900003,-6.9664679579999529,0],[112.44809773800011,-6.9664201039999512,0],[112.4478886930001,-6.9661862619999511,0],[112.4480409680001,-6.9658675699999435,0],[112.44807776300001,-6.9657985969999459,0],[112.4483620200001,-6.9652657519999366,0],[112.44857666300004,-6.9648633989999666,0],[112.44901953500005,-6.9640437479999378,0],[112.44916008500002,-6.9638064429999531,0],[112.4494001920001,-6.9632386439999436,0],[112.44942385000002,-6.963145256999951,0],[112.44905930900006,-6.9629597459999673,0],[112.44910840500006,-6.9625361499999485,0],[112.44911063100005,-6.9625169449999476,0],[112.44947924000007,-6.9624679609999589,0],[112.44968071800008,-6.9625774069999693,0],[112.44972106400007,-6.9625820809999368,0],[112.44978132500012,-6.9625890619999495,0],[112.44984591800005,-6.9625697219999552,0],[112.44993426600001,-6.9624881009999626,0],[112.45001064100006,-6.9624065159999304,0],[112.45021124400012,-6.9622312359999796,0],[112.45029489800004,-6.9621807329999683,0],[112.45041206800011,-6.9621277349999673,0],[112.45054364200007,-6.9620866559999399,0],[112.45055903600007,-6.9620542369999612,0],[112.45049718400003,-6.9619947459999594,0],[112.45015790100001,-6.9618230739999376,0],[112.4500703650001,-6.9617711439999539,0],[112.45002013100009,-6.961866663999956,0],[112.44996752100008,-6.9619667009999375,0],[112.44995984700006,-6.9619628959999318,0],[112.44990027100005,-6.9619327279999652,0],[112.44977949700001,-6.9618715699999711,0],[112.44995825400008,-6.9614441699999361,0],[112.45005121800011,-6.9612815139999498,0],[112.45005203800008,-6.9612800789999483,0],[112.45009175100006,-6.9612105949999545,0],[112.45009882900001,-6.9611761189999584,0],[112.45009773100003,-6.9611357399999747,0],[112.45010294500003,-6.9611129399999641,0],[112.45007983800008,-6.961074248999978,0],[112.45000786600008,-6.9610299659999555,0],[112.44990159700001,-6.9609531299999503,0],[112.44982614000003,-6.9608022619999588,0],[112.44978354600005,-6.9606816789999471,0],[112.44977396500008,-6.9606545549999623,0],[112.44976949200009,-6.9606014509999454,0],[112.44982662100006,-6.9604907349999507,0],[112.44994597300001,-6.9605248239999469,0],[112.45007672700001,-6.9605287299999645,0],[112.45017297700008,-6.960525562999976,0],[112.45029361700006,-6.9605108369999584,0],[112.45032383600005,-6.9605060359999698,0],[112.45040419000009,-6.9604932709999616,0],[112.4504271510001,-6.9604845869999394,0],[112.45044377600004,-6.9604580219999548,0],[112.45045145600011,-6.960445750999952,0],[112.4504770960001,-6.9603738929999395,0],[112.45053573700011,-6.9602875769999741,0],[112.45057722500007,-6.9602300249999303,0],[112.45059865200005,-6.9601897629999598,0],[112.45060288700006,-6.9601653449999503,0],[112.45059420500002,-6.9601452729999664,0],[112.45057402100008,-6.9601223649999611,0],[112.45046072000002,-6.9600363919999495,0],[112.45039768300001,-6.9599922059999813,0],[112.45038796400002,-6.9599462969999308,0],[112.45038205300011,-6.9598927189999813,0],[112.45036849000007,-6.9598429929999384,0],[112.45034153100005,-6.9597971359999633,0],[112.45032604200003,-6.9597435879999807,0],[112.45032012400009,-6.9596880959999794,0],[112.45032005200005,-6.9596646949999581,0],[112.45031994400006,-6.9596294339999645,0],[112.45031978300005,-6.959577076999949,0],[112.45032732800007,-6.9595387709999272,0],[112.4503367420001,-6.9594851469999526,0],[112.45035611800006,-6.9594210819999489,0],[112.45035760200005,-6.9594161739999549,0],[112.45037946400009,-6.9592882409999675,0],[112.4503801840001,-6.9592840289999458,0],[112.45037427800003,-6.9592323659999806,0],[112.45036457100002,-6.9591902839999307,0],[112.45033569600002,-6.9591444339999384,0],[112.45028388000003,-6.9591139659999612,0],[112.45023208900011,-6.9590911549999532,0],[112.45016495400012,-6.959062648999975,0],[112.45009206700001,-6.9590322459999356,0],[112.45004413000004,-6.9590170799999669,0],[112.44999045200007,-6.9590038459999732,0],[112.44996173600009,-6.9590096759999369,0],[112.44994656400002,-6.9590594899999587,0],[112.44992572100011,-6.9591342049999412,0],[112.44988391900006,-6.9592453529999716,0],[112.44981878800002,-6.9592455529999597,0],[112.44973832700009,-6.959243884999978,0],[112.44969429100001,-6.9592516769999406,0],[112.449634919,-6.9592556869999385,0],[112.44962947600004,-6.9592550449999635,0],[112.44957168100007,-6.959248223999964,0],[112.44955192300006,-6.9592325289999621,0],[112.44952367300004,-6.9592100879999634,0],[112.44950057400001,-6.9591737909999551,0],[112.44949086700001,-6.959131708999962,0],[112.44950238800004,-6.9590870449999329,0],[112.44950198100003,-6.959076998999933,0],[112.44949971300002,-6.9590210739999634,0],[112.44950208700004,-6.9589889469999662,0],[112.4495163150001,-6.9589434419999634,0],[112.44953780600008,-6.9588805399999387,0],[112.44954004700003,-6.9588739819999432,0],[112.44952781000006,-6.9587878829999568,0],[112.44952577900006,-6.958765661999962,0],[112.44951716300011,-6.9586713849999455,0],[112.44951294400005,-6.9586252269999704,0],[112.44952715700003,-6.9585749379999697,0],[112.44951263500002,-6.9585247359999585,0],[112.4494646280001,-6.9584865999999579,0],[112.44944055700012,-6.9584683239999663,0],[112.44941161300005,-6.9584463479999386,0],[112.44934310800011,-6.9584239309999703,0],[112.44931432700002,-6.9584087059999433,0],[112.44928168600006,-6.958383921999939,0],[112.44927780500007,-6.958379425999965,0],[112.44924708200006,-6.9583438309999792,0],[112.44923354900004,-6.9583036759999572,0],[112.44923871300011,-6.9582859289999419,0],[112.44924302700008,-6.9582711059999269,0],[112.44926402300007,-6.9582461579999517,0],[112.44929269800002,-6.9582269289999772,0],[112.44935648800003,-6.9581984899999725,0],[112.44937512100012,-6.9581901829999424,0],[112.44940376700004,-6.9581613829999469,0],[112.44947077600011,-6.9581492149999349,0],[112.44948448500008,-6.9581246039999769,0],[112.44948966400011,-6.9581153059999679,0],[112.4494819140001,-6.9580866179999248,0],[112.44947658400008,-6.9580792089999477,0],[112.44946267600005,-6.9580598789999613,0],[112.44942621500002,-6.9580389349999336,0],[112.44940127700011,-6.9580275259999667,0],[112.4493265210001,-6.9580124419999265,0],[112.44929669800001,-6.9580075689999603,0],[112.44928870000001,-6.9580062619999694,0],[112.44926425200003,-6.9580022679999729,0],[112.44921152600011,-6.95799365299996,0],[112.44911953100006,-6.9579786219999278,0],[112.44906583500006,-6.9579596449999599,0],[112.44901785700006,-6.957931078999934,0],[112.44898519200001,-6.95789863899995,0],[112.44896784000002,-6.9578623239999615,0],[112.44896781500006,-6.957854187999942,0],[112.44896768700005,-6.9578125559999648,0],[112.44897361200003,-6.9577937499999507,0],[112.44898096800011,-6.9577704049999625,0],[112.44899672100007,-6.9577532459999247,0],[112.44902678900007,-6.9577204969999684,0],[112.44904748800002,-6.957702286999961,0],[112.44907264000005,-6.9576801599999385,0],[112.44911657000011,-6.9576379139999744,0],[112.44913367000004,-6.9575919219999491,0],[112.44913355800009,-6.9575555539999527,0],[112.44913154900007,-6.9575249339999345,0],[112.44910789500011,-6.9574193599999603,0],[112.44904049500008,-6.9573542329999327,0],[112.44899681900006,-6.9573120299999687,0],[112.44895890100008,-6.9573071349999509,0],[112.44889704800005,-6.9572829189999652,0],[112.44885384500003,-6.9572500319999335,0],[112.44876760800003,-6.9572388119999573,0],[112.44857632900005,-6.9571747949999576,0],[112.44852309700002,-6.9571505529999627,0],[112.44845261100011,-6.957122055999946,0],[112.44838504200004,-6.9571079069999655,0],[112.44836341600001,-6.9570835679999732,0],[112.44829712100011,-6.9570162969999387,0],[112.44821422900009,-6.9569371859999478,0],[112.44815432500002,-6.9568329769999764,0],[112.44808957700002,-6.9568015919999766,0],[112.44804208700009,-6.9567758959999537,0],[112.44799030900003,-6.956757391999929,0],[112.44792409700005,-6.9567173969999772,0],[112.44786217400008,-6.9566702119999491,0],[112.44775275600011,-6.956595894999964,0],[112.44733807300008,-6.9563288179999745,0],[112.44729233300006,-6.956291412999974,0],[112.44716541000003,-6.9562143849999529,0],[112.44711209000002,-6.9561614299999519,0],[112.4470122570001,-6.9560518479999587,0],[112.44701071300005,-6.9560511079999401,0],[112.44692156700012,-6.956008388999976,0],[112.44688147400007,-6.9559862199999429,0],[112.4466557830001,-6.9558771399999273,0],[112.44654483500005,-6.9559589999999503,0],[112.44602885200004,-6.9557053469999346,0],[112.44593960100008,-6.9556481959999701,0],[112.44586759000003,-6.9555909909999514,0],[112.44582405500012,-6.9555594389999555,0],[112.44572360000006,-6.9554866319999746,0],[112.44530904600003,-6.9552309239999772,0],[112.44509023400008,-6.9550894669999366,0],[112.44484539900009,-6.9548949719999769,0],[112.44481798800007,-6.9548577299999579,0],[112.44478480400005,-6.9548118919999524,0],[112.44476455800009,-6.9547688849999645,0],[112.44473568900003,-6.9547244699999737,0],[112.44470397200007,-6.9546886759999325,0],[112.44433979900009,-6.9544643969999811,0],[112.44392676300004,-6.9542345239999577,0],[112.44379147200004,-6.9541559779999602,0],[112.44376262000003,-6.9541173049999543,0],[112.44375673200011,-6.954060520999974,0],[112.44370868600004,-6.9541037349999328,0],[112.44366092700011,-6.9541844009999636,0],[112.44365532500001,-6.9541938629999436,0],[112.44363820700005,-6.9542341119999378,0],[112.44355930800009,-6.9544258519999289,0],[112.44341820400007,-6.9547687649999261,0],[112.44339883200007,-6.9548206159999495,0],[112.44326999700002,-6.9551654439999311,0],[112.44308294300004,-6.9557464529999606,0],[112.44304607800007,-6.955860960999928,0],[112.44295598500003,-6.9560974139999416,0],[112.44275911900002,-6.9566140939999741,0],[112.44255125100005,-6.9570908479999503,0],[112.44246997000005,-6.9572772689999738,0],[112.44237535100001,-6.9574889149999422,0],[112.44213320400002,-6.9580305539999472,0],[112.44189663400005,-6.9585512419999418,0],[112.44180401200003,-6.9587551029999304,0],[112.44175795300009,-6.9588555459999384,0],[112.44140221900011,-6.959631318999925,0],[112.44124980200002,-6.9599462009999797,0],[112.44113282000001,-6.9601878759999636,0],[112.44111189100011,-6.9602311129999634,0],[112.44102358700002,-6.9604224769999519,0],[112.44062125900007,-6.9612943589999645,0],[112.4406045720001,-6.9613262889999419,0],[112.4404433200001,-6.9616348409999773,0],[112.44026118500005,-6.9619833519999474,0],[112.44014237100009,-6.9622827989999791,0],[112.43994692900003,-6.962807502999965,0],[112.43993158000001,-6.9628487119999249,0],[112.43988173700006,-6.9629890619999628,0],[112.43981460700002,-6.9631780879999496,0],[112.4396939180001,-6.9634588409999765,0],[112.43961622900008,-6.9637385429999767,0],[112.43953455700012,-6.9640180539999506,0],[112.43947403900006,-6.9642251689999739,0],[112.43945943300002,-6.9642886589999762,0],[112.43941543100004,-6.9644799279999461,0],[112.43940265200001,-6.9646866949999549,0],[112.43929490300002,-6.9646653429999787,0],[112.43914579900002,-6.9646357949999356,0],[112.43912693100003,-6.9646772229999669,0],[112.43897643900004,-6.9650076549999653,0],[112.43877757300004,-6.9655241879999608,0],[112.43868955500011,-6.9654965959999799,0],[112.43769679000002,-6.9651853869999627,0],[112.43736101600007,-6.9650099469999418,0],[112.43726499600007,-6.9649918949999687,0],[112.43701659900012,-6.9649451949999275,0],[112.43645338800002,-6.9647854009999719,0],[112.43625105500007,-6.9647922949999383,0],[112.43597153100006,-6.9648018189999448,0],[112.43568423000011,-6.9648176459999718,0],[112.4355971550001,-6.9647281839999664,0],[112.43477115600001,-6.9645768509999471,0],[112.43476744500003,-6.9643405849999453,0],[112.43477559700011,-6.9640683929999341,0],[112.43474200000003,-6.9638471709999408,0],[112.43468755000004,-6.9636589119999712,0],[112.43468164400008,-6.9635947369999371,0],[112.4346816210001,-6.9635944909999807,0],[112.43467516800001,-6.9635243609999407,0],[112.43470179800011,-6.9634225909999259,0],[112.43472243200006,-6.9633178479999742,0],[112.43473107500006,-6.9632071599999676,0],[112.43475448400011,-6.9630306289999453,0],[112.43476993900003,-6.9629201309999758,0],[112.43478085000004,-6.9628421249999519,0],[112.43487646800008,-6.9627879989999428,0],[112.43494991000011,-6.962724967999975,0],[112.43496167100011,-6.9626555449999614,0],[112.43496154100001,-6.9626124769999365,0],[112.43490392600006,-6.9625647979999599,0],[112.43484391000004,-6.9625147329999777,0],[112.43480545200009,-6.9624669959999324,0],[112.43481723600007,-6.9624047509999514,0],[112.43485159900001,-6.9623648879999678,0],[112.43487927500007,-6.9623327819999759,0],[112.43491622200008,-6.962330991999977,0],[112.4349319480001,-6.9623302299999636,0],[112.43502534200002,-6.9623323389999427,0],[112.43507557700002,-6.9623154379999619,0],[112.43506591900007,-6.9622891469999786,0],[112.43503945500004,-6.9622485519999486,0],[112.43497225500005,-6.9621985089999612,0],[112.43489073900002,-6.9621652589999599,0],[112.43481888100007,-6.9621582989999524,0],[112.43464651800002,-6.9621731779999436,0],[112.43461299500007,-6.962173279999945,0],[112.43473868400008,-6.961770926999975,0],[112.43480266800009,-6.9615506059999461,0],[112.43473803000006,-6.9615555869999639,0],[112.43469026300011,-6.9615964079999344,0],[112.43464254600008,-6.961653976999969,0],[112.4346383410001,-6.9616577589999338,0],[112.43459717400003,-6.9616947899999673,0],[112.43453739000006,-6.9617212909999466,0],[112.43453248500009,-6.9616830229999778,0],[112.43454327300003,-6.9616324209999334,0],[112.4345513720001,-6.9615944359999276,0],[112.43458206500009,-6.9614507819999289,0],[112.43457708700009,-6.9613885869999308,0],[112.43456025300009,-6.9613647119999769,0],[112.43445728000006,-6.961362630999929,0],[112.43441400400002,-6.9613053379999315,0],[112.43439698100008,-6.9612192529999675,0],[112.43442319700011,-6.9611784979999811,0],[112.43453547200011,-6.9610896279999679,0],[112.4345544680001,-6.9610369309999669,0],[112.43452082100009,-6.9609963569999422,0],[112.43448247200001,-6.9609845099999461,0],[112.43441317600002,-6.9610325739999439,0],[112.43438617300001,-6.9610466039999324,0],[112.43433906200005,-6.9610710819999326,0],[112.43426177900005,-6.9610679589999336,0],[112.4341738170001,-6.9610644049999451,0],[112.43408276700006,-6.9610455389999402,0],[112.43403008000007,-6.961043305999965,0],[112.43393380800001,-6.9610839179999289,0],[112.43392724600005,-6.9610866859999305,0],[112.43383488800009,-6.961096786999974,0],[112.43381473900001,-6.9610989909999716,0],[112.43380029200011,-6.9610727149999434,0],[112.43377124500012,-6.9609699179999325,0],[112.43375187100003,-6.9608981959999596,0],[112.43373976800001,-6.9608551639999519,0],[112.43370608400005,-6.9608026269999641,0],[112.43368924300012,-6.9607763579999755,0],[112.43366506500001,-6.9606998659999704,0],[112.4336551240001,-6.9605802609999614,0],[112.43363815100008,-6.9605109249999373,0],[112.43352790900008,-6.9604801539999812,0],[112.43342726600008,-6.9604565319999665,0],[112.43332909700007,-6.9604592219999404,0],[112.43320327700008,-6.9604971349999687,0],[112.43320318800011,-6.960497160999978,0],[112.43319273300006,-6.9605003109999757,0],[112.43299895000007,-6.9605583229999297,0],[112.43297921100009,-6.9605561699999612,0],[112.43276420600012,-6.9605327139999531,0],[112.43265394900004,-6.9604971579999528,0],[112.43263472000001,-6.9604732889999354,0],[112.43265595800005,-6.9603703389999509,0],[112.43265580600007,-6.9603200929999502,0],[112.4326389790001,-6.9602986099999384,0],[112.43248151000012,-6.9603292349999606,0],[112.43242773500003,-6.9603478399999403,0],[112.43238104500006,-6.9603639939999766,0],[112.43234089000009,-6.9603885209999703,0],[112.43231942700004,-6.9604172979999248,0],[112.43228216300008,-6.9604475589999311,0],[112.43223766000006,-6.960459177999951,0],[112.43221607900011,-6.9604491939999775,0],[112.43220273300005,-6.9604227229999651,0],[112.43219873400005,-6.9604147919999377,0],[112.43219858600003,-6.960365981999928,0],[112.43220706700004,-6.9603200159999687,0],[112.43220695800005,-6.9602841259999764,0],[112.4321982460001,-6.9602540049999675,0],[112.43217087200003,-6.9602231109999479,0],[112.43207138000002,-6.9601108269999372,0],[112.43200416000002,-6.9600472069999455,0],[112.43194890600012,-6.9599949129999459,0],[112.43192579200002,-6.9599533509999674,0],[112.43192477000002,-6.9599278629999617,0],[112.43192423800008,-6.9599145939999403,0],[112.43193566700006,-6.9598930249999285,0],[112.43198735800001,-6.9598828189999722,0],[112.43199306100007,-6.9598835139999551,0],[112.43202185200005,-6.9598870219999753,0],[112.43207644300003,-6.9598854209999672,0],[112.43211089800002,-6.9598767029999635,0],[112.43217105300005,-6.9598147889999495,0],[112.43220964900001,-6.9597500699999273,0],[112.43221239200011,-6.9597069929999407,0],[112.43220224300001,-6.9596768759999463,0],[112.43218064500002,-6.9596611499999312,0],[112.43212888400001,-6.9596483859999694,0],[112.43207858100004,-6.9596427949999793,0],[112.43204695600002,-6.9596371489999456,0],[112.43200812100008,-6.9596229099999505,0],[112.43198651400007,-6.959604312999943,0],[112.43196044800004,-6.9595369179999693,0],[112.43193869300001,-6.9594695099999626,0],[112.43194575500002,-6.9594292909999353,0],[112.43196726600002,-6.9594163049999338,0],[112.4320189660001,-6.9594089709999594,0],[112.43203618500002,-6.9594017409999651,0],[112.43204759200012,-6.9593729939999776,0],[112.43205040400005,-6.9593528869999659,0],[112.43205008200005,-6.9592466519999334,0],[112.43201966300001,-6.9591649139999276,0],[112.43198070700009,-6.9591104789999463,0],[112.43193171000007,-6.9590618159999735,0],[112.43189429100005,-6.9590403949999313,0],[112.43181953300007,-6.9590248299999757,0],[112.43171463200008,-6.9590179689999445,0],[112.43163133700011,-6.9590297059999671,0],[112.43157249700005,-6.9590514179999445,0],[112.43156769500001,-6.9590577829999347,0],[112.43154101500011,-6.9590931459999297,0],[112.43151093100005,-6.9591219499999397,0],[112.43148366800006,-6.9591335169999411,0],[112.43145923600002,-6.9591307199999619,0],[112.43141890800007,-6.9590978229999791,0],[112.43141800000001,-6.9590957239999511,0],[112.43140588600011,-6.959067713999957,0],[112.43141440200009,-6.9590332339999463,0],[112.43144151700005,-6.9589728559999458,0],[112.43144143000006,-6.9589441439999291,0],[112.43142121500011,-6.9589111859999662,0],[112.43136654200009,-6.9588855099999591,0],[112.43131764200007,-6.958868430999928,0],[112.43128461900005,-6.9588757089999262,0],[112.43127037300007,-6.9589159489999588,0],[112.43126757800007,-6.9589417989999447,0],[112.43126386600011,-6.9589557119999768,0],[112.43124342800002,-6.9590323149999449,0],[112.43122054100002,-6.9590654039999436,0],[112.43117608500006,-6.9590928149999627,0],[112.43110717900004,-6.9591116859999715,0],[112.43106563100002,-6.9591130329999373,0],[112.4310583350001,-6.9591132699999321,0],[112.43103388100008,-6.9591032939999309,0],[112.43101368000009,-6.9590746429999513,0],[112.43100497300009,-6.9590459569999439,0],[112.43100776800009,-6.9590201079999474,0],[112.43102925800008,-6.9589999439999701,0],[112.43107231100009,-6.9589840219999815,0],[112.43109093200007,-6.9589653029999567,0],[112.43109663500002,-6.9589509289999683,0],[112.43109511600005,-6.9589236569999571,0],[112.43107636500008,-6.9588993079999568,0],[112.43098135000002,-6.9588364289999731,0],[112.43090221400007,-6.9587979069999619,0],[112.43086202500001,-6.9588109489999397,0],[112.43081467400009,-6.9588311899999553,0],[112.43078162500001,-6.9588298549999763,0],[112.43074710100007,-6.9588156029999482,0],[112.43069097700004,-6.9587856249999618,0],[112.43065214700005,-6.9587728219999576,0],[112.4306363820001,-6.958785789999979,0],[112.43058085700011,-6.958844891999945,0],[112.43056334400001,-6.9588635339999314,0],[112.43053184100006,-6.9588980839999408,0],[112.43053769200003,-6.9589325209999515,0],[112.43056082800001,-6.958981261999952,0],[112.43057526900009,-6.9590056239999285,0],[112.43056962600008,-6.9590400949999776,0],[112.43054386100005,-6.959071756999947,0],[112.4304720990001,-6.9590963789999591,0],[112.43039897400001,-6.9591454109999518,0],[112.43035595100002,-6.9591713819999654,0],[112.43033310300007,-6.9592173909999815,0],[112.43032173500001,-6.9592590579999296,0],[112.43028730600008,-6.9592763899999568,0],[112.4302585370001,-6.9592649919999303,0],[112.43023547100006,-6.9592392199999722,0],[112.43021949100012,-6.9592064729999379,0],[112.43021378600008,-6.9591947819999405,0],[112.43014036300008,-6.95904646799994,0],[112.43013572500001,-6.9590370999999323,0],[112.4301097340001,-6.9589941099999351,0],[112.43007517400008,-6.9589683739999373,0],[112.43004069700009,-6.9589699139999652,0],[112.43000343000006,-6.9589987389999806,0],[112.42997482100009,-6.9590404579999472,0],[112.429970733,-6.95904646799994,0],[112.42996996900001,-6.9590475899999547,0],[112.42993763200002,-6.9590951239999299,0],[112.42990465300011,-6.959116756999947,0],[112.42985437200002,-6.9591183449999789,0],[112.42982704800011,-6.9591098139999303,0],[112.42981539100003,-6.95908757899997,0],[112.42980826200005,-6.959073979999971,0],[112.42981576800003,-6.95904646799994,0],[112.42981963000011,-6.9590323129999661,0],[112.42982528100003,-6.9590007119999768,0],[112.4298021940001,-6.9589677629999755,0],[112.42979066500004,-6.9589563129999306,0],[112.42969131900009,-6.9588862679999579,0],[112.42958185900011,-6.95879759099995,0],[112.42955009500008,-6.9587460039999769,0],[112.42952986400007,-6.9587073039999723,0],[112.42951679400005,-6.9586614039999404,0],[112.42951805700011,-6.95860397499996,0],[112.42952936000006,-6.958540773999971,0],[112.4295522650001,-6.9585134279999465,0],[112.42962251200004,-6.9584629689999815,0],[112.42965543000003,-6.958421236999925,0],[112.42965101600009,-6.9583867959999566,0],[112.42962785000009,-6.9583280049999416,0],[112.42958457500004,-6.9582707119999441,0],[112.42953701600004,-6.9582220439999674,0],[112.42950383700008,-6.958177639999974,0],[112.42948931800004,-6.9581274379999627,0],[112.42948639200006,-6.9581102189999342,0],[112.42948895300003,-6.9580804069999544,0],[112.42949194400001,-6.9580455999999344,0],[112.42946890400003,-6.958028441999943,0],[112.42939125200007,-6.958005706999927,0],[112.42936820400007,-6.9579856779999432,0],[112.42936524800007,-6.9579584099999465,0],[112.42939534100003,-6.9579324779999752,0],[112.4294182540001,-6.9579080029999432,0],[112.42943971400007,-6.9578777899999409,0],[112.42944108100005,-6.9578548169999408,0],[112.42939794100005,-6.9578420259999803,0],[112.42935337600011,-6.9578335469999502,0],[112.42934895900009,-6.9578266569999414,0],[112.4293432720001,-6.9578177859999641,0],[112.42935036000006,-6.9577861809999604,0],[112.42938756700005,-6.9577372579999519,0],[112.42939606500011,-6.9576970349999669,0],[112.42938018300003,-6.9576712419999467,0],[112.42916739800012,-6.9576216379999778,0],[112.42914957200003,-6.9576057039999455,0],[112.42909536700006,-6.9575572529999477,0],[112.42903601,-6.9574081279999405,0],[112.4290343450001,-6.9573847629999364,0],[112.42902700800005,-6.9572818209999809,0],[112.42902100100002,-6.9571957019999786,0],[112.42898915400008,-6.9571168389999798,0],[112.4289804660001,-6.9571072069999786,0],[112.4289271670001,-6.9570481169999425,0],[112.42885652100006,-6.9569664999999645,0],[112.42882326400002,-6.9568962549999469,0],[112.42882279500009,-6.9568780759999527,0],[112.42882163600007,-6.9568330929999433,0],[112.4288343930001,-6.9567756299999814,0],[112.42883138900004,-6.9567325699999287,0],[112.4288053460001,-6.9566723529999308,0],[112.42879808900011,-6.9566479699999491,0],[112.42880023100008,-6.956634883999925,0],[112.42880045000004,-6.9566335479999566,0],[112.42880232100003,-6.9566221159999486,0],[112.42882378900003,-6.9565947739999388,0],[112.42886256300005,-6.9565889149999407,0],[112.42895741200005,-6.9565972419999298,0],[112.42898565700011,-6.9566002919999619,0],[112.4290479550001,-6.9566070179999429,0],[112.42909963300008,-6.9565925059999358,0],[112.42916843400008,-6.9565391799999361,0],[112.42927730700001,-6.9564340519999632,0],[112.42931853900006,-6.9563768999999525,0],[112.42933024400008,-6.9563606749999281,0],[112.42933733200005,-6.9563290699999811,0],[112.42932714100004,-6.9562845969999785,0],[112.42927810200001,-6.9562215779999406,0],[112.42917881700009,-6.9561716309999611,0],[112.42908241000009,-6.956123110999954,0],[112.42903639600001,-6.9561103299999445,0],[112.4289760800001,-6.9561191259999759,0],[112.42894166000008,-6.9561393279999493,0],[112.4289215980001,-6.9561566159999302,0],[112.42888706100007,-6.9561380569999756,0],[112.42883945000005,-6.9560721629999307,0],[112.42883356400012,-6.9560262409999609,0],[112.42884933300002,-6.956014707999941,0],[112.42891685800009,-6.9560145039999384,0],[112.42895705600006,-6.9560043339999424,0],[112.42896705200008,-6.9559842049999361,0],[112.42897986100002,-6.9559439689999749,0],[112.4289697480001,-6.9559253369999396,0],[112.42894960300009,-6.9559153479999623,0],[112.42886772400004,-6.9559199019999483,0],[112.42877296200004,-6.9559402869999758,0],[112.42866236600003,-6.9559506699999361,0],[112.42861929100002,-6.955959413999949,0],[112.42853311400006,-6.9559682869999619,0],[112.42843833500001,-6.9559829289999584,0],[112.42843487300001,-6.9559980379999615,0],[112.4284199010001,-6.9560633799999323,0],[112.42839999900002,-6.9561337849999632,0],[112.42838429100004,-6.9561654159999762,0],[112.42837135200011,-6.9561625839999692,0],[112.42833536900002,-6.9561411579999799,0],[112.42830938700001,-6.9561010389999751,0],[112.42830642300009,-6.9560708999999292,0],[112.42832472100008,-6.9559939279999412,0],[112.42832486500004,-6.9559933209999372,0],[112.42832181000006,-6.9559330339999406,0],[112.42822123200006,-6.9559304669999733,0],[112.42814510300002,-6.9559364389999701,0],[112.42810636900003,-6.9559533739999324,0],[112.42806905800001,-6.9559696869999357,0],[112.42802468900004,-6.9560258099999714,0],[112.42799325100009,-6.9560818939999649,0],[112.42797321,-6.9561063599999784,0],[112.42794163300005,-6.9561165049999545,0],[112.42790711300006,-6.9561036879999278,0],[112.42787968800008,-6.9560811019999278,0],[112.42784806100008,-6.9560550559999683,0],[112.42783214000008,-6.9560163419999412,0],[112.4278234200001,-6.9559833489999505,0],[112.42783479200011,-6.9559431169999471,0],[112.42786484100009,-6.9559028299999568,0],[112.42789200400011,-6.955858242999966,0],[112.42790194400004,-6.9558194519999574,0],[112.42790757800003,-6.9557821089999265,0],[112.42790174900006,-6.9557548499999484,0],[112.42789308100009,-6.9557390839999584,0],[112.42784841700006,-6.9556975859999284,0],[112.42775195000002,-6.9556289669999387,0],[112.42764404500008,-6.9555790459999685,0],[112.4275965380001,-6.9555476059999251,0],[112.42757635900011,-6.9555261319999317,0],[112.4275719630001,-6.9554974329999482,0],[112.42758767100008,-6.9554658019999351,0],[112.42761486000006,-6.9554298299999573,0],[112.42761491700003,-6.9554296869999348,0],[112.42762626700005,-6.9554010829999697,0],[112.42762905800009,-6.9553737979999255,0],[112.42762468700005,-6.9553537129999654,0],[112.4275454210001,-6.9552721219999398,0],[112.42749304400002,-6.9552338939999458,0],[112.42737695400001,-6.9551491659999556,0],[112.42733802400005,-6.9551033439999514,0],[112.42732357500006,-6.9550761109999257,0],[112.42733062800005,-6.9550330209999629,0],[112.42733639300002,-6.9550171619999333,0],[112.42734630200005,-6.954989904999934,0],[112.42736205300002,-6.9549726299999293,0],[112.42739686200002,-6.9549725249999597,0],[112.42740228100001,-6.9549725089999583,0],[112.42744543000003,-6.9549881709999681,0],[112.42751437000004,-6.9549807849999752,0],[112.4275387030001,-6.9549505639999438,0],[112.42756154300002,-6.9549016839999354,0],[112.42756853600008,-6.9548384959999794,0],[112.42756836700005,-6.9547825069999476,0],[112.42754236700011,-6.954736645999958,0],[112.42748328000005,-6.9546765279999363,0],[112.4273752150001,-6.9545734889999267,0],[112.42728587500005,-6.9544861859999401,0],[112.42726126800005,-6.9544683849999274,0],[112.42718508500002,-6.9544132729999433,0],[112.42711304600004,-6.9543460159999313,0],[112.42707842200002,-6.95429874499996,0],[112.42706244100009,-6.9542399329999398,0],[112.42706239800009,-6.9542258359999778,0],[112.42706227200006,-6.9541839449999543,0],[112.42706355300004,-6.9541322589999481,0],[112.42705771500005,-6.9541021279999313,0],[112.42704471100001,-6.9540777619999403,0],[112.42696536700009,-6.9539775259999601,0],[112.42695378300004,-6.9539635679999492,0],[112.42691628800003,-6.9539172629999371,0],[112.42689324100002,-6.9538972339999532,0],[112.42686445200002,-6.953879135999955,0],[112.42683184600003,-6.9538658349999309,0],[112.42676470900005,-6.9538516219999451,0],[112.42670485600001,-6.9538394199999516,0],[112.4266813370001,-6.9538217849999455,0],[112.42660614800002,-6.9537110889999667,0],[112.42653894000011,-6.9536092639999652,0],[112.42650579600001,-6.9535763439999414,0],[112.4264376640001,-6.9535339599999588,0],[112.42621792600005,-6.9534015879999629,0],[112.42616560700003,-6.9533625049999728,0],[112.42607337100003,-6.9532675529999324,0],[112.42600055000003,-6.9531692289999683,0],[112.42598077200012,-6.9531428939999387,0],[112.42592113400008,-6.953031962999944,0],[112.4259099410001,-6.9529956069999344,0],[112.42590071100005,-6.9529248889999735,0],[112.42590637600006,-6.9528383279999275,0],[112.42590738100012,-6.9527369339999723,0],[112.42590892800001,-6.9525809639999352,0],[112.42590969800005,-6.9525734339999303,0],[112.42590930200004,-6.9525632129999622,0],[112.42589578100001,-6.9524765559999651,0],[112.42589565800006,-6.9524603139999499,0],[112.42587645300011,-6.9524441019999585,0],[112.42583313600005,-6.9524138349999589,0],[112.42578944400009,-6.9523981719999597,0],[112.42570695200004,-6.9523582229999761,0],[112.42567687700011,-6.9523274599999354,0],[112.42566965500009,-6.9523145609999801,0],[112.42567157600001,-6.9522934009999631,0],[112.42567787100006,-6.9522434609999664,0],[112.42569875300001,-6.952180230999943,0],[112.42570604700006,-6.9521541409999372,0],[112.42570552400002,-6.9521397869999646,0],[112.42570049500011,-6.9521228009999732,0],[112.4256811780001,-6.9520692619999522,0],[112.4256523570001,-6.952040636999925,0],[112.42563527600009,-6.9520308909999358,0],[112.42558521000001,-6.9520322399999372,0],[112.42554622000011,-6.9520373799999788,0],[112.42553184900009,-6.9520359879999774,0],[112.42551793900009,-6.9520288519999554,0],[112.42550544000005,-6.9520130969999627,0],[112.42550206300007,-6.9520049719999406,0],[112.4255060910001,-6.9519607539999697,0],[112.42551413800004,-6.9519378489999326,0],[112.42553177000002,-6.9519043569999326,0],[112.42557288100011,-6.9518262639999762,0],[112.42561186900002,-6.9517328309999584,0],[112.42562947500005,-6.9516949739999632,0],[112.42563845800009,-6.9516566639999269,0],[112.42563267300011,-6.9516437609999571,0],[112.42562207200001,-6.9516222579999294,0],[112.42539903600004,-6.9513942469999392,0],[112.42538039800002,-6.9514467279999508,0],[112.42533855000011,-6.9515256189999377,0],[112.42526761100009,-6.951552086999925,0],[112.42522658400003,-6.9515495689999511,0],[112.42522630700012,-6.9515495519999604,0],[112.42518605500004,-6.9515470819999337,0],[112.42507824600011,-6.9514998379999611,0],[112.42502539300006,-6.9514766769999596,0],[112.42462314200009,-6.9512244699999428,0],[112.42461896700001,-6.9512218529999359,0],[112.42430858800003,-6.9510272479999458,0],[112.42399185800002,-6.9508169199999656,0],[112.42388636200008,-6.9507401849999724,0],[112.42382073100009,-6.9506960179999737,0],[112.42375285200001,-6.9506822129999364,0],[112.42368037900007,-6.9506964399999447,0],[112.42360556600011,-6.9507106749999252,0],[112.42352602000005,-6.9507062439999459,0]]]},"properties":{"OBJECTID":3957,"NAMOBJ":"Dukun","FCODE":"BA03070040","REMARK":null,"METADATA":"TASWIL1000020260612KECAMATAN_AR","SRS_ID":"4326","KDBBPS":null,"KDCBPS":null,"KDCPUM":"35.25.01","KDEBPS":null,"KDEPUM":null,"KDPBPS":null,"KDPKAB":"35.25","KDPPUM":"35","LUASWH":63.999127754401691,"TIPADM":3,"WADMKC":"Dukun","WADMKD":null,"WADMKK":"Gresik","WADMPR":"Jawa Timur","WIADKC":null,"WIADKK":null,"WIADPR":null,"WIADKD":null,"UUPP":null,"SHAPE_Length":0.62525245444659117,"SHAPE_Area":0.0052371756118079864}}]}