{"type":"FeatureCollection","features":[{"type":"Feature","id":3978,"geometry":{"type":"Polygon","coordinates":[[[112.74669644000005,-7.0979911489999381,0],[112.74632488600002,-7.0977691409999579,0],[112.74585144900004,-7.0974828469999807,0],[112.74575763600001,-7.097657106999975,0],[112.7456931270001,-7.0977793109999539,0],[112.74561528800007,-7.0978982669999482,0],[112.74552250800002,-7.0980473219999567,0],[112.74549238600002,-7.0980444319999378,0],[112.74544569900002,-7.0980400989999453,0],[112.74540653300005,-7.0980342389999578,0],[112.74536279400002,-7.0980133739999474,0],[112.74531905600008,-7.0979925089999369,0],[112.74522866900008,-7.0979778289999444,0],[112.74513603300011,-7.0979696049999461,0],[112.74507981900001,-7.09796266099994,0],[112.7450212120001,-7.0979545329999496,0],[112.74496254400003,-7.0979308989999481,0],[112.74484280000001,-7.0978788689999419,0],[112.74476139000001,-7.0978469709999672,0],[112.74469193200002,-7.0978150279999568,0],[112.74466082800006,-7.0978091809999455,0],[112.74465127800011,-7.0978127959999711,0],[112.7446393780001,-7.0978271539999582,0],[112.74443541200003,-7.0981378899999754,0],[112.74440416400012,-7.0981854949999388,0],[112.74435834600001,-7.0982315529999482,0],[112.74432740500004,-7.0982762039999443,0],[112.74430597100002,-7.098331615999939,0],[112.74429532300007,-7.0983775399999445,0],[112.74428328200008,-7.0984126719999381,0],[112.74425495900005,-7.098434372999975,0],[112.74423468400005,-7.0984384979999504,0],[112.744202212,-7.0984359219999646,0],[112.74415621800006,-7.0984347439999738,0],[112.74409939100008,-7.0984309089999442,0],[112.74404526100011,-7.0984243649999712,0],[112.74399384000003,-7.0984191589999455,0],[112.74392347500009,-7.0984113269999511,0],[112.74383019100003,-7.0983935079999583,0],[112.74379254200005,-7.0983786469999473,0],[112.74376242100004,-7.0983658999999761,0],[112.74371507800004,-7.098343573999955,0],[112.74368385300011,-7.0983233309999605,0],[112.7436590850001,-7.0983062779999386,0],[112.74363006900001,-7.0983021009999447,0],[112.74361074800004,-7.098305388999961,0],[112.74357856000006,-7.0983140819999448,0],[112.74354532400002,-7.09833028099996,0],[112.7435120880001,-7.0983464809999646,0],[112.74342097900001,-7.0983961169999361,0],[112.74324946500008,-7.0984857049999732,0],[112.74315508900008,-7.0985235669999724,0],[112.74305109500006,-7.0986814989999516,0],[112.74296678900009,-7.0988269439999385,0],[112.74285309600009,-7.0989863229999628,0],[112.74282903000005,-7.0990330629999789,0],[112.7427807040001,-7.0990764369999511,0],[112.74247995400003,-7.0993136149999714,0],[112.74231005800004,-7.099464778999959,0],[112.74209922900002,-7.0996727889999534,0],[112.74196276700002,-7.0998470309999675,0],[112.74182927100003,-7.0999775929999487,0],[112.74142255600009,-7.1001119159999462,0],[112.74129224600006,-7.1002111669999408,0],[112.74106099100004,-7.1003993719999698,0],[112.74094001000003,-7.1005383609999626,0],[112.74080644300011,-7.1007010419999688,0],[112.74057319100007,-7.1010331949999568,0],[112.74046401100009,-7.1011359059999677,0],[112.73996240300005,-7.1016723739999748,0],[112.73965385300005,-7.101508383999942,0],[112.73902590700004,-7.1011360529999479,0],[112.7384924370001,-7.1009808669999757,0],[112.73822610600007,-7.1013063889999444,0],[112.73816265400001,-7.1012841469999444,0],[112.73775895600011,-7.1016476439999678,0],[112.73754022600008,-7.1016294949999406,0],[112.73726754400002,-7.1021092139999382,0],[112.73715250200007,-7.1021846789999472,0],[112.73697350700002,-7.1024139419999415,0],[112.73662224200007,-7.1028975999999489,0],[112.73577130700005,-7.1028107219999583,0],[112.73540794500002,-7.1027440329999649,0],[112.73522404400001,-7.102625125999964,0],[112.73471097400011,-7.102293384999939,0],[112.7345764590001,-7.1024537119999422,0],[112.7344468980001,-7.1026380199999721,0],[112.73427622800011,-7.1028731919999473,0],[112.73417346000008,-7.1030343529999413,0],[112.73414687200011,-7.1030932959999404,0],[112.73411664800005,-7.1031362029999627,0],[112.73408106300008,-7.1031791299999441,0],[112.73404189000007,-7.103218505999962,0],[112.73396704900006,-7.10327941099996,0],[112.73387623800011,-7.1033706899999629,0],[112.73346548000006,-7.1039199839999583,0],[112.73330221300012,-7.1041410939999423,0],[112.73311338200006,-7.1043968289999384,0],[112.73289471100009,-7.1047652489999678,0],[112.73270407700011,-7.1052888989999587,0],[112.73267091100001,-7.1055860209999651,0],[112.73270192600012,-7.105678720999947,0],[112.73276635800005,-7.1059254579999447,0],[112.73269913900003,-7.1060847999999623,0],[112.73262334200001,-7.1061121469999762,0],[112.73250814400001,-7.1060797439999419,0],[112.73230609600012,-7.105975361999981,0],[112.73218551700006,-7.1059579289999419,0],[112.73210307400007,-7.1060266209999554,0],[112.73189639500004,-7.1062970489999771,0],[112.73194799500004,-7.1064991949999694,0],[112.73194687800003,-7.106529815999977,0],[112.73192056800008,-7.1066123479999419,0],[112.73186982400011,-7.1066897379999432,0],[112.7318135380001,-7.1066845569999373,0],[112.73169319900001,-7.1066934629999423,0],[112.73163118900004,-7.1068078109999533,0],[112.73158854900009,-7.1068888199999378,0],[112.73154066500001,-7.1069797949999725,0],[112.7315181670001,-7.1070077069999797,0],[112.73149668500002,-7.1070423209999376,0],[112.73148936500002,-7.1070526809999706,0],[112.73136123100005,-7.1072006319999446,0],[112.73114620800004,-7.1073775619999537,0],[112.73107097500008,-7.1075052989999676,0],[112.73100705500008,-7.1076105599999551,0],[112.7307638100001,-7.1081919209999569,0],[112.73069845500004,-7.1084287839999547,0],[112.73068979200002,-7.1084601819999307,0],[112.73064179300002,-7.1085045949999426,0],[112.7305379500001,-7.1085263469999518,0],[112.73051595100003,-7.1087529199999722,0],[112.7303413840001,-7.1089871609999591,0],[112.73035509200008,-7.1091258209999637,0],[112.73026173000005,-7.1092586429999756,0],[112.73029502300005,-7.1093606559999785,0],[112.73034584100003,-7.1094381719999546,0],[112.73046952800007,-7.109626857999956,0],[112.73047425700008,-7.1096345999999357,0],[112.73052716100005,-7.1097212199999262,0],[112.73056611400011,-7.1098127709999517,0],[112.73060732400006,-7.109909623999954,0],[112.73062197700006,-7.1100977049999301,0],[112.73058965400003,-7.1103325349999409,0],[112.73054874700006,-7.1104725399999325,0],[112.73051343600002,-7.110593362999964,0],[112.73047481800006,-7.1107255449999798,0],[112.73042829800011,-7.110884738999971,0],[112.73038329000008,-7.1109967459999552,0],[112.7303605620001,-7.1110310329999606,0],[112.73035271000003,-7.1110532279999461,0],[112.7301946770001,-7.1111747909999394,0],[112.73001455000008,-7.1111424229999329,0],[112.72982121500002,-7.1110785959999703,0],[112.72967620400004,-7.1110307159999593,0],[112.72946680200005,-7.1109615779999444,0],[112.72930422500008,-7.1109144889999811,0],[112.72911713600001,-7.1108918309999467,0],[112.72887442900003,-7.1108871779999276,0],[112.72839656300005,-7.110993447999931,0],[112.72686613600001,-7.1113337889999571,0],[112.72586703500008,-7.1111612489999629,0],[112.72478029700005,-7.1109735739999564,0],[112.72259532200007,-7.1105962369999816,0],[112.72173314600002,-7.1103201639999725,0],[112.72162743500007,-7.1103073389999736,0],[112.72109229600005,-7.1102423899999394,0],[112.72011121800006,-7.110123314999953,0],[112.71988689500006,-7.1099993159999713,0],[112.71958292000011,-7.1099332709999317,0],[112.71942327800002,-7.1098645309999711,0],[112.71912824700007,-7.1098617909999575,0],[112.71902697100006,-7.1098514529999761,0],[112.71897181500003,-7.1098729529999787,0],[112.71872896000002,-7.1099676149999596,0],[112.71856819000004,-7.1100217679999673,0],[112.71792510400007,-7.1102383659999759,0],[112.71765741400009,-7.1104000259999793,0],[112.71755080100002,-7.1105878609999422,0],[112.71739884200008,-7.1108555739999701,0],[112.7173375640001,-7.1109635299999354,0],[112.71725777300003,-7.1111512569999604,0],[112.71717818800005,-7.1113925469999799,0],[112.7170184040001,-7.111714463999931,0],[112.71666628600008,-7.1119300719999501,0],[112.71264592200009,-7.1118232499999294,0],[112.71207259100004,-7.1117783799999756,0],[112.71146744600003,-7.1116245059999414,0],[112.71105451800008,-7.111494271999959,0],[112.71059266400005,-7.1114157319999549,0],[112.70987059200002,-7.1113589829999455,0],[112.70924036500003,-7.1114078649999328,0],[112.70878447900009,-7.1112372519999667,0],[112.70830599200008,-7.1110100189999343,0],[112.7077570780001,-7.1108016999999677,0],[112.70772083100007,-7.1106985999999779,0],[112.70770230100004,-7.1105509959999722,0],[112.70764290700004,-7.1104642029999354,0],[112.70753206200004,-7.110399417999929,0],[112.70734885100001,-7.1103510759999722,0],[112.70718706900004,-7.1103108029999476,0],[112.70697214000006,-7.1102399829999285,0],[112.70628496500001,-7.10995274499993,0],[112.70542422100004,-7.1096100029999434,0],[112.70524723400001,-7.1095435799999791,0],[112.70479068000009,-7.1093788239999753,0],[112.70476149900003,-7.1094284309999694,0],[112.70474246400011,-7.1094665019999752,0],[112.70471866900004,-7.1095140909999373,0],[112.70470439200005,-7.1095949929999733,0],[112.7046805980001,-7.1096806529999412,0],[112.70467108000003,-7.1097520369999643,0],[112.70465204400011,-7.1098662509999713,0],[112.70457336200002,-7.1100205689999711,0],[112.70455383000001,-7.1100588789999506,0],[112.70452831200009,-7.1101517869999498,0],[112.70449024100003,-7.1102184119999379,0],[112.70445692800001,-7.1102755189999698,0],[112.70441885700006,-7.1103183489999537,0],[112.70438554500004,-7.1103516609999815,0],[112.70434632700005,-7.1104071589999762,0],[112.70434279500012,-7.110480200999973,0],[112.7043474730001,-7.1104991879999488,0],[112.70436471100004,-7.1105870079999249,0],[112.70440574400004,-7.1106258959999309,0],[112.70452090100002,-7.1106792999999584,0],[112.70455975300001,-7.1107040479999455,0],[112.70476149900003,-7.110856106999961,0],[112.70480908900004,-7.1108894199999781,0],[112.70484240100006,-7.110913213999936,0],[112.70486143700009,-7.1109465269999532,0],[112.70485667800006,-7.1110036339999283,0],[112.70480433000012,-7.111027427999943,0],[112.70473294600004,-7.1110226699999544,0],[112.7046663210001,-7.1110179109999763,0],[112.70456638400003,-7.1110179109999763,0],[112.704471205,-7.1110417049999342,0],[112.70442837500002,-7.1110797769999294,0],[112.70441352600005,-7.1111398529999406,0],[112.7044009550001,-7.1111907149999638,0],[112.70438665000006,-7.1112934379999615,0],[112.70428997100009,-7.111379918999944,0],[112.70425480400002,-7.1114153059999694,0],[112.70419059200003,-7.1115307379999422,0],[112.70415808100006,-7.1116603119999695,0],[112.70412629000009,-7.1117475699999773,0],[112.70413046600004,-7.1117926129999773,0],[112.70414112300011,-7.111853028999974,0],[112.7041549270001,-7.1119312819999436,0],[112.70414913200011,-7.1121413209999673,0],[112.70417286300005,-7.1122710789999815,0],[112.70418915000005,-7.1122917839999786,0],[112.70422533900012,-7.1123634209999409,0],[112.70427216100006,-7.1123955459999593,0],[112.70432367900003,-7.112388479999936,0],[112.70435223200002,-7.112417033999975,0],[112.70435223200002,-7.1124455869999679,0],[112.70432367900003,-7.1125026939999429,0],[112.70428084800005,-7.1125074529999779,0],[112.70422850000011,-7.1125169709999341,0],[112.70418091100009,-7.1125598009999749,0],[112.70414759900007,-7.1126121489999719,0],[112.70412380400001,-7.1126692569999364,0],[112.70405748100006,-7.1127953409999805,0],[112.70403327700001,-7.1128880579999532,0],[112.70398579500011,-7.1130356939999615,0],[112.70397627700004,-7.1131165949999513,0],[112.70397151800012,-7.1131879789999743,0],[112.70395248300008,-7.1132308089999583,0],[112.70391917000006,-7.1132736399999317,0],[112.70386206300009,-7.1133164699999725,0],[112.70381447400007,-7.1133450229999653,0],[112.70376212600002,-7.1133783359999256,0],[112.70373357200003,-7.1134259249999445,0],[112.70371453700011,-7.1135020679999457,0],[112.70370977800007,-7.1136162819999527,0],[112.70370977800007,-7.1136781479999627,0],[112.70369074200005,-7.1137257369999816,0],[112.70369550100008,-7.1137876029999347,0],[112.70372405400008,-7.1138113979999389,0],[112.70377164400008,-7.1138018799999259,0],[112.70380019700008,-7.1137685679999549,0],[112.70384302800005,-7.1137495319999289,0],[112.70388109900011,-7.1137447729999508,0],[112.70391441100003,-7.1137828439999566,0],[112.70396675900008,-7.1138351919999536,0],[112.70400483100002,-7.113878022999927,0],[112.70403814300005,-7.1139446479999719,0],[112.70401434900009,-7.1140160309999487,0],[112.70390013500003,-7.114054102999944,0],[112.70382875100006,-7.1140826559999368,0],[112.70376212600002,-7.1141254869999671,0],[112.70373357200003,-7.1141825939999421,0],[112.7038016140001,-7.1142890059999786,0],[112.7039308090001,-7.1143274469999369,0],[112.70412512200005,-7.1144128569999339,0],[112.7041360720001,-7.11445946799995,0],[112.70410750400004,-7.1145062239999675,0],[112.70401783600005,-7.1145460279999497,0],[112.70392803700008,-7.1145499469999436,0],[112.70383815800005,-7.1145323349999785,0],[112.70374455400008,-7.1144788509999444,0],[112.70368582500009,-7.1144206179999401,0],[112.70363363500007,-7.1143634329999372,0],[112.70360032300005,-7.1143491559999461,0],[112.70354797400012,-7.1143491559999461,0],[112.70351942100001,-7.1143729509999503,0],[112.7035021800001,-7.1144546739999441,0],[112.70347156300011,-7.114490620999959,0],[112.70341809800004,-7.1146056509999767,0],[112.70334607000007,-7.1147094089999428,0],[112.70335349400011,-7.1148181239999531,0],[112.7034120510001,-7.1149142899999447,0],[112.70351294600005,-7.1149964559999717,0],[112.70351683000001,-7.1150753889999692,0],[112.70349198700001,-7.115158016999942,0],[112.70346417700011,-7.115226444999962,0],[112.70337189400004,-7.1153723239999636,0],[112.70330051000008,-7.1154817789999356,0],[112.70323750600005,-7.1156409739999731,0],[112.70319732100006,-7.1157425139999759,0],[112.70317774000011,-7.1158248739999408,0],[112.70312973700004,-7.115973232999977,0],[112.70312912200006,-7.1161282639999399,0],[112.70310450400007,-7.1162718969999332,0],[112.70308347800005,-7.1164155169999503,0],[112.703073098,-7.1165232119999473,0],[112.70304475400008,-7.1166309729999284,0],[112.70302708300005,-7.1167099859999325,0],[112.70301968700005,-7.1168072219999772,0],[112.70304686000009,-7.116855275999967,0],[112.70314739800006,-7.1168405529999745,0],[112.70321918200011,-7.1168223449999459,0],[112.70334871200009,-7.1168756959999655,0],[112.70343515800005,-7.1169363839999278,0],[112.70352886800003,-7.1170185769999534,0],[112.70353996400002,-7.1171046599999386,0],[112.70349345900001,-7.1171586609999622,0],[112.70345036200001,-7.117162407999956,0],[112.70334621800009,-7.1171735559999547,0],[112.70331608000004,-7.1171881439999538,0],[112.7032291270001,-7.1172235449999448,0],[112.70321009100007,-7.1172425809999709,0],[112.70321009100007,-7.1172616159999507,0],[112.7032783840001,-7.1172886399999697,0],[112.70337298600009,-7.1173354529999528,0],[112.70340996600009,-7.1173948659999269,0],[112.70341472500002,-7.1174472139999807,0],[112.70341472500002,-7.1175043209999558,0],[112.70341472500002,-7.1175614279999309,0],[112.70338617100003,-7.1175994999999261,0],[112.70333382300009,-7.1176090179999392,0],[112.7032434030001,-7.1175804639999569,0],[112.70316250200005,-7.117537633999973,0],[112.70308160000002,-7.117475767999963,0],[112.70300545700002,-7.1173663129999341,0],[112.70294067100008,-7.117335824999941,0],[112.70290330800003,-7.1173417619999668,0],[112.70287220700004,-7.117361553999956,0],[112.70284365400005,-7.117418660999931,0],[112.70282461800002,-7.117475767999963,0],[112.70273991200008,-7.1175783049999382,0],[112.70267899100008,-7.1176309529999457,0],[112.70265136900002,-7.117722209999954,0],[112.7026393650001,-7.1177794479999648,0],[112.70261522600003,-7.1178945529999282,0],[112.70261046700011,-7.1179516599999602,0],[112.70257509500004,-7.1180747679999286,0],[112.70256127200003,-7.1181332439999778,0],[112.70258336000006,-7.1182062389999601,0],[112.70260283500011,-7.1182241519999252,0],[112.70267122500002,-7.1182597849999638,0],[112.70272519300011,-7.1182811179999703,0],[112.70286180200003,-7.118305735999968,0],[112.70289795300005,-7.1183666069999276,0],[112.70287654300012,-7.1184061609999389,0],[112.70279767900001,-7.1184531029999789,0],[112.7027223020001,-7.118471321999948,0],[112.7026866010001,-7.1185324599999262,0],[112.70271908000007,-7.1185718139999494,0],[112.70279822200007,-7.1186002309999594,0],[112.70284515000003,-7.1186610639999799,0],[112.70284178200006,-7.1187220819999766,0],[112.70278459300005,-7.1188012399999252,0],[112.70274183900005,-7.1188982879999685,0],[112.70273851200011,-7.1189700729999572,0],[112.70278904600002,-7.1190344799999252,0],[112.7028360270001,-7.1191096679999646,0],[112.70282186800011,-7.1191671369999767,0],[112.70277528400004,-7.1191996049999489,0],[112.70273961000009,-7.1192679179999345,0],[112.70282600300004,-7.1193142509999348,0],[112.70289086800005,-7.1193678409999279,0],[112.70303846700006,-7.1194498359999443,0],[112.70313555900009,-7.1194745979999539,0],[112.70325062600011,-7.1195028829999387,0],[112.70336214100007,-7.1195419469999592,0],[112.70348800000011,-7.1195737789999498,0],[112.70359243500002,-7.1196415779999711,0],[112.70359259400004,-7.1196846399999458,0],[112.70357477700009,-7.1197241799999347,0],[112.70353525900009,-7.1197243259999254,0],[112.70347059300002,-7.119724562999977,0],[112.70339871500005,-7.1197176509999736,0],[112.70331965300011,-7.1197107649999793,0],[112.70325489400011,-7.1196858839999777,0],[112.70315413000003,-7.1196396029999391,0],[112.70301376900011,-7.1195719379999787,0],[112.70290214900001,-7.1195041659999561,0],[112.70276549900007,-7.1194687829999452,0],[112.70269368800007,-7.1194798129999413,0],[112.7026903200001,-7.119540830999938,0],[112.7027156800001,-7.1195981549999487,0],[112.70279849400004,-7.1196480889999521,0],[112.70286324000006,-7.1196693819999268,0],[112.70289570500006,-7.11970514799998,0],[112.70288152000001,-7.1197554409999384,0],[112.70286016300008,-7.1198093479999329,0],[112.7028317270001,-7.1198919879999494,0],[112.70279604000007,-7.1199567139999544,0],[112.70270993800011,-7.1199893279999742,0],[112.7026379670001,-7.1199572959999387,0],[112.70259460500006,-7.1198892739999451,0],[112.70254030700005,-7.1197782279999728,0],[112.70247908800002,-7.1197389789999761,0],[112.70237516800012,-7.1198111329999278,0],[112.70231099200009,-7.1199441459999662,0],[112.70230046600011,-7.120012365999969,0],[112.70233678800003,-7.1201198899999554,0],[112.70240547000003,-7.1202344699999571,0],[112.70245966300001,-7.1203168089999735,0],[112.70261797400008,-7.1203808199999798,0],[112.70263968800009,-7.120423801999948,0],[112.70261827800005,-7.1204633549999699,0],[112.70257532700009,-7.1205065769999578,0],[112.70261155700007,-7.1205889789999333,0],[112.70257948800008,-7.1206608689999484,0],[112.70250404500007,-7.1206611469999643,0],[112.70238543700009,-7.1206472289999283,0],[112.70232779700007,-7.1206043789999285,0],[112.70226656500006,-7.120561539999926,0],[112.70213718000002,-7.1205476619999786,0],[112.70204747100001,-7.1205767019999371,0],[112.70200453300004,-7.1206235109999625,0],[112.70194023700003,-7.1207242269999256,0],[112.70187599400003,-7.120839296999975,0],[112.70182963500008,-7.1209327699999676,0],[112.70184799500009,-7.1210403599999381,0],[112.70187342100007,-7.1211156259999484,0],[112.7018991110001,-7.1212626629999249,0],[112.70188870400011,-7.1213631809999356,0],[112.70185667500004,-7.1214458349999745,0],[112.7018281600001,-7.1215069449999646,0],[112.70176717900006,-7.1215322899999478,0],[112.70172426600004,-7.1215862759999595,0],[112.70173161000002,-7.1216293109999356,0],[112.70179642200003,-7.1216685469999561,0],[112.70181099100012,-7.1217223229999718,0],[112.70175718200005,-7.1217440509999506,0],[112.70169255500002,-7.1217550539999479,0],[112.70163519300002,-7.1217875629999412,0],[112.70161025700008,-7.1218450709999388,0],[112.70164985400004,-7.1218664569999532,0],[112.70174701300004,-7.1219091619999517,0],[112.70183338000004,-7.1219483189999551,0],[112.70191994600009,-7.1220413029999463,0],[112.70195258300009,-7.1221237199999337,0],[112.70198502200003,-7.1221523089999437,0],[112.70199593200005,-7.1221881539999572,0],[112.70197093000002,-7.1222277209999447,0],[112.70190627700003,-7.1222315459999663,0],[112.70181638300005,-7.1222103469999638,0],[112.70169770900009,-7.1221784859999389,0],[112.7015503340001,-7.1221574969999324,0],[112.70146769100006,-7.1221542119999413,0],[112.70138878700004,-7.1221903879999786,0],[112.70130623700004,-7.1222122239999521,0],[112.70127047000005,-7.1222554169999626,0],[112.7012601030001,-7.1223667009999758,0],[112.70127821100004,-7.1224061089999395,0],[112.70129278000002,-7.1224598839999658,0],[112.70123198400006,-7.1225354659999311,0],[112.70116389700001,-7.1225823689999288,0],[112.70111733900001,-7.1226220139999441,0],[112.70108884900003,-7.1226903019999668,0],[112.70106417800002,-7.1228195809999306,0],[112.70102125200003,-7.1228699789999723,0],[112.70097840500011,-7.122941907999973,0],[112.70098947400004,-7.1230208139999718,0],[112.70098642400001,-7.1231679579999536,0],[112.70092915400005,-7.1232255849999433,0],[112.70087917600006,-7.1233118929999364,0],[112.70072462600001,-7.1234487799999329,0],[112.70064518400011,-7.1236194629999545,0],[112.70063425800004,-7.1236429369999428,0],[112.70062503000008,-7.1236820699999726,0],[112.70065626600001,-7.1237541069999679,0],[112.70067090100008,-7.1238258239999368,0],[112.70062801500001,-7.1238869879999811,0],[112.70059248600001,-7.1239947759999609,0],[112.70064303300001,-7.1240627729999346,0],[112.70069323700011,-7.1240374669999369,0],[112.70081895100009,-7.1240298279999479,0],[112.70090881900001,-7.1240438519999429,0],[112.70102034800004,-7.1240865049999798,0],[112.70111748000011,-7.1241220329999351,0],[112.70109255700004,-7.124183129999949,0],[112.70103572400001,-7.1243591779999633,0],[112.7009894040001,-7.1244634159999691,0],[112.70097541700011,-7.1245675369999617,0],[112.70099002600011,-7.1246320769999443,0],[112.70096531500008,-7.1247505899999624,0],[112.70090433300004,-7.1247759339999561,0],[112.70077482700003,-7.1247297599999797,0],[112.70073859700005,-7.124647356999958,0],[112.70068787700006,-7.1245327089999364,0],[112.7006482270001,-7.1244969689999493,0],[112.70058719200006,-7.1245079589999705,0],[112.70059453600004,-7.1245509949999359,0],[112.70056265300002,-7.1246731229999796,0],[112.70054130900007,-7.1247306179999441,0],[112.70049854100012,-7.12482407899995,0],[112.70041625600004,-7.1249176839999677,0],[112.70031695500006,-7.1249898679999433,0],[112.70025188400007,-7.1251706799999397,0],[112.7001855630001,-7.1253718829999571,0],[112.70020042700003,-7.1255058009999743,0],[112.70026324600008,-7.1256538979999391,0],[112.70030426900007,-7.1257255229999714,0],[112.70031887700009,-7.1257900619999646,0],[112.70030837700006,-7.1258654619999788,0],[112.70026538500008,-7.1258979159999285,0],[112.70022243200003,-7.125941136999927,0],[112.70013648800011,-7.1260168129999784,0],[112.70005389700009,-7.1260278829999493,0],[112.69995002900009,-7.1261143909999305,0],[112.69988570600003,-7.1262079289999747,0],[112.69981772400001,-7.1262835399999744,0],[112.6997201910001,-7.1263673879999487,0],[112.69966266800009,-7.1264647279999735,0],[112.69966344400007,-7.1266752549999524,0],[112.69964553800003,-7.1267167019999533,0],[112.69969392700011,-7.1268115129999501,0],[112.69969058600009,-7.1268797079999331,0],[112.69969083700005,-7.1269478899999399,0],[112.69973787200001,-7.1270374319999519,0],[112.69970572300008,-7.1270877899999618,0],[112.69963758300003,-7.1271203369999512,0],[112.6995621640001,-7.1271277919999534,0],[112.69949276200009,-7.127154356999938,0],[112.69946658200001,-7.1272399559999258,0],[112.69949119800003,-7.1273684859999662,0],[112.69949858100006,-7.1274222869999448,0],[112.69952406000004,-7.1275119069999278,0],[112.69952439100007,-7.1276016209999398,0],[112.69950666600005,-7.1276662799999713,0],[112.69947108400004,-7.1277597139999784,0],[112.69941153400009,-7.1278860509999618,0],[112.69938581500003,-7.1280303609999578,0],[112.69931502000009,-7.128317706999951,0],[112.6993082030001,-7.1283783859999517,0],[112.69927791600003,-7.1286479909999798,0],[112.69929785300008,-7.1288584469999705,0],[112.69933894200005,-7.1289480149999349,0],[112.6993319820001,-7.1290090449999752,0],[112.6993214150001,-7.1290665019999437,0],[112.69930745600004,-7.1290887229999385,0],[112.69928459300002,-7.1291370139999799,0],[112.69927145800011,-7.1291647569999554,0],[112.69925658700004,-7.1291885519999596,0],[112.69925063800008,-7.1292212699999595,0],[112.69925956100008,-7.12925101299993,0],[112.69928335600002,-7.1292896789999531,0],[112.6992982270001,-7.129334293999932,0],[112.69931012500001,-7.1293908059999467,0],[112.69931012500001,-7.1294294719999698,0],[112.69928038100011,-7.1294859849999739,0],[112.69924766400004,-7.1295157279999444,0],[112.69920304900006,-7.1295365479999759,0],[112.69915248500001,-7.129584136999938,0],[112.69914058800009,-7.1296168549999379,0],[112.69913761400005,-7.1296793159999652,0],[112.69913357200005,-7.1297633739999355,0],[112.69914211500009,-7.1298188739999659,0],[112.69913463900002,-7.1299142879999522,0],[112.69913463900002,-7.1299499789999459,0],[112.69913027400003,-7.1300233619999744,0],[112.69909325300011,-7.1300761759999318,0],[112.69909219500005,-7.1300819699999352,0],[112.69908596500011,-7.1301160769999683,0],[112.69908705000012,-7.1301343879999308,0],[112.69908705000012,-7.1301760279999371,0],[112.69907812700001,-7.1302146949999496,0],[112.69904695500009,-7.1302458659999388,0],[112.69904541000005,-7.1302474119999601,0],[112.69901566600004,-7.1302712069999643,0],[112.69896721900011,-7.1303391589999592,0],[112.6989569970001,-7.1304249049999271,0],[112.69892941100011,-7.1304734609999514,0],[112.69889371900001,-7.1304853579999303,0],[112.69885802700003,-7.1304853579999303,0],[112.69881638700008,-7.1304942809999261,0],[112.69878961800009,-7.130529972999966,0],[112.69877772000007,-7.1305864849999807,0],[112.69878972200001,-7.1306460379999521,0],[112.69878366900002,-7.1306905869999468,0],[112.69875690000003,-7.1307708939999657,0],[112.69872120800005,-7.1308095599999319,0],[112.69866707500012,-7.1308883099999321,0],[112.69863792700005,-7.1309523269999318,0],[112.69863792700005,-7.1309850449999317,0],[112.69864685000005,-7.1310118139999759,0],[112.69866172200011,-7.1310266859999274,0],[112.6986884910001,-7.13103560899998,0],[112.69871228500006,-7.13103560899998,0],[112.69874500300011,-7.1310385829999632,0],[112.6987628490001,-7.1310564289999547,0],[112.6987628490001,-7.1310683259999337,0],[112.69874500300011,-7.131098068999961,0],[112.69874202800008,-7.1311307869999609,0],[112.69874500300011,-7.1311575559999483,0],[112.69875095100008,-7.1311754019999398,0],[112.69877772000007,-7.1311872989999756,0],[112.69881341200005,-7.1311872989999756,0],[112.69884018100004,-7.1311783759999798,0],[112.69886992400006,-7.1311635049999609,0],[112.69890264200001,-7.1311635049999609,0],[112.6989383340001,-7.1311813509999524,0],[112.69894428300006,-7.1312081189999503,0],[112.6989383340001,-7.131249759999946,0],[112.69890561600005,-7.1312884259999691,0],[112.6988639760001,-7.1312973489999649,0],[112.69880746400008,-7.1312676059999376,0],[112.69875987400007,-7.1312467859999629,0],[112.69870038800002,-7.1312408369999503,0],[112.69864685000005,-7.1312229909999587,0],[112.69860818400002,-7.1311902739999482,0],[112.69856654300008,-7.1311872989999756,0],[112.69853680000006,-7.131199196999944,0],[112.69850705700003,-7.1312348879999377,0],[112.69845649300009,-7.1312914009999417,0],[112.69839105800008,-7.1313865789999795,0],[112.69834049400004,-7.1314728349999541,0],[112.69833454600007,-7.1315293469999688,0],[112.69834346900006,-7.1315739619999476,0],[112.69836726300002,-7.1315858589999266,0],[112.69839403200001,-7.1315769359999308,0],[112.69842377500004,-7.1315531409999267,0],[112.6984475700001,-7.1315412439999477,0],[112.69846541600009,-7.1315442179999309,0],[112.69847136500005,-7.1315650389999519,0],[112.69846541600009,-7.1316066789999581,0],[112.69846541600009,-7.131651293999937,0],[112.69846541600009,-7.1317256519999432,0],[112.69845054400002,-7.1317851389999305,0],[112.69844459600006,-7.1318446249999283,0],[112.69845946700002,-7.1318862659999809,0],[112.69847433900009,-7.1319249319999471,0],[112.69847731300001,-7.1319576499999471,0],[112.69847433900009,-7.132005238999966,0],[112.69846839000002,-7.1321033919999763,0],[112.69846244200005,-7.1321539549999784,0],[112.69845649300009,-7.1321985699999573,0],[112.6984386470001,-7.1322312879999572,0],[112.69840593000004,-7.132240210999953,0],[112.69831372500005,-7.1322253389999446,0],[112.69827505900003,-7.1322045189999699,0],[112.69823936700004,-7.1321896469999615,0],[112.69818285500003,-7.1321836979999489,0],[112.69814716300004,-7.1321955959999741,0],[112.69811742000002,-7.1322283129999278,0],[112.69809957400003,-7.1322759029999361,0],[112.6980966000001,-7.1323145689999592,0],[112.6980876770001,-7.1323532349999255,0],[112.69807875400011,-7.1323829779999528,0],[112.69805198500001,-7.1324216449999653,0],[112.69802521600002,-7.1324513879999358,0],[112.69799249800008,-7.1324811309999632,0],[112.69796275500005,-7.1325108739999337,0],[112.69794193500002,-7.1325465659999736,0],[112.6979389600001,-7.1325822579999567,0],[112.69794490900006,-7.1326268729999356,0],[112.69793301200002,-7.1326536419999798,0],[112.69792111400011,-7.1326863599999797,0],[112.69792408900003,-7.1327190769999333,0],[112.69793301200002,-7.1327428719999375,0],[112.69793598600006,-7.1327726149999648,0],[112.69792111400011,-7.132796409999969,0],[112.697903268,-7.1328350759999353,0],[112.69788542200001,-7.132930253999973,0],[112.69788244800009,-7.1329956899999729,0],[112.69784973100002,-7.1330194839999308,0],[112.69779916700008,-7.1330224579999708,0],[112.69773670600011,-7.1330194839999308,0],[112.69765937400007,-7.1330165099999476,0],[112.69758204100003,-7.1330046129999687,0],[112.69755229800001,-7.1329986639999561,0],[112.69751065700007,-7.133010560999935,0],[112.69745117100001,-7.1330551759999707,0],[112.69741547900003,-7.1330997909999496,0],[112.69739763300004,-7.1331473799999685,0],[112.69738573600011,-7.1332038919999263,0],[112.69735896700001,-7.133248506999962,0],[112.69734112100002,-7.1332931219999409,0],[112.69733219800003,-7.1333555829999682,0],[112.69733517200007,-7.1334180439999386,0],[112.69735086600008,-7.133478107999963,0],[112.69736789000001,-7.1335548629999721,0],[112.69736491500009,-7.1336143489999699,0],[112.69735004400002,-7.1336559899999656,0],[112.69731649700009,-7.1337140739999541,0],[112.69726676300002,-7.1338017319999381,0],[112.69721619900008,-7.1338909619999527,0],[112.69718348100002,-7.1339742429999546,0],[112.69716563500003,-7.1340456269999777,0],[112.69714481500012,-7.1341497279999544,0],[112.69713291800008,-7.1342002919999459,0],[112.69713589200001,-7.1342330089999564,0],[112.69715968700007,-7.1342508549999479,0],[112.69718645600005,-7.1342478809999648,0],[112.69721917300001,-7.134235983999929,0],[112.6972548650001,-7.1342181379999374,0],[112.69727866000005,-7.1342211119999774,0],[112.69729650600004,-7.134235983999929,0],[112.69730840300008,-7.1342657269999563,0],[112.69730245400001,-7.1342954699999268,0],[112.69726676300002,-7.134319264999931,0],[112.69722809600012,-7.1343281879999267,0],[112.69720430200005,-7.1343460339999751,0],[112.69720430200005,-7.1343757769999456,0],[112.69721917300001,-7.1343965969999772,0],[112.69724594200011,-7.1344352629999435,0],[112.69723999400003,-7.1344679809999434,0],[112.69721619900008,-7.1345334159999538,0],[112.69721619900008,-7.1345988509999643,0],[112.69721401000004,-7.1346207399999457,0],[112.69721025000001,-7.1346583379999515,0],[112.69717268300008,-7.1346873329999312,0],[112.69711804600001,-7.1346910559999515,0],[112.69709127700003,-7.1346732099999599,0],[112.69707045700011,-7.1346345429999474,0],[112.69704963700008,-7.1346018259999369,0],[112.69701989300006,-7.1345869539999285,0],[112.69699907300003,-7.1345929029999411,0],[112.69697825300011,-7.1346166969999558,0],[112.69695148400001,-7.1346702349999305,0],[112.69693066400009,-7.1347386449999703,0],[112.69693661200006,-7.134792182999945,0],[112.69696338100005,-7.1348367979999807,0],[112.6970050220001,-7.1348724889999744,0],[112.69704666200005,-7.1349141299999701,0],[112.69710020000002,-7.1349438729999406,0],[112.69712399500008,-7.1349438729999406,0],[112.69714184100008,-7.134926026999949,0],[112.69716861000006,-7.1348933099999385,0],[112.69719353100004,-7.1348878009999339,0],[112.69722809600012,-7.1348933099999385,0],[112.69724296800007,-7.1349081809999575,0],[112.69723213600003,-7.1349349039999765,0],[112.69721917300001,-7.1349855139999363,0],[112.69721322500004,-7.1350241799999594,0],[112.69721025000001,-7.1350598719999425,0],[112.69721917300001,-7.1351163839999572,0],[112.69726676300002,-7.1351699219999318,0],[112.69731732600007,-7.1352056139999718,0],[112.69743910600005,-7.1353246989999661,0],[112.69751991700002,-7.1354526709999391,0],[112.69755455800009,-7.1354778239999632,0],[112.69758549100004,-7.1354944809999665,0],[112.69761404500002,-7.1355063779999455,0],[112.69764735700005,-7.1355182749999813,0],[112.69767474900004,-7.1355299989999708,0],[112.69768706700006,-7.1355473539999252,0],[112.69768641700011,-7.1355768849999777,0],[112.69762803300011,-7.135615300999973,0],[112.69759245200009,-7.1356777049999778,0],[112.697573594,-7.1357229089999805,0],[112.69756883500008,-7.1357633599999417,0],[112.69757121500004,-7.1358085689999484,0],[112.69756645600012,-7.1358561589999567,0],[112.69755693800005,-7.1358847119999496,0],[112.69752362500003,-7.1359227839999448,0],[112.69751886600011,-7.1359584749999385,0],[112.6975331430001,-7.1359846499999549,0],[112.69760690700002,-7.1359965469999338,0],[112.69764973700001,-7.1360155819999704,0],[112.6976854290001,-7.1360560329999316,0],[112.69772350000005,-7.1361250379999319,0],[112.69774253600008,-7.1361821449999638,0],[112.69777822800006,-7.1362440109999739,0],[112.69780903100002,-7.1362987049999447,0],[112.69783771400012,-7.1363344299999767,0],[112.69785437000007,-7.1363915369999518,0],[112.69784723200007,-7.1364224699999568,0],[112.69781629900001,-7.136424849999969,0],[112.69777773500005,-7.1364418209999485,0],[112.69777290900004,-7.136470759999952,0],[112.69777680100003,-7.1365480229999321,0],[112.69778269100004,-7.1365594749999559,0],[112.69779456100002,-7.1366316359999473,0],[112.69775804200003,-7.1366785629999754,0],[112.69770922300006,-7.136688969999966,0],[112.69765211600009,-7.1366842109999311,0],[112.69760690700002,-7.1366723139999522,0],[112.69756169700008,-7.1366461399999253,0],[112.69749983100007,-7.136617585999943,0],[112.69745462100002,-7.1366152069999771,0],[112.69737847800002,-7.1366413809999472,0],[112.69730471500009,-7.1367270409999719,0],[112.69724760800011,-7.136753214999942,0],[112.69718812100007,-7.136753214999942,0],[112.69714291200012,-7.136722281999937,0],[112.69711673800009,-7.1366937289999441,0],[112.69708580500003,-7.1366770729999303,0],[112.69705487200008,-7.136688969999966,0],[112.6970334560001,-7.136722281999937,0],[112.69700966200003,-7.1367793889999689,0],[112.69697872900008,-7.1368198399999301,0],[112.69696921100001,-7.1368436349999342,0],[112.69695969300005,-7.1369007419999662,0],[112.69697634900001,-7.1369578489999412,0],[112.69697159000009,-7.1370339919999424,0],[112.69695255500005,-7.1370625449999352,0],[112.69691210400003,-7.1370696839999255,0],[112.69684310000002,-7.1370458889999782,0],[112.69680264900001,-7.1370363709999651,0],[112.69675030100007,-7.137053026999979,0],[112.69674078300011,-7.1370720629999482,0],[112.6967621980001,-7.1371077549999313,0],[112.69678789000011,-7.137125694999952,0],[112.69682644300008,-7.1371553439999502,0],[112.6968526170001,-7.1371791389999544,0],[112.69685737600003,-7.1372148309999375,0],[112.69682644300008,-7.1372338669999635,0],[112.6967693360001,-7.1372148309999375,0],[112.69673916800002,-7.1372007899999517,0],[112.69669557300006,-7.1372005539999464,0],[112.69668129600007,-7.1372243489999505,0],[112.69665603800001,-7.1372787509999398,0],[112.6966527730001,-7.1373150709999322,0],[112.69665512200004,-7.1373385629999575,0],[112.69665988100007,-7.1373671159999503,0],[112.69664488300009,-7.1373970649999592,0],[112.69661954200001,-7.1374106239999264,0],[112.69656232300008,-7.1374384999999734,0],[112.69652231300006,-7.1374355729999479,0],[112.69646476500009,-7.1374313619999725,0],[112.6964290730001,-7.1374266029999376,0],[112.69640289900008,-7.1374289819999603,0],[112.69638148400009,-7.1374527769999645,0],[112.69638862200009,-7.1374908479999704,0],[112.69641717600007,-7.1375194019999526,0],[112.69644573000005,-7.1375431959999673,0],[112.69647666300011,-7.1375646119999487,0],[112.69650136400003,-7.1375618809999537,0],[112.69654225500005,-7.1375976299999593,0],[112.6966027740001,-7.1376550309999516,0],[112.69663132800008,-7.1377026199999705,0],[112.69664798400004,-7.1377335529999755,0],[112.69666939900003,-7.1377977989999408,0],[112.69668367600002,-7.1378120759999319,0],[112.69668367600002,-7.1378358699999467,0],[112.69667177800011,-7.1378953569999339,0],[112.69666226100003,-7.1379381869999747,0],[112.69662962900009,-7.1379588489999719,0],[112.69658373800007,-7.1379477049999309,0],[112.69656627100005,-7.1379380009999522,0],[112.6965194930001,-7.1379120129999478,0],[112.69648856000003,-7.1378977359999567,0],[112.69646000600005,-7.1378715619999298,0],[112.69643859100006,-7.137843008999937,0],[112.69640289900008,-7.1378192139999328,0],[112.69636958700005,-7.1378073169999539,0],[112.69632437700011,-7.1378049369999417,0],[112.69630534100008,-7.1378263519999336,0],[112.69628868500001,-7.1378715619999298,0],[112.69629582400012,-7.1379143919999706,0],[112.69630534100008,-7.1379334279999398,0],[112.69636482800001,-7.1379310489999739,0],[112.69639576100008,-7.1379405659999406,0],[112.69641955500003,-7.1379453249999756,0],[112.69643859100006,-7.1379596019999667,0],[112.69644097100002,-7.1379738789999578,0],[112.69644097100002,-7.1380000529999279,0],[112.69645769700003,-7.13804741499996,0],[112.69647255300004,-7.1380894759999478,0],[112.69648856000003,-7.1381261639999707,0],[112.69650283700003,-7.1381618559999538,0],[112.6965194930001,-7.138190409999936,0],[112.69653852900001,-7.1382142039999508,0],[112.69656232300008,-7.138242757999933,0],[112.69656946200007,-7.1382808289999389,0],[112.69655280500001,-7.1383141419999561,0],[112.69653852900001,-7.1383736279999539,0],[112.69653928300011,-7.1383932389999813,0],[112.69654090800009,-7.1384354939999639,0],[112.69651711300003,-7.1384592889999681,0],[112.69645524700002,-7.138440252999942,0],[112.69639814000004,-7.138409319999937,0],[112.69636958700005,-7.1384069409999711,0],[112.69634655200002,-7.1384167079999656,0],[112.6963386540001,-7.138461667999934,0],[112.69635531000006,-7.138492600999939,0],[112.69637434600008,-7.1385140169999772,0],[112.69640862000006,-7.1385397339999486,0],[112.69642184700001,-7.1386094809999463,0],[112.69641540600003,-7.1386610049999604,0],[112.69644810900002,-7.1387019939999732,0],[112.69646952400001,-7.1387305479999554,0],[112.69645762700009,-7.1387543419999702,0],[112.69641955500003,-7.1387472039999693,0],[112.69638862200009,-7.1387043729999391,0],[112.69635983800003,-7.1386748969999303,0],[112.69630574700011,-7.1386536759999331,0],[112.69626675100005,-7.1386571319999348,0],[112.69625333900001,-7.1386691629999746,0],[112.69624052200004,-7.1387021279999772,0],[112.69623992000004,-7.138742213999933,0],[112.69625775200007,-7.1387900339999533,0],[112.69627916700006,-7.1388304849999713,0],[112.69632059000003,-7.1388783649999255,0],[112.6963386540001,-7.1389256629999522,0],[112.69633627400003,-7.1389756319999265,0],[112.69631485900004,-7.1390041859999656,0],[112.69626489100006,-7.1389970469999753,0],[112.69625171200005,-7.1389889929999413,0],[112.69622206000008,-7.1389708729999484,0],[112.69619112700002,-7.1389494579999564,0],[112.69612814000004,-7.1389144059999694,0],[112.69611782700008,-7.1389024499999323,0],[112.69608770800005,-7.1388793899999428,0],[112.69606213700001,-7.1388698999999747,0],[112.69602324100003,-7.1388554649999492,0],[112.69598649400007,-7.1388566589999414,0],[112.69596745800004,-7.1388709359999325,0],[112.69596269900001,-7.1388923509999813,0],[112.69597935500008,-7.1389137659999733,0],[112.69601028800002,-7.1389280429999644,0],[112.69603646200005,-7.1389351809999653,0],[112.69606977500007,-7.1389518369999792,0],[112.69609119000006,-7.1389780109999492,0],[112.69609832800006,-7.1390184619999673,0],[112.69606501600003,-7.1390565339999625,0],[112.69600790900006,-7.1390684309999415,0],[112.69596507800009,-7.1390493949999723,0],[112.69593652500009,-7.1390137029999323,0],[112.69591035100007,-7.1389970469999753,0],[112.69585800300001,-7.1389803909999614,0],[112.69580742700009,-7.1390021589999719,0],[112.69575330600003,-7.1390493949999723,0],[112.69573189100004,-7.1390636719999634,0],[112.69571285600011,-7.1390589129999285,0],[112.69570095800009,-7.1390351189999706,0],[112.69569144000002,-7.1390065649999315,0],[112.69569218400011,-7.1389787189999652,0],[112.69566720000012,-7.1389680109999745,0],[112.69565292300001,-7.1389751499999647,0],[112.69561723100003,-7.1389965649999567,0],[112.69560652300004,-7.1390179799999487,0],[112.69558867700005,-7.1390572409999322,0],[112.69558510800005,-7.1390857949999713,0],[112.69558867700005,-7.1391036409999629,0],[112.69563909200008,-7.1391207789999385,0],[112.69567478400006,-7.1391374349999523,0],[112.69569144000002,-7.1391564709999784,0],[112.69568430200002,-7.1391921629999615,0],[112.6956483350001,-7.1392383459999564,0],[112.69557960600002,-7.1392302339999674,0],[112.69552725800008,-7.1392111989999307,0],[112.69550108400006,-7.1391921629999615,0],[112.69547728900011,-7.1391850249999607,0],[112.69546051900011,-7.1391872609999609,0],[112.69544159700001,-7.1391897829999493,0],[112.69538686900012,-7.1392445109999585,0],[112.69535117700002,-7.1392920999999774,0],[112.69530596800007,-7.1393563459999427,0],[112.6952559990001,-7.1394301089999317,0],[112.69522506600003,-7.1395110109999678,0],[112.69521792800003,-7.1395752559999437,0],[112.69516795900006,-7.139706126999954,0],[112.69515368200007,-7.1397394389999249,0],[112.6951474550001,-7.1397571959999482,0],[112.6951458740001,-7.1397905159999482,0],[112.6951497120001,-7.1398026859999391,0],[112.69516523200002,-7.1398199169999543,0],[112.69517931300004,-7.1398251749999417,0],[112.69519411200008,-7.1398226019999811,0],[112.69521757700011,-7.1398110539999493,0],[112.69523470900003,-7.1398015369999257,0],[112.69525564800006,-7.1397958259999541,0],[112.69527849100007,-7.1397977289999517,0],[112.69529371900001,-7.1398034399999801,0],[112.69529874600005,-7.1398061289999646,0],[112.69532976200003,-7.1398227199999269,0],[112.69537735200004,-7.1398179609999488,0],[112.69541066400006,-7.1398155819999261,0],[112.69544534700003,-7.1398187349999489,0],[112.695463012,-7.139820340999961,0],[112.69547532100012,-7.1398246849999509,0],[112.69549549800001,-7.1398529329999292,0],[112.69549740100001,-7.1398757759999398,0],[112.69549359400003,-7.1399081359999741,0],[112.6954783650001,-7.13995762899998,0],[112.69546884800002,-7.1399937969999314,0],[112.69547455800011,-7.1400185429999397,0],[112.69548978700004,-7.1400242539999681,0],[112.69552405100001,-7.1399880859999598,0],[112.69553928000005,-7.1399671469999362,0],[112.69555070100012,-7.1399671469999362,0],[112.69556973700003,-7.1399785679999468,0],[112.69558496500008,-7.1400128329999575,0],[112.69557735100011,-7.1400337719999811,0],[112.69555343200011,-7.1400582869999312,0],[112.69554308700003,-7.1400813609999432,0],[112.6955526050001,-7.1401042039999538,0],[112.69556783300004,-7.1401137219999669,0],[112.69562005700004,-7.1401344299999323,0],[112.69566050700007,-7.1401629829999251,0],[112.69569619900005,-7.1401820189999512,0],[112.69573427100011,-7.140215330999979,0],[112.69573665000007,-7.1402510229999621,0],[112.69571761400005,-7.1402771969999321,0],[112.69568192300005,-7.1402914739999801,0],[112.69563433300004,-7.1403081299999371,0],[112.69560578000005,-7.1403295449999291,0],[112.69556849500009,-7.140350815999966,0],[112.69555169100011,-7.1403718019999474,0],[112.69554327100002,-7.1403939749999381,0],[112.69555073900005,-7.1404271969999513,0],[112.69556344600005,-7.1404418949999808,0],[112.69558253300011,-7.1404543899999453,0],[112.69560209700001,-7.140456363999931,0],[112.6956306510001,-7.140467785999931,0],[112.69564778300003,-7.1404849179999701,0],[112.69566681900005,-7.1405020499999523,0],[112.69568966200006,-7.1405153749999499,0],[112.69570489000012,-7.1405382179999606,0],[112.6957067940001,-7.1405686749999404,0],[112.69570298700012,-7.1405915179999511,0],[112.69569346900005,-7.1406143599999723,0],[112.69569917900003,-7.1406505279999806,0],[112.69570489000012,-7.1406828889999474,0],[112.69571250400008,-7.1407171529999687,0],[112.6957067940001,-7.1407361889999379,0],[112.69569537200005,-7.1407571279999615,0],[112.69567443300002,-7.1407780669999283,0],[112.69564397600004,-7.1408066209999674,0],[112.69561732600005,-7.140812331999939,0],[112.69554785100001,-7.1407741489999808,0],[112.69542893000005,-7.1407113179999442,0],[112.69540027300002,-7.1406936689999725,0],[112.69535437100001,-7.1406758849999505,0],[112.69529936900005,-7.1406701519999274,0],[112.69528999200008,-7.1406702689999406,0],[112.6952387120001,-7.140683011999954,0],[112.69523090200005,-7.1406905029999734,0],[112.69521376900002,-7.1407095389999427,0],[112.69520615500005,-7.1407323819999533,0],[112.69520234800007,-7.1407590319999485,0],[112.69519092700011,-7.1407742599999438,0],[112.69516427700012,-7.1407742599999438,0],[112.69513762700001,-7.1407628389999331,0],[112.69511288000001,-7.1407495139999355,0],[112.69509003700011,-7.1407438029999639,0],[112.69506529100011,-7.1407495139999355,0],[112.69498668400001,-7.140794428999925,0],[112.69493017800005,-7.1408355339999616,0],[112.6948605980001,-7.1408865749999677,0],[112.69480640600011,-7.1409379669999566,0],[112.69479117700007,-7.1409550989999389,0],[112.69477023800005,-7.1409798459999365,0],[112.69475120200002,-7.141021723999927,0],[112.69473978100007,-7.1410578919999352,0],[112.69474358800005,-7.1410826379999435,0],[112.69476072000009,-7.1410978669999281,0],[112.69480143700002,-7.1410931779999487,0],[112.69482734500002,-7.1410864449999281,0],[112.69485589800001,-7.1410807349999459,0],[112.69487683800003,-7.1410845419999305,0],[112.69488254800001,-7.1410921559999565,0],[112.69488064500001,-7.1411207099999388,0],[112.6948616090001,-7.1411435529999494,0],[112.69481402000008,-7.1412044669999659,0],[112.69480259900001,-7.1412368269999433,0],[112.69477975600012,-7.141271091999954,0],[112.69476262400008,-7.1413034519999314,0],[112.69476452700007,-7.1413205839999705,0],[112.69478165900011,-7.1413205839999705,0],[112.69482544100003,-7.1413110669999469,0],[112.69485209100003,-7.1413091629999599,0],[112.69487683800003,-7.1413205839999705,0],[112.69489587300006,-7.1413434269999811,0],[112.69488825900009,-7.1413700769999764,0],[112.69485209100003,-7.1413814989999764,0],[112.69480643600002,-7.1413856409999426,0],[112.69477393000011,-7.1413971639999545,0],[112.6947588160001,-7.1414138589999538,0],[112.69474549100005,-7.1414519309999491,0],[112.69474725700002,-7.1415031889999341,0],[112.69474358800005,-7.1415375909999739,0],[112.6947340700001,-7.1415547229999561,0],[112.69468516600011,-7.1415652789999626,0],[112.69465221700011,-7.1415509159999715,0],[112.69461604900005,-7.1415528199999585,0],[112.69456846000003,-7.1415623379999715,0],[112.6945265810001,-7.1415813729999513,0],[112.69449422000002,-7.141613733999975,0],[112.69445995600006,-7.1416537089999679,0],[112.69443330600006,-7.1416936839999607,0],[112.69441998100001,-7.1417393699999252,0],[112.69440336600007,-7.1417950279999332,0],[112.69436858500001,-7.141834547999963,0],[112.6943476460001,-7.1418573909999736,0],[112.69433398000001,-7.141878414999951,0],[112.6943228990001,-7.1418954619999795,0],[112.69429815300009,-7.1419430509999415,0],[112.6942715030001,-7.1419944479999344,0],[112.69424104600012,-7.1420496509999793,0],[112.69422772100006,-7.1420839159999332,0],[112.69422010700009,-7.142112468999926,0],[112.69422725400011,-7.1421525259999612,0],[112.69422114500003,-7.1421745179999334,0],[112.6941934570001,-7.1422114549999378,0],[112.6941668070001,-7.1422190689999638,0],[112.69412683200005,-7.1422190689999638,0],[112.69409637500007,-7.1422152619999792,0],[112.69403546000001,-7.1422095509999508,0],[112.69401071400011,-7.1422095509999508,0],[112.69399167800009,-7.1422057439999662,0],[112.69397835300003,-7.1421886119999272,0],[112.69397454600005,-7.1421676729999604,0],[112.69395931800011,-7.1421543479999627,0],[112.69393076400002,-7.1421486369999343,0],[112.69386663700004,-7.1421599099999753,0],[112.69382263300008,-7.1421956599999703,0],[112.69381048800005,-7.1422087959999772,0],[112.69380381500002,-7.1422209309999403,0],[112.69377657500002,-7.1422704649999673,0],[112.69376896100005,-7.1422990189999496,0],[112.69376134600009,-7.1423370899999554,0],[112.69375182900001,-7.1423789689999353,0],[112.69372517900001,-7.1423961009999744,0],[112.69369174100007,-7.1424040389999277,0],[112.6936547470001,-7.142409425999972,0],[112.69363380700008,-7.1424474969999778,0],[112.6936300000001,-7.1424836649999293,0],[112.69365855400008,-7.1425141219999659,0],[112.69368139700009,-7.1425179289999505,0],[112.69370043200001,-7.1425255429999766,0],[112.69370233600011,-7.1425426759999482,0],[112.69368139700009,-7.1425674219999564,0],[112.69366045700008,-7.142578842999967,0],[112.69362179200004,-7.1425902359999327,0],[112.69358466600011,-7.1426538819999337,0],[112.69355492200009,-7.1427014709999526,0],[112.6935370760001,-7.1427490609999609,0],[112.69353112800002,-7.1428144959999713,0],[112.69353112800002,-7.1428799309999249,0],[112.69353112800002,-7.1430014359999632,0],[112.69355005000011,-7.1430566389999512,0],[112.69355576100008,-7.1430718679999359,0],[112.69356527900004,-7.1430966139999441,0],[112.69356527900004,-7.1431251679999264,0],[112.69354243600003,-7.1431499139999346,0],[112.69351312200001,-7.1431627319999507,0],[112.69347200400011,-7.1431594319999476,0],[112.69345296800009,-7.1431632389999322,0],[112.69343202900006,-7.1431822749999583,0],[112.69342060800011,-7.1432108279999511,0],[112.6933977650001,-7.1432755499999416,0],[112.69339586100011,-7.1433193319999759,0],[112.6933977650001,-7.1433631139999534,0],[112.6933977650001,-7.1434430639999391,0],[112.69339205400001,-7.1434659059999603,0],[112.69338063300006,-7.143479230999958,0],[112.69335492800008,-7.1434936559999755,0],[112.69333081600007,-7.1435360919999766,0],[112.69331045900003,-7.1435681679999448,0],[112.69326261100002,-7.1436619739999401,0],[112.69323786500001,-7.143719080999972,0],[112.6932188290001,-7.1437400199999388,0],[112.69317695100005,-7.1437609599999519,0],[112.69315052500008,-7.1437712369999531,0],[112.69314268700009,-7.1437742849999495,0],[112.69307439800002,-7.1438213249999762,0],[112.69306813500009,-7.1438304359999734,0],[112.69304373900002,-7.143871388999969,0],[112.69303608700011,-7.1439170519999493,0],[112.69302085800007,-7.1439779659999658,0],[112.69301350900002,-7.1439883599999803,0],[112.69299375700007,-7.1440162949999717,0],[112.69296905200008,-7.1440609279999308,0],[112.69296755800008,-7.1440788559999646,0],[112.69296755800008,-7.1440902769999752,0],[112.69296975000009,-7.1440990439999723,0],[112.69299693900007,-7.144116060999977,0],[112.69301895500007,-7.1441245409999397,0],[112.69304370100008,-7.144111215999942,0],[112.69305893000001,-7.1440940839999598,0],[112.69307225500006,-7.1440902769999752,0],[112.69308557900001,-7.1440940839999598,0],[112.69309509700008,-7.1440997949999314,0],[112.69310080800005,-7.1441207339999551,0],[112.69309890400007,-7.1441645159999325,0],[112.69310461500004,-7.1442063949999692,0],[112.6931160370001,-7.1442482729999597,0],[112.69313316900002,-7.1442958619999786,0],[112.69313697600001,-7.1443453549999276,0],[112.6931160370001,-7.1443853299999773,0],[112.69306887900007,-7.1444116839999765,0],[112.69303037600002,-7.1444424369999524,0],[112.69298469000012,-7.1444843159999323,0],[112.69295613700001,-7.1445338089999382,0],[112.69294281200007,-7.1445775909999725,0],[112.69293900500008,-7.1446366009999451,0],[112.69294680700011,-7.144677200999979,0],[112.69295233000003,-7.1447108399999593,0],[112.6929618480001,-7.1447508149999521,0],[112.6929618480001,-7.1447812729999782,0],[112.69295233000003,-7.1448098259999711,0],[112.69293139000001,-7.1448364759999663,0],[112.69290474000002,-7.1448498009999639,0],[112.69287460400005,-7.1448746419999338,0],[112.69285417100002,-7.1449441129999514,0],[112.69282712200004,-7.14503382099997,0],[112.69281717600006,-7.1451201079999578,0],[112.69281717600006,-7.1451429509999684,0],[112.69281671100009,-7.1451480689999585,0],[112.69281527300006,-7.1451638899999352,0],[112.69280385100001,-7.1451886359999435,0],[112.69277006700008,-7.1452230449999661,0],[112.69273704000011,-7.1452816299999427,0],[112.69273151600009,-7.1452914289999399,0],[112.69272580500001,-7.1453142719999505,0],[112.6927323860001,-7.1453348319999463,0],[112.69273443300006,-7.1453412269999603,0],[112.69274674400003,-7.145358053999928,0],[112.69275816600009,-7.1453618609999694,0],[112.69277149100003,-7.1453694749999386,0],[112.69277910500011,-7.145377089999954,0],[112.69278481600008,-7.1453866069999776,0],[112.69278481600008,-7.1453999319999753,0],[112.69277910500011,-7.1454227749999291,0],[112.69276197300007,-7.1454380039999705,0],[112.69274293700005,-7.1454399069999681,0],[112.69272197000009,-7.1454538959999354,0],[112.6927067690001,-7.145472267999935,0],[112.6927048660001,-7.1454874969999764,0],[112.69271551000008,-7.1455277359999627,0],[112.69271426900002,-7.1455419229999393,0],[112.69268440200005,-7.1455993309999712,0],[112.6926606080001,-7.1456278849999535,0],[112.69263205400011,-7.1456516789999682,0],[112.69259874200009,-7.1456849919999286,0],[112.6925630500001,-7.1457254429999466,0],[112.69253925500004,-7.1457706519999533,0],[112.69251546100008,-7.1458182419999616,0],[112.69249880400002,-7.1458682099999464,0],[112.69249166600002,-7.1459086609999645,0],[112.69248452800002,-7.1459443529999476,0],[112.69246073300008,-7.1459681479999517,0],[112.69243218000008,-7.1459633889999736,0],[112.69240838500002,-7.1459562499999265,0],[112.69238697000003,-7.1459514909999484,0],[112.69236463700008,-7.1459532089999698,0],[112.69233462200009,-7.1459729069999298,0],[112.69231320600011,-7.1459990809999567,0],[112.69228227300005,-7.1460300139999617,0],[112.69222278700011,-7.1461037769999507,0],[112.69219661300008,-7.1461466069999346,0],[112.69216568000002,-7.1461941959999535,0],[112.69214188500007,-7.1462370269999269,0],[112.69212522900011,-7.1462917539999466,0],[112.69212047000008,-7.1463678969999478,0],[112.69211333200008,-7.14639645099993,0],[112.69211095200001,-7.14643214299997,0],[112.6921095560001,-7.1465055299999563,0],[112.69211809100011,-7.1465606329999787,0],[112.69212047000008,-7.146584427999926,0],[112.69210381400001,-7.1466034639999521,0],[112.69207630100004,-7.1466104179999661,0],[112.69205483300004,-7.1466226339999253,0],[112.69203956800004,-7.1466486739999482,0],[112.69201339400001,-7.1467271959999721,0],[112.69198965800001,-7.1468485659999601,0],[112.69195866700011,-7.1469032759999322,0],[112.69195152800012,-7.146915172999968,0],[112.69194439000012,-7.1469556239999292,0],[112.69193647700001,-7.1470802649999428,0],[112.69192902200007,-7.1471324489999688,0],[112.69190872500008,-7.1472086909999462,0],[112.6918593900001,-7.1473262379999483,0],[112.69176955400008,-7.1475987589999477,0],[112.69175451900003,-7.1476766579999662,0],[112.69175372100005,-7.1477189649999673,0],[112.69176146900008,-7.1477739919999408,0],[112.69177867200005,-7.1478050489999418,0],[112.69179431400005,-7.1478216059999795,0],[112.69180888100004,-7.1478553059999399,0],[112.69181771400008,-7.1479658159999531,0],[112.69181199700006,-7.1480385359999445,0],[112.69177741600004,-7.1481282799999804,0],[112.69176780800001,-7.148237068999947,0],[112.69176780800001,-7.1482727609999301,0],[112.69176780800001,-7.1483298679999621,0],[112.69176780800001,-7.1483798369999363,0],[112.69177494700011,-7.1484762049999517,0],[112.69180350000011,-7.1485725729999672,0],[112.69183562300009,-7.1486546649999809,0],[112.69184633100008,-7.1487082029999556,0],[112.69183562300009,-7.14875460199994,0],[112.6918142080001,-7.1488224169999626,0],[112.69179993100011,-7.1488688159999469,0],[112.69178375100012,-7.1489307299999609,0],[112.6917628110001,-7.1489421509999715,0],[112.69174377600007,-7.1489745119999384,0],[112.69172854700003,-7.1490125829999442,0],[112.69171712600007,-7.1490563649999785,0],[112.69169809000005,-7.1490906299999324,0],[112.69167715100002,-7.1491382189999513,0],[112.69168095800001,-7.1491800969999417,0],[112.69169237900007,-7.1492124579999654,0],[112.69171331900009,-7.1492410109999582,0],[112.69173996900008,-7.1492676609999535,0],[112.69176661900008,-7.1492886009999665,0],[112.69186750800009,-7.1493380929999262,0],[112.69192080800008,-7.1493533219999676,0],[112.69198552900002,-7.1493666469999653,0],[112.69203121500004,-7.1493837789999475,0],[112.69208070700006,-7.1494142359999273,0],[112.69209511500003,-7.1494273909999606,0],[112.69212449000008,-7.149454210999977,0],[112.69213971800002,-7.1494751499999438,0],[112.69212829700007,-7.1494941859999699,0],[112.69208641800003,-7.1495037039999261,0],[112.69205025000008,-7.1495075109999675,0],[112.69200837200003,-7.1495246429999497,0],[112.69197220400008,-7.1495550999999296,0],[112.69195126500006,-7.1495931719999248,0],[112.69194365100009,-7.1496312429999307,0],[112.69193984300011,-7.1496712179999804,0],[112.69193413300002,-7.1496997719999626,0],[112.69191500900001,-7.1497416409999346,0],[112.69191060200001,-7.1497833439999567,0],[112.69191248000004,-7.1498427769999466,0],[112.69191961800004,-7.1498915559999432,0],[112.69192077800005,-7.149901219999947,0],[112.69191666800009,-7.1499372349999248,0],[112.69191248000004,-7.1499474729999406,0],[112.69189366800003,-7.1499833599999647,0],[112.69187678800006,-7.1500450309999337,0],[112.6918744080001,-7.150083102999929,0],[112.6918744080001,-7.1501211739999349,0],[112.6918779770001,-7.1501497279999739,0],[112.69189106400006,-7.150180660999979,0],[112.69190891000005,-7.1502080239999373,0],[112.69192080800008,-7.1502211109999507,0],[112.69193151500008,-7.1502365779999764,0],[112.69193389500003,-7.1502472859999671,0],[112.69192182800009,-7.1502917739999248,0],[112.69187038200005,-7.1503886939999575,0],[112.69183990600004,-7.150444780999976,0],[112.69182562900005,-7.1504650059999335,0],[112.69182206000005,-7.1504852319999372,0],[112.69182444,-7.1504983189999507,0],[112.69183867400011,-7.1505125869999802,0],[112.69185537300007,-7.1505256819999659,0],[112.69186251100007,-7.1505387689999793,0],[112.69184585500011,-7.1505506669999477,0],[112.69183088800003,-7.1505506669999477,0],[112.69181730100001,-7.1505506669999477,0],[112.69178874800002,-7.1505554259999258,0],[112.69177524500003,-7.1505671279999774,0],[112.69176971200011,-7.1505815999999527,0],[112.69176733200004,-7.1506030149999447,0],[112.69176138400007,-7.1506339479999497,0],[112.69175305600004,-7.150654172999964,0],[112.69175186600012,-7.150685105999969,0],[112.69175424500008,-7.1507148499999289,0],[112.69175186600012,-7.1507874229999402,0],[112.69174948700004,-7.1508112179999443,0],[112.69175067600008,-7.1508433399999376,0],[112.69175385900007,-7.1508579799999552,0],[112.69175662500004,-7.1508707039999422,0],[112.69175305600004,-7.1508944989999463,0],[112.69174028500004,-7.1509065559999385,0],[112.69173283000009,-7.1509135939999737,0],[112.69170665600006,-7.1509230519999392,0],[112.69169000000011,-7.1509242419999737,0],[112.69166263600005,-7.1509301909999294,0],[112.69163415000003,-7.1509472969999592,0],[112.69160609400001,-7.1509788039999762,0],[112.69159601100012,-7.1510122819999538,0],[112.69158530400011,-7.1510515429999373,0],[112.69158411400008,-7.1510872349999772,0],[112.69158173500011,-7.1511217369999258,0],[112.69158054500008,-7.1511633779999784,0],[112.69157221700004,-7.1512204849999534,0],[112.69156388900001,-7.1512442799999576,0],[112.6915448530001,-7.1513132839999685,0],[112.6915412840001,-7.1513465959999394,0],[112.6915448530001,-7.1513775289999444,0],[112.69155667000007,-7.1514204269999482,0],[112.69157524200011,-7.1514426159999402,0],[112.69160552900007,-7.151476276999972,0],[112.6916209960001,-7.1514917439999408,0],[112.69163051300006,-7.1515083999999547,0],[112.6916317030001,-7.1515238659999341,0],[112.6916281340001,-7.1515369529999475,0],[112.69161266800006,-7.1515666969999643,0],[112.69161385700011,-7.1515940599999794,0],[112.69161980600006,-7.1516107169999259,0],[112.6916352720001,-7.1516202349999389,0],[112.69165073900001,-7.1516238039999394,0],[112.69167453300008,-7.1516285629999743,0],[112.69169713800011,-7.1516357009999751,0],[112.69171974300002,-7.1516475979999541,0],[112.69173996900008,-7.1516559259999326,0],[112.69176138400007,-7.1516594959999793,0],[112.69179231700002,-7.1516690129999461,0],[112.69181611100009,-7.151673771999981,0],[112.69185180300008,-7.1516702029999806,0],[112.69187321800007,-7.1516583059999448,0],[112.69188749500006,-7.1516535469999667,0],[112.69190296200009,-7.1516606849999675,0],[112.69191485900001,-7.1516702029999806,0],[112.69193496500009,-7.15167865199993,0],[112.69196244800003,-7.1516832899999372,0],[112.6919791040001,-7.1516928079999502,0],[112.69199338100009,-7.1517094639999641,0],[112.69199695000009,-7.1517237409999552,0],[112.69198981200009,-7.1517427769999813,0],[112.6919822000001,-7.1517521449999322,0],[112.69197434600005,-7.1517618119999611,0],[112.69195531000003,-7.1517760889999522,0],[112.69194222300007,-7.1517820379999648,0],[112.69193270500011,-7.1517856069999652,0],[112.69190772100001,-7.1518034529999568,0],[112.6918958230001,-7.1518165399999702,0],[112.69188392600006,-7.1518415239999626,0],[112.69188035700006,-7.1518641289999323,0],[112.69188154700009,-7.1518855439999811,0],[112.69188154700009,-7.1519093389999284,0],[112.69187559800002,-7.1519343229999777,0],[112.69186489000003,-7.1519521689999692,0],[112.69184585500011,-7.151977153999951,0],[112.69182681900008,-7.1520116559999565,0],[112.69182681900008,-7.152041398999927,0],[112.69183514700001,-7.1520532959999628,0],[112.69184823400008,-7.1520770909999669,0],[112.69184109600008,-7.1520925579999357,0],[112.69182325000008,-7.1521092139999496,0],[112.69181254200009,-7.152134197999942,0],[112.69181016300001,-7.1521675109999592,0],[112.69181135200006,-7.1521936849999292,0],[112.69180778300006,-7.1522150999999781,0],[112.69180302400002,-7.1522436529999709,0],[112.69180064500006,-7.1522745859999759,0],[112.69179588600002,-7.1522995709999577,0],[112.69178993700007,-7.1523174169999493,0],[112.69178279900007,-7.1523447799999644,0],[112.69178517800003,-7.1523697649999463,0],[112.69179350700006,-7.1523887999999261,0],[112.69180064500006,-7.152403076999974,0],[112.69180421400006,-7.1524209229999656,0],[112.69181016300001,-7.1524625639999613,0],[112.69181968100008,-7.1524815989999411,0],[112.69183633700004,-7.1524958759999322,0],[112.69185061400003,-7.1525018249999448,0],[112.69188392600006,-7.1525018249999448,0],[112.69190177200005,-7.1524970659999667,0],[112.69191485900001,-7.1525006349999671,0],[112.69192437700008,-7.1525101529999802,0],[112.69193032600003,-7.1525220499999591,0],[112.69193270500011,-7.1525375169999279,0],[112.6919434130001,-7.1525577419999422,0],[112.69195768900011,-7.1525684499999329,0],[112.69199044800007,-7.1525851439999428,0],[112.69200527900011,-7.1526053309999611,0],[112.69201717600004,-7.1526184179999746,0],[112.69203383200011,-7.1526315049999312,0],[112.69204335000006,-7.1526445919999446,0],[112.69203859100003,-7.1526624379999362,0],[112.69202431400004,-7.1526790949999395,0],[112.69200527900011,-7.1526981299999761,0],[112.69198862200005,-7.1527135969999449,0],[112.69197672500002,-7.1527385809999373,0],[112.69198148400005,-7.1527516679999508,0],[112.69199219200004,-7.1527599959999293,0],[112.69200170900001,-7.1527659449999419,0],[112.69199576100004,-7.1527814109999781,0],[112.69198148400005,-7.1527885499999684,0],[112.6919612590001,-7.1527909289999343,0],[112.69194460200004,-7.1527933089999465,0],[112.69189701300002,-7.1527968779999469,0],[112.69185894200007,-7.1528063959999599,0],[112.69183633700004,-7.1528206729999511,0],[112.69180778300006,-7.1528527949999443,0],[112.6917932990001,-7.152864382999951,0],[112.69176614300011,-7.1528861079999615,0],[112.69172450200006,-7.1529015739999409,0],[112.69167215400012,-7.1529015739999409,0],[112.69164003100002,-7.1529099019999762,0],[112.69161504700003,-7.1529336969999804,0],[112.69160909800007,-7.1529741479999416,0],[112.69162932400002,-7.1529967529999681,0],[112.69164122100005,-7.1530074599999693,0],[112.69163408300005,-7.1530241169999726,0],[112.69163884200009,-7.1530479109999305,0],[112.69164954900009,-7.1530633779999562,0],[112.69167334400004,-7.1530776539999579,0],[112.69169951800006,-7.1530907409999713,0],[112.69171617400002,-7.153113345999941,0],[112.69171974300002,-7.1531371409999451,0],[112.69170903600002,-7.1531561769999712,0],[112.69168762100003,-7.1531764019999287,0],[112.69167096400008,-7.1532013859999779,0],[112.69167810300007,-7.153227559999948,0],[112.69169951800006,-7.1532477859999517,0],[112.69172264500003,-7.1532526469999311,0],[112.69174115800001,-7.1532561139999302,0],[112.69175067600008,-7.1532632519999311,0],[112.69174710700008,-7.1533025129999714,0],[112.69174353800008,-7.1533417749999444,0],[112.69173639900009,-7.1533584309999583,0],[112.69172926100009,-7.1533727079999494,0],[112.69172212300009,-7.1533893639999633,0],[112.69170561200008,-7.153410451999946,0],[112.69169951800006,-7.1534333839999249,0],[112.6917007080001,-7.1534440909999262,0],[112.69171379500006,-7.1534655069999644,0],[112.69167453300008,-7.1534881109999446,0],[112.691664661,-7.1535034729999438,0],[112.69160394300002,-7.1535979629999815,0],[112.69154802500009,-7.1536836239999388,0],[112.69153493800002,-7.1536919519999742,0],[112.69151352300003,-7.1536990899999751,0],[112.69149091800011,-7.1537109879999434,0],[112.69147188300008,-7.1537359719999358,0],[112.69146712400004,-7.1537918889999332,0],[112.69145403700009,-7.1538394779999521,0],[112.69144570900005,-7.1538644629999339,0],[112.69143143200006,-7.1538906369999609,0],[112.69134688700001,-7.1538774509999712,0],[112.69130175100008,-7.1538704109999571,0],[112.6912660590001,-7.1540143689999809,0],[112.69128804200011,-7.1540184509999563,0],[112.69126843900005,-7.1541143059999399,0],[112.69139930900008,-7.1541416699999445,0],[112.69139336100011,-7.1541821209999625,0],[112.69144095000001,-7.1541940179999415,0],[112.69144929900006,-7.1541545429999474,0],[112.69152797200002,-7.1541610269999296,0],[112.69153850800001,-7.1541618949999588,0],[112.69155040500004,-7.1543439239999316,0],[112.69155635400011,-7.1543629599999576,0],[112.6915644500001,-7.1543774099999382,0],[112.69158021900012,-7.1543788379999569,0],[112.69162453300009,-7.1543828509999798,0],[112.69167287200003,-7.1544811079999704,0],[112.6916870010001,-7.1545256469999572,0],[112.69170626000005,-7.1546235109999543,0],[112.69170982900005,-7.1546603929999719,0],[112.69171934700012,-7.154738914999939,0],[112.69172809500003,-7.154798211999946,0],[112.69173005400012,-7.1548114879999503,0],[112.69166438400009,-7.154817947999959,0],[112.69165748100011,-7.1548186269999405,0],[112.69167587200002,-7.1549383679999323,0],[112.69171038200011,-7.154936265999936,0],[112.69174717600004,-7.1549340269999675,0],[112.69176856700005,-7.1550381859999561,0],[112.69184557500012,-7.1550193809999314,0],[112.69186092500001,-7.1550157249999415,0],[112.6918742580001,-7.1551032259999374,0],[112.69187615300007,-7.1551156629999468,0],[112.69189372900007,-7.1551126329999306,0],[112.69190375500011,-7.1551109039999687,0],[112.69190416200001,-7.1551245459999677,0],[112.69190565800011,-7.1551746729999763,0],[112.69191026500005,-7.1552066659999696,0],[112.69193135700004,-7.155224164999936,0],[112.69189283800006,-7.1552702209999666,0],[112.69188757500001,-7.1552765139999792,0],[112.69197500700011,-7.155362934999971,0],[112.69199512600005,-7.1553421869999738,0],[112.6920203090001,-7.15536042399998,0],[112.69207907700002,-7.1554029799999626,0],[112.69210648500007,-7.1554164269999774,0],[112.69219500100007,-7.1555068459999802,0],[112.69218299600004,-7.1555235539999558,0],[112.69227839300004,-7.1556166519999351,0],[112.69229105700003,-7.1556321029999594,0],[112.69230540800004,-7.1556496139999695,0],[112.69228161300009,-7.1556705529999363,0],[112.69229493800003,-7.1556810229999428,0],[112.69225686700008,-7.1557171899999616,0],[112.69232349200001,-7.1557790559999717,0],[112.69231636500001,-7.155787964999945,0],[112.69231207000007,-7.1557933329999628,0],[112.69236746800004,-7.1558408959999724,0],[112.69244920100004,-7.1559110679999662,0],[112.69255832900001,-7.1560014799999294,0],[112.69256968700006,-7.1560046289999377,0],[112.69264626000006,-7.1560677389999796,0],[112.69265629900008,-7.1560760129999608,0],[112.69270008100011,-7.1560293759999354,0],[112.69281810200005,-7.1561236019999797,0],[112.69282906100011,-7.1561109579999425,0],[112.69284284900004,-7.15609504899993,0],[112.69288853400008,-7.1561331199999358,0],[112.69287590600004,-7.1561522019999302,0],[112.69284570400009,-7.1561978409999369,0],[112.69285522200005,-7.1562159249999695,0],[112.69286274900003,-7.1562279399999511,0],[112.69292083100004,-7.1562841689999459,0],[112.69302178400005,-7.1563701149999588,0],[112.69303178700011,-7.1563674859999651,0],[112.6930452360001,-7.1563770729999305,0],[112.69306461500003,-7.1563977159999581,0],[112.69306937400006,-7.1564053309999736,0],[112.69306080700005,-7.1564205589999688,0],[112.69305890400005,-7.1564310289999753,0],[112.69309792700005,-7.1564643409999462,0],[112.69323001200007,-7.156564231999937,0],[112.69325556900003,-7.1565413549999448,0],[112.69328352500008,-7.1565566639999361,0],[112.69329780200007,-7.156561422999971,0],[112.6933187410001,-7.1565699889999337,0],[112.69333587300002,-7.1565776039999491,0],[112.69334824600003,-7.1565833139999313,0],[112.69337410200001,-7.1565506689999552,0],[112.69338283100001,-7.1565602549999312,0],[112.69337489600002,-7.1565718929999775,0],[112.69348625500004,-7.1566356619999283,0],[112.6935107700001,-7.1565964379999514,0],[112.69352908500002,-7.1565671339999426,0],[112.69356525300009,-7.1565899769999533,0],[112.69355091700004,-7.1566190639999263,0],[112.69358249100003,-7.1566368589999456,0],[112.69361855300008,-7.1566546979999544,0],[112.69362331200011,-7.1566604079999365,0],[112.69362045700007,-7.1566718299999366,0],[112.69361159800007,-7.1566956829999526,0],[112.69360808400006,-7.1567051429999538,0],[112.69365423400006,-7.1567247509999561,0],[112.69368677400007,-7.1567385759999524,0],[112.69372332900002,-7.1567517839999368,0],[112.69379030900006,-7.1567716949999749,0],[112.69388981200007,-7.1568012729999282,0],[112.69389933000002,-7.1567793819999679,0],[112.69395738800006,-7.1567927069999655,0],[112.69396309900003,-7.1567869959999371,0],[112.69397071300011,-7.1567860439999436,0],[112.69403162800006,-7.1568050799999696,0],[112.69407350600011,-7.1568174529999737,0],[112.69414489000008,-7.1568307779999714,0],[112.69415916700007,-7.1568374409999365,0],[112.69417058800002,-7.156846006999956,0],[112.69417915400004,-7.1568536199999357,0],[112.69419546600011,-7.1568607969999789,0],[112.69426767000004,-7.1568707529999642,0],[112.69427107800004,-7.1568295239999316,0],[112.69428534500003,-7.1568320189999781,0],[112.69428289900009,-7.1568850299999553,0],[112.69433619900008,-7.1568897889999334,0],[112.69437522200008,-7.1568926439999814,0],[112.69439901600003,-7.156896450999966,0],[112.69443613600004,-7.1569002579999506,0],[112.69446278600003,-7.1569021619999376,0],[112.69449133900002,-7.1569050169999286,0],[112.69451037500005,-7.1569050169999286,0],[112.69452179700011,-7.1569012099999441,0],[112.69453131400007,-7.156891691999931,0],[112.6945379770001,-7.1568736089999447,0],[112.69454463900001,-7.1568498139999406,0],[112.69454680900003,-7.1568238419999375,0],[112.69454844600011,-7.1568012729999282,0],[112.69455225400009,-7.1567879479999306,0],[112.69456198600005,-7.1567866149999304,0],[112.69458670800009,-7.1567866149999304,0],[112.69458670800009,-7.1568380119999802,0],[112.6946603670001,-7.1568390969999314,0],[112.69468379000011,-7.15686846899996,0],[112.69469901900004,-7.1568703719999576,0],[112.69472757200003,-7.1568703719999576,0],[112.69479800400006,-7.1568456259999493,0],[112.69482465400006,-7.1568342049999387,0],[112.69484595600011,-7.1568297669999765,0],[112.69487034000008,-7.1568246869999257,0],[112.69489839400001,-7.1568228159999308,0],[112.69489889400006,-7.1568227829999387,0],[112.69493886800001,-7.1567980369999304,0],[112.69496551800012,-7.1567675799999506,0],[112.69498074700005,-7.1567237979999732,0],[112.69498324500012,-7.1566777409999531,0],[112.69500218200005,-7.1566193139999541,0],[112.69499450900003,-7.1565647189999595,0],[112.69499026500011,-7.1565505729999472,0],[112.69498265100003,-7.1565353439999626,0],[112.69498265100003,-7.156514404999939,0],[112.69498645800002,-7.1565010799999413,0],[112.69499978300007,-7.1564687189999745,0],[112.69511399700002,-7.1564877549999437,0],[112.69510638300005,-7.1565658009999424,0],[112.69510447900007,-7.1565981619999661,0],[112.69510828600005,-7.1566267159999484,0],[112.69510828600005,-7.1566571729999282,0],[112.69511832600006,-7.1566949649999287,0],[112.69512922500007,-7.1567466399999375,0],[112.6951482610001,-7.1567828079999458,0],[112.69516539300002,-7.1568075549999435,0],[112.69518252500006,-7.1568303979999541,0],[112.69519370900002,-7.1568488379999735,0],[112.69521155500001,-7.1568934529999524,0],[112.69522642600009,-7.1569142739999734,0],[112.69525914400003,-7.1569440169999439,0],[112.69528888700006,-7.1569707859999312,0],[112.69532755300008,-7.1570005289999585,0],[112.69537216800006,-7.1570243239999627,0],[112.69540488600001,-7.1570421699999542,0],[112.6954405780001,-7.1570719129999816,0],[112.69546437200006,-7.1571105789999478,0],[112.69548519300008,-7.1571432969999478,0],[112.69552980800006,-7.1571968349999793,0],[112.69557442200005,-7.1572325259999729,0],[112.69565352600011,-7.1572697549999589,0],[112.6957171900001,-7.1572949869999434,0],[112.69573206200005,-7.157300935999956,0],[112.69574693300001,-7.1573158079999644,0],[112.69574067300005,-7.1573634779999793,0],[112.69577370200011,-7.1574377549999326,0],[112.69577965100007,-7.1574585749999642,0],[112.69578560000002,-7.1574883179999347,0],[112.69578857400006,-7.1575299589999304,0],[112.69578560000002,-7.1575656509999703,0],[112.69578560000002,-7.1576043169999366,0],[112.69579749700006,-7.1576310859999808,0],[112.69581534300005,-7.1576459579999323,0],[112.69584508600008,-7.1576548809999281,0],[112.6958748290001,-7.1576638039999807,0],[112.69588970100006,-7.1576786749999428,0],[112.69592539300004,-7.1577084189999596,0],[112.69595513600007,-7.1577441109999427,0],[112.69599082800005,-7.1577649309999742,0],[112.69603159700011,-7.1577624599999581,0],[112.69606816100008,-7.1577381619999301,0],[112.69610385300007,-7.1577351879999469,0],[112.69612169900006,-7.1577560079999785,0],[112.6961246730001,-7.1577798019999364,0],[112.69610980100003,-7.1577946739999447,0],[112.69607540400011,-7.157849166999938,0],[112.69606518600006,-7.1578839039999593,0],[112.69607113500001,-7.1579106729999467,0],[112.69608303200005,-7.1579314929999782,0],[112.69611277600006,-7.1579642109999781,0],[112.69613062100007,-7.1579850309999529,0],[112.69620425500011,-7.1580923589999657,0],[112.69622282600005,-7.1581456449999337,0],[112.69624364600008,-7.1581962079999357,0],[112.69628528600003,-7.1582527199999504,0],[112.69631205500002,-7.1582854379999503,0],[112.69636856800003,-7.1583122069999376,0],[112.69642210500001,-7.1583627699999397,0],[112.6964667200001,-7.1584044109999354,0],[112.69657258600012,-7.1584692769999378,0],[112.69670415400003,-7.1585761799999545,0],[112.69683851100001,-7.1587196899999412,0],[112.69688015200006,-7.1587524069999517,0],[112.69692774100008,-7.1587910729999749,0],[112.69703639700003,-7.1588669029999323,0],[112.69719073100009,-7.1590291379999371,0],[112.69727639100006,-7.1590933839999593,0],[112.69734420600003,-7.1591576289999352,0],[112.69739417500011,-7.1592075979999663,0],[112.6974405740001,-7.1592647049999414,0],[112.69751195800006,-7.1593432269999653,0],[112.69757620400003,-7.1594395949999807,0],[112.69766186400011,-7.1595359639999288,0],[112.69773681700008,-7.1596002089999615,0],[112.69783675500003,-7.1596680239999273,0],[112.69795096900009,-7.1597358379999605,0],[112.69799379900007,-7.1597608229999423,0],[112.69803662900006,-7.1597929449999356,0],[112.69808659800003,-7.1598357759999658,0],[112.69814013600001,-7.1598714679999489,0],[112.6981901040001,-7.1599000209999417,0],[112.69822936600008,-7.1599285749999808,0],[112.69833287200004,-7.1600070969999479,0],[112.69836499500002,-7.1600392199999305,0],[112.69842567100011,-7.1601177419999544,0],[112.69846136300009,-7.1601784179999299,0],[112.69850062400008,-7.1602390939999623,0],[112.69856487000004,-7.1603354629999671,0],[112.69861840700003,-7.1603925699999422,0],[112.69867194500011,-7.1604318309999258,0],[112.69872548300009,-7.1604675229999657,0],[112.69876117500007,-7.1604996449999589,0],[112.69880043600006,-7.160535336999942,0],[112.69884326700003,-7.1605603219999807,0],[112.69889680400001,-7.1605853059999731,0],[112.6989360660001,-7.1606138589999659,0],[112.69897532700008,-7.1606531209999389,0],[112.69899674200008,-7.1606888129999788,0],[112.69905384900005,-7.1607673349999459,0],[112.69907169500004,-7.1608387189999689,0],[112.69909311000004,-7.1609136719999356,0],[112.69911452500003,-7.1609672089999776,0],[112.69914664800001,-7.1610029009999607,0],[112.69929298500006,-7.1610956999999757,0],[112.69933581500004,-7.1611135459999673,0],[112.69940363000001,-7.1611563769999407,0],[112.69942861400011,-7.1611920689999806,0],[112.69946073700009,-7.1612420369999654,0],[112.69949999800008,-7.1612884369999392,0],[112.69961030200011,-7.1613907289999474,0],[112.69969273400011,-7.1615275729999439,0],[112.69973199500009,-7.1615811099999291,0],[112.69977482600007,-7.1616346479999606,0],[112.69981765600005,-7.1616881859999353,0],[112.69985691700003,-7.1617310159999761,0],[112.69998183900009,-7.1618380919999254,0],[112.70003894600006,-7.1618951989999573,0],[112.70006749900006,-7.1619380299999307,0],[112.70010676000004,-7.161977290999971,0],[112.70014245200002,-7.1620058439999639,0],[112.70018528300011,-7.1620236899999554,0],[112.7002174050001,-7.1620451049999474,0],[112.70024239000008,-7.1620772279999301,0],[112.70026737400008,-7.1621200579999709,0],[112.70029592700007,-7.1621700269999451,0],[112.70033518900004,-7.1621985809999273,0],[112.70037801900003,-7.1622235649999766,0],[112.70042798800011,-7.1622663949999605,0],[112.70050651000008,-7.1623734709999667,0],[112.70055647800007,-7.1624270089999413,0],[112.70061001600004,-7.1624662699999249,0],[112.70066355400002,-7.1625019619999648,0],[112.7007349380001,-7.1625911919999794,0],[112.70076349200008,-7.1626590059999558,0],[112.70078133800007,-7.1627339589999792,0],[112.70081702900006,-7.1627946349999547,0],[112.70084915200005,-7.1628374659999281,0],[112.70088484400003,-7.1629124189999516,0],[112.70091696700001,-7.1629695259999266,0],[112.70094909000011,-7.1630230639999581,0],[112.70096336600011,-7.1630587559999412,0],[112.70099192000009,-7.1630766019999328,0],[112.70101333500008,-7.1630801709999332,0],[112.70102761200008,-7.1630658939999421,0],[112.70103475000008,-7.1630444789999501,0],[112.70103118100008,-7.1630123559999674,0],[112.70103475000008,-7.162987371999975,0],[112.70105259600007,-7.1629695259999266,0],[112.70107758000006,-7.1629838029999746,0],[112.70109185700005,-7.1630230639999581,0],[112.70109185700005,-7.1630623249999417,0],[112.70109185700005,-7.1630944479999812,0],[112.70108471900005,-7.1631801079999491,0],[112.70110613400004,-7.1632550609999726,0],[112.70114896400003,-7.1633157369999481,0],[112.70120250200011,-7.1634406589999458,0],[112.7012310560001,-7.1634763509999289,0],[112.70127031700008,-7.1635370269999612,0],[112.70129530100007,-7.1635869959999354,0],[112.70130243900007,-7.1636084109999274,0],[112.70130957800006,-7.1636369649999665,0],[112.70131314700006,-7.1636726569999496,0],[112.70131671600006,-7.1637083489999327,0],[112.70133099300006,-7.1637440399999264,0],[112.70135240800005,-7.163769024999965,0],[112.70138810000003,-7.1637797319999663,0],[112.70142379200001,-7.1637868709999566,0],[112.70145591500011,-7.1637940089999574,0],[112.7014737610001,-7.163811854999949,0],[112.70149517600009,-7.1638475469999321,0],[112.70150945300009,-7.1638939459999733,0],[112.70152372900009,-7.1639367769999467,0],[112.70155228300007,-7.1639724689999298,0],[112.70158083600006,-7.1640152989999706,0],[112.70162723600004,-7.164061697999955,0],[112.70180212600008,-7.1642080349999446,0],[112.70187851000003,-7.164268614999969,0],[112.70194091400003,-7.1642990399999462,0],[112.70197946100006,-7.1643087789999527,0],[112.70201270900009,-7.1643079729999499,0],[112.70202698500009,-7.1643079729999499,0],[112.70204840100007,-7.1643186799999512,0],[112.70205197000007,-7.1643293879999419,0],[112.70208712400006,-7.1644040169999812,0],[112.70214476900003,-7.1644864319999328,0],[112.70217332200002,-7.1645256929999732,0],[112.702209014,-7.1645685239999466,0],[112.70225541400009,-7.1646077849999301,0],[112.70229110600008,-7.1646256309999785,0],[112.70231252100007,-7.1646220619999781,0],[112.70232679700007,-7.1646077849999301,0],[112.70233750500006,-7.1645863699999381,0],[112.70235178200005,-7.1645649539999567,0],[112.70238390500003,-7.1645685239999466,0],[112.70241245800003,-7.1645863699999381,0],[112.70244815000001,-7.1646184919999314,0],[112.70247313400012,-7.1646541839999713,0],[112.7025088260001,-7.1646791689999532,0],[112.70253738000008,-7.164707721999946,0],[112.70255165700007,-7.1647398449999287,0],[112.70254808700008,-7.1647683979999783,0],[112.7025592650001,-7.1648041669999429,0],[112.70260162500006,-7.1648540589999357,0],[112.70263731700004,-7.1648826129999748,0],[112.70268371700001,-7.1649432889999503,0],[112.70270156300001,-7.1649754119999329,0],[112.70275867000009,-7.1650253799999746,0],[112.70278722300009,-7.1650575029999573,0],[112.70282291500007,-7.1650967639999408,0],[112.70284789900006,-7.1651324559999807,0],[112.70287288400004,-7.1651610089999735,0],[112.70289786800004,-7.1652002709999465,0],[112.70296568300012,-7.1653073459999632,0],[112.7030013750001,-7.1653715919999286,0],[112.70303349700009,-7.1654286989999605,0],[112.70306205100007,-7.1654858059999356,0],[112.70309060400007,-7.1655429129999675,0],[112.70311558900005,-7.1655714659999603,0],[112.70317626500002,-7.1656571269999745,0],[112.70319411100002,-7.1656785419999665,0],[112.70321909500001,-7.1656928189999576,0],[112.7032476490001,-7.1656999569999584,0],[112.7032654950001,-7.1656892499999572,0],[112.70328334100009,-7.1656678349999652,0],[112.70330832500008,-7.1656464199999732,0],[112.70334044800006,-7.1656392809999261,0],[112.70336186300005,-7.1656428499999265,0],[112.70337614000005,-7.1656678349999652,0],[112.70336900100006,-7.1656856809999567,0],[112.70335472500005,-7.1657106649999491,0],[112.70332974000007,-7.1657285109999407,0],[112.70330475600008,-7.1657463569999322,0],[112.70329404800009,-7.1657677719999811,0],[112.70329761800008,-7.1657963259999633,0],[112.70331903300007,-7.1658248789999561,0],[112.70337257100005,-7.1658462939999481,0],[112.70340826200004,-7.1658677089999401,0],[112.70344395400002,-7.1658677089999401,0],[112.70346180000001,-7.1658570019999388,0],[112.703472508,-7.1658248789999561,0],[112.70350106100011,-7.1657856179999726,0],[112.70352961500009,-7.1657642029999806,0],[112.70355103000009,-7.1657713409999815,0],[112.70357958400007,-7.165789186999973,0],[112.70359029100007,-7.1658070329999646,0],[112.70360099900006,-7.1658462939999481,0],[112.70360099900006,-7.1658926939999787,0],[112.70361527600005,-7.1659569389999547,0],[112.70364026000004,-7.1659890619999373,0],[112.70366881300004,-7.1660140459999297,0],[112.70371521300001,-7.1660390309999684,0],[112.70376161200011,-7.1660675839999612,0],[112.70382942700007,-7.1661068449999448,0],[112.70390438000004,-7.1661568139999758,0],[112.70411853200005,-7.1662745969999264,0],[112.70420062300002,-7.1663317039999583,0],[112.7042684380001,-7.1663816729999326,0],[112.70436480600006,-7.1664387799999645,0],[112.70446117400002,-7.1664958869999396,0],[112.70457538800008,-7.1665565629999719,0],[112.70465034100005,-7.1665886859999546,0],[112.70471458700001,-7.1666243779999377,0],[112.70476098600011,-7.1666422239999292,0],[112.70481414100004,-7.1666511939999396,0],[112.70484219700006,-7.1666666999999507,0],[112.70491814000002,-7.1667353999999364,0],[112.70492805700007,-7.1667399769999633,0],[112.70494022300011,-7.1667455909999376,0],[112.70504187200004,-7.1667925069999683,0],[112.70510373700006,-7.1668353369999522,0],[112.70516084500002,-7.1668781669999362,0],[112.70521795200011,-7.1669209979999664,0],[112.70527505900009,-7.1669781049999415,0],[112.70532740700003,-7.1670256939999604,0],[112.70537499600005,-7.1670732829999793,0],[112.7054273440001,-7.1671113549999745,0],[112.70554631700008,-7.1671541849999585,0],[112.70559315600008,-7.1671658949999255,0],[112.70560342400006,-7.1671684619999496,0],[112.70567956700006,-7.1671874969999294,0],[112.70572715600008,-7.1672208099999466,0],[112.70576522800002,-7.1672541219999744,0],[112.70576852200008,-7.1672596109999631,0],[112.70579378100001,-7.1673017109999364,0],[112.70581757600007,-7.1673350239999536,0],[112.70586516500009,-7.1673778539999375,0],[112.70592227200007,-7.1674064079999766,0],[112.70597462000001,-7.1674254429999564,0],[112.70604124500005,-7.1674492379999606,0],[112.70607455800007,-7.1674777919999428,0],[112.70614594100005,-7.1675253809999617,0],[112.70620780700006,-7.1675586929999326,0],[112.70625063800003,-7.1675777289999587,0],[112.70635533400002,-7.1675824879999368,0],[112.70640292300004,-7.1675920059999498,0],[112.70647906600004,-7.1675967649999279,0],[112.70655520900004,-7.1676110409999296,0],[112.70659328000011,-7.1676300769999557,0],[112.70663135100006,-7.1676729069999396,0],[112.70667894100006,-7.167720496999948,0],[112.70672653000008,-7.1677538089999757,0],[112.70684074400003,-7.1677966389999597,0],[112.70693116400003,-7.1678109159999508,0],[112.70700730600004,-7.1678061569999727,0],[112.70711676200006,-7.1677966389999597,0],[112.70717862700008,-7.1677918799999816,0],[112.70724049300009,-7.1677918799999816,0],[112.70728808300009,-7.1677966389999597,0],[112.70732139500001,-7.1678204339999638,0],[112.70733567200011,-7.1678537459999347,0],[112.70735946700006,-7.167896576999965,0],[112.70741657400004,-7.1679203709999797,0],[112.70748319900008,-7.1679298889999359,0],[112.70756410000001,-7.1679346479999708,0],[112.70763072500006,-7.1679108529999667,0],[112.70767355500004,-7.1679013359999431,0],[112.7076973500001,-7.1679013359999431,0],[112.70773542100005,-7.1679060939999317,0],[112.70781156400005,-7.1679489249999619,0],[112.70784487700007,-7.1679822369999329,0],[112.70787343000006,-7.1680345849999298,0],[112.70788294800002,-7.168067897999947,0],[112.70791150100001,-7.1680916919999618,0],[112.70794481400003,-7.1681012099999748,0],[112.70797336700002,-7.1680964509999399,0],[112.70802571600007,-7.1680821749999382,0],[112.70807806400001,-7.1680821749999382,0],[112.70814944800009,-7.1680964509999399,0],[112.7082113140001,-7.168125004999979,0],[112.70830649200002,-7.1681440409999482,0],[112.7083778760001,-7.168163075999928,0],[112.708425465,-7.168182111999954,0],[112.70846353600007,-7.1682059069999582,0],[112.70850636700004,-7.1682534959999771,0],[112.70856823300005,-7.168286807999948,0],[112.7086348580001,-7.1683058439999741,0],[112.70868720600004,-7.1683296389999782,0],[112.70875859000012,-7.168358191999971,0],[112.70882997300009,-7.1683867459999533,0],[112.7088775630001,-7.1683772279999403,0],[112.70891087500002,-7.168339155999945,0],[112.70891087500002,-7.1683010849999391,0],[112.70890611600009,-7.1682630139999333,0],[112.70891087500002,-7.168215423999925,0],[112.70893467000008,-7.1681868709999321,0],[112.70897274100003,-7.168163075999928,0],[112.70903936600007,-7.1681487999999263,0],[112.70912026800011,-7.1681392819999701,0],[112.70915519500011,-7.1681373419999659,0],[112.70920592800007,-7.1681345229999351,0],[112.70927731200004,-7.1681392819999701,0],[112.70936535200008,-7.1681620059999318,0],[112.70941640300009,-7.1681898509999655,0],[112.70943078700009,-7.1681976969999255,0],[112.70946350500003,-7.1682214919999296,0],[112.70949027400002,-7.1682452869999338,0],[112.70951109400005,-7.1682750299999611,0],[112.70952596600011,-7.1682958499999359,0],[112.70955868300007,-7.1683107219999442,0],[112.70959140100001,-7.1683136959999274,0],[112.70962411900007,-7.1683107219999442,0],[112.7096449390001,-7.1683107219999442,0],[112.70967765600005,-7.1683107219999442,0],[112.70970740000007,-7.1683285679999358,0],[112.70975796300002,-7.1683583109999631,0],[112.70980852700006,-7.1683791309999378,0],[112.70984421900005,-7.1683791309999378,0],[112.709868013,-7.1683702079999421,0],[112.70988288500007,-7.1683493879999673,0],[112.7099037050001,-7.1683285679999358,0],[112.70993047400009,-7.1683255929999632,0],[112.70995426900004,-7.1683374909999316,0],[112.70998103800002,-7.1683523619999505,0],[112.70999888400002,-7.1683791309999378,0],[112.71001970400005,-7.1684445669999377,0],[112.71001970400005,-7.1685100019999481,0],[112.71000780700001,-7.1685427189999587,0],[112.71000185800006,-7.1685784109999418,0],[112.71001078100005,-7.1686081539999691,0],[112.71003755000004,-7.1686230259999775,0],[112.71006431900003,-7.1686111289999417,0],[112.7100791900001,-7.1685873339999375,0],[112.71008513900006,-7.1685486679999713,0],[112.71009703600009,-7.1685218989999271,0],[112.71012380500008,-7.1685040529999355,0],[112.71015057400007,-7.1685070269999756,0],[112.71017436900001,-7.1685129759999313,0],[112.71019816400008,-7.1685456939999312,0],[112.71021600900008,-7.1686051799999291,0],[112.7102368300001,-7.1686676409999563,0],[112.71027847000005,-7.168724152999971,0],[112.71030821400007,-7.1687538959999415,0],[112.71035580300008,-7.1687747169999625,0],[112.71042123800009,-7.168804459999933,0],[112.71046882700011,-7.1688252799999646,0],[112.71059077500001,-7.1688579979999645,0],[112.71063836400003,-7.1688639469999771,0],[112.71067405600002,-7.1688550239999813,0],[112.71069785000009,-7.1688401519999729,0],[112.71071569600008,-7.1688252799999646,0],[112.7107454400001,-7.168804459999933,0],[112.71077815700005,-7.1687955369999372,0],[112.7108197980001,-7.1687955369999372,0],[112.71083251000005,-7.1687978479999401,0],[112.71085251500006,-7.1688014859999498,0],[112.71089118200007,-7.1688104089999456,0],[112.7109209250001,-7.1688252799999646,0],[112.71092148100001,-7.1688257349999276,0],[112.71095364200005,-7.1688520489999519,0],[112.71099230900006,-7.1688847669999518,0],[112.71103394900001,-7.1689055869999265,0],[112.71107559000006,-7.1689174839999623,0],[112.7111707680001,-7.1689442529999496,0],[112.71121835700001,-7.1689561509999749,0],[112.7112718950001,-7.1689650739999706,0],[112.71132245900003,-7.1689769709999496,0],[112.71135815100001,-7.1689977909999811,0],[112.71139681700004,-7.1690156369999727,0],[112.71142953500009,-7.1690275339999516,0],[112.71148060600001,-7.1690358069999434,0],[112.71151332300008,-7.1690268839999476,0],[112.71154901500006,-7.1690328329999602,0],[112.71156983600008,-7.169041755999956,0],[112.71159660400008,-7.1690506789999517,0],[112.71161445000007,-7.1690566269999749,0],[112.71164716800001,-7.1690596019999475,0],[112.71165774600001,-7.1690580909999539,0],[112.71168880900007,-7.1690536529999349,0],[112.71170665500006,-7.1690506789999517,0],[112.71173044900002,-7.1690387809999265,0],[112.71174532100008,-7.1690298579999308,0],[112.71176911500004,-7.1690268839999476,0],[112.71178696100003,-7.1690268839999476,0],[112.7118018330001,-7.1690387809999265,0],[112.71181075600009,-7.1690536529999349,0],[112.71181075600009,-7.1690804219999791,0],[112.71181373000002,-7.1691071909999664,0],[112.7118165920001,-7.1691148219999263,0],[112.71182265300001,-7.1691309849999811,0],[112.71184644800007,-7.1691518059999453,0],[112.71187024200003,-7.1691666769999642,0],[112.71192675500004,-7.1691874979999284,0],[112.71195649800006,-7.1691874979999284,0],[112.71198326700005,-7.1691815489999726,0],[112.71200408700008,-7.1691607289999411,0],[112.71201055100005,-7.1691548039999589,0],[112.71203977900007,-7.1691280109999411,0],[112.71208439400004,-7.1691042169999264,0],[112.71212603300012,-7.169102134999946,0],[112.71216300200001,-7.1691108029999668,0],[112.71217362400012,-7.1691161139999622,0],[112.71218972100007,-7.1691250569999738,0],[112.7122003930001,-7.1691309849999811,0],[112.71230746800006,-7.16917559999996,0],[112.71236695500011,-7.1692023689999473,0],[112.71241454400001,-7.1692142669999726,0],[112.71245618500006,-7.1692202149999389,0],[112.71249485100009,-7.1692202149999389,0],[112.71255731200006,-7.1692231899999683,0],[112.71259597800008,-7.1692350869999473,0],[112.71262572100011,-7.1692499589999557,0],[112.71266736200005,-7.1692767269999536,0],[112.71270305400003,-7.1692945729999451,0],[112.71274172000005,-7.1693034959999409,0],[112.7127922840001,-7.1693124189999367,0],[112.71283689900008,-7.1693153939999661,0],[112.71286961600003,-7.1693243169999619,0],[112.7129005490001,-7.1693304439999679,0],[112.71295408700007,-7.1693589969999607,0],[112.71300048600006,-7.1693839819999425,0],[112.71304688600003,-7.1693982579999442,0],[112.71308971600001,-7.1694196739999256,0],[112.71311827000011,-7.169458934999966,0],[112.71315039300009,-7.1694910569999593,0],[112.71321106900007,-7.1695196109999415,0],[112.71327531400004,-7.1695374569999331,0],[112.71333599000002,-7.1695481639999343,0],[112.71338239000011,-7.1695481639999343,0],[112.71340174200009,-7.1695490859999609,0],[112.71343771200009,-7.1695303779999335,0],[112.71346436200008,-7.1695132459999513,0],[112.71349672300005,-7.1695018239999513,0],[112.7135100480001,-7.1695018239999513,0],[112.71351766200007,-7.1695094389999667,0],[112.71352527700003,-7.1695246669999619,0],[112.71352527700003,-7.1695379919999596,0],[112.71351766200007,-7.1695532209999442,0],[112.7135085110001,-7.1695750299999759,0],[112.71350433700002,-7.1696122309999737,0],[112.71350243400002,-7.1696312669999429,0],[112.71350814400012,-7.1696483989999251,0],[112.71351575900007,-7.1696541099999536,0],[112.71353098700001,-7.1696541099999536,0],[112.71354621600005,-7.1696407849999559,0],[112.71356715500008,-7.1696236529999737,0],[112.7135880940001,-7.1696122309999737,0],[112.71359951600004,-7.1696122309999737,0],[112.71360903400011,-7.1696236529999737,0],[112.7136128410001,-7.1696350739999275,0],[112.71361664800008,-7.1696541099999536,0],[112.7136429410001,-7.1696945009999808,0],[112.71369703700009,-7.1697315139999773,0],[112.71372515100006,-7.1697340599999393,0],[112.7137422830001,-7.1697283489999677,0],[112.71375560800004,-7.1697150239999701,0],[112.7137689330001,-7.1697131209999725,0],[112.71377654800006,-7.1697207349999417,0],[112.71378035500004,-7.1697378669999807,0],[112.71378035500004,-7.1697511919999783,0],[112.71378796900001,-7.169764516999976,0],[112.71380749800005,-7.1697915299999408,0],[112.71382604000007,-7.1698235279999381,0],[112.7138450760001,-7.1698349489999487,0],[112.71385840100004,-7.1698425629999747,0],[112.71387934000006,-7.1698444669999617,0],[112.71391387200003,-7.169844034999926,0],[112.71396059900007,-7.1698729609999532,0],[112.71402127500005,-7.1699193599999376,0],[112.71408552100002,-7.1699657599999682,0],[112.71411407400001,-7.1700228669999433,0],[112.71413192000011,-7.170054989999926,0],[112.7141711810001,-7.1700621279999268,0],[112.71420687300008,-7.1700442819999353,0],[112.71422828800007,-7.1700192979999429,0],[112.71424256100011,-7.1700154919999477,0],[112.71428182600005,-7.1700050209999517,0],[112.71432822700001,-7.1700157299999319,0],[112.71438176400011,-7.1700442819999353,0],[112.7144103170001,-7.1700978199999668,0],[112.71445701400012,-7.1701144759999806,0],[112.7144855680001,-7.1701180449999811,0],[112.71453910500009,-7.1701144759999806,0],[112.71457479700007,-7.1701001989999327,0],[112.71467473500002,-7.1700894919999314,0],[112.71476396500009,-7.170085922999931,0],[112.71482107200006,-7.170085922999931,0],[112.71487460900005,-7.1700930609999318,0],[112.71494956200002,-7.1701216149999709,0],[112.7149888240001,-7.1701430299999629,0],[112.71503165400009,-7.1701608759999544,0],[112.71507091500007,-7.1701751519999561,0],[112.71509946900005,-7.1701929979999477,0],[112.71512445300004,-7.1702215519999299,0],[112.71515657600003,-7.1702643819999707,0],[112.71518512900002,-7.1703036429999543,0],[112.7152636510001,-7.1703429039999378,0],[112.71533146600007,-7.170364319999976,0],[112.71539214200004,-7.1703785959999777,0],[112.71542783400002,-7.1703928729999689,0],[112.71544211100002,-7.1704357029999528,0],[112.71545281800002,-7.1704821029999266,0],[112.71548137200011,-7.1705534869999497,0],[112.7155027870001,-7.1705820399999425,0],[112.71555632500008,-7.1706177319999256,0],[112.7156073000001,-7.1706250139999383,0],[112.71563127800005,-7.1706284399999731,0],[112.71565626200004,-7.1706284399999731,0],[112.71569909300001,-7.1706320089999736,0],[112.715727646,-7.1706427169999643,0],[112.71573478500011,-7.1706748389999575,0],[112.71573486200009,-7.1706756079999536,0],[112.71573835400011,-7.1707105309999406,0],[112.71578475300009,-7.1707604999999717,0],[112.71584543000006,-7.1707997609999552,0],[112.71589539800004,-7.1708211759999472,0],[112.71596678200001,-7.1708532989999298,0],[112.7160238890001,-7.1708711449999782,0],[112.71607385800007,-7.1708889909999698,0],[112.71611311900006,-7.1709104059999618,0],[112.71614881100004,-7.1709246829999529,0],[112.71618807200002,-7.1709175439999626,0],[112.71621250200008,-7.1708968299999469,0],[112.71622477900007,-7.1708864209999774,0],[112.71624619400006,-7.1708578669999383,0],[112.71627712700001,-7.1708316929999683,0],[112.71629854200012,-7.1707936219999624,0],[112.71632947500007,-7.1707484119999663,0],[112.71635802900005,-7.1707531709999444,0],[112.71644844800005,-7.1707579299999793,0],[112.71660073400005,-7.1708197959999325,0],[112.71661501100004,-7.1708459699999594,0],[112.71661739000001,-7.1708697649999635,0],[112.71661977000008,-7.1709102159999816,0],[112.71661739000001,-7.1709506659999533,0],[112.71661501100004,-7.1709792199999356,0],[112.71661592900011,-7.1710124589999396,0],[112.7165983540001,-7.1710625009999376,0],[112.7165840780001,-7.1711077109999337,0],[112.71657456000003,-7.1711505409999745,0],[112.71653648800009,-7.1712599959999466,0],[112.71651983200002,-7.1713361389999477,0],[112.71652697100001,-7.1713837279999666,0],[112.71653886800004,-7.1713980049999577,0],[112.71656504200007,-7.1713861079999788,0],[112.71657456000003,-7.1713527949999616,0],[112.7165840780001,-7.1713147239999557,0],[112.7165912160001,-7.1712528579999457,0],[112.7165983540001,-7.1712052689999268,0],[112.71661263100009,-7.1711648179999656,0],[112.71663880500012,-7.1711148489999346,0],[112.7166673590001,-7.1710577419999595,0],[112.71667732200001,-7.1710405319999495,0],[112.71669353300001,-7.1710125319999634,0],[112.71671256900004,-7.1709744609999575,0],[112.7167435020001,-7.1709387689999744,0],[112.71676491700009,-7.1709125949999475,0],[112.71680298800004,-7.1708935589999783,0],[112.71683154200002,-7.1708650059999286,0],[112.71686485400005,-7.1708435909999366,0],[112.71689578700011,-7.1708340729999804,0],[112.71691958200006,-7.1708364519999463,0],[112.71694099700005,-7.1708459699999594,0],[112.71696003300008,-7.1708673849999514,0],[112.71696479100001,-7.1708911799999555,0],[112.71692910000002,-7.1709697019999794,0],[112.71694813500005,-7.1709815989999584,0],[112.71697430900008,-7.1709268719999386,0],[112.71700048300011,-7.1709387689999744,0],[112.71699096600003,-7.1709768399999803,0],[112.71700048300011,-7.1709911169999714,0],[112.71701714000005,-7.1710006349999276,0],[112.71702427800005,-7.1710149119999755,0],[112.71702189900009,-7.1710387059999334,0],[112.71700286300006,-7.1710601219999717,0],[112.71696955000004,-7.1710934339999426,0],[112.7169386170001,-7.1711410229999615,0],[112.71693069900005,-7.1711563929999329,0],[112.71689816700007,-7.1712195449999285,0],[112.71668639500001,-7.1716264329999717,0],[112.71673636300011,-7.1716407099999628,0],[112.71677443500005,-7.1715669469999739,0],[112.71689578700011,-7.1713361389999477,0],[112.71690768400003,-7.1713075859999549,0],[112.71693623800002,-7.1712861699999735,0],[112.71695765300001,-7.1712885499999288,0],[112.71698382700004,-7.1713052059999427,0],[112.71699334500011,-7.1713266209999347,0],[112.71699334500011,-7.1713527949999616,0],[112.71699096600003,-7.1713694519999649,0],[112.717013769,-7.1713840459999574,0],[112.7170565990001,-7.1713911839999582,0],[112.71708277300002,-7.1713959429999363,0],[112.71711013700008,-7.1713971329999708,0],[112.71713750100002,-7.1714054609999494,0],[112.71718984900008,-7.1714149789999624,0],[112.7172338690001,-7.1714173579999283,0],[112.71728740700007,-7.1714411529999325,0],[112.71732666800006,-7.1714423419999775,0],[112.71735998000008,-7.1714423419999775,0],[112.7173968620001,-7.1714435319999552,0],[112.71742779500005,-7.1714530499999682,0],[112.71744088200001,-7.1714685159999476,0],[112.71744207200004,-7.1714875519999737,0],[112.71745396900008,-7.1715125359999661,0],[112.71747181500007,-7.1715446589999488,0],[112.71747741200011,-7.1715541739999367,0],[112.71749273000012,-7.1715662379999685,0],[112.71750750700005,-7.1715684539999529,0],[112.71752654300008,-7.1715601259999744,0],[112.71753986800002,-7.1715534629999524,0],[112.71755775200006,-7.1715511939999601,0],[112.71756818300003,-7.1715553669999395,0],[112.71759435700005,-7.171573212999931,0],[112.71761696200008,-7.1715839199999323,0],[112.71764075700003,-7.1715874889999327,0],[112.71766337500003,-7.1715866519999736,0],[112.71767671500004,-7.1715901359999634,0],[112.71768477700004,-7.1715981969999802,0],[112.71769548400005,-7.1716208019999499,0],[112.7176975110001,-7.1716276939999375,0],[112.71771150900008,-7.1716472649999332,0],[112.71772641700011,-7.171656493999933,0],[112.71774902200002,-7.1716529249999326,0],[112.71776210900009,-7.1716410269999642,0],[112.71777400600001,-7.171625560999928,0],[112.71780256000011,-7.1716208019999499,0],[112.71781921600007,-7.1716279399999507,0],[112.71782516500002,-7.1716410269999642,0],[112.71782159600002,-7.1716517349999549,0],[112.71780493900008,-7.1716862369999603,0],[112.71778590400004,-7.1717147909999426,0],[112.71776924800008,-7.1717445339999699,0],[112.71775497100009,-7.1717968819999669,0],[112.71773474500003,-7.1718468509999411,0],[112.71768239700009,-7.1719527369999696,0],[112.71763072300007,-7.1720425219999697,0],[112.71752507500003,-7.1722452519999251,0],[112.71744940800011,-7.172383735999972,0],[112.71744512500004,-7.1724022959999729,0],[112.71745797400001,-7.1724094349999632,0],[112.7174708230001,-7.1724094349999632,0],[112.71748652800011,-7.172399440999925,0],[112.71751079800003,-7.172388018999925,0],[112.71753078600011,-7.1723808809999809,0],[112.71755648400006,-7.1723794529999623,0],[112.71758218200011,-7.1723823089999428,0],[112.71761501900005,-7.172392302999981,0],[112.71763786200006,-7.1724037239999348,0],[112.7176621320001,-7.1724251389999267,0],[112.71768069200004,-7.1724422709999658,0],[112.71770924500004,-7.1724565479999569,0],[112.71773779900002,-7.1724651139999764,0],[112.71777063600007,-7.1724693969999294,0],[112.71783916400011,-7.1724779629999489,0],[112.71788913300009,-7.1724893849999489,0],[112.71792768000012,-7.172513654999932,0],[112.71796051700005,-7.1725436359999435,0],[112.71799906400008,-7.1725821829999745,0],[112.71803475600007,-7.1726135919999479,0],[112.71807615800003,-7.1726378629999772,0],[112.71810899500008,-7.1726535669999407,0],[112.71814040400011,-7.1726735549999603,0],[112.71815182500006,-7.1727021079999531,0],[112.71815039800003,-7.172732089999954,0],[112.71814040400011,-7.1727606429999469,0],[112.7181246990001,-7.1728034729999308,0],[112.71809900100004,-7.1728577249999717,0],[112.71807615800003,-7.1728991279999263,0],[112.71806188200003,-7.1729462409999769,0],[112.71806045400001,-7.1729790779999689,0],[112.71804332200009,-7.173036184999944,0],[112.71799335300011,-7.1731404049999696,0],[112.71790340900009,-7.1733202919999712,0],[112.71782774300004,-7.1734616319999418,0],[112.71775207600001,-7.1736115379999319,0],[112.71765927700005,-7.1737828599999602,0],[112.71769782400008,-7.1737999919999424,0],[112.71771495600001,-7.1737999919999424,0],[112.71772352200003,-7.1737957089999327,0],[112.71772923300011,-7.1737814319999416,0],[112.71774065400007,-7.1737728659999789,0],[112.71776064200003,-7.1737600169999496,0],[112.71777349100012,-7.17374002899993,0],[112.71778348500004,-7.1737114759999372,0],[112.71779776100004,-7.1736843499999736,0],[112.71781774900001,-7.1736572239999532,0],[112.71784344700006,-7.173618676999979,0],[112.71788342200011,-7.1735744189999764,0],[112.71789912600002,-7.1735629969999763,0],[112.71792054200012,-7.1735558589999755,0],[112.71793481800012,-7.173547292999956,0],[112.71794909500011,-7.1735344439999267,0],[112.71796051700005,-7.1735158839999258,0],[112.71797336600002,-7.1734859029999711,0],[112.71799049800006,-7.1734516389999499,0],[112.71801048500004,-7.1734188019999579,0],[112.71803475600007,-7.1733845379999366,0],[112.7180733030001,-7.1733102989999793,0],[112.71809186300004,-7.1732788899999491,0],[112.71810756700006,-7.1732603299999482,0],[112.71823891300005,-7.1729947819999325,0],[112.71832885700007,-7.1728091839999593,0],[112.71834741700002,-7.1727792029999478,0],[112.71837026000003,-7.1727406559999736,0],[112.71839167500002,-7.1727092469999434,0],[112.71840452400011,-7.1726878319999514,0],[112.71842226500007,-7.1726650499999778,0],[112.71844735400009,-7.172645000999978,0],[112.7184773350001,-7.1726435739999488,0],[112.71849018500006,-7.172645000999978,0],[112.71850874400002,-7.1726521399999683,0],[112.7185358700001,-7.1726706989999798,0],[112.71857584500003,-7.1726949699999523,0],[112.71860868200008,-7.1727178129999629,0],[112.71864437400006,-7.1727263789999256,0],[112.71867721000001,-7.1727335169999265,0],[112.71874716600007,-7.1727563599999371,0],[112.71876858200005,-7.1727649259999566,0],[112.71879428000011,-7.1727820579999388,0],[112.71881712300001,-7.1728034729999308,0],[112.71889278900005,-7.1728391649999708,0],[112.71908932100007,-7.1729628089999551,0],[112.71911265200004,-7.1729809809999665,0],[112.71913739800004,-7.1730019199999333,0],[112.7191507230001,-7.1730152449999309,0],[112.71915928900012,-7.1730257149999375,0],[112.71916404800004,-7.1730399919999286,0],[112.71915681700011,-7.1730806319999374,0],[112.71914191500002,-7.1731102639999449,0],[112.71895743800007,-7.1734915929999374,0],[112.71895740900004,-7.1734916529999282,0],[112.71885567000004,-7.1737071929999274,0],[112.71879570700003,-7.1738337799999385,0],[112.71868625200011,-7.1740584009999679,0],[112.71857381600012,-7.1742968579999342,0],[112.71855780500005,-7.1743360219999772,0],[112.71858607100012,-7.174348580999947,0],[112.71861486800003,-7.1743620199999327,0],[112.71870528800002,-7.17416785599994,0],[112.71875179100005,-7.17407069799998,0],[112.718811888,-7.1739451389999545,0],[112.71883663400001,-7.1738965979999421,0],[112.71884805600007,-7.1738880319999794,0],[112.71885947700002,-7.173887079999929,0],[112.71887660900006,-7.1738880319999794,0],[112.71890135500007,-7.1738946939999551,0],[112.71892800500007,-7.1739023079999811,0],[112.71897654600002,-7.1739184889999592,0],[112.71905744800006,-7.1739546569999675,0],[112.71915259400009,-7.1740038469999377,0],[112.71919736000007,-7.1740269909999483,0],[112.71920687800002,-7.1740374619999443,0],[112.71921639600009,-7.174060304999955,0],[112.71922210700006,-7.1740821959999721,0],[112.7192268660001,-7.1741117009999584,0],[112.71922401000006,-7.1741250259999561,0],[112.71921544400004,-7.1741630969999619,0],[112.71904126800007,-7.174521919999961,0],[112.71908373100007,-7.1745420339999555,0],[112.71909551900001,-7.1745476179999628,0],[112.71914094400006,-7.1744542449999358,0],[112.71921093900005,-7.1743103719999795,0],[112.71922760300004,-7.1742743559999553,0],[112.71923187900006,-7.1742638729999726,0],[112.71948337200001,-7.1737397429999419,0],[112.71966754200002,-7.1733528429999751,0],[112.71973395900011,-7.173223074999953,0],[112.7197603410001,-7.1731715279999548,0],[112.71977319000007,-7.1731601069999442,0],[112.71979175000001,-7.1731615349999629,0],[112.71981887600009,-7.1731758109999646,0],[112.71986313400009,-7.1731986539999752,0],[112.71989454200002,-7.1732214959999396,0],[112.7199073920001,-7.1732414849999486,0],[112.71988294200003,-7.1732818789999442,0],[112.71987455500005,-7.1732957359999432,0],[112.71990310900003,-7.173311440999953,0],[112.71990969300009,-7.1732945089999589,0],[112.71991310200008,-7.1732857429999513,0],[112.71992309600012,-7.1732828869999707,0],[112.72014409700012,-7.1733917369999745,0],[112.72023051800011,-7.173454837999941,0],[112.72024916100008,-7.1734807989999467,0],[112.72025392,-7.1734903169999598,0],[112.72025630000007,-7.17351292099994,0],[112.72008854800004,-7.1739067219999697,0],[112.72010401400007,-7.1739102919999596,0],[112.71995529800006,-7.1742672109999717,0],[112.71997076500008,-7.1742695889999482,0],[112.71997909300001,-7.1742743489999725,0],[112.72000883600003,-7.1742576929999586,0],[112.72004095900002,-7.174256502999981,0],[112.72007546100008,-7.1742588819999469,0],[112.72008854800004,-7.1742612619999591,0],[112.72014922400001,-7.1742731579999486,0],[112.72022060800009,-7.1742969539999422,0],[112.72028314800002,-7.1743363419999469,0],[112.72031102700009,-7.1743600089999404,0],[112.72030745800009,-7.1743849939999791,0],[112.72017301900007,-7.1746990829999504,0],[112.72017404300004,-7.1747016199999507,0],[112.72017751100009,-7.1747102099999438,0],[112.72019681300003,-7.1747193079999647,0],[112.72021109000002,-7.1747228769999651,0],[112.72032067600003,-7.1744390509999789,0],[112.72032418900005,-7.174429952999958,0],[112.72037332700006,-7.1743107089999398,0],[112.72046866700009,-7.1740726599999789,0],[112.72053862300004,-7.1739027669999587,0],[112.72052862900011,-7.1738927729999773,0],[112.72055290000003,-7.173838519999947,0],[112.72056146600005,-7.1738413749999381,0],[112.7206014410001,-7.1737500039999418,0],[112.72059287500008,-7.1737428659999409,0],[112.72069709500011,-7.1735044439999456,0],[112.72079274900011,-7.1732703059999494,0],[112.72080845400001,-7.1732346139999663,0],[112.72081844800005,-7.173227474999976,0],[112.72103831000004,-7.1733159909999813,0],[112.72110112700011,-7.1733473999999546,0],[112.72112682600005,-7.1733573929999466,0],[112.72113539200006,-7.1733730979999564,0],[112.72103973700007,-7.1736086649999606,0],[112.72104687600006,-7.1736143749999428,0],[112.72102546100007,-7.1736671999999544,0],[112.72101832200008,-7.1736643449999633,0],[112.72091933700005,-7.173908952999966,0],[112.7207556300001,-7.1743298799999593,0],[112.72069566700009,-7.1744869239999502,0],[112.72068567400004,-7.1745111949999796,0],[112.72068139100008,-7.1745397479999724,0],[112.72066711400009,-7.1745868619999555,0],[112.72062142800007,-7.1746982189999358,0],[112.72059507200004,-7.1747570149999547,0],[112.72054718900006,-7.1748638299999357,0],[112.72066234100009,-7.1749120329999414,0],[112.72066996900003,-7.1749152259999391,0],[112.72066568600007,-7.1749280759999579,0],[112.72068281800011,-7.1749366419999774,0],[112.72069424000006,-7.174942352999949,0],[112.72070566100001,-7.1749494909999498,0],[112.72070994400008,-7.1749594839999418,0],[112.72072136600002,-7.1749709059999418,0],[112.72074278100001,-7.1749837559999605,0],[112.72075705700001,-7.1749894659999427,0],[112.7208070260001,-7.1749966039999435,0],[112.72081844800005,-7.175002314999972,0],[112.72085556700006,-7.1750251569999364,0],[112.72088269300002,-7.1750608499999657,0],[112.72089268700006,-7.1750993969999399,0],[112.72088983100002,-7.1751465109999799,0],[112.72089316900008,-7.1752044739999405,0],[112.72091410200005,-7.1752407369999673,0],[112.72093551700004,-7.1752607239999406,0],[112.72095978700008,-7.175275001999978,0],[112.72106115300005,-7.1753078379999806,0],[112.72109256100009,-7.1753249699999628,0],[112.72113539200006,-7.175342101999945,0],[112.72118606200002,-7.1753594549999775,0],[112.72121159300002,-7.1754044839999551,0],[112.7212370420001,-7.1754066319999765,0],[112.72126366200007,-7.1752291669999408,0],[112.72129028200004,-7.1750864249999609,0],[112.72132167900008,-7.1750595729999418,0],[112.72135477800009,-7.1750471669999456,0],[112.72138618700001,-7.1750314639999715,0],[112.72141188500007,-7.1750200419999715,0],[112.72145614300007,-7.1750100489999795,0],[112.72151039500011,-7.1750100489999795,0],[112.72161723600004,-7.1750151209999444,0],[112.72167315000002,-7.1750300359999528,0],[112.72168171600003,-7.1750371749999431,0],[112.72168885400004,-7.1750557339999546,0],[112.72169456500001,-7.1750714389999644,0],[112.72171169700005,-7.1751028469999483,0],[112.72175595500005,-7.1751256899999589,0],[112.7218276960001,-7.1751413949999687,0],[112.72183983100001,-7.1751278309999407,0],[112.72185339400005,-7.175124976999939,0],[112.72187623700006,-7.1751256899999589,0],[112.72190621800007,-7.1751278309999407,0],[112.72195904200009,-7.1751342569999679,0],[112.72194789500008,-7.1752192329999502,0],[112.72197926800004,-7.1752230919999533,0],[112.72201430100006,-7.1753165969999486,0],[112.72207165300006,-7.1752991179999412,0],[112.72208325000008,-7.1752955839999686,0],[112.72207397000011,-7.1752705999999762,0],[112.72207111500006,-7.1752567389999626,0],[112.72208896100005,-7.1752460319999614,0],[112.72210561700001,-7.1752388929999711,0],[112.72212911800011,-7.1752292309999461,0],[112.7221627240001,-7.1752258059999576,0],[112.72219960600012,-7.1752269949999459,0],[112.7222460050001,-7.1752341329999467,0],[112.72233404500003,-7.1752460319999614,0],[112.72238758300011,-7.1752567389999626,0],[112.72241137800006,-7.1752650669999412,0],[112.7224268440001,-7.175272204999942,0],[112.72244417000002,-7.1752973569999767,0],[112.72247779100007,-7.1753504119999434,0],[112.72247839600004,-7.1753513679999514,0],[112.72250883800007,-7.1754498589999685,0],[112.72252117800008,-7.1754912169999443,0],[112.72251976500002,-7.1755108719999612,0],[112.72251452300009,-7.1755838069999527,0],[112.7225097700001,-7.1756310659999372,0],[112.7225101140001,-7.1756530849999649,0],[112.72251698600007,-7.1756834349999394,0],[112.72252014600008,-7.1756923899999379,0],[112.72252412400007,-7.1757036609999432,0],[112.72253126300006,-7.1757054459999381,0],[112.72254018600006,-7.1757048509999777,0],[112.72255148800002,-7.1756989029999545,0],[112.72260264700003,-7.1756786769999508,0],[112.72267641000008,-7.175648338999963,0],[112.72286795700006,-7.1755561349999653,0],[112.72286974100007,-7.1755513749999409,0],[112.72286724000003,-7.1755461909999667,0],[112.72286778400007,-7.1755329529999585,0],[112.72286842800008,-7.1755172579999567,0],[112.72279237100008,-7.1753123059999666,0],[112.72273770400011,-7.1751893349999705,0],[112.72270484600006,-7.1751143319999642,0],[112.72269492200007,-7.1750916809999694,0],[112.72267472600004,-7.1750536989999318,0],[112.72266706800008,-7.1750255239999774,0],[112.72266877700008,-7.1749934369999551,0],[112.72268066100003,-7.17494762299998,0],[112.722694649,-7.1749243849999402,0],[112.72276266100005,-7.174811391999981,0],[112.72278912700006,-7.1747720759999538,0],[112.72281140500002,-7.1747367899999404,0],[112.72282377800002,-7.1747244169999362,0],[112.72283710300007,-7.1747129969999719,0],[112.72287890000007,-7.1746865419999608,0],[112.7228874430001,-7.1746787759999506,0],[112.72290995300011,-7.1746573819999639,0],[112.72300556900007,-7.1745873609999649,0],[112.72304364000001,-7.1745597589999761,0],[112.72308551900005,-7.1745293019999394,0],[112.72310645800007,-7.1745150249999483,0],[112.72315690200003,-7.1744760019999489,0],[112.72321210600001,-7.174425557999939,0],[112.72323209300009,-7.1744093779999503,0],[112.72325017700007,-7.1743951009999591,0],[112.72326540600011,-7.1743846309999526,0],[112.72330637700009,-7.1743532939999568,0],[112.72332833900009,-7.1743424139999661,0],[112.72340208800006,-7.1743186479999395,0],[112.72342340200009,-7.174318957999958,0],[112.72349764100011,-7.1743303789999686,0],[112.72349859300004,-7.1743475119999403,0],[112.72357473600005,-7.1743570289999639,0],[112.72356807300002,-7.1744179439999698,0],[112.72366325200005,-7.1744360279999455,0],[112.72367086600002,-7.1743674989999704,0],[112.72368990200005,-7.1743598849999444,0],[112.72371560000011,-7.1743589329999509,0],[112.72373273200003,-7.1743513179999354,0],[112.72374605700008,-7.1743475119999403,0],[112.72376223700007,-7.1743475119999403,0],[112.72378577600011,-7.1743580039999415,0],[112.72381363400007,-7.1744074739999633,0],[112.7238216400001,-7.174434567999981,0],[112.72382410300008,-7.1744512559999407,0],[112.72382124800004,-7.1744617259999472,0],[112.72381599900007,-7.1744751409999594,0],[112.72381268200002,-7.1744836169999644,0],[112.72380411600011,-7.1745017009999401,0],[112.72379745300009,-7.1745159769999418,0],[112.72380030900001,-7.1745264469999483,0],[112.72381553700006,-7.1745302529999435,0],[112.72381173000008,-7.174537867999959,0],[112.72385265700007,-7.1745540479999477,0],[112.72387359600009,-7.1744702919999668,0],[112.72389739100004,-7.1744198469999674,0],[112.72390976400004,-7.1743989079999437,0],[112.7239230890001,-7.1743836789999591,0],[112.723983051,-7.1743532219999793,0],[112.72411249400011,-7.1742875479999384,0],[112.72410392800009,-7.1742761279999741,0],[112.72416864900003,-7.1742447189999439,0],[112.72415818000002,-7.1742161649999616,0],[112.7241924440001,-7.1741961769999421,0],[112.72418483000001,-7.1741799979999428,0],[112.72419529900003,-7.1741685759999427,0],[112.72419149200005,-7.1741571539999427,0],[112.72417038000003,-7.1740978509999422,0],[112.72421255500001,-7.1740729479999459,0],[112.72422942800006,-7.1740590169999336,0],[112.72425062800005,-7.1740311189999488,0],[112.72426404100008,-7.1740051149999431,0],[112.72429569500002,-7.1739240719999771,0],[112.72431661500002,-7.1738694079999732,0],[112.72436757200001,-7.1738849439999512,0],[112.72438946300008,-7.1738858959999448,0],[112.72444371500001,-7.1737545499999555,0],[112.72446084700005,-7.1737202849999449,0],[112.72447512400004,-7.173698394999974,0],[112.72448083500001,-7.1736793589999479,0],[112.72448273800001,-7.1736612749999722,0],[112.72449606300006,-7.1736441419999437,0],[112.72469403400009,-7.1736736479999763,0],[112.72473591300002,-7.1734937609999747,0],[112.72460361500009,-7.1734604479999575,0],[112.72459695200007,-7.1734423649999712,0],[112.72459219300003,-7.1734280879999801,0],[112.72458838600005,-7.1734128589999386,0],[112.72458743400011,-7.1733871599999475,0],[112.72458838600005,-7.1733633649999433,0],[112.7245893380001,-7.1733433789999594,0],[112.72459219300003,-7.1733148249999772,0],[112.72460266300004,-7.1732815129999494,0],[112.72461694000003,-7.1732520079999631,0],[112.72462740900005,-7.1732272609999654,0],[112.72464017800007,-7.1732095249999475,0],[112.72465977000002,-7.1732320199999435,0],[112.72468070900004,-7.173210127999937,0],[112.7246673840001,-7.1731948999999418,0],[112.72467214300002,-7.1731844309999815,0],[112.72468070900004,-7.173173960999975,0],[112.7247064070001,-7.1731511189999537,0],[112.72473020200005,-7.1731653949999554,0],[112.72476637000011,-7.1731244689999585,0],[112.72475970700009,-7.173105431999943,0],[112.72476351500006,-7.1730940119999786,0],[112.72477398400008,-7.173080686999981,0],[112.72479016500006,-7.1730654579999396,0],[112.7248196700001,-7.1730407109999419,0],[112.72483680200003,-7.1730283369999484,0],[112.72485203000008,-7.1730169159999377,0],[112.7249100890001,-7.1729712309999627,0],[112.72494435400006,-7.1730121579999491,0],[112.72503477300006,-7.1729417259999764,0],[112.72501954500001,-7.1729150759999811,0],[112.72502724700007,-7.1729045219999534,0],[112.72503606700002,-7.1729137839999453,0],[112.72513351600003,-7.172823363999953,0],[112.72517050500005,-7.1727815999999507,0],[112.72514123800011,-7.1727516189999392,0],[112.72515622900005,-7.1727323439999395,0],[112.7251305310001,-7.1727152129999467,0],[112.7251662220001,-7.1726809479999361,0],[112.72518192700011,-7.1726688139999624,0],[112.72519477600008,-7.1726531089999526,0],[112.72520262800003,-7.1726395459999708,0],[112.72521547700001,-7.1726245559999597,0],[112.72523903400008,-7.1726024269999584,0],[112.72525759400003,-7.1725931459999401,0],[112.72527115700007,-7.172587435999958,0],[112.72528043700004,-7.1725888639999766,0],[112.72529840800007,-7.1725928279999493,0],[112.72530185200003,-7.1725952879999681,0],[112.72533040500002,-7.1726252699999691,0],[112.72540393100007,-7.1725703039999757,0],[112.72537823200003,-7.1725353259999451,0],[112.72541661000002,-7.1725065429999404,0],[112.72542962900002,-7.172496778999971,0],[112.72544461900009,-7.1724889259999713,0],[112.72546246500008,-7.1724803599999518,0],[112.72548836700003,-7.1724625749999404,0],[112.72551308300001,-7.1724459069999398,0],[112.7255320050001,-7.1724367959999427,0],[112.72557245600001,-7.1724260889999414,0],[112.72561409700006,-7.1724106219999726,0],[112.72562246500001,-7.1724247829999399,0],[112.7256295630001,-7.1724367959999427,0],[112.72570808500006,-7.1724022929999478,0],[112.72569752800007,-7.1723830419999786,0],[112.72570656200003,-7.1723780189999502,0],[112.72577786600004,-7.1723567989999424,0],[112.72581042900003,-7.1723512939999523,0],[112.72585085300011,-7.1723547049999752,0],[112.7258722680001,-7.1723594639999533,0],[112.72590677000005,-7.1723630329999537,0],[112.72592223700008,-7.1723630329999537,0],[112.72594246200003,-7.1723594639999533,0],[112.72596030800003,-7.1723487559999626,0],[112.7259805330001,-7.172339238999939,0],[112.72600432800004,-7.172330909999971,0],[112.72601979500007,-7.1723297199999365,0],[112.72604121000006,-7.1723320999999487,0],[112.72605816900011,-7.1723389739999561,0],[112.72606928500011,-7.172351712999955,0],[112.72623898800009,-7.1725426779999566,0],[112.72643436100009,-7.172772704999943,0],[112.72639870900002,-7.1728088729999513,0],[112.72648997800002,-7.1729246089999492,0],[112.72651080500009,-7.1729042639999534,0],[112.72652848200005,-7.1728869949999421,0],[112.72653545300011,-7.1728949259999695,0],[112.72668107300001,-7.1730606009999747,0],[112.72682225400001,-7.1732284189999405,0],[112.72702333100005,-7.1734584469999731,0],[112.7269876790001,-7.1735018479999439,0],[112.72708607900006,-7.1736277129999735,0],[112.72714079900004,-7.173699208999949,0],[112.72716451300005,-7.1737593639999773,0],[112.72716009900012,-7.173782565999943,0],[112.72714882600008,-7.1738418259999435,0],[112.72717734800005,-7.173967690999973,0],[112.72720016500011,-7.1740718539999762,0],[112.72723011300002,-7.1741384029999722,0],[112.72726576500008,-7.1742599269999801,0],[112.72730262500011,-7.1742587289999733,0],[112.72733117900009,-7.1742670559999624,0],[112.72732523000002,-7.1742979899999568,0],[112.72729429700007,-7.1743396299999631,0],[112.72725146700009,-7.174374132999958,0],[112.72717413400005,-7.1744110129999399,0],[112.72715390900009,-7.1743860289999475,0],[112.727089664,-7.1744157729999642,0],[112.72711464800011,-7.1744597919999364,0],[112.72712297600003,-7.1745061929999565,0],[112.7271610470001,-7.1746061289999261,0],[112.72724908800001,-7.1745668679999426,0],[112.72730024600003,-7.1745656789999543,0],[112.72739066500003,-7.1745323659999372,0],[112.7274691880001,-7.1744942939999419,0],[112.72750725900005,-7.1744193419999647,0],[112.72752439100009,-7.1743489089999457,0],[112.72753438500001,-7.174276812999949,0],[112.72752367700002,-7.1742168489999472,0],[112.72751576500002,-7.1741608089999431,0],[112.72751511100012,-7.1741561739999611,0],[112.72752082200009,-7.1741376139999602,0],[112.72754652000003,-7.1741254789999402,0],[112.72755105900001,-7.174123867999981,0],[112.72756864900009,-7.1741176259999406,0],[112.72760719600001,-7.1741054909999775,0],[112.72760291300006,-7.1740869309999766,0],[112.72760290600002,-7.1740868949999594,0],[112.72759720300007,-7.1740583769999375,0],[112.72761290700009,-7.1740333929999451,0],[112.72762218700007,-7.174019115999954,0],[112.72762932500007,-7.1739919899999336,0],[112.72763084100006,-7.1739705839999601,0],[112.7276194320001,-7.1739127159999612,0],[112.72749964200011,-7.1737593639999773,0],[112.72737985100002,-7.1736233729999412,0],[112.72720586900004,-7.1734164919999444,0],[112.72715710600005,-7.1733557159999464,0],[112.72713931900012,-7.1733335479999596,0],[112.72709748700004,-7.173314257999948,0],[112.7270662200001,-7.1733174939999458,0],[112.72700431700002,-7.173323901999936,0],[112.7269529780001,-7.173266033999937,0],[112.72665445200005,-7.1729033909999771,0],[112.72650043600004,-7.1727297859999339,0],[112.7263255040001,-7.1725176019999708,0],[112.72606881000002,-7.172226329999944,0],[112.72605360800003,-7.1721853559999431,0],[112.72605047600007,-7.1721778019999647,0],[112.72605326600001,-7.1721641089999366,0],[112.72617699800003,-7.1719737529999747,0],[112.72613797500003,-7.171948054999973,0],[112.72618556400005,-7.17187667099995,0],[112.72620269600009,-7.1718462139999701,0],[112.7262442120001,-7.1717788989999463,0],[112.72625098300011,-7.1717660099999421,0],[112.72628524700008,-7.1717155649999427,0],[112.72631189700007,-7.1716765419999433,0],[112.72633474000008,-7.1716422789999683,0],[112.72636139000008,-7.1716118209999422,0],[112.72638518500003,-7.1715842199999429,0],[112.7264089790001,-7.1715556659999606,0],[112.72642325600009,-7.1715366289999452,0],[112.7264480020001,-7.1715175949999548,0],[112.72646703800001,-7.1715004629999726,0],[112.72649368800001,-7.1714681019999489,0],[112.72650175000001,-7.171441414999947,0],[112.72652291100007,-7.1714101899999605,0],[112.72654318100001,-7.1713891039999567,0],[112.72654413300006,-7.1713776819999566,0],[112.72654984300004,-7.1713615019999679,0],[112.72656792700002,-7.1713405629999443,0],[112.72658886600004,-7.1713167679999401,0],[112.72660504700002,-7.1712967809999668,0],[112.72661456500009,-7.1712796479999383,0],[112.72662408300005,-7.171261564999952,0],[112.72663360000001,-7.1712510949999455,0],[112.72667275800006,-7.1712071059999403,0],[112.7267335460001,-7.1711561449999408,0],[112.72681904500007,-7.1710977339999431,0],[112.72690703700005,-7.1710438919999433,0],[112.72702010400008,-7.1709800349999568,0],[112.72709862600004,-7.1709264959999359,0],[112.72717595900008,-7.1708765279999511,0],[112.72722116900002,-7.1708551129999591,0],[112.72730101500008,-7.1708223649999354,0],[112.72733659300002,-7.1708109689999446,0],[112.72744056200008,-7.1707798289999687,0],[112.72750158800011,-7.1707486319999703,0],[112.72752871400007,-7.1707414939999694,0],[112.72756155100001,-7.1707257889999596,0],[112.72759581500009,-7.17070580099994,0],[112.72762865100003,-7.1706886699999473,0],[112.7276629160001,-7.1706743929999561,0],[112.72770003500011,-7.1706672549999553,0],[112.72773287200005,-7.1706672549999553,0],[112.72776428100008,-7.1706658259999472,0],[112.72780932400008,-7.1706632769999601,0],[112.72783994700001,-7.1706615429999374,0],[112.72790990400006,-7.1706444119999446,0],[112.72794559600004,-7.1706287059999454,0],[112.72798842600002,-7.1706087199999615,0],[112.72806266500004,-7.1705773099999419,0],[112.72811263400001,-7.1705701719999411,0],[112.72814689800009,-7.170558749999941,0],[112.72818830100005,-7.1705444739999393,0],[112.72822113700011,-7.1705359079999766,0],[112.72826539500011,-7.1705301969999482,0],[112.72829823200004,-7.1705316249999669,0],[112.72833249600001,-7.1705344809999474,0],[112.72836104900011,-7.1705316249999669,0],[112.72839531400007,-7.170524486999966,0],[112.72841815600009,-7.1705159209999465,0],[112.7284338610001,-7.1705002159999367,0],[112.72845099300002,-7.1704859389999456,0],[112.72847669100008,-7.1704730909999626,0],[112.72851941400006,-7.1704629609999415,0],[112.72855638400006,-7.1704644279999457,0],[112.72861347100002,-7.1704732489999401,0],[112.72869675200002,-7.1704863359999536,0],[112.72904558100004,-7.1705396179999639,0],[112.7290602920001,-7.1705418659999509,0],[112.72907799800009,-7.1705445709999367,0],[112.72907032700004,-7.1706255349999424,0],[112.72916550600007,-7.1706433809999339,0],[112.72918216200003,-7.1705648589999669,0],[112.72926068400011,-7.1705779459999803,0],[112.72925235600007,-7.1706374319999782,0],[112.72931660100005,-7.1706540879999352,0],[112.72935348300007,-7.1706588469999701,0],[112.72936419100006,-7.1706172069999639,0],[112.72938917500005,-7.1706243449999647,0],[112.72940345200004,-7.1706243449999647,0],[112.72941415900004,-7.1706207759999643,0],[112.72943081500011,-7.1706088789999285,0],[112.72947245600005,-7.1706112579999512,0],[112.72969189000003,-7.1706456019999791,0],[112.72986701800005,-7.1706627339999613,0],[112.7299941550001,-7.1706725929999493,0],[112.73001646700004,-7.170674321999968,0],[112.73014768100006,-7.1706774669999618,0],[112.73014589100001,-7.1707598159999293,0],[112.73031340500006,-7.1707731409999269,0],[112.73031911600003,-7.1707103229999802,0],[112.7303305370001,-7.1707046119999518,0],[112.73059037400003,-7.1707046119999518,0],[112.73071029900007,-7.1707046119999518,0],[112.73077977900004,-7.1707074679999323,0],[112.73079215300004,-7.1707150819999583,0],[112.73080071900006,-7.170731261999947,0],[112.73080357400011,-7.1707541049999577,0],[112.73080262200006,-7.1707759959999748,0],[112.73079976700001,-7.1707864659999814,0],[112.73079976700001,-7.1708388139999784,0],[112.73080642900004,-7.1708388139999784,0],[112.73081404400011,-7.1709025829999291,0],[112.73084376600002,-7.1709053929999413,0],[112.73084627300011,-7.1709170929999573,0],[112.73085186200001,-7.1709521919999588,0],[112.73085782600003,-7.1710025209999344,0],[112.73085877800008,-7.1710339299999646,0],[112.7308568740001,-7.1710653389999379,0],[112.73084450100009,-7.1711072169999284,0],[112.73082641700012,-7.1711471919999781,0],[112.73080547800009,-7.1712042989999532,0],[112.7307931040001,-7.1712480809999306,0],[112.73077787600005,-7.1712899599999673,0],[112.73076359900006,-7.1713289829999667,0],[112.73075598500009,-7.1713575359999595,0],[112.73075027400012,-7.1713813309999637,0],[112.7307521780001,-7.1713927519999743,0],[112.73076829000001,-7.1714076769999338,0],[112.73078103600005,-7.1714112439999553,0],[112.73080167000001,-7.1714089329999524,0],[112.73082070600003,-7.171401317999937,0],[112.73084066600006,-7.1713853169999311,0],[112.73084467800004,-7.1713821009999492,0],[112.73087415000009,-7.1713577099999384,0],[112.73089947500011,-7.1713317149999511,0],[112.73092792200009,-7.1712752529999761,0],[112.73093456400011,-7.1712342359999752,0],[112.73094919700009,-7.1712042989999532,0],[112.73095395600001,-7.1711890709999579,0],[112.73095490800006,-7.1711719379999295,0],[112.73095892200001,-7.1711158459999638,0],[112.73097061200008,-7.1710772359999737,0],[112.73097489500003,-7.1710529649999444,0],[112.73098203400002,-7.1710286949999613,0],[112.73099488300011,-7.1710029969999596,0],[112.73100915900011,-7.17098300899994,0],[112.73102486400001,-7.1709644489999391,0],[112.73105056200006,-7.1709344679999276,0],[112.73107197700006,-7.1709173359999454,0],[112.73110053100004,-7.1709059149999348,0],[112.7311262290001,-7.170901631999925,0],[112.73116192100008,-7.1708987759999445,0],[112.73124187100007,-7.1708887829999526,0],[112.73130457600007,-7.1708850449999773,0],[112.73152740600005,-7.170901631999925,0],[112.7315950200001,-7.1709123079999699,0],[112.73160878400006,-7.1709144809999543,0],[112.73158541800001,-7.171041880999951,0],[112.73169301700011,-7.1710800909999648,0],[112.73171014900004,-7.171051537999972,0],[112.73171728700004,-7.17103012299998,0],[112.73172870800011,-7.1710029969999596,0],[112.73173299200005,-7.1709673049999765,0],[112.73174441300011,-7.1709501729999374,0],[112.73175726200009,-7.170937323999965,0],[112.73176868300004,-7.1709287579999454,0],[112.73179866500004,-7.1709244739999463,0],[112.73182721800003,-7.1709273299999268,0],[112.73185434400011,-7.1709344679999276,0],[112.73188204400003,-7.1709381299999677,0],[112.73190684100007,-7.1709549389999552,0],[112.73188718100005,-7.1709958579999693,0],[112.73187861500003,-7.17103012299998,0],[112.73185577200002,-7.171118637999939,0],[112.73188147000008,-7.1711272049999479,0],[112.73189431900005,-7.1711272049999479,0],[112.73191145100009,-7.1711229219999382,0],[112.73192858300001,-7.1711157829999479,0],[112.73194428800002,-7.1711143549999292,0],[112.73200139500011,-7.1711114999999381,0],[112.73203851400001,-7.1711214939999763,0],[112.73207135100006,-7.1711343429999488,0],[112.73209847700002,-7.171151474999931,0],[112.73212417500008,-7.171165751999979,0],[112.73215701100003,-7.1711800289999701,0],[112.73219555900005,-7.1711928779999425,0],[112.73224410000012,-7.1712071539999442,0],[112.73229549600001,-7.1712257139999451,0],[112.73235260300009,-7.171222858999954,0],[112.7323897230001,-7.171211436999954,0],[112.73243033400001,-7.1711930009999492,0],[112.73247252800002,-7.1711771729999327,0],[112.73250250900003,-7.1711700349999319,0],[112.73252106900009,-7.1711728899999798,0],[112.73253534600008,-7.1711828839999612,0],[112.73254676700003,-7.1711871669999709,0],[112.73256208100008,-7.1711762659999749,0],[112.73257246500009,-7.1711414809999496,0],[112.73257246500009,-7.1711214939999763,0],[112.73257960400008,-7.1711029339999754,0],[112.73259388100007,-7.1710843739999746,0],[112.73262386200008,-7.1710686699999542,0],[112.73265384300009,-7.1710486819999346,0],[112.73270238400005,-7.1710315499999524,0],[112.73272951000001,-7.1710272669999426,0],[112.73274670700005,-7.1710344059999329,0],[112.73274670700005,-7.171049084999936,0],[112.73294398100006,-7.171051494999972,0],[112.73296735000008,-7.1710676589999593,0],[112.73298795200003,-7.1710659619999433,0],[112.73302503900004,-7.1710658139999737,0],[112.73305644800007,-7.1710572479999541,0],[112.73308500100006,-7.1710486819999346,0],[112.73311498200007,-7.1710472549999622,0],[112.73315638500003,-7.1710529649999444,0],[112.73320207100005,-7.1710772359999737,0],[112.73324061800008,-7.1711172109999666,0],[112.73327488200005,-7.1711586129999318,0],[112.73330629100008,-7.1711957329999336,0],[112.7333411510001,-7.1712270469999453,0],[112.73336339800005,-7.1712414189999549,0],[112.73338909600011,-7.1712428459999273,0],[112.73340086400003,-7.1712443809999513,0],[112.73342193300005,-7.1712471289999371,0],[112.73346995800011,-7.1712504849999732,0],[112.73355531600009,-7.1712457449999647,0],[112.73355613500007,-7.1712342799999647,0],[112.73356327300007,-7.1712257139999451,0],[112.73358396100002,-7.1712204109999789,0],[112.73361181400003,-7.1712157209999532,0],[112.73365607200003,-7.171211436999954,0],[112.73369319100004,-7.1712128649999727,0],[112.73376600300003,-7.1712042989999532,0],[112.73379536700008,-7.1712025719999701,0],[112.7338145440001,-7.1712014439999621,0],[112.73385309100001,-7.1711957329999336,0],[112.73386860200003,-7.1711941499999625,0],[112.73392304700008,-7.1711885949999328,0],[112.73399443100004,-7.171190021999962,0],[112.73403440600009,-7.1711985879999816,0],[112.73407009800007,-7.1712100099999248,0],[112.73412720500005,-7.1712100099999248,0],[112.73417431900009,-7.1712271419999638,0],[112.73420001700003,-7.1712357079999265,0],[112.73423285300009,-7.1712414189999549,0],[112.73426854500008,-7.1712371359999452,0],[112.73430423700006,-7.1712285699999256,0],[112.73432708000007,-7.171222858999954,0],[112.73435563300006,-7.1712214309999354,0],[112.7344027470001,-7.171222858999954,0],[112.73444843200002,-7.1712285699999256,0],[112.73448840700007,-7.1712342799999647,0],[112.73451696100005,-7.1712357079999265,0],[112.73457121300009,-7.1712242869999727,0],[112.73461118800003,-7.1712142929999345,0],[112.73462339000002,-7.1712119309999593,0],[112.73465544600003,-7.1712057269999718,0],[112.73468542700004,-7.1712085819999629,0],[112.7347039870001,-7.1712171479999256,0],[112.73472682900001,-7.1712285699999256,0],[112.73474967200002,-7.1712328529999354,0],[112.73479107500009,-7.1712271419999638,0],[112.7348210560001,-7.1712299969999549,0],[112.73484532700002,-7.1712399909999363,0],[112.7348724520001,-7.1712471289999371,0],[112.73489084200003,-7.1712471289999371,0],[112.73491385500006,-7.1712471289999371,0],[112.73494526400009,-7.1712457019999647,0],[112.73497667300001,-7.1712399909999363,0],[112.73499523300006,-7.1712342799999647,0],[112.7350195030001,-7.1712257139999451,0],[112.73503520800011,-7.1712242869999727,0],[112.73505091200002,-7.1712242869999727,0],[112.73510088100011,-7.1712314249999736,0],[112.73513371700005,-7.1712371359999452,0],[112.73518514800003,-7.1712444729999447,0],[112.73522937200005,-7.1712457019999647,0],[112.73526791900008,-7.1712542679999274,0],[112.73530075500003,-7.1712671169999567,0],[112.73534644100005,-7.1712899599999673,0],[112.73538498800008,-7.1713070919999495,0],[112.73543495700005,-7.1713256519999504,0],[112.73547350400008,-7.1713356449999424,0],[112.73553203900008,-7.1713313619999326,0],[112.73557629700008,-7.1713256519999504,0],[112.7356291210001,-7.171312802999978,0],[112.73566909600004,-7.1713013809999779,0],[112.73572192000006,-7.1712899599999673,0],[112.73575761200004,-7.1712728279999283,0],[112.73579187600001,-7.1712471289999371,0],[112.73581471900002,-7.1712171479999256,0],[112.73583185100006,-7.1711828839999612,0],[112.73585897700002,-7.1711486199999399,0],[112.73587182600011,-7.1711329149999301,0],[112.73599460600008,-7.1711471919999781,0],[112.7360103420001,-7.1710625699999468,0],[112.73648715500008,-7.1710658139999737,0],[112.73648986500007,-7.1710488209999426,0],[112.73678696700006,-7.1710772359999737,0],[112.73679014800007,-7.1710406759999614,0],[112.73698833800006,-7.1710580299999265,0],[112.73714502000007,-7.1710717479999744,0],[112.73720500100001,-7.1710769999999684,0],[112.73727249300009,-7.1710807839999688,0],[112.73727368300001,-7.1710808509999424,0],[112.73733091100007,-7.171097222999947,0],[112.73735661000001,-7.1711114999999381,0],[112.73737231400003,-7.1711214939999763,0],[112.73738801900004,-7.1711371979999399,0],[112.7373923020001,-7.1711600409999505,0],[112.73737374200005,-7.1713656269999433,0],[112.73739658500006,-7.1713684819999344,0],[112.73740372300006,-7.1713285069999415,0],[112.73740800600001,-7.1713270789999797,0],[112.73743084900002,-7.1713227959999699,0],[112.73746368500008,-7.1713227959999699,0],[112.73751079900001,-7.1713242239999317,0],[112.73754078000002,-7.1713270789999797,0],[112.73757647200011,-7.1713356449999424,0],[112.73757932700005,-7.171379902999945,0],[112.73760645300001,-7.1713813309999637,0],[112.73760788100003,-7.17133421799997,0],[112.73760930800006,-7.1712942429999771,0],[112.73760930800006,-7.171277110999938,0],[112.73761501900003,-7.1712614059999282,0],[112.73762644100009,-7.1712399909999363,0],[112.73763072400004,-7.171220003999963,0],[112.73763929000006,-7.1711943049999718,0],[112.73785201300007,-7.1712171479999256,0],[112.7378620070001,-7.1711800289999701,0],[112.73787913900003,-7.1711885949999328,0],[112.73789198800011,-7.1712057269999718,0],[112.73790198200004,-7.171220003999963,0],[112.73791197600008,-7.1712357079999265,0],[112.73791911400008,-7.1712471289999371,0],[112.73793196300005,-7.1712671169999567,0],[112.73804332200007,-7.1712913869999397,0],[112.73805046000007,-7.1712842489999389,0],[112.73806188200001,-7.171265688999938,0],[112.73807615900012,-7.1712485569999558,0],[112.73809757400011,-7.1712428459999273,0],[112.73813041000005,-7.1712414189999549,0],[112.73821690300008,-7.1712442049999368,0],[112.73822529500001,-7.171246592999978,0],[112.73824034100005,-7.1712508389999812,0],[112.73824034100005,-7.1712856769999576,0],[112.73845163800002,-7.1713099469999406,0],[112.73847310400004,-7.1712983869999789,0],[112.73857053500001,-7.1713000479999778,0],[112.7387099980001,-7.1712899779999475,0],[112.738878021,-7.1712615879999362,0],[112.73889954400011,-7.1712532179999471,0],[112.73903846500002,-7.1711991929999499,0],[112.73912800100004,-7.1711839999999256,0],[112.73929431100009,-7.1711661019999724,0],[112.73944761900009,-7.1711496049999255,0],[112.7395090010001,-7.1711429999999723,0],[112.73981500100001,-7.1711609989999374,0],[112.74015800100005,-7.1711949989999653,0],[112.74028800100007,-7.1711849989999337,0],[112.74036205200002,-7.1711762689999432,0],[112.74042913900007,-7.171168358999978,0],[112.74051700100006,-7.1711579999999344,0],[112.74124167900004,-7.1710761149999485,0],[112.74130340400006,-7.1710832949999599,0],[112.74132815100006,-7.1710794879999753,0],[112.74135099300008,-7.1710794879999753,0],[112.74155277200009,-7.1710585479999622,0],[112.74157561400011,-7.17104141599998,0],[112.74161368600005,-7.1710166699999718,0],[112.74164985400012,-7.1710033449999742,0],[112.74167840700011,-7.1709976339999457,0],[112.74171267100007,-7.1709900199999765,0],[112.74174503200004,-7.1709843089999481,0],[112.74176787500005,-7.1709805019999635,0],[112.74177548900002,-7.1709747909999351,0],[112.74199059200009,-7.1708910339999647,0],[112.74198107500001,-7.1708662879999565,0],[112.74198678500011,-7.1708586739999305,0],[112.74201533900009,-7.1708491559999743,0],[112.74204960300005,-7.1708415409999589,0],[112.74215620300004,-7.1707977589999814,0],[112.74223615300002,-7.1707615919999625,0],[112.74229964500012,-7.170716314999936,0],[112.7423484630001,-7.1706854489999614,0],[112.74237130600011,-7.1706645099999378,0],[112.74239034200002,-7.1706511849999401,0],[112.7425273990001,-7.1705940769999756,0],[112.7425768920001,-7.1705788489999804,0],[112.74266445600006,-7.1705483919999438,0],[112.74285290900002,-7.1705008029999249,0],[112.74299187000008,-7.170470345999945,0],[112.74308324100002,-7.1704513099999758,0],[112.74318984100012,-7.1704341779999368,0],[112.74327930900006,-7.1704227559999367,0],[112.74333831900003,-7.1704189489999521,0],[112.74338400500005,-7.1704208529999391,0],[112.74342969100007,-7.1704265629999782,0],[112.74346433800008,-7.1704310819999364,0],[112.74347347300011,-7.1704322739999498,0],[112.74353248300008,-7.1704475029999344,0],[112.74357245800002,-7.170458923999945,0],[112.74363718000006,-7.1704646349999734,0],[112.74369428700004,-7.1704627309999296,0],[112.74374949000003,-7.170466537999971,0],[112.74378565800009,-7.170466537999971,0],[112.74381992200006,-7.170458923999945,0],[112.74387893300002,-7.1704513099999758,0],[112.74390367900003,-7.1704513099999758,0],[112.74393494200001,-7.1704497469999637,0],[112.74397982200003,-7.1704475029999344,0],[112.74413401100003,-7.1704551169999604,0],[112.74439670300001,-7.1704513099999758,0],[112.74454708500002,-7.170449405999932,0],[112.74466320300007,-7.170449405999932,0],[112.74475457400001,-7.1704398879999758,0],[112.74488401700012,-7.1704341779999368,0],[112.7450401100001,-7.1704170459999546,0],[112.74522475600008,-7.1704018169999699,0],[112.74541130600005,-7.1703942029999439,0],[112.74557882000011,-7.1703846849999309,0],[112.74576727300007,-7.1703732639999771,0],[112.7459138480001,-7.1703675529999487,0],[112.74601093000001,-7.1703656489999616,0],[112.7461194330001,-7.1703656489999616,0],[112.74614989000008,-7.1703694559999462,0],[112.74618225100005,-7.1703751669999747,0],[112.74620651600003,-7.1703812329999437,0],[112.74621270800003,-7.1703827809999439,0],[112.74623745400004,-7.1703884919999723,0],[112.74625577200004,-7.1703916779999304,0],[112.74627873400004,-7.170395669999948,0],[112.74628123700006,-7.1703961059999415,0],[112.74631550100003,-7.1704132379999805,0],[112.74632882600008,-7.1704189489999521,0],[112.74634595800001,-7.1704265629999782,0],[112.74636309000005,-7.1704341779999368,0],[112.74637451100011,-7.1704417919999628,0],[112.74638402900007,-7.170458923999945,0],[112.74639545100001,-7.1704779599999711,0],[112.7464030650001,-7.1704931879999663,0],[112.74641067900006,-7.1705426809999722,0],[112.74642314700009,-7.1707449479999354,0],[112.7464278110001,-7.1708206019999352,0],[112.74647413200012,-7.1714595669999426,0],[112.74650649200009,-7.1719430729999658,0],[112.74652362400002,-7.1722666799999502,0],[112.74649316700004,-7.1723085579999406,0],[112.74640941000007,-7.172314268999969,0],[112.74641892800003,-7.172428482999976,0],[112.74658453900008,-7.172422772999937,0],[112.74658834600007,-7.1723999299999264,0],[112.74656740600005,-7.1720306369999776,0],[112.74654646700003,-7.1716937059999282,0],[112.74653397300006,-7.1715035169999624,0],[112.74651601000005,-7.17123494599997,0],[112.74649507100003,-7.1709322779999525,0],[112.74648936000006,-7.1708504249999692,0],[112.74649507100003,-7.1708161609999479,0],[112.74650649200009,-7.1707780889999526,0],[112.74653123900009,-7.1707324029999313,0],[112.74653935700007,-7.1707250589999489,0],[112.74657121400003,-7.1706962359999693,0],[112.74659405600005,-7.1706810069999278,0],[112.74663469000006,-7.1706689679999727,0],[112.74664545300004,-7.1706657789999326,0],[112.74667781300002,-7.170641031999935,0],[112.74674634200005,-7.1706143819999397,0],[112.7468129670001,-7.1705934429999729,0],[112.74688149500003,-7.1705648889999338,0],[112.74693479500002,-7.1705477569999516,0],[112.7469919020001,-7.1705192039999588,0],[112.74703378100003,-7.1704963609999481,0],[112.74709088800012,-7.1704697109999529,0],[112.74715941600004,-7.1704411569999706,0],[112.74720510200007,-7.1704240249999316,0],[112.74725269100009,-7.1704030859999648,0],[112.74729837700011,-7.1703821469999411,0],[112.74733644800006,-7.1703669179999565,0],[112.7474811190001,-7.1703174249999506,0],[112.7475553590001,-7.1702926789999424,0],[112.74764863400003,-7.1702603179999755,0],[112.74772287300004,-7.1702355719999673,0],[112.74777113100004,-7.1702204909999523,0],[112.74778378700012,-7.1702165359999412,0],[112.74785231500005,-7.1702089219999721,0],[112.74791323000011,-7.1702032109999436,0],[112.7479581340001,-7.1701975979999588,0],[112.74798937200001,-7.1701936939999769,0],[112.74807503300008,-7.1701860789999614,0],[112.74813594700004,-7.1701784649999354,0],[112.74822922200008,-7.1701632359999508,0],[112.74832249700012,-7.1701518149999401,0],[112.74838361400009,-7.1701446249999776,0],[112.74841957900003,-7.1701403939999295,0],[112.7484785900001,-7.1701403939999295,0],[112.74853188900011,-7.1701518149999401,0],[112.74854460400002,-7.1701512619999335,0],[112.74857567200002,-7.1701499109999531,0],[112.7485785130001,-7.1701485739999384,0],[112.74860803200011,-7.1701346829999579,0],[112.74862688100006,-7.1701242109999725,0],[112.74865966200002,-7.1701147329999344,0],[112.74871463200009,-7.1701118399999473,0],[112.74873520400001,-7.1701111759999776,0],[112.74877364300005,-7.1701099359999603,0],[112.74884788200006,-7.1700909009999805,0],[112.7488792470001,-7.170072604999973,0],[112.74889356800008,-7.1700642509999284,0],[112.74898397800007,-7.1700318399999787,0],[112.74899445700009,-7.170028082999977,0],[112.74913341700005,-7.1700166619999663,0],[112.74923430600006,-7.170029986999964,0],[112.74929331700002,-7.1700452149999592,0],[112.74935613500008,-7.1700794789999804,0],[112.74939039900005,-7.1701175509999757,0],[112.74941895200004,-7.1701518149999401,0],[112.74945088300001,-7.1701741669999706,0],[112.74945702400009,-7.1701784649999354,0],[112.74949699900003,-7.1702032109999436,0],[112.74951943600001,-7.1702230089999262,0],[112.74952935900001,-7.1702317649999259,0],[112.74955600900012,-7.1702679329999341,0],[112.74958265900011,-7.1702926789999424,0],[112.74961882700006,-7.1703021969999554,0],[112.74968354900011,-7.1702888719999578,0],[112.74975207700004,-7.1702755469999602,0],[112.74979205200009,-7.1702717399999756,0],[112.74983964100011,-7.1702698359999317,0],[112.74988723000001,-7.1702679329999341,0],[112.74992720500006,-7.1702698359999317,0],[112.74995766200004,-7.1702755469999602,0],[112.74999169300008,-7.1702780969999367,0],[112.7500345740001,-7.1702827989999491,0],[112.7500714140001,-7.1703081159999442,0],[112.7501106310001,-7.1703069109999547,0],[112.75014458600003,-7.170281288999945,0],[112.75017718100003,-7.1702815939999596,0],[112.7501973840001,-7.1702888269999789,0],[112.75020570300001,-7.1703129379999382,0],[112.75019856100005,-7.1703367429999503,0],[112.7501973840001,-7.1703406669999481,0],[112.75020451500006,-7.170368395999958,0],[112.75022471700004,-7.1703888909999591,0],[112.75025442700007,-7.1704069739999454,0],[112.75030399500008,-7.1704316249999351,0],[112.75035900500006,-7.170479309999962,0],[112.7504478730001,-7.1705710069999782,0],[112.75054190300011,-7.1706849299999362,0],[112.7505990630001,-7.1707541839999749,0],[112.75063233800006,-7.1708072299999799,0],[112.75074642400011,-7.1709470779999265,0],[112.75075900100001,-7.1709598359999518,0],[112.75084428700006,-7.1710723319999374,0],[112.75088475300004,-7.1711068029999296,0],[112.75094320400001,-7.1711652539999591,0],[112.75096643400002,-7.1711907319999568,0],[112.75099191300001,-7.1712049699999625,0],[112.75101514300002,-7.1712057199999322,0],[112.7510683480001,-7.1711532639999405,0],[112.75107359300011,-7.171135278999941,0],[112.75108183600003,-7.1710925649999808,0],[112.75107809000008,-7.1710640889999695,0],[112.75106235300007,-7.1710431069999458,0],[112.75104436800007,-7.1710281199999599,0],[112.75102863100005,-7.1710206259999723,0],[112.75100383100005,-7.171010330999934,0],[112.75096830300004,-7.170996468999931,0],[112.75095144700003,-7.170970418999957,0],[112.75094095600002,-7.1709044739999399,0],[112.7509529460001,-7.1708430259999432,0],[112.75096343700011,-7.1708205449999696,0],[112.75097692500003,-7.1707905709999409,0],[112.75101589200005,-7.1707291229999441,0],[112.75104736600008,-7.170688656999971,0],[112.75108033800007,-7.1706601809999597,0],[112.75111480900011,-7.1706541859999788,0],[112.75113429200007,-7.1706541859999788,0],[112.75115977000007,-7.1706616799999665,0],[112.75118375000011,-7.170679664999966,0],[112.75120323400006,-7.170699147999926,0],[112.75123021100001,-7.1707216289999565,0],[112.75127367400012,-7.1707516039999746,0],[112.75132912700008,-7.1707815779999464,0],[112.75140706100001,-7.1708535179999444,0],[112.75146101600001,-7.1709134669999344,0],[112.75154794200012,-7.1709734159999812,0],[112.75167533400008,-7.1710648389999392,0],[112.75176375900003,-7.1710528489999774,0],[112.7518460010001,-7.1709569999999303,0],[112.75190891600005,-7.1708270819999598,0],[112.75198687500006,-7.1706669799999645,0],[112.75210856700005,-7.1704644399999324,0],[112.75213842700009,-7.1704134839999369,0],[112.752170578,-7.1703023579999581,0],[112.75219729500009,-7.1702735489999441,0],[112.7522946040001,-7.1701640879999786,0],[112.75239586900011,-7.1700871479999364,0],[112.75241394300008,-7.170080144999929,0],[112.75247269200008,-7.1700342879999539,0],[112.75252688300009,-7.170018855999956,0],[112.75255329300001,-7.1700154289999318,0],[112.75260864500001,-7.1700082459999521,0],[112.75266568800009,-7.1699986019999642,0],[112.75274649900007,-7.1699860639999429,0],[112.75284442300006,-7.1699754549999284,0],[112.75294615000007,-7.1699648449999813,0],[112.75312773700011,-7.1699542369999563,0],[112.75322738500006,-7.1699450459999525,0],[112.75323231700008,-7.1699445909999326,0],[112.75329696500012,-7.1699416989999349,0],[112.7533778940001,-7.1699617719999651,0],[112.75346032400012,-7.1699992399999815,0],[112.75354890600011,-7.1700969769999574,0],[112.75355494300004,-7.1701319779999722,0],[112.75357939200001,-7.1702737329999309,0],[112.7535884240001,-7.1704029719999767,0],[112.75371914800007,-7.170393325999953,0],[112.75369062600009,-7.170058173999962,0],[112.75369262700008,-7.1700007389999314,0],[112.75370461700004,-7.1699662679999392,0],[112.75372942700005,-7.1699375409999675,0],[112.75373309300005,-7.1699332959999538,0],[112.75376456600009,-7.1699018229999751,0],[112.75377593200005,-7.1698943839999743,0],[112.75392942700012,-7.1697939139999676,0],[112.75404632800007,-7.1697114839999472,0],[112.75418571000012,-7.16962605599997,0],[112.75424600300005,-7.1695838569999637,0],[112.75442268000006,-7.1694602039999609,0],[112.75495100100011,-7.1690939989999265,0],[112.75510400100006,-7.1690099999999575,0],[112.75532312500002,-7.1689905019999287,0],[112.75534000100004,-7.1689889999999536,0],[112.75556900100003,-7.1689099999999257,0],[112.75578300100005,-7.169006999999965,0],[112.75588690500001,-7.1690181589999611,0],[112.75596977300006,-7.169010567999976,0],[112.75600403200008,-7.1689949219999676,0],[112.75616325600004,-7.1689222059999338,0],[112.75627100100007,-7.1688729999999623,0],[112.75650000100006,-7.1688539999999534,0],[112.75677500100005,-7.1687729999999306,0],[112.75694300100008,-7.1687389989999701,0],[112.75743900100008,-7.1688829989999476,0],[112.75755113900004,-7.1688956149999399,0],[112.75759900100002,-7.168900998999959,0],[112.75788900100008,-7.1688299999999572,0],[112.75814100100001,-7.1686819999999329,0],[112.75817123400009,-7.1686697479999566,0],[112.75829704600005,-7.1686187629999267,0],[112.75848400100006,-7.1685429999999428,0],[112.75876600100003,-7.1683729999999741,0],[112.75892353500001,-7.168256797999959,0],[112.75902661400005,-7.1681662909999773,0],[112.75910754500001,-7.1681123369999682,0],[112.75924563400008,-7.1680192549999333,0],[112.75931332900007,-7.1679355039999564,0],[112.75940374800007,-7.1678736389999358,0],[112.75951400100007,-7.1678309999999783,0],[112.75964400100008,-7.1677619999999251,0],[112.75994030000004,-7.167520536999973,0],[112.76009421600008,-7.1674085799999716,0],[112.76021038500005,-7.1672740139999291,0],[112.76034839400006,-7.1671835939999369,0],[112.76046498800008,-7.1671074519999252,0],[112.76057920200003,-7.167036067999959,0],[112.76069663100009,-7.1669960199999423,0],[112.76083400100003,-7.1669159999999579,0],[112.76093300100001,-7.166884998999933,0],[112.76097646400001,-7.1668773819999387,0],[112.76103341600003,-7.166865391999977,0],[112.76106039300009,-7.1668429109999465,0],[112.76109186600002,-7.1668174329999488,0],[112.76110985100001,-7.1667979489999425,0],[112.76113532900001,-7.1667544859999452,0],[112.76115930900005,-7.1667185169999357,0],[112.76120726800002,-7.1666480759999445,0],[112.76131367800008,-7.1665461619999746,0],[112.76136013900009,-7.1665161879999459,0],[112.76142308600004,-7.1664907089999588,0],[112.76161200100012,-7.1664769999999294,0],[112.76167300100008,-7.1664689999999496,0],[112.76176400100007,-7.1664519999999357,0],[112.76192500100001,-7.1663249999999721,0],[112.76200557800007,-7.1662370969999643,0],[112.7620240010001,-7.1662169999999605,0],[112.76220122200004,-7.1660425159999477,0],[112.76228300100001,-7.1659619999999791,0],[112.76239000100009,-7.1659039989999656,0],[112.76249700100004,-7.1659329999999386,0],[112.76278700100011,-7.1660139999999615,0],[112.76278987400008,-7.1660130109999614,0],[112.76290900100003,-7.1659719999999538,0],[112.7630150010001,-7.1658849999999461,0],[112.76325453600009,-7.1657878039999332,0],[112.76329350300011,-7.1657683209999732,0],[112.76337443500006,-7.1657218599999624,0],[112.76342838900007,-7.1657023759999561,0],[112.76350632300012,-7.1656768979999583,0],[112.76355877900005,-7.1656514189999712,0],[112.76360224200005,-7.1656514189999712,0],[112.76366968500008,-7.1656514189999712,0],[112.76370565400009,-7.1656529179999779,0],[112.76374162400009,-7.1656499209999538,0],[112.76380307200009,-7.1656499209999538,0],[112.7638315480001,-7.1656529179999779,0],[112.76386901600006,-7.1656768979999583,0],[112.76388250500008,-7.1656948829999578,0],[112.76390648400002,-7.1657278549999432,0],[112.76391997300004,-7.1657488369999669,0],[112.76393346200007,-7.1657833079999591,0],[112.76394245400002,-7.1658087859999569,0],[112.76394395300008,-7.1658252719999496,0],[112.76394545100004,-7.1658522499999435,0],[112.76394844900005,-7.1658687359999362,0],[112.76395894000007,-7.1658822239999722,0],[112.76397093000003,-7.1658822239999722,0],[112.76398142100004,-7.1658762289999345,0],[112.76398591700001,-7.1658717329999604,0],[112.76401589200009,-7.1658312669999304,0],[112.76418225100008,-7.1656783969999651,0],[112.76432013400006,-7.1655569989999321,0],[112.76455243800001,-7.1653966349999791,0],[112.76484019400004,-7.1651613339999471,0],[112.76518790000011,-7.1648136279999335,0],[112.76533777300006,-7.1646772439999609,0],[112.76545617300008,-7.1645873199999528,0],[112.76569725900004,-7.1644075269999803,0],[112.76572144900001,-7.1643894869999372,0],[112.76572579500009,-7.1643797799999334,0],[112.76576641100007,-7.1642890719999741,0],[112.76588031400001,-7.1641436949999502,0],[112.7660833330001,-7.1638623679999682,0],[112.76608828500002,-7.1638552309999568,0],[112.76619710400007,-7.1636983759999566,0],[112.76631935000012,-7.1635829779999654,0],[112.76644772400005,-7.1634394779999297,0],[112.76649853000004,-7.1634052179999799,0],[112.76657780500011,-7.1633517589999656,0],[112.76672882900004,-7.1632633999999484,0],[112.76673762100006,-7.1632569139999305,0],[112.7668176630001,-7.1631978759999697,0],[112.76693969500002,-7.1630755069999736,0],[112.76706956200007,-7.1629808139999795,0],[112.76716529100008,-7.1629517929999338,0],[112.76719990700008,-7.1629412989999537,0],[112.76729211300005,-7.1629628439999351,0],[112.76741584500007,-7.1629469819999372,0],[112.76764110000011,-7.1628581489999306,0],[112.76784414800011,-7.1628264219999664,0],[112.76795201700008,-7.1627661429999421,0],[112.76800701500008,-7.1627198999999564,0],[112.76808345000006,-7.1626674449999541,0],[112.76812541400011,-7.1626329739999619,0],[112.76815404500007,-7.1626240879999727,0],[112.76814859000001,-7.1625344689999793,0],[112.76812570600009,-7.1621900669999263,0],[112.76801742500004,-7.162061299999948,0],[112.76793766600008,-7.1618750079999813,0],[112.76792194300003,-7.1614276369999743,0],[112.76828564200002,-7.1613712579999742,0],[112.76857048200009,-7.161322317999975,0],[112.76908155500007,-7.1612437999999656,0],[112.76946102800002,-7.1612004749999301,0],[112.76971602600008,-7.1611767669999722,0],[112.76987414400003,-7.1611857289999534,0],[112.77013652100004,-7.1612122299999328,0],[112.77028373500002,-7.1612170419999757,0],[112.77036420100001,-7.1612278479999532,0],[112.77034211900002,-7.1609676519999539,0],[112.77034138100009,-7.1607762729999536,0],[112.77031198200007,-7.1606060549999597,0],[112.77026728400006,-7.1604435509999576,0],[112.7701954580001,-7.1602026849999447,0],[112.77015619700001,-7.1599597799999515,0],[112.77014606300008,-7.1598162819999516,0],[112.77013617200009,-7.1597359389999724,0],[112.77013705600007,-7.1594679999999471,0],[112.77013757600002,-7.1591062839999609,0],[112.77013452400001,-7.1588115669999297,0],[112.7701299690001,-7.1586240289999523,0],[112.77013914300005,-7.1585187329999371,0],[112.77017910200004,-7.1584458529999324,0],[112.77023054900008,-7.1583710159999328,0],[112.77026865700009,-7.158315368999979,0],[112.77028756000004,-7.1582483119999551,0],[112.77028345500003,-7.158177516999956,0],[112.77026408000006,-7.1581220899999494,0],[112.77025436700001,-7.1580876779999585,0],[112.7702068750001,-7.1580278279999447,0],[112.77006414200002,-7.1580272109999328,0],[112.76970520100008,-7.1581147139999644,0],[112.76912289300003,-7.1583344939999733,0],[112.76910966500009,-7.1583394869999779,0],[112.76866469200002,-7.1584775569999692,0],[112.76838446000011,-7.1584786339999482,0],[112.76796120800009,-7.15865968199995,0],[112.7676952920001,-7.1586463499999695,0],[112.76763409900002,-7.1583115369999746,0],[112.76762188800001,-7.1582447269999534,0],[112.76769338400004,-7.1581511539999383,0],[112.76774285300007,-7.1579356569999391,0],[112.7681377780001,-7.1578623719999541,0],[112.76812277100009,-7.1576973609999754,0],[112.76787141800003,-7.1577342119999798,0],[112.76777054400009,-7.1576628299999356,0],[112.76778944900002,-7.1569737779999514,0],[112.76710625100009,-7.15682568699998,0],[112.76716276800005,-7.1565742799999725,0],[112.76684605600008,-7.1564319579999278,0],[112.76669175400002,-7.1569111799999519,0],[112.76664013600009,-7.1570714899999643,0],[112.76668216200005,-7.1570935559999498,0],[112.7669929430001,-7.1572567339999296,0],[112.76687168300009,-7.1575513489999594,0],[112.76679724000007,-7.1577322199999571,0],[112.76676513300004,-7.1578102279999598,0],[112.76662254600001,-7.1577629079999383,0],[112.76601687900006,-7.1575619089999805,0],[112.76590210500001,-7.1576125879999495,0],[112.76570920100005,-7.1575528459999305,0],[112.76570167600005,-7.157550515999958,0],[112.765398516,-7.1574566279999772,0],[112.76537957000005,-7.1575552409999545,0],[112.76513082100007,-7.1588499689999594,0],[112.76535379200004,-7.158906528999978,0],[112.76511001000006,-7.1590438249999693,0],[112.7650316590001,-7.1592235469999537,0],[112.7652978540001,-7.1593086479999783,0],[112.76528524900004,-7.1597680169999762,0],[112.76526449300002,-7.1599762259999693,0],[112.7651356240001,-7.1600987269999337,0],[112.76497016400003,-7.1600491239999542,0],[112.76473301500005,-7.1600428569999508,0],[112.7646255630001,-7.1601293909999413,0],[112.7642021150001,-7.1602601989999357,0],[112.76402228300003,-7.160210650999943,0],[112.76349738300007,-7.1601193629999784,0],[112.7628933310001,-7.15999967099998,0],[112.76282233100005,-7.1602224259999616,0],[112.76245562200006,-7.1601592399999276,0],[112.76204527700008,-7.1599598579999792,0],[112.76194509200002,-7.1600678949999406,0],[112.76192460300001,-7.1602399819999505,0],[112.7618963650001,-7.1604771639999285,0],[112.76162353500001,-7.1605356239999765,0],[112.76143530700006,-7.1601703239999779,0],[112.76117629700002,-7.1600851929999294,0],[112.7609813790001,-7.1598491009999634,0],[112.76082952000002,-7.1595984909999402,0],[112.76068539700009,-7.1594913889999248,0],[112.76044819400011,-7.1594707669999593,0],[112.76025379800001,-7.1593710329999567,0],[112.7602601320001,-7.1591485249999778,0],[112.76020198700007,-7.1589765019999732,0],[112.75989188100004,-7.158683435999933,0],[112.75981179600001,-7.15841101999996,0],[112.75963824300004,-7.1581246079999801,0],[112.75937185800001,-7.1579892649999692,0],[112.75925526700007,-7.1575662729999294,0],[112.75861553900006,-7.1575113029999784,0],[112.75839972800009,-7.1574475359999497,0],[112.7580331580001,-7.1574202289999675,0],[112.75787485700005,-7.1573634179999317,0],[112.75764472900005,-7.1573140589999298,0],[112.75737264200006,-7.1575662889999307,0],[112.75720051900009,-7.1576530689999345,0],[112.7569776040001,-7.1576108589999308,0],[112.7566402440001,-7.1577054469999553,0],[112.75625847900005,-7.1574628879999409,0],[112.75600627300003,-7.1572772509999254,0],[112.75604853600009,-7.1570546059999742,0],[112.7551703150001,-7.1566416939999726,0],[112.75529156200002,-7.1564043939999351,0],[112.75526690100003,-7.1562190839999289,0],[112.75525469700005,-7.1561593229999403,0],[112.75495445600006,-7.1559391789999722,0],[112.75418617800005,-7.1554636469999764,0],[112.75299191600004,-7.1547684459999346,0],[112.75339379600007,-7.1533793769999647,0],[112.75350653800001,-7.1531098129999577,0],[112.75357249700005,-7.1531334849999553,0],[112.75388012200006,-7.1521514679999427,0],[112.75374185300007,-7.1520084559999759,0],[112.7538260230001,-7.1518557649999366,0],[112.7540418640001,-7.1515541459999667,0],[112.75400945700005,-7.1515229939999472,0],[112.75359568100009,-7.1513630889999718,0],[112.75328369600004,-7.15120279599995,0],[112.7527378210001,-7.15094770099995,0],[112.7521719450001,-7.1507359149999274,0],[112.7522095700001,-7.1506028249999645,0],[112.75195405600005,-7.150436205999938,0],[112.75196921200006,-7.1503824509999276,0],[112.75174192000009,-7.1503317629999401,0],[112.75174899300009,-7.1502423159999466,0],[112.75172912900007,-7.1502338439999562,0],[112.75160136300008,-7.1501939149999316,0],[112.75161757900003,-7.150074874999973,0],[112.75165677200005,-7.1498005679999324,0],[112.75165506100006,-7.1497288039999489,0],[112.75163048900004,-7.1496915779999313,0],[112.75133952100009,-7.1495146959999261,0],[112.75104858500004,-7.1493464269999549,0],[112.75085846500008,-7.1492351879999774,0],[112.75040186300009,-7.1489613289999738,0],[112.7499654400001,-7.1487031819999629,0],[112.75010020000002,-7.1484747149999635,0],[112.75018290000003,-7.1483079289999409,0],[112.75019524300001,-7.1482872039999279,0],[112.75029536600005,-7.1480843139999592,0],[112.75031929800002,-7.1480358179999257,0],[112.7503594210001,-7.148005522999938,0],[112.75046408200001,-7.1479405329999395,0],[112.75050697600011,-7.1479553789999386,0],[112.7511105750001,-7.1466178259999538,0],[112.75059510200003,-7.1464822259999323,0],[112.74980362200006,-7.1461981539999329,0],[112.74946780400001,-7.1460678509999411,0],[112.74938465800005,-7.1462475899999731,0],[112.74870109500011,-7.1459989899999528,0],[112.74863610300008,-7.1460192349999261,0],[112.74862334500006,-7.1460232089999636,0],[112.74852242500003,-7.1459780689999661,0],[112.74837142600006,-7.1459105289999343,0],[112.74790365100012,-7.1457209179999381,0],[112.74740602800011,-7.1455553429999554,0],[112.74731854000004,-7.1457985189999249,0],[112.74705051000001,-7.1465435199999661,0],[112.74684810600002,-7.1468552879999265,0],[112.74671040900012,-7.1468617909999352,0],[112.74629099100002,-7.1467916109999692,0],[112.74593149500004,-7.1467331649999437,0],[112.74584737100008,-7.1466557329999318,0],[112.74572759200009,-7.146650205999947,0],[112.74544072200001,-7.146794831999955,0],[112.74529692400006,-7.146771451999939,0],[112.74517147500001,-7.1468496779999668,0],[112.74468630300009,-7.1468096489999766,0],[112.74472771900002,-7.1466779149999411,0],[112.74474538700008,-7.1466000979999649,0],[112.74481753200007,-7.1463845839999749,0],[112.7449999800001,-7.1458395729999324,0],[112.7452190780001,-7.1451928179999413,0],[112.74535498200009,-7.1447138389999623,0],[112.74548203400002,-7.1437800549999793,0],[112.74548900700006,-7.1437240489999567,0],[112.74556137700006,-7.1434811929999569,0],[112.74572609000006,-7.1430834449999452,0],[112.74598186200001,-7.1426339179999445,0],[112.74634582100009,-7.1422916349999355,0],[112.74642373000006,-7.1423092809999389,0],[112.746507081,-7.1421833699999411,0],[112.74684121400003,-7.1418711029999713,0],[112.74717453000005,-7.1413435309999613,0],[112.74725990800005,-7.1412006979999774,0],[112.74729408600001,-7.141118750999965,0],[112.74735251400011,-7.1409893449999799,0],[112.74737248600002,-7.1409505129999502,0],[112.74740378500007,-7.1408671419999337,0],[112.74744217700004,-7.1407593429999565,0],[112.74746853800002,-7.1407000329999732,0],[112.7474830000001,-7.1406635179999398,0],[112.74748751700008,-7.1406521149999662,0],[112.74750759800008,-7.1405790729999694,0],[112.74771022200002,-7.1406411029999504,0],[112.7477581500001,-7.140648098999975,0],[112.74789060000001,-7.1406792949999272,0],[112.74798068600001,-7.1407061269999303,0],[112.74801948300001,-7.1407176819999449,0],[112.74809982700003,-7.1407460849999325,0],[112.74826705400005,-7.1407897089999324,0],[112.7485571310001,-7.1408603789999461,0],[112.74899543000004,-7.1409964259999583,0],[112.74905943700003,-7.141013424999926,0],[112.74909843300009,-7.1409520539999676,0],[112.74920247400007,-7.1408226459999469,0],[112.7493673240001,-7.1405564739999363,0],[112.74948813600008,-7.1403616409999699,0],[112.74960778400009,-7.140175782999961,0],[112.74970182400011,-7.1400265049999803,0],[112.7497350320001,-7.1399414519999596,0],[112.749841489,-7.1397508589999461,0],[112.74988904000008,-7.1396585749999417,0],[112.75001223600009,-7.1394187969999621,0],[112.75005310000006,-7.139331560999949,0],[112.75014598300004,-7.1390670979999413,0],[112.75016054000002,-7.1390281919999552,0],[112.75020478500005,-7.1389099389999728,0],[112.75020846700011,-7.1388706909999655,0],[112.75021879100007,-7.1388141929999733,0],[112.75022830600005,-7.1387969329999805,0],[112.75025256900005,-7.1388160989999392,0],[112.75027537000005,-7.1388285719999658,0],[112.75032154600001,-7.1388469369999257,0],[112.75036950000003,-7.1388605109999617,0],[112.75042106400008,-7.1388788559999625,0],[112.75045646000001,-7.138896663999958,0],[112.7505391950001,-7.138923861999956,0],[112.75067710200005,-7.1389735769999447,0],[112.75090256700003,-7.139058843999976,0],[112.7509101390001,-7.1390615509999407,0],[112.75097871600008,-7.1390860679999264,0],[112.75120176500002,-7.1391659619999359,0],[112.75137377100009,-7.1392071739999778,0],[112.7515571240001,-7.1392405679999342,0],[112.75166558700005,-7.139262882999958,0],[112.7517326410001,-7.1392602369999736,0],[112.75179191800009,-7.1392600119999656,0],[112.75186020300009,-7.139266331999977,0],[112.75192129900006,-7.1392714819999696,0],[112.75199710700008,-7.1392962749999356,0],[112.75209605200007,-7.1388682199999494,0],[112.75215901600006,-7.13859582799995,0],[112.75225879000004,-7.1386311479999449,0],[112.75242379300005,-7.1386895579999532,0],[112.75291765200006,-7.1389004729999783,0],[112.75295127800007,-7.1389124929999639,0],[112.7532773690001,-7.1390566449999255,0],[112.75340859900007,-7.1387992129999702,0],[112.75366834200008,-7.1383259839999482,0],[112.75372675800008,-7.1381937059999814,0],[112.75319857600005,-7.1379890179999279,0],[112.75318706300004,-7.137984754999934,0],[112.75325227600001,-7.1377505399999563,0],[112.7532708220001,-7.1377145849999692,0],[112.75338705700005,-7.1372935749999442,0],[112.75348576900001,-7.1367994279999607,0],[112.75350840100009,-7.136704606999956,0],[112.75354168300009,-7.1367109869999581,0],[112.75391378800009,-7.1368423279999433,0],[112.75398831900009,-7.1366889079999396,0],[112.75403592300006,-7.1366109769999753,0],[112.75412896700004,-7.1365149309999651,0],[112.75419465300001,-7.1364680309999358,0],[112.75423870200007,-7.1363996829999792,0],[112.75432030200011,-7.1361290419999364,0],[112.75432723200004,-7.1360620309999376,0],[112.7543079940001,-7.136041769999963,0],[112.75427199500007,-7.1360227679999753,0],[112.75390996400006,-7.135924862999957,0],[112.75379964500007,-7.1358870049999723,0],[112.75394138000001,-7.1353697279999437,0],[112.75367615200003,-7.1353178959999468,0],[112.75369868300004,-7.1351435489999631,0],[112.75375051800006,-7.1349362489999635,0],[112.75376683700006,-7.1348189639999759,0],[112.75379292500008,-7.1344298619999336,0],[112.75389285500012,-7.1341814959999397,0],[112.75402345200007,-7.1336505429999306,0],[112.75405413200008,-7.1335308109999573,0],[112.75407604400004,-7.1334818209999753,0],[112.75411469100004,-7.1333954149999386,0],[112.75415504700004,-7.1333007649999445,0],[112.75421205500004,-7.1331761489999508,0],[112.75434981900003,-7.1328741949999426,0],[112.75437956200005,-7.1328226479999444,0],[112.75442010800009,-7.1327782359999787,0],[112.7545176110001,-7.1327617649999411,0],[112.75482714400005,-7.132911303999947,0],[112.75532962200009,-7.132158894999975,0],[112.75527508200003,-7.131943061999948,0],[112.75526521900008,-7.1318689379999682,0],[112.75526958100011,-7.1317564829999469,0],[112.75529314000005,-7.1316535249999333,0],[112.75530486900004,-7.1315888879999534,0],[112.75530694500003,-7.1315051489999632,0],[112.75530904800007,-7.1314285869999594,0],[112.75532311800009,-7.1313495869999315,0],[112.75533730600011,-7.1313016879999509,0],[112.75531789000001,-7.1312347769999747,0],[112.75527437900007,-7.1311296799999582,0],[112.75527634600007,-7.1310172349999448,0],[112.75526151100007,-7.1308952829999726,0],[112.7552252480001,-7.1308069059999752,0],[112.75517463400001,-7.1307233679999626,0],[112.7551503740001,-7.1306421209999371,0],[112.75516206700001,-7.1305679149999719,0],[112.75520965700002,-7.1304863959999807,0],[112.7552453190001,-7.1304168829999526,0],[112.75533322400008,-7.1302299499999435,0],[112.75533781400009,-7.1301773009999465,0],[112.75533187200006,-7.1300864919999754,0],[112.75532764100001,-7.1300218399999267,0],[112.7553488960001,-7.1299428129999569,0],[112.75546084200005,-7.1297797109999692,0],[112.75549654000008,-7.1297197669999264,0],[112.75551786700009,-7.1296598789999734,0],[112.75550570100006,-7.1296096869999701,0],[112.75546953000003,-7.1295452319999413,0],[112.75541668400001,-7.1295047639999325,0],[112.75521589900006,-7.1293357199999718,0],[112.75509234600008,-7.1292404499999407,0],[112.75505725400001,-7.129185606999954,0],[112.75497674700011,-7.1290734269999803,0],[112.75495117300011,-7.129011792999961,0],[112.75494489300002,-7.1288845559999459,0],[112.75494948200003,-7.1288319069999488,0],[112.75492999400001,-7.1287458579999452,0],[112.75487187700003,-7.1285786169999596,0],[112.75479017200007,-7.1285071589999802,0],[112.75470115600001,-7.1284022349999532,0],[112.7546504610001,-7.1282971659999248,0],[112.7546188340001,-7.128168101999961,0],[112.75461113900008,-7.1280341609999596,0],[112.75458442900003,-7.1279385709999588,0],[112.75455296600001,-7.127852566999934,0],[112.75444687600009,-7.127666369999929,0],[112.7544010790001,-7.1275899899999331,0],[112.75438652700007,-7.1275421979999578,0],[112.75439741900004,-7.1274733389999483,0],[112.7544125710001,-7.1273775559999422,0],[112.75460818900001,-7.1272590649999756,0],[112.75466303700011,-7.1271966569999563,0],[112.75473928600002,-7.1270934979999652,0],[112.75481316700007,-7.1269975249999789,0],[112.7548823410001,-7.1269230999999422,0],[112.75493719800011,-7.1268630849999681,0],[112.75498975200003,-7.1268269989999453,0],[112.75501848200008,-7.1268244999999411,0],[112.75505923500009,-7.1268339139999739,0],[112.75511693300007,-7.1268911099999741,0],[112.75513864300001,-7.126931696999975,0],[112.7551579850001,-7.1269794699999807,0],[112.75518211700012,-7.1270272239999599,0],[112.7552325580001,-7.127065307999942,0],[112.75533320300008,-7.1270792809999648,0],[112.75542657200003,-7.1270693559999359,0],[112.75546956400001,-7.1270380939999427,0],[112.75552679800001,-7.1269732839999733,0],[112.75556016400003,-7.1269300959999669,0],[112.75561983900002,-7.1268772389999526,0],[112.75569387500002,-7.1268219349999526,0],[112.7557680650001,-7.1268072989999496,0],[112.75588541100001,-7.1268044609999492,0],[112.75597884400008,-7.1268112819999487,0],[112.75604590400008,-7.1268110279999632,0],[112.75610098900006,-7.1268108179999672,0],[112.7561703990001,-7.1267985919999433,0],[112.75627801900009,-7.1267575149999516,0],[112.75633297700006,-7.1267238139999449,0],[112.7563998820001,-7.1266828909999731,0],[112.75645732500004,-7.1266731029999733,0],[112.75655561200006,-7.1266966529999536,0],[112.75659169200003,-7.1267371849999677,0],[112.75662331900003,-7.1268662479999421,0],[112.75664504800011,-7.1269116189999409,0],[112.75667396100005,-7.126956962999941,0],[112.75671707400011,-7.1269864759999564,0],[112.7568060320001,-7.127047369999957,0],[112.75688290200003,-7.1270424219999313,0],[112.75688505000005,-7.1270422839999696,0],[112.75699983600009,-7.1269963939999457,0],[112.75709534400005,-7.1269194769999444,0],[112.75723396300009,-7.1268423969999617,0],[112.75723759000005,-7.1268392179999296,0],[112.75730796200003,-7.1267775219999407,0],[112.75738437500002,-7.1267174249999812,0],[112.75745598800006,-7.1266549529999565,0],[112.75748219600007,-7.1266189679999457,0],[112.75749404300007,-7.1265854309999668,0],[112.75751181100009,-7.1265085299999669,0],[112.75738323300004,-7.1263327949999393,0],[112.75731075400006,-7.1261680009999395,0],[112.75734631000012,-7.1260600889999637,0],[112.75735337200001,-7.1260386549999453,0],[112.7573551270001,-7.1260372729999517,0],[112.75774737100005,-7.1257285499999625,0],[112.75787991000004,-7.1256590669999582,0],[112.75796910100007,-7.1256123079999725,0],[112.75810591000004,-7.1255405859999428,0],[112.75831375400003,-7.1254034339999635,0],[112.75833934800005,-7.1253776729999458,0],[112.7584926940001,-7.1252233289999367,0],[112.75862638900003,-7.1251876439999364,0],[112.75862907200008,-7.1251869279999482,0],[112.75884486900009,-7.1252506979999453,0],[112.75901006900006,-7.1252357159999633,0],[112.75898899900005,-7.1251291899999387,0],[112.7589720090001,-7.1250789169999393,0],[112.75896174700006,-7.1250485529999423,0],[112.75894786600009,-7.1250060039999425,0],[112.75895008300006,-7.1249593469999581,0],[112.75895950900008,-7.1249186409999652,0],[112.75897996900005,-7.1249218629999405,0],[112.75914048300001,-7.1249344079999446,0],[112.75927340500004,-7.1249339029999419,0],[112.75937990500006,-7.1249131639999632,0],[112.75948038000001,-7.1248828769999477,0],[112.75959880900007,-7.1248243879999791,0],[112.75968714800001,-7.1248010419999446,0],[112.75974101700001,-7.1247960519999651,0],[112.75979485400001,-7.1247826889999715,0],[112.75996009900007,-7.1247796679999738,0],[112.75996967500009,-7.1247784349999392,0],[112.76000555400003,-7.1247663359999365,0],[112.7600425710001,-7.1247386849999543,0],[112.76008078100006,-7.1247098319999509,0],[112.76012260200002,-7.1246857499999692,0],[112.76021833800007,-7.124668637999946,0],[112.76032243400005,-7.1246455149999406,0],[112.76039445300012,-7.1246381919999635,0],[112.76041099300005,-7.1246308249999402,0],[112.76043962400001,-7.1246020079999539,0],[112.7604526450001,-7.1245624859999452,0],[112.76045847300009,-7.1245205979999469,0],[112.76044990300011,-7.1244715889999384,0],[112.76044611900011,-7.124421363999943,0],[112.76044483500004,-7.1243986429999495,0],[112.76044625000009,-7.1243620819999478,0],[112.76049470600003,-7.1243011059999617,0],[112.76061111900003,-7.1242109509999523,0],[112.76075749200004,-7.12412666299997,0],[112.76102041500008,-7.1239881049999667,0],[112.76122958800011,-7.1238856359999545,0],[112.7613425400001,-7.1236728869999411,0],[112.76137476000008,-7.1236295659999769,0],[112.76149296900007,-7.1235394029999384,0],[112.76158848000011,-7.1234636829999545,0],[112.76157703100012,-7.1232878919999507,0],[112.76157692200002,-7.123259184999938,0],[112.76158391900003,-7.1232101159999388,0],[112.76162775600005,-7.1230867449999664,0],[112.76173171500011,-7.1228849369999807,0],[112.7615519090001,-7.1228377749999368,0],[112.76152735100004,-7.1228215829999613,0],[112.76151530300001,-7.1228024899999696,0],[112.76151635400004,-7.1227642099999571,0],[112.76153295500001,-7.1227210849999665,0],[112.76156758600007,-7.1226958339999555,0],[112.76159471100004,-7.1226724939999713,0],[112.76169322600003,-7.1223252439999669,0],[112.76177101400003,-7.1223433909999585,0],[112.76176260300008,-7.1222973109999543,0],[112.76175778700008,-7.1221756339999729,0],[112.76175463200002,-7.1220959299999436,0],[112.76172436800005,-7.1220445309999718,0],[112.76167392200011,-7.1220052499999724,0],[112.76153489500007,-7.1219746789999476,0],[112.7612377260001,-7.1219255729999418,0],[112.7610799790001,-7.1219121729999415,0],[112.76107601100011,-7.1219118359999811,0],[112.760939484,-7.1219087669999794,0],[112.76080897100007,-7.1219128519999799,0],[112.76077411200004,-7.1218782959999771,0],[112.76081243900001,-7.1218416069999648,0],[112.76111044300001,-7.12124595399996,0],[112.76108416900001,-7.1212252129999456,0],[112.76132662000009,-7.1207434379999768,0],[112.76140099200006,-7.1207766469999569,0],[112.76140924700007,-7.1207431229999543,0],[112.76145436700006,-7.1206424749999542,0],[112.76154950000011,-7.1204674749999413,0],[112.76161978900006,-7.1203914469999745,0],[112.76162940300003,-7.1203810479999561,0],[112.7616616250001,-7.1203522169999474,0],[112.76162162700007,-7.1203387549999775,0],[112.76157409000007,-7.1203214509999384,0],[112.76136064200011,-7.1202445139999782,0],[112.76119759700009,-7.1201960929999473,0],[112.76100105900002,-7.1201573679999797,0],[112.76078056300003,-7.1201163419999602,0],[112.76074374100006,-7.120107624999946,0],[112.76054683900009,-7.1200610129999404,0],[112.7605499120001,-7.1200170739999749,0],[112.76057654100009,-7.1196853069999406,0],[112.76048180800001,-7.1196509799999603,0],[112.76043989900006,-7.1196133989999453,0],[112.76058184500005,-7.1191535379999777,0],[112.76059463600006,-7.1190919479999479,0],[112.7603935620001,-7.1189618429999655,0],[112.76041761100009,-7.1187498679999521,0],[112.76044764700009,-7.1185870779999618,0],[112.76046789800012,-7.1183707359999744,0],[112.7605189730001,-7.1181982959999459,0],[112.76052578200006,-7.118189564999966,0],[112.76054370700001,-7.1181799279999609,0],[112.76055626200002,-7.118175095999959,0],[112.76057167800002,-7.1181745869999418,0],[112.76061544800007,-7.1181777739999461,0],[112.76065074300004,-7.1181826599999454,0],[112.76090554300004,-7.1181389699999613,0],[112.76094752800009,-7.1181317709999803,0],[112.76096616500001,-7.1181202179999445,0],[112.76099992200011,-7.1180858679999801,0],[112.76112195300004,-7.1180524639999589,0],[112.76124801700007,-7.1179931289999558,0],[112.76132264800003,-7.1174665389999632,0],[112.76144598100007,-7.1171502859999691,0],[112.76128283200001,-7.117074352999964,0],[112.76138558100001,-7.1163849799999639,0],[112.76162198600002,-7.115948102999937,0],[112.76167563000001,-7.1159060969999359,0],[112.76173280100011,-7.1158254979999356,0],[112.76177708500006,-7.1157564319999551,0],[112.76179888500008,-7.1157066009999426,0],[112.76179808600011,-7.1156113789999722,0],[112.76181659200006,-7.1155653759999495,0],[112.7618820130001,-7.1153871399999389,0],[112.76195471200003,-7.1152332779999483,0],[112.76203847400006,-7.1149659769999403,0],[112.76206386900003,-7.1148424389999718,0],[112.76211498000009,-7.1146800449999432,0],[112.7621729220001,-7.1145886689999429,0],[112.762177769,-7.1145649759999401,0],[112.76223882400006,-7.1143724029999476,0],[112.76227001700011,-7.114211594999972,0],[112.76246104000006,-7.113694493999958,0],[112.76281092000011,-7.1129359169999589,0],[112.76290759900007,-7.1127263049999669,0],[112.76303848400005,-7.1127371719999815,0],[112.76280298300003,-7.1125617059999513,0],[112.76276908300008,-7.1125386449999723,0],[112.76269495700001,-7.1124967629999674,0],[112.76224143500008,-7.1123329419999664,0],[112.76245271100004,-7.1115870929999687,0],[112.74979641200002,-7.1059237989999815,0],[112.74985351900011,-7.1057334429999628,0],[112.74992014400004,-7.1055621219999807,0],[112.74998676900009,-7.1053812819999393,0],[112.75004387700005,-7.105181406999975,0],[112.75009146500008,-7.1050100849999467,0],[112.75012953700002,-7.1048578009999801,0],[112.75024375100008,-7.104553229999965,0],[112.75031989400009,-7.1043723909999699,0],[112.75040555400005,-7.1042486589999498,0],[112.75046059100009,-7.1041202389999398,0],[112.75049121600011,-7.1040487829999392,0],[112.75050073300008,-7.1039440869999453,0],[112.75051025000005,-7.1037346959999468,0],[112.75052791200005,-7.1035757319999675,0],[112.7505351960001,-7.1035524309999687,0],[112.75053588500009,-7.1035506479999526,0],[112.75066253600005,-7.1033063929999685,0],[112.75068277300011,-7.1032745999999634,0],[112.7507011030001,-7.1032572569999388,0],[112.75076837000006,-7.103199778999965,0],[112.75085708000006,-7.103133947999936,0],[112.75090634000003,-7.1031004719999373,0],[112.75091576200009,-7.1030951049999658,0],[112.75097692800011,-7.1030602589999603,0],[112.75101023100001,-7.1030428229999529,0],[112.7510275090001,-7.1030241159999719,0],[112.75104740900008,-7.1029920829999469,0],[112.75106862400003,-7.102954719999957,0],[112.75108719400009,-7.1029240229999573,0],[112.7511137460001,-7.1028866399999515,0],[112.75112962100002,-7.1028492949999418,0],[112.75114950000011,-7.1028119369999558,0],[112.75124535100008,-7.1026665969999385,0],[112.75125685700004,-7.1026381109999761,0],[112.75129470000002,-7.102592670999968,0],[112.75133470900005,-7.1025619699999538,0],[112.75136624200002,-7.1025239269999361,0],[112.75139146400011,-7.1024922289999495,0],[112.75141773500002,-7.1024584189999587,0],[112.75145664500008,-7.1024161349999417,0],[112.75156434200005,-7.1022864019999474,0],[112.751680437,-7.102152776999958,0],[112.75180827400004,-7.101995507999959,0],[112.75186703400004,-7.1018941309999377,0],[112.75189946400008,-7.1017839739999431,0],[112.7519232410001,-7.1017078599999763,0],[112.75193382000009,-7.1016771429999608,0],[112.75193771800002,-7.1016477859999441,0],[112.75193769400005,-7.1016411159999393,0],[112.75192690300003,-7.1016158169999812,0],[112.75191748500004,-7.1015998459999423,0],[112.75190135600008,-7.1015772349999793,0],[112.75188550300004,-7.1015579189999585,0],[112.75188389500011,-7.1015559589999384,0],[112.75186241900008,-7.101533366999945,0],[112.75183960600009,-7.1015107799999555,0],[112.7518127620001,-7.1014828719999628,0],[112.75173353700006,-7.1013911419999545,0],[112.75170401300011,-7.1013619099999801,0],[112.75169322800002,-7.1013379439999653,0],[112.75168932000008,-7.1012546789999647,0],[112.75169317700011,-7.1011436689999528,0],[112.75169305700001,-7.1011116509999397,0],[112.75168217400005,-7.1010625999999775,0],[112.75167565100003,-7.1010348739999358,0],[112.75166275700008,-7.1010199819999684,0],[112.75162414800002,-7.1009945139999786,0],[112.75157697200007,-7.1009669429999462,0],[112.75146766400007,-7.1009161279999375,0],[112.75139059300011,-7.1009036119999678,0],[112.75132637500008,-7.1008953169999813,0],[112.75124931100004,-7.1008849339999642,0],[112.75112086700005,-7.1008662089999461,0],[112.75093669700004,-7.1008220789999541,0],[112.75065018000009,-7.1007266679999361,0],[112.75055766700007,-7.1007099379999659,0],[112.7504308340001,-7.1006728399999588,0],[112.75021832400012,-7.1006155689999559,0],[112.75006408600007,-7.1005751579999696,0],[112.74996114600003,-7.1005174749999469,0],[112.74984441800007,-7.1004359299999464,0],[112.74962122200009,-7.1002693869999689,0],[112.74917139400009,-7.0999328949999381,0],[112.74911622400009,-7.0998752899999431,0],[112.74918314700005,-7.0998182709999469,0],[112.74880824100001,-7.0995080439999469,0],[112.74874643500004,-7.0994298269999376,0],[112.74857768400011,-7.0993092629999524,0],[112.74838921100002,-7.0991796869999462,0],[112.74813783700006,-7.0989747669999588,0],[112.74807832400006,-7.0989085729999601,0],[112.74796990300001,-7.0987899149999407,0],[112.74791275000007,-7.0987536329999443,0],[112.74768345200005,-7.0986335849999591,0],[112.74739335400011,-7.0984645359999377,0],[112.74714122700004,-7.0983026859999541,0],[112.74704066000004,-7.0982127759999685,0],[112.74700877600003,-7.0981776979999722,0],[112.74693687000001,-7.098132211999939,0],[112.74680841200006,-7.0980587779999382,0],[112.74669644000005,-7.0979911489999381,0]]]},"properties":{"OBJECTID":3978,"NAMOBJ":"Kamal","FCODE":"BA03070040","REMARK":null,"METADATA":"TASWIL1000020260612KECAMATAN_AR","SRS_ID":"4326","KDBBPS":null,"KDCBPS":null,"KDCPUM":"35.26.04","KDEBPS":null,"KDEPUM":null,"KDPBPS":null,"KDPKAB":"35.26","KDPPUM":"35","LUASWH":45.53043474243669,"TIPADM":3,"WADMKC":"Kamal","WADMKD":null,"WADMKK":"Bangkalan","WADMPR":"Jawa Timur","WIADKC":null,"WIADKK":null,"WIADPR":null,"WIADKD":null,"UUPP":null,"SHAPE_Length":0.39105124033741834,"SHAPE_Area":0.0037270638270488141}}]}