daerah,no2_abs_energy,no2_auc,no2_autocorr,no2_average_power,no2_calc_centroid,no2_calc_max,no2_calc_mean,no2_calc_median,no2_calc_min,no2_calc_std,no2_calc_var,no2_dfa,no2_distance,no2_ecdf,no2_ecdf_percentile,no2_ecdf_percentile_count,no2_ecdf_slope,no2_entropy,no2_fundamental_frequency,no2_higuchi_fractal_dimension,no2_hist_mode,no2_human_range_energy,no2_hurst_exponent,no2_interq_range,no2_kurtosis,no2_lempel_ziv,no2_lpcc,no2_max_frequency,no2_max_power_spectrum,no2_maximum_fractal_length,no2_mean_abs_deviation,no2_mean_abs_diff,no2_mean_diff,no2_median_abs_deviation,no2_median_abs_diff,no2_median_diff,no2_median_frequency,no2_mfcc,no2_mse,no2_negative_turning,no2_neighbourhood_peaks,no2_petrosian_fractal_dimension,no2_pk_pk_distance,no2_positive_turning,no2_power_bandwidth,no2_rms,no2_skewness,no2_slope,no2_spectral_centroid,no2_spectral_decrease,no2_spectral_distance,no2_spectral_entropy,no2_spectral_kurtosis,no2_spectral_positive_turning,no2_spectral_roll_off,no2_spectral_roll_on,no2_spectral_skewness,no2_spectral_slope,no2_spectral_spread,no2_spectral_variation,no2_spectrogram_mean_coeff,no2_sum_abs_diff,no2_wavelet_abs_mean,no2_wavelet_energy,no2_wavelet_entropy,no2_wavelet_std,no2_wavelet_var,no2_zero_cross,so2_abs_energy,so2_auc,so2_autocorr,so2_average_power,so2_calc_centroid,so2_calc_max,so2_calc_mean,so2_calc_median,so2_calc_min,so2_calc_std,so2_calc_var,so2_dfa,so2_distance,so2_ecdf,so2_ecdf_percentile,so2_ecdf_percentile_count,so2_ecdf_slope,so2_entropy,so2_fundamental_frequency,so2_higuchi_fractal_dimension,so2_hist_mode,so2_human_range_energy,so2_hurst_exponent,so2_interq_range,so2_kurtosis,so2_lempel_ziv,so2_lpcc,so2_max_frequency,so2_max_power_spectrum,so2_maximum_fractal_length,so2_mean_abs_deviation,so2_mean_abs_diff,so2_mean_diff,so2_median_abs_deviation,so2_median_abs_diff,so2_median_diff,so2_median_frequency,so2_mfcc,so2_mse,so2_negative_turning,so2_neighbourhood_peaks,so2_petrosian_fractal_dimension,so2_pk_pk_distance,so2_positive_turning,so2_power_bandwidth,so2_rms,so2_skewness,so2_slope,so2_spectral_centroid,so2_spectral_decrease,so2_spectral_distance,so2_spectral_entropy,so2_spectral_kurtosis,so2_spectral_positive_turning,so2_spectral_roll_off,so2_spectral_roll_on,so2_spectral_skewness,so2_spectral_slope,so2_spectral_spread,so2_spectral_variation,so2_spectrogram_mean_coeff,so2_sum_abs_diff,so2_wavelet_abs_mean,so2_wavelet_energy,so2_wavelet_entropy,so2_wavelet_std,so2_wavelet_var,so2_zero_cross,co_abs_energy,co_auc,co_autocorr,co_average_power,co_calc_centroid,co_calc_max,co_calc_mean,co_calc_median,co_calc_min,co_calc_std,co_calc_var,co_dfa,co_distance,co_ecdf,co_ecdf_percentile,co_ecdf_percentile_count,co_ecdf_slope,co_entropy,co_fundamental_frequency,co_higuchi_fractal_dimension,co_hist_mode,co_human_range_energy,co_hurst_exponent,co_interq_range,co_kurtosis,co_lempel_ziv,co_lpcc,co_max_frequency,co_max_power_spectrum,co_maximum_fractal_length,co_mean_abs_deviation,co_mean_abs_diff,co_mean_diff,co_median_abs_deviation,co_median_abs_diff,co_median_diff,co_median_frequency,co_mfcc,co_mse,co_negative_turning,co_neighbourhood_peaks,co_petrosian_fractal_dimension,co_pk_pk_distance,co_positive_turning,co_power_bandwidth,co_rms,co_skewness,co_slope,co_spectral_centroid,co_spectral_decrease,co_spectral_distance,co_spectral_entropy,co_spectral_kurtosis,co_spectral_positive_turning,co_spectral_roll_off,co_spectral_roll_on,co_spectral_skewness,co_spectral_slope,co_spectral_spread,co_spectral_variation,co_spectrogram_mean_coeff,co_sum_abs_diff,co_wavelet_abs_mean,co_wavelet_energy,co_wavelet_entropy,co_wavelet_std,co_wavelet_var,co_zero_cross
"Asemrowo, Surabaya",1.1536725769e-06,0.0197879954186644,3.0,3.1607467e-09,178.85597547045916,9.34003728616e-05,5.41517386295e-05,5.26576313859e-05,1.38330678964e-05,1.48222828659e-05,2.197e-10,1.0097971777172574,365.000000024161,0.0150273224043715,5.3808487957e-05,182.5,22996.00803929429,1.0000000000000002,0.0054644808743169,1.83934643467258,4.96383551307e-05,0.0,0.8198509682153888,1.98860655225e-05,-0.0840454213602988,0.174863387978142,0.8063107388303404,0.4316939890710382,25.752799261219067,-2.448928216503192,1.19912768388e-05,7.3984340778e-06,2.12007849e-08,9.8496190427e-06,3.7340687413e-06,-4.759892666e-07,0.0491803278688524,20.125434705479083,1.0584137317017146,52.0,15.0,1.018576934028795,7.95673049651e-05,52.0,0.3524590163934426,5.61436627408e-05,0.2738866325137482,-7.9733138e-09,0.1156890057165398,-3.081023283581955,-2.7896514017480265,0.7330688146351008,3.021280710366634,58.0,0.4316939890710382,0.0,1.1254956070921311,-0.0346588652698564,0.144384443562579,0.7535910761623348,3.289615e-10,0.0027004284384019,2.6440311328e-06,2.24685425985e-05,2.14965818585856,2.22730511702e-05,5.280315e-10,0.0,3.32459749089e-05,0.0918832997842325,4.0,9.10848627e-08,172.12743866875968,0.0007599914679303,0.000251700732205,0.0002089818002455,3.1169577141e-06,0.0001657791857456,2.74827384e-08,1.099597700895494,365.00000238361287,0.0150273224043715,0.0002530127530917,182.5,1548.4189931569229,0.9974332205323864,0.0054644808743169,1.7754691025518348,0.0001166481342465,0.0,0.8707990492525656,0.0002581783871089,-0.2040180162576623,0.1639344262295081,0.563821654939085,0.4344262295081967,36.24925099820256,-1.4636256861970205,0.0001369133102344,6.90714360977e-05,9.730439322e-07,0.000112968960848,3.48182147718e-05,-1.2832097127e-06,0.0792349726775956,16.625201645500617,0.9932199567735892,42.0,11.0,1.0154539419144364,0.0007568745102161,43.0,0.3633879781420765,0.0003013901076994,0.7633728602338326,-9.84832383e-08,0.1311129723969252,-1.2102772735356524,-22.199397137986185,0.7622571743814649,2.8254234887949528,58.0,0.4344262295081967,0.0,1.008455044508958,-0.0306787206364691,0.1423675731208259,0.476855159015925,5.04435686e-08,0.0252110741756665,1.60478843557e-05,0.0002736300888264,2.1217152221637665,0.0002730618869183,8.31062856e-08,0.0,0.3240162008548171,10.803183136042184,3.0,0.0008877156187803,184.6758168407194,0.0374792218208313,0.0295958236620704,0.0296915965154766,0.0223935842514038,0.0030622521179061,9.3773880336e-06,0.9875870969838232,365.0011042227076,0.0150273224043715,0.0294381432856121,182.5,138.96864921056147,0.9987166102661934,0.0027322404371584,1.8592634765295943,0.0306906849145889,0.0,0.8528208775310534,0.004030614780883,-0.276097634124127,0.1857923497267759,0.9071475056338852,0.3825136612021858,27.50676011569461,-0.0788638969541961,0.0024379463557742,0.0016841374643861,2.76440933142e-05,0.0020318673923611,0.0010712717970212,0.0001198239624499,0.0,11.44926253542485,1.296410518108875,64.0,15.0,1.0230247909981374,0.0150856375694274,64.0,0.2896174863387978,0.0297538260778339,0.110662570735064,2.83008932e-06,0.0747766762183025,-7.532060957728161,-1233.3536598248493,0.8184733612813865,5.003171446714211,59.0,0.3825136612021858,0.0,1.7466040446197375,-0.0452162654553005,0.1255688178691161,0.66380510239918,1.53942711422e-05,0.6147101745009427,0.0017289246270232,0.0080508103677434,2.100954303891761,0.0078436980925619,7.21648360553e-05,0.0
"Bandung - Jogoroto, Jombang",4.313779576e-07,0.01180508658075,11.0,1.188369e-09,199.15550101437748,6.215173e-05,3.25268757712e-05,3.30929145e-05,4.0913765e-06,1.12741576961e-05,1.271066e-10,1.079159823121228,363.0000000104851,0.0151098901098901,3.26629505e-05,181.5,36026.787213257405,1.0,0.0027472527472527,1.813646942328923,3.6024570925e-05,0.0,0.8455191792490813,1.4643255e-05,-0.1361243450192972,0.1703296703296703,0.7263999882492352,0.4258241758241758,124.05242294827056,-2.673207311824496,8.9054132937e-06,4.5147580743e-06,1.24330578e-08,7.4794829999e-06,1.82738e-06,7.0988e-08,0.0384615384615384,19.23374231103149,0.8150948233477905,42.0,13.0,1.0150237608655512,5.80603535e-05,41.0,0.2362637362637362,3.44253435596e-05,0.0553639891888931,2.65748397e-08,0.1149931683984166,-2.569987404425247,-1.8507556312201976,0.6470710784704522,3.0610835404008454,57.0,0.4258241758241758,0.0,1.1290764788990333,-0.0350267189614941,0.1435708344342912,0.3049420865016063,1.483407e-10,0.001638857181,2.0091009507e-06,1.59103934611e-05,2.127769552409205,1.57613548001e-05,2.716751e-10,0.0,1.58801296821e-05,0.05399754193834,5.0,4.36267298e-08,204.587522378149,0.0005315757,6.56127396787e-05,4.4791876e-05,-0.0003877123,0.0001979953863113,3.9202173e-08,0.920569923802576,364.00000552543577,0.0150684931506849,7.07943275e-05,182.5,1819.400565152392,0.9993562486743118,0.0027397260273972,1.8457466964963336,2.59672999999e-05,0.0,0.8144872780079104,0.000222113792,-0.1673038514046907,0.1863013698630137,0.3070752565689558,0.4575342465753425,44.70411651202807,-1.322562134868824,0.0001536059854346,0.0001156718865909,-9.21660412e-07,0.000116748174,6.7968091e-05,-8.20804e-06,0.1534246575342465,31.357180159406813,0.8948604472982263,66.0,16.0,1.0234363180609003,0.000919288,65.0,0.3945205479452054,0.0002085838071585,0.1071768076332524,3.135283296e-07,0.182158018199303,-0.1803834236789132,-13.757658244375296,0.7844123807494603,1.962541885436304,56.0,0.4575342465753425,0.0027397260273972,0.4846089799256,-0.017519362013499,0.1503042733459164,0.2201571718718973,5.10243695e-08,0.0421045667191199,3.182412118e-06,0.0002642322127196,2.1552802681905328,0.0002642082783842,7.46842062e-08,78.0,0.3252991823548903,10.7914587335,4.0,0.0008936790724035,188.7960577868984,0.03845658,0.029652916189041,0.029662667,0.020692801,0.0034547356012356,1.19351980744e-05,0.9323051017205536,364.0012340595355,0.0150684931506849,0.029417929,182.5,116.98194079590778,0.9993562486743118,0.0027397260273972,1.8927043228075848,0.03046287945,0.0,0.8143409489220622,0.004960994,-0.3222889680896244,0.1835616438356164,0.9095236287973384,0.3753424657534246,58.22167093738604,-0.0613845361204642,0.0027705461573503,0.001824919271978,7.641271978e-06,0.002574591,0.001197211,-0.0001432209999999,0.0,14.911135193139458,1.0023503805869751,60.0,15.0,1.0215601941229049,0.0177637789999999,60.0,0.2986301369863013,0.0298534861714463,0.2807723135613451,8.6546266434e-06,0.075143996315393,-7.084371526441934,-1251.7821603613395,0.7305539895329254,4.913160306912134,55.0,0.3753424657534246,0.0,1.7149686870089855,-0.0454362729216079,0.1245124914770445,0.4141656315151686,1.45185963159e-05,0.664270615,0.0018276674175588,0.0079960823233263,2.127659482958528,0.0077603057479617,6.84862232004e-05,0.0
"Bangkalan, Bangkalan",3.102535474e-07,0.0099388412769485,5.0,8.64216e-10,194.6404853587164,5.50283257325e-05,2.76460202968e-05,2.69062871947e-05,3.7077027172e-06,9.8748656315e-06,9.75129e-11,1.0780320595714183,359.00000000771587,0.0152777777777777,2.78518923045e-05,180.0,36567.582797171766,1.0,0.0027777777777777,1.7650208871523243,2.16699207726e-05,0.0,0.8838948643738467,1.24499821494e-05,-0.0656437892015184,0.1666666666666666,0.7189383534229945,0.4166666666666667,46.13187970351045,-2.7096131267001047,7.9144905732e-06,3.7608231759e-06,2.75116649e-08,6.194146022e-06,1.6664162608e-06,-2.675711088e-07,0.0416666666666666,9.347653241565691,1.1690853929436362,40.0,12.0,1.014858412203945,5.13206230152e-05,41.0,0.2027777777777777,2.93566927547e-05,0.3347618134578163,2.04156817e-08,0.1110889379412606,-2.4625355006096044,-1.6431733678003215,0.7230755756976185,3.302629961718428,54.0,0.4166666666666667,0.0,1.207365572970894,-0.0364334762973561,0.1382239706861247,0.5902619767767463,1.547538e-10,0.0013501355201697,1.3096461294e-06,1.73046987852e-05,2.1031059318950613,1.72492994726e-05,3.355497e-10,0.0,1.54924083033e-05,0.0537321245478006,3.0,4.2796708e-08,192.91794410712507,0.0005967892357148,8.07515043254e-05,6.82630488881e-05,-0.0004268730117473,0.0001901525842641,3.61580053e-08,1.042738795299327,362.0000043177675,0.0151515151515151,7.96445165178e-05,181.0,1920.107945313048,1.0,0.0027548209366391,1.8799396709771103,3.37749996106e-05,0.0,0.8215450651294968,0.0002427543463453,0.0471706140046319,0.1818181818181818,0.2296869157837578,0.4380165289256198,30.592550227999,-1.259331510705646,0.0001489098343839,0.0001014645982695,2.125743575e-07,0.0001200902895236,5.80226696911e-05,-8.736766176e-07,0.1212121212121212,11.19815129608882,1.1018380741039835,47.0,14.0,1.0170053953843945,0.0010236622474621,47.0,0.325068870523416,0.0002065885058592,0.1718335821498878,8.22678524e-08,0.1619101849076798,-0.2763801924724638,-17.16424456150211,0.8185409446039329,2.3318526254775307,63.0,0.4380165289256198,0.0,0.7368823401779755,-0.022925055253396,0.1413108123727055,0.2077347752714957,7.14658838e-08,0.0367301845735646,2.0078644622e-06,0.0003435325863778,2.1406278309889,0.0003435264852735,1.29167523e-07,72.0,0.2996137732932402,10.350760833360235,2.0,0.0008253822955736,181.77777933823887,0.038156934082508,0.0285255402034905,0.0285287250764667,0.0198961831629276,0.0030672981422843,9.4083178936e-06,1.1412437685447687,363.00132960654224,0.0151098901098901,0.0284671382978558,181.5,143.11113069871922,1.0,0.0054945054945054,1.912501270303724,0.0281135210767387,0.0,0.8064112313493759,0.0036011351427684,0.6102082775480384,0.184065934065934,0.897735405984255,0.4010989010989011,20.7447042224372,-0.0240929236518633,0.0023433029829786,0.0018079181204321,2.58730442234e-05,0.0018022864125669,0.0010254558175802,-0.0001748146023601,0.0,10.079099171653846,1.2246251476654908,56.0,14.0,1.019905225081652,0.0182607509195803,55.0,0.3461538461538462,0.0286899766781818,0.039916049114873,2.117240931e-07,0.0820375998288909,-7.1665419356351885,-1152.5290878287224,0.8238636272461718,4.479037866592576,56.0,0.4010989010989011,0.0,1.6206397251130154,-0.0435768450907225,0.13188659656652,0.7862002495689686,1.63390461272e-05,0.6562742777168752,0.0017188807205828,0.0081695007824438,2.123323596347262,0.0079651754150358,7.25998704823e-05,0.0
"Banyu Ajuh, Perumnas, Kamal",8.0047522e-07,0.01574083,11.0,2.1930827e-09,166.6377444466051,8.26e-05,4.30420765027e-05,4.28e-05,-1.07e-05,1.82885323457e-05,3.344704e-10,1.064938505016166,365.0000000236846,0.0150273224043715,4.265e-05,182.5,16778.523489932883,0.9407093233870728,0.0027322404371584,1.7865946782787752,4.0615e-05,0.0,0.8802090638764604,2.92499999999e-05,-0.7657198791127189,0.1530054644808743,0.7187015086474725,0.4207650273224044,84.4374021446491,-2.488739206704613,1.52753232404e-05,7.3686027397e-06,-2.90410958e-08,1.43999999999e-05,4.4999999999e-06,3.999999999e-07,0.0491803278688524,17.63359226106642,0.8123486844539136,60.0,18.0,1.0228550659105913,9.33e-05,60.0,0.2486338797814207,4.67663422241e-05,-0.0490104572771936,-3.35354997e-08,0.1170181977846135,-2.117590915441692,-2.776324865921281,0.625413449774202,2.9522789561157885,57.0,0.4207650273224044,0.0,1.0986783081238984,-0.0343158681157448,0.1426153647352997,0.2474491725188022,4.387982e-10,0.00268954,1.4975767587e-06,2.51252950355e-05,2.1182374400981927,2.50725904182e-05,6.998187e-10,2.0,1.64213581792e-05,0.052793137,2.0,4.49900224e-08,197.23962409682105,0.000622951,4.46898702185e-05,4.135e-05,-0.000517922,0.0002070505115914,4.28699143e-08,0.8164397140821735,365.0000090794696,0.0150273224043715,3.57534999999e-05,182.5,1767.2965311503683,0.9974332205323864,0.0027322404371584,1.931994370489736,0.0001095581499999,0.0,0.7674632443397092,0.00028565775,0.018456064984758,0.1912568306010929,0.166437143398322,0.4672131147540984,13.006315222708196,-1.170906629346204,0.000164761301808,0.0001509932356164,8.09049315e-07,0.0001434645,9.4716e-05,6.2999999999e-06,0.174863387978142,33.782916375961925,1.1666615057440586,71.0,19.0,1.0253898832529524,0.001140873,72.0,0.3633879781420765,0.0002118185517145,0.203199400212661,3.29333601e-07,0.2004437402922318,-0.1021795252548457,-11.640932498920597,0.8784790250337734,1.9072580009218605,62.0,0.4672131147540984,0.0054644808743169,0.4028425119028102,-0.0127879607894546,0.1497299491015949,0.2235669595551285,7.04476209e-08,0.055112531,7.1150149447e-06,0.0002830820952446,2.173141932208232,0.0002829623830059,8.28708768e-08,104.0,0.3059613100694778,10.4848095225,3.0,0.0008382501645739,183.4472556698545,0.036737002,0.0287345030792349,0.028761234,0.020132462,0.0032075218420525,1.02881963672e-05,0.8971159235193802,365.0014461615111,0.0150273224043715,0.028611115,182.5,123.4433789909246,0.9993583051330968,0.0027322404371584,1.8744425972013377,0.029264959,0.0,0.7885922482822162,0.0043034102499999,-0.2705717858572813,0.1912568306010929,0.8939576211363484,0.3989071038251366,17.744317733081886,-0.0541140280565824,0.0025561530127952,0.0018917171589041,2.44874712328e-05,0.0021597389999999,0.001146633,-6.157e-05,0.0,15.670187356831836,1.047147540412181,58.0,13.0,1.0206389047348732,0.0166045399999999,57.0,0.3469945355191257,0.0289129705076771,0.0620435134025761,1.1718300445e-06,0.0844223768641413,-6.818429190993456,-1182.9775819858646,0.8234969668704382,4.351635311888761,57.0,0.3989071038251366,0.0,1.5775043918858764,-0.0427271986376434,0.1339142683128754,0.6818558062648887,1.68053870201e-05,0.690476763,0.0016379293268548,0.0073378091844355,2.1289046813366195,0.0071284297970268,5.69517865894e-05,0.0
"Banyuajuh kamal, Bangkalan",8.121672659e-07,0.0157385690085334,16.0,2.2251157e-09,166.1261421880377,8.56776932778e-05,4.30348723397e-05,4.1702353883e-05,-6.819736881e-07,1.91581838534e-05,3.67036e-10,1.0032156044450269,365.0000000248157,0.0150273224043715,4.34414178016e-05,182.5,13820.54547445588,0.9993583051330968,0.0027322404371584,1.8039932480368253,2.95439097499e-05,0.0,0.8340239153659866,3.21572342727e-05,-1.0011239913928944,0.1420765027322404,0.7339929155751234,0.4262295081967213,108.06273402564275,-2.4719911299660207,1.64495626363e-05,7.5084593334e-06,2.52394136e-08,1.59738031222e-05,4.3199479478e-06,-1.075905774e-07,0.0464480874316939,23.31917880707937,1.2321875326601262,58.0,16.0,1.0209810373074868,8.6359666966e-05,59.0,0.1775956284153005,4.71066475761e-05,0.0161980428965299,-3.5677831e-08,0.1182794956718139,-2.057789443061002,-2.79428824731418,0.5898756521575023,2.9187817928788364,59.0,0.4262295081967213,0.0,1.0981296825397406,-0.0339903910111277,0.1451207711546177,0.1926398322271392,4.288036e-10,0.0027405876567172,1.3691263847e-06,2.33013721846e-05,2.133612682613564,2.32520378856e-05,5.912101e-10,2.0,1.69543853563e-05,0.0519575460410186,1.0,4.64503708e-08,188.6312736929798,0.0006980637786,6.32383379803e-05,4.04830299885e-05,-0.0005179217550903,0.0002057288746564,4.23243698e-08,0.7449654073275133,365.0000105075868,0.0150273224043715,5.96657409914e-05,182.5,1695.547847438544,0.9993583051330968,0.0027322404371584,1.958233271365067,2.92717350703e-05,0.0,0.691955937442701,0.0002529684176723,0.4207272795329122,0.1939890710382513,0.1586478191242009,0.4781420765027322,19.24278230739164,-1.1338662206328864,0.0001615638942798,0.0001651961871511,4.895779978e-07,0.0001286976495975,9.9889919511e-05,-5.808815331e-07,0.1885245901639344,42.83340019850687,1.5414113940251055,74.0,17.0,1.026229611133446,0.0012159855336903,74.0,0.4016393442622951,0.0002152288485726,0.2926827822138478,2.939877419e-07,0.2134999036175942,-0.1673609935001804,-9.02230506976754,0.901595271341558,1.8154074650791705,60.0,0.4781420765027322,0.0027322404371584,0.3142114541810668,-0.0094188262815232,0.1518185938449735,0.2010947303999642,8.11828105e-08,0.0602966083101726,3.7709816462e-06,0.0002480411720799,2.185250231344704,0.000247998476808,6.26197089e-08,107.0,0.3114009486514533,10.591013461817038,2.0,0.0008531532839765,184.36869595585628,0.0373450219631195,0.0290096778934057,0.0290364399552344,0.0197389852255582,0.0030431648979071,9.2608525958e-06,0.874396260596254,365.00183176142014,0.0150273224043715,0.0290351503321693,182.5,123.16997105284624,0.9993583051330968,0.0027322404371584,1.91699614183733,0.0294223054312169,0.0,0.7738470295907484,0.0041140613445479,-0.0357607313638244,0.1939890710382513,0.8954632410335371,0.4207650273224044,24.00228125332568,-0.0056294473086338,0.0024080259435949,0.0021133321656347,-6.0051424454e-06,0.0020653558894991,0.0012215681906257,-0.0001984419715073,0.0,23.236510743250108,1.32706359490402,64.0,14.0,1.0228550659105913,0.0176060367375613,64.0,0.4316939890710382,0.0291688577780311,-0.0696676762493606,2.4105141681e-06,0.0923274114581435,-6.8304599716142125,-1137.7187376727125,0.8733294113866985,3.6860131185797167,60.0,0.4207650273224044,0.0,1.4148637562828643,-0.0406873095696729,0.1418259895035062,0.8064241202647029,1.70206283276e-05,0.7713662404567008,0.0017203985359927,0.0077434249266876,2.111790911999179,0.0075319262514974,6.69676231059e-05,0.0
Baron Nganjuk,3.327523589e-07,0.010369545,17.0,9.116502e-10,203.67139246492795,5.51e-05,2.84003961748e-05,2.8125e-05,5.12e-06,1.01280278367e-05,1.025769e-10,1.0111873717963482,365.0000000088079,0.0150273224043715,2.84e-05,182.5,34722.222222222226,0.9278503357686024,0.0027322404371584,1.840221776533581,2.7611e-05,0.0,0.8030928883290134,1.44999999999e-05,-0.4153972696574031,0.1721311475409836,0.7482000167589987,0.4344262295081967,122.0040479667109,-2.695205876984811,8.2249789483e-06,4.5636712328e-06,1.20547945e-08,7.1083333333e-06,2.5e-06,3.999999999e-07,0.040983606557377,24.36702200874977,1.283578783422216,67.0,16.0,1.0240409199302392,4.998e-05,68.0,0.3224043715846995,3.01522710712e-05,0.1027762045537706,2.85330786e-08,0.1200961779369639,-2.5271552246904143,-1.5898224673574453,0.6218784399985978,2.7172292481649336,61.0,0.4344262295081967,0.0,1.054667370934429,-0.0335215973267246,0.1503840144315744,0.2641218545859077,1.212041e-10,0.00166574,1.8356028364e-06,1.42750247139e-05,2.123943337276369,1.41399527067e-05,2.245286e-10,0.0,8.9794659848e-06,0.0385608673333326,2.0,2.46012766e-08,182.9778638300843,0.000417635,7.23644827413e-05,4.86166666666e-05,-0.000283754,0.0001389152320856,1.92974417e-08,0.8872548995897878,365.0000033396443,0.0150273224043715,7.40145e-05,182.5,2209.873123817718,0.9946242373471592,0.0027322404371584,1.9253324731598664,3.18710499999e-05,0.0,0.747387298714083,0.0001788985,-0.1480348785914502,0.1939890710382513,0.2578578293949241,0.4508196721311475,30.600468752021698,-1.3718210684380827,0.0001105740253421,9.07085945205e-05,-1.3514027397e-06,8.5129e-05,5.1e-05,-1.41e-06,0.1557377049180328,28.39776612640757,1.0014732015553434,73.0,19.0,1.025894029566716,0.000701389,73.0,0.4098360655737705,0.0001566335215329,0.3899757743138745,2.86438434e-08,0.1835318870526227,-0.3177817420817032,-10.634964476587587,0.8614126631277217,2.0536399704108974,61.0,0.4508196721311475,0.0,0.5054126183454482,-0.0171520535878308,0.145813574145254,0.2038332759230349,3.13893752e-08,0.0331086369999999,9.0009622147e-06,0.0001916238555691,2.175885758242304,0.0001913565141092,3.77542329e-08,89.0,0.3376794241179837,11.016250945488522,10.0,0.0009251491071725,186.7773797297089,0.038848145554463,0.0301864021329526,0.0300952941179274,0.0218767039477825,0.0033767593398419,1.14025036392e-05,0.7913557725828686,365.0012512989192,0.0150273224043715,0.0299766845225045,182.5,117.68021270046602,0.997832711681676,0.0027322404371584,1.8915310367220977,0.0312109968314567,0.0,0.741490152141208,0.0044884336885944,-0.3165308408192473,0.180327868852459,0.8972981560762786,0.3743169398907104,60.66992095958264,-0.0737117750998818,0.0027146124138749,0.0019153978980064,2.07712587473e-05,0.0022496615915938,0.0013260508163107,-8.2877804598e-06,0.0,13.56195502117142,1.048205643329894,69.0,18.0,1.0247162362808873,0.0169714416066804,69.0,0.3387978142076502,0.0303746831649572,0.2309819662345161,5.5688040773e-06,0.0746161880569751,-7.757082731592501,-1241.1517427331298,0.6887983979911486,4.832210816035115,57.0,0.3743169398907104,0.0,1.7008376295202083,-0.0452576793216078,0.125912368716618,0.407332901115807,1.3915522591e-05,0.699120232772337,0.0018720032063295,0.0078673018941523,2.130717662472464,0.0076180259704424,6.7040056856e-05,0.0
"Cerme, Gresik",2.3821523287e-06,0.0275801494799284,1.0,6.5624031e-09,187.1156909137647,0.000201400743753,7.59428701499e-05,7.52865985067e-05,1.63085874246e-05,2.78757063217e-05,7.77055e-10,0.5723820441603877,363.00000023627234,0.0151098901098901,6.89867446327e-05,181.5,72295.14785565663,1.0,0.0027472527472527,1.98541130275368,8.10908421395e-05,0.0,0.6380245941537968,7.5027818075e-06,4.501127636384005,0.1868131868131868,0.6741946523372283,0.4615384615384615,20.928403803565853,-2.0554906154998736,1.62411942075e-05,2.34471643781e-05,-7.32512454e-08,3.5673012669e-06,1.68892143474e-05,2.5241217e-08,0.1510989010989011,47.08620396930575,1.1294809889787272,92.0,11.0,1.032233730683897,0.0001850921563283,92.0,0.4642857142857143,8.08973085432e-05,1.4488467822963862,2.5241217e-08,0.1760252582308401,-1.840691249818412,-3.075692873438647,0.9025368623793556,1.8041436518105831,61.0,0.4615384615384615,0.0,0.4351265293344168,-0.0191923064889338,0.1624924278587657,0.5516396764058611,1.4517767e-09,0.008511320669258,4.6481024741e-06,3.48912441347e-05,2.180027255155545,3.44983015745e-05,1.2293256e-09,0.0,1.9180734019e-05,0.0607872315187537,1.0,5.28394876e-08,201.5307622261517,0.0008173773077235,0.0001492974171066,0.0001427100467894,-0.0004850654235498,0.0001743691643426,3.04046054e-08,0.5161708367272585,363.0000097206704,0.0151098901098901,0.0001384854710518,181.5,6008.973448778521,1.0,0.0027472527472527,1.994598469471712,0.0001010338055231,0.0,0.597671573531434,8.00018789839e-05,3.6766904968509335,0.1895604395604395,0.3762262483339884,0.4752747252747253,6.6993462380169,-1.2775392098577758,0.0001039782182041,0.0001437289417049,-4.384353537e-07,3.98709256041e-05,7.10554522902e-05,3.467037009e-07,0.1978021978021978,53.35447385036792,0.7378442341813587,88.0,17.0,1.0310752206536054,0.0013024427312733,89.0,0.4615384615384616,0.0002295524433071,0.3927553166361546,3.467037009e-07,0.216794984607618,-0.5512671682401162,-7.291851648810618,0.8977655324204732,1.8062318391153245,61.0,0.4752747252747253,0.0,0.196613799360784,-0.0086148436228275,0.1572741513525686,0.3373036635286017,4.95592313e-08,0.0521736058389021,1.33559059812e-05,0.0001842399724729,2.186400967343805,0.0001836225969804,3.43934249e-08,65.0,0.3514086979962544,11.205613013080605,13.0,0.0009680680385571,167.92346556028548,0.0433563115997077,0.0308640613159275,0.0306217698397378,0.0204545095273617,0.003580255586601,1.28182300653e-05,0.7498467216121822,363.0020276865748,0.0151098901098901,0.030588271327166,181.5,128.97688557372675,1.0,0.0027472527472527,1.9412561008978408,0.0307603204599174,0.0,0.7150525989497952,0.0037355703356786,1.5365078854759382,0.1785714285714285,0.915226594389744,0.4285714285714286,39.710544151370215,-0.0628989849846613,0.0026403330463191,0.0023115443715509,-8.5033803463e-06,0.0018715235060655,0.001744326418504,-1.86378058607e-05,0.0,33.71488076664976,0.9090335566048732,102.0,13.0,1.0353541755916458,0.022901802072346,101.0,0.4478021978021978,0.0310710236551472,0.6558184310521109,-1.86378058607e-05,0.092777252606383,-6.978887259845955,-1178.325056174095,0.716319246513276,3.5717669202205764,58.0,0.4285714285714286,0.0,1.3899839306497004,-0.0407905060949939,0.1448364532802249,0.4078362673329947,1.57170677439e-05,0.8390906068730126,0.0017070493033326,0.006723534976129,2.137030136249207,0.0064795051628207,4.87686019485e-05,0.0
"Dukun, Gresik",3.538827312e-07,0.0106747114871868,3.0,9.695417e-10,203.1374099451697,5.75570929868e-05,2.92279006831e-05,2.78438906207e-05,2.818551593e-06,1.0612376261e-05,1.126225e-10,0.9435468298568088,365.0000000114626,0.0150273224043715,2.90980343985e-05,182.5,31723.46993547768,0.9993583051330968,0.0027322404371584,1.9023381580726784,2.74508952202e-05,0.0,0.827024705242503,1.44765259714e-05,-0.2722825578174928,0.1775956284153005,0.6815416622447028,0.4289617486338797,72.11182110789811,-2.551247769637046,8.5058524693e-06,5.3153164059e-06,-3.71770835e-08,6.9518204289e-06,3.5272589897e-06,-4.189348601e-07,0.0683060109289617,12.876901981820591,0.986606734117046,55.0,16.0,1.0199533347767953,5.47385413938e-05,56.0,0.2896174863387978,3.1094898428e-05,0.4557534022454287,2.70328282e-08,0.1225856176161614,-2.2875597716157223,-1.7304428821344242,0.7083322809491268,3.0393712686330376,60.0,0.4289617486338797,0.0,1.0652527776254128,-0.0328791990264288,0.1408302387661065,0.3415555359216281,1.515251e-10,0.001940090488164,2.1785438663e-06,1.71577183596e-05,2.1469403361529604,1.6992964927e-05,3.121896e-10,0.0,7.6189781794e-06,0.0378536203647178,2.0,2.08739128e-08,200.5578654746083,0.0003898909781128,4.15313984809e-05,4.55307111242e-05,-0.0003100623689533,0.0001381738875909,1.90920232e-08,0.8202101449820733,365.0000029680165,0.0150273224043715,3.61291226908e-05,182.5,3127.889188365152,0.9993583051330968,0.0027322404371584,1.920718517799209,7.4911971933e-05,0.0,0.7645754933675117,0.0001748263304837,-0.09465472310226,0.1939890710382513,0.2435724636120682,0.4562841530054645,27.823635721141905,-1.3633444165372213,0.0001079146252011,9.25147727022e-05,-4.393888409e-07,8.57356496244e-05,7.67055482053e-05,1.04370877807e-05,0.1502732240437158,30.586006872166447,1.2255114422841624,71.0,15.0,1.025221627411301,0.000699953347066,71.0,0.3715846994535519,0.0001442805609629,-0.041412670131126,2.942005964e-07,0.1817556626547624,-0.160796844064139,-10.16553808126727,0.8300606904980445,2.1267281234822097,63.0,0.4562841530054645,0.0027322404371584,0.5420027483815482,-0.0176104071457275,0.1433466428831538,0.2428533533026757,3.21724261e-08,0.0337678920363105,3.1426111417e-06,0.0001956794458343,2.168509303944049,0.000195643856363,3.99364496e-08,92.0,0.3135979841614394,10.614795721441972,3.0,0.0008591725593464,183.02356522211505,0.0385938324034214,0.0290807756715634,0.0288302599090254,0.0203225445002317,0.0033367019161842,1.11335796774e-05,0.888164652376767,365.0014519060876,0.0150273224043715,0.0289207878522574,182.5,99.39830246824027,0.9993583051330966,0.0027322404371584,1.8513738595918925,0.028544624056667,0.0,0.8043949816025421,0.0048872874318382,-0.1779462805248859,0.180327868852459,0.9122364308484984,0.4234972677595628,21.0102162831574,-0.0922249786441793,0.0027133969752062,0.001900030746755,1.82017326763e-05,0.0024245521635748,0.0011345079789559,-0.0001887101680039,0.0,16.81431718635885,1.2770520902838216,72.0,16.0,1.025726084160307,0.0182712879031897,73.0,0.412568306010929,0.0292715748352777,0.3085092405169427,7.250312749e-07,0.0816310644095747,-6.979763094213388,-1202.588752915435,0.7778813079398241,4.506906187048203,59.0,0.4234972677595628,0.0,1.6452964429242458,-0.0434474950125233,0.1344128104928378,0.540602661249904,1.70509335674e-05,0.6935112225655935,0.0017676104343413,0.0076953432799559,2.1214236644855777,0.0074671894915661,6.40251770389e-05,0.0
"Gresik Kota, Gresik",1.5239802902e-06,0.0224173956921718,3.0,4.1752884e-09,184.0397350280365,0.0001239730918314,6.13528625842e-05,6.04773489282e-05,8.4861549112e-06,1.99926693352e-05,3.997068e-10,0.8858884904989109,365.0000000653338,0.0150273224043715,5.93125841987e-05,182.5,23789.87369530313,1.0000000000000002,0.0054644808743169,1.8657558885278969,6.04552765253e-05,0.0,0.824001029129275,2.35491024795e-05,0.1002135711629224,0.174863387978142,0.7157949562775664,0.4508196721311475,25.366956736613293,-2.2578925308595283,1.56852107862e-05,1.2000547706e-05,7.3537356e-08,1.18090217228e-05,7.2724429628e-06,2.982953446e-07,0.0792349726775956,28.066218364528407,0.8901034667527211,61.0,12.0,1.0216640049759071,0.0001154869369201,61.0,0.4371584699453552,6.45281378503e-05,0.3915099835831813,-2.3952133e-09,0.1374080982665017,-2.265656064139912,-3.2681991449244574,0.8434113035107538,2.4866317237835065,58.0,0.4508196721311475,0.0,0.9172404619252328,-0.0290542674743551,0.1549665884920825,0.6855245941680111,7.180607e-10,0.0043801999127014,2.9440962071e-06,3.14223056316e-05,2.145496462077428,3.12476089551e-05,1.0400732e-09,0.0,3.04453116123e-05,0.0729861170615454,2.0,8.34118126e-08,198.7458577158881,0.0008350115385837,0.0001420103248502,0.0001305190817219,-0.0006166346138343,0.0002510318289484,6.30169791e-08,0.8437040395870373,365.0000145044421,0.0150273224043715,0.0001304722933458,182.5,1512.452031159701,1.0000000000000002,0.0081967213114754,1.9191496234772905,0.0001817707699955,0.0,0.780207475575011,0.0003250857369291,0.2831730807913084,0.1967213114754098,0.2658412753414095,0.4672131147540984,13.716198938249391,-1.0962264726529845,0.0001967484221803,0.0001894826565609,-7.706171034e-07,0.0001639237797967,0.0001057691588357,1.746935463e-05,0.1830601092896175,34.68966344010311,1.3218728133772084,73.0,15.0,1.025558035445763,0.001451646152418,72.0,0.3989071038251366,0.0002884162122857,0.1671735863033033,1.548036138e-07,0.2011215937673709,-0.3486199043568832,-14.991176285363958,0.8967307569001874,1.8100621785218152,61.0,0.4672131147540984,0.0,0.3320516071779268,-0.0126130411382906,0.1543932726222013,0.3322108047026374,1.054721809e-07,0.069161169644748,9.1153857227e-06,0.0003523737640401,2.1652749968461413,0.0003522177447287,1.302619787e-07,99.0,0.3079690046760604,10.527943643741292,2.0,0.0008437506977426,182.0654085452379,0.0385898947715759,0.0288479211511181,0.0284828785806893,0.0193852093070745,0.0030401995372422,9.2428132262e-06,0.9418919620674092,365.00141726798336,0.0150273224043715,0.0287347761914133,182.5,117.8446545772658,1.0000000000000002,0.0027322404371584,1.8793769399708544,0.0280273177661001,0.0,0.7730630719827205,0.0036013106672236,0.5469137261071682,0.1775956284153005,0.8994462463326363,0.3989071038251366,19.357037409172023,-0.073211270506671,0.0023463809521491,0.0018145679866206,1.55937334854e-05,0.0018162250518798,0.001025674243768,-4.60036098956e-05,0.0,17.533387365652796,1.0749554280608953,62.0,15.0,1.022004842982733,0.0192046854645014,62.0,0.3579234972677595,0.0290076777417182,0.3507458957974663,-9.121896844e-07,0.0835917000259301,-7.267824497224788,-1160.1284494085514,0.8279904174257009,4.242094372436628,54.0,0.3989071038251366,0.0,1.5592595193085732,-0.0429415542588786,0.133380314055888,0.6605948539025221,1.4639439943e-05,0.6623173151165259,0.0016860351649668,0.0074516565515082,2.137603005149772,0.0072327695786992,5.85042407168e-05,0.0
"Jabon , Sidoarjo",4.1393185197011053e-07,0.0116634087999251,2.0,1.1340598684112612e-09,183.30640681642544,5.864306149305776e-05,3.191972630981642e-05,3.283787961176718e-05,-1.2541297564894194e-06,1.0587370612529026e-05,1.1209241648704323e-10,0.8449181963279194,365.0000000190863,0.0150273224043715,3.154938531224616e-05,182.5,38673.00161935986,0.9993583051330968,0.0027322404371584,1.899645657716493,3.168932543076153e-05,0.0,0.7695769269526062,1.4580438346456497e-05,0.1127928733678471,0.1830601092896175,0.7422105833687768,0.448087431693989,29.687297063261187,-2.5133394730026195,8.4490347056781e-06,7.21686507702736e-06,4.19874793320335e-08,7.130055792003986e-06,4.83102053294715e-06,1.5457578683708564e-07,0.081967213114754,30.176115070979662,1.2249303083572605,78.0,18.0,1.0275678387985865,5.989719124954718e-05,78.0,0.3852459016393442,3.3629768720296456e-05,-0.2386270384520076,6.425338808566812e-10,0.1407323451021666,-2.165943203692465,-1.696862360098707,0.8481251527253304,2.3785053796402664,58.0,0.448087431693989,0.0,0.8346582280598865,-0.0281964477268674,0.1533209885031811,0.5498374915182203,1.8217848927275343e-10,0.0026341557531149,1.3904696757960908e-06,1.457213395260074e-05,2.1644636824769914,1.4484838392282137e-05,2.1883063579743023e-10,4.0,2.1458804046508315e-05,0.062634596685561,2.0,5.8791243963036487e-08,214.852438944536,0.0007224553555715,0.0001457911090219,0.0001364572238646,-0.0003625387034844,0.0001933276097175,3.73755646790848e-08,0.836151885631235,365.0000084012352,0.0150273224043715,0.0001455073597753,182.5,2352.408003883965,0.9993583051330968,0.0027322404371584,1.9355833781980296,0.0001257086230907,0.0,0.7360075774337915,0.0002187672153865,0.4762540843028224,0.1967213114754098,0.3365036237521564,0.4699453551912568,16.369851098132273,-1.1980793284742397,0.0001463569661557,0.0001497107843638,1.0788410329709582e-06,0.0001102344910652,0.0001059500737028,5.870222594249995e-06,0.1612021857923497,41.76835651784223,1.1244865366793648,74.0,12.0,1.026229611133446,0.0010849940590559,74.0,0.4426229508196721,0.0002421375892936,0.3050522061819483,3.2429246516418044e-07,0.193637789320101,-0.4848784475449021,-13.29447213926994,0.8852402873099231,1.9880004555951023,54.0,0.4699453551912568,0.0,0.4555265830905194,-0.0145442320391372,0.1522016540549575,0.3209514396876549,6.22307899205939e-08,0.054644436292815,7.977404465582554e-06,0.0002424180718843,2.181715491179764,0.0002422167658252,5.96965799316289e-08,83.0,0.3168454733376838,10.650071452915032,2.0,0.0008680697899662,185.0403210267541,0.0395714454352855,0.0291864863469202,0.0290986016237487,0.0197092676535248,0.0037211596720478,1.384702930487536e-05,1.1058488726339282,365.0017147705471,0.0150273224043715,0.029034371022135,182.5,104.4343620700198,0.997832711681676,0.0027322404371584,1.90027432397557,0.0286472476553171,0.0,0.7650821483222174,0.0046011385275051,0.0595298925970788,0.1830601092896175,0.8751514696197832,0.3907103825136612,29.732691337169683,0.0429826945329092,0.0029132103957585,0.002189950965617,2.075736857440381e-05,0.002358480511854,0.0015457961708306,0.0001096872923274,0.0,14.289887265766849,1.4883118858466222,59.0,14.0,1.021322736901369,0.0198621777817607,59.0,0.3497267759562841,0.0294227465506508,0.1397085344032204,3.023228937903941e-06,0.0839515465048982,-6.170397287378608,-1261.6347269898647,0.8057625300663089,4.327783385612707,61.0,0.3907103825136612,0.0,1.5506259499741857,-0.0428486961075491,0.1285491170452111,0.6164401009927777,2.2323109480883373e-05,0.7993321024502322,0.001735656416411,0.0085987567750686,2.133406286141951,0.0083977205693738,7.878146809039097e-05,0.0
"Kamal, Bangkalan",2.56700630435e-06,0.03177834374186885,6.5,4.7932665e-09,245.91465254249596,0.00012048234849755001,6.233007798485e-05,6.910083605045e-05,-1.85217367575e-06,2.1002607114699998e-05,4.5141699999999995e-10,0.8777833712081433,473.00000010297674,0.01223874711283865,5.97825733369e-05,236.5,8356.010684150548,0.8186797480453517,0.0022252267477888,1.8723259685446698,6.902929904024999e-05,0.0,0.8698017807789911,3.092010748575e-05,-0.1260875679061049,0.1460903611064165,0.7428783419096331,0.4416370908681201,92.99598232995176,-2.274100472174712,1.74672048697e-05,1.066424552335e-05,1.989710135e-08,1.165569939535e-05,4.4682115845999995e-06,1.7174284035e-07,0.0838685144498901,31.01509132700962,0.5822207224939586,78.0,17.0,1.0206660923885313,0.00012233452217335,78.5,0.31708072784631847,6.589009033675e-05,-0.07300970126836365,1.7290327299999998e-08,0.13920790670619684,-2.143733179573795,-6.1059347150624035,0.7065653235879811,2.467340842816582,72.5,0.4416370908681201,0.0,0.8507736176260767,-0.024293388026713,0.152651298058404,0.31353772039141425,6.028506e-10,0.00538387287831795,2.38456516735e-06,2.63608793459e-05,2.1527879650337827,2.6215595927949998e-05,7.402317e-10,2.0,2.46828986035e-05,0.08174898486084406,7.0,4.909827295000001e-08,233.95095105378903,0.0006616520549872,0.0001018251544194,0.00013738151167005,-0.00048856972221345,0.0001872294644439,3.50680216e-08,0.8060332479766924,473.0000083978358,0.01223874711283865,9.112956513485001e-05,236.5,3111.607999957353,0.8404192773033272,0.0022252267477888,1.913857983253696,0.00016046906340005002,0.0,0.8281943846937161,0.00026894545052415003,0.050934467317530506,0.16708917807447465,0.3187616065850106,0.4587347191707509,60.57761377881329,-1.2370390639155593,0.0001543157579348,0.00010890871455665,-1.6038338995e-07,0.00010032741365405001,4.183645744755e-05,-7.7669933489e-06,0.17142696186130355,33.83624114289309,0.8337843245964094,63.5,17.5,1.0185070467068793,0.0011502217772007,64.0,0.3666694834093853,0.00021919501396455,-0.14309798364570356,-1.4114652350000022e-08,0.19537651922513094,-0.30966878643884316,-24.702531225036676,0.8107642816719293,1.8598253081565392,78.5,0.4587347191707509,0.0013661202185792,0.37439806190703695,-0.011234208860748801,0.1519599184294233,0.19400270477336168,4.85538925e-08,0.048777291078458254,8.09981953585e-06,0.0002184496974546,2.1704751656838366,0.0002182479944779,4.92611666e-08,94.5,0.36810168643115015,13.077970430966069,23.0,0.0007904775742567499,250.07840926914957,0.037133262492704947,0.02788203494840005,0.027479972311077898,0.02057309076189385,0.00318664997219905,1.029297475875e-05,0.8601438558170613,473.0014176979864,0.01223874711283865,0.02785658596654195,236.5,101.55313364544644,0.8404192773033272,0.0022252267477888,1.8742527473311288,0.0262687553185895,0.0,0.8349647352470356,0.0048013692272221,-0.30665028082571427,0.16299081741873694,0.9321828052607763,0.4063010534617768,73.5502242024779,-0.0748293079930972,0.00266446617291815,0.00151211086950395,2.1439876570250002e-05,0.0022470517585846,0.00069877343581525,-6.99396866063e-05,0.0008591065292096,16.659392475266788,0.8497685155902559,62.5,14.5,1.0176963459183526,0.01656017173081105,62.0,0.34719170750943606,0.028067696646233098,0.4503320298738275,6.498195520600001e-06,0.08457022156591686,-6.879131206009941,-2076.1033742562645,0.73869846249152,4.270506479911098,79.5,0.4063010534617768,0.0,1.563887717215555,-0.0349321700986217,0.1347637655029287,0.5724960006234655,1.2037352615e-05,0.6805729747635794,0.0013176641379426001,0.00644077577643015,2.1336553177764923,0.006282849303805949,4.475517594105e-05,0.0
"Kec. Kalianget, Sumenep",1.128944276e-07,0.0059755621567028,6.0,3.092998e-10,187.8864484778518,3.05788389596e-05,1.63741875295e-05,1.69386502572e-05,7.728081179e-07,6.3514331516e-06,4.03407e-11,1.0107284835195391,365.0000000048721,0.0150273224043715,1.63866680933e-05,182.5,52454.060498125895,0.9993583051330968,0.0027322404371584,1.765639324442292,1.71661250808e-05,0.0,0.841165126199045,9.5686063635e-06,-0.5741950332622228,0.1775956284153005,0.7064071204069419,0.4371584699453552,65.16409279994542,-2.890659597034365,5.2106628047e-06,3.3346030173e-06,-1.18602195e-08,4.7394031004e-06,1.7713039284e-06,1.07250509e-08,0.0683060109289617,30.53345792907027,0.5719566351102771,56.0,13.0,1.0201248908291878,2.98060308416e-05,56.0,0.3278688524590163,1.75628790445e-05,-0.3831648671050312,6.1749722e-09,0.1316018536320716,-2.0800817986493723,-0.9650460724121324,0.7485821465207716,2.4950080504443064,59.0,0.4371584699453552,0.0,0.889777970532419,-0.0305525651497027,0.1483584831835647,0.5045868864639698,6.92872e-11,0.0012171301013168,8.022660957e-07,9.1173797748e-06,2.1250335523674337,9.0769289324e-06,9.17799e-11,0.0,6.9379633543e-06,0.0348854833130007,3.0,1.90081187e-08,175.28522579075025,0.0003278202784713,-6.2126095323e-06,4.0078696959e-06,-0.0003303490884718,0.0001375412211345,1.89175875e-08,1.1146952644353287,365.0000025271331,0.0150273224043715,-8.4705620793e-06,182.5,3409.769467196475,1.0000000000000002,0.0027322404371584,1.8844231190856824,3.16440633469e-05,0.0,0.7929158882510732,0.0001670656652322,-0.2886103110766163,0.1939890710382513,0.2347176946969098,0.4562841530054645,34.623432189265976,-1.401524526953022,0.0001079999598489,8.46482263034e-05,-1.735359546e-07,8.71491001817e-05,4.82847798744e-05,1.07559343935e-05,0.1420765027322404,20.72774740144812,1.316247263152789,74.0,19.0,1.026061871834679,0.000658169366943,74.0,0.2786885245901639,0.0001376814585497,-0.1672338564175128,1.954783064e-07,0.1800894012048727,0.0414375515121277,-9.574021717495546,0.8002115974594862,2.096217887543781,64.0,0.4562841530054645,0.0054644808743169,0.6116339000058957,-0.0180403848359693,0.1475703831957515,0.209597015611277,3.13655131e-08,0.0308966026007555,2.7337167431e-06,0.0002098816334362,2.1643380947674227,0.0002098605358946,4.67039852e-08,110.0,0.286734326313066,10.159920196980217,4.0,0.0007855734967481,180.1544225971581,0.0352353882044553,0.0278366475818993,0.0275157204208274,0.021211814135313,0.0029237257865756,8.548172475e-06,1.1361914764636825,365.0010741591952,0.0150273224043715,0.0279490440152584,182.5,98.68767060612316,1.0000000000000002,0.0027322404371584,1.841184962004152,0.027522422466427,0.0,0.8542571169210769,0.0042181981843896,-0.5024250033379181,0.180327868852459,0.9147125580073496,0.4153005464480874,33.78313799545822,-0.1214927876781578,0.0023882233125383,0.0016436272747304,6.653256204e-06,0.0020206589251757,0.0009692516177893,0.0001165262526935,0.0,13.385885284883376,1.1715057657383825,63.0,14.0,1.0223452523657828,0.0140235740691423,63.0,0.4098360655737705,0.0279897681496998,0.1804650619885375,-3.0526685352e-06,0.0780185111381926,-7.6515853832204765,-1130.6225029775292,0.784058061735196,4.874370332581174,66.0,0.4153005464480874,0.0,1.7447744571605774,-0.0443797120494158,0.133531048976793,0.6471540368256419,1.3904695403e-05,0.599923955276608,0.0016135286351618,0.0075974244348487,2.099996401320733,0.0074070680889796,6.35208582952e-05,0.0
Kedungpring Lamongan,3.702057856e-07,0.010905066434816,8.0,1.0142624e-09,194.28520946279207,5.90484996791e-05,2.98747708464e-05,2.96196720531e-05,7.3372102633e-06,1.09082209599e-05,1.189892e-10,1.081393135338321,365.0000000106221,0.0150273224043715,2.95298349166e-05,182.5,29752.465485270623,0.9993583051330968,0.0027322404371584,1.85943478467924,3.06072905004e-05,0.0,0.8639247394959325,1.59865629805e-05,-0.458312119363343,0.1639344262295081,0.7145582797676825,0.4371584699453552,112.59543228862998,-2.6063691462318186,8.8689882003e-06,4.9330968653e-06,-3.54928338e-08,8.0459096049e-06,2.6367251848e-06,1.387891946e-07,0.0519125683060109,19.703701536153137,1.0788012416716302,53.0,16.0,1.019093910521821,5.17112894158e-05,53.0,0.3060109289617486,3.18039497175e-05,0.1826845020683923,1.66261066e-08,0.1214932438265485,-2.433574492752203,-1.7009826611080894,0.6511850321723337,2.867970264394869,57.0,0.4371584699453552,0.0,1.064421496835025,-0.0331610853768389,0.1474278510111083,0.3195849263805723,1.366945e-10,0.001800580355848,1.7835307177e-06,1.60444661942e-05,2.1238023546628555,1.59236094194e-05,2.814972e-10,0.0,7.5609260549e-06,0.0367854035597669,2.0,2.07148659e-08,202.06208226631824,0.0003895698173437,5.47223605376e-05,4.19363655765e-05,-0.0002842966059688,0.0001329049704376,1.76637311e-08,0.903382606111808,365.000003120011,0.0150273224043715,5.98864303355e-05,182.5,2457.6321644992745,0.9993583051330968,0.0054644808743169,1.8998881013272395,1.89432845218e-05,0.0,0.755559214668873,0.0001731366423882,-0.2310057655029713,0.1885245901639344,0.2111830615537847,0.4590163934426229,13.577242465312445,-1.385191731462175,0.0001070377579724,8.86324289914e-05,6.017587821e-07,8.82984240177e-05,4.83776270243e-05,3.27279065e-06,0.1475409836065573,25.863082833158973,1.3468102162910098,60.0,18.0,1.0216640049759071,0.0006738664233125,61.0,0.3688524590163934,0.0001437298434905,0.0766960454270386,1.122925315e-07,0.1830966328584556,-0.2490575331205563,-10.103644485612383,0.8710474553661931,2.0819928369215246,58.0,0.4590163934426229,0.0027322404371584,0.540973683334409,-0.0172643706513315,0.1456188423179978,0.222496156281464,3.25234125e-08,0.0323508365818771,1.3093836157e-06,0.0001889654508708,2.1748848420026508,0.0001889596353071,3.68503759e-08,84.0,0.3259186918162816,10.81978998240081,3.0,0.0008929279227843,184.78384008396063,0.0389280766248703,0.02964623504359,0.0292799999782193,0.020191341638565,0.0034042586192074,1.15889767464e-05,1.0765547026198647,365.0015317370097,0.0150273224043715,0.0295689215883611,182.5,93.93828064210231,0.9987166102661934,0.0027322404371584,1.8819800566168872,0.0286228723824023,0.0,0.7921374133498507,0.0047343465711245,-0.1482082850983488,0.1775956284153005,0.906508424225064,0.407103825136612,29.957556840735727,-0.0362648469457261,0.0027016507568136,0.0019218603710401,1.47416855986e-05,0.0022704694420099,0.0010926630347967,-7.36762515523e-05,0.0,13.22043189878542,1.4464437788795286,67.0,14.0,1.0240409199302392,0.0187367349863053,67.0,0.3579234972677595,0.029841049395191,0.2681072889529959,2.760632661e-06,0.0830212552844598,-7.020719407553888,-1213.602943826029,0.7775532526250547,4.35463209872186,56.0,0.407103825136612,0.0,1.6023367479666148,-0.0430887571557375,0.1346646834251172,0.57388451566288,1.77152110201e-05,0.7014790354296578,0.0017738822676695,0.0079886394327478,2.1375386858897008,0.007761488019805,6.74313747437e-05,0.0
"Kerek, Tuban",7.731552841e-07,0.01577334,8.0,2.1182336e-09,194.08037612414725,8.87e-05,4.32037978142e-05,4.31e-05,8.79e-06,1.56804969898e-05,2.458779e-10,0.976159213031636,365.0000000243031,0.0150273224043715,4.345e-05,182.5,21929.824561403497,0.926022712594032,0.0027322404371584,1.8452991231695368,3.67585e-05,0.0,0.8134672303728836,2.27749999999e-05,-0.3921173078891278,0.1721311475409836,0.7235441019482467,0.4426229508196721,107.78279463243378,-2.469334666714039,1.29770972558e-05,7.3038904109e-06,4.6849315e-08,1.14e-05,4.2e-06,2e-07,0.0546448087431694,21.74244523015763,0.962310652851442,56.0,13.0,1.0218344776473585,7.991e-05,58.0,0.1912568306010929,4.59613547605e-05,0.2114314413981027,2.59594823e-08,0.1235522684581528,-2.3169355080593936,-2.504378551174441,0.6880375743903905,2.8155925593992097,56.0,0.4426229508196721,0.0,1.0567494834768545,-0.0326297554013979,0.1489432398831373,0.3037637094673684,3.212766e-10,0.00266592,2.7910369221e-06,2.30419914404e-05,2.137329748458909,2.28401540887e-05,5.692291e-10,0.0,4.6129944446e-06,0.0287188909999999,2.0,1.26383409e-08,209.8771678222608,0.000308636,3.31702513661e-05,2.30499999999e-05,-0.000254808,0.0001072545774418,1.15035443e-08,0.8822993223165754,365.000002198035,0.0150273224043715,3.36375e-05,182.5,2957.6348385722904,0.991415763012642,0.0027322404371584,1.916902950392549,-1.2581999999e-06,0.0,0.8098459859383907,0.0001472405,-0.2365155480554759,0.1994535519125683,0.225260625230233,0.453551912568306,20.389435405555417,-1.471531960269414,8.54617227746e-05,7.47612821917e-05,-9.25205479e-08,7.475e-05,4.4e-05,-2e-07,0.1721311475409836,36.22606650450218,1.3268599749498855,72.0,16.0,1.0253898832529524,0.000563444,71.0,0.3989071038251366,0.0001122666912219,0.2239598010703599,2.321319569e-07,0.194577196473943,-0.1641146580905368,-6.615149321854483,0.846369600433666,1.9067909479753096,57.0,0.453551912568306,0.0027322404371584,0.4056414715583202,-0.0143018186302257,0.1489265992611265,0.2097698040830087,1.89927054e-08,0.027287868,8.060650434e-07,0.0001527590692945,2.1602259990469617,0.0001527560866686,2.46457433e-08,93.0,0.3255515951091362,10.822535522,3.0,0.0008919221783811,185.17218331305423,0.038546169,0.0296543116284153,0.0295049579999999,0.021616321,0.0031791562376606,1.01070343834e-05,1.0429057376937667,365.0012984338576,0.0150273224043715,0.0296272215,182.5,108.45888171951574,0.9984744065485794,0.0027322404371584,1.901318171361836,0.0292347526,0.0,0.742720336224836,0.0046229834999999,-0.3929037633955698,0.1885245901639344,0.905428415376834,0.3934426229508196,22.07591179718938,-0.0440020125333917,0.0025906658690017,0.0019299196383561,2.09616109589e-05,0.0023178,0.001163632,-0.000146275,0.0,12.119794725442022,1.2525633567602954,75.0,16.0,1.0265647814982015,0.0169298479999999,75.0,0.3360655737704918,0.0298242390102182,0.1902163554354729,3.4650714662e-06,0.0779547498906807,-7.553301743717118,-1210.9976970006985,0.7763393295244347,4.628717003525991,59.0,0.3934426229508196,0.0,1.674682332508607,-0.0443961655981275,0.1302880686322655,0.5541029283634754,1.46214036484e-05,0.704420668,0.00181499511885,0.008006484374967,2.1441130995022304,0.0077724179983624,6.86405854882e-05,0.0
"Kertosono, Nganjuk",3.478568419e-07,0.0108144511101644,3.0,9.530324e-10,170.54160139981573,5.62762065783e-05,2.96162537377e-05,2.91574085895e-05,8.8970731667e-06,8.5618949172e-06,7.3306e-11,0.9519790925450758,365.0000000104456,0.0150273224043715,2.98753256894e-05,182.5,38659.103547781546,0.9993583051330968,0.0054644808743169,1.891324647880454,2.54797698607e-05,0.0,0.833773355160119,1.22274527806e-05,-0.1421033819161796,0.1830601092896175,0.7503018679317912,0.4426229508196721,25.951781738276804,-2.600423589106985,6.9154721425e-06,5.5211497605e-06,-4.09379172e-08,6.0043591901e-06,3.9558232553e-06,-2.857613513e-07,0.0601092896174863,21.6951881331028,1.0037212620618727,71.0,17.0,1.025053267749791,4.73791334115e-05,70.0,0.4043715846994535,3.08290209061e-05,0.3017019276360327,-1.5518879e-08,0.1266479073544441,-2.609257699265156,-1.563790748337233,0.8172253175249986,2.6849030303905947,66.0,0.4426229508196721,0.0,0.9933920462940304,-0.0318309277849166,0.1488700078890635,0.6305670433801537,1.291916e-10,0.0020152196626105,1.4126608162e-06,1.35019793539e-05,2.154548350845133,1.34056313447e-05,1.910147e-10,0.0,9.8997802851e-06,0.0376965083274574,1.0,2.71226857e-08,175.4652467137964,0.0005145684717717,8.39914301272e-05,5.98839541713e-05,-0.0002652334114827,0.00014140021103,1.99940196e-08,0.7385726512462706,365.0000056151987,0.0150273224043715,8.43881315404e-05,182.5,2550.970224078247,0.9993583051330966,0.0081967213114754,1.957387022090468,7.6972476563e-06,0.0,0.7377088187134528,0.0001652950333172,0.6392959195269783,0.2021857923497267,0.2298962593310418,0.4672131147540984,19.119857176892843,-1.3043498699196303,0.0001091133017001,0.0001206589769952,-1.3162521261e-06,7.94886784849e-05,7.21126728941e-05,-4.7796887656e-06,0.2049180327868852,39.2353604919709,1.4303518578022214,85.0,15.0,1.029894161598229,0.0007798018832544,85.0,0.4289617486338798,0.0001644645250933,0.7705267221785461,-4.37675355e-08,0.2138573596888466,-0.3801339821445599,-6.322349043340829,0.9059754099570108,1.7656982260899854,62.0,0.4672131147540984,0.0,0.2041567145222118,-0.0093265849733599,0.1522807957465367,0.3927860076720284,3.62494047e-08,0.0440405266032758,4.7303851401e-06,0.000184944685595,2.17617028236056,0.0001848786736392,3.52211472e-08,108.0,0.3360731910186898,10.977825811861198,2.0,0.0009207484685443,187.0643313926878,0.0414377362467348,0.0300795105060926,0.029660247835896,0.0195518764667212,0.0036682161959194,1.345581006e-05,0.7506194135987463,365.00200316812135,0.0150273224043715,0.0301469219848513,182.5,92.00690997506182,0.9984744065485794,0.0027322404371584,1.916075530532833,0.0294005133677273,0.0,0.7131994536096845,0.0047674685289772,0.0964692583597992,0.1830601092896175,0.883534868827935,0.4016393442622951,37.63707407107954,0.0115311712254358,0.0028956047169694,0.0023747519727077,1.97014254709e-05,0.0023576373738857,0.0016904908698053,-0.0001535021699965,0.0,16.88078786176253,1.2026455594294247,79.0,21.0,1.0279013777389103,0.0218858597800136,79.0,0.3961748633879781,0.0303023557227181,0.3363275555390012,5.9858261288e-06,0.0853699620009532,-6.6062763078115125,-1247.1908044665051,0.7658302815326086,4.096493746523212,59.0,0.4016393442622951,0.0,1.506089336853413,-0.0424826749055119,0.1333398214923784,0.4816912695096551,1.8363186656e-05,0.8667844700383119,0.0018458148191245,0.007962466267805,2.1427917578973457,0.0077190555035583,6.77629965941e-05,0.0
"Kota Sumenep, Sumenep",7.24001478e-08,0.0046440975283491,1.0,1.989015e-10,189.7643700627568,3.43201427313e-05,1.27042177562e-05,1.25854090322e-05,-7.2132024797e-06,6.0794260166e-06,3.69594e-11,0.6519561271047704,364.0000000121863,0.0150684931506849,1.28071301332e-05,182.5,505559.9710299027,1.0000000000000002,0.0082191780821917,1.995800089116608,1.14768028652e-05,0.0,0.5590121485588156,8.220279282e-07,2.9824666762861503,0.1780821917808219,0.6303859543861505,0.4630136986301369,8.631283477651753,-2.726532899647744,3.3879634678e-06,4.992479511e-06,-6.816792e-09,4.463354766e-07,2.1015362108e-06,3.2110465e-09,0.1780821917808219,52.26729949543824,1.1180514368782009,84.0,18.0,1.0296538774202064,4.1533345211e-05,85.0,0.4767123287671233,1.40839117254e-05,0.1033383174167386,3.2110465e-09,0.194278383598258,-1.3799382218979952,-0.4846789280883156,0.9228683821508584,1.692415232701533,55.0,0.4630136986301369,0.0,0.270476696593868,-0.0143575038283781,0.1617514923152704,0.6602628672975871,6.27398e-11,0.001817262542017,6.097418201e-07,6.2114417198e-06,2.1922999711469973,6.1668516029e-06,3.8309e-11,28.0,4.7625284964e-06,0.0205682171592742,1.0,1.30838694e-08,205.4042248868432,0.000427010905696,3.9764303245e-06,-2.7131391107e-06,-0.0003431156801525,0.0001141587109234,1.30322112e-08,0.5124788456304507,364.00000458220336,0.0150684931506849,5.6430653785e-06,182.5,9292.373991985089,1.0000000000000002,0.0027397260273972,2.001572532692018,3.4412834793e-06,0.0,0.5791130329650462,4.5147097606e-05,1.9723788419501336,0.1917808219178082,0.0826979921377811,0.473972602739726,7.567401660398154,-1.4208223316956583,7.18957750649e-05,0.0001036934635506,3.794887231e-07,2.21316095121e-05,6.63622422299e-05,1.769985628e-07,0.2465753424657534,55.92061840073183,0.8552402693801763,93.0,13.0,1.0324641796216616,0.0007701265858485,93.0,0.4356164383561643,0.0001142279443823,0.1457309581856882,1.769985628e-07,0.2438881895505825,0.013093486718075,-0.896471672021026,0.9320543033368172,1.8143865558693804,60.0,0.473972602739726,0.021917808219178,0.0228955452738029,-0.0014157181767555,0.1444506947295632,0.158862406040893,2.36263029e-08,0.0377444207324371,8.242023177e-07,0.0001069107011168,2.195760643683855,0.000106906836715,1.14838854e-08,134.0,0.2723829951618767,9.912140031372171,1.0,0.0007483049317633,181.99074523455693,0.0349349603056907,0.0272389475767257,0.0272486869346816,0.0198397375643253,0.0020723214465428,4.2945161778e-06,0.744038791872808,364.001181055609,0.0150684931506849,0.0271518342196941,182.5,7913.013313821685,1.0000000000000002,0.0027397260273972,1.9858115666860627,0.0266325877979397,0.0,0.6639319930827048,0.000443179139407,2.359214391731361,0.1890410958904109,0.9076516197576406,0.4301369863013699,15.362170156798909,-0.1788659381345157,0.0012206630198125,0.0017256986922868,2.39595269354e-05,0.0001751806688029,0.0012038396671414,-2.37545316e-07,0.0,19.354831289566537,1.0973363467381752,92.0,16.0,1.031970309630965,0.0150952227413654,91.0,0.4602739726027398,0.027317664271775,0.3758596432934828,-2.375453159e-07,0.0873941103852688,-9.248416475487875,-961.1410853264172,0.8940274647631585,3.873990021963215,58.0,0.4301369863013699,0.0,1.4966308062046525,-0.0422405670030519,0.1442330797420746,0.7672073436578455,7.2348893219e-06,0.6281543239923963,0.0015907260002727,0.0063090015120025,2.133179015737085,0.006085558741249,4.31621636332e-05,0.0
"Kwanyar, Bangkalan",3.2450752664999997e-07,0.00985278289553995,9.5,8.904021e-10,171.18298508001985,5.714782916275e-05,2.699670468435e-05,2.5585241237e-05,-1.16605445065e-06,1.246875102895e-05,1.5845495e-10,1.0484815186073977,364.5000000124837,0.0150479077775282,2.779860671755e-05,182.5,24424.450017370345,0.9996791525665485,0.0027359832322778003,1.7982880360093834,1.9243804814000002e-05,0.0,0.8521781516796985,1.795674546045e-05,-0.648437276815859,0.16688749157871097,0.7053565023129649,0.4350400479077775,74.13885583231888,-2.6172813022330694,1.029703245415e-05,5.5298038854e-06,2.7597584699999998e-08,8.6796013752e-06,3.6073936632e-06,-5.333995429999999e-08,0.05472340744067665,16.169732156223674,0.9599952146251425,65.0,16.0,1.023126760889098,5.831388361335e-05,65.0,0.2366195074481623,2.976214656445e-05,0.31554183910794276,-1.135295745e-08,0.1210551972650925,-1.9156668169272324,-1.8080810878401228,0.6667067027376647,2.9382031720956183,57.0,0.4350400479077775,0.0,1.106887486985349,-0.03335634570858895,0.14681533845124545,0.29090403613039806,2.3183435e-10,0.00201534453569855,1.0519134112e-06,1.69593196628e-05,2.1325884128839228,1.69190808211e-05,3.159746e-10,3.0,1.23095331775e-05,0.04466226801314785,2.0,3.379596335e-08,209.224292883138,0.00049219437918275,3.61224016228e-05,3.528332048955e-05,-0.00041556398799810003,0.0001718057834862,3.238550095e-08,0.9133751633301563,364.5000062351874,0.0150479077775282,2.97885479767e-05,182.5,2607.701833215868,0.9996791525665485,0.00410584624597645,1.924704202965719,5.436057970465e-05,0.0,0.7614998322853634,0.00022738942476200003,-0.07994705997828405,0.1956134441200688,0.1754902900791832,0.45963769743244254,23.24056482187416,-1.2769687678354635,0.00013700733906595,0.00012361024498285,-4.1698973315e-07,0.000115999103991,7.769269649105e-05,-2.1709456632e-06,0.1668949771689497,32.08110039981834,1.2132906477042,76.0,17.5,1.0268282055604112,0.00090775836718085,76.0,0.4007747585897148,0.00017622154115365,0.08952386575002715,1.9882072575e-07,0.19534328245431604,-0.1176536988153338,-10.5682706159815,0.8782191454470707,1.9544732637404294,53.5,0.45963769743244254,0.0068455722733737,0.429539871303384,-0.01409482393594445,0.14702534966165176,0.15610284618815046,5.3549962e-08,0.045042143956597905,2.1764814843e-06,0.0002393086491541,2.1702172328177536,0.00023928171005129997,6.864300795e-08,105.5,0.29495275306298263,10.30994750613851,2.5,0.0008092036328332,181.63811503507077,0.035751345168266904,0.02828659992549515,0.028173342323861948,0.02221513562835745,0.00261462319085575,6.8546783792e-06,0.9516138098167324,364.50092549520514,0.0150479077775282,0.0281823116853566,182.5,139.0203833827436,0.9993572769037042,0.00410210345085705,1.8862470601409418,0.02833159297006195,0.0,0.7658469258472849,0.0035216020010475,0.13170071449260606,0.18329590538213936,0.9330801308816188,0.39397784265289315,20.314883818047477,-0.1538356389988625,0.00207305040587815,0.00150975697896,2.46308110197e-05,0.00175992404951505,0.00082102908605805,2.65453408726e-05,0.0,10.828027432754208,1.155058064098597,61.0,16.5,1.0220073530692464,0.013536209539909451,62.0,0.30086458567258023,0.02840747911483385,0.4100180014321967,-8.396495039000001e-07,0.07520224034046266,-8.321606580430933,-1122.6944083529925,0.8202597416000555,5.032464033567024,56.0,0.39397784265289315,0.0,1.768900443016801,-0.0452682019407531,0.1294727544172356,0.6683491862007246,1.093092342975e-05,0.5503874481780257,0.0016374258693857,0.006807172823448501,2.130671232787644,0.0065832363815952,4.935474031455e-05,0.0
"Labang, Bangkalan",1.721529266e-07,0.0062596931470306,1.0,6.804463e-10,123.41268944218552,4.52398744528e-05,2.46962734533e-05,2.63636043915e-05,4.3372297113e-06,8.2378094999e-06,6.78615e-11,0.8655109440789222,253.0000000109759,0.0216535433070866,2.31750518651e-05,126.5,226795.9318017621,1.0,0.0078740157480314,1.946894838569448,2.68336843191e-05,0.0,0.6916455921793628,8.0944903402e-06,0.1279821318649641,0.2086614173228346,0.6821039149260217,0.452755905511811,12.32834542290647,-2.7295943347210128,6.2542597141e-06,6.6697397125e-06,3.1771044e-08,4.2542867504e-06,5.0019116315e-06,-5.0259322e-09,0.0905511811023622,38.26877411253006,1.2373067640727946,63.0,11.0,1.033793380402222,4.09026447414e-05,63.0,0.452755905511811,2.60339668095e-05,-0.0826449143456026,-5.1994372e-09,0.1489904355396283,-2.309846052190053,-0.5380401113131932,0.883332404663794,2.169173793717659,42.0,0.452755905511811,0.0,0.716022132600897,-0.037291321762986,0.1575266295460303,0.6449647083884563,1.23282e-10,0.0016874441472839,1.7740172818e-06,1.16568228898e-05,2.166184893545885,1.14823417878e-05,1.383438e-10,0.0,8.4002558628e-06,0.0292380794588023,1.0,3.32025923e-08,135.02917254465095,0.000469113670988,7.15979091414e-05,6.72524186461e-05,-0.0003405458701308,0.0001671694137165,2.79456128e-08,0.6713688107245258,253.0000059959333,0.0216535433070866,7.72933672124e-05,126.5,2467.062813109992,1.0,0.0039370078740157,1.983984616079439,2.38009233726e-05,0.0,0.6241279848216446,0.0001789943657967,0.0754815357939722,0.2244094488188976,0.2049179940977372,0.484251968503937,9.621884622822138,-1.3606363811312403,0.0001248070329479,0.0001637795906558,-2.0812119178e-06,9.49922466156e-05,0.0001238046997968,-8.3050508e-09,0.2125984251968504,58.22128705131032,1.0860762829486,70.0,13.0,1.0373237989034698,0.0008096595411188,70.0,0.4645669291338583,0.0001818567388791,-0.1334358853103369,3.861527525e-07,0.2265332088061504,-0.2718630574323785,-2.047445739831381,0.906154943622088,1.8409641983165228,43.0,0.484251968503937,0.0,0.1380364677771024,-0.0086636118651711,0.1514863193378584,0.2352805486928224,4.88918704e-08,0.0414362364359251,7.0231864907e-06,0.0001676325003124,2.193974413006317,0.0001674479089508,2.8151508e-08,89.0,0.208506777339905,7.2204653547484945,1.0,0.0008241374598415,126.85338667659263,0.0343424752354621,0.0285472789908974,0.0286601774957126,0.0224728677421808,0.0024383778191089,5.9456863887e-06,0.6538155879021547,253.0011433981544,0.0216535433070866,0.0283867865800857,126.5,213.4706606276934,1.0,0.0039370078740157,1.980900688175001,0.0290011518634855,0.0,0.6816915268492796,0.0026462533839867,0.0047617826328489,0.2204724409448819,0.8571081434720408,0.4291338582677165,13.20823920848305,-0.2079225561851041,0.0018015843407253,0.0022984149578667,2.36669385975e-05,0.0012473531436079,0.0018064258620142,-3.5632255336e-06,0.0,19.918942140777137,1.1127255968794751,76.0,13.0,1.040069814880644,0.0118696074932812,75.0,0.437007874015748,0.0286512272716694,-0.0499682433465946,5.582279455e-07,0.0852916503214605,-9.192227089688114,-486.93660311960207,0.8883330297345647,4.035746507416754,42.0,0.4291338582677165,0.0,1.53948340077533,-0.0608080244452747,0.1428824413805512,0.7215287077166586,1.02406761827e-05,0.5814989843402985,0.0024084478326554,0.0077369728650658,2.119571239831072,0.0073191664640593,6.34019017813e-05,0.0
"Manyar, Gresik",2.2192835962e-06,0.0254498783668253,6.0,6.0969329e-09,192.02947474996603,0.0001600947762198,6.98605445314e-05,6.23098664315e-05,1.54380450112e-05,3.46371671575e-05,1.1997333e-09,1.100841460913155,364.0000001024271,0.0150684931506849,7.00452310411e-05,182.5,9196.717127419324,0.9993562486743118,0.0027397260273972,1.8295192253892028,5.16022278133e-05,0.0,0.8425003905249403,4.35496286544e-05,-0.1448944053814327,0.1698630136986301,0.6493306456861699,0.4328767123287671,86.34009247078986,-2.128189876819793,2.78946188754e-05,1.53477695675e-05,-1.4592692e-09,2.04952108712e-05,7.9168512456e-06,5.462182646e-07,0.0630136986301369,15.162960660229963,1.1338778486960277,55.0,15.0,1.019843266198463,0.0001446567312085,55.0,0.2931506849315068,7.79758233745e-05,0.775047685523265,3.58193183e-08,0.1251839254859753,-1.6797134920105303,-4.954724035437107,0.7124046552149713,2.9422728518565067,54.0,0.4328767123287671,0.0,1.0637287586473696,-0.0323822803708124,0.1435463337056815,0.3653780370637159,1.666236e-09,0.0055865881226029,3.5277446246e-06,4.95806163545e-05,2.145203585308031,4.94153302547e-05,2.6185724e-09,0.0,2.4779411506e-05,0.0639976773358604,1.0,6.80753063e-08,204.25805808888896,0.0007931484724394,0.0001113750670065,8.06185416877e-05,-0.0004098672943655,0.00023555125365,5.5484393e-08,0.7825908664143294,364.0000136104016,0.0150684931506849,0.0001019290473777,182.5,1262.4779541601454,1.0000000000000002,0.0054794520547945,1.9096886345579176,1.11882240162e-05,0.0,0.7676828339256082,0.0003354326669067,-0.1296136324657206,0.1945205479452054,0.2659467587478349,0.4575342465753425,32.2728344927254,-1.1358854838031387,0.0001903072971087,0.0001780228928664,-6.039687262e-07,0.0001681258272582,8.36140952742e-05,1.5350204193e-06,0.1835616438356164,36.77013365562724,1.2846136840335771,72.0,16.0,1.0256369946301591,0.0012030157668049,73.0,0.4,0.0002605547901052,0.4250776334769285,1.2556412e-07,0.2018325619217992,-0.2888345918597853,-13.006351153935082,0.8813061905236512,1.7873374345301103,59.0,0.4575342465753425,0.0,0.3128007434728301,-0.0123868338214977,0.1535557776125191,0.2784110047984652,9.64745504e-08,0.0648003330033946,6.7234751808e-06,0.0003098445152321,2.1686402399849336,0.0003097598313127,1.002557909e-07,98.0,0.3063319171791554,10.489405833929752,3.0,0.0008415712010416,180.90255292030955,0.0364875681698322,0.0288268069897407,0.0288974400609731,0.0211124308407306,0.0028776249398534,8.2807252944e-06,0.9980619667541256,364.0011154267079,0.0150684931506849,0.0287581328302621,182.5,141.57614830832327,1.0000000000000002,0.0027397260273972,1.8815471484643336,0.0295687563717364,0.0,0.8190841055697703,0.003986157476902,-0.1547976689697949,0.1863013698630137,0.9029284414149408,0.3780821917808219,18.741802366989795,-0.0869476843575467,0.0022762122701301,0.001712676513285,2.25761035395e-05,0.0019231755286455,0.0011023636907338,0.0001117717474699,0.0,11.976767086339128,1.223359506978026,66.0,18.0,1.0232662962752737,0.0153751373291016,65.0,0.3123287671232876,0.0289700798500493,0.0529940625422371,-1.6615432493e-06,0.0774717697685524,-7.597745807670327,-1167.052697227005,0.8353112549268975,4.54516879522901,59.0,0.3780821917808219,0.0,1.6454350904617578,-0.0448290231148806,0.1277776805481169,0.6613995468574732,1.35283618615e-05,0.6234142508357762,0.0016764177631159,0.007558490543052,2.1262520896234425,0.0073475569942288,6.12246880471e-05,0.0
"Menganti, Gresik",9.056374067e-07,0.0168442411106411,3.0,2.4811983e-09,189.6603607756128,0.0001034645186986,4.61304428251e-05,4.2368564105e-05,1.26374841582e-05,1.86118615111e-05,3.464013e-10,0.924083356395732,365.00000003191496,0.0150273224043715,4.56034589488e-05,182.5,16211.282120971076,1.0000000000000002,0.0027322404371584,1.8980628821115928,3.53442427933e-05,0.0,0.8352884437323769,2.58152906374e-05,-0.0734721192519392,0.1693989071038251,0.6688949026103033,0.4262295081967213,91.15673099617884,-2.3260262079132765,1.50270646218e-05,8.7728403955e-06,5.937909e-08,1.22024902501e-05,3.8910599566e-06,-4.236843418e-07,0.0683060109289617,12.781538078837016,1.0882548663551452,59.0,15.0,1.0209810373074868,9.08270345403e-05,59.0,0.3087431693989071,4.97435336918e-05,0.7224862524086356,1.88102985e-08,0.1213414041514322,-2.0727709789059143,-2.946002329582785,0.7137236088054022,3.0882834730885818,65.0,0.4262295081967213,0.0,1.0992904416996985,-0.0332002675068689,0.1400384639949657,0.3510176323383717,4.891453e-10,0.0032020867443597,2.9775871805e-06,2.91418556529e-05,2.140529987818694,2.89448475013e-05,8.979776e-10,0.0,1.09121834417e-05,0.0421606063596937,2.0,2.98963929e-08,172.14870521705123,0.0004612348566297,8.68692712868e-05,6.489837903e-05,-0.000302355839033,0.0001492261323071,2.22684385e-08,0.828263351223915,365.0000042864658,0.0150273224043715,9.0186368271e-05,182.5,2319.1711668086373,1.0000000000000002,0.0054644808743169,1.8549719162904843,4.12599740152e-05,0.0,0.766746655798706,0.0001798716045208,0.0744645428778616,0.1967213114754098,0.3153151063122461,0.4617486338797814,27.75197276022219,-1.3896114556948556,0.0001173615699669,0.0001063046991495,5.44277071e-07,8.38464931389e-05,7.025736751e-05,-2.0617367596e-06,0.1693989071038251,40.29514634382072,1.2739442639048095,81.0,16.0,1.0282345121346654,0.0007635906956626,80.0,0.4262295081967213,0.0001726693628216,0.2998991658178943,-7.20744162e-08,0.1900531319545526,-0.3794383814327245,-10.09282358570201,0.8349297060849431,1.8562823058263465,53.0,0.4617486338797814,0.0,0.403193865122378,-0.0154692505555584,0.1545077349908344,0.2924231967912903,4.1949856e-08,0.0388012151895904,6.5632517915e-06,0.0002039311782934,2.1575155491818787,0.0002038108691668,4.51917535e-08,100.0,0.3119461124480205,10.59936540898784,3.0,0.0008546468834192,183.61450125668776,0.0367012741310256,0.0290413229210367,0.0289050919669014,0.0207940568445158,0.0029855226746633,8.9133456409e-06,0.9878743329546728,365.0013240042741,0.0150273224043715,0.028923667864906,182.5,129.72900647489072,1.0000000000000002,0.0027322404371584,1.9169111829103889,0.0295430263520961,0.0,0.748064225063224,0.0039970346555831,-0.2571971491230296,0.1939890710382513,0.9110704568173515,0.4153005464480874,32.511316788827514,-0.0437331623824993,0.0024033387429589,0.0019426782632462,1.89902840903e-05,0.0020326555601576,0.0012715784360057,-0.0001989202411925,0.0,14.603932895694674,1.4327855817744015,74.0,17.0,1.026061871834679,0.0159072172865098,74.0,0.3879781420765027,0.0291943792988456,0.2119652702478344,1.4513507935e-06,0.0824364465405126,-7.475631678294244,-1161.0494778157872,0.814954429370673,4.4105086994024845,61.0,0.4153005464480874,0.0,1.6208675699087614,-0.043239666674152,0.1351352428873905,0.5924561133665143,1.47160397607e-05,0.7090775660848692,0.0017146069821685,0.0075204872178425,2.1391205801802813,0.0072972151562736,6.02723177255e-05,0.0
Nunukan,1.56254778e-08,0.0016955417973704,3.0,6.51061e-11,124.45552307668213,1.65992078109e-05,7.0540934014e-06,6.9793336479e-06,-2.1588023173e-06,3.882753392e-06,1.50757e-11,0.9279812440750572,240.00000000159213,0.0228215767634854,6.8726158929e-06,120.0,99529.14727333756,0.998951235783278,0.0124481327800829,1.8629655797702367,6.2823022403e-06,0.0,0.7792736616809639,4.9044570005e-06,-0.43741922342278,0.2074688796680498,0.5517310192391927,0.4481327800829875,22.744884442002416,-3.145151130042004,3.0978285054e-06,2.5249539115e-06,1.43696543e-08,2.506099463e-06,1.6560088624e-06,-2.14599216e-07,0.0995850622406639,29.699816981431923,1.292171978338598,46.0,10.0,1.026874467509806,1.87580101282e-05,46.0,0.3526970954356846,8.0520809496e-06,-0.121979127723138,8.19836e-10,0.1477572792313113,-1.508799186611197,-0.1850424910701956,0.8159056916692825,2.2985263597777976,39.0,0.4481327800829875,0.0,0.7764706005269575,-0.0398191943162593,0.1518863019491577,0.5889125909704506,2.72397e-11,0.0006059889387633,6.07688184e-07,6.2177214013e-06,2.155115865509932,6.1829656583e-06,4.13281e-11,14.0,4.063463104e-07,0.0062179478395664,1.0,1.6931096e-09,126.76488882255413,0.0001046841789502,-1.8642539307e-06,-3.8842772482e-06,-0.0001015329980873,4.10196152226e-05,1.6826088e-09,0.8392234832259701,240.00000030848776,0.0228215767634854,-1.976804924e-07,120.0,9069.910500158574,1.0000000000000004,0.0082987551867219,1.984748364562524,-8.7352684204e-06,0.0,0.690222817813918,5.31691202922e-05,-0.1259214211479866,0.2240663900414937,0.085680979769868,0.4647302904564315,10.862934147105983,-1.9798710687955392,3.24002681701e-05,3.85557081543e-05,5.709266739e-07,2.53651683124e-05,2.99065604849e-05,2.1816986759e-06,0.2157676348547718,40.52645586248796,1.2550968839915362,63.0,12.0,1.0358647129926983,0.0002062171770375,63.0,0.4398340248962655,4.10619565502e-05,0.1077383909846747,4.00250324e-08,0.2309694895079134,0.0161965559202355,-0.3274609391366391,0.8983171817868822,1.775817170309817,43.0,0.4647302904564315,0.0165975103734439,0.1879275944639703,-0.0070794003515165,0.1462220812061148,0.2468292657096982,3.0464642e-09,0.0092533699570362,5.418481143e-07,4.44386238659e-05,2.1898004303839453,4.4433570129e-05,1.9966967e-09,83.0,0.1838977879503261,6.6070664054713975,7.0,0.0007662407831263,122.91236824302948,0.0342667326331138,0.027519712728908,0.0274459905922412,0.022046661004424,0.0023930675101453,5.7267721081e-06,1.073490523941046,240.00041515269567,0.0228215767634854,0.0274373902939259,120.0,126.95738432336164,0.998951235783278,0.0082987551867219,1.7803271102035676,0.0263236860744654,0.0,0.8672861580958218,0.0034342147409915,-0.366924820260905,0.1950207468879668,0.8982844323209874,0.3651452282157676,31.511822998361847,-0.470902654058252,0.0019787862289207,0.0012218656484037,-1.09239403779e-05,0.0017300499603151,0.0005901735275984,0.0002379479951091,0.0,12.563537413086104,0.9835975240420232,40.0,10.0,1.0235392876627314,0.0122200716286897,40.0,0.3858921161825726,0.0276235653164057,0.3173582551192274,8.0982879765e-06,0.0574269202576841,-10.82742872547296,-461.1924257170312,0.7387519399538676,6.671238491519255,39.0,0.3651452282157676,0.0,2.174173427976956,-0.0753596195943195,0.1184691239582869,0.6184720812237651,9.1903063015e-06,0.2932477556169035,0.0022766449520194,0.0075121005800405,2.061382099888956,0.0071348424300347,6.17277874156e-05,0.0
"Paciran, Lamongan",3.246208143e-07,0.0103919896868155,3.0,8.89372e-10,199.38142488762017,5.12838956638e-05,2.84609071746e-05,2.81072484661e-05,8.7809139586e-06,8.7703408509e-06,7.69188e-11,0.8403145046448222,365.00000001123306,0.0150273224043715,2.86124271345e-05,182.5,40850.85614117018,0.9993583051330968,0.0027322404371584,1.933218327444184,2.36569575554e-05,0.0,0.7515553471004642,1.16890305283e-05,-0.353145863716009,0.1857923497267759,0.7101976157006397,0.4344262295081967,36.37513863373532,-2.57892729309166,7.1389352763e-06,5.368962202e-06,-4.36507501e-08,5.8753358992e-06,3.3507844818e-06,-1.857701792e-07,0.0683060109289617,22.431434381880603,1.1532249596721678,69.0,19.0,1.0247162362808873,4.25029817051e-05,70.0,0.3387978142076502,2.97815734279e-05,0.1664955584542892,2.20772367e-08,0.1316312045788047,-2.456432287715397,-1.4978059865449702,0.7890582224317811,2.601344936994065,64.0,0.4344262295081967,0.0,0.9304383146077844,-0.0305449911568678,0.1489820360508008,0.4056281165939835,1.082967e-10,0.0019596712037329,1.9597723176e-06,1.4403638193e-05,2.159364368473629,1.42393827015e-05,2.179091e-10,0.0,6.2009040468e-06,0.0318662253771376,2.0,1.69887782e-08,181.06457946356136,0.0003511662410649,3.31006956532e-05,2.69580060982e-05,-0.0002661117875201,0.0001258836952546,1.58467047e-08,0.749239383436822,365.0000036034928,0.0150273224043715,2.7674884374e-05,182.5,2985.196913335596,0.9993583051330966,0.0027322404371584,1.9610805103751523,1.16633253431e-05,0.0,0.7225037473275102,0.000160324410421,-0.224784809128808,0.2076502732240437,0.1230845696946213,0.4590163934426229,12.782813881537852,-1.333449326671984,9.95887737403e-05,0.0001080466901128,7.101833433e-07,7.84979445294e-05,8.77829782741e-05,9.0153613807e-06,0.1857923497267759,34.45316375441977,1.2961255128671043,83.0,18.0,1.0292315011315836,0.000617278028585,83.0,0.4234972677595628,0.000130162824123,0.1548971249073344,1.548240407e-07,0.2046491578838552,-0.1407620403015308,-6.66206485618644,0.8945652268474513,1.913793478430448,58.0,0.4590163934426229,0.0081967213114754,0.3590249842924113,-0.0117027554978911,0.1459499212174734,0.2328771568778438,2.94352417e-08,0.0394370418911844,2.9311422089e-06,0.0001714125896066,2.1827182468886983,0.0001713791403465,3.00792382e-08,127.0,0.3261721095085239,10.840512623156709,3.0,0.0008936222178315,185.07759074688573,0.0381157919764518,0.02969817797851,0.0293240182412167,0.0214683692902326,0.0030329609013656,9.1988518292e-06,0.8442813182555977,365.00118005675256,0.0150273224043715,0.0297098490409552,182.5,99.6386125089592,0.9993583051330966,0.0027322404371584,1.8550407313269643,0.0289597094990312,0.0,0.7724320605554348,0.0044292990816757,-0.3862211448823269,0.180327868852459,0.9152375715417366,0.4180327868852459,31.49727086766013,-0.1221491509812873,0.0024928759965579,0.0017836211011085,1.26787133889e-05,0.002102060864369,0.0011128927063611,-3.6917626857e-06,0.0,17.339128058210758,1.3836121445073193,70.0,13.0,1.025053267749791,0.0166474226862191,71.0,0.3989071038251366,0.0298526485771777,0.2500534274585334,3.5002598194e-06,0.0775169742678131,-7.749308870376574,-1202.5143541088692,0.7928065731365651,4.95908799892208,54.0,0.4180327868852459,0.0,1.7605723847228218,-0.0445091333146747,0.133447282332006,0.5998429825559328,1.3903348736e-05,0.6510217019046344,0.0018103701548711,0.0077099713424714,2.1195423966776747,0.0074735452368033,6.50838844187e-05,0.0
"Pilangkenceng, Madiun",1.797130247e-07,0.0078201235110856,1.0,4.937171e-10,158.43852508999282,4.01148604576e-05,2.14618067074e-05,2.16194053972e-05,2.8773593411e-06,5.6351844801e-06,3.17553e-11,0.5965401557428818,364.0000000087813,0.0150684931506849,2.08560137316e-05,182.5,120347.52237603944,1.0000000000000002,0.0027397260273972,1.9765409104521456,2.33579849551e-05,0.0,0.6053683688378793,5.2533754729e-06,1.4120016105462394,0.1890410958904109,0.7428961469772339,0.4602739726027397,19.829762333643465,-2.764661124871561,4.0426418529e-06,4.6513364974e-06,-1.52369255e-08,2.5643154172e-06,3.2405500158e-06,-2.27048747e-08,0.1068493150684931,42.79976613472288,0.9108980278757812,108.0,19.0,1.0375169582607129,3.72375011165e-05,109.0,0.463013698630137,2.21892868581e-05,0.2802826740954716,-2.27048747e-08,0.1565435755542121,-2.707812876765193,-0.8300574590503365,0.8579145549321664,1.9196067972168875,59.0,0.4602739726027397,0.0,0.6112054134916077,-0.0242014406859517,0.165179178306031,0.5034632307217611,5.02506e-11,0.001693086485076,1.3587852223e-06,7.4284715935e-06,2.172272771385765,7.2771832467e-06,5.66162e-11,0.0,5.2628358969e-06,0.0304428021291231,1.0,1.44583403e-08,150.77683698112617,0.0004667199104287,7.84436836558e-05,7.82158507442e-05,-0.0002343877980531,9.0913788719e-05,8.2653169e-09,0.6151144405170684,364.0000028808639,0.0150684931506849,5.69586552514e-05,182.5,50553.96244123274,1.0000000000000002,0.0082191780821917,2.0098735753456847,8.11106707637e-05,0.0,0.6305073181122024,3.66936505961e-05,4.082718338388142,0.1972602739726027,0.3666562562216157,0.4684931506849315,4.715636050870966,-1.5121888594332584,5.22574238295e-05,8.06301302554e-05,-6.657724902e-07,6.1189410558e-06,5.4653434158e-05,-3.25475588e-08,0.2164383561643835,54.45232371766813,0.8814828998888641,104.0,16.0,1.0360593940223497,0.0007011077084818,104.0,0.4520547945205479,0.0001200780099966,1.0098309670681431,-3.25475588e-08,0.2220887866540051,-0.5483582610351201,-3.2606735306186625,0.9243954166753542,1.7843160473628183,59.0,0.4684931506849315,0.0,0.0960399579200787,-0.0071025616183926,0.1528322616484205,0.4112314701638573,1.6142991e-08,0.0293493674129762,3.6827650268e-06,9.06580097111e-05,2.195066729340488,9.05444315731e-05,8.2072886e-09,84.0,0.3283631192070761,10.813141504673531,40.0,0.0009020964813381,162.47457494204343,0.0418193240224824,0.0296987252186242,0.0289895988150568,0.0205051755314505,0.0041965109933882,1.76107045176e-05,0.707043359864829,364.0020689601112,0.0150684931506849,0.029347895065514,182.5,87.56617357608707,1.0000000000000002,0.0027397260273972,1.899076574645009,0.0279651275033116,0.0,0.7701254645791235,0.0050813763493401,0.3488808188052634,0.1780821917808219,0.9015366874949492,0.4356164383561643,44.00477652460661,-0.0674355663883404,0.0032855671415837,0.0025042732148974,-1.36459619763e-05,0.0025442249606457,0.001876533750535,-2.53259429845e-05,0.0,29.99640943544584,1.1000021789043368,113.0,14.0,1.0389670124804185,0.0213141484910319,113.0,0.4438356164383562,0.0299937490842504,0.7702419374019644,-2.53259429845e-05,0.092278978742592,-6.732949028806898,-1154.9015137652248,0.585422083426093,3.587037846116452,59.0,0.4356164383561643,0.0,1.4116227581416798,-0.0409662439533382,0.147333249417702,0.3412085237246433,1.73394129098e-05,0.9115554502226724,0.001678427853107,0.0063930560701807,2.128736219242953,0.0061466788085226,4.46147300364e-05,0.0
"sambeng, lamongan",3.790335225e-07,0.0111655084359531,6.0,1.038448e-09,194.6485745062645,5.74397932117e-05,3.05910877298e-05,2.93515296561e-05,6.8181675487e-06,9.9897982344e-06,9.9796e-11,0.8900281230836864,365.0000000127866,0.0150273224043715,3.09470453885e-05,182.5,30103.571063016927,1.0000000000000002,0.0027322404371584,1.90982154199874,2.45357365308e-05,0.0,0.7853079069513278,1.39695066422e-05,-0.4202858814613046,0.1721311475409836,0.7416046907030891,0.4453551912568306,122.82631116416502,-2.602027162548852,8.1609359803e-06,5.638967311e-06,2.25199267e-08,6.8632381195e-06,3.3643259255e-06,-6.440317924e-07,0.0628415300546448,28.514857645263536,1.2743222490753985,66.0,15.0,1.023533330462384,5.06216256629e-05,67.0,0.3770491803278688,3.21809060975e-05,0.2476971700968613,1.77439518e-08,0.1336817770871589,-2.519609094418,-1.5452519307871038,0.6797758855244237,2.3800054328778457,54.0,0.4453551912568306,0.0,0.8802368547086294,-0.0300158422463688,0.1555771915364758,0.2792809670528327,1.227848e-10,0.0020582230685483,1.8642837394e-06,1.31650401073e-05,2.1515135427897407,1.30046464726e-05,1.799149e-10,0.0,6.1270330876e-06,0.0330477622234761,2.0,1.6786392e-08,192.26692366352003,0.0003603501245379,5.51468893181e-05,4.85955834543e-05,-0.0002344076783629,0.0001170442145528,1.36993481e-08,0.7949346912799623,365.0000025581362,0.0150273224043715,6.44745108729e-05,182.5,3374.8636065405,0.9993583051330966,0.0027322404371584,1.9269664175966617,3.32333329424e-05,0.0,0.725657680520926,0.0001367268687317,0.1370266469375844,0.2021857923497267,0.2912378494642466,0.4562841530054645,21.989090514878967,-1.4337700782217568,8.96066742343e-05,8.50255817944e-05,-5.122448304e-07,6.78458608628e-05,6.48231090356e-05,-5.421604458e-06,0.1612021857923497,40.39391980319065,1.4250819392051508,79.0,16.0,1.0277346589190233,0.0005947578029008,78.0,0.4153005464480874,0.0001293851906585,-0.1023108551910834,2.793912872e-07,0.1898544445644489,-0.2835654124604559,-7.975229913917028,0.847179081304994,1.9521214873034327,60.0,0.4562841530054645,0.0,0.4544535139089271,-0.0155205217081633,0.1501279667603043,0.2190036765170542,2.27095287e-08,0.0310343373549641,4.0935644979e-06,0.0001569022944366,2.182205369934619,0.0001568390280779,2.55574132e-08,98.0,0.3125751849265653,10.609934783504835,2.0,0.0008563703696618,185.4092318751436,0.0370823323726654,0.0290779206407157,0.0288107578953106,0.0220477441946665,0.00291634893675,8.5050911208e-06,0.7643715849404228,365.0013776581917,0.0150273224043715,0.0290166658393683,182.5,105.01950507031572,1.0000000000000002,0.0027322404371584,1.920791104182085,0.0273098500569661,0.0,0.7239096596086813,0.0042708879323689,-0.2908994175979029,0.1939890710382513,0.8873074204477058,0.412568306010929,45.81462701008949,-0.064317596486688,0.0023751570574957,0.0020551064458879,8.9605295494e-06,0.0020779316624005,0.0015628693195489,2.26755936941e-05,0.0,20.37691647656563,1.5779656557987354,86.0,13.0,1.0300595783296291,0.0150345881779989,86.0,0.412568306010929,0.0292238012570002,0.3556627943648417,3.7161192012e-06,0.0837413006999489,-7.656518657261754,-1141.5151775902264,0.7874490515247935,4.296188745286337,61.0,0.412568306010929,0.0,1.574015155092615,-0.0429029499016348,0.1354496327879089,0.5020180495426243,1.21121286583e-05,0.7501138527490898,0.001739557855044,0.007021701972316,2.145499185935623,0.0067775288084366,5.22625293296e-05,0.0
"Sidoarjo, Wonoayu",7.070954119e-07,0.015743453698078,22.0,1.9425698e-09,194.954860808353,6.32197749967e-05,4.32720276609e-05,4.29566742375e-05,2.75978062828e-05,8.0485604946e-06,6.47793e-11,1.4647862669669,364.000000000502,0.0150684931506849,4.27350011023e-05,182.5,35643.3000060528,0.912962542742042,0.0082191780821917,1.36542687658977,4.00654953327e-05,0.0,0.967216296477244,1.30335126849e-05,-0.568869720843618,0.112328767123288,0.917282236485432,0.306849315068493,98.2060646945444,-3.45689209076853,6.7204003906e-06,8.770159004e-07,6.48593195e-08,6.442650721e-06,3.82136024e-07,0.0,0.0,-1.08530241136674,0.874132990649738,46.0,10.0,1.02965387742021,3.56219687138e-05,51.0,0.0356164383561644,4.40141761699e-05,0.292077726519583,2.5707812e-08,0.0436726373202472,-7.64190568692896,-2.07801468195895,0.449925047802549,10.3759113104401,50.0,0.306849315068493,0.0,2.81283499929725,-0.0536462542844025,0.0991477313408449,0.689161905684354,4.60292e-11,0.0003192337877773,2.6537605041e-06,1.31872739717e-05,2.00705982441382,1.29066162367e-05,2.061375e-10,0.0,1.53267303258e-05,0.0625684448124194,20.0,4.21064019e-08,213.455246435931,0.0004383778420257,0.0001721105140905,0.0001284095856135,1.30297775707e-05,0.0001112160641633,1.23690129e-08,1.54440175127681,364.000000113285,0.0150684931506849,0.000172711128875,182.5,1848.28888312257,0.940094711649549,0.0027397260273972,1.4161031520276,7.6831987239e-05,0.0,0.941932369597758,0.0001826259137183,-0.757745611244121,0.112328767123288,0.734575550977029,0.361643835616438,141.857398164098,-2.20494263205746,9.67521037401e-05,1.51383168303e-05,8.672787949e-07,6.66166052139e-05,8.4330036128e-06,0.0,0.0164383561643836,1.15282792503778,1.09139228265564,58.0,8.0,1.03377689524261,0.0004253480644549,57.0,0.0219178082191781,0.0002049171588435,0.663319822672314,3.070538869e-07,0.0741142540350095,-1.97874872268221,-14.8381718717436,0.485501345500355,5.56656043370788,56.0,0.361643835616438,0.0,1.873537867604,-0.0457049033589441,0.117840854172442,0.245346122616868,1.02390135e-08,0.0055103473262462,1.12397241673e-05,0.000131733522987,2.00362698604799,0.0001312486580301,2.26036398e-08,0.0,0.365994007470426,11.4015854284108,46.0,0.0010054780425011,207.164874589354,0.0430054185912012,0.0313204232302759,0.0303177426755427,0.025158090982586,0.0046641608907227,2.17543968145e-05,1.77793016207448,364.000021487199,0.0150684931506849,0.0310892369210099,182.5,69.4979651038918,0.954374573498787,0.0027397260273972,1.16704618982787,0.0278351901238783,0.0,0.974509680855488,0.0062549525608469,0.227908457195554,0.10958904109589,0.982394874422472,0.131506849315069,50.4061146018203,-1.15843504498411,0.003643999845448,0.0002052389690403,1.98960377917e-05,0.0027328110056428,0.0001417796704031,0.0,0.0,-0.819838831523731,0.500866990172142,46.0,5.0,1.02681466979789,0.0178473276086152,48.0,0.0191780821917808,0.0316658066080458,1.05944697688706,3.4380730415e-05,0.0192254228499319,-15.4369818862417,-1319.77447139049,0.275341480411513,25.5392506757941,54.0,0.131506849315069,0.0,4.64355424355283,-0.0600238363648106,0.0686522384542966,0.298370338301582,6.921897413e-06,0.0747069847306934,0.0017980374070017,0.0065861999682033,1.94583096516094,0.0063234081347607,4.97953735928e-05,0.0
"Socah, Bangkalan",3.632362654e-07,0.010881421570586,1.0,1.0232007e-09,172.08352198718566,6.10070370991e-05,3.06539563477e-05,3.08733973815e-05,-1.061653279e-06,8.9811774612e-06,8.06615e-11,0.8167923789280608,355.00000001845484,0.0154494382022471,3.03164903332e-05,177.5,225887.404252636,1.0000000000000002,0.0028089887640449,1.969637373952424,3.30761264289e-05,0.0,0.6878379569820475,2.7468568784e-06,3.26900681839516,0.1853932584269663,0.7210281279242206,0.4438202247191011,8.731503158906403,-2.580424254623275,5.1977432201e-06,6.3193871073e-06,-5.4117153e-09,1.3592895381e-06,2.7500529929e-06,-9.5409145e-09,0.0926966292134831,32.014607456922654,1.2231484414110376,83.0,15.0,1.0298122474575455,6.20686903782e-05,82.0,0.4297752808988764,3.19425513752e-05,-0.1179839742572678,-9.5409145e-09,0.1486624004654657,-2.396637707733936,-1.33942619305365,0.8829034458363115,2.1322011300499017,61.0,0.4438202247191011,0.0,0.6894346188595801,-0.0268723913849491,0.1538712909271813,0.6772184090390576,1.418067e-10,0.0022433824231025,1.6034821301e-06,1.31327422951e-05,2.176998325375584,1.29979527745e-05,1.748152e-10,4.0,8.3112584853e-06,0.0305064150864104,1.0,2.34119957e-08,190.12454441068647,0.0005016186041757,4.14336665205e-05,3.92047730947e-05,-0.0004263567971065,0.0001470696534952,2.16294829e-08,0.6380067363005245,355.0000071664507,0.0154494382022471,3.72353394292e-05,177.5,5038.580880304277,1.0000000000000002,0.0028089887640449,2.000138657239866,8.40296735987e-05,0.0,0.6286558741412857,8.82123164653e-05,2.069918910046902,0.2022471910112359,0.1274148573950797,0.4719101123595505,9.208954372582264,-1.295453809569382,9.20527663032e-05,0.0001346937850375,6.23643453e-07,4.34696897476e-05,8.32216111798e-05,8.105067e-08,0.2191011235955056,52.43275793273301,1.0283114200470422,95.0,15.0,1.0340573864955451,0.0009279754012822,95.0,0.4606741573033707,0.0001527947371494,-0.0282922061336627,8.105067e-08,0.2319165855447344,-0.1553813092289548,-3.1095439246057666,0.9118686104893295,1.7271466368407684,60.0,0.4719101123595505,0.0056179775280898,0.1195390065529677,-0.0047953039449344,0.1527756673001288,0.2418490284089536,3.92927985e-08,0.0478162936883279,1.4426794609e-06,0.0001569060121559,2.192717306864373,0.0001568963157459,2.4773726e-08,115.0,0.3009051563998248,10.28252813473432,1.0,0.0008476201588727,176.2311629697431,0.0377066880464553,0.0289632273607261,0.0290464181317397,0.0203304110715786,0.0025240174764012,6.3706642211e-06,0.6806232870749853,355.00161230535457,0.0154494382022471,0.0286723639195163,177.5,551.2430843672792,1.0000000000000002,0.0028089887640449,1.9753817256919253,0.0298873634077607,0.0,0.6685528048028287,0.0015623373910784,1.8863475814170467,0.1938202247191011,0.9021907219486188,0.4213483146067415,6.37915721000971,-0.0988600686017209,0.0016309853718937,0.0020698035614994,1.4325650816e-06,0.0007441841686765,0.0014692830542723,-1.8486838003e-06,0.0,23.500324361730023,1.008490196343348,92.0,14.0,1.0330444142297404,0.0173762769748767,92.0,0.449438202247191,0.0290729978394092,0.2857882975606609,-1.8486838003e-06,0.0920627448302321,-8.145654854599602,-995.8751928444004,0.8895232948487101,3.555379532623884,61.0,0.4213483146067415,0.0,1.3950282260326508,-0.0418813131027466,0.1451731611669424,0.7422911376831044,1.08087648942e-05,0.7347802643322993,0.0017340801211445,0.006701748176554,2.139520695176751,0.0064478670775437,4.76612116586e-05,0.0
"Sreseh, Sampang",2.437782863e-07,0.0086247101890464,9.0,6.752861e-10,163.94826238225713,4.80196285934e-05,2.38647261062e-05,2.42804916751e-05,-7.910086424e-06,1.01929155936e-05,1.038955e-10,0.9214850815230476,361.0000000145037,0.0151933701657458,2.41609138962e-05,180.5,33814.57077037414,1.0000000000000002,0.0027624309392265,1.8432723688143977,2.28512568355e-05,0.0,0.8167049765868959,1.48870836937e-05,-0.2602883347179645,0.1740331491712707,0.6664195703991582,0.4475138121546961,54.93781061515986,-2.6432159623068507,8.2548534535e-06,5.4839540969e-06,2.33195424e-08,7.4285944037e-06,2.616690881e-06,-3.978469976e-07,0.0883977900552486,34.73621578848359,0.7188831186625229,55.0,12.0,1.0200302415836022,5.59297150175e-05,56.0,0.3867403314917127,2.59503502948e-05,-0.2611446504623874,-1.96982603e-08,0.1456769003183004,-1.813619885001079,-1.3291414638759254,0.7507648072535984,2.216741996301052,52.0,0.4475138121546961,0.0,0.7589660207595514,-0.027213087432733,0.1565827765568799,0.3339308358225186,1.262585e-10,0.0019797074289868,1.1355754627e-06,1.34813308883e-05,2.1321457124505385,1.34263621916e-05,1.971502e-10,10.0,3.3837211807e-06,0.0229266712930921,2.0,9.3731888e-09,210.0327979176422,0.0002932171919383,2.11122419295e-05,1.45375684715e-05,-0.000249446980888,9.43481283342e-05,8.9015693e-09,0.8399993678678965,361.0000019411991,0.0151933701657458,1.99630948271e-05,180.5,3873.792655340085,1.0000000000000002,0.0027624309392265,1.927976226971457,-5.2481031161e-06,0.0,0.7651177320198075,0.0001133298505161,0.1720746358324865,0.2016574585635359,0.156350615255434,0.4558011049723757,19.921547560284115,-1.5120596271868736,7.39520544166e-05,7.34209788252e-05,-5.019766801e-07,5.89527510239e-05,4.52838467868e-05,2.3532545633e-06,0.1823204419889502,38.311831970553634,1.1268647446060882,79.0,18.0,1.0279105844184249,0.0005426641728263,78.0,0.4033149171270718,9.66814153778e-05,0.1424708795980286,9.57026884e-08,0.2036000378927372,-0.108061211509968,-4.822560944823477,0.8725642506371134,1.866886816518572,59.0,0.4558011049723757,0.005524861878453,0.3218694953903189,-0.0121036110847264,0.147471219736169,0.2205205428055218,1.62526657e-08,0.0265049733559138,1.1062656475e-06,0.0001324908411272,2.167504924144062,0.0001324854437106,1.85615025e-08,108.0,0.3001284186263094,10.334233529306934,4.0,0.0008313806610147,178.34262365831626,0.0386644899845123,0.0286297500555439,0.0282798599717872,0.021544212475419,0.0030694366114206,9.4214411115e-06,1.0424843835795732,361.0011934442167,0.0151933701657458,0.0285221091471611,180.5,107.07838905806553,0.9984546721760592,0.0027624309392265,1.8324443514189808,0.0275363096036016,0.0,0.8637640727803793,0.0042141907382756,-0.1779981465519666,0.1795580110497237,0.91802690829793,0.3950276243093922,21.949312599892,-0.1148321672865177,0.0024734914629233,0.001694321100938,7.226965145e-06,0.0021023103701216,0.0008790008723735,9.6309185028e-05,0.0,8.444975537367739,0.8041234984638576,54.0,16.0,1.019508282075393,0.0171202775090933,53.0,0.3287292817679558,0.0287938192908555,0.4140328507824737,-2.9610060193e-06,0.0757449241343076,-7.546029543581277,-1158.4965128418596,0.7927698952803972,4.919090073992349,58.0,0.3950276243093922,0.0,1.7612747343928352,-0.0454551161688925,0.1303221974911417,0.6848865627335483,1.69779798624e-05,0.6116499174386262,0.0016983332042741,0.0078299480058295,2.0985785257801983,0.0076239518560201,6.75236039328e-05,0.0
"Tanah Merah, Bangkalan",2.182459143e-07,0.0088474466853412,2.0,5.97934e-10,172.24691426626524,3.20128237945e-05,2.42393100801e-05,2.45492150546e-05,1.63897002494e-05,2.9590808323e-06,8.7561e-12,0.78860230450379,365.0000000016773,0.0150273224043715,2.40712872363e-05,182.5,158853.65927970616,1.0000000000000002,0.0027322404371584,1.9429451738791848,2.49824181992e-05,0.0,0.6294015662309372,3.4304579248e-06,0.3763970109737107,0.1693989071038251,0.8635135342388062,0.4153005464480874,32.64283679617414,-3.108301856690831,2.2761988778e-06,1.7796877773e-06,-1.73791933e-08,1.7205401458e-06,5.837797442e-07,-1.73791933e-08,0.0,26.40486431813416,1.0328464867833835,59.0,14.0,1.0209810373074868,1.5623123545e-05,59.0,0.4453551912568306,2.44192610972e-05,-0.2633659948816208,-1.1707972e-08,0.0990147416082149,-6.026698406534507,-0.9640482971305436,0.8294936932052515,3.3339468966803656,55.0,0.4153005464480874,0.0,1.272249043035932,-0.0389616483464582,0.1421698102907308,0.5074362343763372,1.29091e-11,0.0006495860387267,1.4221808345e-06,6.6235932427e-06,2.1556688121075744,6.4518412201e-06,4.74063e-11,0.0,7.0570439258e-06,0.0505600692837775,21.0,1.93343669e-08,192.78246988179177,0.0001686773830442,0.0001385238132463,0.000138123952756,0.0001065830741329,9.6277694577e-06,9.26939e-11,0.754575868457829,365.0000000118573,0.0150273224043715,0.0001386314233029,182.5,36685.91485677268,0.9984744065485794,0.0027322404371584,1.869414671494458,0.0001345255131429,0.0,0.6481423933441554,1.357483713e-05,0.5870811643661495,0.133879781420765,0.938888041149666,0.3743169398907104,40.633955040015,-2.869514383030672,7.6215935733e-06,3.2229997176e-06,7.20985551e-08,6.6696129022e-06,7.24957924e-08,7.24957923e-08,0.0,13.232015191153602,0.7805937326287072,30.0,7.0,1.0110547230240243,6.20943089113e-05,30.0,0.4398907103825136,0.0001388579878186,0.007792865359823,6.31697028e-08,0.0614518896645148,-11.884087856294348,-5.22587549914628,0.7215687584809723,5.974040321508911,57.0,0.3743169398907104,0.0,2.023744787844624,-0.0486547180137162,0.1221994490053159,0.4373644390385656,8.3633e-11,0.0011763948969267,8.0366741211e-06,3.06699191704e-05,2.083479805771788,2.95191221441e-05,1.0451077e-09,0.0,0.2904505580031964,10.282226686768468,3.0,0.0007957549534334,182.2710604396784,0.0287840394303202,0.0281699430398812,0.0281887568202959,0.027365606278181,0.0001872663915932,3.50687014e-08,0.9908741585631916,365.0000039421295,0.0150273224043715,0.0281625585079068,182.5,3756.529690771354,1.0000000000000002,0.0081967213114754,1.839825079843641,0.0281457445118575,0.0,0.7346318040863326,0.0001474164126921,2.640026542671788,0.1448087431693989,0.9823275407553814,0.0,11.635762053222708,-1.427250228684671,0.0001275101685248,6.7468500408e-05,3.436273092e-07,7.19339617282e-05,7.193396173e-07,-7.193396172e-07,0.0,-0.5279914999133419,0.8492638790608417,27.0,9.0,1.0098096962302503,0.0014184331521392,27.0,0.407103825136612,0.0281705654819276,-0.365008526533723,-2.917366997e-07,0.0079734911522119,-119.16276265464836,-963.0504385980444,0.8107523982944395,58.08546816980397,59.0,0.0,0.0,7.170568030806715,-0.0624547841868087,0.0472997257331535,0.8877376438059557,5.07508217e-08,0.0246260026489225,0.0016368685753217,0.0059750753437845,1.969638454562069,0.0057358199850503,4.11949379031e-05,0.0
"Tikala, Manado",3.11281878e-08,0.0029065978007565,5.0,8.52827e-11,173.30481370493945,1.95006359717e-05,7.8202003355e-06,8.2505840737e-06,-5.380816674e-06,4.8881653173e-06,2.38941e-11,1.253591439005802,365.00000000186856,0.0150273224043715,7.7852890797e-06,182.5,80368.24859403101,0.9685224618311516,0.0027322404371584,1.7814354983577243,8.3039822811e-06,0.0,0.8993670400698377,6.9455693515e-06,-0.4495887704648651,0.1612021857923497,0.5663065900654276,0.448087431693989,27.68427231461288,-2.994939373470721,4.024114805e-06,1.9249162076e-06,-1.32388939e-08,3.5656312113e-06,8.557111868e-07,2.521231294e-07,0.0628415300546448,5.369615119734159,0.8669017404524682,40.0,14.0,1.0147549523586752,2.48814526457e-05,41.0,0.2295081967213114,9.2222390696e-06,-0.1052132746071134,-7.7768174e-09,0.1247284890730223,-1.3164566128625637,-0.6781867175992755,0.7449065898233509,3.1890242195760323,57.0,0.448087431693989,0.0,1.1488101273264897,-0.0323262324319204,0.1419809659214662,0.4194629119131279,4.00498e-11,0.0007025944157987,5.288592771e-07,8.2588454669e-06,2.12279110554612,8.2385820413e-06,7.46464e-11,22.0,3.8071902888e-06,0.0259775163527476,2.0,1.04306583e-08,202.05692419242047,0.0003039902076125,-1.00810888704e-05,-8.4508787949e-06,-0.0003030946827493,0.0001014915312046,1.03005309e-08,0.904874108708813,365.00000174425554,0.0150273224043715,-1.33275871121e-05,182.5,4126.439508964463,0.9974332205323864,0.0081967213114754,1.875168555435384,3.08020069496e-05,0.0,0.8113555554211691,0.0001283471827264,0.3358325728544384,0.1830601092896175,0.1805779854849764,0.453551912568306,18.124099900326183,-1.5371957183196894,7.98901408194e-05,6.17969658693e-05,2.174042156e-07,6.54674358884e-05,3.49127913068e-05,-8.0603640526e-06,0.1721311475409836,30.216639406850124,0.8687795219232884,53.0,14.0,1.0192660151947968,0.0006070848903618,54.0,0.3879781420765027,0.0001019909763609,0.0525285636284522,5.77252509e-08,0.1916643997631251,-0.0244571527050971,-6.249537818476089,0.8337116176030294,2.006481026604354,56.0,0.453551912568306,0.0081967213114754,0.4667198140259932,-0.0150534639389162,0.144913922861068,0.256840202255957,1.80216244e-08,0.0225558925422948,8.4673388e-07,0.0001515548019828,2.1509242754908384,0.0001515518593653,2.45091656e-08,81.0,0.2359562020852984,9.182491060346347,7.0,0.0006464553481788,186.967252986362,0.0334461443126201,0.025171024371142,0.0248996995921645,0.0164867080748081,0.0033329579720063,1.11086088431e-05,0.9963118787379563,365.0010965486533,0.0150273224043715,0.0251301610842346,182.5,96.1928074197704,0.9993583051330968,0.0054644808743169,1.823781259022768,0.0241184543818235,0.0,0.8221267813525285,0.0047695208340883,-0.4789078536726654,0.1721311475409836,0.8865437324353277,0.4180327868852459,85.58309788437866,-0.1253071082459802,0.0027535359463868,0.0016227855410886,1.20517478822e-05,0.0023252012740288,0.0009890180081129,0.0001539224758743,0.0,16.860085474628747,1.307252767077786,64.0,13.0,1.0226852345613489,0.016959436237812,63.0,0.319672131147541,0.0253907281647413,0.2244011013843402,4.8504527172e-06,0.0809198113603262,-6.410700243623502,-1087.0304597067047,0.7338197418176634,4.592850092046336,62.0,0.4180327868852459,0.0,1.6670386057564146,-0.0436310334022002,0.1332035859400881,0.7917022859152841,1.66698904744e-05,0.5923167224973442,0.0015274752132064,0.0075841696620301,2.111310039070488,0.0074151971744331,6.38508148833e-05,0.0
"Waru, Pamekasan",1.12319717e-07,0.0059009344806551,5.0,3.077252e-10,168.84488961686313,3.31195042235e-05,1.61359382595e-05,1.58689690579e-05,-2.2653782707e-06,6.8202616823e-06,4.65159e-11,0.9304184889060764,365.0000000057869,0.0150273224043715,1.59290181727e-05,182.5,54239.95025546198,1.0000000000000002,0.0027322404371584,1.835247933744934,1.36578188516e-05,0.0,0.8003320226116529,8.5807611033e-06,-0.1870610983249845,0.180327868852459,0.6887326961930986,0.4344262295081967,41.05617806338728,-2.78407771423526,5.4088776391e-06,3.7065842231e-06,7.2239328e-09,4.3735750296e-06,1.8478820796e-06,8.35469917e-08,0.0737704918032786,26.4838604145652,0.8293898062853554,60.0,16.0,1.021322736901369,3.53848824943e-05,60.0,0.3497267759562841,1.75181184186e-05,0.0634952656060426,-9.9546456e-09,0.13584256464976,-1.8486827182465404,-0.9957528210093772,0.7707565219449717,2.471541937991724,56.0,0.4344262295081967,0.0,0.8635128050869224,-0.0294582524123533,0.1488176966124629,0.4227675837782881,7.72214e-11,0.0013529032414642,6.737109335e-07,9.8473892742e-06,2.1424006352829235,9.8198509637e-06,1.046791e-10,6.0,3.3750064136e-06,0.0252289906558667,3.0,9.2465929e-09,184.64295734285932,0.0002608241435761,1.12827031827e-05,5.0525631781e-06,-0.0001972867175936,9.53626216495e-05,9.0940296e-09,0.983929739814236,365.0000012940104,0.0150273224043715,1.07090757713e-05,182.5,3173.3089667324066,1.0000000000000002,0.0081967213114754,1.892654020114211,8.8631699327e-06,0.0,0.7955954498055947,0.0001418508153518,-0.4173596396041676,0.1939890710382513,0.2163795223519017,0.4617486338797814,31.62286923964697,-1.5587360838540032,7.69415601999e-05,5.66002136341e-05,1.875959846e-07,7.00584775889e-05,3.38472782459e-05,1.5536912321e-06,0.1284153005464481,25.337619804152265,1.0199365021183997,65.0,14.0,1.0228550659105913,0.0004581108611696,64.0,0.3825136612021858,9.6027751192e-05,0.1499572368232159,7.03477927e-08,0.1815104090108846,-0.0211091451291806,-6.811187463486828,0.8310095970969311,2.0691675325272216,57.0,0.4617486338797814,0.0054644808743169,0.5936159688395088,-0.0176736946900231,0.1477533212459945,0.159843163424902,1.51482937e-08,0.0206590779764704,3.775648205e-07,0.0001380463800048,2.166453778116717,0.0001380457496218,1.98762948e-08,95.0,0.2728159162434501,9.911389610543829,2.0,0.0007474408664204,178.9159492235279,0.0347780734300613,0.0271575462775396,0.0271900122364361,0.0195908397436141,0.0028047029154774,7.866358444e-06,0.8396127221274393,365.0013620315536,0.0150273224043715,0.0271526501824457,182.5,129.58034584951386,1.0000000000000002,0.0027322404371584,1.9052376273372191,0.02794381827116,0.0,0.7531700627007136,0.0037886042599424,-0.0759042533674967,0.1857923497267759,0.9003288023473011,0.407103825136612,20.98546844181017,-0.0732600538534966,0.0022279534734192,0.0018550885846353,-1.604650935e-06,0.0019136465021541,0.0011339469088448,0.0003033012151717,0.0,15.188686382445717,1.3548206458578618,67.0,18.0,1.0237026322725993,0.0151872336864471,67.0,0.3825136612021858,0.0273019903717804,-0.1046690942896021,-4.3948459641e-06,0.0826383359058295,-7.526397237296609,-1081.444870175053,0.8188878564597593,4.149613880691264,58.0,0.407103825136612,0.0,1.555722286895009,-0.0431875692539128,0.1344232479800142,0.6439259845273962,1.3589877763e-05,0.6771073333919051,0.0015776742760583,0.0069961178197022,2.1396723256004564,0.0067936369613858,5.21613089927e-05,0.0
"Warudoyong, Kota Sukabumi",5.329787318e-07,0.0126444627282613,29.0,1.4602157e-09,213.86922103303064,6.88813161104e-05,3.46548234539e-05,3.65230135228e-05,2.6228262636e-06,1.59771478925e-05,2.552692e-10,1.2564991087318345,365.0000000057533,0.0150273224043715,3.42436605933e-05,182.5,32739.118615472024,0.9813569300447754,0.0054644808743169,1.5590694228654598,3.90649956794e-05,0.0,0.9725633699849856,1.66856694553e-05,-0.357879299272509,0.1284153005464481,0.7917761620960774,0.3743169398907104,61.50525215036905,-2.906206503044615,1.23383848661e-05,2.5409481584e-06,1.005209226e-07,8.1017636864e-06,9.382256885e-07,2.49975629e-08,0.0191256830601092,9.198422143279297,0.8155575382020337,21.0,11.0,1.0085587386261228,6.62584898468e-05,22.0,0.1147540983606557,3.81605299151e-05,-0.3125579516935767,7.75834888e-08,0.0835825616022908,-2.495765503228651,-2.471395272513525,0.4943867594871777,4.717588699294471,57.0,0.3743169398907104,0.0,1.6231827445501268,-0.0429439124231926,0.1226989592962811,0.3296304465907227,2.129741e-10,0.0009274460778375,1.542606411e-06,1.78514004009e-05,2.050830008395393,1.77797164165e-05,3.710672e-10,0.0,1.2391128939e-05,0.0499752545414178,5.0,3.39482984e-08,162.16026347760956,0.0004879311183887,2.25793338613e-05,2.30727373491e-05,-0.0004397374856732,0.0001826080973877,3.33457172e-08,1.248793009284871,365.0000027733263,0.0150273224043715,1.58299299073e-05,182.5,2144.8556301267035,0.9911280921816754,0.0054644808743169,1.784548070704976,-2.22866138453e-05,0.0,0.8809487949641661,0.0002422663145863,-0.300522805268423,0.1721311475409836,0.237216295808353,0.4562841530054645,39.85952937566482,-1.389597944263426,0.0001458192064765,7.56866059509e-05,-2.73757367e-07,0.0001203723305969,3.51559727278e-05,4.8071933633e-06,0.0983606557377049,6.846476313944382,0.9754594724233552,38.0,12.0,1.013878622778532,0.0009276686040619,37.0,0.2459016393442623,0.0001839987596403,-0.0115702448324999,8.74185922e-08,0.1562580872241139,-0.0259672556542122,-15.940651301988002,0.7581429337244889,2.4386460312365226,55.0,0.4562841530054645,0.0054644808743169,0.8575111135998315,-0.0241900400065623,0.1469728855744057,0.1238931555628269,6.6485238e-08,0.0276256111720879,6.465527724e-07,0.0003423713674216,2.0880156565823795,0.0003423705285815,1.369386944e-07,66.0,0.2933008008846327,10.24481995357198,5.0,0.00080356383804,190.3823039813417,0.037859309464693,0.0280701692910772,0.0279939056684573,0.019468592479825,0.0036652291058296,1.34339043982e-05,1.0868815902387874,365.0010204734863,0.0150273224043715,0.0277641814202069,182.5,95.95289635334412,0.9993583051330968,0.0027322404371584,1.8715455797246188,0.0277444151230156,0.0,0.8024069041305468,0.0051921498538418,-0.2798007263098148,0.1721311475409836,0.8959520722600417,0.3770491803278688,63.574697303899285,-0.054459703584647,0.0029369699235848,0.0016830490264174,3.00104283306e-05,0.0026072319597005,0.0011772895231842,3.4837673108e-06,0.0,4.5267275956456485,1.1043070113830278,57.0,15.0,1.0206389047348732,0.018390716984868,58.0,0.2814207650273224,0.0283084494175848,0.1388426087060692,9.524663304e-06,0.0738155065867298,-6.914684562577901,-1218.143369774696,0.6671732030424644,5.26965436451317,59.0,0.3770491803278688,0.0,1.8069195137574592,-0.0454642946575254,0.1246805975715157,0.3979875593611059,1.63793974901e-05,0.614312894642353,0.0018032317712373,0.0083373409789117,2.132056272453738,0.0081143723432893,7.48510351577e-05,0.0
"Widang, Tuban",3.989307343e-07,0.0114634750709371,4.0,1.0929609e-09,200.9487830012729,5.89743624004e-05,3.14021895206e-05,3.10782059271e-05,1.06283096101e-05,1.01920153749e-05,1.038771e-10,0.8576697130899653,365.0000000145726,0.0150273224043715,3.12403539946e-05,182.5,33297.99337511083,0.9993583051330966,0.0027322404371584,1.893494632441658,2.75494280867e-05,0.0,0.7812065697959506,1.49068247895e-05,-0.3086132931938437,0.1857923497267759,0.7301304949684853,0.4316939890710382,67.1674208744683,-2.5676345304034727,8.3175244025e-06,6.169646766e-06,-2.05839373e-08,7.4344586325e-06,3.7726520531e-06,4.45812815e-08,0.0710382513661202,32.170268771773856,1.1760000990993538,77.0,16.0,1.0274009172126632,4.83460527902e-05,78.0,0.3387978142076502,3.30147646378e-05,0.2609886423477093,2.70136545e-08,0.1331340809607205,-2.461607806924677,-1.6250592023388983,0.7317699502642362,2.4457426269834475,62.0,0.4316939890710382,0.0,0.8794898227455406,-0.0301571748778211,0.1513809744426794,0.3722248765578502,1.464626e-10,0.0022519210696238,2.0320543431e-06,1.46895902482e-05,2.1521825077145085,1.45242694188e-05,2.282557e-10,0.0,3.722435151e-06,0.0259647803063763,2.0,1.01984524e-08,185.475307796198,0.0002596506442387,2.47377109821e-05,2.4869556215e-05,-0.0002011674841014,9.77682642768e-05,9.5586334e-09,0.8897249053351461,365.00000160333445,0.0150273224043715,2.59963735203e-05,182.5,4072.080743706008,0.9993583051330966,0.0027322404371584,1.8937027378712832,6.2006736516e-06,0.0,0.7639131678605728,0.000117180147426,-0.2723360401183941,0.1994535519125683,0.240024749005678,0.4644808743169399,34.24564451044884,-1.5386486752420754,7.66800763165e-05,6.96573400659e-05,-1.810011714e-07,5.87163835133e-05,5.42336860369e-05,-1.1715457557e-06,0.1639344262295081,35.77837414630935,1.068912344669678,86.0,14.0,1.0303901148455488,0.0004608181283401,87.0,0.4016393442622951,0.0001008493323941,0.0420858826283502,2.014530382e-07,0.1895152012807455,-0.1228035631586283,-6.316883344351449,0.8191183308639017,2.0332300445154217,60.0,0.4644808743169399,0.0027322404371584,0.4727261246726411,-0.0156080632182706,0.147674507824987,0.1836956562486353,1.66660456e-08,0.0254249291240668,3.1330620554e-06,0.0001395881951386,2.1549470394625643,0.0001395488751631,2.11041545e-08,107.0,0.3208446642645925,10.744960280565529,3.0,0.0008790264774372,184.81904269992745,0.0378966584801673,0.0294391476306504,0.0291686196855845,0.0211898256093263,0.003156161043265,9.961352531e-06,0.830604499309295,365.0012779502923,0.0150273224043715,0.0293762572264919,182.5,101.64032221860792,0.9984744065485794,0.0027322404371584,1.925277592658133,0.0270372171141206,0.0,0.7453845821146617,0.0042654896737076,-0.1774893106580091,0.1885245901639344,0.9053115034497358,0.3934426229508196,55.37078610047178,-0.0487449153340874,0.0025486788454822,0.0019135220422395,1.79677711774e-05,0.0021833935636096,0.0013120082249634,6.87240622937e-05,0.0,12.016885708919425,1.2672388311413918,78.0,16.0,1.0275678387985865,0.016706832870841,78.0,0.3852459016393442,0.0296078497319588,0.2263687448290854,3.0087715179e-06,0.0774797790617326,-7.701348593352511,-1195.4110896442012,0.7458646798221462,4.804561625753788,55.0,0.3934426229508196,0.0,1.7039200931704186,-0.0445187315135646,0.1295368013565783,0.4741904590380819,1.34750773826e-05,0.6984355454174326,0.0017672183069484,0.0075190009708036,2.1470707392195094,0.0072800905155666,5.95219492991e-05,0.0
"Widodaren, Ngawi",2.183341596e-07,0.00864555,2.0,5.981757e-10,196.8265666155373,4.11e-05,2.36845628415e-05,2.33e-05,1.01e-05,5.965140634e-06,3.55829e-11,0.837416146252998,365.0000000076083,0.0150273224043715,2.365e-05,182.5,62500.000000000015,0.8707323149929856,0.0027322404371584,1.970144937954847,2.405e-05,0.0,0.6761474537517924,7.4999999999e-06,-0.1045429463972049,0.1994535519125683,0.7734863375980066,0.4453551912568306,21.6835998899846,-2.6714942345116115,4.6882073218e-06,4.7923287671e-06,2.1369863e-08,3.7e-06,3.6999999999e-06,9.99999999e-08,0.087431693989071,38.820850043607145,1.1770567026062777,79.0,14.0,1.029397315599313,3.1e-05,82.0,0.4234972677595628,2.44241974234e-05,0.256990860619708,1.53853865e-08,0.1387783037415099,-2.8023367890150768,-1.08046261544366,0.8787798703202291,2.3703353825362354,60.0,0.4453551912568306,0.0,0.8222231234163925,-0.0287006868370909,0.1529908715722653,0.6442665025172425,6.04919e-11,0.0017491999999999,1.4268606195e-06,9.0125100299e-06,2.18183439914928,8.8716747478e-06,8.18428e-11,0.0,2.6907886551e-06,0.0205035779999999,1.0,7.3720237e-09,206.4416985700309,0.000272,2.20252581967e-05,1.7e-05,-0.000208,8.28659735528e-05,6.8667695e-09,0.7923227923992001,365.00000167442136,0.0150273224043715,2.4449375e-05,182.5,4347.826086956522,0.9798652554083812,0.0027322404371584,1.968563175360429,7.9999999999e-06,0.0,0.6779314775160595,0.000108725,0.1144225470927029,0.2076502732240437,0.1359518384803595,0.4672131147540984,10.61384541042287,-1.5185099533041568,6.46981909283e-05,7.18949479452e-05,4.65753424e-08,5.3225e-05,5.465e-05,5.6e-06,0.1885245901639344,40.73403343755677,1.256975739690778,91.0,15.0,1.031872660776907,0.0004799999999999,91.0,0.4453551912568306,8.57431138429e-05,0.3074175674978113,1.391643044e-07,0.2102299656439818,-0.1382522343423947,-3.883873318287385,0.894136352582694,1.8532309764638053,61.0,0.4672131147540984,0.0054644808743169,0.3098698794737319,-0.010262631662258,0.148529692426749,0.2266567644855288,1.18788852e-08,0.026241656,3.6631802414e-06,0.0001038426277811,2.187777492174676,0.0001037534097183,1.09339312e-08,124.0,0.3232328032095825,10.784440079,4.0,0.0008855693238618,186.4409481586375,0.037933614,0.0295530494795082,0.029181115,0.021309028,0.0031252203133615,9.767002007e-06,0.9784441623108336,365.0012456815681,0.0150273224043715,0.02960452625,182.5,89.36262997794522,0.9852410180612222,0.0027322404371584,1.9009512376931204,0.0271276331,0.0,0.7868748636785436,0.0048316478749999,-0.4714903752329249,0.1912568306010929,0.9042641277689786,0.3989071038251366,31.58606610360341,-0.071694558656649,0.0025725562375033,0.0020441825835616,1.83646328767e-05,0.0023451245,0.0017136359999999,5.4568e-05,0.0,14.186328675383283,1.15428532964354,97.0,16.0,1.0340002294205652,0.0166245859999999,98.0,0.4043715846994535,0.0297178353105556,0.3262536208975207,5.0608497298e-06,0.0793904614897819,-7.694134284075412,-1187.037097779319,0.7512796361372586,4.513453367256851,55.0,0.3989071038251366,0.0,1.6595144515908564,-0.0440256811478776,0.1341679880511508,0.5062337025138273,1.35559957427e-05,0.746126643,0.0018049289987155,0.0075791221419927,2.139069345570665,0.0073365969842549,6.15860331156e-05,0.0
"Wonokromo, Surabaya",6.173478621e-07,0.0143892676956056,3.0,1.7006828e-09,177.18040653249588,7.31048567104e-05,3.9593090414e-05,4.08536647335e-05,6.298369044e-06,1.13312753811e-05,1.283978e-10,0.9217854801830256,363.0000000168546,0.0151098901098901,3.96212608393e-05,181.5,38197.50906138373,1.0,0.0027472527472527,1.824188438846932,4.30419372605e-05,0.0,0.8462154961327046,1.56606464435e-05,0.1104185232994994,0.173076923076923,0.7595337771083305,0.4313186813186813,22.61605354229852,-2.57964416214174,9.0614490485e-06,6.0263546176e-06,-2.70666374e-08,7.6458024858e-06,2.9696147976e-06,-3.109643704e-07,0.0549450549450549,20.17930983187509,1.029922610286306,56.0,13.0,1.0200779330493384,6.68064876663e-05,56.0,0.3708791208791209,4.11826493841e-05,-0.1781621418890013,-9.0194893e-09,0.1229605495819711,-2.6829679693366058,-2.0847484480534346,0.8079290099451372,2.768403275648512,60.0,0.4313186813186813,0.0,1.026206202879946,-0.0329596293315484,0.1472908937110936,0.5819265572449528,2.286851e-10,0.0021875667262065,1.9004079917e-06,1.80984398901e-05,2.132245927541973,1.79773726544e-05,3.490679e-10,0.0,1.72905657768e-05,0.0523822767308143,2.0,4.76324126e-08,210.2044521360931,0.0006733583868481,2.87622074696e-05,2.99867760986e-05,-0.0005416493513621,0.0002160423332436,4.66742897e-08,0.8508264644948449,363.0000098779135,0.0151098901098901,2.12806788278e-05,181.5,2047.637220442216,1.0,0.0027472527472527,1.8933256294292844,5.1041308324e-06,0.0,0.8101193251787909,0.0002518316409328,0.5718511738720973,0.1868131868131868,0.1667272229070406,0.4697802197802198,26.46860624094506,-1.2083943785662588,0.0001635829061375,0.0001482663620013,3.287957741e-07,0.0001247249150158,6.43162820779e-05,4.0777570878e-06,0.1785714285714285,36.27223957141041,0.8886865509554095,63.0,17.0,1.0226553981866573,0.0012150077382102,64.0,0.4423076923076923,0.0002179485130297,0.1717127925806933,2.41295077e-07,0.2042008639772674,-0.0378275436028675,-11.100170692249064,0.8830654048292745,1.8849958675538825,56.0,0.4697802197802198,0.0109890109890109,0.3704844480487242,-0.0118823132660546,0.1496376677252368,0.1540054271813895,8.48473939e-08,0.0538206894065069,7.3958326161e-06,0.0002914182742885,2.1696562110992774,0.0002912925457111,8.80291419e-08,96.0,0.320412782892943,10.677176716737437,3.0,0.0008826798426802,181.04006545836089,0.0403459519147872,0.0294162561262414,0.0291701676324009,0.0201919209212064,0.0038650709660879,1.49387735728e-05,1.0173612194175563,363.00191020677767,0.0151098901098901,0.0294005619361996,181.5,88.34243111664938,1.0,0.0027472527472527,1.886565168236448,0.0292612348683177,0.0,0.7670952968382382,0.0052634307648987,-0.0398984819742449,0.1895604395604395,0.8843145642706588,0.3983516483516484,17.810093285039095,0.0477476849038817,0.003064754254678,0.002288277997294,3.26346000528e-05,0.0025464094413275,0.0014114910736679,-3.51931899786e-05,0.0,9.801646308999032,1.2112444014154686,63.0,16.0,1.022313149982511,0.0201540309935808,62.0,0.3351648351648352,0.0296690899431973,0.2402770304847902,-3.731811591e-07,0.0878598678608344,-5.795125179661773,-1265.9856992393632,0.8336370236100755,4.110601383909344,57.0,0.3983516483516484,0.0,1.500942499188314,-0.0420662923012517,0.1328596149925201,0.6764875929881549,2.52316997753e-05,0.8306449130177501,0.0017469768707259,0.0087291412981895,2.1296244530345576,0.0085269341944275,8.15659315191e-05,0.0
