0,1,2,3,4,5,6,7,8,9,10,11,12,13,14,15,16,17,18,19,20,21,22,23,24,25,26,27,28,29,30,31,32,33,34,35,36,37,38,39,40,41,42,43,44,45,46,47,48,49,50,51,52,53,54,55,56,57,58,59,60,61,62,63,64,65,66,67,68,69,70,71,72,73,74,75,76,77,78,79,80,81,82,83,84,85,86,87,88,89,90,91,92,93,94,95,96,97,98,99,100,101,102,103,104,105,106,107,108,109,110,111,112,113,114,115,116,117,118,119,120,121,122,123,124,125,126,127,128,129,130,131,132,133,134,135,136,137,138,139,140,141,142,143,144,145,146,147,148,149,150,151,152,153,154,155,156,157,158,159,160,161,162,163,164,165,166,167,168,169,170,171,172,173,174,175,176,177,178,179,180,181,182,183,184,185,186,187,188,189,190,191,192,193,194,195,196,197,198,199,200,201,202,203
-0.17677669582040204,-0.17680214737825323,-0.3041122160166251,-0.17677669512410554,-0.1477911109947848,-0.17677560686216426,-0.17677303072784434,-0.17677096291540756,-0.1767742638095395,-0.1767751592185634,-0.17677669527765832,0.635138968107378,-0.18142963667301706,-0.13644385401799447,-0.17677290022604097,-0.15512247483740738,0.6961624354597916,0.24655604499315403,-0.41096775633062554,-0.3691721328114474,-0.17676285679080525,0.0,0.9946590981969508,-0.17677591937151582,-0.12870883094527993,-0.153109893996769,0.03228573510005027,-1.0229701480939337,-0.6977186583327882,-0.14465561741429006,-0.17677534000631118,-0.17677872234404607,0.1768222340812458,-0.17677509414955786,-0.17677857940293842,0.1768934884550806,-0.18564994338552127,-0.7843722533404597,0.9468674847737167,-0.23914073625439614,0.1270962542704186,-0.36374345201685937,-0.176775845282274,-0.21391108943031303,-0.9745128062330174,-0.17677328099445647,-0.3933258715874677,0.17679741066853658,-0.37760188175383774,0.14747179874233413,0.17727723771884102,0.6194233321655289,0.36849743523954914,-0.12364072069416844,-1.0229701480939337,0.0,0.2778435893155262,-0.02286687795929543,-0.937936201710789,0.3912914094681267,-0.17677669523786277,-0.17677758862995396,-0.1767797865030408,-0.1767693440895899,-0.6478623276252,-0.1767690194695414,-0.17677669506300692,0.0,-0.17677669528819762,-0.17677264910748255,-0.6286239749245525,-0.1767766952884297,-0.09354162302880716,-0.17677353807656082,-0.17677282005740044,-0.1767727260343702,-0.17677532620160766,-0.17677493800216063,-0.17677669529369588,0.2990660264908883,-0.14378315429616262,-0.26647152195429674,-0.17677276212237494,0.27986370472888794,-0.7180505427254221,0.3430504777493983,1.3949590008135584,-0.05523221541842035,-0.17677212727733904,0.0,0.12380685824843653,-0.1767754011652264,2.0861778985278776,-0.09753128872633332,1.6334434929068176,0.16973191380529293,-1.0446411910967774,0.008124682586813054,-0.17677507511414103,-0.1767749477553757,0.1767784368558027,-0.17677538890714997,-0.1767765224746082,-0.9521942945453699,-0.6010399594823236,-0.2644257379220017,0.8838866079807928,-0.6021073243606714,0.1788118682037806,-0.6699790686544044,-0.17677327368727566,-0.6225277534208091,0.42079863228081166,-0.17677307005047482,0.06597577649471398,0.17677475717772365,-0.5646281830305024,-1.7252075407828786,0.1767735652968718,0.08719187327041765,0.32717482670971715,-0.3367642099373573,0.16973191380529293,0.0,0.5128632470955286,-0.19381749029655013,-0.09912017173392057,2.0609709118786013,-0.17677669529199455,-0.17677464962464176,-0.17677290561151796,-0.17677412005260232,0.3558966295577905,-0.1767741286197347,-0.17677669529099485,-0.46902301858737955,-0.1767766948417886,-0.17676743746127863,-0.6112620586522821,-0.17677669466107473,-0.23049756605357405,-0.17673879850361096,-0.17677007344886833,-0.1767682786803534,-0.17733865804413268,-0.17669440771725675,-0.1767766914295587,-0.5208512170324746,-0.24758512880083564,0.2707738663127298,-0.176768414888963,-0.19784719603121936,-0.3941972267506458,0.2782021005481964,2.126630306128673,-0.11619687790380988,-0.17675328213206817,0.0,0.290741886479669,-0.17669724339845364,-1.239815735810051,0.36686656213881175,-0.4783311802981203,0.9019402959728601,-0.05666554169901162,0.15967145561463425,-0.17669074807821636,-0.17659787335870583,-0.1759149594176287,-0.17669048858418818,-0.17662951140645075,-1.4567262330508104,0.47594835401657265,0.7023420013314112,-0.2597545656785216,0.2912459143118256,-0.7142361369325898,0.282397771071874,-0.17669770065004012,0.2564343490687097,0.7458018087628969,-0.1767448906945085,-0.7760978038050221,-0.17679905422152742,0.7989658145532396,0.33400880300953745,0.17766832472648408,0.45782513079856507,-0.705405956551478,-0.1445315156036289,0.9019402959728601,0.0,-0.7374042754864678,0.681800476282401,1.2051920459777303,-0.051923617188895044,-0.17677669105099839,-0.17661184205172195,-0.17680281761237954,-0.17669947242810913,0.036047382623771315,-0.1766991844404823,-0.17677669192315307,0.41489301318264726
-0.1767766957860103,-0.17680184924778788,-0.017377840915235705,-0.1767766950784964,-0.13172149409880105,-0.1767736917876946,-0.17677223279775428,-0.17677058750717908,-0.1767789226005094,-0.17677213100971434,-0.17677669523119366,-0.09631867886716905,-0.18150167197383954,-0.1209726254291106,-0.17677310143090202,-0.15512247483740738,0.260785984943339,0.2562923574622413,-0.40507523378538596,0.14490290798262853,-0.1767608262749497,0.0,0.9354293030007854,-0.17676859112288437,-0.666186904497009,0.034298281452828955,0.2227549427174067,-1.4159979631752453,0.7682747572700638,-0.16582091028317977,-0.17677194641369376,-0.17677780625237322,0.17674488859522997,-0.1767649301953328,-0.17677794916461076,0.1766427518698303,-0.18564994338552127,0.12605463977474438,-1.3602524820981645,-0.6222302652056129,0.1270962542704186,-0.663409581858001,-0.17677276315962046,-0.6017718559797827,-1.1661718526900853,-0.17677241834923701,0.26401941755405556,0.17685963418620912,-0.5531264634202363,0.18093433719378677,0.17727656657336874,-0.9086416728474997,0.49299468840271377,-0.19809589921437942,-1.4159979631752453,0.0,0.3596359909425883,-0.13595690059738527,-1.1967376897031523,-1.6987924100759404,-0.17677669530497928,-0.17677680337188392,-0.17676781240920272,-0.17677314253377777,-0.0026358717296818776,-0.17677313598948563,-0.17677669520862546,0.0,-0.17677669529708634,-0.17677641496223745,0.5696195585056413,-0.17677669529728932,0.7479983306710477,-0.17677675128739165,-0.17677654826223294,-0.17677634587105925,-0.17677597632195222,-0.17677685364711018,-0.17677669529764595,0.9836390051044457,-0.14982754167421786,-0.2351753894444009,-0.17677649882944357,0.22497216085932892,-0.0030947329074833664,0.34305047774938907,-0.5222709802359324,-0.5076701174251819,-0.1767750576785501,0.0,0.6261626816297511,-0.17677704643305858,0.3979819194864501,-0.3404751230461668,0.3507818007685333,-0.6198972100658071,2.035774521776263,-0.2331962463022609,-0.1767769414743439,-0.17677826860697557,0.17677666393115318,-0.17677690768793705,-0.17677905323149448,0.43738290665382157,-1.4494648614258299,-0.4919647738819523,-1.124842569581048,-1.363657703255876,-0.6953794874591485,-1.2709960302721885,-0.17677686587228297,-1.4553689370513512,-1.070809308128996,-0.17677659480650054,-0.3383666023201498,0.1767786163476289,-0.9545515901117999,-0.882727160984753,0.17677633241501578,-1.0028101846389041,0.6675769917228909,0.09066728729082639,-0.6198972100658071,0.0,0.7799322331262712,-0.5547386065951473,-0.5945191131145168,-0.8741843242391544,-0.17677669529932363,-0.17677799436061686,-0.1767757368526551,-0.17677705304556718,-0.5431179834299205,-0.17677706126895815,-0.17677669529847653,-0.46902301858737955,-0.17677669519069408,-0.1767739133611497,0.8557668821131951,-0.17677669504945234,-0.12691825306713256,-0.17676309672240353,-0.1767728651106294,-0.1767773966743318,-0.17694770349148387,-0.17673383137101562,-0.17677669372380994,0.4465510828045373,-0.21747484665893385,-0.027828524381654764,-0.17677020974871294,-0.16372797073580192,-0.3492496520228068,0.2682935561879651,-0.646710650998513,-1.2519454964896801,-0.17678035808928208,0.0,1.0403422321991074,-0.17675242548254022,-0.6854761044189922,-0.32314395821226777,0.38137455439848233,-0.07829599375840259,0.7934079550840181,-0.0827305581869085,-0.1767356787610467,-0.17674326279943,-0.1772503687537812,-0.17674419648159415,-0.17676073365875833,-1.268583058551598,-0.22652450349251643,-0.17337680167845093,-1.4615682912885233,-0.34949509717419075,0.18366072092552263,-0.46221304471241326,-0.17675044821917565,-0.38332969706147363,0.002174697630538269,-0.17676075713012138,-0.4149182866536734,-0.1767380481812554,-0.3273526418862196,0.29546249619289394,0.17765427348145552,-1.1630866238559219,-0.23511310016129286,-0.19482543491736967,-0.07829599375840259,0.0,0.05128679035447862,-0.3959471053678659,0.513529823154785,-0.3190587340457365,-0.17677669457155978,-0.1767437807744792,-0.17678259734762888,-0.17673698253701217,-0.39732067226728013,-0.17673682325313578,-0.1767766939260592,-0.4508439300158042
-0.1767766960136238,-0.17680629167704953,-0.5908465911180144,-0.17677669531732731,-0.15502337058462823,-0.17677577122231977,-0.17677712017991545,-0.17677625140660597,-0.17678909190667294,-0.1767743192495046,-0.17677669526508497,-0.3941943497486127,-0.18142963667301706,-0.13644385401799447,-0.1767775446369009,-0.15512247483740738,0.4524046198147225,0.2563236600310923,-0.41096775633062554,-0.27908653707337927,-0.17677911300872667,0.0,0.240696758948515,-0.17677532623053085,-0.06417515097660209,0.32191777294145013,-0.14363777762447222,0.17498519641277258,-0.780222264791952,-0.1429835538661497,-0.17677472526893961,-0.1767748272083715,0.17681002827923453,-0.176774377834715,-0.17677805561806606,0.17672058251549072,-0.18564994338552127,0.462277286540043,-0.7865689567704615,-0.6988481709958562,-0.5719331442168842,-0.7596289606610093,-0.176773406411839,-0.7569161625995705,0.009318050302700515,-0.1767769931211803,-0.4066349966633195,0.1767690178917039,0.46784836630016335,0.5455160798280395,0.17728205760575866,0.7936682256363572,-0.583857191419823,-0.15342279210225285,0.17498519641277258,0.0,-0.6030006987739293,0.3036091993549767,0.33566711622577583,0.639543912681444,-0.17677669523514514,-0.17677369349503624,-0.1767956439948687,-0.17677959920803332,0.17649310985329952,-0.1767793443134259,-0.1767766954037945,0.0,-0.17677669529256237,-0.17677454730015474,0.5696195585056413,-0.17677669529279447,-0.6123173891942648,-0.17677507241246532,-0.17677472459377908,-0.17677454652142202,-0.17678542352185267,-0.17677370712792492,-0.17677669529049392,0.8661873642950829,-0.14378315429616262,-0.26647152195429674,-0.17677474978275293,0.27986370472888794,-1.0141955920860257,0.3164040648656758,-0.532863411070476,-0.8688412714318956,-0.1767739735490692,0.0,1.2241851643897357,-0.17677257985957678,-1.8965928827897578,-1.268810172069649,0.2085453867484737,-0.9723541832374081,0.817463248214225,-0.05643887999243697,-0.17677349354548125,-0.17677551578555453,0.1767682780090228,-0.17677268690153428,-0.17677582419234927,1.576684035605848,-0.8875210952035094,-0.6854362545281315,-1.153895221013602,-0.11748435597281384,1.490098901698174,-0.2734478270282756,-0.17677354191495803,-0.1367037296363263,-0.9191453220853532,-0.1767745984459239,-0.7575855114902967,0.1767720706121629,-0.8120480833052173,0.284773644187125,0.17677361583023754,-1.2523548695275408,0.44293833212620903,0.09066728729082639,-0.9723541832374081,0.0,0.6170663033117599,-0.3958265437305393,-0.7349371670621395,-1.2600847528773993,-0.17677669528888448,-0.17677521765479162,-0.1767781363362498,-0.17677341023290916,-0.9219612788690479,-0.17677336332441024,-0.17677669528767373,-0.1531503734162872,-0.17677669493090445,-0.17677027380214846,-0.6112620586522821,-0.17677669479155314,-0.07118436873609023,-0.17672092449846932,-0.1767750862752861,-0.176777863166329,-0.1775607515745663,-0.17670406967151275,-0.17677669204112514,-0.5590126960151102,-0.2151586711095568,-0.049919327560417594,-0.1767783704776115,-0.16372797073580192,-0.3697930066166348,0.26832520895865825,-0.6503004987465659,0.7207260667208518,-0.17678492162254456,0.0,-0.21767325376810856,-0.1767139448248186,1.745607130330976,0.09912018400811907,-0.7475589115169058,0.5288265370024456,-0.7809047336264997,0.18841382378803231,-0.17670846028321233,-0.17661811685333292,-0.17635373745706165,-0.17671073055541947,-0.17666635068130912,1.1083925981631773,0.738415867052518,0.9127846127328579,-1.3381128542607956,0.11649836572473024,1.0815575787836351,0.0098774456549853,-0.17666338624774353,0.19827398123869303,0.5390121823650988,-0.17674983941536423,1.1984603510148912,-0.17671210603391538,0.7567751893565766,0.4238121224448083,0.17766382543853393,0.8978925855000348,-0.5352954427506569,-0.22835471445986352,0.5288265370024456,0.0,-0.721571923401755,0.7063135428299936,-0.1649572653197727,-0.7191794444844112,-0.1767766916664495,-0.17661802912760066,-0.17676128725859266,-0.17671896238233054,0.6575622098857895,-0.1767187853495351,-0.17677669320058034,0.5110860068713641
-0.17677669563061382,-0.17679839594953595,1.7030284096931005,-0.17677669493431733,-0.1414435894741731,-0.17677262041350586,-0.17676923819160717,-0.17676786921650675,-0.17675743656768067,-0.17677317536645962,-0.17677669524757336,-1.2408420449966127,-0.18142963667301706,-0.13644385401799447,-0.17676997845996986,-0.15512247483740738,0.2814935987917985,0.23310170469617125,-0.41096775633062554,0.11327084498329265,-0.1767551884090842,0.0,-0.8902490509445659,-0.1767734311786062,-0.6456683248603864,-0.153109893996769,-0.02334332091188304,-1.4722034022839465,0.8612718089680136,-0.1799788336592509,-0.17677287844591438,-0.1767754386214788,0.1767956586936568,-0.17677254110065022,-0.1767728607468143,0.17677137130579754,-0.18564994338552127,-0.15564198385692674,-1.104684883678717,0.06733088690657721,1.175640352001373,-0.1390741897277202,-0.17677531596826776,0.09637752380926269,-0.40492652087023423,-0.17676972011809905,-0.00978855669767997,0.17681924209612737,-0.6038937203152819,-0.36823771414298373,0.17727751072414413,-1.6442159675027457,0.3640338556412044,-0.16831382780629503,-1.4722034022839465,0.0,0.2800909269812103,-0.11025093391270609,-0.9753602290738053,-1.7580017443035625,-0.1767766953182977,-0.17677430490802473,-0.1767612338410529,-0.17677447141737104,0.17758419394385225,-0.17677460869788267,-0.17677669523376016,0.0,-0.17677669529829526,-0.1767770962503406,1.4683022085782866,-0.17677669529852738,0.9368520325467048,-0.17677732977851213,-0.17677726401217617,-0.17677726502768595,-0.17677532123332548,-0.17677736770418992,-0.17677669529849183,0.41638493200557075,-0.14378315429616262,-0.26647152195429674,-0.1767772472045131,0.27986370472888794,-0.07169341428502674,-2.652968100066332,-0.532863411070476,-0.1547385756290905,-0.17677704900032204,0.0,-0.10328472460559783,-0.17677709003277114,-0.6203831200226962,-0.2439411491442439,0.7553519969491602,-0.020615769035157886,1.9727840597871278,-0.2542925733026144,-0.17677730978702172,-0.17677822138207128,0.17677658744242114,-0.17677713345977727,-0.17677821659610837,1.5709721720474643,-1.3172427987852835,0.12916756384542885,1.1927152547427822,0.3671386124150437,0.6159075460352451,0.1193467961336808,-0.17677762675839548,0.41852372611736843,-0.014683152888191001,-0.17677728609054183,-0.14685980561720985,0.1767788295156202,-0.5899711558787751,-0.772159654480679,0.17677709792175156,-1.2922578228291155,-0.04872656444266488,0.660575950261738,-0.020615769035157886,0.0,0.37725693295579227,-0.21450907553522275,0.3809978351797376,-1.148288442448348,-0.17677669530029846,-0.17677792325117003,-0.1767765506536915,-0.1767776994678586,-0.6946744110275146,-0.17677770513903796,-0.17677669529966583,-0.46902301858737955,-0.17677669548971137,-0.17678794138126383,-0.24450482346091282,-0.17677669535036003,-0.21684030859745798,-0.17677993991133437,-0.1767706228809821,-0.17677615778064146,-0.1767080279296818,-0.17677860140743323,-0.17677669568307444,0.21419722330533508,-0.2151586711095568,-0.049919327560417594,-0.1767690465685641,-0.16372797073580192,-0.2972941564860113,0.19545899682131812,-0.6503004987465659,0.30835279264724835,-0.1767788504277927,0.0,-0.12943031119749737,-0.17677474068255963,-0.6343496054477645,0.09912018400811907,0.013052632537173202,-0.665137491702891,0.16371825982228802,-0.14479338593493787,-0.1767766762774984,-0.17679097466421403,-0.17747300599788465,-0.17677946563680938,-0.1768004878803379,-0.22056195190845307,-0.1629359825928735,-0.45983278097802505,-0.8749887965870521,0.05824918286236512,1.5305060077126913,-0.07035562218061278,-0.1767848657442869,0.0819532455786597,0.28591778566125775,-0.17677655884467922,0.955922423032765,-0.17679896981666635,-0.2701819939850078,-0.011835285075722495,0.1776692528351677,0.16064230557200038,0.014490013709516924,-0.11100223606113503,-0.665137491702891,0.0,0.1409933532004015,-0.3358387556098388,-0.5632756053390172,-0.45788917481953173,-0.17677669586447667,-0.17679088693588707,-0.176735698355535,-0.17677990256248996,0.4732358349100401,-0.17678001923814815,-0.1767766958719832,-0.09813628649050915
-0.17677669696335543,-0.17684870974013248,-0.8775809662194038,-0.1767766951400938,-0.40114916165679276,-0.17677360479055915,-0.1767734472737893,-0.17677244800003036,-0.17676262379435484,-0.1767752321252919,-0.17677669527873824,-1.8030401678051717,-0.18877723735690946,2.0453509958433957,-0.1767733569506411,-0.4028180394971385,-0.1804063918720241,0.26609127506902885,0.4200118435140157,1.9746128455572047,-0.17677038295613146,0.0,-1.6609423179116782,-0.17677056626612614,-0.8474297748951696,2.128462385085282,-1.0614675165390448,1.4716357255521357,-0.9358655295634258,-0.1870934473773075,-0.17677412722141578,-0.1767491253454294,0.17682060274769756,-0.17676993358271373,-0.17672978701663214,0.17684173733318612,-0.18564994338552127,2.1926707873984457,1.8936520750880466,0.6036562274382806,-1.9699919411914901,2.1684340312757353,-0.17677555421991537,0.6393825969785202,2.004046880240552,-0.17677366594996846,-0.608373899576418,0.17679521921294286,1.4710447128375979,0.13327433839673444,0.17733788645839857,1.6586034445442126,-1.9954211589855675,-0.39167936336692794,1.4716357255521357,0.0,-1.7855215336797234,-1.4668001023502986,2.492783004695136,0.37545729569224456,-0.17677669524605197,-0.17676935158324178,-0.1766840631374281,-0.17677165763407335,0.6761576621485059,-0.17677334869049224,-0.17677669520723288,0.0,-0.17677669529315937,-0.1767762412744378,-0.6286239749245525,-0.17677669528804613,-2.6337759573991937,-0.17677252181416142,-0.176773060409707,-0.17677306069212445,-0.17677358774659058,-0.17677218864176203,-0.17677669528582815,-0.7084244234238927,-0.548757108625864,3.023399511022704,-0.17677316042664282,-3.3978697345315685,-1.0671268998077974,0.3430504777493983,3.6219262697140744,1.4341507796194324,-0.17677295817778862,0.0,-0.8303528034622892,-0.1767726875774572,-0.14850522601539473,2.0809464619747122,-1.1196397191415792,0.6439601926060697,-0.43957333053450215,0.05689981694066158,-0.17677232737685697,-0.176767642230345,0.17676393497236295,-0.17677248275667046,-0.17676570211631637,0.7479395571723791,1.0536355658038172,0.7003310920542619,0.6070058066966224,0.2286749071613701,-1.5695708431220774,2.358285387745021,-0.17677236420704182,0.2103134302097329,1.4757157153195186,-0.17677295513445612,1.0312645845163082,0.17677921547947367,0.8117497168785626,0.3359025239668953,0.17677856801342504,0.42262333575233807,-0.8535724365933458,-2.4739216960782757,0.6439601926060697,0.0,-0.9297763255041759,-2.6911505406805993,0.7609874932801435,0.001769078714422853,-0.1767766952802479,-0.17677284555462058,-0.17676139969548538,-0.1767723359241494,1.5589489146256845,-0.17677250680396864,-0.17677669528604079,-0.46902301858737955,-0.17677669586494715,-0.17681716191998675,-0.6112620586522821,-0.1767766957255195,-0.12193914406822627,-0.17682891697303527,-0.17679075234193492,-0.17678964852404494,-0.17615865656236462,-0.17686324679767704,-0.1767766975096625,-1.7533213274716315,-0.21979102220831093,-0.005616343163465993,-0.17679206003924702,-0.16860214577800442,1.1347038112178935,0.27820210054819294,-0.6431010788122822,1.7218726804281705,-0.17678682162294548,0.0,-2.133082289728062,-0.17684968290655945,-0.13092084828911177,0.9121606311854156,-0.38500120994111114,1.2320844703937148,-0.5236070092638783,-0.9071832513064274,-0.1768615165900529,-0.17691089376679464,-0.17682944587790528,-0.1768546789963562,-0.17686576208709603,0.09862986154667251,1.4466208917738983,1.3117985460652697,-0.46374768455520965,2.38821649735697,1.0815575787836351,2.0329170089770607,-0.17687483620862038,2.4083679587793263,1.243782733186568,-0.1768151855871865,1.9320779582859111,-0.17679881409678486,1.441676559006,0.14529460699084637,0.17771618228065775,1.0583343771799603,-0.761505317600142,-0.11100223606113503,1.2320844703937148,0.0,-1.3440255966015329,1.3955675870354927,1.5619163515820056,-0.20298146986698712,-0.1767766978480447,-0.17691109891615273,-0.17680030907454258,-0.17687567465255508,1.1336060594325728,-0.1768759377775726,-0.17677669781473315,2.4349458806457007
-0.17677669594101106,-0.17680496836544746,-0.3041122160166251,-0.17677669523392298,-0.16251450141077733,-0.1767733162473012,-0.1767753884896955,-0.1767757999858943,-0.17678564219126974,-0.17677372347835113,-0.17677669525602033,-0.2190264170598599,-0.18150167197383954,-0.1209726254291106,-0.17677582476640594,-0.15512247483740738,-0.26066588812137087,0.2562923574622413,-0.40507523378538596,-0.9412090849559999,-0.17677528238420667,0.0,0.6402449423095563,-0.17676946723036335,-0.14068439272699054,-0.4420308311482353,0.1661919746987955,1.1366315414551427,-0.6436031625847853,-0.20181429007333024,-0.17677293392716747,-0.17677583777968509,0.17676617101923506,-0.17676853081729121,-0.1767809306279398,0.17659925244304148,-0.18564994338552127,0.6661481964993502,-0.041428668169750146,0.2971846042773072,0.47661095351407,0.013897844850971366,-0.17677112803154552,0.3290939837389445,1.0664928942686958,-0.17677538019629657,0.3927658361385653,0.1767537690005935,0.03026604633589801,0.2478401851723169,0.1772818477279931,-0.08953342773049187,-0.17526454298292113,-0.16831382780629503,1.1366315414551427,0.0,-0.031296782428439814,0.0917876820185609,0.29615316777916395,-0.6565323465478415,-0.1767766952475778,-0.17677484029265308,-0.17677495430391432,-0.17677596352196373,-0.39982081113395207,-0.1767759094384644,-0.17677669527876275,0.0,-0.1767766952979843,-0.1767769444038314,-0.6286239749245525,-0.17677669529820433,0.9027423949565063,-0.17677670498334133,-0.1767770970512618,-0.1767773189589093,-0.17677678693255985,-0.1767770181314835,-0.17677669529792647,-0.5152179700354687,-0.14680534798519024,-0.2508663271137397,-0.1767770775859612,0.27986370472888794,-0.26082837989375807,0.3163186703071593,-0.5275817058324309,0.7001597240209266,-0.17677795507707988,0.0,0.21034051607733992,-0.1767770753892588,0.6627361479027926,0.2217625438562978,-0.6792423263624731,-0.8920431060937722,0.39581624614760874,-0.10528900014370046,-0.17677706193387147,-0.17677731289768947,0.17676074244730972,-0.17677719699879244,-0.17677690680102898,-1.2506141732372191,0.12497387761930416,-1.1469943930802586,0.9601951697968248,-0.46364361910699775,0.1788118682037806,-0.5278834137187446,-0.17677669286629666,-0.48372088948238545,-0.5748898581930587,-0.17677709662781202,1.6632099451487845,0.17677874403845598,-0.3306752126318968,-0.01945325288798569,0.17677668424454188,-0.25200786201308456,0.5239789814299436,0.09066728729082639,-0.8920431060937722,0.0,0.2678168067206616,-0.04296986620399045,-1.1139438168839442,-0.6098873546537318,-0.17677669529886117,-0.17677702932748862,-0.17677480817988347,-0.17677648879045696,0.3725410008773756,-0.17677650219946128,-0.1767766952973579,-0.46902301858737955,-0.17677669551277034,-0.17678771389788075,-0.24450482346091282,-0.17677669537241342,-0.12018044189850757,-0.17677970171334928,-0.17678082889315533,-0.1767772078170666,-0.17682145081478925,-0.1767729888124748,-0.17677669547512365,-0.23258083671165272,-0.21747484665893385,-0.027828524381654764,-0.17678323264708137,-0.16372797073580192,-0.17572841515791243,0.2682935561879651,-0.646710650998513,0.24922913295855084,-0.17676636607735055,0.0,0.10931272992264977,-0.17677589314626793,-0.025681982372405293,0.27879830489449925,-0.2294279947625569,-0.5571900589706209,-0.20419443294099202,-0.10255337306302291,-0.17677459399139767,-0.17677466073683593,-0.17667557168613912,-0.1767754177329178,-0.1767375922725226,1.6058465491341556,-0.0005691768005887847,-0.07508757740348941,0.3253996816833195,-0.11649836572473024,-0.2652877080035336,-0.19205765605905636,-0.17677684052064047,-0.03436749008137364,-0.3023706695813162,-0.17677792888656682,-0.8322224009786767,-0.17673716123095687,-0.2549808853601061,0.3619267514142015,0.17767129297173798,-0.31025484863278835,0.23210713052590703,-0.09423759628988809,-0.5571900589706209,0.0,0.15693095920373473,-0.3217013097264953,-1.4492367525464476,0.10415816955090104,-0.1767766955517053,-0.1767750926896689,-0.1767802941984916,-0.17677128452875235,0.10444580514839834,-0.1767712400137595,-0.17677669551787586,0.06218536965735224
-0.1767766960035383,-0.17680589741382877,-0.5908465911180144,-0.17677669530724177,-0.16413677380749464,-0.17677332702117307,-0.17677675146055405,-0.17677800037549604,-0.17680265339541398,-0.17677768300113908,-0.17677669531398119,-0.018472365288210314,-0.18142963667301706,-0.13644385401799447,-0.17677691967748305,-0.15512247483740738,0.28637020754987275,0.26609127506903224,-0.41096775633062554,-0.21440640176059558,-0.17677918084125352,0.0,-0.09901547667225373,-0.17678251726720037,2.431140379843486,-0.31145244964284363,0.019897647700968045,-0.12450363971390169,-0.7080027065007307,-0.1794040005038394,-0.17677901434109408,-0.17677807712323063,0.17677563860743944,-0.17678269359648324,-0.17678472386134775,0.1767354202722003,-0.18564994338552127,0.6735571888452038,-0.9555988718883939,-0.46899445362512615,0.1270962542704186,-0.5895369519602593,-0.17676812074527332,-0.4466275493599948,-0.04246252109391633,-0.17677679709023178,0.6488194005195447,0.17673440867546425,0.25941623102641714,0.031171343033320576,0.17728470688594059,0.807816628293965,-0.5760821002248697,-0.2129869349184216,-0.12450363971390169,0.0,-0.5168656943657511,0.22312178325091567,0.20562530922242123,0.436651159181396,-0.17677669530231052,-0.17677694340926386,-0.1767888278789106,-0.17677876045631893,0.5833409207267087,-0.17677859640669843,-0.17677669538211474,0.0,-0.17677669528369347,-0.17677137850767466,-0.6286239749245525,-0.17677669528392556,0.11585993796042007,-0.17677167975049565,-0.17677154831059325,-0.1767712792411136,-0.1767731774656611,-0.17677294325894963,-0.17677669528824563,-0.629278412265902,-0.14378315429616262,-0.26647152195429674,-0.17677182039804462,0.27986370472888794,-0.6465553019333331,0.3430504777493983,1.3949590008135584,0.18437148034139303,-0.17676927542552104,0.0,0.25619494578765584,-0.1767743359350665,1.2597850164472346,-0.09753128872633332,0.15397105516063989,1.121470328007543,-0.9989447870645196,0.1650850217471187,-0.17677327163406215,-0.17677104119190237,0.17678901984908207,-0.1767742740120571,-0.17677228041422122,1.2205554531324025,0.6881251512629983,0.5767742822556309,-0.7537799863767126,-0.04825250334597705,-1.1324751652906129,-0.24714631239691828,-0.17677145830071897,-0.06730029766711444,1.3922579991962813,-0.17677172487243134,1.0193898770082208,0.1767754627548748,0.6468651430686838,-0.09712256054860705,0.1767721740223405,1.2530160355143174,-0.5290981360270159,0.23314445303355427,1.121470328007543,0.0,-0.36644801594781684,0.795321296741928,1.0371347146724073,1.6813923536489632,-0.17677669527885784,-0.17677074306136814,-0.17677135121358498,-0.17677092155636834,0.1590451225086769,-0.1767709115694235,-0.17677669527909293,-0.46902301858737955,-0.1767766945595604,-0.1767566575647698,-0.24450482346091282,-0.1767766944202091,-0.15122657302420142,-0.17671824157268387,-0.17674749374669177,-0.17674962864634852,-0.17747548322794807,-0.176693641166717,-0.1767766913796686,-0.08954592697771867,-0.2151586711095568,-0.049919327560417594,-0.1767486530696238,-0.16372797073580192,-0.39009160834976064,0.2782021005481964,1.9702883573287568,0.1871365378571569,-0.17674057000685559,0.0,0.4427329318523534,-0.1766992535741453,0.5097774585864416,0.24919458703678937,0.07279728647220977,0.7676193427435121,-0.5901186832627331,0.20243662265730247,-0.17669457599100216,-0.17660218968028846,-0.17717211752321949,-0.17669157512712058,-0.17667217024719453,2.689977281759043,0.5881905587782866,0.14919035216580478,0.8878382095679929,0.05824918286236512,-0.2652877080035336,-0.12392651116044613,-0.1766663613253439,0.02379287774864303,0.08344226829818403,-0.17673647451332541,-0.12408968987228203,-0.17677199095362486,0.4617764654011075,-0.08080628090540616,0.17764835637769175,0.7678034875167032,-0.6528980586330247,-0.11100223606113503,0.7676193427435121,0.0,-0.6065499432882852,0.40694994404133,1.4940133561336448,0.6339279356151173,-0.17677669098630316,-0.17660210195479534,-0.17673477607298899,-0.1766848805782736,0.024944270073350514,-0.17668463981424448,-0.1767766909975404,0.22250702580521362
-0.17677669589212106,-0.17680402126453426,-0.5908465911180144,-0.17677669519582456,-0.14980938625023707,-0.1767706413711356,-0.17677485099920523,-0.17677413165313602,-0.17679677223067553,-0.1767685627214881,-0.17677669517240718,1.3128749801004993,-0.18142963667301706,-0.13644385401799447,-0.17677524519569257,-0.15512247483740738,-0.11131894050574521,0.23310170469617125,-0.41096775633062554,0.3489918823705978,-0.17677450900545869,0.0,-0.29902151936937377,-0.17677227683346278,0.69439099381882,0.005232661649305647,-0.469155209453185,-0.5737368939039177,-0.3138823282738744,-0.04595438891287614,-0.1767695691784389,-0.17676825415865519,0.17679560498412478,-0.17676999220702155,-0.17676418209292732,0.17688382609915237,-0.18564994338552127,-0.003656311523747878,1.3481828728532412,-0.6988481709958562,-0.22241844497323285,-0.7028600134858629,-0.1767660023900282,-0.6793440092896766,-0.19780423528376687,-0.17677464828354525,-0.5117210559567206,0.17678592161248388,0.2940280779408835,0.9270629937292871,0.1772756915081787,0.4162460155365707,-0.439570722846507,-0.10874968499012626,-0.5737368939039177,0.0,-0.5654648756700709,0.23648737162852615,-0.5583832022307579,0.05402615131991224,-0.17677669513262226,-0.17676712044659715,-0.17678146505097056,-0.1767669235438572,0.33602614677173925,-0.1767665382411883,-0.1767766950296916,0.0,-0.1767766952973002,-0.1767764822005452,-0.7784044166033267,-0.1767766952975323,0.08519229482304554,-0.17677703912223158,-0.17677665357408107,-0.17677639305725934,-0.17677938065828383,-0.176777161681806,-0.17677669529816367,-0.9711899630715933,-0.14378315429616262,-0.26647152195429674,-0.1767766943194979,0.27986370472888794,0.1360526611651146,0.3164040648656758,-0.532863411070476,0.6344502427800469,-0.17677608374332288,0.0,-0.6795342756107844,-0.1767770655513305,1.3056552761708249,0.3416982925274162,0.6441986449887419,0.9311226451670923,-0.8660881394410306,-0.0798851471442907,-0.1767771885077587,-0.1767756597641091,0.17678264013932915,-0.17677712024591796,-0.17677531716661832,0.7253791434576222,0.8313657191235856,0.8320740420220634,0.9025852954377594,1.1286889913102482,1.490098901698174,0.6631573591662547,-0.1767766929065415,1.1125580458094868,0.7557846208723525,-0.17677672351206114,-1.5258512943900722,0.17677579343487887,0.884363298948965,0.1602774226956966,0.17677678389590035,1.307175210761814,-0.7543426264225168,0.23314445303355427,0.9311226451670923,0.0,-0.8133533306345017,0.9892296186207633,0.8015162986131981,0.7702658881994161,-0.1767766952981081,-0.17677536163333882,-0.1767786385716436,-0.17677758202765728,0.9103369514873865,-0.17677756818252682,-0.17677669529980958,0.16272227175480514,-0.1767766949489608,-0.17676606447006266,-0.24450482346091282,-0.17677669480960947,-0.08420390867137333,-0.17673488009654595,-0.17674623816183296,-0.17674770521380687,-0.17688966583708346,-0.17673736854065966,-0.17677669390360684,-0.14221802194479416,-0.2151586711095568,-0.049919327560417594,-0.17674322215224064,-0.16372797073580192,-0.27832875120765294,0.26832520895865825,-0.6503004987465659,0.5093242509112519,-0.17675488679532067,0.0,-0.3278161474566277,-0.17675415356357477,1.0220806219703336,0.24919458703678937,0.6016037167199885,1.0064121484845736,-0.47164029750590325,0.0741091135449069,-0.1767425850647918,-0.17667820490228417,-0.17621396600774197,-0.17675146207602263,-0.17667174638515173,0.90179492445325,-0.012710674318642106,0.8343712478209503,-0.19817390270887106,0.11649836572473024,-1.6121329947907022,-0.01685051082935228,-0.17672427465964277,0.14011361340867637,0.8933443377504777,-0.17675055107867718,0.5442636189930551,-0.17673574630533653,0.15035376447696877,-0.38555490146585747,0.17765649535430594,0.5702682767413609,-0.16535819380837902,-0.22835471445986352,1.0064121484845736,0.0,-0.07411828575506273,0.09091935501678285,0.9684945749944065,0.5381699981251916,-0.1767766938336441,-0.1766781171756499,-0.17674394849104805,-0.17674987724386365,0.7195348518739125,-0.17674986267718193,-0.17677669471579122,-0.2905222738679428
-0.17677667082753099,-0.17574971694894156,2.993333097649353,-0.17677669531059403,5.6379232159692485,-0.176776252188551,-0.17677673217242923,-0.17677702356627178,-0.1767838498688988,-0.17677743223895395,-0.17677669530975632,0.7368429925184657,-0.009553408910592719,-2.7588140886921337,-0.17677644228380693,5.639011027889244,0.3061113301080434,-2.0979574371446716,-1.4097491808960807,-1.3203858426719672,-0.1767785119283378,0.0,0.18124027417063268,-0.17677849761532083,0.19949543641067263,-3.8715404271115763,3.5316552634249416,-0.7984118099900024,4.134382186681874,0.2781239944722312,-0.176777423511727,-0.17679869124684816,0.17676316688866078,-0.17677810804326982,-0.17680234779210408,0.17671260421032697,0.1053285170622227,-1.1971988863122862,-0.4075765759828059,-2.7675316273324264,-2.494263990056967,-1.8088392905006072,-0.17677490337413715,-2.773792148656813,-2.8915932254469996,-0.1767767670564175,-0.176701540725828,0.17675230609011355,-0.6300751550267233,0.8222811463827338,0.16091868525456463,-0.9070765771021854,1.4200358894944476,5.639190096770161,-0.7984118099900024,0.0,1.1432732397554275,3.116564262794219,-1.0164093858408658,1.1581591644954603,-0.17677669538064683,-0.17677451094513047,-0.17690804391117165,-0.17679975055521813,-3.221875695360628,-0.17679854417126242,-0.1767766957879977,0.0,-0.1767766952863188,-0.17677288050888643,-0.17928264988822978,-0.17677669528524892,-0.4637873274387448,-0.1767724681407088,-0.1767724147280017,-0.17677250662850916,-0.17677608462227096,-0.17677239947991485,-0.17677669528612158,-0.7377565604979737,-0.19969373754317363,0.05381442990202214,-0.17677236490087297,-0.22788307606453329,-1.0992557780876582,0.32972727130753243,-0.42446002316821196,0.4045011951319216,-0.1767724851534145,0.0,-0.4669205382237674,-0.17677252029742505,0.031374836908366496,0.1694775752577068,-0.3400136720854214,0.5486915863295879,-0.5779840239424147,0.12334823861506311,-0.17677243485802324,-0.17676877017539722,0.17677986162755263,-0.17677249359488242,-0.17676865202440828,0.5393009302758007,0.9306327387959733,0.7421247208071493,0.15678735575303482,1.0594571386834115,0.3973597071195128,0.9113367978132929,-0.17677193341375574,1.043154613840275,0.16192268213066127,-0.17677241597528504,0.8236031721658956,0.17677609306179926,0.8912232610018249,0.47722378000707216,0.17677413204348974,0.34250920088875575,-0.644456875356899,-0.19428704419462942,0.5486915863295879,0.0,-0.7952131254097697,0.712306392600255,0.8637425336770795,-0.33532919568757813,-0.1767766952801483,-0.17676950881673084,-0.17676864053608504,-0.1767719483400968,0.34934298389931456,-0.17677199789708756,-0.17677669528272352,-0.31108669600183336,-0.1767766905382986,-0.17643462335722068,1.9560385876873032,-0.17677669503425314,5.638809930674381,-0.17673753792731034,-0.17677378480450961,-0.17677910231761812,-0.17724632471951146,-0.17673162859896402,-0.17677669360839007,0.6509279590903081,5.3089200141547295,-3.7941943347970852,-0.17677321486377007,5.648725767090671,-0.367386230746072,-2.111790600825282,-1.2120739275898105,-0.591150188279913,-0.1767786813496497,0.0,0.5214890734461549,-0.17673466805943006,1.4521779804199728,-4.030380387180269,0.5578658624906814,-1.6113818808076736,5.032659736760523,0.5666636689396535,-0.17673306370053082,-0.1768062342921092,-0.17666570713328386,-0.1767355433656104,-0.17682252330865203,-1.20058901918627,-1.1514220209744304,-1.1069341096752625,-0.5884086142964587,-2.1552197659075096,-2.5100298526488145,-1.685137989884684,-0.17670267955175423,-2.0990605480469653,-3.122903019289985,-0.17676002130686985,1.1212172798445454,-0.17675860664886967,-1.2643480374071143,0.36859736666353865,0.14875332902241248,-1.5797368941957979,2.1698956009442316,5.639269205476562,-1.6113818808076736,0.0,1.5711513812614695,1.4643583540297826,-1.8520349381875572,-0.5817118569859948,-0.17677669418893155,-0.1766917986544355,-0.17677988506639122,-0.17673968025862732,-2.837898040139534,-0.17673955307010755,-0.1767766937513358,0.1744105289608552
5.656854249492381,5.656854155451727,0.2693565341861537,5.65685424949238,-0.20723623157468843,5.656854249438189,5.656854249396156,5.656854249359796,5.656854247968863,5.656854249438795,5.65685424949238,0.44106847041564406,5.654366188858115,-0.13644385401799447,5.656854249399618,-0.15512247483740738,-3.2083521816849885,0.005769834728807049,1.7398029726790947,-1.4733590951601765,5.656854249173069,0.0,0.6163398905935419,5.656854249356858,0.7087915945002738,-0.4697950052889183,-3.72948055002708,2.4211514673628525,1.0676669386119813,5.6243488374822705,5.656854249431461,5.656854249208638,-5.656854245967634,5.6568542493087675,5.656854248738226,-5.6568542164677185,5.649819727888937,1.8370923962992447,0.9593613402102803,2.519103872194364,-1.270962542704187,1.6195253591269645,5.656854249380648,2.268397816486293,-0.14602366388714896,5.656854249410511,3.6604180078086648,-5.656854243927774,4.445377685129223,4.349159407556645,-5.656832001298223,-1.2621493541295317,-2.797837396078227,-0.13853175639821064,2.4211514673628525,0.0,-3.5205889781981003,1.8395578520436309,2.285178104712545,-0.3583293006471795,5.656854249492381,5.656854249389001,5.656854244232376,5.656854249369959,1.8128012203297994,5.656854249380406,5.65685424949238,0.0,5.656854249492381,5.656854249479834,3.1158870670448033,5.656854249492381,-1.2921571618869205,5.656854249479724,5.656854249478918,5.656854249478004,5.656854249455541,5.65685424948095,5.656854249492381,-0.001165334017527722,5.622562404368542,-0.26647152195429674,5.656854249479046,0.27986370472888794,-1.8975105194326187,-0.029999302622689017,1.3949590008135584,-0.18632004010900344,5.656854249471321,0.0,-0.4830602907924324,5.65685424948183,-0.09204792288429997,-0.829580590815904,1.2247271913445867,-0.4013111347160634,-0.574134296878215,5.577508053041176,5.656854249481403,5.656854249469794,-5.656854249329935,5.656854249482014,5.656854249468301,0.19279840883543697,-1.1740022309246905,-0.4863419974473839,0.649002701265397,2.236398633339637,0.6159075460352451,1.4533807671176437,5.656854249477754,2.0842060933784525,0.722286022013199,5.656854249479451,1.6616159612913934,-5.6568542494770355,-0.8734801993142871,-0.5232792200223051,-5.656854249480741,-1.7981753488215262,0.5816818885809142,0.51809878451901,-0.4013111347160634,0.0,0.6990371567557899,-0.4459835585529576,-0.45947534086649766,-0.4827163414856726,5.656854249492381,5.656854249476636,5.656854249440705,5.656854249475076,0.5111261062374195,5.656854249475236,5.65685424949238,-0.46902301858737955,5.65685424949238,5.656854238612932,4.890096469218258,5.65685424949238,-0.09759533570416537,5.656854247566565,5.656854248957733,5.656854249026924,5.656853893134806,5.656854244561683,5.656854249492381,1.7965522444261757,1.765171423607829,-0.049919327560417594,5.656854248869714,-0.16372797073580192,-0.5913280171793945,-0.25534313860285773,0.6599939292910955,-3.0967536248441117,5.656854249033627,0.0,0.9080134199750969,5.656854245646105,0.3130360662481091,-1.251549443249897,3.7095688257106803,-3.769443966336749,0.8765620675546669,5.448221197987895,5.6568542447044035,5.656854233094489,5.656853929193578,5.656854244959609,5.656854238972494,-0.0031890384853436975,-3.5430054187630953,-1.5813794192078117,-0.38262323687888733,1.9804722173204141,0.18366072092552263,1.687554985409894,5.656854242305425,1.768603912649143,-1.9413129053325509,5.656854248618068,0.8638155223754922,5.656854247820993,-3.5916956683939945,-4.209886244286614,-5.656784778830999,-4.098600844524485,4.14247567328955,-0.17806079514612275,-3.769443966336749,0.0,3.68463566070186,-3.7064983763170365,-2.5501644522564706,2.208324204431135,5.65685424949238,5.65685423325394,5.656854248123488,5.656854243034959,-1.2247854061717458,5.656854242992292,5.656854249492381,-2.951861765922442
-0.17677669607361374,-0.176807475406033,-0.3041122160166251,-0.17677669537731724,-0.15745376664448443,-0.17677451165782385,-0.17677829402358392,-0.1767776849435341,-0.17679337999926098,-0.1767765403551235,-0.17677669529780649,1.6129565387046194,-0.18142963667301706,-0.13644385401799447,-0.17677830290940408,-0.15512247483740738,0.9735228929647536,0.24286931973411122,1.7398029726790947,0.5765823153072592,-0.17677853120696538,0.0,0.7320033568401384,-0.17678232562717053,2.8029616351814055,-0.153109893996769,-0.11551271975902926,0.025240778349436967,-0.6402301648596911,-0.12206874932888975,-0.1767784835086995,-0.1767785103650979,0.17681483772810663,-0.17678252467194355,-0.17678473248790227,0.1766126365925873,-0.18564994338552127,-0.9212290945867201,-0.39293022540125366,-0.9287018883665862,-0.22241844497323285,-0.9303683812547768,-0.17677116198034448,-0.9896326225292523,-0.24958480668038266,-0.17677816446904568,-0.6753200585968815,0.17675922811206002,0.012820868858482218,0.11009252953927043,0.17728347298420893,0.5655707743875741,-0.059134898352723404,-0.15342279210225285,0.025240778349436967,0.0,-0.011205496626391974,0.12789739043798684,-0.07878563532676028,1.3854536291758002,-0.17677669526477596,-0.17677737665104692,-0.17678105885658615,-0.17676936699773596,-0.24476312335671524,-0.17676901939944456,-0.1767766950790055,0.0,-0.1767766952985554,-0.1767772615712483,-0.32906309156700403,-0.1767766952987875,0.7018640124986834,-0.17677733565833553,-0.17677743444223715,-0.17677754570457047,-0.1767762206682378,-0.17677743773401491,-0.17677669529860005,1.203118407889833,-0.14378315429616262,-0.26647152195429674,-0.1767774334599035,0.27986370472888794,-0.05992429149277015,0.12987917467964596,-0.532863411070476,-1.2074741012349668,-0.17677845513340396,0.0,1.44417030781053,-0.17677763554828754,0.5755703378461847,-0.5367608699800769,0.18899367620552424,-1.162701866077859,-0.36069163193269427,-0.2624551661714117,-0.17677743297280485,-0.1767790562075084,0.17677962153178842,-0.17677757482039133,-0.17677925344552337,-0.7291002962493148,-0.8875210952035094,-1.6264648315394612,0.8827802981409894,-1.5021214085095496,-1.1324751652906129,-1.2854726221577872,-0.17677750051869145,-1.4553689370513512,-1.455122903831819,-0.17677744420408473,0.758786027733929,0.17677798165081232,-1.3747546078858017,-0.24316622646342215,0.17677653765564544,0.1436788796489601,1.4598300284936157,0.23314445303355427,-1.162701866077859,0.0,1.4882770790565345,-0.8552552811338396,-1.602419582983155,0.9623874585332484,-0.17677669529891543,-0.17677875807656457,-0.17677931841306255,-0.17677650720600893,-1.5183698510750436,-0.176776474236391,-0.17677669529686096,-0.46902301858737955,-0.1767766952037345,-0.1767736908924395,0.12225241173045649,-0.1767766950643832,-0.17151232149489476,-0.17675345658588607,-0.1767675944328491,-0.17676919411177544,-0.17703798839984236,-0.17674023657439525,-0.17677669404624216,1.3754757336733494,-0.2151586711095568,-0.049919327560417594,-0.17676695179110094,-0.16372797073580192,-0.3250840301698691,0.23869453419004377,-0.6503004987465659,-0.5781134819867595,-0.17677836420945592,0.0,1.120788251859033,-0.17674364402694073,-0.08477920347223322,-0.5011774281065515,-0.18733391300631186,-1.6203087146671566,0.12383805879970851,0.00019384573836181825,-0.17674059915077306,-0.17677201084252633,-0.17666365923459104,-0.17674134113523857,-0.17680391736264128,-0.13787955746219466,-0.9140625239640336,-2.126101413900535,-0.21386952452451602,-1.456229571559128,-0.7142361369325898,-1.485230889394634,-0.17673396212569656,-1.4302163180017735,-1.2832674739025625,-0.17676144708541472,-0.15234519809726285,-0.17678538585810297,-1.0826547767379133,0.07170424073997,0.177637629198645,-0.6733798088510985,0.697897597188909,-0.12776687583238194,-1.6203087146671566,0.0,1.0602497017575019,-1.160333088675051,-1.4207681087044541,-0.2262913919919339,-0.17677669322553552,-0.17677192311448414,-0.17678692435283017,-0.1766904439348867,-1.036698816949957,-0.176690133822012,-0.1767766910767779,-0.6432299173932379
-0.17677669794880854,-0.1768836320084874,-0.8775809662194038,-0.17677669565061274,-0.5621123277300806,-0.17678250538661133,-0.1767844269437659,-0.17678717439188252,-0.17676950330369562,-0.1767765191425431,-0.17677669529750198,-1.3977894035564915,-0.19338749660954785,4.550564846978309,-0.1767834054676148,-0.5558064764928548,-0.2567093259892514,0.26609127506902885,1.3741719487474777,1.3326671423805714,-0.1767935540334796,0.0,-0.7469210646337667,-0.17677620113065348,-1.1477103454888087,3.0153246444811495,-1.73796193154724,2.675716978070529,-0.9626682132587326,-0.34809864309858723,-0.17677588797724025,-0.17674667242846517,0.17676252836716327,-0.17677584844055824,-0.17672277076908333,0.17693357010611777,-0.18564994338552127,1.905389897903332,2.199199744300894,-0.3923765478348828,-2.669021339678793,3.113953584117227,-0.17678481361637116,-0.3690553960501009,2.1763349632511133,-0.1767837849223019,0.6256310914534104,0.17674495994299239,1.2489299584985476,0.03660156272687012,0.17736131644733508,1.8295858209304978,-1.4062658971428097,-0.5108076489992656,2.675716978070529,0.0,-1.1720238567447983,-4.066099271420154,2.700999008514,0.5930778188658173,-0.1767766952389914,-0.17678141655888724,-0.17660259808526832,-0.1767644344234419,-0.42574850947828047,-0.17676775005933287,-0.17677669504277913,0.0,-0.17677669530167803,-0.1767805622581273,-0.928184858282101,-0.1767766953013033,-3.4373302401098607,-0.17677934138047727,-0.17677946116885226,-0.1767794773192055,-0.17677808978368442,-0.17677899706562183,-0.17677669530057424,-1.4450485326809603,-0.6575560814308584,4.673846538532031,-0.17677950182040497,-4.385917524183632,1.4966642286521985,0.34305047774938907,1.1392274563799711,1.126408949367923,-0.1767795210905935,0.0,-1.2840607111564883,-0.1767790244895674,-0.4949994867012051,3.6553418681083834,-1.6186420232028558,0.9932769905843786,-1.2665972609713143,-0.45393940555558865,-0.1767789560793176,-0.1767766012779592,0.1767696607910576,-0.17677897936127665,-0.17677465522577793,0.820605070541019,2.1512252372676097,1.3568739373593277,-0.4011460940400354,-0.39441176648016096,-2.4437621987850062,2.670080790596536,-0.1767795264392655,-0.4143174575131736,1.474637206594813,-0.17677941038627332,-1.6207866670090747,0.17677652683020506,2.0748416517165977,0.5102536800062382,0.17678117942354815,1.5323843636826302,-1.5627419634226893,-4.468602016476466,0.9932769905843786,0.0,-2.1159451500753854,-2.5834049080174886,1.4133159387665744,1.1311431982373414,-0.1767766953017281,-0.17677910989762025,-0.17677808846795445,-0.17677961383760024,0.9231657390242564,-0.1767796348119646,-0.1767766953030538,-0.46902301858737955,-0.1767766957057473,-0.1768058272192439,-0.6112620586522821,-0.17677669547292937,-0.4986258431319808,-0.17679321669762305,-0.17678852584337987,-0.1767858847225981,-0.1767201668267494,-0.17678670661477977,-0.17677669596431964,-0.9341772308174164,-0.5116291414298204,4.286561027525562,-0.1767890381609443,-0.47567517343676147,-0.22004467341673134,0.27820210054819294,2.0693862552475677,1.228999763506698,-0.17678991128959629,0.0,-1.555975010009875,-0.17678148783448258,-0.8343362964493822,2.3678920415591698,-0.9567998136626125,1.0625986910118808,-0.5131925187176826,-0.3017595794225289,-0.1767849363113449,-0.17672264829310225,-0.17691134257076732,-0.17677652578253727,-0.17667739446971473,-0.275958281545442,1.4466208917738952,1.3676535835315582,2.2758067269949303,0.11649836572473024,-0.7142361369325898,2.5470480527924497,-0.17679822048834654,0.14011361340867637,0.8665461075112464,-0.1767847996598037,-1.913783939491183,-0.17679539622043738,1.4082419452774668,0.5742208190470133,0.17771351232124385,0.7340782966017656,-0.7632235686915566,-0.5301182303423082,1.0625986910118808,0.0,-1.2106935528533265,0.7886162983682659,0.670935906363645,-0.11648656790320479,-0.1767766957831554,-0.17680731970291297,-0.17677361261059654,-0.17680810972793262,1.1732675368336076,-0.17680820610057824,-0.1767766967603714,0.5752146693305087
-0.17677669577535812,-0.17680136714382483,-0.3041122160166251,-0.17677669507906163,-0.15153788277459646,-0.17677200450036704,-0.17677222350400015,-0.17677299188765552,-0.17678802332310006,-0.17677254877022813,-0.1767766952377907,1.127673904654908,-0.18142963667301706,-0.13644385401799447,-0.17677225751000025,-0.15512247483740738,-0.4225856543924758,0.24655604499315403,-0.41096775633062554,-0.1472643408858166,-0.17677420038493766,0.0,0.3990718883035569,-0.17677091249046115,0.159311866601238,-0.31145244964284363,0.1533102218799874,0.17498519641277258,-0.30320668670571627,-0.13474221014042478,-0.17677294032803562,-0.17677488191833896,0.17677234396930788,-0.17677205371300453,-0.17678022641768626,0.17670904248640568,-0.18564994338552127,-0.22594433703085504,0.9912048588114474,-0.009287018883666122,-0.22241844497323285,-0.19513692468929256,-0.17676916069354479,0.01880537049936876,-0.04246252109391633,-0.17677242843808602,0.3460743354744492,0.17678108152674196,0.22150409295734397,0.2516695251821879,0.17727988338001255,-0.11593494498206483,-0.43023825741974236,-0.18320486351033724,0.17498519641277258,0.0,-0.30439191489428385,0.20848176611461944,0.42016451933171095,-0.316915508353411,-0.1767766952291193,-0.17677374820499306,-0.17677579298981033,-0.1767730599445124,0.5813996081761894,-0.17677296108125817,-0.1767766952227898,0.0,-0.17677669529783618,-0.17677684209930283,0.12027823346931865,-0.17677669529806828,0.5443236855201936,-0.17677700586196912,-0.17677700827758136,-0.1767769884855429,-0.17677390918195146,-0.17677701777543162,-0.17677669529792586,1.002276783012334,-0.14378315429616262,-0.26647152195429674,-0.17677704885825402,0.27986370472888794,-0.33302095355274997,0.3164040648656758,-0.532863411070476,0.10042300073926584,-0.17677633983906796,0.0,0.9426147657317692,-0.1767766375967752,-0.7768715539550254,-0.6831707303979934,0.1310205136972823,0.16973191380529293,1.6834556635824038,-0.16909934783769245,-0.17677696119090255,-0.1767778647072893,0.17676697282265963,-0.17677656312834703,-0.17677804653109724,0.6709874754926052,-0.7442805273429163,-0.43509920463075746,0.17969488569007103,-0.6021073243606714,0.6159075460352451,-0.6434254909929262,-0.17677746373160796,-0.6225277534208091,-0.21567474604311662,-0.17677701888723726,0.17590473869360082,0.1767775333584947,-0.4901589010065455,-0.5305892218925927,0.17677677180806095,-0.9555434331248128,0.2652911122988308,0.09066728729082639,0.16973191380529293,0.0,0.43004275020805016,-0.1330161192068829,-0.04226817566132529,-0.7758589957258006,-0.17677669529974202,-0.17677756657640634,-0.1767767949004047,-0.17677700004981103,-0.7002587340505833,-0.17677699683651715,-0.17677669529822873,-0.46902301858737955,-0.17677669544771663,-0.17678606230068705,-0.24450482346091282,-0.17677669530836532,-0.06506357236156171,-0.17676072148478641,-0.1767751732116533,-0.17677859885911465,-0.17690349543602904,-0.1767671096588577,-0.17677669524571568,-0.27851168869019144,-0.2151586711095568,-0.049919327560417594,-0.17677343090877792,-0.16372797073580192,-0.28381968868455265,0.2683252089586565,0.6599939292910955,0.09749763323621263,-0.17677581834412817,0.0,0.05685689916315683,-0.17677451428484914,1.4736503876244653,-0.20102862204921546,-0.46035699412135134,0.29003373126137444,-0.49904934874562995,-0.0748756334830255,-0.17676808133659805,-0.17675621120462018,-0.17646112871591008,-0.17677098815361908,-0.17678905452150193,-0.3432142537684418,0.13751463395558855,-0.27290068448243054,0.45532491571355,-0.5824918286236512,0.6326091498545788,-0.6361725147681598,-0.17675093898651456,-0.49965043272150694,-0.47336540445026865,-0.17677405366242382,0.4237110105360874,-0.176774447885602,0.10236745823310087,0.19316602040774428,0.17767163033029415,0.37846271858009134,-0.22139318432554775,-0.22835471445986352,0.29003373126137444,0.0,-0.16822328246122376,0.042223031395026596,-0.34774036902774796,-0.3375870036612928,-0.17677669517952582,-0.17675612347681513,-0.17678433352283063,-0.17676776888410456,0.45232197103844185,-0.17676770432499583,-0.1767766954218287,-0.194329280179226
-0.17677669578284202,-0.17680137184058345,-0.3041122160166251,-0.17677669508654553,-0.1491743293991428,-0.1767734466617758,-0.17677222496474873,-0.17677157842777838,-0.17676216212001425,-0.17677582191759486,-0.17677669528740744,0.801770017850639,-0.18142963667301706,-0.13644385401799447,-0.1767719316637602,-0.15512247483740738,0.008029729849079003,0.24286931973411122,-0.41096775633062554,0.37713428549965744,-0.17677008152762483,0.0,-0.859420285201625,-0.17677205309194316,-0.9178165990997513,0.32191777294145013,0.14031846480180118,-0.4239924758405821,-0.6047260060246569,-0.14585695895337836,-0.17677494378600814,-0.17677505861928416,0.17679639473262249,-0.17677094507458804,-0.17677927531736692,0.1766398409960218,-0.18564994338552127,-0.45675208840389525,0.03427293524605467,0.5270383216480372,0.47661095351407,0.16803757648856582,-0.17677544997910624,0.5618104436686263,-0.45670709226685,-0.17677256976147498,-0.23396738630465283,0.17679170513694825,-0.2827740536520685,-0.2018798834990554,0.17728018888507602,-0.10207858635055224,0.039847372450871485,-0.13853175639821064,-0.4239924758405821,0.0,0.1328602876738741,0.013751500721368956,-0.2833843399567917,-0.48615942584524346,-0.17677669530270884,-0.17677392490590393,-0.17676969273182225,-0.17677303519551457,0.9669840704172175,-0.17677301061848408,-0.1767766952059426,0.0,-0.17677669529295714,-0.17677454801253578,-0.02950220820945557,-0.17677669529318926,0.5775380782314595,-0.17677460574165008,-0.17677471262213706,-0.17677449163422562,-0.1767729866154611,-0.17677495373318725,-0.17677669529373347,0.09009644443136533,-0.14378315429616262,-0.26647152195429674,-0.1767746131367075,0.27986370472888794,-0.726332395505181,0.3164040648656758,-0.532863411070476,-0.1030499002045495,-0.17677491728140574,0.0,0.08959021691545069,-0.17677461650196125,-0.8333502557915515,-0.2439411491442439,0.4080702908040086,0.7407749623266454,1.5643466592875295,-0.04392732448140538,-0.17677478838583346,-0.1767757331085991,0.17678366301025944,-0.17677456434078737,-0.17677612796423528,0.9467295117960001,-0.7442805273429163,-0.2849220177705755,-0.935680539505645,-0.3251799138533242,-0.25828380962768394,-0.40520504866230067,-0.17677484514270636,-0.27551059357474994,-1.622615898127589,-0.1767747522131819,0.11704441538836884,0.17677868261987295,-0.523031158190685,-0.33005177354996157,0.17677437251126707,-0.5637765577956495,0.43982009912551423,-0.05180987845190151,0.7407749623266454,0.0,0.6381847874147143,-0.15985508224355222,0.0052182759097169655,-0.8918690145557906,-0.17677669529343704,-0.17677543497782502,-0.17677207234652784,-0.1767742776926362,-0.19096190395493756,-0.1767742942337754,-0.17677669529108975,-0.46902301858737955,-0.17677669567891804,-0.17679688505176372,-0.24450482346091282,-0.17677669553956674,-0.10490621447526408,-0.17679605252876027,-0.17678363880838402,-0.17678444440285626,-0.176641293386938,-0.17680259364153827,-0.17677669645025176,0.1796548568365813,-0.2151586711095568,-0.049919327560417594,-0.17678363230023703,-0.16372797073580192,-0.19793874706322756,0.25472034635853846,-0.6503004987465659,0.14316468747768896,-0.176787310730843,0.0,0.9592333788839978,-0.17679109702118448,-0.8690763924025657,0.3992689900654597,-0.23089503574871126,-0.42634468596181985,-0.2922864840472943,-0.27041535600400246,-0.17680060125142755,-0.17682145569442803,-0.17682078037854193,-0.17679105978531326,-0.17681687773133978,-0.04062874598371268,0.28773994222982224,0.29778814926935615,0.914433170091845,0.0,0.18366072092552263,-0.15073668994338313,-0.17680665429700387,-0.03436749008137364,0.08344226829818403,-0.17679005391454808,0.15111032817855188,-0.17675545457079186,0.18947515070804058,0.33182803521674176,0.17768853612063532,-0.09797007835334992,-0.38783085762587693,-0.17806079514612275,-0.42634468596181985,0.0,-0.2891753318529471,0.13061959105407664,0.1833984546025145,-0.4073460995016689,-0.17677669668077298,-0.1768213679656435,-0.17680175118780547,-0.17680287577135037,-0.18825451887267275,-0.17680290615986025,-0.17677669656268943,0.030121038427779964
-0.17677669566557827,-0.17679919231194555,-0.5908465911180144,-0.1767766949692818,-0.1405122649867355,-0.17677117213297278,-0.17677004393287593,-0.17677060270731554,-0.1767810727465866,-0.176771168208464,-0.1767766952157618,-1.480805394695322,-0.18142963667301706,-0.13644385401799447,-0.17676907051453922,-0.15512247483740738,-0.4732781304892304,0.24286931973411122,-0.41096775633062554,0.7363594343975983,-0.17677158131933574,0.0,-1.2901471622099039,-0.17677113127576322,-0.4764886537030421,0.005232661649305647,-0.2831139693174036,0.17498519641277258,-0.005128765497034226,-0.10034186017504171,-0.17677109795287424,-0.1767657787710252,0.17679152193847972,-0.17677019567442298,-0.1767601762991191,0.17663295177545368,-0.18564994338552127,0.42304285515574447,-0.4462528506675456,0.8335099448090105,2.224184449732327,0.39009567296213854,-0.17676941448237132,0.872099056908202,0.6824654784587184,-0.17677037004998805,0.179283792715196,0.17682226411674215,0.32101615928551297,0.36741066207862977,0.17727820283421947,-0.3149213769099199,-0.6703769520464603,-0.13853175639821064,0.17498519641277258,0.0,-0.6589915202273163,0.24690899365999333,0.21681880178029467,-1.0813639467903617,-0.17677669525947728,-0.17676464505944814,-0.17676512164551836,-0.17677380180884775,0.7047352791803274,-0.17677387404033773,-0.1767766952238522,0.0,-0.1767766952983608,-0.17677707900146328,1.018960883541964,-0.17677669529859288,1.1486920073569553,-0.17677739607820353,-0.17677724663771732,-0.17677737110478958,-0.17677291576847484,-0.1767778419920581,-0.17677669529919188,-0.5641052410931366,-0.14378315429616262,-0.26647152195429674,-0.17677724339032377,0.27986370472888794,-0.16543645824839803,0.3164040648656758,-0.532863411070476,0.5509964435909305,-0.17677771780211765,0.0,-0.30395392077737454,-0.17677752659230409,-0.7824100014909373,-0.09753128872633332,0.7191060604582703,0.7407749623266454,0.8273102453323714,-0.21459157742220084,-0.17677777730771274,-0.17677755210146473,0.17677985675092792,-0.1767776379409067,-0.17677695698313886,0.5890327439858687,-0.3145588237611426,1.0726108748392402,1.8125255529910982,1.1979208439370852,0.1788118682037806,0.7402757918689943,-0.17677805852896547,1.2513649097479105,0.6217902254357373,-0.1767773254216504,0.13340280399461132,0.1767795057769854,0.29863620365093013,-1.1148796049473462,0.17677764056312176,-0.8685442792066164,-0.5600938318949789,0.23314445303355427,0.7407749623266454,0.0,-0.35467146106038505,0.5110054500699248,1.1575971432984413,-0.8972084825328248,-0.17677669530140622,-0.17677725397059774,-0.17677624595423838,-0.17677824937279984,-0.10719224010637157,-0.17677826830533863,-0.17677669530081408,-0.46902301858737955,-0.17677669558277884,-0.1767920051298664,-0.24450482346091282,-0.1767766954434275,-0.16685024577323948,-0.17678377237809823,-0.17677190356788028,-0.17677426956562398,-0.1765718679729312,-0.17679429533555654,-0.17677669620722827,-1.0625933673748222,-0.2151586711095568,-0.049919327560417594,-0.1767696971391763,-0.16372797073580192,-0.2108994860998356,0.23869453419004377,0.6599939292910955,0.6148378297403772,-0.17678927597786795,0.0,-0.9304175800729275,-0.17679068762665381,-0.32191180175029743,-0.050954219020546664,0.19570558513997727,-0.42634468596181985,0.07371939800470421,-0.1931507125004296,-0.17679316518583024,-0.17679767135859148,-0.1770887240689541,-0.17679381094697533,-0.17677667207031705,-0.0031890384853436975,-0.012710674318642106,0.024375686159333023,-0.13457366036936713,0.17474754858709537,0.18366072092552263,0.06328429446955773,-0.17679828922111804,0.2564343490687097,0.33653666500202617,-0.17678264552198045,0.9026876100851744,-0.17681017278707256,0.07560011532994163,-0.09763343216114999,0.1776811239000748,0.4593710240865934,-0.3237396063273392,-0.1445315156036289,-0.42634468596181985,0.0,-0.2716523094850901,0.01505963219771198,0.005148853870826438,-0.07496184881659441,-0.17677669639819746,-0.17679758363016407,-0.17675330368528785,-0.1768054936063856,0.8393932316350033,-0.17680566578177945,-0.17677669668472815,0.030121038427779964
-0.17677669629963177,-0.1768123085320429,-0.017377840915235705,-0.1767766955935289,-0.1748529405860036,-0.1767833273963429,-0.1767827308042715,-0.17678303475370952,-0.1767944044007855,-0.17678235516140814,-0.17677669537546084,0.5162693728005255,-0.18150167197383954,-0.1209726254291106,-0.1767829477885049,-0.15512247483740738,1.4225252783948983,0.26609127506903224,-0.40507523378538596,-1.21157582233238,-0.1767783157582605,0.0,1.4557346280322228,-0.17678498054392405,-0.12093466239101808,-0.6008072020152525,0.5391064003029399,-1.4159979631752453,0.48550387538511597,-0.3041651221660742,-0.17678275667190743,-0.17679030056920045,0.1768079868621893,-0.1767854124340748,-0.17679317680585738,0.17670419653288066,-0.18564994338552127,-1.740044500097559,-0.05551250091815817,-0.46899445362512615,0.1270962542704186,-0.60657732726551,-0.17678136090289281,-0.5241997026698888,-0.9065596728111573,-0.17678246546269008,-0.49166402732271797,0.17670967993903092,-1.352709893877816,-0.9406759136668766,0.1772863997951722,0.05314697686518137,2.0500499583366385,-0.13853175639821064,-1.4159979631752453,0.0,1.8036320180086916,-0.44809802615332994,-1.576250660873507,0.05489521033820823,-0.17677669537511476,-0.17678926345528503,-0.17680375960674524,-0.1767828492616483,-0.7700079611870237,-0.1767825174633899,-0.17677669546503672,0.0,-0.1767766953009644,-0.17677937462386775,0.5696195585056413,-0.1767766953011965,-0.14578467885017898,-0.17677903446132254,-0.1767795627731754,-0.1767797357787877,-0.1767831757502362,-0.1767777808433681,-0.17677669529910597,0.17936307206526583,-0.14378315429616262,-0.26647152195429674,-0.17677958052307255,0.27986370472888794,0.24061868975414755,0.3430504777493983,1.3949590008135584,-1.0115331772900085,-0.17677988462776043,0.0,0.3582389020556455,-0.17677800319792195,-0.5738687783241306,0.04887857169158318,-1.7527091524788647,-0.21096345187561258,0.2208624927221361,-0.30068387198115215,-0.17677781880090732,-0.17677845058198532,0.17678747629271838,-0.1767779177504011,-0.17677866408180193,-2.2012639944893038,0.8313657191235856,0.7062391196280635,-0.846895861834426,-0.2559480612264874,-0.25828380962768394,-0.4316066198413082,-0.1767784221372519,-0.3449140255439618,-1.0866383163811233,-0.1767792963665247,-0.2046339801045206,0.1767757569980823,0.89527327024152,2.3432654552283463,0.17677842297018886,-0.07354177083005974,-0.9324137038453155,0.3756216187762822,-0.21096345187561258,0.0,-0.9384622507399786,0.9981372003122574,0.42140587522595074,-0.4538640472417627,-0.17677669530020265,-0.17677815245107245,-0.17678213159256229,-0.1767783946121694,-0.9967482030669326,-0.17677835745789086,-0.1767766953008875,3.637321368636821,-0.17677669557009065,-0.17679119156180872,-0.24450482346091282,-0.17677669542989122,-0.21503665244814982,-0.17677855392589603,-0.17679442948712853,-0.17679304546901123,-0.17684488611262694,-0.17677799968471763,-0.176776695661297,-0.21698548150867572,-0.21747484665893385,-0.027828524381654764,-0.17679609540586355,-0.16372797073580192,-0.22536617001397768,0.2782021005481964,-0.646710650998513,-0.6443000342157101,-0.17678611063768226,0.0,0.6579017962158433,-0.17677328945720364,-0.5131273926930903,0.12831273911780447,-0.25946253119869583,0.6400451040599298,-0.17469611977566588,-0.18240633832118253,-0.1767767566259196,-0.1767849021759885,-0.17657628049452898,-0.17677240049095744,-0.17681985230673605,-1.3413470483927745,0.6772968032751941,0.17223756122770692,-0.07553286239473408,-0.34949509717419075,-1.163184565861646,-0.46221304471241326,-0.17677400852334038,-0.32516932923145697,-0.09934042477341322,-0.17678170618646105,-0.4676384009216491,-0.17677238220697955,0.6348748706140515,0.8135740376736214,0.17768835729605115,-0.019662826193867666,-0.6124736856672337,-0.2115900746886166,0.6400451040599298,0.0,-0.5948051651502442,0.5911969226732916,0.39083105730033985,-0.6751831618451556,-0.17677669548862845,-0.17678530606993073,-0.1768015346812113,-0.17678174499091687,-0.09317643769418757,-0.17678170999366538,-0.17677669589572853,0.44695734441221957
-0.17677669616691793,-0.1768092463095679,-0.44747940356731974,-0.17677669546551816,-0.16619464937825598,-0.1767810936613786,-0.17677990231394006,-0.17677994525940374,-0.17675129454884986,-0.17678338285799336,-0.1767766953874134,0.06047006018572984,-0.1814656543234283,-0.12870823972355253,-0.17678000748695244,-0.15512247483740738,0.9143473783354432,0.256308008746666,0.6673638694468152,-0.02918638021488243,-0.17677688780164683,0.0,-0.2798558021116919,-0.17678333365904814,0.9515653644031736,0.01889784110916704,0.696946361928116,-0.39465898024735396,-0.6716188032239863,-0.27200167247746226,-0.17678356888831684,-0.1767860533712173,0.17681058253571363,-0.17678401234937907,-0.17679280614594162,0.1768045745187204,-0.18564994338552127,-0.7264613502483016,-0.5091585486916028,-0.5456123594153695,0.6513683031358958,-0.5891199337043697,-0.1767863838418775,-0.4466275493599948,-1.1238252758081955,-0.17677990431196208,0.9747696307307986,0.1767353581952252,-0.5475242597105524,-0.8290903322077344,0.1772880316263341,0.671631599949486,0.6830577483957753,-0.18320486351033724,-0.39465898024735396,0.0,0.6632229648543663,-0.11176551280682424,-0.41231861157892474,0.5038466763350097,-0.17677669538421042,-0.176784967965778,-0.17679604055229614,-0.17678541087562438,0.17484806913188522,-0.17678531958978316,-0.17677669554113526,0.0,-0.17677669529839635,-0.17677734149846064,0.34494889598747996,-0.17677669529862244,-0.421806843528898,-0.1767771617841353,-0.17677750748656662,-0.1767777349303176,-0.1767793245666905,-0.17677631785340836,-0.17677669529656495,0.7276177368988646,-0.14529425114067643,-0.25866892453401824,-0.17677735278109427,0.27986370472888794,-0.6131870150128937,0.32972727130753243,-0.5302225584514536,-0.7116466482253893,-0.1767790293458962,0.0,0.7406523073398478,-0.1767760379710048,-1.4701604351872872,-0.5249277442750676,-0.03974829554525053,0.022147272041326497,0.5008609046583861,-0.17956395812493686,-0.17677618820404967,-0.17677728859581363,0.1767797303545526,-0.17677617765108547,-0.176776839169441,0.00901909492152075,-0.5969193404068869,-0.8627132821158121,-0.4080303322974873,0.2286749071613701,0.6159075460352451,-0.02160607559973602,-0.1767768419986316,0.2103134302097329,-1.0664473800824548,-0.17677734920364052,0.7125403470304166,0.17677448764181428,-0.5214547871661807,0.8063439127225139,0.176776457610487,-0.7772091593677816,0.4115975062622911,0.09066728729082639,0.022147272041326497,0.0,0.6598533983743016,-0.17715430018258926,-0.1299682486709385,-0.9684485466062125,-0.17677669529632437,-0.1767769984900748,-0.17678022658566916,-0.17677663843003782,-0.35224286185821796,-0.17677660152788058,-0.176776695297359,0.004785949169258971,-0.176776695345414,-0.17678239675629434,-0.24450482346091282,-0.17677669520493633,-0.10762373557609782,-0.17676891823330237,-0.17678265874609292,-0.1767804766048308,-0.1770119154780985,-0.17675367745110138,-0.1767766943947893,0.39637160962577517,-0.21631675888424534,-0.03887392597103618,-0.17678502172190028,-0.16372797073580192,-0.24435986628596576,0.27326365475342557,0.008436563020293608,0.29603540441352727,-0.17677310719715958,0.0,0.116597399439527,-0.17674970128943945,-0.45369172492582177,0.1883425003292732,-0.6033503800072848,0.10554175531895969,-0.16488152810433973,-0.025286089141188427,-0.1767514926648548,-0.17672809036619752,-0.17698891326783836,-0.17674503202101766,-0.1767379500632752,-0.3378732822392787,0.14379117080814152,-0.10330506481117277,0.29042308491546687,0.23299673144946048,0.8570833643191069,0.07858936026107864,-0.1767522693446837,0.2564343490687097,0.11804339266947615,-0.1767706007581919,-0.5004892194732534,-0.17676257803514048,0.22132425575665832,0.43576046704329313,0.17766957276116838,0.4495662700160225,-0.2572206241612637,-0.23673703434548699,0.10554175531895969,0.0,-0.1861745783632305,0.16446294281119384,-0.2727091710564473,-0.8638239234344138,-0.17677669440525565,-0.17672839848584226,-0.1767907054041125,-0.17675171527612388,0.23374763627734935,-0.17675160295933554,-0.1767766942443836,0.4309251787974334
-0.1767766960381462,-0.17680648901741902,-0.3041122160166251,-0.1767766953418497,-0.17205990588033224,-0.17678122124199044,-0.1767773398179659,-0.17677592657091207,-0.17676633933492938,-0.17678112560457454,-0.17677669536000706,1.0072980918655714,-0.18142963667301706,-0.13644385401799447,-0.1767780071543425,-0.15512247483740738,1.0941441839800525,0.2563236600310923,-0.41096775633062554,0.5913649538545295,-0.17676988098975135,0.0,0.8244794030665235,-0.17678263854047607,0.12186936043522885,-0.153109893996769,0.4052039201526297,0.6242184506027916,-0.18243972237403389,-0.19529801758404566,-0.17678158238511169,-0.1767809037220443,0.17677877460655084,-0.17678358507155975,-0.17678555668677373,0.17669156269980837,-0.18564994338552127,0.3760652381075016,-0.5273548301345931,-0.08590492467390946,0.8261256527577214,-0.27936153572421835,-0.17678386319402914,-0.05876678281052517,-0.04246252109391633,-0.17677747083003437,-1.49497383718965,0.17670817655801074,-0.289793164738937,-0.5865831795045978,0.17728600350507948,0.5305114095284407,0.3053151714295158,-0.10874968499012626,0.6242184506027916,0.0,0.3545120110985217,0.011041025611620374,-0.09188459670887611,0.04562822367518238,-0.1767766953584085,-0.17677977000752831,-0.17678749365017907,-0.17678025249362622,0.053698193092972885,-0.1767801196724097,-0.1767766953947481,0.0,-0.17677669529726953,-0.17677668283604567,0.7194000001844155,-0.17677669529750162,-0.5561613709568047,-0.17677663307819227,-0.17677685679342534,-0.17677699077376627,-0.1767814898043042,-0.17677568975362531,-0.176776695295396,0.33715347219035674,-0.14378315429616262,-0.26647152195429674,-0.1767768129129446,0.27986370472888794,-0.8957170370503783,0.3164040648656758,-0.532863411070476,-0.9103380247349041,-0.17677740533323527,0.0,0.26156374791062303,-0.17677446959965817,-2.3201708210627268,-0.6831707303979934,-0.13862157181360737,-0.020615769035157886,0.6696251117426307,-0.15251052740015889,-0.17677536099887012,-0.17677693551478713,0.17677860293839437,-0.17677441667959992,-0.17677734204584405,-2.2287041373348777,-0.3145588237611426,-0.14545180536815128,-1.8540101724307958,-0.04825250334597705,-0.6953794874591485,-0.22086137562800204,-0.17677591497080086,-0.06730029766711444,-0.9191453220853532,-0.17677670708842697,-0.26298829827805736,0.1767732240477386,-0.31480244490061576,0.9426185628554011,0.1767757165215144,-0.6043017765972335,0.07102431564200519,0.660575950261738,-0.020615769035157886,0.0,0.2700442194357401,0.010155839363018648,-0.14166092460080434,-0.9874009311239672,-0.17677669529563422,-0.1767766373839517,-0.17677937503852775,-0.17677599812688344,-0.7488662703991106,-0.1767759618366402,-0.17677669529571535,0.16272227175480514,-0.17677669537031604,-0.17678154202381488,-0.24450482346091282,-0.17677669523096473,-0.16679686665885463,-0.17677233011973786,-0.1767698069335414,-0.1767669195827148,-0.1768389614230093,-0.1767605942335484,-0.17677669497763737,-0.08934633445091,-0.2151586711095568,-0.049919327560417594,-0.17676851046126418,-0.16372797073580192,-0.2425817306010338,0.26832520895865825,-0.6503004987465659,0.3418063821453262,-0.176780911324533,0.0,-0.12939456016573897,-0.17676753923839042,-0.3969067623696736,-0.050954219020546664,-0.3495800960300458,0.05124092552030807,-0.45549669536732257,-0.02269484549562738,-0.17676056088037465,-0.17674527585961372,-0.1775202493126558,-0.17676680629092054,-0.17678232556465157,-2.2863935136862734,0.2126272880927054,-0.065754582640365,-0.9575530549247767,-0.5824918286236512,1.0815575787836351,-0.6633014157340478,-0.17676776422446455,-0.5578108005515237,-0.11903324906488966,-0.1767697374315514,-1.2881536772415825,-0.17676776545319228,0.18153644444549355,0.06858975485769987,0.17766939458447953,0.5279335123543198,-0.24731778239509875,-0.24511935423111045,0.05124092552030807,0.0,-0.21954202679794194,0.12256342170996161,-0.12187519825777744,-0.05781702807054995,-0.1767766947393926,-0.17674518813197276,-0.1767684730436712,-0.17675736173419812,0.4799042776952109,-0.17675728910755448,-0.17677669498633208,-0.1622649489496537
-0.1767766959536177,-0.17680480021986955,-0.3041122160166251,-0.17677669525732123,-0.15667623445483644,-0.17677849453241995,-0.17677566584220616,-0.17677534751657456,-0.17677708496136554,-0.17677841530285787,-0.17677669532411192,0.35490931898425043,-0.18142963667301706,-0.13644385401799447,-0.1767758639327398,-0.15512247483740738,0.6388067989819792,0.26609127506903224,-0.41096775633062554,0.7975254296841813,-0.17676775835340489,0.0,-0.725499409741772,-0.17677846418422263,-0.43423793768108265,0.638602884233593,0.25389252721363803,0.7739628686661272,-0.20833592883169086,-0.14554817952150934,-0.17677806524502165,-0.1767747247530395,0.17678877214759853,-0.1767776240888804,-0.17677501208665083,0.1765896589027284,-0.18564994338552127,0.061913577105663045,1.0387151404273316,0.4504204158577939,0.8261256527577214,0.08448567114970953,-0.17677874476144362,0.48423829035873234,0.527123764268869,-0.17677583053831145,-0.1143655135703814,0.1767653464036875,0.14829813172103126,-0.13847336488391943,0.17728462508391593,0.5781722294326096,-0.3077808222405397,-0.10874968499012626,0.7739628686661272,0.0,-0.17006812953950723,0.1802128110632062,0.4831508502631614,-0.15380817792675971,-0.17677669530061887,-0.17677359103972415,-0.17678458837732877,-0.1767780501935578,0.6727723849087334,-0.17677792934392325,-0.17677669535138513,0.0,-0.176776695291273,-0.17677402344946128,-0.6286239749245525,-0.17677669529150508,0.35091341320682495,-0.17677336217841774,-0.176774188683779,-0.17677462970327873,-0.17677053365227802,-0.17677356257274893,-0.17677669529008383,-0.3105287890121848,-0.14378315429616262,-0.26647152195429674,-0.17677422708035578,0.27986370472888794,-1.0450646841953937,0.3430504777493983,-0.532863411070476,0.6134299259550117,-0.17677521869843485,0.0,0.450262707234159,-0.17677364621985794,0.6264424351328918,-0.3903510095621604,-0.7164114723002124,-0.5916588175565103,1.02418491920418,0.09974574528124515,-0.17677362788235837,-0.17677415749380446,0.17678615690199218,-0.17677403466356387,-0.17677648633238752,-1.2669782009107993,0.11516287982063114,-1.2726883919655043,0.22646131468375658,-0.18671620859965063,0.1788118682037806,-0.35245211787770964,-0.1767737803992827,-0.20610716160553813,-0.18217614718396177,-0.1767741166785473,2.3562648688148324,0.17677777112304935,-0.5010069651282246,0.4007933299846317,0.17677311925992067,-0.23701435478144411,0.7242388073570609,1.2304846132326495,-0.5916588175565103,0.0,0.6187409247203611,-0.14187315601911185,-1.100286938504381,-0.5647912544330808,-0.17677669528708104,-0.17677385936311096,-0.17677119412260467,-0.1767718229638969,-0.03767698282974196,-0.17677182601205754,-0.17677669528267742,-0.46902301858737955,-0.1767766954059635,-0.1767846701319333,-0.24450482346091282,-0.1767766952666122,-0.2619025755454283,-0.17677349479889806,-0.17676580589274615,-0.1767708839467317,-0.17675091441609786,-0.17677078796509432,-0.17677669539063298,-0.19723618442989752,-0.2151586711095568,-0.049919327560417594,-0.17676320501934825,-0.16372797073580192,-0.2827511780902815,0.2782021005481964,0.6599939292910955,-1.0710828440762636,-0.17677645274510548,0.0,0.2080667284990546,-0.1767742381978831,-0.04399035002137439,0.24919458703678937,0.4430380233678312,0.29003373126137444,0.0365406243939829,-0.16720803562149192,-0.1767702096310379,-0.1767611661264171,-0.17649090835110254,-0.17678089619073684,-0.17675537015583773,-0.3210370712128422,0.2126272880927054,0.6917721189368645,0.6241370743033308,0.5242426457612861,0.18366072092552263,0.30281082326549136,-0.17677504087853518,0.48907582038877634,0.5896310617058672,-0.17677168122401388,0.51928475293755,-0.17682050809406583,0.0011858263606646538,-0.14973324986375602,0.17767185344885908,-0.29463208163200416,-0.5262577708386484,-0.24511935423111045,0.29003373126137444,0.0,-0.2997801704008478,-0.06045570918560109,1.5214597947384865,0.2955447971185164,-0.17677669516909453,-0.17676107839853755,-0.17675534692089317,-0.17677262749629066,-0.3028828109254021,-0.17677263467938334,-0.17677669548008337,0.2545713570347859
-0.17677669637192628,-0.17681375716890266,0.8428252843889324,-0.17677669567562979,-0.1367413323132541,-0.1767834314350472,-0.17678459537776206,-0.17678610861241079,-0.1767758406387869,-0.17678117629172152,-0.17677669536065435,1.2284409757018706,-0.18142963667301706,-0.13644385401799447,-0.17678447518136842,-0.15512247483740738,0.16139572333466326,0.10353758772459173,3.890573701688815,-2.450850822732792,-0.1767961572498749,0.0,2.2874000662238387,-0.17678075237787483,-0.6425168653433225,-0.9448226722271358,0.3763910758513845,-1.0229701480939337,0.42115212921425405,-0.377127590544759,-0.17678038952094158,-0.17679319228941848,0.1767132951795224,-0.17677938859708076,-0.17679854420819976,0.17679988958827522,-0.18564994338552127,-1.2268496467586736,-0.6590121440871138,-0.6988481709958562,0.1270962542704186,-0.7028600134858629,-0.17678477900744,-0.6793440092896766,-0.14602366388714896,-0.17678413182092187,-0.2676191836869104,0.17682746151246773,-1.5001643357190173,-1.3038334973427912,0.17728782783109076,-1.9566891157857835,2.155896347977434,-0.2129869349184216,-1.0229701480939337,0.0,2.0161779309978445,-0.45635162452410427,-1.3054267974753828,2.0781600236978965,-0.17677669534124923,-0.1767920585725147,-0.17678764292097035,-0.1767771941605016,-2.603286122965609,-0.17677686864701062,-0.17677669525325787,0.0,-0.17677669530208434,-0.176780788636555,-0.7784044166033267,-0.17677669530231643,0.7967099929951293,-0.1767806137988283,-0.176780959128175,-0.176781177899296,-0.1767792072405158,-0.17678021933054397,-0.17677669530153892,-0.9264861407578278,-0.14378315429616262,-0.26647152195429674,-0.1767810069847935,0.27986370472888794,3.103076751210828,0.21634978215111014,-0.532863411070476,0.39166944852988844,-0.17678210691804272,0.0,-1.5810287589871597,-0.1767799395768932,-1.305339759102717,0.6345180133632448,-2.216509692395335,1.5021656936884487,-0.6177620937625432,-0.5059577598443848,-0.17678010668524177,-0.1767801492462831,0.17677462299845992,-0.17677989859131302,-0.1767792548452511,0.19279840883543697,2.407011965590093,1.5675323383543203,0.6711274671755257,0.9902252860565748,1.0530032238667095,0.5601136350311694,-0.17678082176996185,0.9043477499018513,0.722286022013199,-0.17678086393515516,-0.776665038282858,0.1767765180812382,2.2095411550283477,2.2252478888989855,0.17678046296413938,1.1350455091454308,-1.223299226052774,0.09066728729082639,1.5021656936884487,0.0,-1.6532228445661206,2.07118755345572,1.0648725435508437,0.8680418490238049,-0.17677669530375062,-0.17677985111528338,-0.17678351943971946,-0.17678119686663607,1.2197054219744108,-0.17678117028969906,-0.17677669530454435,2.0579581427813594,-0.17677669584748082,-0.1768136183249807,-0.6112620586522821,-0.17677669570812948,-0.22705857914032412,-0.17682587261655155,-0.1767953355255649,-0.1767931408122742,-0.17631422000798957,-0.1768502264917312,-0.17677669738855034,-0.9556442891386904,-0.2151586711095568,-0.049919327560417594,-0.17679652578635255,-0.16372797073580192,0.5634413630884116,0.26832520895865825,-0.6503004987465659,0.6492473017898223,-0.17679056682611377,0.0,-0.9360031454459263,-0.17683894524134997,-0.5425908119330706,0.5493433930941239,-1.189932999696188,0.5288265370024456,-0.6479154771864876,-0.6903531423994905,-0.1768490520677691,-0.17688966979030968,-0.17666480091037126,-0.17684473059292324,-0.1768509484884423,-0.24924108521181654,1.113979137738096,0.8943823290590407,1.0773102458620636,1.2232328401096677,1.9794544366417475,1.0136534906082608,-0.17686092548530383,1.3033209700090096,0.7414876997281725,-0.176810683683322,-0.8422899069391692,-0.17680107987865734,1.1502633458570215,0.7195949867559333,0.1777121780931373,0.9503607160073594,-0.5625943338642893,-0.06070831674739424,0.5288265370024456,0.0,-0.8746687062161638,1.105623848417872,-0.5422221268303525,-0.44939624832964836,-0.17677669768715165,-0.17688958206050118,-0.17680417485366573,-0.17686010610651992,0.8895497647485862,-0.17686031190789564,-0.17677669769286092,0.959986644085376
-0.17677669577505334,-0.17680109567314264,-0.3041122160166251,-0.17677669507875687,-0.14962989265915022,-0.17677462422796694,-0.17677197873064243,-0.17677271531129504,-0.17676484721892843,-0.1767777799501088,-0.17677669531533294,-0.8110810517504661,-0.18142963667301706,-0.13644385401799447,-0.17677146984469716,-0.15512247483740738,-0.2535393697913679,0.2563236600310906,-0.41096775633062554,-0.8705161899107529,-0.1767721542707518,0.0,-0.11482894687153182,-0.1767740368468895,-0.8940035885102838,-0.153109893996769,0.33777637542251954,0.9237072867294689,-0.24685457688640347,-0.23560951117040374,-0.1767765732725536,-0.17677888693661353,0.17676436701518153,-0.17677599839054342,-0.17678127924313927,0.1767757522671043,-0.18564994338552127,0.6329976015103067,0.7646541817357755,0.14394879269682054,-0.5719331442168842,-0.08308079085599566,-0.17677635991534008,0.2515218304290506,0.7342460498553364,-0.1767724226854534,0.09508956615395395,0.17679216574153686,-0.3248814911306791,-0.36189147332215094,0.17728094234101038,0.18801145991675253,0.5661622073611091,-0.2129869349184216,0.9237072867294689,0.0,0.6163435341964063,-0.0025085583955503036,0.21621571421696809,-0.08979692895768711,-0.17677669531856655,-0.17677775322248943,-0.17677037898633038,-0.17677609490931145,-0.48097987212164506,-0.1767761041879189,-0.1767766952677589,0.0,-0.17677669529839496,-0.17677708559840385,-0.6286239749245525,-0.17677669529862705,0.7574464230955829,-0.17677764283395714,-0.17677725351636644,-0.17677726831205007,-0.17677298974556763,-0.17677797664793338,-0.1767766952993766,-1.0096093934088433,-0.14378315429616262,-0.26647152195429674,-0.17677720991222656,0.27986370472888794,0.2505720216070659,0.3164040648656758,-0.532863411070476,1.0803177126560415,-0.1767779848420565,0.0,-0.9893844744927673,-0.1767779455523751,-0.39338418858973584,0.4881081529453282,0.05009425636274688,-0.020615769035157886,-0.660427440581319,-0.14278298115097654,-0.17677789765219318,-0.17677744388599198,0.1767653232080295,-0.17677788349709303,-0.17677715835162644,-0.44726055872616954,0.11516287982063114,-0.1050406107233241,0.5478638832796896,0.5056023176687172,1.9271945795296386,0.22347285589845622,-0.1767783308314764,0.5573305900557921,0.18630844026673257,-0.17677734606082451,0.11051457057591221,0.17677812675210655,0.23413959488596264,-0.5895946101055674,0.17677736787300968,0.6285331746084956,-0.29013214253135866,1.0880074474899217,-0.020615769035157886,0.0,-0.295025989317957,0.45834639204002764,0.1802613696625859,-0.19808685493884975,-0.17677669530076215,-0.17677714575513054,-0.1767759682309205,-0.17677764863001544,0.7083530622607239,-0.17677766565469355,-0.1767766952998328,-0.46902301858737955,-0.1767766956101111,-0.17679402511201683,-0.24450482346091282,-0.17677669547075978,-0.22480186257893847,-0.17678976560017728,-0.17678366224380418,-0.1767831732699214,-0.1766673538595253,-0.17678847650654472,-0.17677669602273774,-0.748384632979386,-0.2151586711095568,-0.049919327560417594,-0.17678578521253438,-0.16372797073580192,-0.19413112801723376,0.2683252089586565,-0.6503004987465659,1.009201658429209,-0.17678401094581145,0.0,-0.5632321618172839,-0.1767843318366385,-0.8379907275092188,0.8494921991514646,-0.9955321082458654,0.05124092552030807,-0.6317917994610281,-0.09644766208217007,-0.17678714217382993,-0.17675783669225986,-0.17640495704292666,-0.17678686215275355,-0.17671430973167845,1.3866658330642627,0.6633032129154012,0.12629840520906332,0.7461774990049732,0.6407410114860164,1.0815575787836351,0.4617707083864401,-0.17679815121815698,0.6635569238788264,0.5390121823650988,-0.1767846104347635,-0.18359865219283164,-0.1767719865853977,0.6085685886559354,0.38407757783435637,0.17768831056964393,0.7305753801667754,-0.3686807178373011,-0.16129615537487582,0.05124092552030807,0.0,-0.4902390893667495,0.5559140402318944,-0.5305815278769761,-0.21087860777295267,-0.1767766959931516,-0.1767577489644304,-0.17678462264693617,-0.17679184978294904,0.7619000421862899,-0.17679186441919803,-0.17677669627639608,1.1203083002332375
-0.1767766958635322,-0.1768031632930066,3.710169035402826,-0.17677669515623126,-0.13922785992990258,-0.17677717397073925,-0.176773541850382,-0.1767737363676599,-0.1767573607484078,-0.17677869166049348,-0.17677669532788728,-1.0239345788740373,-0.18150167197383954,-0.1209726254291106,-0.17677217711693244,-0.15512247483740738,0.319979380152429,0.2562923574622413,-0.40507523378538596,0.03663294656032262,-0.1767736046922744,0.0,-0.5536196085817778,-0.17678103007991197,-0.28425998983401296,0.034298281452828955,0.3470573485543547,-0.06460587248856502,0.5363231268130829,-0.27254138634205183,-0.1767791562016631,-0.17678089045261836,0.17674819188980198,-0.1767835065516464,-0.17677439026333053,0.1768982179789878,-0.18564994338552127,-0.2975262568792136,-0.4064110023141287,1.9061606258724173,0.8261256527577214,1.175463566976126,-0.17678069137156605,1.9581092032467171,-0.0758006971985869,-0.17677389252029171,0.3369516635080671,0.17683413862619668,-1.0198061268680265,-1.16213496096795,0.177283861994637,-1.9830993035238027,1.33672696768427,-0.12364072069416844,-0.06460587248856502,0.0,1.3300897532342078,-0.31813915935092396,-0.6416557366023937,-1.9131517319420124,-0.1767766954058653,-0.17677987912166768,-0.17676285644629441,-0.17677730729292354,-0.16348602436660567,-0.17677747975064567,-0.176776695298164,0.0,-0.1767766952992813,-0.17677765627276912,-0.7784044166033267,-0.1767766952995134,0.895565381741537,-0.1767779729769522,-0.17677781991879715,-0.17677794353943876,-0.17677506035554325,-0.17677859715968683,-0.17677669530014742,-1.1522023810781223,-0.14378315429616262,-0.26647152195429674,-0.17677779692181464,0.27986370472888794,0.5610626450066682,0.2897576519819579,-0.532863411070476,0.8939779086336029,-0.17677783073675432,0.0,-1.2568186446100884,-0.17677854294638323,0.667830870170652,0.7809278737811598,0.14580609892705523,-0.21096345187561258,-1.0689991369360317,-0.2135995185311119,-0.17677857283983256,-0.1767779609301458,0.17677864740868382,-0.17677854974208843,-0.17677730674243386,-0.32186338769071654,0.2584034476812242,0.44400517669405715,1.5006588243661871,0.9209934334297379,1.490098901698174,0.5343134001517956,-0.17677840363199987,0.9043477499018513,1.0572720106047406,-0.17677791641966295,0.7663400095960525,0.17677812213109467,0.14153974418061344,-0.6346308851842649,0.17677784315419157,1.2587539965030115,-0.20567452205630793,0.9455302817471938,-0.21096345187561258,0.0,-0.23626548233490108,0.38274209275633225,0.03244961101467494,0.3986980534020135,-0.17677669530143703,-0.17677766279925794,-0.1767774400941034,-0.17677890142617678,1.1675210159910472,-0.17677891801174625,-0.1767766953020812,-0.46902301858737955,-0.17677669570606713,-0.1767994232721256,-0.6112620586522821,-0.17677669556624123,-0.21657603345528148,-0.17679670483674934,-0.17677308995998073,-0.17677717032118068,-0.1763838162658212,-0.1768218181184628,-0.1767766969225614,-1.3885142786779658,-0.21747484665893385,-0.027828524381654764,-0.17677231118797482,-0.16372797073580192,-0.07939222270600085,0.2782021005481964,-0.646710650998513,1.35311481062438,-0.1767835560103245,0.0,-1.3869761171344446,-0.17681382002012871,0.49022861833795983,0.42928387067119406,0.771110503326338,1.118939169272148,-0.4332148349201689,-0.34481052963105374,-0.17682014230650447,-0.17682625348623393,-0.17692617913753156,-0.17682282066747787,-0.17679667325861856,0.4977250023520044,0.6019783610445506,1.7422015326650462,-0.7692913113087495,1.456229571559128,1.0815575787836351,1.1864881605874489,-0.17682499129031923,1.4778020734990598,0.5605078708522756,-0.1767924140680248,2.4648801149011903,-0.17679951781446396,0.5556974363941711,-0.42296442187575567,0.17769775609182092,0.8628035847389321,-0.439911307950783,-0.16129615537487582,1.118939169272148,0.0,-0.7477808930705335,0.5099692189021876,0.8385519295967102,0.5200656374335411,-0.17677669716575578,-0.1768265440882962,-0.1767649203583895,-0.1768379365217361,1.017029721535011,-0.1768382033630135,-0.1767766973980824,0.09424970088692451
-0.1767766959457216,-0.17680463785124378,-0.5908465911180144,-0.17677669524942513,-0.14803268568113043,-0.17677745190760313,-0.1767754604089467,-0.17677594023814994,-0.1767543324480681,-0.17677934176507207,-0.17677669533666523,-1.459956484644853,-0.18142963667301706,-0.13644385401799447,-0.17677534415269416,-0.15512247483740738,-0.09396622272180032,0.26609127506903224,-0.41096775633062554,0.9021290004730185,-0.1767845877290056,0.0,-1.3308252160190845,-0.17677565932506023,-0.5543330045605345,0.638602884233593,-0.2244564186766544,0.6242184506027916,0.2969918020715978,-0.16918955138697814,-0.17677853484060474,-0.17677178274949334,0.17674998980652037,-0.17677656357506294,-0.17676350780359454,0.17680088584441803,-0.18564994338552127,1.2672603623613732,1.8478550436216745,1.3698352853407139,-0.5719331442168842,0.7486526555322898,-0.1767815562596171,1.4151041300774596,0.9931489068384206,-0.17677567822115572,0.6758584976259951,0.17679499124799677,0.27380557740069505,-0.2861415953803513,0.17728636004159584,0.09363235917438731,-0.48990422195990607,-0.10874968499012626,0.6242184506027916,0.0,-0.4338048198937136,0.22867832234969662,0.5328686654091936,-0.937503309282726,-0.17677669535812437,-0.17677064903674966,-0.17678080031928214,-0.17678320322480157,1.0479299453117583,-0.1767833167574358,-0.17677669549091243,0.0,-0.17677669529764992,-0.17677668863172719,-0.17928264988822978,-0.176776695297882,0.6511151635680374,-0.17677673603126803,-0.17677685420713452,-0.176777038096876,-0.17677423973922446,-0.17677727845552743,-0.17677669529835147,-0.8609431391737156,-0.14378315429616262,-0.26647152195429674,-0.17677679174867836,0.27986370472888794,-0.35736403593541116,0.3430504777493983,-0.532863411070476,0.8588239146226637,-0.17677737112051228,0.0,-0.5361095467642396,-0.17677721166345453,0.43441106577675026,0.04887857169158318,0.49037036218974717,0.7407749623266454,1.9144428231021746,-0.14593171370595112,-0.17677724502621242,-0.176776892819161,0.17677870359985012,-0.1767772618021644,-0.17677697006104556,-1.4863998815639639,-0.028077688039961916,0.7521343082122198,1.3132453305153369,0.3671386124150437,0.6159075460352451,0.09327486234722022,-0.17677710512856765,0.41852372611736843,0.6552888242948908,-0.17677691435010073,0.9835683065738436,0.17677789896679869,0.5584773928409107,-0.5046159806257302,0.17677718074904916,-0.5609595462017567,-0.8528539480807494,-0.19428704419462942,0.7407749623266454,0.0,-0.7148049635920941,0.7231560192567743,1.1927931633134652,-1.0742314345524409,-0.17677669530013201,-0.17677659468832765,-0.17677629118939533,-0.1767780185594032,0.5003296218205527,-0.17677803653074456,-0.17677669530058857,-0.46902301858737955,-0.17677669552659223,-0.17678948156817578,-0.24450482346091282,-0.17677669538724092,-0.1623957127286545,-0.17677841038937367,-0.17677274048406913,-0.176774989444642,-0.17659426012700288,-0.17678261448418484,-0.17677669582514044,-0.7855131843428125,-0.2151586711095568,-0.049919327560417594,-0.17677009168845853,-0.16372797073580192,-0.20716547577124816,0.2782021005481964,-0.6503004987465659,0.5894122122946811,-0.17677073042229086,0.0,-0.8719791617124351,-0.17678957395969566,0.7022644607750627,0.5493433930941239,0.19723032298033222,0.29003373126137444,-0.24574151808687938,-0.14261962127023453,-0.1767857682697847,-0.176778877199058,-0.17728298842305348,-0.1767950448313528,-0.1767517604283538,-0.8390117026436259,0.2126272880927054,0.8235139911901196,2.187204045493496,0.5242426457612861,1.0815575787836351,0.30281082326549136,-0.1767910257704935,0.48907582038877634,0.437774423683563,-0.17677887300614548,0.6388541760984005,-0.17673925192467219,0.13205921998786727,0.04278031493714598,0.17767775005284706,0.25120013883950826,-0.16788669120950747,-0.19482543491736967,0.29003373126137444,0.0,-0.12351256055195234,0.07235411987602042,0.3822045531202827,-0.4853996687654464,-0.1767766960547285,-0.1767787894709127,-0.17676187724294876,-0.17679052982446347,0.8777462752264246,-0.1767905875871925,-0.1767766962326176,0.19044269457564134
-0.17677669608626637,-0.17680799023715657,-0.5908465911180144,-0.17677669536912752,-0.1643858388729847,-0.1767757435894279,-0.1767779512870246,-0.17677969145821326,-0.1767854994249978,-0.17678041033011938,-0.17677669535077858,-0.4539072359539036,-0.18157370727466202,-0.10541639008975082,-0.17677716297520846,-0.15997925061504914,0.15063006854561567,0.25626086616266613,-0.3991503347426422,0.41473764012486947,-0.17677825829090796,0.0,-0.12174067660570925,-0.17678182210980922,2.3921805101014715,-0.2549015369121049,-0.09271860456621105,-0.004378996652101612,-1.0959367984956416,-0.18446070736978815,-0.17678108839991905,-0.1767783829164079,0.1767792784162054,-0.17678540974724213,-0.17678642668632333,0.1767303990134052,-0.18564994338552127,0.3324846382112697,-0.31020389615101296,-0.08590492467390946,-0.22241844497323285,-0.2547287285610209,-0.17677401164104883,-0.05876678281052517,0.7237192303955852,-0.1767780051364062,1.2141510520816214,0.17675561969843326,0.047745310762797,-0.2288018246283433,0.17728716971196096,1.1633014019981693,-0.27279444267347297,-0.12364072069416844,-0.004378996652101612,0.0,-0.18746770460215292,0.10753608947642469,0.200854457932947,1.0482618723476715,-0.17677669532411275,-0.17677750770942907,-0.17678528571818428,-0.1767806182750597,0.10908363295336397,-0.17678055296696218,-0.1767766954165033,0.0,-0.17677669529767692,-0.17677677972937778,-0.4788435332457782,-0.17677669529788315,-0.1828357428794544,-0.17677684519267145,-0.17677692081236202,-0.17677686134623696,-0.17677925807781467,-0.17677679929214898,-0.17677669529755122,2.085854655000875,-0.14982754167421786,-0.2351753894444009,-0.17677682967789105,0.22497216085932892,-0.12496829185561976,0.2792928643701994,-0.5222709802359324,-0.6604376664922831,-0.17677722455576925,0.0,0.4528458704142087,-0.17677729942121892,1.842857857855579,-0.3404751230461668,-0.013770965640460597,-1.0026843085251773,-0.6158961056403157,-0.14581448840704653,-0.17677701806973936,-0.17677763319358056,0.1767843069486687,-0.17677724262227043,-0.17677792662505204,-0.7226464956016677,-0.5852992377394036,-1.5955277634826839,0.19357183685734794,-0.9482665874948553,0.1788118682037806,-0.8929496764309358,-0.17677648842742677,-0.9695449132668683,-1.1044919652236396,-0.17677691502720808,-0.6377304125012296,0.17677472887071538,-0.8191017253453442,0.08245744567045561,0.1767761270972533,0.36244487736945075,0.7921310044551615,0.09066728729082639,-1.0026843085251773,0.0,0.8603192793104508,-0.44355116972984077,-1.2029399352829786,1.2345980770026783,-0.1767766952964623,-0.17677736242897135,-0.1767783797394568,-0.1767755637533836,-0.23701558468708772,-0.17677553204108046,-0.17677669529482648,0.16272227175480514,-0.17677669542743524,-0.1767864216487906,-0.24450482346091282,-0.17677669528559703,-0.21456255225055354,-0.17676752510510424,-0.17677905184986925,-0.17677244071642076,-0.17702965741874205,-0.17676072103446222,-0.17677669498299345,0.44212055163606556,-0.21979102220831093,-0.005616343163465993,-0.1767798491657224,-0.16860214577800442,-0.10747201817109865,0.27820210054819294,-0.6431010788122822,0.8333772394328436,-0.17676517455839413,0.0,0.11840483165670751,-0.17677867432039598,1.4143465301478184,0.15766569288194077,-0.7751537408628633,0.9919796162694569,-0.6257707896858311,0.006655377682419788,-0.17676547574290755,-0.17673218904050908,-0.17649874392399204,-0.1767703542417128,-0.17675063607593697,0.7638345957339344,0.5403165594381463,-0.10473509831863079,0.7491520535050841,-0.17474754858709537,-0.7142361369325898,-0.28782047659091803,-0.17674956525527313,-0.15068822574140697,1.0401947129808402,-0.17677274677935204,-1.089216000674427,-0.17679256920446307,0.7008918900992943,0.3437248669249499,0.17768124214784783,0.70234704082945,-0.6393577366171082,-0.1445315156036289,0.9919796162694569,0.0,-0.5211176768504582,0.6397590792036496,0.907986677249744,-0.31934324057920377,-0.17677669472131496,-0.17673337339651468,-0.1767940757827466,-0.17675256985980375,0.2815808156231467,-0.17675244964908177,-0.17677669476059485,0.41489301318264726
-0.17677669610195312,-0.176808873223327,-0.017377840915235705,-0.17677669536391474,-0.18206596742197131,-0.17677312291898678,-0.17677797611607007,-0.17677927598575724,-0.17676347078079235,-0.176777291421252,-0.1767766953084886,0.798348669480602,-0.18171777787630697,-0.07404608125626787,-0.1767781083064463,-0.16483602639269093,-0.03290895506032657,0.24256893124148843,-0.387202333910589,-1.4797197947668346,-0.17678288111373436,0.0,2.173998150558027,-0.17677624002888165,-0.15201926395434387,-0.19772575221748845,0.3939256097334403,-0.3371241670193085,-0.609534842622023,-0.22720590232762264,-0.17677689627989776,-0.17678122372540614,0.1767432865830528,-0.17677599254630585,-0.17679051660007275,0.17687107397909607,-0.18564994338552127,-1.2240210437695973,-2.465041009652793,-1.081937699947073,0.47661095351407,-1.0043081041821922,-0.1767748364382318,-1.1447769291490402,-0.5957422176743402,-0.1767779042330941,0.9968481625456413,0.17670759055090018,-0.49532619888920454,-0.1959431079079841,0.1772848518279578,0.1873653359562483,0.5024414149041567,-0.15342279210225285,-0.3371241670193085,0.0,0.620297127157785,-0.13866911361581832,-0.2779871535520502,0.6471520604419948,-0.17677669525066558,-0.1767805758927753,-0.1767870030892331,-0.17677485687166444,-1.7163913882532251,-0.17677454736027304,-0.176776695225356,0.0,-0.1767766952993859,-0.17677792432471656,0.2700586751480929,-0.1767766952995849,-0.7243615392025038,-0.17677791061924034,-0.1767780507374024,-0.17677797633326564,-0.17678361956738214,-0.17677733860102104,-0.17677669529844633,-0.3322123089652337,-0.1558719290522731,-0.2035334433156567,-0.17677799139010886,0.17008061698976987,-0.11942096574858761,0.3430504777493983,-0.5115615059667495,-0.11422467331202005,-0.1767781755350927,0.0,0.13075181872236089,-0.176776972223705,-0.05478043274998158,-0.1420204728312216,-0.762349285538698,0.8911601482171653,-0.0895987132296459,-0.20443494700863543,-0.1767772936162345,-0.17677733286308117,0.17677886529037362,-0.1767769386436755,-0.17677807145067664,-1.177957326169748,1.1684954534253136,1.3838511096528245,-1.6007952338930824,-0.46364361910699775,-1.1324751652906129,-0.4990539471896822,-0.17677706650375685,-0.4143174575131736,0.7741070589223881,-0.17677796586388603,-1.6168041366548942,0.17677357919726988,1.2376230908756756,1.0697690962951805,0.1767778626887176,0.1885658169240139,-1.0913216589941208,-0.6217185414228131,0.8911601482171653,0.0,-1.2229723024104744,1.2115161129528533,1.2685419062436634,-0.6795275278984119,-0.17677669530011692,-0.17677709275604236,-0.17677983416489568,-0.17677801319611244,-0.36977823136837334,-0.1767779885108085,-0.1767766953003565,1.1103402072680821,-0.17677669573218432,-0.17680214889824097,-0.24450482346091282,-0.1767766955912084,-0.10425938650748111,-0.17679833187002472,-0.17678764356627388,-0.17678719639253085,-0.17662893319574113,-0.17681237367638086,-0.17677669670636198,-0.1153839622924127,-0.22442337330706505,0.03917617697261391,-0.17678857083986113,-0.17347632082020692,-0.07589636072517478,0.2782021005481964,-0.6358221072765123,0.3601842218555566,-0.1767883296770278,0.0,0.1796692486211313,-0.17680859854769307,0.2149991854037015,0.5203234809062635,-0.7465834220343848,-0.22976939283795897,-0.31306666457277715,-0.32148420899185015,-0.17681156685306793,-0.17682401615490226,-0.17703294258129926,-0.17680866355918679,-0.17681388014829663,0.3596008909123499,0.5678561938461368,0.49979754061883386,-0.18508908922972475,0.4077442800365559,1.0815575787836351,0.25116380136227967,-0.1768099366061313,0.372755084728743,0.16510366480373245,-0.17679479447239904,-0.24383367758380123,-0.1767846294973297,0.5649116781193857,0.4572145146623114,0.17769713454720704,0.35235171934677867,-0.4972020679595906,-0.1445315156036289,-0.22976939283795897,0.0,-0.6504558328517093,0.49031585044868276,-0.16579590539545425,-0.31596835984600435,-0.17677669686119232,-0.1768254662684535,-0.17679933161566602,-0.1768148570854406,0.11915594447951854,-0.17681492565256252,-0.17677669688329167,0.5110860068713641
-0.17677669621513986,-0.1768100894040846,-0.5908465911180144,-0.17677669551884337,-0.16870547727313423,-0.17678486425808101,-0.1767809551540385,-0.17678050894163055,-0.17674722899332906,-0.17678606468153601,-0.1767766954189437,1.1495386923597744,-0.18142963667301706,-0.13644385401799447,-0.1767809875258862,-0.15512247483740738,1.956454052564051,0.2563236600310906,-0.41096775633062554,1.3469258170526852,-0.17678082229814507,0.0,-1.5364801532927648,-0.17678712831926965,-0.7279746384578926,0.32191777294145013,0.5043893166823316,-1.322458984220611,-0.2662871922138375,-0.23442287866415212,-0.1767861980846395,-0.1767877646616855,0.17674228542196696,-0.1767872036081631,-0.17679382310034492,0.17688090305338686,-0.18564994338552127,-0.6632346328410118,-0.9053100900416423,-0.6222302652056129,0.8261256527577214,-0.6745024392508233,-0.17679154557858792,-0.6017718559797827,-0.24958480668038266,-0.17678096510405794,-0.29084353759956794,0.17672180371391316,-0.8559701547649148,-1.563274896248104,0.17729041830095535,0.38104587011332913,0.580675368930014,-0.2129869349184216,-1.322458984220611,0.0,0.6189465075635235,-0.20759187821062208,-1.0178113092848227,0.5425265571938442,-0.1767766954144978,-0.17678663094583638,-0.1767909451466722,-0.17678362023819308,0.6556718322802992,-0.17678354985081826,-0.17677669549100847,0.0,-0.17677669529917722,-0.17677762359508958,-0.4788435332457782,-0.17677669529940931,-0.46056674800449277,-0.17677800241906888,-0.1767777925531304,-0.17677771131865827,-0.17677627879656893,-0.1767781633140454,-0.17677669529962237,1.5476887938362214,-0.14378315429616262,-0.26647152195429674,-0.17677784826342685,0.27986370472888794,0.8784334581691374,0.20981841333079965,-0.532863411070476,-0.06420535603519081,-0.17677709356151539,0.0,0.24069593744131,-0.176778128749538,0.32568640324402365,-0.6831707303979934,0.5495926675613224,-0.5916588175565103,-0.05782264721963337,-0.27996279607355473,-0.17677823625162842,-0.17677882640397508,0.17678054988538222,-0.17677816569306093,-0.176778772113689,-0.28483935248379083,-0.45779939162173566,-0.3632349811944678,0.008764406947633708,-0.6713391769875081,-1.1324751652906129,-0.6699790686544044,-0.17677825727077098,-0.691931185390021,-0.31617054262057837,-0.17677784553371284,-0.7181797321698253,0.17677390619862615,-0.41127295114543305,-0.49643918423754313,0.1767775276012724,0.061031205270401796,0.09863432133461086,-0.3367642099373573,-0.5916588175565103,0.0,0.22383285893999408,-0.06860870475479501,-0.34887960687478087,-0.4847345657156564,-0.17677669530119083,-0.1767785282730429,-0.17677995030046922,-0.17677845544029655,-0.0380860814623793,-0.17677843507460062,-0.17677669530122908,-0.46902301858737955,-0.17677669546698246,-0.17677670133444867,0.12225241173045649,-0.17677669532763116,-0.16118166297555622,-0.17678781575941518,-0.17674835329189173,-0.17675084521353127,-0.1760513452878628,-0.17682263999117281,-0.17677669693992917,2.444443058538589,-0.2151586711095568,-0.049919327560417594,-0.1767464740663563,-0.16372797073580192,-0.09593659290785689,0.20160791740026782,-0.6503004987465659,-0.8622553416406378,-0.1767727980909815,0.0,1.2918410867640624,-0.17680459064045928,-1.5386173382492954,-1.7017726523359018,2.1752481290668246,-1.3815159089260853,-0.4498707502696744,-0.48610162772503496,-0.1768179252465903,-0.17689207185947492,-0.17673872868133497,-0.17680592587296376,-0.17686932222421087,-0.4819656983487841,-2.115864990157892,-2.338639241926296,-0.4647878649573134,-1.6892263030085886,-0.2652877080035336,-1.7349227728602896,-0.17683827110756917,-1.721018157151857,-1.131410835880257,-0.17677518706056197,1.657425738438766,-0.1767867142730701,-2.165356425195411,-2.242100776775471,0.17766723722728794,-0.7360902139694877,2.0070033083484753,-0.1445315156036289,-1.3815159089260853,0.0,2.1211422535052313,-2.259054661265954,-1.305172408460436,2.5634247764915203,-0.17677669717932976,-0.17689198412963042,-0.17674902077914068,-0.17680669693910603,-1.2874751671943374,-0.17680688644752268,-0.1767766966399059,-2.951861765922442
-0.17677669693509682,-0.17682781244354717,0.8428252843889324,-0.1767766962144849,-0.14798282351400957,-0.17678740099017295,-0.17679747738049367,-0.17680066070972092,-0.17685525677202285,-0.17677369458560793,-0.17677669525557765,0.3720934569866174,-0.1816457425754845,-0.08977444546479793,-0.17679719779446104,-0.16240763850387005,-0.35162570856074293,0.2562291844625801,1.7753529020842158,-1.762964208760685,-0.17680863831409582,0.0,1.229133882108951,-0.1767704043679665,-1.2065127047605442,-0.38604357089760194,-0.2450021378716131,0.35814365817619526,1.7425648415592003,-0.24320275270150693,-0.17677219129266125,-0.1767827437387614,0.176762328904394,-0.17677118226301178,-0.1767866262275044,0.17692599143380533,-0.18564994338552127,0.7102424084411558,0.42776378497278816,-0.3157586420446395,-0.5719331442168842,-0.44122603595997856,-0.1767753546480142,-0.3690553960501009,-0.6129046836698677,-0.17679559762947378,0.008100341191854115,0.17681019082775495,-0.13116810865915543,0.6952301429642093,0.1772928232700896,-0.837888767813566,0.12072053856641043,-0.10874968499012626,0.35814365817619526,0.0,0.1883094857971776,-0.005927988871588906,-0.10050147875694304,1.6429349389165662,-0.17677669525701822,-0.17678196194209034,-0.1768105624240541,-0.17677729679980497,-0.9153803202749445,-0.17677663828772788,-0.1767766952879837,0.0,-0.176776695301994,-0.17678064630084428,-0.32906309156700403,-0.17677669530222295,-0.39018684296747186,-0.1767802501847082,-0.17678083070400205,-0.1767809374758785,-0.17678200877796588,-0.17677971340719012,-0.17677669530120174,0.6697213914787411,-0.15284973536324548,-0.21939800032787152,-0.1767808647015302,0.19752638892454938,2.3244459314903767,-0.8977507755818579,-0.5169309944432993,-0.9352289345994503,-0.17678161858023977,0.0,1.6378754638227542,-0.17677938443118757,-0.7516591476583185,-0.6105707996122451,-2.678667610913787,0.6133521333177518,-1.1041951419536438,-0.542992243180741,-0.1767795803763659,-0.1767807536578314,0.17677145061290458,-0.17677929271718387,-0.17678016807798522,1.0614721141475827,0.00033366426296741413,-2.0924189914316225,-1.5787507350542311,-1.5021214085095496,-0.25828380962768394,-1.2909137691731158,-0.1767799901619429,-1.4553689370513512,-0.8264012673926533,-0.1767806688570319,-1.016398846515885,0.17677487588854576,-0.20672282565884073,2.3632476698503666,0.17677982063535325,0.15024356886881993,0.7517614347962536,-0.19428704419462942,0.6133521333177518,0.0,0.7102653832326697,0.019651963817061753,-0.8721102293390911,-0.06452103776643196,-0.17677669530324033,-0.17678047092854374,-0.17678265875975538,-0.17678006770285026,-0.7742500142334346,-0.17678003883811375,-0.1767766953034332,3.0055760782946366,-0.17677669571409976,-0.17679949385638793,-0.24450482346091282,-0.17677669557338346,-0.14608502680024657,-0.17679673935796927,-0.17679799881045707,-0.17679455441112185,-0.17675261781816184,-0.1768067020208829,-0.17677669656183223,0.4816956319759665,-0.22210719775768797,0.016718219218426207,-0.17680060144887974,-0.17103923329910567,-0.04973465532371098,0.23831240408176194,2.0027749960404124,-0.6336380850952803,-0.1767791234330923,0.0,0.9005669685158033,-0.17680045618508589,0.6025322573630142,-0.7207077531980752,-0.5802429945204748,-0.8210435384263937,-0.4290828189830951,-0.35232182839562753,-0.1768055932408135,-0.1768452540860612,-0.17665931844990562,-0.1768011428024034,-0.1768372441441738,-1.373901676364593,0.1753813438924829,-0.3045271702802085,1.603184786857119,-1.1067344743849374,-0.7142361369325898,-1.0982411202109719,-0.1767997612420247,-1.023093743191657,-0.05962927496249886,-0.17679307656824997,-0.6830177872199978,-0.176792739569664,0.05843207417031346,0.6460381179079222,0.17769075462536488,-0.24658031223812119,-0.17844304543607473,-0.17806079514612275,-0.8210435384263937,0.0,-0.06758417029284372,-0.01351463100916249,-0.8728844888538613,0.00454164594893486,-0.17677669672455162,-0.1768461451803645,-0.17680149325974215,-0.17680275211944851,-0.6006245405660493,-0.1768027820469093,-0.17677669654411093,-0.3546509363270874
-0.17677669644477897,-0.1768153690273969,-0.5908465911180144,-0.1767766957484825,-0.17930479121248355,-0.17678375665920112,-0.1767862400085563,-0.17678612373711286,-0.17679892151661566,-0.17678083706983935,-0.17677669535630547,-0.8489905429725149,-0.18142963667301706,-0.13644385401799447,-0.1767857624241549,-0.15512247483740738,0.6343981913826097,0.26609127506903224,-0.41096775633062554,0.48280368373983823,-0.17677981009939397,0.0,-0.5975444982592711,-0.1767805989693594,0.21178333702241878,0.16357521729537547,0.0376634640190929,0.32472961447611126,-0.6461465710751004,-0.17946002853148926,-0.17678098771564627,-0.17677701678639826,0.1767091371185082,-0.17678041166873298,-0.17678044772551008,0.17706838045601506,-0.18564994338552127,0.18400481910363242,0.6041889761171493,-0.08590492467390946,1.175640352001373,-0.3074713240328798,-0.176781064455523,-0.05876678281052517,0.4235626214756353,-0.17678562741510023,-1.855606910490004,0.17668882220276202,0.16771686780549186,-0.17991615037810396,0.17729169524377766,0.6474642152433705,-0.7234129987946314,-0.15342279210225285,0.32472961447611126,0.0,-0.5367771113850855,0.18771148150282888,0.3705555311021649,0.29220631790379803,-0.17677669532548934,-0.17677588307263753,-0.17680490652580563,-0.1767834611546368,0.7052870216087613,-0.1767831417771242,-0.17677669549235642,0.0,-0.1767766953009973,-0.1767792169908508,-0.32906309156700403,-0.17677669530122941,-0.5195855409114506,-0.17677913295611966,-0.17677939131823722,-0.17677953262147356,-0.1767800246814862,-0.1767788512887905,-0.17677669530042503,-0.2576598744730006,-0.14378315429616262,-0.26647152195429674,-0.1767794365266485,0.27986370472888794,0.954618356892693,0.3430504777493983,-0.532863411070476,-0.22079452881132838,-0.17678035143559673,0.0,-0.1507530819099618,-0.17677889155533044,0.2122417197881365,0.1952884321094997,-0.3482569059890798,-0.020615769035157886,-0.5164787793656738,-0.3395194654246471,-0.176778834116035,-0.17677904888643323,0.17677561059247035,-0.1767787970242914,-0.17677902773007423,0.48065408879798344,0.40164401554181217,0.38530727666483344,-1.054126275366266,-0.11748435597281384,0.6159075460352451,-0.299765947462848,-0.1767790011069584,-0.1367037296363263,0.32030283570334916,-0.17677933000347046,-0.30552285756427805,0.1767746398578326,0.5350168461986436,0.9792574747312173,0.17677884076006725,0.4182580981535239,-0.5605325763364435,-0.05180987845190151,-0.020615769035157886,0.0,-0.6572027492946348,0.7040013642957702,0.15673110810547355,-0.0829969027594625,-0.17677669530187842,-0.17677875075548968,-0.17678200056211588,-0.17677944960662786,0.03641938580884661,-0.17677942068157088,-0.17677669530268916,0.4785949169258975,-0.17677669573256197,-0.17680005667416052,0.12225241173045649,-0.17677669559321066,-0.20991152575778882,-0.17680312034537732,-0.17679090792082544,-0.17679026869484366,-0.17650867785866053,-0.17681160490887735,-0.17677669668741772,0.8884507402515059,-0.2151586711095568,-0.049919327560417594,-0.17679191354627286,-0.16372797073580192,-0.169101315463742,0.2782021005481964,1.9702883573287568,-0.3323161373594494,-0.1767847260313887,0.0,0.7109957531359239,-0.176793871098089,-1.3489508584725838,0.09912018400811907,-0.29735306403894085,0.29003373126137444,0.20936567405464057,-0.3802932955902714,-0.17680871868365455,-0.1768561653631116,-0.1766756946497316,-0.1767962758353962,-0.17684067466984207,0.23633606057956233,-0.9140625239640336,-0.7560391251282688,-0.7734043886964174,-0.4077442800365559,-0.7142361369325898,-0.5548878639180789,-0.17682329194841,-0.4414900648914903,-0.2202710077464265,-0.17679499329738635,-0.2075442831351574,-0.17679005156060987,-0.35430152918299107,0.6516868880228491,0.1776875952384436,-0.3620235445421657,0.05703457275417583,-0.17806079514612275,0.29003373126137444,0.0,0.5213316019543983,-0.4212029444701874,-0.09815199882482863,-0.8320135092882428,-0.17677669693391257,-0.17685607763380604,-0.17680520512947212,-0.17681157311263737,0.0747463229757613,-0.17681162878126236,-0.17677669681401229,0.09424970088692451
-0.1767766961876532,-0.1768102468107038,0.2693565341861537,-0.17677669549135672,-0.1240820209612817,-0.1767753259974148,-0.1767811171997597,-0.17678107269910054,-0.1768011401180035,-0.1767693118143922,-0.17677669518511027,1.1588586536232834,-0.18142963667301706,-0.13644385401799447,-0.17678234448159735,-0.15512247483740738,-0.3628411853266658,0.2563236600310923,-0.41096775633062554,-0.42554167707289275,-0.17678131281571932,0.0,0.6363560160410761,-0.17676622357913174,-0.5147837951798341,-0.6281375609349865,-0.050439932833051745,-1.322458984220611,0.9716100642173804,-0.15786768989068797,-0.17676917326992098,-0.17678151869133402,0.1768313840570839,-0.17676416563771713,-0.17677873594621338,0.17678259204031996,-0.18564994338552127,-2.0421157939502312,-0.7920121162852091,-0.8520839825763429,0.1270962542704186,-0.8164698416258525,-0.17677074324648423,-0.7569161625995705,-1.492318520199186,-0.1767804169876222,-0.5164829701372575,0.17687102259186646,-0.6809072972018768,0.31945936445189804,0.1772795542349382,-2.025169438255173,1.060926247263332,-0.13853175639821064,-1.322458984220611,0.0,0.8772359229234648,-0.13999022435558062,-1.1701532869724611,-1.8389842258422968,-0.17677669526388481,-0.17678038497669854,-0.17677143818352786,-0.17676962109009742,0.25646915724868,-0.17676947111976815,-0.17677669509800348,0.0,-0.17677669529584095,-0.17677601660597178,3.2656675087235776,-0.17677669529607304,1.3633232392327657,-0.17677619922345705,-0.1767761791634897,-0.17677571123891192,-0.17677691158209125,-0.1767747442828122,-0.1767766952932264,2.4635978725911043,-0.14378315429616262,-0.26647152195429674,-0.17677622133055498,0.27986370472888794,-0.1759720768223122,-0.43110397644506826,1.3949590008135584,-3.8886295529168105,-0.17677433807161227,0.0,2.8104699448824038,-0.17677642482345962,-0.4106445989705688,-2.586498915830881,1.5640486305302461,-4.208264791525068,0.11235951224842358,-0.45663932511109456,-0.17677508323928948,-0.17678017429017528,0.17679447620394023,-0.17677652915208383,-0.1767801592021179,0.27892587218952475,-2.463167341670017,-1.7062492552846147,-1.1225535511251934,-2.8175266084194486,-1.5695708431220774,-2.2678285391212345,-0.17677609389515417,-2.774034144466376,-2.5605766661839047,-0.17677599053996262,-1.8244720667639391,0.1767841689956064,-3.1986572651551515,-0.6911298480741167,0.17677451162758165,-2.757057385374311,4.118342513381748,0.09066728729082639,-4.208264791525068,0.0,3.4538574323345985,-2.3444032799070165,-3.5829720745700127,-0.7084042476772723,-0.17677669529700185,-0.1767798761591743,-0.17677792496715655,-0.17677628581178223,-3.5906942505488266,-0.1767762597634831,-0.17677669529596926,-0.46902301858737955,-0.17677669534187831,-0.1767775685997262,0.8557668821131951,-0.176776695202527,-0.3034664536029283,-0.17676954844627293,-0.17678715635030692,-0.1767844317531583,-0.17706764740749714,-0.1767454916229988,-0.17677669430027318,2.7357254865641893,-0.2151586711095568,-0.049919327560417594,-0.1767900638081374,-0.16372797073580192,-0.3059452537995422,0.14164674342524067,0.6599939292910955,-2.45175927129877,-0.17679268086169228,0.0,2.1989842846425964,-0.17674201926863772,-1.0389468770271721,-1.1014750402212266,-0.14141967041128334,-0.18755188022075348,0.5771102532783899,-0.1671910121583144,-0.17674309740053593,-0.1768196859049189,-0.17691470866379874,-0.17674015396797443,-0.17683760855413036,0.7379128244712214,-1.7403017194723103,-2.5458862224903975,-1.0181153877333824,-1.9804722173204141,-1.6121329947907022,-1.9860915918204542,-0.17674912448822347,-2.01181999630194,-2.7512149747848444,-0.1767682351622168,-0.9905331680869685,-0.1767864010247833,-1.4051235156274475,0.6408214960525963,0.1776438018093695,-1.6146905129975817,1.0693827885467881,-0.2115900746886166,-0.18755188022075348,0.0,1.6592636266520555,-1.487573155602887,-0.28528930867472396,-1.1377588689100133,-0.17677669355349898,-0.176819598176161,-0.1768030370182382,-0.1766907931637466,-3.2391674417984393,-0.17669047852254952,-0.1767766906457291,-0.8356159047706715
-0.1767766958419233,-0.17680256356535615,-0.3041122160166251,-0.17677669514562683,-0.1508750782214009,-0.17677522380565996,-0.17677343274059498,-0.1767736917143608,-0.17676990236190565,-0.1767761298979402,-0.176776695291887,-0.9221382590045364,-0.18142963667301706,-0.13644385401799447,-0.17677333434088163,-0.15512247483740738,-0.1941776348661436,0.24286931973411122,-0.41096775633062554,1.0230857627456835,-0.17678664231027905,0.0,-0.7926526372103633,-0.17677571461508795,-0.15020607203935712,0.32191777294145013,0.13796503251227676,-0.4239924758405821,0.6599835769740343,-0.1513042141361426,-0.1767756434214482,-0.17677548770858656,0.17678481836743537,-0.17677409331375715,-0.17677341534688878,0.17684477961704595,-0.18564994338552127,-0.4782384891875771,0.11606454473415215,0.7568920390187672,0.47661095351407,0.3346825123289414,-0.17677616850340583,0.7945269035983081,0.4753431928722511,-0.17677369000639906,-0.03515766688894487,0.17678573237107467,-0.32845911340588296,-0.3227387975315212,0.177281573224282,-0.6389256948350559,0.3199858626862097,-0.19809589921437942,-0.4239924758405821,0.0,0.2974424074637819,-0.003890080358803629,-0.4021901886058412,-1.1786445530652794,-0.17677669532802462,-0.17677435399512298,-0.17677678188070128,-0.1767780655301219,1.141279278515051,-0.176778106597519,-0.1767766953644267,0.0,-0.17677669529748408,-0.17677657708631708,-0.4788435332457782,-0.17677669529771617,0.8229930344721873,-0.17677701194384657,-0.17677674334234933,-0.17677671862963545,-0.17677181321413477,-0.17677733900478315,-0.17677669529844697,-0.864774059562586,-0.14378315429616262,-0.26647152195429674,-0.17677674857096853,0.27986370472888794,-0.14658444812625746,0.3164040648656712,-0.532863411070476,0.5527605201968004,-0.17677706357314643,0.0,-0.47958248572880235,-0.17677696621549513,-0.2309967570189367,0.4881081529453282,0.42001344579065725,-0.21096345187561258,0.2864793033034166,-0.1319533741892841,-0.17677725969304237,-0.17677667083732623,0.17676998755496146,-0.17677693507644146,-0.17677663361353002,0.3464002901080118,0.2584034476812242,1.0733687742207727,0.6605309265038712,1.0594571386834115,0.6159075460352451,0.6374199591829817,-0.1767777806189587,1.1125580458094868,0.18630844026673257,-0.17677682300546047,0.49218979219857495,0.17677866411568696,0.34151139573769995,-0.602954757951807,0.1767769945467816,-0.02967319362957274,-0.6142766727142512,0.8030531160044658,-0.21096345187561258,0.0,-0.5707408824950291,0.5460114336615116,0.5237434235822698,-0.42238655206803566,-0.17677669529939113,-0.17677637270650423,-0.17677562918869233,-0.17677753559998288,0.4238794709002235,-0.17677755252419117,-0.17677669529957182,-0.46902301858737955,-0.17677669571215401,-0.17679907721691704,-0.24450482346091282,-0.1767766955728027,-0.20095763647869808,-0.17680121830418646,-0.1767861292214974,-0.17678384974286032,-0.17651762495468826,-0.1768086647985671,-0.1767766966130972,0.20106464312386463,-0.2151586711095568,-0.049919327560417594,-0.17678627183697654,-0.16372797073580192,-0.05036318689061477,0.2683252089586565,-0.6503004987465659,-0.30868901903490775,-0.1767837924647114,0.0,0.2045288097225959,-0.17680658604759383,-0.8540575409234255,0.3992689900654597,-0.12180145500345795,0.5288265370024456,0.36423078379979734,-0.34668201397310416,-0.1768080746073155,-0.1768291293650916,-0.1768666543241845,-0.17680887741013296,-0.176791907925666,-0.18380060878675317,0.06240197981847169,0.2426130446487172,-1.761723413788289,0.8154885600731118,-0.7142361369325898,0.6465000318200727,-0.17682064662282912,0.896198395198893,0.08344226829818403,-0.17679302183724455,-0.4920169364878066,-0.17676122175776388,-0.0834585496028492,0.41707308356376227,0.17768864283993624,-0.5272321459020242,0.060151719617108794,-0.16129615537487582,0.5288265370024456,0.0,0.09728735549838467,-0.146352504486607,-0.21981998440293402,-0.7232970195615374,-0.1767766968100394,-0.17682904163619192,-0.17678299512167175,-0.17680925592153504,-0.4643520294247117,-0.176809327031815,-0.1767766967109024,0.4790216756417918
-0.17677669581194744,-0.17680195706967008,-0.017377840915235705,-0.17677669511565094,-0.1430638671419646,-0.17677512269056025,-0.17677279337764265,-0.1767736132035712,-0.1767677390203209,-0.17677654429535855,-0.17677669529786302,0.2783353463092948,-0.18142963667301706,-0.13644385401799447,-0.17677205851004613,-0.15512247483740738,-0.5582789372530933,0.04143612919643868,-0.41096775633062554,0.36724164072614934,-0.17678596092897028,0.0,0.2471150720215266,-0.17676991591135535,-1.1978529533615343,0.48026032858752316,0.11688140308681716,-0.12450363971390169,-0.24348169357581773,-0.1776620460879588,-0.17677524554899954,-0.17677206860345762,0.17678635292401107,-0.17677030504833113,-0.17675755340314686,0.17683128594399838,-0.18564994338552127,-0.025278387741784505,-0.5134652711282848,2.2126322490333905,0.47661095351407,1.4033406259666006,-0.17677643349219072,2.3459699697961867,0.837807192648569,-0.17677312061231096,0.5141310374755441,0.17681259319367032,-0.14468005230231876,-0.3168493479922491,0.17728231696845326,-0.5435347954909605,-0.1437794102187128,-0.19809589921437942,-0.12450363971390169,0.0,0.04747884232462618,0.06707739182503518,0.33018857345168445,-0.9009723622108126,-0.1767766953262376,-0.17677093489065837,-0.17677118634826752,-0.17677744514065905,0.6697531178550655,-0.17677752171093908,-0.17677669532855242,0.0,-0.1767766952997094,-0.17677792107863724,-0.7784044166033267,-0.17677669529994153,0.6577362285178605,-0.17677871617588356,-0.1767780886220583,-0.1767781577424708,-0.176772149673118,-0.17677926439159886,-0.176776695300829,-1.967963221759813,-0.14378315429616262,-0.26647152195429674,-0.1767780898603998,0.27986370472888794,1.5619335027042578,-4.710240783754421,-0.532863411070476,1.5636688161358225,-0.17677820068393282,0.0,-2.3696531390195594,-0.17677923570289275,0.23965324162714993,1.2201574550349048,1.2239008215116065,0.7407749623266454,-1.101661383235243,-0.23615023957958303,-0.1767792450396442,-0.17677808737809045,0.17677847104513453,-0.17677920676270056,-0.1767768483660161,0.5373418493800363,0.9746062869841786,1.7880982004769395,0.8086555176361029,1.1979208439370852,-0.6953794874591485,0.9452417637684857,-0.17677968708758057,1.3901717736863342,1.2247650049005108,-0.17677822135562468,0.30520858222545133,0.17677740357958374,0.613068377261326,-1.5732102919921835,0.17677857224867777,1.646573814795401,-0.6895329182791602,0.23314445303355427,0.7407749623266454,0.0,-0.7711257995874482,0.7677275071466181,0.6576251409264732,1.3913780815163246,-0.1767766953025436,-0.1767777892471961,-0.17677846785224038,-0.1767797772916254,1.567410116732957,-0.1767797944796345,-0.17677669530325585,-0.46902301858737955,-0.1767766957739016,-0.1768051363604465,-0.6112620586522821,-0.17677669563455028,-0.12591487433432094,-0.17680619865703046,-0.17678742602456476,-0.1767863987826354,-0.1764619068895665,-0.17682448638257844,-0.17677669697810247,-1.2825573007649884,-0.2151586711095568,-0.049919327560417594,-0.17678759125436916,-0.16372797073580192,-0.00258325453784713,-0.02183261814849894,-0.6503004987465659,1.213783270353897,-0.1767842697222834,0.0,-1.6078975074575446,-0.17681247384813956,-0.6961101937553632,0.9995666021801348,-0.8366267151355117,0.29003373126137444,-0.8178401046015471,-0.35342410375557504,-0.1768230602840814,-0.1768325777053374,-0.1767487534226692,-0.17681586118798717,-0.17679486496543304,1.1992994187488786,0.6633032129154012,0.7542592792595441,0.9480467896643334,1.0484852915225722,-0.2652877080035336,0.830458101671,-0.17682978548026035,1.070679498688943,0.7414876997281725,-0.17679946367577593,0.278848571684686,-0.1767787914626566,0.7592573661641333,0.367162876764389,0.17770182449913313,0.7424439948226214,-0.493070790117347,-0.07747295651864117,0.29003373126137444,0.0,-0.6352263142733485,0.7088324465458322,-0.06149427409870744,-0.2527783067421951,-0.17677669724688905,-0.176832489976386,-0.17677872232254233,-0.1768352742064432,0.9883023550456671,-0.17683545871662454,-0.17677669734935206,1.0241153065445205
-0.1767766954715598,-0.17679495522137254,-0.5908465911180144,-0.176776694763182,-0.1427754976105515,-0.17677822928578038,-0.17676536465900514,-0.17676006730724783,-0.17671017401307765,-0.17678422964068458,-0.17677669539802304,-2.0160092057556134,-0.18150167197383954,-0.1209726254291106,-0.17676752019143635,-0.15512247483740738,-3.2083738673029694,-5.174171456528021,-0.40507523378538596,1.4673815112207342,-0.17675485353382578,0.0,-1.448060058506883,-0.1768005956605763,1.390242739560122,0.35185102318686967,0.02252530581174202,0.6861675112262553,-0.43964464856934865,-0.22893869063447228,-0.1767873432745412,-0.17677743085948866,0.17668026248214652,-0.1768060350164775,-0.17677634648690277,0.17677927128514875,-0.18564994338552127,1.2453528829280036,-0.1427992170054825,0.37380251006755055,-0.5719331442168842,1.2300504703906312,-0.1767903110233423,-0.05876678281052517,1.6376396900023393,-0.17676657758433695,-2.482914519817306,0.17682762146235556,0.10678067219441836,-1.345755084249724,0.17728660055317502,1.1983388524926,-0.5919355679674781,-0.18320486351033724,0.6861675112262553,0.0,-0.36432353440899556,0.12165743735266103,0.9062391819454078,0.8540390063908323,-0.17677669538381835,-0.17677642900754575,-0.1767660677139427,-0.17677929995127006,-0.03664788620056885,-0.17677948111047068,-0.17677669535113724,0.0,-0.17677669529599824,-0.17677577209550943,-0.7784044166033267,-0.17677669529623036,0.061358949797364226,-0.17677638079131516,-0.17677593766511215,-0.17677591221727904,-0.1767764067308762,-0.1767769609854827,-0.17677669529783005,0.7611007053672255,-0.14378315429616262,-0.26647152195429674,-0.1767759628197246,0.27986370472888794,-0.07722399805315094,0.3164040648656712,1.3949590008135584,0.8701629823643948,-0.17677603881261103,0.0,-1.1108076821919446,-0.17677716142704164,1.1742110701801234,0.3416982925274162,0.4944722915937861,0.5504272794861945,-0.9856191746741857,-0.03492312135562437,-0.17677700131584473,-0.17677546258818846,0.1767666657456262,-0.17677717741879564,-0.1767752283182195,1.0034519045065573,0.6881251512629983,0.3265510877506804,0.1801325908563648,1.3363845491907587,0.6159075460352451,0.8428825237467604,-0.17677637695576268,1.3901717736863342,1.2247650049005108,-0.17677606531612292,-0.11940289670270114,0.17677579081154515,0.4532248049287284,-0.5104880995011641,0.1767762444101488,1.2010046172896471,-0.22590393741585954,0.51809878451901,0.5504272794861945,0.0,-0.3061451189769973,0.6372212353852554,0.1544278064208806,2.4883979927738937,-0.17677669529685872,-0.1767751644574283,-0.17677634775370377,-0.17677706825494174,1.4167571039800493,-0.1767770776445397,-0.17677669529890902,-0.46902301858737955,-0.1767766954710509,-0.17677598309007525,-0.24450482346091282,-0.17677669533057935,-0.1981538978995217,-0.17678954343703449,-0.1767478246792584,-0.17674364246434737,-0.17619590736561702,-0.17682568134493032,-0.17677669700218482,-0.8437199636843248,-0.21747484665893385,-0.027828524381654764,-0.17674685586597158,-0.16372797073580192,5.407023894274256,-5.146721555308919,0.6671736247872014,0.007521083004256155,-0.1767445368398458,0.0,-2.154098191354122,-0.17684652273473586,3.001569866315577,-0.32314395821226777,2.1890841728933204,-0.07829599375840259,0.82573278401362,-0.5007755800616566,-0.17683394176857165,-0.1768584145346587,-0.17677288277927833,-0.17685154395143526,-0.17684882677095534,-0.0031890384853436975,-0.6784351568763687,0.37724891087614654,0.44983903834430183,-0.5824918286236512,-0.7142361369325898,0.449567600311192,-0.17683021306865196,-1.023093743191657,0.5097503096502978,-0.17677536300616728,-1.2367748062894288,-0.1768044604608074,-0.7179677258327327,-2.195719846974097,0.17768282359974,0.33172096895267555,-0.2624524204972083,-0.11100223606113503,-0.07829599375840259,0.0,0.1287209942777742,-0.7966770183784233,1.7434527135966764,3.72420363777054,-0.17677669716763836,-0.17685861702377798,-0.17673561441550825,-0.17682866064506142,0.1843091201240067,-0.1768290487656068,-0.1767766972049894,-1.6692885167395508
-0.17677669585710737,-0.1768037636875323,-0.3041122160166251,-0.17677669513870592,-0.16965016146918277,-0.1767701686254604,-0.17677372066508373,-0.17677368198827287,-0.17678801281000364,-0.17676745030441404,-0.17677669515318792,0.5936176703237296,-0.18157370727466202,-0.10541639008975082,-0.17677319849810447,-0.15997925061504914,-0.5885334612149554,0.26609127506902885,-0.3991503347426422,-0.05911171355001613,-0.1767719225517295,0.0,-0.247078846271793,-0.17676549350601073,-0.14922876461150755,0.3819487418402331,-0.2598483024683677,-0.3055133758344217,-0.7401898435053235,-0.0476534266308508,-0.1767675432501069,-0.1767661944911367,0.1768415310175467,-0.1767655902992483,-0.17676948635729314,0.17674572485188075,-0.18564994338552127,-0.9279897196561664,-0.3904088418254562,-0.3923765478348828,0.47661095351407,-0.5383157503624763,-0.17676700076497373,-0.4466275493599948,-0.47377761030968985,-0.17677355951056034,-0.36745030016565516,0.17673976082123163,0.602262712382062,1.1670457068761608,0.17727569075575797,0.9463230710940521,-0.7037104934092544,-0.18320486351033724,-0.3055133758344217,0.0,-0.7655998888507811,0.3228238916767111,0.04971449767176026,0.6256445436699087,-0.17677669507590793,-0.1767653860724051,-0.1767804110029946,-0.17676629057620105,0.12657106960031386,-0.17676592256898901,-0.17677669500529683,0.0,-0.17677669529481763,-0.17677520266696092,-0.6286239749245525,-0.1767766952949871,-0.18402559483327022,-0.1767758527438366,-0.17677531790559559,-0.1767748952395954,-0.17677457077782957,-0.1767768263206188,-0.17677669529759843,-0.37830091738041194,-0.15284973536324548,-0.21939800032787152,-0.1767752612371143,0.19752638892454938,0.11104956610573039,0.34305047774938907,-0.5169309944432993,-0.35990826081553756,-0.17677339681011622,0.0,0.6248829219192796,-0.17677674523434544,1.3135492712502328,-0.3153310810835603,1.0680740089083793,0.03758972075902767,-1.0786504326491653,-0.1441765587895958,-0.17677685950578123,-0.17677679311089955,0.17676866156706386,-0.17677681983777324,-0.17677787717418314,-0.8786089328799818,-0.4329394583566754,-0.2720696124710971,-1.503684454798678,-0.39441176648016096,-0.6953794874591485,-0.4820097397065925,-0.1767760422929649,-0.4143174575131736,0.5583920507353531,-0.17677549724617403,-1.3045756330859215,0.17677477356071145,-0.34077689158972274,-1.1397320128672173,0.17677572111716935,0.8861939662920248,-0.03704842325030458,0.23314445303355427,0.03758972075902767,0.0,0.13398499895445382,-0.09159978968592795,-0.047860855295019836,0.9757778640571717,-0.17677669529641943,-0.1767765429342531,-0.1767762221257298,-0.17677620560573132,-0.3588837647194734,-0.17677619916726434,-0.17677669529657003,-0.46902301858737955,-0.1767766952415633,-0.17677904437282776,-0.24450482346091282,-0.17677669507299737,-0.16458079887788302,-0.17676089816956722,-0.1767896464418231,-0.17678544092165768,-0.17721171302404498,-0.1767289579366091,-0.17677669346906377,-0.057132896546407005,-0.25221747989958976,0.31868150262192924,-0.1767893357974173,-0.2002842835523206,-0.32120496932412335,0.27820210054819294,-0.5904013248934104,-0.49662455760242613,-0.1767679525694877,0.0,0.9069077263261445,-0.17673557728208616,0.1490579847694617,0.11541397633694468,-0.7349353848611625,0.8863334804547843,0.24414255525810258,0.011196678561946385,-0.17673038428306637,-0.17670024893708128,-0.1765957099539636,-0.17673356853255373,-0.17676928941326575,0.782264062881184,0.5040643861447163,0.08987040015375294,-1.612958817820177,-0.6407410114860164,0.18366072092552263,-0.5367327451344841,-0.17673001150482553,-0.5578108005515237,0.8976830988368282,-0.17676185266477035,-1.21399562126289,-0.17677024420633203,0.5631862902443382,0.7081141942557052,0.17767478503932155,0.33795920723716844,-0.44580614389792805,-0.16129615537487582,0.8863334804547843,0.0,-0.3586919929955749,0.42172955702365494,0.43705779183230153,-0.7732856500737745,-0.1767766927615541,-0.1767117379918194,-0.17675155868998302,-0.17672652915186465,0.15030445263249434,-0.17672639153772682,-0.17677669350755965,0.1263140321164968
