no2_abs_energy,no2_auc,no2_autocorr,no2_average_power,no2_calc_centroid,no2_calc_max,no2_calc_mean,no2_calc_median,no2_calc_min,no2_calc_std,no2_calc_var,no2_dfa,no2_distance,no2_ecdf,no2_ecdf_percentile,no2_ecdf_percentile_count,no2_ecdf_slope,no2_entropy,no2_fundamental_frequency,no2_higuchi_fractal_dimension,no2_hist_mode,no2_human_range_energy,no2_hurst_exponent,no2_interq_range,no2_kurtosis,no2_lempel_ziv,no2_lpcc,no2_max_frequency,no2_max_power_spectrum,no2_maximum_fractal_length,no2_mean_abs_deviation,no2_mean_abs_diff,no2_mean_diff,no2_median_abs_deviation,no2_median_abs_diff,no2_median_diff,no2_median_frequency,no2_mfcc,no2_mse,no2_negative_turning,no2_neighbourhood_peaks,no2_petrosian_fractal_dimension,no2_pk_pk_distance,no2_positive_turning,no2_power_bandwidth,no2_rms,no2_skewness,no2_slope,no2_spectral_centroid,no2_spectral_decrease,no2_spectral_distance,no2_spectral_entropy,no2_spectral_kurtosis,no2_spectral_positive_turning,no2_spectral_roll_off,no2_spectral_roll_on,no2_spectral_skewness,no2_spectral_slope,no2_spectral_spread,no2_spectral_variation,no2_spectrogram_mean_coeff,no2_sum_abs_diff,no2_wavelet_abs_mean,no2_wavelet_energy,no2_wavelet_entropy,no2_wavelet_std,no2_wavelet_var,no2_zero_cross,so2_abs_energy,so2_auc,so2_autocorr,so2_average_power,so2_calc_centroid,so2_calc_max,so2_calc_mean,so2_calc_median,so2_calc_min,so2_calc_std,so2_calc_var,so2_dfa,so2_distance,so2_ecdf,so2_ecdf_percentile,so2_ecdf_percentile_count,so2_ecdf_slope,so2_entropy,so2_fundamental_frequency,so2_higuchi_fractal_dimension,so2_hist_mode,so2_human_range_energy,so2_hurst_exponent,so2_interq_range,so2_kurtosis,so2_lempel_ziv,so2_lpcc,so2_max_frequency,so2_max_power_spectrum,so2_maximum_fractal_length,so2_mean_abs_deviation,so2_mean_abs_diff,so2_mean_diff,so2_median_abs_deviation,so2_median_abs_diff,so2_median_diff,so2_median_frequency,so2_mfcc,so2_mse,so2_negative_turning,so2_neighbourhood_peaks,so2_petrosian_fractal_dimension,so2_pk_pk_distance,so2_positive_turning,so2_power_bandwidth,so2_rms,so2_skewness,so2_slope,so2_spectral_centroid,so2_spectral_decrease,so2_spectral_distance,so2_spectral_entropy,so2_spectral_kurtosis,so2_spectral_positive_turning,so2_spectral_roll_off,so2_spectral_roll_on,so2_spectral_skewness,so2_spectral_slope,so2_spectral_spread,so2_spectral_variation,so2_spectrogram_mean_coeff,so2_sum_abs_diff,so2_wavelet_abs_mean,so2_wavelet_energy,so2_wavelet_entropy,so2_wavelet_std,so2_wavelet_var,so2_zero_cross,co_abs_energy,co_auc,co_autocorr,co_average_power,co_calc_centroid,co_calc_max,co_calc_mean,co_calc_median,co_calc_min,co_calc_std,co_calc_var,co_dfa,co_distance,co_ecdf,co_ecdf_percentile,co_ecdf_percentile_count,co_ecdf_slope,co_entropy,co_fundamental_frequency,co_higuchi_fractal_dimension,co_hist_mode,co_human_range_energy,co_hurst_exponent,co_interq_range,co_kurtosis,co_lempel_ziv,co_lpcc,co_max_frequency,co_max_power_spectrum,co_maximum_fractal_length,co_mean_abs_deviation,co_mean_abs_diff,co_mean_diff,co_median_abs_deviation,co_median_abs_diff,co_median_diff,co_median_frequency,co_mfcc,co_mse,co_negative_turning,co_neighbourhood_peaks,co_petrosian_fractal_dimension,co_pk_pk_distance,co_positive_turning,co_power_bandwidth,co_rms,co_skewness,co_slope,co_spectral_centroid,co_spectral_decrease,co_spectral_distance,co_spectral_entropy,co_spectral_kurtosis,co_spectral_positive_turning,co_spectral_roll_off,co_spectral_roll_on,co_spectral_skewness,co_spectral_slope,co_spectral_spread,co_spectral_variation,co_spectrogram_mean_coeff,co_sum_abs_diff,co_wavelet_abs_mean,co_wavelet_energy,co_wavelet_entropy,co_wavelet_std,co_wavelet_var,co_zero_cross
0.84994456980456,1.1034688436733613,-0.5500175788250541,0.975694425094522,-0.2043188977642798,0.6824404587745508,1.2597687592712845,1.2033399344428568,1.1393640068811364,0.4164271221061192,0.1250329829439246,0.3460581113093534,0.13806536989035992,-0.21310470607449816,1.323645885786363,0.13324431877573523,-0.4833882603266997,0.46278920419701236,0.7377446726027788,-0.08314359471307498,1.1134918729018848,0.0,0.2338620014510276,0.5296626416276279,-0.17979364794014488,0.12944360848564823,1.274389905205226,-0.049205769469506916,-0.8716502293445126,0.675017147553602,0.4883678082245329,0.2681311937504562,0.3581348150554941,0.5987657154839964,0.044768039265494323,-1.6955684374275493,-0.5445488960124453,-0.39752060480189977,0.19568772975089263,-0.6118978605671451,0.16480856327180401,-0.779735429151427,0.4727606441519153,-0.6487039695517192,0.25527236178050294,1.1653590227206039,0.35383107110544904,-0.6623792406641726,-0.5232822176988332,-0.49684900637173346,-0.7226510715570675,-0.08388565932486446,0.07654597475809183,0.09641628513121868,-0.049205769469506916,0.0,0.30370008764009304,-0.4027326642636799,-0.2591801368974869,1.8797369165339777,0.14859303608195798,0.25146141127119853,0.9505441895400898,0.5840999313476251,0.28373013843419465,0.5788185346169092,0.26139858530662224,-0.44841619526870075,2.673858486971784,2.629680554996788,0.16314798504052808,2.7713727081236987,-0.8361644691615252,1.52298575828894,3.2365931787873348,2.946658323624959,1.995012841952366,0.3987120114905157,0.24189883354732764,1.2609641836961598,0.134590739192158,-0.210263622287192,3.3145154187646564,0.12975739707019002,-0.4103287029083375,0.1973838045166883,0.6140668177595165,-1.2732135542387972,1.3424497387019552,0.0,1.4889074205791553,1.0631428457590213,-0.5368742987362751,-1.2549006736234267,1.7205960812631602,-0.9006775374745837,0.40155746713721985,-0.07422395697982158,0.5989155427446246,-0.7446009922377225,1.455659260133844,0.7201637679775299,-0.9878830054737534,-0.4658921740012883,-1.6272712427205793,-1.3001583549903066,-0.6205177104583443,-1.8059926502124026,-1.4313781695373446,-1.7197897007843446,-0.1011576786053727,-1.7427350002215445,-0.3348400884830861,2.2482694604904556,2.0846833727032235,-1.9379635924485556,-1.5577078388845753,-0.2918375420600148,-2.3159578517878026,-1.043338386077176,0.6901520293798861,-0.0611600458778663,-0.9006775374745837,-0.7693017301037889,1.2281138415364892,-1.5610915817143938,-0.6318379294782372,2.7797389448381007,0.36419859209760513,-0.7205188619686027,2.9008119665643535,0.9800798152071866,-1.0657887123707754,0.9741308767600443,0.9821913710620308,-2.79546327087734,0.4816146308193275,0.36752467178824344,-0.34456700167550686,0.5840614147657169,0.15262056419318254,-0.043062357641301695,0.6176143869046111,0.9247359607203295,0.8060897454380284,-0.04371137491849472,-0.18617964209760754,0.21425277037802234,0.13371256113641838,-0.20955453668599397,0.5821090969749713,0.12888612708672098,-0.22573939635407428,0.2075363383877834,-0.3869834246404338,-0.08041452147204384,1.5697018508055993,0.0,1.1905570642097227,-0.01256999447928668,-0.5251432279439128,0.23814521803433863,0.026686094144277094,-0.011256554127830864,-0.3164729572145757,0.2547627250482683,-0.004033052512304429,-0.2249179293279861,1.138809818914617,0.06604089798956388,-0.23164922519767,1.0491564189128009,-0.17407765595569785,-0.49379905043721956,0.6588373367604963,-0.2770674974311496,0.1589639637747366,-0.36165845001333674,-0.4308166997274237,-0.2736383702031401,-0.9411672268881677,0.5902892759874696,-0.5795382633749055,0.1323893316914515,-0.14860829953604007,0.18258880649926815,-0.33097241983570486,0.44548786748073943,-0.17373461316083313,0.2073398295108756,-0.011256554127830864,0.0,-0.12409189658330805,0.06945603386448922,-0.18021966922057264,0.458771348977422,0.26958782906456275,-0.16804835752974284,-0.09877438415820045,0.88002321763414,-0.3638690936500591,0.9132326641818376,1.1100839556101287,0.0
-0.27815651110550044,-0.10587250676064397,0.728655766819516,-0.26884781300671134,0.7026997221137732,-0.14116564682616917,-0.08409126892681756,-0.03402528594921534,-0.08875857909888189,-0.11143071762555726,-0.2664770697101531,0.7447074372983472,0.07920364437304883,-0.16674133868976895,-0.05108563599530894,0.07440916503060505,-0.34297543719355145,0.4627892041970071,-0.47014792659982135,-0.3005305293387148,0.2600339609653604,0.0,0.5065497998250443,-0.04178534689821399,-0.22461822814839136,-0.10699860473506767,0.10062199858633027,-0.26549193035872626,1.7814740910596016,-0.13505046699882878,-0.10036824523385893,-0.4314616647007443,0.1186473455253097,0.04363529008933896,-0.6283835956873254,0.36973178098163334,-0.8567107226556169,-0.47525136140569885,-1.0757450904772365,-1.220217371072494,-0.6356901726198149,-1.3876961874384526,-0.13048113993723776,-1.319838920069957,-0.869789122210232,-0.09440933711248332,-0.2662393694021998,0.8701317474213744,-0.5514500966486134,-0.059919312601367375,0.06315436565192876,-0.8666369736210551,0.10485276777682201,-0.07169416073859937,-0.26549193035872626,0.0,0.312730853617203,-0.4585403888884094,-0.32993926906805315,-0.9874384432849918,-0.35106790679996874,-0.42126352801537814,0.22406141976222002,-0.13750830654025173,-0.3515335153575897,-0.14021949031804964,-0.26993134302139465,-0.44841619526870075,0.5243619164273219,0.5869222511969115,0.38502924469564626,0.5551874388552079,0.6221801971169482,0.2986421503759262,-0.021061669242434647,-0.26340281839270807,-0.47572970145337473,1.0082739524302085,1.0154748087311765,0.33167951764284387,0.10516261557748607,-0.18715337896120213,0.11152908874253123,0.12975739707019002,-0.3827528867022737,0.26512718153531356,-0.6772242882446153,-0.5774348739657252,-0.4264329985758885,0.0,0.7934660318748207,0.6097779914161895,-0.5017209424382958,-0.18643641589129092,0.21851950619370075,0.05355504360407787,0.7602473638897758,0.35464014276792266,0.9911668799116243,0.3320443767836634,-1.2029601387238105,0.8152803441981464,0.23606410418586538,-1.7487420233207815,-0.16935709193998733,-0.19384959959372558,-1.1064307832006504,-0.30910082433802916,0.33191377844344233,-0.4398662959599842,0.4213060440831993,-0.3705604947839493,0.05518011595982653,0.6922693275358373,-0.3700111559685625,1.2554149189102939,-0.19562825276072013,0.22453712194933695,-0.7849139106332521,-0.7667926910545377,-0.24607598730333954,-0.40773363918577654,0.05355504360407787,-0.2136852980516364,-0.03199573124791679,-0.19070190116211364,0.393129393133179,-0.3560190972961416,0.38617434951290885,0.36081722567085583,-0.43149836640721323,0.8623454011642597,-0.17315168149837826,0.8632865080820317,0.7498480160645746,-0.31517936510058986,0.5159869668647857,0.3563974349009501,-0.24486250757365807,0.6739713177517174,0.36561353827917936,0.3108164503315067,0.6683088429428676,0.8974807909469923,-0.15505687326007128,0.5081027947220472,0.4923039000582317,-0.06616999627467969,0.10428980852215208,-0.1864467052474306,0.5637018578500228,0.12888612708672098,-0.2410454310627889,0.23061840878318793,-0.38173546252157814,0.17765765587742322,1.411839748231861,0.0,0.5656683299796493,0.7417014001829112,-0.5843540539630475,0.10745126184209022,0.1264877052326466,-0.09778905746707965,1.3466315910678233,0.31326453118717773,0.5520611478119164,0.06042648629068403,-0.5422429773320739,0.9682004458335456,0.07774683238723694,-1.1842339898197174,-0.17407765595569785,0.014311965087317977,-0.7045140780983427,-0.5133131378740109,0.1589639637747366,-0.6053761891498689,0.3158092588346424,-0.5106754297421655,-0.8245280905483566,0.6767101476573486,0.10280458356899096,0.799427268131754,-0.1274395806033212,0.20627388880832337,-0.40715600369522204,-0.37512721890597717,-0.18306551572860807,-0.4408950397645047,-0.09778905746707965,0.0,-0.15385850805814622,0.040083678308616165,-0.2357468534005817,-1.3286734616683886,0.06983585902531385,0.10249262437738771,0.44302653870635655,0.7968619042663625,0.2539160936967224,0.7872615284001719,0.7507512384719969,0.0
-0.46733219429643513,-0.38859246032209127,-0.23034924241391158,-0.4733837394204145,0.5009608558597084,-0.3289139363554006,-0.38740817865420163,-0.42529685423973695,-0.13712784262114885,-0.3196046830370051,-0.39160727386324584,0.738225819182599,-0.03851980593808735,-0.07246915834094192,-0.3638662105221782,-0.013843565587090245,-0.33714810840057485,0.4627892041970071,-0.45657859905814846,-0.7118487350225313,-0.6398693694045422,0.0,0.9142362207458804,-0.280844407565175,-0.16395527458848325,-0.29803138627763764,-0.008978116870752057,-0.6029204678073828,-0.3216152249273265,-0.26654364771579353,-0.2894213006341155,-0.6143696855802029,0.5305143456306017,-0.25741479751414303,-0.6852114364688904,-0.9086142199325081,-0.7633682156691785,-1.3370431497030362,0.7739887887358929,-1.3418812731735636,-1.0359395405656242,-1.4159879404922486,-0.31952174146220613,-1.319838920069957,-1.194017112409233,-0.38841578658868653,0.5265678625410932,0.5969195390654342,-0.709495501867516,0.03195080717708115,0.2368895941872392,-0.1748441108056562,0.27663463722617765,-0.5760254983480535,-0.6029204678073828,0.0,0.5101717354047481,-0.6719619958976639,-0.7949530275182707,0.8359517301371254,-0.33332700656701614,-0.604228411812387,-0.5762500006712128,0.015910316141509236,-1.067334331329053,0.024083133409853963,-0.13754343836997673,-0.44841619526870075,0.4763708302939958,0.5726112380530626,-0.058733274614590096,0.5164273365518214,0.0978972845518069,0.6481967206461644,0.2439574186362953,0.19547978595646437,-0.7232957028065338,0.8598804872061647,0.8145355076875346,0.9658250161486159,0.046306147892132825,-0.14055090481630284,0.2670953238808099,0.04152236706246127,-0.37250463186540655,0.287804898939214,-0.6700706457537908,-0.23890958697832188,-0.2741306386123662,0.0,0.8806285765529271,0.8692485853894721,-0.2963643088461716,-0.40059737883212493,-0.23423548711826198,-0.7524181403148065,0.16157713724237174,0.5468750925682322,0.8808147939168508,0.0038026749181636313,0.3885802882997907,0.8993958923699593,-0.13113695507541376,-0.3900246873563234,-0.8023711373197767,-1.707706690189472,-0.08392533185649378,-1.4941401864885748,-0.37340300074887245,-1.4710239734795736,0.757064840685775,-1.493248726505618,-0.8148912465470736,0.6588158974464965,-0.12814345496890853,-0.5370159154499595,-0.7359188912789489,0.17640565748953027,-1.4027526529336614,-0.34079316505176627,0.15462679780969582,0.8052739373919092,-0.7524181403148065,-0.7693017301037889,0.5748468083926999,-0.7536401449193223,-0.7683109225261059,-0.5077679694851328,1.1596197065333025,0.016808232396921034,-0.7357201794643903,1.8558021056294156,-0.5628221746739136,1.8563252824364491,2.252901598853318,-0.5059704347757245,-0.17215040041736993,-0.06185414874645019,-0.44427149577735564,-0.3557267342535581,0.0028085423407924037,0.20232158902469335,-0.3327278140526368,-0.17083228412001966,-0.6052415395688214,-0.03661689102169112,-0.1779752013313099,0.9936897054698883,0.07486604687595325,-0.16321190770208055,-0.3020933598483397,0.07006561271157306,-0.22285561019371877,0.25384889842870373,1.5495722671281977,0.3304361263362978,-0.2161925431424095,0.0,0.4368949315892969,-0.36075512046174646,0.610976919072199,0.13699692518144127,-0.3686396714579793,0.21300554344211972,-0.68261453506588,0.4380761134868747,-0.16227316709251197,0.025967604595032397,0.9899694640297049,-0.31558737468826564,-0.3442057848562444,-1.4524803300325457,-0.17407765595569785,-0.6949026631448579,0.32601872630580647,-0.7495587783168721,-0.20135435411466618,-0.8807730030417951,0.45435763107494914,-0.8069717541659474,-0.20948989482041744,-0.3322343652302638,-0.8633161480019879,-0.1674712135885459,0.2698399485232583,0.2019266499210451,0.003157074117645308,0.495799118373147,-0.22806832540320587,-0.27883632244565965,0.21300554344211972,0.0,-0.24261532232054758,0.2883287778769203,0.15188266578906134,1.3351334478160184,0.48510237719306853,0.05884214592213022,-0.15388522059554116,1.060377748401318,0.15361171020023615,1.0967343555794915,1.152578805943268,0.0
0.29831050048308255,0.4903584358992304,0.728655766819516,0.3651122225630333,-0.7502510190166164,0.3977799994075605,0.5693675781483021,0.579896707357444,-1.9534885133787852,0.9321042402505758,0.6103134170475384,0.6629729699313694,0.13806536987633894,-0.21310470607449816,0.5982008522371709,0.13324431877573523,-0.5503846038843391,-0.9500746187793611,-0.47682136637443145,-0.5293602928961447,0.5478112574206607,0.0,0.8750798953767748,1.5502987105516715,-0.7665141340912968,-1.0104897108831137,-0.012457007937804628,-0.4519073682606883,0.7122576362539075,0.5312249059305733,1.1149141507944416,0.2608939760229886,-1.0142049870444603,1.6645504935990902,0.3151781318097698,1.6120293987172365,-0.5445488960124453,-0.6147399057040347,-1.0900946991541807,-0.1252422521628661,1.3655566671092323,-0.0477316163863738,0.8579447306389406,-0.16060582372027352,-0.7500151347672908,0.6214287310441557,-0.5624078030860106,-1.796284436819893,-0.46947578866813366,0.3268743890865717,-0.7114974753427298,-1.0637646897980477,0.027473625534955446,-0.07169416073859937,-0.4519073682606883,0.0,0.2360683029295941,-0.35069596826504684,-0.4130359359628638,-1.3548576733167863,0.45244015161372036,0.24456133366287022,-0.3612210605625518,0.876428514367307,-0.6281795887206378,0.887950757189951,0.617448524624192,-0.13406257384321982,0.5913536915585437,0.5219820644666001,-0.2806145342697083,0.6188500566869926,0.292058797465974,0.788427796480148,-0.38733724783508067,-0.33069459926181344,-1.2988887638934739,1.1796057558169346,1.2575749312805675,-0.20883217689639316,0.1345909362392761,-0.210263622287192,-0.5044091244816971,0.12975739707019002,-0.38805513384274837,0.1973838045166883,-0.6807717912830927,0.27645452974868645,1.2041476283874726,0.0,0.21272672011329996,1.4085835006988277,-0.3238581324609478,0.050284915641060975,-0.6042737898237835,0.4532384667769672,-0.5845027155949098,0.815706103715036,1.253299085295615,1.148100154215295,1.2255445871344282,1.4876863070555273,1.2236402171289016,0.9389248444039432,0.25193905656527116,-0.011687155348758015,0.2363136874507292,0.0027516393857986367,1.3898889472319145,-0.12662450350631932,1.1341170559393305,0.0660404842189219,-0.3348400884830861,0.7465033927865261,-0.010810377939764637,1.3779168532909436,0.2923056571575682,0.26374748501594486,-0.401011948193137,0.4073658832312404,-0.30605909663379655,0.6319871407379541,0.4532384667769672,0.33889497863412715,-0.22868463673818962,0.30201690054795405,0.3189595786866071,-0.31436598864257287,1.121091704122487,1.1934444143626097,0.5870925405386451,1.0984923612474096,0.3018657733409534,1.0980819453217983,0.9756970520476643,0.5115819368249935,-0.0020936481405112667,0.06536696236114511,-0.34456700167550686,-0.16172021947953796,0.08911095370019535,-0.3118030005783432,-0.1471823516227277,0.04821978364938148,-0.47171564487611845,0.16053134002005537,0.05542096723173327,-0.244670187167109,0.1337226232236725,-0.20955453668599397,-0.17098738679316225,0.12888612708672098,-0.2365473044939557,0.23069261840824556,-0.3869834246404338,0.03672691356948885,0.581718129795963,0.0,0.14752636525825757,0.2085890928266574,-0.5180598637661055,0.5583015536730715,-0.5273136913763721,0.1865578324201383,-0.8450749259170847,0.33759825009889954,0.19360397582504513,0.19581616721268594,0.8735248229911565,0.2785995376097846,-0.046508629219611825,-0.49097395334212407,-0.17407765595569785,0.12572067472611909,-0.4968209451764974,-0.6314359580954415,-0.5616726720040689,-0.7586842908798594,-0.007369315566676989,-0.6884532243964346,-0.19860993449227313,-0.13886387536359235,-0.7745586393086757,-0.05751791480668345,0.4072750498865829,0.22034361139807204,-0.12271726945271101,0.4923768118902472,-0.2412753665254591,-0.11677760512681457,0.1865578324201383,0.0,-0.28320258928962805,0.40176182692515644,0.2584698942835328,0.5880162830377745,0.5914803490941634,0.24554698266257025,-0.5980648876993352,-0.20340878634474066,0.2827219336190084,-0.16724012992348466,-0.3759507580611053,0.0
0.3165714832806877,0.49001591533071887,1.5278266078473723,0.3853245893491194,-0.7731103106531795,0.47889734539884105,0.5689198811267875,0.510476375982599,-0.690528737714659,1.0614830936464927,0.7480096218603182,0.30823170296461516,0.1380653699096273,-0.21310470607449816,0.6496531740791255,0.13324431877573523,-0.5822582192970538,0.44749797268086083,-0.47682136637443145,-0.38218922445648496,-0.14624334377942638,0.0,0.3844291660225996,1.8671770662036993,-0.9691275863459037,-1.5804563705674968,0.21215060202963745,-0.2505565688650976,1.3499095441659374,0.5917168325300455,1.3389412529828268,0.29482381905704547,0.46844857787037214,2.033164776067754,0.25161121046471147,-0.3045528692744712,-0.6241195577058035,-0.11911501677386181,1.1037212045392137,-0.24690615426393586,0.5650579312176135,-0.3683846772563053,0.663277490681807,-0.22161809194920423,-1.4378434218789387,0.6411680999867837,-0.37737497164869827,-1.8913154565636716,-0.41841775357725935,0.378003947851465,-0.72653186277134,-1.3872296905325519,0.003651267535586507,0.26452673100103674,-0.2505565688650976,0.0,0.23468469873297512,-0.3013172695077823,-0.1951421368377478,-1.705127023284621,0.42479155710119626,0.27691058155965975,-0.5081930995572677,0.6757380867929232,-0.1819510582439057,0.6869207301540098,0.3923439450084452,-0.13406257384321982,0.6573303298516954,0.4769279209812689,-0.5024957939248265,0.6870449563662382,-0.09469134185257365,1.1910438294484051,-0.06262792560832922,-0.34764464511876586,-1.298887215624497,1.1545990957772674,1.2215646515189753,-0.5798359304056812,0.13459097826621852,-0.210263622287192,-0.08408620287119502,0.12975739707019002,-0.39535647356299086,0.2651996253335885,-0.6807717912830927,0.5362310360028938,-0.36197441478528763,0.0,-0.719776470696275,0.997648778027983,0.06131155313759404,0.18080347456750684,-0.6498446784596199,0.9045438015274818,-0.3199263327952172,0.9283170608868637,1.1781650900933802,1.4762416600254442,0.7772674488639988,1.1160289817457554,1.414669703559168,-0.33578333927286524,0.5203976707489657,0.6679655799579903,2.087643271095012,0.1898631176200953,0.6845721680395997,0.008020538046033553,1.3757446080879894,0.1907836210768851,0.14436242286658643,0.803680786279113,0.3239285576799258,1.1039616643850507,0.640694678247381,0.23106638999872262,0.07391788677016456,0.6959074700401748,-0.40571708524843036,0.28541354743004393,0.9045438015274818,-0.21520337573484097,-0.44188628476432273,0.6528719303670061,0.5886929124138203,-0.5888810874245991,1.5272789577181567,1.5252721795321553,-0.2790518580897162,0.6595077960716571,0.623876837513968,0.660344937400491,0.417019786133644,0.6069774716625608,0.14363961870303327,0.16616155610632893,-0.44427149577735564,0.06297139453146203,0.13674416484532873,-0.09165302449136623,0.09715501195202429,0.3074977186225486,-0.6940772367949115,-0.07054714993033681,-0.21709177996711687,-0.35991766881061177,0.1337339701076468,-0.20955453668599397,0.21514150771472546,0.12888612708672098,-0.23673763727642336,0.23069261840824556,-0.3869834246404338,0.36512428207078035,0.690754313406389,0.0,-0.09192628907707273,0.055081297232740585,-0.21706495192037356,0.7183797214924339,-0.4640748434339226,0.45031034781743046,-0.506228179660126,0.49987166333315236,-0.054058842080948855,0.6449978169552556,-1.6890983503629564,0.12170821559055899,0.13758537809174062,-1.6530891504619036,-0.17407765595569785,1.236256110249058,0.8009542383256572,-0.2770674974311496,-0.20135435411466618,-0.38990172658383826,0.27183306454015616,-0.2736383702031401,0.8975460685683321,0.08303036687166714,-1.302877515278343,0.08433872647331371,0.862843522179092,0.21970712098902634,0.06438319237208714,0.9574990591074882,-0.31027633514303493,0.3693985468297207,0.45031034781743046,0.0,-0.4362358083094182,0.6740996162038639,0.674359909936248,1.479938484448458,0.6405794826031337,0.6871071955405568,-0.14555697925902106,0.41293952661984057,-0.11318004366813743,0.4422751307064974,0.6024119813316205,0.0
-0.43219288563463276,-0.3233445873164241,1.6876607760529436,-0.44345343477818416,0.904477720428839,-0.3270248506568983,-0.34052808534105755,-0.34821969295398075,0.04091867112551499,-0.2819415092921758,-0.37019530598389105,0.354048001680399,0.13806536943850425,-0.21310470607449816,-0.3282321705803124,0.13324431877573523,-0.3570327434303057,-1.256497136519303,-0.47682136637443145,-0.07573925063623642,-0.2674188445943066,0.0,0.05583152230336377,-0.05739964028190442,-0.46498977830559945,-0.013048056435443194,0.4208314027286012,0.051469630228291485,1.726188086118373,-0.21450649109890368,-0.23018481855073192,-0.4195951109237741,0.10831521275019892,-0.04329494032112229,-0.39091680685358055,1.6120293987172365,-0.7832608810925175,-0.027772256226435706,1.3722598205207253,0.300581405190878,0.5650579312176135,0.15517228834330488,-0.3571244589274203,0.3274923221111722,-0.03573191353596328,-0.34226836686738765,-0.13170450921821977,0.9569966686261083,-0.3448774521272333,-0.023298300382147318,0.2815414383684517,-1.095940345475848,-0.13968794127722808,0.6007476227406728,0.051469630228291485,0.0,0.1250750879741489,-0.23019576267036326,0.2625991958630795,-1.2483077772810238,-0.4261373292729602,-0.4042277024374628,0.025546064560457115,-0.31745169227907455,-0.4625799820592459,-0.3192588208705335,-0.3676482186910359,-0.44841619526870075,-0.32978326096582483,-0.24540622856330874,-0.2806145342697083,-0.3332573133191254,-0.34868391296399537,-0.312097506479562,0.09713428860488169,-0.1886247103472565,0.18147338526648246,-0.10958019698728942,-0.29839590702587715,0.15875025687192576,0.13459076732645786,-0.210263622287192,0.1681324122775741,0.12975739707019002,-0.3430173451598159,0.09843049083023804,-0.6807717912830927,0.21049885494354226,-0.3112703895530715,0.0,-0.03520800466706065,0.06652235513904858,-0.4832711405835468,0.18080347456750684,-0.06942355712718747,-0.2237195353488105,0.1619130733444292,0.2048821932422931,-0.020015790616695284,-0.24470139538534863,-1.8059678282511542,0.019477764972804942,-0.39042529182051816,-0.4893805331681956,-0.12390300329189742,-0.41608897175002235,-0.5797452467343249,0.12749262487532975,1.3898889472319145,-0.04578783850803871,-0.2796475704324006,0.1284120526479035,0.2470486752986593,-0.1787345899712504,0.68788163914019,-0.9526395808395584,-0.15896810896609997,0.1556474878277624,-0.21856360846139497,0.1943401575203414,-0.14723440916859953,0.45870034408399907,-0.2237195353488105,-0.7693017301037889,0.01804733616053301,-0.15245112538061129,-0.1868118678212344,-0.5554277041578987,-0.3567547189297795,-0.21500351844889232,1.0755753151424963,-0.04727527127132194,0.37483575295400856,-0.048794457214754325,-0.2689542878520191,0.03460426263715693,0.8476658181816417,0.5697401774599307,0.3533644570374347,1.1484392941671304,0.26125938794200887,0.4525932877386868,1.1420097135415874,1.3050688667721337,0.5139903520043192,0.3984716694384515,0.3510016135255859,-0.7811478230770591,0.13371688908533458,-0.20955453668599397,1.072507695092611,0.12888612708672098,-0.24055932946878375,0.1756398651752925,-0.3869834246404338,0.16860308554094242,1.9302618283247925,0.0,-0.6173806993109955,0.3585901721782796,-0.5769729406083867,-0.08201111760439102,-0.3870049843068606,-0.11016374740181477,1.479195731360627,0.27200640099226914,0.45854205910020585,0.2438136093264551,0.5612114105381395,0.42807622045805993,0.3942688547888282,-0.038579819013194544,-0.17407765595569785,-0.1837118720334883,-0.49191526118244405,0.018239553122426987,1.2399189174429448,-0.08019176989392145,0.09491738992939219,0.022657954220641742,-0.30468954769168743,1.1286693708355995,-0.09691406147069269,0.4460325515346388,-0.15785725924741553,0.17068399288775582,-0.36320976340091304,-0.7648623555288496,-0.1914570527533067,-0.11677760512681457,-0.11016374740181477,0.0,-0.16715482362924225,0.06392702693332539,-0.16216046770140524,-1.377596528407924,-0.06773251796764623,0.29273003381678936,0.6862966664959178,0.601175218578219,0.32466259568548467,0.5723359826705725,0.6094874245115866,0.0
2.7686205489012563,2.2839125023160616,-0.8696859152361966,3.1220911671117246,0.16473976253612932,3.528956554441718,2.613961422196473,2.6345028309963476,1.4514495904729678,2.358396916500316,2.481681355257863,-2.1679066770037774,0.07920365101816185,-0.16674133868976895,2.3104275147806366,0.07440916503060505,0.047833342559687055,0.4627892041970071,-0.47014792659982135,1.1523903023790847,3.08527087880841,0.0,-1.6977815230666802,-0.8200719215255772,3.7666868676962078,0.7526489122064871,-0.6661953245168957,1.0504793656910383,-1.001861520495497,2.096063805796095,1.299187710856238,4.1616258483760245,-2.2217901153789055,-0.8726712300612257,4.689158904421025,0.19699911604162856,2.423611665724939,1.9527080239798718,0.5670408808761611,1.8213801814542498,-1.4361889085114337,1.5569917914909732,3.432594338173016,1.7917867596055093,1.3380350225359268,2.6011911196801276,3.6878473843329127,0.8109739854382249,1.9191626078965607,0.563620361415447,-0.9620524521761215,1.4586123530536819,-0.7890519428361804,0.6007476227406728,1.0504793656910383,0.0,-1.437373571306867,1.9437259222877465,1.315661159257618,0.5891286891520803,3.2546965497091764,3.933863412970793,3.2435889051727296,1.950998362220796,1.1651175474972641,1.9287616839023212,1.7149162033175671,-0.44841619526870075,0.9329016454318084,0.9530148294958911,-0.5024957939248265,0.9854019643343251,0.484848146353678,1.8305826758404646,1.4439215971565338,1.6509857568679758,-1.0911762150915179,0.5612427858920304,0.4347653148264252,-1.7674465324449342,0.07573452296284193,-0.16391615627629685,1.3013857498125772,0.07093404373170419,0.043589358528758004,0.287804898939214,-0.6736572934311995,0.8962622796236198,1.0378659006453546,0.0,-1.8841733192109618,-1.1766983727403477,3.1788558450985493,-0.03075133248360456,0.6230824739021552,0.7861381436465108,-0.8520700766890914,0.491519698266635,-0.17500677549760543,0.9802676908753113,-0.5249063210169935,-1.1195934939737324,0.35005448235810005,-0.16394482073902678,0.7027135208209683,1.4580533394696567,-1.882118167094006,1.063050016046813,0.6845721680395997,0.7849833022273759,1.6538665138640287,1.126357147511609,0.8947619598701958,1.043831672386764,0.6982793355354557,1.5125473056433874,0.728620205212569,0.038581094528684176,0.38776320454129976,0.6481039066657172,-0.41567265512559703,0.45870034408399907,0.7861381436465108,-0.7693017301037889,-0.7247669640224452,0.7365971004445506,1.2932386320864544,1.0750129782074909,0.33073793117558375,1.0053266626666584,2.2035575488682926,-0.1397788475914607,0.6544797916924358,-0.14562064489270904,-0.3616702750964863,-0.7285600160633815,1.2154865664754566,0.7494573592935999,0.652477939342981,1.7955201974276045,-0.7133805189381256,2.0848960199792064,1.7437270570028762,1.801073896344424,-0.2897201485491793,0.6845782629637326,0.7265365692033451,-0.991706122554028,0.07488658897917826,-0.16321190770208055,1.6294219870489917,0.07006561271157306,-0.2326951569955688,0.25384889842870373,-0.37645866544602297,0.5523450361482749,1.6179571181639287,0.0,-1.0467091764449672,-0.2517666366644676,1.7983633878756233,-0.1849185112025579,0.3660229123540078,0.5445076747450348,0.34431908785477566,0.30819581072861424,0.33434978566591017,1.0467453653998584,-1.899052223289726,-0.20049581779714198,1.4218505707406495,-0.12645699120925755,-0.17407765595569785,2.774202695825167,-1.1371589958293529,1.9672660867760323,-0.5616726720040689,1.6900253879695082,1.7482135963024987,1.9189544305328454,1.1060138798558254,1.7325053693777763,1.6071865859875347,-2.326157966738732,0.8887679431592698,0.21185455112027046,-0.10348368668575247,-0.5079903711380301,-0.32211953752856043,0.045281112192030515,0.5445076747450348,0.0,-0.45964594681003074,0.6603222427140756,0.8326088923073838,-1.3739923734656767,0.3432216200278075,1.0568015809174547,-0.218804114928823,-1.1368214539232357,0.4706924270165761,-1.14749525525363,-1.1752971660259506,0.0
-0.3991908457540597,-0.27711451514412283,-0.5500175788250541,-0.40692472276879693,0.8806184392322285,-0.2622643810608252,-0.2891034710373757,-0.36599837951000763,-0.24922198865241021,-0.2098845494350209,-0.3277197798131078,-0.03470384445642743,0.13806536951663442,-0.21310470607449816,-0.282850969328878,0.13324431877573523,-0.3893457209458878,0.44749797268086083,-0.47682136637443145,0.4496909637918628,-0.2774559282585206,0.0,0.3100726323154153,-0.05995822719084463,-0.341810257126311,0.27193527340674545,-0.558278875524816,-0.14988116916730326,0.379588012656728,0.3054519136183163,-0.1765984023473725,-0.2372425877721291,-1.2364367107487377,-0.07995320534488125,-0.028245620173648643,-1.480139962788899,0.012445735841057069,-1.029390895931187,-0.17953084273419645,-0.42940200741554047,0.5650579312176135,-0.5442282911606523,-0.2236536132468444,-0.40465489663599635,-0.3531911229721088,-0.2875913861442355,0.8698883835441534,0.8904475193964762,-0.2441035589914822,0.1815530069535465,0.16384968814125314,-0.309037565844324,0.08941153451854651,0.4326371768708548,-0.14988116916730326,0.0,0.151770913949977,-0.13273639701144324,-0.5682873460116551,-0.7534533403775963,-0.34225873140868923,-0.23036992868323605,0.4179368443595945,-0.0002622782443628092,0.20485124732246707,-0.004221977104381416,-0.18596009681398398,-0.44841619526870075,-0.4981807005250471,-0.28354020555413223,-0.2806145342697083,-0.5073165997257472,0.4411384997256698,-0.4608097261445255,-0.442629427780025,-0.24895792517863977,0.015157263488100068,-0.12360715799321931,-0.31195516324275163,-0.18926089205676755,0.13459075639011364,-0.210263622287192,-0.49780653014859333,0.12975739707019002,-0.24959755250100993,0.2651996253335885,-0.6807717912830927,0.1648186944330329,0.5283154439532903,0.0,0.17706345643061222,0.015331470171617923,-0.4321603054966593,0.18080347456750684,-0.15299907540103247,0.0019331320264502638,0.04410848478927697,0.23065307205619756,-0.08250746728676324,-0.20297189804414728,-0.5262442392912838,0.03474613775773606,0.5586651726961661,1.7053353145571553,-0.23128644896537587,-0.25176142445802646,0.5270426027068011,0.0027516393857986367,-0.02074461115271507,-0.15360326093099966,-0.28426588494177063,0.0036689157899403024,-0.23215383605101397,-0.3858456177492869,-0.9258538445079162,1.105611435991733,-0.2063646575374785,0.23435756457949572,-0.133425647262767,-0.19700140424139131,-0.06793363797745199,0.8052739373919092,0.0019331320264502638,-0.21520337573484097,0.1060647447948569,-0.20018316185613175,-0.5053981642757439,-0.07876825384730114,-0.32712643043670836,-0.17280524240342376,-0.4418072926663053,0.0035322237461990094,0.17866452596061297,0.004881706984133805,-0.2087525816784252,0.12999979747472423,0.2025003605365967,0.18873250039194392,-0.34456700167550686,0.1537229118147178,0.06720857232622635,0.36051237343257697,0.16028522146419164,0.11325069890159081,-0.3642962237237849,0.34215272886521,0.27966696425054544,-0.29007629465139995,0.13372279226687286,-0.20955453668599397,0.11100240752311187,0.12888612708672098,-0.2532862710044961,0.23069261840824157,-0.3869834246404338,-0.14130085803901132,0.08254841533326929,0.0,0.4041523616902385,0.6819464585195232,-0.39932692816248117,-0.08201111760439102,0.24043045846776853,0.4832794122420913,-0.6682379894730551,0.21004441879732705,0.4565098919392184,0.21266661051631394,0.34526642387437756,0.718793626371112,-0.07629628564784957,-1.5704610081027393,-0.17407765595569785,0.293648564354696,0.5690858315509073,0.19542378345457292,0.5192822816641394,0.0878529980596857,0.4572951852301977,0.2596950137596672,0.6500269711030351,0.17210210362058165,0.2140627242839823,-0.10868622444747016,0.246411243979549,0.2118082149603523,-0.20379002315493897,0.06661287443822546,-0.22517938761760772,0.2073398295108756,0.4832794122420913,0.0,-0.21941511234150277,0.30559781220477555,0.284676418759349,-0.42337105947804127,0.6474924726432151,0.2621115180493926,0.11349433939129526,0.3398776634803582,0.10965957049796708,0.34448482136254843,0.31498919943187637,0.0
1.428302099378729,1.5018001464802386,-0.5500175788250541,1.6158557886939127,0.027300626028092457,1.4882315492825042,1.7072769217152761,1.697895852453867,0.46528551935887247,1.185630265076531,0.8861506408557416,-0.3660847770722828,0.13806537110211,-0.21310470607449816,1.6814828344934847,0.13324431877573523,-0.4748339815333504,0.46278920419701236,0.7377446726027788,0.1402487642477261,1.7916124459569172,0.0,0.27795042554261024,0.928920843309753,-0.021201046381630638,0.12944360848564823,-0.05514986047508966,0.6555220284150676,-0.8820641876841371,1.3650137874189967,1.193114490034723,1.3846248026586472,1.787690369610286,1.057694664574338,1.2939821037769663,1.228008599991923,0.33072838261448756,0.2946946991397397,-0.6837967142865254,-0.06441030111233124,-1.0359395405656242,-0.25152644308026206,1.4802592149987253,-0.0995935554913428,1.0753753194905444,1.6516994420058753,0.6875940258358868,-0.4149419844618843,0.35591864421596775,0.20028042040959226,-1.1231698835022192,0.9204515714223206,-0.3036832247202929,0.09641628513121868,0.6555220284150676,0.0,-0.22150818033148098,0.4475506345424136,0.6611431063908305,1.4447453206512664,1.2249788850351429,1.3159440403780636,1.29387659432524,1.5693030777558556,0.16294635988578637,1.5698119620669146,1.3226675053022061,-0.44841619526870075,2.327200085225752,1.6107652918465796,-0.2806145342697083,2.4130589784662235,0.35972984182315054,1.9251048624205804,1.3163538207792018,1.412641391787674,-1.9229296967491214,2.0117751830758692,2.587441587113281,-0.06731045309815634,0.13459109588653986,-0.210263622287192,1.160532273721929,0.12975739707019002,-0.41398879804404093,0.28780489893922184,1.908905426802126,0.14928595975155706,2.6127766731584297,0.0,0.3701159421596345,1.9042292579066005,-0.07039488164067835,0.3113220334939567,-0.022716973429520504,0.4532384667769672,-0.5543865515687144,1.0427501407302606,2.0049455762071564,2.0373502875859497,-0.9910185386842769,2.0026127131440226,1.6317407396296537,3.0080881754531017,0.41301422507548885,0.05640568194683177,1.003084524542655,0.12749262487532975,-0.02074461115271507,-0.09966236551610864,2.13383511100982,0.0660404842189219,0.1101336720558955,2.0307477742364077,-0.14557554140544024,0.025187090015248558,0.31039341408592175,0.14018565582854517,-1.0086320742440553,0.635187632689447,-0.4115167303129645,0.45870034408399907,0.4532384667769672,-0.7693017301037889,-0.39897186945958685,0.32023268839513164,0.9211940196796554,1.0127998958274897,2.446315604666988,2.0926841606552893,1.1052123646808676,1.966562330566531,0.09265057315675249,1.9651370921768467,2.2830947966559996,0.3525893787623813,0.051694464696792786,0.1063041089023184,-0.44427149577735564,-0.07878968378372744,0.017677333033611128,0.35908664794787576,-0.04647446980156878,-0.21402533472387017,-0.8940030812826003,-0.07471631399070772,-0.22187689504182276,-0.017539806840027625,0.13372177298616064,-0.20955453668599397,-0.058380829010187436,0.12888612708672098,-0.24044485334864812,0.2538488984287117,-0.3869834246404338,0.07480658929695111,-0.27592875662958083,0.0,-0.10465724506060577,-0.36061282034056935,0.5298421617143815,-0.2420892854237583,-0.29678118124601005,0.1865578324201383,-0.7577518194304508,0.2736815436340496,-0.1571269198717353,0.03944592408784896,0.12608812603409753,-0.29241742894960004,-0.34366917512885065,-0.35880709474132305,-0.17407765595569785,0.399188979950358,-0.36789519791404596,-0.3951903176525802,0.1589639637747366,-0.5313839414129181,0.7175125288619963,-0.3921568999726528,-0.05717045022638902,-0.05673790675767316,0.3834820598885972,-0.2961841199113439,0.35940300408430725,0.19656827949708952,-0.02825875372191929,0.534317435921673,-0.25263080359089224,-0.6029537570833498,0.1865578324201383,0.0,-0.30036971096717574,0.3731440275931866,0.2304018874686186,0.4357856328327957,0.0974017451909665,0.09182993326502358,-0.334108528527394,-0.030413447847483347,0.48394490962214287,-0.009626132289802782,-0.22430458548605925,0.0
-0.30540435442713965,-0.127335459960801,-0.7098517470306254,-0.3031161015686757,-0.005465772426593214,-0.23364200868435694,-0.12182209282345255,-0.050154898379911605,-0.7626597221301831,-0.21360466272057405,-0.32996111692859076,-0.6015541721871007,0.13806536974100725,-0.21310470607449816,-0.12348167550373745,0.13324431877573523,-0.31446122247039243,0.44749797268086083,-0.47682136637443145,0.4269156345720222,-0.011745693489265362,0.0,-0.30022732831636095,-0.048632142173249474,-0.010373980439552693,0.5569186032489399,0.3328556968173064,0.5548466287172712,-0.7654574341370014,0.44237186767111353,-0.1874383715917045,0.22408173184749403,0.9259162700034789,-0.0382071320589791,0.4320440933047315,0.6853461308869996,0.4102990443078427,0.4786189631230848,1.0657994777616169,0.9697328667467616,1.3655566671092323,0.7586408419726508,-0.07896024991629624,0.9376150044004793,0.5727315712166474,-0.14055655513944135,-1.100455646676451,-0.2801914851714155,0.4904859921109542,0.2855337487124184,0.19195478524393628,0.9633570225732625,-0.3805800192674126,0.09641628513121868,0.5548466287172712,0.0,-0.4297761296245579,0.5776919633743092,0.5180261930400684,0.5776114892413229,-0.25746062738882713,0.20946395902746595,-0.4837722519289826,-0.28476007918714547,0.7134231980666378,-0.2811756689398008,-0.37945794496027285,0.1802910475822611,1.2148748893273817,1.052622723047779,-0.2806145342697083,1.2633352493590395,1.0833554195349329,1.3217864293248158,1.3825401970149067,1.5287374277390466,-0.31658737867690984,0.9199550659560864,0.8949041189872438,-0.10651163729851928,0.13459091628004888,-0.210263622287192,1.4248146155777934,0.12975739707019002,-0.3285126110307885,0.2651996253335885,-0.6807717912830927,0.3119872636772061,1.5191898673185462,0.0,-0.1757457465159349,0.567708471036294,0.11447777821671348,0.3113220334939567,0.3906880790307143,0.5660648004645942,-0.441807798223776,0.7330951454658091,0.8208264478840595,1.118470715282963,1.6041120914758915,0.6513416632012952,1.6384204094769013,0.8593070260308088,-0.0165195576184206,0.5879853418869889,0.027962009810752426,0.1898631176200953,-1.0787197799411872,0.008020538046033553,0.9543615470564513,0.1907836210768851,0.6577936850269499,1.2548355451207838,0.3702000297757807,1.3388445162374016,0.11069651688587236,0.07186748938167851,-0.7009077255586043,0.4917613045300105,-0.21845339510229136,-0.7543072324936867,0.5660648004645942,-0.7693017301037889,-0.10195331827407343,0.11912227279500387,0.6381623627762074,0.8752583249415186,0.8101915586062138,1.1634821257470258,0.8104616838074259,0.58906289989404,0.5298730943574278,0.5879597510328234,0.33637822965513414,-0.1561868070379777,0.28950378908446783,0.22221151299501896,-0.44427149577735564,0.28786483567544946,0.17146335316219327,0.7144834576762331,0.25414943573183557,0.36606167314579713,-0.7108712308868959,0.8826830857455626,0.9994353932364248,0.8141459934632229,0.13373052746714972,-0.20955453668599397,0.2144318637317938,0.12888612708672098,-0.24978042094243683,0.1756398651752925,-0.3869834246404338,0.2360774299381568,0.1536633777676597,0.0,-0.2342621966413451,0.44996155524832776,-0.09491570719801282,0.07806705021497624,-1.3172071819972744,0.0876506391461537,-0.19594659918313384,0.6625720117648253,0.7905903206993511,0.800293071934004,0.5600440695118399,0.6089639255754149,0.9341193918173949,0.9630907455114428,-0.17407765595569785,-0.07687074048285134,1.548549908560948,-0.5723745479847262,-0.20135435411466618,-0.6448905006665845,0.9008115981407914,-0.5699346946269219,-0.16325006342580264,0.3031915993337238,-0.4630293250138698,0.15450807606861167,0.38014101714850274,0.25462784484962814,-0.447886601091872,0.3268484863276273,-0.24374794937048241,0.5314572641485658,0.0876506391461537,0.0,-0.30849328292674943,0.38554116430353885,-0.023556328699456928,0.11963296805431257,1.8501392696986638,0.8397674965270506,-0.061837108200571034,1.7126483072688146,0.3868599647128981,1.7501301154665763,1.7564070293484961,0.0
3.057330950680774,2.9199024680295773,0.009402009894445335,2.005791168551202,2.7919811190580055,1.3962276329646535,1.7680052012182879,2.243285959849752,-0.8380543548243936,1.3358796359521157,1.1047954160206332,-0.41266749206976966,3.3165985284101227,-1.7789437942419108,1.7120381648790293,3.3103426210127656,-0.6411411722481104,-3.8579714785007404,-0.7022047550506066,0.1958237746795529,2.329124076958248,0.0,0.7645174915076892,1.732334578396814,-0.21597952578794333,-1.371125831894754,0.34266405850741855,0.31716965417299076,0.9432552371200673,1.306472761385397,1.5330919869891442,1.0604318411123372,0.32252514439664937,1.0217836926626724,0.3039553122334794,0.7501662276892899,0.465670381053222,0.551754339806691,-2.292599862717144,0.9697328667467616,0.9653072991634228,-0.42227289011563623,1.6723250013351123,0.9681211385149446,-0.0872781253774005,1.7306993238895023,-0.6305070241417112,0.4582828979013409,0.4287758838921365,0.3045230593119334,-3.4982024593994976,-0.3251204100961092,-0.3174024244407736,2.5340177502435806,0.31716965417299076,0.0,-0.38913398445708647,1.1698319524290572,0.4597835885168492,-0.9325064357271035,0.906267046777749,1.9519784376453926,0.6536650072971558,1.0123826987430429,0.37456426743605986,1.0141643239026439,0.70120939969312,-0.13406257384321982,1.6139444481571257,2.0832494647891173,0.8287917640058826,0.8106958752015722,1.9414004423925764,0.9958713969041225,0.6128725617490334,1.54680808817567,-1.1133296737235479,0.804572208765116,0.7425879067629984,-0.2628493218146815,3.3128382520548447,-1.7755656702414047,0.4689764102780697,3.3062184773484247,-0.25125437017995256,-5.333816972762135,-0.9210511207961456,0.0968964249851822,2.197250929660428,0.0,0.9627466120803303,1.1984946533196594,-0.29276046610341766,-1.104198832388764,0.2868896672499536,0.10312788492153929,1.433665892713778,0.614649014561461,1.0078454056091992,0.1757897102823905,-0.13474816944092702,0.40199682717179996,-0.7287581213039996,-1.6670365364810305,0.1844092608324656,-0.00768269277913508,-1.4081574450305334,-0.46502705619994306,0.8609013628376785,-1.2302437047640757,1.164190893681274,-0.4329320632129309,-0.2937303001382882,0.8701779296966193,-1.306237697384339,-1.2840479007613417,0.1570925671234056,0.1597152126178341,-2.769941127766243,-0.4378630194131508,-0.3575236494771648,3.4912192855282136,0.10312788492153929,-0.4922525529193149,-0.2971076452431197,0.46382156521603,0.6069439584196588,-0.675515488578526,0.2926989377976589,0.7879318459344755,0.8421686430256269,0.2887926593659306,0.23094513314674409,0.28787834154353587,0.048492206607685606,0.20949607650603033,1.66270814219922,2.5264489331953373,1.6495228803614688,-0.8819788535199556,3.533561838315571,-0.16832623454319295,-0.904118687701842,-1.1588866707913867,-0.22270752215042838,0.13118642737723366,0.05668848122727495,-0.4322142413312291,3.3117916984966165,-1.774693222780495,-0.85806565471202,3.3051939033447084,-0.25178618649126555,-5.504800720297999,-0.7424381784634914,0.03526179008047706,-1.494557844268991,0.0,0.90058505663472,0.6122913730543047,-0.5643074454056349,-1.0977648525819146,1.0782154404651563,0.2757782387239903,2.1766189155226185,0.2682661216253843,0.37469945416781225,-0.5735910215916153,0.617402576874078,0.42373794267837883,-1.1467695506246602,-0.5620370051356927,5.744562646538029,0.2709097290288467,-1.4119295859537222,-0.36565961259722257,-0.021195195169964792,-1.2483437966225823,-0.01973852845989628,-0.3921568999726528,-0.19605819121943596,-0.8718483755575034,0.7829411685370329,0.5524683619797893,0.41579536489893115,0.2171321614027923,-3.8149071770255447,-0.29910896209207516,-0.2496854947416501,3.5295435345471997,0.2757782387239903,0.0,-0.29601490737617847,1.4424462803173554,0.3031248298096469,-0.19501140242715212,-0.4961657005906657,0.19148409365066757,-2.355357485698801,-1.566484648803167,0.3926209466788222,-1.4445604359603232,-1.5673349610249177,0.0
-0.7755734997482285,-0.988994822511289,-0.0705150742083403,-0.8235279585051424,0.19917857050365295,-0.9733178125221189,-1.0878873261875737,-1.0556973526413518,-0.507126254416774,-0.8437889686171199,-0.63334686904335,0.3514106238643028,0.13806536932267083,-0.21310470607449816,-1.1092530402247895,0.13324431877573523,-0.1659637798310383,0.44749797268086083,-0.47682136637443145,-0.7066174960187979,-0.9222155568300023,0.0,0.4602942528895922,-0.5949042786921735,-0.6016677776091529,0.27193527340674545,-0.1930429521731946,0.15214502992608783,0.19206759036016216,-0.9204605102602288,-0.8052707108212777,-0.717772626383049,-0.5449152221522438,-0.5981429423651179,-0.648181110856757,0.1421883536069289,0.012445735841057069,0.5097693137364874,-2.3462335801194922,-0.3685700563650056,-0.6356901726198149,-0.514874431129227,-0.9229778374046557,-0.40465489663599635,0.01717795470339323,-1.0725144606120747,-1.5105899637397187,-0.03477974370185565,0.12087865461529396,0.3589442448092451,0.804445794314009,0.05731667301761819,-0.29772618737293005,0.26452673100103674,0.15214502992608783,0.0,-0.29076710561298974,0.22024128310052155,0.08643987277983585,0.28842902629504924,-0.5697578159805082,-0.6885148520289274,-1.1567907634259922,-0.8849592310952468,-0.43093917525552067,-0.8783307443692493,-0.6427861019529222,-0.44841619526870075,-0.582474842959491,-0.4435788837791888,-0.058733274614590096,-0.5944448777939318,-0.6942935470829811,-0.7935182122239494,-1.2784356346022703,-1.0607669347001258,-0.11309122352042336,-0.13557782450133682,-0.32346930802362506,1.3393315438910658,0.13459074341570304,-0.210263622287192,-1.2817677578787552,0.12975739707019002,-0.22091265446928496,0.28780489893922184,-0.6807717912830927,-0.19452150490313522,-0.3156981473634186,0.0,0.5270628107152439,-0.08222717039333616,-0.6178703691015718,0.18080347456750684,-0.2048032722643449,0.0019331320264502638,0.3325835988051655,0.11457717202695344,-0.08050223868770537,-0.38471865501371244,-0.15320364173150428,0.070320362407211,-0.49067561559067724,1.7644028024545366,-0.39236161747559134,-0.9920746658282883,0.9752933286532683,0.1898631176200953,1.3898889472319145,-0.018875395002133814,-0.41867968168275993,0.1907836210768851,-1.3959313636145048,-0.4964868584029333,-1.396525035448747,0.3404444745760931,-0.2508269686269154,0.3357551193676473,-0.0261447237160912,-0.5695837238566966,-0.10103729619659693,0.9785607340458644,0.0019331320264502638,0.33889497863412715,0.27356219616089744,-0.2449601913799365,0.04006729074083527,-0.48501930991508485,-0.3576575889511925,-0.35659369684748365,-0.5477158053407352,0.18145393886942318,0.06773437047677736,0.18287002229177676,-0.022053804370682908,0.7023730065001281,-0.5172034504083048,-0.24297459058405835,-0.24486250757365807,-0.9559167359776457,-0.0811097490411715,-0.8555026506440547,-0.9444197214421581,-1.125207544672273,0.13824782600378072,-0.2384731820855911,-0.4061369885914442,0.9680615110357217,0.13371167647026688,-0.20955453668599397,-0.7738728494648247,0.12888612708672098,-0.2537809769760109,0.2538488984287117,-0.3869834246404338,-0.2199313736485857,-0.6258054978650374,0.0,1.2138806473588202,0.13950648409112767,-0.8152632424881161,-0.08201111760439102,0.3444324241545508,0.38437221896810675,0.023370861937983902,0.11208776543319668,-0.08716808697391648,-0.30702623999420214,-0.625276598025007,0.04740926755064591,-0.4822831858855819,1.021157124525504,-0.17407765595569785,-0.20955423579262075,0.07974126375324714,-0.3361289075418649,-0.20135435411466618,-0.474737770291897,-0.7269041915611302,-0.33289763508789644,0.6146671000365639,-0.9394245572989626,-0.29954706584360763,-0.5413161392213848,0.03821919176923426,0.17626534729319615,0.09371908923015423,0.12426498510025687,-0.1870866343577528,1.341750850742791,0.38437221896810675,0.0,-0.1258134076762487,0.1811410802473676,0.23832546656147524,0.33954797197798753,-0.07020232989786193,-0.248763505082188,-0.7319512930367914,0.19108631072326387,-0.3860287660425502,0.25366639666280694,0.2657265475504681,0.0
-0.3736970170304851,-0.24221774141147512,0.24915326220280223,-0.37870659798090583,0.4850865019443888,-0.22295606091545686,-0.24890423548202995,-0.2536895637840141,0.32043953577040696,-0.16587146190738303,-0.30079964239259277,0.7575429974890222,0.13806536949189815,-0.21310470607449816,-0.25477838973326133,0.13324431877573523,-0.41058422829582103,0.44749797268086083,-0.47682136637443145,0.0867797940931858,-0.07957924060264483,0.0,0.7020823866097728,0.1046305191974763,-0.5019267959629599,-0.44052305119873486,-0.0733147655424989,0.15214502992608783,1.4722478761708542,0.1063605003726699,-0.10731760168522264,-0.32997077937191716,-1.190432005753988,0.1763030511420051,-0.3426463263636214,0.6257384389661711,-0.4649782343190869,-0.4342839982554599,0.3022201380780517,-0.5510659095166103,0.5650579312176135,-0.6912788844583337,-0.3085640612505753,-0.5876917013227885,-0.19446151825403657,-0.24646295569073315,0.09503983400505288,0.4288189347617806,-0.28832345331494375,0.05671212983664958,0.1885063141380432,-0.8291917708666927,-0.032484640853960724,-0.07169416073859937,0.15214502992608783,0.0,0.14967446853554195,-0.17550186648143773,0.005503311716906809,-0.8938606337584527,-0.3832854103930848,-0.31877845014399747,-0.03403449734677319,-0.12275597525681588,-0.4666716550450925,-0.1223029238249078,-0.24957384194464904,-0.44841619526870075,-0.5053662328671756,-0.3411372782443017,-0.2806145342697083,-0.514743722862798,0.5087189334286855,-0.46253119720724145,-0.2117085558268695,-0.3192306232548264,0.1780431414324838,-0.22330021025325106,-0.40623381164315203,0.2424648100708009,0.13459076086304145,-0.210263622287192,-0.08020698511350388,0.12975739707019002,-0.3178047164230562,0.2651996253335885,0.6140668177595165,-0.04141146896515342,-0.5634482767083713,0.0,0.06571385330972321,-0.005909450320849343,-0.5627147330400416,-0.08023364328538754,-0.3424909725458473,0.1147594657140772,-0.5602816521885113,0.1642324484509073,-0.1031124535367427,-0.292668614126153,0.9346777647436376,0.0992469521104701,-0.48724754846976376,0.37812336664066065,-0.2849781718021151,-0.6064328768019748,1.1262796293239914,-0.6833237808066225,1.0372305576357572,-0.7240454622304288,-0.3681842301228345,-0.6200467684998757,-0.2663825868617049,-0.39507900444049787,-0.48403342099258195,-0.3043036022081712,-0.1705823771743219,0.19010486449484035,-0.12220025687602995,0.31460355167386106,-0.11647150047150027,-0.0611600458778663,0.1147594657140772,-0.21520337573484097,0.10358933301916803,-0.1641476030875588,-0.21196007223231284,-0.3274466520879516,-0.31384616178961966,-0.26350958889209386,-0.916635026519455,-0.08057914928444533,0.34821714204539633,-0.07880261903862644,-0.29388936122807097,-0.12438829542545525,0.5325842345487443,0.3832856722075358,-0.34456700167550686,0.662646371896936,0.1582047502029116,0.48153448096611334,0.6623764196937562,0.5369612843646365,-0.4384415839572997,0.4371344225307833,0.40046538615597665,0.6655487483200773,0.13372514141735156,-0.20955453668599397,0.7011965352970397,0.12888612708672098,-0.25708726213082167,0.2075363383877834,-0.3869834246404338,0.09489555400650931,0.13677207166978883,0.0,0.20509751447377728,0.5579551720193321,-0.3612069796311451,-0.2420892854237583,-0.00015651872950119393,0.2854650256941222,-0.1837709219069234,0.39733781054498124,0.436870662171452,0.25691210992674585,0.05448135324104873,0.46266473044505074,-0.1790971645361845,-0.5937624114475325,-0.17407765595569785,-0.23383840114020002,1.354436747382149,-0.09988326709900365,-0.20135435411466618,-0.19256847707197253,0.5870549024072006,-0.09586057554887098,-0.05717045022638902,0.6659255195701379,0.05200273762945107,0.12443501293290109,0.32652817775576815,0.2096414145296202,-0.24932278558563598,0.0635508969113689,-0.24096470802232806,-0.27883632244565965,0.2854650256941222,0.0,-0.2598371162466127,0.353491531712193,0.29791645025492625,-0.18506948902332876,0.7990221567728127,0.305606287147283,0.14790784003108348,0.7855521532538216,0.4824569777856317,0.7890474492495883,0.6477119741987586,0.0
0.2556414172645866,0.49528341852158997,0.24915326220280223,0.317883506463747,0.475934186944677,0.5585548934218586,0.5794176213627591,0.5988701261031631,0.5035908814371953,0.5441044254112342,0.2357202566305283,0.15272996081183912,0.1380653698945423,-0.21310470607449816,0.6502111272023628,0.13324431877573523,-0.49487689274921,-1.3000483795290811,-0.47682136637443145,-0.032790977321622304,0.3060445019284487,0.0,0.16604397488950784,0.8445463836603222,-0.44495260318347757,-0.013048056435443194,0.058673353871115774,0.35349582932168055,1.3423539301716618,0.6013116404928479,0.6764474213509383,0.2451944719777083,1.058715649832818,0.9618940865174859,0.20926389104027604,0.8568608228038724,-0.3854075726257288,-0.256562296418619,-0.30648700628514364,-0.3685700563650056,-0.6356901726198149,-0.2223579534398235,0.4823727904659587,-0.2826303601781349,-1.3055687512805443,0.5747355349342373,0.17661091086101696,0.8428352964808125,-0.20497299902473975,0.1564370962081164,-0.4838929856165915,-0.49375996599788274,-0.06973437542896112,-0.2398046066084174,0.35349582932168055,0.0,0.13032606374837438,-0.09489286994734705,0.13729583684670346,-0.994969082325767,0.12733388774492643,0.22959317871787144,1.118747207753556,0.6471978267526627,-0.07407238067539489,0.6414394768840359,0.3467856396391308,-0.44841619526870075,-0.8702531015328306,-0.7760747442228673,-0.2806145342697083,-0.8918987990979756,0.8598298066801323,-0.8963488921353585,-0.5889995995672713,-0.688476108506004,0.36446407045653456,-0.7086306671610899,-0.8128551780975264,0.13302719843810273,0.13459073373093303,-0.210263622287192,-0.541603601670261,0.12975739707019002,-0.26692309469045944,-0.014595877197925015,-0.6807717912830927,0.12704292116459343,-0.9575123315299721,0.0,0.7361468154682589,-0.33144757951421544,-0.567990281318703,0.4418405924204065,-0.2601311857419135,-0.11089320166117897,-0.27128062923922186,-0.09826076223880117,-0.6101149894153474,-0.6131441847881157,-0.03952409456716503,-0.24174458605318405,-0.6488766268613714,-0.26522365808587345,0.19824733372853412,0.17178299941701175,1.027721969533664,0.0651221321305642,0.33191377844344233,-0.12662450350631932,-0.7233992459993119,0.0036689157899403024,0.1101336720558955,-0.9225935032167707,0.06685001364056331,0.6245359637208026,0.13576353930095056,0.23269405808961327,0.5104939606933901,0.006569655233065856,-0.306565849880283,-0.2344468425318214,-0.11089320166117897,-0.21520337573484097,-0.22195175069741974,0.14436672759844318,0.21521276807857337,-0.4829085694069533,-0.825807381007996,-0.5875853017197576,-1.0470005232741724,-0.5341643073624432,-0.04162370731785158,-0.5320595568490352,-0.6305835610945941,0.16179830908724668,0.5227493527687177,0.3858913716786795,-0.34456700167550686,0.6474829469029639,0.17827988183022922,0.3432545566503612,0.6695479024795218,0.7488994718694975,0.3668427424419449,0.12065057280639986,0.0073660208080500045,0.49486142427109236,0.133718276105052,-0.20955453668599397,0.7542847539505908,0.12888612708672098,-0.24697875384978393,0.19879614519575867,-0.3869834246404338,0.24413308635171788,0.5607860339667935,0.0,-0.5974033188251932,0.4676715787865234,-0.6748723395436342,0.3982233858537059,-0.045518907641360025,0.12061970357081456,-0.6105343201783665,0.3714422320063914,0.2513081568922339,0.27324708219294214,0.5772087597222179,0.5413414531719574,-0.004747021566979821,-1.2101640598920311,-0.17407765595569785,-0.3953827232935062,0.4555486830657133,0.3726080137867189,0.5192822816641394,0.227417285317238,0.08332171163422326,0.3782135435291799,-0.3400494187581579,0.6513482894091301,-0.26043275515558223,0.20510878681040956,0.03454462035844017,0.1814650592555325,-0.23855267221698123,0.05222047461340113,-0.21255200768713903,0.2073398295108756,0.12061970357081456,0.0,-0.19176508957700955,0.17894442987441758,0.0678539454158401,-0.3267077301213731,0.093287449255589,0.32166409769086585,0.3734937343567785,0.8126682113503,0.6345464034044342,0.8055580992324597,0.7658295906897221,0.0
-0.40860225773351255,-0.2559451760232442,-0.5500175788250541,-0.4173418559433836,-0.5758198019794631,-0.2960241149249142,-0.2649695770873725,-0.28292529133644495,0.5170894587402362,-0.5149365418959811,-0.49396062403282587,0.013759068364474887,0.13806536948670364,-0.21310470607449816,-0.2323170521191804,0.13324431877573523,-0.3146109807803419,0.44749797268086083,0.7377446726027788,0.3565298542983199,-0.4010271930931462,0.0,0.3817673244626829,-0.3050993295469917,-0.2297644139779455,0.5569186032489399,0.45170441334572903,0.35349582932168055,-0.866279656910819,0.12783509777283855,-0.480018894995163,-0.1873064837387922,-1.3391625980698474,-0.3018664419870429,0.12305790924998439,-0.9772977175880685,-0.22626624923901492,-0.2606817998839894,-0.09010099661589657,0.5439092093930175,0.9653072991634228,0.3283886557277467,-0.43007535592324014,0.44951685856903356,0.757916110054399,-0.30301357820642755,0.43275855448613115,-0.9970906625152975,-0.07965982677615703,-0.09349495493588902,0.30332859194619083,0.6821067514232412,-0.16267755168508347,1.441299852089763,0.35349582932168055,0.0,-0.029457982975854814,0.026298659882738485,0.13092689116060097,1.093528803761075,-0.4040410824327879,-0.18276005891164152,-0.4583813009241957,-0.4025116517813307,0.4256551281418757,-0.4003444476857655,-0.4371098669471057,-0.44841619526870075,-0.21586928750342274,-0.29201151342782183,-0.5024957939248265,-0.21551332796272868,-0.6862056889217604,0.20748079423001087,0.3006755327510403,0.03166092508977885,0.29855675370784696,-0.06256197131373029,-0.2524162205754731,-0.613018994489835,0.13459083429196383,-0.210263622287192,0.3504773091160475,0.12975739707019002,-0.30830638354002377,0.26519962533358454,1.908905426802126,0.5278528009152292,-0.7828212085902706,0.0,-0.15473568819422834,-0.10448562852422025,0.2705883079826458,0.572359151346851,-0.23301073755794324,0.4532384667769672,-0.3251413184499042,0.41000941809285263,-0.05434047464332068,0.44726488928630714,-1.7566450389279642,-0.12247984623414092,0.38908877900247846,-1.113627561016876,0.8425480077693966,0.39776814341897615,1.5389898588195643,0.8759385378125164,-0.02074461115271507,0.5956079709075842,-0.027403209780165284,0.8768708737956827,0.4866499309734959,-0.04743916595226903,2.1114444995112365,-1.513878534725551,0.6502329911225209,0.12438492905321803,0.5635979595301681,0.7505812319355135,-0.45965169464157285,0.6319871407379541,0.4532384667769672,-0.7693017301037889,-0.7066225123519424,0.6624777584661797,0.6483829387617308,1.7527713384496926,-0.17286583493662325,0.4847361418792943,-0.030554941914057984,-0.13095036490495546,0.3824024568378394,-0.1298949638080271,-0.33883556088229694,0.6387759832750832,0.8046332539138671,0.5332721729915761,-0.44427149577735564,1.0820916679193726,0.27609315347056956,1.3902242267850864,1.0470968910367702,0.8952016401462314,-0.7998161372318403,0.8082469335033284,0.8956607521221275,-0.9877865747227538,0.13373901401949853,-0.20955453668599397,1.2275268601313227,0.12888612708672098,-0.25843178473546097,0.19879614519575867,-0.3869834246404338,0.35801967228103176,0.6756530911064914,0.0,-1.0768030380446887,0.5848076046942683,-0.047564609672503866,0.07806705021497624,-0.965088756387302,0.2195268968447998,0.2320479651652846,0.5573066684373735,0.7611542963211178,1.1748580549813696,0.47130178276201945,0.6075623927186427,1.2895922577505163,-1.2715265433326441,-0.17407765595569785,0.303404695131691,0.2241147315237063,0.6088536542295802,2.320873871111153,0.4498349481107839,1.4649840105915335,0.6152506030682053,0.4378677447042071,1.065950178254206,0.32564732816359615,0.49379077046906283,0.46188454058660167,0.23156759425116533,-0.3881752979047324,-0.045868071222978,-0.2677243270946773,0.2073398295108756,0.2195268968447998,0.0,-0.35039905416799666,0.43440725538520736,0.22827334268474037,-0.8451828069598957,0.9468332002344148,1.207977092234476,0.5426011898029863,0.7457810487896065,0.6039791015008624,0.7249495720248013,0.6801053206222287,0.0
-0.8388186625840337,-1.1907001487779298,-0.8696859152361966,-0.893187713512802,0.2830874205156699,-0.8747099900023875,-1.3159547000872498,-1.3310169148515254,-1.5139124055786526,-0.8842557198734731,-0.6476439241362533,-1.7105689508080795,0.10863450698052567,-0.18998653384429512,-1.341968982166219,0.13324431877573523,4.716467211187962,0.46278920419701236,1.9622934461468937,1.2402669962731938,-1.278883253709394,0.0,-2.5371750361230037,-1.5482507007849415,2.459568071217838,0.29731050140639487,-1.3096787521133644,1.104837716381396,-1.3337629844470433,-0.32765571922128717,-1.1530141539659613,-0.3155642805845238,-0.4071557234865127,-1.6036600996978578,-0.5315934392579845,0.11381665358196932,3.209442321411159,2.4043553384467966,0.5073171719403193,1.3347245730499708,1.3655566671092323,1.1155695825517677,-0.5940420487015904,1.3647008820029942,1.45835579041762,-1.2743115203628728,-0.13010948196954497,-0.16625561847238854,2.6580592040023174,0.957558806060942,1.2064873475036721,1.6436698270354781,-0.8685104444379868,-0.40791505247823545,1.104837716381396,0.0,-1.8526115881451566,2.677222259633052,1.2512224082293626,1.2833055258483659,-0.5878702374592368,-0.308206835097473,-1.3770757221985732,-1.2047062809635294,1.521302890027563,-1.1996688621936138,-0.753611068540979,3.9525345046880327,-0.8517441877813895,-1.2155500937046777,-0.5024957939248265,-0.8710936464633408,0.6588724545415927,-0.26184121151661693,-1.1000663876903185,-1.1921687201895086,-0.19379900211480278,-0.5779977268499495,-0.7119509938718837,-1.7866106575275362,0.10516258781983898,-0.18715337896120213,-1.033682221701137,0.12975739707019002,0.37771706043709363,0.28780489893922184,-0.6772242882446153,0.9653085322229557,-0.8658409737447852,0.0,-2.113368333655467,-1.6148547650366605,1.546998629022526,0.07531587214750309,-1.094183748924073,0.7323677251877309,-0.8152436234095822,0.05590761791369228,-0.9288931999327164,0.05529783124544071,0.6227919064293453,-1.5660628894015574,0.17677356725642857,-0.1953833111868862,1.6611629052665218,1.6507598507506098,-1.3021613485262005,1.3749024797706408,-0.7260613903450299,1.0076940664079639,-0.05852742186089519,1.3758434212275354,0.5700180391124103,-0.8897109277821948,-0.2257880049093803,0.19721350558061979,1.4515718804515956,0.3215437936696404,1.5476673295380574,1.0761031690977891,-0.40682477348859575,0.28541354743004393,0.7323677251877309,3.6756297263135114,-1.1426455160289481,1.4862998407496635,-0.3628178685678334,-1.1047805388397578,-0.6504860021668841,0.08172850611513857,-1.0423027535036449,-1.1085420391906093,0.9033933099830542,-1.1060776135423245,-0.9936851274946658,1.4655372852006665,-0.9016897247623621,-0.47813442826223373,-0.5439759898792045,-1.5178080952354687,0.013817665406213637,-0.9642806492965224,-1.4751385080171742,-1.3767860063287412,-0.6371400758415711,-1.4355094877614907,-1.5344599467479028,-1.0211673552444112,0.1042882487982256,-0.1864467052474306,-1.4998164529785039,0.12888612708672098,5.1861574287446315,0.2538488984287117,-0.38173546252157814,0.8961917789370186,-1.2424332506887303,0.0,-1.8768741961871411,-2.9209540479463043,2.852957997398836,0.4284847381264054,0.047859828947684355,0.5633987551042143,-0.9740598509196421,-0.07993486957637683,-2.039284426902372,-0.1406793157558588,0.8291559700933601,-3.020295556583211,0.09403154304192524,0.029770921448659282,-0.17407765595569785,0.6665286002678151,-0.2641305142624317,1.3766519856688793,0.5192822816641394,1.1269297160991871,-0.42814449649554975,1.3263617816852817,1.2674200075595308,-1.522243626372563,0.4842181240266861,-0.21892246591053802,0.5785365521838264,0.09178473816791342,0.7943567655667029,1.150688961648596,-0.2907899229687166,0.045281112192030515,0.5633987551042143,0.0,-0.3592988557889782,0.4667301556635352,0.8008917698027481,1.1991422482284557,-1.5916653941141776,-0.09465931240224217,-0.8570691731336043,-1.7667205792952834,0.3816023969093881,-1.7425843896391193,-1.722942920762172,0.0
-0.4450699082852529,-0.40162955761356306,0.4889045145111591,-0.4568606832627918,-0.5471616474244503,-0.27305115941091124,-0.42775938471614483,-0.5088460480323423,-0.7515561808695288,0.06629002948991405,-0.13392772862192803,0.5683894011897722,0.12334993826798293,-0.20154561995939663,-0.36733045805836717,0.13324431877573523,-0.46799612082791053,0.455143588438934,-0.4751575772799401,-0.43044848722519213,-0.791964321759942,0.0,0.5772917977443698,0.3193735106453964,-0.6655684339053615,-0.2865149366470288,-0.20847494088379614,0.0740871172836866,0.43429804026360697,0.06694717846278245,0.16513162553695446,-0.18520695384402022,0.5328612156061214,0.32472557865234547,4.5723512660948824e-05,-0.09971104022785206,-0.3831185535907171,-0.7423477604082737,-0.31858604196652207,0.17891750308980825,0.5650579312176135,-0.0012436245079000458,-0.12336995274058839,0.14445551742438004,-0.8663443656223159,-0.36489748958626583,0.47203009116719047,-0.8122958209942486,-0.306055820056555,0.4995171293074116,0.09887067120054346,-0.6879135398697266,0.017463274399299056,-0.07169416073859937,0.0740871172836866,0.0,0.2567714102061799,-0.2051251516955216,-0.04776656404109957,-1.0771512322398114,-0.1200949740942472,-0.18268092598489952,-0.8711460132706351,-0.02209254330812116,-0.21167796341712466,-0.012380447426240782,-0.17811522233953533,0.023114236869520646,0.08240329931427441,0.08357457087591895,-0.2806145342697083,0.09611333583441894,0.8304978833942658,0.08755222059250672,-0.5373192817493879,-0.4493036567119636,-0.6518023702321994,0.5127411195639888,0.5655201898806019,0.29433346614450095,0.11987674450066843,-0.19870850062419707,-0.6092594420470447,0.12975739707019002,-0.30253322186289155,0.2765022621364013,-0.029804983723334514,0.20427870735448314,0.12742584868451526,0.0,0.13907953287650973,0.6760975070377625,-0.4180779009484885,0.2583994397374779,-0.5513089979267395,0.14041586488140026,-0.15032408483348783,0.4932539669849097,0.6011250708427741,0.5154502604138728,-0.4948141628450313,0.7964274846900977,0.5951122858869345,-0.6303484686808876,0.09535045667565947,-0.13948627701488236,0.466669753377073,0.31460410310962644,0.8609013628376785,0.10400135917154717,0.38421666873656674,0.3155267579348483,0.1335311332264909,0.14968019390104398,-0.4360471823725345,0.36635056789925574,0.1562056813086504,0.25598894643040915,-0.20646761349163373,0.4041220145110323,-0.2548304556548409,-0.8409506308206643,0.14041586488140026,0.6189803111850102,-0.16446424753762218,0.16592274724191008,-0.030319840728947924,-1.138490627871867,0.48173516580970005,0.5488486980820568,-0.6920463651902261,0.5501087724942367,0.2240856035169878,0.551213784340175,0.5831870048171907,0.5592797042437772,-0.2970237159405871,-0.10058870758821546,-0.39441924872643125,-0.5996494826042091,-0.004411306132633342,-0.6686865588462471,-0.5448912627793693,-0.5056466457568239,0.7052448608762752,-0.6730575644498221,-0.8553524715281725,0.031775118025806647,0.11899401516487465,-0.19800062096671228,-0.5614580322403828,0.12888612708672098,-0.2257033816391787,0.23065551359571473,0.5733936431088992,0.12782518984934785,-0.06507550275726917,0.0,-0.2218427125912804,-0.4252337464833208,-0.0024028132836270725,0.09188201538294365,1.1159047926032837,0.12707802714989183,-0.7058878004070996,0.0038392295775829663,-0.6141251827464547,-0.5783620181654517,0.8855712111246931,-0.3860055576428808,-0.8464229126602372,0.2571717451508406,-0.17407765595569785,-0.5849798736815541,0.003484762308512635,-0.45425172776329553,0.6994414406088407,-0.5309662479025702,-0.8627741664077827,-0.3921568999726528,-0.7956104973611198,-0.5772038889806738,0.6212338584111738,-0.2878766699589962,-0.1240829676491841,0.14081776668101212,0.12649390237779035,0.4621614470385893,-0.17069803041693402,-0.27883632244565965,0.12707802714989183,0.0,-0.10311257855125829,0.06252219228792731,0.024995882867805724,0.4913074658881343,-0.7485555179346807,-0.5191738391258278,-0.6008273549124028,-1.0097306122090033,0.32358851295930263,-0.9908005429549568,-1.118042244130296,0.0
-0.6830218248654862,-0.9459514454015306,-0.8696859152361966,-0.5893398028727606,-2.6816227473577032,-0.5869036440698087,-0.5707178672408139,-0.4596186811437845,-0.057764178912398115,-0.5631510270332571,-0.516981449293321,-0.48320105916225253,-3.1581912369274705,3.5076467930179724,-0.6679209070490826,-3.1615242909515557,1.7126525341475523,0.4627892041970071,1.8088580298109909,0.8265871320415599,-0.3161493230500079,0.0,-1.1281355949177976,-0.7555777634105979,0.0026994874428844214,1.892076723375739,-0.5500202351298323,0.7268667998544518,-1.2339786252289124,-0.338713233981444,-0.6061682175120279,0.09134664051397463,0.6468578301841702,-0.7117663128714193,0.49237676318314166,0.08271511619288,0.6602887609665039,1.184073572978748,1.1304711142623909,0.0572536009887385,-1.4361889085114337,1.8238534899929983,-0.6117323697647481,0.02243098096651862,1.226397581197372,-0.5811500851886838,-0.6578474897625071,-0.5393336958684608,0.8247780539770216,0.16249849797720756,1.1618268971850587,1.283813396853009,-0.5294514907155652,-2.59335084878587,0.7268667998544518,0.0,-0.7289699774643857,-0.8021072264737331,0.8837884492221946,1.1855397773775538,-0.42038912378824106,-0.3904736364131405,-0.04491970560680158,-0.6055384626681742,0.7633771083965003,-0.6127189574558164,-0.5462767358919501,-0.44841619526870075,-0.401476297187423,-0.7480806747952539,-0.5024957939248265,0.0684042773471984,-2.502890255041859,-0.03616392124980934,0.08371465754656432,0.17572105299096694,-0.1775531893365558,0.42501648083854576,0.27245222862046864,-0.9618559152785943,-3.1613693546701906,3.509211760253178,0.22576745563376763,-3.164350389885016,-0.31684502816500204,0.287804898939214,-0.10981933375248913,0.7911805246659903,-0.4686918314407488,0.0,-1.557440861660296,0.06772747564091823,-0.26925695328543764,1.633978610961193,-0.37914430488740747,1.1568483587502114,-0.7280840724425421,0.23888609295731608,0.3144372672859847,1.4435129623348668,-2.8300246127835544,0.2677194520020138,2.297642116712552,-0.22971147562162844,0.9934767089718836,1.823530254196341,-0.16179131973185346,-0.05961885335896692,-0.7260613903450299,1.7869032070442956,0.06864511169456064,-0.05870265263904129,0.9327017624041527,0.24416050783446439,-1.2700937738948301,1.818305113160826,0.9884737556877936,0.17867048710176012,1.3389198315218889,0.7528222068722434,-0.37798798593912036,-2.660461995687193,1.1568483587502114,-0.7693017301037889,-0.8656744963439326,0.7315184717696177,0.5457820675701207,-0.17127573012733593,0.305487003969963,0.3180380518663905,0.5633078787344461,-0.34783341027461007,0.8558898551336479,-0.3481226051159906,-0.53386859397737,0.03460426263715693,-2.612996414815491,-3.032712509538353,-0.5439759898792045,-0.3744948956208569,-2.8364695231131285,-1.1788057997101806,-0.3134251826751257,-0.04698790080979801,0.8508944311709088,-0.9208506502592481,-1.0964712785029205,-1.4788324657968133,-3.162062491990141,3.5095326649173884,-0.3752620738695353,-3.1650626779215623,-0.17387486296809165,0.25384889842870373,0.457649218739677,0.858293183323949,0.3989079881723222,0.0,-1.588471047400683,-1.134891065391092,-0.1651207597931839,2.2700035371273892,-2.0750605822901345,0.5512943325512354,-1.0906876470290323,-0.17718468622684833,-1.068006104205059,1.0201339378353402,0.8045666166562112,-1.2380428197086941,1.5744108740125928,0.0015341430997228309,-0.17407765595569785,0.7493250996821672,-0.19278131293725925,0.4316694238974342,-0.5616726720040689,2.4747361609701786,-1.3273980045668021,0.3782135435291799,0.9663168414298944,-0.36583615473405695,-1.2238593067576202,-0.12778888315777592,0.4573714253351867,0.09475744677919119,2.754722280125397,1.0975386808858716,-0.27402162063645524,-2.547658364909491,0.5512943325512354,0.0,-0.3189776256967164,-2.0121400886739718,0.7298936903986958,0.8720784210166544,-0.9060092248032271,-0.3493419034685855,3.6297641544267707,0.40313537731917454,0.06680644042276868,0.12088361448597014,0.25410668728057584,0.0
2.5142473495580813,1.9611949319393327,-0.0705150742083403,2.828386100137266,0.3842962947244242,2.4402741688174117,2.235980098996997,1.8137929256171021,1.341701420833229,3.3643056540482936,4.268880048563607,0.8693187499400413,0.10863450963639035,-0.18998653384429512,2.3792427262153897,0.13324431877573523,-0.6320821617661075,0.4474489684126243,-0.47349378818544857,-0.16627001890352366,1.2366084622113591,0.0,0.4744795145269462,3.108908161763346,-0.23216666130549213,-0.1313356577261076,-1.0314099273674882,-0.005625733435937597,0.7636115864435117,1.833483304868076,3.5224847387330125,2.196675985633071,-0.26081681903746023,3.0921634840574748,1.5214888172472518,2.1641265926233966,-0.14168154584991327,-0.8301102114485907,0.5900161267719028,-0.42940200741554047,0.16480856327180401,-0.5630614223569146,2.298433691125772,-0.46566716486492704,-0.31898090679542856,2.431730741621233,1.7759040891538376,1.2802047498358649,-0.1389226213714896,0.7012544597079263,-2.5347008228823174,-0.27197081907795817,0.020357530474682767,-0.5760254983480535,-0.005625733435937597,0.0,0.1479274201089369,-0.057348001777274636,-0.33207008377218034,-0.6012111870284828,3.8479667381248968,2.080440469236044,1.9616831199490128,3.5673037833279775,0.15444633328209817,3.5759378159713333,4.594299759468015,-0.44841619526870075,1.6258905498428002,1.1261185292680027,-0.5024957939248265,1.6968795321377863,0.6073782485676709,1.7007123964107318,0.7800532519981903,0.4370408166270908,-0.615789039507841,1.7188675974494465,2.09023094198849,-0.38453237053157624,0.10516285350360738,-0.18715337896120213,0.658806795887223,0.12975739707019002,-0.439426834855398,0.28780489893922184,0.6211618238364713,0.0556180634146665,-0.7147238220744018,0.0,0.21543861645730064,2.034299604960974,-0.46563302649042104,0.20619201616689745,-0.022099850249386443,0.05355504360407787,0.23286165246548357,0.9221780584761757,1.8535893740470186,1.772586720255989,-0.757180151302979,2.108371333147473,0.813739917431849,0.05619514802512509,0.42286996597976606,0.21264012205299473,0.8190179495502107,0.0651221321305642,0.33191377844344233,-0.08700176091916169,1.3340225029945934,0.1284120526479035,0.12382517238017215,1.5636202584913186,0.8191904778512386,-0.20143948666036782,0.3293647989541043,0.17016119229541246,-0.6486523911451839,0.4426551255138896,-0.4361731164430845,0.11212675077608882,0.05355504360407787,-0.7693017301037889,-0.44527974362192124,0.34378947269442944,0.8130376078927163,0.35559507279136154,2.1058723560760515,1.8135512329633627,0.4856790846695374,1.4337657570436342,0.18214667100746798,1.4335774925112335,1.4553018000552147,0.3207908671498589,0.007835280775414854,0.06972916724984594,-0.34456700167550686,-0.11164955816639607,-0.04243567521553259,-0.4021172255669241,-0.06522247383163114,0.17654268345675028,0.08208433929016991,-0.30328890436244405,-0.47707990754891577,0.26738746545055386,0.10428631756455901,-0.1864467052474306,-0.037112145827656734,0.12888612708672098,-0.2239241873222992,0.2538488984287117,-0.38173546252157814,0.0915546831268339,0.7922402607958908,0.0,0.6426940745946929,-0.04861215018058777,-0.3696536476203598,0.2679679999842511,-0.1505224835979742,-0.06472966683851446,-0.7910646362201832,0.22770703531009803,-0.2744462836544355,-0.1670733940882082,0.7128919826796432,-0.11463560335258427,-0.15526546930597396,0.9807888685978378,-0.17407765595569785,-0.4163753842426887,0.3201508346680648,-0.15894467720971897,1.2399189174429448,-0.321470517669254,-0.35010847681477775,-0.2143791053183837,-0.6472443534205696,-0.08934115298392012,-0.8108577245975676,-0.38200162400509413,0.006710394743212136,0.17911373881033832,-0.05688365531370664,0.6026481072969803,-0.2212129378014059,0.2073398295108756,-0.06472966683851446,0.0,-0.2192846549137144,0.12115527798563691,-0.06410790137513765,0.4415473188410099,-0.15604854135526264,-0.12053446672271369,-0.3868791376028814,0.13192480384287597,0.22135811110418843,0.1637698931730782,0.04143300897859331,0.0
0.46255591131295604,0.6575156350756668,-0.5500175788250541,0.5469090628213061,0.27844010204136577,0.9476965211168649,0.761291664802732,0.5526106610315473,0.9886382927760421,0.9802062170982272,0.6607605038508153,-0.14656665665849444,0.13806537011856548,-0.21310470607449816,0.7902136172690397,0.13324431877573523,-0.5564968985484205,0.46278920419701236,-0.47682136637443145,0.4135272480487205,0.21738370164442503,0.0,0.3978629598993847,1.1759274171493739,-0.1706931559344831,-0.15553972135654043,-0.7440406218935385,-0.2505565688650976,0.8936135166135479,1.1189235971471585,1.0675501642747913,0.6015683910313233,1.400962172142182,1.149852391808179,0.10019339053723474,-1.4980732594564434,0.012445735841057069,-1.037703973824149,0.35161888301757943,-0.18607420321340098,0.16480856327180401,-0.3683846772563053,0.7885812925746911,-0.22161809194920423,-0.16800658413435726,0.7941203459376368,1.6267580304698839,0.5257068360742906,-0.29447000722496636,0.36519491009910804,-0.8535084180931526,-0.2599657047290313,0.12419669040878968,1.273189406219945,-0.2505565688650976,0.0,0.23761207086318117,-0.18144625571181197,-0.6371475563172767,-0.6929840418312334,0.5917180169391459,0.5693656980206488,1.33219673692378,1.318379919980039,0.018806681574384795,1.3155352032119434,1.0281570309636423,-0.44841619526870075,-0.09055680862898759,-0.051312268043290823,-0.2806145342697083,-0.0859876036604996,-0.8352090200767724,-0.07839557664262534,0.35105499613369556,0.12969745481259143,0.06387636770123246,0.08551209327318007,-0.10228646785309539,-0.14745888124799694,0.13459079518972558,-0.210263622287192,0.4523971502409943,0.12975739707019002,-0.3318948812852228,0.28780489893922184,0.6140668177595165,-0.48610119429148485,-0.12812357853991357,0.0,0.20387696598427882,0.07875516651543289,-0.27023071135608223,0.3113220334939567,0.26672616210030375,0.22758579940170645,0.04106824955298117,0.15079551852581327,0.13948072047138843,0.11562717753340652,0.8540203298895906,-0.012800822315325243,0.3205878999411747,-0.6101171244146539,0.1445556108917949,0.4773535409703062,0.7663091596548456,0.6264565668334542,0.33191377844344233,0.32949370201781975,-0.07955255667052566,0.5650130316507747,0.45242118016280425,0.0901240007906994,0.3509235651619839,-1.733276706023786,0.015043970314260226,0.12473369371853633,-0.12023771415178686,-0.13622538269640427,-0.3613678130701644,-0.9275940291476419,0.22758579940170645,-0.7693017301037889,-0.22783945800088604,0.022792666957627213,0.935976005163591,0.5267644856032245,0.04282207967672171,0.1493728952666321,0.4441793211254076,0.1069080157731005,-0.11370607294210136,0.10713011504687878,-0.06377235985135286,0.38438789037490373,0.15824509291630662,0.1740881088074408,-0.34456700167550686,0.0854901210074535,0.0977565973428095,-0.32473923619139433,0.12525374128126113,0.18375172210567192,-0.09783517114167797,-0.15158952981771848,-0.30927131868321256,0.2157098000174957,0.13371902855478776,-0.20955453668599397,0.11362496280520118,0.12888612708672098,-0.23217156845283393,0.2538488984287117,-0.3869834246404338,0.3644686307430982,0.7744101573477075,0.0,-0.5106220785058901,-0.03979386988669906,-0.5009154511511238,0.7183797214924339,0.19145737130399448,0.38437221896810675,-0.04549378968443791,0.37234204862769327,-0.061895663020360384,0.29910697435966893,0.4115369032836993,0.06735105493300159,0.2604460314343736,-1.657149912233447,-0.17407765595569785,-0.030777177916915588,1.2911132295989571,0.31354660367600357,0.8796005995535421,0.1437300890270202,-0.20177250631801513,0.31895427864442355,0.3317881315047942,0.10516151280163236,-0.17319368110582542,-0.02550662648406534,0.2928255515502523,0.18557420672234937,-0.03206629328601495,0.41264313080358406,-0.23517232368061408,0.5314572641485658,0.38437221896810675,0.0,-0.24240093664503273,0.33334417896079593,0.3226520264228698,-0.052094900416760855,0.11487508578575498,0.3470852151756044,-0.17733518999978426,0.07417732774673999,0.5190517842921065,0.08772432166461362,-0.05159602910743503,0.0
-0.9274910199350863,-1.6373807312488304,-0.5500175788250541,-0.9776107053990162,-2.6350271004852126,-1.341772520110844,-1.667077217003004,-1.6855716341394982,-0.8767106358409622,-1.2110567234255625,-0.7401741534967266,-0.1241642484588954,-3.5407924504499566,4.163520223392929,-1.7277886289447826,-3.543952790294902,0.34129259717462673,0.43779773664617927,3.8421956270009043,0.11664609305968868,-1.6045302295902026,0.0,-0.19721347818781262,-1.1032802270946531,-0.4839441798858225,1.829883559992172,-2.4650006318520252,0.5565175897081067,-0.9528343851046008,-1.8396516135235508,-1.2083675129973113,-0.9141971663041756,0.1715448171272727,-1.1212246456418078,-0.6888857421365208,-0.7086006755864442,0.9233812363056773,0.43709902743671414,1.4171624962774874,-0.9768895668703543,-1.8364382764572431,0.6400025107868474,-1.232860329891805,-1.0147775789253035,0.25757756350877337,-1.6241871023461214,-0.7694605594423028,-0.27232659462674463,0.7748592055419897,0.8473841898598202,1.4572669854419718,0.6700955181163157,-0.4374591296005697,-3.0976821863953243,0.5565175897081067,0.0,-0.5765221946471198,-1.1856151769075514,0.39325230350282614,0.827328227524033,-0.6860760556064418,-1.0757991710114652,-1.379425478571958,-1.2040153131604538,0.4421258429708657,-1.1978895073358364,-0.7473536152977008,1.7520591547096658,-1.3909404403786094,-1.989300797962423,-0.5024957939248265,-1.4030158383398716,-2.8741823994070237,-1.9895619863414398,-1.2023133576396252,-1.2150655273133277,1.3334372488753663,-1.961860763182673,-1.4611150998372817,-0.09056780672974625,-3.5439363309894634,4.164860243882621,-1.1363492770270613,-3.546702186585174,0.3550785750301608,0.28780489893922967,1.9572603956045076,0.7987419661126205,-1.1033651720375974,0.0,-0.7411802215425242,-1.5140106231384352,-0.46209778006715313,1.6175907643262926,-1.0767319915700315,0.35071163243011505,-0.6754336872883061,-1.643723017314261,-1.8569748408783289,-1.4496288798409185,0.8914146344198359,-1.484679535321671,-1.169229235146387,0.1759946333004474,1.0557553884945383,0.49472389930110194,0.6731998270072055,-0.49621230257232585,-1.0787197799411872,1.5529480322216738,-1.872552903232657,-0.4953036316419125,0.6228547941579452,-2.116419525484904,-0.3679103881040404,-0.8644273867704467,1.1068509123188317,0.3230996300472305,1.650866498099632,0.654989703841715,-0.4486726228419352,-2.660461995687193,0.35071163243011505,2.5966733354404283,-0.7456615944905527,0.8964951376030756,-0.13405614106281702,-0.030199507968717912,-1.4291651380244275,-1.7419560457301282,-1.1154358505376316,-1.8911777459815589,0.74488594195636,-1.8882230819473493,-1.2554120891345613,-0.1561868070379777,-3.2722954405531564,-3.61486886168215,0.0542509747318883,-1.2473925344025614,-3.040197714754639,-1.2062304454573243,-1.225837287356381,-1.1909016389242102,0.6100364826209229,-0.9845549119132719,-1.154540382213034,0.650005433384708,-3.5446293742320094,4.1651127221650075,-1.2397875287399123,-3.547396021360024,-0.23410103165626972,0.21600306370191308,3.515562347681172,-0.6895880980157836,-1.456492538705829,0.0,1.4254637074691623,-0.4960798156600426,-0.6415709699998012,0.7788241749014096,-0.34557953982060813,-0.22083583503480764,-0.0996128681526569,-1.0573547822910319,-0.771731296327832,-1.1618762156631919,-2.102477987146355,-0.4356647108941696,-1.4135679951250342,2.052091731282493,-0.17407765595569785,-0.3302530752840762,-0.7914579723597709,-1.6945413400883171,-1.6426276256722772,-0.27604310697347284,-1.2296938213396071,-1.6958607274372928,0.3047913834706416,-1.2569796278805707,0.2495578212493409,0.7357142252364772,-1.1484776516099442,0.00824683779699234,2.861148936714169,-0.2986098182570896,-0.0008163376471951761,-3.0338345168660257,-0.22083583503480764,0.0,0.27822034750540114,-3.9548679142181276,-0.5534244043925951,0.13418215976006176,-1.1456112400011738,-1.9228503240857815,2.906562774584807,0.061433517479397785,-1.2793140491950676,-0.15755330954172192,0.09057655036343265,0.0
-0.444892972285726,-0.31994441221551256,-0.5500175788250541,-0.4575106616921099,0.7127943994136318,-0.42760415724707174,-0.3367676770355635,-0.34934238390752576,0.5024454158084428,-0.48392584892487134,-0.47868472404180434,-0.6280130619229124,0.13806536950987905,-0.21310470607449816,-0.31442167848604624,0.13324431877573523,-0.29099380753700926,0.44749797268086083,-0.47682136637443145,0.7109002231276422,-0.5153006060125447,0.0,-0.49168067606434346,-0.36378546968765674,-0.4114096936447293,0.6994102681700328,-0.13736631675707783,0.051469630228291485,-0.5849514010913037,0.20547698949663318,-0.4373855116442498,-0.22422787467955652,-1.4132627016735775,-0.33208612265926307,-0.09054949859241167,-0.5997467622059676,0.012445735841057069,-0.19650162035059635,0.6911120590119081,0.42224530729194776,1.7658060350550417,0.27072135442058143,-0.5668450166364922,0.44951685856903356,0.1229976911821084,-0.36377063682657834,0.04910278489464328,0.6706239497746341,0.12206679714962812,0.03716898274878839,0.35855430093000157,0.42572987817730285,-0.22210201102082144,1.105078960350127,0.051469630228291485,0.0,-0.18822390616484844,0.2213903467528607,0.14066991791335792,-0.3439855185895401,-0.4618437576253657,-0.2179614958056218,0.16761993530590205,-0.30330005527333626,0.5654281734753237,-0.30827950871946835,-0.3813679403775915,-0.44841619526870075,-0.6737060173174273,-0.6063739437298425,-0.2806145342697083,-0.6887434183447606,-0.43464265774029454,-0.668380266052157,-0.5902172412982649,-0.6120710636984831,0.29300384025043147,-0.35614958582418366,-0.5261720183305975,-0.5576508788681347,0.1345907750910487,-0.210263622287192,-0.6464128506758908,0.12975739707019002,-0.2641183035663478,0.26519962533358454,-0.6807717912830927,0.5644199378942091,-0.7054561687428741,0.0,-0.34251589340295974,-0.16697089193905174,-0.5567582446707454,0.8333962691997507,-0.8579049443119754,0.1147594657140772,-0.5939845545262751,0.32154069455836953,-0.2781517441557868,0.15587370913695223,1.0868174073223646,-0.14741498960989852,0.9676618284251735,1.441955358320759,0.4667059479122264,0.03864556420887523,0.8758883848667247,0.7511975523229854,1.0372305576357572,0.48935456651405956,-0.550221962392724,0.7521277369377195,0.4181924293521133,-0.6225450688843068,-0.19149925963066725,0.025345412811489734,0.40452249157579806,0.24440274065550507,0.5019850805337189,0.6081570556061558,-0.29896809234986405,-0.0611600458778663,0.1147594657140772,0.8929933330030952,-0.3340875207734527,0.41502804155018125,-0.16920363145156145,-0.20063495999924832,-0.4306932471812314,0.19007154630932604,-0.4965802614973265,-0.3004773275783766,0.5565406245613084,-0.2989048358295776,-0.4806875111443208,1.2429477039130095,0.539373543729835,0.4029528349300316,-0.34456700167550686,0.6731141317357244,0.17338998527858707,0.18742498329818036,0.7084983724347165,0.57843191432012,0.2832322732912357,-0.0848935112874988,-0.233538075457453,-0.5126783535242546,0.1337147926724978,-0.20955453668599397,0.8295258450212732,0.12888612708672098,-0.2531189793046778,0.23069261840824157,-0.3869834246404338,-0.11300260371660076,0.3701897183968826,0.0,-0.11490445565416056,0.3106489225062364,-0.6663061577911127,-0.08201111760439102,0.3664839732412861,0.41734128339276894,-0.10040081492215011,0.10989097808601436,0.08780721474269361,-0.023278948626287814,-0.11889244955442331,0.182722225422035,-0.1293987348159612,0.0004427949134950914,-0.17407765595569785,0.370676869962861,1.0631303556313623,0.0773009632331423,-0.5616726720040689,-0.024107704026960865,0.004585738912011483,0.14117648399015448,0.473227615770679,0.6759838225639807,-0.02041476795130008,0.20913862904542493,0.009315537633360646,0.1710952702820633,-0.2034824578319855,0.20592116958630394,-0.1783044737036998,-0.6029537570833498,0.41734128339276894,0.0,-0.1109486864475833,0.16386254200737913,0.23392216285900266,0.0007958582152358699,-0.07050952085294893,0.03016933745884984,0.34811659301419234,0.3621055523766551,0.06613919633200126,0.3540857079919792,0.41840540941194715,0.0
-0.6712142402448762,-0.7095597989428047,-0.8696859152361966,-0.7071632686759142,-1.1166066074180379,-0.72198128044687,-0.7717212493585723,-0.759664261583362,-0.24180817099658478,-0.9503459412027248,-0.6696482728805168,-2.02906227677309,0.10863450688031256,-0.18998653384429512,-0.8186881707717086,0.13324431877573523,0.5656204583247885,0.46278920419701236,-0.47349378818544857,1.077357404235735,-0.5340434131059196,0.0,-2.0447069154485105,-1.065249335389375,1.1078612317208874,0.868838713583061,0.3429255879859065,1.0038864936707315,-1.0315140491006456,-0.46537002741361755,-1.0281114280044354,-0.398327120700893,-0.6371487926162915,-1.1075893745703538,-0.12946749784878606,0.015962207002607302,1.1349370702495432,1.5790499574852164,-0.5751373105724443,2.794691398262808,1.7658060350550417,2.460971106946505,-0.7145348419242948,2.828995319497331,1.325718723461423,-0.8041602599655111,0.3719802032079224,-1.315852050749418,1.1305333333796557,-0.17775847787215335,0.9174240286087156,1.052460152321983,-0.7069373958178264,0.26452673100103674,1.0038864936707315,0.0,-0.9933121018989802,1.1837814437345209,1.5493263473651437,0.2812480939153375,-0.6224197768690997,-0.3868980485077986,-0.5200253868147846,-1.0707936839459913,0.9400627625899564,-1.0770632266104427,-0.7156671620737066,-0.44841619526870075,-0.7898175134647758,-0.6831233563067552,-0.5024957939248265,-0.8069090278219656,-1.7953898479916492,-0.04899484560415407,0.20355672920630313,0.3900660411075236,0.4935564060463384,-1.017814329897546,-1.0266039641372606,-1.2538571034804924,0.10516253775245424,-0.18715337896120213,-0.13167062574864072,0.12975739707019002,4.5766076752783205,0.28780489893922184,1.919547935917511,1.0474924571168558,0.6492315277796882,0.0,-1.4786571135285156,-1.7211223041776273,3.567622454324625,0.3370681601862971,0.5670939145032751,0.506096831326514,-0.9362271577273237,-0.2218666426683245,-1.3903632422988768,-0.4775517597707919,-0.8439022229527372,-1.9690754050923156,-0.25553458673209606,-0.23420248788397405,1.0689358473467685,1.5404971822405866,-1.172518192563619,2.060977899963062,0.33191377844344233,1.5841639009998534,-0.280552449786665,2.0619306739463332,0.7759532083734444,-0.791628116371859,3.006632482264895,-1.4269158490069227,0.8698793536180873,0.040039580741436306,1.118881628287359,0.9805034215841065,-0.43945132669146103,0.11212675077608882,0.506096831326514,-0.7693017301037889,-0.9666969295972213,0.8940831689027074,0.7196007639201584,1.9780964685496996,-0.9336319941539093,-0.45563072192136195,-0.3019010117729387,-1.3121519907929782,0.8849391824764568,-1.3109297324294789,-1.0840779458627672,-0.12438829542545525,0.5980728481494215,0.37697582517310074,3.3444992800928985,0.800879057548524,-0.9950571085863468,1.528388341125862,0.7089842861152572,0.26336759038207475,-0.2610877766859804,1.5510057179435017,1.9977861890816333,-1.2088299268969633,0.1043143767851149,-0.1864467052474306,0.4999285737635923,0.12888612708672098,-0.2615232008843948,0.2538488984287117,-0.38173546252157814,0.2268340700337097,-0.3190246747240945,0.0,-0.15236205737332228,0.8392970479185152,0.2759916877472293,-0.21358221444222494,-0.20897874781445328,0.6295175363613428,0.5768366892494485,0.2930122918153112,1.4131566175635315,1.43737892891388,-2.331238817557466,0.9177235328190757,1.7466456015706913,-0.18324280138204677,-0.17407765595569785,2.2284298060897574,-0.2517709129708692,2.616941597993901,-0.20135435411466618,2.291223201027092,1.3055994148849999,2.6300656091499217,1.0546795230061858,0.7983400071940062,2.066161244245614,-3.0920971200112772,0.8600523366415217,0.2248659533067547,-0.006650555641821084,-1.7297482688387151,-0.32053649434115666,0.2073398295108756,0.6295175363613428,0.0,-0.4392853560226555,0.6368601532379661,0.9638562605698898,-1.8510540101373913,0.7132980836181341,1.452373324754886,-0.37584978947213177,-1.6389965298230678,0.2788248099248994,-1.6502573981098678,-1.581053938943886,0.0
-0.35990959667211275,-0.20276304040462254,-0.0705150742083403,-0.36344582883216653,0.5013222932454837,-0.2653559972755143,-0.2043892883384356,-0.2706481570565537,0.25500448399652226,-0.30250605416170184,-0.3819537067492342,-0.3422929835189714,0.13806536955560078,-0.21310470607449816,-0.16264150682442563,0.13324431877573523,-0.4068008992461154,0.46278920419701236,-0.47682136637443145,0.5129914317761985,-0.46020932073386495,0.0,-0.1331083071860434,-0.11522155867529126,-0.46919743001026565,-0.013048056435443194,0.3239560511417456,0.45417122901947693,1.7483811160111835,0.12204319411391033,-0.2424032474219478,-0.1587234123986093,0.3941667225305217,-0.10070084776357113,-0.08576872616279015,-2.3300706122511534,-0.14669558754565679,0.33380355657855404,1.3238909467257058,0.23974945414034313,0.16480856327180401,0.068321897552314,-0.33912770051964375,0.26648005388224144,0.49336676885761155,-0.22459764850009725,0.27951698058185853,0.47840508853346303,0.20507510482254537,-0.016846447344904533,0.3188445885963061,-0.568957850344053,-0.37951321832695845,-0.5760254983480535,0.45417122901947693,0.0,-0.31482928622472334,0.3016684501236122,0.7142469126533042,-1.151430631129955,-0.42176455464006374,-0.15550850754671022,0.05836255752076294,-0.4395858522791081,0.33757730189082347,-0.4446222140428527,-0.4601155572222669,-0.44841619526870075,-0.6828495615209759,-0.5426667793140943,-0.2806145342697083,-0.698194386761245,0.06864867878511804,-0.6191532397051114,-0.20427675852953164,-0.18903690616782304,0.4934307267983561,-0.5234011834326522,-0.66791464778411,-0.32045892140347415,0.13459074432806845,-0.210263622287192,0.00044105689768848653,0.12975739707019002,-0.22446476906835347,0.26519962533358454,-0.6807717912830927,0.22667561399381264,-0.2846967612853467,0.0,-0.30356532176527584,-0.4636135138377309,-0.21032827469246623,0.572359151346851,0.12586388035887294,0.0019331320264502638,-0.20341673181060993,0.01654363192727609,-0.5127152177753797,-0.3760003263804039,-0.6284746203006513,-0.41551040715636606,0.11994627741749636,-1.2325447640538092,-0.0165195576184206,0.48477100650615484,1.5129555449818586,0.5017155813439231,0.33191377844344233,0.2493454080839969,-0.6226666895050423,0.4402698947928115,0.31550617692004046,-0.6355829528113652,-1.1536614350599887,0.9908289069273376,0.00974222097058791,0.1728030866443419,0.26382166056630746,0.016673756564854418,-0.25738213711463953,0.28541354743004393,0.0019331320264502638,-0.7693017301037889,-0.10453458181579707,0.01745339013929264,0.3703606751661935,-0.37010990640515185,-0.6851739777258224,-0.34777742869779155,-0.1954990626618574,-0.4822589429152454,0.5429010495961182,-0.4809424263456835,-0.6054329500452379,0.3207908671498589,0.17509856323388803,0.18411914736808252,-0.44427149577735564,0.1114748088512611,0.1905339414596902,-0.18676685391245929,0.1577501394932873,0.09487739793328377,0.6106486150829072,-0.24884470199400727,-0.4175647292493645,-0.9180274801613242,0.13372060740572436,-0.20955453668599397,0.19830942739190074,0.12888612708672098,-0.24937307397156777,0.2538488984287117,-0.3869834246404338,0.3944110467396149,-0.7731115669587747,0.0,-0.9028763362032355,0.18222279683343587,-0.544117042960671,0.7183797214924339,-0.8066345418254592,0.3514031545434459,0.6748337367288111,0.3034478490687213,-0.10901436774352292,0.5269826823343888,-0.431371536144023,0.1426126933667764,0.9760631613431721,0.22431555147128665,-0.17407765595569785,0.8165435758797541,1.964211803919136,1.0222835250045874,-0.5616726720040689,0.8089725220521611,-0.44504851003221635,1.0300654572614998,0.6500269711030351,0.13067494729472193,0.40320468430067163,0.23385928728873087,0.3680245160721718,0.17600435162621095,0.048688676247411515,0.15591554542373576,-0.24702317187291367,0.5314572641485658,0.3514031545434459,0.0,-0.28648571184024607,0.3782979477123636,0.3391783444638143,-0.6996409286727441,-0.4791083848927517,0.5710944688498514,-0.04042994479762071,-0.6837455351701777,0.6666114820467216,-0.697305524913115,-0.8340048178350711,0.0
0.1524671567310906,0.4907559033689462,2.4868316170808,0.20704215046719165,0.5150077056659276,-0.11301567614634246,0.5836577113143595,0.5898055270732899,2.874666986063076,-0.5913057753378828,-0.5300138283213122,2.9610260483790243,0.1086345066366456,-0.18998653384429512,0.6037270156158799,0.13324431877573523,-0.34710769365190935,-1.6112649579173959,1.9622934461468937,-4.091935621151192,0.513362415065948,0.0,1.79940651359652,-0.21724162250860662,-0.5970842555839146,-3.131858771653598,2.9043931469440047,-4.6493819781266215,1.0838762864621936,-2.965620380484382,-0.5172356324420221,-1.3139943912131269,1.5506527681690212,-0.1992103245314578,-1.1386233240064856,0.10169224651292416,-1.9768208064928774,-2.246506482087648,-0.7672484591976366,-0.9768895668703543,-1.8364382764572431,1.1155695825523755,-0.7598484071889965,-0.7097162377806499,-2.8125577655719436,0.4617896868270945,0.40544933593096466,0.8316715305178997,-3.438544585145459,-4.396350065094804,-0.12704927923729217,-2.6610599607346828,5.306978231624203,-1.2484672818273257,-4.6493819781266215,0.0,4.559079223411471,-3.283342541383112,-4.1933917721524185,1.4679902408360423,-0.6340976606138388,-1.2575178641204832,0.961676469607236,-0.4371394090258396,-3.8548359500200533,-0.45544696126680256,-0.4057660181486402,-0.44841619526870075,0.4558636658110715,1.0490558869633169,3.7132481395224186,0.48419163496343914,1.0205833003706513,-0.20091268647245664,1.843287483043404,1.3713988397983856,2.0576796593960474,-0.6336754740420315,-0.7557273610067599,3.5698214466851823,0.1051624563075442,-0.18715337896120213,1.9029951303554729,0.12975739707019002,-0.37981313348960405,-1.8225056293668003,-0.6772242882446153,-4.831092427956309,0.5657685833990159,0.0,2.3673925754695064,0.1133793452804832,-1.0670615852109833,-3.7200923044150094,2.719579626772097,-3.9061855989672503,4.881886023661382,-2.327989877522304,-0.34480898077814864,-1.9906585406426993,1.307251279432586,-0.44644874905998244,-1.96206772681352,-0.22817293493177063,-2.8612982643024965,-2.4620676326584947,-0.13552935720150938,-0.8080647662961536,-2.489353338325817,1.218179693281711,-1.1676364621877806,-0.8695330422158021,-4.612683720623599,0.6307939187286141,1.7104055285956392,1.205233448772003,-3.0786544752449614,-0.6771385965415342,-0.9808822843730787,-4.497859719719706,3.6642903067563655,-0.40773363918577654,-3.9061855989672503,-0.7693017301037889,3.3090670457959006,-3.1258886459899404,-3.7992859544767006,-0.04831721092666408,-1.1570207274107147,-1.9815432972776417,1.6554412889581824,-0.7975674791338612,-4.20625610166876,-0.8013257368636553,-0.6869199070143498,-2.79546327087734,1.6062413501918396,0.9354482002689365,3.9427262447039912,2.359544006085325,1.3151766760427948,1.9578457714389126,2.148946798220195,1.5146428296870385,2.368367769313662,2.2085004934968393,3.0969401459271757,4.22333724466352,0.10425412667345033,-0.1864467052474306,2.085603998929549,0.12888612708672098,-0.2741013740599392,-1.3925958631034596,-0.38173546252157814,-5.422445069772785,-0.4090672378262529,0.0,3.166703201383438,1.7907316324481761,0.12092204932226704,-4.226500667996205,3.1872161334827553,-3.0400748234093284,0.9234466642258019,-3.3584621872337084,2.012442446601708,-3.222431842042214,0.4876571548650953,1.2312066735735998,-2.5151415193347204,0.03178780641559714,-0.17407765595569785,-2.2945774647562547,-3.029542201977774,-1.3401728794240253,-3.4442192151192907,0.269000203092524,0.3391013670414111,-1.221786608359242,-4.44111632795521,2.248275116131112,3.2262181975637194,3.7456333304598166,-3.3500363679424985,-0.23562232325758534,-0.688236817559321,-4.623954810232804,1.955114714066878,-0.6029537570833498,-3.0400748234093284,0.0,2.60173128185576,-1.9074461366519717,-3.172114420486574,-2.1577799135403457,-1.6630626166120424,-3.115822665472077,0.28044690147668455,-1.3455071424421325,-3.952420237234672,-1.3832929176305835,-1.0750004891589486,0.0
-0.38458221963474115,-0.24579973296609836,-0.8696859152361966,-0.3730666579801543,-0.506924069412116,-0.17133579105913938,-0.20048236771759836,-0.1743980449578562,-0.738394458568048,-0.45255949280063673,-0.46285957155719515,-0.7632022478053544,-0.15624325585166515,0.023921497970812493,-0.20363568408298172,-0.16093144994991573,1.7028627190978174,0.46278920419701236,-0.4427043428076447,1.0189617512133864,0.07519385735561974,0.0,-1.1685862386188504,-1.3384510852681104,2.7061945504236617,0.678596878911898,0.021717505730365582,0.39761201570610744,-1.3310580374315149,0.20007015452052895,-0.8077355719982418,0.00634951176573703,-0.3687765335846256,-1.3898290927960142,-0.3026362305070103,0.06566725241553083,0.7227703506205232,0.6388843248773526,1.0564885527207564,1.273892621999436,0.16480856327180401,1.142667267794534,-0.018052547090898048,1.1816640773162022,1.0038875480772553,-0.23842338404920313,-0.7581240840465011,-0.7319159612787952,0.8114990130005814,0.088292648593033,0.49110969927794695,1.2799090140056741,-0.5557455390758141,0.6007476227406728,0.39761201570610744,0.0,-0.7960222561994754,0.7785668584676014,0.5658856879741496,1.3916630895872009,-0.36914325914471807,-0.038171762903050035,-0.24004485927604807,-0.44313965486288354,1.0772103237069424,-0.44536134916030606,-0.47068530791112967,0.1802910475822611,-0.41249214785436755,-0.6796934157666588,-0.5024957939248265,-0.38879398639381296,-0.027602685952174782,0.13806751441072737,-0.4443403226651935,-0.37263572056483446,-0.7200322995444208,0.04470941055159876,-0.14446262380597563,-1.1350294009431288,-0.15969128078660808,0.026681288217731008,-0.4783617507327281,-0.16435936962223913,-0.05516040854552602,0.28780489893922184,-0.6443999202425581,0.9511125429498701,0.7061716052259893,0.0,-1.5015221511180554,-1.0734856850169454,1.6403920312929126,0.5752921526710418,-0.8325709035641354,0.6471983437905282,-0.7456022586966404,0.43705539047543124,-0.45523594178442756,0.7715216491228102,0.9653859914759315,-1.0290185223624886,0.7992487691204232,-0.21315800525364792,1.1212623442926921,1.3888364051179438,-0.4471597826161117,1.499643465260172,-0.02074461115271507,1.263154687305154,0.44925231886879063,1.5005865580854987,0.8839341960009517,-0.24309605009084367,-0.8767728860648268,-0.5464499324130648,1.1321231039208735,0.23707283953850067,1.146291391907298,0.8241413337936548,-0.5014802349677235,0.28541354743004393,0.6471983437905282,0.3700240996660816,-0.9101700639097198,1.1343564372794108,0.7122920139361129,-0.09103683412501776,-0.057712976413091484,0.7264193342142198,-0.8821098171765335,-0.4822123681893831,0.8224580674000196,-0.4802252029256467,-0.6270528499142136,0.8613655645627403,-0.13755297707149877,-0.12661151257272144,-0.5439759898792045,-0.02045052382750259,-0.2839199116190602,0.03929790545729093,0.055909955692870744,0.3168983909186428,-0.35985066698127893,-0.8004451341438664,-0.9837418496301338,-1.342848061944565,-0.16053822040428428,0.02736564519784284,-0.11521378542451774,-0.16521644478901862,0.06126522002673629,0.2538488984287117,-0.33317707145558806,0.8157018370141873,1.0130250285904103,0.0,-1.8018352527357477,-2.013636861587547,2.246808920676831,0.7084872504474191,-0.1815080791271155,0.45734868741370527,-1.4604584530778524,0.18783738559384525,-1.353241082395023,0.556771615557923,-1.0640275753067971,-2.074451423506262,0.7461488786114515,0.0160915063233376,-0.17407765595569785,1.274976946873801,-0.6760480419706134,1.3766519856688793,-0.20135435411466618,1.3056671890766223,0.20777946337663925,1.385621046570038,1.1271865795393479,-9.517669991580997e-05,0.12292465867728979,-0.4034333429610083,0.8475907399286652,0.15012652140582705,0.6507656585397317,1.1086482860848483,-0.32381831745003825,0.5314572641485658,0.45734868741370527,0.0,-0.4548996252202419,0.5146927701679791,0.8503083846053634,1.0207395985480059,-0.7764213505478273,0.4873913373872238,-0.07048622805493433,-1.1699273119167917,0.5283078584579547,-1.1952872385035076,-1.2834687996003045,0.0
-0.5711552214890848,-0.587671905767197,0.4089874304083735,-0.5925958155812037,-0.8704218232511278,-0.5136389428664035,-0.6223937205696571,-0.5913645806864165,-1.6017676739274274,-0.27228809811215293,-0.36461990692273044,-0.1614997740547129,0.020341919376502253,-0.11986566890306605,-0.6038272129050155,0.015574011285474853,-0.36681311811653633,0.46278920419701236,-0.4634007471591913,-0.049934892485829725,-0.5658105629548401,0.0,0.2004403683753617,-0.01520887308483129,-0.3314867715857739,0.08614503627205854,-0.7803995033523372,0.5337103569575138,-0.08394158397957438,-0.02672552068066253,-0.22448521517118591,-0.1963303201851646,0.4160079521223513,0.03171622403316898,-0.34971938662038704,-1.4005155072831776,0.5975758502822666,0.8761328156222948,-1.578487437360583,-0.42940200741554047,-1.0359395405656242,-0.531069258815294,-0.19024275522325287,-0.40465489663599635,0.5872013970611134,-0.586000250558284,-1.1643506526402034,-1.1824825609752039,0.6906443181464409,0.5867660613985907,0.499717466361118,0.07718324897040679,-0.4956221558757111,-0.9122463900876896,0.5337103569575138,0.0,-0.6206678027368588,0.7268792673201296,0.8017020811040987,-0.8021804137779124,-0.41215507324429457,-0.20526440333681256,-0.7754204664113016,-0.4047836499571164,-0.2245262527129171,-0.3980552950037315,-0.42439329433469364,1.1233519118587039,-1.022409165951582,-1.0883848463949954,-0.2806145342697083,-1.0443738659361208,0.8668218502479756,-0.9789960721572759,-0.8000870123845012,-0.8549018243285254,0.39835533559236813,-0.9528332742507718,-0.9846062409029791,-0.08654039985425167,0.016877861881050043,-0.11705656356921626,-0.7819686070079954,0.012110690393218358,-0.17369240234153552,0.28780489893922184,-0.6664641823433716,0.23667316505791747,-1.0353421265941025,0.0,0.18376001725664934,-0.7577353727783956,-0.17677026115507286,0.5471207559743365,-0.6632843065959386,-0.018014065089594872,-0.2911303409392728,-0.22147374832756553,-0.8805739032579958,-0.6441102247588361,-0.6140665129558125,-0.6393353479069019,-0.6014749245704613,0.20777598174801665,0.3984788967937181,0.32841509025385346,0.03971077032672191,0.5017155813439231,1.0372305576357572,0.27755394650137855,-0.7902453304990777,0.4402698947928115,0.16535353524220311,-1.1838978666513056,-0.23798328868235227,-0.43288651732480016,0.37652790560111543,0.26079848812250805,0.8356084434114689,0.3335364921049485,-0.34986190081681007,0.11212675077608882,-0.018014065089594872,0.351140246133994,-0.42346489785511465,0.37328373049903685,0.027261048500786717,-0.3515802493719014,-0.9294822337079524,-0.6376976292501666,-0.9692449961917422,-0.7880799729710577,0.15195380428266023,-0.7858415727042596,-0.7984320048036867,0.6387759832750832,-0.1583625458524581,-0.07753965823384099,-0.24486250757365807,-0.26529047215440277,-0.17476942804311166,0.3860958505074372,-0.24019623340645987,-0.4052938907855581,0.3260927735537086,-0.03361029935383616,-0.17449414244763703,0.492724068593535,0.016008893550916985,-0.11635720546979357,-0.2520366035779898,0.01124509833642514,-0.24793978304036532,0.19808400819782412,-0.3658176105699026,-0.2873850614628075,-0.6161821436708402,0.0,1.368267358250808,0.1362575916961435,-0.39939341315094407,-0.12711601571924266,0.48364132704257135,0.13974540392766235,-0.6173892220876204,0.13438024664135553,0.05539701281500425,-0.20427716706985136,-0.5770616485791308,0.18313697428090486,-0.7040030647262328,0.849503561589696,-0.17407765595569785,-0.9347486371033292,-1.623553640832281,-0.8676815985383027,0.5192822816641394,-0.9468267094831532,0.13641062364697262,-0.9254902839354601,-0.43499360294768813,-0.24218659607362183,0.6373381901807921,-0.5308187602777863,-0.09280800939821744,0.18184979618865704,-0.021512313552476327,0.20557882862652307,-0.18245081315960668,0.045281112192030515,0.13974540392766235,0.0,-0.11028782558411504,0.037567988416995934,0.0696479737075659,0.6097168174246376,0.6308508542504769,-0.18475371652555492,-0.2666292825998901,0.5444145861565233,-0.4188292390988696,0.5812875302054679,0.6567210671438346,0.0
-0.6110324345843615,-0.5539292612388316,-0.7098517470306254,-0.6414038890327695,-0.4996234140766574,-0.9355229338583224,-0.5991154952682375,-0.5743692433330221,1.461675380645949,-1.3484723383347041,-0.7668951393202594,-0.9252196291114575,0.1380653692286443,-0.21310470607449816,-0.6096540969370291,0.13324431877573523,0.9805423381613083,0.46278920419701236,-0.47682136637443145,0.7931776977876039,-0.4322065260477725,0.0,-1.7893887837564009,-1.2639409649341857,0.21651136931744183,-0.15553972135654043,2.1146123399976187,-0.653258167656283,-0.6856868912682301,-1.7065567171008094,-1.3651220088744245,-1.0950021057283816,-0.6956641054934446,-1.3052174081056844,-1.0674335188796917,0.03607114320569322,-1.9768208064928774,0.14987086996150628,0.06208925796795478,-0.18607420321340098,-0.23544080467400544,-0.3683846772563053,-1.3207897874179195,-0.22161809194920423,1.1547401218495807,-0.6748108860004756,-1.1706538438866394,-0.8280438029755502,-1.1982656380287033,-3.015366750257916,0.8052808787461653,0.7937734954130082,0.298906470540207,-0.40791505247823545,-0.653258167656283,0.0,0.6738043549279487,-1.055515383365608,-0.4517855575394803,0.3066383175542795,-0.725719557949825,-1.0481713916971225,-0.4474885611271281,-1.1593563006639682,0.45817375554534295,-1.1681995860124652,-0.7347558039289839,-0.44841619526870075,-0.5677353772603089,0.4015775145875618,3.935129399177537,-0.579209839860837,0.09181079026849506,-1.646548581039798,1.2553189776656588,1.5613234811960266,2.649104444848445,-2.5558251071501887,-1.5660621396225314,-0.5299506315591868,0.134590669395623,-0.210263622287192,1.3039512591105047,0.12975739707019002,3.1653577201248697,0.23406213246401886,-0.6807717912830927,-0.3431116496684303,1.6911781903130283,0.0,-1.2608667485987526,-2.0117468756718724,0.22059332921815414,-2.6906048218143552,3.914895344658063,-3.3828568786024222,0.5875745051937612,-4.348433592538424,-2.43923431260784,-2.2659471023204816,0.1914668471056578,-1.9552159008664338,-2.270751213642359,-0.21474282728004745,-3.184331204985999,-1.554972185976667,-1.6709282144443671,-2.5544385631495894,-2.842011727921974,-2.425176557713927,-2.336178001775629,-2.553565389798305,0.6235649342162582,-0.47676104573543465,-0.7417860521594026,-0.6850399645081138,-3.4165354145213342,-5.643539908413764,0.7624609186470246,-1.551219290803318,4.106406682524893,-0.2344468425318214,-3.3828568786024222,-0.7693017301037889,3.670389180083988,-3.4330765324409893,-3.2364050153584816,2.297330242937388,-1.5412697503170285,-2.258955392608514,0.8258132295465475,-2.0636688877068528,-2.0826307132751807,-2.0749472368159556,-1.281663964750775,-2.79546327087734,-0.41764194896135964,-0.1268976067180881,-0.34456700167550686,-0.8024127698748159,0.02830836388726164,-3.1913869381726983,-0.6484750008465093,-0.49112428994277657,3.6158787971499327,-4.08581232611162,-2.6643190704968798,0.23092667836297406,0.13368018364937242,-0.20955453668599397,-0.5794453837487794,0.12888612708672098,2.2926236900513413,0.2538488984287117,3.444028922119326,-0.23042595704472255,-0.19386270470248437,0.0,-0.7287557613197898,-3.160733010958899,3.2129198773872396,-2.1630272992561412,3.1843879936962813,-4.626925573580439,-1.175831762347015,-4.258161776574354,-3.8669943587433466,-3.5016727079881336,-1.1555427599132215,-3.1919206734195975,-2.861685797799753,0.025680233829095313,-0.17407765595569785,-2.2517420231601513,-1.4142692329802258,-2.4623396715276162,-2.00294594356168,-2.5607297943333958,-4.2410298133568105,-2.4662311709391256,0.5793072289700919,-0.7826450231808939,-2.4875463840547916,-0.22512857410690473,-3.9984870828526193,-5.723251655967964,0.7864634822907018,0.37342253554627786,5.328981382725713,0.2073398295108756,-4.626925573580439,0.0,4.979470725243002,-2.23199268483928,-4.294537296097662,2.06215184668022,-3.2304538751229135,-3.389205184490112,-0.6038852231025188,-2.274133899333469,-3.401668854397618,-2.2708941350532243,-1.9151046389705135,0.0
-0.9032784293373823,-1.4539162658110931,-0.23034924241391158,-0.9648795581541081,-0.45235460048985293,-1.2653009127267916,-1.6194681064709004,-1.6051717452749081,-1.2829058685576804,-1.061480668035375,-0.7028875623538944,1.7472217690192633,0.1380653692342738,-0.21310470607449816,-1.66845314969625,0.13324431877573523,0.1348248302504952,-0.28730301022422355,-0.47682136637443145,-0.5730007778217625,-1.4777896554666248,0.0,1.0786058186527134,-0.8808061280730435,-0.49441856758741465,-0.5830147161198264,-2.2509075701291072,0.5548466287172712,-0.8195194282289502,-1.2971058218655838,-1.0316461082984494,-1.059769030806427,-0.5825732422521217,-0.8730623884837462,-0.9714288112332498,1.0536695699080068,-0.14669558754565679,-1.6838173455290324,-0.8050344615033707,-1.3418812731735636,-0.23544080467400544,-1.4336902935982485,-1.06110579764123,-1.319838920069957,-0.9351996736050423,-1.556312228453771,-0.7218864967778438,-0.653662916878033,-0.15735893890614466,1.011834838580756,1.0445316992696605,0.023861759388637122,0.19584102969123704,-0.07169416073859937,0.5548466287172712,0.0,0.36249805290074666,-0.04884487129204568,-0.46820924702362154,-0.2555716690962293,-0.6506387934283772,-1.0145796219512873,-1.4696209744513054,-0.9794257362189195,-0.4960206690106,-0.9709031338858769,-0.6782973719153965,3.00947364041159,-0.9699933241826062,-0.9238866435460908,-0.2806145342697083,-0.9949924810101937,0.5084871949764856,-0.9212510530713856,-1.3461572016909333,-1.3043467072852541,0.059205549008007285,-0.8176731237012005,-0.892263638985583,0.2502067957854317,0.1345907203770125,-0.210263622287192,-1.3671432336799372,0.12975739707019002,-0.1479823765664151,0.1973838045166883,1.908905426802126,-0.28614570148836477,-0.33212387874727156,0.0,0.7547897576852242,-0.5689538098748818,-0.019974072822634702,-0.34127076113828325,-0.5215437971736078,-0.11089320166117897,-0.3673854054951985,-0.29789297209835924,-0.7410383103241818,-0.9126685667053482,0.3953574693822626,-0.4753714499882088,-0.9843910866545694,-1.7213845201025955,0.19824733372853412,-0.279499345773372,-1.2352750876964267,-1.1199172300199813,-0.37340300074887245,-1.10854791977654,-0.5830120031033704,-1.056647747502747,-0.02678133118686829,-1.0948772123693982,-0.5744390019278193,-0.7272382838227954,0.05803883799117214,0.3027164176073657,0.5768034360418348,-0.15142980554107324,-0.1984019439231038,-0.40773363918577654,-0.11089320166117897,0.8929933330030952,-0.07502804689039835,0.06609186603588864,-0.3029953120593016,0.09209157476818441,-0.8625501623752609,-0.8904744654068586,-1.0364668108749502,-0.5492510891717353,-0.28899601512021417,-0.547136100460039,-0.6343513860614113,-0.21978383026302256,-1.8775993326679046,-1.170619773759595,0.0542509747318883,-3.053375697140142,0.27107475315055146,-1.5033465108692,-3.311320011945627,-3.589821646953626,-2.5320040766391214,0.3368889113150228,0.2730432119639401,0.2585099905865813,0.1337123353152972,-0.20955453668599397,-3.340763076123566,0.12888612708672098,-0.25551777458134767,0.23069261840824556,1.5285227487394462,-0.3542405201639737,-2.984649522520596,0.0,0.6921051282866166,0.5864714370398478,-0.7851175476628631,-0.5622456210624863,-0.838710864794109,0.41734128339276894,2.8281567651830493,0.09932158682214734,0.5236207229581771,-0.3492694275780614,-0.17158312255867875,0.5536444559109391,-0.4337229036688064,1.3386707746519861,-0.17407765595569785,0.3003661342167226,0.7091052703763399,-0.2770674974311496,-0.5616726720040689,-0.41816268574046606,0.09157047182531572,-0.33289763508789644,-0.5522086451569844,-3.193198288222241,-0.12331117419696219,0.36376548339256687,0.205421611207369,0.24191457779434508,0.27392898083553235,-0.34464559079647217,-0.21627011032598537,0.6935159814674108,0.41734128339276894,0.0,-0.19895729038130866,0.2810943036183443,0.22111194194660902,1.3745286054823143,0.5605719557908528,-0.2902899363441797,-1.2041257493003041,0.17094518695890273,-0.1243043342635476,0.26594606252845715,0.29795722852078893,0.0
-0.7764710997465488,-1.0003002672262078,-0.23034924241391158,-0.8245215086796926,-0.651631878294989,-0.9063546668615726,-1.1026931389595838,-1.1233490503704913,-0.8901465300986332,-0.7740409175826557,-0.6072364456530278,-0.11015662225754058,0.13806536934959363,-0.21310470607449816,-1.1390061629850448,0.13324431877573523,-0.14671997105456988,0.46278920419701236,-0.47682136637443145,-0.11781200533019148,-1.1421537946899272,0.0,0.02650129772771591,-0.7025759529770755,-0.2684597368371743,0.4144269383278427,-0.45265347715658016,0.051469630228291485,-0.4586093146239253,-0.5355002827816572,-0.7674543208104928,-0.627528301174568,-0.02363812372890803,-0.683826754980615,-0.6211453883681468,0.4171525603903275,0.1715870592277709,0.1567571307197754,-1.0010484275899272,-0.1252422521628661,0.5650579312176135,-0.30991864290930177,-0.7664983647278982,-0.16060582372027352,0.22881742766082358,-1.0751107950615635,-0.24316640967062642,-0.7502685327660881,0.2925449787633424,0.5567877494688269,0.7787458915514696,0.25914781743005433,-0.31441470895741425,-0.2398046066084174,0.051469630228291485,0.0,-0.35700643929457,0.38626137556564827,0.12637740860651422,-0.2344525448756678,-0.5478090157702679,-0.6024744879690065,-1.303882700362123,-0.8046346063471903,0.07309761507794865,-0.7962954098411414,-0.6160509355537654,0.49464466900774207,-1.0234878558598415,-0.9642463240658993,-0.058733274614590096,-1.0502856022726716,-0.27387571884624845,-1.1526277879641236,-0.9721628358575494,-1.0403422346587574,0.728101840115818,-0.9336380711080707,-0.9719023290387774,0.6605631491087914,0.1345907071271017,-0.210263622287192,-0.9446332576175207,0.12975739707019002,-0.24497551325622874,0.28780489893922184,1.908905426802126,-0.1130320125393146,-0.7600779265630767,0.0,0.5601549683122592,-0.3992008313698554,-0.7411462501403928,0.18080347456750684,-0.3120894475870987,0.22758579940170645,0.20528747412542314,-0.36338040231070434,-0.8103252686380725,-1.032733054682692,0.3535310274759972,-0.3598224850914978,-1.023731554239294,0.059653983605699505,-0.6608202316592837,-0.6458929092123255,-0.488533332833853,-0.3714713170827947,-0.37340300074887245,-0.5330663929780338,-1.0622426752552625,-0.4329320632129309,-0.09523883280825018,-1.1948572686971208,-0.20997836538615025,-0.6294047352447802,-0.2129089749437499,0.3043950627292441,0.47493931812933726,-0.1851569632309147,-0.13038697769305618,-0.2344468425318214,0.22758579940170645,0.33889497863412715,0.23022013619411566,-0.20677380203055473,0.06369241431152932,-1.0927998533326164,-0.9712683452106273,-1.0118877277213432,-1.1579871776362327,-0.7184814693289778,0.12399937013369053,-0.7162283075582151,-0.7621602909432329,0.22539533231229156,-0.8900913432610275,-0.47884662748023965,-0.44427149577735564,-1.5308354508690345,-0.14513176392368524,-1.0210857609921486,-1.5474175750336283,-1.432064805013566,-0.7777972104767121,-0.40581399914654154,-0.5869946721040734,-0.5363602166047667,0.1337201475673129,-0.20955453668599397,-1.4990734328305746,0.12888612708672098,-0.23227505846365884,0.2538488984287117,-0.3869834246404338,0.27438060249362434,-0.33379130992204353,0.0,-0.4277066331344647,-0.20877129541336914,-0.2685233293495727,0.23814521803433863,-0.25971218015463843,0.2854650256941222,-0.6695779981660214,0.2735182702783506,-0.35513315369580767,0.1215753309963087,-1.3192775918767405,-0.13047553017698477,-0.07767467201442252,2.6069750238886065,-0.17407765595569785,0.055049112464525825,0.9296442913506472,-0.09988326709900365,1.2399189174429448,-0.24886158030879157,-0.4024932148695675,-0.09586057554887098,0.2610683893718518,-1.535835346497451,-1.4432749248320187,-0.6950250456633469,0.3044604696060578,0.18288844655155032,0.29701985725528457,0.44935665077437353,-0.26221768872303663,0.045281112192030515,0.2854650256941222,0.0,-0.3036979939676811,0.340299506325329,0.2852250789813894,0.3164347787455227,-0.1420160236394277,0.17256581911175248,-0.9286838822782295,-0.7226216133386221,0.5318156061304999,-0.6729728078983372,-0.8438921803063527,0.0
-0.11947341956122569,0.021285688875047466,3.6056707945197988,-0.09731641694680124,1.360134694951805,0.03620295869180658,0.04814835967178519,0.1829103977136722,-0.2738968308233857,0.5882374526185298,0.275429224629222,1.7639330776743838,0.13806536934860492,-0.21310470607449816,0.05168082224567563,0.13324431877573523,-0.3784016249278684,0.018535223745525627,0.7377446726027788,-2.453951532396792,0.4506403730461315,0.0,1.856211473656112,0.1808306769325973,-0.4154837844065156,-2.2929146951729726,1.0608989846106005,-2.1633891631232243,0.09331483070790976,-0.9766139607071004,0.5545907656332693,-0.9103168895692149,2.5247372701614217,0.18938512721831857,-0.942297275223444,0.1960791164426063,-1.419826174639378,-1.3500519476369957,-1.0733272313142481,-2.497688343133726,-1.4361889085114337,-2.493884836977084,0.09946583344366733,-2.4790720164196407,-2.04630690663155,0.12224967546950093,-1.3102388217439582,3.1328088318319764,-1.8229688078881934,0.0035395439751948355,-0.45628774920770165,-2.2563695024839014,1.2829184637827908,-0.07169416073859937,-2.1633891631232243,0.0,1.5588402631520293,-1.659671606422443,-2.1451546104273524,-0.8296628562377961,-0.17226908858155354,-0.8720895915940781,-0.30969844052133577,0.0760651527105558,-2.5845142066545765,0.08265311733679728,-0.06392908456648158,-0.44841619526870075,0.0925029983052884,0.37004494828654544,0.38502924469564626,0.1032270310679557,-1.2839629686358927,0.06470048776645722,-0.774404113239581,-0.6880315728167721,-0.8046222729132844,0.7171314360139291,0.6289021061021515,2.0353965906928955,0.13459075066072876,-0.210263622287192,-0.8546202650105185,0.12975739707019002,-0.349633700814555,-0.024729786907597032,0.6140668177595165,-1.1833278292832368,-1.3677070386310166,0.0,1.6142551604327708,0.8631135810544559,-0.629276434155733,-0.8633449968440773,-0.19018538385863956,0.0019331320264502638,0.5547202083236255,0.15083659623739604,0.8081899500962052,-0.5917657317979774,-0.2938327546604961,0.9064944020773801,-0.9754124348096291,0.6623770173275731,-1.2514291828634088,-2.0344989217177907,-0.7082575901105046,-2.0554746211914647,-1.0787197799411872,-1.9723821363093246,0.4482653908861352,-2.116964410795434,-1.8066763733427953,0.2800738517539314,-0.8142194666226488,-0.49709407083099255,-0.8867387554312585,0.30195927268114114,-1.1808345066812962,-1.0946931567380986,0.27049782586200083,-0.5810204358397316,0.0019331320264502638,0.33889497863412715,0.8650188310899013,-0.8853731648530713,-0.037095197427920355,-1.531956106650024,0.9711670648925059,-0.5659666885529973,-1.0883160987204794,1.841254623641988,-1.962003189129443,1.8418530715576462,2.4672880881728414,-0.6967615044508592,-0.34128113929550613,-0.16239908152326585,-0.1451580134718093,-0.6846796404216295,0.44761342590720654,0.0945585936146408,-0.7370676099128575,-0.6746980946332519,-0.8468815833025898,0.8040472188463922,0.889850066115639,0.7179327909585294,0.13371009668382036,-0.20955453668599397,-0.9422097403977624,0.12888612708672098,-0.25568478853543636,0.23069261840824556,-0.3869834246404338,0.01436983558703448,-0.471971490466455,0.0,0.37186729100702115,0.9291026712764997,-0.529890073906477,-0.5622456210624863,-0.4435430188610922,-0.07719468297715391,1.6364791686468727,0.3364413060365758,0.8303153462827602,-0.2271240360787686,1.3376784699571893,1.022458917420411,0.028805547685640132,0.06136682752945506,-0.17407765595569785,-1.5098434304686221,-0.2318124123049416,-0.6904973682061568,0.1589639637747366,-0.7586842908798594,0.49059023513694844,-0.6291939595116782,-1.0472468400875814,-0.6630781085127945,-0.46650271928053105,0.8990656473696205,-0.20400066695233937,0.2152512052804733,-0.268092946529185,-0.9667059409415797,-0.14610996417376315,0.2073398295108756,-0.07719468297715391,0.0,-0.06733934907504308,0.03634260349658469,-0.22691013575389118,-1.4445101561447544,0.49430700885651396,-0.17021703242351896,0.30894833759447365,1.3154172135025968,0.35562937617394613,1.3221088380614692,1.3724761290495482,0.0
-0.32883354330149556,-0.1576236833040633,-0.39018341061948286,-0.32904896530476574,0.7828267255398879,-0.22491006306717826,-0.15398400796285824,-0.16144498396328788,0.7353442249091762,-0.27242202447481684,-0.36469770712197613,-0.5282671236190836,0.1380653696081649,-0.21310470607449816,-0.14357268025827766,0.13324431877573523,-0.3723794844456213,0.4474979726808582,-0.47682136637443145,0.37488532551296927,-0.27127883207206854,0.0,-0.17667911147082013,-0.013057162768810405,-0.3730802958960243,0.6994102681700328,0.15541749269244076,-0.049205769469506916,0.24613777127139527,0.2462650144323556,-0.2125285467568159,-0.02997817319900203,-0.783200592692281,0.033089736679518776,0.05838977985560031,0.27002416091082915,0.0920163975344154,0.6524536587111596,0.810120729356902,0.9089009156962268,0.5650579312176135,0.7300799558885837,-0.4029545353818501,0.9376150044004793,0.1229976911821084,-0.17622978923427252,0.3172322897515655,0.8895969990949424,0.18290406313080187,0.03274397441679983,0.2520501797995139,-0.09570792161605106,-0.3327625439256672,0.7688580686104909,-0.049205769469506916,0.0,-0.31671326063092053,0.28022663030263134,0.3493042520649471,-0.5574551774472233,-0.3562633948989393,-0.03276076442077267,0.2503245342851391,-0.2718360927512679,0.3569923605489978,-0.27682159500620196,-0.3599233490335148,-0.44841619526870075,-0.9804840820845581,-0.9245733571282339,-0.2806145342697083,-1.0058359605904286,-0.2364804411578593,-1.158917924698792,-0.7366195813308019,-0.6529021429983775,0.7035684288560609,-0.888120965944978,-0.9412347797988915,0.17157138720989462,0.13459071622995628,-0.210263622287192,-0.67591726166911,0.12975739707019002,-0.15351407124556765,0.26519962533358454,-0.6807717912830927,-0.1026492516045726,-0.8120144107036693,0.0,0.16888384211305318,-0.7093336288391523,-0.6022879570332245,0.4418405924204065,-0.1737547278234988,0.340412133089338,0.31655630383663874,-0.3023102794511394,-0.8164697243158563,-0.7310644107803,-0.16367871678050258,-0.6452843291984611,-0.27103236705769385,-0.44520602221579514,0.03717216521831644,0.1381632126975741,-0.2465841581056489,0.938309030557282,-0.37340300074887245,0.6751309296476676,-1.053533738047559,1.001614010653646,0.14436242286658643,-1.1140181344164393,-0.6135029246899668,0.3867528348934985,0.0006898958291639542,0.25340687501563924,0.5645892511855162,-0.3335861148484216,-0.16937921370191703,0.28541354743004393,0.340412133089338,-0.21520337573484097,-0.060579891115900786,0.00833698975017317,0.053514232091604025,-0.8014238007615275,-0.9138411828714909,-0.7068302139503967,-0.4442806195959366,-0.6991659666262856,-0.18201364766693257,-0.6974096528788851,-0.7282868223359231,0.6069774716625608,0.3966460467411906,0.31226731408388,-0.34456700167550686,0.4530568149897651,0.16002452481520327,0.10808180890736556,0.47849624643134653,0.43202731864989624,0.12582167035765274,0.0883203611157387,-0.031277481902284555,-0.5820552164552228,0.13371767334391793,-0.20955453668599397,0.5257553127955167,0.12888612708672098,-0.2517254902150497,0.19879614519575867,-0.3869834246404338,0.42903450812100347,-0.962037717901307,0.0,-0.5541377177195336,0.17784635333003251,-0.3987411567425902,0.3982233858537059,-0.05042942695252992,0.12061970357081456,1.19226618963703,0.3555681744352171,0.1811074527504176,0.24001152028706288,0.32560411597643446,0.31792008698373436,0.3597702848569387,0.6152913266747148,-0.17407765595569785,-0.4104870353413235,0.5235886048647105,0.5497922441188648,0.5192822816641394,0.394332060029845,0.02114841388328572,0.555991338183449,0.2964282604383223,0.4637049773335492,-0.11541857846698668,0.15285238273706817,0.007171971655350828,0.17363261655270543,-0.17411749984482713,-0.23222147260156123,-0.19432327465828672,-0.4408950397645047,0.12061970357081456,0.0,-0.164254445546273,0.16258112317545578,0.02836259435370679,-0.8988893971300079,-0.16820337247877767,0.28899245627651765,0.11134273943952788,0.07191891970274145,0.7029670645157214,0.061856114576111475,-0.12489320283796716,0.0
-0.6108946104670896,-0.5845148554196197,-0.7098517470306254,-0.6412513797750603,0.598638823761624,-0.6960164106897134,-0.6335898244046964,-0.6533755111142958,0.6687409074612555,-0.9012580611904072,-0.653464140128736,-0.6446708553597975,0.1380653694032,-0.21310470607449816,-0.6370431781861401,0.13324431877573523,-0.05771401919497096,-2.6175877801751803,-0.47682136637443145,1.0232551349556647,-0.49066049280065077,0.0,-1.292781009479904,-0.8203751288130929,-0.19743596637789518,1.4118685927755132,0.7922491614339469,0.45417122901947693,-0.9814786438536662,-0.12886304926199388,-0.9049473085109777,-0.36412175752582504,0.36275312557772416,-0.8415906917187473,0.03274015633030762,0.47927653428081407,0.5694403676945594,1.2321992271758475,0.8156418801205623,1.0305648177972966,-0.23544080467400544,1.071670928584828,-0.8894885682988313,1.1816640773162022,0.9431006488921505,-0.6745245550229864,0.30588835651234475,0.3737822108341589,0.41138531861115163,-0.25857531621522795,0.7078483338663454,1.2423762335074362,-0.38639032011256985,0.4326371768708548,0.45417122901947693,0.0,-0.4611367942872281,0.501192969214187,0.4893161076510681,1.181077762046729,-0.5940887230019001,-0.35133853174702623,-0.44213398315208163,-0.8964982903998726,1.2175654492378736,-0.900995431897079,-0.6633819545658795,-0.44841619526870075,-1.1081784485832904,-1.2190353659247908,-0.5024957939248265,-1.1378236572572247,0.7054833698376435,-1.0927234805709014,-0.7841037572115284,-0.8067590664775749,0.6603746623302288,-1.170086843319123,-1.1189192255574523,-0.3340165805476994,0.134590718321917,-0.210263622287192,-0.703109984342437,0.12975739707019002,-0.12545348081810756,-0.42149080209927137,-0.6807717912830927,0.638501568698088,-0.7769155130955853,0.0,-0.892976312783245,-0.8156225437614131,-0.231971419206971,0.8333962691997507,-0.782625901837086,0.4532384667769672,-0.686001047951464,-0.2410841528390185,-1.09802498786324,-0.6793672676102861,0.15565307562563252,-0.7834934159823113,-0.255661381406359,0.8092473133831086,0.5203976707489657,0.5103120898829606,0.6824817007266614,1.25016149428111,-0.02074461115271507,0.9128477700289918,-0.9918280749967364,1.2511002843695722,0.6920224358376409,-1.3672905732176164,0.3790483601754685,-0.0960285225099172,0.5534400643717841,0.2456611229723408,1.0058544106650344,0.6028037616826123,-0.3646785106516399,0.45870034408399907,0.4532384667769672,0.33889497863412715,-0.4523299250234561,0.56499970047466,0.1639551265121181,-0.2766217088103648,-1.0949729195105857,-0.6545523180434403,-0.3069737041352299,-1.1469781509582462,0.6910874292023379,-1.145557518631323,-1.0088569393304627,1.1475521690754422,0.46062663752582494,0.3497362655176413,-0.24486250757365807,0.5517021176042631,0.2438677931700142,0.12146254852273702,0.5796336907867387,0.4437994451496022,0.193185324510639,0.04481908296019825,-0.08283081457358873,0.16787443283585082,0.13371672378594027,-0.20955453668599397,0.7336183350740121,0.12888612708672098,-0.260272598769655,-0.2787455420419499,-0.3869834246404338,0.241301358648386,-0.8993822514797396,0.0,0.11963716873505,0.6368386946394987,-0.7756093783226095,0.5583015536730715,-0.09442116187692473,0.1865578324201383,-0.09559286475031413,0.27875783809713667,0.22102954277837464,0.5048415892122385,0.358956684502561,0.5867624708282672,1.3464531228752865,0.495098894712809,-0.17407765595569785,-0.09207039273141795,-9.786749466380245e-05,1.671959036222456,0.5192822816641394,1.4647205922891728,-0.0017807892123629847,1.7411766358785763,0.5439473579036207,0.5590796576987768,0.2852388416831113,0.3878605799342412,0.11728492112213718,0.17401429076051544,-0.1394993435703144,-0.18167976881164535,-0.22450068161794043,-0.4408950397645047,0.1865578324201383,0.0,-0.20603698192387668,0.22840639215826733,0.2718070055618873,-0.6694564109753748,-0.14974492037205603,0.5493290521238041,0.31826101155286607,0.16327529120379025,0.5178665466712971,0.1472138782149946,0.07672976631896256,0.0
0.012296781328697604,0.28560848627822893,-0.5500175788250541,0.05441489842130146,-0.27918627445906696,0.14752087546723044,0.35503306084817204,0.4568012605878933,0.18947415073051266,-0.10293326717730418,-0.26101752529352146,-0.15977328679877315,0.079203644560508,-0.16674133868976895,0.401293906554856,0.07440916503060505,-0.3195848802005176,0.4627892041970071,-0.47014792659982135,-0.21136209037605053,0.699957697782191,0.0,0.5139471645154264,0.069106757906338,-0.012417594969261156,0.03627598142185474,0.5873071780481351,-0.06303480788953232,-0.9563115539929796,0.20288774951190394,-0.0705989851428794,-0.0647414973627077,-0.9602733305825917,0.08259044088735538,-0.22512049099190393,-1.0724603578479714,-0.37666354386821815,-0.3928241933903374,0.04681090345852747,-0.3685700563650056,-0.6356901726198149,-0.5229090768200292,0.1148364536288933,-0.40465489663599635,0.4336251319170187,0.29754733340139866,-0.9288830605287699,-0.7087862201056613,-0.22892610593993276,-0.15651637289032894,-0.13268508054350645,0.5974917685089648,-0.10329423252166006,0.4326371768708548,-0.06303480788953232,0.0,0.05329755389995643,-0.1449386187687234,-0.0064077882898717214,0.7826826711487506,-0.1288069121676635,-0.0735425503502313,0.09969567981817694,0.10324747606970539,-0.22161775660706587,0.1044788203238529,-0.10952531891938448,-0.44841619526870075,0.6989418178910888,0.49982893161930453,-0.2806145342697083,0.7422435801793468,0.8745338147691778,1.0586191341372844,-0.6661667793235458,-0.5528558778028154,-1.4488882209340248,1.349739792812414,1.5086939920943416,-0.030339875909419077,0.07573452759022606,-0.16391615627629685,-0.7588084708736055,0.07093404373170419,-0.35952690859825653,0.287804898939214,-0.6736572934311995,-0.10638278884406553,-0.8334043293086758,0.0,0.7395225114680422,0.983358457580255,0.20601080270839145,-0.16198702634920745,-0.6025767002532194,0.5592456264505079,-0.013377395211262837,0.7017351334009322,1.2256086598891531,1.0850991355871082,0.5516603560060486,1.0160417895852463,0.10123340543860215,0.5272463098170214,0.3248063947008451,0.17525039981648086,-1.1369309042233366,-0.49621230257232585,0.6845721680395997,-0.5650818465675421,1.372599163290018,-0.4329320632129309,0.6538442137795624,0.8492789647667318,-0.12859530391473395,0.6955565687331414,0.39256027332035787,0.2960126868214499,-0.3029361727934909,0.4646139885802771,-0.33021354944529835,-0.40773363918577654,0.5592456264505079,1.459269673182348,-0.3065218274246044,0.3963292493366499,0.30704210762556666,-1.164112170881807,1.6659357604651044,1.1107548857784755,0.6598276575089432,1.2029260805193998,0.20916565493011144,1.2023729383656745,1.118000224741606,0.257193843924814,0.3850755200911467,0.24793620901763638,-0.34456700167550686,0.5081379366560209,-0.035327060734908426,0.9949143535085081,0.45817007721993525,0.43348567536918603,-0.4381142197551928,1.0850159088976774,1.2890309872071821,0.36528461623962033,0.07488313195131988,-0.16321190770208055,0.5478873144915961,0.07006561271157306,-0.26098280963370496,0.25384889842870373,-0.37645866544602297,0.1302801172204249,0.5791374223546804,0.0,-0.20156998869116158,0.9868910989315232,-0.2223689691563161,0.4589123615654404,-0.9323400914447779,0.17985533031182832,-0.8415134107865062,0.6785199943934834,1.0439658808787036,0.9995877810538372,1.5582159200144148,0.9213547551879355,0.604170761106335,-0.2670209303831804,-0.17407765595569785,-0.7356253787795788,0.2639815542988519,-0.3361289075418649,0.5192822816641394,-0.4800798001734124,0.9821759284734205,-0.3921568999726528,-0.35170651910974127,0.5168098084112929,-0.059629773706320194,-0.23445576030492526,0.6053782337829463,0.2744816768555107,-0.465873558771025,0.5870212954879063,-0.26626187488930636,-0.11677760512681457,0.17985533031182832,0.0,-0.3552418607196442,0.48999690470430113,0.2030306573157072,0.5495793125941216,2.513623732077984,1.010698150732382,0.00027813648504003386,1.9107724737916976,0.29937279718917553,1.9453181412322125,2.0283978174731603,0.0
