no2_abs_energy,no2_auc,no2_autocorr,no2_average_power,no2_calc_centroid,no2_calc_max,no2_calc_mean,no2_calc_median,no2_calc_min,no2_calc_std,no2_calc_var,no2_dfa,no2_distance,no2_ecdf,no2_ecdf_percentile,no2_ecdf_percentile_count,no2_ecdf_slope,no2_entropy,no2_fundamental_frequency,no2_higuchi_fractal_dimension,no2_hist_mode,no2_human_range_energy,no2_hurst_exponent,no2_interq_range,no2_kurtosis,no2_lempel_ziv,no2_lpcc,no2_max_frequency,no2_max_power_spectrum,no2_maximum_fractal_length,no2_mean_abs_deviation,no2_mean_abs_diff,no2_mean_diff,no2_median_abs_deviation,no2_median_abs_diff,no2_median_diff,no2_median_frequency,no2_mfcc,no2_mse,no2_negative_turning,no2_neighbourhood_peaks,no2_petrosian_fractal_dimension,no2_pk_pk_distance,no2_positive_turning,no2_power_bandwidth,no2_rms,no2_skewness,no2_slope,no2_spectral_centroid,no2_spectral_decrease,no2_spectral_distance,no2_spectral_entropy,no2_spectral_kurtosis,no2_spectral_positive_turning,no2_spectral_roll_off,no2_spectral_roll_on,no2_spectral_skewness,no2_spectral_slope,no2_spectral_spread,no2_spectral_variation,no2_spectrogram_mean_coeff,no2_sum_abs_diff,no2_wavelet_abs_mean,no2_wavelet_energy,no2_wavelet_entropy,no2_wavelet_std,no2_wavelet_var,no2_zero_cross,so2_abs_energy,so2_auc,so2_autocorr,so2_average_power,so2_calc_centroid,so2_calc_max,so2_calc_mean,so2_calc_median,so2_calc_min,so2_calc_std,so2_calc_var,so2_dfa,so2_distance,so2_ecdf,so2_ecdf_percentile,so2_ecdf_percentile_count,so2_ecdf_slope,so2_entropy,so2_fundamental_frequency,so2_higuchi_fractal_dimension,so2_hist_mode,so2_human_range_energy,so2_hurst_exponent,so2_interq_range,so2_kurtosis,so2_lempel_ziv,so2_lpcc,so2_max_frequency,so2_max_power_spectrum,so2_maximum_fractal_length,so2_mean_abs_deviation,so2_mean_abs_diff,so2_mean_diff,so2_median_abs_deviation,so2_median_abs_diff,so2_median_diff,so2_median_frequency,so2_mfcc,so2_mse,so2_negative_turning,so2_neighbourhood_peaks,so2_petrosian_fractal_dimension,so2_pk_pk_distance,so2_positive_turning,so2_power_bandwidth,so2_rms,so2_skewness,so2_slope,so2_spectral_centroid,so2_spectral_decrease,so2_spectral_distance,so2_spectral_entropy,so2_spectral_kurtosis,so2_spectral_positive_turning,so2_spectral_roll_off,so2_spectral_roll_on,so2_spectral_skewness,so2_spectral_slope,so2_spectral_spread,so2_spectral_variation,so2_spectrogram_mean_coeff,so2_sum_abs_diff,so2_wavelet_abs_mean,so2_wavelet_energy,so2_wavelet_entropy,so2_wavelet_std,so2_wavelet_var,so2_zero_cross,co_abs_energy,co_auc,co_autocorr,co_average_power,co_calc_centroid,co_calc_max,co_calc_mean,co_calc_median,co_calc_min,co_calc_std,co_calc_var,co_dfa,co_distance,co_ecdf,co_ecdf_percentile,co_ecdf_percentile_count,co_ecdf_slope,co_entropy,co_fundamental_frequency,co_higuchi_fractal_dimension,co_hist_mode,co_human_range_energy,co_hurst_exponent,co_interq_range,co_kurtosis,co_lempel_ziv,co_lpcc,co_max_frequency,co_max_power_spectrum,co_maximum_fractal_length,co_mean_abs_deviation,co_mean_abs_diff,co_mean_diff,co_median_abs_deviation,co_median_abs_diff,co_median_diff,co_median_frequency,co_mfcc,co_mse,co_negative_turning,co_neighbourhood_peaks,co_petrosian_fractal_dimension,co_pk_pk_distance,co_positive_turning,co_power_bandwidth,co_rms,co_skewness,co_slope,co_spectral_centroid,co_spectral_decrease,co_spectral_distance,co_spectral_entropy,co_spectral_kurtosis,co_spectral_positive_turning,co_spectral_roll_off,co_spectral_roll_on,co_spectral_skewness,co_spectral_slope,co_spectral_spread,co_spectral_variation,co_spectrogram_mean_coeff,co_sum_abs_diff,co_wavelet_abs_mean,co_wavelet_energy,co_wavelet_entropy,co_wavelet_std,co_wavelet_var,co_zero_cross
0.8072979184150801,1.0635610747983621,-0.4993431846701284,0.9172753005087091,-0.02812218751735383,0.4874014923247431,1.2279409076372996,1.3225093401194168,0.3325936423849863,0.5930075692493385,0.2795516539789029,-0.22081209259110365,0.13718865534226712,-0.21239517470572541,1.2980782116457732,0.1314904476006762,-0.6917646131208725,0.4725249321702453,2.167376077224375,0.41367349437427875,1.2372312978393902,0.0,-0.2579850944712572,0.6975041279549912,-0.5952428594609734,0.39847110412576936,0.396072856875801,0.21238778173111247,-0.763481987356486,0.7715494661783374,0.6678579958272525,0.7724512047691461,0.39082900528544756,0.7920643450830497,0.8990213313068335,0.5884639989670948,-0.05166553394888043,-0.6866642545633829,0.5181494847213137,-0.13694150247427564,0.313944192082926,-0.30251129024014123,0.36905629403936635,-0.16126714453401847,-0.43855798082394587,1.1147992192941327,-0.2987935123599304,-0.46402144422320185,-0.12888930218348266,0.13497453693617087,-0.8006593566833528,0.47041165075143315,-0.14011376386267563,-0.4790869089320817,0.21238778173111247,0.0,-0.031520057517329,-0.0081443996939526,-0.06574688856822848,2.109031783225438,0.3711040968017081,0.7280603277167087,0.8891128360667309,0.7881616583564317,0.41985295961018143,0.78687814625417,0.4347809554828228,-0.6416034458047191,1.3985058878282304,1.6343723231072005,-0.1856222374794291,1.4508260614749167,-0.1343809474583382,0.7422945479242901,2.8405513094419557,2.731441181806865,1.3911535040927219,0.33473183442619825,0.11932705846729239,0.18100302359650577,0.13459075332917464,-0.210263622287192,2.6885737914453873,0.12975739707019002,-0.4524753406818983,-1.0972600985749648,1.1357427785478605e-05,-0.28905691336421324,0.008440778146705418,0.0,0.4935281314109526,0.8379919444342651,-0.5809761122152539,-0.7543307904203221,1.240878448639649,-0.34285449834858533,-0.09436202123605766,0.17047422962195402,0.47737566032921935,-0.46137678968564416,1.5396203694769885,0.7564343514967875,-0.7470982884762656,0.12945547927353,-1.0287483469275582,-0.7167780005976356,-0.5788437169798455,-1.6817693640047762,-0.5764758068341959,-0.9421273360698801,-0.4119861961090639,-1.1727889904220696,-0.6569693452714961,1.4462405460745225,1.3652564398665215,-1.0439868573107707,-1.0214178514388663,-0.1630660410300878,-1.1623660785750785,-0.27582633461081574,-0.04709610540210899,0.013843751961470389,-0.34285449834858533,-0.9852703264791219,0.28730131125660074,-1.0256300146770934,-0.4363042260887674,2.469211705882176,0.17641609012890241,-0.43756073385931454,2.720736392492661,0.5262567716116466,-0.13864430856879675,0.5242519058395316,0.2704146498649608,-2.0676946681013253,0.4676958269207726,0.3468765009877548,-0.35950340482472193,0.5764976025268043,0.1254944221004136,-0.12193835456579986,0.5862433241320787,0.9192442122493863,0.1887956573478116,0.18006217992958373,0.0474999108872566,0.1347029363863995,0.1337160665142416,-0.20955453668599397,0.5274934829727331,0.12888612708672098,-0.010366436583838231,0.24441952258838517,-0.31009080482863804,-0.021292036398149066,1.5285385796697344,0.0,0.8287412730064044,0.10918239129009324,-0.43659511915867355,0.30664961853244316,-0.048508992764927227,-0.10525186672319649,-0.23156064411477276,0.24824777882901117,0.24398999803946997,-0.020475114480251678,1.209929226577868,0.34357257768909916,0.13358228503167702,0.610204501257776,-0.4079841944126881,-0.3893652752101005,-0.5361903064202828,-0.08698166749071606,0.38033906074787677,-0.18892578425674814,-0.1852585942962259,-0.08175798034553007,-0.567147867263324,0.5830725389896986,-0.25311677453960374,0.0846761292066676,-0.06308373798671381,0.24617844504244504,-0.3576900392865178,0.4181859809534036,-0.19543546280076152,0.4695510746921862,-0.10525186672319649,0.0,-0.1670441073805706,0.12566342443553646,-0.20444305081685527,0.6236838467012333,0.24816225114809742,0.03946671192275201,-0.16724376610396083,0.5494040816844911,-0.3132586396343748,0.5634409707534226,0.4393956821015801,-0.17407765595569782
-0.28311302436252317,-0.1372376889949226,-0.0762237260088358,-0.2792707733196091,0.6964490534716532,-0.1943840725650265,-0.12336780543430675,0.07289243177377518,-0.12396683140934582,-0.011850933801203467,-0.20412613875667346,-0.3391064745322855,0.10776017356368435,-0.18927981568715152,-0.08708474044878702,0.1314904476006762,-0.20201305100625463,0.4725249321702453,-0.4101445373031378,0.0966291278203466,0.4944531435820362,0.0,0.0712375391837596,0.06910818377363313,-0.49979884379468453,0.05690467322265987,-0.22749490336110753,-0.06338068303236837,0.9050375041053119,0.2390449030000354,0.02352397634359241,-0.16456875373649527,0.4327393240644893,0.1463615879398616,-0.40264386718057016,-0.7982637496874107,-0.2943721725313585,-0.27040247124633565,0.21438175915761673,-0.8919703269270376,0.313944192082926,-1.0164988987115402,-0.14978956053773101,-0.9805783845804101,-0.5858131604553708,-0.12142580760579152,-0.9121742440053434,0.7300456551732089,-0.19671352306034137,0.2197399974074507,-0.011103089993549534,0.13611813057365832,-0.13492300691954592,0.3850486297252536,-0.06338068303236837,0.0,-0.0784368956667409,-0.10736486636732213,-0.22598632665382076,-0.23626220821602467,-0.21277633444436014,-0.155843102206032,0.27698054419075374,-0.04086479872285173,0.0464629608981979,-0.04082182899946192,-0.24305074445028996,-0.09624051687070788,0.5651581179570168,0.7248815838185592,-0.1856222374794291,0.5962081972265474,-0.13804278245935464,0.35682843972613604,-0.03608423895900258,-0.14070699469747383,-0.4292810508213499,0.9596328678543564,0.8017382973614954,0.04591172584039789,0.10516267540965285,-0.18715337896120213,0.021231041504101364,0.12975739707019002,-0.4125905021719512,0.3338882652460487,-0.7848012160088286,0.005876999645349581,-0.8147684420909693,0.0,-0.15180163531859786,0.87965987078512,-0.3282720116439222,-0.04441562209196676,-0.2346882206929676,0.2689486547140071,-0.2523275981284664,0.47294723087202495,0.9396675004168076,0.601503181175435,-1.0601797798551207,1.0024667082451364,0.3228690372028214,-0.08921265883603725,-0.16383316189415828,-0.20371926792480438,-0.3837013267436962,0.00413211145947143,0.004270191161735029,-0.23038644499015437,0.43592198442196334,-0.11260160173919401,0.5229898654866858,0.7693615529532103,-0.05311991815727283,1.038521077976388,-0.025642372086109172,0.23900773828695712,-0.6621471118881698,0.17786154442972044,-0.1955869104098766,0.2705824247014634,0.2689486547140071,-0.3868911530732259,-0.13592636459451593,-0.02263913306696822,0.2499853343900998,-0.7422280240277405,0.5985683485282784,0.645623012025393,0.024828232493772688,0.9105522771686715,0.1556142654924503,0.9107065035029683,0.6689371359855668,-0.22267481041091197,0.418561108066282,0.28537881601433096,-0.35950340482472193,0.5370292849500794,0.44964577166358793,0.5301859543292665,0.5039058507132315,0.7286294126937226,0.008852529820657413,0.5233682944511181,0.3710449957626701,-0.41607443182915305,0.10430066539039266,-0.1864467052474306,0.592727877047578,0.12888612708672098,-0.31118477713801695,0.29020107963353625,-0.30347510291003094,0.4082586690338344,1.943562972306388,0.0,0.016023321757512688,0.8166738718218919,-0.3134124502878263,-0.04469533212344155,-0.3715585473384627,0.11618014847657314,0.02582875198265387,0.426301797565448,0.7367250103683776,0.5510224959280186,-0.24862188837311738,1.003198042904682,0.5079702435526879,-0.8828923924980598,-0.4079841944126881,0.2463368180155971,1.0253055525509955,0.10381682894053114,0.1190960695271128,-0.02475091349447616,0.17949402606188117,0.1709485043588351,-0.18559118325139098,0.5447601155938376,-0.21434771298568323,0.9934207464682449,0.2585663362018127,0.29903820265660175,-0.30362208757268233,0.09391229455384378,-0.24856655442186318,0.637600933003074,0.11618014847657314,0.0,-0.2839487740151296,0.2764812478283551,0.04260770358437144,-0.7997154004984477,0.13735879509518975,0.5957365638237642,0.43765182771394684,0.4476420310617415,0.2218615507439715,0.44342517445251806,0.2515036334020203,-0.17407765595569782
-0.4554790497340062,-0.42018902989695506,-0.3935633200048052,-0.4613658010427457,0.4703398137550283,-0.2501075088555576,-0.5057886768640178,-0.4193155852670041,-1.5339162553178274,0.1331843258428766,-0.1011588634547327,0.878609326784284,-0.03938223258038891,-0.07177674067624641,-0.44201477989288634,-0.015571237215868672,-0.3848684126737171,0.47252493217024,-0.3921714283083843,0.11967078811623792,-0.268129609164383,0.0,0.34493304352011944,-0.052082291282049,0.19773189089897625,0.16468638565765148,-0.5667318046639584,-0.9558727402053393,-0.3542032336996921,0.3835327829766453,0.05329482686753049,-0.1943690468875482,0.5393073243976544,-0.005981778146906898,0.010915634834219482,-0.9970843765522248,-0.13472969061330087,-2.050093811020107,0.09743025913459796,-1.0807275330402282,-0.3329711128152245,-1.093715827567696,0.21966056653976493,-1.0436023261224403,-1.2414284478875126,-0.3834783216684038,-1.0192256704949636,0.8636079426522941,-0.763584113650565,0.29538859876988427,-0.05227132911496761,0.10641389505518094,0.08403620482986009,-0.21984624733488112,-0.9558727402053393,0.0,0.2531369935112895,-0.7218943432820087,-1.3144931712247807,0.5002966562419521,-0.022667265651604797,-0.20343143266629748,-0.7260401260148719,0.4595976781776643,-0.0705109515200726,0.4646723243400737,0.16744533828273497,0.721803876530309,0.8637365664541392,1.016008599997429,-0.1856222374794291,0.9169817423476083,0.8749911911088031,1.5342962500683972,0.4403423632806918,0.5382131686238428,-0.6941243426643346,1.1390458014586284,1.024393438863249,0.3662655061117913,0.04630617398936725,-0.14055090481630284,0.3266408358513183,0.04152236706246127,-0.37090006864377184,0.3452322540110027,-0.7804534213507807,0.09942017555945111,1.0658541978803908,0.0,0.646200977544832,0.9957602486504358,-0.19806040021556723,0.1149639549886499,-0.039441228985568566,-0.5336577032365544,-0.40336737980939164,0.6190986883222941,1.2013155697586633,0.37509703472988637,0.4961494343309764,1.2328177104346065,0.5404772966403784,-0.18684603297438457,-0.9564456162445742,-1.5872250314389302,0.468409033099259,-0.9512120579702689,0.004270191161735029,-1.069261348175722,1.2094213364567856,-1.0549903916795278,-0.6404926361392037,1.038758365199353,0.5343675036501604,0.594870230581139,-0.8221125311322438,0.1870114966751983,-1.4131774423225827,-0.028017097150115956,-0.018666229418571604,0.6984802126014517,-0.5336577032365544,-0.383594298123322,0.3108113385734016,-0.8541332652123694,-0.9430189272000461,-0.7404977647831317,1.0745452221464558,0.39972259271846067,-0.753080985571082,1.5244454807679384,-0.0667161821932857,1.52460971872135,1.4619603344013874,-0.4771603080233828,-0.11143569263947706,-0.040224972474273514,-0.35950340482472193,-0.2763481953921357,-0.03610300289720037,0.027690081857991,-0.2900721833942721,-0.1783076013152651,-0.42091215133931636,0.3686140626215763,0.22195063672551027,0.5991586712529963,0.07487182364907564,-0.16321190770208055,-0.17240143647422185,0.07006561271157306,-0.314405929654302,0.2902010796335283,-0.2968230509808788,0.36035867857492027,0.3887569351413464,0.0,-0.002210085473912164,0.3197027265479122,-0.059160068315416335,0.353898214642333,-0.5914691445906755,0.199015031723762,-0.44662171495242503,0.4832914969243043,0.3917774036068386,0.4368190125910149,1.057715671776551,0.5603898011943509,0.26600406878418237,0.7880468224330236,-0.4079841944126881,-1.1045175551554092,0.1851321674961433,-0.5957776579740419,0.38033906074787677,-0.7439626074769137,0.3272881982916916,-0.6503475709303518,-0.670093021529026,-0.2548386100956431,-0.7148176987157736,-0.22630575604976486,0.30270248114589116,0.30242961550061204,-0.16531675540350405,0.41873921355288307,-0.22044440395319267,0.38552614553674236,0.199015031723762,0.0,-0.2260661581728621,0.3125159073648468,0.046367744268512985,1.1723102032540198,0.48168279020611554,0.4718433969893772,-0.24353485530784114,0.8439398419892552,0.2466217782229964,0.8556390366262991,0.5849444080122983,-0.17407765595569782
0.26163678921457667,0.4724452477010942,-0.2877834553394821,0.3174644475341335,-0.5598637155306083,0.0013406491428895957,0.5570450716336094,0.5473045352562813,-0.4323640233784026,0.602314514689988,0.28810913712472536,-0.13364130626017762,0.13718865512896977,-0.21239517470572541,0.6460448072009877,0.1314904476006762,-0.8235479810246248,-1.7119739397166733,-0.4136802308758824,0.20767163495446916,0.7091959852300704,0.0,0.17801914198314475,1.0189695806401222,-0.9401859254400332,-0.44799080756913107,-0.16491803356300913,-0.038102860256454124,-0.18690238199530307,0.5899860226298748,0.7582503263327331,0.47770746397431596,-0.7912295975357165,1.2092587027092252,0.7840934400435313,-0.0026044562366359246,-0.05166553394888043,-0.5210712124710684,0.3723142995414657,0.11473477234331168,-0.009513460366149239,0.0400417570457032,0.13101963058777538,-0.09824320299198835,-0.3166801110609755,0.5661041432646843,-0.21730860152973994,-1.3944768095320053,-0.11040789582540916,0.21986133609090908,-0.563218176901846,-0.06991284480313553,-0.1669397502800005,0.03939441426231948,-0.038102860256454124,0.0,-0.09701135127300736,0.009744713473415722,-0.12187398595280903,-0.770980509544446,0.3189959327384554,0.45128692732146974,-0.3617600870429584,0.6003182897018564,0.08175392639275234,0.6042709335802349,0.2797957416263159,-0.09624051687070788,1.0713831245646304,1.0344955366192379,-0.25613794780681,1.1133668635484428,0.2123265793351565,0.7939512270617608,-0.4451724496085693,-0.700046234915648,-0.670218325789195,1.4698600437972313,1.4662071461490347,-0.46651066847206113,0.13459111316779993,-0.210263622287192,-0.483221834516644,0.12975739707019002,-0.5169333007391271,0.22281746216805404,0.7869800093628545,0.3420420806729875,-0.5530192974418987,0.0,-0.4884728227908413,1.8911265593327162,-0.45783045481510604,0.39272116371801574,-0.5974683194642475,0.29075614429825647,-0.2185574746892815,0.8383224604431183,1.6248077270609749,1.9066307497478514,1.3145967495167772,1.8897236706530163,1.9644950263809648,0.12945547927353,0.34358583544747995,0.2957036088456003,-0.4831392130823964,0.5099025540987457,1.1657621871535968,0.32556389898876376,0.8054187259705721,0.5941899907160564,-0.25823298427000446,1.193964706206512,0.07203739360060135,2.118869365346279,0.4361443455932796,0.2766817759427944,-0.565774569577544,0.47119464890640556,-0.23300974979731165,-0.49963359351851555,0.29075614429825647,0.8049624464156042,-0.30570649217692153,0.4508961319779044,0.21658424420441483,-0.7210442361356607,1.4853085389695226,1.9928761993204007,0.37119092235047985,1.1209982693824132,0.5306449944963073,1.120906942785533,0.8525403550937835,0.7952671800389713,0.012884163381063768,0.04796436135426509,-0.35950340482472193,-0.15127007498929868,0.11553390559457791,-0.5402135332968045,-0.20282062782777927,0.1961486971479087,0.2761092866799128,0.6633650206695795,0.5105146838549215,0.13984312284276113,0.1337312847746912,-0.20955453668599397,-0.2681250473765445,0.12888612708672098,-0.11305824040099934,-0.690113500754231,-0.31009080482863804,0.23537469667782374,1.201281614801895,0.0,-0.2691826751093267,1.0664553082623525,-0.6741135712878669,0.4312763503005646,-1.1543438202646183,0.13808525105547498,-0.20522833391014356,0.49465985402044826,0.9232279349813667,0.6593056922875751,0.9386320216216862,1.37460966035836,0.9882030884724852,-0.8232543685544795,1.1470235335634007,-0.7682581314645164,0.5133788464420734,-0.27778016392196325,-0.9258758953559431,-0.24938420658291235,-0.39800986424417434,-0.46081770740207784,-0.42324603871986877,-0.13015252857715442,-0.18031941722101966,0.04697199037640044,0.47535171050977654,0.35876161939887946,-0.34378086893628856,0.4224039644234595,-0.26430646572053246,0.38552614553674236,0.13808525105547498,0.0,-0.3211186444120961,0.45010241467019785,0.13092161211298434,0.8877934105477324,0.6579384448563361,0.7143731802757598,-0.44497282507810654,0.8081258678563158,0.20089342419731288,0.8255885547451169,0.5551322618619867,-0.17407765595569782
0.42494073066685517,0.4836656232443428,-0.2877834553394821,0.4969741848178519,-0.4412256090047728,1.5126470779152683,0.5804228453451318,0.1987995625681839,0.2275470019184125,1.2274487485661842,0.940279692171957,0.9889622865865367,0.13718865540033223,-0.21239517470572541,0.560716523857277,0.1314904476006762,-0.9437158622050129,0.18111370231160337,-0.4136802308758824,0.08163087299949201,-0.5091505416158667,0.0,1.3612996704214215,1.1015797228019852,1.7181315852892405,-0.32706767732700176,-0.882331140207447,0.1706393413998515,0.4121160483038005,0.757411482226523,1.1317341449287088,0.8656127792958443,-1.8217770474499728,0.8281706827549017,1.1667182868468824,-0.03477320405900673,-0.3008580039421411,-1.0194919047981121,0.5523363270497217,0.6180873219784864,0.313944192082926,0.40823482469847505,1.3867988090297654,0.531996212428313,-0.2557411761794906,0.7412182337002206,1.9847307126493952,-1.0818808958742467,-0.1623763704633115,0.28771995834739494,-0.9638038420340097,-0.11156351658267995,-0.11060645011416832,0.6442892913224542,0.1706393413998515,0.0,0.015613175526893317,-0.04055827245311608,-0.1955942771683422,0.9251764163431272,1.3084314329411573,0.8155418996716198,0.09585590607486003,1.8755818098791324,-0.6292959541664126,1.8796857634792097,2.0214809759513126,-0.3689219813377135,0.3015598250777386,0.39453591588786746,-0.25613794780681,0.3192186642109455,-0.09546538671787826,0.4828150698350032,-0.1617518426157864,-0.054965687366949685,-0.6860408841637035,0.7140857484525892,0.5163384539628915,-0.43616962840281004,0.13459102026767164,-0.210263622287192,-0.2600563821000764,0.12975739707019002,-0.3950419233595916,0.3452322540110066,1.5739486612978948,0.5746035182613837,1.118465764934131,0.0,-1.3387162779941926,0.9311579720038435,-0.34524418626657033,0.2780159683041807,-0.8587930393924945,0.4887594701253956,-0.5236505417307005,0.736054852894911,0.8037255384750857,1.3984789680847076,-1.3023791767471184,0.9911416550763601,1.2029611290691136,-0.24043859054732258,0.7438499719735331,0.6836942157756505,0.3244778949607545,0.9594762808892117,1.1657621871535968,0.5938004573772876,0.6505694638857602,0.9475857869436816,1.2370283694855906,0.5171958713679772,-0.13763131022098818,-1.2027078141075496,0.8033263453705224,0.2341628210062413,0.19897034147129414,0.5645807898833284,-0.24752989080701746,0.356161982281461,0.4887594701253956,1.4017067040471651,-0.39462560312875034,0.8228554379725913,0.4350520966575866,0.5283601323912255,0.574816757200238,1.471327666535823,0.3552673021257142,0.2988966227376618,0.6890208186128646,0.29888879741844454,-0.014329279020569092,0.636213744031177,0.03407135414961062,0.06696346337607795,-0.35950340482472193,-0.11736735468788756,-0.054245364662544274,0.18687055432917304,-0.16084024666371013,0.25385215115175414,-1.9325380891847985,0.607861887085927,0.4546984951698407,-0.5380154116551804,0.1337396117584159,-0.20955453668599397,-0.10381483651584844,0.12888612708672098,-0.1323448511711493,0.08979488883145223,-0.31009080482863804,0.3231824683413101,-0.02941586928022153,0.0,-0.8411084216186343,0.3468075317940195,2.356491818297496,0.9297832773730467,-1.2904062905555747,0.2076101418493813,-0.3302397512473638,0.4946446524120199,0.45986798412329183,1.0555753294513224,-1.592015975328279,0.46756193746097485,1.0139912527935016,0.20769959178671635,1.6653594428887508,0.18782951014019647,-0.507470886498246,0.10381682894053114,0.1190960695271128,-0.008001893706058139,1.5236578911823082,0.10777188318274382,0.09480054403656787,-0.09650962062305354,-2.3535508009746198,-0.3560158447150602,0.707902886567906,0.37325995956602365,-0.29779402242092434,0.6713198033266402,-0.3074622908900188,0.1334513580704107,0.2076101418493813,0.0,-0.41404885742583913,0.5902281603818805,0.2917101749473264,1.2784569283265173,0.8046240386803541,1.107801383412731,-0.19340518602435078,0.7396199873577786,0.4236083053489948,0.7503978612848251,0.488046169216093,-0.17407765595569782
-0.48922363473948677,-0.36662598950553377,0.9815749206443957,-0.5079090844414261,0.9492717692693284,-0.5636995951558448,-0.3752019507872647,-0.3359533368661496,0.6097366953823993,-0.645494471934275,-0.5577188245338538,-0.45050765281806127,0.13718865455525261,-0.21239517470572541,-0.3626309145550503,0.1314904476006762,0.06264513588103472,-1.2319883783574221,-0.4136802308758824,0.26113955566768565,-0.18230438147730818,0.0,-0.511028856556677,-0.4940044065843885,-0.7183527493935605,-0.08522141684274308,0.6958815221439828,0.5463753043811993,1.9448375520868433,-0.24266577256870409,-0.5947029786826842,-0.6031997486327589,0.1756480350866194,-0.489221682312911,-0.8141919468843387,1.4089398483417526,-0.7992429439286675,0.998012126987905,0.8281533240126737,0.5551682532740895,0.6374018445320013,0.38001815141641665,-0.7251948337989146,0.595020153970343,1.145854326094668,-0.4568664578712476,-0.34657562775561024,0.9201371795599407,0.31695160345679774,0.047381193966860906,0.6105586412277355,-0.5883438076661762,-0.30576201553268434,0.4714621835909871,0.5463753043811993,0.0,-0.3407481831832486,0.4234081705547695,1.0061351808032162,-1.020706907422426,-0.619652208344241,-0.563718052688126,0.020308072826410152,-0.7580262111099549,-0.014238579134393073,-0.7603954357289576,-0.6266822798058967,-0.6416034458047191,-0.6366831222344184,-0.6261464146790365,-0.25613794780681,-0.6486709151512873,0.1727130267185924,-0.5853355024418495,0.051048058854714855,-0.22688995486744637,0.4962552495800572,-0.5978291803115091,-0.6300131725575427,-0.4856576689065101,0.13459075078799845,-0.210263622287192,0.08358410995325938,0.12975739707019002,-0.2568586999813789,0.2505022104313722,-0.7869572945072836,0.41349947631711503,-0.13587131818219664,0.0,-0.46155213930885924,-0.5307149884658989,-0.5741847973457408,0.1633107728903456,-0.14254238130953506,0.29075614429825647,-0.16498539675416293,0.034917482851931726,-0.5629493735292888,-0.4090818573142684,-1.6498465377051545,-0.5547572908254773,-0.659390597030627,-0.11592090746895856,0.4579470173120677,0.459583009668866,-0.627379920369562,0.3413124065523209,1.1657621871535968,0.08015120636671821,-0.5950260224585439,0.29969349385970206,1.0875022341100313,-0.6170652970812445,0.539508376782038,-0.7366228639621345,0.41528695546255984,0.1453164484952955,0.5365065409234895,0.47132794137358675,-0.24411029147389762,0.4417415398614587,0.29075614429825647,-0.9852703264791219,-0.3591283641882526,0.42976737195538645,0.4980035097325009,-0.18135150727606777,-0.6582051282361743,-0.38388711460837166,1.085050469684839,-0.6605364038171978,0.5154408311012582,-0.6613732084019854,-0.6557910393557828,0.0,0.858336823876117,0.5920491513171138,-0.1790884119975552,1.2015824758647107,0.29353472526533686,-0.05165467497260963,1.2479258866565934,1.7658642674340679,0.5722125785469394,-0.30062539701928337,-0.36143087203294133,-1.2368027198982665,0.13371598512707467,-0.20955453668599397,1.0060719082450742,0.12888612708672098,0.26527139146701273,0.21288876275506383,-0.31009080482863804,0.34349271860767866,2.4484559101486263,0.0,-0.9780916761780177,-0.21687029686902162,-0.5443828290776598,-0.06723057677192126,-0.04477894222950433,0.033797914864616176,0.9329969409346066,0.14515497790277393,-0.2216354083325331,0.08862976046137087,0.6192405853518534,-0.13041121850465978,0.21853687057543958,0.1113137006965589,-0.4079841944126881,0.6251938674169004,-0.5159472532539903,0.4218143229926098,0.9028250431894047,0.29204822135733427,-0.4498546755383141,0.4236549890632003,0.5552863953756231,1.1813338922417291,0.0026164566232549074,0.4940999273915069,-0.024986614618158286,0.0829040638788348,-0.043934073747673594,-0.22883080219940816,-0.24468715830786483,0.1334513580704107,0.033797914864616176,0.0,-0.2443298599048921,0.1486191794309703,0.08805811094510727,-1.0582744370966968,-0.4996292911346852,0.14778925515120286,0.600308870464255,-0.32403725259091026,0.3116842351212171,-0.33890624541033587,-0.3042990415023729,-0.17407765595569782
2.6875196056088804,1.963204221947781,-0.3935633200048052,3.006235005163475,0.22299634966503828,2.830581362965359,2.238681960317051,1.8216611288081297,-0.6926711376503242,3.2331598068319027,4.062185524270996,-0.021105203226949355,0.07833169594205976,-0.16603744920146124,2.174329408502176,0.07266577367405826,-1.1126546300372553,0.47252493217024,-0.4065894168426293,0.36222621018185214,0.9471110275407395,0.0,-0.2606097251795115,3.3064724117143633,0.020466200133372917,0.07822413282518766,-0.7366501302648932,-0.13077522231046093,0.24717869886289814,1.3203840616400895,3.26028127678193,2.937591814584387,-1.831377516733547,3.2623515993718297,2.8377173210728315,3.86487445684863,0.46383427348223655,-0.5534313027317111,-0.9323864871618505,-0.19986057117867248,-0.3329711128152245,-0.3394010658071291,2.930680597070026,-0.2242910860760486,-0.3355979672192393,2.5507518181001503,0.9941483719648798,0.9730751709514907,0.017346165841009554,0.32279598023392986,-2.6699323105126083,0.1872753858821549,-0.15990066258115576,0.21222152199378655,-0.13077522231046093,0.0,-0.1685903337615336,0.10471614165441684,-0.4367567701629967,-0.8616928949141138,4.063119884078544,2.7372059254570025,3.4822994234757223,3.1559541879984825,0.32995893200711635,3.148861054465627,3.9710229008512505,-0.09624051687070788,1.1526104527390753,1.3709490702579972,-0.25613794780681,1.210651738727612,0.16443219398441267,0.7957315603173629,1.7157931220462925,1.9353912763548646,-0.2633846193624734,0.8922883353819001,0.7212405921132393,-0.23697046598167595,0.07573447981287788,-0.16391615627629685,1.8530088429758504,0.07093404373170419,-0.4636200720111432,0.33385180846960955,0.008659364591891407,0.12058476164759327,3.050736024394047,0.0,-0.425501908357023,1.1870445299134098,-0.584016840906968,0.09272296032798825,0.4091259975948865,0.4461125999472421,-0.5260398157024059,0.5654050177719304,1.0100641362380938,0.7596555989022225,-0.8158001722577215,1.3403692059615366,0.5490873048592118,-2.366456921643448,-0.156587245674556,-0.06381642135995869,-0.07706724406026932,-0.6140317628774193,0.004270191161735029,-0.7472945199333416,0.571462501249008,-0.7015945954519026,-0.6209570983815952,1.2684141120413932,-0.0861734594243136,1.3347956054035228,-0.13542247747968592,0.06682052214911882,-0.8663350047174774,0.20444928851908223,-0.15291389987384815,-0.2428949207785226,0.4461125999472421,-0.9852703264791219,-0.03181932331411196,-0.14002685320447067,0.34366239137535687,1.5669347747313052,0.7050041202378731,0.7993378217403362,2.549699736974781,0.7372681061102014,0.2866520910700127,0.7355870987885517,0.44581492205751383,-0.5089709952249416,1.0799121593216923,0.6419114383443197,0.8131940485518618,1.6404923860832745,-0.7388020949084477,1.5241409818137812,1.5295656093120233,0.9931252675621141,0.26230987507783565,0.8448703093662979,0.6978320732219028,-0.1461851458542765,0.07486367616143129,-0.16321190770208055,1.487765453742657,0.07006561271157306,-0.4557383128286378,0.2902010796335283,-0.2968230509808788,0.13933916871393395,-0.09765381680479782,0.0,-0.08715885079813708,0.6119847102338635,-0.15140678338198776,-0.6485937376023367,0.909052605637666,-0.045659103185563196,-0.1187589248658099,0.23733539441943519,0.9762367015687726,-0.0030277046064195188,-1.896780514859237,0.34396235293290417,-0.0049483909945851985,-0.9818495472809038,-0.4079841944126881,1.0939154246318135,-0.7130309844310704,-0.02338216868030033,-0.4033899129144151,-0.19343962092787872,0.3372923663158766,-0.08175798034553007,-0.29389252690828005,1.593751506982828,0.9316469477155378,-2.217502796777533,-0.13217551476201686,0.23963432863816153,-0.4575703674119263,-0.6582216552602812,-0.19766245763749843,0.04942642891496681,-0.045659103185563196,0.0,-0.15270698535940228,0.04906010543539385,-0.07920523144203492,-0.9293534204728905,0.35077925875815724,0.037543418702828055,-0.2376612725662505,-0.34521312906910767,0.29318112704679206,-0.33808688063671566,-0.32741389259595016,-0.17407765595569782
-0.45783304183123963,-0.3299738893643451,-0.4993431846701284,-0.47340336768144653,0.9588929428884717,-0.5132139071003473,-0.3345414751149318,-0.3548708280809439,0.3461562825257523,-0.5307083312317332,-0.5052838184365085,-0.972042747883804,0.13718865466443225,-0.21239517470572541,-0.30597966777500196,0.1314904476006762,-0.0668760407077625,0.45717706588401374,-0.4136802308758824,0.6250777837639812,-0.25737769089530493,0.0,-0.3605515141551569,-0.4733875025285944,-0.5621648536836239,0.27754797388364,0.022307243833368417,0.1706393413998515,0.10518697838056955,0.13004093176389456,-0.506325709131053,-0.3485638264792432,-0.9826478748621099,-0.467769026373462,-0.5006519176832019,0.628469436802292,0.5713156410342783,0.11503975826181917,-0.1068114432718508,-0.07402243376987881,0.9608594969810765,-0.18803742287393363,-0.5975438887394725,-0.035219261449958225,0.505995509839074,-0.40213465019906225,0.09124120933979256,0.8594760948980324,0.3021427399619846,0.12802598361243767,0.4556174177810285,0.19003796549466206,-0.2214141860370095,0.21222152199378655,0.1706393413998515,0.0,-0.2984208980264624,0.4090739023824212,0.12677800527370955,-0.3925449697828385,-0.5436809549044149,-0.32460712248222817,0.42426853205375803,-0.5261218579295641,0.6127423403045182,-0.5304364213350239,-0.5394636969798098,-0.6416034458047191,-0.6545968476988465,-0.560663055810913,-0.25613794780681,-0.6671506787521467,0.8540832143774005,-0.64367094029283,-0.3941093595332176,-0.29416213456224133,0.36641260272469267,-0.48749393232249905,-0.5581604531518692,-0.7657945416282916,0.1345907531644657,-0.210263622287192,-0.47189493132885335,0.12975739707019002,-0.10617570965945014,0.33392450353313397,-0.7869572945072836,0.4072781158790483,0.606801333705965,0.0,-0.2789265136900766,-0.4544432883818174,-0.5136438146006019,0.39272116371801574,-0.3084098470394132,0.3699574746291126,-0.3355998040088137,0.13266400845074203,-0.48643407553906864,-0.2534411297269449,-0.3984355312590125,-0.38144176179942996,0.05731785254565465,0.9266244460083785,0.4579470173120677,0.5679206123671767,0.26841991561934814,0.28511569070351267,0.004270191161735029,0.030887992639470126,-0.5508042408495843,0.24079419448843117,0.5143187151703865,-0.6455928692287398,-0.18886167416647628,0.9834486599387665,0.3559187827198792,0.22129874124229626,0.5088831993658255,0.2791688955064058,-0.21829652466833155,0.5273210974414564,0.3699574746291126,-0.3885260688475611,-0.31061466590138037,0.3696267758887532,0.23680544199900674,0.4123538139671989,-0.5809457907443273,-0.22414312463584116,-0.3296761750726224,-0.519084691206987,0.3670532808744801,-0.5184812887839256,-0.5759181770625765,0.09543206160467656,0.13616052228745612,0.17253915265514747,-0.35950340482472193,0.04599080595568559,0.09442729922054441,-0.21294864736373526,0.12104469377464742,0.05132277377941916,0.3083777767918935,-0.3558073420289836,-0.4050838197425797,-0.7783594583972044,0.1337215489338729,-0.20955453668599397,0.019327917998788097,0.12888612708672098,-0.2542631591506832,0.2673103011109548,-0.31009080482863804,0.10637897128616856,0.17827999419619758,0.0,0.12936261589458614,0.10280346954906293,-0.37841316909131245,0.1820228867643204,0.4419406292276175,0.6595219320097725,-0.8515669486399348,0.07509846900582338,-0.26289100386383796,-0.017844489241863343,0.39840159254623864,0.17888716166111135,-0.6384560295601426,-1.4896042650224124,-0.4079841944126881,1.1720521790052483,0.3982094064636269,0.4218143229926098,-0.4033899129144151,0.29204822135733427,-0.30743747794211296,0.4868316102392916,1.1596740752581334,0.0650135548299442,0.16262016965582304,-0.04970182220459527,0.4843810702162528,0.17885865416599928,0.13693087469451015,0.4196360960195739,-0.2932210033102848,0.04942642891496681,0.6595219320097725,0.0,-0.3274606612333177,0.4555431343587189,0.6365713097070422,-0.17242935954660168,-0.33323180627074517,0.042078474378344895,0.03581342153894798,-0.4509613367470525,0.019981190609888455,-0.450321873083203,-0.38849553766489414,-0.17407765595569782
1.6091951106456512,1.6511420641380106,-0.4993431846701284,1.7987503304575565,-0.22756410039361546,1.6471554804316935,1.8871849956609275,2.0059172385670685,0.6390445912554937,1.221659150415792,0.9335400759794237,-0.051096898110477025,0.13718865653934392,-0.21239517470572541,1.8309223044554481,0.1314904476006762,-0.8336382908637155,0.4725249321702453,0.8768479231742464,0.38158003661073925,3.15395629503654,0.0,-0.05819946374519389,1.4565229493549277,-0.3466984556427767,0.1566248436415107,-0.16399639895422427,0.5463753043811993,-0.7288978796888121,0.9937464829707271,1.3160690426992188,1.749320884393771,1.6221701344187067,1.6710492295568102,1.6627968249029401,0.23921354176836096,0.3221231710410129,0.11550710132139647,-0.0041265065956110234,0.366411047160899,-0.3329711128152245,0.15365095828012618,1.3927185810718565,0.34292438780222256,0.5974039121613006,1.7850132713825158,0.2846570107720658,-1.3454235292744006,0.5010721923319168,0.1906306575760501,-1.1938467411947837,0.7378946215442139,-0.25253592754062465,0.4714621835909871,0.5463753043811993,0.0,-0.2724996193294903,0.6016280520406236,0.5905356841428842,1.7359087779367397,1.2537264717547574,1.6453708776786051,1.2769656035173598,1.3251910962026308,0.44361182806325505,1.3234043169370715,1.026239406399017,-0.6416034458047191,2.960026116194692,2.1885750214869653,-0.1856222374794291,3.0616872571383937,-0.2390299429682677,2.4049919341781316,1.762531486048535,1.53221422843997,-2.3974011205082655,2.3198689359655247,2.7873484863020477,-0.38373043485208747,0.1345911696238502,-0.210263622287192,2.126287580812749,0.12975739707019002,-0.5672502683946322,0.3452322540110066,1.1357427785478605e-05,0.21593700073775907,2.20308128421631,0.0,-0.0538234054319519,2.68529753246826,0.29209358932222634,0.1633107728903456,-0.0752712926993789,0.29075614429825647,-0.378761910676624,0.9551812783132053,2.4261054849381756,2.2583605592798057,-0.8529271721034358,2.5421604784811382,2.1731883741536717,1.570919672961301,-0.342581255740038,-0.13004221673439514,0.25133459063384983,0.5099025540987457,-0.5764758068341959,0.17849636688619885,2.651747775714458,0.4174920926022438,-0.5323642324585303,2.476020618252934,-0.033466442071514405,-1.0112528429311338,-0.029014187085691864,0.14545859546317433,-1.7656996057346237,0.24991931629297112,-0.19453680209511576,0.2705824247014634,0.29075614429825647,-0.9852703264791219,-0.1035500241174915,-0.0203144532298165,0.36354344164609786,0.21046877188311386,2.5573874395010723,2.3538789011075805,1.0351096565492584,2.0640134860301904,0.2481415745029182,2.0634222094191883,2.1791994416414986,0.38172824641870623,0.10684447702423794,0.13923650723635306,-0.35950340482472193,-0.0009193150586947138,0.008460152395738366,0.5831574952291615,0.03640863875733224,0.015088390666185624,-0.6265455907299035,-0.020016269638192145,-0.12896028695930037,-0.383445186007807,0.13372337723477937,-0.20955453668599397,0.026617899934334964,0.12888612708672098,-0.018133099156429605,0.29020107963353625,-0.31009080482863804,0.21782212996043157,0.6285016957539401,0.0,-0.6760900246771069,-0.41201708392490005,0.5257476215296192,0.30664961853244316,-0.16149246456604846,0.346659923437194,-0.5281169514286757,0.30140738821213553,-0.12059573261757382,0.20399409116040015,0.1742560113604954,-0.33638915480211345,-0.11953483979129298,-1.1747853260524581,-0.4079841944126881,0.3075859695585638,0.841281335317127,-0.1505811663011318,0.6415820519686407,-0.3099182772540414,0.6774826098777552,-0.14493460152162135,-0.9412926214763062,0.018728674380081745,-0.0809070664100217,-0.3165070028152766,0.4486845597006364,0.26328238259281134,-0.08748384349654481,0.6333842977751635,-0.2711185765764415,-0.20264835855136484,0.346659923437194,0.0,-0.30773296164482333,0.43403388964066153,0.3278082075579947,0.831108274435736,0.030893847563216437,0.26232637098439626,-0.2727177249785412,-0.011955381442172971,0.45996686660784636,-0.003024100017413001,-0.12900312309577341,-0.17407765595569782
-0.43760974065464775,-0.18869163456316312,4.578090319265383,-0.4511731284433224,0.18634811992403855,-0.9733727585173952,-0.17593861539395617,-0.05303435532541591,1.7341230737078992,-1.4072664674553295,-0.7754295220265787,4.113853434672011,0.13718865429607663,-0.21239517470572541,-0.15165334467123973,0.1314904476006762,3.7259799314796243,0.4725249321702453,-0.4136802308758824,-4.403228008831145,0.2908650989038947,0.0,2.351165012142601,-1.3277433634044629,-0.49350740541372556,-3.229222803138074,3.5422321849788676,-5.131412580670285,3.2959628232648823,-4.510989232412518,-1.3754401624053751,-1.710347530840116,0.2175051538270164,-1.4012557837350876,-1.7252841914957258,-0.04991027113592573,-2.6681864688781345,-0.7913654980556541,-3.1677259844195964,-3.660409349920498,-4.214462942204127,-3.603338186840285,-1.4566453374081758,-3.6275839293456755,-2.3886038970314702,-0.3677589619706493,-1.8525515187979094,-0.03403687364016482,-3.9708811216016295,-5.604101756084639,0.8557585640253327,-4.478134046001122,5.624931418863871,-4.799764602218758,-5.131412580670285,0.0,5.277102741844537,-3.7270078408205407,-4.227892653998224,-2.4711718559322753,-0.7939658193708011,-1.6033637313092717,-0.3584968251454152,-1.3563635097282156,-4.075634687140099,-1.3650621594753054,-0.7847509137206445,-0.6416034458047191,-0.7493923027885655,-0.19891554549759882,5.596666009365803,-0.7649414822352498,1.9557080560837263,-1.363478063022896,0.9946590302375989,1.4316318683740326,1.6058800180366273,-1.747983637512884,-1.1104683362411734,3.8435594038194045,0.13459065251101457,-0.210263622287192,0.9495957359924525,0.12975739707019002,0.7528075599756338,0.3452322540110066,-0.7869572945072836,-4.735886097058292,0.6086413234408783,0.0,2.99734934915193,-1.464097808801677,-1.6964662067621632,-3.6219606757661684,4.292707269328975,-5.2533369788616096,4.326234618774998,-4.933732322656976,-1.7240190338923127,-2.131536425305276,0.3104013707313964,-1.4692485093625383,-1.9714748556212986,0.18109759887926907,-2.801346665828647,-1.4044338020070037,-3.6980257836180757,-3.7048511345618733,-4.060951794809782,-3.6621574749332035,-1.6458139182138989,-3.9410560608718,-2.6008091051537696,-0.8047007567859888,-0.47290349368433515,1.3301482227534047,-3.7409259833390616,-5.660247342241441,0.9733519244531101,-4.96358600850672,5.693109819223183,-4.778611472518398,-5.2533369788616096,-0.9852703264791219,5.314839967429089,-3.7805209352619356,-4.758213479357704,-2.3321470010400493,-1.1155653527413676,-2.151751924182396,0.24614971005987643,-1.8151917491795633,-4.491988953927626,-1.8201081410896278,-0.9694634112272885,-2.831151160938738,0.20202910198587912,0.27380526891001766,3.4292114445457793,0.1513905287675676,0.19913281364403504,-2.3011259764634766,0.39733832580404604,0.47117147252235325,1.6640789193374732,-2.852353006958931,-1.6709345206361692,3.8217592462245706,0.13367690276505434,-0.20955453668599397,0.19144092042272592,0.12888612708672098,5.590288842732239,0.29020107963353625,-0.31009080482863804,-4.230542380329589,0.1716414368914532,0.0,3.1794313221465806,-3.9438040925707702,1.3650693798618858,-3.6814057980474426,2.222552459056567,-4.207220423563666,4.3692944100443185,-4.95815498892868,-3.399374363234575,-3.5108553496961195,-0.3847033492100086,-4.06082513653219,-2.933520624913798,0.20884448530608826,-0.4079841944126881,-1.469625642399885,-3.6551553535482157,-4.157349591357323,-3.538305807563583,-4.288136246929384,-2.0635274714013585,-4.125061735615373,-2.8407967582499096,0.1687223695906812,2.673235492692907,0.21317467563006576,-3.912331586763675,-5.558762518908397,0.7062157544214489,-3.5239502016344244,4.824463465212342,-4.655969603789891,-4.207220423563666,0.0,4.55280062966014,-2.19373454370965,-3.999731155384779,-2.8375733298697874,-1.451378853637258,-3.4258859051350075,0.2520458036007433,-1.103739480232857,-4.046396284389283,-1.11208524994849,-0.6978973831984454,-0.17407765595569782
3.0303858079694526,3.068810917042696,-0.4464532523374668,2.059399271992492,2.5702247608786952,1.2090848490035508,1.9113624752666807,2.4092039377882095,-1.0469278555464099,1.3035755115209782,1.0549263677678113,-0.9477499774572937,3.3154646289756067,-1.7780437185390825,1.7886013589766856,3.3080228396380456,-1.1783804605492196,-3.856564798411598,-0.653159682142908,0.5199198937393655,2.6164589467276738,0.0,0.1270651034553502,1.3249703953343108,-0.1817434955025155,-0.8749616540426218,-0.06374361703736645,0.6983051954836221,0.6924055062747504,1.0136535375769522,1.3738509616129748,1.7145144618356272,-0.7469955735819181,0.8226464166872891,0.8153778324350396,0.7630208548305334,1.592490969099449,1.1464582298443253,-2.221752868367559,1.8450091617142246,0.6374018445320013,0.3017221153719603,1.4771943071708529,1.8239870140399306,1.059471815309057,1.8667106472368016,-0.13568390738918668,0.5131205598487335,1.2061452926483167,0.23106475251163514,-2.932785865494287,0.3825974665882642,-0.3382942956434634,1.63804516077839,0.6983051954836221,0.0,-0.5903720618911659,1.9320525419956749,0.9852542830879821,-0.6416009212026009,1.0147564801016646,2.567342520819452,0.6343491426335051,0.8730832204928535,0.6683546835552793,0.8710257087380224,0.6150595152420709,0.04010021536279492,1.7051958889889154,2.2441171682189083,-0.00933296166097691,0.969412142328547,2.163132272775828,0.6244951975041858,0.4104018064405321,1.992184866595011,-1.868645074750968,1.1443236860298585,1.0417478904802286,-0.0015743377342706884,3.3128383370185053,-1.7755656702414047,0.2694820038457651,3.3062184773484247,5.366294734837648,-2.466850382772861,-0.9329927144539921,0.20875463959299076,1.3512639527391588,0.0,0.7286990960352682,0.910194175591946,2.6955573054943707,-0.887365166544619,-0.23619151264322383,0.4099663940745954,0.7498482531472668,0.6839376490317809,1.0998055275525462,0.7062481322109974,-0.015600913676209572,0.6517620844796862,0.25546747019464455,-0.7460067114057015,-0.014529721164563981,-0.21542061052347772,-1.6586550291415028,0.20082061693030032,0.7302026886566486,-0.6972600334396677,1.408045199559121,0.1818948951171603,-0.5865738794761304,1.0612808773631546,-2.015957780128092,-1.0742543138001712,0.19884829481972527,0.20709351201029758,-3.2368279964566304,-0.03392873955970675,-0.22914016834941273,1.85380423993142,0.4099663940745954,0.20821818878402154,-0.24275519457988404,0.6509515250106338,0.5857879568906126,-0.8999684119785906,0.6617140765655591,1.3381569840594703,0.7978462502292559,0.8480969663093716,-0.06673648050387979,0.8478677125757975,0.6907684910375452,0.4612549644226034,1.784204301954833,2.577089039834962,-0.26929590841113854,-0.8946638840999944,3.5276008363555826,1.5016719793303708,-0.9358811421492633,-1.701430254327562,0.13694578314869393,0.3817701560465707,0.2461769326645768,-0.5838832971197029,3.311809934196093,-1.774693222780495,-0.8452610819747666,3.3051939033447084,-0.4685333293916478,-5.3909765644634025,-0.7581852543667036,0.42709651199808973,-0.9701530182270008,0.0,0.38989381975931947,0.7758864300625372,0.4809511741431876,-0.631905304731609,-0.03599140318547083,0.4197685714885185,1.1016558376066785,0.5431072410400078,0.5972739402137517,0.33660177449956874,-0.18219004895202767,-0.6609945676619333,0.0023877888890997357,-0.8160407049986458,1.5103930370079761,0.4863293480110032,-1.6906878149789104,0.2310158265613626,-0.01152542608326919,-0.7983739669547686,0.4239857000609742,0.20253681494688075,0.0698773407424445,-0.8839358926435721,1.1896101009681357,0.676040458242075,0.9330545656996707,0.3763451202116525,-3.9476596811276172,0.34757971883993605,-0.30904768710009956,2.1920621223787857,0.4197685714885185,0.0,-0.42775453671313196,1.8493573768715674,0.49405395226428656,0.3172915018547335,0.10240997401229335,1.1860728051542586,-2.251835369156396,-0.3381906237171732,0.5665086836971926,-0.2854108966358107,-0.3489432529065576,-0.17407765595569782
-0.8067904218428148,-1.0407603880950618,-0.18200359067415894,-0.8569901717087995,0.3370138294240831,-1.0675338796924347,-1.1316388481135036,-1.0887481155817937,0.3233769112529724,-1.0606446020991078,-0.7044405613750991,-0.4524575694674421,0.13718865443942854,-0.21239517470572541,-1.1418949809013823,0.1314904476006762,0.8285131826447638,0.45717706588401374,-0.4136802308758824,-0.16873317696265688,-0.8983617346516776,0.0,0.05502331718873248,-0.9316038372376253,-0.8299956493662353,0.1566248436415107,0.3076761596451143,0.5881237447124602,0.1653712312127955,-0.6661437978510808,-1.018954320019883,-0.9051598666386803,-0.38700900803017174,-0.9442921668427586,-1.0850441056697133,0.035242755058346675,0.4467194060376456,1.43587520530977,-2.014619875722346,-0.13694150247427564,-0.3329711128152245,-0.2738655122913684,-1.1239308494386433,-0.16126714453401847,1.206793260976152,-1.1679039295306677,-1.1395336665035407,0.08371223104739296,0.7761127443559093,0.14818447272051133,1.0226630516579949,0.4019428240654973,-0.34247291026664556,0.2986350758595201,0.5881237447124602,0.0,-0.5368511859353932,0.8678540883845148,0.8929351381736169,0.585639867308658,-0.6956829192413194,-0.8472678523251106,-1.109855025319718,-1.0965792148063684,0.00796341513973494,-1.0927425114182114,-0.7346766636314419,-0.6416034458047191,-0.7695268941904281,-0.7810955162903436,-0.1856222374794291,-0.7857122890280727,-0.10768882719484017,-0.8956357915470406,-1.1656824636388081,-1.047639109713977,0.3493044987808543,-0.6146698802049502,-0.6405834735374227,0.4057802937449204,0.13459072687724366,-0.210263622287192,-1.1940827211327898,0.12975739707019002,0.0321247150014315,0.3452322540110066,-0.7869572945072836,0.1779690938776918,-0.13985418251985995,0.0,0.17855447674894587,-0.6600104988684815,-0.6901726386249041,0.1633107728903456,-0.2668910604333118,0.3699574746291126,-0.05136960806392236,-0.03006924955223861,-0.6056482988788122,-0.524932880637714,-0.03364807741753089,-0.5099750180702616,-0.7300680345017756,2.0012656335404024,0.1720440626506006,-0.03497018175914208,0.7606744984443373,0.3975091224011292,1.1657621871535968,0.10476011766454345,-0.6737249403301496,0.35859279323097293,-0.10870684889444482,-0.840502173034436,-0.5008684533125185,0.3399432875729234,0.33105497148122004,0.31762512648043917,0.6393733564224553,0.061317995393823294,-0.23689378734257782,0.6984802126014517,0.3699574746291126,0.20821818878402154,-0.24208960100430704,0.3444394682910961,0.6028163722201766,-0.11949169907916586,-0.6585543670990678,-0.502792397274665,-0.5659417465421965,-0.5380325027837777,0.3047258070762351,-0.5372599520338405,-0.5805766428285329,0.6680244312327359,-0.5890139551649197,-0.25235140415947266,-0.26929590841113854,-1.114398400295659,-0.04641567117335122,-1.4379237806398237,-1.0131932460695026,-1.1933673281217536,0.4593405871059798,-0.8633873080404566,-0.7748213775248696,0.37611937127779754,0.13370850845220378,-0.20955453668599397,-0.8251000081094267,0.12888612708672098,-0.20247620245839834,0.29020107963353625,-0.31009080482863804,0.03267025803601573,-0.659559404762061,0.0,1.0060980359609375,-0.63280118373547,-0.6478946771695424,-0.06723057677192126,0.6321099249952238,0.694284377406725,-0.15823720279821488,-0.0349261885657876,-0.8539932648437938,-0.5721228916117985,-0.5941370476978484,-0.7433808008787365,-0.9201542621311719,1.5628859116631113,-0.4079841944126881,0.5246395675867631,0.11603640528525004,-0.2141806651115475,-0.14214692169365117,-0.370528249628504,-0.8514799674839104,-0.20811122269771265,1.4186973666363527,-1.1040499310516698,-0.040289671976732166,-0.4433888067013278,0.2208606012618177,0.06291425996797173,0.4381991364356617,0.3738666476812553,-0.24086717116418133,0.8896757204694057,0.694284377406725,0.0,-0.18645403647383635,0.29675657026366337,0.7004507278406656,0.48756601571129893,-0.5995922698006023,-0.5082254990545787,-0.7568770036876074,-0.538442425417729,-0.4793643453172794,-0.513715283985081,-0.41287135167450106,-0.17407765595569782
-0.3987486073933837,-0.27162779948512633,-0.0762237260088358,-0.4084555517432303,0.4000770244930851,-0.4385760203402502,-0.2772699663241034,-0.22025229888718034,-0.032051801949198606,-0.27235470727261196,-0.36845909528557896,-0.2709326255589882,0.13718865470121916,-0.21239517470572541,-0.22959856503206114,0.1314904476006762,-0.25732896837051916,0.4725249321702453,-0.4136802308758824,0.27753948045419735,0.0893823938263118,0.0,-0.17350110137789362,-0.22350940534422317,-0.511890040920116,0.519394234367895,-0.06326782218060702,0.12889090106858972,0.37060108104158884,0.20299689487364053,-0.2509000823483977,-0.19263695116905524,-1.6267575389403317,-0.20523370756142137,-0.18482320952347944,0.15534244107542292,-0.05166553394888043,0.09248904967904999,0.8061537498864926,0.05181570363891485,0.6374018445320013,-0.13090942553747376,-0.4122661912960408,0.027804680092071904,-0.04245490409429271,-0.3034886030778377,-0.6547392740406143,0.4151828229637046,0.07246217915254947,0.18871184230937146,0.24427457450757883,0.10614369453891767,-0.21470520364950016,0.7307028451881877,0.12889090106858972,0.0,-0.2539973344226485,0.18675415760455924,-0.0071256375081019275,0.04307132458232704,-0.3952181737434121,-0.17818701065509823,-0.2688260039711901,-0.30082662136606525,0.347044983224056,-0.2989165259591867,-0.4070256534193474,-0.09624051687070788,-0.3270936668041739,-0.15393232466580534,-0.25613794780681,-0.3292990409874831,0.6650653287875626,-0.1568352474119016,-0.03800815990692769,-0.29644793610138986,0.22886740763077187,-0.07070424372625826,-0.24604103484751175,-0.33693512994997615,0.13459080706674525,-0.210263622287192,-0.059752604707665635,0.12975739707019002,-0.3406096465338323,0.333924503533132,1.1357427785478605e-05,0.37992484951431754,-1.5718666683824711,0.0,-0.3541225051976302,0.14528281884186642,-0.692340271794525,0.048605577476514034,-0.5689640034836932,0.1719541488019743,-0.25784679934754545,0.36819626505561065,0.04403365956061317,0.21498221993182243,1.0301650596659273,0.16137718425579267,0.16785478069515933,-0.6389490217575892,0.22922465358289448,-0.17840893161536348,0.43151890109760316,-0.10826132023814507,0.004270191161735029,-0.2908111646440094,-0.21480197203582976,-0.11260160173919401,0.19034542185667347,-0.17965667810422312,0.2898877226244864,-0.019103988318426808,0.22934877526254138,0.18889655831038615,0.13956003690496452,0.4083662384329414,-0.21158439764361758,0.013843751961470389,0.1719541488019743,-0.3885260688475611,-0.24209688917958438,0.24141000011507,0.10034306145619845,-0.1576870852533391,-0.1997563716784064,0.25662958846410616,-0.8274924552925609,-0.12527140461465505,0.5195119990801522,-0.12453948134734187,-0.3322177969695799,0.2862961848140297,0.5931485475188926,0.3979391604865216,-0.26929590841113854,0.7772409924318994,0.11464202705460717,0.39841975976274596,0.7239516653436342,0.6087337612948419,-0.0035049302712755284,0.6446294971199251,0.4915968092012716,-0.261129850706437,0.1337296044330826,-0.20955453668599397,0.9274003536318904,0.12888612708672098,-0.430704058935187,0.29020107963353625,-0.31009080482863804,0.18533764969030964,-0.03170161394665034,0.0,-0.2817952275240935,0.8139352817397247,-0.30308348657121237,0.1820228867643204,0.14752769638444552,0.346659923437194,-0.6239633267750079,0.42335608893075305,0.6816853410129985,0.5763691908529933,-1.341785174626407,0.6958332583186729,0.4797711148849992,0.21601075111252627,0.11035171491266221,-0.7490591707164738,-0.2399585198532266,0.2310158265613626,0.38033906074787677,0.052156442302215035,0.14254809184329717,0.2341251255349264,-0.27934421017641436,0.7765990153908843,-0.035962483183092336,0.02476473941832816,0.4288058318217347,0.30911151171412654,-0.3497671278453164,0.20989719951995142,-0.2650986504238763,-0.2866732877068087,0.346659923437194,0.0,-0.28186386639862465,0.42205578823930046,0.33672098977073933,0.21440062373004487,0.5230290420330506,0.6320313713816601,0.1298281603420716,0.6772363147198052,0.47825423258099864,0.676377779689716,0.394109962085123,-0.17407765595569782
0.14690234515902104,0.46243598509528505,0.029556138656487336,0.19134411627158723,0.5772605723568601,0.1266768487873361,0.555917700987458,0.6718018353268713,0.8514882527687547,-0.03512759811004652,-0.21988695801425132,-0.5993499602472505,0.13718865501125377,-0.21239517470572541,0.6136115042506329,0.1314904476006762,-0.4898801272909156,-1.2968417464255044,-0.4136802308758824,0.29040398465479167,0.44481032203359167,0.0,-0.35678473554761037,0.2402982177137247,-0.7019857528813731,-0.08522141684274308,0.46685795157782983,0.6716206253749821,1.4996183172243827,0.2467160313148765,0.07413614439022387,0.07002318232112142,0.9942710984557889,0.3352056487802992,-0.18231167761909078,0.7031676962290013,-0.1762617689455087,0.8116475425803353,-0.45524185091550523,-0.13694150247427564,-0.3329711128152245,0.01159480050146933,-0.13363207020026205,-0.035219261449958225,-0.3166801110609755,0.4360162859381499,-0.1692721468753831,0.8238579994626681,0.45487505174540754,0.09478020151405703,0.00731466662174923,-0.07125943694442653,-0.2895124173780335,0.03939441426231948,0.6716206253749821,0.0,-0.33827192624591956,0.5569114401146363,0.9256151984711828,-0.7558926629734327,-0.3266521562233379,0.06845889978967253,1.0652688332825342,-0.18255369339899083,0.2583727861473524,-0.18929669787737174,-0.346259811624609,-0.6416034458047191,-0.9208162606750331,-1.04107051036359,-0.25613794780681,-0.9417821008604629,1.1532108312195775,-0.9619154287222966,-0.5558567812204303,-0.6972864121563441,0.5875446230342591,-0.9858810971170189,-0.8468959694946417,-0.5050807370641577,0.1345907171924737,-0.210263622287192,-0.5418425107985694,0.12975739707019002,-0.07676753201040716,0.19396345804201098,-0.7869572945072836,0.3649675753350586,-0.7171799837526637,0.0,0.4165822226195252,-0.87663693774078,-0.647189600992002,0.39272116371801574,-0.3177107342126514,0.33035680946368495,-0.4533635103260653,-0.1832350613026476,-0.9795154381911927,-0.7139333756324329,0.07751642541459469,-0.7848425178537926,-0.8416012611434359,0.0946503180334607,0.801030562905827,0.9643420036521833,0.8074732131503702,0.28511569070351267,0.2946431901597005,0.0062336403858281675,-0.8462109922957731,0.1818948951171603,0.9878181438596583,-1.140131623392144,0.22953675665507148,0.5764656388241518,0.6855475657867622,0.21902677687840563,0.9262595038597622,0.3705485635111961,-0.26899963901475604,0.09942330954146805,0.33035680946368495,-0.3885260688475611,-0.46906011645928436,0.7035442703732734,0.6837294845037875,-0.11763723265665137,-0.839639237749492,-0.6967756408973861,-1.073746645237034,-0.921306798008923,0.229690684134273,-0.920280423407278,-0.7659557792947564,0.1272427488062354,0.48036675972783216,0.3842861416220647,-0.35950340482472193,0.5967730177800653,0.2070595706473618,-0.2303336269851029,0.6912635106173008,0.7929632602373844,0.5280098530692856,-0.5996939558257892,-0.5898971380851418,-0.00742076186648696,0.13371510808188142,-0.20955453668599397,0.7028551129126966,0.12888612708672098,-0.07388772703251704,0.23577954127764136,-0.31009080482863804,0.35275756483514603,0.7439383628300235,0.0,-0.7246861965566762,-0.2050305897978203,-0.5664193694592573,0.30664961853244316,0.31888718188981885,0.4161848142310996,-0.716230077815159,0.14855685428740695,-0.5434431808850955,-0.05504364841618029,0.635600485787386,-0.10203416032958103,-0.5122269437168474,-1.4934610853812467,-0.4079841944126881,0.34579266246120033,0.4600234789956737,0.5490133206134412,0.38033906074787677,0.38170391865700415,-0.47924761699912716,0.5500082314153829,0.6416274925016967,0.602680313514134,-0.02053185004487863,0.24884358579518479,0.21701029552847204,0.07526098972577203,0.1541663893468121,0.3132602704642656,-0.26798713836937205,0.30150121638129845,0.4161848142310996,0.0,-0.25404094966034096,0.2944365348579085,0.517993031379095,-0.16708791365436246,-0.5552951286668445,0.005146050140981492,0.31345014946383376,-0.27666836294346037,0.42950770720873077,-0.2837280728504916,-0.28205598264832127,-0.17407765595569782
-0.46740644529899456,-0.29836752703520214,-0.4993431846701284,-0.4839267921253327,-0.33574879473371266,-0.539532175070448,-0.29872568552388457,-0.26647653580537306,0.8585414148406931,-0.8176549338316148,-0.6267249220607981,-0.7020965805109775,0.13718865460344812,-0.21239517470572541,-0.26693154448554735,0.1314904476006762,0.23268569029123765,0.45717706588401374,0.8768479231742464,0.5556824452504597,-0.3284126905148171,0.0,-0.05487639710428996,-0.6956645137715025,-0.5262132539774501,0.39847110412576936,0.7154051725169827,0.6716206253749821,-1.0622333067069498,-0.037306590394677736,-0.7790101290890562,-0.36796436823134615,-1.071130347391542,-0.7012946430431373,-0.2730707759657658,-1.0110164762290865,0.07293070104775226,0.8082919351830711,-0.28981561969524017,0.8068445280916768,0.9608594969810765,0.5490561447800059,-0.7766006415785489,0.7210680370544034,2.059938349316944,-0.4186442394724011,-0.021968879259612085,-0.7278626871665607,0.5784138273113798,0.028869249062843258,0.6277292422717293,0.9384418458463718,-0.31110229985314225,0.9035299529196548,0.6716206253749821,0.0,-0.4136229412168049,0.6764910377836985,0.9215225117455889,1.4272084611366664,-0.6079547590880179,-0.3428248254069616,-0.44226472175129294,-0.8087696864192974,0.6090258955389575,-0.8085977685948726,-0.653946674712144,-0.6416034458047191,-0.576796830044354,-0.6625865936342409,-0.32665365813419084,-0.5868923325782065,-0.10112694292220871,-0.2504406900683912,0.23108604904392177,-0.019585178121966574,0.5546651480719871,-0.567371792318599,-0.610629319334562,-1.0684082313926004,0.1345908177535043,-0.210263622287192,0.2442682944948787,0.12975739707019002,-0.17470876643257155,0.333924503533132,0.7869800093628545,0.5980494487966844,-0.5600415237318901,0.0,-0.5976261786056865,-0.6793579132182544,0.07543653429048905,0.5074263591318461,-0.29280011960909086,0.5283601352908233,-0.4892187036440228,0.18253439153285866,-0.5871800428385238,0.16345471708598294,-1.601614964918541,-0.679793870102332,-0.10982571856913266,-0.702333711546749,1.487197654093345,1.1583775071907532,1.2638398037631242,1.01567299673802,0.004270191161735029,0.6666476565029789,-0.452243480756368,1.0064850863149524,1.2619493920481843,-0.5247410486516596,1.2500423786966046,-1.203886270502544,1.157301545584963,0.11540760939270885,0.9546488132450199,0.7698712628123416,-0.29291335483149034,0.5273210974414564,0.5283601352908233,-0.9852703264791219,-0.6910639032268394,1.1814361142883447,0.8838439675675487,1.8465991595659828,-0.5870751281017064,0.20374363100672743,-0.03995564997528868,-0.7053515167760949,0.5206326611666596,-0.7048224587481678,-0.6770792835318039,0.6044030568296181,0.7702272291668918,0.5334882884604045,-0.44971090123830526,1.0605937540506616,0.3026425845057772,0.8243505552133608,1.0899802599428117,0.9480261618893859,0.17754882731658647,-0.09481343246049316,-0.19263950306785713,-1.2091428807870965,0.13373584598027882,-0.20955453668599397,1.1760345140464805,0.12888612708672098,-0.2903945591763259,0.23577954127764136,-0.31009080482863804,0.43131055415615105,0.879802857005671,0.0,-1.1827797316342008,-0.05234114115136435,-0.20236379856160172,0.057396154996201466,-0.41974394208842375,0.5204721504219598,0.025450105753613735,0.2800486030324637,-0.07566216441804191,0.7483782936939714,0.5272933169833487,-0.016049528534728314,0.5934408376620046,-1.577512204200279,-0.4079841944126881,1.018326614638111,0.24818549055515604,0.8034113158551042,1.6865540168516966,0.6199842235720476,0.15551289002589483,0.8027147161197481,1.2747955380928973,1.0475040887063742,0.2755149348872471,0.5165664514838323,0.6647875084324381,0.19422959111227273,0.026265886410151804,0.23074473431234477,-0.32674423859378127,0.30150121638129845,0.5204721504219598,0.0,-0.4166081455868243,0.5642486120722103,0.6896918201077517,-0.6765345799432808,-0.32402907160195393,0.8028070905062307,0.4771853844860476,-0.30483733673955477,0.40228603138025115,-0.3173196820010501,-0.3044794655229426,-0.17407765595569782
-0.7453087786054643,-1.0289381675654816,-0.18200359067415894,-0.7887291736494997,-0.6336773225444752,-0.47082144845535706,-1.1796500768076703,-1.2384451547221038,-1.8770986115938668,-0.2749593230062841,-0.3699686014588262,0.3349062580549388,0.10776017337837153,-0.18927981568715152,-1.2344844781130158,0.1314904476006762,0.11373567565028003,0.4725249321702453,-0.4101445373031378,-0.2623787437999583,-0.833885826340642,0.0,-0.03830798772743158,-0.5315539571956135,1.093311121834684,0.5419223791801295,-1.479433054373296,0.18779623468667056,0.07881554576373394,-0.03967260833735724,-0.398398036379908,-0.4461169551587509,-0.2683504948332357,-0.5128696070211146,-0.5715272937725532,0.07252505503014134,0.2053782056469085,-0.3888924888691855,-0.6245782388334892,0.11473477234331168,0.313944192082926,-0.06279078264591156,0.11031849031422984,0.09082862163410203,-0.8913426147926798,-0.9942387037025663,0.28434302458613087,-0.28114534321405077,0.22988697527691804,0.3911140860741473,0.5147314975906441,0.0037126332821203496,-0.23102040771270776,-0.13343269346914757,0.18779623468667056,0.0,-0.20826530839898627,0.31007993050611965,0.10068890694395645,-0.377330251190513,-0.29790608655818546,-0.4195011516620512,-1.2363971973275751,-0.1245343759064054,-0.3367454728593172,-0.118737146688338,-0.2564848078939603,3.175937056733359,0.17398898703936225,0.055628042034343746,-0.04459081682466735,0.19157029617174823,-1.9588189351721714,0.5912074480775831,-1.1375552144992818,-1.1501240078602646,-1.6927200244929361,0.6694329953620526,0.4668388397338592,0.6926728913659479,0.10516257065842452,-0.18715337896120213,-1.0223727590750673,0.12975739707019002,-0.28598220840990063,0.3452322540110066,1.5825729752917146,-0.1532187745440059,-1.099144151447599,0.0,0.2087070276514621,0.06600365711644893,2.6072910517149253,0.18562329035440578,-0.21357749381746702,0.11011201416007338,-0.4375455913502387,0.28395806838652554,0.3517535036483972,0.029829406906326655,0.7251793586782382,0.16696659348928858,0.039437837708497424,0.7084642967798299,-0.7372056627494823,-1.137826104872811,-0.00863464911803583,0.06032882730827968,-0.28610280783623043,-0.18063834054354494,1.2889265742880027,0.005196997003347725,-0.7514644006869188,0.3934888700403802,-1.2973777614381392,0.4562828162773159,-0.28376443944783214,0.3214504965324721,-0.4380942863769507,-0.2393263593527119,-0.17529040349196084,0.18500286712146571,0.11011201416007338,1.4082463671445058,0.016304982336945537,-0.28697925092192555,0.19489231053079228,-1.1131935178403338,0.689272197480503,0.06048533422198361,-1.05622100508996,1.2033157440240612,-0.10008240550284468,1.2036223215949002,1.1504854507536508,0.5407816824265005,-0.702797244878179,-0.35568492153561815,-0.35950340482472193,-1.262243756589917,-0.002108895350389053,-0.6171424009849243,-1.213403396793284,-1.3196838542299383,-0.08609712568429283,-0.4237045752383297,-0.45786530276051957,-0.1882623976730537,0.10427604744290733,-0.1864467052474306,-1.2712737073148643,0.12888612708672098,-0.008570558060784758,0.29020107963353625,2.1178717992971277,0.07122820658476943,-1.2779886491712258,0.0,0.19745481384966185,-0.5782287072997546,-0.03421433911323303,-0.1696635069922944,0.5211202947266,-0.23239670125725823,0.3757614260491852,0.08871537528875878,-0.48908163231149415,-0.606672678863684,0.8932576281834794,-0.4796078258082945,-0.6037704216979013,-0.243276572706835,-0.4079841944126881,-1.291055931930048,0.2626476957929989,-0.1505811663011318,0.6415820519686407,-0.2973754658275186,-0.1517498768652006,-0.14493460152162135,-0.8493531518425158,-1.2568890570915225,0.18064097630475234,-0.23002966431977873,-0.4503091147973484,0.1522363120114743,0.07415718797725443,0.36306177687754915,-0.10426278031429147,-0.11862342939592095,-0.23239670125725823,0.0,0.021790506688053216,-0.15532928523621778,-0.36674053683149666,1.1293374349387568,-0.29480563715854075,-0.5505083839880871,-0.9039980613068452,-0.3328282697227202,0.2061322039156443,-0.3085932613372073,-0.3377473872788453,-0.17407765595569782
-0.41307489103841166,-0.3727799288913535,0.2411158679871336,-0.4234267073091525,-0.6412138710936478,-0.0725377199364466,-0.38343450197086293,-0.5068685308251344,-0.06836697257989827,-0.012682007473463288,-0.19797377539524408,0.25370153603761547,0.12247441409721055,-0.20083749519643848,-0.3910221058725015,0.1314904476006762,-0.4710820071883746,0.46485099902712684,-0.4119123840895102,-0.123021683050554,-0.7539070269512141,0.0,0.32738115673711665,-0.0729449402087077,0.3065493444895434,-0.37775600315452296,-0.15335180338602997,0.26351532372583386,0.2057572499796939,0.07677212214826021,-0.03245051269697429,-0.22538900765851747,0.5413287901017174,-0.1101588580954181,-0.13908506025015277,-1.0098011877510218,-0.4218699636854462,-0.35571522353640017,-0.17191683978079086,0.46078965021749424,0.6374018445320013,0.25539241491741926,-0.04926346355519764,0.43746030011526776,-0.38972335492576976,-0.32703842282902484,0.9993892708845955,-0.8805306207642332,-0.018829176117857713,0.24009010811293385,0.18573686111881632,-0.4403895428050781,-0.1606784846901217,-0.04701913960341405,0.26351532372583386,0.0,-0.06781301118073382,0.08608027887484919,0.3101226785660569,-0.8704287623579706,-0.20172984183219222,-0.21085980027200701,-0.8346207955663618,-0.09491481459728505,-0.09989667163367418,-0.09034353373201748,-0.2253424207493108,0.04010021536279492,-0.3241003969912081,-0.23572183739993918,-0.25613794780681,-0.32446630911674856,0.49964747068851106,-0.32774079500290904,-0.5643978498698382,-0.42560499988551476,-0.58136615146138,0.0007583045478781455,-0.1467023486209706,0.025814082628730913,0.11987673266263794,-0.19870850062419707,-0.6179568789998489,0.12975739707019002,-0.2194706962751616,0.3395783787720683,-0.39131689004130854,0.3277476435344849,-0.00048160826196315886,0.0,-0.1203418209243541,0.16180564741091943,0.7095715347994088,0.23150536851994027,-0.5276189270129708,0.3195615596446152,-0.3579650492347469,0.307296255225157,0.028979270640494974,0.30032721150450864,-0.36770081327959936,0.2894979476930906,0.19029711093905982,-0.4464844216719578,0.40554453055356604,0.344806484196539,0.280709691685606,0.566099269947554,0.585016189157666,0.2654956835536786,0.16292849865938652,0.5352906913447855,0.8553270636330488,-0.21564103531597456,-1.030619595882321,0.5681144446778303,0.44655412978754006,0.26191460765417884,0.31388013155730526,0.45848381919862524,-0.23568035648953958,-0.2428949207785226,0.3195615596446152,0.5098601491484723,-0.32860195300611034,0.46233530244709736,0.3949153421624343,-0.8235836520341347,-0.20841428249994481,0.34016104380036205,-0.7212869536972519,-0.09189534472767032,0.3444437040197609,-0.09124370842490769,-0.27171087089840373,0.5884977132288388,-0.36637993062132246,-0.11935892631912652,-0.40460715303151357,-0.7402273303968843,0.040409623591830875,-0.9728238188011797,-0.6210055517773942,-0.5090066488515962,0.3767469176739552,-0.9158128005382156,-0.8079592677653425,-0.40449978998267433,0.11899362337074751,-0.19800062096671228,-0.5730277065419134,0.12888612708672098,0.22553261368615762,0.26727362172873437,-0.3067829538693347,0.320392470045918,-0.5722839874076758,0.0,-0.347571335738471,-1.0262769763053101,-0.26903403378645385,0.06815161266933664,1.1232480894166121,0.2665634396595571,-0.7043212944494,0.020625725283980725,-1.0112358365810463,-0.5667242684568637,0.9509514195547254,-0.9760951184094898,-0.8045415100076995,-0.02801554394905173,-0.4079841944126881,-0.1924641539688163,-0.3261520407779347,-0.2459804145167554,0.6415820519686407,-0.3410836178907791,-0.6258473961185134,-0.176522912109667,-0.2759930717034846,-0.7215748472792396,0.03699440271820267,-0.1641694345825849,0.015444386776959406,0.0523880640807174,0.3318287767202315,0.5964745495990937,-0.20720163023498034,-0.3286857522845307,0.2665634396595571,0.0,-0.1583813586208718,0.1501732195259115,0.23263223008985548,0.7123586626928956,-0.5974766552904722,-0.5061760731944034,-0.6497409404879803,-0.8421736979374096,0.3171732196986655,-0.8292208827744768,-0.6685918990285176,-0.17407765595569782
-0.5775077920303309,-0.8355825267491916,-0.4993431846701284,-0.41402971842390734,-2.558525839837399,-0.24467177170653348,-0.3684386665590137,-0.4494415994238054,-0.7700575353721052,0.0024438017860736886,-0.19434204923580722,-0.7436373538644455,-3.1588012408267923,3.507903552373364,-0.27971085217723807,-3.1626912922899293,-0.6197040892380443,0.47252493217024,0.1553715535871707,0.239628154153306,-0.4931028318719848,0.0,-1.2330424490185603,0.2654063244695188,-0.6400775200769367,1.5315303560008247,-0.9264648319314346,0.4655082467316699,-0.29895267427254113,0.08606377435984254,0.08004837498543764,0.6010586012066678,0.639519251930687,0.16892929835236214,1.07568295088967,-0.24457577194940155,0.9225396735444655,0.6241056645650699,1.4664861202050572,0.30349197845650216,-0.979886417713375,2.008446954939185,-0.0043049527182949495,0.27990044626019245,0.44817549682160096,-0.3128649669814796,-0.19034555310303983,-1.2383289861143403,0.7552199361302082,0.2733702945744668,1.0209894406943032,0.602226175568312,-0.2808150660129506,-1.2568088937236834,0.4655082467316699,0.0,-0.42731798332042903,-1.1308074820237688,0.4315262943569737,0.27018724699327035,-0.10192185946482085,-0.10294586632254202,-0.033678480660816454,-0.007566691044263113,0.4345352263007275,-0.0061178321701117686,-0.23168946130916962,0.17644094759629772,-0.3798165051944749,-0.7030290280570907,-0.32665365813419084,0.0004562381954827493,-1.6732999044789396,0.005502692029938956,-0.14766245780209003,0.11812776108169913,-0.0562363338282332,0.36656667702952817,0.15059436429796175,-1.3500561970857086,-3.1613692643654416,3.509211760253178,-0.35054610499724104,-3.164350389885016,-0.2737111191802738,0.3452322540110027,-0.43994749522882537,0.6946613797816578,1.3619907146429495,0.0,-1.4553201257921915,0.3410947734951592,-0.5514348882923034,1.6057060254564315,-0.8335267028760995,0.432944359380422,-0.7127169391203455,0.3305417392046797,0.3998149744755044,1.9970154446209418,-2.651247107676109,0.4676706462395432,2.4925397553968325,-3.491999868108016,1.647933645926643,1.7901528373892668,0.3823207009479156,0.28511569070351267,-0.5764758068341959,1.9027932249424895,0.035369508773260824,0.24079419448843117,1.0480603007629343,0.19596835724919934,-0.5263489259810128,-0.033775871520788016,1.3021713458485704,0.22008042268645872,1.2496402463058665,0.7161840972759015,-0.2650988689626256,-1.355429169318492,0.432944359380422,0.7344808411835095,-0.7299522478872698,1.0055673040918414,0.29071252255454216,0.06508719795368316,0.13058949433312808,0.781765434632137,-0.10756195001946571,-0.2160672497756184,0.6548721903192642,-0.21554594333919255,-0.40414965814465215,0.2544854976124708,-2.631752671200925,-3.033564798844491,-0.44971090123830526,-0.23451216777280134,-2.8309306857532994,-0.6241127635561191,-0.18159458893694624,0.05641191101672518,0.2884890526949392,-0.31870980687515105,-0.37581163695169145,-0.6385102795658243,-3.162049449951987,3.5095326649173884,-0.156995489381998,-3.1650626779215623,0.12299310488420705,0.2902010796335283,0.7546725590781327,0.6630134998334412,1.1244846530369697,0.0,-0.4148186868937995,-0.354166543448579,-0.4185189291616115,1.4047386960799069,-1.8834276134014405,0.7200140614013197,-0.9040505993298923,0.07690782433870993,-0.33270667901716944,1.6185819497631362,0.868111001115649,-0.23043314412643895,2.3649222922426305,-2.3082619768521604,-0.4079841944126881,1.662911748259505,0.6328063815312346,0.2310158265613626,-0.9258758953559431,2.299756558513343,-0.43681093366978024,0.2341251255349264,1.6219728630197836,-0.22920764785210207,-0.21444478373658218,-0.5511480221159413,0.8836452977503242,0.1421668305897313,2.5506522696109526,0.7170607328511942,-0.33815700234508694,-1.2949724375721352,0.7200140614013197,0.0,-0.4512556527947179,-1.8269732427961924,0.9266698239605253,0.13425070217288484,-0.2801524297073761,0.09499567999029906,3.7106774828134736,0.0757719990649372,0.49167301050540874,-0.04399538988270011,-0.11029256815108664,-0.17407765595569782
2.542967553591485,2.0337644394804264,-0.18200359067415894,2.8357958066182807,0.6823833960408991,3.073913598014562,2.3300210168722586,1.9700617872735942,1.1019572250778253,2.5881002276511347,2.8869115533610605,0.2832136452505372,0.10776017630086047,-0.18927981568715152,2.325742933717792,0.1314904476006762,-1.0398445454161531,0.45712788011663097,-0.4101445373031378,0.17303498696861241,1.0457635053381305,0.0,0.09831143436496481,2.1397288984088094,0.8789719647151777,-0.42811303273480483,-0.4061357316704928,0.3552475131660287,0.6817909367317623,1.0731056584467824,2.5251205456683476,2.2991550240095604,-0.14230214976102326,2.20730278397424,2.023804727554447,-0.008875780315445442,-0.0444969834422247,-0.023061690497197463,0.36037271894950534,-0.011103365065481978,0.313944192082926,-0.1486598298984192,2.6262764568528785,-0.035219261449958225,-0.18862486981686888,2.450395632924601,1.5583338328286664,1.5462853467724402,0.27068060800941196,0.2702888957507032,-2.0731678676496283,0.03144440477930989,-0.2189645748495168,-0.13343269346914757,0.3552475131660287,0.0,-0.2173505515619896,0.3499980501429087,0.3186037815301798,-0.3399913867579437,2.5198711201320525,2.1513305978214765,1.8432592026355326,2.2162098840305298,0.3325333653765341,2.214173148230769,2.310755572170634,-0.6416034458047191,0.2800533808896712,0.2213003887557562,-0.32665365813419084,0.3012867076078356,1.0971834885071032,0.766631144214831,1.41917005368713,0.4344293368836208,1.3911535040927219,0.06885575511382146,-0.1271467024268598,-1.064586625880999,0.10516269926370304,-0.18715337896120213,1.3745218494883675,0.12975739707019002,-0.4844761809972598,-4.7847935132977595,0.004323514424695429,0.3165770550423392,0.014620805289518172,0.0,0.1455478364424173,0.6102921884882058,0.22318224085438618,0.18562329035440578,0.45754801481251234,0.3483669749909755,-0.0754964073996357,0.27687491933931474,0.23152099451524066,0.44170657650346284,0.2044675959141119,-0.5673657415717042,-0.523650616173353,0.12945547927353,0.6962255893888277,1.146604710786529,-0.7890068037118663,-1.1759989213655018,0.2946431901597005,0.6801109102108901,-0.39915955714253204,0.29969349385970206,0.9727972535479585,0.500119667971374,2.1137596757349604,0.22869749056320343,0.6391537930612372,0.03641506881114016,0.284195747025858,0.6200999433861187,-0.27808850413446584,0.356161982281461,0.3483669749909755,-0.9852703264791219,-0.5120959942776586,0.6581716881105459,0.9286973687422679,1.7557839794926657,-0.15836391999693009,0.4820629216596498,1.1331938477381664,-0.26629055698460613,0.3193234831545513,-0.26682524576591427,-0.42708411285393116,0.4771603080233828,-0.04830845607136941,0.060597866144123394,-0.44971090123830526,-0.2120852317992717,0.0014480588986491465,-0.9811976214124567,-0.09437937605313351,0.1969353051540788,0.44246923464260696,-0.7922119211848577,-0.7264323599401348,-0.17519405765800464,0.10428453779607107,-0.1864467052474306,-0.12354565748178276,0.12888612708672098,0.23856724337103397,0.29020107963353625,-0.30347510291003094,0.26037512156240866,1.0177018963965418,0.0,0.3581011676157732,-0.7539588097056454,-0.40604828264540727,0.33020919248312713,0.1768866281181027,0.15103783344995683,-0.8526715049063694,0.09449740230960894,-0.8901987364915742,-0.33169391513977925,0.7743587258441152,-0.7897765950661413,-0.5150772472208107,0.9552009777376576,-0.4079841944126881,0.1884812267901711,0.8013238506686816,0.3582148241821941,0.9028250431894047,0.15615189198866708,-0.6783732400891289,0.2973017467110177,0.1318601930313212,-0.19070801262278378,-0.3009842409597429,-0.26843600847285093,0.16036880976764226,0.10027394877151126,0.24170416401439246,0.7540596405728511,-0.2783108623883652,0.5535760038476301,0.15103783344995683,0.0,-0.2994389298845198,0.21666435591116054,0.22490846538256565,0.6051413836409824,-0.5458261572064169,-0.278249307905379,-0.44893406709131484,-0.5354454012161362,0.1841953028251869,-0.5231263428942533,-0.4655502037734497,-0.17407765595569782
0.4590908929789328,0.7046695814886116,-0.4993431846701284,0.5345132858454852,0.09333309819593141,0.4300422034204335,0.8272979002195839,0.7779348460445182,0.44263554368401564,0.5600373723110148,0.24950840265919216,-0.7810447247744029,0.13718865540287156,-0.21239517470572541,0.9107096138562085,0.1314904476006762,-0.861829914447776,0.4725249321702453,-0.4136802308758824,0.5395320252026583,-0.16910234062973273,0.0,-0.07489486548857582,1.1438687271389665,-0.8575936763323107,0.39847110412576936,-0.2131583022291903,-0.1215997409189752,-0.08362826136788674,0.7475845262559352,0.7242885899077199,0.8414649415138652,1.289063572857798,1.1921521512920144,1.1261668182662607,1.5510626243416326,0.4467194060376456,-0.34175746247198563,-0.4595179260942179,0.1776538410477085,0.313944192082926,-0.01687007861311967,0.2808623061528341,0.15385256317613216,0.17083136799090548,0.776518145571002,0.1111930763571835,-0.07629479337548893,0.0123459885771581,0.20019178837207094,-0.6645446172831159,0.49088804161607935,-0.16742276744704235,0.8171163990539213,-0.1215997409189752,0.0,-0.17763055314066228,0.12856457421693615,-0.29235294914737114,0.016884866934180936,0.2409587523295208,0.7928663403614906,1.3271128138206172,0.5522346392643177,0.5727402495665347,0.5471385591306654,0.19239549867166844,-0.6416034458047191,-0.13272438238112788,-0.12601437328426338,-0.11510652715204822,-0.128788071616986,-1.3320331464948363,0.8207596419152167,0.3224051892481069,0.06714947692139386,0.16856288383595758,0.07663998375731025,-0.1203026800519375,-0.11057353133680699,0.13459079483361777,-0.210263622287192,0.26559693400168943,0.12975739707019002,-0.2615368183441286,0.3452322540110066,1.1357427785478605e-05,-0.044423189980436976,-0.052201318954560656,0.0,-0.28809997034960616,-0.11125670441724249,1.2376658435621912,0.5074263591318461,0.09851315437920419,0.1719541488019743,-0.4253844800492702,0.19111282265375548,-0.018768579168456836,0.1604157237982757,0.9512920885033771,-0.1612510437437184,0.40292825309323016,-0.5071905711550061,0.11486347171830671,0.5405092896273198,0.49914048832779623,0.9032795650404034,-0.28610280783623043,0.5208217304385194,0.33525902355402026,0.8297871882011398,0.4644766700451995,0.0564612297110675,1.576558014608818,-1.9703300274140343,0.043360927409718045,0.15220851084709044,-0.036082423902532586,-0.009044244983125668,-0.22237259561292783,-0.2428949207785226,0.1719541488019743,-0.9852703264791219,-0.24273969834642808,0.05300231440946802,0.43961030443094645,0.16739192004022502,-0.08351836587166074,0.20062451867042225,0.47776639417569033,0.05014993613218296,0.028879380076267745,0.050303512306817184,-0.13663327697319197,0.6044030568296181,0.25821993724033837,0.24540876599640835,-0.44971090123830526,0.241304391909041,0.10783104467307454,-0.09333043174567233,0.3178979883440222,0.36964879185103683,0.38842192288983485,-0.3760863476065524,-0.4209556595679647,0.24849313078900678,0.13372022703942732,-0.20955453668599397,0.2544760554941762,0.12888612708672098,-0.0023786170059012226,0.29020107963353625,-0.31009080482863804,0.4484033164727484,0.5118001078821123,0.0,-1.0187131372478602,-0.32944450521872043,-0.3757871769665096,0.5559030820686836,0.30619247956473455,0.45094725962805277,-0.45609559797418564,0.31410354890396375,-0.36695072977298665,0.3271400184892131,0.46617397361238255,-0.1952064624498883,0.48808012437293924,-0.7282774277454664,-0.4079841944126881,0.30476521043537796,1.1408801836964286,0.6762123182342727,0.6415820519686407,0.4711952154131068,-0.3258247311568963,0.6763614737675655,0.35382383541478735,0.25688351847719604,0.2527815323580911,-0.0039025559138462953,0.41890036542899783,0.1739714073918716,0.08415812449855863,0.5874984254278722,-0.27127885017807796,0.21747628722585458,0.45094725962805277,0.0,-0.2930787482805173,0.4160871628019509,0.45052497241111417,0.6176274369276518,-0.20415915123141226,0.38458928585067526,-0.21334080611136017,-0.28159685478880736,0.644262751586563,-0.27802719669392534,-0.33046664362579886,-0.17407765595569782
-0.9450408374066311,-1.6911347195364999,-0.6051230493354515,-0.9947523074847205,-2.1297231289905825,-1.3244464052503262,-1.71508306037028,-1.7341954052775144,0.04704503244564797,-1.2562430071686086,-0.750262784689439,-0.8872113799957196,-3.5413714970988193,4.163697170609922,-1.7524873347358942,-3.5450516728129458,2.546717823189805,0.44744090268172854,4.175459304480741,0.5023493086726908,-1.4992378842897862,0.0,-0.6960559690129792,-1.2570335461093558,-0.6791075495172034,2.0296789730766283,-1.5206416943553778,0.6290060348293789,-1.2824466667016226,-1.0083745752775781,-1.2404321759311996,-0.990952693065986,0.23011056520673248,-1.2821705710614735,-0.8938020623747736,-1.0495314591394158,2.2515553245988094,1.0337073496693912,0.44346072123950925,-0.45153684599625976,-1.6268017226115257,1.3126582026086835,-1.288152108053602,-0.4763868522441691,0.6507570875139707,-1.6829676368893538,-0.6664935835285226,-0.15159132956751423,1.2865596780610127,0.32983906097839927,1.5150517998127708,1.0342169397870842,-0.32347120465883455,-1.2568088937236834,0.6290060348293789,0.0,-0.6108373604572622,-0.7174699114164168,0.5080399129948212,1.0074961259645623,-0.7412410975088433,-1.1637001604955655,-1.2668549733226255,-1.216384363380153,0.8225142323060259,-1.212295798715373,-0.7640700534165199,1.812529734398331,-1.1834848095896466,-1.9455239236277413,-0.32665365813419084,-1.1925987175391584,-1.8620705801242892,-1.6206597358753911,-1.148900230259948,-1.192845288184767,1.0023891800561382,-1.7043617582558672,-1.1011873951426208,-0.3890483702482011,-3.543936336501997,4.164860243882621,-1.1492849476962075,-3.546702186585174,1.2945093794342208,0.34523225401101054,3.206663706806318,0.8111634067557429,-0.9532734325427449,0.0,-1.925091730806283,-1.842610772214556,-0.5989401691871075,1.6002194241532675,-1.0651954005899322,0.43223403934984683,-0.7692044203075927,-1.097671209718239,-1.7653849369861798,-1.2588699672295696,0.9878590820879699,-1.7887169186031158,-1.0927018901088288,0.26802934846715004,1.714259170782992,1.608546675895553,0.4685370300020149,-0.05206460438933682,-0.5764758068341959,1.7776856793601536,-1.432922946891018,-0.11260160173919401,1.1718821279319238,-1.8871470404408845,-0.4358074396968709,-0.6995218635203564,1.4939646513051805,0.2768202984429004,1.5235075353035883,0.7323619448501589,-0.260948936821546,-1.2698496117384945,0.43223403934984683,3.546024243918305,-0.6531890746662562,1.270569077186329,0.004044277143853744,-0.01053662218607028,-1.0525725248538929,-1.5668745947805487,-1.0364272572386755,-1.6178292191776944,0.7190942215603968,-1.6166434024660938,-0.952595737229637,0.19086412320935311,-3.3324472478000877,-3.6262245139429443,-0.35950340482472193,-1.2073683504406565,-2.9682185209944847,-1.3105469524029951,-1.1496501868337263,-1.0899070876835497,0.281046254642398,-0.6563254298623985,-0.6309171938766831,0.14226846936571674,-3.544624661196359,4.1651127221650075,-1.2007457611876944,-3.547396021360024,0.05692939689641854,0.25278917150461644,4.609548279576595,-0.15785444841036939,-1.0042179003540868,0.0,0.7534425295861645,-0.7969313772311364,-0.6755973191432498,0.9814956142062957,-0.33517780743638625,-0.3661865709683767,-0.5372108921980119,-0.44768511808286565,-0.6047164295909001,-0.6084708986272723,-2.104816559107675,-0.6214526376731163,-0.6129931027660374,-0.8260211381592142,-0.4079841944126881,0.016953152968677276,-0.8293938319550278,-1.6133696389406935,-1.709604869018235,-0.0581154050408016,-0.672234589677241,-1.597996888571721,-0.013633364940574351,-1.2184346770344725,-0.27952308711893087,0.5568208088948255,-0.8105268894003537,-0.008534743425567624,2.656267785656603,0.3012026612658906,-0.07560960974046346,-1.6310721541939108,-0.3661865709683767,0.0,0.09382333310342517,-3.8767434325084413,-0.5263798427428704,1.193548533814503,-0.321513794380552,-1.5413058880526196,2.940296545745817,0.0009214738019459625,-0.45503691119465545,-0.08620960062214142,-0.08617037331981373,-0.17407765595569782
-0.49331924009154454,-0.3545862183940001,-0.4993431846701284,-0.5124111176737903,0.8347710988282557,-0.6246148354639798,-0.3617668001630674,-0.33714794121353414,0.8508897337881207,-0.7594600182882392,-0.6046929215265455,-1.1669792766154963,0.1371886546410463,-0.21239517470572541,-0.3510816970317183,0.1314904476006762,0.27820292129103713,0.45717706588401374,-0.4136802308758824,0.7865890690015639,-0.4329478444395817,0.0,-1.164666291702812,-0.7215993061951347,-0.6088094720012722,0.39847110412576936,0.2896779138242301,0.5463753043811993,-0.6909950873560641,0.03874689472792175,-0.7190966626057543,-0.37264064676560266,-1.1349561322304698,-0.7108794385432883,-0.4422323764352786,-0.0026044562366359246,0.4467194060376456,0.8707694953808541,1.2902995794058678,0.8697635967960736,1.2843171494301517,0.6614004732204822,-0.8561490781142138,0.9101398616804937,1.17632379353541,-0.46413772232358774,-0.09819296305596494,0.7281931911047189,0.7937874498046646,0.07793328554405471,0.6517402258286766,0.6896651581332046,-0.3234404641488191,0.21222152199378655,0.5463753043811993,0.0,-0.492356375577667,0.8849623538404214,0.9155249978221878,-0.1310543332078387,-0.627519191462802,-0.3472159941876198,0.15290621512804556,-0.7264402847906652,0.7084807260438977,-0.7304646446984704,-0.6234959465074953,-0.6416034458047191,-0.7859681915106099,-0.8482672908997256,-0.25613794780681,-0.8026730973646341,-0.06468336375494915,-0.7902906289904379,-0.602996741315389,-0.6170384231329502,0.45806706245148343,-0.6856408345705927,-0.6839749683709739,-0.7661454783724927,0.1345907601476831,-0.210263622287192,-0.6565108628342377,0.12975739707019002,-0.06376887505668738,0.333924503533132,-0.7869572945072836,0.5793560871549821,-0.7211445870329084,0.0,-0.7993908952413459,-0.7117108826718095,-0.5979745261460856,0.6221315545456811,-0.891889615200895,0.4095581397945395,-0.6882274158264355,0.1407616943041113,-0.6794345515892779,-0.05085974056667389,1.1789387674277299,-0.6388117089362118,0.3240639469092986,1.3662664112779968,1.0297529266350003,0.6164821251536139,0.429967838784951,0.9032795650404034,0.8753891881556314,0.5694888606753725,-0.6809991190595884,0.8886864875724108,1.1373442792352175,-0.8703330328440437,-0.08830171264569782,0.2646790947797191,0.8297211010826261,0.24240697272374706,0.8425519092930799,0.6324951327224936,-0.2620321017704778,0.09942330954146805,0.4095581397945395,0.8049624464156042,-0.4722522017889934,0.8495936087503861,0.45794949545380914,-0.15861054220474236,-0.641119112178251,-0.016220944495041693,-0.5023054125654216,-0.7151757808302441,0.6309071953296708,-0.7144191391513,-0.682378005406863,1.2088061136592363,0.44444266589982345,0.36118502923339657,-0.1790884119975552,0.5392890163177161,0.23811150369691184,-0.3103509695701988,0.6247373645608617,0.6122879194513406,0.45640149757072773,-0.4974162736650013,-0.5140049174422157,-0.2837951037152071,0.1337127852148686,-0.20955453668599397,0.6621173041676336,0.12888612708672098,-0.18944608195648024,0.13443344669743396,-0.31009080482863804,0.06243247474058819,0.47286507765622654,0.0,-0.2894286574884004,-0.3302069840304028,-0.35929290697679905,-0.06723057677192126,0.42284704095643505,0.6595219320097725,-0.2520688576457081,0.02638078705882437,-0.4843430634176747,-0.2010079391151388,-0.07627660996007878,-0.42079025826722677,-0.3939863426867684,0.20769959178671635,-0.4079841944126881,0.9038875444979598,0.6563900876357764,0.2946153253717783,-0.14214692169365117,0.26212631557175664,-0.45331919049713515,0.4236549890632003,1.2172348066755159,0.5470530607530705,-0.29232085440316696,0.3718288968601879,0.16367085302270445,0.10696311835448567,0.08090419680753125,0.3244722969290479,-0.22438118506357618,0.04942642891496681,0.6595219320097725,0.0,-0.1623967175568785,0.2622963871121183,0.5985186037124787,0.2144750465854251,-0.46893296923041883,-0.13977161002314592,0.3035580888950061,-0.2828624381631374,-0.15227281433039058,-0.28613567138852347,-0.23709183986353552,-0.17407765595569782
-0.7000580926332851,-0.7642951897522102,-0.6051230493354515,-0.7388513234139286,-0.7095601372451842,-0.72378249276795,-0.8222443031695896,-0.8279239388208559,-0.2349803739410631,-0.9191346597793715,-0.6619829596607257,-0.11211034869402757,0.10776017331446329,-0.18927981568715152,-0.8305006033879859,0.1314904476006762,0.8916424331827926,0.4725249321702453,-0.4101445373031378,0.711435594978437,-0.906181545317085,0.0,-1.248916088638689,-0.9899005577226196,0.26754613690457546,1.0269400851375943,0.043224057072899606,0.43897315240570944,-1.3845436886832367,-0.10232820234377282,-0.9262566900228754,-0.568784906675184,-0.466453971492653,-1.0285403349941982,-0.4430034260665143,-0.1279064777168276,0.8300661783697448,0.6719337604329964,0.8559873273384394,0.7439254593872799,1.2843171494301517,0.5337753737332375,-0.6257290176354242,0.7840919785964334,0.7890693840625209,-0.8821801198800842,-0.18030532125310642,-0.8719693444975761,0.6711231064153627,0.1443986942457253,0.823028759464939,1.0347321810361152,-0.28801743036167443,0.21222152199378655,0.43897315240570944,0.0,-0.42558029851800605,0.7418462501757451,0.529466195023257,0.9904488394717232,-0.6380563416209711,-0.5343745291557842,-0.4412479083963925,-0.8791177128758921,0.7487320449438919,-0.8794374450685004,-0.6791541530529973,-0.3689219813377135,-0.7382999690728418,-0.7542079560718082,-0.25613794780681,-0.7521306787476087,-1.0551156543662386,-0.41575236910372554,-0.02701483391892522,-0.2454880076381814,0.563425238980751,-0.7602915845706042,-0.7276025997539042,-0.5981860359544492,0.1051625128589248,-0.18715337896120213,-0.1608089089156966,0.12975739707019002,-0.07213935225140185,0.318262558809416,-0.7848012160088286,0.5226077062797517,-0.8222158486679492,0.0,-0.49267607956770476,-0.909129132261445,0.22817228193116607,0.18562329035440578,-0.1784712741902663,0.14982117429855762,-0.38241493306642893,0.023660102743935943,-0.7929722549137542,-0.6129854697478178,-1.1333386372040948,-0.7945741435619347,-0.5837305859803579,-0.13150783070126118,0.4095393389611657,0.30975510711511883,0.8084714088235473,0.06032882730827968,0.8753891881556314,-0.15578751805970548,-0.544429079673645,0.005196997003347725,-0.30165701262564654,-0.7830060213952557,0.9913102748188003,-1.1252654977415903,0.20531305198574562,0.12683914079378053,0.5553475003462706,0.3968069714975196,-0.1902063388975744,-0.07173580561852727,0.14982117429855762,-0.9852703264791219,-0.2680956914546107,0.2138799086499904,-0.12209748892348771,0.7941137013948028,-0.6675747394190045,-0.5974689416482171,-0.3999729496505497,-0.6401380990149217,0.46931788611099007,-0.6394777554343294,-0.6405190755337486,-0.2544854976124708,0.4987190549139063,0.31659608655097193,2.346721487582779,0.6656465395951319,-0.9777211526441162,0.9635327207520479,0.576047103872469,-0.21503801765666627,-0.16449241364460923,0.9208035067410026,0.778372674636816,-0.6868277589653333,0.10429303915196861,-0.1864467052474306,0.5285213870076451,0.12888612708672098,-0.5167318885564927,0.29020107963353625,-0.30347510291003094,0.04901847626419316,-1.8780307225522925,0.0,0.1516486498319235,0.9823249359806226,-0.27473715403654947,-0.669536206467721,0.5431024174581882,0.2904685733434888,0.07289464865055144,0.08863352619407641,1.1624520797240294,0.2674739218557594,-2.3387618437927378,0.8353462104637775,0.4347250427419109,0.8732355232135146,-0.4079841944126881,1.4739207407234107,-0.3066936861243436,1.5030058027696773,0.9028250431894047,1.2571677652472257,0.4624455410194463,1.4976575490567523,0.07414176097991931,0.6690783136924267,1.1332389119210036,-2.8690076364205823,0.13637757062710007,0.2200199204647229,-0.12601145635898248,-1.299171967030334,-0.2607566953012836,0.04942642891496681,0.2904685733434888,0.0,-0.2540842248569583,0.20205012466990097,0.3748877228156131,-1.5285171241806625,0.01982153925877575,0.31499243741936417,-0.42336423002507617,-0.9583384346235464,0.166662346389498,-0.951251856158442,-0.7020705693096023,-0.17407765595569782
-0.4080245096873467,-0.2581906765511653,-0.3935633200048052,-0.4186520044619606,0.6758177685004833,-0.3871290600450432,-0.25273667466792493,-0.28673893959592406,0.5794535563562673,-0.44987901621402554,-0.46527589322474494,-0.767068747810102,0.13718865477408365,-0.21239517470572541,-0.24692678241978214,0.1314904476006762,-0.299036306082556,0.4725249321702453,-0.4136802308758824,0.7923125872593818,-0.33923462053438685,0.0,-0.8766865314733174,-0.2763247252335539,-0.6579241365957058,0.27754797388364,0.13491452038753926,0.46287842371867655,0.7837642768221332,0.2505499930159867,-0.3824622837367807,-0.023317795181126783,0.42186492375238893,-0.25371058714611544,0.1360024114853663,-1.7442611086239554,0.8205081110275393,0.7718535972680246,0.5067991165227228,0.9956017342048673,0.6374018445320013,0.7454774944773745,-0.5462583932654775,1.036187744764554,0.9325680540094692,-0.3186256735471526,0.006517386856017744,0.7403250623653167,0.7780691334910111,0.15244658985177076,0.4756423331442694,0.21120349758235635,-0.3275849931162184,0.03939441426231948,0.46287842371867655,0.0,-0.5117847167065853,0.869747779046308,0.7520619330681574,-0.48627921130771246,-0.5033455138240545,-0.019191137042629626,0.012131180526595921,-0.522414227178943,0.6938351277924556,-0.5235970534015654,-0.5376564512315015,-0.6416034458047191,-0.5462475716875753,-0.4496471822184658,-0.25613794780681,-0.5553777785791107,0.223999258243623,-0.34139791555428783,-0.12046395915488418,-0.1335766735677471,0.313827470389615,-0.37906006237146317,-0.4831517330613748,-1.0192653530307967,0.13459076727347827,-0.210263622287192,-0.11351342368578923,0.12975739707019002,-0.19378076610979528,0.3452322540110066,-0.7869572945072836,0.45963021999629783,-0.1365976110430603,0.0,-1.2968807653935437,-0.5032058200653806,-0.3426323224362713,0.39272116371801574,-0.11113482413216753,0.2511554791328288,-0.2993971555373661,0.19411915004545088,-0.4257872185773709,-0.05731313050997184,-1.1465747345689814,-0.4742810294117539,0.22316192788045583,0.042920032400703495,0.40076642637977383,1.126420964544064,2.147750208884792,0.9594762808892117,1.1657621871535968,0.5694888606753725,-0.36112959350109103,0.8886864875724108,0.14050337673148744,-0.4792982721674444,-0.08148040588667388,1.540922375894596,0.31968738148051,0.18809653914124708,0.3870600595352273,0.3436056854875604,-0.20869123332900313,0.18500286712146571,0.2511554791328288,-0.3885260688475611,-0.2890782365489224,0.33292397763506226,0.13965142385155327,-0.3206210198912361,-0.5216971054015004,-0.02284446954759749,-0.03257256932844752,-0.5282836269459408,0.7293246727476658,-0.5277890596401327,-0.5878620537608987,0.5407816824265005,0.10929460004947641,0.15980810440411594,-0.44971090123830526,0.003001253578519747,0.20762531343160048,-0.43475503754932715,0.09687273138632316,0.04715451710196713,0.28967963963240045,-0.536932112553452,-0.5436025701735321,-1.0950806493000407,0.1337216827503618,-0.20955453668599397,0.28080107380800845,0.12888612708672098,-0.19219242348504523,0.29020107963353625,-0.31009080482863804,0.508501295881232,-0.09566944505910527,0.0,-1.274841188107209,-0.4351623484305615,-0.4542158269690543,0.805156545604929,-0.4249089878294103,0.48570970502500665,0.14744614041132797,0.25787434148833444,-0.4967554506003812,0.5200727158405606,-0.3958374750739061,-0.3203829599174379,0.9159079549552299,0.7655976677602166,-0.4079841944126881,1.3983056756795857,0.9075337529028406,1.3758068051488457,-0.6646329041351791,1.122516901376815,-0.3712168776176263,1.3713043067045698,0.871870418171224,0.022600007607349537,-0.19158897125210714,0.25845242068945407,0.5584503989600703,0.15010511543524646,0.2329536735950787,0.41487945967690504,-0.29448874517769313,0.38552614553674236,0.48570970502500665,0.0,-0.36435468393446924,0.5001742564219152,0.5367605222943712,-0.44135490111805686,-0.4861828561298447,0.5761385677703821,-0.06502969174624605,-0.7419731934045773,0.6249908297711736,-0.7448332632774182,-0.6136812535509701,-0.17407765595569782
0.04691366197986257,0.45138290387707664,1.5104742439710113,0.0845034102550376,0.6448335738800688,-0.3968632443272585,0.5520514408806291,0.6621566080502181,2.0904028194956705,-0.8569164540364398,-0.6408425649904775,1.5729000639766892,0.10776017309802438,-0.18927981568715152,0.5571931971238242,0.1314904476006762,0.10242804119764701,-1.7827663519513905,2.177983157942562,-2.577503746922056,0.6715242217415,0.0,2.9829622481064337,-0.6048280110421499,-0.8476074232285892,-2.610692709543406,2.3648486647540516,-1.1936768127680402,1.0840348584123007,-1.9489279325084634,-0.7885559724836967,-1.5171533249958506,2.0879264641763524,-0.5648545966814238,-1.6128169157357164,-0.0026044562366359246,-2.6681864688781345,-0.8638677770855453,-0.8046905312244339,-0.8290512582226408,-1.3033440701624504,1.233941771381197,-1.0089795537287638,-0.5394107937861993,-2.0829074867081845,0.3204728819736924,-0.10733515493013608,0.8931338946253009,-2.5027978424761907,-0.9375241002510751,0.26995653126253777,-1.7188226827105848,0.7295563456587182,-0.4790869089320817,-1.1936768127680402,0.0,1.4746615708300845,-2.363955995640938,-1.545447480535261,1.6835103116641383,-0.730082865882184,-1.422481667011011,0.8152421976416361,-0.8545304024044992,-2.5793362346435886,-0.8657000012689189,-0.6486693381515878,-0.6416034458047191,-0.22734498760898988,0.3660027092210069,1.0131448380860457,-0.22358244878938632,1.312104105591007,-0.5136711943208112,1.573924385874174,1.2412054710509233,1.4322465819161454,-0.9195922957745112,-0.8137980586006586,2.119753899114604,0.10516243976537229,-0.18715337896120213,1.5924378985187309,0.12975739707019002,-0.3439427629145284,-0.8992713447741812,-0.7848012160088286,-2.582288922617506,0.653044290514545,0.0,2.4702566939962853,-0.48361001077469523,-1.0952157397871334,-3.264960396341196,2.4318359602347237,-0.9223261494405004,2.8744965220099328,-1.8132547676204966,-0.7732973763080778,-1.8615564421161577,1.6687096932101848,-0.8712759992290404,-1.7853408851042138,0.12945547927353,-2.4573231653154544,-1.4120797606245006,-0.5817532333590817,-0.6140317628774193,-2.028340801824023,1.1157442621170957,-1.097670801672988,-0.7604938948231735,-2.450736755585058,-0.05229275340952321,0.9952258317055782,1.2052424863649234,-2.1863413345603475,-0.5930980450963322,0.10180719638171863,-1.942011859706258,0.32097675788600666,0.09942330954146805,-0.9223261494405004,-0.9852703264791219,1.099670988634729,-2.2353884118379286,-1.0471933342328303,0.10821074579773418,-0.9662055832615609,-1.8754459142298718,1.3973410844986804,-1.064428135990304,-2.639991524727916,-1.0660176864030866,-0.7836076908152574,-2.831151160938738,1.6126176570812285,0.9510847549304373,3.5194189409593624,2.4529500546821907,1.2994803513142692,1.3961545737045677,2.284194527927979,1.6045601653450268,1.129262306728489,0.9062199312110458,0.7628046219765583,2.972512613317655,0.10425084400836504,-0.1864467052474306,2.109443380706552,0.12888612708672098,-0.5866107467952647,-1.5154504453876114,-0.30347510291003094,-3.594050976865658,-0.40320188327652906,0.0,3.2291379176813293,1.3717317414125887,-0.08449714024313272,-3.4188360535825497,2.755811990837391,-3.47416140378189,0.7052302210885778,-2.4973688402976046,1.037339874633845,-3.1899936650528686,0.05794207945550144,0.634705443838084,-2.661907120222031,0.20769959178671635,-0.4079841944126881,-1.566925306547251,-2.474466447258634,-1.3589716436990307,-2.493333842680527,0.36635921572102276,-0.36173784353604704,-1.2821137826912647,-2.6963429774873835,2.342442795922096,1.763357401804449,3.476207903915533,-3.59077676531938,-1.0975951997199287,-0.21286998230195192,-3.695953875329118,2.954046541285015,-0.034598500240477066,-3.47416140378189,0.0,3.299032368656316,-2.068340955103705,-3.501954787003615,-2.017580134170535,-1.029145026580067,-3.108278938338412,0.35015853303286115,-1.0831565146404687,-3.5652999371048666,-1.0959135603078822,-0.7112324302544234,-0.17407765595569782
-0.41374190109753795,-0.33672313373122587,-0.4993431846701284,-0.4077169387270817,-0.2032968464972376,-0.2673793937887344,-0.3588596160928942,-0.2418695952262451,-1.883992068285531,0.01395666099084958,-0.1864043523978822,0.4007988043716033,-0.15709615734957158,0.024602186018106778,-0.3395080171501891,-0.16263292203241356,-0.33367259941649635,0.4348343886253271,-0.3774294400317658,0.17182678626733378,0.23726571389882853,0.0,0.20625549466751045,-0.08324870762988973,0.4159404670731121,0.128771763080121,-0.5670841872881305,-0.1685081008417409,-1.2740312792974582,0.3740608729416669,-0.05479745719662753,-0.02526506409020487,1.0890939886828102,-0.004782722180783907,0.2951132250752355,-0.3195636823847993,0.149928374360276,-1.0277866451722435,0.284330851920545,-0.2627796398830693,0.6374018445320013,-0.28470642528650353,0.30808565710656033,-0.28731502761807876,-0.7579738586016185,-0.3024683738674488,-1.4416327446523072,-0.06759040749387622,-0.2087692284995118,0.26748098030679224,0.08446568450949728,0.3563276489273188,-0.09285479958028343,0.03939441426231948,-0.1685081008417409,0.0,0.005050782684658196,-0.23812089728645217,-0.5887013075304042,0.8639554274052592,-0.03903637226336499,-0.06473341626937791,-0.6055284434359487,0.20460874010786695,0.356131401843987,0.20896436630972556,-0.07254371798788753,0.721803876530309,0.14402942410741804,0.01309538913366987,-0.25613794780681,0.1963768774740644,-1.0116572326974076,1.4959374636368852,-0.2260875888137657,-0.4615125344965088,-0.20101861785680059,0.5988985334001258,0.3901531683527896,0.04104222096777742,-0.1596912922981578,0.026681288217731008,-0.4148082961075275,-0.16435936962223913,-0.3205755069052758,0.3452322540110066,0.8532975923910837,0.3556967203249012,-0.1885761396356285,0.0,-0.008195892175621201,0.12465599111541815,1.759721463746405,0.5100040039726073,-0.4654511774634978,0.35215942286936974,-0.34937185117176106,0.5233144123715395,0.41998902782650066,0.7141043126114186,1.060193898121949,0.23861082933078193,1.0426346112235605,-0.24577541450349577,-0.15594123702283513,-0.2704934353486579,0.12098272066045503,0.3975091224011292,-0.5764758068341959,0.22590267204248057,0.9044986475179416,0.35859279323097293,0.27014869635486627,0.39814409829636227,1.5266714979611453,-1.2304134382153697,0.11280630887489435,0.23617714553905872,-0.2234576790554001,0.33710981900781395,-0.18948529471294057,0.6984802126014517,0.35215942286936974,0.8552498838564626,-0.11764909650991238,0.0693815947751644,0.12181903557455576,0.00018285880641997771,0.48931975950063195,0.688567555572826,-1.0957275757854654,0.6672562831480382,0.30293469495679515,0.6677475689885659,0.37113263967306515,0.636213744031177,-0.31303028646544834,-0.2493120552482143,-0.35950340482472193,-0.3042854847909267,-0.1972542048896127,0.875088694582708,-0.26416540645217257,-0.24561915027220904,0.30971320945620073,-0.0765265635688418,-0.17718584503127421,-0.06111696188110819,-0.16054540118202124,0.02736564519784284,-0.3278064437849498,-0.16521644478901862,-0.14189395236638355,0.2665563307214008,-0.24226127673062287,0.23269635534914324,-0.4593704711110677,0.0,-0.21856872254284562,-0.1102322152822721,0.25673959949178704,0.42007394744499954,-0.8013864692112678,0.19940776709279617,-0.9017658610147251,0.26966770354486924,-0.13922901222244463,0.24321163815966998,0.28717012298020345,0.016729351764768263,0.17721011306464254,-0.6783124364169063,-0.4079841944126881,-0.22081394528048875,0.6021617729612231,0.10381682894053114,0.1190960695271128,0.09907002487067904,0.07361556264593033,0.10777188318274382,0.6818876670043026,-0.28355320815432383,0.6212737876969096,-0.08574816734894426,0.3546257514754997,0.24265311162436684,0.22651872526434622,0.571892492535755,-0.2651745498059335,0.38552614553674236,0.19940776709279617,0.0,-0.29142097401532757,0.20673901681823856,0.2861083824043619,1.0553016317067516,0.08044244923592123,0.19833681481218798,0.010082900630054566,0.273449174453657,0.24314208523415273,0.27983149444128863,0.14011074277729446,-0.17407765595569782
-0.4046084698547705,-0.44816225526128395,0.4526755973177799,-0.40801226802722246,-1.8768971531675487,0.28612809870774514,-0.47699277087487957,-0.6352743411603916,-1.3088946417405851,0.33771955090245076,0.05799914851553614,0.6108309264701465,0.019474729944754895,-0.11916748363644397,-0.6146748681845161,0.013841099747440305,-0.14249441024943613,0.4725249321702453,-0.3994202512730948,-0.4538240321032035,-0.8304385613218189,0.0,-0.27367643845074535,-0.34954366864321884,2.164563647728996,-0.0010428841880031573,-0.9108335650958087,0.3664648985337756,-0.8263292554294497,0.027639620845487663,0.05098911105090422,-0.11431084481302038,0.4406777668220924,-0.28598886687277286,-0.20545046462459815,-1.6951209503938005,-1.0305376122097067,0.6749042923335685,-0.35504642724681384,0.24057290975210535,-0.3329711128152245,0.11484433038030914,0.6679690728947936,0.27990044626019245,0.6618779786243089,-0.3028614083050059,1.9902150974774775,-1.932718318911103,0.06926184356452181,0.3207032405631443,0.06886536172838241,-0.49494135237734543,-0.22497450949393086,-0.4790869089320817,0.3664648985337756,0.0,-0.1867604720504084,0.12651403592558633,0.4392142290723221,-1.0417685611791938,-0.1490994479843049,-0.12120554376148687,-0.7228681655272938,0.17430797095564712,-0.7589046354325577,0.17921702749604662,0.025688366049361824,0.721803876530309,-0.770518214141081,-0.8108293473394511,-0.11510652715204822,-0.7815858258679975,-0.22916050322582845,-0.9314042744253438,-0.9615347868811519,-0.7651238752767351,0.14359159904675234,-0.6076724493260176,-0.6362041977039918,0.23608494747239114,0.016877852153528397,-0.11705656356921626,-0.7980862836066479,0.012110690393218358,0.014041157108146804,0.3452322540110066,-0.7782615082980417,-0.040711572394276044,0.49635216352735645,0.0,0.2583226009755127,-0.804807833936571,0.02191727895299901,0.36927314034612324,-0.33537610691599945,0.16276504417795226,0.30745836043505204,-0.11037032112460424,-0.6489739609737097,-0.5380331215267065,-0.4843148264623164,-0.7632634804296996,-0.33961257687875634,1.5268459958338156,0.08927436748893776,0.07269091439046176,1.6206704958100213,0.9032795650404034,0.004270191161735029,0.5734088769582159,-0.5738038221057615,0.8297871882011398,0.020166505351894234,-0.8333517311608144,-1.4782566429369002,0.34502812136341193,0.1762244095035128,0.31285154941131227,0.6246937145896766,-0.16605690269934226,-0.22064843198599396,0.2705824247014634,0.16276504417795226,0.8247440240166405,-0.23107176235335716,0.16705671604512698,0.31376741887003917,0.09873326848634803,-0.5858513585134264,-0.5342913191499826,-0.9505770984949874,-0.4001441113278632,-0.26739215563077035,-0.399305087335193,-0.4654101339896849,0.6680244312327359,0.44525434468157254,0.22326335569171016,-0.08888091558397185,0.6989813975648533,-0.5678244225007203,0.9307234213424652,0.5612715073096194,0.3986759000424901,-0.33081566319186273,1.240388141109413,1.13141847829214,0.6484620943980519,0.016014501330480206,-0.11635720546979357,0.5096563073343557,0.01124509833642514,-0.4934183923016655,0.23507556938392415,-0.2834086921182229,-0.12244144778906878,-0.3626049434127352,0.0,0.9656932384672333,1.5268779246456763,-0.24839929982556444,-0.10234639622039964,0.20830535568315792,-0.055700977704335436,1.581763663466007,0.31982007923999023,1.4627515346607927,0.26438447906885165,-0.5448293928256376,1.5654676405132868,-0.03481738735026251,0.9234316886536976,0.1160791835240018,-0.9952233649677863,1.3169221015504837,-0.5957776579740419,0.6415820519686407,-0.6903620482445818,0.576410305415798,-0.6503475709303518,-0.9487659761078443,0.7008913913710785,0.2179531822880935,-1.5776219493304202,-0.23296104418197047,0.32525065105746337,-0.5531878801103495,-0.4329791330002949,-0.1702821791968186,-0.11862342939592095,-0.055700977704335436,0.0,-0.09028226363305165,-0.047680637419565526,-0.24804537813179225,-1.0822460450790996,0.8954571529293395,0.28088300671545446,-0.31978880061161274,0.8215986127963273,-0.2801500091838103,0.838569877103941,0.6334786370006678,-0.17407765595569782
-0.47630174918725166,-0.40696723476868496,-0.2877834553394821,-0.4937048230334241,-1.0201256352943784,-0.4423851035375314,-0.42981874421400673,-0.5422285070975593,-0.2012689336039862,-0.30220202145305974,-0.385596929310912,-0.286236508578666,0.13718865459447346,-0.21239517470572541,-0.42975037488617696,0.1314904476006762,-0.4431291680358584,0.4418291995977848,-0.4136802308758824,0.1304782069424623,-0.4643812799667009,0.0,-0.10852834782846614,-0.20749676223413366,-0.42087406631969204,-0.08522141684274308,0.2428500168474706,-0.1215997409189752,-0.4356972499322608,0.058748580653173364,-0.2892961809098816,-0.4313905982130796,-0.7984114475858034,-0.25706277618450735,-0.4006408727027333,-0.4913632048418331,-0.1762617689455087,-0.6417335042585343,1.017956980834496,-0.07402243376987881,-0.3329711128152245,-0.15946437178173342,-0.3651570154708005,-0.035219261449958225,-0.4690274482646888,-0.4341259816462767,0.08288589557688072,-1.5103595677223145,-0.27116290248954317,0.19982926980229232,0.25836818615527307,-0.12240285711393256,-0.1418614342274349,-0.21984624733488112,-0.1215997409189752,0.0,-0.05217807736092366,-0.14585840734527217,-0.25394065663875554,-0.7318280204902184,-0.45017048380985863,-0.4023839980619688,-0.8434388337851586,-0.3982821280784914,0.4017100673253546,-0.39407362407723545,-0.4685629609548558,-0.09624051687070788,-0.12424954113494206,0.3954698099806965,-0.1856222374794291,-0.1200454414171858,-0.7258315097721396,-0.21319437670700345,1.2982826477749425,1.2320047339878275,0.7015053679139742,-0.4551043494512386,-0.5362113301991324,1.4529531217307636,0.13459068894820733,-0.210263622287192,1.3664958903910576,0.12975739707019002,-0.2915447451158716,0.257541921152574,1.1357427785478605e-05,-0.04618875496980588,0.037200175961075645,0.0,0.09505866516960995,-0.31000364863645247,-0.3983913436557043,-0.41021520417882157,1.234583307439344,-1.3328711274842762,-0.2820709604864653,-0.04676587260211633,-0.4143259666997931,-0.9998432154712547,0.2949265677840544,-0.3809834547785594,-0.8482996835776141,-0.27309586952939896,-1.371831892521317,-2.549495818455352,0.04906965653452949,-1.0636054896678853,0.8753891881556314,-1.195523136703551,-0.5173942459771518,-1.2316882897933406,-1.0557057062729889,0.06625507074581895,0.2685654121417077,-1.4651653859445775,-1.5631612608830883,-0.11435926582250149,-0.5558217940176463,-0.18880111222778426,0.2455210353572536,0.612900655021454,-1.3328711274842762,-0.9852703264791219,0.7207765810901504,-1.5744219018783134,-1.75968484929984,1.9800242017926373,-0.5127550034146385,-0.9902231163521779,0.9033667306011919,-0.1374338359011993,0.004027011238990877,-0.13790547626941735,-0.31473525194783375,-2.131316042504443,-0.33444121869763693,-0.10464810801544,-0.44971090123830526,-0.7070433915527978,-0.1764749344615218,-1.1171784706648744,-0.6170486247226826,-0.5900226873926493,0.3116435597104536,-0.6011636560621979,-0.590970714759643,0.36475064722833883,0.1337112165257991,-0.20955453668599397,-0.6634669121762918,0.12888612708672098,0.0906776187201581,0.2673103011109548,-0.31009080482863804,0.49718293939810243,-0.7274270334625482,0.0,-0.9441589918429928,-0.9031055296212156,-0.5179940700341927,0.5559030820686836,0.4327001314645409,0.13808525105547498,-0.5067866807905562,0.24320824520198764,-0.6806179802919575,-0.30799186430176767,-0.5670913165577389,-0.7468217311503208,-0.3998960286185142,0.640432056741102,-0.4079841944126881,0.07903550718991478,0.7210225450400424,-0.08698166749071606,0.1190960695271128,-0.24938420658291235,-0.6274186103308024,-0.14493460152162135,-0.3081245758851048,-0.6877649846478855,-0.26075691828603315,-0.7713363504873587,0.01148596258830819,0.11110933552895819,0.20336863141972994,0.3725338345815975,-0.22313864914799375,0.21747628722585458,0.13808525105547498,0.0,-0.2089764357020336,0.1705960499233602,0.0005901745838061076,0.22659454706719692,-0.36896331370795443,-0.24598841167365618,-0.604966745094611,-0.6269287126500043,0.6755608372748448,-0.6140204342872971,-0.5390403359139353,-0.17407765595569782
-0.8634041642964901,-1.3884025263022262,-0.18200359067415894,-0.9192221287395407,-0.9785122216820558,-0.570805259717838,-1.6120282523387768,-1.6944610477641169,-1.1945629226818464,-0.5296461193542412,-0.5047745987997423,0.8403016261168322,0.13718865438607744,-0.21239517470572541,-1.7039566043990144,0.1314904476006762,1.3303054187120684,-0.2803454299794927,-0.4136802308758824,-0.5013483290161626,-1.7538163893062055,0.0,1.5204639664590693,-0.9591524527886504,2.9948245422134714,0.1566248436415107,-1.449135402085909,-0.6225810248941067,-1.4089873271475957,-0.39515425856265884,-0.7507793097095082,-1.0057983120859177,-0.41944557115845665,-0.9640635631953667,-0.9820362447008909,-0.0026044562366359246,-0.5500504739354065,-2.736852559395828,-0.11651627022617496,-0.9548893956314344,0.6374018445320013,-1.024671984660695,-0.1906533570046871,-0.9805783845804101,-0.8955999924350848,-1.3583834029026782,1.9364963360904086,-0.7313105200437353,-0.9708127646864427,0.44756518298467307,0.6896158566763582,-0.3168219988068383,0.25505484869594464,0.3850486297252536,-0.6225810248941067,0.0,0.642795278470175,-0.8230858498824414,-1.196802043160838,-1.0996726354781539,-0.46296760313137114,-0.9417704350740101,-1.4056654059895428,-0.3328977647170107,-0.4876371220104825,-0.32688694026842846,-0.39639914604229265,2.9032555922663534,-0.733325421091698,-0.7140238486691146,-0.25613794780681,-0.7483669202717533,0.577127108910108,-0.5833252074572787,-1.2698298496355085,-1.1912236753500487,-0.18745765737861064,-0.5537818024381055,-0.6018694208283932,-0.27511644368412796,0.13459071814288695,-0.210263622287192,-1.3517302288374116,0.12975739707019002,0.0026259402818196538,0.30000125209951606,0.7869800093628545,0.11298882268339795,-0.6113377479650648,0.0,0.1753736563074249,-0.5913932769868958,0.10324832907601215,0.048605577476514034,-0.4054948542204688,-0.22405250285230235,-0.11288383554831885,0.0002808290235874707,-0.5769974683672833,-0.6466932102618738,0.5027766771765797,-0.5348627435759643,-0.5786168001775222,-0.5216261688028099,-0.11385889201086476,-0.5937896330818702,-1.2578724101035814,-0.5016383311798028,-0.5764758068341959,-0.640188146655829,-0.19920953402605068,-0.5248966973380901,-0.5822062775837162,-0.7766770958811606,-0.27405987939366716,-0.4939112985940864,-0.18261206849752867,0.28907777564258436,0.3394001233629254,0.0777554218336501,-0.13310414732812728,0.356161982281461,-0.22405250285230235,0.8049624464156042,-0.01667121613326011,-0.1759107553548158,-0.5501015581197436,-0.013613313937037757,-0.5598621246326897,-0.6277627773042248,-1.096256601649554,-0.3921220404298028,0.2589342304088674,-0.3912679860864931,-0.49734543453677454,0.0,-1.7896097736039855,-1.1321182039963646,-0.35950340482472193,-3.035533895415076,0.4082056517975453,0.4749408931636241,-3.3545536300304404,-3.386837874297342,-1.8780198623562145,0.9880117211238767,0.8507297173853463,0.14408333378047947,0.13372228460498323,-0.20955453668599397,-3.4547193210578286,0.12888612708672098,-0.36393086034828126,0.2673103011109548,2.1046403954599135,0.09288640067421101,-2.2243287279060793,0.0,0.4058178745540111,1.3417260133707742,0.5263679058334239,-0.19185730854004399,-1.0862881143118728,-0.14001431212015036,-0.5999757950424108,0.4343638234613829,1.0894574735848366,0.40254709005331274,-0.13016142264446812,1.4840982533731415,0.4347024895773572,1.5716101510299154,2.1836953522141203,-0.9886518950328045,0.3352243640593955,-0.08698166749071606,-0.4033899129144151,-0.24938420658291235,1.5836805231948163,-0.14493460152162135,-0.45202640442856,-3.164508556728371,-0.34722570033868566,0.748663639210402,0.16307065766582549,0.43025594872108364,-0.17527932034993482,0.10090608368443058,-0.19609319516002885,-0.034598500240477066,-0.14001431212015036,0.0,-0.19293121840019917,0.2619347341487547,-0.2755535904002491,0.9713592453418816,0.9553677777554247,0.4594556543204449,-1.0534040560799371,1.1380402314578852,0.15486524772931307,1.1702983452811575,0.8695009895415787,-0.17407765595569782
-0.7782283383946669,-1.026303715261711,-0.3935633200048052,-0.8255936999020864,-0.7378536837840995,-0.8370256424157532,-1.2073377755299255,-1.1736033547103832,-2.163018331193663,-0.4942830367015057,-0.48757004757199957,0.8189080836188029,0.1371886545334207,-0.21239517470572541,-1.2101475607549081,0.1314904476006762,0.46344173046041565,0.4725249321702453,-0.4136802308758824,0.11754518848999122,-1.099797162515102,0.0,-0.4454785071921761,-0.7159204080004534,1.2782000168791985,0.519394234367895,-1.1765259781692448,-0.16334818125023615,-0.7686353294738258,-0.00624049025616173,-0.5722934111822882,-0.5091271713644067,0.06199063309521118,-0.7001320051602499,-0.4097515667396473,-0.9965308235731727,0.3221231710410129,-0.7316767153246044,0.5264826234067921,0.1776538410477085,0.313944192082926,-0.01687007861311967,-0.15615784695642673,0.15385256317613216,-0.34714957850171807,-1.0845357002356821,-1.6539483954090222,-0.8087604904415641,0.007797952045640691,0.3677173804430853,0.5745922477495031,0.34306823271089415,-0.14403950771744597,0.2986350758595201,-0.16334818125023615,0.0,-0.10211584672563455,0.12416229342587819,-0.40339411248957424,-0.3928292268911707,-0.44902878347306346,-0.47538102126564347,-1.2503782345653582,-0.44174174226952306,0.3797568068841687,-0.4361953930560097,-0.4875407903908045,1.812529734398331,-0.22608725502594096,-0.28279162422560344,-0.04459081682466735,-0.22510102672888924,-1.704966774445085,-0.825546480682771,-1.6126761004581056,-1.1331909292732945,-1.203172125435777,0.1674649831536795,-0.038788815156659016,0.6865092829482878,0.13459070619251792,-0.210263622287192,-1.2159753382003349,0.12975739707019002,-0.06781497073524549,0.3452322540110066,0.7869800093628545,-0.20137818265768334,0.2774837216831627,0.0,0.764221162149057,-0.45156868247080273,2.045753754165988,-0.5249203995926566,0.21305697014404332,-0.2636531680177292,0.17042587318464114,0.0390419493407876,-0.05528212071368417,-0.680733844574365,0.4618756027464966,-0.36693032815181703,-0.350232593034494,0.6497689482525563,-1.1431095287921438,-1.5004747261571585,0.3787809105198606,0.06032882730827968,0.2946431901597005,-0.2163424139396318,0.2595728831072095,-0.053702302367923144,-1.1304687739607684,-0.054065703849995546,-2.8760213722696877,1.173586902618467,-1.0475315324394354,0.26411708064157247,-0.4642508222053837,-0.6499778703018755,0.020324155366100268,-0.2428949207785226,-0.2636531680177292,-0.3885260688475611,0.46856054271936215,-1.0520834537558998,-0.6346310943894017,-0.9326043654560955,-0.13050101473575929,-0.6627008480163304,-1.1902739768857522,0.42396104072663177,-0.23356287891270272,0.42454152433129166,0.21185542550314773,0.38172824641870623,-0.9148534013975684,-0.47662970292836004,-0.44971090123830526,-1.6357909591021764,-0.11921936924925884,-0.4012005890765373,-1.6113098905701415,-1.4694950846312331,0.05357894972805505,-0.405832237038036,-0.44407134551118127,-0.4056478458735474,0.1337227447254568,-0.20955453668599397,-1.5926513582478012,0.12888612708672098,0.17199801570580764,0.29020107963353625,-0.31009080482863804,0.3950220356763777,-0.6887096663426718,0.0,-0.904115047322398,-0.6354053516354136,-0.21461017779385194,0.6805298138368062,-0.06168153913092046,0.3118974780402401,-0.7162501493776537,0.3051821318014818,-0.4483566400297485,0.26287982178929964,-1.3038663304014588,-0.5470271958372414,0.053034508117979995,1.0822559067109967,-0.4079841944126881,0.45341736563233653,0.40153455247780856,0.16741632775094686,0.1190960695271128,-0.008001893706058139,-0.1813038362946583,0.1709485043588351,0.35382383541478735,-1.6467869760902922,-0.10071043597721381,-0.5846558576128912,0.5203038809338498,0.23093585174334144,0.29845067234649447,0.6480718092687969,-0.2962164773711673,0.38552614553674236,0.3118974780402401,0.0,-0.362774727203844,0.47718873824336827,0.36121318668861424,0.5995809366316731,-0.16070850135832232,0.32078986406841786,-0.9608268310427883,-0.48454097703308435,0.6055264299273845,-0.4599210517196729,-0.45780026663245965,-0.17407765595569782
-0.19996915623069242,-0.016780241109196823,2.2509332966282734,-0.1899498289585197,1.34449153842424,-0.2805360234548084,0.019117275792846927,0.22919801964461076,0.4672526200509148,-0.005730122758398122,-0.1999465299880494,0.5869184606382337,0.13718865446535217,-0.21239517470572541,0.016427514168049273,0.1314904476006762,-0.02300845864197642,0.39578560073909536,0.8768479231742464,-1.3564908386869012,0.6132424025715038,0.0,1.5235549647128703,-0.3000536129954522,-0.6840090087016895,-2.0199915007167903,1.1031483350414593,-0.3720903829065401,0.05331820232401245,-0.7005631166369568,-0.018115436725131114,-1.1005965180123365,2.2570221063180753,-0.2983841363804396,-1.3946945189326727,0.08560846263500486,-1.7960128239017195,-0.07924003873525798,-1.0363012920332442,-2.2761898384237678,-0.979886417713375,-2.235059266767013,-0.4100567407235849,-2.304081156963043,-1.1698251994017677,-0.004505833840314732,-1.0137118358120387,2.7493787669570096,-1.1391336939667145,0.053717654095849894,0.029916809718694076,-1.581240653505699,0.02438243441880904,0.125807968128053,-0.3720903829065401,0.0,0.3346043334481256,-0.9860124201872346,-0.54094546280196,-0.5781283136146165,-0.48697377116739154,-1.030788854043322,-0.30014288457542315,-0.5243678861317372,-1.4981287828416563,-0.5225784870635041,-0.5081697501309471,-0.6416034458047191,-0.41468087315207924,-0.14493165356769425,-0.04459081682466735,-0.4196538317737085,-0.586102571131683,-0.3424699066050234,-0.7198523200783957,-0.6968680717973426,0.004317341879203829,-0.06230329425643049,-0.23908818006496468,0.9313678276288445,0.13459073412226938,-0.210263622287192,-0.8176759899297255,0.12975739707019002,-0.27251753373325555,0.18889421073444002,1.1357427785478605e-05,-0.39704874430685366,-1.086159033734381,0.0,1.4162481235522641,0.16169507985749934,-0.7000015572427001,-0.7543307904203221,-0.25346426962505336,0.3699574746291126,0.09650727940264854,-0.003975667306414031,0.02170216784128101,-0.6962447302286203,-0.1711659142881743,0.22652893343713967,-1.0718121301004868,0.9660311798827675,-0.7428453922660908,-0.9300171384324551,-0.7420922682937757,-1.6255726481559678,-0.8668488058321613,-1.6815390010306568,-0.18299198337725384,-1.820681283506049,-0.4077591196455636,-0.2944406140663777,-0.21022592696330378,-0.3573552714920118,-0.2520582049442258,0.2852926949551773,0.02207812045818239,-0.22051648505345572,-0.17885585876270668,-0.07173580561852727,0.3699574746291126,0.20821818878402154,0.02882753089528534,-0.2462604367999768,0.567169108218938,-1.0393153953413314,-0.1445521296930032,-0.6786206577020795,-1.1157672616317613,0.35093160764822123,-1.0879615041527406,0.3515331376212226,0.17776269113156867,-0.7316458056358536,-0.4081135082901529,-0.17078013553175656,-0.1790884119975552,-0.8249302343774246,0.47025199274224444,-0.48086208628291194,-0.7942156765872646,-0.715880880945104,0.16341050051443215,-0.09789715171088262,-0.19523812185888703,0.17338398452514506,0.13370692866697986,-0.20955453668599397,-0.9934145942378866,0.12888612708672098,-0.23846564611260615,0.2673103011109587,-0.31009080482863804,0.19427893421854459,-0.4776048903637114,0.0,0.20150666986320406,0.39645523452164577,-0.4822794824895662,-0.4411107720762844,-0.0008199040282362777,0.2076101418493813,1.2616958836755887,0.12379508139613982,-0.012207283133217723,-0.5009223563631187,1.413304879216823,0.5226731950275847,-0.4835652200112465,0.24821538708691213,-0.4079841944126881,-0.7267977193626095,-0.16913741466500076,-0.5957776579740419,0.1190960695271128,-0.6747255991351758,-0.29214113325920316,-0.5239943285781692,0.06602017832787747,-0.8075595533728411,-0.1246240246241091,0.8924172408553177,-0.03294328673075089,0.15548628250142968,0.12891475428125349,-0.5493707625401486,-0.1972280720159536,0.30150121638129845,0.2076101418493813,0.0,-0.12653014964576242,0.1438248170370264,0.2025035297403182,-1.2654256061422011,-0.4466398957769259,-0.43753550411639464,0.2509552365069076,-0.06493979014310985,0.18111846689358646,-0.06846833388421845,-0.1233713038152479,-0.17407765595569782
-0.39363438795985095,-0.1987928602535311,-0.3935633200048052,-0.4028338055187119,0.8436686538838438,-0.4840933887113412,-0.18639205135159262,-0.13721486958160117,0.97258204328646,-0.6384605069399738,-0.5546536052203195,-1.1028377597605956,0.13718865472489952,-0.21239517470572541,-0.1783867913688249,0.1314904476006762,0.0011302862467448141,0.4571770658840111,-0.4136802308758824,0.5681896391939981,-0.18652549677151192,0.0,-0.8364312724382148,-0.4579038010698498,-0.6432781857953385,0.519394234367895,0.5280375613479454,0.5046268640499375,0.22808864236865942,0.03373552549398874,-0.5816776252663304,-0.20864023159048062,-0.5922550205281497,-0.4265731518229673,-0.3411544633585748,0.15471667878302156,0.5713156410342783,1.552101019293345,0.39840025719029293,1.1843589403180579,0.6374018445320013,0.9410577342146649,-0.7574895991515238,1.2252595693906443,1.3286711307391224,-0.295195411015291,-0.0884047677573882,0.8632949675284591,0.8372598918144778,0.06216040972819987,0.5873163836576654,0.27054261755312775,-0.35061154777398784,0.5578757374567207,0.5046268640499375,0.0,-0.549086882522595,0.9270415884888877,1.0618518802458858,-0.2985605756789807,-0.5826619082455475,-0.19321458111805861,0.23516759993191594,-0.7308137122808354,0.5608460124405474,-0.7351681128684002,-0.6236501908441504,-0.6416034458047191,-0.9787663480003325,-1.1571800040530535,-0.25613794780681,-1.0015632974803845,0.26374654663238933,-1.1311546112965571,-0.6864308323910564,-0.6638087277722533,0.7567151159570583,-1.1021510242082597,-0.9010175076849508,-0.4759766393721354,0.13459069969149698,-0.210263622287192,-0.6602010791155837,0.12975739707019002,0.19163597238921504,0.333924503533132,-0.7869572945072836,0.23139531413776274,-0.5863014432170839,0.0,-0.22920762162553066,-1.2051016467649844,-0.6767448474136946,0.39272116371801574,-0.23837241946835222,0.4887594701253956,-0.062039017755517636,-0.33007641291097073,-1.1251865050505565,-0.8115011961138954,-0.04389140208760298,-1.140281219985723,-0.5752174426997889,-0.07442371536275669,0.6294887901089453,0.9354753616710241,-0.3299945509213357,1.0718697125868282,-0.28610280783623043,0.7393639610386835,-1.0330831259534725,1.1242836850574942,1.0127391664222516,-1.2747374966620673,-0.11004353828205342,0.37849763602537784,0.5616888436643093,0.23884269512327724,0.9551787561139402,0.18798161892973742,-0.24756955685047277,0.356161982281461,0.4887594701253956,-0.3885260688475611,-0.3951436215122347,0.5780740557385484,0.6090285444779152,-0.3974801595019657,-0.8736915643633245,-0.7969157082076095,-0.46074146275217376,-1.0096791878946305,0.13336331036961266,-1.0088660317956006,-0.7957195599459448,0.5725923696280594,0.350695063918093,0.3097522311382137,-0.35950340482472193,0.3892786273239215,0.18922045727045894,-0.46723922626265385,0.4895003022350504,0.45711645694183256,0.4556078051165071,-0.6234330200965008,-0.6071790445901841,-0.8802877864554218,0.13371450532121384,-0.20955453668599397,0.47435595213451515,0.12888612708672098,-0.16361950753014548,0.23577954127764136,-0.31009080482863804,0.48029286050812403,-1.0572541106099322,0.0,-0.6833434686343267,-0.5828243004504231,-0.4061677248351282,0.30664961853244316,0.3149428785798825,0.4161848142310996,0.8706789236153889,0.13732658544311085,-0.607851939137039,-0.08465972508277342,0.3782936736753241,-0.3921358115339382,-0.20084410313701956,1.0069521800573298,-0.4079841944126881,0.3312558199128252,0.5223023281943987,0.7398118170446885,0.38033906074787677,0.5605229158256945,-0.5078111480686118,0.7395380949436567,1.1596740752581334,0.4013589767986973,0.05271919874542285,0.20038114254953573,0.18832856521054472,0.05666283388642283,0.20924690217251088,0.07397769594541168,-0.2485740068381655,-0.034598500240477066,0.4161848142310996,0.0,-0.2258481961744166,0.2771541073199139,0.47572496867555203,-0.7293059561234954,-0.6261454038065369,-0.024257665748831096,0.059627190264161384,-0.5886287838532517,0.49043964888344205,-0.5936474729247951,-0.5150484279730526,-0.17407765595569782
-0.6526497365570991,-0.6323854856312225,-0.6051230493354515,-0.6875530412422415,0.6562461872719246,-0.8150067829095499,-0.6732351810493962,-0.661651615418912,0.6978825977132653,-1.0624767484836142,-0.7049391722694328,-1.2154204228932641,0.13718865453386733,-0.21239517470572541,-0.6804772834685286,0.1314904476006762,1.056912597410892,-2.0362613402310257,-0.4136802308758824,1.0291207729864462,-0.5091739122184551,0.0,-2.3118703013460853,-1.0399003837157097,-0.5159359300398554,1.244933015820661,0.8649853879577029,0.5463753043811993,-1.1967419813315878,-0.11489805465381582,-1.0408139810365125,-0.4685365300602765,0.39480696590055764,-1.050754009698536,-0.21948110526009826,0.7031676958761153,1.4434892860106978,2.020865998289734,0.9507582324565156,1.5618733525444388,-0.3329711128152245,1.4125949891562495,-0.9933849702181958,1.6664271601848553,1.3896100656206083,-0.7763609746050633,-0.11921487585073642,0.41261711529899625,0.9656574755152434,0.014931375169914923,0.9080027098242102,1.3807590960222411,-0.34393237894792306,0.125807968128053,0.5463753043811993,0.0,-0.5978740867069774,1.051324278925775,0.8647513043252899,1.7061735957031257,-0.6943627000858282,-0.4372651658257507,-0.4413331048773049,-1.0784883598881183,1.203181604683418,-1.0808185935322272,-0.7372776657050368,-0.6416034458047191,-1.0208641048109524,-1.3128363013706261,-0.25613794780681,-1.0449912595389168,0.7150929585334204,-1.0884889035175742,-0.7333856806484187,-0.805787856855228,0.735166850376354,-1.2088729051289766,-0.9462862850250655,-1.1514953392333278,0.13459070490315517,-0.210263622287192,-0.6949966756138416,0.12975739707019002,0.14151876230614524,0.0059997396748645475,-0.7869572945072836,0.6553494045140015,-0.5547292223408984,0.0,-1.375417793318141,-1.1805724984222965,-0.5483270380934347,0.5074263591318461,-0.7936381025479881,0.4095581397945395,-0.7086889993479535,-0.20471899683918102,-1.2316880491541708,-0.683308438121626,0.2683754992750655,-1.1001143011033188,-0.3607348691727002,0.2762730874649106,1.0297529266350003,1.1466979573231888,0.318398157976913,1.5214434393772942,0.2946431901597005,1.0769943355838913,-0.9981547280101729,1.4776794812851193,1.1373442792352175,-1.3829844529499424,0.2908227226237666,-0.026503363865143216,0.8830431492643551,0.23720179214265072,1.0978130787183635,0.6184422513122163,-0.25785569151953097,0.4417415398614587,0.4095581397945395,0.8049624464156042,-0.5028862908415628,0.903609415755962,0.34642115000087126,0.1339136124475182,-0.9139443344857752,-0.665343317325879,-0.33003239900587394,-1.1908626396900057,0.7690407926633989,-1.1902735905291757,-0.8653899330726847,1.1133740520545599,0.4072423543472428,0.3389215090404063,-0.26929590841113854,0.479762872835959,0.2760738658198402,-0.4537598917403533,0.5729413385586,0.45655159802721595,0.3144260481583537,-0.5649011113655001,-0.5643414598397106,-0.4595481606341518,0.13371585436453326,-0.20955453668599397,0.6785979764033633,0.12888612708672098,-0.34787867492381835,-0.23628682638569515,-0.31009080482863804,0.3752873994395785,-0.04917291171567981,0.0,-0.28645630975529235,0.22833190667278466,-0.6042584166518006,0.30664961853244316,0.07960208275494846,0.38142236883414715,-0.22833603359288152,0.12891507666911273,-0.4629875321235792,0.28362210969495066,0.41240211839813956,0.13729471598299914,0.8180210482073587,-0.03933701101073889,-0.4079841944126881,0.6719158986111271,-0.17088504573684185,2.011801793253003,0.38033906074787677,1.7653465744296664,-0.3965607504687849,2.066247139641574,0.9869918810059879,0.48933161307117196,0.08663437819174977,0.4325268375443762,0.3323477570780283,0.09016154410945125,0.19215590054527984,0.16647700792579684,-0.2909180864743143,0.1334513580704107,0.38142236883414715,0.0,-0.3132695435469064,0.363934131395919,0.5955382257589966,-0.511887182636365,-0.5612377756481606,0.34138342030984764,0.2665332800803654,-0.5168876745251606,0.43760813447812824,-0.5249990992785681,-0.44765633139631195,-0.17407765595569782
0.24422559469867358,0.4584167678856097,-0.0762237260088358,0.30567839760709103,-0.06250930383525545,0.8775468290721765,0.563447908102366,0.5162746254310574,0.3914292583085023,0.5265678466345488,0.2194439338546163,0.5395411590733006,0.07833169250237976,-0.16603744920146124,0.5085265139573961,0.07266577367405826,-0.41587093107180495,0.47252493217024,-0.4065894168426293,-0.10835906933216766,0.16420901652335854,0.0,0.19441984551247196,0.0009706216319831642,2.126759335925314,-0.40812603935743763,-0.046221147987679165,-0.08879739494441216,-0.007177862719338851,0.35719446576309993,0.28131380016334545,0.1659303344416732,-0.7447758122650446,0.030481566552451808,0.390287258262831,-0.36481919728747936,-0.6636931937674975,-0.6604575661674964,1.2707944286151158,-0.011103365065481978,-0.009513460366149239,-0.1665380429858011,0.7266987007632709,-0.035219261449958225,-1.0096093733534672,0.5541910245811179,2.0032610189806013,-0.5171420393533307,-0.45881390048989734,0.18971879867798316,-0.5566036501675514,-0.1122313680214815,-0.10998879206966268,0.6442892913224542,-0.08879739494441216,0.0,0.044329436382831426,-0.35867497315871155,-0.263574392105815,-0.3662654927686967,0.2833902884484329,0.14879213467045924,0.09816911346927663,0.7773508838577116,-0.48981248500677216,0.7803926070358782,0.5518990219855128,-0.6416034458047191,2.605136723988431,1.8499827732064615,0.025924893502713528,2.7173307579732384,0.11491137388721213,2.5669654465566,-0.3047417607690938,-0.29407065652578157,-2.319984920334103,2.5883116381350897,3.2601962457730944,0.858563631613118,0.07573456357530718,-0.16391615627629685,-0.12640604707583994,0.07093404373170419,-0.5103648546857221,0.3452322540110027,2.382537331143271,-0.4858803441496505,-1.5492129701304005,0.0,1.1465160621336599,1.841169355594527,0.8184485605271915,0.2080584040682701,-0.1258661945466013,0.20720309252065214,1.2878867133649934,0.683174383832679,2.3731845080939067,1.3644351276771622,0.6556215214443076,2.005243081822493,1.2206271134580955,-0.3187104708617694,-0.6740401757047055,-0.838772304659389,-0.864781010224017,-0.10826132023814507,0.2946431901597005,-0.29452351528934373,2.692418177282452,-0.11260160173919401,-1.3476376848633667,2.274691752948665,-0.1460242689284206,-0.7840564877207278,-0.3364624320155265,0.27717018076840333,-1.784673020807903,-0.4328401764117049,-0.16272569603471615,-0.4140540359385179,0.20720309252065214,0.8147988902227112,0.04077038426234152,-0.34478319426708104,0.2424093529559315,-1.3157582940096928,3.5174224950797415,1.4166603386818553,0.5880714015117547,2.828982303280482,-0.6385153864435127,2.8284561125588428,3.915600667256714,0.22267481041091197,0.47125533331781416,0.13475274926694,-0.1790884119975552,0.6611830245434741,0.03848634780095046,2.9437111889263945,0.0530431456130794,0.6710840761645722,-4.400552747000124,3.7036850118621105,4.615662928339018,1.0736923144370436,0.07489874656366369,-0.16321190770208055,0.4166444838525097,0.07006561271157306,-0.44163019494202793,0.2902010796335283,-0.2968230509808788,-0.08821053676835892,-0.17326302795107357,0.0,-0.38723481483088495,1.4879285588032527,4.591530103877063,0.729832696734086,-2.8448459038186322,-0.15051944671813022,-0.6006398104091835,0.7069072816685742,2.7420487863982688,1.73089712341491,1.6388404153688607,1.6054847039996971,1.949748450900017,1.903565514008281,4.282670985031668,-3.030093760130102,0.046867285884390666,-0.08698166749071606,1.1640680344101686,-0.25430019598200143,4.35375211961918,-0.14493460152162135,-0.9884165169773492,0.6646683559515124,-3.5748153818235826,0.4796200813368178,0.20096645018812856,0.5620434416094545,-1.5510922998486023,-0.15702029157088537,-0.18378817047339735,0.1334513580704107,-0.15051944671813022,0.0,-0.1612444694757799,0.25088264959300577,-0.367482620250362,0.945099024450586,4.867078626792811,1.7496023831491563,0.07346935692234369,4.6585964553572765,-0.18592670672427236,4.647392607621836,5.18504837869815,5.744562646538029
