{"type":"FeatureCollection","features":[{"type":"Feature","id":3976,"geometry":{"type":"Polygon","coordinates":[[[112.71209612900009,-7.0445491959999345,0],[112.71195827300005,-7.0445048429999702,0],[112.71182367200004,-7.0445322489999285,0],[112.71175799500008,-7.0445803379999461,0],[112.7116742610001,-7.0446015779999698,0],[112.71157847400002,-7.0446019289999526,0],[112.71145574900004,-7.0446023779999791,0],[112.71137490800004,-7.0445966929999599,0],[112.71129701700011,-7.0445790359999592,0],[112.7113168520001,-7.0447901079999724,0],[112.71131771800003,-7.0453265749999332,0],[112.71128494700008,-7.0453685609999752,0],[112.71124910500009,-7.0453896259999738,0],[112.7111951920001,-7.045380851999937,0],[112.71109026100009,-7.0453363789999344,0],[112.71083538000005,-7.0452147019999529,0],[112.71014321400003,-7.0450228549999565,0],[112.71006282900009,-7.045768546999966,0],[112.7100624200001,-7.0457723419999638,0],[112.71008448300006,-7.0457820839999385,0],[112.71043335800005,-7.0459361279999371,0],[112.71057740900005,-7.0460370369999623,0],[112.71071013300002,-7.0461839219999547,0],[112.71081041700006,-7.0463653749999366,0],[112.71087821900005,-7.0465699139999742,0],[112.71090182600005,-7.0467382489999295,0],[112.71090032200004,-7.0467978979999657,0],[112.71089680800003,-7.0469373139999334,0],[112.71088312500001,-7.0470287619999681,0],[112.71086128000002,-7.0471747669999445,0],[112.71078929700002,-7.0473970429999326,0],[112.71062954800004,-7.0477172479999695,0],[112.71053037500008,-7.0478758179999659,0],[112.71047718300008,-7.0479608689999509,0],[112.71039147900001,-7.0480989839999779,0],[112.71019128300009,-7.0483600069999284,0],[112.71017433300005,-7.0483790529999624,0],[112.70999477100008,-7.0485808249999309,0],[112.70977905200004,-7.0487883149999675,0],[112.70959134000009,-7.0489290619999565,0],[112.70956789200011,-7.0489466439999546,0],[112.70950202800009,-7.0489960299999552,0],[112.70933568200007,-7.0490846769999393,0],[112.70929152400004,-7.0491083649999382,0],[112.70909859400001,-7.049211861999936,0],[112.70885559800001,-7.0492950489999657,0],[112.70827948100009,-7.0494387839999604,0],[112.70785263100004,-7.0495379529999695,0],[112.70733947300005,-7.0496106429999372,0],[112.70733522800003,-7.049611418999973,0],[112.70706187400003,-7.049661417999971,0],[112.70683797000004,-7.0497273089999339,0],[112.70678731300006,-7.0497558739999704,0],[112.70662958200001,-7.04984481799994,0],[112.70648255500009,-7.0499774139999545,0],[112.70637000800002,-7.0501098839999372,0],[112.7063434050001,-7.0501693139999588,0],[112.7063169920001,-7.0502804149999747,0],[112.70632126400005,-7.0504009759999349,0],[112.70635479800001,-7.0505509669999356,0],[112.70635632300002,-7.050557787999935,0],[112.70641041100009,-7.0506800799999496,0],[112.70651631600003,-7.0508270639999751,0],[112.7065517100001,-7.0508578429999602,0],[112.70676616100002,-7.0510443349999719,0],[112.70695094100006,-7.0512809829999696,0],[112.70715894900002,-7.0515826189999302,0],[112.70727265800008,-7.0517678509999655,0],[112.70736344800002,-7.0519723069999714,0],[112.70743889100004,-7.0521710749999329,0],[112.70744337100007,-7.0523790279999616,0],[112.70744350900009,-7.052385415999936,0],[112.70743610600005,-7.0524562569999603,0],[112.70741729800011,-7.0525520209999399,0],[112.70737743900008,-7.0526536029999534,0],[112.70728399400002,-7.0527706929999567,0],[112.70717137200006,-7.052882110999974,0],[112.70687698400002,-7.0530573519999393,0],[112.70664169800011,-7.0531539059999773,0],[112.70655945500005,-7.0531905699999697,0],[112.70644091300005,-7.0532189719999678,0],[112.70638910000002,-7.0532313859999363,0],[112.70616524500008,-7.0533106739999312,0],[112.70589750800002,-7.0534398839999426,0],[112.70578303100001,-7.0535685319999288,0],[112.7057406990001,-7.053625474999933,0],[112.70556189000001,-7.0538659959999563,0],[112.70545891500001,-7.0539965169999732,0],[112.70534786900009,-7.0541387779999809,0],[112.70533306400011,-7.0541577439999514,0],[112.70523029300011,-7.0543437669999776,0],[112.70517347300006,-7.0545219679999605,0],[112.70515098700002,-7.0546598509999399,0],[112.70515564600009,-7.05488567499998,0],[112.70517160200006,-7.0549872259999802,0],[112.70519291300002,-7.0551228609999725,0],[112.70526475600002,-7.0553848029999813,0],[112.70533296400004,-7.0555397619999667,0],[112.70538839500011,-7.0556656949999592,0],[112.70553868000002,-7.0558986419999314,0],[112.70563686000003,-7.05602842899998,0],[112.70576355100002,-7.0560968649999722,0],[112.70593063700005,-7.0562091749999354,0],[112.70611478800004,-7.0562735749999774,0],[112.70638197800008,-7.0562882959999342,0],[112.70640796300006,-7.0562897279999675,0],[112.70665127200004,-7.0562907529999279,0],[112.70691571100008,-7.0563070109999444,0],[112.70713235400001,-7.0563502379999363,0],[112.70731082100008,-7.0564318829999593,0],[112.70756432700011,-7.0566012909999358,0],[112.70776416300009,-7.0567632419999313,0],[112.70782761300006,-7.0568261689999758,0],[112.70794496600001,-7.0569597119999798,0],[112.70801098400011,-7.0570568709999293,0],[112.70807209500003,-7.0571468089999598,0],[112.70814903500002,-7.0572487739999588,0],[112.70826075900004,-7.0573968379999314,0],[112.70834366400004,-7.0575400779999313,0],[112.70839623300003,-7.0576766709999674,0],[112.70844811200004,-7.0578114689999438,0],[112.70849266700009,-7.057945277999977,0],[112.70861129600007,-7.0579046519999338,0],[112.70886960900009,-7.0578175809999379,0],[112.70905901700007,-7.0577479869999706,0],[112.70920633500009,-7.057693856999947,0],[112.70932696600005,-7.0576761909999277,0],[112.70947062700009,-7.0576699229999349,0],[112.70960858400008,-7.0576751599999739,0],[112.70969680600001,-7.0577016309999294,0],[112.70981385800008,-7.0577528779999739,0],[112.70991945700007,-7.0578156479999734,0],[112.71001365200004,-7.057903342999964,0],[112.71005795400004,-7.0579682529999559,0],[112.71008316300004,-7.0580504579999683,0],[112.71011629200007,-7.0582034489999614,0],[112.71013177900011,-7.058247410999968,0],[112.71017034800002,-7.0583161709999445,0],[112.71024727400004,-7.0583962709999355,0],[112.71037025600003,-7.0584972559999528,0],[112.71047215100009,-7.0585944919999406,0],[112.71058537700003,-7.0586476659999562,0],[112.71069663300011,-7.0586855369999739,0],[112.71072548200004,-7.0587160529999551,0],[112.71075254800007,-7.0587829389999683,0],[112.71078163400011,-7.0589615819999381,0],[112.71080751900001,-7.0591444639999281,0],[112.71081798300008,-7.0593855769999436,0],[112.71080503100006,-7.059510027999977,0],[112.71080157100005,-7.0596114769999758,0],[112.71081723700001,-7.0597032869999339,0],[112.71086358000002,-7.0598026389999404,0],[112.71090018400002,-7.0598580079999351,0],[112.71095954800001,-7.0599518679999278,0],[112.71107735700002,-7.0601080769999385,0],[112.71116767900003,-7.0601843029999714,0],[112.7111966970001,-7.0602607509999302,0],[112.71120461400005,-7.0603296229999728,0],[112.71119151200003,-7.0604138809999313,0],[112.71115752100002,-7.0605479799999671,0],[112.71114241900011,-7.0606092789999479,0],[112.71108740400007,-7.060756850999951,0],[112.71101121700008,-7.0608777069999746,0],[112.71090432700009,-7.0609852759999399,0],[112.71074195000006,-7.0611121889999708,0],[112.71067708700002,-7.0611870689999705,0],[112.71059503900005,-7.0612773229999561,0],[112.71052628900009,-7.0613369059999513,0],[112.71048435300008,-7.0613944769999648,0],[112.71046354000009,-7.0614653669999257,0],[112.7104275690001,-7.061582246999933,0],[112.71040672800007,-7.0616454819999603,0],[112.71038764700006,-7.0616666039999814,0],[112.7103473730001,-7.0616552669999351,0],[112.71028406700009,-7.0616325339999548,0],[112.71018427900003,-7.0615869649999468,0],[112.71005392100005,-7.0615644779999798,0],[112.70981804700011,-7.0615021839999486,0],[112.70978163400002,-7.0614984889999732,0],[112.70968390700011,-7.0614931069999329,0],[112.70956129000001,-7.0614916419999645,0],[112.70945012000004,-7.0614767379999535,0],[112.7093945260001,-7.0614673719999814,0],[112.7092199440001,-7.0614010249999524,0],[112.70913363000011,-7.0613726329999622,0],[112.70905887800006,-7.0613633379999783,0],[112.70900130700011,-7.0613367549999566,0],[112.70880732800003,-7.0612054069999317,0],[112.70864013500011,-7.061118773999965,0],[112.70857303300011,-7.0610512389999371,0],[112.70856462200004,-7.0609569599999418,0],[112.70853218400009,-7.0608829659999515,0],[112.70851871000002,-7.0608657899999798,0],[112.70840161500007,-7.0608030589999657,0],[112.70822308400011,-7.060704191999946,0],[112.70811805100004,-7.0606293699999583,0],[112.70785379900008,-7.0603093669999453,0],[112.70777881700008,-7.0602369139999723,0],[112.7075446990001,-7.0601305919999504,0],[112.70742575300005,-7.0600850939999305,0],[112.7070175660001,-7.0600521379999464,0],[112.70661353100002,-7.0600110459999428,0],[112.70659976500008,-7.0600096459999691,0],[112.70641474700005,-7.0602323359999559,0],[112.70618800500006,-7.0605700109999248,0],[112.70604764400002,-7.0607932999999434,0],[112.70602039100004,-7.0608366569999248,0],[112.70589341000004,-7.0610574419999352,0],[112.70578433500009,-7.0612470939999525,0],[112.7056645020001,-7.0614829429999304,0],[112.70564551900009,-7.061530859999948,0],[112.70559818000004,-7.0616822309999634,0],[112.70555634800007,-7.0617685079999433,0],[112.70554119300004,-7.06182172299998,0],[112.7055279760001,-7.06186813599993,0],[112.70550540000011,-7.0619811379999646,0],[112.70550593900009,-7.0621285069999544,0],[112.70542549100003,-7.0621326279999721,0],[112.70530479700005,-7.0621330699999589,0],[112.70511827200005,-7.0620887279999351,0],[112.7046836940001,-7.0619123229999445,0],[112.70466085700002,-7.0619540329999495,0],[112.70464260100005,-7.0619920009999646,0],[112.70461522500011,-7.0620489389999648,0],[112.70460093100007,-7.0620690869999407,0],[112.70455639300008,-7.0620706849999806,0],[112.7044773560001,-7.062068103999934,0],[112.70441552500006,-7.0620554109999603,0],[112.70425012500004,-7.0620115169999735,0],[112.70422162900002,-7.0620058199999676,0],[112.70403156300006,-7.061967817999971,0],[112.70393955300005,-7.0619537999999693,0],[112.70390957800009,-7.0620084549999547,0],[112.70390460600004,-7.0620131799999513,0],[112.70388380500003,-7.0620329509999351,0],[112.7038178680001,-7.0620762559999548,0],[112.70379350400003,-7.062093569999945,0],[112.70372751400009,-7.0621225179999669,0],[112.70359979400007,-7.0621660479999377,0],[112.70347637200007,-7.0622066899999254,0],[112.7033960980001,-7.0622586599999408,0],[112.70336318700004,-7.0622961009999585,0],[112.70329456500008,-7.0623910889999593,0],[112.70319150100011,-7.0624976869999614,0],[112.70314855300001,-7.0625409079999599,0],[112.70311850500002,-7.0625754679999773,0],[112.70307689000003,-7.062589973999934,0],[112.70299073600006,-7.0626060779999307,0],[112.70296576900012,-7.0626131369999712,0],[112.7029290160001,-7.0626235279999605,0],[112.70288598900004,-7.0626452169999538,0],[112.70284732000005,-7.0626798079999276,0],[112.70280870300007,-7.062728753999977,0],[112.70273718200008,-7.0628165749999425,0],[112.70267142800003,-7.0629101189999801,0],[112.70259865800006,-7.0630496209999478,0],[112.70253441000011,-7.0631618189999585,0],[112.70247852500006,-7.063203648999945,0],[112.70244121400003,-7.0632167059999347,0],[112.70242251900004,-7.0632124659999249,0],[112.70237789900011,-7.0631910979999475,0],[112.70233905100008,-7.0631768859999511,0],[112.70227577700007,-7.0631627629999798,0],[112.70220818700011,-7.0631472189999727,0],[112.70207296800004,-7.063104649999957,0],[112.70184562500003,-7.0630179199999361,0],[112.70169604000012,-7.0629768379999405,0],[112.70167304500001,-7.0629754869999601,0],[112.70156962900001,-7.0629859129999772,0],[112.70154090800008,-7.0629903229999513,0],[112.70152517200006,-7.063009041999976,0],[112.70150663400011,-7.0630478649999304,0],[112.70148953300009,-7.0630866849999734,0],[112.70146842700001,-7.0631227369999579,0],[112.7014566900001,-7.0631427859999576,0],[112.70139952200009,-7.063226249999957,0],[112.70132805600008,-7.0633298609999429,0],[112.70128088100012,-7.0633960629999706,0],[112.70121497500008,-7.0634479779999424,0],[112.70115475900002,-7.0634840829999348,0],[112.70111110900007,-7.0635161939999307,0],[112.70108024300009,-7.0635389009999585,0],[112.70104154300009,-7.0635648799999444,0],[112.70100289900006,-7.0636066489999507,0],[112.70095858900004,-7.0636699689999318,0],[112.70092575600006,-7.0637289419999547,0],[112.70090869700005,-7.0637792449999779,0],[112.7009089390001,-7.0638452719999805,0],[112.70091776400011,-7.0639012229999594,0],[112.70087418900005,-7.0639037739999253,0],[112.7008533070001,-7.0638909309999462,0],[112.70082668600003,-7.063880261999941,0],[112.70079074700004,-7.0638753699999484,0],[112.70069089300011,-7.0638778879999791,0],[112.70052344200008,-7.063862707999931,0],[112.70036459700009,-7.0638431919999789,0],[112.70034301200008,-7.063834657999962,0],[112.700322873,-7.0638282719999665,0],[112.70029048300012,-7.0638118829999712,0],[112.70024661200011,-7.063799122999967,0],[112.70020128100009,-7.0637799109999264,0],[112.70017758000006,-7.0637821499999518,0],[112.7001623750001,-7.063749907999977,0],[112.69996950500001,-7.0636594619999755,0],[112.69993285100009,-7.0636560069999632,0],[112.69976021200011,-7.0635970649999535,0],[112.69958254400001,-7.0635381429999597,0],[112.69946592800011,-7.0634754089999774,0],[112.69928885200011,-7.063382034999961,0],[112.69914774900008,-7.0633028829999489,0],[112.69905266300009,-7.0632336109999301,0],[112.69902101700006,-7.0632236779999289,0],[112.69898218000003,-7.0632123359999355,0],[112.69893685000011,-7.0631938399999399,0],[112.69885913600001,-7.0631596729999728,0],[112.69879585300009,-7.0631433959999299,0],[112.69875418100003,-7.063142829999947,0],[112.69872690800003,-7.0631501069999558,0],[112.69869674800009,-7.0631538059999457,0],[112.69864283400011,-7.0631453899999315,0],[112.69860375300004,-7.0631328509999776,0],[112.69844781500001,-7.0630326659999696,0],[112.69838168000001,-7.0629805479999277,0],[112.69842810600005,-7.0629062149999413,0],[112.6983512920001,-7.0628562549999288,0],[112.69828779200009,-7.0628457209999738,0],[112.69820151100009,-7.0628268959999332,0],[112.69816922100006,-7.0628377799999384,0],[112.69815720400004,-7.0628258619999542,0],[112.69813845800002,-7.0627833759999703,0],[112.69802389800009,-7.0627174929999796,0],[112.69788931200003,-7.0625864009999759,0],[112.69779329900007,-7.0625257459999489,0],[112.69770091900011,-7.0624758419999694,0],[112.69738285100004,-7.0622676659999684,0],[112.69739742000002,-7.062198566999939,0],[112.69732966400011,-7.0621302969999533,0],[112.69725047300005,-7.0620851309999466,0],[112.69729210100002,-7.062008422999952,0],[112.69697167100003,-7.0618086279999375,0],[112.69687822700007,-7.0617958099999782,0],[112.69684819300005,-7.0617684069999314,0],[112.69655314200008,-7.0616331139999602,0],[112.69638529600002,-7.0615751119999572,0],[112.69615391900004,-7.06149819999996,0],[112.69605325000009,-7.0614734469999689,0],[112.69601011700001,-7.0614664269999707,0],[112.69595984600005,-7.061471393999966,0],[112.69594436300008,-7.0614941779999754,0],[112.69590033000009,-7.0615685009999538,0],[112.69582779900009,-7.061708719999956,0],[112.69577771500008,-7.0617651239999759,0],[112.69574305200001,-7.0617819969999687,0],[112.69570637800007,-7.0619041409999568,0],[112.69559849400002,-7.0618710409999608,0],[112.69530251900005,-7.0618111109999404,0],[112.69521502800001,-7.0617887009999549,0],[112.69515574900004,-7.0617261629999462,0],[112.6951185800001,-7.0616084259999639,0],[112.69522870000003,-7.0615972599999282,0],[112.69535198100004,-7.0615836539999464,0],[112.69542139000009,-7.0615726359999371,0],[112.69547392100003,-7.0615305779999744,0],[112.69558490700001,-7.0614284979999411,0],[112.69565774300008,-7.0613720119999357,0],[112.6956923250001,-7.0613336089999734,0],[112.69572568600006,-7.0612880319999363,0],[112.69574579800008,-7.0612209709999547,0],[112.69575505900002,-7.0611336159999496,0],[112.69577141200011,-7.06102111499996,0],[112.69577605000006,-7.0609792299999299,0],[112.69579822800006,-7.0608224489999429,0],[112.695819228,-7.060670454999979,0],[112.69565630300008,-7.0606483209999737,0],[112.6956668790001,-7.0605932569999368,0],[112.69568346300002,-7.0605441529999666,0],[112.69569888500007,-7.0605046229999289,0],[112.69571671100005,-7.0604674759999284,0],[112.69573216300012,-7.0604363179999723,0],[112.6957535680001,-7.0603955699999688,0],[112.69577362200005,-7.0603129589999298,0],[112.6957889140001,-7.0602375429999711,0],[112.69578405400011,-7.0602184229999807,0],[112.69579056400005,-7.0600329899999679,0],[112.69578891700007,-7.059909786999981,0],[112.69564749200003,-7.0598732189999396,0],[112.69541732800008,-7.0597998909999546,0],[112.69533698600003,-7.0597678859999746,0],[112.69526262900001,-7.0597346639999614,0],[112.69520270700002,-7.0597205269999677,0],[112.69512605400007,-7.0597148239999683,0],[112.69509373700009,-7.059718529999941,0],[112.69504475100007,-7.0597474169999259,0],[112.6950053600001,-7.0597810539999273,0],[112.69496119200005,-7.0598182959999463,0],[112.69493010000008,-7.0598291739999581,0],[112.69485944500002,-7.0598270379999803,0],[112.69465339800001,-7.0598002749999296,0],[112.69464262200006,-7.0598003139999719,0],[112.69457074500008,-7.0597910059999549,0],[112.69448807500009,-7.059776951999936,0],[112.69443895600011,-7.0597699519999537,0],[112.69438505200003,-7.0597641679999583,0],[112.69434431600007,-7.0597571379999522,0],[112.69429046500011,-7.0597657079999294,0],[112.69426778400009,-7.0597849279999423,0],[112.69424517000004,-7.0598220929999798,0],[112.69421904100011,-7.059880800999963,0],[112.69419297200011,-7.059956255999964,0],[112.69417757600002,-7.0600029639999775,0],[112.69411476300002,-7.0601369909999789,0],[112.69410334600002,-7.060158562999959,0],[112.69409051200012,-7.0601851649999503,0],[112.69408055800011,-7.060213909999959,0],[112.69406340400008,-7.0602383749999262,0],[112.69404691500006,-7.0602477659999749,0],[112.69402681500003,-7.0602521439999464,0],[112.69398586200009,-7.0602515749999384,0],[112.69393988100001,-7.0602510239999674,0],[112.69389460100001,-7.0602461649999668,0],[112.6938521830001,-7.0602377059999526,0],[112.69381334200011,-7.0602249289999577,0],[112.69379104800009,-7.060218549999945,0],[112.69375798800002,-7.0602157989999341,0],[112.69372422800006,-7.0602173579999317,0],[112.69369765900001,-7.0602210419999665,0],[112.69367035700009,-7.0602204229999757,0],[112.69362436300003,-7.0602162849999672,0],[112.69358341200007,-7.0602164329999368,0],[112.69356260600011,-7.0602111019999256,0],[112.69354671000008,-7.0601951139999528,0],[112.6935178760001,-7.0601684239999258,0],[112.69346035000001,-7.0601542789999598,0],[112.69335585700003,-7.0601316909999809,0],[112.69325131000005,-7.060094749999962,0],[112.69320911300008,-7.060081504999971,0],[112.69317655600003,-7.0600844939999661,0],[112.69314594500008,-7.0600960889999556,0],[112.69310776000009,-7.0601325919999454,0],[112.69307443700006,-7.0601882169999612,0],[112.69303369500005,-7.0603118119999522,0],[112.69301476100009,-7.0603731249999555,0],[112.69300538100003,-7.0604277069999739,0],[112.69299688000001,-7.0604612299999303,0],[112.69297781400007,-7.0604861809999306,0],[112.69295967700009,-7.0605034719999367,0],[112.69294244000002,-7.0605054469999686,0],[112.69290696700011,-7.0604969639999808,0],[112.69286290000002,-7.0604961669999398,0],[112.69283132200007,-7.060504893999962,0],[112.69280170600007,-7.0605270119999659,0],[112.69278072300006,-7.0605519689999596,0],[112.69276938900009,-7.0605960299999424,0],[112.69276012600005,-7.0606831469999634,0],[112.69273649500008,-7.0607703149999566,0],[112.69271382600004,-7.0608584369999789,0],[112.69270162100008,-7.0609264259999804,0],[112.6926904500001,-7.0610154629999329,0],[112.69267925800011,-7.0610987589999468,0],[112.69266127600008,-7.0611591119999275,0],[112.69262610600003,-7.0612338819999536,0],[112.69259958700002,-7.0613172329999543,0],[112.69258453200007,-7.0613919299999566,0],[112.69257798600006,-7.061435974999938,0],[112.69256660400004,-7.0614666389999456,0],[112.69253991400001,-7.0615030989999354,0],[112.69251697700008,-7.0615175379999755,0],[112.69247008100001,-7.0615291909999769,0],[112.69238870200002,-7.0615409699999532,0],[112.69231308000008,-7.0615555989999734,0],[112.69224084900009,-7.0615807409999434,0],[112.69225561600001,-7.0612950359999331,0],[112.69221107300007,-7.0612951989999715,0],[112.69213487800005,-7.0612839919999715,0],[112.6919809850001,-7.0612429219999626,0],[112.69190185900004,-7.0612159359999396,0],[112.69189782400008,-7.0612920279999685,0],[112.69184824500007,-7.0614874269999746,0],[112.69172758000002,-7.0614964769999347,0],[112.69155524200005,-7.0615200689999256,0],[112.6914489830001,-7.061539115999949,0],[112.69136425000011,-7.0615509069999689,0],[112.69127215200001,-7.061534035999955,0],[112.69119026100009,-7.0615156509999792,0],[112.69100375900007,-7.061422127999947,0],[112.69088083200006,-7.0613775369999416,0],[112.69085257600011,-7.0614288759999795,0],[112.69056469500003,-7.0613700699999526,0],[112.69055765600001,-7.0614102879999336,0],[112.69052493700008,-7.0615008379999722,0],[112.69050640900002,-7.0615425329999653,0],[112.69047484000009,-7.0615541309999799,0],[112.69041305000007,-7.0615529189999506,0],[112.69031814100003,-7.0615561959999695,0],[112.69029527500004,-7.0615662649999535,0],[112.69022792600003,-7.0616167499999278,0],[112.69017919800001,-7.0616513769999756,0],[112.69011603900003,-7.0616688309999631,0],[112.69005136600003,-7.0616647589999388,0],[112.6900362340001,-7.061620909999931,0],[112.68991251300008,-7.061591170999975,0],[112.68989333000002,-7.0615385349999542,0],[112.68983766800011,-7.0615100279999297,0],[112.68967273500004,-7.0614627769999743,0],[112.68952122700011,-7.0614193069999374,0],[112.68929301700007,-7.0613569729999313,0],[112.68920092700012,-7.0613209429999415,0],[112.68915865400004,-7.0612866459999282,0],[112.68913170100006,-7.0612503789999437,0],[112.68899295200004,-7.0615551929999469,0],[112.68885461900004,-7.0619748429999731,0],[112.68869682700006,-7.0619486189999634,0],[112.68841351700007,-7.06188074399995,0],[112.68822367000007,-7.061831189999964,0],[112.68809432100011,-7.0618230459999722,0],[112.68795791900004,-7.0622469929999738,0],[112.68808319100003,-7.0623197469999468,0],[112.68807328000003,-7.0623599759999252,0],[112.6880591040001,-7.062413137999954,0],[112.68802054800005,-7.062479307999979,0],[112.68796298400002,-7.0625172669999756,0],[112.68793023000001,-7.0625356169999804,0],[112.68787049000002,-7.0627037799999357,0],[112.68774923600006,-7.0631853269999283,0],[112.6877063280001,-7.0633976889999417,0],[112.68770659500001,-7.0634708959999557,0],[112.68770412600009,-7.0635828699999479,0],[112.68767436400003,-7.0636963759999389,0],[112.68755495400001,-7.0640513619999297,0],[112.68751509700007,-7.064154857999938,0],[112.68710218100011,-7.0640085019999788,0],[112.6868074570001,-7.0638738179999336,0],[112.68663179200007,-7.0638050939999744,0],[112.68651374600006,-7.0638010569999778,0],[112.68646505800007,-7.0639779679999606,0],[112.68554839000001,-7.0637230269999804,0],[112.68498967900007,-7.0635323989999392,0],[112.68490814500001,-7.0640307909999365,0],[112.6848955260001,-7.0641169619999573,0],[112.68488725500004,-7.0646107829999778,0],[112.68487661200004,-7.064672605999931,0],[112.68479757700004,-7.0646704989999307,0],[112.6847161710001,-7.0646755779999353,0],[112.68446472400001,-7.0646776829999567,0],[112.68443000400009,-7.0646790049999595,0],[112.68432361400005,-7.0647284339999601,0],[112.68419921600002,-7.0647647689999644,0],[112.68414178500007,-7.0647769379999659,0],[112.68410224000002,-7.0647687079999741,0],[112.6840104260001,-7.0647466039999358,0],[112.68397403900008,-7.0647378439999784,0],[112.68391647100009,-7.0647086099999683,0],[112.68389963100003,-7.0647000589999607,0],[112.68380726300006,-7.0646537419999618,0],[112.68371225900012,-7.0645729839999376,0],[112.68361641500007,-7.0645264369999268,0],[112.68337318500005,-7.0644830559999718,0],[112.68331966000005,-7.0644518429999721,0],[112.68327716500005,-7.0644200049999313,0],[112.68324714400001,-7.0643961889999787,0],[112.68322041200008,-7.0643872549999287,0],[112.68314171300005,-7.064379821999978,0],[112.68311068600008,-7.0643807569999808,0],[112.68300642100007,-7.0643838999999389,0],[112.68289152400007,-7.0643986689999565,0],[112.68280173300002,-7.064402581999957,0],[112.68277057900002,-7.064396712999951,0],[112.68267774900005,-7.0643547619999367,0],[112.6825527200001,-7.0642982619999657,0],[112.68236247000004,-7.0642122879999647,0],[112.68213503100003,-7.064140626999972,0],[112.68203432400003,-7.0641063009999812,0],[112.68176087000006,-7.0639828829999374,0],[112.68143516200007,-7.0638865319999695,0],[112.6815997540001,-7.0634678999999778,0],[112.68163705900008,-7.0631878549999669,0],[112.68150159400011,-7.06314408399993,0],[112.68129302400007,-7.063082632999965,0],[112.68117302300004,-7.0630100969999603,0],[112.68113331400002,-7.0629564119999486,0],[112.68111993100001,-7.0628978449999522,0],[112.68113019300006,-7.0627554619999273,0],[112.68112991800001,-7.0626789059999737,0],[112.68111306800006,-7.0626550419999603,0],[112.68110337700011,-7.0626239749999513,0],[112.68109215000004,-7.0624996099999748,0],[112.68109174400001,-7.062387168999976,0],[112.68111637900006,-7.0622459289999711,0],[112.68113144500001,-7.0621071149999466,0],[112.68114430800006,-7.0620221379999748,0],[112.68116202400006,-7.0619538909999733,0],[112.68120563000002,-7.0617611459999807,0],[112.68124466500001,-7.0616282269999715,0],[112.68127302200003,-7.0615228589999788,0],[112.6812883230001,-7.0614498339999727,0],[112.68129888900012,-7.0613911829999552,0],[112.68093811800009,-7.0612931979999303,0],[112.68095179800002,-7.0611672439999325,0],[112.68095202400002,-7.0611651549999692,0],[112.6809697220001,-7.0610921229999803,0],[112.68097791700006,-7.0610406559999319,0],[112.6809849550001,-7.0609999599999469,0],[112.68099553700006,-7.0609460919999378,0],[112.68101460900004,-7.0609220999999707,0],[112.68105510500004,-7.0608621439999411,0],[112.68106301400007,-7.0607317279999506,0],[112.68078724700001,-7.0606298499999411,0],[112.68075122000005,-7.0606012709999391,0],[112.6807558590001,-7.0605593859999658,0],[112.68076885700009,-7.0605114919999323,0],[112.68078419000005,-7.0604468419999762,0],[112.68080309800007,-7.0603773939999428,0],[112.68081228400001,-7.060268505999943,0],[112.68082042000003,-7.0602002939999693,0],[112.68082621200006,-7.0601464439999404,0],[112.68085001600002,-7.0601068829999463,0],[112.68093888200008,-7.0599622599999634,0],[112.68071642600012,-7.0599509019999687,0],[112.68067817800011,-7.0599376419999658,0],[112.68064931200001,-7.0599018579999324,0],[112.68064431100004,-7.0598432639999373,0],[112.68065934500009,-7.0596960769999555,0],[112.68043164400001,-7.0596420419999504,0],[112.68014629000004,-7.0595534289999478,0],[112.67998724400002,-7.0595563469999547,0],[112.67979188800007,-7.0595448899999269,0],[112.67967571700001,-7.0595386099999473,0],[112.67969631500011,-7.0594064739999567,0],[112.67970892500011,-7.0591844149999474,0],[112.67972169300003,-7.0590063739999778,0],[112.67972121000003,-7.0588724009999737,0],[112.67969013000004,-7.0587538489999702,0],[112.67966090300001,-7.0586180649999619,0],[112.67965888300012,-7.0585893639999426,0],[112.67967759300006,-7.0584648919999609,0],[112.67973640300011,-7.0583039099999496,0],[112.67980486600004,-7.0581639469999686,0],[112.67977155500012,-7.0580472919999693,0],[112.67974685400009,-7.0580148699999654,0],[112.67895576900003,-7.0580559949999611,0],[112.67892106400006,-7.057994874999963,0],[112.67890532900003,-7.0578820089999681,0],[112.67891370900008,-7.0575489569999377,0],[112.67893010100011,-7.0573134839999625,0],[112.67896018100009,-7.0571545199999264,0],[112.67899204700007,-7.0569591849999256,0],[112.67900870800008,-7.0567983559999448,0],[112.67902499800005,-7.0565341739999781,0],[112.679035451,-7.056245133999937,0],[112.67904270100007,-7.0561302739999405,0],[112.67905924600007,-7.0559369079999783,0],[112.67908698800011,-7.0555733029999601,0],[112.67909342900009,-7.0554888839999421,0],[112.67899084300007,-7.0554906459999529,0],[112.67898094600002,-7.0554908159999741,0],[112.67888493800001,-7.0554924649999293,0],[112.67862393900009,-7.0555005819999792,0],[112.67848746900006,-7.0555094459999737,0],[112.67822891500009,-7.055531905999942,0],[112.67809363400011,-7.0555383749999692,0],[112.67802302300004,-7.0555481979999399,0],[112.67795362800007,-7.0555628019999403,0],[112.67789376400003,-7.0555642139999577,0],[112.67782549200001,-7.0555584779999663,0],[112.67776440800003,-7.0555539129999261,0],[112.67771412800005,-7.0555564849999541,0],[112.6776075890001,-7.0555640459999722,0],[112.67753934300003,-7.0555654869999671,0],[112.67743158900009,-7.0555682659999661,0],[112.67733939700008,-7.0555697949999399,0],[112.67725914900007,-7.0555641019999484,0],[112.67724475200009,-7.0555557799999633,0],[112.67721280900003,-7.0553310089999286,0],[112.67719713100007,-7.0552999639999712,0],[112.67673014100001,-7.0552968559999272,0],[112.67641266500004,-7.0552797869999608,0],[112.67641074800008,-7.0552989579999803,0],[112.67643454200004,-7.0553536859999326,0],[112.67645357800006,-7.0553917569999385,0],[112.67648689000009,-7.0554417259999695,0],[112.67651782300004,-7.0554845559999535,0],[112.67654637700002,-7.0555416629999286,0],[112.67656779200001,-7.0555987699999605,0],[112.67659158700008,-7.0556558769999356,0],[112.67660824300003,-7.0556987079999658,0],[112.67661300200007,-7.0557272609999586,0],[112.67661538100003,-7.055770091999932,0],[112.6766177610001,-7.0558295779999298,0],[112.67661538100003,-7.0558724079999706,0],[112.67660586300008,-7.0559104799999659,0],[112.67660110500003,-7.0559628279999629,0],[112.67660824300003,-7.0559961399999338,0],[112.67661300200007,-7.0560437299999421,0],[112.67660110500003,-7.056091318999961,0],[112.67658682800004,-7.0561365289999571,0],[112.67658444800009,-7.0561864969999419,0],[112.67658444800009,-7.05622694799996,0],[112.67658444800009,-7.0562769169999342,0],[112.67658444800009,-7.0563483009999572,0],[112.676574931,-7.0563839919999509,0],[112.67656303300009,-7.0564482379999731,0],[112.67654637700002,-7.0564910679999571,0],[112.67652258200008,-7.0565220009999621,0],[112.67648213200005,-7.056533897999941,0],[112.67643216300007,-7.0565315189999751,0],[112.67637743500006,-7.0565196219999393,0],[112.67631794900001,-7.0565101039999263,0],[112.67623466800001,-7.0565029659999254,0],[112.67612045300007,-7.056481549999944,0],[112.67590154300001,-7.0564577559999293,0],[112.67574925800011,-7.0564315819999592,0],[112.67550179400007,-7.056388750999929,0],[112.67521149900006,-7.0563459209999451,0],[112.67509490600003,-7.0563292649999312,0],[112.67493984400005,-7.0563111809999555,0],[112.67488749600011,-7.0563016629999424,0],[112.67485894300012,-7.0562969039999643,0],[112.67483752700002,-7.0562850069999286,0],[112.6748256300001,-7.0562659709999593,0],[112.67482325100002,-7.0562088639999274,0],[112.67482087100007,-7.0561707929999784,0],[112.67482087100007,-7.0561374799999612,0],[112.6748327680001,-7.0560684759999504,0],[112.67485180400001,-7.0559399849999522,0],[112.67485656300005,-7.0557734229999483,0],[112.67488273700008,-7.0555330969999659,0],[112.6749050840001,-7.0552917539999385,0],[112.67482265600006,-7.0552924619999544,0],[112.67482265600006,-7.0552981249999789,0],[112.67481373300006,-7.0553933039999492,0],[112.67480481000007,-7.0555152509999743,0],[112.67476614400005,-7.055958425999961,0],[112.67474895900011,-7.0562142449999783,0],[112.67475662600009,-7.0562612119999812,0],[112.67476138500001,-7.0562992839999765,0],[112.67475900500006,-7.0563516319999735,0],[112.67474710800002,-7.0564063589999364,0],[112.6747494870001,-7.0564349129999755,0],[112.67475424600002,-7.0564634659999683,0],[112.67476614400005,-7.0564896409999278,0],[112.67477090200009,-7.0565134349999425,0],[112.67477090200009,-7.0565443679999476,0],[112.67477328200005,-7.0565967159999445,0],[112.67476376400009,-7.0566371669999626,0],[112.67475424600002,-7.0566871359999368,0],[112.67474472800006,-7.0567394839999338,0],[112.67473759000006,-7.0567942119999429,0],[112.6747352110001,-7.0568370419999269,0],[112.67472093400011,-7.0568798719999677,0],[112.67470189800008,-7.0569345999999769,0],[112.67468048300009,-7.056975050999938,0],[112.67464717100006,-7.0570107419999317,0],[112.67460803400002,-7.057053605999954,0],[112.67455898000003,-7.0571080149999261,0],[112.67452281200008,-7.0571441829999344,0],[112.6744923550001,-7.0571860609999248,0],[112.67446189800012,-7.0572260359999746,0],[112.67443905500011,-7.0572679149999544,0],[112.67441050100001,-7.0573250219999295,0],[112.67437433400005,-7.0573916469999745,0],[112.67428105900001,-7.0575172819999352,0],[112.67424869800004,-7.0575439319999305,0],[112.67421253000009,-7.0575667749999411,0],[112.67417636200003,-7.0575991359999648,0],[112.67415161600002,-7.0576410139999552,0],[112.67412687000001,-7.0576886029999741,0],[112.67410973800008,-7.0577247709999256,0],[112.6740811840001,-7.0577704569999469,0],[112.67406785900005,-7.0577932999999575,0],[112.67406024500008,-7.0578085279999527,0],[112.67405453400011,-7.0578294669999764,0],[112.67405072700001,-7.0578504069999326,0],[112.67405643800009,-7.0578656349999278,0],[112.67406405200006,-7.0578770569999278,0],[112.67407547300002,-7.0578694419999692,0],[112.67408308800009,-7.0578523099999302,0],[112.67410212300001,-7.0578256599999349,0],[112.67412687000001,-7.0577932999999575,0],[112.67415161600002,-7.0577514209999777,0],[112.67420301200002,-7.0576752779999765,0],[112.67427154100005,-7.0575820029999363,0],[112.67430961200012,-7.0575439319999305,0],[112.67433626200011,-7.0575153789999376,0],[112.67435910500001,-7.0574868249999554,0],[112.67436862300008,-7.0574677889999293,0],[112.67438575500012,-7.0574449469999649,0],[112.67440479100003,-7.0574201999999673,0],[112.67442192300007,-7.057395453999959,0],[112.67443334400002,-7.057374513999946,0],[112.6744533320001,-7.0573431049999726,0],[112.67445999400002,-7.0573364429999401,0],[112.67447141500008,-7.0573250219999295,0],[112.6744923550001,-7.0572945649999497,0],[112.67450758300004,-7.0572679149999544,0],[112.67453233000003,-7.0572317469999462,0],[112.67455517300004,-7.0572050969999509,0],[112.67458753300002,-7.057165121999958,0],[112.67461037600003,-7.0571384719999628,0],[112.67463131500006,-7.0571156289999522,0],[112.67464464000011,-7.0570984969999699,0],[112.67469098400011,-7.0570458309999253,0],[112.67470450000008,-7.057031808999966,0],[112.67473115000007,-7.0569880269999317,0],[112.67474637800001,-7.0569423409999672,0],[112.67475970300006,-7.0568909449999637,0],[112.67477302800012,-7.0568281269999602,0],[112.67478064200009,-7.0567767299999673,0],[112.67479206400003,-7.0567272379999508,0],[112.67479777500012,-7.0566910699999426,0],[112.6748034850001,-7.0566529979999473,0],[112.67480919600007,-7.0566244449999544,0],[112.67482061700002,-7.0565559159999793,0],[112.67484346000003,-7.0565064239999629,0],[112.67487011000003,-7.0564721589999522,0],[112.67490818200008,-7.0564474129999439,0],[112.67494815600003,-7.0564359919999333,0],[112.67499764900003,-7.0564340879999463,0],[112.67503001000011,-7.0564493169999309,0],[112.67505094900002,-7.0564721589999522,0],[112.67506998500005,-7.0565159419999759,0],[112.67509282800006,-7.0565368809999427,0],[112.67512899600001,-7.0565368809999427,0],[112.67516326000009,-7.0565254589999427,0],[112.67520513800002,-7.0565216519999581,0],[112.67523369200001,-7.0565235559999451,0],[112.67530222000005,-7.0565311699999711,0],[112.67533838800011,-7.0565387839999403,0],[112.67536313400001,-7.0565273629999297,0],[112.67538597700002,-7.0565178449999735,0],[112.67541453100011,-7.0565178449999735,0],[112.67544118100011,-7.0565330739999581,0],[112.67547544500007,-7.0565673379999794,0],[112.67550019100008,-7.0565768559999356,0],[112.67553826300002,-7.0565654339999355,0],[112.67556872000011,-7.0565406879999273,0],[112.67561059800005,-7.0565273629999297,0],[112.67565818800006,-7.0565330739999581,0],[112.67569625900001,-7.0565406879999273,0],[112.67574384800002,-7.0565387839999403,0],[112.67578192000008,-7.0565349769999557,0],[112.67580666600008,-7.0565483019999533,0],[112.67583712300006,-7.0565578199999663,0],[112.67589613400003,-7.0565825659999746,0],[112.67594372300005,-7.0565958909999722,0],[112.67598179400011,-7.0565958909999722,0],[112.67600654100011,-7.0565901809999332,0],[112.6760350940001,-7.0565787589999331,0],[112.67605793700011,-7.0565844699999616,0],[112.67607887600002,-7.0566054089999284,0],[112.67610362300002,-7.056626347999952,0],[112.67613027300001,-7.0566358659999651,0],[112.67617786200003,-7.0566415769999367,0],[112.67621783700008,-7.0566396729999497,0],[112.67626161900012,-7.0566472879999651,0],[112.6762920760001,-7.0566587089999757,0],[112.67632063000008,-7.0566777449999449,0],[112.67633585800002,-7.0567101059999686,0],[112.6763434720001,-7.056732947999933,0],[112.6763434720001,-7.0567481769999745,0],[112.67633585800002,-7.0567595979999282,0],[112.67631872600009,-7.0567691159999413,0],[112.67629588300008,-7.0567767299999673,0],[112.67628255800003,-7.0567919589999519,0],[112.67627113700007,-7.0568243199999756,0],[112.67625019800005,-7.0568452589999424,0],[112.67622925800003,-7.0568528729999684,0],[112.67619880100006,-7.0568604869999376,0],[112.67617786200003,-7.0568719089999377,0],[112.67616073000011,-7.0569042699999613,0],[112.67614169400008,-7.0569252089999281,0],[112.67612265800005,-7.0569290159999696,0],[112.67608649100009,-7.0569271119999257,0],[112.6760598410001,-7.0569137869999281,0],[112.67604080500007,-7.0569023659999743,0],[112.67601986600005,-7.0569004619999305,0],[112.67595514400011,-7.0569099799999435,0],[112.67593420500009,-7.0569233049999411,0],[112.67591516900006,-7.0569537619999778,0],[112.67590184400001,-7.056974701999934,0],[112.67587519400001,-7.0569937369999707,0],[112.67585806200009,-7.0570070619999683,0],[112.67583712300006,-7.0570260979999375,0],[112.67582189500001,-7.0570546509999303,0],[112.67581808700004,-7.0570927229999256,0],[112.67582760500011,-7.0571307939999315,0],[112.6758295090001,-7.0571631549999552,0],[112.67582760500011,-7.057193611999935,0],[112.67581999100003,-7.0572183579999432,0],[112.67580857000007,-7.0572431049999409,0],[112.67579524500002,-7.0572545259999515,0],[112.67576669100004,-7.0572697549999361,0],[112.67574194500003,-7.0572811759999468,0],[112.67570768000007,-7.0572925979999468,0],[112.67567341600011,-7.0573002119999728,0],[112.67564676600011,-7.057317343999955,0],[112.67563915200003,-7.0573458969999479,0],[112.67565247700009,-7.0573801619999585,0],[112.67568483800005,-7.0574106189999384,0],[112.67571529500003,-7.0574277509999774,0],[112.67571910200002,-7.0574429799999621,0],[112.67570958400006,-7.0574677259999703,0],[112.67568674100005,-7.0574810509999679,0],[112.67566199500004,-7.0574924719999785,0],[112.67564295900002,-7.0575057969999762,0],[112.67563153800006,-7.057536253999956,0],[112.67563534500005,-7.0575590969999666,0],[112.6756486700001,-7.0575800359999334,0],[112.67568103000008,-7.0575971689999619,0],[112.67570768000007,-7.0576123969999571,0],[112.6757267160001,-7.0576352399999678,0],[112.67574765500001,-7.057661889999963,0],[112.67575907700007,-7.0576923469999429,0],[112.67575907700007,-7.0577266109999641,0],[112.67575336600009,-7.057766585999957,0],[112.67573242700007,-7.0578008499999783,0],[112.67570958400006,-7.0578274999999735,0],[112.67569054800003,-7.057875089999925,0],[112.67568293400006,-7.0579017399999771,0],[112.67566009100005,-7.0579264859999284,0],[112.67564676600011,-7.0579379069999391,0],[112.67563153800006,-7.0579569429999651,0],[112.67561440600002,-7.0579683639999757,0],[112.67558204500006,-7.0579778819999319,0],[112.67556300900003,-7.0579778819999319,0],[112.67554968400009,-7.0579626539999367,0],[112.67555729800006,-7.0579340999999545,0],[112.67557062300011,-7.0579093539999462,0],[112.67559537000011,-7.057892221999964,0],[112.67562582700009,-7.057873185999938,0],[112.67563915200003,-7.0578446329999451,0],[112.67564486300012,-7.0578198859999475,0],[112.67564486300012,-7.0577837179999392,0],[112.67563344100006,-7.0577494539999748,0],[112.67561630900002,-7.0577304179999487,0],[112.67558965900002,-7.0577132859999665,0],[112.67555920200004,-7.0576942509999299,0],[112.67552493800008,-7.057661889999963,0],[112.67550399900006,-7.0576352399999678,0],[112.67548686600003,-7.0576104939999595,0],[112.67547544500007,-7.0575743259999513,0],[112.67546402400001,-7.0575533859999382,0],[112.67544498800009,-7.05754006199993,0],[112.67540501300005,-7.0575324469999714,0],[112.67537645900006,-7.0575191219999738,0],[112.67536884500009,-7.0574943759999655,0],[112.67536884500009,-7.0574791469999809,0],[112.67536884500009,-7.0574620149999419,0],[112.67536123100001,-7.0574467869999467,0],[112.67534980900007,-7.0574448829999596,0],[112.67533458100002,-7.0574448829999596,0],[112.67532696700005,-7.0574486899999442,0],[112.67530983500001,-7.0574524969999288,0],[112.67529270200009,-7.0574524969999288,0],[112.67526034200012,-7.057433461999949,0],[112.67525463100003,-7.057412521999936,0],[112.6752660520001,-7.0573782579999715,0],[112.67527557000005,-7.0573573189999479,0],[112.67526986000007,-7.0573478009999349,0],[112.67525463100003,-7.0573420899999633,0],[112.6752374990001,-7.0573420899999633,0],[112.67521084900011,-7.0573420899999633,0],[112.67517848800003,-7.0573439939999503,0],[112.67516326000009,-7.0573306689999526,0],[112.67514993500004,-7.0573040189999574,0],[112.67513851300009,-7.0572716579999337,0],[112.67509853800004,-7.0572202619999302,0],[112.67508140600012,-7.057201225999961,0],[112.67505285300001,-7.0571783829999504,0],[112.67502810600001,-7.0571593479999706,0],[112.67500526400011,-7.0571231799999623,0],[112.67499003500006,-7.0571022409999387,0],[112.67496528900006,-7.057079397999928,0],[112.67493673500007,-7.057067975999928,0],[112.67491579600005,-7.0570641689999434,0],[112.67489295300004,-7.0570527479999328,0],[112.67487391700001,-7.0570394229999351,0],[112.67486059200007,-7.0570260979999375,0],[112.67484917100001,-7.0570165799999813,0],[112.67483965300005,-7.0570108689999529,0],[112.67483203900008,-7.0570070619999683,0],[112.67481681000004,-7.0570108689999529,0],[112.67480538900008,-7.0570165799999813,0],[112.67479396700003,-7.057029904999979,0],[112.67478064200009,-7.0570508439999458,0],[112.67476441700001,-7.0570796699999505,0],[112.67475018500011,-7.0571022409999387,0],[112.67472989600003,-7.0571458959999518,0],[112.67470491200004,-7.0571780189999345,0],[112.67468706600005,-7.0572137109999744,0],[112.67465494300006,-7.0572565409999584,0],[112.67461568200008,-7.0573065089999432,0],[112.6745728520001,-7.0573707549999654,0],[112.67454072900011,-7.05742429299994,0],[112.67450503700002,-7.0574885379999728,0],[112.67445506900003,-7.057538506999947,0],[112.67439439200007,-7.0575956139999789,0],[112.67435870100007,-7.0576491519999536,0],[112.6743194390001,-7.0577133969999295,0],[112.67428017800012,-7.0577597969999601,0],[112.67424805600001,-7.0578276109999365,0],[112.67417667200004,-7.0579061339999498,0],[112.67415525700005,-7.0579382559999431,0],[112.67415168700006,-7.0579739479999262,0],[112.67415882600005,-7.0580025019999653,0],[112.67419094900004,-7.0580274859999577,0],[112.67422307100003,-7.0580596089999403,0],[112.67425876300001,-7.0580917319999799,0],[112.67428731700011,-7.0581345619999638,0],[112.67432300900009,-7.0581880999999385,0],[112.67434085500008,-7.0582344989999797,0],[112.67437297700008,-7.0582808989999535,0],[112.67444436100004,-7.0583736979999685,0],[112.67445506900003,-7.0584200969999529,0],[112.67448005300002,-7.0584879119999755,0],[112.67452288300001,-7.0585450189999506,0],[112.67460854400008,-7.0586449559999664,0],[112.67462995900007,-7.0587127709999322,0],[112.67461568200008,-7.058755600999973,0],[112.6745728520001,-7.0588055699999472,0],[112.67451574500001,-7.0588662459999796,0],[112.67447291500002,-7.0589090759999635,0],[112.67439796200006,-7.0589697529999285,0],[112.67434799300008,-7.0590197209999701,0],[112.6743051630001,-7.0590554129999532,0],[112.67423734800002,-7.0591125199999283,0],[112.67419808700004,-7.0591375049999669,0],[112.67415525700005,-7.0591803349999509,0],[112.67412670300007,-7.0592267349999815,0],[112.67409815000008,-7.0592659959999651,0],[112.67406245800009,-7.059308825999949,0],[112.67402676600011,-7.059330240999941,0],[112.67398393500002,-7.0593623639999805,0],[112.67395538200003,-7.0594051939999645,0],[112.67392575800011,-7.0594483809999815,0],[112.67385794300003,-7.0595090579999464,0],[112.67382225100005,-7.0595411799999397,0],[112.67379012800006,-7.0595768719999796,0],[112.67376514400007,-7.059619702999953,0],[112.67375086700008,-7.0596553939999467,0],[112.67372231400009,-7.0596803789999285,0],[112.67367234500011,-7.0596946559999765,0],[112.67362951500002,-7.0597053629999778,0],[112.67355813100005,-7.0597017939999773,0],[112.67348317800008,-7.0596910859999298,0],[112.67343677800011,-7.0596768099999281,0],[112.67339037900001,-7.0596589639999365,0],[112.67336182500003,-7.0596518249999463,0],[112.67333684100004,-7.059662532999937,0],[112.67332256400005,-7.0596839479999289,0],[112.67333684100004,-7.0597053629999778,0],[112.67335468700003,-7.0597160709999685,0],[112.67338681000001,-7.0597232089999693,0],[112.67341536300012,-7.0597303469999702,0],[112.67345819400009,-7.0597374859999604,0],[112.67349388500008,-7.0597481929999617,0],[112.67353671600006,-7.0597589009999524,0],[112.67357597700004,-7.0597838849999448,0],[112.67362237600003,-7.0598124389999271,0],[112.67372231400009,-7.0598338539999759,0],[112.67377585200006,-7.0598659769999585,0],[112.67382938900005,-7.0598873919999505,0],[112.67387935800002,-7.0599195149999332,0],[112.673911481,-7.0599552069999731,0],[112.67394003400011,-7.0599908979999668,0],[112.67397929500009,-7.0600301599999398,0],[112.67400428000008,-7.060062281999933,0],[112.67408994000004,-7.0601300969999556,0],[112.67408994000004,-7.06017649599994,0],[112.67407566400004,-7.0602050499999791,0],[112.67406852500005,-7.0602585879999538,0],[112.67407209400005,-7.0603014179999377,0],[112.67406138700005,-7.0603299719999768,0],[112.67399000300009,-7.0603728019999608,0],[112.67396501900009,-7.0604156319999447,0],[112.6739543110001,-7.0604798779999669,0],[112.67396145000009,-7.0605119999999602,0],[112.67396858800009,-7.0605655379999348,0],[112.6739471730001,-7.060651198999949,0],[112.67392575800011,-7.0606940289999329,0],[112.67391505000001,-7.0607368589999737,0],[112.67391861900001,-7.0607975359999386,0],[112.67391505000001,-7.0608831959999634,0],[112.67389720400001,-7.0609902719999695,0],[112.67388649600002,-7.0610259639999526,0],[112.67390791200012,-7.0611473159999605,0],[112.67392575800011,-7.0612008539999351,0],[112.6739507420001,-7.0612472539999658,0],[112.67397572600009,-7.0613079299999413,0],[112.67398286500008,-7.0613543299999719,0],[112.67398643400008,-7.0614150059999474,0],[112.67399357200009,-7.0614792509999802,0],[112.67400784900008,-7.0615577729999472,0],[112.67401855700007,-7.0616291569999703,0],[112.67403997200006,-7.0617076799999268,0],[112.67405424800006,-7.0617683559999591,0],[112.67405424800006,-7.0618254629999342,0],[112.67404711000006,-7.0618861389999665,0],[112.67405067900006,-7.0619789379999816,0],[112.67402926400007,-7.0620824449999304,0],[112.67402212600007,-7.0621573979999539,0],[112.67402569500007,-7.0622180739999294,0],[112.67403640300006,-7.0622787499999617,0],[112.67405067900006,-7.0623144419999448,0],[112.67406138700005,-7.0623537029999284,0],[112.67406852500005,-7.062378687999967,0],[112.67406125200012,-7.0624249359999567,0],[112.67407552900011,-7.0624749049999309,0],[112.6740969440001,-7.0625141659999713,0],[112.67412192800009,-7.062546288999954,0],[112.67412906700008,-7.0625712729999464,0],[112.67413263600008,-7.0626854869999534,0],[112.67412192800009,-7.0627425939999284,0],[112.67411122100009,-7.0627961319999599,0],[112.67412549700009,-7.0628710849999266,0],[112.67414423800005,-7.0629112429999736,0],[112.67417746500007,-7.0629421839999509,0],[112.67419840400009,-7.0629536049999615,0],[112.67422315100009,-7.0629631229999745,0],[112.67424218600001,-7.0629688339999461,0],[112.67425741500006,-7.0629688339999461,0],[112.67428025800007,-7.0629688339999461,0],[112.67429548600001,-7.0629783509999697,0],[112.67430500400008,-7.0629935799999544,0],[112.67429739000011,-7.0630088079999496,0],[112.67428216100006,-7.0630183259999626,0],[112.67426962500008,-7.0630305949999297,0],[112.67425515400009,-7.0630544229999259,0],[112.67425041900003,-7.0630780979999486,0],[112.67424328100003,-7.0631280669999796,0],[112.67424685000003,-7.0631744669999534,0],[112.67426469600002,-7.0632244349999382,0],[112.67426826500002,-7.0632672659999685,0],[112.67426469600002,-7.0633386489999452,0],[112.67427183400002,-7.0633850489999759,0],[112.67428254200001,-7.063442155999951,0],[112.67426826500002,-7.0635028319999265,0],[112.67425041900003,-7.0635456619999673,0],[112.67422900400004,-7.0635920619999411,0],[112.67422186600004,-7.0636527379999734,0],[112.67422186600004,-7.0637169839999387,0],[112.67422900400004,-7.0637705219999702,0],[112.67424685000003,-7.0638276289999453,0],[112.67425755800002,-7.0638704589999293,0],[112.67426112700002,-7.0639204279999603,0],[112.67427897300001,-7.0639811039999358,0],[112.67430752600001,-7.0640167959999758,0],[112.6743396490001,-7.0640382109999678,0],[112.67436820300009,-7.0640560569999593,0],[112.67439675600008,-7.0641024559999437,0],[112.67441460200007,-7.0641417169999272,0],[112.67445386300005,-7.064223808999941,0],[112.67447527800005,-7.0642666389999249,0],[112.67450026300003,-7.0642880539999737,0],[112.67453595500001,-7.0643023309999649,0],[112.67456450800012,-7.064295192999964,0],[112.6746073380001,-7.0642880539999737,0],[112.67462518400009,-7.0643023309999649,0],[112.67462875300009,-7.0643201769999564,0],[112.6746037690001,-7.0643344539999475,0],[112.67456807700012,-7.0643487309999387,0],[112.67453952400001,-7.0643701459999306,0],[112.67451810900002,-7.0643986989999803,0],[112.67451810900002,-7.0644272529999625,0],[112.67452524700002,-7.0644558059999554,0],[112.67452524700002,-7.0644986369999287,0],[112.67451453900003,-7.0645414669999695,0],[112.67449669300004,-7.0645700199999624,0],[112.67446814000004,-7.0646128509999357,0],[112.67445743200005,-7.0646628189999774,0],[112.67446814000004,-7.0646949419999601,0],[112.67450383200003,-7.0647092189999512,0],[112.67454666200001,-7.0647092189999512,0],[112.67457521600011,-7.0646913729999596,0],[112.67461447700009,-7.0646556809999765,0],[112.67463589200008,-7.064644972999929,0],[112.67467515300007,-7.064644972999929,0],[112.67474296800003,-7.0646521119999761,0],[112.67480364400001,-7.0646699579999677,0],[112.67487859700009,-7.0646699579999677,0],[112.67491428900007,-7.0646628189999774,0],[112.67496782700005,-7.0646770959999685,0],[112.67502850300002,-7.0646949419999601,0],[112.67508204100011,-7.0647520489999351,0],[112.6751034560001,-7.0647948789999759,0],[112.6750998870001,-7.0648377099999493,0],[112.67507847200011,-7.0648769709999328,0],[112.675064195,-7.0649162319999732,0],[112.67505348700001,-7.0649983229999407,0],[112.67502850300002,-7.0650589999999625,0],[112.67501422600003,-7.0651053989999468,0],[112.67501422600003,-7.0651482289999308,0],[112.67502493400002,-7.0651839209999707,0],[112.67506268800003,-7.0652461839999319,0],[112.67507458500006,-7.0652890139999727,0],[112.67506030800007,-7.0653199469999777,0],[112.67503651400011,-7.0653508799999258,0],[112.67501747800009,-7.0654008489999569,0],[112.67502223700001,-7.0654531969999539,0],[112.67503413400004,-7.06549840699995,0],[112.67502223700001,-7.065541236999934,0],[112.67500558100005,-7.0655840669999748,0],[112.67499130400006,-7.065655450999941,0],[112.67500082200002,-7.0657101789999501,0],[112.67500796000002,-7.0657625269999471,0],[112.67502461600009,-7.065810115999966,0],[112.67503889300008,-7.0658672229999411,0],[112.67504841100003,-7.06591481199996,0],[112.6750722060001,-7.0659671609999464,0],[112.67510551800001,-7.0659885759999383,0],[112.67513407200011,-7.0660266469999442,0],[112.67513645100007,-7.0660647189999395,0],[112.67515786600006,-7.0661123079999584,0],[112.67519355800005,-7.0661408609999512,0],[112.67523638900002,-7.0661527589999764,0],[112.67528159800008,-7.0661908299999254,0],[112.67531253100003,-7.0662384189999443,0],[112.67533156700006,-7.0663121819999333,0],[112.67533156700006,-7.0663883249999344,0],[112.67531967000002,-7.0664382939999655,0],[112.67530301300008,-7.0664954009999406,0],[112.67528873700007,-7.0665382309999814,0],[112.67526732200008,-7.0665786819999425,0],[112.67523400900006,-7.0666072359999248,0],[112.67519355800005,-7.0666191329999606,0],[112.67515786600006,-7.0666262709999614,0],[112.67512693300012,-7.0666453069999307,0],[112.67511027700004,-7.0666833779999365,0],[112.67510551800001,-7.0667404849999684,0],[112.67511979500011,-7.0667999719999557,0],[112.67513883100003,-7.0668523199999527,0],[112.67516500500005,-7.0669284629999538,0],[112.67516976400009,-7.0669950879999419,0],[112.67515072800006,-7.0670593329999747,0],[112.67513407200011,-7.0671354759999758,0],[112.67514359000006,-7.0671925829999509,0],[112.6751626250001,-7.0672401719999698,0],[112.67517452300001,-7.067259207999939,0],[112.67518642000005,-7.067280622999931,0],[112.67517452300001,-7.0673781809999809,0],[112.67516500500005,-7.0674091139999291,0],[112.67515310700003,-7.0674590829999602,0],[112.67517690200009,-7.0675019129999441,0],[112.67521497300004,-7.0675209489999702,0],[112.67525780400001,-7.0675138099999799,0],[112.67528159800008,-7.0674947749999433,0],[112.67530539300003,-7.0674757389999741,0],[112.67532442900006,-7.06747811799994,0],[112.67532442900006,-7.0674900159999652,0],[112.67530539300003,-7.067528086999971,0],[112.67523400900006,-7.0678112429999373,0],[112.67528397800004,-7.0678302789999634,0],[112.67527921900012,-7.0678516939999554,0],[112.67526494200001,-7.0678683499999693,0],[112.6752459060001,-7.0678635909999343,0],[112.67521021400012,-7.0678374169999643,0],[112.67519355800005,-7.0678160019999723,0],[112.67516976400009,-7.0678041049999365,0],[112.67514359000006,-7.0678041049999365,0],[112.67512217400008,-7.0678112429999373,0],[112.67510075900009,-7.0678445549999651,0],[112.67508410300002,-7.0678826269999604,0],[112.67508886200005,-7.0679254569999443,0],[112.6750864820001,-7.0679778049999413,0],[112.6750793440001,-7.0680063589999804,0],[112.67504603200007,-7.0680277739999724,0],[112.67501271900005,-7.0680420509999635,0],[112.67499844200006,-7.0680634659999555,0],[112.67499844200006,-7.0681039169999735,0],[112.67501985800004,-7.0681372289999445,0],[112.67505317000007,-7.0681562649999705,0],[112.67509124100002,-7.0681657829999267,0],[112.67512931300007,-7.0681752999999503,0],[112.67516024600002,-7.0681990949999545,0],[112.67517452300001,-7.0682252689999814,0],[112.67518404000009,-7.0682585819999417,0],[112.67517452300001,-7.0682966529999476,0],[112.67514596900003,-7.0683133089999615,0],[112.67509600000005,-7.0683061709999606,0],[112.6750579290001,-7.0682704789999775,0],[112.67504365200011,-7.0682347869999376,0],[112.6750032010001,-7.0682014749999666,0],[112.67497226800003,-7.0681990949999545,0],[112.67493181700002,-7.0681990949999545,0],[112.67490088500006,-7.0681776799999625,0],[112.674862813,-7.0681515059999356,0],[112.67481760300006,-7.0681372289999445,0],[112.67476049600009,-7.0681300909999436,0],[112.67466769700002,-7.0681134339999403,0],[112.6745582420001,-7.0680801219999694,0],[112.67441785400001,-7.0680444299999294,0],[112.67426080900009,-7.0680063589999804,0],[112.67400858700012,-7.0679254569999443,0],[112.67376112300008,-7.0678588319999562,0],[112.67354935100002,-7.0677826889999551,0],[112.67321860600009,-7.0676898899999401,0],[112.67300683400003,-7.0676208859999292,0],[112.67292355200004,-7.067592331999947,0],[112.67284503000008,-7.0675637789999541,0],[112.67277364600011,-7.0675447429999281,0],[112.67269988300006,-7.0675328459999491,0],[112.67263801700005,-7.0675328459999491,0],[112.6726213610001,-7.0675447429999281,0],[112.67260708400011,-7.0675756759999331,0],[112.67260498000007,-7.067589350999981,0],[112.67260232500007,-7.0676066089999381,0],[112.67259280700011,-7.067654197999957,0],[112.67258328900004,-7.0676994079999531,0],[112.67260232500007,-7.0677113059999783,0],[112.67262612000002,-7.067694648999975,0],[112.67264277600009,-7.0676660959999253,0],[112.67266419100008,-7.0676351629999772,0],[112.67269036500011,-7.0676304039999422,0],[112.67272129800006,-7.0676304039999422,0],[112.67276650800011,-7.067642300999978,0],[112.67278293400011,-7.0676464079999732,0],[112.67279506200009,-7.0676494399999683,0],[112.67286168600003,-7.0676660959999253,0],[112.67304248300002,-7.0677243009999415,0],[112.67333466900004,-7.0677945729999578,0],[112.67355011200004,-7.0678597839999497,0],[112.67367003700008,-7.0679035659999272,0],[112.67382422600008,-7.0679454439999745,0],[112.67400506500007,-7.068002551999939,0],[112.67408882200004,-7.0680387189999578,0],[112.67416496500005,-7.0680615619999685,0],[112.67421255400006,-7.0680805979999377,0],[112.67430963600009,-7.0681110549999744,0],[112.67437626100002,-7.0681396089999566,0],[112.67445621100001,-7.0681624509999779,0],[112.67451902900007,-7.0681776799999625,0],[112.67458565400011,-7.0681948119999447,0],[112.67465310600005,-7.0682243689999495,0],[112.67467702500005,-7.068250015999979,0],[112.67467946600004,-7.0682544909999478,0],[112.674688446,-7.0682709549999458,0],[112.67469986800006,-7.0682918939999695,0],[112.67470557800004,-7.0683337729999494,0],[112.67470177100006,-7.0683794579999812,0],[112.6746922530001,-7.0684403719999409,0],[112.67469415700009,-7.0684955759999752,0],[112.67470748200003,-7.0685507789999633,0],[112.67471128900002,-7.0685983689999716,0],[112.67472080700009,-7.0686535719999597,0],[112.67472842100005,-7.068699257999981,0],[112.67472842100005,-7.0687582679999537,0],[112.67472271000008,-7.0688096649999466,0],[112.67470938500003,-7.0688591579999525,0],[112.67470177100006,-7.0688991319999559,0],[112.67469796400007,-7.0689295899999252,0],[112.67470177100006,-7.0689562399999772,0],[112.67469796400007,-7.068975274999957,0],[112.67468273600002,-7.0689924069999392,0],[112.67465798900002,-7.0690000219999547,0],[112.67462182100007,-7.0689924069999392,0],[112.67459707500007,-7.0689905039999417,0],[112.6745647140001,-7.0689905039999417,0],[112.67452473900005,-7.0690000219999547,0],[112.67449808900005,-7.0690095389999783,0],[112.67446953600006,-7.0690323819999321,0],[112.67445811400012,-7.0690666469999428,0],[112.67446382500009,-7.069089488999964,0],[112.6744600180001,-7.0691123319999747,0],[112.67444669300005,-7.0691256569999723,0],[112.67442575400003,-7.0691332709999415,0],[112.67440291100002,-7.0691465959999391,0],[112.67439339300006,-7.0691770539999652,0],[112.67440291100002,-7.0692017999999734,0],[112.67441813900007,-7.0692170279999686,0],[112.67442765700002,-7.0692398709999793,0],[112.67442765700002,-7.0692722319999461,0],[112.67442004300005,-7.069302688999926,0],[112.6744086220001,-7.069319820999965,0],[112.67438958600007,-7.0693141099999366,0],[112.67437055000005,-7.0692969779999544,0],[112.67434580400004,-7.0692969779999544,0],[112.67431915400005,-7.069312206999939,0],[112.67430202200001,-7.0693350499999497,0],[112.67428679300008,-7.0693578929999603,0],[112.67426966100004,-7.0693731209999555,0],[112.6742544330001,-7.0693978669999638,0],[112.67424491500003,-7.069428324999933,0],[112.67422397500002,-7.0694606849999673,0],[112.67419542200003,-7.0694835279999779,0],[112.67416306100006,-7.0695063709999317,0],[112.67414402600002,-7.0695349239999814,0],[112.67414212200003,-7.069550152999966,0],[112.67415703000006,-7.0695825099999752,0],[112.67418209700008,-7.0696034529999565,0],[112.67418971100005,-7.0696262959999672,0],[112.67419161500004,-7.0696586559999446,0],[112.67418209700008,-7.0696986309999374,0],[112.67416496500005,-7.0697271849999765,0],[112.67413260400008,-7.0697519309999279,0],[112.67410405100009,-7.0697747739999386,0],[112.67405992700003,-7.0698008979999258,0],[112.67400887200006,-7.0698090379999599,0],[112.67396889700001,-7.0698128449999444,0],[112.67394034400002,-7.0698147489999315,0],[112.67391060000011,-7.069846871999971,0],[112.67388680600004,-7.0698855379999372,0],[112.67386003700005,-7.0699271789999329,0],[112.67383624200011,-7.0699717929999792,0],[112.67381542200008,-7.0700074849999623,0],[112.67378270400002,-7.0700520999999412,0],[112.67374998700006,-7.0700758949999454,0],[112.67372916700003,-7.0701086119999559,0],[112.67373214100007,-7.0701562019999642,0],[112.67374106400007,-7.0702127139999789,0],[112.67374106400007,-7.0702751749999493,0],[112.67372916700003,-7.0703554819999681,0],[112.67368752600009,-7.0705101469999363,0],[112.67364886000007,-7.0705577359999552,0],[112.67361019300006,-7.0706082989999572,0],[112.67358342500006,-7.0706529139999361,0],[112.67356855300011,-7.0707034779999276,0],[112.67356260400004,-7.0707540409999297,0],[112.67354475800005,-7.070804604999978,0],[112.67352691200006,-7.07085219399994,0],[112.67350906600007,-7.0708968089999757,0],[112.67350609200003,-7.0709592699999462,0],[112.6735031180001,-7.0710128079999777,0],[112.67348824600003,-7.0710693199999355,0],[112.67347634900011,-7.0711377289999291,0],[112.67346742600012,-7.0711942419999332,0],[112.67347040000004,-7.0712418309999521,0],[112.67347932300004,-7.0712775229999352,0],[112.67347634900011,-7.0713102399999457,0],[112.67346147700005,-7.071357829999954,0],[112.67344958000001,-7.0713964959999771,0],[112.67343631400001,-7.0714514019999797,0],[112.6734348870001,-7.0714856659999441,0],[112.67343203100006,-7.0715384899999663,0],[112.67343345900008,-7.0716041629999609,0],[112.67343774200003,-7.0716355719999342,0],[112.67344165400004,-7.0716688229999249,0],[112.67342632100008,-7.0716969619999759,0],[112.67340776100002,-7.071711238999967,0],[112.67338063500006,-7.0717255159999581,0],[112.67336207500011,-7.0717497859999412,0],[112.67335493700011,-7.071786905999943,0],[112.67336635800007,-7.0718168869999545,0],[112.6733906290001,-7.0718425849999562,0],[112.67341204400009,-7.0718597169999384,0],[112.67342798900006,-7.0718766219999338,0],[112.67343897700005,-7.0718996919999313,0],[112.67343897700005,-7.0719268179999517,0],[112.6734491630001,-7.0719596549999437,0],[112.67346058500004,-7.0719753589999641,0],[112.67346772300004,-7.071993918999965,0],[112.67346344000009,-7.0720067679999374,0],[112.67343897700005,-7.0720595919999596,0],[112.67342774800011,-7.0721124159999249,0],[112.67342632100008,-7.0721538189999364,0],[112.67344630800005,-7.0722351959999514,0],[112.67346486800011,-7.0722651769999629,0],[112.67347771700008,-7.0722965859999363,0],[112.67347486200003,-7.0723279949999664,0],[112.67346486800011,-7.0723651149999682,0],[112.67342346500004,-7.0724621969999362,0],[112.67341061600007,-7.0725178759999494,0],[112.67341632700004,-7.0725607069999796,0],[112.67341775500006,-7.0726049649999254,0],[112.67342774800011,-7.0726392289999467,0],[112.67343774200003,-7.0726720649999493,0],[112.67345059100001,-7.0727034739999795,0],[112.67345201900002,-7.0727263169999333,0],[112.673443453,-7.0727491599999439,0],[112.67342061000011,-7.0728176879999296,0],[112.67341775500006,-7.0728648019999696,0],[112.67342203800001,-7.0729219089999447,0],[112.6734420250001,-7.0729690219999384,0],[112.67346201300006,-7.0729932929999677,0],[112.67348057200002,-7.0730232739999792,0],[112.67349199400007,-7.0730975129999365,0],[112.6734862830001,-7.0731360599999675,0],[112.67349056600005,-7.0731803179999702,0],[112.67350627100006,-7.0732388529999639,0],[112.67353910700001,-7.0732773999999381,0],[112.67357194400006,-7.0732973879999577,0],[112.67361191900011,-7.0733059539999772,0],[112.67364332700004,-7.073317374999931,0],[112.67366046000006,-7.0733302239999603,0],[112.67369615200005,-7.0733916139999451,0],[112.67370186200003,-7.0734173129999363,0],[112.67371185600007,-7.0734415829999762,0],[112.67372756000009,-7.0734729919999495,0],[112.67374897600007,-7.0734986899999512,0],[112.67376896300004,-7.0735258159999717,0],[112.67378609500008,-7.0735600799999361,0],[112.67383463600004,-7.0735914889999663,0],[112.67388505700001,-7.0736192479999431,0],[112.67391697800008,-7.0736684599999649,0],[112.67396783400011,-7.0737342879999687,0],[112.67400918500005,-7.0737822899999401,0],[112.67402166200009,-7.0737999299999501,0],[112.67404022200003,-7.0738241999999332,0],[112.67406306400005,-7.0738541819999341,0],[112.67408733500008,-7.0738798799999358,0],[112.67412017100003,-7.0739127159999384,0],[112.67416585700005,-7.0739526909999313,0],[112.67420154900003,-7.0739898109999331,0],[112.6742572280001,-7.0740269299999454,0],[112.67429577600001,-7.074046917999965,0],[112.6743314680001,-7.074068332999957,0],[112.67437287000007,-7.0741140189999783,0],[112.67444996500001,-7.074182546999964,0],[112.67447851800011,-7.0742111009999462,0],[112.67450136100001,-7.0742310879999764,0],[112.67452705900007,-7.0742510759999391,0],[112.67454847400006,-7.0742667799999595,0],[112.67456417900007,-7.0742767739999408,0],[112.67459273200006,-7.0742839119999417,0],[112.67461985800003,-7.0742881949999514,0],[112.67464555600009,-7.0742981889999328,0],[112.67467268200005,-7.0743224589999727,0],[112.67469695300008,-7.0743510129999549,0],[112.67474406600002,-7.0743981259999487,0],[112.67477262000011,-7.0744138309999585,0],[112.6748083120001,-7.0744195409999406,0],[112.67483972000002,-7.0744181139999682,0],[112.67487826800004,-7.0744323909999594,0],[112.67489111700002,-7.0744452399999318,0],[112.67490111100005,-7.0744595159999335,0],[112.67491824300009,-7.0744795039999531,0],[112.67494679600009,-7.0744923529999255,0],[112.67498248800007,-7.0745052019999548,0],[112.6750210350001,-7.0745280449999655,0],[112.67504958900008,-7.0745537429999672,0],[112.67507528700003,-7.0745851519999405,0],[112.67512240000008,-7.0746308379999618,0],[112.67518236300009,-7.074669384999936,0],[112.6752194820001,-7.0746779509999556,0],[112.67526802300006,-7.0747093599999289,0],[112.67531085400003,-7.0747450519999688,0],[112.67535653900006,-7.0747764609999422,0],[112.67542078500003,-7.0747993029999634,0],[112.67546647000006,-7.0748107249999634,0],[112.67551150200006,-7.074818888999971,0],[112.67557640200005,-7.0748235739999359,0],[112.67559924400007,-7.074837850999927,0],[112.67567776700002,-7.0748835359999589,0],[112.67571774200007,-7.0749092349999501,0],[112.67575914400004,-7.0749449259999437,0],[112.67579340800012,-7.0749791909999544,0],[112.67583056500007,-7.0750298349999525,0],[112.67584374400008,-7.0750385479999522,0],[112.67588475000002,-7.0750470649999784,0],[112.67590473700011,-7.07505277599995,0],[112.67593471900011,-7.0750556309999411,0],[112.67597612100008,-7.0750670519999517,0],[112.67600753000011,-7.0750884669999436,0],[112.67607605900002,-7.0751155929999641,0],[112.67611888900001,-7.0751284419999365,0],[112.67620312200006,-7.0751741279999578,0],[112.67624166900009,-7.0751841219999392,0],[112.67627736100007,-7.0751998259999596,0],[112.67631448100008,-7.075224096999932,0],[112.67634446200009,-7.0752612159999444,0],[112.67635302800011,-7.0752883419999648,0],[112.6763815810001,-7.0753197509999382,0],[112.67643012200006,-7.0753611539999497,0],[112.67650864500001,-7.0754339649999451,0],[112.67652577700005,-7.0754568079999558,0],[112.6765286320001,-7.075473939999938,0],[112.67652434900003,-7.0755024939999771,0],[112.67652515100008,-7.075517720999926,0],[112.67652577700005,-7.0755296199999407,0],[112.67654148100007,-7.0755538899999806,0],[112.67657559000008,-7.0755620419999445,0],[112.67660287100011,-7.0756010029999743,0],[112.67662857000005,-7.0756309849999752,0],[112.67667282700006,-7.07568095299996,0],[112.67672136800002,-7.0757294939999724,0],[112.67675991600004,-7.0757666139999742,0],[112.67684985900007,-7.0758308589999501,0],[112.67689982800005,-7.0758694069999706,0],[112.67693983400011,-7.0758820909999258,0],[112.67695836300004,-7.0758879659999252,0],[112.67698977200007,-7.0759008149999545,0],[112.67703688500001,-7.0759193749999554,0],[112.67706258300007,-7.0759208029999741,0],[112.67707828800008,-7.0759165199999643,0],[112.6771011300001,-7.0759050979999643,0],[112.67712968400008,-7.0759022429999732,0],[112.67714253300005,-7.0759122369999545,0],[112.67714824400002,-7.0759307969999554,0],[112.67714681600012,-7.0759479289999376,0],[112.67714396100007,-7.0759821929999589,0],[112.67717108700003,-7.0760235959999704,0],[112.67720106800004,-7.0760621429999446,0],[112.67726531300002,-7.076099261999957,0],[112.67730671600009,-7.0761149669999668,0],[112.6773438350001,-7.0761392369999498,0],[112.67737810000006,-7.0761749289999329,0],[112.67741521900007,-7.0762206149999543,0],[112.67745805000004,-7.0762734389999764,0],[112.67748803100005,-7.0763091309999595,0],[112.6775722640001,-7.0763633829999435,0],[112.67761794900002,-7.076381941999955,0],[112.67764935800005,-7.0763890809999452,0],[112.67770218200008,-7.0764019299999745,0],[112.67772502500009,-7.0764304829999674,0],[112.67772788000002,-7.0764604649999683,0],[112.67770789300005,-7.0764847349999513,0],[112.67768505000004,-7.0765018669999336,0],[112.67767539300007,-7.0765198019999502,0],[112.67766506300006,-7.0765389869999353,0],[112.67767648400002,-7.0765703959999655,0],[112.67769932700003,-7.0765889559999664,0],[112.67773073600006,-7.0765875279999477,0],[112.67773991900003,-7.0765814059999457,0],[112.67775215100005,-7.0765732509999566,0],[112.67777213800002,-7.0765561189999744,0],[112.67780925800002,-7.0765304209999726,0],[112.67783781200001,-7.0765161439999815,0],[112.67786065400003,-7.0765189989999726,0],[112.67787064800007,-7.076540414999954,0],[112.67786779300002,-7.0765661129999557,0],[112.67785637100008,-7.0766103709999584,0],[112.67784923300007,-7.0766689049999627,0],[112.67785477100006,-7.0766910569999482,0],[112.67786493700009,-7.0767317229999662,0],[112.67788349700004,-7.0767617039999777,0],[112.67791062300012,-7.0767973959999608,0],[112.67793632100006,-7.0768302329999528,0],[112.67797344100006,-7.0768473649999351,0],[112.6779971310001,-7.0768481549999365,0],[112.67801627100005,-7.0768487929999537,0],[112.6780562460001,-7.0768502199999261,0],[112.67807908900011,-7.0768530759999635,0],[112.67811620900011,-7.0768702079999457,0],[112.67814761700004,-7.0768987609999385,0],[112.67817617100002,-7.076937308999959,0],[112.67820044100006,-7.076982993999934,0],[112.6782475550001,-7.0770458119999375,0],[112.67827182500002,-7.0770914979999588,0],[112.67828181900006,-7.0771243339999614,0],[112.67830037900001,-7.0772099949999756,0],[112.67830323400005,-7.0772642469999596,0],[112.67831893900006,-7.0773156429999631,0],[112.67834892000008,-7.0773756049999292,0],[112.67839888800006,-7.0774441339999612,0],[112.678417448,-7.0774755429999345,0],[112.67844920000005,-7.0775452759999666,0],[112.67846151200001,-7.077564261999953,0],[112.67848862700009,-7.0775932039999248,0],[112.67850098600002,-7.0775974779999729,0],[112.67853199000001,-7.0776039739999419,0],[112.67855578400008,-7.0776039739999419,0],[112.67857449300004,-7.0776039739999419,0],[112.67859931100008,-7.0776179389999356,0],[112.67861824500005,-7.0776337169999692,0],[112.67864204000011,-7.0776783319999481,0],[112.6786598860001,-7.0777199729999438,0],[112.67869855200001,-7.0777705359999459,0],[112.67873126900008,-7.0778092029999584,0],[112.67876398700002,-7.0778865349999478,0],[112.67879373000005,-7.0779668419999666,0],[112.6788532170001,-7.0780679689999602,0],[112.6789275750001,-7.0782107369999494,0],[112.67897516400001,-7.0782880689999388,0],[112.67902572800006,-7.0783594529999618,0],[112.67906142000004,-7.0784278629999449,0],[112.67910292800002,-7.0785275729999739,0],[112.67913875200009,-7.0786063219999278,0],[112.67918931600002,-7.0786747319999677,0],[112.67930793300002,-7.0787991349999402,0],[112.67933218500002,-7.078831260999948,0],[112.67938939900012,-7.0788825779999343,0],[112.6794250910001,-7.0789168419999555,0],[112.679440795,-7.0789382569999475,0],[112.67946506500004,-7.0789882259999786,0],[112.67948648100003,-7.0790139239999803,0],[112.67949433300009,-7.0790217759999337,0],[112.67950713700009,-7.0790514219999636,0],[112.67950974000007,-7.0790664609999681,0],[112.67951360600011,-7.0791010119999669,0],[112.67952645600008,-7.0791324209999402,0],[112.67954501500003,-7.0791481249999606,0],[112.67957457600005,-7.0791523469999333,0],[112.67960017100006,-7.07914935499997,0],[112.67961489800007,-7.0791383039999687,0],[112.67961925500003,-7.0791281379999305,0],[112.67962211000008,-7.0791110059999482,0],[112.67962976800004,-7.0790999439999496,0],[112.67964254900005,-7.079095481999957,0],[112.67965637400005,-7.0791010119999669,0],[112.67967065100004,-7.0791238549999775,0],[112.67967207900006,-7.07913670399995,0],[112.67970063200005,-7.079212370999926,0],[112.67972204700004,-7.0792523459999757,0],[112.67974203500012,-7.0792894649999312,0],[112.67978629300001,-7.0793751259999453,0],[112.67980342500005,-7.0794051069999568,0],[112.67981912900007,-7.0794350879999683,0],[112.67983340600006,-7.0794565039999497,0],[112.6798505380001,-7.079473635999932,0],[112.67989194100005,-7.0795007609999629,0],[112.67992192200006,-7.0795193209999638,0],[112.67993477100003,-7.0795250319999354,0],[112.67994762000001,-7.0795364529999461,0],[112.67996475200005,-7.0795507299999372,0],[112.67997474600008,-7.0795650069999283,0],[112.68000044400003,-7.0795792839999763,0],[112.68001186600009,-7.079587849999939,0],[112.68002471500006,-7.0795964159999585,0],[112.68003470800011,-7.079604981999978,0],[112.68003613600001,-7.0796164029999318,0],[112.68002757000011,-7.0796249689999513,0],[112.68001757600007,-7.07962639699997,0],[112.68000044400003,-7.07962639699997,0],[112.6799833120001,-7.0796192589999691,0],[112.67996189700011,-7.0796135479999407,0],[112.67993762600008,-7.0796121199999789,0],[112.67992450300005,-7.0796158819999278,0],[112.67990621800004,-7.0796463849999327,0],[112.679903362,-7.0796792209999353,0],[112.67990907300009,-7.0797077749999744,0],[112.67992620500002,-7.0797291899999664,0],[112.67995333100009,-7.0797348999999485,0],[112.67998188400009,-7.0797291899999664,0],[112.68000208700005,-7.0797186549999651,0],[112.68002043200011,-7.0796992089999549,0],[112.68004041900008,-7.0796820759999264,0],[112.68005184100002,-7.0796692269999539,0],[112.68006897300006,-7.0796506679999425,0],[112.68008039400002,-7.0796463849999327,0],[112.6800932430001,-7.0796520949999717,0],[112.68010466500004,-7.0796677999999815,0],[112.68012465200002,-7.0796892149999735,0],[112.68013892900001,-7.0797020639999459,0],[112.68016462700007,-7.0797334729999761,0],[112.68017319300009,-7.0797491769999397,0],[112.68018604200006,-7.079773447999969,0],[112.6802031740001,-7.0797962909999796,0],[112.68022030600002,-7.0798162779999529,0],[112.68025028800002,-7.0798648189999653,0],[112.68026599200005,-7.0798933729999476,0],[112.68028598000001,-7.0799262089999502,0],[112.68028312400008,-7.07994191399996,0],[112.68025314300007,-7.0799704669999528,0],[112.68022389900011,-7.079991912999958,0],[112.68021031300009,-7.0800018759999261,0],[112.6801888980001,-7.0800147249999554,0],[112.68030596700009,-7.0801603479999358,0],[112.6803131050001,-7.0801660589999642,0],[112.68034974600005,-7.0801433519999364,0],[112.68041447000007,-7.0801032409999607,0],[112.68049442000006,-7.0800532719999296,0],[112.6805115520001,-7.0800447059999669,0],[112.68052868500001,-7.0800447059999669,0],[112.68054296100001,-7.0800489889999767,0],[112.6805501,-7.0800618379999491,0],[112.68055438300007,-7.0800846809999598,0],[112.68055723800001,-7.0801032409999607,0],[112.68056009300005,-7.0801417879999349,0],[112.6805486720001,-7.0801646309999455,0],[112.68053154000006,-7.0801746249999269,0],[112.68050726900003,-7.0801917569999659,0],[112.68048014400006,-7.0802345869999499,0],[112.68047728800002,-7.0802659959999801,0],[112.68049156500001,-7.0802945499999623,0],[112.68051583500005,-7.0803202479999641,0],[112.68053439500011,-7.0803302419999454,0],[112.6805501,-7.0803430909999747,0],[112.68055295500005,-7.0803616499999293,0],[112.68054627100003,-7.080385238999952,0],[112.68053439500011,-7.0804216129999418,0],[112.68054438900003,-7.0804630159999533,0],[112.6805558100001,-7.0804758649999258,0],[112.68057722600008,-7.0804844309999453,0],[112.68060695300005,-7.0804804349999699,0],[112.68063290500004,-7.0804815749999648,0],[112.68065574800005,-7.0804815749999648,0],[112.68067573500002,-7.0804872859999364,0],[112.68068858400011,-7.0805087009999284,0],[112.68069144000003,-7.0805429649999496,0],[112.68068858400011,-7.0805672359999789,0],[112.68072484800007,-7.0806653819999497,0],[112.68075817500005,-7.0807176639999625,0],[112.68081434700002,-7.0807646359999694,0],[112.68082576800009,-7.08077605699998,0],[112.68084290000002,-7.0807874789999801,0],[112.68086764700001,-7.0807931899999517,0],[112.68088668200005,-7.0807969969999363,0],[112.68089620000001,-7.0808065149999493,0],[112.6809000070001,-7.0808293569999705,0],[112.68089239300002,-7.0808541039999682,0],[112.68087000600008,-7.0808930979999332,0],[112.68083909300003,-7.0809302459999799,0],[112.68082386500009,-7.0809607039999491,0],[112.68082957500008,-7.0809873539999444,0],[112.68084670700011,-7.0810140039999396,0],[112.68087335700011,-7.0810292319999348,0],[112.68091142900005,-7.0810425569999325,0],[112.68093236800007,-7.0810577859999739,0],[112.68095521100008,-7.0810673029999407,0],[112.68097424700011,-7.0810958569999798,0],[112.68097424700011,-7.081122506999975,0],[112.68095901800007,-7.0811510599999679,0],[112.68094759700011,-7.0811777099999631,0],[112.6809533070001,-7.0812100709999299,0],[112.68096853600002,-7.081227202999969,0],[112.6810008970001,-7.0812671779999619,0],[112.68101422200004,-7.0812900209999725,0],[112.68103135400008,-7.0813071529999547,0],[112.6810541960001,-7.0813109599999393,0],[112.6810808460001,-7.0813109599999393,0],[112.68111511100005,-7.0813261889999808,0],[112.68116270000007,-7.0813737779999428,0],[112.6811817360001,-7.0813985239999511,0],[112.68120838600009,-7.0814194639999641,0],[112.68122932500012,-7.081448016999957,0],[112.68125407100001,-7.0814898959999368,0],[112.68125846200007,-7.0815083389999813,0],[112.68127563000007,-7.0815425149999669,0],[112.68130166000003,-7.0815698459999794,0],[112.68132260000004,-7.081573652999964,0],[112.68134544200007,-7.0815584239999794,0],[112.68135686400001,-7.0815393889999427,0],[112.68137209200006,-7.0815165459999321,0],[112.68139303200007,-7.081505123999932,0],[112.68141777800008,-7.081505123999932,0],[112.68143681400011,-7.0815127389999475,0],[112.68144622000011,-7.0815150899999253,0],[112.6814902970001,-7.0815084469999761,0],[112.68153579900002,-7.0814917989999344,0],[112.68158338900002,-7.0814746669999522,0],[112.68162336400007,-7.0814689559999806,0],[112.68165572400005,-7.0814708599999676,0],[112.68166904900011,-7.0814898959999368,0],[112.68165953100004,-7.0815127389999475,0],[112.68162336400007,-7.0815336779999711,0],[112.68157221900003,-7.0815482799999359,0],[112.68152818500005,-7.0815793629999462,0],[112.68148440300001,-7.0816003029999592,0],[112.68144062100009,-7.0816079169999284,0],[112.68141587500008,-7.0816174349999415,0],[112.68140255000003,-7.0816459879999343,0],[112.68140064600004,-7.081678348999958,0],[112.68141206700011,-7.0817107099999248,0],[112.68144062100009,-7.0817621059999283,0],[112.68147678900004,-7.0818173099999626,0],[112.68151295700011,-7.0818934519999743,0],[112.68157196700008,-7.0819905339999423,0],[112.68159290600011,-7.0820476409999742,0],[112.6816176530001,-7.0820723879999719,0],[112.68164049600011,-7.0820742909999694,0],[112.68165382100005,-7.0820647729999564,0],[112.68165953100004,-7.0820476409999742,0],[112.68165762800004,-7.0820171839999375,0],[112.68165953100004,-7.0819848239999601,0],[112.68167476000008,-7.0819695949999755,0],[112.68168998800002,-7.081963883999947,0],[112.68170521700006,-7.0819505589999494,0],[112.68170712100004,-7.0819239089999542,0],[112.68169950600009,-7.0818915489999767,0],[112.68168427800003,-7.0818629949999377,0],[112.68166714600011,-7.0818458629999554,0],[112.68165001300008,-7.0818268269999294,0],[112.6816176530001,-7.0817735269999389,0],[112.68160623100005,-7.0817183239999508,0],[112.681613846,-7.0816574099999343,0],[112.68163288100004,-7.0816231459999699,0],[112.68165762800004,-7.0816155309999544,0],[112.68168047100005,-7.0816250489999675,0],[112.68170141000007,-7.0816536029999497,0],[112.6817204460001,-7.0816840599999296,0],[112.68173567400004,-7.0817145169999662,0],[112.68176613100002,-7.0817792379999673,0],[112.68178516700004,-7.0818173099999626,0],[112.68181847700009,-7.0818516729999601,0],[112.68183275600006,-7.0818591879999531,0],[112.68186702000003,-7.0818763199999353,0],[112.68189747700001,-7.0818725129999507,0],[112.68191461000004,-7.0818629949999377,0],[112.68193364500007,-7.0818610919999401,0],[112.68195077700011,-7.0818629949999377,0],[112.68196600600004,-7.0818706089999637,0],[112.68197550400009,-7.0818822089999571,0],[112.68199929900004,-7.0819238499999528,0],[112.68200762700008,-7.0819488339999452,0],[112.68200524700001,-7.0819797669999502,0],[112.68200048800009,-7.0820106999999552,0],[112.68199597700004,-7.0820355129999371,0],[112.6819993900001,-7.0820590209999636,0],[112.68200707800008,-7.0820705529999373,0],[112.68202105100011,-7.0820797889999767,0],[112.68204269800003,-7.0820829729999559,0],[112.68206745000009,-7.0820802889999754,0],[112.68208614900004,-7.0820749459999774,0],[112.68213373800006,-7.0820547199999737,0],[112.68217894800011,-7.0820487719999505,0],[112.68223129600005,-7.0820594789999518,0],[112.68224537300011,-7.0820627909999416,0],[112.68229197200003,-7.0820737559999429,0],[112.68231936800009,-7.0820903599999383,0],[112.68233856200004,-7.082109328999934,0],[112.68235808300005,-7.0821407009999575,0],[112.68236430100001,-7.0821606309999652,0],[112.68236335600011,-7.082197487999963,0],[112.68235807500002,-7.0822147699999505,0],[112.68235369500007,-7.0822291039999641,0],[112.68235293800001,-7.0822563309999396,0],[112.68235544600009,-7.0822713799999519,0],[112.68236499300008,-7.0822872859999393,0],[112.68238358100007,-7.0822974249999788,0],[112.68241575000002,-7.0823057239999798,0],[112.68242519700004,-7.0823052829999256,0],[112.68243734200007,-7.0823047149999638,0],[112.68245139600003,-7.0822986149999565,0],[112.68247162200009,-7.0822688719999292,0],[112.68249303700009,-7.0822272309999335,0],[112.6825334880001,-7.0821522779999668,0],[112.68257512800005,-7.082109447999926,0],[112.68262271700007,-7.082083273999956,0],[112.68267387600008,-7.0820368739999253,0],[112.68270837800003,-7.0820880329999341,0],[112.68270480900003,-7.0820999299999698,0],[112.68268934200012,-7.0821130169999265,0],[112.68266316800009,-7.0821320529999525,0],[112.68264413200006,-7.0821606059999453,0],[112.68262866600003,-7.0822046259999638,0],[112.68260487100008,-7.0822426979999591,0],[112.68257869700005,-7.0822926659999439,0],[112.68257630900007,-7.0823213179999698,0],[112.68258304100004,-7.0823497399999269,0],[112.68259297400004,-7.0823676189999674,0],[112.68262271700007,-7.0824509009999588,0],[112.68262747600011,-7.0824854029999642,0],[112.68262747600011,-7.0824952029999508,0],[112.68263196700002,-7.0825239539999529,0],[112.68263869600003,-7.0825357659999781,0],[112.68265111100004,-7.0825471889999676,0],[112.68266851400006,-7.0825551649999738,0],[112.68268374200011,-7.0825637309999365,0],[112.68269897100004,-7.0825684899999715,0],[112.6827227660001,-7.0825732489999496,0],[112.68274180100002,-7.0825751529999366,0],[112.68276464400003,-7.0825742009999431,0],[112.68278272800001,-7.0825732489999496,0],[112.68279910800004,-7.082574559999955,0],[112.68281699200008,-7.0825837189999561,0],[112.68281961900004,-7.0825866089999749,0],[112.68282411100006,-7.0826024189999544,0],[112.68282079900007,-7.0826160789999335,0],[112.68281604000003,-7.0826217899999619,0],[112.68280747400001,-7.0826275009999335,0],[112.68279510100001,-7.0826379709999401,0],[112.6827865350001,-7.0826465369999596,0],[112.68277987300007,-7.0826541509999288,0],[112.68277130700005,-7.0826665239999329,0],[112.68276464400003,-7.082678896999937,0],[112.68275798200011,-7.0826922219999346,0],[112.68274092900003,-7.0827049919999467,0],[112.68274000400004,-7.0827044209999599,0],[112.68270464200009,-7.0827109409999593,0],[112.68267251900011,-7.0827127249999648,0],[112.68264813000008,-7.0827103459999421,0],[112.68262195600005,-7.0827085609999472,0],[112.68261243800009,-7.0827115359999766,0],[112.68260411000006,-7.0827180789999602,0],[112.68259756600003,-7.0827246229999332,0],[112.68257994100009,-7.0827578479999715,0],[112.6825584720001,-7.0827923529999453,0],[112.68250165200004,-7.0827433709999355,0],[112.6824894670001,-7.0827328669999474,0],[112.68245100600006,-7.0827803369999742,0],[112.68235740700004,-7.082895859999951,0],[112.6824644830001,-7.0829565359999265,0],[112.68237154700012,-7.0830534259999354,0],[112.68235264800001,-7.0830731299999456,0],[112.68235621800011,-7.083081457999981,0],[112.68240975600008,-7.0831302369999776,0],[112.6823050590001,-7.0832230359999357,0],[112.68237168400003,-7.083307505999926,0],[112.6823050590001,-7.083357474999957,0],[112.68236573600007,-7.0834229099999675,0],[112.68247978300008,-7.0833352749999676,0],[112.68251802100008,-7.0833753209999486,0],[112.68254895400003,-7.083357474999957,0],[112.68258702500009,-7.0833895979999397,0],[112.68257274900009,-7.0834050639999759,0],[112.68261439000003,-7.0834436049999567,0],[112.68253759200002,-7.0835025329999439,0],[112.68260302700003,-7.0835715369999548,0],[112.68257090500003,-7.0835977119999711,0],[112.68265656500012,-7.0836940799999297,0],[112.6826851190001,-7.0836798029999386,0],[112.68270534400006,-7.0837345309999478,0],[112.68268987800002,-7.0837464279999267,0],[112.68275888200003,-7.0838201909999725,0],[112.68283978400007,-7.0837583249999625,0],[112.68288856300001,-7.0838082939999367,0],[112.68298374100004,-7.0838987129999396,0],[112.68294448000006,-7.0839320259999567,0],[112.68301348400007,-7.083995080999955,0],[112.68304084800002,-7.0839712869999403,0],[112.68305155600001,-7.0839784249999411,0],[112.68301824300011,-7.0840069789999802,0],[112.68318599500003,-7.0841414179999447,0],[112.68329426100001,-7.0840105479999806,0],[112.68333015700011,-7.0839696659999731,0],[112.68333709100011,-7.0839617689999272,0],[112.68339361000005,-7.0839952019999259,0],[112.68343876100005,-7.08400355699996,0],[112.68346350700006,-7.084013074999973,0],[112.68349396400004,-7.0840168819999576,0],[112.68351871100003,-7.0840187849999552,0],[112.68356058900008,-7.0839978459999315,0],[112.68358343200009,-7.0839673889999517,0],[112.68361579300006,-7.0839864249999778,0],[112.68354613300005,-7.0840661799999793,0],[112.68348444600008,-7.0841368059999468,0],[112.68361801300011,-7.0842330319999292,0],[112.68366147800009,-7.0842643459999408,0],[112.68364815300004,-7.0842909959999361,0],[112.68362360000003,-7.084323928999936,0],[112.68362626700002,-7.0843673139999623,0],[112.68365576800011,-7.0844432809999489,0],[112.68365576800011,-7.0845041949999654,0],[112.68364053900007,-7.0845517839999275,0],[112.6835567820001,-7.0846507699999393,0],[112.68351118600003,-7.0846998739999663,0],[112.68348254300008,-7.084730719999925,0],[112.68342543600011,-7.0847916339999415,0],[112.68335500400008,-7.084863969999958,0],[112.68331122200004,-7.0849020409999639,0],[112.68327886100008,-7.0849363049999283,0],[112.68326172900004,-7.0849743769999804,0],[112.68322746500007,-7.0850410019999686,0],[112.68318558600004,-7.0850790729999744,0],[112.68315703300004,-7.0851133369999388,0],[112.68312657500007,-7.0851514089999341,0],[112.68309992600007,-7.0851723479999578,0],[112.6829914220001,-7.0853189229999316,0],[112.68293050800003,-7.0853950649999433,0],[112.68290956900012,-7.0854236189999256,0],[112.68290385800003,-7.0854521729999647,0],[112.6829152790001,-7.0854712079999445,0],[112.68293050800003,-7.0854940509999551,0],[112.68294573600008,-7.0855149899999788,0],[112.68296667600009,-7.0855168939999658,0],[112.68300094000006,-7.0854997619999267,0],[112.68304852900008,-7.0854578829999468,0],[112.68316655000001,-7.085303693999947,0],[112.68330360700008,-7.0851114339999413,0],[112.6834025930001,-7.0849972199999343,0],[112.68345970000007,-7.0849420159999568,0],[112.68348635000007,-7.0849401129999592,0],[112.68351300000006,-7.0849458229999414,0],[112.68353393900009,-7.0849648589999674,0],[112.6835567820001,-7.0849972199999343,0],[112.68358943100009,-7.0850348049999639,0],[112.6835938590001,-7.0850439139999253,0],[112.6836081780001,-7.085073361999946,0],[112.68366528500007,-7.0850866869999436,0],[112.6837090680001,-7.0850809769999614,0],[112.68375665700012,-7.0850600369999484,0],[112.68376850000004,-7.0850442459999385,0],[112.68377950000001,-7.0850295799999685,0],[112.68380995700011,-7.0850010269999757,0],[112.68384041400009,-7.0849953159999473,0],[112.6838651600001,-7.0850010269999757,0],[112.68390132800005,-7.0849991229999318,0],[112.68392797800004,-7.0849819909999496,0],[112.68394891700007,-7.084959147999939,0],[112.68397937400005,-7.084961051999926,0],[112.68400412100004,-7.084978183999965,0],[112.68402315600008,-7.0850162549999709,0],[112.68402777900008,-7.0850295469999764,0],[112.68403838500001,-7.0850600369999484,0],[112.68405932400003,-7.0850809769999614,0],[112.68410501000005,-7.0851152409999258,0],[112.68413546700003,-7.0851361799999495,0],[112.68417779600009,-7.0851399399999764,0],[112.68420252900012,-7.0851592959999721,0],[112.68428819000007,-7.0852770779999332,0],[112.68435939400001,-7.0854497699999683,0],[112.68435818400008,-7.0854940509999551,0],[112.68435437700009,-7.0855111829999373,0],[112.68434295600002,-7.0855283149999764,0],[112.68432963100008,-7.0855492549999326,0],[112.68431821000001,-7.0855854219999514,0],[112.68432011300001,-7.0856253969999443,0],[112.68433724500005,-7.0856691789999786,0],[112.68434257600006,-7.0856984939999279,0],[112.68433502200003,-7.0857196659999317,0],[112.68431440200004,-7.0857377079999537,0],[112.6842900470001,-7.0857690259999799,0],[112.68428394500006,-7.0857852969999726,0],[112.68427062000001,-7.0858119469999679,0],[112.68425919900005,-7.0858481149999761,0],[112.68422493500009,-7.0858861859999251,0],[112.68420018800009,-7.0859223539999334,0],[112.68416402000003,-7.0859604249999393,0],[112.68412023800011,-7.0860080149999476,0],[112.6840688420001,-7.0860651219999795,0],[112.68403077100004,-7.08610699999997,0],[112.68400792800003,-7.0861431679999782,0],[112.6839926990001,-7.0861793359999297,0],[112.6839907960001,-7.0862059859999249,0],[112.6839907960001,-7.0862364429999616,0],[112.68398127800003,-7.0862630929999568,0],[112.68396795300009,-7.0862840319999805,0],[112.68396604900011,-7.0863201999999319,0],[112.68397176000008,-7.0863544639999532,0],[112.68397937400005,-7.0863734999999792,0],[112.68400221700006,-7.086394438999946,0],[112.68402886700005,-7.0864134749999721,0],[112.68404599900009,-7.0864210889999413,0],[112.684075527,-7.0864342099999362,0],[112.68409739600008,-7.0864686779999602,0],[112.68411833500011,-7.08649913499994,0],[112.68413166000005,-7.0865219779999506,0],[112.68415831000004,-7.0865524349999305,0],[112.68416973100011,-7.0865809889999696,0],[112.68417734500008,-7.0866095419999624,0],[112.68420589900006,-7.0866342889999601,0],[112.68423826000003,-7.0866419029999292,0],[112.68427252400011,-7.0866457099999707,0],[112.68430488500007,-7.0866533239999399,0],[112.6843277270001,-7.0866609389999553,0],[112.68435628100008,-7.086719948999928,0],[112.68434866700011,-7.086738984999954,0],[112.68434105200004,-7.0867542139999387,0],[112.68433534200005,-7.0867732489999753,0],[112.6843258240001,-7.0867960919999291,0],[112.68430488500007,-7.0868094169999267,0],[112.68428204200006,-7.0868094169999267,0],[112.68427062000001,-7.0868018029999575,0],[112.68424587400011,-7.0867960919999291,0],[112.68420780300005,-7.0868037059999551,0],[112.68419257400001,-7.0868284529999528,0],[112.68418775300006,-7.0868609969999738,0],[112.68418496000004,-7.0868798489999563,0],[112.68419447800011,-7.0869293419999622,0],[112.68420970600005,-7.086961702999929,0],[112.68422683800009,-7.0869845449999502,0],[112.68425324900011,-7.0869926719999512,0],[112.68427633100009,-7.0869997739999349,0],[112.68430488500007,-7.0869940629999633,0],[112.68432963100008,-7.0869845449999502,0],[112.68435437700009,-7.0869826419999526,0],[112.68436770200003,-7.0869959669999503,0],[112.68436960600002,-7.0870169059999739,0],[112.68435247400009,-7.0870321349999585,0],[112.68432963100008,-7.0870397489999277,0],[112.68431249900004,-7.0870492669999408,0],[112.68430488500007,-7.087064494999936,0],[112.68430882900009,-7.0871044119999738,0],[112.68436152600009,-7.0872103549999679,0],[112.68439625600001,-7.0873386089999713,0],[112.68440767700008,-7.0873747769999795,0],[112.68442671300011,-7.087409040999944,0],[112.68444384500003,-7.0874547269999653,0],[112.68447049500003,-7.0875156409999249,0],[112.6844819160001,-7.0875403869999332,0],[112.68449904900001,-7.0875594229999592,0],[112.68454048000001,-7.0875701299999605,0],[112.68456567300007,-7.0875898799999391,0],[112.68458090200011,-7.0876146269999367,0],[112.68459613100003,-7.0876374699999474,0],[112.68461707000006,-7.0876546019999296,0],[112.68463800900008,-7.087658408999971,0],[112.68466085200009,-7.0876526979999426,0],[112.68467417700003,-7.087641276999932,0],[112.68469321300006,-7.0876203369999757,0],[112.68470844100011,-7.0876051089999805,0],[112.68472176600005,-7.0876013019999391,0],[112.68473699500009,-7.0876184339999782,0],[112.68473889800009,-7.0876450839999734,0],[112.68472747700002,-7.0876679269999272,0],[112.68470463400001,-7.0876869619999638,0],[112.68467608000003,-7.0877174189999437,0],[112.68467417700003,-7.0877402619999543,0],[112.68468179100012,-7.0877688159999366,0],[112.68468940500009,-7.0877992729999733,0],[112.68468973400002,-7.0878463769999485,0],[112.68470082700003,-7.0878868369999282,0],[112.68471795900007,-7.0879211009999494,0],[112.68472747700002,-7.0879553649999707,0],[112.68474460900006,-7.0879972439999506,0],[112.68475222300003,-7.0880372189999434,0],[112.6847617410001,-7.0880733869999517,0],[112.68478268000001,-7.0881114579999576,0],[112.68479600500007,-7.0881419149999374,0],[112.68481694500008,-7.0881780829999457,0],[112.68484930500006,-7.0882313829999362,0],[112.68487595500005,-7.0882466119999776,0],[112.68490070200005,-7.0882485149999752,0],[112.68491212300012,-7.0882637439999598,0],[112.6849140270001,-7.0882865859999811,0],[112.68490450900003,-7.0883037189999527,0],[112.68490070200005,-7.0883246579999764,0],[112.68490831600002,-7.0883455969999432,0],[112.68492925500004,-7.0883817649999514,0],[112.6849425800001,-7.0884179329999597,0],[112.68496923000009,-7.0884426789999679,0],[112.6849939760001,-7.0884502929999371,0],[112.68500730100004,-7.0884560039999656,0],[112.68501491600011,-7.0884807499999738,0],[112.68500349400006,-7.0885112079999431,0],[112.68500159100006,-7.0885492789999489,0],[112.68500920500003,-7.0885930609999264,0],[112.68503014400005,-7.0886120969999524,0],[112.6850682160001,-7.088623517999963,0],[112.6850967690001,-7.0886216149999655,0],[112.68513674400003,-7.08861399999995,0],[112.68515975900004,-7.0886133429999632,0],[112.68518623700004,-7.0886292289999346,0],[112.68520146500009,-7.0886577819999275,0],[112.68519765800011,-7.0887110819999748,0],[112.68519575500011,-7.0887662859999523,0],[112.68521479000003,-7.0888405249999664,0],[112.68523763300004,-7.0888766929999747,0],[112.68526428300004,-7.0888862109999309,0],[112.68528903000004,-7.0888804999999593,0],[112.68530806500007,-7.0888671749999617,0],[112.68533281200007,-7.0888614639999332,0],[112.68534804000001,-7.0888709819999463,0],[112.68535375100009,-7.0888976319999415,0],[112.68534423300002,-7.0889261859999806,0],[112.68532519700011,-7.0889471249999474,0],[112.68532139000001,-7.0889642569999296,0],[112.68532139000001,-7.0889832929999557,0],[112.6853271010001,-7.0889985209999509,0],[112.68535184700011,-7.0890137499999355,0],[112.68538230500008,-7.0890156529999331,0],[112.68541276200006,-7.0890194599999745,0],[112.68542989400009,-7.0890270749999331,0],[112.68543179700009,-7.0890575319999698,0],[112.68542799000011,-7.089082277999978,0],[112.68542989400009,-7.0890994099999602,0],[112.68544512200003,-7.0891127349999579,0],[112.68548509700008,-7.0891184459999295,0],[112.68552697600001,-7.0891431919999377,0],[112.685605022,-7.0891926849999436,0],[112.68564690100004,-7.0892060099999412,0],[112.68568877900009,-7.089198395999972,0],[112.68572875400002,-7.0891717459999768,0],[112.68577824700003,-7.0891431919999377,0],[112.68582393200006,-7.0891355779999685,0],[112.68586961800008,-7.0891412889999401,0],[112.68594766400008,-7.0891641319999508,0],[112.68613802100003,-7.0892307569999389,0],[112.68628078900008,-7.0892688279999447,0],[112.68634551000002,-7.0892802489999553,0],[112.68637977500009,-7.0892859599999269,0],[112.68642926700011,-7.0892783459999578,0],[112.68647304900003,-7.0892574069999341,0],[112.68652254200003,-7.0892098169999258,0],[112.68655132700007,-7.0892138979999686,0],[112.68658374900008,-7.0892346189999671,0],[112.6866162230001,-7.0892758529999469,0],[112.68664398400006,-7.0893211999999721,0],[112.68667673100003,-7.0893487779999305,0],[112.68668815300009,-7.0893582959999435,0],[112.68668975100002,-7.0893694819999382,0],[112.68669005600009,-7.0893716209999411,0],[112.68669005600009,-7.0893792349999671,0],[112.68667863500002,-7.0893849459999387,0],[112.68665425200004,-7.0893880259999378,0],[112.68664690500009,-7.0893907349999381,0],[112.68654728900003,-7.089409691999947,0],[112.68629452500011,-7.0894376289999741,0],[112.68625682900006,-7.0894391649999307,0],[112.68613374900008,-7.089451538999981,0],[112.68606292800007,-7.0894551889999775,0],[112.6857128150001,-7.0894985529999417,0],[112.68566850700006,-7.0894985529999417,0],[112.68557742700011,-7.0895109249999564,0],[112.68551588700007,-7.0895331949999445,0],[112.68548388600004,-7.0895752599999469,0],[112.68547896300004,-7.0896371209999529,0],[112.68547404000003,-7.0898771409999313,0],[112.68551096400006,-7.0901196359999403,0],[112.68554050300008,-7.0901839729999665,0],[112.68564389100004,-7.0902161399999386,0],[112.6858654350001,-7.0902235639999276,0],[112.68591959000003,-7.0902210889999537,0],[112.68594912900005,-7.0902235639999276,0],[112.68597128400006,-7.0902384099999267,0],[112.68594588800011,-7.0903008629999249,0],[112.68589989700001,-7.090320065999947,0],[112.68585558800009,-7.0903448099999764,0],[112.68582358700007,-7.0903942999999572,0],[112.68579011300005,-7.0904872489999775,0],[112.6857698770001,-7.0905434369999512,0],[112.68559484100001,-7.0905574409999303,0],[112.6854456420001,-7.0905721519999361,0],[112.6854174230001,-7.0905749339999602,0],[112.6854174230001,-7.0910871429999816,0],[112.68552081000007,-7.0910599239999783,0],[112.68553558000008,-7.0911217849999275,0],[112.68554296500008,-7.0912059159999785,0],[112.68549127100005,-7.0912331339999355,0],[112.68551834900006,-7.0914459359999569,0],[112.68553558000008,-7.0915424389999657,0],[112.68555035000009,-7.09162904599998,0],[112.6855675810001,-7.0917032779999545,0],[112.68558235000012,-7.0917651389999605,0],[112.68560204300002,-7.0918096789999368,0],[112.68561927500002,-7.09183689799994,0],[112.68565373700005,-7.0918740149999735,0],[112.68568081500007,-7.0919334019999383,0],[112.6857177390001,-7.092027428999927,0],[112.685739893,-7.0921610489999694,0],[112.68579062900005,-7.0921625709999603,0],[112.68617907500004,-7.0921317549999685,0],[112.68629960800001,-7.0921360859999254,0],[112.68640832800008,-7.0921543999999699,0],[112.68646067600002,-7.0921734359999391,0],[112.68649993700001,-7.09224243999995,0],[112.68649993700001,-7.0922852709999802,0],[112.68647138400001,-7.0923245319999637,0],[112.68643212300003,-7.0923602239999468,0],[112.68637144600007,-7.0923959159999299,0],[112.6862822170001,-7.0924101919999316,0],[112.68620726400002,-7.0924316079999699,0],[112.68617871000004,-7.0924780069999542,0],[112.68618941800003,-7.0925600979999786,0],[112.68623938600001,-7.0926136359999532,0],[112.6862964930001,-7.0926421899999355,0],[112.68644996900002,-7.0926921589999665,0],[112.6865320600001,-7.0926921589999665,0],[112.68658202900008,-7.092674312999975,0],[112.68664270500005,-7.0926671739999279,0],[112.68670338100003,-7.0926850199999762,0],[112.68672122700002,-7.0927421269999513,0],[112.68670178400009,-7.0930567949999386,0],[112.68669127800001,-7.0930925459999798,0],[112.68663199700006,-7.0931954149999683,0],[112.68658559800008,-7.0932418139999527,0],[112.6865249220001,-7.0932917829999269,0],[112.68645710700002,-7.09336316699995,0],[112.68640713800005,-7.0934666729999662,0],[112.68637144600007,-7.0935559029999808,0],[112.68637144600007,-7.093627286999947,0],[112.68640116600011,-7.0937263509999298,0],[112.68641427700004,-7.0937700539999469,0],[112.68641427700004,-7.093898544999945,0],[112.68641070800004,-7.0939627909999672,0],[112.68637858500006,-7.0940020519999507,0],[112.68630205200009,-7.0940293909999355,0],[112.6862444950001,-7.0941042649999417,0],[112.68617987700009,-7.0941914989999759,0],[112.68613231100005,-7.0943090019999318,0],[112.68608234200008,-7.0943661089999637,0],[112.68597159400008,-7.0944812529999695,0],[112.68582869900001,-7.0946800409999469,0],[112.68580500500002,-7.0947160029999736,0],[112.68580037600009,-7.0947622899999487,0],[112.68579680700009,-7.0948051199999327,0],[112.68581822200008,-7.0948479499999735,0],[112.68584677500007,-7.0949014879999481,0],[112.68587568000009,-7.0949265389999709,0],[112.68590031300005,-7.0949478879999788,0],[112.68596455900001,-7.095001424999964,0],[112.6860288040001,-7.0950728089999302,0],[112.68605735800008,-7.0951584699999444,0],[112.6860359420001,-7.0953083759999345,0],[112.6860323730001,-7.0954297279999423,0],[112.68602569800009,-7.0954781199999388,0],[112.68601809600011,-7.095533234999948,0],[112.68604665000009,-7.0956296029999635,0],[112.68609661900007,-7.0956867099999386,0],[112.68614658700005,-7.0957081249999305,0],[112.68619298700003,-7.0957081249999305,0],[112.68623224800001,-7.0957224019999785,0],[112.68626080200011,-7.095761662999962,0],[112.68627507800011,-7.0958080629999358,0],[112.68631433900009,-7.0958616009999673,0],[112.68637144600007,-7.0958723079999686,0],[112.68643212300003,-7.095854461999977,0],[112.68645353800002,-7.0958080629999358,0],[112.68649732900008,-7.0957769729999427,0],[112.68664075300001,-7.095838902999958,0],[112.68668291800009,-7.0958487509999486,0],[112.68669719500008,-7.0958594589999393,0],[112.6866955700001,-7.0958854499999688,0],[112.68669362500009,-7.0959165659999712,0],[112.68669005600009,-7.095962965999945,0],[112.68669362500009,-7.0960022269999286,0],[112.68673288700006,-7.0960307799999782,0],[112.68678999400004,-7.0960450569999693,0],[112.68685423900001,-7.0960414879999689,0],[112.68688636200011,-7.0960272109999778,0],[112.6869113460001,-7.0960022269999286,0],[112.68693276100009,-7.0959808119999366,0],[112.68696297200006,-7.0959727319999502,0],[112.68702266700006,-7.0959845299999529,0],[112.68711835900001,-7.0960414879999689,0],[112.6871757240001,-7.0960783649999257,0],[112.68725947300004,-7.096115536999946,0],[112.68729325000004,-7.0961235789999364,0],[112.68737891000001,-7.0961449939999284,0],[112.68744315600009,-7.0961592709999763,0],[112.68752524700005,-7.0961521329999755,0],[112.68758512400007,-7.0961265279999566,0],[112.68763946100012,-7.0960700409999617,0],[112.68768586100009,-7.0960272109999778,0],[112.68772155300007,-7.0960236419999774,0],[112.68774653700007,-7.0960593339999605,0],[112.68776795200006,-7.0961057329999448,0],[112.68777111500003,-7.0961863199999584,0],[112.68778936700005,-7.0962806239999736,0],[112.68779293600005,-7.096398406999981,0],[112.68780364400004,-7.0965054829999303,0],[112.68780721300004,-7.0965732969999635,0],[112.68783576700002,-7.0966375429999289,0],[112.6879071510001,-7.0966768039999693,0],[112.68797853400008,-7.0966875109999705,0],[112.68802850300006,-7.0966375429999289,0],[112.68806717600012,-7.0965987689999679,0],[112.68809631800002,-7.0965875739999547,0],[112.68811416400001,-7.0966125579999471,0],[112.68810954500009,-7.0966498759999581,0],[112.68808561000003,-7.0967196339999532,0],[112.68806062600004,-7.0967588949999367,0],[112.68805705700004,-7.0968088639999678,0],[112.68808561000003,-7.0968624019999424,0],[112.68812487100001,-7.0969337859999655,0],[112.68822480900008,-7.097015876999933,0],[112.68829976200004,-7.097065845999964,0],[112.68839256100011,-7.0970765529999653,0],[112.68848892900007,-7.0970515689999729,0],[112.68855674300005,-7.0970515689999729,0],[112.68859957400002,-7.0970836919999556,0],[112.68864597300001,-7.0971407989999307,0],[112.68869594200009,-7.0971657829999799,0],[112.68874292400005,-7.0971616069999754,0],[112.68881729400005,-7.0971550759999786,0],[112.68894311300005,-7.0972128039999802,0],[112.68912067600002,-7.097294273999978,0],[112.68930627400005,-7.0973406739999518,0],[112.68937408800002,-7.097358518999954,0],[112.6894383340001,-7.0974013499999273,0],[112.68948473300009,-7.0974620259999597,0],[112.68955968600005,-7.0975655329999654,0],[112.68960965500003,-7.0976619009999808,0],[112.68965962400011,-7.0976868849999732,0],[112.68973814600008,-7.0976690389999249,0],[112.68980953000005,-7.0975655329999654,0],[112.68991660500001,-7.0974584569999593,0],[112.68998442000009,-7.0973263969999607,0],[112.69003795800006,-7.0972264589999554,0],[112.6900781280001,-7.0971481289999474,0],[112.69010934200003,-7.097087260999956,0],[112.6901985720001,-7.0969801849999499,0],[112.69025567900007,-7.0969123709999735,0],[112.69031992400005,-7.0969088009999268,0],[112.69036632400002,-7.0969552009999575,0],[112.69039487700002,-7.0970587069999738,0],[112.69041625400007,-7.0971630679999294,0],[112.6904769680001,-7.0972300289999453,0],[112.69050909100008,-7.0972478749999368,0],[112.69055549100005,-7.0972657209999284,0],[112.69060189000004,-7.0972657209999284,0],[112.69064115100002,-7.0972621509999385,0],[112.69068398200011,-7.0972335979999457,0],[112.6907161040001,-7.0972264589999554,0],[112.69076607300008,-7.0972335979999457,0],[112.69081604200005,-7.0972871359999772,0],[112.69085530300003,-7.0973656579999442,0],[112.69088385600003,-7.0974727339999504,0],[112.69091597900001,-7.0975441169999272,0],[112.69095524000011,-7.0975655329999654,0],[112.69099093200009,-7.0975583939999751,0],[112.69103733200006,-7.0975298409999255,0],[112.69106945400006,-7.0974620259999597,0],[112.69107659300005,-7.0973835039999358,0],[112.69108016200005,-7.0973228279999603,0],[112.69111942300003,-7.0973014119999789,0],[112.69115154600001,-7.0973049819999687,0],[112.69118009900001,-7.0973299659999611,0],[112.69119794500011,-7.0973727959999451,0],[112.69119437600011,-7.0974406109999677,0],[112.69116939200001,-7.0975119949999339,0],[112.69115511500002,-7.0975762399999667,0],[112.69116939200001,-7.0976155009999502,0],[112.6912086530001,-7.0976440549999325,0],[112.69125505200009,-7.0976583319999804,0],[112.69129431300007,-7.0976833159999728,0],[112.69131929800005,-7.0977368539999475,0],[112.69134428200005,-7.0977796839999314,0],[112.69140495800002,-7.0977939609999794,0],[112.69149775700009,-7.0977475609999487,0],[112.69154058800007,-7.0976690389999249,0],[112.69156200300006,-7.0975798089999671,0],[112.69157627900006,-7.0974870099999521,0],[112.69160126400004,-7.0974120569999286,0],[112.69162519800011,-7.0973721659999569,0],[112.69167111500008,-7.0973323099999561,0],[112.69179400000007,-7.097294273999978,0],[112.69185824600004,-7.0972799969999301,0],[112.69192962900001,-7.097222889999955,0],[112.69196713700001,-7.0971830379999687,0],[112.6919867360001,-7.0971622139999795,0],[112.69212236600004,-7.0970908299999564,0],[112.69217590400001,-7.0970230149999338,0],[112.69222209100008,-7.0969248679999737,0],[112.69223811200004,-7.0969000689999575,0],[112.69229011800007,-7.0968838169999344,0],[112.69235793200005,-7.096901662999926,0],[112.69244002400001,-7.0969302169999651,0],[112.69251497700009,-7.0969409239999663,0],[112.69256494500007,-7.0969587699999579,0],[112.69259369000008,-7.0969952429999807,0],[112.69260777600005,-7.0970622769999636,0],[112.69263989900003,-7.0970908299999564,0],[112.69268629800001,-7.0971122449999484,0],[112.6927434050001,-7.0971015379999471,0],[112.69281122000007,-7.0970479999999725,0],[112.69284691200005,-7.0969766159999494,0],[112.69291115700003,-7.0968624019999424,0],[112.6930075250001,-7.096766033999927,0],[112.69309675500006,-7.0966732349999688,0],[112.69317170800002,-7.0965590209999618,0],[112.6932502300001,-7.0965126209999312,0],[112.69333589100006,-7.0964590829999565,0],[112.69340013600004,-7.096398406999981,0],[112.69345367400001,-7.0963163159999567,0],[112.69347152000012,-7.0962520699999345,0],[112.69346795100012,-7.0961842549999687,0],[112.69343939700002,-7.0961093019999453,0],[112.69330754600003,-7.0959799899999325,0],[112.69308858300008,-7.0958173039999792,0],[112.69288102700011,-7.0957026169999722,0],[112.69265084400001,-7.0955924839999511,0],[112.69266821800011,-7.0954567059999363,0],[112.6927150890001,-7.0950904169999376,0],[112.69264051000005,-7.0949967579999793,0],[112.69261277300006,-7.0949619259999395,0],[112.69263831900003,-7.0949603899999261,0],[112.6930482140001,-7.0949357519999694,0],[112.69309818300007,-7.0950095159999478,0],[112.6931243570001,-7.0950333099999625,0],[112.69314577200009,-7.0950690019999456,0],[112.69315766900002,-7.0950856579999595,0],[112.69317908400001,-7.0950856579999595,0],[112.69321001700007,-7.0950666229999797,0],[112.69323143300005,-7.0950737609999805,0],[112.69325046800009,-7.0951142119999417,0],[112.69326236600011,-7.0951832159999526,0],[112.69331947300009,-7.0952379439999618,0],[112.6933956150001,-7.0952522209999529,0],[112.69344796300004,-7.0952403229999277,0],[112.693512209,-7.0951974929999437,0],[112.69352648600011,-7.0951499039999248,0],[112.69350507100012,-7.0950666229999797,0],[112.693512209,-7.0950309309999398,0],[112.69353838300003,-7.0950285509999276,0],[112.69357645400009,-7.0950428279999755,0],[112.69358597200005,-7.0950571049999667,0],[112.69359787000008,-7.0950832789999367,0],[112.69361690500011,-7.0951261089999775,0],[112.6936383200001,-7.0951808369999299,0],[112.69365497700005,-7.0952427029999399,0],[112.69367401200009,-7.0952760149999676,0],[112.6937287400001,-7.095340260999933,0],[112.69377870900007,-7.095361675999925,0],[112.69383581600005,-7.0953521579999688,0],[112.69384533300001,-7.0953283629999646,0],[112.69383819500001,-7.095309327999928,0],[112.69382867700006,-7.095287912999936,0],[112.69383819500001,-7.0952664969999546,0],[112.69385009200005,-7.095256979999931,0],[112.69388578400003,-7.095256979999931,0],[112.69392385600008,-7.0952664969999546,0],[112.69396668600007,-7.0952688769999668,0],[112.69399761900002,-7.0952545999999757,0],[112.69401903400001,-7.0952189079999357,0],[112.69402617300011,-7.0951713189999737,0],[112.69404996700007,-7.0951261089999775,0],[112.6940475880001,-7.0950737609999805,0],[112.69404520800003,-7.0950452079999309,0],[112.69408090000002,-7.0950404489999528,0],[112.69412373000011,-7.0950523459999317,0],[112.69413562800003,-7.0950761409999359,0],[112.69414276600003,-7.0951094529999637,0],[112.69415466300006,-7.0951403859999687,0],[112.6941451460001,-7.0951832159999526,0],[112.69414990400003,-7.0952379439999618,0],[112.69418797600008,-7.095256979999931,0],[112.69422604700003,-7.0952712559999327,0],[112.69425222100006,-7.0952974299999596,0],[112.694283154,-7.0953021889999377,0],[112.6943188460001,-7.0952902919999588,0],[112.69434026100009,-7.0952641179999318,0],[112.69439023000007,-7.0952093899999795,0],[112.6944235420001,-7.0951760779999518,0],[112.69445923400008,-7.0951713189999737,0],[112.6944925470001,-7.0951927339999656,0],[112.69451396200009,-7.0952189079999357,0],[112.69453775700003,-7.0952450819999626,0],[112.69458534600005,-7.0952474619999748,0],[112.69463055600011,-7.095226046999926,0],[112.69467576500006,-7.0951784569999745,0],[112.69471383700011,-7.0951189709999767,0],[112.69474001100002,-7.0950285509999276,0],[112.69476121200012,-7.0949751279999305,0],[112.69479711800011,-7.0949571669999614,0],[112.6948305410001,-7.0949733249999554,0],[112.69488277800008,-7.0949999979999347,0],[112.69493750600009,-7.0950118949999705,0],[112.6949922340001,-7.0950047569999697,0],[112.69504934100007,-7.0949952389999567,0],[112.69510644800005,-7.0949762029999306,0],[112.69515403700007,-7.0949286139999685,0],[112.6952492150001,-7.0948524709999674,0],[112.69527301000005,-7.0948310559999754,0],[112.69530156400003,-7.0948025019999363,0],[112.69532773800006,-7.0947572929999296,0],[112.6953467730001,-7.0947192209999344,0],[112.69538960400007,-7.0945812129999695,0],[112.69539198300004,-7.0945169669999473,0],[112.69540150100011,-7.0944551009999373,0],[112.69541101900006,-7.0944170299999314,0],[112.69541769600005,-7.0943979519999516,0],[112.69544643200004,-7.0943527679999647,0],[112.69546577100004,-7.0943355769999812,0],[112.69549192000011,-7.0943123339999374,0],[112.69551095600002,-7.0942956769999341,0],[112.69552999200005,-7.0942695029999641,0],[112.69556092500011,-7.0942647439999291,0],[112.6955823400001,-7.0942861589999779,0],[112.69559185800006,-7.0943123339999374,0],[112.69561706900004,-7.0943363439999416,0],[112.69564182700003,-7.0943599229999563,0],[112.69567513900006,-7.0943623019999791,0],[112.69575127700011,-7.0943370239999695,0],[112.6958464600001,-7.0943147129999602,0],[112.69588215200008,-7.0943147129999602,0],[112.69593683400001,-7.0943379649999656,0],[112.69598208900004,-7.0943623019999791,0],[112.69602254000006,-7.0943860969999264,0],[112.6960820270001,-7.0943932349999272,0],[112.69612247800001,-7.0943837169999711,0],[112.69616054900007,-7.0943670609999572,0],[112.69617485300012,-7.094339171999934,0],[112.69620468000005,-7.0942810199999258,0],[112.69623894400002,-7.0942562729999281,0],[112.69627511200008,-7.0942410449999329,0],[112.69631889400011,-7.0942277199999353,0],[112.69635506200007,-7.0942296229999329,0],[112.69636458000002,-7.0942543699999305,0],[112.69635315800008,-7.0942867309999542,0],[112.69634593900003,-7.0943002659999479,0],[112.69633793000003,-7.0943324159999293,0],[112.69633793000003,-7.0943399989999421,0],[112.69633793000003,-7.0943495479999683,0],[112.69635696600005,-7.094374294999966,0],[112.69640836200006,-7.0943971379999766,0],[112.69644072300002,-7.094421883999928,0],[112.6965016370001,-7.0944390159999671,0],[112.69656826200003,-7.0944504369999777,0],[112.6966805720001,-7.0944466299999362,0],[112.69674910100002,-7.0944352089999256,0],[112.69678526900009,-7.094421883999928,0],[112.69681191900008,-7.0944256909999694,0],[112.69685760400012,-7.0944333049999386,0],[112.6969356510001,-7.0944333049999386,0],[112.69701750400009,-7.0944352089999256,0],[112.69710506800004,-7.0944371119999801,0],[112.69714694700008,-7.0944352089999256,0],[112.69717546200002,-7.0944311359999688,0],[112.69722154500005,-7.0944144099999562,0],[112.697240222,-7.0944028479999588,0],[112.69728590700004,-7.0943761979999636,0],[112.69739442200012,-7.0943453539999268,0],[112.69747051500008,-7.094345738999948,0],[112.69750042600003,-7.094339242999979,0],[112.69753261000005,-7.0943423149999489,0],[112.69754400200009,-7.0943461119999256,0],[112.69758857500005,-7.0943609699999683,0],[112.69762474200002,-7.094374294999966,0],[112.69767804200001,-7.0943781019999506,0],[112.69777893100002,-7.0943800049999481,0],[112.69790076000004,-7.0943704879999814,0],[112.69805875600002,-7.0943647769999529,0],[112.69810444200004,-7.0943666799999505,0],[112.69814822400008,-7.094383812999979,0],[112.69816345200002,-7.0944066549999434,0],[112.69817297000009,-7.0944237869999256,0],[112.69819962000008,-7.0944333049999386,0],[112.69822055900011,-7.0944237869999256,0],[112.69822817400006,-7.0943990409999742,0],[112.69824340200012,-7.0943704879999814,0],[112.69826162600009,-7.0943497489999459,0],[112.69831383400003,-7.0943476449999707,0],[112.69831801600003,-7.094350034999934,0],[112.69832715900009,-7.0943552589999399,0],[112.69832906300007,-7.0943685839999375,0],[112.69831573800002,-7.0943800049999481,0],[112.69829432300003,-7.0943954719999738,0],[112.69829432300003,-7.0944162919999485,0],[112.69829432300003,-7.0944400869999527,0],[112.69830324600002,-7.0944579329999442,0],[112.69834488600009,-7.0944579329999442,0],[112.69838057800007,-7.0944311639999569,0],[112.69844006500011,-7.0943924979999338,0],[112.6985331520001,-7.094351124999946,0],[112.69857390900006,-7.0943330109999465,0],[112.69863637000003,-7.0943240879999507,0],[112.69869288200005,-7.0943062419999592,0],[112.69871786700003,-7.094293749999963,0],[112.69878210400009,-7.0942855309999686,0],[112.69882077800003,-7.0942883959999676,0],[112.69888026500007,-7.0942973189999634,0],[112.69900518700001,-7.0943330109999465,0],[112.69903896900007,-7.0943448429999307,0],[112.69909093000001,-7.09434145299997,0],[112.69911523700011,-7.0943300369999633,0],[112.69915687700006,-7.094315164999955,0],[112.69920149200004,-7.0942973189999634,0],[112.69923394800003,-7.0942870699999503,0],[112.6992963560001,-7.094277874999932,0],[112.69932938800002,-7.0942764989999318,0],[112.69945133600004,-7.0942794729999719,0],[112.69955246300003,-7.0942913699999508,0],[112.69966548700006,-7.0943181389999381,0],[112.69979632400009,-7.0943575279999322,0],[112.69992425400005,-7.094386548999978,0],[112.69998671400003,-7.0944133179999653,0],[112.70005215000003,-7.0944252149999443,0],[112.70009081600006,-7.0944281889999274,0],[112.70012353300001,-7.0944162919999485,0],[112.70015625100007,-7.0943805999999654,0],[112.70019194300005,-7.0943300369999633,0],[112.70023655800003,-7.0942527039999277,0],[112.7004090690001,-7.0939493229999471,0],[112.70056988100009,-7.0936725119999551,0],[112.70058891600002,-7.0936296819999711,0],[112.70061747000011,-7.0935725749999392,0],[112.70065554100006,-7.0935249859999772,0],[112.7007150280001,-7.0934678789999452,0],[112.7007364430001,-7.0934369459999402,0],[112.70081020600003,-7.0933441469999252,0],[112.70083162100002,-7.093294177999951,0],[112.70085541600008,-7.093241829999954,0],[112.70087207200004,-7.0932275529999629,0],[112.70089110800006,-7.093232311999941,0],[112.7009030050001,-7.0932489679999549,0],[112.7009030050001,-7.093272762999959,0],[112.70087207200004,-7.0933703209999521,0],[112.70085065700005,-7.093448842999976,0],[112.7008268620001,-7.0935249859999772,0],[112.70083162100002,-7.0935630569999262,0],[112.70085303600001,-7.0935892309999531,0],[112.70087683100007,-7.0935820929999522,0],[112.70089110800006,-7.0935606779999603,0],[112.70090538500006,-7.0934892939999372,0],[112.70091490200002,-7.0934250479999719,0],[112.70093393800005,-7.0933274899999788,0],[112.70094375300005,-7.0932971519999342,0],[112.70096296800011,-7.0932721549999656,0],[112.70097819600005,-7.0932493129999443,0],[112.70098295500009,-7.0932321799999727,0],[112.70098200300004,-7.0932207589999621,0],[112.70096842900011,-7.0932026279999718,0],[112.70095820900008,-7.0931912539999757,0],[112.70096011200008,-7.0931836389999603,0],[112.70097499300005,-7.0931679329999611,0],[112.70099818400001,-7.093154133999974,0],[112.70101531600005,-7.0931350979999479,0],[112.70101722000004,-7.0931246289999308,0],[112.7010181710001,-7.0930998819999331,0],[112.70101805200011,-7.0930732319999379,0],[112.70101388800003,-7.0930619299999762,0],[112.70100972400007,-7.0930530069999804,0],[112.70100139600004,-7.09304646399994,0],[112.70099068900004,-7.0930417049999619,0],[112.7009850180001,-7.0930395739999312,0],[112.70097815000008,-7.0930312369999342,0],[112.7009772450001,-7.0930199329999368,0],[112.70098140400012,-7.0930002069999318,0],[112.70098784300001,-7.0929863649999447,0],[112.70100199100011,-7.0929675839999504,0],[112.70102293000002,-7.0929494999999747,0],[112.70104101400011,-7.0929371269999706,0],[112.70106195300002,-7.092920946999925,0],[112.70106721100001,-7.0929117449999808,0],[112.70107337500008,-7.0929009589999623,0],[112.70112550700003,-7.0929017869999598,0],[112.70119330000011,-7.0929028629999493,0],[112.70120186600002,-7.0929199939999421,0],[112.70121233600003,-7.0929266579999535,0],[112.70122566100008,-7.0929323669999462,0],[112.70124184200006,-7.0929342719999795,0],[112.70125802200005,-7.0929304649999381,0],[112.70127039500005,-7.0929285609999511,0],[112.7012875260001,-7.0929247539999665,0],[112.70130085200003,-7.0929228509999689,0],[112.70131132200004,-7.0929228509999689,0],[112.701320839,-7.0929247539999665,0],[112.70132940500002,-7.0929247539999665,0],[112.70133797200003,-7.0929266579999535,0],[112.70136083800003,-7.092921151999974,0],[112.70161158300004,-7.0928910619999783,0],[112.70162636300006,-7.0928990559999647,0],[112.7016330240001,-7.0929066689999445,0],[112.7016330240001,-7.0929266579999535,0],[112.7016206510001,-7.0929533079999487,0],[112.70159876000002,-7.0929828119999456,0],[112.70157306300007,-7.0930075589999433,0],[112.70155402700004,-7.0930256429999758,0],[112.70151119700006,-7.0930875079999396,0],[112.70149977400001,-7.0931113029999437,0],[112.70148264200009,-7.0931236759999479,0],[112.70147122100002,-7.0931408089999763,0],[112.70146949100001,-7.0931589669999653,0],[112.70146931700003,-7.0931607969999391,0],[112.7014696220001,-7.0931621049999762,0],[112.70147598100004,-7.0931893489999425,0],[112.7014788350001,-7.0932159989999377,0],[112.7014788350001,-7.0932340839999597,0],[112.70147788400004,-7.0932531189999395,0],[112.7014788350001,-7.0932807199999388,0],[112.70147756300003,-7.0933197349999659,0],[112.70147718100009,-7.0933314389999396,0],[112.70146455800011,-7.093386976999966,0],[112.70146217900003,-7.0934155309999483,0],[112.70146217900003,-7.0934464639999533,0],[112.70147169600011,-7.0934845349999591,0],[112.7014859730001,-7.0935249859999772,0],[112.70150263000005,-7.0935654369999384,0],[112.7015073880001,-7.0936106459999451,0],[112.70150263000005,-7.0936487179999403,0],[112.70149073200002,-7.0936820299999681,0],[112.70147169600011,-7.0937058249999723,0],[112.70146217900003,-7.0937319989999423,0],[112.70147407700006,-7.0937581729999692,0],[112.70149787000003,-7.0937700699999482,0],[112.70151928600001,-7.0937867259999621,0],[112.70153118400003,-7.0938343159999704,0],[112.70153356200001,-7.0938842839999552,0],[112.70153832200003,-7.0939413899999408,0],[112.70154546000003,-7.0939913599999613,0],[112.70156925400011,-7.0940318109999794,0],[112.70160732700003,-7.0940627429999381,0],[112.7016668120001,-7.0940889179999544,0],[112.70173105900005,-7.0940912969999772,0],[112.701790544,-7.0940936759999431,0],[112.70182147800006,-7.0940936759999431,0],[112.70184291300006,-7.0940955789999407,0],[112.70187444600003,-7.0941051599999696,0],[112.7019095170001,-7.0941484049999417,0],[112.70192379500008,-7.0941650609999556,0],[112.70193093300009,-7.094184094999946,0],[112.70194045100004,-7.0942102709999517,0],[112.70196186600003,-7.0942316859999437,0],[112.70200231700005,-7.0942649979999715,0],[112.70205704500006,-7.0942816529999391,0],[112.70209749600008,-7.0942887929999756,0],[112.70213794500012,-7.0942816529999391,0],[112.70216891300004,-7.0942536569999675,0],[112.70218791400009,-7.0942388239999445,0],[112.70223550300011,-7.0942293049999421,0],[112.70226643700005,-7.0942507209999803,0],[112.7023544760001,-7.0942935519999537,0],[112.70239016900007,-7.0942983099999424,0],[112.7024234810001,-7.0943030689999773,0],[112.70246631200007,-7.0943197259999806,0],[112.7025139000001,-7.0943554179999637,0],[112.70256148900012,-7.0944030059999363,0],[112.70263287400007,-7.0944648719999464,0],[112.70273281100003,-7.0945219799999677,0],[112.70280895400003,-7.0945671899999638,0],[112.70283988600011,-7.0945695679999403,0],[112.70288033700001,-7.0945648099999516,0],[112.70290651200003,-7.0945529129999727,0],[112.70295410200004,-7.0945457749999719,0],[112.7030064490001,-7.0945505329999605,0],[112.70303500200009,-7.0945671899999638,0],[112.70311828400008,-7.0946361939999747,0],[112.70313731900001,-7.0946980589999384,0],[112.70316825300006,-7.094757546999972,0],[112.70325010300007,-7.0948209059999385,0],[112.7032777070001,-7.0948241709999706,0],[112.70329674300001,-7.0948217919999479,0],[112.70331102000011,-7.094814653999947,0],[112.70332291800003,-7.0948027559999787,0],[112.70333719400003,-7.0947932379999656,0],[112.70335623000005,-7.0948027559999787,0],[112.70337288600001,-7.0948313099999609,0],[112.70338716200001,-7.0948503449999407,0],[112.70341095800006,-7.094867001999944,0],[112.70344665000005,-7.0948622429999659,0],[112.70348234200003,-7.094845586999952,0],[112.70352755100009,-7.0948003769999559,0],[112.70356562300003,-7.094757546999972,0],[112.70360131400003,-7.0947480289999589,0],[112.70362511000008,-7.0947670639999387,0],[112.70362035100004,-7.0948122729999454,0],[112.7035965550001,-7.0948479659999748,0],[112.70354658600002,-7.0948765199999571,0],[112.70350192100011,-7.0949189509999542,0],[112.70349671100007,-7.094930303999945,0],[112.70349058600004,-7.0949532739999768,0],[112.70349387300007,-7.0949689979999562,0],[112.70349793800006,-7.0949797119999403,0],[112.70351142800007,-7.0949882519999505,0],[112.70352736300003,-7.0949949769999421,0],[112.70355610400009,-7.0949978719999649,0],[112.70359417600002,-7.094990733999964,0],[112.70361559100002,-7.0949788359999388,0],[112.70364890400003,-7.0949621789999355,0],[112.70366705700008,-7.094963575999941,0],[112.70368776800001,-7.0949744739999687,0],[112.70369503300003,-7.094983554999942,0],[112.70369435900011,-7.0950030219999576,0],[112.70368935500005,-7.0950192869999569,0],[112.70364555700007,-7.0950676479999402,0],[112.70363973100007,-7.0950805019999734,0],[112.70363808400009,-7.0950841359999686,0],[112.70363375800002,-7.0950986939999439,0],[112.70362986700002,-7.0951335009999639,0],[112.70364890400003,-7.0951953669999739,0],[112.70366437100006,-7.0952108339999427,0],[112.70369118700012,-7.0952267049999591,0],[112.70374646200003,-7.0952286789999448,0],[112.70378929100002,-7.0952120239999772,0],[112.70381708500008,-7.0951944699999672,0],[112.70383450200006,-7.0951834699999381,0],[112.70385913400003,-7.0951803899999391,0],[112.70387856100001,-7.0951823969999737,0],[112.70390350500008,-7.0951977459999398,0],[112.70391457200003,-7.0952198799999451,0],[112.70391568700006,-7.0952402769999594,0],[112.70391342800008,-7.0952553369999691,0],[112.70391064500006,-7.0952738889999409,0],[112.70389853300003,-7.0953087089999372,0],[112.7038937750001,-7.0953367419999722,0],[112.70389221500011,-7.095360856999946,0],[112.70389792700007,-7.0953758479999465,0],[112.70390595000003,-7.0953925639999511,0],[112.70391075900011,-7.0953957249999462,0],[112.70391538700005,-7.0953979289999438,0],[112.70392924900011,-7.0954000149999388,0],[112.70394860800002,-7.0953979769999478,0],[112.70397430800006,-7.0953929789999393,0],[112.70400511000003,-7.0953719989999513,0],[112.70402142000012,-7.0953594299999736,0],[112.70402349800008,-7.0953570549999654,0],[112.70402914200008,-7.0953526389999411,0],[112.70403697800009,-7.0953497519999473,0],[112.7040447600001,-7.0953499639999791,0],[112.70405568400008,-7.0953544329999545,0],[112.70406496500004,-7.095362998999974,0],[112.70407067500003,-7.095372991999966,0],[112.70407424400003,-7.0953886969999758,0],[112.70407139000008,-7.0954015459999482,0],[112.70406210900001,-7.0954143949999775,0],[112.70404140700009,-7.09542724399995,0],[112.70402427600004,-7.0954336679999415,0],[112.70400857100003,-7.0954365239999788,0],[112.70398715700003,-7.0954465179999602,0],[112.70395146500005,-7.095477212999981,0],[112.70393790100002,-7.0954886329999454,0],[112.70392362400003,-7.0955043389999446,0],[112.70391791400004,-7.0955093359999637,0],[112.70390506500007,-7.0955257529999471,0],[112.70389221500011,-7.0955428859999756,0],[112.70388150800011,-7.0955578769999761,0],[112.70387222800002,-7.0955721529999778,0],[112.70386651800004,-7.0955814329999498,0],[112.70385581000005,-7.0955914259999417,0],[112.70383087000005,-7.0956179089999409,0],[112.70379881000008,-7.0956379469999433,0],[112.70376549800005,-7.0956664999999361,0],[112.70370093100007,-7.095750748999933,0],[112.7035051790001,-7.0959346679999271,0],[112.70341333700003,-7.0960424549999743,0],[112.70338002400001,-7.0960757669999452,0],[112.70334195400005,-7.0961114599999746,0],[112.70331815800012,-7.0961376339999447,0],[112.70329912300008,-7.0961733249999384,0],[112.70328484700008,-7.0962090179999677,0],[112.7032777070001,-7.0962375709999606,0],[112.7032777070001,-7.0962732629999437,0],[112.7032777070001,-7.0962994369999706,0],[112.70327294900005,-7.0963303699999756,0],[112.70326105100003,-7.0963541649999797,0],[112.70326105100003,-7.0963779589999376,0],[112.70328458300003,-7.0964277129999687,0],[112.70344243000011,-7.0966021369999339,0],[112.70348044500008,-7.0966418789999466,0],[112.70353706900005,-7.0966706329999738,0],[112.70356086300001,-7.0966753919999519,0],[112.70357752000007,-7.0966753919999519,0],[112.7035965550001,-7.096663494999973,0],[112.70361083300008,-7.0966444589999469,0],[112.70362986700002,-7.0966230439999549,0],[112.70364652500007,-7.0966016289999629,0],[112.70369645100004,-7.0965782599999443,0],[112.7037982490001,-7.0965883799999574,0],[112.70390312200004,-7.096585718999961,0],[112.70397236400004,-7.0965839609999648,0],[112.70401058100003,-7.0966016289999629,0],[112.70408672400004,-7.0966872879999414,0],[112.70418428200003,-7.0967872259999467,0],[112.70421997400001,-7.0968205389999639,0],[112.70424138900012,-7.096834815999955,0],[112.70426756300003,-7.096825297999942,0],[112.70432155300011,-7.0967615529999648,0],[112.7044472340001,-7.0966131659999405,0],[112.70457933200009,-7.0964420719999453,0],[112.70465125200008,-7.0963852949999477,0],[112.70471966100001,-7.0963436549999415,0],[112.70479342500005,-7.0962780219999786,0],[112.70487730000002,-7.096230630999969,0],[112.70495165800003,-7.09621575999995,0],[112.70499330000007,-7.0962008879999416,0],[112.70503493900003,-7.0961889909999627,0],[112.70507063100001,-7.0961741189999543,0],[112.70509145200003,-7.0961562729999628,0],[112.70509829000002,-7.0961301839999464,0],[112.7051241690001,-7.0960789409999734,0],[112.70513904200004,-7.0960283759999356,0],[112.70518365600003,-7.0959480699999631,0],[112.70523421900009,-7.09587668599994,0],[112.70528478300002,-7.0958201729999359,0],[112.70531452700004,-7.0958469429999695,0],[112.7052996540001,-7.0958707379999737,0],[112.70528478300002,-7.0959004809999442,0],[112.70526991200006,-7.0959569929999589,0],[112.70526098900007,-7.0960135049999735,0],[112.70525801500003,-7.0960819149999566,0],[112.70525503900001,-7.0961503239999502,0],[112.70525503900001,-7.0961830419999501,0],[112.70526282000003,-7.0962063839999701,0],[112.70529042400005,-7.0962317809999718,0],[112.70532047500001,-7.0962484769999605,0],[112.70536806400003,-7.0962930919999394,0],[112.70541565400003,-7.0963317579999625,0],[112.70552570300003,-7.0964418079999518,0],[112.7055405750001,-7.096465602999956,0],[112.70554278400004,-7.0964693899999816,0],[112.70556139500002,-7.0965012949999391,0],[112.70558221600004,-7.0965399609999622,0],[112.7056327790001,-7.0966262159999474,0],[112.70568036800012,-7.0966678569999431,0],[112.70574580300001,-7.0967392409999661,0],[112.70578839000007,-7.0967798899999366,0],[112.70583526100006,-7.0968122719999656,0],[112.70595995500003,-7.096867136999947,0],[112.70599944700007,-7.0968746589999796,0],[112.70602241600011,-7.0968790329999365,0],[112.70607298000004,-7.0968582139999512,0],[112.70609129500008,-7.0968408629999544,0],[112.70609677400012,-7.0967957529999808,0],[112.70609974900003,-7.0967749329999492,0],[112.70610867200003,-7.0967570869999577,0],[112.70612949200006,-7.0967451899999787,0],[112.70614733800005,-7.0967451899999787,0],[112.70616220900001,-7.0967570869999577,0],[112.70619518900003,-7.0967957059999662,0],[112.70620747600003,-7.0968343469999695,0],[112.7061917310001,-7.096878864999951,0],[112.70617113200001,-7.0969058029999701,0],[112.70610272200008,-7.0969563669999616,0],[112.70608506200006,-7.096974391999936,0],[112.70604387600008,-7.0970383759999436,0],[112.70603002100006,-7.0971610979999582,0],[112.70595625600004,-7.0973252809999394,0],[112.7059513910001,-7.0973749069999599,0],[112.70595986700005,-7.0974721449999265,0],[112.7059837490001,-7.0975571809999565,0],[112.70602241600011,-7.0976136929999711,0],[112.70604323600003,-7.0976464089999354,0],[112.70605137300004,-7.0976599699999383,0],[112.70608920100005,-7.0976865119999388,0],[112.70609044000003,-7.097686969999927,0],[112.70611759400003,-7.0976969739999731,0],[112.70615626100005,-7.0976880509999773,0],[112.70618303000003,-7.0976850759999479,0],[112.70620087600003,-7.0977029219999395,0],[112.70620682400011,-7.0977386149999688,0],[112.70619790100011,-7.0977772799999457,0],[112.70618897800011,-7.0978308189999666,0],[112.70617431400001,-7.0978748109999401,0],[112.70616220900001,-7.0979111249999391,0],[112.70616518400004,-7.0979557399999749,0],[112.70619195300003,-7.0980390219999663,0],[112.70623496400003,-7.0980923559999383,0],[112.70626631100004,-7.098131225999964,0],[112.70628415700003,-7.0981520459999388,0],[112.70631092500003,-7.0981550199999788,0],[112.70634066900004,-7.0981341999999472,0],[112.70637933600005,-7.0980866099999389,0],[112.70640907800009,-7.098059841999941,0],[112.70645071900003,-7.098059841999941,0],[112.70646261700006,-7.0980866099999389,0],[112.70645666700011,-7.0981341999999472,0],[112.70642692400008,-7.0981877379999787,0],[112.70637041300006,-7.0982353269999408,0],[112.70631092500003,-7.0982620949999387,0],[112.70625441300001,-7.0983007619999512,0],[112.7061985040001,-7.0984131589999606,0],[112.70614643800002,-7.0985569799999553,0],[112.70609974900003,-7.0986279369999465,0],[112.70608190300004,-7.0986666039999591,0],[112.70605513400005,-7.0987231169999632,0],[112.70605513400005,-7.0987677309999526,0],[112.70605880800008,-7.0987902319999421,0],[112.70606780600008,-7.0987995529999353,0],[112.70608721700012,-7.0988196569999786,0],[112.70611164600007,-7.0988272179999399,0],[112.70615031300008,-7.0988063979999652,0],[112.70618897800011,-7.0987766539999484,0],[112.7062246700001,-7.0987707049999358,0],[112.70624549000001,-7.0987974749999694,0],[112.70623954200005,-7.098845062999942,0],[112.70619195300003,-7.0988986019999629,0],[112.70610272200008,-7.0989432169999418,0],[112.70603728800006,-7.0989729599999691,0],[112.70596590300011,-7.0990324469999564,0],[112.70589749500004,-7.09910085599995,0],[112.70585288000007,-7.0991871099999457,0],[112.70584098300003,-7.0992763409999498,0],[112.70584693000001,-7.0993477249999728,0],[112.70583800700001,-7.099413158999937,0],[112.70583503400007,-7.099490492999962,0],[112.70584693000001,-7.0995499789999599,0],[112.70586477600011,-7.0995916199999556,0],[112.70587072600006,-7.0996243369999661,0],[112.70587072600006,-7.0996630039999786,0],[112.70585882800003,-7.0997462849999806,0],[112.70585882800003,-7.0997819769999637,0],[112.70588559700002,-7.0998682319999489,0],[112.7059004680001,-7.099906897999972,0],[112.70592128800001,-7.0999455639999383,0],[112.70593616100007,-7.0999901799999634,0],[112.70592426400003,-7.1000526399999444,0],[112.7058826220001,-7.1000913069999569,0],[112.70585245600012,-7.1001335389999554,0],[112.70583800700001,-7.1001537669999379,0],[112.70582611100008,-7.1002281249999442,0],[112.70583503400007,-7.1002757149999525,0],[112.70584025000005,-7.1002845419999403,0],[112.70584458400003,-7.1002918739999359,0],[112.70586100600008,-7.1003196579999326,0],[112.70593616000008,-7.1003411499999629,0],[112.70598672400001,-7.1003500729999587,0],[112.70601051800008,-7.1003500729999587,0],[112.70601349300011,-7.1003857649999418,0],[112.70594210900003,-7.1004095599999459,0],[112.70586180200007,-7.1004214569999249,0],[112.70578762200012,-7.1004273979999653,0],[112.70573245200001,-7.1004475589999743,0],[112.70565062500009,-7.1004987889999711,0],[112.70560898400004,-7.100531506999971,0],[112.70556139500002,-7.1005671989999541,0],[112.70551380600011,-7.1006058649999773,0],[112.70547811400002,-7.1006594029999519,0],[112.70544539600007,-7.1007337609999581,0],[112.70541565300005,-7.1008170419999601,0],[112.70538888400006,-7.1009151949999705,0],[112.70536508900011,-7.1010014509999451,0],[112.70535914100003,-7.1011293469999259,0],[112.70535914100003,-7.1012126279999279,0],[112.70536806400003,-7.1012899599999741,0],[112.7053829350001,-7.101367292999953,0],[112.70537698700002,-7.1014089329999592,0],[112.70535914100003,-7.1014654449999739,0],[112.70535319200008,-7.10157252099998,0],[112.70535914100003,-7.1016171359999589,0],[112.70536211500007,-7.1016825709999694,0],[112.70532047500001,-7.1017985699999713,0],[112.7052907310001,-7.1018610309999417,0],[112.70524909100004,-7.1019413379999605,0],[112.70522192100009,-7.1020214549999423,0],[112.70524611600001,-7.1021078999999645,0],[112.70526396200012,-7.1021465659999308,0],[112.70528478300002,-7.1021882069999265,0],[112.7053085770001,-7.1022238989999664,0],[112.70530560300006,-7.1022595909999495,0],[112.70528775700006,-7.1022893339999769,0],[112.70524004000004,-7.1023221489999742,0],[112.70521934700002,-7.1023726149999789,0],[112.70521934700002,-7.1023993839999662,0],[112.70522827000002,-7.1024291269999367,0],[112.70526073600001,-7.1024665509999636,0],[112.70528180800011,-7.1024975369999765,0],[112.70531750000009,-7.1025213309999344,0],[112.70533832000001,-7.1025480999999786,0],[112.70536806400003,-7.1025927149999575,0],[112.7053918580001,-7.1026462529999321,0],[112.70543944800011,-7.1027087139999594,0],[112.70545431900007,-7.1027681999999572,0],[112.70545134500003,-7.102845532999936,0],[112.70542457600004,-7.102931787999978,0],[112.70541565300005,-7.1030210179999358,0],[112.70544539600007,-7.1030834789999631,0],[112.70546026800002,-7.103163785999925,0],[112.70542755000008,-7.1032351699999481,0],[112.70538187900002,-7.1033118009999612,0],[112.70537401200011,-7.1034225519999268,0],[112.70537401200011,-7.1034641929999793,0],[112.70537996100006,-7.1035088079999582,0],[112.7053918580001,-7.1035474739999813,0],[112.70540375600001,-7.1035831659999644,0],[112.70542266900009,-7.103596404999962,0],[112.70546324200006,-7.1036248059999707,0],[112.70549001100005,-7.1036545499999306,0],[112.70550108800001,-7.1036822419999339,0],[112.70548703700001,-7.10373485599996,0],[112.7054840620001,-7.103755676999981,0],[112.70548703700001,-7.1037824459999683,0],[112.70550190800009,-7.1038092139999662,0],[112.70552570300003,-7.1038330089999704,0],[112.7056327790001,-7.1039162899999724,0],[112.70566133200009,-7.1039543619999677,0],[112.70568230600009,-7.1039921489999642,0],[112.70570416300006,-7.1040650069999742,0],[112.70568929100011,-7.1041125959999363,0],[112.70564805900005,-7.1041478139999299,0],[112.7056238560001,-7.104204799999934,0],[112.70561195800008,-7.1042791579999403,0],[112.70560898400004,-7.1043535159999465,0],[112.70563592500002,-7.1044422629999531,0],[112.70569524000007,-7.1045884879999335,0],[112.70569524000007,-7.1046271539999566,0],[112.70568036800012,-7.1047074609999754,0],[112.70562304700002,-7.1047547719999784,0],[112.70559708700011,-7.1047907419999774,0],[112.70559411300007,-7.1048145369999816,0],[112.70562947400003,-7.1049028049999379,0],[112.70566252200001,-7.1049483809999288,0],[112.70568036800012,-7.1050019189999603,0],[112.70567786000004,-7.1050537699999268,0],[112.70568631700007,-7.1051446869999495,0],[112.70570118800003,-7.1051922759999684,0],[112.70573985500005,-7.1052398649999304,0],[112.70579041800011,-7.1052696089999472,0],[112.70583503300008,-7.1052696089999472,0],[112.70588559700002,-7.1052368909999473,0],[112.705939134,-7.1052041739999368,0],[112.70597185200006,-7.1052011989999642,0],[112.70601944100008,-7.1052011989999642,0],[112.70608527200011,-7.1051813469999274,0],[112.7060916050001,-7.1052460289999431,0],[112.70608258200002,-7.1053067339999529,0],[112.70605513300006,-7.1053380179999408,0],[112.70604323600003,-7.1053647869999281,0],[112.70604073400011,-7.1054261649999262,0],[112.70603841700006,-7.1054829959999779,0],[112.70603133800012,-7.1055551439999363,0],[112.70603431300003,-7.105596784999932,0],[112.70605215900002,-7.1056443739999509,0],[112.7060670300001,-7.1057246809999697,0],[112.70610272200008,-7.1057960639999465,0],[112.70609082500005,-7.1058287819999464,0],[112.70606108200002,-7.1058228329999338,0],[112.70603133800012,-7.1057901159999801,0],[112.70599862100005,-7.1057573979999802,0],[112.70595995500003,-7.1057127829999445,0],[112.70589451900003,-7.1056562709999298,0],[112.70584693000001,-7.1056146309999804,0],[112.70576959800007,-7.1055878619999362,0],[112.70570118800003,-7.1055878619999362,0],[112.7056327790001,-7.1055938099999594,0],[112.70554354900003,-7.1056235539999761,0],[112.70543647300008,-7.1056562709999298,0],[112.70532047500001,-7.1057187319999571,0],[112.70524909100004,-7.1057841669999675,0],[112.70519852700011,-7.1058614999999463,0],[112.7051152460001,-7.1060369849999461,0],[112.70506765700009,-7.1061886749999417,0],[112.70505853600002,-7.1062593609999567,0],[112.70505575900006,-7.1062808799999289,0],[112.70505873400009,-7.106307648999973,0],[112.70507490600005,-7.1063409719999413,0],[112.70510929700004,-7.1063641609999308,0],[112.70513011800006,-7.106390929999975,0],[112.70512714300003,-7.1064176989999623,0],[112.70510334900007,-7.1064652879999812,0],[112.70504696100011,-7.1065379549999648,0],[112.70501114500007,-7.1065991329999747,0],[112.70500817000004,-7.1066437469999642,0],[112.70501114500007,-7.1066645679999283,0],[112.70502323900007,-7.1067051689999516,0],[112.70505278500002,-7.1068043609999449,0],[112.70507063100001,-7.1068519499999638,0],[112.70506765700009,-7.106875744999968,0],[112.70506170800002,-7.1069054879999385,0],[112.7050229240001,-7.1069947079999451,0],[112.70501530900003,-7.107089895999934,0],[112.70500103200004,-7.107151761999944,0],[112.70499151400008,-7.1072183869999321,0],[112.70497169500004,-7.1073074799999745,0],[112.70493440700011,-7.1073849499999255,0],[112.70493440700011,-7.1074230209999314,0],[112.70494392500007,-7.1074848869999414,0],[112.70496771900002,-7.1075372349999384,0],[112.70499151400008,-7.1075610299999425,0],[112.70502006800007,-7.1076181369999745,0],[112.70505338000009,-7.1076990379999643,0],[112.70506765700009,-7.1077656629999524,0],[112.70505813900002,-7.1078941539999505,0],[112.70502006800007,-7.1080369219999398,0],[112.70502006800007,-7.1081273409999426,0],[112.70504386200003,-7.108232037999926,0],[112.70507241600001,-7.1083081799999377,0],[112.70507241600001,-7.1084366709999358,0],[112.70507717500004,-7.1085651619999339,0],[112.70509736800011,-7.1086176629999613,0],[112.70512476400006,-7.108688893999954,0],[112.70512476400006,-7.1087745549999681,0],[112.70509145100004,-7.1088554559999579,0],[112.70504862100006,-7.108922080999946,0],[112.70491145500011,-7.1090819609999585,0],[112.70490001400003,-7.1091049619999467,0],[112.70480908900004,-7.1093475289999333,0],[112.70479068000009,-7.1093788239999753,0],[112.70524723400001,-7.1095435799999791,0],[112.70542422100004,-7.1096100029999434,0],[112.70628496500001,-7.10995274499993,0],[112.70697214000006,-7.1102399829999285,0],[112.70718706900004,-7.1103108029999476,0],[112.70734885100001,-7.1103510759999722,0],[112.70753206200004,-7.110399417999929,0],[112.70764290700004,-7.1104642029999354,0],[112.70770230100004,-7.1105509959999722,0],[112.70772083100007,-7.1106985999999779,0],[112.7077570780001,-7.1108016999999677,0],[112.70830599200008,-7.1110100189999343,0],[112.70878447900009,-7.1112372519999667,0],[112.70924036500003,-7.1114078649999328,0],[112.70987059200002,-7.1113589829999455,0],[112.71059266400005,-7.1114157319999549,0],[112.71105451800008,-7.111494271999959,0],[112.71146744600003,-7.1116245059999414,0],[112.71207259100004,-7.1117783799999756,0],[112.71264592200009,-7.1118232499999294,0],[112.71666628600008,-7.1119300719999501,0],[112.7170184040001,-7.111714463999931,0],[112.71717818800005,-7.1113925469999799,0],[112.71725777300003,-7.1111512569999604,0],[112.7173375640001,-7.1109635299999354,0],[112.71739884200008,-7.1108555739999701,0],[112.71755080100002,-7.1105878609999422,0],[112.71765741400009,-7.1104000259999793,0],[112.71792510400007,-7.1102383659999759,0],[112.71856819000004,-7.1100217679999673,0],[112.71872896000002,-7.1099676149999596,0],[112.71897181500003,-7.1098729529999787,0],[112.71902697100006,-7.1098514529999761,0],[112.71912824700007,-7.1098617909999575,0],[112.71942327800002,-7.1098645309999711,0],[112.71958292000011,-7.1099332709999317,0],[112.71988689500006,-7.1099993159999713,0],[112.72011121800006,-7.110123314999953,0],[112.72109229600005,-7.1102423899999394,0],[112.72162743500007,-7.1103073389999736,0],[112.72173314600002,-7.1103201639999725,0],[112.72259532200007,-7.1105962369999816,0],[112.72478029700005,-7.1109735739999564,0],[112.72586703500008,-7.1111612489999629,0],[112.72686613600001,-7.1113337889999571,0],[112.72839656300005,-7.110993447999931,0],[112.72887442900003,-7.1108871779999276,0],[112.72911713600001,-7.1108918309999467,0],[112.72930422500008,-7.1109144889999811,0],[112.72946680200005,-7.1109615779999444,0],[112.72967620400004,-7.1110307159999593,0],[112.72982121500002,-7.1110785959999703,0],[112.73001455000008,-7.1111424229999329,0],[112.7301946770001,-7.1111747909999394,0],[112.73035271000003,-7.1110532279999461,0],[112.7303605620001,-7.1110310329999606,0],[112.73038329000008,-7.1109967459999552,0],[112.73042829800011,-7.110884738999971,0],[112.73047481800006,-7.1107255449999798,0],[112.73051343600002,-7.110593362999964,0],[112.73054874700006,-7.1104725399999325,0],[112.73058965400003,-7.1103325349999409,0],[112.73062197700006,-7.1100977049999301,0],[112.73060732400006,-7.109909623999954,0],[112.73056611400011,-7.1098127709999517,0],[112.73052716100005,-7.1097212199999262,0],[112.73047425700008,-7.1096345999999357,0],[112.73046952800007,-7.109626857999956,0],[112.73034584100003,-7.1094381719999546,0],[112.73029502300005,-7.1093606559999785,0],[112.73026173000005,-7.1092586429999756,0],[112.73035509200008,-7.1091258209999637,0],[112.7303413840001,-7.1089871609999591,0],[112.73051595100003,-7.1087529199999722,0],[112.7305379500001,-7.1085263469999518,0],[112.73064179300002,-7.1085045949999426,0],[112.73068979200002,-7.1084601819999307,0],[112.73069845500004,-7.1084287839999547,0],[112.7307638100001,-7.1081919209999569,0],[112.73100705500008,-7.1076105599999551,0],[112.73107097500008,-7.1075052989999676,0],[112.73114620800004,-7.1073775619999537,0],[112.73136123100005,-7.1072006319999446,0],[112.73148936500002,-7.1070526809999706,0],[112.73149668500002,-7.1070423209999376,0],[112.7315181670001,-7.1070077069999797,0],[112.73154066500001,-7.1069797949999725,0],[112.73158854900009,-7.1068888199999378,0],[112.73163118900004,-7.1068078109999533,0],[112.73169319900001,-7.1066934629999423,0],[112.7318135380001,-7.1066845569999373,0],[112.73186982400011,-7.1066897379999432,0],[112.73192056800008,-7.1066123479999419,0],[112.73194687800003,-7.106529815999977,0],[112.73194799500004,-7.1064991949999694,0],[112.73189639500004,-7.1062970489999771,0],[112.73210307400007,-7.1060266209999554,0],[112.73218551700006,-7.1059579289999419,0],[112.73230609600012,-7.105975361999981,0],[112.73250814400001,-7.1060797439999419,0],[112.73262334200001,-7.1061121469999762,0],[112.73269913900003,-7.1060847999999623,0],[112.73276635800005,-7.1059254579999447,0],[112.73270192600012,-7.105678720999947,0],[112.73267091100001,-7.1055860209999651,0],[112.73270407700011,-7.1052888989999587,0],[112.73289471100009,-7.1047652489999678,0],[112.73311338200006,-7.1043968289999384,0],[112.73330221300012,-7.1041410939999423,0],[112.73346548000006,-7.1039199839999583,0],[112.73387623800011,-7.1033706899999629,0],[112.73396704900006,-7.10327941099996,0],[112.73404189000007,-7.103218505999962,0],[112.73408106300008,-7.1031791299999441,0],[112.73411664800005,-7.1031362029999627,0],[112.73414687200011,-7.1030932959999404,0],[112.73417346000008,-7.1030343529999413,0],[112.73427622800011,-7.1028731919999473,0],[112.7344468980001,-7.1026380199999721,0],[112.7345764590001,-7.1024537119999422,0],[112.73471097400011,-7.102293384999939,0],[112.73522404400001,-7.102625125999964,0],[112.73540794500002,-7.1027440329999649,0],[112.73577130700005,-7.1028107219999583,0],[112.73662224200007,-7.1028975999999489,0],[112.73697350700002,-7.1024139419999415,0],[112.73715250200007,-7.1021846789999472,0],[112.73726754400002,-7.1021092139999382,0],[112.73754022600008,-7.1016294949999406,0],[112.73775895600011,-7.1016476439999678,0],[112.73816265400001,-7.1012841469999444,0],[112.73822610600007,-7.1013063889999444,0],[112.7384924370001,-7.1009808669999757,0],[112.73902590700004,-7.1011360529999479,0],[112.73965385300005,-7.101508383999942,0],[112.73996240300005,-7.1016723739999748,0],[112.74046401100009,-7.1011359059999677,0],[112.74057319100007,-7.1010331949999568,0],[112.74080644300011,-7.1007010419999688,0],[112.74094001000003,-7.1005383609999626,0],[112.74106099100004,-7.1003993719999698,0],[112.74129224600006,-7.1002111669999408,0],[112.74142255600009,-7.1001119159999462,0],[112.74182927100003,-7.0999775929999487,0],[112.74196276700002,-7.0998470309999675,0],[112.74209922900002,-7.0996727889999534,0],[112.74231005800004,-7.099464778999959,0],[112.74247995400003,-7.0993136149999714,0],[112.7427807040001,-7.0990764369999511,0],[112.74282903000005,-7.0990330629999789,0],[112.74285309600009,-7.0989863229999628,0],[112.74296678900009,-7.0988269439999385,0],[112.74305109500006,-7.0986814989999516,0],[112.74315508900008,-7.0985235669999724,0],[112.74324946500008,-7.0984857049999732,0],[112.74342097900001,-7.0983961169999361,0],[112.7435120880001,-7.0983464809999646,0],[112.74354532400002,-7.09833028099996,0],[112.74357856000006,-7.0983140819999448,0],[112.74361074800004,-7.098305388999961,0],[112.74363006900001,-7.0983021009999447,0],[112.7436590850001,-7.0983062779999386,0],[112.74368385300011,-7.0983233309999605,0],[112.74371507800004,-7.098343573999955,0],[112.74376242100004,-7.0983658999999761,0],[112.74379254200005,-7.0983786469999473,0],[112.74383019100003,-7.0983935079999583,0],[112.74392347500009,-7.0984113269999511,0],[112.74399384000003,-7.0984191589999455,0],[112.74404526100011,-7.0984243649999712,0],[112.74409939100008,-7.0984309089999442,0],[112.74415621800006,-7.0984347439999738,0],[112.744202212,-7.0984359219999646,0],[112.74423468400005,-7.0984384979999504,0],[112.74425495900005,-7.098434372999975,0],[112.74428328200008,-7.0984126719999381,0],[112.74429532300007,-7.0983775399999445,0],[112.74430597100002,-7.098331615999939,0],[112.74432740500004,-7.0982762039999443,0],[112.74435834600001,-7.0982315529999482,0],[112.74440416400012,-7.0981854949999388,0],[112.74443541200003,-7.0981378899999754,0],[112.7446393780001,-7.0978271539999582,0],[112.74465127800011,-7.0978127959999711,0],[112.74466082800006,-7.0978091809999455,0],[112.74469193200002,-7.0978150279999568,0],[112.74476139000001,-7.0978469709999672,0],[112.74484280000001,-7.0978788689999419,0],[112.74496254400003,-7.0979308989999481,0],[112.7450212120001,-7.0979545329999496,0],[112.74507981900001,-7.09796266099994,0],[112.74513603300011,-7.0979696049999461,0],[112.74522866900008,-7.0979778289999444,0],[112.74531905600008,-7.0979925089999369,0],[112.74536279400002,-7.0980133739999474,0],[112.74540653300005,-7.0980342389999578,0],[112.74544569900002,-7.0980400989999453,0],[112.74549238600002,-7.0980444319999378,0],[112.74552250800002,-7.0980473219999567,0],[112.74561528800007,-7.0978982669999482,0],[112.7456931270001,-7.0977793109999539,0],[112.74575763600001,-7.097657106999975,0],[112.74585144900004,-7.0974828469999807,0],[112.74632488600002,-7.0977691409999579,0],[112.74669644000005,-7.0979911489999381,0],[112.74680841200006,-7.0980587779999382,0],[112.74693687000001,-7.098132211999939,0],[112.74700877600003,-7.0981776979999722,0],[112.74704066000004,-7.0982127759999685,0],[112.74714122700004,-7.0983026859999541,0],[112.74739335400011,-7.0984645359999377,0],[112.74768345200005,-7.0986335849999591,0],[112.74791275000007,-7.0987536329999443,0],[112.74796990300001,-7.0987899149999407,0],[112.74807832400006,-7.0989085729999601,0],[112.74813783700006,-7.0989747669999588,0],[112.74838921100002,-7.0991796869999462,0],[112.74857768400011,-7.0993092629999524,0],[112.74874643500004,-7.0994298269999376,0],[112.74880824100001,-7.0995080439999469,0],[112.74918314700005,-7.0998182709999469,0],[112.74911622400009,-7.0998752899999431,0],[112.74917139400009,-7.0999328949999381,0],[112.74962122200009,-7.1002693869999689,0],[112.74984441800007,-7.1004359299999464,0],[112.74996114600003,-7.1005174749999469,0],[112.75006408600007,-7.1005751579999696,0],[112.75021832400012,-7.1006155689999559,0],[112.7504308340001,-7.1006728399999588,0],[112.75055766700007,-7.1007099379999659,0],[112.75065018000009,-7.1007266679999361,0],[112.75093669700004,-7.1008220789999541,0],[112.75112086700005,-7.1008662089999461,0],[112.75124931100004,-7.1008849339999642,0],[112.75132637500008,-7.1008953169999813,0],[112.75139059300011,-7.1009036119999678,0],[112.75146766400007,-7.1009161279999375,0],[112.75157697200007,-7.1009669429999462,0],[112.75162414800002,-7.1009945139999786,0],[112.75166275700008,-7.1010199819999684,0],[112.75167565100003,-7.1010348739999358,0],[112.75168217400005,-7.1010625999999775,0],[112.75169305700001,-7.1011116509999397,0],[112.75169317700011,-7.1011436689999528,0],[112.75168932000008,-7.1012546789999647,0],[112.75169322800002,-7.1013379439999653,0],[112.75170401300011,-7.1013619099999801,0],[112.75173353700006,-7.1013911419999545,0],[112.7518127620001,-7.1014828719999628,0],[112.75183960600009,-7.1015107799999555,0],[112.75186241900008,-7.101533366999945,0],[112.75188389500011,-7.1015559589999384,0],[112.75188550300004,-7.1015579189999585,0],[112.75190135600008,-7.1015772349999793,0],[112.75191748500004,-7.1015998459999423,0],[112.75192690300003,-7.1016158169999812,0],[112.75193769400005,-7.1016411159999393,0],[112.75193771800002,-7.1016477859999441,0],[112.75193382000009,-7.1016771429999608,0],[112.7519232410001,-7.1017078599999763,0],[112.75189946400008,-7.1017839739999431,0],[112.75186703400004,-7.1018941309999377,0],[112.75180827400004,-7.101995507999959,0],[112.751680437,-7.102152776999958,0],[112.75156434200005,-7.1022864019999474,0],[112.75145664500008,-7.1024161349999417,0],[112.75141773500002,-7.1024584189999587,0],[112.75139146400011,-7.1024922289999495,0],[112.75136624200002,-7.1025239269999361,0],[112.75133470900005,-7.1025619699999538,0],[112.75129470000002,-7.102592670999968,0],[112.75125685700004,-7.1026381109999761,0],[112.75124535100008,-7.1026665969999385,0],[112.75114950000011,-7.1028119369999558,0],[112.75112962100002,-7.1028492949999418,0],[112.7511137460001,-7.1028866399999515,0],[112.75108719400009,-7.1029240229999573,0],[112.75106862400003,-7.102954719999957,0],[112.75104740900008,-7.1029920829999469,0],[112.7510275090001,-7.1030241159999719,0],[112.75101023100001,-7.1030428229999529,0],[112.75097692800011,-7.1030602589999603,0],[112.75091576200009,-7.1030951049999658,0],[112.75090634000003,-7.1031004719999373,0],[112.75085708000006,-7.103133947999936,0],[112.75076837000006,-7.103199778999965,0],[112.7507011030001,-7.1032572569999388,0],[112.75068277300011,-7.1032745999999634,0],[112.75066253600005,-7.1033063929999685,0],[112.75053588500009,-7.1035506479999526,0],[112.7505351960001,-7.1035524309999687,0],[112.75052791200005,-7.1035757319999675,0],[112.75051025000005,-7.1037346959999468,0],[112.75050073300008,-7.1039440869999453,0],[112.75049121600011,-7.1040487829999392,0],[112.75046059100009,-7.1041202389999398,0],[112.75040555400005,-7.1042486589999498,0],[112.75031989400009,-7.1043723909999699,0],[112.75024375100008,-7.104553229999965,0],[112.75012953700002,-7.1048578009999801,0],[112.75009146500008,-7.1050100849999467,0],[112.75004387700005,-7.105181406999975,0],[112.74998676900009,-7.1053812819999393,0],[112.74992014400004,-7.1055621219999807,0],[112.74985351900011,-7.1057334429999628,0],[112.74979641200002,-7.1059237989999815,0],[112.76245271100004,-7.1115870929999687,0],[112.76224143500008,-7.1123329419999664,0],[112.76269495700001,-7.1124967629999674,0],[112.76276908300008,-7.1125386449999723,0],[112.76280298300003,-7.1125617059999513,0],[112.76303848400005,-7.1127371719999815,0],[112.76334841100004,-7.1127629029999753,0],[112.76413518700008,-7.1130852589999449,0],[112.76451009600009,-7.1125077079999528,0],[112.76462090100006,-7.1123370119999549,0],[112.76523495100002,-7.1125834699999473,0],[112.76597774200002,-7.111422766999965,0],[112.76623705000009,-7.1115940229999524,0],[112.76640959400004,-7.1116220729999782,0],[112.76643675900004,-7.1116262239999628,0],[112.76661728400006,-7.111486781999929,0],[112.76676154500001,-7.1113838419999524,0],[112.76689439800009,-7.1113039109999363,0],[112.76720022300003,-7.1111132749999797,0],[112.76731213700009,-7.1112842309999564,0],[112.76734313400004,-7.1112482279999654,0],[112.76756257800002,-7.1110153379999588,0],[112.7675996480001,-7.110978738999961,0],[112.76762504900012,-7.1109824699999535,0],[112.76765770700001,-7.1110053109999285,0],[112.76767790500003,-7.1110262859999693,0],[112.76770489700004,-7.1110702009999613,0],[112.76773472500008,-7.1111045359999707,0],[112.76777886900004,-7.1111244639999427,0],[112.7678575860001,-7.1111672249999742,0],[112.76799105100008,-7.1112470959999428,0],[112.76803140900006,-7.1112794769999255,0],[112.76807944000007,-7.1113137419999362,0],[112.76811499700011,-7.1113432719999423,0],[112.76813905200004,-7.1113709299999641,0],[112.76815642500003,-7.11140435599998,0],[112.76816611400011,-7.1114330259999292,0],[112.76818102300001,-7.1115089219999277,0],[112.76853656900005,-7.1116905099999599,0],[112.76870192400008,-7.1117430049999371,0],[112.76921654900002,-7.1118896049999307,0],[112.76954627000009,-7.1119983909999291,0],[112.76991471100007,-7.1120883799999319,0],[112.77023974800011,-7.1121677669999599,0],[112.77037718200006,-7.1117305269999633,0],[112.77047162600002,-7.1114300559999606,0],[112.77132685800007,-7.1117051159999392,0],[112.7714503520001,-7.1117453129999717,0],[112.77145506600004,-7.1117461409999692,0],[112.77166364600009,-7.111782772999959,0],[112.77196203700009,-7.1118402429999605,0],[112.77210275800007,-7.111376795999945,0],[112.77220888700003,-7.1109481709999613,0],[112.77226766800004,-7.1106632639999248,0],[112.77235401300004,-7.1106964259999472,0],[112.77237267800001,-7.1106668219999278,0],[112.77250133300004,-7.1104916929999717,0],[112.77264426500005,-7.1102925859999573,0],[112.77284441800009,-7.1100262759999282,0],[112.77301837400012,-7.1097983429999658,0],[112.77322811500005,-7.1095343889999754,0],[112.77344936500003,-7.1092191339999431,0],[112.77345201500009,-7.1092153579999717,0],[112.77365448800003,-7.1089299009999536,0],[112.77371921500003,-7.1089463989999331,0],[112.77416748200005,-7.1090547279999328,0],[112.77453992900007,-7.1091655209999658,0],[112.77464250300011,-7.1091709549999678,0],[112.77469883400011,-7.1091838979999693,0],[112.77479950700001,-7.1092062379999561,0],[112.77488824200009,-7.1092381939999427,0],[112.77498780900009,-7.1092844629999377,0],[112.77519648600003,-7.1093673929999568,0],[112.77543339900001,-7.109474966999926,0],[112.77551036500006,-7.1095041179999612,0],[112.77569765400006,-7.1096301909999511,0],[112.77618750500005,-7.1098659739999448,0],[112.77609605200007,-7.1100612959999694,0],[112.77593671400007,-7.1103537649999566,0],[112.77596392300006,-7.1103659929999594,0],[112.77634294100005,-7.1105272149999337,0],[112.77653012000007,-7.1106245819999572,0],[112.77655687600009,-7.1106324799999356,0],[112.77652749600009,-7.1107773259999476,0],[112.77649322500008,-7.1108958759999723,0],[112.77646614800005,-7.1110167889999616,0],[112.77634732700005,-7.1112576689999401,0],[112.77625098600004,-7.1114278909999484,0],[112.77624392600001,-7.1114602139999761,0],[112.77623332400003,-7.1115129809999758,0],[112.77671126000007,-7.1116429989999688,0],[112.77675205600008,-7.1116643729999396,0],[112.77679533900005,-7.1117096599999741,0],[112.77681623100011,-7.1117498769999656,0],[112.77682947300002,-7.1117677689999255,0],[112.77684388300008,-7.1117784789999519,0],[112.77687505800009,-7.1117891239999267,0],[112.7769529520001,-7.1118043749999629,0],[112.77708798500009,-7.1118305429999396,0],[112.77725336300011,-7.1118634009999369,0],[112.77734222400011,-7.1118860839999343,0],[112.77757505400007,-7.1119646629999806,0],[112.77759034000007,-7.1118916399999534,0],[112.77760454400004,-7.1118449489999307,0],[112.77765822200001,-7.1117909159999613,0],[112.77768567200008,-7.1117704629999707,0],[112.77769632500008,-7.1117381269999669,0],[112.77822621100006,-7.1119392199999538,0],[112.77824455600012,-7.1118971519999263,0],[112.7782548890001,-7.1118795199999454,0],[112.77828486100009,-7.1118889739999531,0],[112.77834361500004,-7.1119090829999436,0],[112.77840116700008,-7.1119279989999313,0],[112.77842874000009,-7.1119362669999759,0],[112.77849344300012,-7.1119467829999508,0],[112.77852093500007,-7.1119335199999796,0],[112.77854952600001,-7.1118951339999512,0],[112.77857687800008,-7.1118459869999811,0],[112.77858997200008,-7.1118256019999535,0],[112.77860548400008,-7.1118111889999795,0],[112.77862110900003,-7.1117997169999398,0],[112.77888452900004,-7.1119193379999501,0],[112.77909073900003,-7.1119831369999815,0],[112.77917220400002,-7.1120183369999381,0],[112.77922837700009,-7.1120525699999462,0],[112.77931622400001,-7.1121024709999574,0],[112.77977096000006,-7.1122729669999671,0],[112.77981410700011,-7.1122828489999392,0],[112.7798413380001,-7.1122640839999463,0],[112.77985707200003,-7.1122453649999784,0],[112.77987998500009,-7.1122251819999747,0],[112.77990585000009,-7.1122250819999522,0],[112.78027283400002,-7.1123446139999373,0],[112.78062768400002,-7.1124485099999788,0],[112.7807093880001,-7.1124566349999441,0],[112.78112404400008,-7.1125074709999581,0],[112.78129512300006,-7.1125283439999407,0],[112.7815136480001,-7.1125562109999692,0],[112.78159561400003,-7.1125716839999313,0],[112.78166036000005,-7.1125929659999656,0],[112.78171511800008,-7.112632944999973,0],[112.78176084000006,-7.1126816639999788,0],[112.78177283400009,-7.112694443999942,0],[112.78183054400006,-7.1127545069999769,0],[112.78195663500003,-7.1126607229999763,0],[112.78222602100004,-7.1124630419999448,0],[112.78238391800005,-7.1123368339999615,0],[112.78241368400006,-7.1123130419999256,0],[112.7825472290001,-7.11221153799994,0],[112.78266427000005,-7.1121732149999275,0],[112.78290967700002,-7.1121543289999636,0],[112.78302933000009,-7.1121299449999356,0],[112.78318432900005,-7.1119559079999703,0],[112.78329142900009,-7.1117820559999814,0],[112.78341720800006,-7.1117935329999682,0],[112.78348884700006,-7.1117394319999789,0],[112.78340463400002,-7.1116380829999457,0],[112.78329607900002,-7.1114351579999493,0],[112.78312231100006,-7.1113999429999808,0],[112.78306803300006,-7.1112984799999595,0],[112.78318733900005,-7.1111843879999697,0],[112.78324062500008,-7.1110286859999405,0],[112.7831735420001,-7.1107119679999755,0],[112.78307726200001,-7.1105867429999421,0],[112.78308877500001,-7.1104670849999252,0],[112.78308221100008,-7.1103175939999801,0],[112.78312941700005,-7.1101379919999772,0],[112.78335653900001,-7.1100354449999372,0],[112.78336157900003,-7.1097902179999437,0],[112.78328968700009,-7.1097785339999291,0],[112.78321758700008,-7.1097130229999266,0],[112.78326470000002,-7.1095094989999552,0],[112.78325237900003,-7.1094198359999723,0],[112.78316925100012,-7.1093299699999761,0],[112.7831660490001,-7.1092761569999539,0],[112.78318076300002,-7.1092103119999592,0],[112.78335963000006,-7.1090152519999492,0],[112.78345504400011,-7.1089162029999784,0],[112.78352349300008,-7.1088112779999619,0],[112.78361584400011,-7.1086942989999784,0],[112.78381977600009,-7.1084225019999394,0],[112.78397242300002,-7.1082747539999787,0],[112.7840520530001,-7.1081603389999373,0],[112.78420196100001,-7.1079085729999747,0],[112.78444289400011,-7.1076210479999418,0],[112.78468799900008,-7.107524413999954,0],[112.78480011600004,-7.1074505419999809,0],[112.78488594400005,-7.107349734999957,0],[112.78501092700003,-7.1071554809999498,0],[112.78511015300001,-7.1068034339999713,0],[112.78514435000011,-7.1066528089999679,0],[112.78524322900012,-7.1066218139999364,0],[112.78531260600005,-7.1066024089999473,0],[112.78543272400009,-7.1065706169999316,0],[112.78547514200011,-7.1065204449999442,0],[112.78554474700002,-7.1063429009999481,0],[112.78555711200011,-7.1062634519999506,0],[112.78560034900011,-7.1059833699999331,0],[112.78561506300002,-7.1059654509999746,0],[112.78567423100003,-7.1058933939999633,0],[112.78579512300007,-7.1058395779999728,0],[112.78602217300011,-7.1057190899999796,0],[112.78614189300004,-7.1057126469999616,0],[112.78630377600007,-7.1057718299999806,0],[112.78647146300011,-7.1057831459999647,0],[112.78655674000004,-7.105828990999953,0],[112.78662569700009,-7.105824896999934,0],[112.78669059900005,-7.1057747169999743,0],[112.78673266900012,-7.1057421909999334,0],[112.78687363100005,-7.1055311279999387,0],[112.78698959500002,-7.105419412999936,0],[112.78704392600002,-7.1053134799999498,0],[112.78704993400004,-7.1052921649999803,0],[112.78706282700011,-7.1052464239999722,0],[112.78714143200011,-7.1051360759999511,0],[112.78728218200001,-7.1049943899999448,0],[112.78733211400004,-7.104900898999972,0],[112.78734618700003,-7.1048242919999325,0],[112.78729048600007,-7.104664224999965,0],[112.78731091200007,-7.1043722889999685,0],[112.78727052500005,-7.1038365769999814,0],[112.78724636300001,-7.1037816469999484,0],[112.78716233200009,-7.103726948999963,0],[112.78706852700009,-7.1036652029999345,0],[112.78703784200002,-7.1036099779999518,0],[112.78701310700001,-7.10340673099995,0],[112.78701448700008,-7.1033086449999701,0],[112.78700805000005,-7.1032462489999375,0],[112.78701154600003,-7.1032211169999755,0],[112.78702578100001,-7.1031863729999714,0],[112.78704125000002,-7.1031611949999274,0],[112.78705672900003,-7.1031384089999392,0],[112.78710566700011,-7.1030975519999515,0],[112.78715460300009,-7.1030566949999638,0],[112.78730250600006,-7.1029066079999552,0],[112.78733103600007,-7.1028526719999263,0],[112.78739269700009,-7.1026957399999446,0],[112.78740561900008,-7.1026310999999396,0],[112.78741242500007,-7.1025329899999292,0],[112.78740764300005,-7.1024191189999328,0],[112.78739776000009,-7.102340690999938,0],[112.78739379500007,-7.1023062579999419,0],[112.78736821100006,-7.102254683999945,0],[112.78735514500011,-7.1022202849999303,0],[112.78733763600007,-7.1021514549999551,0],[112.78734180300012,-7.1021141189999639,0],[112.78737891800006,-7.1020508199999313,0],[112.78742182600001,-7.101998981999941,0],[112.78747611200004,-7.1019169569999576,0],[112.78756765800006,-7.1018089529999315,0],[112.78769385100009,-7.1017424399999527,0],[112.78778101000012,-7.1016816789999666,0],[112.78784791800001,-7.1016431449999686,0],[112.78791485300007,-7.1016117869999675,0],[112.78795547300001,-7.1015877079999541,0],[112.78796014200009,-7.1015565909999623,0],[112.78793124700007,-7.1015160339999284,0],[112.78787843200007,-7.1014827449999416,0],[112.78781602800007,-7.1014471019999519,0],[112.78777525100008,-7.1014305129999684,0],[112.78773678500011,-7.1013923849999401,0],[112.78773182900011,-7.1013493429999812,0],[112.78773888500007,-7.1013158239999257,0],[112.78775796000002,-7.1012942209999323,0],[112.78782804100001,-7.1012461179999491,0],[112.78786315100001,-7.1012215819999369,0],[112.78808901900004,-7.1011058809999668,0],[112.78811909100011,-7.1010792119999451,0],[112.78815279100002,-7.10106185799998,0],[112.78818868600001,-7.1010545419999289,0],[112.78825404300005,-7.1010485489999269,0],[112.7883180230001,-7.1010583499999598,0],[112.78834179900002,-7.1010754829999314,0],[112.78836706600009,-7.1011069629999497,0],[112.78838800700009,-7.1011341539999648,0],[112.78840537200006,-7.1011656649999395,0],[112.78841269000009,-7.1012000849999595,0],[112.78841270000009,-7.1012649159999341,0],[112.78840996700001,-7.1013012889999345,0],[112.78841490500008,-7.1013395459999629,0],[112.78843720000009,-7.1014074009999604,0],[112.78844596600004,-7.1014446859999794,0],[112.78844417200003,-7.1014762709999673,0],[112.78865695800005,-7.1015079849999552,0],[112.78863702700005,-7.1015559079999662,0],[112.78860287400005,-7.1016421609999725,0],[112.78855778600007,-7.10172599699996,0],[112.78904001100011,-7.1020221629999583,0],[112.78925752900011,-7.1021111519999636,0],[112.78934914700005,-7.1021399609999776,0],[112.78940858900012,-7.1021586529999468,0],[112.78945140200005,-7.1021648339999501,0],[112.7895630590001,-7.1021722969999814,0],[112.78962811800011,-7.102158410999948,0],[112.78967120400011,-7.1021525029999566,0],[112.78967838700009,-7.1021490689999496,0],[112.78962964600009,-7.1020938769999589,0],[112.78947599800006,-7.1020433959999423,0],[112.78941958200005,-7.1020311749999792,0],[112.78946567600008,-7.1019180359999723,0],[112.78953705900005,-7.1016860379999684,0],[112.78967387900002,-7.1015432709999686,0],[112.78981664600008,-7.1014718869999456,0],[112.78988901600007,-7.1013324139999554,0],[112.78956206000009,-7.1008834679999495,0],[112.78927695200002,-7.1002024949999623,0],[112.78904945000011,-7.0993658489999802,0],[112.78900666700008,-7.0984691539999289,0],[112.78917369500004,-7.0977064199999518,0],[112.78943353200009,-7.0966895089999298,0],[112.78964339900006,-7.0951860379999516,0],[112.78976050400001,-7.0939208459999463,0],[112.78958434700007,-7.092871276999972,0],[112.78927857600002,-7.091379500999949,0],[112.78888385000005,-7.089808067999968,0],[112.78833944700011,-7.0882808449999288,0],[112.78781334200005,-7.0871574469999814,0],[112.78739762300006,-7.0865398039999263,0],[112.78661877100001,-7.0860422799999583,0],[112.78618270600009,-7.0860827179999433,0],[112.78592480300006,-7.0861298949999423,0],[112.78535105200001,-7.0865516209999555,0],[112.78474852800002,-7.0870368769999459,0],[112.78397347200007,-7.0878524439999637,0],[112.78318247400011,-7.0886775279999483,0],[112.78272333400002,-7.0890642219999336,0],[112.78206407900007,-7.0892549699999563,0],[112.78121551900006,-7.0892582249999805,0],[112.7794790480001,-7.088831981999931,0],[112.77819620700006,-7.0886863139999718,0],[112.77702637100003,-7.0885025689999566,0],[112.77644066000005,-7.0882036669999593,0],[112.77558987400005,-7.0876234379999801,0],[112.77472030100012,-7.0870621089999304,0],[112.77254674300002,-7.0857528719999436,0],[112.76965615200004,-7.0843145979999349,0],[112.76807025900007,-7.0838124419999531,0],[112.76652185900002,-7.0832536609999579,0],[112.76614153600008,-7.082927343999927,0],[112.76581256100008,-7.0824586209999438,0],[112.76569125500009,-7.082036905999928,0],[112.76562241700003,-7.0811462839999422,0],[112.76586748000011,-7.08100712199996,0],[112.76641364900001,-7.0803845429999797,0],[112.76652615100011,-7.0802765819999536,0],[112.76664286100004,-7.0802394759999743,0],[112.76681447900012,-7.0802159649999794,0],[112.76712172200007,-7.0799926679999317,0],[112.76724067600003,-7.0798846839999783,0],[112.76744599400001,-7.0795760239999481,0],[112.76767501100005,-7.0791612499999701,0],[112.76801088900004,-7.0787058629999251,0],[112.76818395000009,-7.0784351189999484,0],[112.76834990200007,-7.0781478579999657,0],[112.76842124200004,-7.0780238859999258,0],[112.76847756400002,-7.0778830549999725,0],[112.7684602380001,-7.0774617039999725,0],[112.76847495400011,-7.0772022949999496,0],[112.76848647300005,-7.0769993459999796,0],[112.76855360200011,-7.076746825999976,0],[112.769217346,-7.0766501069999777,0],[112.769727407,-7.0766358169999535,0],[112.77010397600009,-7.0768870749999451,0],[112.77028011200002,-7.0765149329999417,0],[112.77030974900003,-7.076230900999974,0],[112.77034989800006,-7.0754704489999654,0],[112.77066212600005,-7.0743150049999599,0],[112.77078228700009,-7.0741892829999529,0],[112.7708916040001,-7.0740512889999536,0],[112.77092403100005,-7.0738770759999738,0],[112.77179413400006,-7.0731970019999721,0],[112.77266249500008,-7.0722337659999539,0],[112.77314284900001,-7.0713730949999558,0],[112.77318198900002,-7.0707293449999611,0],[112.77316235100011,-7.0698182609999662,0],[112.77287650100004,-7.0689916069999299,0],[112.77255367500004,-7.0683532159999345,0],[112.77198688800001,-7.0675165979999406,0],[112.77090723300012,-7.0662408109999433,0],[112.76994178100006,-7.0652469159999782,0],[112.76858073100004,-7.0643486289999373,0],[112.76699419600004,-7.0636582329999555,0],[112.76531410000007,-7.0631564049999724,0],[112.76431195700002,-7.0624261429999251,0],[112.76362349300007,-7.0618969209999705,0],[112.7635883480001,-7.0618606149999437,0],[112.76354604700009,-7.0617894549999392,0],[112.76351655200006,-7.0617543119999482,0],[112.76321587700011,-7.0613961209999729,0],[112.76290127000004,-7.0611521159999597,0],[112.76240609600006,-7.0608329759999719,0],[112.76180016600006,-7.0604722119999792,0],[112.7611168200001,-7.0600071239999806,0],[112.76077157000009,-7.0597008099999812,0],[112.76056370400011,-7.0594294369999488,0],[112.76050420400009,-7.0592448019999665,0],[112.76036221800007,-7.0587185639999461,0],[112.76029820600002,-7.0582237319999308,0],[112.76031343300008,-7.057791778999956,0],[112.76042048800002,-7.0571220919999291,0],[112.7605713260001,-7.0561085169999274,0],[112.76059929100006,-7.0554473779999398,0],[112.76056265800003,-7.0553462309999304,0],[112.76037641200003,-7.0549570969999422,0],[112.75947606300008,-7.053592498999933,0],[112.75897601200006,-7.0528000239999642,0],[112.75868344900005,-7.0524142909999341,0],[112.75863456100001,-7.0523498419999555,0],[112.75863146000006,-7.0523457509999616,0],[112.75858073200004,-7.0522788619999801,0],[112.75747705500009,-7.0507457849999469,0],[112.75727027200003,-7.0503200729999662,0],[112.75685694200001,-7.0493283059999499,0],[112.75668183700009,-7.0489237459999572,0],[112.75660647200004,-7.0487416739999276,0],[112.7563515170001,-7.0481257379999533,0],[112.75610663000009,-7.0477107979999687,0],[112.75593462900008,-7.0475083389999327,0],[112.75588494800002,-7.0474135779999756,0],[112.7559361110001,-7.0473824319999494,0],[112.75589177900008,-7.047325462999936,0],[112.75585825900009,-7.0472542089999592,0],[112.75579940400007,-7.0473182089999682,0],[112.75558461500009,-7.0470955149999668,0],[112.75571251100007,-7.0469744619999801,0],[112.75571901800004,-7.04696572499995,0],[112.75573538300011,-7.0469437539999262,0],[112.75574096500009,-7.0468997139999487,0],[112.75571976900005,-7.0468672579999634,0],[112.75562911600002,-7.0467822969999361,0],[112.75562690100003,-7.0467802209999491,0],[112.75557942900002,-7.0467357299999662,0],[112.75546213200005,-7.0466194259999497,0],[112.75531687600005,-7.0464898959999687,0],[112.75527602900002,-7.0464529689999722,0],[112.75524240600009,-7.0464267799999334,0],[112.75518245900003,-7.0464054739999256,0],[112.75509015900002,-7.0463771129999486,0],[112.75498943800005,-7.0463380179999717,0],[112.75490908400002,-7.0463024349999728,0],[112.75481187000003,-7.0462405989999297,0],[112.75474226800009,-7.0461989949999406,0],[112.75468096000009,-7.0461334359999341,0],[112.75460638100003,-7.046041612999943,0],[112.75455829500004,-7.0459903579999263,0],[112.7545403150001,-7.0459738019999349,0],[112.75452465500007,-7.045959383999957,0],[112.75448378900001,-7.0459176719999732,0],[112.75447926600009,-7.0459882619999803,0],[112.7544688590001,-7.0460863869999457,0],[112.75447109800007,-7.0461269379999294,0],[112.75444886900004,-7.0461833499999784,0],[112.75442043100009,-7.0462624039999469,0],[112.75438597000004,-7.0463319099999353,0],[112.75437298300005,-7.0463810019999755,0],[112.7543719140001,-7.0464144979999332,0],[112.75439377000009,-7.0464957539999773,0],[112.75442167200003,-7.0465925389999597,0],[112.75442427300004,-7.0466475519999676,0],[112.75442084000008,-7.0466894309999475,0],[112.75441018000004,-7.0467205709999803,0],[112.75439353900003,-7.0467529299999683,0],[112.75436499300008,-7.0468032759999346,0],[112.75434835800002,-7.0468368299999611,0],[112.75434371800009,-7.0468763199999671,0],[112.75435465400005,-7.0469193419999669,0],[112.75436672600006,-7.046945611999945,0],[112.75445225700003,-7.0470840439999733,0],[112.75449574300001,-7.0471424289999618,0],[112.75504178400001,-7.0474607549999746,0],[112.75518926900008,-7.0475176159999364,0],[112.75535997500003,-7.0478002809999793,0],[112.75543143800007,-7.0479186149999578,0],[112.75572625400002,-7.0483849639999789,0],[112.75578193400008,-7.0484730409999656,0],[112.75586144200008,-7.048598808999941,0],[112.7553234400001,-7.0488844209999684,0],[112.75510672500002,-7.0493315199999529,0],[112.75509342400005,-7.0493602779999378,0],[112.75496604600005,-7.049619125999925,0],[112.75481913300007,-7.0499313039999265,0],[112.75478739800008,-7.0499987399999782,0],[112.75458050900011,-7.0504220269999678,0],[112.75452124700007,-7.0505432739999492,0],[112.75423678600009,-7.0510828349999315,0],[112.75415223000005,-7.0512432149999427,0],[112.75408283600007,-7.0513795279999272,0],[112.75400580300004,-7.0515308429999664,0],[112.7537213490001,-7.0520741389999557,0],[112.75366343400003,-7.0521847529999491,0],[112.75358501200003,-7.0523397819999332,0],[112.75356651900006,-7.0523763399999666,0],[112.75332685400008,-7.0528501239999741,0],[112.75327317800009,-7.0528407559999664,0],[112.75322607800001,-7.0528340749999643,0],[112.75318117200004,-7.0528277049999701,0],[112.75308916100005,-7.0528127389999327,0],[112.75302806800005,-7.0528684709999538,0],[112.75300384700006,-7.0528950679999411,0],[112.7529651100001,-7.0529376059999436,0],[112.75289457300005,-7.0530297349999387,0],[112.75280316700002,-7.0531755309999653,0],[112.75276712100003,-7.0532694459999448,0],[112.75267014000008,-7.0534611949999544,0],[112.75270096400004,-7.0535070119999546,0],[112.75270349500011,-7.0535100359999774,0],[112.75274842200008,-7.0535637499999666,0],[112.75276639500009,-7.0535852349999573,0],[112.75284723600009,-7.0536863649999759,0],[112.75284803500006,-7.0536907999999698,0],[112.75285310300001,-7.0537188789999732,0],[112.75285125300002,-7.0537361109999779,0],[112.75278892200004,-7.0538952149999545,0],[112.75273038300008,-7.0540203539999311,0],[112.7527290590001,-7.0540231889999632,0],[112.75268186000005,-7.0540807819999714,0],[112.752637531,-7.0541369289999807,0],[112.75263537800004,-7.0541433089999259,0],[112.75259632300003,-7.054259090999949,0],[112.75254933500003,-7.0543726639999704,0],[112.75237812100011,-7.0543144399999278,0],[112.75233641600005,-7.0543002589999446,0],[112.75222134900002,-7.0542676759999381,0],[112.75217015400005,-7.0544085359999258,0],[112.7520205300001,-7.0543559889999301,0],[112.75192037500005,-7.054319297999939,0],[112.75190210100004,-7.0543126029999712,0],[112.75184212000011,-7.054290630999958,0],[112.7517299970001,-7.0546585109999569,0],[112.7515526310001,-7.0546270989999584,0],[112.75153158400008,-7.0546233709999342,0],[112.75149562800004,-7.0546134579999489,0],[112.75148351600001,-7.0545377959999769,0],[112.7514635660001,-7.0544930049999266,0],[112.75144478900006,-7.0544672389999619,0],[112.75140579600009,-7.0544142749999423,0],[112.75138806900009,-7.0544231379999474,0],[112.75135469400004,-7.0544319159999418,0],[112.75129050300006,-7.0544487989999425,0],[112.75109175800003,-7.054451935999964,0],[112.75093608000009,-7.0544453429999407,0],[112.75079976300003,-7.0544088649999708,0],[112.75076175800007,-7.0545397249999269,0],[112.75064586000008,-7.0549387849999334,0],[112.75064542900009,-7.0549402679999389,0],[112.7506249270001,-7.0550599609999267,0],[112.75060433200008,-7.0551557299999672,0],[112.75051556700009,-7.0554311809999604,0],[112.75049794400002,-7.0555209589999777,0],[112.75045676700006,-7.0557154889999651,0],[112.75041264600009,-7.0559219909999342,0],[112.7503561420001,-7.0560208869999315,0],[112.75036559300008,-7.0561464479999358,0],[112.75037501100007,-7.0562630389999299,0],[112.75037609900005,-7.056313571999965,0],[112.75037618900001,-7.0563374959999692,0],[112.75037153100004,-7.056372200999931,0],[112.75034175000008,-7.0564129819999266,0],[112.75032272800001,-7.0564489389999494,0],[112.75026314500008,-7.0565539579999381,0],[112.75021671500008,-7.0565952679999668,0],[112.75018689900003,-7.0566264799999772,0],[112.75015953600007,-7.0566732329999695,0],[112.75013930700004,-7.0567067999999722,0],[112.75012502300001,-7.0567295819999458,0],[112.75012032400002,-7.0567535229999407,0],[112.750103921,-7.0568492769999693,0],[112.75009690000002,-7.0568923649999533,0],[112.75004567000008,-7.056960738999976,0],[112.74992641000006,-7.0570867819999421,0],[112.74986915500006,-7.0571444119999569,0],[112.74981901400008,-7.0571840729999735,0],[112.74977719700007,-7.0572081539999658,0],[112.74973529200008,-7.0572083109999539,0],[112.74965622700006,-7.0571978409999474,0],[112.74959034300002,-7.0571897159999253,0],[112.74954246000004,-7.0571922879999534,0],[112.74951374500006,-7.0571983759999739,0],[112.7494885970001,-7.0571972749999645,0],[112.7494502290001,-7.0571830639999575,0],[112.74942220500009,-7.0571669799999768,0],[112.74934463400007,-7.057122455999945,0],[112.74921739500007,-7.0570368099999428,0],[112.74915527400003,-7.0569847239999604,0],[112.74908765700002,-7.0569236599999385,0],[112.74907436000001,-7.0568902179999782,0],[112.74907542700009,-7.0568782149999265,0],[112.74908010400009,-7.0568256029999361,0],[112.7490906700001,-7.0567693439999744,0],[112.74908823300007,-7.0567585869999334,0],[112.74895462800009,-7.0566795569999385,0],[112.74892539500001,-7.0566604069999812,0],[112.74879080200003,-7.0566281249999747,0],[112.74871603100007,-7.0566055239999628,0],[112.74870090000002,-7.0566009499999609,0],[112.74865503700005,-7.0565556249999304,0],[112.74865284400005,-7.0565528409999274,0],[112.74862876500003,-7.056522273999974,0],[112.74857185300004,-7.056485496999926,0],[112.74854594700003,-7.0564687569999478,0],[112.74849192700003,-7.0564318769999659,0],[112.74847864500009,-7.056402023999965,0],[112.74848450700006,-7.0563685079999345,0],[112.74850388900006,-7.0563246289999597,0],[112.74852843400004,-7.0562690639999346,0],[112.74853670500011,-7.0562391289999482,0],[112.74852223100004,-7.0562116699999251,0],[112.7484705280001,-7.0561532519999446,0],[112.74844805400005,-7.0561215139999263,0],[112.74842237900009,-7.0560852519999457,0],[112.7484090590001,-7.0560563699999648,0],[112.74839099100006,-7.056017188999931,0],[112.74838717600005,-7.0559573949999503,0],[112.74842354700002,-7.0557586939999624,0],[112.74847320100002,-7.055589849999933,0],[112.74850138500005,-7.0554426179999723,0],[112.74854849200005,-7.0552331129999288,0],[112.74858242900007,-7.055023657999925,0],[112.74859518700009,-7.0549135629999569,0],[112.74858316900009,-7.0549016459999621,0],[112.74848485400003,-7.0548661289999473,0],[112.74837449300003,-7.0548115189999407,0],[112.74831322300008,-7.0547567259999369,0],[112.74824712000009,-7.0546899879999501,0],[112.74817233900001,-7.0546211309999762,0],[112.74814376000006,-7.0545863089999443,0],[112.74808739300011,-7.054561400999944,0],[112.74794836400008,-7.0545248409999317,0],[112.74768832900008,-7.0544683979999263,0],[112.74757329600004,-7.0544449049999685,0],[112.74730346000001,-7.0543286919999559,0],[112.74708287800001,-7.0542565509999804,0],[112.74689349400001,-7.05420223699997,0],[112.74668017900001,-7.0541515999999547,0],[112.74661642300009,-7.0541317929999536,0],[112.74661273100003,-7.0541248569999766,0],[112.7465865580001,-7.054170370999941,0],[112.74616062400003,-7.0539997169999538,0],[112.7460454620001,-7.0539412959999481,0],[112.74601660000008,-7.0539083899999468,0],[112.74597716800008,-7.0537377259999516,0],[112.74595548100001,-7.0537019219999593,0],[112.74563322800009,-7.0535926009999343,0],[112.74544759800006,-7.0535172199999465,0],[112.74542309100002,-7.0534957799999347,0],[112.74540911500003,-7.0534574579999685,0],[112.74539682300008,-7.0533867869999654,0],[112.74538089700002,-7.053355268999951,0],[112.74525293800002,-7.0532453119999445,0],[112.74519722100001,-7.0532092099999772,0],[112.74517028500009,-7.0531917569999791,0],[112.74511021400008,-7.0531528339999454,0],[112.74462042200003,-7.0528628989999333,0],[112.74433753100004,-7.0526658349999707,0],[112.74402416000009,-7.0524328599999535,0],[112.74377622700001,-7.0522674919999417,0],[112.74319084300009,-7.0519382689999475,0],[112.74314815500009,-7.0519168649999528,0],[112.74315502000002,-7.0518753369999558,0],[112.74316298000008,-7.0518459869999788,0],[112.74316801100008,-7.0518274419999329,0],[112.7430756660001,-7.0517871169999466,0],[112.74278575300002,-7.0516818119999698,0],[112.74272983500009,-7.0516646259999334,0],[112.74238710200007,-7.0515693319999286,0],[112.74218561500004,-7.051479651999955,0],[112.74202291800009,-7.0513883949999467,0],[112.74195097000006,-7.0513599539999632,0],[112.7419103520001,-7.0513468649999709,0],[112.74185460400008,-7.0513330419999534,0],[112.74173819800001,-7.0513262979999354,0],[112.74166776800007,-7.0513193849999425,0],[112.74160980700003,-7.0513362189999498,0],[112.74153857100009,-7.0513500099999646,0],[112.74151125000003,-7.0513443689999349,0],[112.74146010200002,-7.0513293729999305,0],[112.74140914700001,-7.0513203489999796,0],[112.74129123300008,-7.0514292679999357,0],[112.74118291500008,-7.0515293239999437,0],[112.74097984700006,-7.0517036419999499,0],[112.74093110300009,-7.0517454849999694,0],[112.74090076800007,-7.0517715249999355,0],[112.74090038000008,-7.0517713889999527,0],[112.74079574400002,-7.0517345959999602,0],[112.74055688500005,-7.0516407489999438,0],[112.74035542900003,-7.0515596829999367,0],[112.74027052000008,-7.0515226789999588,0],[112.74015236600007,-7.0514326879999771,0],[112.73988180000003,-7.0513131219999536,0],[112.73968460200001,-7.0512176859999727,0],[112.73930919000009,-7.0511085579999531,0],[112.73904874700008,-7.0510061789999554,0],[112.7387149000001,-7.0508696239999722,0],[112.7384486090001,-7.0507399929999792,0],[112.73830760100009,-7.0506859729999292,0],[112.73823281300008,-7.0506661549999308,0],[112.73808435400008,-7.0506353589999549,0],[112.7378341860001,-7.050572132999946,0],[112.7377495400001,-7.0505507389999593,0],[112.73771364700008,-7.0505374649999339,0],[112.73769792900009,-7.0505604889999631,0],[112.73750380700005,-7.0505195849999609,0],[112.73738735400002,-7.0504999229999612,0],[112.73732410900004,-7.0504929819999802,0],[112.73725079500002,-7.0504832059999671,0],[112.73716736000006,-7.0504562429999282,0],[112.73712844900001,-7.0504248089999351,0],[112.73710397500008,-7.0504119819999573,0],[112.73706379500004,-7.0504250509999338,0],[112.737010682,-7.0504381659999353,0],[112.73699214700002,-7.0504769909999254,0],[112.73695468000005,-7.0505754039999715,0],[112.73694996800009,-7.0505877799999439,0],[112.7369494620001,-7.0505891099999758,0],[112.736874779,-7.0508086999999477,0],[112.73681232300009,-7.0507892619999666,0],[112.73681190100001,-7.0507891309999309,0],[112.73654319000002,-7.0506954799999448,0],[112.7364655560001,-7.0506684219999443,0],[112.73629723200008,-7.050610196999969,0],[112.73620373900008,-7.0505832709999368,0],[112.73618621100002,-7.0505782609999414,0],[112.73597073000008,-7.0505166729999473,0],[112.73595266100006,-7.0505637149999529,0],[112.73589482800003,-7.0505502099999262,0],[112.73583893300008,-7.0505371589999299,0],[112.73548741600007,-7.0504550839999638,0],[112.73535803700008,-7.0504364249999298,0],[112.73532917900002,-7.050404235999963,0],[112.73513885500006,-7.0504441929999757,0],[112.73494549300005,-7.0504847879999488,0],[112.73486290000005,-7.0505021279999482,0],[112.7347394520001,-7.0505443579999678,0],[112.73462900700008,-7.0505821399999604,0],[112.73462591400005,-7.0505840579999699,0],[112.73455055700003,-7.0506308119999517,0],[112.73452074600004,-7.0506489849999525,0],[112.7343176060001,-7.0507728239999778,0],[112.73425669200003,-7.0508066939999594,0],[112.734213651,-7.0508306259999358,0],[112.73415264700009,-7.05084640299998,0],[112.73405449300003,-7.0508539449999716,0],[112.73395987400011,-7.0508459239999297,0],[112.73384963000001,-7.0508224089999771,0],[112.73374295200006,-7.0507917039999484,0],[112.73366229600003,-7.0507570259999284,0],[112.73364769300008,-7.0507507469999382,0],[112.73357745500005,-7.0507205489999478,0],[112.73353249600007,-7.0507032399999616,0],[112.73348512900009,-7.05068500699997,0],[112.7334624340001,-7.0506994449999638,0],[112.73319930700006,-7.0510987459999797,0],[112.73288024200008,-7.0515891639999495,0],[112.73280461100001,-7.0515356159999669,0],[112.73272899400001,-7.0514856569999438,0],[112.73265348100006,-7.051464406999969,0],[112.73260922600002,-7.0514765329999705,0],[112.73258229100009,-7.0514935629999513,0],[112.73249693800005,-7.0515475239999432,0],[112.73231535900004,-7.0516594409999698,0],[112.73216599700004,-7.0517413349999742,0],[112.73209062600006,-7.0517583599999512,0],[112.73201759900007,-7.0517610239999726,0],[112.73197394200008,-7.0517537519999678,0],[112.73186304600006,-7.0517352809999352,0],[112.73182229200006,-7.0517234709999457,0],[112.73175994200005,-7.0516997789999323,0],[112.73162547300001,-7.0516009949999443,0],[112.73154863500008,-7.0515450599999667,0],[112.73147197200001,-7.0515357749999339,0],[112.73137670800008,-7.0515314149999426,0],[112.73126488700007,-7.0515508959999806,0],[112.73116919500001,-7.0515763709999533,0],[112.73108310000009,-7.0516065939999635,0],[112.73105204800004,-7.0516282409999462,0],[112.73102219200007,-7.0516486859999645,0],[112.73098162000008,-7.0516859179999756,0],[112.73092198300003,-7.0517483399999605,0],[112.73088382900005,-7.0517915429999789,0],[112.73085159900006,-7.0518179789999635,0],[112.73080376400003,-7.0518337059999681,0],[112.73074987500001,-7.0518315119999784,0],[112.73070816500001,-7.0518179419999569,0],[112.73063718900005,-7.0517948489999753,0],[112.73042265000004,-7.0517370319999486,0],[112.73028483900009,-7.0517052449999369,0],[112.73007678500005,-7.0517054659999303,0],[112.7299640440001,-7.0517303579999293,0],[112.72985275000008,-7.0517463189999603,0],[112.72978577600009,-7.051766903999976,0],[112.72964217600008,-7.0517889659999469,0],[112.72951258000001,-7.0517858899999624,0],[112.72943022700008,-7.0517839339999568,0],[112.72923728400008,-7.0517378329999474,0],[112.7291437560001,-7.0517010989999562,0],[112.72898389500006,-7.0516449569999509,0],[112.72896511800002,-7.0516383629999382,0],[112.72883925300005,-7.0515993539999613,0],[112.72870596600001,-7.0515984439999784,0],[112.72855312400009,-7.0515974019999703,0],[112.72835662800003,-7.0515736299999503,0],[112.72778554900003,-7.0515234799999575,0],[112.72769455100001,-7.0515130989999761,0],[112.72768146100009,-7.0515122519999522,0],[112.72752517600009,-7.0515135709999299,0],[112.72732789600002,-7.0515152339999645,0],[112.72728594300008,-7.0515032059999498,0],[112.72724870800005,-7.0514712689999328,0],[112.72719938200009,-7.0514080539999782,0],[112.72715850000009,-7.0513615549999713,0],[112.72710092600005,-7.051334254999972,0],[112.72702661700009,-7.0513141949999749,0],[112.72681811300004,-7.0512695119999762,0],[112.72667792800007,-7.0512437129999626,0],[112.72661080700004,-7.0512248219999378,0],[112.72658925100006,-7.0512114729999666,0],[112.7265436030001,-7.051183205999962,0],[112.72647757200002,-7.0511356029999774,0],[112.72640541300007,-7.0510497449999434,0],[112.72634399100002,-7.0509530809999319,0],[112.72629951700003,-7.0509065949999581,0],[112.72625630700009,-7.0508780459999798,0],[112.72621077300005,-7.0508686459999694,0],[112.72610490800002,-7.0508683129999667,0],[112.72597998000003,-7.0508601779999367,0],[112.72578616100009,-7.0508565939999812,0],[112.7256444190001,-7.0508558989999415,0],[112.7256202530001,-7.0508567229999812,0],[112.72560904200009,-7.0508571049999773,0],[112.72558129700008,-7.0508381679999275,0],[112.72555120300001,-7.0508176269999581,0],[112.72550967100005,-7.0507892799999468,0],[112.72541457200009,-7.0507164249999619,0],[112.72532237900009,-7.0506521729999463,0],[112.72522731100003,-7.0505879299999492,0],[112.7251649750001,-7.0506041389999723,0],[112.7251633190001,-7.0506045719999406,0],[112.72513700800005,-7.0506130429999416,0],[112.72509405900007,-7.0506550679999691,0],[112.72498663300007,-7.0507451779999428,0],[112.7249448770001,-7.0507860019999384,0],[112.72482885200009,-7.0508175309999501,0],[112.72480137100001,-7.0508331819999626,0],[112.72478231000002,-7.0508595689999538,0],[112.72476932900008,-7.0509110519999467,0],[112.724762295,-7.0509517469999423,0],[112.72476005200008,-7.0509924259999366,0],[112.72474824700009,-7.051037924999946,0],[112.7247304120001,-7.0510714839999764,0],[112.72470894500009,-7.0510942899999804,0],[112.72467787100004,-7.0511099549999585,0],[112.72463120600003,-7.0511185009999622,0],[112.72459171500009,-7.0511246269999788,0],[112.7245354910001,-7.0511379929999407,0],[112.72450684300009,-7.0511620209999251,0],[112.72443413000008,-7.0512496119999355,0],[112.72438994300001,-7.0512808749999749,0],[112.7243707990001,-7.051284533999933,0],[112.72435042100005,-7.0512786289999667,0],[112.7243335710001,-7.0512547669999321,0],[112.72431549600003,-7.0512237339999615,0],[112.72430934500005,-7.0511794969999642,0],[112.72432109700003,-7.051119645999961,0],[112.72442879000005,-7.0508315779999293,0],[112.72444558900008,-7.0507866489999742,0],[112.72453579600005,-7.0505733959999475,0],[112.72463065800002,-7.0503230449999705,0],[112.72463180500006,-7.0503098829999544,0],[112.72462808600005,-7.0502752069999701,0],[112.72461722200001,-7.0502513229999408,0],[112.72459920000006,-7.0502346439999428,0],[112.72457281800007,-7.0502239749999376,0],[112.72452492600007,-7.050224152999931,0],[112.7244758710001,-7.0502339019999454,0],[112.72436946300002,-7.0502761619999319,0],[112.72432037700003,-7.0502775399999678,0],[112.72430479800005,-7.0502740079999739,0],[112.72428918000003,-7.0502597129999458,0],[112.72427834200005,-7.0502430049999703,0],[112.72426264400008,-7.0502071789999263,0],[112.72425532700004,-7.0501713209999366,0],[112.72425638800007,-7.0501342349999732,0],[112.72427297400009,-7.0500863259999278,0],[112.72431697900004,-7.0500060209999447,0],[112.72434864900004,-7.0499358649999522,0],[112.72419140800002,-7.0498209389999715,0],[112.72416001600004,-7.0497951229999671,0],[112.72400549400004,-7.0496680359999573,0],[112.72391529900005,-7.0495715789999736,0],[112.72378478900009,-7.0494320059999609,0],[112.72371693600007,-7.0493446969999809,0],[112.72369886700005,-7.0493147739999813,0],[112.72362007700008,-7.0491842889999248,0],[112.72356634400001,-7.0490703599999733,0],[112.72351870600005,-7.0489693499999362,0],[112.72348106300001,-7.0488919769999256,0],[112.72338699400007,-7.0487085919999686,0],[112.72334065900009,-7.0486115989999689,0],[112.72333081200009,-7.0485909899999797,0],[112.72327404800001,-7.0484721639999748,0],[112.72322625200002,-7.0483689909999612,0],[112.72321182900009,-7.0482945999999629,0],[112.72320428300009,-7.0482556739999609,0],[112.72319227900005,-7.0481179189999352,0],[112.72319066200009,-7.0480691209999691,0],[112.72319618500001,-7.0480088139999566,0],[112.72320744600006,-7.047945613999957,0],[112.72322009100003,-7.0478680549999808,0],[112.72323136300008,-7.0478077269999631,0],[112.72324548100005,-7.0477402099999722,0],[112.72327836400007,-7.0475538899999606,0],[112.72328629500009,-7.0475089579999803,0],[112.72329731700006,-7.0473811649999334,0],[112.72328165500005,-7.0472098549999487,0],[112.7232680620001,-7.0471601429999282,0],[112.72324102200002,-7.0471009119999621,0],[112.72320246700008,-7.0470359819999544,0],[112.72315633700009,-7.0469940479999309,0],[112.72308530000009,-7.0469522039999788,0],[112.7229740460001,-7.0469143369999756,0],[112.72282835200008,-7.0468880789999275,0],[112.72274210300009,-7.0468769139999381,0],[112.7225216280001,-7.0468317929999671,0],[112.72238180300008,-7.0468380499999625,0],[112.72236710200002,-7.0468420049999736,0],[112.72235782900009,-7.0468444999999633,0],[112.72211319200005,-7.0468706669999506,0],[112.72177912900008,-7.0468683089999331,0],[112.72156345100007,-7.0468260419999638,0],[112.72143047000009,-7.0468050009999388,0],[112.721318182,-7.0467991469999447,0],[112.72126240300008,-7.0467962389999457,0],[112.72119599300004,-7.0467975189999379,0],[112.72110264500009,-7.0468093469999644,0],[112.72100930200008,-7.0468226089999462,0],[112.72094041600008,-7.0468443939999474,0],[112.72087156700002,-7.046876225999938,0],[112.72078983900008,-7.0469224609999515,0],[112.72068336200005,-7.0469944129999362,0],[112.72068091300002,-7.0469960679999417,0],[112.7205505280001,-7.0470941559999574,0],[112.72050324500003,-7.0471302159999709,0],[112.72043441800008,-7.0471677899999463,0],[112.72035120100008,-7.0471996749999448,0],[112.72026938400006,-7.0472215069999606,0],[112.72019329300008,-7.0472375769999758,0],[112.72010137900008,-7.0472493989999521,0],[112.72002091400009,-7.0472482589999572,0],[112.71994327600009,-7.0472341919999621,0],[112.71986560400001,-7.0472115099999542,0],[112.71981522200008,-7.0471858579999775,0],[112.71976050400008,-7.0471530459999485,0],[112.71972014000005,-7.0471173069999509,0],[112.71969204700008,-7.0470849569999814,0],[112.71967540800006,-7.0470657979999487,0],[112.71963207700003,-7.0470042339999281,0],[112.71959778100006,-7.0469564129999753,0],[112.71951811000008,-7.0471075589999259,0],[112.71939053300002,-7.0473185559999365,0],[112.71928233300002,-7.0474744629999577,0],[112.71928000700007,-7.047477813999933,0],[112.71924011100009,-7.0475679139999556,0],[112.71915255100009,-7.0477213469999356,0],[112.71913097000004,-7.0477736299999378,0],[112.71906829200009,-7.0479865499999619,0],[112.71898826500001,-7.0482021569999347,0],[112.71895544900008,-7.0482321819999356,0],[112.71883263500001,-7.0482087099999262,0],[112.71862265200002,-7.0480868739999778,0],[112.7183859050001,-7.0480129839999677,0],[112.71816722800008,-7.0479689309999571,0],[112.71797847300002,-7.0479217769999423,0],[112.71789156800003,-7.0478951819999338,0],[112.71784952000007,-7.0478564619999702,0],[112.71781038500001,-7.0477967969999327,0],[112.71778995800003,-7.0477878539999779,0],[112.71762749700008,-7.0477167269999654,0],[112.7174597290001,-7.0476784679999582,0],[112.71733698000003,-7.0476729369999589,0],[112.7173129900001,-7.0476610639999535,0],[112.71719236600006,-7.0475344909999649,0],[112.71724867600005,-7.0472665609999581,0],[112.71704494700009,-7.0472164719999455,0],[112.71682019400009,-7.0471485169999255,0],[112.71651147600005,-7.0470390039999415,0],[112.71622366700001,-7.046917452999935,0],[112.7161097930001,-7.0468903159999741,0],[112.71602593400007,-7.046870331999969,0],[112.71587309800009,-7.0468230449999396,0],[112.71577712600003,-7.0467725599999653,0],[112.71562730800008,-7.0467312439999432,0],[112.71541432700008,-7.0467076699999325,0],[112.71512066600008,-7.046557550999978,0],[112.71510334800007,-7.0465365619999716,0],[112.71509365100007,-7.0465040609999505,0],[112.71509729900004,-7.0464542849999248,0],[112.7151354020001,-7.0463967299999695,0],[112.71533127000009,-7.0461318939999273,0],[112.71537048900007,-7.0460832579999533,0],[112.7142019580001,-7.0456948939999506,0],[112.71391094900002,-7.0455981769999312,0],[112.71364124400009,-7.0455154319999451,0],[112.71369102200003,-7.0452132149999329,0],[112.71371154600001,-7.0450965109999402,0],[112.71353764900005,-7.0450193969999759,0],[112.71300722000001,-7.0448538749999443,0],[112.71253665900008,-7.044688133999955,0],[112.71238384600008,-7.0446468269999514,0],[112.71209612900009,-7.0445491959999345,0]]]},"properties":{"OBJECTID":3976,"NAMOBJ":"Socah","FCODE":"BA03070040","REMARK":null,"METADATA":"TASWIL1000020260612KECAMATAN_AR","SRS_ID":"4326","KDBBPS":null,"KDCBPS":null,"KDCPUM":"35.26.02","KDEBPS":null,"KDEPUM":null,"KDPBPS":null,"KDPKAB":"35.26","KDPPUM":"35","LUASWH":59.397466162130442,"TIPADM":3,"WADMKC":"Socah","WADMKD":null,"WADMKK":"Bangkalan","WADMPR":"Jawa Timur","WIADKC":null,"WIADKK":null,"WIADPR":null,"WIADKD":null,"UUPP":null,"SHAPE_Length":0.50476438059472162,"SHAPE_Area":0.0048616012236870065}}]}