{"type":"FeatureCollection","features":[{"type":"Feature","id":3928,"geometry":{"type":"Polygon","coordinates":[[[112.20651149200012,-6.9705006949999415,0],[112.20650724200004,-6.9704821949999314,0],[112.20646156100008,-6.9702833699999474,0],[112.20638753700007,-6.9699611799999275,0],[112.20629531300006,-6.9697114389999797,0],[112.20628274400008,-6.9696774009999558,0],[112.20616193100011,-6.9693502439999406,0],[112.20615390000012,-6.969328495999946,0],[112.20610436400011,-6.9692527599999607,0],[112.20600571000011,-6.9691019289999758,0],[112.20593905500004,-6.9690000199999531,0],[112.20592644900012,-6.9689807469999323,0],[112.20592644600003,-6.9689807119999614,0],[112.20592644300007,-6.9689806749999548,0],[112.20592636700007,-6.9689796699999533,0],[112.20592490600006,-6.9689795879999679,0],[112.20592086200008,-6.9689792599999691,0],[112.2045700000001,-6.9688699999999812,0],[112.20343000100002,-6.9687899999999559,0],[112.20182000000011,-6.9695699999999761,0],[112.20127999900001,-6.9698000019999427,0],[112.20116000000007,-6.9698499989999618,0],[112.20098000000007,-6.9699499989999367,0],[112.20076000100005,-6.9700599999999326,0],[112.20056000000011,-6.970139999999958,0],[112.20019000000002,-6.9702799989999562,0],[112.20000999800004,-6.9703799999999774,0],[112.19959999800005,-6.9705099999999334,0],[112.19928999900003,-6.9704699999999775,0],[112.19850999900007,-6.9703299999999331,0],[112.19778000000008,-6.9704299999999648,0],[112.19708000000003,-6.9706599999999526,0],[112.19638000000009,-6.9710100019999572,0],[112.19612999900005,-6.9711099999999533,0],[112.19594000100005,-6.9712699999999472,0],[112.19575000000009,-6.9715099989999771,0],[112.19569000100012,-6.9716799999999353,0],[112.19558000000006,-6.9717999989999271,0],[112.19540999900005,-6.9718899999999735,0],[112.19513000000006,-6.9720499999999674,0],[112.1948999980001,-6.9722799999999552,0],[112.19474000000002,-6.9723899999999617,0],[112.19458999900007,-6.9724199999999428,0],[112.19415999800003,-6.9724700009999765,0],[112.19382000000007,-6.97261999899996,0],[112.19367000000011,-6.972759999999937,0],[112.1934500000001,-6.972969998999929,0],[112.19323000100007,-6.9731299999999692,0],[112.19312000000002,-6.973290001999942,0],[112.19298999800003,-6.9734399989999361,0],[112.19285000000002,-6.9735099999999761,0],[112.19261000000006,-6.9735399999999572,0],[112.19243000100005,-6.9735599999999636,0],[112.19216999800005,-6.9735599999999636,0],[112.19193000000007,-6.9735599999999636,0],[112.19081000000006,-6.97297999999995,0],[112.19042000000002,-6.97297999999995,0],[112.19002000000012,-6.9732300009999335,0],[112.18873000000008,-6.9734599989999424,0],[112.1873700000001,-6.973290001999942,0],[112.18606000000011,-6.9732999999999379,0],[112.18581000000006,-6.9732700019999356,0],[112.18536000000006,-6.9732999999999379,0],[112.18488000000002,-6.9731599999999503,0],[112.18428000100005,-6.9732199999999693,0],[112.18371000000002,-6.9732799999999315,0],[112.18347000000006,-6.9732799999999315,0],[112.18327000000011,-6.9731900009999777,0],[112.18307000100003,-6.973029998999948,0],[112.18292000000008,-6.972789999999975,0],[112.18284000000006,-6.9726499999999305,0],[112.18267000000003,-6.9725300019999281,0],[112.18239000100004,-6.9724599999999555,0],[112.18217000000004,-6.9724300009999638,0],[112.18188000100008,-6.9722499989999278,0],[112.18182000000002,-6.9721999999999298,0],[112.18163999800004,-6.9721099999999296,0],[112.18139000000008,-6.9720400009999253,0],[112.18103000000008,-6.972080000999938,0],[112.18071000100008,-6.9721200019999401,0],[112.18052000000012,-6.9720899999999801,0],[112.18027000000006,-6.9718599989999461,0],[112.18013999900006,-6.9717599989999712,0],[112.1798900010001,-6.9716599999999289,0],[112.17855999900007,-6.9717799989999776,0],[112.17837000100008,-6.9717900019999774,0],[112.17812999900002,-6.9717300019999584,0],[112.17742999900008,-6.9717799989999776,0],[112.17718000100001,-6.9717799989999776,0],[112.17686000000003,-6.9717100019999521,0],[112.17662000000007,-6.9716100009999309,0],[112.17628000000002,-6.9712800009999683,0],[112.17617999900006,-6.9714299989999517,0],[112.17605000100002,-6.9719499999999357,0],[112.17576000000008,-6.9725700019999408,0],[112.1756600010001,-6.9728200009999455,0],[112.17562000100008,-6.9730199999999627,0],[112.17562000100008,-6.9732500009999399,0],[112.17569000000003,-6.9734799999999382,0],[112.17578999900002,-6.9736499999999637,0],[112.1759800000001,-6.9737099989999365,0],[112.17641000000003,-6.973609999999951,0],[112.17686000000003,-6.9735800009999593,0],[112.17712000000006,-6.9736600019999742,0],[112.17745000000002,-6.9739399999999705,0],[112.17758000000003,-6.9742499999999268,0],[112.17761000100006,-6.9745399999999336,0],[112.17756000000008,-6.9749599989999638,0],[112.17730999800006,-6.9753599999999665,0],[112.17705000000001,-6.9756399999999417,0],[112.17672000000005,-6.9760299999999802,0],[112.17641000000003,-6.97622999999993,0],[112.17603000100007,-6.9764300019999723,0],[112.17558000100007,-6.976509999999962,0],[112.17517000000009,-6.9765999989999727,0],[112.17455999800006,-6.9768400019999604,0],[112.17474000000004,-6.9773599989999298,0],[112.17504000000008,-6.9782099999999332,0],[112.1752100010001,-6.9786900009999613,0],[112.17531000100007,-6.9788300019999383,0],[112.17543000000001,-6.9789799999999786,0],[112.1754399990001,-6.9792999999999665,0],[112.17524000000003,-6.979409999999973,0],[112.17478000000006,-6.9795199999999795,0],[112.17426000000012,-6.9798099999999295,0],[112.17379000000005,-6.9800499989999594,0],[112.17331000000001,-6.9802999999999429,0],[112.17256000100008,-6.9807499989999542,0],[112.17239000000006,-6.9808299989999796,0],[112.17220000000009,-6.9809199999999691,0],[112.17215000100009,-6.9809499999999503,0],[112.1712500000001,-6.9814699999999448,0],[112.17067000000009,-6.9817099999999641,0],[112.17015000000004,-6.9818500009999411,0],[112.16985999800011,-6.9819300019999559,0],[112.1697200000001,-6.9819599989999688,0],[112.1690900000001,-6.9821699999999396,0],[112.16856000100006,-6.9823200019999376,0],[112.16694000000007,-6.9827899999999659,0],[112.16689000000008,-6.9828199989999575,0],[112.16652000000011,-6.9829499999999598,0],[112.16585000100008,-6.9831000019999578,0],[112.16564000000005,-6.9831400019999705,0],[112.16285999800004,-6.9832199999999602,0],[112.16101000000003,-6.983069999999941,0],[112.16092000000003,-6.9830499989999453,0],[112.15930999800003,-6.9826799999999594,0],[112.15763000000004,-6.9824299989999759,0],[112.15647000000001,-6.9823400009999546,0],[112.15550000000007,-6.9823599999999715,0],[112.15503999800001,-6.9823799999999778,0],[112.15491000000009,-6.9822699999999713,0],[112.15479000000005,-6.982019998999931,0],[112.15493000000004,-6.9814699999999448,0],[112.15470000000005,-6.9814699999999448,0],[112.15425000000005,-6.9814400009999531,0],[112.15388000000007,-6.9813299999999572,0],[112.1534200000001,-6.9812199989999613,0],[112.15256000000011,-6.9809999999999377,0],[112.15148000000011,-6.9807400009999583,0],[112.15080000000012,-6.9806699999999751,0],[112.15010000000007,-6.9807099999999309,0],[112.14947000000006,-6.9807499989999542,0],[112.14903000000004,-6.9808299989999796,0],[112.14868000000001,-6.9808799999999565,0],[112.14816000000008,-6.9808499989999291,0],[112.14742000000001,-6.9807299999999373,0],[112.14723000000004,-6.9806699999999751,0],[112.14680999800009,-6.9805199989999664,0],[112.14647000000002,-6.9803300009999703,0],[112.14620000000002,-6.9801499999999805,0],[112.14597000000003,-6.9799899989999403,0],[112.14584000000002,-6.9799000009999759,0],[112.14546000000007,-6.9803500009999766,0],[112.1452299980001,-6.980620000999977,0],[112.14514000000008,-6.9807999999999311,0],[112.14513000000011,-6.9812799989999803,0],[112.14513000000011,-6.981540000999928,0],[112.14510000000007,-6.9817900009999789,0],[112.14468000000011,-6.9821800009999606,0],[112.14401000000009,-6.9824299989999759,0],[112.14321000000007,-6.9825799999999276,0],[112.14218000000005,-6.9826999999999657,0],[112.14043000000004,-6.9826500009999677,0],[112.13918000000001,-6.9827199979999364,0],[112.13860252900008,-6.9827753729999813,0],[112.13772000000006,-6.9828599989999702,0],[112.13615000000004,-6.9830000009999367,0],[112.13522000000012,-6.9830600009999557,0],[112.13424999800009,-6.9830600009999557,0],[112.13341000000003,-6.9831000009999684,0],[112.13264000000004,-6.9831799999999475,0],[112.13173000000006,-6.9832599999999729,0],[112.12953000000005,-6.9834500009999374,0],[112.12824000000001,-6.9833799999999542,0],[112.12681000000009,-6.983289999999954,0],[112.12600000000009,-6.9831999999999539,0],[112.12500000000011,-6.9832199999999602,0],[112.12436000000002,-6.9832499989999519,0],[112.12356000000011,-6.9832599999999729,0],[112.12309000000005,-6.9832299989999456,0],[112.12247000000002,-6.9832399999999666,0],[112.12186000000008,-6.9831799999999475,0],[112.12024999900007,-6.9832499979999625,0],[112.11989999900004,-6.9836899999999673,0],[112.11956000000009,-6.9840299989999721,0],[112.11920000000009,-6.9844599999999559,0],[112.11898000000008,-6.9847399999999311,0],[112.11866999900008,-6.985139998999955,0],[112.1185200000001,-6.9855299989999367,0],[112.11836000000005,-6.9861499999999523,0],[112.11804000000006,-6.9872099999999477,0],[112.11782999800005,-6.9876800009999442,0],[112.11782000000005,-6.9879099989999531,0],[112.11775000000011,-6.9880900009999323,0],[112.11790000000008,-6.9883399989999475,0],[112.11794000000009,-6.9884199999999623,0],[112.11799000000008,-6.9885000009999771,0],[112.11808000000008,-6.9886499989999606,0],[112.11814000000004,-6.9887399999999502,0],[112.11858000000007,-6.9893699989999618,0],[112.1194299980001,-6.9905899999999406,0],[112.12081000000001,-6.9923699999999371,0],[112.12096999800008,-6.992549998999948,0],[112.1217200000001,-6.9933399999999324,0],[112.12312000000009,-6.9948000009999305,0],[112.12330000000009,-6.9949899989999267,0],[112.12369000000001,-6.9953699999999799,0],[112.12434000000007,-6.99607999899996,0],[112.12462000000005,-6.9963699999999562,0],[112.12501000000009,-6.9967300009999462,0],[112.12564000000009,-6.9973899999999389,0],[112.12621618000003,-6.9980059159999541,0],[112.1262200000001,-6.9980099989999758,0],[112.12652000000003,-6.9983199999999783,0],[112.12677000000008,-6.9985699999999724,0],[112.12702000000002,-6.9988099989999455,0],[112.12722000000008,-6.9989999999999668,0],[112.12737000000004,-6.9991599989999713,0],[112.12750000000005,-6.9993099999999799,0],[112.12775000000011,-6.9995699989999594,0],[112.12817000000007,-6.9999999989999537,0],[112.12895000000003,-7.0008099999999445,0],[112.12945000000002,-7.001329999999939,0],[112.12983000000008,-7.0017400009999733,0],[112.12991000000011,-7.0018200009999418,0],[112.13017000000002,-7.0021399999999403,0],[112.13051000000007,-7.0023599989999639,0],[112.13202999900011,-7.0040699999999561,0],[112.13241000000005,-7.004419999999925,0],[112.13322000000005,-7.0052199999999516,0],[112.13348000000008,-7.0054599989999815,0],[112.13372000000004,-7.0057000009999797,0],[112.13438999900006,-7.0064499999999725,0],[112.13463999800001,-7.0067299989999583,0],[112.13490000000002,-7.0069999989999587,0],[112.13497000000007,-7.0070899989999589,0],[112.13526000000002,-7.007349999999974,0],[112.13568000000009,-7.0078399989999411,0],[112.13572000000011,-7.0079299999999307,0],[112.13592000000006,-7.008120000999952,0],[112.13742999800002,-7.0096899999999778,0],[112.13762379200011,-7.0098892509999473,0],[112.13885000000005,-7.0111499999999296,0],[112.13909000000001,-7.0113999999999805,0],[112.13919746800002,-7.0114955259999761,0],[112.13927000100011,-7.0115599999999745,0],[112.13962000100003,-7.0119299999999498,0],[112.13963422200004,-7.0119469139999637,0],[112.14006617100006,-7.0124038369999653,0],[112.14042071100005,-7.0127583749999758,0],[112.14066460600009,-7.0130260649999627,0],[112.14090850200012,-7.0132497339999418,0],[112.14124638400006,-7.0136161699999775,0],[112.1415485760001,-7.0139373969999497,0],[112.14188645800004,-7.0142847999999276,0],[112.14208157500002,-7.0144906239999614,0],[112.14238614600004,-7.0148070899999766,0],[112.1426348010001,-7.015074780999953,0],[112.14288821200012,-7.0153305719999253,0],[112.14318683500005,-7.0156458519999774,0],[112.1434906930001,-7.0159588319999671,0],[112.14360871300005,-7.016086368999936,0],[112.14369627800011,-7.0161910639999405,0],[112.14382191400011,-7.0164156869999488,0],[112.14394000000004,-7.0166600009999343,0],[112.1440599120001,-7.0170197369999414,0],[112.14421024100011,-7.0174036389999515,0],[112.14426163700011,-7.0175711529999489,0],[112.14430161200005,-7.0177672219999749,0],[112.14438537000001,-7.018399206999959,0],[112.14442153800007,-7.0188084729999787,0],[112.1445119550001,-7.0195137449999265,0],[112.14457192000009,-7.0200219979999474,0],[112.14462759700007,-7.0205174009999496,0],[112.14470350300007,-7.0212091109999619,0],[112.14475870700005,-7.021848709999972,0],[112.14486530600004,-7.022771941999963,0],[112.14492241300002,-7.0232859039999767,0],[112.14495200700003,-7.0235546099999624,0],[112.14497000400002,-7.023718014999929,0],[112.14504945900001,-7.024564580999936,0],[112.14511355900004,-7.0252055739999264,0],[112.14517558900002,-7.0256710759999805,0],[112.14520033300005,-7.0260670189999814,0],[112.14522888900001,-7.0264762859999337,0],[112.14524030900009,-7.0270854269999745,0],[112.14526696100006,-7.0277726159999361,0],[112.1452659250001,-7.0283265959999426,0],[112.14528000100006,-7.0286799999999516,0],[112.14528999900006,-7.0289299999999457,0],[112.14529420800011,-7.0290478599999346,0],[112.14530407900008,-7.0297398949999774,0],[112.14532272800011,-7.0303153629999429,0],[112.14534028100002,-7.0308436829999437,0],[112.14536983800008,-7.0319335389999651,0],[112.14537274500003,-7.0324412629999529,0],[112.14539698300007,-7.0329381279999552,0],[112.14540389900003,-7.033533699999964,0],[112.14540757600003,-7.0336481119999803,0],[112.14544370600004,-7.0341813719999777,0],[112.14545115700002,-7.0347340169999484,0],[112.14545924600009,-7.0351244329999645,0],[112.14549479200002,-7.0354077029999758,0],[112.1455631770001,-7.0359526819999587,0],[112.14556605700011,-7.0359764959999325,0],[112.14567464100003,-7.0368743399999403,0],[112.14576956300004,-7.0376373549999585,0],[112.14587992100007,-7.038466891999974,0],[112.14590872800011,-7.0387820029999375,0],[112.1459479880001,-7.0391032289999771,0],[112.14599236000004,-7.039279439999973,0],[112.14603959700003,-7.0395517589999486,0],[112.14608647200009,-7.0399377059999324,0],[112.1461321590001,-7.0402251459999547,0],[112.14617784300003,-7.0406420259999436,0],[112.14622162600006,-7.0408476109999469,0],[112.14626540900008,-7.0411369539999669,0],[112.14632822600004,-7.0413558639999678,0],[112.14646147500002,-7.0416413999999463,0],[112.14679650400001,-7.042237216999979,0],[112.14711630300008,-7.0428520699999808,0],[112.14734854000005,-7.0433013129999722,0],[112.14773496300006,-7.0440684509999301,0],[112.14803001600001,-7.0446033529999568,0],[112.14822798700004,-7.0448736589999612,0],[112.1483897920001,-7.0450716309999279,0],[112.14881047900008,-7.0454161759999465,0],[112.14922736200003,-7.0457416869999747,0],[112.14961949800011,-7.0460386439999638,0],[112.14994500500006,-7.0463355999999635,0],[112.15015439900003,-7.0464878859999658,0],[112.15046468100002,-7.0467467709999596,0],[112.15087014200003,-7.047079895999957,0],[112.15124324200008,-7.0473977919999697,0],[112.15163728000005,-7.0477366269999493,0],[112.15200466900001,-7.0480925959999468,0],[112.15218741100011,-7.048307695999938,0],[112.15240251400007,-7.0486389189999272,0],[112.1525014990001,-7.0487854949999473,0],[112.15258525800004,-7.0488959019999697,0],[112.15269566500001,-7.0490957749999552,0],[112.15281178200007,-7.0493203959999278,0],[112.15300023400005,-7.0496116409999559,0],[112.15330099700009,-7.0501256069999272,0],[112.15343570700009,-7.0503450509999652,0],[112.15326870500007,-7.0503677609999613,0],[112.15338000000008,-7.0505599999999617,0],[112.15355999900009,-7.0508599979999644,0],[112.1539600000001,-7.051519998999936,0],[112.15433999900006,-7.0522300009999412,0],[112.15443000000005,-7.0524499999999648,0],[112.15481000000011,-7.0530799989999764,0],[112.15567000100009,-7.0546199989999536,0],[112.15595000000008,-7.0551999999999566,0],[112.15663999900005,-7.0566299989999379,0],[112.15710000000001,-7.0575499979999563,0],[112.15674397100008,-7.0575562879999438,0],[112.15659525500007,-7.0581511539999724,0],[112.15674397100008,-7.0585973029999423,0],[112.15672532300005,-7.0587464929999442,0],[112.15630361300009,-7.0589777419999677,0],[112.1562408740001,-7.0590056919999711,0],[112.15608921900002,-7.059060297999963,0],[112.15607653200004,-7.0590648669999609,0],[112.15564320800001,-7.0590648669999609,0],[112.15563786600001,-7.059065541999928,0],[112.15554353300001,-7.0591410099999621,0],[112.1555244970001,-7.0594455809999772,0],[112.15501335700003,-7.0594522179999331,0],[112.15405874900011,-7.059464615999957,0],[112.15399459300011,-7.059560848999979,0],[112.15396198000008,-7.0596097709999412,0],[112.15385732800007,-7.0596289599999409,0],[112.15379884100003,-7.0597433419999334,0],[112.15371443600009,-7.0597591679999709,0],[112.15369825800008,-7.0597906589999297,0],[112.15367589400012,-7.0598341899999468,0],[112.15357509800003,-7.0598199849999332,0],[112.15323271900002,-7.0597717299999658,0],[112.15294123400008,-7.0597479339999722,0],[112.15263785400009,-7.0597806529999616,0],[112.15261703400006,-7.0599561359999257,0],[112.15238801100008,-7.0599531619999425,0],[112.15169207800011,-7.0599053989999447,0],[112.1514273030001,-7.0599323419999678,0],[112.15134422800008,-7.0600534309999716,0],[112.15118123500008,-7.0610929599999395,0],[112.15099087700003,-7.0622232009999379,0],[112.15078862300004,-7.0632225769999764,0],[112.15126546400006,-7.0632694079999396,0],[112.15158812300001,-7.0633010969999646,0],[112.15158167100003,-7.06333279699993,0],[112.1515458670001,-7.0635087029999681,0],[112.15142394100008,-7.064107733999947,0],[112.15141290500003,-7.0641066669999759,0],[112.15112589400007,-7.0640788909999515,0],[112.15075199000012,-7.0639905129999647,0],[112.15075129800005,-7.0639903499999264,0],[112.15074461500001,-7.063988123999934,0],[112.1507078410001,-7.0639758649999749,0],[112.15008192500011,-7.0637508159999811,0],[112.14957509900012,-7.0637508159999811,0],[112.14930384100001,-7.0649786169999516,0],[112.14930791900008,-7.0649792039999397,0],[112.15039601500007,-7.0651356619999319,0],[112.15051022800003,-7.0652427369999486,0],[112.15048955800012,-7.0654033269999559,0],[112.15042979500004,-7.0658676329999253,0],[112.15041742700009,-7.065963715999942,0],[112.15030099600006,-7.0661799469999664,0],[112.1501349450001,-7.0664883279999344,0],[112.14930250500004,-7.0664706419999561,0],[112.14845541600005,-7.0680382299999565,0],[112.14841508500001,-7.0681111369999599,0],[112.1480842200001,-7.0687092389999293,0],[112.14787006800009,-7.0693231389999482,0],[112.1475702570001,-7.0709078609999665,0],[112.14728472100001,-7.0727781159999381,0],[112.14693189200011,-7.0751093759999435,0],[112.14637866700002,-7.0750379949999456,0],[112.14633226800004,-7.0753199589999554,0],[112.14521868000008,-7.075110565999978,0],[112.14498839300006,-7.0751030169999467,0],[112.14498192300005,-7.0758743729999765,0],[112.1449224370001,-7.0764454449999334,0],[112.14491410900007,-7.0765001719999532,0],[112.14457741500007,-7.0764811379999628,0],[112.14453383300008,-7.076476204999949,0],[112.14434450200008,-7.0764547789999597,0],[112.14424786000006,-7.0769379919999551,0],[112.14403370800005,-7.0776518319999582,0],[112.14392425500012,-7.0776155069999618,0],[112.14361136600007,-7.0786876589999679,0],[112.14354660200001,-7.0790762379999705,0],[112.14348004100009,-7.07947560599996,0],[112.14309344900005,-7.0794552599999747,0],[112.1430506160001,-7.079883562999953,0],[112.14308384000003,-7.0799357669999381,0],[112.14320052400001,-7.0801191269999322,0],[112.14317197000003,-7.0805688469999382,0],[112.14316114900009,-7.0807979729999602,0],[112.14318187300012,-7.0808969879999495,0],[112.14316346500004,-7.0810295269999415,0],[112.14311048900004,-7.0814109509999525,0],[112.1436606310001,-7.0814914599999383,0],[112.14369583700011,-7.0814966129999561,0],[112.14358876100005,-7.081810700999938,0],[112.14355306900006,-7.0822961109999483,0],[112.14351737700008,-7.0824460159999489,0],[112.14346027000011,-7.082886215999963,0],[112.14341512200008,-7.0833286669999325,0],[112.14379277100011,-7.0834686959999544,0],[112.14379194200001,-7.0834732659999418,0],[112.14369146500007,-7.084027181999943,0],[112.14368762200002,-7.0840483559999257,0],[112.14360717300008,-7.0844918629999256,0],[112.14360726700011,-7.0844934109999258,0],[112.14361669100003,-7.0846489069999734,0],[112.14366428100004,-7.0847583649999706,0],[112.14364524500002,-7.0851533529999529,0],[112.14356910200001,-7.0855483439999603,0],[112.1435481630001,-7.085715223999955,0],[112.1427296280001,-7.0856105269999716,0],[112.14202530800003,-7.0855867339999463,0],[112.14135905800003,-7.0855819759999576,0],[112.14110207700003,-7.0855343839999705,0],[112.14011222100009,-7.0855010729999321,0],[112.14009318500007,-7.0858770289999597,0],[112.14002178300007,-7.0864750099999583,0],[112.14002017900009,-7.0864749199999437,0],[112.13943574300004,-7.0864925619999326,0],[112.13903270300011,-7.0864511249999396,0],[112.13882914800001,-7.0867632719999278,0],[112.13834265900005,-7.0867247639999391,0],[112.1383300980001,-7.0870579279999788,0],[112.13822628900004,-7.0876170609999463,0],[112.13773849900008,-7.0875159339999527,0],[112.13760762900006,-7.0880810569999539,0],[112.13751245000003,-7.0885391029999596,0],[112.13779787200008,-7.0886226889999762,0],[112.13805377800009,-7.0886937669999384,0],[112.1379891360001,-7.0893401899999731,0],[112.13788777100001,-7.0893788839999274,0],[112.13744127600012,-7.0893477699999607,0],[112.13663820700003,-7.0892823329999715,0],[112.13654897800006,-7.0898177109999665,0],[112.13649544000009,-7.0901746319999575,0],[112.13634077500001,-7.0901627339999322,0],[112.13627534000011,-7.0903590389999636,0],[112.13582919100008,-7.0902579109999806,0],[112.13537709400009,-7.0902043749999279,0],[112.13523432500006,-7.0907457019999356,0],[112.13515794900002,-7.0907359389999556,0],[112.13510668700007,-7.0907293859999641,0],[112.13475435000009,-7.0906843489999574,0],[112.13428026400004,-7.0906471949999741,0],[112.13424684900008,-7.0906445749999421,0],[112.13423205700008,-7.0906773289999592,0],[112.13406963000011,-7.0910117379999633,0],[112.1340646110001,-7.0910220719999302,0],[112.13371840000002,-7.0909863789999577,0],[112.13368735300003,-7.0910054849999256,0],[112.13364979300002,-7.0910412549999364,0],[112.13361034400009,-7.0910788259999435,0],[112.13346043800004,-7.0914916639999319,0],[112.1333395150001,-7.0914544579999301,0],[112.133337686,-7.0914622709999549,0],[112.13329247600007,-7.091687128999979,0],[112.13269379700012,-7.0917227259999436,0],[112.13263217600002,-7.0917263899999625,0],[112.13259294200009,-7.0917288789999589,0],[112.13226000000009,-7.0917499989999442,0],[112.13219149300005,-7.0918132379999292,0],[112.13210099000003,-7.0918967779999775,0],[112.13200000000006,-7.0919899989999635,0],[112.1310400000001,-7.0920299989999762,0],[112.13077999800009,-7.0921099999999342,0],[112.13055000000008,-7.092259998999964,0],[112.13022000000001,-7.092600000999937,0],[112.12984437900002,-7.0929832849999457,0],[112.12973000000011,-7.0930999979999569,0],[112.12972769300006,-7.093101479999973,0],[112.12973474700004,-7.0933587949999719,0],[112.12972427700004,-7.0938073249999434,0],[112.12981609000008,-7.0938269789999708,0],[112.12982336300001,-7.0938883949999649,0],[112.12988844400002,-7.0944379699999445,0],[112.12998661300003,-7.0947918259999483,0],[112.13020076400005,-7.0955294599999661,0],[112.13057934000005,-7.0967773089999469,0],[112.13063039000008,-7.0969455799999537,0],[112.13064615200005,-7.0969974539999612,0],[112.13129205000007,-7.0970182889999478,0],[112.13144556900011,-7.097057604999975,0],[112.1323471720001,-7.0972885029999588,0],[112.13246274500011,-7.097318100999928,0],[112.13267377200009,-7.0974442029999523,0],[112.13363343900005,-7.0980176629999505,0],[112.13491834800004,-7.0992597409999689,0],[112.13511698500008,-7.0994687549999753,0],[112.13683143500009,-7.1012727649999761,0],[112.13818772700006,-7.1024862909999342,0],[112.13826751300007,-7.1025403979999737,0],[112.13941893000003,-7.1033212439999716,0],[112.13942980600007,-7.1033286199999566,0],[112.13967562100004,-7.1034873109999808,0],[112.14096672700009,-7.1043208089999439,0],[112.14100748100009,-7.1043471179999642,0],[112.14168553600007,-7.1047848499999304,0],[112.14364145200011,-7.1060126509999577,0],[112.14389272500011,-7.10611444999995,0],[112.1441931600001,-7.1062361659999738,0],[112.14429130100007,-7.1062759249999772,0],[112.14472439300005,-7.1054305839999756,0],[112.14486282700011,-7.1052106639999693,0],[112.1450489770001,-7.1048517879999622,0],[112.14530296100008,-7.1044690369999444,0],[112.14536528400004,-7.1043242149999628,0],[112.14541439700008,-7.1041937159999407,0],[112.14545234600007,-7.1040756069999702,0],[112.14548746300011,-7.1039575139999442,0],[112.14549581800009,-7.1038749299999608,0],[112.14553203900005,-7.103744972999948,0],[112.14556141900005,-7.1036461369999415,0],[112.14559177600006,-7.1035484679999286,0],[112.1456929310001,-7.103243215999953,0],[112.14573694600006,-7.1031497899999749,0],[112.14581830700001,-7.1029805749999468,0],[112.14586039900007,-7.1028913169999441,0],[112.14607174600008,-7.1024793769999519,0],[112.14618825400009,-7.1023637519999738,0],[112.14635693700006,-7.102197849999925,0],[112.14659348200007,-7.1019459819999611,0],[112.14676732600003,-7.1017781859999332,0],[112.14679673400008,-7.1017470419999427,0],[112.14688126700003,-7.101657520999936,0],[112.14694533800002,-7.1015812459999665,0],[112.14699706400006,-7.1015122689999544,0],[112.1470777400001,-7.101469022999936,0],[112.14740016500002,-7.1013174719999483,0],[112.14747380900008,-7.1012830099999746,0],[112.14757067800008,-7.1012394429999404,0],[112.14766735300009,-7.1011959639999418,0],[112.14772699000002,-7.1011651459999712,0],[112.14784854600009,-7.1011032639999598,0],[112.14794540500009,-7.1010539569999764,0],[112.14797313300005,-7.1010398419999774,0],[112.14824416400006,-7.1009122419999358,0],[112.14828159400008,-7.1008929999999282,0],[112.14839294400008,-7.1008570299999292,0],[112.14847002700003,-7.1008244249999279,0],[112.1485310810001,-7.1007711459999427,0],[112.14861239600009,-7.1007119209999701,0],[112.14875076200008,-7.1006737449999378,0],[112.14883726800008,-7.1006188289999272,0],[112.1492207440001,-7.1005509889999416,0],[112.14934294900002,-7.1005373169999757,0],[112.1497093910001,-7.100489783999933,0],[112.15008518000002,-7.1004945519999296,0],[112.15057456900001,-7.1004940439999586,0],[112.15059854600008,-7.1005111899999633,0],[112.15075009600002,-7.1005402049999589,0],[112.15081847200008,-7.1005642119999379,0],[112.151204914,-7.1007651039999473,0],[112.15129558700005,-7.10083829499996,0],[112.15139039600001,-7.1009250139999267,0],[112.15143608200003,-7.1010055099999363,0],[112.15145468900005,-7.1010382949999666,0],[112.15157108200003,-7.1012030639999466,0],[112.15169829200011,-7.1014427549999368,0],[112.15182039300009,-7.1016584349999334,0],[112.15190917700011,-7.1020253279999679,0],[112.15192386800004,-7.1020860379999249,0],[112.1519128760001,-7.1021622029999776,0],[112.15187392600001,-7.1024321049999344,0],[112.15184662900003,-7.1024956929999803,0],[112.15179317700006,-7.1026207279999767,0],[112.15177493900001,-7.1026512339999499,0],[112.15176063100012,-7.1026823409999338,0],[112.15168810800003,-7.1028624509999645,0],[112.15162981900005,-7.1030034599999681,0],[112.15154560400003,-7.1032388059999789,0],[112.15142538900011,-7.1034093909999569,0],[112.1513401630001,-7.1035303259999409,0],[112.15130206800006,-7.1035560699999678,0],[112.15121978700006,-7.1036386339999353,0],[112.15118564800002,-7.1036899249999692,0],[112.15115519900007,-7.1037169609999751,0],[112.15112475100011,-7.1037439959999347,0],[112.15101319900009,-7.1038310689999662,0],[112.15085400100008,-7.1039424589999385,0],[112.15079674900005,-7.1039695949999668,0],[112.15070845000002,-7.1040114919999269,0],[112.15037064900002,-7.1041554289999453,0],[112.15008603100011,-7.1042794839999601,0],[112.14926328700005,-7.1045599199999288,0],[112.14865793400008,-7.1047548509999388,0],[112.14851664500009,-7.1048042519999512,0],[112.14812073700011,-7.1049375419999592,0],[112.1480000140001,-7.1049726789999568,0],[112.1475494340001,-7.1052331749999666,0],[112.14730137700008,-7.1053787919999536,0],[112.1471942820001,-7.1054621909999582,0],[112.14712719500005,-7.1054917639999644,0],[112.14705320600001,-7.1055187319999504,0],[112.1470099390001,-7.1055414619999624,0],[112.14697205000004,-7.1055683759999511,0],[112.14693400400006,-7.1055947029999516,0],[112.14684007700009,-7.1056596989999434,0],[112.14676796700007,-7.1057128639999405,0],[112.1466566470001,-7.1057967029999531,0],[112.14656692100004,-7.1058973119999678,0],[112.14637912500007,-7.106163014999936,0],[112.14623061100008,-7.1067253779999646,0],[112.14752212000008,-7.1073975549999773,0],[112.14770485600002,-7.1074926609999807,0],[112.15000508100002,-7.1086753199999748,0],[112.15010155900006,-7.10870767199998,0],[112.15132528600009,-7.1091180299999337,0],[112.15209660100004,-7.1093836439999336,0],[112.15220034300012,-7.1094193689999656,0],[112.15454089500008,-7.1101184739999326,0],[112.15454105900005,-7.1101184769999577,0],[112.1545412700001,-7.110118479999926,0],[112.15454138900009,-7.1101184819999617,0],[112.15454194500001,-7.1101184899999339,0],[112.15454205800006,-7.1101184919999696,0],[112.15454217100012,-7.1101184939999484,0],[112.15454363800006,-7.1101185159999432,0],[112.15455344200006,-7.1101204289999487,0],[112.15456367800005,-7.1101224249999291,0],[112.15457450600002,-7.1101245359999439,0],[112.15459689400006,-7.1101289009999391,0],[112.15460267300011,-7.1101300279999577,0],[112.15463315900001,-7.1101359719999664,0],[112.15463781900007,-7.1101368809999599,0],[112.15464214800011,-7.1101377249999587,0],[112.15466252200008,-7.1101416969999605,0],[112.15467495600001,-7.1101441209999621,0],[112.15469221500007,-7.1101474859999598,0],[112.15470432400002,-7.1101498469999456,0],[112.15471629700005,-7.1101521809999326,0],[112.15473215500003,-7.1101552729999753,0],[112.15475517700008,-7.1101597619999666,0],[112.15475855700004,-7.1101604209999323,0],[112.15477778100001,-7.1101641689999724,0],[112.15479404300004,-7.1101673389999291,0],[112.15481228400006,-7.1101708949999534,0],[112.15482208600008,-7.11017280599998,0],[112.15484055100001,-7.1101764059999368,0],[112.15484917400011,-7.1101780869999516,0],[112.15487448400006,-7.1101830219999442,0],[112.15488625700004,-7.1101853169999458,0],[112.15490760500006,-7.1101894789999278,0],[112.15492004200007,-7.1101919039999757,0],[112.15493801400009,-7.1101954079999814,0],[112.15494884000009,-7.1101975189999393,0],[112.15496737600006,-7.1102011329999755,0],[112.1549769610001,-7.1102030019999347,0],[112.15500316400005,-7.1102081109999631,0],[112.15501331600001,-7.1102100909999422,0],[112.15503995100005,-7.1102152829999454,0],[112.15504819000012,-7.1102168889999575,0],[112.15507768900011,-7.1102226399999608,0],[112.1550848490001,-7.1102240359999769,0],[112.15511633100004,-7.1102301739999803,0],[112.15512348400011,-7.11023156899995,0],[112.15515245200004,-7.1102372169999626,0],[112.15516269400007,-7.1102392139999324,0],[112.15518086200007,-7.1102427559999342,0],[112.1551971240001,-7.1102459269999372,0],[112.15521117600008,-7.1102486669999507,0],[112.15522649600007,-7.1102516539999669,0],[112.15524986700007,-7.1102562099999318,0],[112.15525256800004,-7.1102567369999292,0],[112.15528522700004,-7.1102631049999445,0],[112.15529379300006,-7.1102647749999619,0],[112.1553177290001,-7.1102694419999466,0],[112.155331864,-7.1102721979999615,0],[112.15534685300008,-7.1102751209999724,0],[112.1553627620001,-7.1102782219999767,0],[112.15537926100001,-7.110281438999948,0],[112.15539372400008,-7.1102842589999682,0],[112.15541542900007,-7.1102884909999489,0],[112.15542610900002,-7.1102905729999293,0],[112.15544850400011,-7.1102949389999708,0],[112.15546168600008,-7.1102975089999632,0],[112.15548552900009,-7.1103021579999677,0],[112.15549384900009,-7.1103037799999811,0],[112.15552207600001,-7.1103092829999355,0],[112.15553065800009,-7.110310955999978,0],[112.15555848300005,-7.1103163809999614,0],[112.15556870800003,-7.110318374999963,0],[112.15559465100011,-7.1103234329999623,0],[112.15560314900006,-7.1103250899999466,0],[112.15562610600011,-7.1103295659999617,0],[112.15563893300009,-7.1103320669999448,0],[112.15565675400001,-7.110335541999973,0],[112.1556697420001,-7.1103380739999693,0],[112.1556849750001,-7.1103410439999379,0],[112.15569939000011,-7.1103438549999396,0],[112.15571581300003,-7.1103470569999558,0],[112.15572817200007,-7.110349466999935,0],[112.15574826900001,-7.1103533849999394,0],[112.15575984600002,-7.110355641999945,0],[112.15577967700006,-7.1103595089999772,0],[112.1557919600001,-7.1103619039999444,0],[112.15580689900003,-7.110364815999958,0],[112.15582251700005,-7.1103678609999292,0],[112.15583512000001,-7.1103703179999798,0],[112.15585189800004,-7.1103735889999484,0],[112.15586714600011,-7.1103765619999422,0],[112.15587870700006,-7.1103788159999795,0],[112.15589769900009,-7.110382518999927,0],[112.15591023600007,-7.1103849629999445,0],[112.15592915600007,-7.1103886519999264,0],[112.15594252300002,-7.110391257999936,0],[112.15596627500008,-7.1103958889999603,0],[112.15597496800001,-7.1103975839999407,0],[112.15600011100003,-7.1104024859999413,0],[112.15601167500006,-7.110404740999968,0],[112.15603366000005,-7.1104090279999355,0],[112.15604460400004,-7.1104111619999344,0],[112.15606654500004,-7.1104154399999402,0],[112.15608045700003,-7.1104181519999656,0],[112.15610499600007,-7.110422936999953,0],[112.15611244500008,-7.1104243889999452,0],[112.15614340200011,-7.1104304249999473,0],[112.1561511220001,-7.1104319299999474,0],[112.15618133100008,-7.1104378199999587,0],[112.15619010000012,-7.110439529999951,0],[112.15622263800003,-7.1104458739999359,0],[112.15622803400004,-7.1104469259999519,0],[112.15625847300009,-7.110452860999942,0],[112.15626821800004,-7.1104547609999713,0],[112.15629878000004,-7.110460719999935,0],[112.15630408100003,-7.1104617539999708,0],[112.15632814200001,-7.1104664449999291,0],[112.15634106700008,-7.1104689649999386,0],[112.15636764200008,-7.1104741459999445,0],[112.15637446100004,-7.1104754759999764,0],[112.15639933600005,-7.1104803259999585,0],[112.15641462800011,-7.1104833069999813,0],[112.15641799400009,-7.1104839629999788,0],[112.15642984100009,-7.1104843699999378,0],[112.15644259100009,-7.1104848069999775,0],[112.15646148900009,-7.1104854549999459,0],[112.1564730130001,-7.110485849999975,0],[112.1564734320001,-7.1104858639999406,0],[112.15648536500009,-7.1104862729999354,0],[112.15649080300011,-7.1104864589999579,0],[112.15649416800011,-7.1104865739999354,0],[112.15651174400011,-7.1104871759999355,0],[112.15651347300002,-7.1104872349999368,0],[112.15653058800001,-7.110487821999925,0],[112.15653478400009,-7.1104879659999369,0],[112.15654864800001,-7.1104884409999727,0],[112.15655359400012,-7.110488610999937,0],[112.1565669470001,-7.1104890689999252,0],[112.15657205700006,-7.1104892439999503,0],[112.15658940800006,-7.1104898389999676,0],[112.15658983900005,-7.1104898539999795,0],[112.15660487600007,-7.1104903699999795,0],[112.15661160600007,-7.1104906009999809,0],[112.15662193600008,-7.110490954999932,0],[112.1566277280001,-7.1104911539999307,0],[112.15664099500009,-7.1104916089999506,0],[112.15664521600002,-7.1104917539999519,0],[112.15664635500002,-7.1104917929999374,0],[112.1566606020001,-7.1104922819999388,0],[112.15666442000008,-7.1104924129999745,0],[112.15667008500009,-7.1104926069999692,0],[112.15668853000011,-7.1104932389999362,0],[112.15670328600004,-7.1104937449999284,0],[112.15673231300002,-7.1104947399999787,0],[112.1567451840001,-7.1104951809999761,0],[112.15678168600004,-7.110496431999934,0],[112.15678925900011,-7.1104966919999697,0],[112.15683076400001,-7.1104981149999276,0],[112.15683868500003,-7.1104983869999501,0],[112.15687668700002,-7.1104996899999264,0],[112.15688835900005,-7.1105000899999595,0],[112.15692035000006,-7.1105011869999544,0],[112.15693401600004,-7.1105016559999399,0],[112.15695639800003,-7.1105024229999572,0],[112.15697671600003,-7.1105031199999758,0],[112.15700095400007,-7.1105039509999415,0],[112.15701268700002,-7.1105043529999534,0],[112.15704265500005,-7.110505380999939,0],[112.15705889600008,-7.1105059379999602,0],[112.15708911400009,-7.1105069739999749,0],[112.15709730300011,-7.1105072549999591,0],[112.15713771300011,-7.1105086409999672,0],[112.15714783400006,-7.1105089879999355,0],[112.15718125600006,-7.1105101339999806,0],[112.15719501300009,-7.1105106059999343,0],[112.15723545000003,-7.1105119919999424,0],[112.15723858100012,-7.1105120989999477,0],[112.15728506200003,-7.110513692999973,0],[112.15729349000003,-7.1105139819999295,0],[112.15729910000005,-7.1105141739999453,0],[112.15733074700006,-7.1105152589999534,0],[112.15734264300011,-7.1105156669999587,0],[112.15735329000006,-7.1105160319999641,0],[112.15740560500001,-7.1105178259999775,0],[112.15743659500004,-7.110518888999934,0],[112.15752467200002,-7.1105219089999423,0],[112.15753298700008,-7.110522193999941,0],[112.15763546100004,-7.1105257079999546,0],[112.1576666740001,-7.1105267779999508,0],[112.15770370400003,-7.1105280489999814,0],[112.15776999000002,-7.110530320999942,0],[112.15780478200008,-7.1105315149999342,0],[112.1578424810001,-7.11053280699997,0],[112.15788844500003,-7.1105343829999583,0],[112.15793603900011,-7.1105360149999797,0],[112.15794414100003,-7.1105351309999492,0],[112.15796568200005,-7.1105327809999608,0],[112.15802168200003,-7.1105266719999349,0],[112.15806176600006,-7.1105222989999675,0],[112.1581025050001,-7.110517854999955,0],[112.15815370700011,-7.1105122689999689,0],[112.15819325100006,-7.1105079549999459,0],[112.15825050400008,-7.1105017089999478,0],[112.15828769200004,-7.1104976519999354,0],[112.15833773500003,-7.1104921929999705,0],[112.15838265500008,-7.1104872919999593,0],[112.15842025500001,-7.1104831899999681,0],[112.15847169500012,-7.1104775779999727,0],[112.15849877800008,-7.1104746239999486,0],[112.15855241400004,-7.1104687729999796,0],[112.15859357500005,-7.110464282999942,0],[112.15863001200012,-7.110460307999972,0],[112.15871392800011,-7.1104511529999286,0],[112.15872417200001,-7.1104500349999284,0],[112.15881786200009,-7.1104398139999603,0],[112.15884934600001,-7.1104363789999638,0],[112.15890552200005,-7.1104302509999684,0],[112.15894544300011,-7.1104258959999811,0],[112.15899161100003,-7.1104208589999303,0],[112.1590389910001,-7.110415689999968,0],[112.15906756300001,-7.1104125729999623,0],[112.15912510100009,-7.1104062969999404,0],[112.15914023300002,-7.1104046449999601,0],[112.15920105100008,-7.1103980109999725,0],[112.1592037260001,-7.1103977189999341,0],[112.15925602200002,-7.1103920129999665,0],[112.15927710400001,-7.110379537999961,0],[112.15930689100003,-7.1103619099999378,0],[112.15932891700004,-7.1103488759999323,0],[112.15937299500001,-7.1103227909999305,0],[112.1594017540001,-7.110305771999947,0],[112.15940927700001,-7.1103013199999623,0],[112.15943304900009,-7.1102872529999672,0],[112.15948859400009,-7.1102543819999369,0],[112.15950243400005,-7.1102461919999769,0],[112.15954660500006,-7.1102200529999777,0],[112.15956641900004,-7.1102083269999525,0],[112.15959915800011,-7.1101889519999304,0],[112.15970469300009,-7.1101264989999322,0],[112.15970909000009,-7.1101238969999372,0],[112.15984835800009,-7.1100414809999393,0],[112.15986551100002,-7.1100313299999698,0],[112.15999458600004,-7.1099549459999594,0],[112.16006574900007,-7.109912832999953,0],[112.16014219300007,-7.1098675949999688,0],[112.16026538300002,-7.1097946939999588,0],[112.1603259530001,-7.109758850999981,0],[112.1605036200001,-7.1096537109999645,0],[112.16054167800007,-7.1096311889999697,0],[112.16067249700006,-7.1095537729999592,0],[112.16076689600004,-7.1094979099999591,0],[112.16086007000001,-7.1094427719999658,0],[112.16094858800011,-7.109390388999941,0],[112.16097297200008,-7.1093759589999763,0],[112.16103566900006,-7.1093067849999443,0],[112.16106901600006,-7.1092699929999412,0],[112.16117995100001,-7.1091475989999253,0],[112.16119775100003,-7.1091279599999666,0],[112.16129479400001,-7.109020892999979,0],[112.16134464700008,-7.108965889999979,0],[112.16141869600006,-7.1088841929999376,0],[112.16145505300005,-7.1088440789999368,0],[112.16152771800012,-7.1087639109999259,0],[112.16157492800005,-7.108711823999954,0],[112.16164159100003,-7.1086382749999757,0],[112.16169279400003,-7.1085817829999769,0],[112.16174188700006,-7.1085276189999718,0],[112.161767596,-7.1084992549999697,0],[112.16177111100001,-7.1084953759999507,0],[112.16178493300004,-7.1084801269999502,0],[112.16179114600004,-7.1084732719999693,0],[112.16181058800009,-7.1084518209999601,0],[112.16181926900003,-7.1084422439999457,0],[112.16183352400003,-7.1084265169999412,0],[112.16184264800006,-7.108416449999936,0],[112.16186100300001,-7.1083961999999588,0],[112.16187551500002,-7.1083801889999449,0],[112.16188507900006,-7.1083696379999424,0],[112.16190146100007,-7.1083515629999283,0],[112.16190381100012,-7.1083489709999412,0],[112.16191546200002,-7.1083361169999648,0],[112.16193978600006,-7.1083092799999577,0],[112.16195289900008,-7.1082948119999401,0],[112.16195541600007,-7.1082920339999305,0],[112.16203733300006,-7.1082016569999382,0],[112.16208019800001,-7.1081543639999722,0],[112.16216026400002,-7.1080660289999287,0],[112.16220070200006,-7.1080214129999604,0],[112.16221725800006,-7.1080031459999304,0],[112.16231182600006,-7.1078988109999273,0],[112.16232298500006,-7.1078864989999602,0],[112.16235772400012,-7.1078481719999331,0],[112.16237601800003,-7.10782798799994,0],[112.16242797600012,-7.1077508669999361,0],[112.16245920200004,-7.1077045189999808,0],[112.16252440200003,-7.10760774299996,0],[112.16254534300003,-7.1075766609999391,0],[112.16260712100006,-7.1074849629999335,0],[112.16263809300006,-7.1074389919999703,0],[112.16268527200009,-7.1073689639999316,0],[112.16272215000004,-7.1073142259999713,0],[112.16275546400004,-7.1072647779999443,0],[112.16278441700001,-7.107221802999959,0],[112.16279968900005,-7.1071991349999735,0],[112.16280530500001,-7.1071907979999764,0],[112.16280668400009,-7.1071887519999564,0],[112.16281731200002,-7.1071729769999479,0],[112.16283233400009,-7.1071506809999505,0],[112.16284665000001,-7.1071294319999652,0],[112.16286365800011,-7.1071041869999476,0],[112.16287073500007,-7.1070936819999702,0],[112.16288579600007,-7.1070713259999252,0],[112.16293827000004,-7.1069934389999503,0],[112.16294486300001,-7.1069836529999293,0],[112.16294944600008,-7.1069768519999457,0],[112.16295650200004,-7.1069663779999814,0],[112.16296059900003,-7.1069602959999543,0],[112.16296455000008,-7.1069544329999417,0],[112.16297180600009,-7.1069436609999457,0],[112.16297521000001,-7.1069386109999755,0],[112.16297655800008,-7.1069366089999448,0],[112.16298058000007,-7.1069306379999375,0],[112.16298275600002,-7.1069274099999689,0],[112.16298563100008,-7.1069231429999604,0],[112.16298870100002,-7.1069185839999705,0],[112.16299135300005,-7.106914647999929,0],[112.16299379700001,-7.1069110219999629,0],[112.1629985080001,-7.1069040289999634,0],[112.16299991400001,-7.106901941999979,0],[112.16300192200003,-7.1068989599999668,0],[112.16300742100009,-7.1068907989999275,0],[112.16301504300009,-7.1068794839999327,0],[112.16302689700001,-7.1068618889999584,0],[112.16302762000009,-7.1068608169999266,0],[112.16304068500006,-7.1068414259999599,0],[112.16304664600011,-7.1068325769999774,0],[112.1630532690001,-7.1068227479999564,0],[112.16306129900011,-7.1068108289999259,0],[112.16306697500011,-7.10680240399995,0],[112.16307357800008,-7.1067926019999277,0],[112.16307800300001,-7.1067860349999705,0],[112.16308021100008,-7.1067793819999565,0],[112.16308262700011,-7.1067720969999755,0],[112.16308944800005,-7.106751542999973,0],[112.16309013900002,-7.1067494569999781,0],[112.16309756300006,-7.1067270849999318,0],[112.16309827100008,-7.1067249509999328,0],[112.1630995590001,-7.1067210689999456,0],[112.16310604800003,-7.1067015139999512,0],[112.16310850000002,-7.1066941249999331,0],[112.16311218600003,-7.1066830139999411,0],[112.16311588100007,-7.1066718819999437,0],[112.16311952900003,-7.1066608849999398,0],[112.16312236800002,-7.1066523329999427,0],[112.16312537100009,-7.1066432789999681,0],[112.16312926400008,-7.106631550999964,0],[112.16313129300011,-7.1066254319999302,0],[112.16313544400009,-7.1066129259999684,0],[112.16313705800007,-7.1066080609999744,0],[112.16314127900011,-7.1065953409999452,0],[112.16314207100004,-7.1065929529999607,0],[112.16314735000003,-7.1065770429999588,0],[112.16314844700003,-7.1065737379999518,0],[112.16315247600005,-7.1065615959999491,0],[112.16315592800004,-7.1065511919999267,0],[112.16315601200006,-7.1065509389999306,0],[112.16315883900006,-7.1065424199999256,0],[112.16316457400001,-7.1065251359999593,0],[112.16316552100011,-7.1065222819999576,0],[112.1631702630001,-7.1065079899999546,0],[112.16317312100011,-7.1064993779999668,0],[112.1631764330001,-7.1064893969999616,0],[112.16318652900009,-7.1064589719999276,0],[112.16319122000004,-7.1064448349999338,0],[112.16320251700006,-7.1064107889999377,0],[112.1632083290001,-7.1063932719999343,0],[112.16321428200001,-7.1063753349999388,0],[112.16322256100011,-7.1063503859999742,0],[112.16322928300008,-7.1063301269999783,0],[112.16323468300004,-7.1063138519999711,0],[112.16324041400003,-7.106296575999977,0],[112.16325035600005,-7.1062666159999708,0],[112.16325237600006,-7.1062605259999714,0],[112.16326110300008,-7.1062342259999696,0],[112.16326635200005,-7.1062184089999505,0],[112.1632725720001,-7.1061996619999377,0],[112.16327929900001,-7.10617938799993,0],[112.1632866010001,-7.106157383999971,0],[112.16329201200006,-7.1061410759999717,0],[112.16329977700002,-7.1061176759999398,0],[112.16330080200009,-7.1061145859999328,0],[112.16330500000004,-7.1061019339999802,0],[112.1633127990001,-7.1060784309999576,0],[112.1633158950001,-7.1060690969999314,0],[112.16332504900004,-7.1060415129999797,0],[112.16332590900004,-7.1060389189999569,0],[112.16333010700009,-7.1060262679999369,0],[112.16333609100002,-7.1060082329999545,0],[112.16334110600008,-7.1059931239999514,0],[112.16334339400009,-7.1059862279999493,0],[112.16334580800003,-7.1059789539999656,0],[112.1633465430001,-7.1059767389999706,0],[112.16334724800004,-7.105974615999969,0],[112.16334955900004,-7.1059676509999576,0],[112.16335063000008,-7.1059644239999784,0],[112.1633508330001,-7.105963810999981,0],[112.16336191400001,-7.1059304169999677,0],[112.16338977700002,-7.1058464419999723,0],[112.16341353000007,-7.1057748589999505,0],[112.1634380270001,-7.1057010349999814,0],[112.1634517650001,-7.1056596319999699,0],[112.16346886300005,-7.1056081029999518,0],[112.16347023000003,-7.1056039819999341,0],[112.16350671700002,-7.1054940219999594,0],[112.16352423000001,-7.1054412429999729,0],[112.16353943500008,-7.1053954179999437,0],[112.16355459600004,-7.1053497319999792,0],[112.16355953000004,-7.1053348629999391,0],[112.16356078500007,-7.1053310769999598,0],[112.16356254100003,-7.1053257869999698,0],[112.16356738500008,-7.105311186999927,0],[112.16356917100006,-7.1053058069999793,0],[112.16357446000006,-7.1052898649999747,0],[112.1635760050001,-7.1052852109999662,0],[112.16358123500004,-7.105269448999934,0],[112.16358344600008,-7.1052627869999583,0],[112.16358860900004,-7.105247224999971,0],[112.16358960700006,-7.1052442219999534,0],[112.16359491100002,-7.1052282379999383,0],[112.16359736000004,-7.1052208559999599,0],[112.16360095900006,-7.1052100099999507,0],[112.16360386200006,-7.10520126199998,0],[112.16360666000003,-7.1051928299999645,0],[112.16360949200009,-7.1051842949999582,0],[112.16361332300005,-7.1051727489999621,0],[112.16361510400009,-7.1051673799999548,0],[112.16361610300009,-7.1051643709999439,0],[112.1636216600001,-7.1051476209999578,0],[112.16362198700006,-7.1051466389999405,0],[112.16362622100007,-7.1051338799999257,0],[112.16363051200005,-7.1051209479999784,0],[112.16363162300001,-7.1051176009999608,0],[112.16363856500004,-7.1050966779999385,0],[112.16364326300004,-7.1050825199999394,0],[112.16365248300008,-7.1050547329999745,0],[112.16365646700001,-7.1050427249999757,0],[112.16365700100005,-7.1050411169999279,0],[112.16366389100006,-7.1050203489999717,0],[112.16366390600001,-7.1050203049999254,0],[112.16366392000009,-7.1050202619999254,0],[112.16366599200001,-7.1050140169999736,0],[112.16368072600005,-7.1048331249999706,0],[112.1636919120001,-7.1046957799999291,0],[112.16370029400002,-7.1045928679999406,0],[112.16385601100001,-7.1026809979999257,0],[112.16390884500004,-7.1019812419999653,0],[112.16391854200003,-7.1018528169999513,0],[112.16403119200004,-7.1003608399999507,0],[112.16404703400008,-7.1001510029999508,0],[112.16428199400002,-7.0995215539999776,0],[112.1642885660001,-7.0995039479999491,0],[112.16429899500008,-7.0994760089999431,0],[112.16430557900003,-7.0994674579999355,0],[112.16431865800007,-7.0994504679999295,0],[112.16431952300002,-7.0994493449999254,0],[112.16432742300003,-7.0994390839999255,0],[112.16432875100008,-7.0994373599999676,0],[112.16432900100006,-7.0994370329999583,0],[112.16432900100006,-7.0994360269999675,0],[112.16433016700012,-7.0994345419999263,0],[112.16433053700007,-7.0994340709999619,0],[112.16433149800002,-7.0994328449999671,0],[112.16433959000005,-7.0994225249999658,0],[112.16434154700005,-7.0994200289999299,0],[112.16434428600007,-7.0994165349999321,0],[112.16434940000011,-7.0994100139999432,0],[112.16435430600006,-7.0994037569999477,0],[112.16435841800001,-7.0993985119999365,0],[112.16436373800002,-7.0993917279999437,0],[112.16436816500004,-7.0993860819999668,0],[112.1643764160001,-7.0993755579999629,0],[112.1643781030001,-7.0993734069999732,0],[112.16438385700008,-7.0993660669999485,0],[112.16438964400004,-7.0993586879999384,0],[112.16439373600008,-7.099353467999947,0],[112.16439876400011,-7.0993470559999423,0],[112.16440536300001,-7.0993386399999281,0],[112.16440648800005,-7.0993372059999729,0],[112.16441286600002,-7.0993290719999322,0],[112.16441846900011,-7.0993219259999591,0],[112.16441993600006,-7.0993200549999642,0],[112.16442536700004,-7.0993131279999488,0],[112.16442700100004,-7.0993110439999327,0],[112.16443219200005,-7.0993044229999782,0],[112.16443826500006,-7.0992966779999733,0],[112.16444080300005,-7.0992934409999293,0],[112.16444105900007,-7.0992931149999663,0],[112.16444498400006,-7.0992881079999393,0],[112.16444552900009,-7.0992874119999669,0],[112.16444855100008,-7.0992835599999466,0],[112.16444880200004,-7.099283239999977,0],[112.16445174500006,-7.0992794849999541,0],[112.16445264400011,-7.0992783399999553,0],[112.16445572900011,-7.0992744039999707,0],[112.16445580400011,-7.0992743089999522,0],[112.16445587900012,-7.0992742139999336,0],[112.16445913200005,-7.0992700639999384,0],[112.16445976800003,-7.0992692529999317,0],[112.16446183900007,-7.0992666119999512,0],[112.16446311700008,-7.0992649819999656,0],[112.16446327600011,-7.0992647789999523,0],[112.16446603600002,-7.0992612589999453,0],[112.16446628300002,-7.0992609439999796,0],[112.16446775000009,-7.0992590729999279,0],[112.16447040200001,-7.0992556909999394,0],[112.16447082900004,-7.0992551459999618,0],[112.16447346200005,-7.0992517879999468,0],[112.16447551400006,-7.0992491709999399,0],[112.16447661400002,-7.0992477679999411,0],[112.16447915600008,-7.0992445259999499,0],[112.16448187500009,-7.0992410579999614,0],[112.16448257200011,-7.0992401689999269,0],[112.16448590200002,-7.0992359219999344,0],[112.16448704300001,-7.0992344669999738,0],[112.16449044000001,-7.0992301339999813,0],[112.16449069100008,-7.0992298139999548,0],[112.16449437600011,-7.099225113999978,0],[112.16449605500009,-7.0992229729999394,0],[112.1644994510001,-7.0992186419999257,0],[112.16450015400005,-7.0992177449999758,0],[112.16450256600001,-7.0992146689999345,0],[112.16450372500003,-7.099213190999933,0],[112.16450693200011,-7.0992091009999285,0],[112.1645089860001,-7.0992064819999428,0],[112.16451182000003,-7.099202866999974,0],[112.16451234200008,-7.0992022019999581,0],[112.16451655800006,-7.0991968249999786,0],[112.16451726800005,-7.0991959189999534,0],[112.16452060300003,-7.0991916659999674,0],[112.16452426400008,-7.0991869959999576,0],[112.16452667100009,-7.0991839259999665,0],[112.16453019700009,-7.0991794289999461,0],[112.16453405000004,-7.0991745149999588,0],[112.1645358510001,-7.0991722179999783,0],[112.16453935100003,-7.09916775399995,0],[112.16454053200005,-7.0991662479999604,0],[112.16454503600005,-7.0991605039999399,0],[112.16454603700004,-7.0991592269999728,0],[112.16455059000009,-7.0991534199999364,0],[112.16455157700011,-7.0991521619999389,0],[112.16455567100002,-7.0991469399999687,0],[112.16455674600002,-7.0991455689999725,0],[112.16456078700003,-7.0991404159999547,0],[112.1645612420001,-7.0991398349999599,0],[112.16456606400004,-7.0991336849999698,0],[112.16456659700009,-7.0991330049999419,0],[112.16456943300011,-7.0991293879999375,0],[112.16457090300003,-7.0991275129999281,0],[112.16457233300002,-7.0991256899999371,0],[112.16457333800008,-7.099124407999966,0],[112.16457487200012,-7.0991224509999711,0],[112.16457517600008,-7.099122063999971,0],[112.16457788100001,-7.0991186139999627,0],[112.16457805300001,-7.0991183949999481,0],[112.16458094100005,-7.0991147119999596,0],[112.16458394800009,-7.09911087699993,0],[112.16458641700001,-7.0991077279999786,0],[112.16458678100003,-7.0991072639999402,0],[112.16458783200005,-7.0991059229999678,0],[112.16459106600007,-7.0991017979999356,0],[112.16459236000003,-7.0991001479999341,0],[112.16459404200009,-7.0990980029999378,0],[112.16459566700007,-7.0990959299999759,0],[112.16459743300004,-7.0990936779999743,0],[112.16460018800001,-7.0990901639999606,0],[112.16460203500003,-7.0990878089999683,0],[112.16460510100001,-7.0990838979999467,0],[112.16460635400006,-7.0990822999999637,0],[112.16460928800007,-7.0990785579999738,0],[112.16461146800009,-7.0990757779999285,0],[112.16461401100003,-7.0990725349999479,0],[112.16461565500003,-7.0990704379999556,0],[112.16461857700006,-7.0990667109999777,0],[112.16462016000003,-7.0990646919999563,0],[112.1646217330001,-7.0990626859999679,0],[112.16462416200011,-7.0990595879999319,0],[112.16462485600005,-7.0990587029999688,0],[112.16462521400001,-7.0990582469999595,0],[112.16462618800006,-7.0990570049999633,0],[112.16462810200005,-7.0990545629999815,0],[112.16462815800003,-7.0990544919999365,0],[112.16462821400012,-7.099054419999959,0],[112.16463032800004,-7.0990517249999812,0],[112.16463117900003,-7.0990506399999731,0],[112.16463322800007,-7.0990480269999807,0],[112.16463604800003,-7.0990444299999353,0],[112.16463634400009,-7.0990440529999432,0],[112.16463929400004,-7.0990402909999375,0],[112.1646395460001,-7.0990399699999784,0],[112.16464242300003,-7.0990362999999661,0],[112.16464245000009,-7.0990362659999278,0],[112.16464247800002,-7.0990362299999674,0],[112.16464566800005,-7.0990321619999577,0],[112.16464641800007,-7.0990312049999602,0],[112.16464884800007,-7.0990281059999347,0],[112.1646504250001,-7.0990260949999424,0],[112.16465278800001,-7.0990230819999738,0],[112.16465440900004,-7.0990210129999696,0],[112.16465657600008,-7.0990182509999613,0],[112.16465911300008,-7.0990150149999636,0],[112.16466070700005,-7.0990129809999303,0],[112.16466297500006,-7.0990100879999432,0],[112.16466514400008,-7.0990073229999666,0],[112.16466750800009,-7.0990043079999623,0],[112.16466918800006,-7.0990021649999449,0],[112.16467178300002,-7.0989988539999445,0],[112.16467360500008,-7.0989965299999653,0],[112.16467567800009,-7.0989938859999597,0],[112.16467815200008,-7.098990730999958,0],[112.16467918300009,-7.0989894169999275,0],[112.16468161600005,-7.0989863139999443,0],[112.16468251900005,-7.0989851619999627,0],[112.16468522500008,-7.0989817109999649,0],[112.16468628000007,-7.0989803649999317,0],[112.16468888800011,-7.09897703799993,0],[112.16469014300003,-7.0989754389999575,0],[112.16469224600007,-7.0989727569999559,0],[112.16469416200005,-7.0989703139999278,0],[112.16469623100011,-7.0989676749999262,0],[112.16469828100003,-7.098965059999955,0],[112.1647003060001,-7.0989624769999295,0],[112.16470208600003,-7.0989602069999478,0],[112.1647046490001,-7.098956937999958,0],[112.16470553400006,-7.0989558089999605,0],[112.16470787000003,-7.0989528299999733,0],[112.16470854500005,-7.098951968999927,0],[112.16471161100003,-7.0989480589999516,0],[112.16471190400011,-7.0989476859999741,0],[112.16471468000009,-7.0989441449999617,0],[112.16471471400007,-7.0989441009999723,0],[112.16471474900004,-7.098944056999926,0],[112.16471743200009,-7.0989406359999521,0],[112.16471802700005,-7.0989398749999282,0],[112.16472060500007,-7.0989365879999582,0],[112.16472163100002,-7.0989352799999779,0],[112.16472419600007,-7.0989320089999524,0],[112.16472590600006,-7.0989298269999495,0],[112.16472788800002,-7.0989272999999571,0],[112.16472987100008,-7.0989247699999396,0],[112.16473184200004,-7.0989222569999697,0],[112.16473384400001,-7.0989197029999787,0],[112.16473617000008,-7.0989167369999677,0],[112.16473786200004,-7.0989145789999384,0],[112.16474009000001,-7.0989117379999698,0],[112.16474194900002,-7.0989093669999761,0],[112.16474423200009,-7.0989064549999625,0],[112.16474511700005,-7.098905325999965,0],[112.16474813100001,-7.0989014819999738,0],[112.16474897800003,-7.0989004019999697,0],[112.16475148600011,-7.0988972029999786,0],[112.16475295200007,-7.0988953329999731,0],[112.16475518800007,-7.0988924819999397,0],[112.16475699300008,-7.0988901799999553,0],[112.16475932300011,-7.0988872089999404,0],[112.1647612700001,-7.0988847259999375,0],[112.16476316700005,-7.0988823069999398,0],[112.16476560300009,-7.0988791989999527,0],[112.16476731600005,-7.0988770159999603,0],[112.16477052800008,-7.0988729189999731,0],[112.16477191400008,-7.0988711509999689,0],[112.16477427700011,-7.0988681359999646,0],[112.16477632700003,-7.0988655219999259,0],[112.16477878800004,-7.0988623819999361,0],[112.16478039000003,-7.0988603409999769,0],[112.1647829640001,-7.0988570579999646,0],[112.16478501000006,-7.0988544489999299,0],[112.16478734200007,-7.0988514749999467,0],[112.16478925400008,-7.0988490369999795,0],[112.16479061000007,-7.0988473079999608,0],[112.16479311300009,-7.0988441159999525,0],[112.16479464100007,-7.0988421669999298,0],[112.16479661100004,-7.0988396549999493,0],[112.16479858100001,-7.0988371429999688,0],[112.16480052100007,-7.0988346679999381,0],[112.16480228600005,-7.098832416999926,0],[112.16480468100008,-7.0988293619999467,0],[112.16480621400001,-7.0988274069999306,0],[112.16480817900003,-7.0988249009999436,0],[112.16481081600011,-7.0988215369999352,0],[112.16481234300011,-7.0988195899999482,0],[112.16481585800011,-7.0988151069999503,0],[112.16481691600006,-7.0988137579999488,0],[112.16481838600009,-7.0988118819999499,0],[112.16482014100006,-7.0988096449999603,0],[112.16482294000002,-7.0988060749999704,0],[112.1648241150001,-7.098804576999953,0],[112.16482651000001,-7.0988015219999738,0],[112.16482817700012,-7.0987993949999577,0],[112.16483024600007,-7.0987967559999561,0],[112.16483167100012,-7.0987949379999691,0],[112.16483412400009,-7.0987918089999766,0],[112.16483508300007,-7.0987905859999501,0],[112.16483775100005,-7.0987871829999563,0],[112.16483876600012,-7.0987858879999521,0],[112.16484138600003,-7.0987825459999385,0],[112.16484240400007,-7.0987812479999661,0],[112.16484486100001,-7.0987781149999591,0],[112.16484661300001,-7.0987758789999589,0],[112.16484856900001,-7.0987733849999586,0],[112.16485092400001,-7.0987703809999516,0],[112.16485288700005,-7.0987678769999434,0],[112.16485435900006,-7.0987659999999551,0],[112.16485680800008,-7.098762876999956,0],[112.16485837700009,-7.0987608749999254,0],[112.16486058900011,-7.0987580539999726,0],[112.16486264500008,-7.0987554319999617,0],[112.16486338700008,-7.0987544859999616,0],[112.16486585000007,-7.0987513449999255,0],[112.16486915000007,-7.098747135999929,0],[112.16487173100006,-7.0987438439999551,0],[112.16487507300008,-7.0987395809999612,0],[112.16487732700011,-7.0987367059999542,0],[112.16488240000001,-7.0987302359999376,0],[112.16488465500004,-7.0987273599999412,0],[112.16488741900002,-7.0987238339999408,0],[112.16488917700008,-7.0987215909999577,0],[112.16489296200007,-7.0987167639999598,0],[112.16489434100004,-7.0987150049999741,0],[112.16489752100006,-7.0987109499999406,0],[112.16489947600007,-7.0987084569999297,0],[112.16490244400006,-7.0987046709999504,0],[112.16490525200004,-7.0987010899999632,0],[112.16490762400008,-7.0986980649999509,0],[112.16491158500003,-7.098693012999945,0],[112.1649137600001,-7.0986902379999606,0],[112.16491702000008,-7.0986860799999363,0],[112.1649177590001,-7.0986851379999507,0],[112.16492096800005,-7.0986810459999674,0],[112.16492099100003,-7.0986810159999436,0],[112.164921015,-7.0986809859999767,0],[112.16492168000002,-7.0986801689999766,0],[112.16492171100003,-7.0986801309999805,0],[112.16492174100006,-7.0986800939999739,0],[112.16492503900008,-7.0986760409999761,0],[112.16492566300008,-7.0986752099999535,0],[112.16492568800004,-7.0986751769999614,0],[112.16492571200001,-7.0986751449999588,0],[112.16492952700003,-7.0986700709999582,0],[112.16492983500007,-7.0986696619999634,0],[112.16493290300002,-7.0986655819999669,0],[112.16493460000004,-7.0986633229999256,0],[112.16493731600008,-7.0986597119999715,0],[112.16493916500008,-7.0986572509999633,0],[112.16494216700005,-7.0986532589999456,0],[112.16494583100007,-7.0986483869999688,0],[112.16494683800011,-7.0986470479999753,0],[112.16495299500002,-7.0986388589999478,0],[112.1649538370001,-7.0986377389999689,0],[112.16495946900011,-7.0986302479999495,0],[112.16496072500001,-7.0986285769999427,0],[112.16496633300005,-7.0986211189999722,0],[112.16496725600007,-7.098619891999931,0],[112.16497295800002,-7.0986123079999288,0],[112.16497327000002,-7.0986118909999618,0],[112.16497861000005,-7.0986047899999676,0],[112.16497944200012,-7.0986036829999648,0],[112.16498521000005,-7.0985960119999731,0],[112.16498527800002,-7.0985959209999692,0],[112.16498534700008,-7.0985958299999652,0],[112.16498950800008,-7.0985902959999407,0],[112.16499135800007,-7.0985878359999788,0],[112.16499356400004,-7.0985849019999705,0],[112.16499397900009,-7.0985843489999638,0],[112.16499617300008,-7.0985814299999674,0],[112.16499730100008,-7.0985799299999712,0],[112.16499757300005,-7.0985795679999342,0],[112.16499791100011,-7.0985791179999751,0],[112.16499825100004,-7.0985786669999698,0],[112.16500054500011,-7.0985756169999377,0],[112.16500078000001,-7.0985753039999508,0],[112.16500079800005,-7.0985752809999667,0],[112.1650008150001,-7.0985752579999257,0],[112.16500097900007,-7.098575038999968,0],[112.16500730200005,-7.0985709629999292,0],[112.1650079310001,-7.0985705569999595,0],[112.16501679500004,-7.0985648429999628,0],[112.16501799800005,-7.0985640679999733,0],[112.16502496300006,-7.0985595779999358,0],[112.16502666700001,-7.0985584789999621,0],[112.16503607200002,-7.0985524159999613,0],[112.1650366560001,-7.0985520389999692,0],[112.16504475000011,-7.0985468209999567,0],[112.16504555600011,-7.0985463019999315,0],[112.16505294000001,-7.0985415409999746,0],[112.16505521900001,-7.0985400719999348,0],[112.16505961900009,-7.0985372359999701,0],[112.16506369500007,-7.0985346079999658,0],[112.16507002800006,-7.0985305259999336,0],[112.16507136200005,-7.0985296659999335,0],[112.16507898000009,-7.0985247549999713,0],[112.16508084600002,-7.09852355299995,0],[112.16508785800011,-7.0985190329999455,0],[112.16508788100009,-7.0985190179999336,0],[112.16508790500006,-7.0985190029999785,0],[112.16509649400007,-7.0985134659999289,0],[112.16509693300009,-7.0985131829999659,0],[112.16510409700004,-7.0985085639999284,0],[112.16510564600003,-7.0985075659999666,0],[112.16510820300005,-7.0985059179999439,0],[112.16511420300003,-7.0985020499999791,0],[112.16511495900011,-7.0985015619999672,0],[112.16511813900001,-7.0984995119999326,0],[112.16511885400007,-7.0984990499999299,0],[112.16512378500011,-7.0984958709999546,0],[112.16512505300011,-7.0984950539999545,0],[112.16512893000004,-7.0984925549999502,0],[112.16513024300002,-7.0984917089999726,0],[112.16513391400008,-7.0984893419999366,0],[112.16513574600003,-7.0984881619999669,0],[112.16513971600011,-7.0984856029999719,0],[112.16514066900004,-7.0984849879999388,0],[112.16514285200003,-7.0984835809999254,0],[112.16514503200005,-7.0984821759999477,0],[112.16514547300005,-7.098481890999949,0],[112.16514828700008,-7.0984800779999659,0],[112.16515109900001,-7.0984782639999366,0],[112.16515114700007,-7.0984782329999803,0],[112.16515119600001,-7.098478201999967,0],[112.16515515600008,-7.098475647999976,0],[112.16515725000011,-7.0984742989999745,0],[112.16516057700005,-7.0984721539999782,0],[112.16516191800008,-7.0984712889999741,0],[112.16516498300007,-7.0984693139999422,0],[112.16516708900008,-7.098467955999979,0],[112.16517112200006,-7.0984653559999629,0],[112.16517545400006,-7.0984625629999414,0],[112.1651762350001,-7.0984620589999281,0],[112.16517896000005,-7.0984603019999781,0],[112.16518492900002,-7.0984564529999261,0],[112.165187317,-7.0984549139999444,0],[112.1651873830001,-7.0984548709999444,0],[112.16518744900009,-7.0984548289999339,0],[112.16518901100005,-7.0984538209999641,0],[112.16519243200003,-7.0984516159999771,0],[112.16519639500007,-7.0984490619999292,0],[112.16519956500008,-7.0984470179999448,0],[112.16520273200001,-7.0984449759999393,0],[112.16520395500004,-7.0984441879999736,0],[112.16521027900001,-7.098440112999981,0],[112.16521267000007,-7.0984385709999742,0],[112.16521751900007,-7.0984354449999501,0],[112.16521813300005,-7.0984350489999315,0],[112.16522253400001,-7.0984322119999774,0],[112.16522512300003,-7.0984305429999495,0],[112.16522583300002,-7.0984300849999613,0],[112.16523030700012,-7.0984272009999358,0],[112.165231629,-7.0984263489999648,0],[112.16523382300011,-7.0984249349999686,0],[112.16523509500007,-7.0984241149999434,0],[112.16523620100008,-7.0984234019999803,0],[112.16524125000001,-7.0984201459999667,0],[112.16524266900001,-7.0984192319999693,0],[112.16524721700011,-7.0984162999999398,0],[112.16524725700003,-7.0984162739999306,0],[112.16524729700006,-7.0984162479999782,0],[112.1652520130001,-7.098413207999954,0],[112.1652525500001,-7.0984128619999751,0],[112.16525677000004,-7.0984101419999774,0],[112.16525799500005,-7.098409351999976,0],[112.16526152600011,-7.098407075999944,0],[112.16526402000011,-7.0984054679999531,0],[112.1652672030001,-7.0984034159999396,0],[112.16526796100004,-7.0984029269999382,0],[112.16527267900005,-7.0983998859999815,0],[112.16527303400005,-7.098399656999959,0],[112.16527759600001,-7.0983967159999679,0],[112.16527832800011,-7.0983962439999573,0],[112.16528251400007,-7.0983935449999649,0],[112.16528303500002,-7.0983932089999371,0],[112.16528749800011,-7.0983903319999513,0],[112.16528757700007,-7.098390280999979,0],[112.16528765800001,-7.0983902289999605,0],[112.16529167200008,-7.0983876409999311,0],[112.16529323500004,-7.0983866329999614,0],[112.16529661400011,-7.0983844549999731,0],[112.16529722100006,-7.0983840639999585,0],[112.16529843600006,-7.0983832809999399,0],[112.16530166500002,-7.0983811989999595,0],[112.16530255000009,-7.0983806279999726,0],[112.16530706800006,-7.0983777149999696,0],[112.16531163900004,-7.0983747679999283,0],[112.16531422000003,-7.0983731039999611,0],[112.16531579800005,-7.0983720869999729,0],[112.16531604700003,-7.0983719269999597,0],[112.16531704500005,-7.0983712839999384,0],[112.16531764100012,-7.0983708999999635,0],[112.16531891500006,-7.0983700789999489,0],[112.16531929200005,-7.0983698359999607,0],[112.16532155200002,-7.0983683789999645,0],[112.16532404500003,-7.098366771999963,0],[112.16532886800007,-7.0983636629999296,0],[112.16533021100008,-7.0983627969999361,0],[112.16533244600009,-7.0983613559999412,0],[112.16533286000003,-7.0983610889999795,0],[112.16533665400004,-7.0983586429999264,0],[112.16533778000007,-7.0983579169999302,0],[112.16534039700002,-7.098356229999979,0],[112.16534162400001,-7.0983554389999313,0],[112.16534476000004,-7.0983534169999416,0],[112.1653457220001,-7.0983527969999614,0],[112.16535001800003,-7.0983500279999703,0],[112.16535082700011,-7.0983495059999768,0],[112.16535515200007,-7.0983467179999593,0],[112.16535570000008,-7.0983463649999408,0],[112.16536037200001,-7.0983433529999616,0],[112.16536085900009,-7.0983430389999285,0],[112.16536547700002,-7.098340061999977,0],[112.16536613200003,-7.0983396399999492,0],[112.16537093900001,-7.0983365409999806,0],[112.16537175700012,-7.0983360139999263,0],[112.16537716100004,-7.0983325299999365,0],[112.1653780900001,-7.0983319309999615,0],[112.16538241000001,-7.0983291459999691,0],[112.16538265100007,-7.0983289909999598,0],[112.16538779000007,-7.0983256779999806,0],[112.16538786000001,-7.0983256329999449,0],[112.16538793200004,-7.0983255859999304,0],[112.16539245300009,-7.0983226719999379,0],[112.16539403500008,-7.0983216519999814,0],[112.16539802400007,-7.0983190799999534,0],[112.16539948400009,-7.0983181389999572,0],[112.16540330800001,-7.0983156739999345,0],[112.16540552900005,-7.0983142419999581,0],[112.16540975500004,-7.0983115179999459,0],[112.16541055700009,-7.0983110009999564,0],[112.1654157480001,-7.0983076549999282,0],[112.16541742000004,-7.0983065769999598,0],[112.16542101000005,-7.0983042629999318,0],[112.16542236000009,-7.0983033929999806,0],[112.16542770100011,-7.0982999499999551,0],[112.16542807500002,-7.0982997089999458,0],[112.16543311500004,-7.0982964599999718,0],[112.16543398800002,-7.0982958969999572,0],[112.16543823100005,-7.0982931619999476,0],[112.16543967900009,-7.0982922289999806,0],[112.16544347600006,-7.0982897809999486,0],[112.16544541400003,-7.0982885319999696,0],[112.16544999600001,-7.0982855779999454,0],[112.16545099600012,-7.0982849329999453,0],[112.16545573400003,-7.0982818779999661,0],[112.16545728500012,-7.0982808779999687,0],[112.16546159800009,-7.0982780979999802,0],[112.16546317700011,-7.0982770799999457,0],[112.16546758400011,-7.0982742389999771,0],[112.16546920000008,-7.0982731969999691,0],[112.16547393300004,-7.0982701459999475,0],[112.16547511300007,-7.0982693849999805,0],[112.16547910600002,-7.0982668109999736,0],[112.16548140400005,-7.098265329999947,0],[112.16548506600009,-7.0982629689999612,0],[112.16548771400005,-7.0982612619999372,0],[112.16549164100002,-7.0982587299999409,0],[112.16549296300002,-7.0982578779999699,0],[112.16549858900009,-7.0982542509999575,0],[112.16549862600004,-7.0982542269999271,0],[112.165498662,-7.098254203999943,0],[112.16550352700006,-7.0982510679999677,0],[112.16550386600011,-7.0982508489999532,0],[112.16550910600006,-7.0982474709999792,0],[112.16551404500001,-7.0982442869999431,0],[112.16551543600008,-7.0982433899999364,0],[112.16551999400008,-7.0982404519999704,0],[112.16552093300004,-7.0982398469999453,0],[112.16552557000011,-7.0982368569999608,0],[112.16552559800004,-7.0982368389999806,0],[112.16552562900006,-7.0982368189999647,0],[112.1655313870001,-7.0982331079999312,0],[112.16553145300009,-7.0982330649999312,0],[112.16553152000006,-7.0982330219999312,0],[112.16553609900006,-7.0982300699999428,0],[112.16553716400006,-7.0982293829999321,0],[112.16554215000008,-7.0982261689999291,0],[112.16554277500006,-7.0982257659999277,0],[112.1655479530001,-7.0982224279999286,0],[112.16554856000005,-7.0982220369999709,0],[112.16555194700004,-7.0982198539999786,0],[112.16555386500011,-7.0982186179999758,0],[112.16555798500008,-7.0982159619999265,0],[112.16555872600009,-7.0982154839999794,0],[112.16556330600008,-7.0982125309999446,0],[112.16556333700009,-7.0982125109999288,0],[112.165563367,-7.0982124919999592,0],[112.16556803000003,-7.0982094859999734,0],[112.16556872600006,-7.0982090369999469,0],[112.1655726890001,-7.0982064819999664,0],[112.16557333800006,-7.0982060639999531,0],[112.16557846900002,-7.0982027559999779,0],[112.16557962400009,-7.0982020109999553,0],[112.16558400400004,-7.0981991869999774,0],[112.16558458100008,-7.0981988149999324,0],[112.16558909600008,-7.0981959039999651,0],[112.16559098100004,-7.0981946889999676,0],[112.16559447700001,-7.0981924349999304,0],[112.16559601000006,-7.0981914469999765,0],[112.16560085900005,-7.0981883209999523,0],[112.16560167800003,-7.0981877929999655,0],[112.16560625400007,-7.0981848429999559,0],[112.16560962800008,-7.0981826679999358,0],[112.16561256200009,-7.098180776999925,0],[112.16561890600008,-7.0981766869999774,0],[112.16562129900001,-7.0981751439999812,0],[112.16562543800001,-7.0981724759999452,0],[112.16563031800001,-7.098169329999962,0],[112.16563148700004,-7.0981685759999777,0],[112.16563606500006,-7.0981656249999787,0],[112.16563769000004,-7.0981645769999773,0],[112.16564184400011,-7.0981618989999333,0],[112.16564207300007,-7.0981617509999637,0],[112.1656475210001,-7.0981582389999289,0],[112.16564762600001,-7.0981581709999659,0],[112.16564773000005,-7.0981581039999355,0],[112.1656525190001,-7.0981550169999537,0],[112.16565436400003,-7.0981538279999654,0],[112.16565897600003,-7.0981508549999717,0],[112.16566005700008,-7.0981501579999531,0],[112.16566408800009,-7.0981475589999263,0],[112.16566503800004,-7.0981469469999752,0],[112.16567011100005,-7.0981436769999391,0],[112.16567161500006,-7.0981427069999654,0],[112.16567598200004,-7.0981398919999492,0],[112.16567677500007,-7.0981393809999531,0],[112.16568186600011,-7.0981360989999303,0],[112.16568231200006,-7.0981358119999527,0],[112.16568732700011,-7.0981325789999801,0],[112.16568824800004,-7.0981319849999522,0],[112.16569318300003,-7.0981288039999413,0],[112.16569493600002,-7.0981276739999544,0],[112.16569864200005,-7.0981252849999805,0],[112.16569946300001,-7.0981247559999474,0],[112.16570477000005,-7.0981213349999734,0],[112.16570479800009,-7.0981213169999364,0],[112.16570482800012,-7.0981212979999668,0],[112.16570990300011,-7.0981180259999519,0],[112.16571105900005,-7.0981172809999293,0],[112.16571572900011,-7.0981142699999396,0],[112.16571688400006,-7.0981135249999738,0],[112.16572116900011,-7.0981107629999656,0],[112.16572293000002,-7.0981096279999747,0],[112.16572767900004,-7.0981065659999558,0],[112.16572913200002,-7.0981056289999742,0],[112.16573380400007,-7.0981026169999382,0],[112.16573517600011,-7.0981017329999645,0],[112.1657395310001,-7.0980989249999311,0],[112.16574168800003,-7.0980975339999759,0],[112.165746119,-7.0980946779999385,0],[112.16574722200005,-7.0980939669999543,0],[112.16575132200001,-7.0980913239999381,0],[112.16575380000006,-7.0980897269999446,0],[112.16575719100001,-7.0980875409999271,0],[112.1657606870001,-7.0980852869999467,0],[112.16576416700002,-7.0980830439999636,0],[112.16576800500002,-7.0980805699999792,0],[112.16577355600009,-7.0980769909999708,0],[112.16577413200002,-7.0980766199999721,0],[112.16577965300007,-7.0980730609999796,0],[112.16577989600012,-7.0980729039999346,0],[112.1657857990001,-7.0980690989999289,0],[112.16578774400011,-7.0980678449999459,0],[112.16579341600004,-7.0980641879999666,0],[112.16579497900011,-7.0980631799999401,0],[112.16580105900005,-7.0980592599999568,0],[112.16580243400006,-7.0980583739999474,0],[112.16580856000007,-7.0980544249999298,0],[112.16580949700005,-7.0980538209999509,0],[112.16581613000005,-7.0980495449999808,0],[112.1658161690001,-7.0980495199999609,0],[112.16581620900001,-7.0980494939999517,0],[112.16582344900007,-7.098044826999967,0],[112.16582580600004,-7.0980433079999443,0],[112.16583107400004,-7.0980399119999333,0],[112.16583513700004,-7.0980372929999476,0],[112.16584121900007,-7.0980333719999749,0],[112.16584417200011,-7.098031467999931,0],[112.16585086300006,-7.0980271549999543,0],[112.1658525580001,-7.098026061999974,0],[112.16585913600011,-7.0980218219999642,0],[112.16586079700005,-7.0980207509999786,0],[112.16586742100003,-7.0980164809999451,0],[112.16587051200008,-7.098014487999933,0],[112.16587540700004,-7.0980113319999418,0],[112.16587845400011,-7.0980093679999641,0],[112.16588469800001,-7.0980053429999543,0],[112.16588500900002,-7.0980051429999662,0],[112.16589174300009,-7.0980008019999445,0],[112.16589273800003,-7.0980001599999696,0],[112.16589935600007,-7.0979958939999506,0],[112.16590028900009,-7.0979952929999399,0],[112.16590508400009,-7.0979922019999435,0],[112.16590693600006,-7.0979910079999513,0],[112.16591112100002,-7.0979883099999483,0],[112.16591305400004,-7.0979870639999376,0],[112.16591830700008,-7.0979836779999346,0],[112.16591891000007,-7.0979832889999557,0],[112.16592316200001,-7.0979805479999527,0],[112.16592542900003,-7.097979086999942,0],[112.16592986600006,-7.0979762269999469,0],[112.16593337000006,-7.0979739679999625,0],[112.16593603700005,-7.0979722489999517,0],[112.16593840100006,-7.0979707239999357,0],[112.16594037600009,-7.0979694509999263,0],[112.16594473900011,-7.0979666389999352,0],[112.16594640100004,-7.0979655679999496,0],[112.16595093300009,-7.0979626459999281,0],[112.16595502400003,-7.0979600089999622,0],[112.16595573800009,-7.0979595489999383,0],[112.1659611120001,-7.0979560849999643,0],[112.16596691400002,-7.0979523449999533,0],[112.16597014800004,-7.0979502599999478,0],[112.16597651900008,-7.0979461529999526,0],[112.16598145100011,-7.097942972999931,0],[112.16598743300005,-7.0979391159999636,0],[112.16599204500005,-7.0979361429999699,0],[112.16599843500001,-7.0979320229999416,0],[112.16600218700012,-7.097929603999944,0],[112.1660071980001,-7.0979263729999502,0],[112.16601371900003,-7.0979221689999576,0],[112.1660152290001,-7.0979211959999589,0],[112.16602144300009,-7.0979171899999756,0],[112.16602320300001,-7.0979160549999278,0],[112.16602970000008,-7.0979118659999472,0],[112.16603082100005,-7.0979111429999762,0],[112.16603810800007,-7.0979064449999782,0],[112.16603994500008,-7.0979052609999371,0],[112.16604523300009,-7.0979018519999499,0],[112.1660469410001,-7.0979007509999406,0],[112.16605372000004,-7.0978963809999414,0],[112.16605571200012,-7.0978950969999346,0],[112.16606072600007,-7.0978918649999514,0],[112.16606392100005,-7.0978898049999657,0],[112.16607020900005,-7.0978857519999679,0],[112.16607682900008,-7.0978814829999806,0],[112.16608001600002,-7.0978794289999314,0],[112.16608311700008,-7.0978774299999259,0],[112.16608660100007,-7.0978751839999745,0],[112.16608924400009,-7.0978734799999756,0],[112.16609452700004,-7.0978700739999567,0],[112.16609494000011,-7.0978698079999276,0],[112.1660986600001,-7.0978674099999353,0],[112.16610206200005,-7.097865216999935,0],[112.16610275200003,-7.0978647719999799,0],[112.16610920700009,-7.0978606109999305,0],[112.16610928700004,-7.0978605589999688,0],[112.16610936600011,-7.0978605079999397,0],[112.16611189900004,-7.097858874999929,0],[112.16611341100008,-7.0978579009999407,0],[112.16611790700006,-7.0978550019999602,0],[112.16611931600005,-7.0978540939999561,0],[112.1661233530001,-7.0978514909999717,0],[112.16612631300006,-7.0978495829999702,0],[112.16612815300005,-7.0978483969999502,0],[112.16613366800004,-7.097844840999926,0],[112.16613463300007,-7.0978442189999669,0],[112.1661385750001,-7.0978416769999626,0],[112.16614134000008,-7.0978398939999465,0],[112.16614611500006,-7.0978368159999263,0],[112.16614731700008,-7.0978360409999368,0],[112.16615376400011,-7.0978318849999482,0],[112.16616080000006,-7.0978273489999424,0],[112.16616084600003,-7.0978273189999754,0],[112.1661608930001,-7.0978272889999516,0],[112.16616792000002,-7.0978227579999498,0],[112.16616799300004,-7.0978227109999352,0],[112.16616806800005,-7.0978226629999313,0],[112.16617377500006,-7.0978189839999573,0],[112.16617543300003,-7.0978179149999505,0],[112.1661813290001,-7.0978141139999593,0],[112.16618165000011,-7.0978139069999315,0],[112.16618299400011,-7.0978130389999592,0],[112.16618771000003,-7.0978114159999564,0],[112.16618999000002,-7.0978106309999589,0],[112.1661900470001,-7.097810610999943,0],[112.16619010500006,-7.0978105909999272,0],[112.16619501600007,-7.0978089009999508,0],[112.16619831300011,-7.0978077659999599,0],[112.16619965300004,-7.0978073039999572,0],[112.16620639100006,-7.0978049849999252,0],[112.16620933500008,-7.0978039709999621,0],[112.16621807200011,-7.0978009629999406,0],[112.16621838100002,-7.0978008569999815,0],[112.16622897000002,-7.0977972109999428,0],[112.16623934000006,-7.0977936409999529,0],[112.16624013100011,-7.0977933689999304,0],[112.16625000300007,-7.0977899699999512,0],[112.16625386100009,-7.097788641999955,0],[112.16626238200001,-7.0977857079999467,0],[112.16626754100002,-7.0977839309999808,0],[112.16627646100005,-7.0977808599999435,0],[112.166279153,-7.0977799329999698,0],[112.16628958800004,-7.097776339999939,0],[112.16629404900004,-7.0977748049999718,0],[112.16630071200007,-7.0977725109999596,0],[112.16630382900007,-7.0977714379999384,0],[112.16631413900006,-7.0977678879999644,0],[112.16631675000008,-7.0977669889999788,0],[112.16632664800011,-7.0977635809999811,0],[112.1663305510001,-7.0977622369999267,0],[112.16633836700009,-7.0977595459999634,0],[112.16634520700006,-7.097757190999971,0],[112.16635340700009,-7.0977543679999258,0],[112.16636057900007,-7.0977518989999453,0],[112.16636752200009,-7.0977495089999252,0],[112.16637328500008,-7.0977475249999316,0],[112.16638247700007,-7.0977443599999788,0],[112.16638658600004,-7.0977429449999363,0],[112.1663971800001,-7.0977392979999649,0],[112.16640340800006,-7.0977371539999581,0],[112.16640969500008,-7.0977349899999354,0],[112.16641704300002,-7.0977324599999747,0],[112.16642557400007,-7.0977295229999413,0],[112.16643331900002,-7.097726856999941,0],[112.16644006600006,-7.0977245339999513,0],[112.16644964200009,-7.0977212369999734,0],[112.16645653400008,-7.097718863999944,0],[112.16646658400009,-7.0977154039999277,0],[112.1664728610001,-7.0977132429999301,0],[112.16648288300007,-7.0977097929999786,0],[112.1664901370001,-7.0977072959999532,0],[112.16650020600002,-7.0977038289999541,0],[112.16650550600002,-7.0977020039999275,0],[112.16651460000003,-7.0976988729999562,0],[112.16652077300012,-7.0976967469999295,0],[112.16652916400005,-7.0976938589999463,0],[112.16653583800007,-7.0976915609999764,0],[112.16654684300011,-7.097687771999972,0],[112.1665507240001,-7.0976864359999468,0],[112.16655926300007,-7.0976834959999451,0],[112.1665690640001,-7.0976801209999394,0],[112.1665739450001,-7.0976784409999709,0],[112.16658297100003,-7.0976753339999732,0],[112.16658808000011,-7.0976735749999307,0],[112.16659651400005,-7.0976706709999462,0],[112.16660211800001,-7.0976687429999288,0],[112.16661083100007,-7.0976657419999469,0],[112.16661342100008,-7.0976648499999442,0],[112.1666236960001,-7.097661311999957,0],[112.16662691100009,-7.0976602049999542,0],[112.16663603100005,-7.0976570649999644,0],[112.16664235500002,-7.0976548879999655,0],[112.16665015600006,-7.0976522019999493,0],[112.16665384700002,-7.0976509309999756,0],[112.1666648260001,-7.0976471509999328,0],[112.1666663630001,-7.0976466219999566,0],[112.16667645700011,-7.0976431469999284,0],[112.16667921100009,-7.0976421989999494,0],[112.16668874100003,-7.0976389179999728,0],[112.16669232400011,-7.0976376839999489,0],[112.16670129600004,-7.0976345949999313,0],[112.16670286500005,-7.0976340549999577,0],[112.16671133400007,-7.0976311389999296,0],[112.16671452200001,-7.0976300419999347,0],[112.16672294600005,-7.0976271419999648,0],[112.16672527300011,-7.097626340999966,0],[112.16673444100002,-7.0976231849999749,0],[112.16673479400004,-7.0976230629999577,0],[112.16674480300003,-7.0976196169999639,0],[112.16674693100003,-7.0976188839999281,0],[112.16675602700002,-7.0976157529999568,0],[112.16676185100005,-7.0976137479999579,0],[112.16676992600003,-7.0976109679999695,0],[112.16677267800003,-7.09761002099998,0],[112.16678361300001,-7.0976062559999491,0],[112.16678590700008,-7.0976054659999477,0],[112.16679497400003,-7.0976023439999381,0],[112.16680299100005,-7.0975995839999655,0],[112.1668093510001,-7.0975973939999335,0],[112.16682230300012,-7.097592934999966,0],[112.16682328900004,-7.0975925959999699,0],[112.16683087900003,-7.0975899829999776,0],[112.166832451,-7.0975894419999577,0],[112.16684161100011,-7.0975862879999454,0],[112.1668450730001,-7.097585095999932,0],[112.16685196000003,-7.0975827249999384,0],[112.16685401500001,-7.0975820169999793,0],[112.16686233600001,-7.0975791529999697,0],[112.16686398000002,-7.0975785869999299,0],[112.16687316200012,-7.0975754259999349,0],[112.16687472000001,-7.0975748899999758,0],[112.16688414400005,-7.0975716449999595,0],[112.16688557300006,-7.097571152999933,0],[112.1668947390001,-7.0975679969999419,0],[112.16689726600009,-7.0975671269999339,0],[112.1669072840001,-7.0975636779999718,0],[112.16691147200004,-7.0975622359999306,0],[112.16691853200007,-7.0975598049999462,0],[112.16692662800006,-7.097557017999975,0],[112.16693278900004,-7.0975548969999522,0],[112.16693995500009,-7.0975524299999506,0],[112.16694607400007,-7.0975503229999504,0],[112.16695353400007,-7.0975477539999474,0],[112.1669609380001,-7.0975452049999603,0],[112.16696579500001,-7.0975435339999535,0],[112.16697456100007,-7.0975405149999347,0],[112.16697714500003,-7.0975396249999676,0],[112.16698682600008,-7.0975362919999725,0],[112.16699011300011,-7.0975351609999393,0],[112.16699805400003,-7.097532426999976,0],[112.1670033900001,-7.0975305899999626,0],[112.16701244500007,-7.0975274729999569,0],[112.16702066500011,-7.0975246419999394,0],[112.16702330600003,-7.0975237329999459,0],[112.16704036900001,-7.0975178579999465,0],[112.16704315100003,-7.097516900999949,0],[112.16705026500006,-7.0975144519999276,0],[112.167055,-7.0975128209999525,0],[112.16706507200001,-7.0975093539999534,0],[112.16706949200011,-7.0975078319999625,0],[112.16707752900004,-7.0975050649999503,0],[112.16708238700005,-7.097503392999954,0],[112.16709225700004,-7.0974999949999642,0],[112.16709478500002,-7.0974991239999667,0],[112.16710433100002,-7.0974958379999293,0],[112.16710868100006,-7.0974943399999688,0],[112.16711539700009,-7.0974920279999765,0],[112.16711950800004,-7.097490612999934,0],[112.1671305210001,-7.0974868209999613,0],[112.16713280900001,-7.0974860329999387,0],[112.16714156900002,-7.097483016999945,0],[112.1671452060001,-7.0974817649999409,0],[112.16715461600006,-7.0974785249999286,0],[112.1671601490001,-7.0974766199999522,0],[112.16716534200009,-7.0974748319999321,0],[112.16717373600011,-7.0974719419999701,0],[112.16718114200012,-7.0974693919999368,0],[112.16718682300007,-7.0974674359999312,0],[112.16719512600002,-7.0974645779999719,0],[112.16720833700003,-7.0974600299999793,0],[112.1672083950001,-7.0974600099999634,0],[112.16720845300006,-7.0974599899999475,0],[112.16721855600008,-7.0974565119999511,0],[112.16722206300005,-7.0974553049999258,0],[112.1672311960001,-7.0974521599999321,0],[112.16723686300008,-7.0974502089999305,0],[112.1672454830001,-7.0974472419999302,0],[112.1672460960001,-7.0974470309999447,0],[112.16725202300006,-7.0974449909999748,0],[112.16725586200005,-7.0974449029999391,0],[112.16726690900009,-7.0974446509999325,0],[112.16727317200002,-7.0974445079999668,0],[112.16728018200001,-7.0974443479999536,0],[112.16728821300001,-7.0974441659999457,0],[112.167295233,-7.097444004999943,0],[112.16730315500001,-7.0974438239999813,0],[112.16731107100009,-7.0974436429999628,0],[112.16731567200009,-7.0974435379999363,0],[112.16732554200007,-7.0974433129999284,0],[112.16732816300009,-7.0974432529999376,0],[112.16733732600005,-7.097443043999931,0],[112.16734244000008,-7.0974429269999746,0],[112.16734996100001,-7.0974427549999746,0],[112.16735421700002,-7.0974426579999772,0],[112.16736492700011,-7.0974424139999428,0],[112.16736909000008,-7.0974423189999811,0],[112.16737756700002,-7.0974421259999758,0],[112.16739147900012,-7.0974418079999282,0],[112.16739919000008,-7.0974416319999705,0],[112.16740833400002,-7.0974414229999638,0],[112.16741099300009,-7.0974413619999268,0],[112.16742114400006,-7.097441129999936,0],[112.16742424500001,-7.0974410589999479,0],[112.1674325890001,-7.0974408699999572,0],[112.16743735600005,-7.0974407599999267,0],[112.16744693800001,-7.097440540999969,0],[112.16745020600001,-7.0974404659999664,0],[112.16745851600001,-7.0974402759999293,0],[112.16746319600009,-7.0974401689999809,0],[112.167472997,-7.0974399449999623,0],[112.16747925900006,-7.0974398019999398,0],[112.16748533900011,-7.0974396639999782,0],[112.16749512900003,-7.0974394399999596,0],[112.16750087300011,-7.0974393089999808,0],[112.16750931100012,-7.0974391159999755,0],[112.16751731500005,-7.0974389329999781,0],[112.16753023600006,-7.0974386379999714,0],[112.16754074400001,-7.0974383979999516,0],[112.16754961000004,-7.0974381959999278,0],[112.16755542500005,-7.09743806299997,0],[112.16756429800012,-7.0974378609999462,0],[112.16756856000006,-7.0974377639999489,0],[112.16757668100001,-7.0974375789999726,0],[112.16757883800005,-7.0974375299999792,0],[112.16758752400006,-7.09743733199997,0],[112.16758828200011,-7.0974373149999792,0],[112.16759763700009,-7.097437101999958,0],[112.16760081200005,-7.0974370299999805,0],[112.16760879700007,-7.0974368479999725,0],[112.16760941700011,-7.0974368339999501,0],[112.16761805500005,-7.0974366369999302,0],[112.16762164600004,-7.0974365549999447,0],[112.16763066500005,-7.0974363499999527,0],[112.1676328530001,-7.0974362989999804,0],[112.16764018700007,-7.0974361319999275,0],[112.16764648600008,-7.0974359879999724,0],[112.16765422900005,-7.0974358109999685,0],[112.16766376100009,-7.0974355929999433,0],[112.16766928100003,-7.0974354669999684,0],[112.16767875300002,-7.097435250999979,0],[112.16768438200006,-7.0974351229999684,0],[112.16769455100007,-7.0974348909999776,0],[112.16769916400006,-7.0974347859999511,0],[112.16771678500004,-7.0974343839999392,0],[112.16773300500006,-7.0974340139999299,0],[112.1677377850001,-7.0974339049999458,0],[112.16774920900002,-7.0974336439999774,0],[112.1677545440001,-7.0974335219999602,0],[112.16776529400011,-7.0974332769999364,0],[112.16776969700004,-7.0974331769999708,0],[112.16777918900004,-7.0974329599999351,0],[112.16778694200002,-7.0974327829999311,0],[112.16779351500008,-7.097432633999972,0],[112.16780086200004,-7.0974324649999403,0],[112.167808648,-7.0974322869999469,0],[112.16781467800001,-7.0974321489999284,0],[112.16782254300006,-7.0974319699999455,0],[112.16782911600001,-7.0974318209999296,0],[112.16783472600002,-7.0974316919999296,0],[112.16784468200001,-7.0974314649999428,0],[112.1678577240001,-7.0974311669999679,0],[112.16787465300001,-7.0974307809999573,0],[112.16787898400003,-7.0974306819999811,0],[112.16788626400012,-7.0974305169999639,0],[112.16789708100009,-7.0974302689999718,0],[112.16790037700002,-7.0974301939999691,0],[112.16790904200002,-7.0974299959999598,0],[112.16791619800006,-7.0974298329999783,0],[112.16792220100001,-7.0974296959999492,0],[112.16792833400007,-7.0974295559999518,0],[112.16793780100011,-7.0974293399999624,0],[112.16793932700011,-7.0974293049999346,0],[112.16794927000001,-7.0974290779999478,0],[112.16795296300006,-7.0974289939999267,0],[112.1679611940001,-7.0974288059999253,0],[112.16796735600008,-7.0974286649999385,0],[112.16797437000002,-7.0974285049999253,0],[112.16798001600012,-7.0974283759999253,0],[112.16798829300001,-7.0974281869999345,0],[112.16799255500007,-7.0974280899999371,0],[112.16800170100009,-7.0974278809999305,0],[112.16801534700005,-7.0974275699999794,0],[112.16801806500007,-7.0974275079999529,0],[112.16803065100009,-7.0974272209999754,0],[112.16803150900012,-7.0974272009999595,0],[112.16803919500001,-7.0974270259999344,0],[112.16804064100006,-7.0974269929999423,0],[112.16804609200005,-7.0974268689999462,0],[112.16807491400004,-7.09742621099997,0],[112.1680950650001,-7.0974257509999461,0],[112.16812622300006,-7.0974250409999513,0],[112.16815179100001,-7.097424455999942,0],[112.16818504500009,-7.0974236969999538,0],[112.16820756600009,-7.0974231829999326,0],[112.16823873700002,-7.0974224719999484,0],[112.16826124700003,-7.0974219579999271,0],[112.16828939000004,-7.0974213159999522,0],[112.16831321400002,-7.097420771999964,0],[112.16834518400003,-7.0974200419999534,0],[112.16836784600002,-7.0974195249999639,0],[112.16839833000006,-7.0974188289999347,0],[112.16841790900003,-7.0974183819999439,0],[112.16845665400001,-7.0974174979999702,0],[112.1684730180001,-7.0974171249999358,0],[112.16847911000002,-7.0974169859999279,0],[112.16850992500008,-7.0974162829999727,0],[112.1685117080001,-7.0974162419999516,0],[112.16852032200006,-7.097416045999978,0],[112.16855905500006,-7.0974151609999581,0],[112.1685622010001,-7.0974150889999805,0],[112.1686067820001,-7.0974140719999355,0],[112.1686227560001,-7.0974137069999301,0],[112.16863611600002,-7.0974134019999724,0],[112.16864935900003,-7.0974130999999261,0],[112.16865086700011,-7.0974130659999446,0],[112.16865498600009,-7.0974129729999618,0],[112.16866355100001,-7.0974136649999764,0],[112.16866691900009,-7.0974139379999315,0],[112.16866805900008,-7.0974140289999355,0],[112.16867798100009,-7.0974148319999699,0],[112.16868859900001,-7.0974156909999806,0],[112.16871193700001,-7.0974175789999663,0],[112.16871505100005,-7.0974178309999729,0],[112.16875343700008,-7.0974209369999812,0],[112.16875711800003,-7.0974212359999456,0],[112.1687946290001,-7.0974242699999763,0],[112.16879869700006,-7.0974245989999645,0],[112.16880464100007,-7.0974250799999368,0],[112.16884145200004,-7.0974280579999345,0],[112.1688446170001,-7.0974283139999557,0],[112.16888739500007,-7.0974317749999614,0],[112.16889133100005,-7.0974320929999521,0],[112.1688939930001,-7.0974323079999522,0],[112.16896918700002,-7.0974383909999688,0],[112.16897096600007,-7.0974385349999807,0],[112.16906461100007,-7.0974461109999538,0],[112.16906855400009,-7.097446429999934,0],[112.16914500100006,-7.0974526149999519,0],[112.1691815260001,-7.0974555699999655,0],[112.16921525500004,-7.0974582989999249,0],[112.16923326200003,-7.0974597559999779,0],[112.16923631200007,-7.0974600029999806,0],[112.1692501120001,-7.097461118999945,0],[112.16927228500003,-7.0974629129999585,0],[112.16927676300008,-7.0974632749999387,0],[112.1693028090001,-7.0974653819999389,0],[112.16930418700008,-7.0974654929999588,0],[112.16932971800009,-7.0974675579999484,0],[112.16933208700004,-7.0974677499999643,0],[112.16936014000009,-7.0974700199999461,0],[112.16936222900006,-7.0974701889999778,0],[112.16936646800002,-7.0974705319999316,0],[112.16936811200003,-7.0974706649999462,0],[112.1693759100001,-7.0974712959999806,0],[112.16937618400004,-7.0974713179999753,0],[112.16937964400006,-7.0974715979999701,0],[112.16978606200007,-7.0975044779999621,0],[112.16979139400007,-7.0975049089999516,0],[112.16983064800002,-7.0975080849999586,0],[112.16985392400011,-7.0975099679999403,0],[112.16986033700005,-7.0975104869999655,0],[112.16991727800007,-7.0975150939999594,0],[112.16992915600008,-7.0975160559999608,0],[112.16995118400007,-7.0975178369999412,0],[112.16998164400002,-7.0975203009999746,0],[112.16998252300004,-7.0975203719999627,0],[112.17002128500008,-7.0975235079999379,0],[112.1700213790001,-7.097523515999967,0],[112.17002147400001,-7.0975235239999392,0],[112.17004298400002,-7.0975252629999659,0],[112.17005140700007,-7.0975259439999263,0],[112.17006018800009,-7.097526653999978,0],[112.17008346600005,-7.0975285369999597,0],[112.17009024100003,-7.0975290849999624,0],[112.17010646300002,-7.0975303969999572,0],[112.17012000900002,-7.0975314929999627,0],[112.17012604900003,-7.0975319829999535,0],[112.17015277400003,-7.0975341439999511,0],[112.17015393700001,-7.0975342379999802,0],[112.17018368200002,-7.0975366439999448,0],[112.170185704,-7.0975368079999726,0],[112.17021152200005,-7.0975388969999358,0],[112.17021696600011,-7.0975393379999332,0],[112.1702483360001,-7.0975418759999798,0],[112.17025049800009,-7.0975420509999481,0],[112.17027707900002,-7.0975442009999483,0],[112.17028797400008,-7.0975450819999537,0],[112.17031488200007,-7.0975472589999526,0],[112.1703316600001,-7.0975486159999264,0],[112.1703489680001,-7.0975500159999569,0],[112.17035764400009,-7.097552564999944,0],[112.1703723490001,-7.0975568859999498,0],[112.1703978160001,-7.0975643679999507,0],[112.17041896400008,-7.0975705809999567,0],[112.17044110400002,-7.0975770859999443,0],[112.17044966000003,-7.0975795999999605,0],[112.17048035300002,-7.0975886179999748,0],[112.17048321200002,-7.097589457999959,0],[112.1705086930001,-7.0975969439999744,0],[112.17051577000007,-7.0975990229999297,0],[112.17053638900006,-7.0976050809999265,0],[112.17054424900005,-7.0976073899999506,0],[112.17056358800005,-7.0976130719999446,0],[112.17057630700003,-7.0976168089999305,0],[112.17059813800006,-7.0976232229999709,0],[112.1706039610001,-7.0976249339999526,0],[112.17063090300007,-7.0976328499999681,0],[112.17063481200012,-7.0976339989999815,0],[112.17065674300011,-7.0976404419999426,0],[112.1706685260001,-7.0976439039999377,0],[112.17068693900001,-7.0976493139999661,0],[112.17069558200001,-7.0976518529999453,0],[112.17071677700005,-7.0976580799999738,0],[112.17072326500011,-7.0976599859999396,0],[112.17074183300008,-7.0976654409999469,0],[112.17075156600004,-7.0976683009999419,0],[112.17077352700005,-7.0976747529999784,0],[112.17078173400012,-7.097677163999947,0],[112.17080966000003,-7.0976853689999757,0],[112.17081007600007,-7.0976854909999361,0],[112.17084192100003,-7.097694846999957,0],[112.17084512500003,-7.0976957879999532,0],[112.17087496800002,-7.0977045559999397,0],[112.17088360000002,-7.0977070919999505,0],[112.17091312700006,-7.0977157669999542,0],[112.17091679400005,-7.0977168439999332,0],[112.17094814500001,-7.0977260549999528,0],[112.17095255800007,-7.0977273509999463,0],[112.17098485200006,-7.0977368389999356,0],[112.17099131900011,-7.0977387389999649,0],[112.17102147600008,-7.0977475989999448,0],[112.17103143600002,-7.0977505249999808,0],[112.17106039100008,-7.0977590319999422,0],[112.17107747900002,-7.0977640529999348,0],[112.17110262000006,-7.0977714389999278,0],[112.17111659900002,-7.0977755459999798,0],[112.17114381400006,-7.0977835419999451,0],[112.17116799400003,-7.0977906459999645,0],[112.17118590900009,-7.0977959089999558,0],[112.1712086120001,-7.09780257999995,0],[112.17123504600011,-7.0978103449999708,0],[112.17123552200007,-7.0978104849999681,0],[112.17126693200009,-7.0978197129999785,0],[112.17127725900002,-7.0978227469999524,0],[112.17129934000002,-7.0978292349999492,0],[112.17130403400006,-7.0978306129999282,0],[112.17133577200002,-7.097839937999936,0],[112.17133910100006,-7.0978409159999387,0],[112.17136945300001,-7.0978498339999305,0],[112.17137614800004,-7.097851799999944,0],[112.17140727900005,-7.0978609459999689,0],[112.17141790900007,-7.0978640689999679,0],[112.17144661600003,-7.0978725029999623,0],[112.17145053000002,-7.0978736529999651,0],[112.17148599600011,-7.0978840719999425,0],[112.17149064900002,-7.097885438999981,0],[112.17151862200001,-7.0978936569999291,0],[112.1715386190001,-7.0978995319999285,0],[112.17155853500003,-7.0979053839999438,0],[112.17160065200005,-7.0979177579999373,0],[112.17160813700002,-7.0979199569999309,0],[112.17166275600005,-7.0979360039999619,0],[112.17167162100009,-7.0979386089999252,0],[112.17172114800007,-7.0979531599999746,0],[112.17173304000005,-7.0979566539999723,0],[112.17177054500007,-7.097967672999971,0],[112.17179083700012,-7.0979736349999598,0],[112.17181059100005,-7.0979794389999711,0],[112.17183424200005,-7.0979863879999812,0],[112.17186036900011,-7.0979940639999768,0],[112.17186701500009,-7.0979960169999572,0],[112.17187455400006,-7.0980019019999645,0],[112.17188298700012,-7.0980084849999798,0],[112.17189864600005,-7.0980207089999681,0],[112.17190822200007,-7.0980281849999756,0],[112.17191311600004,-7.0980320049999364,0],[112.17192161200001,-7.0980386369999451,0],[112.17192280800009,-7.0980395709999584,0],[112.17193601000008,-7.0980498759999477,0],[112.17194169100003,-7.0980543119999311,0],[112.17194798500009,-7.098059224999929,0],[112.17195636800011,-7.0980657689999589,0],[112.17196320100004,-7.0980711029999384,0],[112.17197223200003,-7.0980781529999604,0],[112.1719783420001,-7.0980829229999358,0],[112.17198087400004,-7.0980848999999466,0],[112.17199166500006,-7.0980933239999331,0],[112.17199216900008,-7.0980937179999728,0],[112.17200524700002,-7.0981039269999542,0],[112.17201655600002,-7.0981127549999314,0],[112.17202998000005,-7.0981232339999565,0],[112.1720329100001,-7.098125520999929,0],[112.17204198700006,-7.0981326069999682,0],[112.17204405300004,-7.0981342199999631,0],[112.17206766400011,-7.098152650999964,0],[112.17207222400009,-7.0981562099999564,0],[112.17210193500011,-7.09817940399995,0],[112.17210916700003,-7.0981850489999374,0],[112.17213573400011,-7.0982057879999729,0],[112.17214489200001,-7.0982129369999711,0],[112.17216979300008,-7.0982323759999417,0],[112.17217451900001,-7.0982360649999805,0],[112.17219926600001,-7.0982553829999802,0],[112.17220609800006,-7.0982607159999702,0],[112.1722331850001,-7.0982818609999754,0],[112.1722356030001,-7.0982837489999611,0],[112.17226536400005,-7.0983069809999506,0],[112.17226644900006,-7.0983078289999639,0],[112.1722972980001,-7.0983319099999562,0],[112.17229966000002,-7.0983337539999525,0],[112.1723347840001,-7.0983611739999333,0],[112.17233481700009,-7.0983611989999531,0],[112.17233485000008,-7.0983612249999624,0],[112.17236149500002,-7.0983820249999781,0],[112.17236179500003,-7.0983822589999477,0],[112.17239147800001,-7.0984054309999465,0],[112.17239532400004,-7.0984084329999746,0],[112.17241967300004,-7.0984274409999557,0],[112.17242934100011,-7.0984349879999513,0],[112.17245712900001,-7.0984566809999592,0],[112.1724615280001,-7.0984601149999662,0],[112.1724880050001,-7.0984807839999462,0],[112.17249225400008,-7.09848410099994,0],[112.17252110900006,-7.0985066259999599,0],[112.17253041700008,-7.0985138919999713,0],[112.172554977,-7.0985330649999696,0],[112.17256479800005,-7.0985407319999467,0],[112.17259046000004,-7.0985607649999451,0],[112.17260222800007,-7.0985699519999343,0],[112.17262714000003,-7.098589398999934,0],[112.17263953700001,-7.0985990759999709,0],[112.17266467500008,-7.0986186989999283,0],[112.17267184700006,-7.0986242979999474,0],[112.17270297900006,-7.0986486009999794,0],[112.17271866800002,-7.0986608479999518,0],[112.1727362690001,-7.0986745869999481,0],[112.17276182800003,-7.0986945399999399,0],[112.17277427700003,-7.0987042569999517,0],[112.17278914100007,-7.0987158599999702,0],[112.17280892000008,-7.0987313009999298,0],[112.17282315700004,-7.0987424139999575,0],[112.17284960800009,-7.0987630629999785,0],[112.17285170100001,-7.098764694999943,0],[112.17287009900008,-7.0987790569999447,0],[112.17287997900007,-7.098786769999947,0],[112.17289625300009,-7.0987994739999749,0],[112.17290368900001,-7.0988052789999756,0],[112.17290594600001,-7.0988070399999401,0],[112.17294299900004,-7.0988359659999674,0],[112.17350911200003,-7.0990399269999784,0],[112.17449197600001,-7.0993940339999426,0],[112.17513224200002,-7.0994581739999489,0],[112.17524999200009,-7.0994699699999728,0],[112.17525002800005,-7.0994699739999305,0],[112.17525067800011,-7.0994701059999556,0],[112.17525498000009,-7.099470978999932,0],[112.17578251100008,-7.099379062999958,0],[112.17594571400002,-7.0993506279999679,0],[112.17597307900007,-7.0993458599999713,0],[112.17602480200003,-7.0993368479999504,0],[112.1760360830001,-7.0993348829999263,0],[112.17603944900009,-7.0993342959999381,0],[112.1760407480001,-7.0993340699999408,0],[112.17604103400004,-7.0993340199999579,0],[112.17605069900003,-7.0993293479999693,0],[112.17605718100003,-7.0993262149999623,0],[112.17605818400011,-7.0993257299999755,0],[112.17608091700004,-7.0993147409999438,0],[112.17608276700003,-7.0993138459999727,0],[112.17608534800002,-7.0993125979999263,0],[112.17609039400008,-7.0993101589999696,0],[112.17611260100011,-7.0992994239999803,0],[112.17612391800003,-7.0992939529999717,0],[112.17613808500005,-7.0992871049999735,0],[112.17615881800009,-7.0992770819999578,0],[112.17619274100002,-7.0992606829999545,0],[112.17622911000001,-7.0992431019999458,0],[112.17627386100003,-7.0992214699999749,0],[112.17629769600001,-7.099209946999963,0],[112.17637096700003,-7.099174527999935,0],[112.17637912400005,-7.0991705849999676,0],[112.17642514700003,-7.0991483369999742,0],[112.17645326700006,-7.0991347429999792,0],[112.17648631500003,-7.0991187679999257,0],[112.17650112500007,-7.0991116089999764,0],[112.17651553900009,-7.0991046409999399,0],[112.17651684300006,-7.0991040099999623,0],[112.17652069600001,-7.099102147999929,0],[112.17652098400004,-7.0991020089999779,0],[112.17652139900008,-7.0991018089999329,0],[112.17652167300002,-7.0991016769999646,0],[112.17652384300004,-7.0991006319999315,0],[112.17652449900004,-7.0991003169999658,0],[112.17652998100004,-7.099097674999939,0],[112.176530963,-7.099097201999939,0],[112.17653234300008,-7.0990965369999799,0],[112.17654243200002,-7.099091676999933,0],[112.17656440700011,-7.099081091999949,0],[112.17656815100008,-7.0990792879999276,0],[112.17656895500011,-7.0990789009999276,0],[112.17658353800005,-7.0990718769999717,0],[112.17662251900003,-7.0990530999999351,0],[112.17678941600002,-7.0989727079999625,0],[112.17689890800011,-7.0989199669999721,0],[112.17731985000012,-7.0987172049999572,0],[112.17750501700004,-7.0986280119999492,0],[112.17815332100008,-7.097953443999927,0],[112.17834478100008,-7.0977542259999495,0],[112.17834496900002,-7.0977540309999654,0],[112.17842434700003,-7.0976260759999263,0],[112.17846740900006,-7.0975566619999313,0],[112.1784765650001,-7.0975419029999784,0],[112.17853894300004,-7.0974413509999295,0],[112.17854686500004,-7.0974285809999742,0],[112.17858026100009,-7.0973747469999466,0],[112.17861130200004,-7.0973247099999526,0],[112.17863377200001,-7.0972884889999364,0],[112.17865111600008,-7.0972605309999608,0],[112.17868303700004,-7.097209075999956,0],[112.17868337600009,-7.0972085299999321,0],[112.1787061550001,-7.097171808999974,0],[112.17873857600011,-7.0971195489999559,0],[112.17882888100007,-7.0969739769999478,0],[112.17887031900011,-7.0969071799999597,0],[112.17900367400011,-7.0966922139999724,0],[112.17902533200004,-7.0966573009999365,0],[112.17905884000004,-7.0966032899999618,0],[112.17921794300003,-7.096346816999926,0],[112.17931910400011,-7.0961837479999303,0],[112.17941060300006,-7.0960362529999657,0],[112.17941408800004,-7.0960306359999663,0],[112.17949697800009,-7.0958970209999279,0],[112.17980567100005,-7.0952522659999318,0],[112.17981117600004,-7.0952407669999502,0],[112.17987545300002,-7.0951065149999408,0],[112.1800252590001,-7.0947936189999723,0],[112.18051351300005,-7.0937738259999605,0],[112.18053432600004,-7.0937303729999712,0],[112.18072571300002,-7.093433799999957,0],[112.18075372200008,-7.0933685769999784,0],[112.18075642200006,-7.0933622899999591,0],[112.18075952600009,-7.0933550609999543,0],[112.18079810200004,-7.0932652339999436,0],[112.18086691200006,-7.0931666079999331,0],[112.18090652700005,-7.0931098299999462,0],[112.18103691400006,-7.0929229489999557,0],[112.18105736700011,-7.0928936329999601,0],[112.18114594500003,-7.0927666799999542,0],[112.18122385400011,-7.0926550119999661,0],[112.1812828840001,-7.0925704069999256,0],[112.18137256800003,-7.0924314329999447,0],[112.18140731500011,-7.0923775879999766,0],[112.18144464000011,-7.0923197489999552,0],[112.18153194900003,-7.0921844559999272,0],[112.18167872600009,-7.0919570089999411,0],[112.18191770200008,-7.0916106999999329,0],[112.18221287100005,-7.0911829629999374,0],[112.18233849700005,-7.0910009139999488,0],[112.18258819000005,-7.0906390759999454,0],[112.18268183300006,-7.0905033729999332,0],[112.1827552850001,-7.0903969299999403,0],[112.18337444000008,-7.0894996859999537,0],[112.18356319600002,-7.0892261519999806,0],[112.18363248600008,-7.0891105759999391,0],[112.183724256,-7.0889575019999711,0],[112.18385221700009,-7.0887440649999576,0],[112.18386291800005,-7.0887262129999726,0],[112.18386607400009,-7.0887209499999813,0],[112.18383443200003,-7.0886824839999463,0],[112.18356269300011,-7.0883521339999334,0],[112.18352939200008,-7.0883164549999265,0],[112.18331284900012,-7.0880844439999464,0],[112.18323035000003,-7.0880376209999554,0],[112.18309274900002,-7.0879595229999381,0],[112.18272463500011,-7.0878585889999499,0],[112.18272393200004,-7.0878583959999446,0],[112.18217665600002,-7.0877751149999426,0],[112.18161748300008,-7.0877513199999385,0],[112.18110233000004,-7.0877584589999287,0],[112.18070615000011,-7.0877727359999767,0],[112.18033852400004,-7.0878119959999708,0],[112.1799816030001,-7.0878583959999446,0],[112.17962825400002,-7.0879155029999765,0],[112.17930345800005,-7.0879904559999432,0],[112.17925123800001,-7.0880055289999291,0],[112.1789572460001,-7.088090392999959,0],[112.17863601800002,-7.0881831929999635,0],[112.17816845400012,-7.0883081139999717,0],[112.17777941300005,-7.0884330359999694,0],[112.17747603100008,-7.0884865739999441,0],[112.1772293250001,-7.0884728519999385,0],[112.17721934600002,-7.088472296999953,0],[112.17698853900004,-7.0884247069999446,0],[112.1767553520001,-7.088346185999967,0],[112.17647695500011,-7.0882533859999626,0],[112.17639930100006,-7.0882311989999494,0],[112.17622711200011,-7.088182002999929,0],[112.17595823300007,-7.0880820649999805,0],[112.17573218400003,-7.087963092999928,0],[112.17558703600002,-7.0878763209999534,0],[112.17539858400005,-7.0877582999999618,0],[112.1752348760001,-7.0876250499999287,0],[112.17506736300004,-7.0874765719999573,0],[112.17487129500012,-7.087314767999942,0],[112.17474946600009,-7.0871510609999291,0],[112.17468855200002,-7.0870577859999457,0],[112.17462192700009,-7.0869074049999767,0],[112.17455530300003,-7.0866961079999555,0],[112.17451342300001,-7.0865590519999273,0],[112.17448106300003,-7.0864181879999251,0],[112.17446202800011,-7.0863077809999595,0],[112.17446012400001,-7.0861878549999346,0],[112.17446773800009,-7.0860450879999348,0],[112.17447127900004,-7.0860120449999613,0],[112.17448487000001,-7.0858851869999739,0],[112.17450200300004,-7.0857424199999741,0],[112.17451532700011,-7.0856396279999672,0],[112.17453626600002,-7.0855177989999447,0],[112.17458005000003,-7.085316020999926,0],[112.17463114800012,-7.0850656349999781,0],[112.17463715600002,-7.0850361969999653,0],[112.17464348500005,-7.0850107049999451,0],[112.17470568400006,-7.084760178999943,0],[112.17474300900005,-7.0846138519999613,0],[112.17477750900002,-7.084478603999969,0],[112.17482973300002,-7.0842294499999525,0],[112.17489814300006,-7.0839468889999466,0],[112.17499629600002,-7.0836821749999785,0],[112.17508205600006,-7.083450920999951,0],[112.1752605150001,-7.0830077459999643,0],[112.1753884100001,-7.0826805699999795,0],[112.17545224600008,-7.0825227889999383,0],[112.17554605100008,-7.0822909329999675,0],[112.17571378600007,-7.0818970059999629,0],[112.17572153600008,-7.0818788059999633,0],[112.17573298700006,-7.08185191299998,0],[112.17574235500001,-7.0818299129999787,0],[112.17584943200006,-7.0815562739999791,0],[112.17598625000005,-7.0811725859999797,0],[112.17601654900011,-7.0809987969999497,0],[112.17608368200001,-7.080639471999973,0],[112.17608441900006,-7.0806355279999593,0],[112.1760845770001,-7.0806346839999605,0],[112.17608449500005,-7.0806298959999481,0],[112.17608444900009,-7.0806271869999478,0],[112.17609934500001,-7.0805962549999322,0],[112.17631490200006,-7.0802470149999408,0],[112.17649788300002,-7.0799400399999399,0],[112.17650240500006,-7.0799277989999609,0],[112.17651121300003,-7.0799039579999317,0],[112.1766157290001,-7.0796210559999508,0],[112.17681282900003,-7.079099173999964,0],[112.17683622000004,-7.0790372389999447,0],[112.17686409200007,-7.0789634399999386,0],[112.17686446500011,-7.0789625789999491,0],[112.17702732800001,-7.0785871389999784,0],[112.17711263600006,-7.0783904819999748,0],[112.17757528400011,-7.0773239579999654,0],[112.17798219100007,-7.0766387989999657,0],[112.17804326900011,-7.0765497409999512,0],[112.17833669900006,-7.0761218889999782,0],[112.17834410800003,-7.0761110849999795,0],[112.17860893000011,-7.0757249469999692,0],[112.1788653320001,-7.0754618879999498,0],[112.17891239200003,-7.0754136069999731,0],[112.17894781200005,-7.0753772669999648,0],[112.17931716600003,-7.075096751999979,0],[112.17984354300006,-7.0748243949999505,0],[112.1806361670001,-7.0745199859999275,0],[112.18074003800007,-7.0744800939999664,0],[112.18118496300008,-7.0743843399999378,0],[112.18121708700005,-7.0743774259999554,0],[112.18122311400009,-7.0743761289999725,0],[112.18122982700004,-7.0743761449999738,0],[112.18125789900012,-7.0743762099999685,0],[112.1812829480001,-7.0743762679999804,0],[112.18131238800004,-7.0743763369999328,0],[112.18146554100008,-7.0743766929999765,0],[112.18190724300007,-7.0743777209999621,0],[112.18209346000003,-7.0743983709999725,0],[112.18253298800005,-7.0744471099999373,0],[112.1833847900001,-7.0746211779999726,0],[112.18349088900004,-7.0746924099999546,0],[112.18349252100006,-7.0746935049999706,0],[112.18352642700006,-7.0747162689999641,0],[112.18362103000004,-7.0748045269999693,0],[112.18368302700003,-7.0748623649999445,0],[112.18368629400004,-7.0748654129999409,0],[112.18411937400003,-7.0752694419999784,0],[112.18412059400009,-7.075270580999927,0],[112.18412135700009,-7.0752712929999575,0],[112.18412454600002,-7.0752742679999301,0],[112.1843220400001,-7.0754911229999493,0],[112.18433652800002,-7.0755070309999724,0],[112.1844892580001,-7.0756747329999712,0],[112.1849304210001,-7.076317554999946,0],[112.18503573500004,-7.0768103879999558,0],[112.18505587200002,-7.0769046189999472,0],[112.18517096100004,-7.0774431919999756,0],[112.18517109900006,-7.077443839999944,0],[112.18514727900003,-7.0775600859999486,0],[112.18513647300006,-7.0776128209999456,0],[112.1851148180001,-7.077718496999978,0],[112.18504944500012,-7.0778560059999336,0],[112.18504943400001,-7.0778560289999746,0],[112.18504942300001,-7.0778560529999481,0],[112.18502932400008,-7.0778983299999254,0],[112.18501450500003,-7.0779295009999714,0],[112.1850024040001,-7.0779549539999493,0],[112.18498561900003,-7.0779902609999681,0],[112.18498294800008,-7.0779958789999569,0],[112.18497172100001,-7.0780295089999754,0],[112.18496522100008,-7.0780489789999592,0],[112.18488711600003,-7.0782829279999646,0],[112.18488240800002,-7.0784608359999766,0],[112.18488058000003,-7.0785299279999663,0],[112.18487950300005,-7.0785706289999553,0],[112.1848884530001,-7.0786032469999327,0],[112.18489477300011,-7.0786262819999592,0],[112.18490833400006,-7.0786757049999665,0],[112.18491048600004,-7.0786835489999476,0],[112.18491568800005,-7.0787025079999353,0],[112.18492266400006,-7.0787279309999462,0],[112.18493150600011,-7.0787303499999439,0],[112.1847536680001,-7.0795633979999479,0],[112.18472650800004,-7.079639115999953,0],[112.18459877000009,-7.0799952389999703,0],[112.18411903000003,-7.0810825409999438,0],[112.18385384800001,-7.0816003309999473,0],[112.18382859200005,-7.0816496459999598,0],[112.18380645400009,-7.0817039409999438,0],[112.18369827100003,-7.0819692619999728,0],[112.18363947100011,-7.0821134719999463,0],[112.18355884100004,-7.0826356999999689,0],[112.18358044100012,-7.082918885999959,0],[112.18368900200005,-7.0831674479999265,0],[112.18384737500003,-7.0834618899999668,0],[112.18389691200002,-7.0834941399999707,0],[112.1839150830001,-7.0835059689999298,0],[112.18399490200011,-7.0835579329999518,0],[112.18420308600002,-7.083603228999948,0],[112.18420367800002,-7.0836031979999348,0],[112.18473527100002,-7.0835752389999698,0],[112.18473577900011,-7.0835751529999698,0],[112.18644636100009,-7.0832860889999552,0],[112.18659176300002,-7.0832580569999664,0],[112.18721416700009,-7.0831380639999679,0],[112.18733124000005,-7.0831154939999692,0],[112.18733170500002,-7.0831155569999282,0],[112.18752053800006,-7.0831412879999789,0],[112.1876429240001,-7.0831579649999412,0],[112.18764474900001,-7.0831579989999796,0],[112.18774783600009,-7.0831599229999256,0],[112.18789019600001,-7.0831625789999748,0],[112.18811368900003,-7.0831719509999402,0],[112.18814043500004,-7.0831730719999655,0],[112.18814048500008,-7.0831731279999417,0],[112.18814053600011,-7.0831731849999642,0],[112.18815202400003,-7.0831859809999287,0],[112.18816317200003,-7.0831983969999328,0],[112.18822669800011,-7.0832691529999465,0],[112.18835315100011,-7.0834520989999419,0],[112.18838319300005,-7.0834955619999391,0],[112.18847567700004,-7.0836293649999789,0],[112.1885129740001,-7.0836232159999781,0],[112.18852916300011,-7.0836205469999527,0],[112.18870954800002,-7.0835908089999293,0],[112.18898903400009,-7.0835697409999625,0],[112.18906238200009,-7.083564211999942,0],[112.189115646,-7.0835601969999402,0],[112.18914571200003,-7.0835928389999481,0],[112.18914828100003,-7.0835956289999444,0],[112.1891965750001,-7.0836480609999626,0],[112.18925412900001,-7.0837709929999733,0],[112.18926517300008,-7.0837945819999391,0],[112.18929912100009,-7.0838670919999345,0],[112.18929915400008,-7.0838671629999794,0],[112.18929918700007,-7.0838672339999675,0],[112.18931752000003,-7.0840326069999264,0],[112.18932182700007,-7.0840714599999615,0],[112.18932299500011,-7.0840819999999667,0],[112.18932309800005,-7.0840829269999404,0],[112.18934199500006,-7.0840967719999526,0],[112.18944903200008,-7.0841751949999434,0],[112.18945602800011,-7.0841803209999625,0],[112.18946419700001,-7.08418579399995,0],[112.18947837700011,-7.084195293999926,0],[112.18983466400005,-7.0843808829999375,0],[112.18983496500005,-7.0843810399999256,0],[112.19039689400006,-7.0837434599999369,0],[112.1909015980001,-7.0831708089999665,0],[112.19092094400003,-7.0831488589999481,0],[112.19093952700007,-7.0831277749999799,0],[112.19097680200002,-7.0830854809999551,0],[112.19100326000012,-7.0830554609999581,0],[112.19101728700002,-7.0830395449999628,0],[112.19102906300009,-7.0830261829999586,0],[112.19102948400007,-7.083025705999944,0],[112.19102952500009,-7.0830256599999757,0],[112.19102956500001,-7.0830256139999506,0],[112.19103097900006,-7.0830240099999742,0],[112.19103140000004,-7.0830235889999358,0],[112.19103198500011,-7.0830230039999265,0],[112.19103253700007,-7.0830223819999674,0],[112.1912309710001,-7.0827990399999408,0],[112.19151757800012,-7.0825671299999726,0],[112.1915751460001,-7.0825205489999803,0],[112.19220126200003,-7.0820139239999662,0],[112.19252002400003,-7.0817559959999699,0],[112.19464847800009,-7.0804525619999481,0],[112.19468699800007,-7.0804289729999255,0],[112.19730399600007,-7.0786520089999385,0],[112.1975476130001,-7.0784492899999805,0],[112.19977598600008,-7.0765950069999803,0],[112.20063075700011,-7.0761284159999605,0],[112.20078033600009,-7.0760467669999798,0],[112.20088801400004,-7.0759879889999411,0],[112.20089002500004,-7.0759869829999502,0],[112.20255443800011,-7.0750767099999621,0],[112.20365102400001,-7.0744769829999541,0],[112.20495922800001,-7.0741531179999697,0],[112.2067489750001,-7.0737100389999341,0],[112.20746337500009,-7.0736954879999416,0],[112.20789655800002,-7.0736866649999683,0],[112.20832100100006,-7.0736780199999316,0],[112.20989413600012,-7.0738857729999722,0],[112.21041102900006,-7.0739540359999751,0],[112.21047523200002,-7.0739698239999598,0],[112.21047553400001,-7.073969897999973,0],[112.21047620100001,-7.0739700619999439,0],[112.21049518600012,-7.0739747309999643,0],[112.21049530400001,-7.0739747599999419,0],[112.21049542100002,-7.0739747889999762,0],[112.21050306900008,-7.0739766699999791,0],[112.21051467700011,-7.0739795249999702,0],[112.21052168800009,-7.0739812489999281,0],[112.21052896200001,-7.0739830379999376,0],[112.21053085700009,-7.0739839459999416,0],[112.21053188600001,-7.0739844389999575,0],[112.21053298600009,-7.073984965999955,0],[112.21054298400009,-7.07398748199995,0],[112.21054806000006,-7.0739887599999633,0],[112.21056437800007,-7.0739928659999691,0],[112.2105686540001,-7.0739939419999587,0],[112.21057192700005,-7.0739947659999416,0],[112.21060060700006,-7.0740019839999491,0],[112.21064043800004,-7.0740120079999542,0],[112.21069854400002,-7.0740266309999811,0],[112.21073585200008,-7.0740360199999373,0],[112.2107862040001,-7.0740486919999626,0],[112.21082682000008,-7.074058913999977,0],[112.21088728200004,-7.0740741299999286,0],[112.21091701900002,-7.0740816139999652,0],[112.21096780400001,-7.0740943949999746,0],[112.21102144700001,-7.0741078949999405,0],[112.21104932500009,-7.074114910999981,0],[112.21109585900001,-7.0741266219999375,0],[112.21115468700009,-7.0741414269999723,0],[112.21118494200005,-7.0741490409999415,0],[112.21122835500012,-7.0741599659999679,0],[112.21127374800005,-7.0741713899999468,0],[112.2113388570001,-7.0741877759999738,0],[112.21136825500002,-7.0741951739999536,0],[112.21144022200008,-7.0742132859999742,0],[112.21147347500005,-7.0742216549999739,0],[112.21151703100008,-7.0742326169999501,0],[112.21157106700002,-7.0742462159999491,0],[112.21160397600011,-7.0742544979999593,0],[112.21165115800011,-7.0742663719999541,0],[112.211686353,-7.0742752289999657,0],[112.21173644900011,-7.0742878359999395,0],[112.21177586900001,-7.0742977569999539,0],[112.21182371000009,-7.0743097969999553,0],[112.21185396400006,-7.0743174109999813,0],[112.21189601100002,-7.0743279929999403,0],[112.21193262800011,-7.0743372079999745,0],[112.21199254800001,-7.0743522879999432,0],[112.21200287000011,-7.0743548859999805,0],[112.21205096300002,-7.074366988999941,0],[112.21206704200006,-7.0743710359999454,0],[112.21206848700001,-7.0743715939999561,0],[112.21207602300001,-7.0743745029999445,0],[112.21207827900002,-7.074375373999942,0],[112.21208831600006,-7.074379247999957,0],[112.21209406600008,-7.0743814679999559,0],[112.21209519800004,-7.0743819049999388,0],[112.21209732700004,-7.0743827269999429,0],[112.21209832400007,-7.0743831119999641,0],[112.21210157100006,-7.0743843649999576,0],[112.21210624800005,-7.0743861709999578,0],[112.21211065800003,-7.0743878739999673,0],[112.21211422800002,-7.0743892519999463,0],[112.21211883700005,-7.0743910309999478,0],[112.21212099700006,-7.0743918649999387,0],[112.2121259380001,-7.0743937719999508,0],[112.2121264650001,-7.074393974999964,0],[112.21213305900005,-7.074396520999926,0],[112.21213483700001,-7.0743972069999472,0],[112.21213974800003,-7.074399102999962,0],[112.21214009900007,-7.0743992389999448,0],[112.21214057900011,-7.0743994239999779,0],[112.21214565300011,-7.0744013829999517,0],[112.21214630100008,-7.0744016329999795,0],[112.21215246200006,-7.0744040119999454,0],[112.21215370000004,-7.0744044899999494,0],[112.21216002800008,-7.0744069329999775,0],[112.21216058500011,-7.0744071479999775,0],[112.21216658200001,-7.0744094629999381,0],[112.21216818100004,-7.0744100799999501,0],[112.21216916000003,-7.0744104579999316,0],[112.21218719800004,-7.0744174209999642,0],[112.21219345100008,-7.0744198349999579,0],[112.21221313900003,-7.0744274349999614,0],[112.2122254300001,-7.0744321799999739,0],[112.2122390080001,-7.07443742199996,0],[112.21224182200001,-7.0744385079999574,0],[112.21226302800005,-7.0744466939999597,0],[112.21226685100009,-7.0744481699999255,0],[112.21228163400008,-7.0744538769999394,0],[112.21228712300001,-7.0744559959999265,0],[112.2123056800001,-7.0744631599999366,0],[112.21230859100001,-7.0744642839999301,0],[112.21232690200009,-7.0744713529999785,0],[112.21234549700011,-7.0744785309999543,0],[112.21235225600003,-7.0744811399999321,0],[112.2123644400001,-7.0744858439999803,0],[112.21238170700008,-7.0744925099999705,0],[112.21239394500003,-7.0744972339999777,0],[112.2124072360001,-7.0745023649999439,0],[112.21242365500007,-7.0745087029999354,0],[112.2124381640001,-7.0745143039999334,0],[112.21244810100006,-7.0745181399999524,0],[112.21246432400005,-7.0745244029999412,0],[112.21247025200012,-7.07452669099996,0],[112.21249086800003,-7.0745346489999292,0],[112.21250057800012,-7.0745383969999693,0],[112.21251204500004,-7.0745428239999342,0],[112.21252395900001,-7.0745474229999559,0],[112.2125400430001,-7.0745536319999474,0],[112.21254794400011,-7.0745566819999794,0],[112.2125650370001,-7.0745632809999393,0],[112.21257959100001,-7.074568898999928,0],[112.21259451600008,-7.0745746609999287,0],[112.21261076100006,-7.0745809319999466,0],[112.21262579300003,-7.0745867349999685,0],[112.21264359800011,-7.0745936079999296,0],[112.21265678100008,-7.0745986969999421,0],[112.21266748800008,-7.0746028299999466,0],[112.21268817400005,-7.0746108159999608,0],[112.21268993000001,-7.0746114939999529,0],[112.21271102100002,-7.0746196359999658,0],[112.21271668100007,-7.074621820999937,0],[112.21273580000002,-7.074629201999926,0],[112.21274282100001,-7.0746319119999725,0],[112.21275967200006,-7.0746384169999601,0],[112.21276790200011,-7.0746415939999565,0],[112.2127868450001,-7.0746489069999257,0],[112.21280124700002,-7.0746544669999594,0],[112.21281284400004,-7.0746589439999639,0],[112.21283046500002,-7.0746657459999369,0],[112.21284499600006,-7.0746713559999534,0],[112.21285627400005,-7.0746757099999513,0],[112.21287487900008,-7.0746828919999416,0],[112.21288468600005,-7.0746866779999777,0],[112.21290305900004,-7.0746937709999429,0],[112.21291000200006,-7.0746964509999657,0],[112.21292820600002,-7.0747034779999467,0],[112.21293546200002,-7.0747062789999404,0],[112.212953889,-7.0747133929999677,0],[112.21296411200001,-7.0747173389999602,0],[112.21297923400004,-7.074723176999953,0],[112.21298672500006,-7.0747260689999507,0],[112.21300483800007,-7.0747330609999608,0],[112.2130238850001,-7.0747404139999617,0],[112.213041438,-7.0747471899999255,0],[112.21304648900002,-7.0747491399999376,0],[112.21304651700007,-7.074749150999935,0],[112.21304654400001,-7.0747491609999429,0],[112.21321503700005,-7.0748142059999282,0],[112.21344012600002,-7.0749010989999306,0],[112.21373001100005,-7.0750130059999492,0],[112.2137471420001,-7.0750153359999786,0],[112.21399683800007,-7.0750492909999707,0],[112.21441424500006,-7.0751060529999563,0],[112.21451123600002,-7.0751192419999711,0],[112.21467656100003,-7.0751417239999341,0],[112.21494304000009,-7.0751779619999411,0],[112.21502254600011,-7.0751684479999426,0],[112.21544993300006,-7.0751173029999563,0],[112.2159040250001,-7.0750629619999472,0],[112.21619261700005,-7.0749700609999309,0],[112.21652402300003,-7.074863377999975,0],[112.21660601000008,-7.0748369859999798,0],[112.2168409410001,-7.0746202789999302,0],[112.21694204000005,-7.0745270229999733,0],[112.2169864550001,-7.0743038419999493,0],[112.21702602700009,-7.0741049939999812,0],[112.2171234650001,-7.073807320999947,0],[112.21715995000011,-7.0736958599999298,0],[112.21717203900005,-7.0736589279999293,0],[112.21719728100004,-7.07358181099994,0],[112.21724697400009,-7.0734299999999735,0],[112.21725386900005,-7.0734126509999555,0],[112.21727781800007,-7.0733523899999682,0],[112.21727783400001,-7.073352348999947,0],[112.21727785000007,-7.0733523089999721,0],[112.2172779870001,-7.0733519639999258,0],[112.21727899300004,-7.0733490309999638,0],[112.21728058500003,-7.0733445509999342,0],[112.21728397100003,-7.0733350229999701,0],[112.21728586500001,-7.0733296929999483,0],[112.21728941000003,-7.0733197149999683,0],[112.21729181700005,-7.0733129419999727,0],[112.2172950690001,-7.073303788999965,0],[112.21729836100008,-7.0732945249999375,0],[112.21730053100009,-7.0732884189999368,0],[112.21730659600007,-7.073271348999981,0],[112.21730678300003,-7.0732708239999624,0],[112.21731175400009,-7.0732568329999594,0],[112.21731387300008,-7.0732508689999349,0],[112.21731924800008,-7.0732357429999411,0],[112.2173577530001,-7.0731273769999348,0],[112.21739253100009,-7.0730295009999509,0],[112.21748222600002,-7.0727770719999512,0],[112.21771996500001,-7.0721080059999508,0],[112.21793292100006,-7.0715227579999578,0],[112.21820100200011,-7.0707860119999282,0],[112.21839776200011,-7.0701054609999687,0],[112.21867428700011,-7.0691490239999553,0],[112.21877089700001,-7.068814869999926,0],[112.21881103700002,-7.0686760359999425,0],[112.21886032500004,-7.0678211789999636,0],[112.21891799000002,-7.0668210369999542,0],[112.21880299000009,-7.0659229999999411,0],[112.21859961900009,-7.0651324879999606,0],[112.2185392450001,-7.0648978129999591,0],[112.21852301100012,-7.0648347089999675,0],[112.21852102300011,-7.0648269819999427,0],[112.21851197100011,-7.0648109729999646,0],[112.21851112700006,-7.0648094149999565,0],[112.21851032400002,-7.0648079339999299,0],[112.21850916700009,-7.0648057989999415,0],[112.21850602000006,-7.064799991999962,0],[112.21850570400011,-7.0647992239999553,0],[112.21850173700011,-7.064789598999937,0],[112.21849945200006,-7.0647840549999614,0],[112.21849379300011,-7.0647703249999267,0],[112.21849002100009,-7.0647611719999759,0],[112.21848516500006,-7.0647493899999745,0],[112.21844699900009,-7.0646567889999687,0],[112.21843118400011,-7.0646184169999628,0],[112.21825909600011,-7.0642008839999448,0],[112.21824189600011,-7.0641591529999346,0],[112.21819405400004,-7.0640430749999723,0],[112.21812397200006,-7.0638730379999402,0],[112.21741503100009,-7.0623849979999704,0],[112.21735291400012,-7.0622684769999751,0],[112.21715502900008,-7.0618972809999718,0],[112.21706009800005,-7.0617192079999427,0],[112.21668203400009,-7.0610100309999666,0],[112.21642444100007,-7.0605176339999502,0],[112.21631854100008,-7.0603152019999698,0],[112.21628598900008,-7.0602529779999372,0],[112.21628597300003,-7.0602529059999597,0],[112.21628595700008,-7.0602528339999253,0],[112.21625204200006,-7.0600983529999439,0],[112.21612041100002,-7.0594987839999703,0],[112.21599597500006,-7.0589319899999623,0],[112.21590683900001,-7.0583806469999786,0],[112.21588100500003,-7.0582208529999662,0],[112.21559511800001,-7.05645252599993,0],[112.2154010270001,-7.0552519989999496,0],[112.21535895300008,-7.0551016409999647,0],[112.21528606600009,-7.0548411689999284,0],[112.21528604700006,-7.0548411009999654,0],[112.21528602800004,-7.054841033999935,0],[112.21528602800004,-7.0548402799999508,0],[112.21528602800004,-7.0548401539999759,0],[112.21528602800004,-7.0548400279999441,0],[112.21528506400011,-7.0548361399999635,0],[112.21526345500001,-7.0547489839999571,0],[112.21525602000008,-7.0547189939999271,0],[112.21529067200004,-7.0541712489999782,0],[112.21532215700006,-7.0536735629999612,0],[112.2153739470001,-7.052854899999943,0],[112.21539298100004,-7.0525540319999322,0],[112.21555848200001,-7.0515367099999366,0],[112.21557589100007,-7.0514296979999358,0],[112.21562457200002,-7.0511304579999319,0],[112.2156418080001,-7.0510245109999801,0],[112.21564695600011,-7.0509928659999446,0],[112.21564875000001,-7.0509818399999631,0],[112.2156488820001,-7.0509810269999775,0],[112.21565130900001,-7.050966108999944,0],[112.21565131600005,-7.0509660639999652,0],[112.21565132300009,-7.0509660199999757,0],[112.21565173300007,-7.050963501999945,0],[112.21565181900007,-7.0509629739999582,0],[112.21565182300003,-7.0509629469999595,0],[112.2156518270001,-7.0509629209999503,0],[112.21565198200005,-7.0509619729999713,0],[112.21565244600004,-7.0509615069999541,0],[112.21565251700008,-7.0509614369999554,0],[112.21565258800001,-7.0509613659999673,0],[112.21565298700011,-7.0509609669999804,0],[112.21565366800007,-7.0509566509999786,0],[112.21565378900004,-7.0509558819999256,0],[112.21565451100003,-7.0509513079999806,0],[112.2156549980001,-7.0509482209999419,0],[112.21565582900007,-7.0509429559999717,0],[112.21565596900007,-7.0509420689999729,0],[112.21566380100001,-7.0508924639999577,0],[112.21571602200004,-7.0505617249999659,0],[112.21575197800007,-7.0503340009999533,0],[112.2157541250001,-7.0503118099999256,0],[112.21578508100004,-7.0499918289999641,0],[112.21581577300003,-7.0496745689999329,0],[112.21585800900004,-7.049237982999955,0],[112.21579698900007,-7.0475229619999595,0],[112.21570771300003,-7.0441609789999688,0],[112.21570596100003,-7.0440950149999253,0],[112.21575901800009,-7.0429430059999731,0],[112.21605325900009,-7.0418840939999541,0],[112.21609496500002,-7.0417340009999521,0],[112.21638127400001,-7.0413304479999397,0],[112.21651498200004,-7.0411419869999463,0],[112.2165158250001,-7.041141252999978,0],[112.21693169200012,-7.0407792889999428,0],[112.21719400000006,-7.0405509789999314,0],[112.2180630360001,-7.0401270219999788,0],[112.2184945250001,-7.0400181619999671,0],[112.21903782800007,-7.0398810919999733,0],[112.21919142600007,-7.0398423409999396,0],[112.21924717200011,-7.0398282769999696,0],[112.21926035100012,-7.0398249519999467,0],[112.21927298200001,-7.0398217649999424,0],[112.21928000500009,-7.0398199929999805,0],[112.21928172900004,-7.0398195609999448,0],[112.21928402800006,-7.0398189869999328,0],[112.21928761600009,-7.0398180769999499,0],[112.21929379000005,-7.0398165119999589,0],[112.21929642600003,-7.0398158439999747,0],[112.21929903700004,-7.0398151819999271,0],[112.21930390800003,-7.0398139469999705,0],[112.21930949000011,-7.0398125319999281,0],[112.21931286200004,-7.0398116769999319,0],[112.21934141600002,-7.039804437999976,0],[112.21940003600002,-7.0397895779999544,0],[112.21947466600011,-7.0397706589999416,0],[112.21958836500005,-7.0397418359999619,0],[112.2196175040001,-7.0397344489999796,0],[112.2198639720001,-7.0396719689999259,0],[112.22048221800003,-7.0394307969999659,0],[112.2208790200001,-7.0392760079999448,0],[112.22136744000011,-7.0389318059999368,0],[112.22200001600004,-7.0384860129999538,0],[112.22202312500008,-7.0384288999999285,0],[112.22238144100004,-7.0375433209999301,0],[112.22246448700002,-7.0373380719999545,0],[112.22236097700011,-7.0373123519999581,0],[112.22234729600007,-7.0373089519999326,0],[112.22223498500011,-7.0372810439999398,0],[112.22213789500006,-7.0372569189999581,0],[112.22205105300009,-7.037234630999933,0],[112.22191602900011,-7.0371999779999328,0],[112.22182633200009,-7.0371810429999755,0],[112.22153335200005,-7.0371191929999668,0],[112.22105403400008,-7.0370180069999719,0],[112.22095608400002,-7.0369949889999361,0],[112.22082889000001,-7.0369650499999352,0],[112.22056681700008,-7.0369151329999795,0],[112.22027360400011,-7.0368752129999734,0],[112.22026459300002,-7.036872849999952,0],[112.21990039900004,-7.036777337999979,0],[112.2197816150001,-7.0367461859999594,0],[112.21958411300011,-7.0366614609999374,0],[112.21940907500004,-7.0365246059999436,0],[112.21878798700004,-7.0360389999999597,0],[112.21864298000003,-7.0359310409999694,0],[112.21848296900009,-7.0358730389999664,0],[112.21831499600012,-7.035828027999969,0],[112.21776598100007,-7.0356850329999361,0],[112.21613301900004,-7.0355830249999372,0],[112.21569104100001,-7.035515969999949,0],[112.21524001100011,-7.0353879779999602,0],[112.21447700600004,-7.0351960319999307,0],[112.21323881400008,-7.0351114889999735,0],[112.21318803700001,-7.0351080219999744,0],[112.21317182500002,-7.0351072439999598,0],[112.21256299900006,-7.0350780149999537,0],[112.21107496000002,-7.034843991999935,0],[112.2100370280001,-7.0345930379999686,0],[112.20977802800007,-7.0345109789999469,0],[112.20946496400006,-7.0343150099999434,0],[112.20928198700005,-7.0342109909999522,0],[112.20906459800005,-7.0341274909999356,0],[112.20895400300003,-7.0340850109999451,0],[112.20861797200007,-7.0340430179999771,0],[112.20847296500006,-7.034044023999968,0],[112.20811497400007,-7.0342409979999729,0],[112.20798497100009,-7.0343129989999511,0],[112.20764902400003,-7.0342190379999465,0],[112.2073519700001,-7.0341280099999608,0],[112.20735151100007,-7.0341277669999727,0],[112.2073112490001,-7.0341064279999728,0],[112.2071689930001,-7.034031031999973,0],[112.20700101900002,-7.0339270119999355,0],[112.20680203300003,-7.0338430259999427,0],[112.20680200400011,-7.0338429959999758,0],[112.20652802900008,-7.0335609739999541,0],[112.20649124400006,-7.0335171429999264,0],[112.20631403900006,-7.0333059969999567,0],[112.20590198400009,-7.0330029909999325,0],[112.20571900700008,-7.0328470039999615,0],[112.20557400000007,-7.0327080319999595,0],[112.2050860060001,-7.0325190199999383,0],[112.20492599500005,-7.0324399789999461,0],[112.2047349720001,-7.0322450159999335,0],[112.20463174200006,-7.0320965339999475,0],[112.20458200200005,-7.0320249909999575,0],[112.20449801500001,-7.0318329609999637,0],[112.20445675400003,-7.0317161619999524,0],[112.20444504200009,-7.0316830089999485,0],[112.20440401700012,-7.0316311619999396,0],[112.20423399400011,-7.0314162879999458,0],[112.20422319700003,-7.0314025519999745,0],[112.20407506700008,-7.0312879289999728,0],[112.20410986600007,-7.0312712829999668,0],[112.20411793100004,-7.0312674249999532,0],[112.20413414600011,-7.031209740999941,0],[112.20413505600004,-7.0312065059999327,0],[112.20413529700011,-7.0311525389999474,0],[112.20413530600001,-7.03115039599993,0],[112.20413535600005,-7.0311391029999299,0],[112.20413589100008,-7.0310193119999553,0],[112.20413607900002,-7.0309772709999265,0],[112.20413670900007,-7.0308360229999494,0],[112.2041354590001,-7.0307553129999292,0],[112.20413443900009,-7.0306894889999398,0],[112.20413400700011,-7.0306883649999463,0],[112.20406232300002,-7.0305018499999505,0],[112.20406042400009,-7.0304969099999539,0],[112.20405862400003,-7.0304922259999785,0],[112.20402415000001,-7.0304454469999769,0],[112.20398755100007,-7.0303957849999392,0],[112.20395575800001,-7.0303526439999473,0],[112.20395151300011,-7.0303468839999255,0],[112.20390914500001,-7.0303075619999618,0],[112.20386535800003,-7.0302669209999635,0],[112.20385121600009,-7.030253795999954,0],[112.20382577800001,-7.0302301859999261,0],[112.20378813900004,-7.0301952529999312,0],[112.20374001100004,-7.0301505829999655,0],[112.20370879900008,-7.0301216149999277,0],[112.20370544700006,-7.0301106329999357,0],[112.20369266000012,-7.0300687359999756,0],[112.20368047500006,-7.0300288109999656,0],[112.20366860900003,-7.0299899319999781,0],[112.20366244200011,-7.0299697239999546,0],[112.20365268400008,-7.0299377509999772,0],[112.20364517600001,-7.0299131519999492,0],[112.20364023100001,-7.0299057819999575,0],[112.20361803900005,-7.0298727059999351,0],[112.20360405700001,-7.0298518679999802,0],[112.20358830100008,-7.0298283839999272,0],[112.20358456500003,-7.029822815999978,0],[112.20354595000003,-7.0297652629999448,0],[112.20354386000008,-7.0297621479999748,0],[112.20353677900005,-7.0297515939999471,0],[112.20353209000007,-7.029744606999941,0],[112.20352088300001,-7.02972790299998,0],[112.20351121100009,-7.0297134879999703,0],[112.20345893700005,-7.0296469719999664,0],[112.20338714900004,-7.0295556269999793,0],[112.20338053000012,-7.0295396479999681,0],[112.2033778010001,-7.0295330609999382,0],[112.20336197900008,-7.0294948659999363,0],[112.20334807500001,-7.0294613029999482,0],[112.20333547400003,-7.0294308849999538,0],[112.20332956200002,-7.0294166149999455,0],[112.2033312100001,-7.0293468879999637,0],[112.20334095100009,-7.0289348839999661,0],[112.20334096700003,-7.0289348569999675,0],[112.2033409820001,-7.0289348299999688,0],[112.20346951300007,-7.028709737999975,0],[112.20349835400009,-7.028642748999971,0],[112.20349894300011,-7.0286413799999536,0],[112.20353531100011,-7.0285569059999489,0],[112.20358291200012,-7.0284183189999681,0],[112.20372602800001,-7.028001647999929,0],[112.20394420600007,-7.0274563969999804,0],[112.20396117200005,-7.0274139969999396,0],[112.20397653700002,-7.0273412129999429,0],[112.20397695700001,-7.027339225999981,0],[112.20397682400005,-7.02733591599997,0],[112.20397613000011,-7.0273186319999468,0],[112.20397399600006,-7.02730233799997,0],[112.20386501400003,-7.0265050049999331,0],[112.20408596100003,-7.0258870069999375,0],[112.20475775600005,-7.0252202389999638,0],[112.20475802200008,-7.0252199749999704,0],[112.20592503400007,-7.0245200019999743,0],[112.20738095900003,-7.0237848359999475,0],[112.20784626400007,-7.0235498819999407,0],[112.20815302800008,-7.023394982999946,0],[112.20958633500004,-7.0224981159999516,0],[112.20967125200002,-7.022444979999932,0],[112.20968913800004,-7.0224337879999439,0],[112.20969121200005,-7.0224324899999715,0],[112.20969123600003,-7.0224324749999596,0],[112.20970377800006,-7.0224246269999639,0],[112.20972763400005,-7.0224096999999688,0],[112.2097339390001,-7.0224057549999657,0],[112.20973664000007,-7.0224040649999324,0],[112.20973806100005,-7.0224031759999548,0],[112.20973916700007,-7.0224024839999402,0],[112.2097396580001,-7.0224021769999467,0],[112.20973997400006,-7.0224019789999375,0],[112.20974093400002,-7.0224001259999795,0],[112.20974349100004,-7.0223951919999763,0],[112.20974444900003,-7.0223933429999761,0],[112.20974613800001,-7.0223900829999479,0],[112.20975081500001,-7.0223810579999508,0],[112.20975370300005,-7.0223754839999515,0],[112.20975902600003,-7.0223652109999648,0],[112.20976043100006,-7.0223624989999394,0],[112.2097662760001,-7.0223512189999724,0],[112.20976920600003,-7.0223455649999664,0],[112.20977319300005,-7.0223378709999338,0],[112.20977677300004,-7.0223309629999449,0],[112.20978031400011,-7.0223241299999586,0],[112.20978364200005,-7.0223177069999565,0],[112.20978756300008,-7.022310139999945,0],[112.20979048300001,-7.0223045049999655,0],[112.20979509100005,-7.0222956119999367,0],[112.20979734700006,-7.0222912589999282,0],[112.20980289600004,-7.0222805499999481,0],[112.20980516300006,-7.0222761759999344,0],[112.20980784400001,-7.0222710019999681,0],[112.20981061900011,-7.0222656469999265,0],[112.20981181200011,-7.0222633449999421,0],[112.20981390200006,-7.0222593119999601,0],[112.20981413100003,-7.022258868999927,0],[112.20981706000009,-7.0222532159999673,0],[112.20981752300008,-7.0222523219999289,0],[112.20982001100003,-7.0222475199999508,0],[112.20982072200002,-7.0222461479999652,0],[112.2098223270001,-7.0222430509999754,0],[112.20982351800001,-7.0222407529999487,0],[112.20982508600002,-7.0222377259999575,0],[112.20982596600004,-7.0222360279999521,0],[112.20982807500002,-7.0222319579999635,0],[112.20982888900005,-7.0222303869999791,0],[112.20983082600003,-7.022226648999947,0],[112.20983189800006,-7.0222245799999428,0],[112.20983422300003,-7.0222200939999766,0],[112.20983458500007,-7.0222193959999686,0],[112.20983712200007,-7.022214498999972,0],[112.20983797700001,-7.0222128489999704,0],[112.20984042900011,-7.0222081159999448,0],[112.20984084600002,-7.0222073109999315,0],[112.20984352800008,-7.0222021359999758,0],[112.20984415000009,-7.0222009359999333,0],[112.209845083,-7.0221991359999265,0],[112.20984656300004,-7.022196279999946,0],[112.20984727100006,-7.0221949139999538,0],[112.20984875000011,-7.0221920609999415,0],[112.20984916000009,-7.0221912699999507,0],[112.20985037900004,-7.0221889179999266,0],[112.20985194200011,-7.0221859019999329,0],[112.20985296700007,-7.0221839239999326,0],[112.20985436800004,-7.0221812189999469,0],[112.20985576200007,-7.0221785279999267,0],[112.20985702300004,-7.022176093999974,0],[112.20985828000005,-7.0221736679999367,0],[112.20985996700006,-7.0221704119999799,0],[112.20986091600003,-7.0221685799999705,0],[112.20986309700004,-7.0221643719999634,0],[112.20986376300004,-7.0221630879999566,0],[112.20986670800005,-7.0221574039999268,0],[112.20986741900003,-7.0221560319999412,0],[112.2098684230001,-7.0221540949999621,0],[112.20986897100011,-7.0221530369999527,0],[112.2098693910001,-7.0221521969999685,0],[112.20986942000002,-7.0221521389999566,0],[112.20986944900005,-7.0221520809999447,0],[112.2098708420001,-7.0221492959999523,0],[112.20987098300009,-7.0221490129999324,0],[112.20987271600006,-7.02214575499994,0],[112.20987633900006,-7.0221389439999484,0],[112.20987891800007,-7.0221340959999452,0],[112.20988472900001,-7.0221231719999651,0],[112.20988493100003,-7.0221227919999478,0],[112.20989185200006,-7.0221097819999727,0],[112.20989581700007,-7.0221023279999599,0],[112.20990150300008,-7.0220916389999388,0],[112.2099029530001,-7.0220889139999372,0],[112.21004952200008,-7.0218133959999705,0],[112.21017002700012,-7.0215868729999329,0],[112.21028800200008,-7.021365105999962,0],[112.21040298200001,-7.0211489679999772,0],[112.21043693700005,-7.0210983019999276,0],[112.21054408100008,-7.0209384269999759,0],[112.21061979900003,-7.0208254439999678,0],[112.21076856400009,-7.0206034629999294,0],[112.21079299200005,-7.0205670129999476,0],[112.2109619900001,-7.020252945999971,0],[112.21097464200011,-7.0202294329999404,0],[112.21106853400011,-7.0200549439999804,0],[112.21109361300012,-7.0200083379999683,0],[112.21125391600003,-7.0197104289999288,0],[112.21126598300009,-7.019688002999942,0],[112.21130093300008,-7.0195460189999608,0],[112.21137538000005,-7.01924357799993,0],[112.21143752500006,-7.018991117999974,0],[112.21145150500001,-7.0189343239999289,0],[112.21145626800001,-7.0189149749999729,0],[112.21147159500003,-7.018852709999976,0],[112.21147384000005,-7.0188435899999604,0],[112.21147531500003,-7.0188375959999689,0],[112.21148642600008,-7.0187924599999292,0],[112.21149517700007,-7.0187569099999791,0],[112.21164702400006,-7.0181400329999519,0],[112.21165004900001,-7.0181298969999375,0],[112.21174454400011,-7.0178132849999315,0],[112.21187476800003,-7.0173769619999575,0],[112.2119991400001,-7.016960246999929,0],[112.21200085200007,-7.0169545109999376,0],[112.21205985900008,-7.0167568039999537,0],[112.21215798500009,-7.0164280289999397,0],[112.21237710900004,-7.0158144929999366,0],[112.21252368800003,-7.0154040789999499,0],[112.21273968800006,-7.0147992929999532,0],[112.21276802000011,-7.0147199649999266,0],[112.21295510300001,-7.0140335129999585,0],[112.21307052900011,-7.0136099889999741,0],[112.21317217000001,-7.0132370439999363,0],[112.21330287300009,-7.0127771559999701,0],[112.21348596900009,-7.0121329189999528,0],[112.21359196100002,-7.0117599799999653,0],[112.21360097000002,-7.0117333639999515,0],[112.21370496200007,-7.0114261139999599,0],[112.21375283400005,-7.0112846739999668,0],[112.2137643100001,-7.0112459239999794,0],[112.21381761500004,-7.0110659259999579,0],[112.21385646900001,-7.0109347279999383,0],[112.21389696200004,-7.0107979939999723,0],[112.21391418600001,-7.0107502429999613,0],[112.21395663300007,-7.0106274189999453,0],[112.21395719200007,-7.0106258029999253,0],[112.21401042400009,-7.0105128689999674,0],[112.21404980800003,-7.0103166129999295,0],[112.21406242800003,-7.0102646619999405,0],[112.21412910900005,-7.0099901639999302,0],[112.21415011800002,-7.0099475799999595,0],[112.21424840700001,-7.009748358999957,0],[112.2142583000001,-7.0097283059999427,0],[112.21437989800006,-7.0095789109999487,0],[112.21457251000004,-7.0094441009999287,0],[112.21457197200004,-7.0094437179999431,0],[112.21445819000007,-7.009362719999956,0],[112.21438150600011,-7.0092420639999773,0],[112.21432154000001,-7.0090695609999329,0],[112.21426012400002,-7.0088928849999661,0],[112.21424492900007,-7.0088491729999305,0],[112.21423273300002,-7.0088140889999409,0],[112.21417075900001,-7.0085569299999406,0],[112.21406319800008,-7.0081106359999694,0],[112.21402677100002,-7.007959494999966,0],[112.21401672200011,-7.0079170829999384,0],[112.21400395800003,-7.007863208999936,0],[112.21398297000007,-7.007774622999932,0],[112.21391671400011,-7.0076610479999317,0],[112.21371374500006,-7.0075014949999286,0],[112.2137004760001,-7.0074910639999644,0],[112.21339796200004,-7.0072607169999515,0],[112.21327429000007,-7.0071317939999744,0],[112.21323405100009,-7.0070898469999747,0],[112.21315130200003,-7.0069338889999813,0],[112.21315130800008,-7.0069335799999521,0],[112.21315519000007,-7.0067448269999772,0],[112.21315869700004,-7.0065743149999662,0],[112.21316248100004,-7.0063902859999416,0],[112.21316327300008,-7.0063517639999304,0],[112.21316566300004,-7.0062355759999377,0],[112.21316319300001,-7.0061761339999293,0],[112.21316304100003,-7.0061724739999249,0],[112.21315628100001,-7.006009798999969,0],[112.21314922700003,-7.0059833989999447,0],[112.21311853600002,-7.0058685359999799,0],[112.2130980390001,-7.0057918259999497,0],[112.2130677020001,-7.0057442619999506,0],[112.21302041000001,-7.0056701139999404,0],[112.21301601100004,-7.0056632169999489,0],[112.21300427000006,-7.0056448079999427,0],[112.21299899900009,-7.0056365429999801,0],[112.2129982460001,-7.0056359379999549,0],[112.21299820700006,-7.0056359069999417,0],[112.21299816700002,-7.005635874999939,0],[112.21299743000009,-7.0056352819999574,0],[112.21299118200011,-7.005630263999933,0],[112.21298425000009,-7.0056246959999271,0],[112.21297322700002,-7.0056158419999406,0],[112.21297140900003,-7.0056143809999298,0],[112.21296132200007,-7.0056062779999593,0],[112.21295688000009,-7.0056027099999483,0],[112.21294728400005,-7.0055950009999606,0],[112.2129340680001,-7.0055843849999633,0],[112.21292835300005,-7.0055797949999601,0],[112.21291934900012,-7.0055725629999301,0],[112.21291200200005,-7.0055666609999321,0],[112.21290361500007,-7.0055599239999538,0],[112.21289898400005,-7.0055562039999586,0],[112.21288671900004,-7.0055463519999535,0],[112.21288134300005,-7.0055420339999728,0],[112.21287478700003,-7.0055367679999563,0],[112.21286743600001,-7.0055308629999331,0],[112.21285861100012,-7.0055237739999257,0],[112.2128521950001,-7.0055186199999753,0],[112.2128421540001,-7.0055105539999545,0],[112.21283722100009,-7.0055065919999606,0],[112.21282691300007,-7.0054983109999398,0],[112.21282020400008,-7.0054929219999735,0],[112.21281203000001,-7.005486355999949,0],[112.21280318600009,-7.0054792519999296,0],[112.21279839500005,-7.0054754029999344,0],[112.21279518900008,-7.0054728269999487,0],[112.21278570000004,-7.005465203999961,0],[112.21278360000008,-7.0054641669999569,0],[112.21276991900004,-7.0054574139999772,0],[112.21276367300004,-7.0054543309999531,0],[112.21273761300006,-7.0054414689999476,0],[112.21268578200011,-7.0054158869999696,0],[112.21266789200001,-7.0054070569999567,0],[112.21266268500005,-7.0054044869999643,0],[112.2125931810001,-7.0053701809999325,0],[112.21255218300007,-7.0053499449999777,0],[112.21252188400001,-7.0053349899999375,0],[112.21247491400004,-7.0053118069999414,0],[112.2124238020001,-7.0052865799999608,0],[112.21242334300007,-7.005286352999974,0],[112.21239013400009,-7.0052709379999669,0],[112.21232415100008,-7.0052403109999659,0],[112.21229841700006,-7.0052283659999262,0],[112.21227005500009,-7.0052152009999418,0],[112.21223283200004,-7.0051826469999696,0],[112.21222124700012,-7.0051725149999697,0],[112.21221064800011,-7.0051632459999382,0],[112.21221043500009,-7.0051630599999726,0],[112.21215219500004,-7.0051121249999255,0],[112.2121145000001,-7.0050791579999441,0],[112.2120808950001,-7.0050497679999353,0],[112.21205992200009,-7.0050214669999491,0],[112.21203442300009,-7.0049870589999728,0],[112.21198251200008,-7.0049170089999393,0],[112.2119641160001,-7.0048921849999601,0],[112.21195755000008,-7.004883323999934,0],[112.21195115,-7.0048697699999707,0],[112.21194393700011,-7.0048544939999715,0],[112.21193936500003,-7.0048448109999413,0],[112.21193583500008,-7.0048373349999338,0],[112.21193269000003,-7.0048306739999475,0],[112.21192533200008,-7.0048150899999655,0],[112.21192221400008,-7.0048084869999343,0],[112.2119138380001,-7.0047907479999481,0],[112.211907268,-7.0047768339999266,0],[112.21190140100009,-7.0047644079999714,0],[112.2118956810001,-7.0047522939999567,0],[112.21188825600007,-7.004736568999931,0],[112.21188680600005,-7.0047334989999399,0],[112.21188523100011,-7.004730163999966,0],[112.21187386200006,-7.0047060869999314,0],[112.21187362600006,-7.0047055869999326,0],[112.21187013100007,-7.0046981849999383,0],[112.21186962900003,-7.004697121999925,0],[112.21186887200008,-7.004695518999938,0],[112.21186799400004,-7.0046901609999281,0],[112.21186781300003,-7.0046890559999611,0],[112.21186653200004,-7.0046812399999681,0],[112.21186590700006,-7.0046774259999438,0],[112.21186482400003,-7.0046708159999298,0],[112.21186402100011,-7.0046659139999292,0],[112.21186339300004,-7.0046620789999565,0],[112.21186252400003,-7.0046567769999797,0],[112.21186192500011,-7.0046531199999436,0],[112.2118612380001,-7.0046489249999695,0],[112.21186041400006,-7.0046438979999266,0],[112.21185972500007,-7.004639693999934,0],[112.21185918100002,-7.0046363759999508,0],[112.21185826200008,-7.0046307699999488,0],[112.21185737300004,-7.0046253439999759,0],[112.21185668100009,-7.0046211189999781,0],[112.21185598900001,-7.0046168979999379,0],[112.21185528000001,-7.0046125709999387,0],[112.21185460100003,-7.0046084259999475,0],[112.21185390300002,-7.0046041649999324,0],[112.21185315600007,-7.0045996039999636,0],[112.21185254300008,-7.0045958619999737,0],[112.21185173900005,-7.004590956999948,0],[112.21185135000007,-7.0045885809999504,0],[112.21185052700002,-7.0045835609999472,0],[112.21185001200001,-7.0045804199999679,0],[112.21184918300003,-7.0045753639999475,0],[112.21184879100008,-7.0045729719999485,0],[112.21184806300005,-7.0045685329999401,0],[112.21184732000006,-7.0045640019999382,0],[112.21184662000007,-7.0045597289999364,0],[112.21184595500006,-7.0045556739999597,0],[112.21184518600001,-7.0045509809999658,0],[112.21184441500009,-7.0045462759999282,0],[112.21184373600011,-7.0045421349999515,0],[112.21184319800011,-7.0045388529999286,0],[112.21184254200011,-7.0045348519999493,0],[112.21184235200008,-7.0045336899999597,0],[112.21184211700006,-7.0045322559999477,0],[112.21184167000001,-7.0045295279999777,0],[112.21184115100004,-7.0045263589999536,0],[112.21184058300003,-7.0045228909999651,0],[112.21184057200003,-7.0045228259999703,0],[112.21184055600008,-7.0045227309999518,0],[112.21184052300009,-7.0045225269999492,0],[112.21184030200004,-7.0045211779999477,0],[112.21183952800004,-7.0045164559999762,0],[112.21183840300012,-7.0045095909999304,0],[112.21183747000009,-7.0045038999999747,0],[112.21183708100011,-7.0045015269999453,0],[112.21183648300007,-7.0044978789999277,0],[112.21183584400001,-7.0044939789999603,0],[112.21183476800002,-7.0044874099999674,0],[112.21183457300003,-7.0044862219999686,0],[112.21183436700005,-7.0044849649999605,0],[112.21183381200001,-7.0044815769999786,0],[112.21183282200002,-7.0044755389999409,0],[112.21183158600002,-7.0044679949999704,0],[112.21182997000005,-7.0044581349999362,0],[112.21182897500012,-7.0044520629999738,0],[112.21182896000005,-7.0044519699999341,0],[112.21182894500009,-7.0044518759999619,0],[112.21182835800005,-7.0044482939999284,0],[112.21182586600003,-7.0044330859999491,0],[112.21182513400004,-7.0044286199999419,0],[112.21182502200008,-7.0044279359999564,0],[112.21182485700001,-7.0044269319999444,0],[112.2118247730001,-7.0044264219999377,0],[112.21182468600011,-7.0044258879999575,0],[112.21182453600011,-7.0044249709999349,0],[112.21182362500008,-7.0044194149999726,0],[112.21182331200009,-7.0044175029999565,0],[112.2118224190001,-7.0044120559999783,0],[112.21182246000001,-7.0044093699999621,0],[112.21182247600007,-7.0044083159999673,0],[112.21182248700006,-7.0044076249999421,0],[112.21182250200002,-7.0044066589999261,0],[112.21182265000004,-7.004396948999954,0],[112.21182284200006,-7.004384358999971,0],[112.21182284800011,-7.0043839609999736,0],[112.21182299300006,-7.0043744569999262,0],[112.21182328600003,-7.0043552659999477,0],[112.21182344700003,-7.0043447249999531,0],[112.21182366700009,-7.0043302819999553,0],[112.21182385000009,-7.0043183009999552,0],[112.21182420700006,-7.0042948929999511,0],[112.21182421700007,-7.0042942059999405,0],[112.21182426100006,-7.0042913529999282,0],[112.21182429500004,-7.0042891139999597,0],[112.21182434000002,-7.0042861989999778,0],[112.21182437700008,-7.0042837719999511,0],[112.2118244290001,-7.0042803329999401,0],[112.21182445400007,-7.0042786989999399,0],[112.21182451800007,-7.0042745359999685,0],[112.21182454900008,-7.0042725079999286,0],[112.2118245910001,-7.0042697239999256,0],[112.21182463300011,-7.0042669849999584,0],[112.21182466400001,-7.0042649549999396,0],[112.21182470600002,-7.004262204999975,0],[112.21182472100008,-7.0042612199999326,0],[112.21182474800003,-7.0042594309999799,0],[112.21182477800005,-7.0042574659999559,0],[112.2118248270001,-7.0042542859999344,0],[112.21182498200005,-7.0042539729999476,0],[112.21182668000006,-7.0042505429999551,0],[112.21182802900012,-7.0042478179999534,0],[112.21183081800007,-7.0042421829999739,0],[112.21183204300007,-7.0042397079999432,0],[112.21183486900009,-7.0042339989999505,0],[112.21183604500004,-7.0042316229999528,0],[112.21183884600009,-7.0042259649999323,0],[112.21183991400005,-7.0042238069999598,0],[112.21184206700002,-7.0042194569999765,0],[112.21184357800007,-7.0042164039999761,0],[112.21184627300011,-7.0042109589999768,0],[112.21184821100007,-7.0042070439999407,0],[112.2118496600001,-7.0042041159999258,0],[112.21185039900001,-7.0042026219999798,0],[112.21185478700011,-7.0041937579999285,0],[112.21186142800002,-7.0041803409999375,0],[112.21186916800002,-7.0041647049999369,0],[112.21187473900011,-7.0041534509999792,0],[112.21188415000006,-7.0041344379999373,0],[112.21188908700003,-7.0041244639999718,0],[112.21189662300003,-7.0041092399999343,0],[112.21189914500007,-7.0041041449999284,0],[112.21190660400009,-7.0040940709999404,0],[112.21191387200008,-7.0040842549999525,0],[112.2119224600001,-7.0040726569999379,0],[112.21192250500008,-7.0040725959999577,0],[112.21192255100004,-7.0040725339999312,0],[112.21192720400006,-7.0040662489999477,0],[112.21192745900009,-7.0040659049999476,0],[112.21192954500009,-7.0040630869999632,0],[112.21193136000011,-7.0040606349999734,0],[112.21193486600009,-7.0040558999999689,0],[112.2119378650001,-7.0040518489999499,0],[112.21194099700006,-7.0040476189999481,0],[112.21194443000002,-7.0040429819999304,0],[112.21194675800007,-7.0040398389999723,0],[112.21194922500001,-7.004036507999956,0],[112.21194999900001,-7.0040354619999334,0],[112.21195223700011,-7.0040324389999569,0],[112.21195622000005,-7.0040270599999417,0],[112.21195799800012,-7.0040246579999348,0],[112.2119618050001,-7.0040195159999712,0],[112.2119627510001,-7.0040182389999472,0],[112.21197353800005,-7.004003670999964,0],[112.211977907,-7.0039977709999448,0],[112.21199520800008,-7.0039744059999407,0],[112.21200243400006,-7.0039646469999752,0],[112.21201561100008,-7.0039468499999771,0],[112.21202298300011,-7.0039368939999349,0],[112.21203331800007,-7.0039229359999808,0],[112.21204217000002,-7.0039109809999331,0],[112.21205567600009,-7.0038927419999482,0],[112.21206289600002,-7.0038829909999549,0],[112.21207549600001,-7.0038659739999503,0],[112.21208206100005,-7.003857107999977,0],[112.21208317900005,-7.0038549469999793,0],[112.21209442400004,-7.0038332089999358,0],[112.21209774200008,-7.0038267949999522,0],[112.21210864200009,-7.0038057239999603,0],[112.21211419500003,-7.0037949899999603,0],[112.21212311700003,-7.0037777429999437,0],[112.21212852800011,-7.0037672829999451,0],[112.21213308800009,-7.0037584689999335,0],[112.21214132500006,-7.0037425469999448,0],[112.21214593900004,-7.0037336279999636,0],[112.21215346200006,-7.0037190849999433,0],[112.21215919600002,-7.0037079999999605,0],[112.2121661650001,-7.0036945289999721,0],[112.21217252700001,-7.0036822299999812,0],[112.21217971500005,-7.0036683349999294,0],[112.2121857300001,-7.0036567069999478,0],[112.21218895000004,-7.003650481999955,0],[112.21219106700005,-7.0036463899999717,0],[112.21219239700008,-7.003643818999933,0],[112.21219417400005,-7.0036403839999366,0],[112.21219615000007,-7.0036365649999652,0],[112.21219744400003,-7.0036340639999253,0],[112.21220030400002,-7.0036285349999616,0],[112.21220175300004,-7.0036257349999573,0],[112.21220376100007,-7.0036218529999701,0],[112.21220570200001,-7.0036181009999723,0],[112.2122070580001,-7.0036154799999508,0],[112.2122085850001,-7.0036125279999624,0],[112.21220930100003,-7.0036111439999331,0],[112.21221176000006,-7.0036063909999484,0],[112.21221189800008,-7.0036061239999299,0],[112.21221235200005,-7.0036052459999496,0],[112.21221258900005,-7.0036047879999614,0],[112.21221265800011,-7.0036045329999297,0],[112.21221396600004,-7.0035997149999503,0],[112.21221457200011,-7.0035974849999434,0],[112.21221571400008,-7.0035932799999614,0],[112.21221698700003,-7.0035885919999714,0],[112.21221907400002,-7.0035809059999679,0],[112.21221925500004,-7.0035802399999625,0],[112.21221926800001,-7.0035801929999479,0],[112.21221928000011,-7.0035801469999797,0],[112.21222089500009,-7.0035741999999459,0],[112.21222172000012,-7.003571160999968,0],[112.2122233130001,-7.003565291999962,0],[112.21222362100002,-7.0035641579999606,0],[112.21222685200007,-7.0035522589999459,0],[112.21223007600008,-7.0035403829999723,0],[112.21223373200007,-7.003526916999931,0],[112.21223766700007,-7.0035124249999399,0],[112.21223788000009,-7.0035116419999781,0],[112.21224181500008,-7.0034971489999407,0],[112.21224439600007,-7.0034876409999356,0],[112.21224640800006,-7.0034802309999691,0],[112.21224735300007,-7.0034767509999369,0],[112.21224794900002,-7.003474553999979,0],[112.21224889200005,-7.0034710799999402,0],[112.21225188800008,-7.0034600469999759,0],[112.2122563480001,-7.0034436189999383,0],[112.21225743700006,-7.0034396089999404,0],[112.21226130000002,-7.0034253829999784,0],[112.21226255500005,-7.0034207609999726,0],[112.21226346900005,-7.0034173929999497,0],[112.21227063000003,-7.0033910199999809,0],[112.21227334500009,-7.0033810199999493,0],[112.21227496800009,-7.003375043999938,0],[112.21227770900009,-7.0033649499999342,0],[112.21227806500008,-7.0033636369999499,0],[112.21227971300004,-7.0033575669999664,0],[112.21228341800008,-7.0033439219999423,0],[112.21228593800004,-7.0033346409999808,0],[112.21228646800012,-7.0033326899999793,0],[112.21228719500004,-7.003330013999971,0],[112.21229498300011,-7.0033013279999636,0],[112.21229530200003,-7.0033001519999516,0],[112.21229895500005,-7.0032866959999751,0],[112.21229888900007,-7.0032864079999513,0],[112.21229821800011,-7.0032834659999708,0],[112.2122975640001,-7.0032805999999255,0],[112.21229420200007,-7.0032658689999607,0],[112.21229386800007,-7.0032644049999249,0],[112.21229025500008,-7.0032485749999296,0],[112.21228875300005,-7.0032419919999711,0],[112.21228503700002,-7.0032257109999705,0],[112.21228375700002,-7.003220100999954,0],[112.21228174900011,-7.0032113029999437,0],[112.21228135900003,-7.0032095929999514,0],[112.21228063100011,-7.0032064039999682,0],[112.21227976500006,-7.003202607999981,0],[112.21227907000002,-7.0031995619999634,0],[112.21227816700002,-7.0031956069999524,0],[112.21227804400007,-7.0031950679999682,0],[112.21227585000008,-7.0031854569999723,0],[112.21227402500006,-7.0031774619999396,0],[112.21227216700004,-7.0031693239999413,0],[112.21227100500005,-7.0031642329999499,0],[112.21226845600006,-7.0031530669999711,0],[112.21226760500008,-7.0031493359999786,0],[112.2122667000001,-7.003145371999949,0],[112.21226555900012,-7.0031403739999405,0],[112.21226368300006,-7.0031321559999355,0],[112.21226214600006,-7.0031254199999466,0],[112.21225965400004,-7.003114499999981,0],[112.21225768500005,-7.0031058709999456,0],[112.21225511400007,-7.0030946079999694,0],[112.21225403400001,-7.0030898779999688,0],[112.21225042100002,-7.003074048999963,0],[112.21224935100008,-7.0030693589999373,0],[112.21224763900011,-7.0030618589999563,0],[112.21224525000002,-7.0030567739999583,0],[112.21224247400005,-7.0030508659999668,0],[112.21223556700011,-7.0030361689999268,0],[112.21223269500001,-7.0030300559999432,0],[112.21222635400011,-7.0030165619999707,0],[112.21222396600001,-7.003011479999941,0],[112.21221774000003,-7.0029982309999355,0],[112.21221284600006,-7.002987816999962,0],[112.21220900700007,-7.0029796479999504,0],[112.21220508600004,-7.00297130499996,0],[112.21220012100002,-7.0029607379999561,0],[112.21219723700005,-7.0029546009999422,0],[112.21219260300006,-7.0029447399999754,0],[112.21218923100002,-7.0029375629999322,0],[112.21218520400009,-7.0029289939999444,0],[112.21218109100005,-7.0029202409999698,0],[112.21217776200001,-7.0029131579999557,0],[112.21217266000008,-7.0029023009999491,0],[112.21216944900004,-7.0028954689999523,0],[112.21216380400006,-7.0028834549999601,0],[112.21216037600004,-7.0028761589999249,0],[112.21215362800001,-7.0028617999999483,0],[112.21215114300003,-7.0028565119999371,0],[112.21214533200009,-7.0028441449999264,0],[112.21214517400006,-7.0028438089999554,0],[112.21214155600001,-7.0028361089999294,0],[112.21213761700005,-7.0028277279999429,0],[112.21213260800005,-7.0028170679999562,0],[112.21213019300001,-7.0028119289999609,0],[112.21212865000007,-7.0028086449999591,0],[112.21212445500009,-7.0028009469999688,0],[112.21212167300007,-7.002795841999955,0],[112.21211568300009,-7.002784849999955,0],[112.2121131670001,-7.0027802329999531,0],[112.21210760300005,-7.0027700229999255,0],[112.21210367500009,-7.0027628159999722,0],[112.21209841000007,-7.0027531549999367,0],[112.2120953750001,-7.0027475869999307,0],[112.21208989800004,-7.0027375379999626,0],[112.21208723100005,-7.0027326439999342,0],[112.21208068200008,-7.0027206279999632,0],[112.21207921700011,-7.0027179389999787,0],[112.21207331000005,-7.0027070989999629,0],[112.21206951800002,-7.0027001409999343,0],[112.21206446000008,-7.0026908609999623,0],[112.21205675600004,-7.0026767239999685,0],[112.21204954700011,-7.0026634959999683,0],[112.2120457100001,-7.0026564549999648,0],[112.212040419,-7.0026467459999253,0],[112.21203479100006,-7.0026364199999307,0],[112.21203225500005,-7.0026317659999791,0],[112.21203128900004,-7.0026299939999603,0],[112.21202633500002,-7.0026209039999685,0],[112.21202387200003,-7.0026163849999534,0],[112.21201790800001,-7.0026054409999574,0],[112.21201733600003,-7.0026043919999665,0],[112.21201030800012,-7.002591496999969,0],[112.21200965200001,-7.0025902929999688,0],[112.21200357800001,-7.002579146999949,0],[112.21200105000003,-7.0025745079999524,0],[112.21199655000009,-7.0025662499999726,0],[112.21199350200004,-7.0025606559999574,0],[112.21198792500002,-7.0025504229999456,0],[112.21198178000009,-7.0025391469999363,0],[112.21197919000008,-7.002534394999941,0],[112.21197241700008,-7.0025219669999501,0],[112.2119676750001,-7.0025132659999372,0],[112.2119615580001,-7.0025020419999464,0],[112.21196033400008,-7.0024997959999382,0],[112.21195727100007,-7.0024941759999706,0],[112.21195318700006,-7.0024866829999723,0],[112.21194829700005,-7.0024777099999369,0],[112.21194251300005,-7.0024670969999647,0],[112.21194109700002,-7.0024644989999274,0],[112.21193574600011,-7.0024546809999606,0],[112.21191806900003,-7.0024222449999343,0],[112.21190999200007,-7.002407423999955,0],[112.21189168800004,-7.0023738349999576,0],[112.21188307300008,-7.002358026999957,0],[112.21186715200008,-7.0023288109999271,0],[112.21185794300004,-7.0023119139999608,0],[112.21183962000009,-7.002278290999925,0],[112.21183754800006,-7.0022744889999444,0],[112.2118290730001,-7.0022576609999305,0],[112.21181733300011,-7.0022343519999595,0],[112.21180361900008,-7.0022071219999589,0],[112.2117925010001,-7.0021850459999655,0],[112.21179166600007,-7.0021833879999349,0],[112.21177852400001,-7.0021572949999609,0],[112.21176531000003,-7.0021310589999644,0],[112.21175177500004,-7.0021041849999506,0],[112.2117383100001,-7.0020774499999447,0],[112.21172768800011,-7.0020563599999264,0],[112.21172380500002,-7.0020486509999387,0],[112.21171450800011,-7.0020301909999603,0],[112.2117061130001,-7.0020135219999702,0],[112.21170379200009,-7.00200891399993,0],[112.21170137200011,-7.0020041079999373,0],[112.21170109400009,-7.0020031839999319,0],[112.21170020700004,-7.002000235999958,0],[112.21169971500001,-7.0019986009999684,0],[112.21169715300005,-7.0019900869999674,0],[112.21169677400007,-7.0019888289999699,0],[112.21169501100007,-7.0019829689999256,0],[112.21169420700005,-7.0019802979999781,0],[112.21169388800001,-7.0019792389999793,0],[112.21169284500002,-7.0019757739999591,0],[112.21169272500003,-7.001975373999926,0],[112.21169159100009,-7.001971603999948,0],[112.21169036000003,-7.0019675109999753,0],[112.21168863600008,-7.0019617819999667,0],[112.21168675300009,-7.0019555229999355,0],[112.21168526800011,-7.0019505889999323,0],[112.21168423800009,-7.0019471669999689,0],[112.21168222200004,-7.0019404649999615,0],[112.21168123100006,-7.0019371719999413,0],[112.21167936000006,-7.0019309549999775,0],[112.2116778300001,-7.001925870999969,0],[112.21167632800007,-7.0019208789999539,0],[112.2116739280001,-7.0019129019999582,0],[112.21167281800001,-7.0019092129999763,0],[112.2116706700001,-7.0019020749999754,0],[112.21166927700006,-7.0018974449999405,0],[112.21166734100007,-7.001891010999941,0],[112.21166562600001,-7.0018853119999562,0],[112.21166332200005,-7.0018776549999302,0],[112.21166254900004,-7.0018750849999378,0],[112.21165951900002,-7.001865013999975,0],[112.21165877200008,-7.001862530999972,0],[112.21165648500005,-7.0018549309999685,0],[112.21165500600011,-7.0018500149999454,0],[112.21165357700011,-7.0018452639999396,0],[112.21165172000008,-7.0018390909999653,0],[112.21165056200005,-7.0018352409999807,0],[112.2116488580001,-7.0018295769999668,0],[112.21164703600004,-7.0018235209999489,0],[112.21164547000001,-7.0018183169999588,0],[112.21164356400004,-7.0018119809999462,0],[112.21164244500005,-7.001808260999951,0],[112.21164090600007,-7.0018031479999649,0],[112.21163949100003,-7.0017984469999419,0],[112.21163918600007,-7.0017974319999325,0],[112.21163910000007,-7.0017919349999715,0],[112.2116390430001,-7.0017883389999724,0],[112.21163897700001,-7.0017841079999812,0],[112.21163897200006,-7.0017837849999296,0],[112.21163886000011,-7.0017766239999446,0],[112.21163877200001,-7.001771023999936,0],[112.21163868200006,-7.0017653159999327,0],[112.21163861500008,-7.0017610139999533,0],[112.21163852900008,-7.00175552099995,0],[112.21163849000004,-7.0017530329999431,0],[112.21163843600004,-7.0017495849999705,0],[112.21163829500006,-7.0017405989999588,0],[112.21163827300006,-7.0017391669999256,0],[112.21163818700006,-7.0017336609999461,0],[112.21163794600011,-7.001718306999976,0],[112.21163771200008,-7.0017033949999359,0],[112.21163733900005,-7.001679663999937,0],[112.21163713900012,-7.0016669309999315,0],[112.2116367640001,-7.0016430209999498,0],[112.21163664000005,-7.0016351259999396,0],[112.21163686000011,-7.0016343639999263,0],[112.21164136200002,-7.0016187489999311,0],[112.2116473960001,-7.0015978189999259,0],[112.21164830400005,-7.0015946699999745,0],[112.21165498000005,-7.0015715129999307,0],[112.21165563000011,-7.0015692569999715,0],[112.211662133,-7.0015467009999384,0],[112.21166391100007,-7.0015405359999363,0],[112.2116645750001,-7.0015382339999519,0],[112.21166502700009,-7.0015366659999358,0],[112.21166565700003,-7.0015344819999541,0],[112.2116674020001,-7.0015284299999507,0],[112.21166818000006,-7.0015257329999372,0],[112.21166875500001,-7.0015237369999568,0],[112.21167266300006,-7.0015101809999578,0],[112.21167606500001,-7.0014983809999762,0],[112.21167867200006,-7.0014893379999421,0],[112.21167927300007,-7.0014872549999723,0],[112.21169233900002,-7.0014734739999653,0],[112.2116984810001,-7.0014669949999302,0],[112.21171143800007,-7.0014533279999682,0],[112.21171668500006,-7.0014477929999543,0],[112.21171693300005,-7.0014475319999292,0],[112.21172644000001,-7.0014375049999558,0],[112.21173861300008,-7.001424664999945,0],[112.21175302400002,-7.0014094639999485,0],[112.21176175900007,-7.00140025099995,0],[112.21177550600009,-7.001385751999976,0],[112.21178598800009,-7.0013746959999708,0],[112.21179673100005,-7.0013633649999747,0],[112.21180395700003,-7.0013557419999302,0],[112.21180778600001,-7.0013532799999325,0],[112.21182499000008,-7.0013422199999695,0],[112.21184176300005,-7.0013314379999656,0],[112.21185598400007,-7.0013222959999553,0],[112.21187431400006,-7.001310511999975,0],[112.21188140600009,-7.0013059529999282,0],[112.21190066100007,-7.001293574999977,0],[112.21191793900005,-7.0012824679999426,0],[112.21193647700011,-7.0012705509999478,0],[112.21195791500008,-7.0012567699999408,0],[112.21197251500007,-7.0012473839999529,0],[112.21198512000001,-7.0012392809999255,0],[112.21199411200007,-7.0012334999999553,0],[112.21200262700006,-7.0012280259999784,0],[112.21201714600011,-7.0012186919999522,0],[112.2120318530001,-7.0012148719999345,0],[112.21203922900008,-7.0012129559999607,0],[112.21206230200005,-7.0012069629999587,0],[112.21208463000005,-7.0012011639999514,0],[112.21210636800004,-7.0011955179999745,0],[112.21211960800008,-7.0011920789999635,0],[112.21214827900008,-7.0011846329999798,0],[112.21217243300009,-7.0011783599999262,0],[112.21218655400003,-7.001174692999939,0],[112.21222183000009,-7.0011655309999696,0],[112.21223798300002,-7.0011613359999387,0],[112.21227394000005,-7.0011519969999654,0],[112.21228790500004,-7.001148369999953,0],[112.21231919600007,-7.0011402429999521,0],[112.21233948700001,-7.0011349729999779,0],[112.21236331200009,-7.0011287849999349,0],[112.21238693000009,-7.001122650999946,0],[112.21239914100011,-7.001119479999943,0],[112.21239950400002,-7.0011193859999707,0],[112.21240037600001,-7.0011191599999734,0],[112.21241591900002,-7.0011151229999768,0],[112.2124171160001,-7.0011148119999689,0],[112.21243146100005,-7.0011110859999803,0],[112.21243297700005,-7.0011106919999406,0],[112.21243464100007,-7.0011102599999617,0],[112.21244212000011,-7.0011083179999787,0],[112.21244784600003,-7.0011068309999587,0],[112.21244878800007,-7.0011065859999349,0],[112.21245186700003,-7.0011057859999255,0],[112.21246621400007,-7.001102059999937,0],[112.21246623900004,-7.0011020539999436,0],[112.21246626400011,-7.0011020469999607,0],[112.21246666800005,-7.0011019419999343,0],[112.21247220400005,-7.0011005039999645,0],[112.21247976600011,-7.0010985399999299,0],[112.21248063600001,-7.0010983139999325,0],[112.2124842290001,-7.0010973809999655,0],[112.21249401400007,-7.0010948399999506,0],[112.21250245900001,-7.0010926469999504,0],[112.21251076800002,-7.0010904889999779,0],[112.21251640800006,-7.0010890239999526,0],[112.21251783800005,-7.0010886529999539,0],[112.21252828000002,-7.0010859409999284,0],[112.21253354300006,-7.0010845739999468,0],[112.21254456200006,-7.0010817119999729,0],[112.21255296400011,-7.00107952999997,0],[112.2125614040001,-7.0010773379999591,0],[112.21256971000003,-7.0010751809999761,0],[112.21257991700008,-7.0010725299999308,0],[112.21258565400001,-7.0010710399999425,0],[112.21258690100001,-7.0010706919999279,0],[112.21259632700003,-7.0010680629999342,0],[112.21260364800003,-7.0010660209999287,0],[112.21261346500012,-7.0010632829999508,0],[112.21261834100005,-7.001061922999952,0],[112.21262955800012,-7.0010587939999596,0],[112.21263642400004,-7.0010568789999752,0],[112.2126457820001,-7.0010542689999511,0],[112.21265424000001,-7.0010519099999442,0],[112.21266272500009,-7.0010495429999651,0],[112.21266854800001,-7.0010479189999728,0],[112.21267253800011,-7.0010468059999766,0],[112.21267571700002,-7.0010459189999779,0],[112.21267862900004,-7.0010451069999249,0],[112.2126882980001,-7.0010424099999682,0],[112.21268975900011,-7.0010420019999628,0],[112.21269318000009,-7.0010410479999337,0],[112.2126992740001,-7.0010393479999493,0],[112.21270740900002,-7.001037078999957,0],[112.21271499700003,-7.0010349619999488,0],[112.21272670600001,-7.0010316959999273,0],[112.21272920700005,-7.0010309979999761,0],[112.21274222000011,-7.0010273679999386,0],[112.2127489290001,-7.0010254969999437,0],[112.21275433200003,-7.0010239899999647,0],[112.21275535500001,-7.001023704999966,0],[112.21276413800001,-7.0010212549999551,0],[112.21277006000003,-7.0010196029999747,0],[112.21277782600009,-7.0010174369999731,0],[112.21278243400002,-7.001016151999977,0],[112.21279073100004,-7.0010138379999489,0],[112.21279707800011,-7.0010120669999765,0],[112.21279761400001,-7.0010119169999712,0],[112.21280360000003,-7.0010102469999538,0],[112.21281043900001,-7.0010083389999522,0],[112.21281809300001,-7.0010062039999639,0],[112.21282435900002,-7.001004456999965,0],[112.21283014800008,-7.0010028419999344,0],[112.21283111800005,-7.0010023409999462,0],[112.21283348500003,-7.0010011189999659,0],[112.21284384300009,-7.0009957739999322,0],[112.21284717900005,-7.0009940529999426,0],[112.21285447200012,-7.000990288999958,0],[112.2128645250001,-7.0009851019999587,0],[112.21286957900008,-7.0009824939999703,0],[112.21287922900001,-7.0009775139999419,0],[112.21288594700002,-7.0009740469999429,0],[112.21289296800001,-7.0009704239999451,0],[112.21289916800004,-7.0009672249999539,0],[112.21290343700002,-7.0009650219999457,0],[112.2129108150001,-7.0009612149999612,0],[112.2129162550001,-7.000958407999974,0],[112.21292228400011,-7.0009552969999618,0],[112.21292855700005,-7.0009520599999746,0],[112.21293151200007,-7.0009505349999586,0],[112.21293401200001,-7.0009492449999584,0],[112.2129407860001,-7.0009457489999249,0],[112.21294408600011,-7.0009440459999723,0],[112.21295065400011,-7.0009406569999442,0],[112.21295403900001,-7.0009389099999453,0],[112.2129599220001,-7.0009358739999357,0],[112.21296617100006,-7.0009326499999815,0],[112.21296998200012,-7.0009306839999681,0],[112.2129761220001,-7.0009275149999439,0],[112.21297813300009,-7.0009264769999504,0],[112.21298414800003,-7.0009233729999778,0],[112.21298518800006,-7.0009228359999724,0],[112.21299371900011,-7.0009184339999706,0],[112.21299704100011,-7.0009167199999638,0],[112.21300585100005,-7.00091217399995,0],[112.21300888700011,-7.0009106069999802,0],[112.213016917,-7.0009064629999784,0],[112.21302242500008,-7.0009036209999636,0],[112.21302821100005,-7.0009006349999368,0],[112.21303470000009,-7.0008972869999297,0],[112.21303498400005,-7.0008971139999403,0],[112.21304036600009,-7.000893830999928,0],[112.21304715600002,-7.0008896899999513,0],[112.21305148100009,-7.0008870519999391,0],[112.2130602090001,-7.000881728999957,0],[112.2130630370001,-7.0008800039999528,0],[112.21307063800009,-7.0008753679999813,0],[112.21307485700004,-7.0008727949999638,0],[112.21308407700008,-7.0008671719999711,0],[112.21308600400005,-7.0008659969999485,0],[112.21309461700002,-7.0008607439999651,0],[112.21309662800002,-7.0008595169999808,0],[112.21310606800012,-7.0008537599999272,0],[112.21310614600009,-7.0008537119999801,0],[112.21310622400006,-7.0008536649999655,0],[112.21311625900012,-7.0008475439999529,0],[112.2131165620001,-7.0008473589999767,0],[112.21312673300008,-7.0008411559999786,0],[112.213126837,-7.0008410919999733,0],[112.21312694100004,-7.0008410289999574,0],[112.21313147000001,-7.0008382669999492,0],[112.21313349400009,-7.0008370329999252,0],[112.21313516200007,-7.000836015999937,0],[112.2131354390001,-7.0008358469999621,0],[112.21313696800007,-7.0008349139999382,0],[112.2131391690001,-7.0008335719999764,0],[112.21314138800005,-7.0008322189999603,0],[112.21314189300006,-7.0008319109999775,0],[112.21314319100009,-7.0008311199999298,0],[112.21314714900006,-7.0008287059999361,0],[112.21314939900003,-7.0008273339999505,0],[112.21315396700004,-7.0008245479999687,0],[112.21315737900011,-7.0008224669999777,0],[112.21316240800002,-7.0008193999999548,0],[112.21316321800009,-7.0008189059999495,0],[112.21316950700009,-7.0008150699999305,0],[112.21316993500011,-7.0008148089999622,0],[112.21317352500012,-7.0008126199999765,0],[112.21317561600006,-7.0008113449999314,0],[112.21317985300004,-7.0008087609999734,0],[112.21318043500003,-7.000808405999976,0],[112.2131837710001,-7.0008063709999533,0],[112.21318455800008,-7.0008058909999704,0],[112.21318848800001,-7.0008034939999675,0],[112.21319286800008,-7.0008008229999632,0],[112.21319434300005,-7.0007999229999314,0],[112.21319502600011,-7.0007995069999538,0],[112.21320167100009,-7.000795453999956,0],[112.21320568400006,-7.0007930069999702,0],[112.21321052000008,-7.0007900569999606,0],[112.21321147300011,-7.0007894759999658,0],[112.21321700700003,-7.0007861009999601,0],[112.21321772100009,-7.0007856659999561,0],[112.21322562100011,-7.0007808479999767,0],[112.21322876900001,-7.0007789279999315,0],[112.21323224000002,-7.0007768109999802,0],[112.21323601000006,-7.0007745109999746,0],[112.2132426820001,-7.0007704419999754,0],[112.21324499700006,-7.0007690299999581,0],[112.21324968900001,-7.0007661679999273,0],[112.21325439300006,-7.0007632989999706,0],[112.21325745900003,-7.0007614289999651,0],[112.21326331900002,-7.0007578549999607,0],[112.21326566100004,-7.0007564269999421,0],[112.21327206600006,-7.000752519999935,0],[112.21327366200001,-7.0007515469999362,0],[112.21328134200007,-7.0007468629999607,0],[112.21328410400008,-7.0007451789999777,0],[112.21330345600006,-7.000733375999971,0],[112.21330507200003,-7.0007323899999392,0],[112.21332055200003,-7.0007229489999645,0],[112.21332546000008,-7.0007199559999549,0],[112.21334090900007,-7.0007105329999604,0],[112.2133477750001,-7.0007063449999691,0],[112.21336116500004,-7.0006981779999364,0],[112.21336611100003,-7.0006951609999533,0],[112.21338164400004,-7.0006856869999297,0],[112.21339076700008,-7.0006801229999382,0],[112.21340577900003,-7.0006709669999623,0],[112.21341008500008,-7.0006683409999368,0],[112.21342607800011,-7.0006585869999753,0],[112.21343399600005,-7.0006537579999417,0],[112.2134518900001,-7.0006428439999695,0],[112.21345705600004,-7.0006396929999255,0],[112.21347308200006,-7.0006299179999587,0],[112.21348113500005,-7.0006250059999502,0],[112.21349716400005,-7.0006152299999371,0],[112.21350624900003,-7.0006096889999299,0],[112.21352235900008,-7.0005998639999802,0],[112.21352487000001,-7.0005983319999814,0],[112.21354226500011,-7.0005877229999669,0],[112.21355061500003,-7.0005826299999399,0],[112.21356635400002,-7.0005730309999308,0],[112.21357545900003,-7.0005674779999367,0],[112.21359179900003,-7.0005575119999435,0],[112.21360081900002,-7.0005520099999785,0],[112.21361119800008,-7.0005456799999592,0],[112.21361278300003,-7.00054459699993,0],[112.21362513300005,-7.0005361639999251,0],[112.21363704300006,-7.000528031999977,0],[112.21364778600002,-7.0005206969999563,0],[112.21365962400012,-7.0005126139999447,0],[112.21366897400003,-7.0005062299999281,0],[112.213682285,-7.0004971409999257,0],[112.21368862700001,-7.0004928099999688,0],[112.21370648600009,-7.0004806149999581,0],[112.21371009200004,-7.0004781529999605,0],[112.21372521900003,-7.0004678239999407,0],[112.21373344100004,-7.0004622099999665,0],[112.21374701100001,-7.0004529439999601,0],[112.21375546400009,-7.0004471719999515,0],[112.21376821400008,-7.0004384659999346,0],[112.21376844100007,-7.0004383109999253,0],[112.21377969000002,-7.0004257559999701,0],[112.21378476400002,-7.0004200929999456,0],[112.2137918840001,-7.0004121459999737,0],[112.2138019360001,-7.0004009269999301,0],[112.2138059560001,-7.0003964409999639,0],[112.2138161470001,-7.0003850669999679,0],[112.21381891700003,-7.0003819749999252,0],[112.21382614600009,-7.0003739079999718,0],[112.21382913700006,-7.0003705689999265,0],[112.21383401200001,-7.0003651279999417,0],[112.21384224200006,-7.0003559429999314,0],[112.21384830000011,-7.0003491819999795,0],[112.21384876700006,-7.0003486609999754,0],[112.21386236800004,-7.0003334809999274,0],[112.21386693400007,-7.0003283859999783,0],[112.21387464700001,-7.0003197779999482,0],[112.21387576800009,-7.000317205999977,0],[112.21387902700008,-7.0003097299999695,0],[112.21388286300009,-7.0003009309999698,0],[112.21388631900004,-7.0002930029999675,0],[112.2138902480001,-7.0002839889999677,0],[112.2138934300001,-7.0002766879999285,0],[112.21389427500003,-7.0002747489999706,0],[112.21390040000006,-7.0002606969999306,0],[112.21390386900009,-7.0002527389999614,0],[112.21390485000006,-7.0002504889999386,0],[112.21390601100006,-7.0002478259999634,0],[112.21391879400005,-7.0002184999999599,0],[112.21392742100011,-7.0001987089999602,0],[112.21393922800007,-7.0001716229999715,0],[112.21394598500001,-7.0001561219999644,0],[112.21396183900004,-7.0001197499999535,0],[112.21396731600009,-7.0001071859999797,0],[112.21398585000009,-7.0000646669999469,0],[112.21399004600005,-7.0000550409999391,0],[112.2140009850001,-7.0000299449999375,0],[112.21400629900006,-7.0000106549999259,0],[112.21400729700008,-7.0000070329999744,0],[112.21400917200003,-7.0000002239999617,0],[112.21401271800005,-6.999981742999978,0],[112.21401806800009,-6.9999538619999271,0],[112.21402207800008,-6.9999329639999814,0],[112.21402359500007,-6.9999250589999633,0],[112.21402570800001,-6.9999140479999369,0],[112.21403082200004,-6.9998873969999522,0],[112.21403385100007,-6.9998716089999675,0],[112.21403654900007,-6.9998575489999553,0],[112.21404750800002,-6.9998004339999511,0],[112.21405419600001,-6.9997655789999271,0],[112.21407050700009,-6.9996805699999527,0],[112.21407597200005,-6.9996520889999374,0],[112.21409042400001,-6.9995767659999615,0],[112.21409407500005,-6.9995577359999288,0],[112.21408185000007,-6.9995235779999803,0],[112.21405990300002,-6.9994622539999796,0],[112.21404225900005,-6.999412953999979,0],[112.21401647200003,-6.9993409019999717,0],[112.21400102400003,-6.9992977389999282,0],[112.21398021400012,-6.9992395909999345,0],[112.21397950700009,-6.9992382869999688,0],[112.21394336300011,-6.9991716639999595,0],[112.21391948100006,-6.9991276429999516,0],[112.21388769200007,-6.9990690479999671,0],[112.21385913100005,-6.999016403999974,0],[112.21382962400003,-6.998962014999961,0],[112.21378926000011,-6.9988876139999547,0],[112.21376841300003,-6.9988491879999515,0],[112.21374221300005,-6.9988008939999418,0],[112.21371855000007,-6.9987698319999367,0],[112.21367935100011,-6.9987183759999425,0],[112.2136208930001,-6.998641637999981,0],[112.21359214100005,-6.9986038949999738,0],[112.21353524600011,-6.9985292089999689,0],[112.2134998030001,-6.9984826829999633,0],[112.21344212200006,-6.9984069639999689,0],[112.21340632100009,-6.9983599679999315,0],[112.21334786300008,-6.9982832309999594,0],[112.21331319600006,-6.9982377239999778,0],[112.21326765400011,-6.9981779409999376,0],[112.21322596200002,-6.998123211999939,0],[112.21322488300007,-6.998121795999964,0],[112.21320989300011,-6.9981021169999735,0],[112.21318250800005,-6.9980646699999625,0],[112.21317295800009,-6.9980516109999371,0],[112.21317298400004,-6.9980510079999476,0],[112.21317305200012,-6.9980494179999368,0],[112.21317306700007,-6.9980490779999514,0],[112.21317306900005,-6.9980490339999619,0],[112.21317300100009,-6.9980489879999368,0],[112.21316983000008,-6.9980468409999617,0],[112.21316893800008,-6.9980462369999259,0],[112.21316014100012,-6.998040279999941,0],[112.21314365000001,-6.9980291139999622,0],[112.21313035800006,-6.9980201149999743,0],[112.21311162300003,-6.9980074299999728,0],[112.21309688400004,-6.9979974499999571,0],[112.2130803660001,-6.9979862659999412,0],[112.21305383400011,-6.997968301999947,0],[112.21304850700005,-6.9979646949999506,0],[112.21303301400008,-6.9979542049999282,0],[112.21302060000005,-6.9979457999999681,0],[112.21300322800005,-6.9979340379999257,0],[112.21299009800009,-6.9979251479999789,0],[112.21297379600003,-6.9979141099999538,0],[112.21295863500006,-6.9979038449999393,0],[112.21294111300006,-6.9978919809999525,0],[112.21293211500006,-6.9978858879999279,0],[112.21291168100004,-6.9978720529999805,0],[112.21289875600007,-6.9978633009999385,0],[112.21288593800011,-6.9978546229999665,0],[112.21287011900006,-6.9978439119999507,0],[112.2128658580001,-6.9978410269999358,0],[112.21285393000005,-6.9978351159999761,0],[112.21283737700003,-6.9978269129999262,0],[112.21280509400003,-6.9978109149999455,0],[112.21279622700001,-6.9978065209999727,0],[112.21278646700011,-6.9978016839999668,0],[112.2127716010001,-6.9977943169999435,0],[112.21274600800007,-6.9977816339999777,0],[112.21274114400001,-6.9977792239999417,0],[112.21271747900005,-6.9977674969999271,0],[112.2127093150001,-6.9977634509999689,0],[112.2127005750001,-6.9977591199999551,0],[112.21268520300009,-6.9977515019999714,0],[112.21266654900001,-6.9977422579999597,0],[112.21265171200002,-6.9977349049999589,0],[112.21262371700004,-6.9977210319999585,0],[112.21261628900004,-6.9977173509999488,0],[112.21259831700002,-6.9977084449999438,0],[112.21257547500011,-6.9976971249999451,0],[112.21257125000011,-6.9976950309999779,0],[112.21256476400004,-6.9976918169999749,0],[112.21254589800003,-6.9976892099999759,0],[112.21253972300008,-6.9976883569999586,0],[112.21251528100004,-6.9976849789999278,0],[112.21249588100011,-6.9976822979999724,0],[112.21248279500003,-6.9976804899999365,0],[112.21246493600006,-6.9976780219999455,0],[112.2124544190001,-6.9976765689999638,0],[112.21244261800007,-6.9976749379999319,0],[112.21240868600012,-6.9976702489999525,0],[112.21240203100001,-6.9976693289999616,0],[112.21239727400007,-6.9976686719999748,0],[112.21235586200009,-6.9976629489999596,0],[112.21234767900012,-6.9976618179999264,0],[112.21230125300008,-6.9976554029999534,0],[112.21228855300001,-6.9976536479999254,0],[112.21224276100008,-6.9976473199999418,0],[112.21222134700008,-6.9976443609999706,0],[112.21221373900005,-6.997643309999944,0],[112.21220529300001,-6.9976421429999505,0],[112.21220488900008,-6.9976420869999743,0],[112.21215354800006,-6.9976349919999734,0],[112.21212779500001,-6.9976314329999809,0],[112.21209991600006,-6.9976275809999606,0],[112.21203856500006,-6.9976191029999768,0],[112.21203004600011,-6.9976179259999753,0],[112.21201942700009,-6.9976164579999249,0],[112.21194267200008,-6.9976058509999461,0],[112.2119291250001,-6.9976039789999618,0],[112.21186034300001,-6.997594473999925,0],[112.21183844000007,-6.9975914469999339,0],[112.21177277900006,-6.9975823739999328,0],[112.2117530700001,-6.9975796499999774,0],[112.21168692800006,-6.9975705099999459,0],[112.21168295400003,-6.99757023199993,0],[112.21166668300009,-6.9975690949999603,0],[112.21159931600005,-6.9975643889999333,0],[112.21157183000003,-6.9975624689999449,0],[112.21150687400007,-6.9975579309999603,0],[112.21148297000002,-6.9975562609999429,0],[112.21140455700004,-6.9975507829999515,0],[112.21139566000011,-6.9975501609999355,0],[112.21131163900009,-6.9975442909999401,0],[112.21129468400011,-6.9975431069999559,0],[112.21120634700003,-6.9975369359999604,0],[112.21119743400004,-6.997536312999955,0],[112.21110070100008,-6.9975295549999714,0],[112.21108830200001,-6.9975286889999779,0],[112.21099517000005,-6.9975221829999441,0],[112.21098456400011,-6.9975214419999361,0],[112.21089368600008,-6.9975150939999367,0],[112.21088135000002,-6.9975142319999577,0],[112.21081992400002,-6.9975099409999757,0],[112.21077920700009,-6.9975070969999251,0],[112.21073081300005,-6.997503715999926,0],[112.21070800300004,-6.997502122999947,0],[112.21063706200005,-6.9974971669999491,0],[112.21061893600006,-6.9974959009999793,0],[112.21057005700004,-6.9974924859999419,0],[112.21054497700004,-6.9974908029999483,0],[112.21053451600005,-6.9974901009999257,0],[112.21045262400003,-6.997484606999933,0],[112.21043949600005,-6.9974837259999276,0],[112.21043722200011,-6.997483572999954,0],[112.21043289700003,-6.9974832829999514,0],[112.21038618900002,-6.9974801499999444,0],[112.21033376500009,-6.9974766339999519,0],[112.21032614900002,-6.9974740399999291,0],[112.21027045200003,-6.9974550669999758,0],[112.21022011500008,-6.9974379189999354,0],[112.21018725300007,-6.9974267249999684,0],[112.21016823100001,-6.9974202449999439,0],[112.21010112200008,-6.9973973849999425,0],[112.21008628000004,-6.9973923289999789,0],[112.21006690600007,-6.9973807899999656,0],[112.21002316100009,-6.997354735999977,0],[112.21000174100004,-6.9973419789999411,0],[112.20995906200005,-6.9973165599999447,0],[112.20995621600002,-6.9973128319999773,0],[112.20993122300001,-6.9972800929999721,0],[112.20990622700003,-6.9972473499999523,0],[112.20987566600002,-6.9972073189999264,0],[112.20986776600012,-6.9971969699999477,0],[112.20986258300002,-6.9971790109999574,0],[112.20985257900008,-6.9971443519999639,0],[112.20984445200008,-6.997116195999979,0],[112.20983477300001,-6.9970826629999578,0],[112.20982423200007,-6.9970461429999773,0],[112.20981411900004,-6.9970111029999771,0],[112.20980258500003,-6.9969711419999499,0],[112.2097953760001,-6.9969461639999508,0],[112.20978725600003,-6.9969180339999753,0],[112.20978379500002,-6.9969060419999778,0],[112.20977899400009,-6.9968725709999262,0],[112.20977707800012,-6.9968592119999471,0],[112.2097706940001,-6.9968147009999484,0],[112.20976905200007,-6.9968032489999814,0],[112.20976236700005,-6.9967566379999653,0],[112.20976083400001,-6.9967459499999336,0],[112.20975527100006,-6.9967071649999752,0],[112.20975457600002,-6.9967023199999403,0],[112.20975557200006,-6.9966865349999807,0],[112.20975572500004,-6.9966841089999434,0],[112.20975589700004,-6.9966813919999709,0],[112.20975656300004,-6.9966708429999471,0],[112.20975699600001,-6.9966639799999371,0],[112.20975803700003,-6.9966474859999721,0],[112.20975844300006,-6.9966410639999594,0],[112.20975947700003,-6.9966246889999297,0],[112.20975994000003,-6.9966173639999738,0],[112.2097608040001,-6.9966036849999682,0],[112.20976166600008,-6.9965900259999785,0],[112.20976222100001,-6.9965812369999298,0],[112.20976340100003,-6.9965625409999461,0],[112.2097640070001,-6.996552941999937,0],[112.20976526300001,-6.9965330589999439,0],[112.20976527000005,-6.9965329489999704,0],[112.20976527700009,-6.9965328399999294,0],[112.20976548800002,-6.9965294899999435,0],[112.20976571900007,-6.9965258359999325,0],[112.20976596100002,-6.9965219979999347,0],[112.20977206300006,-6.9965073629999779,0],[112.20977827900003,-6.9964924559999417,0],[112.20978257000002,-6.9964821649999749,0],[112.20978620200003,-6.9964734549999434,0],[112.20978783700002,-6.9964695339999707,0],[112.20978898500005,-6.9964667799999347,0],[112.20979445100011,-6.9964536699999371,0],[112.20979448100002,-6.9964535979999596,0],[112.20979451100004,-6.9964535259999252,0],[112.20979492800006,-6.9964525259999277,0],[112.20979622800007,-6.9964494089999789,0],[112.20979859700003,-6.9964437279999743,0],[112.20980091600006,-6.9964381669999511,0],[112.20980258000009,-6.9964341749999335,0],[112.20980310000004,-6.9964329279999333,0],[112.20981501900008,-6.9964043429999379,0],[112.2098230900001,-6.9963849859999527,0],[112.20983213300008,-6.9963632979999488,0],[112.20984041300005,-6.996343440999965,0],[112.20984539800008,-6.9963366459999747,0],[112.2098547380001,-6.9963239149999481,0],[112.20987445900005,-6.9962970339999515,0],[112.20988598500003,-6.9962813239999377,0],[112.20990440100002,-6.9962562209999533,0],[112.20991077300005,-6.9962475359999416,0],[112.2099356010001,-6.9962136929999588,0],[112.20994420300008,-6.9962019679999798,0],[112.20996043800005,-6.9961798389999785,0],[112.20997178300001,-6.9961643739999317,0],[112.20999304000009,-6.9961353979999785,0],[112.21000189600011,-6.9961233269999639,0],[112.21001955800011,-6.9960992529999544,0],[112.21003305500005,-6.9960808549999456,0],[112.2100510360001,-6.9960563449999427,0],[112.21006369100007,-6.9960390949999578,0],[112.21007873300005,-6.9960185919999276,0],[112.21008101000007,-6.9960145359999615,0],[112.21009187100003,-6.9959951919999526,0],[112.2101051520001,-6.9959715379999352,0],[112.21011318000001,-6.9959572409999282,0],[112.21012776800001,-6.9959312579999278,0],[112.2101394980001,-6.9959103659999755,0],[112.21015118900004,-6.9958895449999545,0],[112.21015412800011,-6.9958843109999407,0],[112.21017249800002,-6.9958515919999513,0],[112.21017510800004,-6.9958469439999362,0],[112.2101793380001,-6.9958394099999737,0],[112.2101960120001,-6.9958097139999609,0],[112.2102030210001,-6.9957972309999263,0],[112.21022647300003,-6.9957554619999769,0],[112.2102302080001,-6.9957488109999417,0],[112.21024651300002,-6.9957197699999369,0],[112.21025861500004,-6.995698215999937,0],[112.21026269800007,-6.9956909439999322,0],[112.21026592900012,-6.9956826509999814,0],[112.21027352400006,-6.9956631589999461,0],[112.2102788410001,-6.9956495129999325,0],[112.21028790300011,-6.9956262579999589,0],[112.2102925050001,-6.9956144459999337,0],[112.21029844500003,-6.9955992019999371,0],[112.21030142900008,-6.9955915449999679,0],[112.21030161400006,-6.9955910689999428,0],[112.21030243400003,-6.9955889649999676,0],[112.21030329300004,-6.9955867589999343,0],[112.21031361500002,-6.9955602689999523,0],[112.21031831300002,-6.9955482099999813,0],[112.21032114800005,-6.9955409349999513,0],[112.21032197700004,-6.9955242889999454,0],[112.21032323200006,-6.9954990749999411,0],[112.21032385800004,-6.9954865059999634,0],[112.21032558400009,-6.9954518449999341,0],[112.21032622600001,-6.9954389459999788,0],[112.21032694300004,-6.9954245509999282,0],[112.2103273350001,-6.9954166869999312,0],[112.21032768500004,-6.9954096649999542,0],[112.21032768700002,-6.995409628999937,0],[112.21032785800003,-6.9954061989999445,0],[112.21032799600005,-6.9954034149999416,0],[112.21032801100012,-6.9954031039999336,0],[112.21032801400008,-6.9954030519999719,0],[112.21032801700005,-6.9954030009999428,0],[112.21032808200005,-6.9954016939999519,0],[112.21032832700007,-6.9953967629999738,0],[112.21032852900009,-6.9953927109999654,0],[112.21032861100002,-6.9953910669999573,0],[112.21032879100005,-6.9953874399999449,0],[112.21032884900001,-6.995386266999958,0],[112.21032892000005,-6.9953848429999539,0],[112.21032868100008,-6.9953837999999564,0],[112.2103284850001,-6.9953829429999814,0],[112.21032770700003,-6.9953795499999387,0],[112.21032730400009,-6.9953777929999319,0],[112.21032666500003,-6.9953750059999606,0],[112.21032625700002,-6.9953732279999485,0],[112.21032542400008,-6.995369592999964,0],[112.21032474200001,-6.9953666189999808,0],[112.21032296500005,-6.9953588649999574,0],[112.21032099000001,-6.9953502489999551,0],[112.21031898500007,-6.9953414999999382,0],[112.21031781600004,-6.9953363999999283,0],[112.21031525900003,-6.9953252459999362,0],[112.21031379100009,-6.9953188409999711,0],[112.21031180500006,-6.9953101759999754,0],[112.21031035500005,-6.9953038489999813,0],[112.21030764700004,-6.9952920349999772,0],[112.21030442100005,-6.9952779619999319,0],[112.21030440800007,-6.9952779049999663,0],[112.21030439500009,-6.9952778479999438,0],[112.21030161900001,-6.9952657369999542,0],[112.21030017800001,-6.9952594489999456,0],[112.21029853200002,-6.9952522679999447,0],[112.21029651300012,-6.995243458999937,0],[112.21029416400006,-6.9952332089999345,0],[112.21029257600003,-6.9952262799999403,0],[112.21029081400002,-6.9952185919999579,0],[112.21028904200011,-6.9952108599999292,0],[112.21028697500003,-6.9952018419999717,0],[112.21028568200006,-6.9951962019999314,0],[112.21028364600011,-6.9951873179999779,0],[112.21028312900012,-6.9951850619999618,0],[112.21028153800012,-6.9951781209999808,0],[112.21027953000009,-6.9951693609999666,0],[112.21027837400004,-6.995164319999958,0],[112.21027615700007,-6.9951546469999357,0],[112.21027560000005,-6.9951522169999407,0],[112.21027215900006,-6.9951372069999707,0],[112.21026774000006,-6.9951179309999247,0],[112.21026274700012,-6.9951060829999392,0],[112.21025570800009,-6.9950893799999676,0],[112.21024213700002,-6.9950571789999572,0],[112.21023091900008,-6.9950305589999289,0],[112.21022156200002,-6.9950083559999712,0],[112.21021876600003,-6.995001722999973,0],[112.21021335500006,-6.9949888829999622,0],[112.21020777900003,-6.9949756529999263,0],[112.21020263700007,-6.994963451999979,0],[112.2102000540001,-6.9949573239999268,0],[112.21019728900001,-6.9949507619999736,0],[112.21019329700005,-6.9949412899999288,0],[112.2101932700001,-6.9949412269999698,0],[112.21019324400004,-6.9949411649999433,0],[112.21018916600008,-6.9949314869999739,0],[112.21018877900008,-6.9949305699999513,0],[112.21017569300011,-6.99491422899996,0],[112.21017500700009,-6.9949133729999744,0],[112.21015404400009,-6.9948871959999792,0],[112.21014596600003,-6.9948771079999688,0],[112.21013163700002,-6.9948592159999521,0],[112.21011486900011,-6.9948382769999284,0],[112.21010259600007,-6.9948229529999253,0],[112.21009611800002,-6.9948148629999309,0],[112.21009066900001,-6.994808058999979,0],[112.2100666340001,-6.994791637999981,0],[112.21006357300007,-6.9947895459999359,0],[112.21006239700012,-6.9947887429999582,0],[112.21004866600003,-6.9947793619999743,0],[112.21002136000004,-6.9947607059999655,0],[112.2100058960001,-6.9947501409999404,0],[112.209974966,-6.9947290089999683,0],[112.20996103900006,-6.9947194939999804,0],[112.20992662900005,-6.9946959849999644,0],[112.20991241600007,-6.994686273999946,0],[112.20988177100003,-6.9946653369999581,0],[112.20985835500005,-6.9946493389999773,0],[112.20984515300006,-6.9946403199999736,0],[112.20983579900007,-6.9946339289999742,0],[112.2098350760001,-6.9946334349999688,0],[112.20983464300002,-6.9946331389999727,0],[112.2098242510001,-6.9946260389999679,0],[112.20982359000004,-6.9946255869999732,0],[112.20982285500008,-6.9946213599999396,0],[112.20982258900005,-6.9946198299999764,0],[112.20982247100005,-6.9946191479999698,0],[112.20982246300002,-6.9946191059999592,0],[112.20982107100008,-6.9946136069999625,0],[112.20981971800006,-6.9946082619999288,0],[112.20981801500011,-6.9946015359999478,0],[112.2098168440001,-6.9945969099999274,0],[112.20981490800011,-6.9945892619999768,0],[112.20981430600011,-6.9945868819999646,0],[112.20981198800007,-6.9945777259999318,0],[112.20981079100011,-6.9945729969999775,0],[112.2098092440001,-6.9945668859999728,0],[112.20980743900009,-6.9945597579999799,0],[112.20980583100004,-6.9945534069999553,0],[112.20980422200012,-6.9945470499999374,0],[112.20980250800005,-6.994540279999967,0],[112.20980049900004,-6.9945323439999356,0],[112.20979933500007,-6.9945277439999813,0],[112.20979705800005,-6.9945187479999618,0],[112.20979552200004,-6.9945126789999676,0],[112.20979360600006,-6.9945051119999562,0],[112.2097922370001,-6.994499702999974,0],[112.20979048000004,-6.9944927629999256,0],[112.20978904200001,-6.9944870819999778,0],[112.20978640500005,-6.9944766649999792,0],[112.20978533900006,-6.994472453999947,0],[112.20978280000008,-6.9944624239999484,0],[112.20978150700012,-6.9944573179999452,0],[112.20977969100011,-6.9944501449999734,0],[112.20977810500005,-6.9944438789999595,0],[112.20977582400008,-6.9944348699999637,0],[112.20977460100005,-6.9944300389999512,0],[112.20977233600001,-6.994421091999925,0],[112.20977091000009,-6.9944154599999706,0],[112.20976855000004,-6.9944061379999312,0],[112.2097672750001,-6.9944011019999266,0],[112.20976505300007,-6.9943923239999322,0],[112.20976381900005,-6.9943874509999659,0],[112.20976171000007,-6.9943791209999517,0],[112.2097599120001,-6.9943720169999324,0],[112.20975888200007,-6.9943679469999438,0],[112.20975668600011,-6.9943592719999401,0],[112.20975526800009,-6.9943536719999315,0],[112.20975398700011,-6.9943486129999428,0],[112.2097520960001,-6.9943411429999287,0],[112.20975080800008,-6.9943360569999413,0],[112.20974888800004,-6.9943284729999391,0],[112.20974734600009,-6.9943223819999503,0],[112.20974556300007,-6.9943153379999785,0],[112.20974388400009,-6.9943087059999698,0],[112.20974220100004,-6.9943020589999492,0],[112.20974059200012,-6.9942957049999563,0],[112.20973944500008,-6.9942911739999545,0],[112.20973741900002,-6.994283171999939,0],[112.20973604700009,-6.9942777539999383,0],[112.20973448600012,-6.9942715869999574,0],[112.20973266800002,-6.9942644049999672,0],[112.20973112000001,-6.9942582889999585,0],[112.20972894600004,-6.9942496999999548,0],[112.20972752700004,-6.9942440959999317,0],[112.20972554800005,-6.9942362789999493,0],[112.20972404200006,-6.9942303299999367,0],[112.20972237700005,-6.9942237519999253,0],[112.20972070500011,-6.994217148999951,0],[112.2097180400001,-6.9942066199999431,0],[112.20971723600007,-6.9942034429999467,0],[112.20971493200011,-6.9941943409999681,0],[112.209713265,-6.9941877569999633,0],[112.20971157100007,-6.9941810669999427,0],[112.20971006600007,-6.9941751199999658,0],[112.20970842700001,-6.9941686439999557,0],[112.20970654400003,-6.9941612059999443,0],[112.20970508400001,-6.9941554389999396,0],[112.20970349200002,-6.994149150999931,0],[112.20970187600005,-6.9941427669999712,0],[112.20970126200007,-6.9941403419999801,0],[112.20969994200004,-6.9941351289999716,0],[112.20969956200008,-6.9941336279999291,0],[112.20969807000006,-6.9941277339999601,0],[112.20969787000001,-6.9941269439999587,0],[112.20969785400007,-6.9941268809999428,0],[112.20969783800001,-6.994126817999927,0],[112.20969696300006,-6.9941233619999252,0],[112.20969598600004,-6.994119502999979,0],[112.20969509600002,-6.9941159869999296,0],[112.2096936370001,-6.9941102219999607,0],[112.20969275300001,-6.9941067289999523,0],[112.20969166900011,-6.994102446999932,0],[112.20969050600002,-6.99409785499995,0],[112.20968933100005,-6.9940932149999639,0],[112.20968841000001,-6.9940895749999754,0],[112.20968732000006,-6.9940852699999709,0],[112.20968649400004,-6.9940820079999639,0],[112.2096859940001,-6.9940800309999531,0],[112.20968613200012,-6.9940783459999807,0],[112.20968642700007,-6.9940747499999247,0],[112.20968685700007,-6.9940695009999558,0],[112.20968708400005,-6.9940667319999648,0],[112.20968744800007,-6.9940622949999351,0],[112.2096877460001,-6.9940586649999545,0],[112.20968812100011,-6.9940540899999633,0],[112.20968853400007,-6.9940490509999336,0],[112.20968880700002,-6.9940457249999781,0],[112.2096892400001,-6.9940404399999352,0],[112.20968952100009,-6.9940370099999427,0],[112.20969000300011,-6.9940311349999433,0],[112.20969025000011,-6.9940281179999602,0],[112.20969071900004,-6.9940224039999634,0],[112.20969108600002,-6.9940179339999418,0],[112.20969151600002,-6.9940126949999808,0],[112.20969174700008,-6.9940098759999501,0],[112.20969227300009,-6.9940034619999665,0],[112.20969251000008,-6.9940005759999622,0],[112.20969283300008,-6.9939966339999273,0],[112.20969325500005,-6.993991489999928,0],[112.20969333900007,-6.9939904699999715,0],[112.20969378100006,-6.993985079999959,0],[112.20969415900004,-6.9939804749999439,0],[112.20969433500011,-6.9939783269999793,0],[112.20969503100002,-6.9939698459999704,0],[112.20969531800006,-6.9939663429999541,0],[112.20969567300006,-6.993962010999951,0],[112.20969586400008,-6.9939596789999428,0],[112.20969591500011,-6.9939590579999731,0],[112.20969674100002,-6.9939489829999388,0],[112.20969726500005,-6.99394259099995,0],[112.2096979800001,-6.9939338759999714,0],[112.20969871300008,-6.993924935999928,0],[112.20969933000003,-6.9939174069999694,0],[112.20970017200011,-6.9939071379999405,0],[112.20970073700005,-6.9939002459999529,0],[112.20970168600002,-6.9938886739999475,0],[112.20970230500006,-6.9938811289999308,0],[112.20970310300004,-6.9938713979999534,0],[112.20970381200004,-6.9938627509999378,0],[112.20970510500001,-6.9938469849999478,0],[112.20970532400008,-6.9938443199999369,0],[112.20970653800009,-6.9938295219999418,0],[112.20970712200005,-6.993822401999978,0],[112.20970781500012,-6.9938139579999756,0],[112.20970845300008,-6.9938061829999469,0],[112.20970926700011,-6.9937962559999391,0],[112.20970985600002,-6.9937890749999383,0],[112.20971066800007,-6.9937791709999715,0],[112.20971116300007,-6.9937731389999271,0],[112.20971252800007,-6.9937564969999357,0],[112.20971315100007,-6.9937489039999718,0],[112.20971375600004,-6.9937415209999472,0],[112.20971453600009,-6.9937320099999738,0],[112.20971524000004,-6.9937234279999529,0],[112.20971573200006,-6.9937174269999787,0],[112.20971586700011,-6.9937157819999811,0],[112.20971665100001,-6.9937062249999258,0],[112.20971744400003,-6.9936965559999749,0],[112.20971786000007,-6.9936914879999676,0],[112.2097183520001,-6.9936854939999762,0],[112.20972039300011,-6.9936606059999349,0],[112.20972192600004,-6.9936419089999617,0],[112.20972507600004,-6.9936034989999598,0],[112.20972646900009,-6.9935865089999538,0],[112.20972923200009,-6.9935528169999657,0],[112.20973104100005,-6.9935307519999697,0],[112.20973485100001,-6.99348428899998,0],[112.20973494600003,-6.9934831349999627,0],[112.2097392070001,-6.9934311789999697,0],[112.20974107000006,-6.9934084629999802,0],[112.20974284800002,-6.9933867779999446,0],[112.20974484400006,-6.9933624369999734,0],[112.20974641900011,-6.9933432359999301,0],[112.20974701500006,-6.9933359699999755,0],[112.20975735100001,-6.9933088689999749,0],[112.20976008900004,-6.9933016909999424,0],[112.20977383800005,-6.9932656409999367,0],[112.20978067200008,-6.9932477229999677,0],[112.20979070900012,-6.9932214049999288,0],[112.20979880400012,-6.9932001799999739,0],[112.20981099900007,-6.9931682059999503,0],[112.20981639100012,-6.9931540689999565,0],[112.20982909200006,-6.9931207679999261,0],[112.20983719200001,-6.9930995299999381,0],[112.2098472670001,-6.9930731129999799,0],[112.20985810100001,-6.9930447069999673,0],[112.20986606200006,-6.9930238319999489,0],[112.20987498000011,-6.9930004489999646,0],[112.20988672100009,-6.9929696639999293,0],[112.20989256700011,-6.992954334999979,0],[112.20990462600003,-6.9929227159999527,0],[112.20991374700009,-6.9928988009999671,0],[112.20992075000004,-6.9928804399999649,0],[112.20993465700008,-6.9928439759999605,0],[112.20994183900007,-6.9928251459999728,0],[112.20995660100004,-6.9927864399999748,0],[112.20996429500008,-6.9927662669999791,0],[112.20997854400002,-6.9927289049999786,0],[112.20998732800001,-6.9927058729999771,0],[112.20999836300007,-6.9926769389999777,0],[112.21000920600011,-6.9926485079999452,0],[112.21001397800001,-6.9926359969999794,0],[112.21001604500009,-6.9926128349999317,0],[112.21001723000006,-6.9925995619999526,0],[112.2100218810001,-6.9925474469999358,0],[112.2100228810001,-6.9925362419999715,0],[112.21002709200002,-6.9924890549999645,0],[112.21002875800002,-6.9924703869999689,0],[112.21003110600009,-6.992444083999942,0],[112.21003394500008,-6.9924122739999461,0],[112.21003568000003,-6.9923928289999253,0],[112.21003835600004,-6.9923628499999495,0],[112.21004056000004,-6.9923381509999558,0],[112.21004265600004,-6.9923146629999451,0],[112.21004549100007,-6.9922828989999743,0],[112.21004728900004,-6.9922627509999415,0],[112.21004968000011,-6.9922359659999529,0],[112.21005100500008,-6.9922211189999643,0],[112.21005180300006,-6.9922121769999421,0],[112.21005193000008,-6.9922107539999274,0],[112.21005264000007,-6.9922027959999582,0],[112.21005334100005,-6.9921949459999269,0],[112.21005422500002,-6.9921850459999746,0],[112.21005494500002,-6.9921769789999644,0],[112.21005583900001,-6.992166961999942,0],[112.21005649400001,-6.9921596239999531,0],[112.21005747000004,-6.992148689999965,0],[112.21005803800006,-6.9921423289999325,0],[112.2100592160001,-6.9921291279999309,0],[112.21005974100001,-6.9921232409999448,0],[112.21006060400009,-6.9921135659999436,0],[112.2100613660001,-6.9921050309999373,0],[112.21006238400003,-6.9920936289999531,0],[112.21006285900012,-6.9920883049999247,0],[112.21006401500006,-6.9920753519999721,0],[112.2100646340001,-6.9920684159999382,0],[112.21006556500004,-6.9920579829999383,0],[112.21006626800011,-6.9920501059999651,0],[112.21006703,-6.992041563999976,0],[112.210067804,-6.9920328919999406,0],[112.21006873700003,-6.9920224349999671,0],[112.21006941400003,-6.9920148519999543,0],[112.21007056800011,-6.9920019229999752,0],[112.21007089800003,-6.9919982279999431,0],[112.21007271300005,-6.9919778889999407,0],[112.21007288300007,-6.9919759859999431,0],[112.21007425100004,-6.9919606629999294,0],[112.21007485000007,-6.9919539489999352,0],[112.21007583900007,-6.9919428629999629,0],[112.21007647300007,-6.9919357629999581,0],[112.21007753800006,-6.9919238279999263,0],[112.21007808500008,-6.9919176959999731,0],[112.21007924500009,-6.991904697999928,0],[112.21007975700002,-6.9918989589999683,0],[112.2100809100001,-6.9918860429999654,0],[112.21008130900009,-6.9918815729999437,0],[112.21008287200004,-6.9918640589999654,0],[112.21008314900007,-6.99186095999994,0],[112.21008469500009,-6.9918436399999564,0],[112.21008521300007,-6.9918378329999769,0],[112.21008638100011,-6.9918247469999528,0],[112.21008687100004,-6.9918192619999786,0],[112.21008727900005,-6.991814690999945,0],[112.21008841600008,-6.9918019529999356,0],[112.21008870500009,-6.9917987119999339,0],[112.21008961000007,-6.99178857499993,0],[112.21009044800007,-6.9917791899999315,0],[112.21009204100005,-6.991761338999936,0],[112.21009376900008,-6.9917419759999575,0],[112.2100952510001,-6.9917253679999476,0],[112.21009624100009,-6.9917142769999714,0],[112.21009783700003,-6.9916963979999309,0],[112.21009796500005,-6.9916949609999506,0],[112.21009686800005,-6.9916769679999788,0],[112.21009613600006,-6.9916649689999417,0],[112.21009453500005,-6.9916387059999465,0],[112.2100938320001,-6.9916271789999769,0],[112.21009212100012,-6.9915991119999603,0],[112.21009147900008,-6.9915885759999696,0],[112.21008959100004,-6.9915576149999765,0],[112.21008913200001,-6.9915500879999399,0],[112.21008727600008,-6.9915196379999429,0],[112.21008657600009,-6.9915081509999482,0],[112.21008526900005,-6.9914867079999681,0],[112.2100841670001,-6.9914686409999263,0],[112.21008302900009,-6.9914499679999267,0],[112.21008224600007,-6.9914371179999648,0],[112.21008128300002,-6.9914213179999365,0],[112.2100800500001,-6.9914011029999301,0],[112.21007924000003,-6.9913878139999497,0],[112.21007832100008,-6.9913727399999743,0],[112.21007820400007,-6.9913708249999331,0],[112.21007776300007,-6.991363597999964,0],[112.21007714400002,-6.9913534449999588,0],[112.21007705400007,-6.9913519679999467,0],[112.21007700400003,-6.9913511399999493,0],[112.21007680600007,-6.9913478939999436,0],[112.21007652700007,-6.9913433129999589,0],[112.21007612000005,-6.991336639999929,0],[112.21007574200007,-6.9913304349999521,0],[112.21007552300011,-6.9913268489999609,0],[112.21007502000009,-6.9913185959999282,0],[112.21007476400007,-6.9913143929999251,0],[112.2100743420001,-6.9913074739999388,0],[112.21007403100009,-6.9913023649999673,0],[112.2100734390001,-6.9912926549999383,0],[112.21007051200002,-6.9912446449999379,0],[112.21006965800007,-6.9912306309999508,0],[112.21006774400007,-6.991199245999951,0],[112.21006646800004,-6.9911783199999604,0],[112.21006614600003,-6.9911730459999717,0],[112.21006510400002,-6.9911559499999498,0],[112.2100646450001,-6.991148414999941,0],[112.21006428400005,-6.9911424969999416,0],[112.21006408400001,-6.9911392139999293,0],[112.21006397100007,-6.991137354999978,0],[112.21006338600012,-6.9911277539999332,0],[112.21006316,-6.9911240419999672,0],[112.21006252200004,-6.9911135849999368,0],[112.21006223600011,-6.9911088919999429,0],[112.21006155100008,-6.991097664999927,0],[112.21006138100006,-6.9910948769999663,0],[112.21006057000011,-6.99108156799997,0],[112.21006045000001,-6.9910796069999606,0],[112.21005952500002,-6.9910644369999773,0],[112.21005940200007,-6.9910624269999744,0],[112.21005864800009,-6.9910500529999808,0],[112.21005839500003,-6.9910458989999711,0],[112.21005788000002,-6.9910374539999793,0],[112.2100575820001,-6.9910325659999444,0],[112.21005715800004,-6.9910256039999581,0],[112.21005674200001,-6.9910187789999441,0],[112.21005619400012,-6.9910097929999324,0],[112.21005595100007,-6.9910058139999478,0],[112.21005537500002,-6.9909963719999269,0],[112.21005503600009,-6.99099081199995,0],[112.21005433500011,-6.990979311999979,0],[112.21005423000008,-6.9909775819999709,0],[112.21005343000002,-6.9909644639999442,0],[112.2100532820001,-6.9909620299999347,0],[112.21005257700006,-6.9909504719999518,0],[112.21005231800007,-6.9909462189999658,0],[112.21005182200008,-6.9909380869999609,0],[112.21005151400004,-6.9909330309999405,0],[112.21005108000008,-6.9909259149999343,0],[112.2100507560001,-6.9909206059999747,0],[112.21005023300006,-6.9909120339999617,0],[112.21005000100001,-6.990908228999956,0],[112.21004920100006,-6.9908951159999333,0],[112.21004910500005,-6.9908935339999516,0],[112.21004837700002,-6.990881586999933,0],[112.2100481440001,-6.9908777599999326,0],[112.21004738300007,-6.9908652759999654,0],[112.21004726400008,-6.9908633239999745,0],[112.21004654500007,-6.990851533999944,0],[112.21004628800006,-6.9908473169999752,0],[112.21004578300006,-6.9908390419999478,0],[112.21004540700005,-6.9908328699999629,0],[112.21004464100008,-6.9908203049999429,0],[112.21004459900007,-6.9908196219999468,0],[112.21004385900005,-6.9908074909999414,0],[112.2100436070001,-6.9908033529999329,0],[112.21004297100001,-6.9907929269999727,0],[112.21004280800003,-6.9907902459999605,0],[112.21004219300005,-6.9907801519999566,0],[112.21004190500003,-6.9907754359999785,0],[112.21004131800009,-6.9907658029999311,0],[112.21004104800011,-6.9907613759999663,0],[112.21004032300004,-6.9907494909999741,0],[112.21004018200006,-6.9907471759999567,0],[112.21003935500005,-6.9907336079999709,0],[112.21003923600006,-6.990731660999927,0],[112.21003838600006,-6.9907177259999571,0],[112.21003819800001,-6.9907146349999607,0],[112.21003810200011,-6.9907130619999407,0],[112.21003777900012,-6.9907077619999427,0],[112.21003770300001,-6.9907065169999782,0],[112.21002998800009,-6.9905799999999658,0],[112.21002733700004,-6.9902959749999809,0],[112.21002202500006,-6.9897269739999501,0],[112.21015202800004,-6.9886550119999811,0],[112.21015239300004,-6.9886515619999727,0],[112.21015239600001,-6.9886515359999635,0],[112.21015240000008,-6.9886514979999674,0],[112.21016929600012,-6.9885805079999272,0],[112.21022885400009,-6.9883302739999635,0],[112.2104471560001,-6.9874130759999389,0],[112.21087260800005,-6.9856255369999758,0],[112.21087371100009,-6.9856209039999726,0],[112.21087446700005,-6.9856185339999683,0],[112.21087707200002,-6.9856103749999647,0],[112.21087685700002,-6.9856095389999382,0],[112.2108039960001,-6.9853266729999746,0],[112.21066497600009,-6.9847869569999261,0],[112.21063202800008,-6.9845279509999614,0],[112.21062644000006,-6.9844840219999469,0],[112.21062468800005,-6.9844702519999373,0],[112.21062453100001,-6.9844690199999491,0],[112.21060418600007,-6.9843860909999762,0],[112.21058441300011,-6.9843054929999653,0],[112.21056270400004,-6.9842170049999481,0],[112.2103975660001,-6.9839721689999692,0],[112.21037350300003,-6.9839364929999306,0],[112.21036682700003,-6.983927739999956,0],[112.21020944400004,-6.9837213779999274,0],[112.21015014900001,-6.983599341999934,0],[112.21013699200012,-6.9835722649999639,0],[112.21009954400006,-6.9832543109999392,0],[112.21009315000003,-6.9831923709999728,0],[112.21007969800007,-6.9830620689999705,0],[112.21006710300003,-6.9829245849999779,0],[112.21005983500004,-6.9828452529999367,0],[112.21005371700005,-6.982778461999942,0],[112.21004988000004,-6.9827365819999727,0],[112.21004692600002,-6.9827043359999266,0],[112.21004182400009,-6.9826586149999343,0],[112.20991768200008,-6.9815461309999591,0],[112.20991605800009,-6.9813022949999777,0],[112.20991601600008,-6.9812959239999373,0],[112.20991601000003,-6.9812949999999319,0],[112.20991548300003,-6.9812159579999502,0],[112.20991511600005,-6.9811608729999648,0],[112.20991408700002,-6.9810064299999794,0],[112.20983389900005,-6.9803719639999713,0],[112.20981142700009,-6.9802345129999708,0],[112.20980746200007,-6.9802102589999322,0],[112.2097914420001,-6.9801122749999536,0],[112.2098155650001,-6.9797427659999585,0],[112.20980884100004,-6.979704303999938,0],[112.20980839100002,-6.9797017329999562,0],[112.20956689900004,-6.9796666469999309,0],[112.20956826000008,-6.9796661829999493,0],[112.20960940400005,-6.9796521669999265,0],[112.20995489800009,-6.9795979419999412,0],[112.2104337940001,-6.9795227789999785,0],[112.21093455800008,-6.9794441829999414,0],[112.21113463100005,-6.9795058209999752,0],[112.21117177600001,-6.9795172649999699,0],[112.21117619800009,-6.9795180759999766,0],[112.21126709500004,-6.9795347539999284,0],[112.21147481500009,-6.9795728669999448,0],[112.2119985490001,-6.9796082679999358,0],[112.21225871600006,-6.9794930299999578,0],[112.21227094500011,-6.9794860669999252,0],[112.21289667400004,-6.9791297759999793,0],[112.21303784400004,-6.9791277299999592,0],[112.21302509700001,-6.9790812409999603,0],[112.21292246100006,-6.9789100039999425,0],[112.21275514100012,-6.9786308489999556,0],[112.21269371700009,-6.9785283699999354,0],[112.21268520700005,-6.9785141719999615,0],[112.21255306700004,-6.9782937099999458,0],[112.21236859900011,-6.9780517979999672,0],[112.21236744800001,-6.9780502879999631,0],[112.21222834900004,-6.9779313459999344,0],[112.21212923600001,-6.9778433769999424,0],[112.21207916800006,-6.9777219899999636,0],[112.21207597500006,-6.9777116269999624,0],[112.21201463600005,-6.9775125609999691,0],[112.21188169200002,-6.9773423689999277,0],[112.21172527100009,-6.9771421209999289,0],[112.21155841100006,-6.9769833009999616,0],[112.21094163200007,-6.9763962379999498,0],[112.21080060400004,-6.9762593249999441,0],[112.21079693900003,-6.976255766999941,0],[112.21076184700007,-6.9761743339999498,0],[112.21069776000002,-6.9760256169999479,0],[112.21068608000007,-6.9760036389999414,0],[112.21045853500004,-6.9755754859999684,0],[112.21045348200005,-6.9755672909999475,0],[112.21044243300003,-6.9755493749999573,0],[112.2104422750001,-6.9755491189999361,0],[112.2104394800001,-6.9755406109999285,0],[112.21042292600009,-6.975490228999945,0],[112.21043872600001,-6.9754451799999515,0],[112.21045943400009,-6.9753861389999656,0],[112.21050163900009,-6.97532618799994,0],[112.21052693700005,-6.9752902529999687,0],[112.21052578600006,-6.9752534499999683,0],[112.21052315000009,-6.9751692089999437,0],[112.21047472800001,-6.9751144199999544,0],[112.21047183300004,-6.9751111449999712,0],[112.21032897100008,-6.9749494969999546,0],[112.21026233000009,-6.9748740929999258,0],[112.2101998600001,-6.9747926559999769,0],[112.21009080300007,-6.9746504859999732,0],[112.21006236500011,-6.9745849619999376,0],[112.2100248270001,-6.9744984709999471,0],[112.20982715700006,-6.9741960619999759,0],[112.20975067000006,-6.9740790469999752,0],[112.20970026700002,-6.9740019369999686,0],[112.20965440000009,-6.9739498229999413,0],[112.2095844370001,-6.9738703299999543,0],[112.20958164700005,-6.9738671599999407,0],[112.20958143300004,-6.973867021999979,0],[112.20956925100006,-6.9738592029999609,0],[112.20953072500004,-6.9738344769999685,0],[112.20947764100003,-6.973800406999942,0],[112.20942706900007,-6.9737679479999315,0],[112.20941462900009,-6.973759963999953,0],[112.20936461700001,-6.9737385999999333,0],[112.20932438300008,-6.9737214129999643,0],[112.20927061800001,-6.9736984449999682,0],[112.20925016600006,-6.973689707999938,0],[112.20922108500008,-6.9736772859999405,0],[112.20919058100003,-6.9736642549999601,0],[112.2091905310001,-6.9736642109999707,0],[112.20919048100006,-6.9736641679999707,0],[112.20918806100008,-6.9736620609999704,0],[112.20915161300002,-6.9736303269999667,0],[112.20913125800007,-6.9736126049999712,0],[112.20911526700002,-6.9735986819999312,0],[112.20905403100005,-6.9735453669999288,0],[112.20902601900002,-6.9735209779999536,0],[112.20897732700007,-6.9734785839999631,0],[112.20893516500007,-6.973441874999935,0],[112.20888391300002,-6.973397251999927,0],[112.20883946900005,-6.9733585569999263,0],[112.20879866500002,-6.9733230299999605,0],[112.20876901600002,-6.9732972159999349,0],[112.20872357600001,-6.9732541369999694,0],[112.20869913900003,-6.9732309689999283,0],[112.20864300800008,-6.9731777549999379,0],[112.20859464600005,-6.973131905999935,0],[112.20855842500009,-6.973097566999968,0],[112.20850407600005,-6.973046040999975,0],[112.2084682740001,-6.9730120979999697,0],[112.20842979100007,-6.9729756139999495,0],[112.20842613400009,-6.9729721479999398,0],[112.20835277300012,-6.9729154099999278,0],[112.20834406600011,-6.9729086759999745,0],[112.2083286730001,-6.9728967709999665,0],[112.20828440200012,-6.9728625309999757,0],[112.20823865700004,-6.9728271509999331,0],[112.20821308400002,-6.972807371999977,0],[112.20814187700012,-6.9727522989999784,0],[112.20812515600005,-6.9727393669999742,0],[112.20810344500001,-6.9727225749999775,0],[112.20804675400007,-6.9726787299999273,0],[112.20802212500007,-6.9726596819999713,0],[112.20802091000007,-6.9726587419999646,0],[112.20798706000005,-6.9726329289999285,0],[112.20793075500001,-6.9725899929999287,0],[112.20787764800002,-6.9725494949999529,0],[112.20787702400003,-6.9725490189999277,0],[112.20777347500007,-6.9724700559999633,0],[112.20776858300007,-6.9724663249999708,0],[112.20769061100009,-6.9723971259999757,0],[112.20766668500005,-6.972375890999956,0],[112.20766635200005,-6.97237559499996,0],[112.20766632200002,-6.9723755889999666,0],[112.20762636100005,-6.9723672239999814,0],[112.20762631500008,-6.9723672139999735,0],[112.20762626900012,-6.972367204999955,0],[112.20761784500007,-6.9723436739999443,0],[112.20755199600001,-6.9721597439999528,0],[112.20751712700007,-6.9720623479999517,0],[112.20743675100005,-6.9719887549999271,0],[112.20731137000007,-6.9718739529999425,0],[112.20717361600009,-6.9717390279999449,0],[112.20692478800004,-6.9714953109999556,0],[112.20674930700011,-6.9713234329999523,0],[112.20674925200001,-6.9713233229999787,0],[112.20674919700002,-6.9713232129999483,0],[112.20669968000004,-6.9712238619999312,0],[112.20666015600011,-6.9711445629999389,0],[112.20658253600004,-6.9708099149999612,0],[112.20651149200012,-6.9705006949999415,0]]]},"properties":{"OBJECTID":3928,"NAMOBJ":"Widang","FCODE":"BA03070040","REMARK":null,"METADATA":"TASWIL1000020260612KECAMATAN_AR","SRS_ID":"4326","KDBBPS":null,"KDCBPS":null,"KDCPUM":"35.23.19","KDEBPS":null,"KDEPUM":null,"KDPBPS":null,"KDPKAB":"35.23","KDPPUM":"35","LUASWH":101.30780963433608,"TIPADM":3,"WADMKC":"Widang","WADMKD":null,"WADMKK":"Tuban","WADMPR":"Jawa Timur","WIADKC":null,"WIADKK":null,"WIADPR":null,"WIADKD":null,"UUPP":null,"SHAPE_Length":0.56615284980447678,"SHAPE_Area":0.0082910755818266339}}]}