{"type":"FeatureCollection","features":[{"type":"Feature","id":3874,"geometry":{"type":"Polygon","coordinates":[[[111.26056123500007,-7.3448520469999607,0],[111.26049936200008,-7.344811874999948,0],[111.26041500000008,-7.3447819999999524,0],[111.26033392500005,-7.3447660189999624,0],[111.26022891900004,-7.3447588989999417,0],[111.25998500100008,-7.34477899999996,0],[111.25974700000006,-7.3447979999999689,0],[111.25962983100004,-7.3448402019999435,0],[111.25942079800006,-7.3448556399999347,0],[111.25929998400005,-7.3448691119999694,0],[111.25921369200006,-7.3448863939999569,0],[111.25919220400004,-7.3448858409999502,0],[111.25906812800008,-7.3448826489999419,0],[111.25893100000008,-7.3448539999999412,0],[111.25885236100004,-7.3448588399999721,0],[111.25880100000006,-7.3448819999999273,0],[111.25871000000006,-7.3449309999999741,0],[111.25861993000007,-7.3450384759999565,0],[111.25858200000005,-7.3450819999999339,0],[111.25849533100006,-7.3451414619999582,0],[111.25839556500006,-7.3451419179999675,0],[111.25822870300004,-7.3451190379999503,0],[111.25819216600007,-7.345259667999926,0],[111.25814334600005,-7.3454061699999329,0],[111.25811460400007,-7.3454492669999354,0],[111.25808163000005,-7.345492677999971,0],[111.25803757800008,-7.345592265999926,0],[111.25801387200005,-7.3457221909999362,0],[111.25801750500005,-7.3457889649999402,0],[111.25800890500005,-7.3458399479999343,0],[111.25799167200006,-7.3458873459999268,0],[111.25798228700006,-7.3459181169999397,0],[111.25796858300004,-7.3459630489999768,0],[111.25795304000007,-7.3460312679999333,0],[111.25794589900005,-7.3461198269999386,0],[111.25795911500006,-7.3461736699999278,0],[111.25795553500006,-7.346199998999964,0],[111.25793279000004,-7.3462514689999807,0],[111.25788412300005,-7.3463518379999755,0],[111.25786114600004,-7.3464164719999303,0],[111.25783674800005,-7.3465098269999771,0],[111.25781377100009,-7.346573024999941,0],[111.25779942500009,-7.3466405259999306,0],[111.25779226500003,-7.3466950989999305,0],[111.25779662100007,-7.3467668969999522,0],[111.25744266000004,-7.3470894969999563,0],[111.25743263400005,-7.3470986329999732,0],[111.25715231400005,-7.3473788169999352,0],[111.25688275600004,-7.3476159129999701,0],[111.25675887100005,-7.3477096449999522,0],[111.25668602800005,-7.3477690419999249,0],[111.25661701000007,-7.3478112039999814,0],[111.25655565200009,-7.3478323009999258,0],[111.25650005400007,-7.3478648819999535,0],[111.25641189200007,-7.347966410999959,0],[111.25625661600009,-7.3480852099999652,0],[111.25622019700006,-7.3481196949999799,0],[111.25615693600008,-7.348167597999975,0],[111.25607765700005,-7.3482081709999534,0],[111.25602966700006,-7.3482254459999581,0],[111.25599424900008,-7.3482381959999543,0],[111.25597849700006,-7.3482907989999262,0],[111.25597493900005,-7.3483578139999395,0],[111.25596931100006,-7.348408157999927,0],[111.25589200100006,-7.3484719999999584,0],[111.25582100000008,-7.3485419989999627,0],[111.25567300000006,-7.3485689999999408,0],[111.25562455900007,-7.3491202619999285,0],[111.25562300000007,-7.3491379999999253,0],[111.25566600000008,-7.3497089999999616,0],[111.25567340100008,-7.3498166999999626,0],[111.25567911600007,-7.3498998659999302,0],[111.25571300000007,-7.35039299999994,0],[111.25566245200008,-7.3504392179999627,0],[111.25561254400009,-7.3504839709999601,0],[111.25552866700008,-7.3505354749999583,0],[111.25546995300004,-7.3505702119999796,0],[111.25541200100008,-7.3505959999999391,0],[111.25537888400004,-7.3506193279999366,0],[111.25531538700005,-7.35067536899993,0],[111.25527466700004,-7.3507340289999661,0],[111.25524233600004,-7.3507914879999703,0],[111.25522317700006,-7.3508262029999401,0],[111.25521800100006,-7.3508509999999774,0],[111.25525400100008,-7.3508879999999408,0],[111.25535300100006,-7.3509789999999384,0],[111.25546000100007,-7.3510879999999474,0],[111.25542773300003,-7.3511169579999773,0],[111.25541400000009,-7.3511449999999741,0],[111.25541434300004,-7.3511782359999529,0],[111.25540765500006,-7.3512203629999249,0],[111.25540575200006,-7.3512462129999676,0],[111.25539713000006,-7.3512596209999401,0],[111.25533600000006,-7.3512899989999596,0],[111.25532328500009,-7.3513592099999414,0],[111.25533290500005,-7.3514130069999624,0],[111.25535595800005,-7.3514817309999785,0],[111.25535463000006,-7.351569698999981,0],[111.25533068600004,-7.3516187769999419,0],[111.25531273700005,-7.3516738339999392,0],[111.25527802100004,-7.3517504419999682,0],[111.25525286800007,-7.3517839629999457,0],[111.25522291800007,-7.3518138969999427,0],[111.25518458700009,-7.3518569989999492,0],[111.25515581900004,-7.3518594089999283,0],[111.25510068100004,-7.3518582439999705,0],[111.25492690800007,-7.3518919089999599,0],[111.25489048300005,-7.3519168209999748,0],[111.25481573200005,-7.3519953649999366,0],[111.25473426700006,-7.3520700839999336,0],[111.25463049200005,-7.3521466249999321,0],[111.25459097400005,-7.3521869219999303,0],[111.25458382900007,-7.3522702139999296,0],[111.25458676500006,-7.3523721699999669,0],[111.25460983200009,-7.3524654979999582,0],[111.25466023600006,-7.3525717339999801,0],[111.25470919900005,-7.3526733639999406,0],[111.25475838800008,-7.3527511199999367,0],[111.25478190200005,-7.3527865679999422,0],[111.25479823500007,-7.3528420849999634,0],[111.25479826300005,-7.35289282399998,0],[111.25481651100006,-7.35294068099995,0],[111.25484434800006,-7.3529923609999628,0],[111.25487410900007,-7.3530516999999804,0],[111.25489713000007,-7.3530631749999316,0],[111.25493836300006,-7.3530631519999474,0],[111.25500453700005,-7.3530774739999742,0],[111.25506216000008,-7.3530895159999545,0],[111.25513265800004,-7.3531196329999489,0],[111.25519451300005,-7.3531253419999416,0],[111.25525922300005,-7.3530965849999461,0],[111.25537712800008,-7.3530218449999438,0],[111.25544902500008,-7.3529830309999511,0],[111.25549932500007,-7.3529068939999433,0],[111.25553522400008,-7.3528006079999386,0],[111.25555386200006,-7.3526943329999312,0],[111.25559103200004,-7.3525134719999414,0],[111.25562119800009,-7.3524416539999606,0],[111.25567439800005,-7.3524057229999471,0],[111.25575205100006,-7.3523726509999392,0],[111.25581390500008,-7.3523783599999319,0],[111.25587721000005,-7.3524070439999605,0],[111.25594102600007,-7.3524474899999746,0],[111.25593476400007,-7.3524386039999285,0],[111.25604268100005,-7.35250603399993,0],[111.25612899800007,-7.3525303969999527,0],[111.25624549900004,-7.3525174069999366,0],[111.25632748800007,-7.3525173589999326,0],[111.25643537600007,-7.3525345299999572,0],[111.25651337800008,-7.3525249699999335,0],[111.25660077800006,-7.352514259999964,0],[111.25672062000007,-7.352471110999943,0],[111.25676854000005,-7.3524280019999537,0],[111.25679967000008,-7.3523657579999622,0],[111.25686677100003,-7.3523250309999639,0],[111.25692188800008,-7.3522890999999504,0],[111.25700574800004,-7.3522100719999344,0],[111.25711597900005,-7.3521310279999739,0],[111.25721903200008,-7.3520759219999263,0],[111.25729800200008,-7.3520402439999657,0],[111.25737997900006,-7.352021529999945,0],[111.25747058900004,-7.352007116999971,0],[111.25753962100003,-7.3519884089999437,0],[111.25766331500006,-7.3519782869999517,0],[111.25771308400005,-7.3519694919999665,0],[111.25769200900004,-7.3520058829999471,0],[111.25768354400009,-7.3520853869999314,0],[111.25765335100004,-7.3521069439999565,0],[111.25759869900008,-7.3521184649999327,0],[111.25757086800007,-7.3521211269999753,0],[111.25754470600003,-7.3521297439999671,0],[111.25750302300008,-7.3521800289999533,0],[111.25750307600003,-7.3522733689999313,0],[111.25749302600008,-7.3523064039999326,0],[111.25747002400004,-7.3523265209999522,0],[111.25740818000008,-7.3523380449999536,0],[111.25738373700005,-7.352353854999933,0],[111.25735786000007,-7.3523797179999519,0],[111.25735070100006,-7.3524357259999533,0],[111.25735361600005,-7.352501780999944,0],[111.25734358800008,-7.3525735879999274,0],[111.25732203600006,-7.3526138089999336,0],[111.25730910600004,-7.3526410999999712,0],[111.25727890800005,-7.3526554779999742,0],[111.25723432500007,-7.3526669919999676,0],[111.25718108300003,-7.352629684999954,0],[111.25713394000007,-7.3526190919999408,0],[111.25709798800006,-7.352632036999978,0],[111.25707212400005,-7.3526794409999638,0],[111.25706783400005,-7.3527225229999544,0],[111.25707075400004,-7.3527981509999449,0],[111.25704922400007,-7.3528783419999399,0],[111.25700371200008,-7.3529429879999384,0],[111.25693423100006,-7.3530124339999361,0],[111.25686713900006,-7.3530699139999456,0],[111.25684702900008,-7.3531166909999683,0],[111.25684274600007,-7.3531741349999606,0],[111.25683560300007,-7.3532588629999509,0],[111.25681269200004,-7.3534383779999644,0],[111.25680265800008,-7.3534978349999278,0],[111.25678830300006,-7.3535481039999695,0],[111.25678978300004,-7.353621339999961,0],[111.25678120000003,-7.3537031979999483,0],[111.25680136200003,-7.3537448299999255,0],[111.25684453700006,-7.3537864499999728,0],[111.25688193400003,-7.353812866999931,0],[111.25691553600007,-7.3538834519999341,0],[111.25693117200007,-7.353975825999953,0],[111.25695403500004,-7.3541289879999567,0],[111.25697311400006,-7.3541482369999471,0],[111.25699481300006,-7.3541696519999391,0],[111.25704178500007,-7.3541945739999619,0],[111.25707035800008,-7.3542222629999401,0],[111.25708235400003,-7.3542378129999406,0],[111.25709317200005,-7.3542892629999415,0],[111.25711420200008,-7.3543146959999603,0],[111.25724077000007,-7.3542959549999409,0],[111.25740185300003,-7.3542671419999692,0],[111.25752986800006,-7.3542641959999742,0],[111.25762191700005,-7.3542512199999805,0],[111.25768162200006,-7.3542351099999337,0],[111.25795921700006,-7.3542091019999702,0],[111.25824400600004,-7.3541902699999468,0],[111.25846120400007,-7.3541915799999629,0],[111.25856909100008,-7.3542073149999396,0],[111.25860506600009,-7.3542331419999414,0],[111.25864824900009,-7.3542862499999728,0],[111.25875523100007,-7.3544345759999601,0],[111.25870135700006,-7.3545482919999472,0],[111.25865049700008,-7.3546919219999722,0],[111.25862958200008,-7.3547966429999292,0],[111.25861782200008,-7.355188562999956,0],[111.25860747100006,-7.3554598149999606,0],[111.25856696300008,-7.3558858559999294,0],[111.25855270600005,-7.3561060529999622,0],[111.25854566100008,-7.3563597529999356,0],[111.25854810900006,-7.3564463909999631,0],[111.25853643900007,-7.3569944759999544,0],[111.25842137200004,-7.3570041149999383,0],[111.25822717600005,-7.3569826869999702,0],[111.25794665400008,-7.3569230149999498,0],[111.25752228400006,-7.356849064999949,0],[111.25709329900008,-7.3567748179999626,0],[111.25668600000006,-7.35670099999993,0],[111.25661977000004,-7.3566763629999627,0],[111.25638601300005,-7.3566465799999605,0],[111.25599040900005,-7.3565660299999536,0],[111.25569430100006,-7.3565021769999248,0],[111.25544978200008,-7.356516676999945,0],[111.25498952000004,-7.3565600189999714,0],[111.25474734300008,-7.3565824129999555,0],[111.25474100100007,-7.3565829999999437,0],[111.25425547000009,-7.3565813389999448,0],[111.25390700100007,-7.3565889999999285,0],[111.25378623500006,-7.3565839979999623,0],[111.25341743100006,-7.3565859939999427,0],[111.25300699200005,-7.3565569309999432,0],[111.25274999000004,-7.3565442469999311,0],[111.25225660600006,-7.3565183419999585,0],[111.25217720400008,-7.3565124409999498,0],[111.25208077000008,-7.3565052739999715,0],[111.25196891500008,-7.3564969639999731,0],[111.25171957000003,-7.3564588089999461,0],[111.25162126300006,-7.356427751999945,0],[111.25149177500003,-7.3563703829999554,0],[111.25139584500005,-7.3563034229999289,0],[111.25121739600007,-7.3561485929999435,0],[111.25081927900004,-7.355861612999945,0],[111.25052187100005,-7.3556128709999484,0],[111.25033589600008,-7.3554368229999341,0],[111.25030900000007,-7.3553339999999707,0],[111.24613400000004,-7.3535379999999577,0],[111.24603028000007,-7.3535876539999663,0],[111.24595788300007,-7.3536474969999404,0],[111.24586395800009,-7.3537375389999511,0],[111.24575060000006,-7.3538896909999494,0],[111.24565002400004,-7.3540931809999392,0],[111.24546280900006,-7.3545571169999562,0],[111.24540152000009,-7.3547064949999594,0],[111.24532105000009,-7.3548520559999702,0],[111.24526162100005,-7.3548961259999714,0],[111.24516191500004,-7.3549383029999262,0],[111.24501743300004,-7.3549910359999444,0],[111.24435230600005,-7.3552283419999753,0],[111.24383563000004,-7.3554143799999565,0],[111.24383558300008,-7.3554143959999578,0],[111.24381070200008,-7.3554226109999377,0],[111.24354036400007,-7.3555118719999655,0],[111.24354031800004,-7.3555118869999774,0],[111.24318322800008,-7.3556341259999272,0],[111.24318318300004,-7.3556341419999285,0],[111.24289081200004,-7.3557395919999635,0],[111.24289076900004,-7.3557396119999794,0],[111.24282370400005,-7.3557707419999474,0],[111.24282365900007,-7.3557707609999738,0],[111.24275180000006,-7.355799501999968,0],[111.24275175500009,-7.3557995169999799,0],[111.24255525400008,-7.3558642299999519,0],[111.24255521000003,-7.3558642479999321,0],[111.24240665400004,-7.3559265359999699,0],[111.24240661500005,-7.3559265619999792,0],[111.24227619800007,-7.3560168159999648,0],[111.24221929700008,-7.356082664999974,0],[111.24216239600008,-7.3561485129999369,0],[111.24194400000005,-7.3564389999999662,0],[111.24180603500008,-7.3565944679999689,0],[111.24165330600005,-7.3567800359999751,0],[111.24145700000008,-7.3570089989999587,0],[111.24125501300006,-7.3572684949999712,0],[111.24103938700006,-7.3575169229999346,0],[111.24084204400003,-7.3577721009999664,0],[111.24059047800006,-7.3580594399999768,0],[111.24028143400005,-7.3584545089999551,0],[111.23999394300006,-7.3588064869999812,0],[111.23991300000006,-7.3589109999999778,0],[111.23974609500004,-7.3591002839999646,0],[111.23968500300003,-7.3591757089999419,0],[111.23964429400007,-7.3592606939999428,0],[111.23963113000008,-7.3593001909999316,0],[111.23962999100007,-7.3594114829999739,0],[111.23967808500004,-7.3596862149999538,0],[111.23970931200006,-7.3598022759999253,0],[111.23975259600007,-7.360046375999957,0],[111.23983292100007,-7.3604437199999779,0],[111.23996185800007,-7.361147955999968,0],[111.23999402800007,-7.3613444939999795,0],[111.24009663900006,-7.3618649819999291,0],[111.24014471400005,-7.3621042919999695,0],[111.24015435800004,-7.3622042339999325,0],[111.24013906200008,-7.3622904019999282,0],[111.24011033100004,-7.362361261999979,0],[111.24006626200008,-7.3624397869999711,0],[111.24002793100004,-7.3624915039999337,0],[111.24002789300005,-7.3624915309999324,0],[111.23982854600007,-7.3626313819999609,0],[111.23982850600004,-7.3626314079999702,0],[111.23959292200004,-7.3627747909999357,0],[111.23959288000009,-7.3627748159999555,0],[111.23942900000009,-7.3628709989999379,0],[111.23942896000005,-7.3628710229999683,0],[111.23921426100009,-7.3630023629999641,0],[111.23921422200004,-7.3630023879999271,0],[111.23905129800005,-7.3631101509999439,0],[111.23905125900006,-7.3631101759999638,0],[111.23889791800008,-7.3632083609999768,0],[111.23882603900006,-7.3632849859999396,0],[111.23877812200004,-7.3633424529999729,0],[111.23868433400008,-7.3635445419999428,0],[111.23860050600007,-7.3636953679999806,0],[111.23854780700009,-7.3637743779999596,0],[111.23849988800004,-7.3638270569999804,0],[111.23849985000004,-7.3638270639999632,0],[111.23841950100007,-7.3638379909999685,0],[111.23841957400003,-7.3639744109999583,0],[111.23842400400008,-7.3641898109999602,0],[111.23840487000007,-7.3642743059999702,0],[111.23837374600004,-7.3643509099999278,0],[111.23834502000005,-7.3644299069999306,0],[111.23833800000006,-7.3644699989999367,0],[111.23827557200008,-7.3645735449999279,0],[111.23824445100007,-7.3646573289999537,0],[111.23820614800007,-7.3647624169999517,0],[111.23818101500007,-7.3648330349999469,0],[111.23815349700004,-7.3649311769999599,0],[111.23814035000004,-7.3650041829999395,0],[111.23811881800009,-7.3650855669999373,0],[111.23800345800004,-7.3653363729999342,0],[111.23786696700006,-7.3656356149999738,0],[111.23771247100007,-7.3660202159999812,0],[111.23771243200008,-7.3660202139999456,0],[111.23771239200005,-7.366020209999931,0],[111.23739000100005,-7.3659919989999594,0],[111.23699000100004,-7.3660389989999544,0],[111.23565768800006,-7.3660564159999353,0],[111.23564471600008,-7.3660565849999671,0],[111.23564467800009,-7.3660565889999816,0],[111.23563161400006,-7.3660557379999432,0],[111.23562251400006,-7.366055145999951,0],[111.23468500100006,-7.3659939989999543,0],[111.23346200000009,-7.3657599989999767,0],[111.23205000000007,-7.3654079999999453,0],[111.23073300000004,-7.3651739989999783,0],[111.22955700100005,-7.3650339999999801,0],[111.22807500100004,-7.3647769999999468,0],[111.22783704400007,-7.3646882009999786,0],[111.22783198500008,-7.364686312999936,0],[111.22732200000007,-7.3644959989999279,0],[111.22656163900007,-7.3643277619999594,0],[111.22605200000004,-7.3642149999999447,0],[111.22548700000004,-7.3641919989999565,0],[111.22548695500006,-7.3641920089999644,0],[111.22497373600004,-7.3642902849999814,0],[111.22492192600004,-7.364300205999939,0],[111.22487600100004,-7.3643089999999347,0],[111.22487595600006,-7.3643090099999426,0],[111.22485325900004,-7.3643140499999618,0],[111.22458241500004,-7.3643741899999782,0],[111.22458139300005,-7.364374416999965,0],[111.22458125600008,-7.3643744469999319,0],[111.22424100100005,-7.3644499999999766,0],[111.22424095500008,-7.3644500149999317,0],[111.22330000100004,-7.3647789999999418,0],[111.22317280000004,-7.364784904999965,0],[111.22278300000005,-7.3648029989999486,0],[111.22214800000006,-7.3646159999999554,0],[111.22214416400004,-7.3646140889999288,0],[111.22163000000006,-7.3643579999999815,0],[111.22043000100007,-7.3636549999999374,0],[111.21883000100007,-7.3627399989999276,0],[111.21732500000007,-7.361966999999936,0],[111.21705623300005,-7.3618117219999704,0],[111.21705194500004,-7.3618092449999608,0],[111.21614800000009,-7.3612869999999475,0],[111.21516000000008,-7.3607239999999479,0],[111.21443100100004,-7.3604899999999702,0],[111.21389000000005,-7.3605369999999652,0],[111.21388995600006,-7.3605370179999454,0],[111.21360800000008,-7.3606549999999515,0],[111.21334900000005,-7.3609829999999761,0],[111.21325500100005,-7.3613349989999506,0],[111.21323200000006,-7.3618979989999502,0],[111.21330300100004,-7.3622969999999555,0],[111.21323200000006,-7.3625549999999294,0],[111.21302100100007,-7.3627429999999663,0],[111.21302095700008,-7.362743016999957,0],[111.21266800100005,-7.3628839999999514,0],[111.21226800000005,-7.3628609989999632,0],[111.21193900100008,-7.3626969999999687,0],[111.21160900000007,-7.362391999999943,0],[111.21135000100008,-7.3618519999999421,0],[111.21113800000006,-7.3612189999999487,0],[111.21085600100008,-7.3601869999999394,0],[111.21062000100005,-7.3586619999999812,0],[111.21052500100006,-7.3578879989999564,0],[111.21043100000009,-7.3569729999999254,0],[111.21010100000007,-7.3563629989999413,0],[111.20972500100004,-7.3558229999999298,0],[111.20918400000005,-7.3554249989999789,0],[111.20840700100007,-7.3549789999999575,0],[111.20753700100005,-7.3545569999999429,0],[111.20723100000004,-7.3543699999999603,0],[111.20707375200004,-7.354181816999926,0],[111.20662100100009,-7.3536399999999276,0],[111.20662062800005,-7.3536395169999764,0],[111.20626872900004,-7.3531838629999697,0],[111.20599528500009,-7.3528611769999657,0],[111.20586663900008,-7.3527093639999634,0],[111.20575170000006,-7.352570463999939,0],[111.20567102500007,-7.3524729729999763,0],[111.20559578400008,-7.3523820479999813,0],[111.20542184200008,-7.3521718469999655,0],[111.20539945000007,-7.3521549369999661,0],[111.20531686900006,-7.3520925739999257,0],[111.20521808800004,-7.3520179779999353,0],[111.20502818200004,-7.351933818999953,0],[111.20490158100006,-7.3518821799999614,0],[111.20486820600007,-7.3518689849999532,0],[111.20485711800006,-7.3518646009999316,0],[111.20466563900004,-7.3517827239999747,0],[111.20466089800004,-7.3518567159999293,0],[111.20466089600006,-7.3518567879999637,0],[111.20465063600005,-7.3521369549999349,0],[111.20464997000005,-7.3521551329999397,0],[111.20461134800007,-7.3524606409999365,0],[111.20458736700004,-7.3525564059999624,0],[111.20451627500006,-7.3528403019999473,0],[111.20444011100005,-7.3530159769999273,0],[111.20441122100004,-7.3530826129999696,0],[111.20434645400007,-7.3533952399999407,0],[111.20421973300006,-7.3539955969999369,0],[111.20418304900005,-7.3541693899999814,0],[111.20415071800005,-7.3543253539999682,0],[111.20413348500006,-7.3544084869999438,0],[111.20410877400008,-7.3545276929999659,0],[111.20407004700007,-7.3547677659999522,0],[111.20404638200006,-7.3549144709999723,0],[111.20399587600008,-7.355266247999964,0],[111.20394833900008,-7.355541025999969,0],[111.20391174500008,-7.3556932479999659,0],[111.20386277500006,-7.3558969549999347,0],[111.20378790600006,-7.3561033939999447,0],[111.20363638600008,-7.3567284059999452,0],[111.20355438500007,-7.3571092489999614,0],[111.20342603900008,-7.3575221259999353,0],[111.20332977800007,-7.3578773419999379,0],[111.20324421300006,-7.3583037429999649,0],[111.20324064900007,-7.3585244189999344,0],[111.20333334400004,-7.3588910229999556,0],[111.20336047900008,-7.3589435909999565,0],[111.20363281900006,-7.3594711839999718,0],[111.20381989600008,-7.3598594599999387,0],[111.20403925200009,-7.3603147289999811,0],[111.20438507600005,-7.3610336979999715,0],[111.20444592100006,-7.3611439279999331,0],[111.20475443100008,-7.3617028369999389,0],[111.20482939100009,-7.3618394099999591,0],[111.20518225400008,-7.3624823109999511,0],[111.20563824200008,-7.3633956109999303,0],[111.20597693600007,-7.36408966099998,0],[111.20606963100005,-7.3642818599999487,0],[111.20616232700007,-7.3645203279999691,0],[111.20633702100008,-7.3650292959999319,0],[111.20654023700007,-7.3655987709999522,0],[111.20673739200004,-7.3661241109999764,0],[111.20692809900004,-7.3665810369999463,0],[111.20707881900006,-7.366958388999933,0],[111.20742761400004,-7.3678659839999341,0],[111.20774022300009,-7.3687409919999709,0],[111.20818171200006,-7.3698142049999547,0],[111.20840194600004,-7.3702845349999393,0],[111.20870453500004,-7.3711130329999719,0],[111.20907853800009,-7.3720529829999464,0],[111.20935662300008,-7.3728359989999603,0],[111.20951681900004,-7.37327875699998,0],[111.20972597700006,-7.3737533109999731,0],[111.20996508300004,-7.3742563359999735,0],[111.21013621300006,-7.3745742869999731,0],[111.21022884900009,-7.3748917019999567,0],[111.21020496100004,-7.3752867669999773,0],[111.20884430800004,-7.3749256569999488,0],[111.20787069800008,-7.3746319159999416,0],[111.20704066000008,-7.3743756499999336,0],[111.20602818400005,-7.3740433999999482,0],[111.20545311800004,-7.3738504949999424,0],[111.20501438500008,-7.3737258299999553,0],[111.20484518100005,-7.3741939929999489,0],[111.20470017200006,-7.3745952099999386,0],[111.20459440500008,-7.3748819109999317,0],[111.20449991100008,-7.3751176379999492,0],[111.20443991300004,-7.3752496879999399,0],[111.20438643500006,-7.3753357009999263,0],[111.20430919000006,-7.3754928959999688,0],[111.20422166400004,-7.3757291029999692,0],[111.20417793100006,-7.3758354029999396,0],[111.20414102500007,-7.3759515489999785,0],[111.20410116900007,-7.3761231729999395,0],[111.20405173200004,-7.3762693339999714,0],[111.20399468900007,-7.3764534589999471,0],[111.20393384300007,-7.3766447979999725,0],[111.20384447600009,-7.3768915639999477,0],[111.20378933400008,-7.3770548089999579,0],[111.20372991400006,-7.3772147329999598,0],[111.20363864500007,-7.3774425149999274,0],[111.20358160100005,-7.3775652339999738,0],[111.20351329300007,-7.3776927929999374,0],[111.20320953700008,-7.3782309319999513,0],[111.20311113800005,-7.3784125879999465,0],[111.20300004700005,-7.3785765919999449,0],[111.20289023900006,-7.3787232279999557,0],[111.20280324800007,-7.3788485079999759,0],[111.20265122800004,-7.3790574979999519,0],[111.20259703700009,-7.3791343749999783,0],[111.20246380800006,-7.3793049589999669,0],[111.20231277300007,-7.3794717779999814,0],[111.20220439100007,-7.3796350219999454,0],[111.20210969900006,-7.3797742549999725,0],[111.20201985600005,-7.3799052289999736,0],[111.20194997800007,-7.3799994739999306,0],[111.20186678400006,-7.3801044429999365,0],[111.20178883100004,-7.3802457629999481,0],[111.20170033300008,-7.380355318999932,0],[111.20166073900003,-7.3804043329999445,0],[111.20162153800004,-7.380452858999945,0],[111.20149520100006,-7.3806028119999496,0],[111.20134974100006,-7.380806391999954,0],[111.20125248300008,-7.3809476169999471,0],[111.20117832700004,-7.3810244929999271,0],[111.20114799900006,-7.3810614539999619,0],[111.20111700600006,-7.3811213009999506,0],[111.20111574800006,-7.3811239329999694,0],[111.20108705900009,-7.3811839399999712,0],[111.20104427600006,-7.3812907119999522,0],[111.20102716300005,-7.3813448109999626,0],[111.20099578900005,-7.3814672429999746,0],[111.20098764900007,-7.3814973869999676,0],[111.20095158100008,-7.3816309619999743,0],[111.20091878100004,-7.3817616509999766,0],[111.20089739000008,-7.3818655759999388,0],[111.20087457200009,-7.3819780429999469,0],[111.20084319900008,-7.3820577669999352,0],[111.20078587100005,-7.3821278089999396,0],[111.20073881000008,-7.3821947189999264,0],[111.20066893200004,-7.3822972209999307,0],[111.20063185400005,-7.3823470479999287,0],[111.20057766300005,-7.3823641319999638,0],[111.20051897200005,-7.3823758499999599,0],[111.20049922800007,-7.3823797919999379,0],[111.20028103900006,-7.3824111109999535,0],[111.20003718000004,-7.382446702999971,0],[111.19982431300008,-7.3824827699999673,0],[111.19968764800007,-7.3825059249999754,0],[111.19951889400005,-7.3825291779999702,0],[111.19942955000005,-7.3825537599999507,0],[111.19931211300008,-7.3825761579999494,0],[111.19915457900004,-7.3826169689999688,0],[111.19869443100004,-7.382677709999939,0],[111.19841111600005,-7.3827213689999667,0],[111.19830083400007,-7.3827726189999794,0],[111.19818674800007,-7.3829499079999437,0],[111.19811449200006,-7.383101761999967,0],[111.19809357700007,-7.3832099579999522,0],[111.19808216800004,-7.3832839859999808,0],[111.19809547800008,-7.3833637099999692,0],[111.19815252100005,-7.383426348999933,0],[111.19825519900007,-7.3834681089999776,0],[111.19837308800004,-7.3834586189999527,0],[111.19843393400004,-7.3834605159999569,0],[111.19851759700003,-7.3834662109999272,0],[111.19859175300007,-7.3834757019999415,0],[111.19877319000005,-7.3835836599999425,0],[111.19895442200004,-7.3837705109999661,0],[111.19907920300005,-7.3839514309999572,0],[111.19919804400007,-7.3840997239999524,0],[111.19944760700008,-7.3843399619999559,0],[111.19987246000005,-7.3847878099999775,0],[111.20000912500007,-7.3849272059999294,0],[111.20010716800005,-7.384956865999925,0],[111.20024086300003,-7.3849627969999574,0],[111.20032999300008,-7.3849924549999741,0],[111.20038050000005,-7.385048807999965,0],[111.20037752900004,-7.3851199879999285,0],[111.20030681900005,-7.3852166759999704,0],[111.20023848600005,-7.3853145499999755,0],[111.20022066000007,-7.3853768339999419,0],[111.20029493500004,-7.3854509809999627,0],[111.20044348500005,-7.3854895359999659,0],[111.20053855600008,-7.3855014009999422,0],[111.20060391900006,-7.3855696159999411,0],[111.20069304900005,-7.3856674899999462,0],[111.20070196200004,-7.3857238419999476,0],[111.20070196100005,-7.3858098519999658,0],[111.20066631000009,-7.385892895999973,0],[111.20066333900007,-7.3859937359999321,0],[111.20066333800008,-7.3861331319999408,0],[111.20065739600005,-7.3862310059999459,0],[111.20053261500004,-7.3862932889999797,0],[111.20044942700008,-7.3863437089999593,0],[111.20043160100005,-7.3864059919999363,0],[111.20043754300008,-7.3865097979999632,0],[111.20049102100006,-7.3865691149999293,0],[111.20060391900006,-7.3866284329999417,0],[111.20068710700008,-7.3866373299999282,0],[111.20078812100007,-7.3865987739999355,0],[111.20083256700008,-7.3865810969999757,0],[111.20087630000006,-7.3865886899999396,0],[111.20093524400005,-7.3865773009999316,0],[111.20100559700006,-7.3865412369999603,0],[111.20101646000006,-7.386534451999978,0],[111.20105841000009,-7.3865082559999564,0],[111.20111545300006,-7.3864845289999721,0],[111.20116180000008,-7.3864750369999683,0],[111.20121765500005,-7.3864880879999646,0],[111.20128539400008,-7.3865272369999389,0],[111.20132698800006,-7.3865616409999575,0],[111.20134837900008,-7.3866316359999473,0],[111.20135075600007,-7.386719424999967,0],[111.20129490100004,-7.3867870469999275,0],[111.20119032300005,-7.3868558549999648,0],[111.20096981800003,-7.3869782409999516,0],[111.20088252700003,-7.3870266889999812,0],[111.20081716400006,-7.3870710579999468,0],[111.20078032500004,-7.387099530999933,0],[111.20075468700009,-7.3871815469999547,0],[111.20073732800006,-7.3872370799999771,0],[111.20072678900004,-7.3872707919999812,0],[111.20084331000004,-7.3873759489999316,0],[111.20092121400006,-7.3874406929999736,0],[111.20093838200006,-7.3874549599999568,0],[111.20096809200004,-7.3875035999999454,0],[111.20095578800004,-7.3875381989999482,0],[111.20094445200004,-7.3875700819999679,0],[111.20095501900005,-7.3876779929999543,0],[111.20091898200008,-7.387777415999949,0],[111.20088754400007,-7.3878641519999633,0],[111.20090035300007,-7.3879000769999266,0],[111.20100849700009,-7.3879843079999432,0],[111.20108930700007,-7.3880531159999805,0],[111.20119032200006,-7.3881385319999708,0],[111.20127113400008,-7.3881954769999538,0],[111.20134244000008,-7.3882643999999686,0],[111.20134600200004,-7.3882678439999268,0],[111.20151332900008,-7.3883743769999342,0],[111.20160031900008,-7.3884612169999286,0],[111.20167447600005,-7.3885637169999541,0],[111.20168303200006,-7.3886448629999677,0],[111.20168873600005,-7.3887288569999328,0],[111.20165593600007,-7.3887744119999752,0],[111.20159318900005,-7.3888213909999649,0],[111.20156324200008,-7.3888612519999697,0],[111.20150905100007,-7.3888697939999588,0],[111.20146199000004,-7.3888598279999655,0],[111.20129799100005,-7.3888854529999435,0],[111.20120529600007,-7.3889039609999259,0],[111.20116536600005,-7.3889509389999262,0],[111.20113256600007,-7.3890027589999363,0],[111.20112025600008,-7.3890286329999526,0],[111.20116964400006,-7.389175014999978,0],[111.20125378300008,-7.3894070639999541,0],[111.20130797400009,-7.3895294939999303,0],[111.20137400200008,-7.3896094559999597,0],[111.20139496400009,-7.3896348409999746,0],[111.20151190300004,-7.3897202569999649,0],[111.20159176400006,-7.389782896999975,0],[111.20165023200008,-7.3898412639999265,0],[111.20165593600007,-7.3898811249999312,0],[111.20163160700008,-7.3899176099999409,0],[111.20158178100007,-7.389970812999934,0],[111.20157592600009,-7.389979632999939,0],[111.20154194500009,-7.390030817999957,0],[111.20149659600008,-7.3900658149999572,0],[111.20145666600007,-7.3900772029999757,0],[111.20139582000007,-7.3900696109999444,0],[111.20124560600004,-7.390058220999947,0],[111.20114863400005,-7.3900449349999349,0],[111.20110514500004,-7.3900243139999588,0],[111.20107257600006,-7.3900088699999742,0],[111.20104358900005,-7.3900076639999384,0],[111.20098943100004,-7.3900054119999368,0],[111.20098130600007,-7.3900050739999301,0],[111.20093567200007,-7.3900335459999269,0],[111.20092945800008,-7.3900385079999751,0],[111.20087862900004,-7.3900791009999693,0],[111.20084031100004,-7.390087843999936,0],[111.20081207900006,-7.3900942859999645,0],[111.20076073900009,-7.3901132679999364,0],[111.20073412000005,-7.3901436379999268,0],[111.20071645900003,-7.3901784879999468,0],[111.20073221800004,-7.3902271569999698,0],[111.20077214800006,-7.390274609999949,0],[111.20082538800006,-7.3903258599999617,0],[111.20093186900004,-7.3904112759999521,0],[111.20108398400004,-7.3904966919999424,0],[111.20119046400004,-7.3905555349999759,0],[111.20124560600004,-7.3905498409999382,0],[111.20131976300007,-7.390566923999927,0],[111.20138899100004,-7.3905715309999778,0],[111.20143384900007,-7.3905745159999583,0],[111.20145573000008,-7.390588480999952,0],[111.20154983600008,-7.3906485439999301,0],[111.20156541600005,-7.3907076419999385,0],[111.20157075300006,-7.3907278849999329,0],[111.20154892900007,-7.3907901289999813,0],[111.20154501000007,-7.390801306999947,0],[111.20154413200004,-7.3908038109999552,0],[111.20153483400009,-7.3908072919999768,0],[111.20148328600004,-7.3908265889999711,0],[111.20139522000005,-7.3908427359999678,0],[111.20139011500004,-7.39084367199996,0],[111.20126842300004,-7.3908759409999334,0],[111.20116384500005,-7.3908512639999344,0],[111.20113828400008,-7.3908376549999275,0],[111.20107828000005,-7.3908057089999488,0],[111.20102891200008,-7.3907874569999308,0],[111.20102694100007,-7.3907867279999664,0],[111.20097180000005,-7.3907658479999441,0],[111.20091095300006,-7.3907126999999377,0],[111.20085200900007,-7.3907070059999569,0],[111.20080827600009,-7.3907430709999744,0],[111.20079837200007,-7.3907595849999552,0],[111.20078767400008,-7.3907774249999534,0],[111.20076834500009,-7.3908588569999552,0],[111.20077324300007,-7.3909547949999705,0],[111.20078355700008,-7.3911568649999708,0],[111.20080515600006,-7.3913149819999262,0],[111.20081778200006,-7.3914074179999716,0],[111.20082657600005,-7.3914376319999633,0],[111.20085391000003,-7.3915315569999507,0],[111.20092616400007,-7.3916701209999474,0],[111.20094694700003,-7.3916834579999318,0],[111.20096274500008,-7.3916935969999713,0],[111.20097940500006,-7.3917042879999713,0],[111.20103806600008,-7.3917196979999744,0],[111.20105577400005,-7.3917243499999472,0],[111.20108778700006,-7.3917327589999786,0],[111.20114292900007,-7.3917422499999361,0],[111.20120187300006,-7.3917384539999489,0],[111.20132546700006,-7.3917137779999393,0],[111.20141483500004,-7.3916909999999802,0],[111.20148708900007,-7.3916682229999537,0],[111.20153842700006,-7.3916473429999314,0],[111.20161828800008,-7.3916625279999266,0],[111.20170626500004,-7.3916841469999781,0],[111.20174188100009,-7.3916928989999633,0],[111.20181033400007,-7.3917289629999345,0],[111.20180731100004,-7.3917463139999313,0],[111.20180272800008,-7.3917726199999265,0],[111.20177246900005,-7.3917993779999733,0],[111.20175519200006,-7.3918523409999466,0],[111.20176279700007,-7.3919187759999545,0],[111.20173807900005,-7.3919814139999289,0],[111.20169613800005,-7.3920023499999274,0],[111.20169244500005,-7.3920041929999343,0],[111.20164300600004,-7.3920155799999634,0],[111.20162692800005,-7.3920068859999333,0],[111.20159990700006,-7.3919922759999395,0],[111.20159737200004,-7.3919909049999433,0],[111.20159582700006,-7.3919894589999444,0],[111.20156694900004,-7.3919624339999359,0],[111.20155735700007,-7.3919643489999771,0],[111.20151941300009,-7.3919719229999714,0],[111.20147187800006,-7.391998497999964,0],[111.20139420700008,-7.3920688519999658,0],[111.20132166400003,-7.3921123859999511,0],[111.20125131100008,-7.3921503479999728,0],[111.20120586200005,-7.392163959999948,0],[111.20119426800005,-7.3921674319999511,0],[111.20115623900006,-7.3922148849999303,0],[111.20111440700003,-7.3922661339999536,0],[111.20101933500007,-7.3924046979999503,0],[111.20096039100008,-7.3924730309999518,0],[111.20092485400005,-7.3925241819999314,0],[111.20087862900004,-7.3925907149999261,0],[111.20082384200003,-7.392677578999951,0],[111.20081398000008,-7.3926932149999516,0],[111.20079542700006,-7.392711735999967,0],[111.20074362700007,-7.3927634449999573,0],[111.20066916500008,-7.3928275879999319,0],[111.20062176400006,-7.3928422039999759,0],[111.20060387100006,-7.3928477219999422,0],[111.20057915200005,-7.3928667029999815,0],[111.20049168700007,-7.3929597119999357,0],[111.20048034900009,-7.3929695899999501,0],[111.20037902200005,-7.3930578659999355,0],[111.20036470000008,-7.3930580199999554,0],[111.20033077600004,-7.3930583859999501,0],[111.20032816300005,-7.3930584139999382,0],[111.20032347600005,-7.3930626019999295,0],[111.20030520400007,-7.3930789289999552,0],[111.20029687800007,-7.3930863689999455,0],[111.20029134400005,-7.3931444259999353,0],[111.20029013400006,-7.3931571169999302,0],[111.20028650600005,-7.3931630659999428,0],[111.20026949300006,-7.3931909659999633,0],[111.20026351300004,-7.3932007729999327,0],[111.20019338200007,-7.3932366759999582,0],[111.20018935800005,-7.3932387359999439,0],[111.20018799700006,-7.393239909999977,0],[111.20015971200007,-7.3932643089999601,0],[111.20006386300008,-7.3932672079999406,0],[111.20000111500008,-7.3932444299999815,0],[111.19995240200006,-7.3932552369999485,0],[111.19994977700009,-7.3932558189999327,0],[111.19994844400009,-7.3932566269999711,0],[111.19989653600004,-7.3932880869999735,0],[111.19986231000007,-7.3932918839999502,0],[111.19975583000007,-7.3932501249999518,0],[111.19962923000008,-7.393247846999941,0],[111.19952702700004,-7.3932976729999496,0],[111.19944621700006,-7.3933593619999556,0],[111.19934510400009,-7.3933937719999676,0],[111.19934163800008,-7.3933949519999373,0],[111.19923705700006,-7.3934352869999316,0],[111.19913723300004,-7.3934661319999577,0],[111.19907365300008,-7.3934960279999586,0],[111.19903942700006,-7.3935074159999772,0],[111.19900092300009,-7.3936810949999767,0],[111.19900900400006,-7.3937570199999527,0],[111.19908506300004,-7.3938234539999712,0],[111.19925856800006,-7.3938471799999661,0],[111.19945108900004,-7.3938353169999687,0],[111.19957230500006,-7.3938044719999425,0],[111.19967213100006,-7.3937949819999744,0],[111.19974936400007,-7.3937629789999733,0],[111.19979810200005,-7.3937427829999365,0],[111.19987653500004,-7.3936858399999323,0],[111.19992407100005,-7.3936692319999793,0],[111.19995619100007,-7.3937264869999808,0],[111.19995734700007,-7.3937285479999559,0],[111.19999299800008,-7.3937593919999358,0],[111.20001256600005,-7.39375660099995,0],[111.20004291200007,-7.3937522739999508,0],[111.20006192600005,-7.3937688829999502,0],[111.20006192600005,-7.3938155039999742,0],[111.20006192600005,-7.3938187089999587,0],[111.20009108100004,-7.3938873579999722,0],[111.20012001200007,-7.3939214889999789,0],[111.20013291300006,-7.393936708999945,0],[111.20014432200009,-7.3940069389999508,0],[111.20014872200005,-7.3940543819999789,0],[111.20015382800005,-7.3941094379999299,0],[111.20017094200006,-7.3942195299999298,0],[111.20017284300008,-7.3942954539999732,0],[111.20019247700009,-7.3943225929999699,0],[111.20019721400007,-7.3943291409999574,0],[111.20022228100004,-7.3943637869999748,0],[111.20026281400004,-7.3944145099999332,0],[111.20032876100004,-7.3944970349999721,0],[111.20034102900007,-7.3945083389999695,0],[111.20035348000005,-7.3945198119999418,0],[111.20040481800004,-7.3945729589999587,0],[111.20042514000005,-7.3946506649999719,0],[111.20038901300006,-7.3946734419999416,0],[111.20038628700007,-7.3946874099999604,0],[111.20038010000007,-7.3947191149999298,0],[111.20037354300007,-7.3947464189999437,0],[111.20038299000004,-7.3947710629999506,0],[111.20040232300005,-7.3948214949999738,0],[111.20036809700008,-7.394868947999953,0],[111.20036574400007,-7.394873410999935,0],[111.20034908200006,-7.3949050119999811,0],[111.20035351900009,-7.3949470829999768,0],[111.20035668900005,-7.3949771409999698,0],[111.20033981900008,-7.39503280699995,0],[111.20028823600006,-7.395203017999961,0],[111.20022758100004,-7.3953392549999535,0],[111.20022608600004,-7.3953420169999617,0],[111.20016816100008,-7.3954489899999771,0],[111.20010962200007,-7.3954734879999364,0],[111.20007543400004,-7.3954877949999513,0],[111.20003179600008,-7.3955060569999773,0],[111.19992453900005,-7.3955972799999472,0],[111.19989185800006,-7.3957010839999384,0],[111.19992750900008,-7.3958078529999511,0],[111.19999881400008,-7.3959175869999285,0],[111.20002715700008,-7.3959471109999413,0],[111.20006714600004,-7.3959887669999489,0],[111.20013158400008,-7.3959829199999376,0],[111.20016518900007,-7.3959798699999624,0],[111.20025432000006,-7.3960035959999573,0],[111.20025855700004,-7.396008209999934,0],[111.20031968200004,-7.3960747749999314,0],[111.20034642000007,-7.3961311259999434,0],[111.20035720300007,-7.3961334329999318,0],[111.20042893800007,-7.3961487769999508,0],[111.20051279700004,-7.3961667149999357,0],[111.20066134600006,-7.396187475999966,0],[111.20074156400005,-7.3961667149999357,0],[111.20083960500006,-7.3961726459999682,0],[111.20094359000007,-7.3961756129999685,0],[111.20103866200009,-7.3961963729999525,0],[111.20111143300005,-7.3962767999999528,0],[111.20112185000005,-7.3962883129999568,0],[111.20112510200005,-7.3963051939999787,0],[111.20113248400008,-7.3963435149999555,0],[111.20113670500007,-7.3963654239999528,0],[111.20112370800007,-7.3963962269999683,0],[111.20110157400006,-7.3964486849999389,0],[111.20103569200006,-7.3964929529999495,0],[111.20100498600004,-7.3965377529999614,0],[111.20099706900004,-7.396549302999972,0],[111.20095844600007,-7.3965997209999728,0],[111.20085101400008,-7.3966182999999432,0],[111.20081583800004,-7.3966501409999523,0],[111.20075404200009,-7.3966866319999554,0],[111.20069129400008,-7.3966961229999697,0],[111.20062854600008,-7.3966239939999809,0],[111.20060382800006,-7.3965746439999407,0],[111.20052586900005,-7.3965670509999768,0],[111.20043650000008,-7.3964835339999695,0],[111.20036804900008,-7.3964417759999606,0],[111.20028058300005,-7.3964284879999695,0],[111.20021783600004,-7.3964398769999775,0],[111.20012086200006,-7.3965328859999318,0],[111.20004860800009,-7.3966220959999305,0],[111.20003468700008,-7.3966359919999718,0],[111.19999536700004,-7.3966752429999474,0],[111.19998946100009,-7.3967554449999398,0],[111.19998491000007,-7.396817245999955,0],[111.19997599700008,-7.3969032539999375,0],[111.19999002300005,-7.3969403979999697,0],[111.19999602300004,-7.3969562869999663,0],[111.20006393700004,-7.396996349999938,0],[111.20013239000008,-7.3970134329999269,0],[111.20020464400005,-7.3970229239999412,0],[111.20023696900006,-7.3970475989999613,0],[111.20025598300003,-7.3970665799999438,0],[111.20028450400008,-7.3971140329999798,0],[111.20031492800007,-7.3971197279999501,0],[111.20035485900007,-7.3970912559999533,0],[111.20040049200009,-7.3970722749999709,0],[111.20043091600007,-7.3970684789999268,0],[111.20048795900004,-7.3970305169999619,0],[111.20049423400008,-7.3970232629999373,0],[111.20052408600009,-7.3969887579999636,0],[111.20053549400006,-7.3969242219999387,0],[111.20057542500007,-7.3969261199999323,0],[111.20062106000006,-7.3969071389999499,0],[111.20065718600006,-7.3968919549999441,0],[111.20071803200005,-7.396912833999977,0],[111.20080359800005,-7.3969849619999763,0],[111.20084162600006,-7.3970362109999428,0],[111.20083782300009,-7.3971083389999421,0],[111.20081120300006,-7.3971330139999623,0],[111.20079218900008,-7.3971633849999421,0],[111.20077529200006,-7.3971693249999362,0],[111.20076034000004,-7.3971745819999342,0],[111.20077697700009,-7.3972386439999696,0],[111.20077972300004,-7.3972418999999263,0],[111.20081500500004,-7.3972837249999657,0],[111.20082689000009,-7.397312195999973,0],[111.20082380200006,-7.3973346549999519,0],[111.20081857100007,-7.3973726979999697,0],[111.20087442500005,-7.3974343879999651,0],[111.20094216400008,-7.3975043789999404,0],[111.20105347800006,-7.3976214799999411,0],[111.20109863700009,-7.3978136629999653,0],[111.20109863700009,-7.3978947769999763,0],[111.20109863700009,-7.3979299209999567,0],[111.20107011500005,-7.3979892369999334,0],[111.20105214600005,-7.3980046119999656,0],[111.20100356500006,-7.3980461799999375,0],[111.20094176800006,-7.3981031239999311,0],[111.20084432000004,-7.3981695579999496,0],[111.20081869600006,-7.398202810999976,0],[111.20079247100006,-7.3982368419999602,0],[111.20078727600009,-7.3982435839999425,0],[111.20077301600008,-7.3983408609999515,0],[111.20077893200005,-7.3983713739999644,0],[111.20078727700007,-7.3984144139999444,0],[111.20080293400008,-7.3984508849999315,0],[111.20081579700008,-7.3984808479999629,0],[111.20083885700006,-7.3985322999999426,0],[111.20088947900007,-7.398563888999945,0],[111.20094496000007,-7.3986370739999643,0],[111.20095602900005,-7.398651675999929,0],[111.20101307200008,-7.3987394639999593,0],[111.20102733300007,-7.3988082699999609,0],[111.20101544900007,-7.3989126659999442,0],[111.20100181300006,-7.3989341709999508,0],[111.20097353000006,-7.3989787739999429,0],[111.20086950400008,-7.3991428349999637,0],[111.20076826300004,-7.3992566969999416,0],[111.20069695900008,-7.3993373669999301,0],[111.20067540600007,-7.3993571249999377,0],[111.20058049600004,-7.3994441339999639,0],[111.20047829300006,-7.3994797229999563,0],[111.20042600400006,-7.3995105669999361,0],[111.20032142400004,-7.3994654879999757,0],[111.20025876000005,-7.399428870999941,0],[111.20022397600007,-7.3994085449999716,0],[111.20010751300003,-7.3994180359999291,0],[111.20002850000009,-7.3994944489999739,0],[111.19999529000006,-7.3996161169999368,0],[111.19999119300007,-7.3997042189999434,0],[111.19998712400007,-7.3997917149999353,0],[111.19998629500009,-7.3998095179999268,0],[111.19996490600005,-7.3999931599999513,0],[111.20000768700004,-7.4001592429999619,0],[111.20000759700008,-7.4001644469999519,0],[111.20000531100004,-7.4002968559999545,0],[111.20005525500005,-7.400341368999932,0],[111.20007186100008,-7.4003561699999523,0],[111.20007474300007,-7.4003632309999716,0],[111.20009253900008,-7.4004068259999372,0],[111.20012890400005,-7.4004487029999382,0],[111.20026883300005,-7.4005682909999564,0],[111.20031643400006,-7.4006089729999758,0],[111.20033070700003,-7.4006642759999295,0],[111.20035796700006,-7.4007698959999288,0],[111.20034956200004,-7.4008219169999734,0],[111.20034311200004,-7.4008618349999438,0],[111.20024507000005,-7.4009626709999452,0],[111.20015670700008,-7.4009940959999767,0],[111.20010613200009,-7.4010120829999551,0],[111.20001630300004,-7.4010783369999444,0],[111.19997188800005,-7.4011608959999649,0],[111.19993014500005,-7.4012384879999331,0],[111.19989247200004,-7.4013530859999719,0],[111.19987916200006,-7.4014347039999393,0],[111.19989437300006,-7.4015713659999278,0],[111.19993240200006,-7.4017630739999731,0],[111.19992505400006,-7.4018093459999363,0],[111.19991907200006,-7.401847011999962,0],[111.19990768400004,-7.4019187159999547,0],[111.19992859900009,-7.4020542399999272,0],[111.19994141600006,-7.4020769399999722,0],[111.19996359900006,-7.4021162279999544,0],[111.19998754400007,-7.4021586349999779,0],[111.20010543300003,-7.4022971959999495,0],[111.20016326500007,-7.4023286849999295,0],[111.20018909700008,-7.4023427499999457,0],[111.20021319800009,-7.4023828479999452,0],[111.20024614000005,-7.4024376539999253,0],[111.20030128100007,-7.4025481229999741,0],[111.20038304400003,-7.4026695999999674,0],[111.20046860800005,-7.4027512179999349,0],[111.20049903000006,-7.4028252439999278,0],[111.20049332600007,-7.4029619059999732,0],[111.20049038700006,-7.4029845409999666,0],[111.20048001600009,-7.4030644019999272,0],[111.20045529700008,-7.4031289359999732,0],[111.20043438200008,-7.4031631019999509,0],[111.20035182800007,-7.4032509039999468,0],[111.20032980200006,-7.4032743299999311,0],[111.20028606900007,-7.4033198839999272,0],[111.20023282900007,-7.4033825209999691,0],[111.20020462300005,-7.4034077659999298,0],[111.20019670200008,-7.4034774239999592,0],[111.20019292800004,-7.4034841869999468,0],[111.20012254500006,-7.4036102909999499,0],[111.20010709700006,-7.4036368629999743,0],[111.20007976400007,-7.403680756999961,0],[111.20004901300007,-7.4037060979999296,0],[111.20000132900009,-7.4037329539999632,0],[111.19998461000006,-7.4037359889999266,0],[111.19994903900005,-7.4037424449999776,0],[111.19993715400005,-7.4037845109999694,0],[111.19993596700004,-7.4037887109999474,0],[111.19989200400005,-7.4038306749999379,0],[111.19984184600008,-7.40387855299997,0],[111.19983633800007,-7.4038875919999327,0],[111.19975770800005,-7.4040166389999627,0],[111.19972062900007,-7.4041105939999738,0],[111.19972811700006,-7.4042081079999775,0],[111.19974095100008,-7.4042773869999792,0],[111.19975283500008,-7.4043808319999584,0],[111.19975138200004,-7.4044088709999301,0],[111.19974713000005,-7.4044909209999332,0],[111.19973762400008,-7.4045592529999453,0],[111.19972241200009,-7.4046294809999722,0],[111.19971422800006,-7.4046577039999306,0],[111.19970149700004,-7.4047016079999253,0],[111.19965453200007,-7.4047540889999368,0],[111.19960176600006,-7.4048238439999636,0],[111.19954614800008,-7.4048907509999253,0],[111.19950907100008,-7.4049363049999783,0],[111.19947861100007,-7.4049569809999412,0],[111.19943776600007,-7.4049847069999259,0],[111.19939213200007,-7.4050274129999707,0],[111.19932938500006,-7.4051028609999321,0],[111.19926378500008,-7.4052039339999283,0],[111.19923027300007,-7.4052574919999756,0],[111.19920650400007,-7.4052930799999785,0],[111.19917917100008,-7.4053310419999434,0],[111.19916440500003,-7.4053716229999509,0],[111.19914840200005,-7.4054156049999733,0],[111.19914516700004,-7.405424494999977,0],[111.19912331700004,-7.4054900049999333,0],[111.19909479500006,-7.405526780999935,0],[111.19909836000005,-7.4055647429999567,0],[111.19910786700007,-7.4055908409999347,0],[111.19909999700008,-7.4056179029999498,0],[111.19909717200005,-7.405627615999947,0],[111.19910905600005,-7.4057011659999716,0],[111.19910353000006,-7.4057466409999506,0],[111.19911351200005,-7.4058121249999544,0],[111.19910210400008,-7.4058690659999797,0],[111.19910923400005,-7.4059559029999491,0],[111.19909497300006,-7.4059886449999794,0],[111.19907933700006,-7.4060655739999675,0],[111.19907500800008,-7.4060868699999673,0],[111.19905219100008,-7.4061395419999485,0],[111.19902224300006,-7.4061865189999594,0],[111.19897946100008,-7.4063078069999619,0],[111.19897842100005,-7.4063100249999252,0],[111.19895521700005,-7.406359527999939,0],[111.19893953000008,-7.4063936929999272,0],[111.19894209700004,-7.4064435179999464,0],[111.19893449200003,-7.4064738869999474,0],[111.19892769400008,-7.4065148289999456,0],[111.19892858000009,-7.4065508579999459,0],[111.19892878700006,-7.4065592999999694,0],[111.19892517300008,-7.4065673179999294,0],[111.19892023100005,-7.4065782809999519,0],[111.19891945500007,-7.4065949459999274,0],[111.19891833000008,-7.4066190889999461,0],[111.19889528500005,-7.4067157909999537,0],[111.19889476400004,-7.4067158099999801,0],[111.19845163600007,-7.4067310459999476,0],[111.19841395900005,-7.4067323409999517,0],[111.19737708000008,-7.4067471689999707,0],[111.19659790700007,-7.4067933159999484,0],[111.19576888000006,-7.4068103989999372,0],[111.19566563200004,-7.4070751799999357,0],[111.19559470400009,-7.4072714379999525,0],[111.19558225400004,-7.4073058899999751,0],[111.19550809700007,-7.4074918989999787,0],[111.19547862600007,-7.4075654499999359,0],[111.19544582500004,-7.4076394749999395,0],[111.19538878100008,-7.4077277349999804,0],[111.19529608600004,-7.4078672429999415,0],[111.19523334000007,-7.4079597729999591,0],[111.19516322500004,-7.4080853779999529,0],[111.19513826800005,-7.4081304549999345,0],[111.19509238900008,-7.4081868139999756,0],[111.19507766000004,-7.4082324769999559,0],[111.19506656700008,-7.4082894189999706,0],[111.19503725400006,-7.4083143309999286,0],[111.19500239500007,-7.4083594099999459,0],[111.19499407600006,-7.4083902529999364,0],[111.19494242200005,-7.4084467969999537,0],[111.19490970000004,-7.4084946469999409,0],[111.19488830800009,-7.4085373529999288,0],[111.19486453900004,-7.4085769749999599,0],[111.19485031100004,-7.4085912429999325,0],[111.19482532200004,-7.4086066329999767,0],[111.19477303400004,-7.408680181999955,0],[111.19473500500004,-7.4087311919999479,0],[111.19470054000004,-7.4087940649999382,0],[111.19466488800003,-7.4088486349999698,0],[111.19461616500007,-7.4089209989999745,0],[111.19457575800004,-7.4089957349999622,0],[111.19454307800004,-7.4090612169999304,0],[111.19449269100005,-7.4091447319999588,0],[111.19444040200005,-7.4092472269999803,0],[111.19427568800006,-7.4094840099999715,0],[111.19419250000004,-7.4095765399999323,0],[111.19410931400006,-7.4097366889999421,0],[111.19402137200007,-7.4098505719999253,0],[111.19391441600004,-7.4100050259999648,0],[111.19381459000004,-7.4101355169999579,0],[111.19375873600006,-7.4102102529999456,0],[111.19371951700003,-7.4102766849999284,0],[111.19368586300004,-7.410338372999945,0],[111.19365876700004,-7.4103155959999754,0],[111.19364022900004,-7.410294242999953,0],[111.19360885500004,-7.4102928189999488,0],[111.19358746400007,-7.410282853999945,0],[111.19356264900006,-7.4102482149999673,0],[111.19349999700006,-7.4102091149999296,0],[111.19343463400008,-7.4101640369999586,0],[111.19326304100008,-7.4100666739999497,0],[111.19318507100007,-7.4100276139999437,0],[111.19312565200005,-7.4100062599999319,0],[111.19304246300004,-7.4099777889999814,0],[111.19289534000006,-7.4099445729999616,0],[111.19277477700007,-7.4099152129999766,0],[111.19265950300007,-7.4098903009999617,0],[111.19258463200003,-7.4098665749999668,0],[111.19250738700003,-7.4098535259999494,0],[111.19235883700009,-7.409826240999962,0],[111.19222573800005,-7.4098143779999646,0],[111.19207480900008,-7.4098096329999521,0],[111.19197962000004,-7.409806074999949,0],[111.19186482000003,-7.4098051259999806,0],[111.19174954500005,-7.4098074979999637,0],[111.19173053000009,-7.4097422519999441,0],[111.19171270500004,-7.4096758209999507,0],[111.19168774900004,-7.4096176929999729,0],[111.19167610100004,-7.4095760299999256,0],[111.19167039800004,-7.4095314259999441,0],[111.19167134900005,-7.4094782809999629,0],[111.19167420100007,-7.4094517079999491,0],[111.19168465800004,-7.4094165929999463,0],[111.19169131300004,-7.409364395999944,0],[111.19170367400005,-7.409310302999927,0],[111.19171242000004,-7.4092739549999465,0],[111.19172549200005,-7.4091814239999394,0],[111.19175044900004,-7.4090283929999714,0],[111.19177302900005,-7.4088848519999715,0],[111.19179471800004,-7.4087533369999505,0],[111.19179851900009,-7.4087106309999626,0],[111.19181753500004,-7.408581561999938,0],[111.19183322100008,-7.4084486979999724,0],[111.19186459600007,-7.4083015039999509,0],[111.19189739500007,-7.4081790789999786,0],[111.19192876800008,-7.4080495359999645,0],[111.19195572200005,-7.407934227999931,0],[111.19143667000009,-7.4080028649999576,0],[111.19107884600004,-7.4080724829999554,0],[111.19097728900005,-7.4080922419999524,0],[111.19074483900005,-7.4081335259999719,0],[111.19041256300005,-7.4081705369999327,0],[111.19036243100004,-7.4081756339999743,0],[111.19013745100006,-7.4081985089999307,0],[111.19012977400007,-7.408199288999981,0],[111.19010453000004,-7.4082018559999483,0],[111.19001197900008,-7.4081986119999783,0],[111.18997834100009,-7.4081974329999412,0],[111.18996800600007,-7.4081970699999715,0],[111.18996800400004,-7.4081969969999477,0],[111.18991772400005,-7.4082417289999398,0],[111.18983087000004,-7.4083189979999702,0],[111.18980102400008,-7.4083469399999444,0],[111.18972860400004,-7.4084147449999591,0],[111.18959918200005,-7.4085296819999371,0],[111.18950811900004,-7.408642208999936,0],[111.18941465600005,-7.4087403759999688,0],[111.18937631200004,-7.4087858669999491,0],[111.18917338200004,-7.4087211719999573,0],[111.18903525800005,-7.4086680979999642,0],[111.18893699700004,-7.4086320759999467,0],[111.18883831900007,-7.4085958989999767,0],[111.18871872200003,-7.4085547869999573,0],[111.18847557000004,-7.4084744729999557,0],[111.18828664100005,-7.4084108299999798,0],[111.18815045100007,-7.4083993999999507,0],[111.18801234400007,-7.4083898839999733,0],[111.18793892600007,-7.4083853679999265,0],[111.18790700100004,-7.4083989989999282,0],[111.18771995000009,-7.4081921549999379,0],[111.18770049100004,-7.4081706359999657,0],[111.18768180200004,-7.408149969999954,0],[111.18759669700006,-7.408028715999933,0],[111.18757432400008,-7.407996839999953,0],[111.18753018200005,-7.4079336739999349,0],[111.18748718300009,-7.4078823289999605,0],[111.18748259000006,-7.40787684299994,0],[111.18746563800005,-7.4078617919999488,0],[111.18738425000004,-7.4077895269999772,0],[111.18721396500007,-7.4076591609999696,0],[111.18707606400005,-7.4075670749999745,0],[111.18694247700006,-7.4074747469999807,0],[111.18686333000005,-7.407413748999943,0],[111.18664292500006,-7.407259230999955,0],[111.18647887600008,-7.407137238999951,0],[111.18638390100006,-7.4070654769999464,0],[111.18620960100009,-7.4069427939999741,0],[111.18603692100004,-7.4068145819999813,0],[111.18596017400006,-7.4067571739999494,0],[111.18582395300007,-7.4066691549999746,0],[111.18573569200004,-7.4066021779999573,0],[111.18565702700005,-7.406544768999936,0],[111.18561122200003,-7.4065195389999303,0],[111.18555126600006,-7.406481269999972,0],[111.18542655100003,-7.406390374999944,0],[111.18525867200009,-7.4062767589999794,0],[111.18512196800003,-7.4061822789999496,0],[111.18477572800003,-7.4059280079999326,0],[111.18468171600006,-7.4058629479999354,0],[111.18460357600009,-7.405814773999964,0],[111.18457619400004,-7.4057978919999528,0],[111.18447418100004,-7.4057308609999382,0],[111.18437225700006,-7.4056674779999412,0],[111.18427872100006,-7.4055969129999539,0],[111.18419238200005,-7.4055347209999809,0],[111.18412604900004,-7.4054862829999593,0],[111.18406626900008,-7.4054426289999356,0],[111.18390918100005,-7.4053325999999515,0],[111.18376288700006,-7.4052345319999517,0],[111.18367895000006,-7.4051843049999775,0],[111.18365998600007,-7.4051723039999615,0],[111.18352969900008,-7.4050898489999781,0],[111.18335607300008,-7.4049922719999586,0],[111.18331459900008,-7.4049656199999276,0],[111.18332494800006,-7.4049465939999664,0],[111.18345834800004,-7.4047013329999345,0],[111.18352542400004,-7.4045691909999505,0],[111.18357524400005,-7.4044466299999385,0],[111.18358865900007,-7.4044179039999563,0],[111.18360974300003,-7.4043834319999746,0],[111.18317806500005,-7.4043326799999249,0],[111.18293071200009,-7.4043090379999512,0],[111.18274657000006,-7.4042899659999648,0],[111.18263415700005,-7.4042945919999283,0],[111.18254304800007,-7.4042970229999696,0],[111.18236801300009,-7.4042707679999467,0],[111.18228409600005,-7.4042636219999736,0],[111.18219805600006,-7.4042495359999521,0],[111.18211413400007,-7.4042376039999453,0],[111.18202303200007,-7.4042520009999748,0],[111.18187678500004,-7.4042712079999546,0],[111.18177859400004,-7.4042457989999662,0],[111.18159876200008,-7.4042171519999442,0],[111.18134459300006,-7.4041550279999342,0],[111.18116295800007,-7.404115610999952,0],[111.18057850600007,-7.4040201149999803,0],[111.18029528700004,-7.4039774889999421,0],[111.17991972900006,-7.4039276379999706,0],[111.17960802700009,-7.4038948549999759,0],[111.17942200800007,-7.403878266999925,0],[111.17897133200006,-7.4038380769999321,0],[111.17854333900004,-7.4037843979999707,0],[111.17830096800009,-7.40373270799995,0],[111.17789746300008,-7.403633918999958,0],[111.17788118100009,-7.4036299329999338,0],[111.17746396800004,-7.4035475279999332,0],[111.17722299200005,-7.40350454299994,0],[111.17700000700006,-7.4034830909999414,0],[111.17699809700008,-7.4034827999999493,0],[111.17655402800006,-7.4034150579999505,0],[111.17609800300005,-7.4033476089999795,0],[111.17583712400005,-7.4032941019999612,0],[111.17565489800006,-7.4032731119999653,0],[111.17547267600008,-7.4032636099999536,0],[111.17514082400004,-7.4031948119999811,0],[111.17502573900003,-7.4031948559999705,0],[111.17485463400004,-7.4031604589999347,0],[111.17444409000007,-7.4030980339999815,0],[111.17432713200009,-7.4030802499999595,0],[111.17425664800004,-7.4030727799999454,0],[111.17409311700004,-7.4030554499999539,0],[111.17404690300003,-7.4030465399999343,0],[111.17385525900005,-7.4030095899999537,0],[111.17381050800009,-7.4030199169999378,0],[111.17378046000005,-7.4030268519999254,0],[111.17369414200004,-7.4030153969999333,0],[111.17360548300007,-7.4029968289999601,0],[111.17351884600004,-7.4029786839999474,0],[111.17351518900006,-7.4029779179999764,0],[111.17316589100005,-7.4029707179999491,0],[111.17314928500008,-7.4029703759999279,0],[111.17312789500005,-7.4029699339999411,0],[111.17311281400004,-7.4031751729999655,0],[111.17309611300004,-7.403255359999946,0],[111.17308290100004,-7.4033187869999324,0],[111.17306853400004,-7.4033678559999316,0],[111.17303498300004,-7.4034085569999775,0],[111.17298585100008,-7.4034552459999645,0],[111.17295829700004,-7.4035019269999793,0],[111.17295231400004,-7.4035306499999365,0],[111.17295464200004,-7.4036993579999262,0],[111.17295116700006,-7.4037616819999812,0],[111.17286844800009,-7.4037629109999443,0],[111.17278933400007,-7.4037737109999284,0],[111.17274258000003,-7.4037749259999259,0],[111.17271620400004,-7.4037689539999292,0],[111.17270421800004,-7.4037725479999494,0],[111.17268264700004,-7.4037928999999281,0],[111.17266707000005,-7.4038084629999616,0],[111.17264190300006,-7.403830012999947,0],[111.17260474500006,-7.4038419939999471,0],[111.17255919300004,-7.4038479949999783,0],[111.17250285200004,-7.4038551959999381,0],[111.17243212700004,-7.4038659949999328,0],[111.17236739900005,-7.403881576999936,0],[111.17229427700005,-7.4038947669999402,0],[111.17222736900004,-7.4039082169999801,0],[111.17221657000005,-7.4038830909999547,0],[111.17220098500007,-7.403881900999977,0],[111.17216259900005,-7.4038184909999813,0],[111.17214460600007,-7.4037885799999685,0],[111.17211002400006,-7.4037174719999257,0],[111.17204164800006,-7.4036526769999682,0],[111.17195099700007,-7.4035967069999629,0],[111.17176680600005,-7.4034503049999785,0],[111.17174529500005,-7.4034097339999789,0],[111.17159855200003,-7.4033825059999572,0],[111.17149928700007,-7.4033696199999781,0],[111.17137704500004,-7.4033365189999358,0],[111.17130667000004,-7.4033232629999475,0],[111.17122994300007,-7.4033098899999459,0],[111.17108033000005,-7.4033042029999478,0],[111.17095452700005,-7.403300900999966,0],[111.17082601100009,-7.4032894619999752,0],[111.17072434800008,-7.4032780129999765,0],[111.17069556900009,-7.4032550479999486,0],[111.17064567200003,-7.4031823079999413,0],[111.17060536300005,-7.4031076509999707,0],[111.17058041500007,-7.4030751109999642,0],[111.17056926500004,-7.4030683529999806,0],[111.17050356100009,-7.4030458809999686,0],[111.17044885900009,-7.4029482529999768,0],[111.17039847300003,-7.4028549299999327,0],[111.17024733700003,-7.4026223539999592,0],[111.17023149800008,-7.4025844479999705,0],[111.17020846400004,-7.4025399409999295,0],[111.17020267900006,-7.4024566539999341,0],[111.17020591100004,-7.4023684079999725,0],[111.16985769300004,-7.4023037689999569,0],[111.16912860900004,-7.4021756469999787,0],[111.16809113800008,-7.4019905839999751,0],[111.16783133500007,-7.4019510559999731,0],[111.16761369300008,-7.4019179419999546,0],[111.16719877300005,-7.4018548129999431,0],[111.16713210100005,-7.401844667999967,0],[111.16569023000005,-7.4016245969999659,0],[111.16559903600006,-7.4016184369999678,0],[111.16557380800003,-7.4016909489999421,0],[111.16553070500004,-7.4018321729999457,0],[111.16546122100004,-7.4019542609999576,0],[111.16543249000006,-7.4020595799999569,0],[111.16541335000005,-7.4021696819999647,0],[111.16536551400009,-7.4024832309999624,0],[111.16535840600005,-7.4027082099999575,0],[111.16534644800004,-7.4027871949999735,0],[111.16536086500008,-7.4028757449999603,0],[111.16537291500003,-7.4030408809999813,0],[111.16539695800009,-7.4032203749999326,0],[111.16540417100003,-7.4032763759999511,0],[111.16542821700006,-7.4034630509999602,0],[111.16545949600004,-7.403757422999945,0],[111.16546675000006,-7.4039201689999459,0],[111.16547693300004,-7.4039660399999434,0],[111.16549080800007,-7.4041427429999658,0],[111.16549424100003,-7.4041771199999289,0],[111.16551246700004,-7.4043595729999652,0],[111.16553895000004,-7.4046515549999299,0],[111.16555819800004,-7.404831048999938,0],[111.16557983300004,-7.4049842159999457,0],[111.16559668600007,-7.4051684999999452,0],[111.16561353900005,-7.405357568999932,0],[111.16562075900003,-7.4054308029999447,0],[111.16562078000004,-7.4054834569999457,0],[111.16566819900004,-7.4056910109999308,0],[111.16574252400005,-7.4063043949999496,0],[111.16577618300005,-7.4065508989999671,0],[111.16583862100003,-7.4068194109999581,0],[111.16586997800005,-7.4073196129999701,0],[111.16589162700006,-7.4075110729999665,0],[111.16594490500006,-7.4077374449999525,0],[111.16590139100003,-7.4079739469999595,0],[111.16590863000005,-7.4080960049999476,0],[111.16592065400005,-7.4081917359999352,0],[111.16593266800004,-7.4082611389999329,0],[111.16598070500004,-7.4084908839999457,0],[111.16603117900007,-7.4088211499999375,0],[111.16604321500006,-7.4089479939999592,0],[111.16605525200004,-7.4090772309999693,0],[111.16607932100004,-7.409323737999955,0],[111.16610398000006,-7.4095483059999765,0],[111.16614586400004,-7.4098851769999783,0],[111.16622648200007,-7.4106743379999784,0],[111.16635634000005,-7.4117046329999425,0],[111.16637860300006,-7.4119296209999561,0],[111.16639783200009,-7.4120612479999295,0],[111.16643145500007,-7.4122072299999786,0],[111.16646748000005,-7.4123651789999485,0],[111.16646992100004,-7.4124848459999271,0],[111.16647477800007,-7.4126475929999742,0],[111.16648683000005,-7.4128175169999508,0],[111.16653006300004,-7.4130171069999733,0],[111.16655409900005,-7.4131774539999356,0],[111.16658055200008,-7.4133880599999316,0],[111.16659258400006,-7.4135029359999294,0],[111.16663342800007,-7.4137255039999559,0],[111.16671161300007,-7.4144207469999515,0],[111.16677897100004,-7.4150190619999421,0],[111.16687401800004,-7.4159167769999499,0],[111.16701829800007,-7.4170356199999787,0],[111.16709043300006,-7.4175776909999627,0],[111.16715662800004,-7.4182657569999719,0],[111.16721187900004,-7.4185433659999376,0],[111.16731288200003,-7.4193379239999331,0],[111.16741770000004,-7.4201817839999649,0],[111.16749580000004,-7.4206406819999415,0],[111.16751987200007,-7.4208949679999705,0],[111.16757397100008,-7.4212958359999561,0],[111.16760751600009,-7.4215006039999594,0],[111.16765556300004,-7.4217429139999354,0],[111.16773353700006,-7.4218715279999401,0],[111.16779952000007,-7.4219971559999749,0],[111.16786248000005,-7.4220509819999734,0],[111.16792543500009,-7.4220928419999268,0],[111.16801537900005,-7.4221705929999757,0],[111.16808134300004,-7.4222453599999767,0],[111.16818721600004,-7.4222828359999653,0],[111.16827300200003,-7.4223449999999502,0],[111.16830414800006,-7.4223994679999805,0],[111.16846916900005,-7.4228720939999562,0],[111.16864917000004,-7.4233297569999763,0],[111.16881718900004,-7.4237981939999713,0],[111.16903923200005,-7.4244652579999411,0],[111.16916824500004,-7.4248218209999663,0],[111.16926424900004,-7.4250760779999609,0],[111.16930324500004,-7.4251598309999736,0],[111.16930627100004,-7.4252346229999375,0],[111.16941185400009,-7.4255592819999379,0],[111.16945984200004,-7.4256502119999368,0],[111.16949583900004,-7.4257291779999264,0],[111.16950305800009,-7.4257961889999251,0],[111.16956305600007,-7.4259421619999557,0],[111.16964466800005,-7.4261718939999355,0],[111.16972869000006,-7.4264365669999393,0],[111.16980700100004,-7.4266869999999585,0],[111.16984150300004,-7.4267524479999452,0],[111.16988709500004,-7.4268457709999325,0],[111.16998743700009,-7.4271496899999647,0],[111.17005463400005,-7.42730523299997,0],[111.17014824700004,-7.4275708589999567,0],[111.17019385700007,-7.4277096569999799,0],[111.17025463200008,-7.4279167149999807,0],[111.17028267200004,-7.4279661919999285,0],[111.17030514200007,-7.4280432169999813,0],[111.17034748100008,-7.4281504559999689,0],[111.17042189000006,-7.4283562559999723,0],[111.17051310500005,-7.4286170969999716,0],[111.17065711900005,-7.4290071589999798,0],[111.17070751000006,-7.4291100549999669,0],[111.17075550200008,-7.429205771999932,0],[111.17087552300006,-7.4295527619999575,0],[111.17089500000009,-7.4296049989999347,0],[111.17096747600004,-7.4296586329999741,0],[111.17125764900004,-7.429780581999978,0],[111.17147827100007,-7.42985708599997,0],[111.17165092700009,-7.4299072779999733,0],[111.17182119300008,-7.4299742269999456,0],[111.17184419900008,-7.4300715999999625,0],[111.17184448900008,-7.4300728249999679,0],[111.17199845900006,-7.4313938999999323,0],[111.17208593400005,-7.4323101839999595,0],[111.17209895100007,-7.4324906379999334,0],[111.17210761500007,-7.4325724879999484,0],[111.17213358800007,-7.4327720839999643,0],[111.17214657000005,-7.4328582399999732,0],[111.17216245800006,-7.4330176309999274,0],[111.17216773900009,-7.4330383729999312,0],[111.17221330300004,-7.4330527149999739,0],[111.17226146500008,-7.4335864159999687,0],[111.17232400200004,-7.4340825349999591,0],[111.17239614400006,-7.4346190979999278,0],[111.17245932800006,-7.4354369749999591,0],[111.17246301800009,-7.4354847599999516,0],[111.17267757500008,-7.437283683999965,0],[111.17283600400003,-7.4381619229999387,0],[111.17288176000005,-7.4386704039999358,0],[111.17280319400004,-7.4403748169999631,0],[111.17272071100007,-7.4412295499999459,0],[111.17257794300008,-7.4424859049999554,0],[111.17252622900008,-7.4429031039999813,0],[111.17251671100007,-7.4429887639999492,0],[111.17574244800005,-7.4433137099999271,0],[111.17666708600007,-7.4434068489999277,0],[111.18024900700004,-7.4437676419999548,0],[111.17936995000008,-7.4466249299999276,0],[111.17763263100005,-7.4522718349999764,0],[111.17805637400005,-7.4523315989999332,0],[111.17806232300006,-7.452516007999975,0],[111.17802663100008,-7.4526587749999749,0],[111.17794929800004,-7.4528074919999767,0],[111.17795524700006,-7.453033540999968,0],[111.17788386300003,-7.4533071779999318,0],[111.17780058100004,-7.45346779099998,0],[111.17772919800007,-7.4536224569999376,0],[111.17781129000008,-7.4539810409999632,0],[111.17798261100006,-7.4543998269999747,0],[111.17815393100005,-7.4547615049999649,0],[111.17834428900005,-7.4549613789999398,0],[111.17832525300008,-7.4542760949999547,0],[111.17834428900005,-7.4533623819999661,0],[111.17841091400004,-7.453172024999958,0],[111.17844517800006,-7.4528693579999299,0],[111.17850704400007,-7.4526456879999614,0],[111.17860222200005,-7.4525171969999633,0],[111.17874974900008,-7.4523601519999261,0],[111.17888299900005,-7.4523363579999682,0],[111.17902576700004,-7.4523696709999285,0],[111.17911618600004,-7.4524410549999516,0],[111.17918757000007,-7.4526885179999454,0],[111.17927323000004,-7.4530168839999646,0],[111.17932082000004,-7.4531025449999788,0],[111.17952069400008,-7.4531548929999758,0],[111.17976815800006,-7.4531834469999581,0],[111.17987761300009,-7.4530787499999747,0],[111.18023453300009,-7.4529597769999327,0],[111.18032971100007,-7.4529502589999765,0],[111.18037753900006,-7.4530831529999659,0],[111.18028236000004,-7.4533448929999508,0],[111.18035374300007,-7.4538326829999733,0],[111.18045487000006,-7.4541301149999413,0],[111.18050840900008,-7.4543621119999557,0],[111.18043702500006,-7.454576263999968,0],[111.18045487000006,-7.454707133999932,0],[111.18047866500007,-7.4548082619999718,0],[111.18070471400006,-7.4547963629999572,0],[111.18072256000005,-7.4539754489999268,0],[111.18062738200007,-7.4538088869999797,0],[111.18058574100007,-7.4535471469999379,0],[111.18061548500003,-7.4533567899999298,0],[111.18077014900007,-7.4531307409999386,0],[111.18073445700009,-7.4528214109999453,0],[111.18065117600008,-7.4527643039999703,0],[111.18062143300006,-7.4525798969999641,0],[111.18069876500005,-7.4523835909999434,0],[111.18135062800008,-7.4523694469999668,0],[111.18171349700009,-7.4524229839999521,0],[111.18178141000004,-7.4528009219999376,0],[111.18179092800005,-7.4534386169999607,0],[111.18182424100007,-7.4537574659999564,0],[111.18268084600004,-7.4537860189999492,0],[111.18330902400004,-7.4538050549999753,0],[111.18361835400009,-7.4536955999999464,0],[111.18383250500005,-7.4534528939999518,0],[111.18401334500004,-7.4523964139999634,0],[111.18449825900007,-7.4523591349999379,0],[111.18446256700008,-7.4520676509999362,0],[111.18453395100005,-7.4516215019999663,0],[111.18457559200004,-7.4511931999999774,0],[111.18482543500005,-7.4510028429999693,0],[111.18514666300007,-7.4508660239999358,0],[111.18518182600008,-7.4507748189999461,0],[111.18533701900009,-7.4503722849999576,0],[111.18552430300008,-7.4501504509999563,0],[111.18560044400004,-7.4497887719999767,0],[111.18564803400005,-7.4495984149999686,0],[111.18562225700003,-7.4493267599999626,0],[111.18575312700005,-7.4480359029999477,0],[111.18584830600008,-7.4478241309999476,0],[111.18619927600008,-7.4476278249999268,0],[111.18625281400006,-7.4475802359999648,0],[111.18621712200007,-7.4473660849999419,0],[111.18666327100004,-7.4467712199999596,0],[111.18700829300008,-7.4461109189999775,0],[111.18723434200007,-7.4457325839999271,0],[111.18731167400006,-7.4455184329999611,0],[111.18733546900006,-7.4450246939999261,0],[111.18740090400007,-7.4447807999999327,0],[111.18754962000008,-7.4444595729999605,0],[111.18780541200005,-7.4440907569999695,0],[111.18797661400004,-7.4440474509999603,0],[111.18803372200006,-7.4438999239999362,0],[111.18816697100004,-7.4437333619999322,0],[111.18833353400004,-7.4436001109999665,0],[111.18861906900008,-7.4435715579999737,0],[111.18879990800008,-7.4435953519999316,0],[111.18888035400005,-7.443721443999948,0],[111.18894697900004,-7.4439213189999691,0],[111.18900884400006,-7.4440498099999672,0],[111.18909985800008,-7.4441396349999422,0],[111.18913555100005,-7.4442734789999463,0],[111.18913555100005,-7.4444489649999355,0],[111.18915339800009,-7.4445352189999312,0],[111.18919801200008,-7.4446214749999626,0],[111.18921585800007,-7.4446779879999667,0],[111.18921803900008,-7.4448081829999637,0],[111.18922517800007,-7.4448781399999575,0],[111.18924944800006,-7.4449994929999548,0],[111.18928371200008,-7.4451322659999732,0],[111.18934269900006,-7.4452910359999578,0],[111.18943216600007,-7.4455023309999433,0],[111.18947214100007,-7.4456032209999421,0],[111.18952353700007,-7.4456374849999634,0],[111.18961110200007,-7.445641291999948,0],[111.18969485900004,-7.4456260639999527,0],[111.18984143300008,-7.4455860889999599,0],[111.18994803400005,-7.4455898959999445,0],[111.19003940500005,-7.4456336789999682,0],[111.19007176600007,-7.4456831709999278,0],[111.19010926600004,-7.4457805069999381,0],[111.19010165100008,-7.4458775889999629,0],[111.19005787000009,-7.4460013199999366,0],[111.19000266600005,-7.4461193419999745,0],[111.18990994700005,-7.4462436689999549,0],[111.18984570100008,-7.4463174319999439,0],[111.18973386600004,-7.4463507449999611,0],[111.18954350900009,-7.4464054719999808,0],[111.18931508100007,-7.4464054719999808,0],[111.18916279600006,-7.4464221289999273,0],[111.18896054100009,-7.4464126109999711,0],[111.18879873800006,-7.4463840579999783,0],[111.18869166300004,-7.446414989999937,0],[111.18862979700003,-7.4464697179999462,0],[111.18861314000009,-7.4465315839999562,0],[111.18863931400006,-7.446695765999948,0],[111.18867262700007,-7.4468599489999292,0],[111.18865686300006,-7.4470045009999808,0],[111.18858904800004,-7.4471329919999789,0],[111.18857120300004,-7.4472971749999601,0],[111.18863544800007,-7.4474684969999316,0],[111.18871753900004,-7.4476184019999323,0],[111.18886744500008,-7.4477397549999296,0],[111.18899869300009,-7.4478481589999319,0],[111.18904330700008,-7.4479790289999528,0],[111.18909684500005,-7.44807123399994,0],[111.18915335700007,-7.4482050789999334,0],[111.18918607500007,-7.4482943079999586,0],[111.18923961200005,-7.44841030799995,0],[111.18925777600003,-7.4485081029999378,0],[111.18924825800008,-7.4485614019999389,0],[111.18921780100004,-7.4486147029999756,0],[111.18921780200009,-7.448698459999946,0],[111.18922922300004,-7.4488069629999814,0],[111.18926729300006,-7.4489002389999541,0],[111.18930383900005,-7.4490047549999758,0],[111.18931573600008,-7.4491403849999642,0],[111.18928242300007,-7.4492141479999532,0],[111.18916107000007,-7.4494045049999613,0],[111.18914438200005,-7.4494238299999438,0],[111.18902565900004,-7.4495613119999575,0],[111.18897807000008,-7.4496112799999423,0],[111.18890192700007,-7.4496755259999645,0],[111.18882578500006,-7.4497992579999277,0],[111.18876391900005,-7.4499467849999519,0],[111.18871632900004,-7.4501300029999697,0],[111.18872822700007,-7.4502013859999465,0],[111.18877343600008,-7.4502632519999565,0],[111.18890364100008,-7.4503241669999625,0],[111.18901830000004,-7.4503553369999622,0],[111.18909970900006,-7.450377466999953,0],[111.18911303300007,-7.4504574169999387,0],[111.18907876900005,-7.4504878729999291,0],[111.18906354000006,-7.4505335589999504,0],[111.18906163700007,-7.4505906659999255,0],[111.18901561800004,-7.4506806579999534,0],[111.18900086100007,-7.4507878999999662,0],[111.18910687500005,-7.4507217949999358,0],[111.18926213400005,-7.4506622849999644,0],[111.18948485200008,-7.4506299249999302,0],[111.18957416600006,-7.4506065489999287,0],[111.18981480300005,-7.4505435659999648,0],[111.19010985700004,-7.4504426769999554,0],[111.19018208200004,-7.4504249169999639,0],[111.19034209200004,-7.4503855699999804,0],[111.19051912400005,-7.4503246559999639,0],[111.19060121500007,-7.4502805399999374,0],[111.19064999400007,-7.4502579359999572,0],[111.19068314300006,-7.4502620789999696,0],[111.19070710100004,-7.4502650739999581,0],[111.19072970700006,-7.4502615049999577,0],[111.19075588000004,-7.4502876789999277,0],[111.19078324400004,-7.450298385999929,0],[111.19082488500004,-7.4503043349999416,0],[111.19090340700006,-7.4502924379999627,0],[111.19099739600006,-7.4503245599999559,0],[111.19106997000006,-7.4503495449999377,0],[111.19112231700007,-7.4503685799999744,0],[111.19120678800004,-7.4504126009999254,0],[111.19125675700008,-7.4504209289999608,0],[111.19132100300004,-7.4504494819999536,0],[111.19135838400007,-7.4504638889999342,0],[111.19142796900007,-7.4504630509999288,0],[111.19160833200004,-7.4504116539999359,0],[111.19171683600007,-7.4503788179999333,0],[111.19194383600006,-7.4503245659999493,0],[111.19218368600008,-7.4502860179999288,0],[111.19229790000009,-7.450263174999975,0],[111.19238909700005,-7.4502473279999322,0],[111.19247666100006,-7.4502530389999606,0],[111.19260420100005,-7.4502739779999274,0],[111.19272602900008,-7.4502968199999486,0],[111.19284595300007,-7.4503310849999593,0],[111.19299252900004,-7.4504053249999629,0],[111.19308199600005,-7.450470045999964,0],[111.19312200000007,-7.4505239999999731,0],[111.19313910200009,-7.4505538019999449,0],[111.19326093100005,-7.4506261379999614,0],[111.19339151600008,-7.4506965709999804,0],[111.19343149100007,-7.4507165579999537,0],[111.19348003200008,-7.4507222679999359,0],[111.19354427800005,-7.4507451109999465,0],[111.19361137800007,-7.4507865139999581,0],[111.19365849200005,-7.4508036459999403,0],[111.19369846600006,-7.4508364819999429,0],[111.19372702000004,-7.4508693199999811,0],[111.19374558100009,-7.4509150049999562,0],[111.19374796400007,-7.4509659299999385,0],[111.19375468400006,-7.451003463999939,0],[111.19378603400008,-7.4510337439999716,0],[111.19380269100009,-7.4510599179999417,0],[111.19380031100007,-7.4510718149999775,0],[111.19379674200007,-7.4510991779999358,0],[111.19383957300005,-7.4510956099999248,0],[111.19387375700006,-7.4510913259999256,0],[111.19388625000005,-7.4510996559999398,0],[111.19389576700007,-7.4511073879999685,0],[111.19392884300004,-7.451115596999955,0],[111.19393740800007,-7.4511184529999355,0],[111.19395239800008,-7.4511127419999639,0],[111.19396881700004,-7.4511205949999635,0],[111.19397167200009,-7.4511298739999461,0],[111.19396881800009,-7.4511448649999465,0],[111.19396381000007,-7.4511523299999567,0],[111.19398641600009,-7.4511612539999419,0],[111.19399771800005,-7.4511713669999722,0],[111.19401503700004,-7.4511551959999451,0],[111.19403359800003,-7.4511459149999268,0],[111.19406429200006,-7.4511509119999459,0],[111.19408856400008,-7.451153766999937,0],[111.19411354800008,-7.4511866049999753,0],[111.19415459400005,-7.4511484859999655,0],[111.19417743600007,-7.4511356369999362,0],[111.19420955800007,-7.4511292119999553,0],[111.19425524500008,-7.4511313539999264,0],[111.19428522500004,-7.4511413469999752,0],[111.19430878300005,-7.4511442019999663,0],[111.19434518800006,-7.4511392059999366,0],[111.19437231400008,-7.451133494999965,0],[111.19440372300005,-7.451139919999946,0],[111.19443970100008,-7.4511047989999497,0],[111.19447586800004,-7.4510638729999528,0],[111.19448538600005,-7.4510305589999462,0],[111.19451013300005,-7.4509848739999711,0],[111.19451703700008,-7.4509801989999573,0],[111.19453631000005,-7.4509937609999497,0],[111.19456272200006,-7.4510237429999506,0],[111.19460127000008,-7.4510415879999528,0],[111.19462839500005,-7.4510458709999625,0],[111.19467907900008,-7.4510637169999541,0],[111.19474084900008,-7.4510668739999346,0],[111.19481865800009,-7.4510604489999537,0],[111.19491716600004,-7.4510376069999324,0],[111.19499640300006,-7.4510347509999519,0],[111.19507628900004,-7.4510480609999377,0],[111.19512982800006,-7.4510599569999272,0],[111.19519109800007,-7.4510849429999553,0],[111.19524166200006,-7.451099218999957,0],[111.19528806100004,-7.4511265829999616,0],[111.19539751700006,-7.4511759569999754,0],[111.19549881000006,-7.4512250849999759,0],[111.19555020700005,-7.4512498299999379,0],[111.19557457200006,-7.4512751479999793,0],[111.19558849900005,-7.4512899959999572,0],[111.19559516300006,-7.4513337779999347,0],[111.19560468000009,-7.4513785109999731,0],[111.19560943900007,-7.4514241969999375,0],[111.19561705400008,-7.4514641719999304,0],[111.19561610200009,-7.4514794019999613,0],[111.19567826500008,-7.4514793229999441,0],[111.19568183400008,-7.4512746879999554,0],[111.19567707600004,-7.4511128839999401,0],[111.19568676200004,-7.4510681259999387,0],[111.19570175200005,-7.4510105429999385,0],[111.19573030600009,-7.4509641439999541,0],[111.19577908500008,-7.4509177439999803,0],[111.19582072600008,-7.4508154269999523,0],[111.19583262200007,-7.4507440429999292,0],[111.19585403800005,-7.4506774179999411,0],[111.19588497100005,-7.4505605869999272,0],[111.19589924800005,-7.4504594599999336,0],[111.19590519600007,-7.4503785579999544,0],[111.19595516500004,-7.4502738619999604,0],[111.19597539100005,-7.45020842699995,0],[111.19598609900004,-7.450148702999968,0],[111.19607413900007,-7.4499928479999653,0],[111.19616098900008,-7.4498286649999272,0],[111.19620381900006,-7.4497263489999455,0],[111.19623419700008,-7.4496616259999655,0],[111.19627053700009,-7.449673225999959,0],[111.19628552800003,-7.4496354249999399,0],[111.19628909700003,-7.4495973529999446,0],[111.19630337500007,-7.4495485749999375,0],[111.19630816900008,-7.4495230029999675,0],[111.19630872800008,-7.4495200209999552,0],[111.19631348700005,-7.4494682679999755,0],[111.19632181600008,-7.449456965999957,0],[111.19633668700004,-7.4494442349999304,0],[111.19633609200008,-7.449428768999951,0],[111.19635869700005,-7.4493954569999801,0],[111.19637416400008,-7.4493514359999722,0],[111.19639698900005,-7.4493189189999498,0],[111.19641342500006,-7.4492901649999794,0],[111.19641461400005,-7.4492559009999582,0],[111.19640212200005,-7.4491922499999532,0],[111.19642472800007,-7.4491351429999781,0],[111.19644257400006,-7.4491000459999555,0],[111.19645982400004,-7.4490387749999627,0],[111.19649849100006,-7.4489792889999649,0],[111.19653656200006,-7.4489352689999464,0],[111.19658528100007,-7.4489171839999813,0],[111.19660717200009,-7.4489152809999268,0],[111.19663477400007,-7.4489295579999748,0],[111.19668141200009,-7.4489362209999399,0],[111.19673090500004,-7.4489600149999546,0],[111.19676707200006,-7.4489809539999783,0],[111.19681942000005,-7.4490180739999801,0],[111.19686891300006,-7.4490456759999688,0],[111.19692702700007,-7.4490659169999276,0],[111.19697366400004,-7.4490773379999382,0],[111.19703553000005,-7.449104939999927,0],[111.19708216900005,-7.4491315889999328,0],[111.19714022700003,-7.4491915519999452,0],[111.19717829800004,-7.44923818999996,0],[111.19722569800007,-7.4492929479999361,0],[111.19725996200009,-7.4493138889999386,0],[111.19731040600004,-7.4493291169999338,0],[111.19737988600008,-7.4493281649999403,0],[111.19743413800006,-7.4493157919999362,0],[111.19747975900009,-7.4493309009999393,0],[111.19752615800007,-7.4493458919999398,0],[111.19756113700004,-7.4493466059999491,0],[111.19760039800008,-7.449332328999958,0],[111.19762395400005,-7.4493209079999474,0],[111.19764833600004,-7.4493165319999548,0],[111.19766821300004,-7.4493130559999372,0],[111.19768463100007,-7.4493187669999656,0],[111.19769962200007,-7.449332328999958,0],[111.19770176200007,-7.4493423219999499,0],[111.19770485600009,-7.4493577889999756,0],[111.19773483700004,-7.4493813459999387,0],[111.19775054200005,-7.4493792039999676,0],[111.19778266400004,-7.4493713529999468,0],[111.19781121800008,-7.4493792039999676,0],[111.19783548900006,-7.4493784909999476,0],[111.19785547600009,-7.4493849149999392,0],[111.19788474400008,-7.4494077579999498,0],[111.19790116200005,-7.4494306009999605,0],[111.19791472500009,-7.4494377399999507,0],[111.19793042900005,-7.4494598689999521,0],[111.19793301900006,-7.4494698599999651,0],[111.19793542600007,-7.4494791419999729,0],[111.19797825700005,-7.4494977019999737,0],[111.19800681000004,-7.449514833999956,0],[111.19814529500007,-7.4495455289999768,0],[111.19831358200008,-7.4495793769999636,0],[111.19842779600003,-7.4496138789999691,0],[111.19850512800008,-7.4496364839999387,0],[111.19856977100005,-7.4496665439999674,0],[111.19866399700004,-7.4497188919999644,0],[111.19873252500008,-7.4497607699999548,0],[111.19880771700008,-7.4497531569999751,0],[111.19889686700009,-7.4498008249999543,0],[111.19895587800005,-7.449835089999965,0],[111.19903011700006,-7.4498750639999685,0],[111.19915004100005,-7.4499169429999483,0],[111.19930555000008,-7.4499850349999406,0],[111.19941024600007,-7.4500207269999805,0],[111.19946794700007,-7.4500540399999409,0],[111.19960774100008,-7.4501188799999341,0],[111.19975619000007,-7.4501890739999794,0],[111.19992893800008,-7.4502568889999452,0],[111.20000946400006,-7.4503010479999716,0],[111.20014985100005,-7.450381947999972,0],[111.20022004500004,-7.4504378669999483,0],[111.20024384000004,-7.4504664199999411,0],[111.20027627600007,-7.4504996329999358,0],[111.20029816700008,-7.4505205729999489,0],[111.20033052700006,-7.4505396079999286,0],[111.20036859900006,-7.4505576919999612,0],[111.20041999500006,-7.4506347859999664,0],[111.20047710200004,-7.4506871339999634,0],[111.20045426000007,-7.450756614999932,0],[111.20050295000004,-7.4507667679999372,0],[111.20054994600008,-7.4507947259999696,0],[111.20059515500009,-7.4508232789999624,0],[111.20063739000005,-7.4508577819999573,0],[111.20072245600005,-7.4509107249999715,0],[111.20081017900009,-7.4509738399999605,0],[111.20084158800006,-7.4509966829999712,0],[111.20087513800007,-7.4510238079999453,0],[111.20089583900005,-7.4510437959999649,0],[111.20092582100006,-7.4510537899999463,0],[111.20095151800007,-7.451070207999976,0],[111.20097650200006,-7.4510901959999387,0],[111.20100933900005,-7.4511058999999591,0],[111.20105478700009,-7.4511102309999728,0],[111.20107191900007,-7.4511287909999737,0],[111.20109047900007,-7.4511651959999767,0],[111.20109904600008,-7.4512073129999408,0],[111.20110975200004,-7.4512387219999709,0],[111.20115098300005,-7.4512425079999502,0],[111.20117382600006,-7.4512475039999799,0],[111.20120023800007,-7.4512603549999312,0],[111.20124592300004,-7.4512946179999631,0],[111.20132457100004,-7.4512497069999313,0],[111.20138689300006,-7.4512018109999758,0],[111.20150915000005,-7.4511275619999537,0],[111.20160745100009,-7.4511059769999406,0],[111.20166977700006,-7.4510652609999397,0],[111.20169372800007,-7.4510054169999762,0],[111.20168410300005,-7.4509312279999449,0],[111.20165048600006,-7.4508283279999432,0],[111.20159490400005,-7.4506548389999807,0],[111.20152388000008,-7.4505495649999602,0],[111.20149506000007,-7.450450013999955,0],[111.20150651000006,-7.4503198099999395,0],[111.20151798300009,-7.4502413019999381,0],[111.20158507200006,-7.4501283059999537,0],[111.20167337800007,-7.4500077599999486,0],[111.20173809100004,-7.4499455029999808,0],[111.20185556300004,-7.4498975829999381,0],[111.20193465800008,-7.4498233529999425,0],[111.20200653800003,-7.4497036519999256,0],[111.20217429200005,-7.4494953539999642,0],[111.20227254400004,-7.4493660679999607,0],[111.20228449500007,-7.4492846889999669,0],[111.20233242100005,-7.4492176519999589,0],[111.20234683200005,-7.4491574589999345,0],[111.20240442700003,-7.4490456469999344,0],[111.20239506100006,-7.4488395839999271,0],[111.20232044400007,-7.4485977889999617,0],[111.20229055200008,-7.4485009239999727,0],[111.20227177700008,-7.4483424919999379,0],[111.20224247900006,-7.4482443779999699,0],[111.20226931500008,-7.4482022429999688,0],[111.20232924100009,-7.4481605709999599,0],[111.20237238800007,-7.4481294369999773,0],[111.20249705000003,-7.4480767269999433,0],[111.20262069000006,-7.448014761999957,0],[111.20282097900008,-7.4479521329999443,0],[111.20302108600004,-7.4479236309999806,0],[111.20315780400006,-7.4478403999999614,0],[111.20323257100006,-7.4477408019999416,0],[111.20324977200005,-7.4476048509999373,0],[111.20323820600004,-7.4474804019999397,0],[111.20321705800006,-7.4474412139999799,0],[111.20320220700006,-7.4474136929999304,0],[111.20313503000006,-7.4473294769999256,0],[111.20311933600004,-7.4472675119999394,0],[111.20309243300005,-7.4471660449999604,0],[111.20308857000003,-7.4471086069999615,0],[111.20309669700003,-7.4470662999999604,0],[111.20313265900006,-7.4470415729999786,0],[111.20319787200009,-7.4470223959999657,0],[111.20326500300007,-7.4470070479999322,0],[111.20338391600006,-7.4469667849999723,0],[111.20359297300007,-7.4468939309999769,0],[111.20369717100004,-7.4468218969999498,0],[111.20372746300006,-7.4468774709999366,0],[111.20376200300007,-7.4469023459999448,0],[111.20387293300007,-7.4469227869999486,0],[111.20390950100006,-7.4469515199999705,0],[111.20395288300006,-7.4469856049999521,0],[111.20398143700004,-7.4470617479999532,0],[111.20398181000007,-7.4470812169999476,0],[111.20398334000004,-7.4471607329999756,0],[111.20394526900009,-7.4472597189999306,0],[111.20388054700004,-7.4473301509999601,0],[111.20383943000007,-7.4473573719999422,0],[111.20378810900007,-7.4473973499999602,0],[111.20375769300006,-7.4474625029999402,0],[111.20377499400007,-7.4475541199999498,0],[111.20382419700007,-7.4476582079999503,0],[111.20391569000009,-7.4478299969999284,0],[111.20410622700007,-7.4480458099999396,0],[111.20418617700005,-7.4482004749999646,0],[111.20424090500006,-7.4483075509999708,0],[111.20425518100006,-7.4483884519999606,0],[111.20424090500006,-7.4484360419999689,0],[111.20397678400008,-7.4485169429999587,0],[111.20367459300007,-7.4486026039999729,0],[111.20358179400006,-7.4486573319999252,0],[111.20353658400006,-7.4487191969999458,0],[111.20352944600006,-7.4487882009999566,0],[111.20357822500006,-7.4489583329999505,0],[111.20360915800006,-7.4490416139999525,0],[111.20381141200005,-7.4491439319999699,0],[111.20403746100004,-7.4491986579999434,0],[111.20425399200008,-7.4492129359999808,0],[111.20449207400009,-7.4491720569999416,0],[111.20463946400008,-7.4490725479999469,0],[111.20471560700008,-7.4490725469999575,0],[111.20487979000006,-7.4492057969999337,0],[111.20511773600003,-7.4494675379999649,0],[111.20520101700004,-7.4495888909999621,0],[111.20531558900007,-7.4497782949999305,0],[111.20535556300007,-7.4498087519999672,0],[111.20547739200003,-7.4498125589999518,0],[111.20565823000004,-7.4497821019999719,0],[111.20577244500004,-7.4497725839999589,0],[111.20585810600005,-7.4497954269999695,0],[111.20589046600008,-7.44983730499996,0],[111.20590759800007,-7.4499229659999742,0],[111.20589857100003,-7.4499603649999813,0],[111.20586899500006,-7.450082889999976,0],[111.20585429800008,-7.4501437809999516,0],[111.20583557900005,-7.4503350099999466,0],[111.20583177200007,-7.4504244769999559,0],[111.20580702600006,-7.4504701639999666,0],[111.20576324500007,-7.4505272699999523,0],[111.20574040200006,-7.4505577269999321,0],[111.20568829100006,-7.450543419999974,0],[111.20561976300007,-7.4505053469999325,0],[111.20557788400004,-7.4505167689999325,0],[111.20543899400008,-7.4506019969999784,0],[111.20541037000004,-7.4506195619999289,0],[111.20520875000005,-7.4507756939999581,0],[111.20508400200004,-7.45090737299995,0],[111.20508026000005,-7.4509113229999571,0],[111.20495414800007,-7.4510207779999291,0],[111.20491845700008,-7.4510826439999391,0],[111.20489942000006,-7.4511373719999483,0],[111.20486372900007,-7.4512087549999251,0],[111.20488514400006,-7.4515228449999427,0],[111.20486253900009,-7.4516596639999761,0],[111.20480781200007,-7.4517072519999488,0],[111.20471263300004,-7.4517381859999432,0],[111.20461507600004,-7.4517286679999302,0],[111.20444613300003,-7.4516525259999753,0],[111.20438426700008,-7.4516596639999761,0],[111.20432716000005,-7.4517120119999731,0],[111.20426767400005,-7.4517548419999571,0],[111.20422722300009,-7.4518143279999549,0],[111.20420818600007,-7.4519380609999644,0],[111.20425101700005,-7.4522331139999665,0],[111.20430750000008,-7.4523380209999459,0],[111.20434024700006,-7.452398842999969,0],[111.20451870700003,-7.4525624319999793,0],[111.20467932000008,-7.4526695069999391,0],[111.20471798600005,-7.4527408909999622,0],[111.20469526200009,-7.4529712229999632,0],[111.20467634600004,-7.4532822179999698,0],[111.20465370100004,-7.4535220669999376,0],[111.20466153200005,-7.4535856949999584,0],[111.20466893000008,-7.453645799999947,0],[111.20472413400006,-7.453750495999941,0],[111.20478885500006,-7.4538304459999267,0],[111.20480408300006,-7.4538932629999408,0],[111.20480955400006,-7.4540682999999603,0],[111.20474109700007,-7.4540533199999572,0],[111.20470560300004,-7.4540428069999507,0],[111.20465764200009,-7.4540342129999431,0],[111.20462118700004,-7.4540189109999346,0],[111.20456938300003,-7.4539969159999373,0],[111.20448880200007,-7.4539672749999681,0],[111.20433720400007,-7.4539157619999514,0],[111.20422299000006,-7.4538848289999464,0],[111.20403263200006,-7.453863412999965,0],[111.20371140500004,-7.453761095999937,0],[111.20348535700003,-7.453677814999935,0],[111.20336638300006,-7.4536540209999771,0],[111.20329206500008,-7.4536649259999308,0],[111.20317214000005,-7.453707756999961,0],[111.20306220900005,-7.4537191779999716,0],[111.20283092600005,-7.4537006189999602,0],[111.20260963600003,-7.4536634999999478,0],[111.20253254100004,-7.4536449389999575,0],[111.20249351800004,-7.4536543979999692,0],[111.20247864600009,-7.4538388059999647,0],[111.20249054400006,-7.4539964449999729,0],[111.20249054400006,-7.4541897759999642,0],[111.20250541500008,-7.4543712099999766,0],[111.20250838900006,-7.4546032079999804,0],[111.20239239100005,-7.4546811349999302,0],[111.20233885200008,-7.4547138529999302,0],[111.20231505800007,-7.4549755929999719,0],[111.20230316100009,-7.455026155999974,0],[111.20221393100007,-7.4550261569999634,0],[111.20218121400006,-7.4550648229999297,0],[111.20216812600006,-7.4551781199999709,0],[111.20218478200007,-7.4552709179999397,0],[111.20211339800005,-7.4553208879999602,0],[111.20203963500006,-7.4553994109999735,0],[111.20201346200008,-7.455494587999965,0],[111.20203600000008,-7.45556199899994,0],[111.20210864000006,-7.4556421149999323,0],[111.20221333600006,-7.4556587709999462,0],[111.20230613500007,-7.4556563919999803,0],[111.20233040600004,-7.4557115959999578,0],[111.20233611700007,-7.4557515699999612,0],[111.20238941600007,-7.4557782199999565,0],[111.20249601700004,-7.4558010629999671,0],[111.20253218400006,-7.45582961599996,0],[111.20250172700008,-7.4559076629999481,0],[111.20246365600008,-7.4559761909999338,0],[111.20240464500006,-7.456073273999948,0],[111.20237609100008,-7.4561608369999703,0],[111.20234944100008,-7.4562232739999672,0],[111.20231517700006,-7.4563051279999399,0],[111.20227900900005,-7.4563298739999482,0],[111.20224284100004,-7.4563755609999589,0],[111.20224333700008,-7.4564042659999359,0],[111.20224989500008,-7.4565220159999512,0],[111.20225076800006,-7.456537687999969,0],[111.20225483800004,-7.4566107629999578,0],[111.20228160700009,-7.4566672749999725,0],[111.20228160700009,-7.4567684029999555,0],[111.20226673500008,-7.4568725029999428,0],[111.20237381100009,-7.4569650049999723,0],[111.20241247700005,-7.4570006969999554,0],[111.20240950300007,-7.4571196699999405,0],[111.20261366100004,-7.457187365999971,0],[111.20279810400007,-7.457255995999958,0],[111.20279871200006,-7.4572562229999448,0],[111.20294107400008,-7.4573091939999472,0],[111.20322470700006,-7.4573796259999767,0],[111.20346252600007,-7.4574485429999413,0],[111.20352534300008,-7.4574770969999804,0],[111.20357388400004,-7.4574885179999342,0],[111.20363194300006,-7.4574115419999316,0],[111.20366763500004,-7.4572687749999318,0],[111.20369380900007,-7.4571450429999686,0],[111.20368637300004,-7.457062356999927,0],[111.20365782000005,-7.4568172719999666,0],[111.20369351200009,-7.4566816429999676,0],[111.20373634200007,-7.4565150809999636,0],[111.20376489600005,-7.4563961079999785,0],[111.20386336500007,-7.4563683859999514,0],[111.20389905800005,-7.4563469719999489,0],[111.20390476800009,-7.456316989999948,0],[111.20396330300008,-7.4562513169999534,0],[111.20402897600007,-7.4561999209999499,0],[111.20407827800005,-7.4561327889999802,0],[111.20410683200004,-7.4561118489999672,0],[111.20413348200009,-7.456045223999979,0],[111.20425721500004,-7.4559824059999755,0],[111.20433145300007,-7.4559443349999697,0],[111.20436870800006,-7.455906099999936,0],[111.20440378800004,-7.4558700959999555,0],[111.20451800300009,-7.4558225069999366,0],[111.20467599900007,-7.4557653999999616,0],[111.20471026300004,-7.4557558819999485,0],[111.20476927400006,-7.455752074999964,0],[111.20487698400007,-7.4557335949999697,0],[111.20504830600004,-7.4557450159999803,0],[111.20513015900008,-7.4557507259999625,0],[111.20528244400003,-7.4557678589999341,0],[111.20538143000005,-7.4557868939999707,0],[111.20546709000007,-7.455807833999927,0],[111.20560414800008,-7.4558592299999304,0],[111.20570884300008,-7.4558820729999411,0],[111.20593917600007,-7.4560610079999492,0],[111.20610835600007,-7.4561933059999319,0],[111.20619401600004,-7.4563503509999691,0],[111.20621566900007,-7.4563956079999798,0],[111.20621781000006,-7.4564648499999748,0],[111.20623494200004,-7.4564691329999278,0],[111.20620282000004,-7.4565505109999322,0],[111.20620640600004,-7.4565752549999615,0],[111.20620995800004,-7.4565997659999539,0],[111.20628021200008,-7.4567343239999673,0],[111.20629686700005,-7.4568509179999296,0],[111.20628973000004,-7.4569341989999316,0],[111.20627426300007,-7.4569734609999614,0],[111.20625429100005,-7.4569920879999358,0],[111.20625395900004,-7.456992396999965,0],[111.20620586900009,-7.4570372449999809,0],[111.20618207300004,-7.4570723419999467,0],[111.20617731400006,-7.4570955419999336,0],[111.20617969400007,-7.4571145769999703,0],[111.20620229900004,-7.4571603819999268,0],[111.20622668900006,-7.4571883409999487,0],[111.20628337900007,-7.457244396999954,0],[111.20634691200007,-7.4573000759999672,0],[111.20639188300004,-7.4573379099999784,0],[111.20641954400008,-7.4573764559999631,0],[111.20642240000006,-7.4574307079999471,0],[111.20645030300005,-7.4574235269999463,0],[111.20645089100009,-7.4574233759999515,0],[111.20651948100004,-7.4574057239999547,0],[111.20660585600007,-7.4573628939999708,0],[111.20671792800005,-7.4572929379999664,0],[111.20676047300009,-7.4572633369999721,0],[111.20678426800004,-7.4572576269999331,0],[111.20681948400005,-7.457249059999981,0],[111.20686136200004,-7.4572423979999485,0],[111.20689467500006,-7.4572214579999354,0],[111.20694512000006,-7.4572138439999662,0],[111.20698699700006,-7.4572138449999557,0],[111.20702316600006,-7.4572243129999265,0],[111.20708979100004,-7.4572966499999325,0],[111.20711453700005,-7.4573623229999271,0],[111.20714213900004,-7.4573775509999791,0],[111.20719258300005,-7.4573965869999483,0],[111.20719639000004,-7.4574222849999501,0],[111.20723351000004,-7.4574622599999429,0],[111.20722891000008,-7.4574952549999693,0],[111.20720416400007,-7.4575504589999468,0],[111.20725556000008,-7.4576427819999367,0],[111.20730410100003,-7.457740815999955,0],[111.20741070100007,-7.4578745409999669,0],[111.20744746300005,-7.4579368829999453,0],[111.20747363800007,-7.4579749549999406,0],[111.20747958600003,-7.4580731069999615,0],[111.20752871200006,-7.4581160659999455,0],[111.20759164800006,-7.4581703179999295,0],[111.20761258800007,-7.4582807239999624,0],[111.20772870500008,-7.4583168929999601,0],[111.20781817300008,-7.4584120709999411,0],[111.20787718500009,-7.4585472249999611,0],[111.20789609400003,-7.4586559559999728,0],[111.20790002700005,-7.4586785709999504,0],[111.20796281800006,-7.4587016669999571,0],[111.20806563700006,-7.4587394849999669,0],[111.20817448900004,-7.4587422449999394,0],[111.20825539100008,-7.4587631849999525,0],[111.20829251100008,-7.4587874549999356,0],[111.20833528200006,-7.4589088069999434,0],[111.20836684600005,-7.4589446759999305,0],[111.20842421400005,-7.4590098669999634,0],[111.20843997800006,-7.4590277809999748,0],[111.20872551400004,-7.4590753699999368,0],[111.20909195100006,-7.4590706109999587,0],[111.20921092400005,-7.4589611559999298,0],[111.20921092400005,-7.4588612189999708,0],[111.20920447900005,-7.458820831999958,0],[111.20913953900003,-7.4584138799999664,0],[111.20926822800004,-7.4582117849999463,0],[111.20927893700008,-7.4581713329999388,0],[111.20926941900007,-7.4580826989999309,0],[111.20924225700008,-7.4578925669999308,0],[111.20923075200005,-7.4578120349999608,0],[111.20917335800004,-7.4574377809999532,0],[111.20914509100004,-7.4572534559999326,0],[111.20913063700004,-7.4572042309999347,0],[111.20912064300006,-7.4571399859999588,0],[111.20912207100008,-7.4571114319999765,0],[111.20913492000005,-7.4570843059999561,0],[111.20935906400007,-7.4570614639999349,0],[111.20943473200003,-7.4570628909999641,0],[111.20951055300009,-7.4570810319999623,0],[111.20957003900008,-7.4571275079999282,0],[111.20961890200005,-7.4571656839999605,0],[111.20964745600008,-7.4572013759999436,0],[111.20972493900007,-7.4571939989999692,0],[111.20977823900006,-7.4571768679999764,0],[111.20983534600003,-7.4572035179999716,0],[111.20994004200008,-7.4571882889999301,0],[111.21001812900005,-7.457146641999941,0],[111.21002570200005,-7.4571426029999657,0],[111.21014562700009,-7.4571007249999752,0],[111.21019590200007,-7.4570847279999271,0],[111.21027126300004,-7.4570607499999255,0],[111.21027922700006,-7.4570399579999389,0],[111.21043758700006,-7.4566264979999346,0],[111.21051610900008,-7.4564765919999445,0],[111.21065411800004,-7.4564908689999356,0],[111.21080402400008,-7.4565289389999521,0],[111.21088254700004,-7.4565432169999326,0],[111.21093013600006,-7.4565455959999554,0],[111.21096300700009,-7.456592771999965,0],[111.21097820100005,-7.4565504349999401,0],[111.21097700000007,-7.4564879999999789,0],[111.21105434400005,-7.4564267019999306,0],[111.21114761800004,-7.4563867269999378,0],[111.21118188300005,-7.4563162959999545,0],[111.21121873100009,-7.4561939059999531,0],[111.21123518200005,-7.456139263999944,0],[111.21124470100006,-7.4560364709999476,0],[111.21128277200006,-7.4556678929999407,0],[111.21120187000008,-7.4554132909999566,0],[111.21121614700007,-7.4550801649999698,0],[111.21121495700004,-7.4548457879999432,0],[111.21123637200009,-7.4545495459999529,0],[111.21127563300007,-7.4541997649999416,0],[111.21129264600006,-7.4541119629999457,0],[111.21175331000006,-7.4542014309999445,0],[111.21200158800008,-7.4542415109999638,0],[111.21200218000007,-7.4542416069999717,0],[111.21217780600006,-7.4542699589999302,0],[111.21236025000007,-7.45430500599997,0],[111.21245725000006,-7.4543236399999273,0],[111.21261334200005,-7.4544131069999366,0],[111.21265260400008,-7.454484966999928,0],[111.21269067500003,-7.4544147729999395,0],[111.21271327900007,-7.4543993059999707,0],[111.21283344300008,-7.4543957369999703,0],[111.21286399900004,-7.454388000999927,0],[111.21294646700005,-7.4543564759999299,0],[111.21306187100004,-7.454349337999929,0],[111.21313801400004,-7.4543588559999421,0],[111.21321929800007,-7.4543828889999304,0],[111.21327878400007,-7.4543971649999321,0],[111.21338348000006,-7.4544066829999451,0],[111.21342274100004,-7.4544126319999577,0],[111.21343582800006,-7.454429288999961,0],[111.21345367400005,-7.4544887749999589,0],[111.21352386900008,-7.4544971029999374,0],[111.21358573400005,-7.454496507999977,0],[111.21361547700008,-7.4544923439999593,0],[111.21358240200004,-7.4544347599999696,0],[111.21353957300005,-7.4543719429999555,0],[111.21350102600007,-7.4543205459999626,0],[111.21346533300004,-7.454249162999929,0],[111.21343963500004,-7.4542263209999646,0],[111.21341964700008,-7.4542120429999272,0],[111.21339395000007,-7.4542006219999735,0],[111.21333826900008,-7.4541977669999255,0],[111.21329258400004,-7.4541920559999539,0],[111.21326403000006,-7.4541706399999725,0],[111.21324975400006,-7.4541592189999619,0],[111.21323702400008,-7.454135851999979,0],[111.21323265800004,-7.4541168589999529,0],[111.21322512700004,-7.4540840989999424,0],[111.21322929100006,-7.4540020079999749,0],[111.21325368100008,-7.4539008809999814,0],[111.21325659500008,-7.4538393709999582,0],[111.21323089700007,-7.4536918449999803,0],[111.21322994600007,-7.4536128469999312,0],[111.21321662000008,-7.4535818189999645,0],[111.21317950100007,-7.4535494579999408,0],[111.21313952600008,-7.4534885439999812,0],[111.21308527400004,-7.4533457769999814,0],[111.21307357500007,-7.4533172729999251,0],[111.21307100000007,-7.4533109999999283,0],[111.21307099700005,-7.453293998999925,0],[111.21309764700004,-7.4532483129999605,0],[111.21312715200008,-7.4532264219999433,0],[111.21313762200003,-7.4531188709999583,0],[111.21313667000004,-7.4530741369999305,0],[111.21311953800006,-7.4529504049999673,0],[111.21311192300004,-7.4528675999999336,0],[111.21309288800006,-7.4528066849999277,0],[111.21304054000007,-7.4527410119999331,0],[111.21301484200006,-7.45270198999998,0],[111.21301484200006,-7.4526810509999564,0],[111.21305005800008,-7.4526410749999741,0],[111.21307099800003,-7.4525582699999404,0],[111.21308241900005,-7.4525093479999782,0],[111.21311668300007,-7.4524627109999528,0],[111.21313096000006,-7.4524474829999576,0],[111.21311192400009,-7.4523945629999275,0],[111.21308908100008,-7.4523450699999785,0],[111.21306623800007,-7.4522974809999596,0],[111.21305672100004,-7.4522641679999424,0],[111.21305386500006,-7.4521708939999485,0],[111.21307099800003,-7.4521280629999751,0],[111.21311763500006,-7.4520804739999562,0],[111.21313762200003,-7.4520433549999439,0],[111.21317188600005,-7.4520243199999641,0],[111.21321757100009,-7.4520148009999616,0],[111.21321662000008,-7.4519672119999427,0],[111.21320622900004,-7.4519248979999588,0],[111.21319000000005,-7.4519009999999639,0],[111.21317410700004,-7.4518796869999733,0],[111.21317172800008,-7.4518404259999329,0],[111.21317337900007,-7.4518371509999497,0],[111.21317900000008,-7.4518259999999259,0],[111.21318005600006,-7.4517999749999717,0],[111.21315745100009,-7.4517702319999444,0],[111.21312651800008,-7.4517416789999515,0],[111.21307789800005,-7.4517119359999811,0],[111.21306719000006,-7.4516821919999643,0],[111.21306124200004,-7.45160010099994,0],[111.21306000000004,-7.4515749999999343,0],[111.21305172300004,-7.4515525119999779,0],[111.21302317000004,-7.4515501319999657,0],[111.21300056500007,-7.4515299079999409,0],[111.21300532300006,-7.45150849099997,0],[111.21301999900004,-7.4514889999999809,0],[111.21301841200005,-7.451433538999936,0],[111.21301246200005,-7.4513585859999694,0],[111.21298152900005,-7.4513324119999425,0],[111.21296725300004,-7.4513074279999501,0],[111.21296747100007,-7.4512991359999319,0],[111.21296844200003,-7.4512622179999539,0],[111.21298390900006,-7.4512265259999708,0],[111.21300770400006,-7.4512051109999788,0],[111.21302554900006,-7.4511741779999738,0],[111.21305469400005,-7.4510377789999325,0],[111.21305529300008,-7.4510349789999282,0],[111.21305648200007,-7.4509992869999451,0],[111.21305767300004,-7.4508767449999596,0],[111.21306957000007,-7.4508236829999532,0],[111.21307551900009,-7.4507879909999701,0],[111.21306838000004,-7.4507582469999534,0],[111.21304101600003,-7.4507368319999614,0],[111.21303149800008,-7.4507094679999568,0],[111.21303506700008,-7.4506785349999518,0],[111.21306838000004,-7.4506345159999796,0],[111.21307213900008,-7.4506334019999372,0],[111.21310050300008,-7.4506249979999666,0],[111.21312430800003,-7.4506214999999543,0],[111.21315879900004,-7.4505833569999709,0],[111.21317902500004,-7.4505678899999452,0],[111.21322066500005,-7.4505488549999654,0],[111.21324445900007,-7.4505131639999718,0],[111.21325040900007,-7.4504727119999643,0],[111.21323752900008,-7.4504697969999256,0],[111.21317899500008,-7.4504697979999719,0],[111.21315258300007,-7.4504533789999527,0],[111.21307263400007,-7.4503934169999297,0],[111.21304764900009,-7.450352013999975,0],[111.21301195700005,-7.450302044999944,0],[111.21298197600004,-7.4502844849999406,0],[111.21292058500006,-7.4502495069999668,0],[111.21290345400007,-7.4502323739999383,0],[111.21288989000004,-7.450212386999965,0],[111.21285776800005,-7.4501824069999429,0],[111.21284206300004,-7.4501602769999522,0],[111.21281707900005,-7.4500796129999571,0],[111.21274640900003,-7.4498596079999402,0],[111.21272071100009,-7.4497789439999451,0],[111.21270786200006,-7.4497107019999476,0],[111.21270215200008,-7.4496007709999503,0],[111.21270072300007,-7.449569361999977,0],[111.21266931400004,-7.4495186789999366,0],[111.21264425900006,-7.449505305999935,0],[111.21262617500008,-7.4495072099999788,0],[111.21257953800006,-7.4495348119999676,0],[111.21254812800004,-7.4495329079999806,0],[111.21241202300007,-7.4495157759999415,0],[111.21229019500004,-7.4495110179999529,0],[111.21226925600007,-7.4495087169999579,0],[111.21222928100008,-7.4494794499999557,0],[111.21222785400005,-7.4494330509999713,0],[111.21222609200004,-7.4494220099999779,0],[111.21221038800007,-7.4494167749999747,0],[111.21210712000004,-7.4494139189999373,0],[111.21205953000003,-7.4493915519999518,0],[111.21200813400009,-7.4493201689999751,0],[111.21199100200005,-7.4492820979999692,0],[111.21198338700009,-7.4492398379999258,0],[111.21193770200006,-7.4491056359999561,0],[111.21189772600007,-7.4489809519999426,0],[111.21188249900007,-7.4489442139999369,0],[111.21186251000006,-7.4488528419999511,0],[111.21184347500008,-7.4488033499999347,0],[111.21183871600005,-7.4487110259999554,0],[111.21183776400005,-7.4485844389999443,0],[111.21182539100005,-7.448552268999947,0],[111.21182729500003,-7.4484637529999418,0],[111.21180730700007,-7.4483628639999324,0],[111.21179207900008,-7.4483048049999638,0],[111.21176923600007,-7.4482463649999318,0],[111.21176638000009,-7.4481844989999786,0],[111.21176542800004,-7.4480017569999291,0],[111.21176542900008,-7.4477464879999502,0],[111.21176495300006,-7.4476952099999494,0],[111.21177351800009,-7.4476695129999371,0],[111.21179636200009,-7.4476623749999362,0],[111.21184431100005,-7.4476554299999407,0],[111.21184633100006,-7.4474739209999257,0],[111.21184204700006,-7.4473539969999365,0],[111.21182491500008,-7.4472711909999703,0],[111.21181777700008,-7.4471726809999268,0],[111.21181063800009,-7.447029913999927,0],[111.21181349400007,-7.4469314039999404,0],[111.21179493400007,-7.4468591629999423,0],[111.21179350600005,-7.4467292449999718,0],[111.21179493400007,-7.4465522129999613,0],[111.21177351900008,-7.4462563989999353,0],[111.21177833700006,-7.4460953689999769,0],[111.21177768600006,-7.4460146309999686,0],[111.21177710400008,-7.4459424939999508,0],[111.21177643300007,-7.4458593249999581,0],[111.21174026600005,-7.4455890189999536,0],[111.21171932600004,-7.4454378759999713,0],[111.21170292300008,-7.4452623599999583,0],[111.21170029000007,-7.4452341939999656,0],[111.21170219500004,-7.4451085579999585,0],[111.21167364100006,-7.4447887589999482,0],[111.21165841300007,-7.4446193409999637,0],[111.21165526500005,-7.4445183409999345,0],[111.21167055700005,-7.4439460609999628,0],[111.21167350200005,-7.4438358529999391,0],[111.21168030300004,-7.4435655259999294,0],[111.21170885600009,-7.4434227579999401,0],[111.21170678700008,-7.4432799149999482,0],[111.21170647800005,-7.4432585749999589,0],[111.21172075400005,-7.4430877299999452,0],[111.21173788700008,-7.4429411549999713,0],[111.21178547500006,-7.4427926769999431,0],[111.21180742100006,-7.4427471139999284,0],[111.21182545100004,-7.4427096819999292,0],[111.21183116100008,-7.4426754169999754,0],[111.21180260800008,-7.4426278279999565,0],[111.21195299000004,-7.4422585349999508,0],[111.21213144900008,-7.4419016159999387,0],[111.21229087300009,-7.4415399379999485,0],[111.21243359900006,-7.44127161199998,0],[111.21245743500003,-7.4412268009999707,0],[111.21253595800005,-7.4410293059999617,0],[111.21258718600006,-7.4409295419999353,0],[111.21274327800006,-7.440961902999959,0],[111.21283274600006,-7.4409523839999565,0],[111.21297932000004,-7.4409923589999494,0],[111.21313160600005,-7.4409466739999743,0],[111.21316317400004,-7.4408978159999606,0],[111.21317269100007,-7.4408288109999603,0],[111.21314651800009,-7.4407550479999713,0],[111.21308941000007,-7.4406408339999643,0],[111.21311796300006,-7.4403981289999592,0],[111.21316079400009,-7.4401173519999588,0],[111.21319410700005,-7.4399841019999258,0],[111.21327943400007,-7.4398782219999475,0],[111.21336780700005,-7.4397685629999728,0],[111.21346298600008,-7.439604974999952,0],[111.21349867800006,-7.4395544109999605,0],[111.21351652400006,-7.4395097969999711,0],[111.21360218400008,-7.4393319319999591,0],[111.21369629200007,-7.4390315249999617,0],[111.21374626100004,-7.4389387259999467,0],[111.21375193500006,-7.4389275659999612,0],[111.21381812000004,-7.4387973859999761,0],[111.21384857800007,-7.4387364719999596,0],[111.21386392500006,-7.4386924519999411,0],[111.21396080900007,-7.4385506749999308,0],[111.21413722400007,-7.4384984709999458,0],[111.21413799300007,-7.438498243999959,0],[111.21419399600006,-7.4384816709999768,0],[111.21437959400004,-7.4383436619999657,0],[111.21445315800008,-7.4382560189999367,0],[111.21453406100005,-7.4381441839999525,0],[111.21457451100008,-7.4380704209999635,0],[111.21461485200007,-7.4379727539999294,0],[111.21461972100008,-7.4379609659999346,0],[111.21461734100006,-7.4378872029999457,0],[111.21458640800006,-7.4378300959999706,0],[111.21444602000008,-7.4375478919999409,0],[111.21432704700004,-7.4372718729999292,0],[111.21429849400005,-7.4371909719999394,0],[111.21426260000004,-7.4371189989999493,0],[111.21439117300008,-7.4370052399999622,0],[111.21439159000005,-7.4370053999999755,0],[111.21454595700004,-7.4370648609999535,0],[111.21463399800007,-7.4371053129999609,0],[111.21470252600005,-7.4371410039999546,0],[111.21475820600006,-7.4371667019999563,0],[111.21483672900007,-7.4371952559999386,0],[111.21496521900008,-7.437240939999981,0],[111.21507229500008,-7.4372823439999252,0],[111.21518293900004,-7.4373170839999716,0],[111.21532332800007,-7.4373908469999606,0],[111.21548751000006,-7.4374931639999318,0],[111.21565407300005,-7.4375716859999557,0],[111.21577766900003,-7.4376288879999493,0],[111.21594198800005,-7.4377049359999319,0],[111.21615839900005,-7.4378196249999746,0],[111.21633091000007,-7.4379237279999302,0],[111.21644691000006,-7.438004034999949,0],[111.21681870000003,-7.4382271089999676,0],[111.21732433600005,-7.4385572579999462,0],[111.21801426000007,-7.4388910179999357,0],[111.21840925100008,-7.4391194459999497,0],[111.21847824900004,-7.4391558829999553,0],[111.21859153400004,-7.4392157069999598,0],[111.21877903600006,-7.439314723999928,0],[111.21900802200008,-7.4394356479999715,0],[111.21912943400008,-7.439499762999958,0],[111.21916505400009,-7.4394934329999387,0],[111.21927896300008,-7.4394731909999336,0],[111.21938913200006,-7.4395100959999354,0],[111.21960770000004,-7.4395833119999679,0],[111.21971779100005,-7.439620457999979,0],[111.21982889700007,-7.4396868689999565,0],[111.21990138300004,-7.4397257629999558,0],[111.21990694300007,-7.4397287469999469,0],[111.21997467200003,-7.4397608289999653,0],[111.22001544600005,-7.439780141999961,0],[111.22000944100006,-7.4397954969999773,0],[111.22000244100008,-7.4398133919999623,0],[111.21999332900003,-7.4398366869999677,0],[111.21999221700008,-7.4399282989999733,0],[111.21999137700004,-7.439997544999926,0],[111.22000111100004,-7.4400549569999725,0],[111.22002226300003,-7.4401583399999254,0],[111.22005134300008,-7.440294430999927,0],[111.22006071800007,-7.4403383009999402,0],[111.22009335800004,-7.4403995549999422,0],[111.22010497100007,-7.440608248999979,0],[111.22012426200007,-7.4408265129999336,0],[111.22011853400005,-7.4408801269999572,0],[111.22005569300006,-7.4410340509999742,0],[111.21998383800008,-7.441192047999948,0],[111.21996469500004,-7.4412710389999575,0],[111.21994823200004,-7.4412993359999291,0],[111.21990480100004,-7.4413739819999591,0],[111.21984136200007,-7.4414832749999391,0],[111.21979499600008,-7.4415631519999579,0],[111.21969563300007,-7.4418537529999753,0],[111.21966953800006,-7.4420718929999339,0],[111.21966026900009,-7.4422829739999656,0],[111.21968049400004,-7.4424515519999659,0],[111.21976263300007,-7.4427200449999305,0],[111.21976523300009,-7.4427291449999302,0],[111.21981883900008,-7.4429167509999274,0],[111.22003321400007,-7.4433858429999304,0],[111.22008837900006,-7.443460186999971,0],[111.22020400100007,-7.4436159999999632,0],[111.22026954100005,-7.4436753879999742,0],[111.22039570800007,-7.4437631609999357,0],[111.22046097200007,-7.4438473739999722,0],[111.22050323800005,-7.4439775509999322,0],[111.22051572600009,-7.4440189499999292,0],[111.22052580700006,-7.4440376139999671,0],[111.22055386500006,-7.4440440619999322,0],[111.22056034200006,-7.4440505209999515,0],[111.22056901600007,-7.4441144729999564,0],[111.22061700000006,-7.4441799999999603,0],[111.22064568800005,-7.4442591549999406,0],[111.22066249500006,-7.4443022279999695,0],[111.22067050800007,-7.4443446659999495,0],[111.22067051700009,-7.4443626149999318,0],[111.22066932700005,-7.4443805669999392,0],[111.22067540800003,-7.4445528849999505,0],[111.22065150300006,-7.4447008049999681,0],[111.22059881200005,-7.4448216969999521,0],[111.22053532200005,-7.4449246429999789,0],[111.22051257400005,-7.4449880779999376,0],[111.22036423300005,-7.4454053599999384,0],[111.22034444000008,-7.4454960759999267,0],[111.22034444800005,-7.4455267539999568,0],[111.22034064100006,-7.4457951569999636,0],[111.22032908000006,-7.4459517209999717,0],[111.22029288300007,-7.4464419099999759,0],[111.22029708900004,-7.4466381699999715,0],[111.22029781000003,-7.4466718139999557,0],[111.22030098200008,-7.4467082869999786,0],[111.22031208700008,-7.4468359959999475,0],[111.22030209300004,-7.4469359339999528,0],[111.22026812500008,-7.4471023849999369,0],[111.22021800000005,-7.4473479999999768,0],[111.22021800000005,-7.4474749349999456,0],[111.22021800000005,-7.4476199999999722,0],[111.22022712700004,-7.4476475229999437,0],[111.22028200100004,-7.4478129999999396,0],[111.22050750000005,-7.4481178859999773,0],[111.22054054000006,-7.4481807419999768,0],[111.22060505800005,-7.448303482999961,0],[111.22062528300006,-7.4483475039999689,0],[111.22063599200004,-7.4485426189999657,0],[111.22060914200006,-7.4486165689999666,0],[111.22056868100009,-7.4486905309999543,0],[111.22052062700004,-7.4487783719999356,0],[111.22046447200006,-7.4489146679999294,0],[111.22033132100006,-7.449225662999936,0],[111.22025874700006,-7.4493791389999728,0],[111.22022519700005,-7.4494413609999697,0],[111.22020092700006,-7.4495127459999253,0],[111.22019858600004,-7.4495668809999529,0],[111.22019306400006,-7.449694544999943,0],[111.22021200100005,-7.4498899999999253,0],[111.22023286900009,-7.4499969479999777,0],[111.22030600400007,-7.4502372909999508,0],[111.22043449500006,-7.4504928449999284,0],[111.22052866700005,-7.4506481919999601,0],[111.22069147600007,-7.4508511919999592,0],[111.22098200900007,-7.4510819999999285,0],[111.22103626100005,-7.4511705149999443,0],[111.22110907100006,-7.4513375539999629,0],[111.22111359200005,-7.45135582599994,0],[111.22113504100008,-7.4514425239999582,0],[111.22113746900004,-7.4514523369999779,0],[111.22119117600005,-7.4516694269999562,0],[111.22126100100007,-7.4520469999999364,0],[111.22132040900004,-7.4525590439999405,0],[111.22134325200005,-7.4528122189999522,0],[111.22132332400008,-7.4532338629999799,0],[111.22131095000009,-7.4535336749999601,0],[111.22131097400006,-7.4535420179999505,0],[111.22131294000008,-7.4542098789999613,0],[111.22131201200006,-7.4542527319999294,0],[111.22130970000006,-7.4543592989999752,0],[111.22130843100007,-7.4544178139999531,0],[111.22130147600006,-7.4547384969999371,0],[111.22129834400005,-7.4548828849999609,0],[111.22129751700004,-7.4549210609999363,0],[111.22137186400005,-7.4551253439999527,0],[111.22148179500005,-7.4553988879999338,0],[111.22162028000008,-7.4556701459999317,0],[111.22166114500004,-7.4557475559999489,0],[111.22171248400008,-7.4558448049999697,0],[111.22175665900005,-7.4559284839999691,0],[111.22206313300006,-7.4564184629999772,0],[111.22245776700004,-7.4569014449999713,0],[111.22266900100004,-7.45718699899993,0],[111.22271882800004,-7.4572437659999764,0],[111.22274800100007,-7.4572769999999764,0],[111.22279044000004,-7.4573840679999535,0],[111.22280277600004,-7.4574478019999333,0],[111.22281185500009,-7.45749471299996,0],[111.22276400100009,-7.4576379999999745,0],[111.22267400000004,-7.4577449999999317,0],[111.22254000000004,-7.4577879999999368,0],[111.22180000000009,-7.4579569999999649,0],[111.22165900000005,-7.4580769999999461,0],[111.22158100000007,-7.458238999999935,0],[111.22141500000004,-7.4587759999999435,0],[111.22140100100006,-7.4591259999999693,0],[111.22144400000008,-7.4596979999999462,0],[111.22144400000008,-7.4597009999999386,0],[111.22155300100007,-7.4598599999999351,0],[111.22173812900007,-7.4600463119999745,0],[111.22190523500007,-7.4601647509999793,0],[111.22205085800005,-7.4602375629999642,0],[111.22224502200004,-7.4603246499999614,0],[111.22235259800004,-7.4604114889999664,0],[111.22239828400006,-7.4604800179999415,0],[111.22246609800004,-7.4606003819999387,0],[111.22249655600007,-7.4607355359999588,0],[111.22250607300003,-7.4609582529999443,0],[111.22247543800006,-7.4610222669999757,0],[111.22240514200007,-7.4611177249999514,0],[111.22235029700005,-7.4611689609999416,0],[111.22231472200008,-7.4612021949999416,0],[111.22228113400007,-7.4612308419999636,0],[111.22215975600005,-7.4613343579999309,0],[111.22212500000006,-7.4613639989999569,0],[111.22204900000008,-7.4613819999999578,0],[111.22175800000008,-7.4615779999999745,0],[111.22142707100005,-7.4618278479999276,0],[111.22126788500009,-7.4620395489999396,0],[111.22119079000004,-7.4621423409999466,0],[111.22114653200003,-7.4622694049999723,0],[111.22113600000006,-7.4623949989999687,0],[111.22114663000008,-7.4626741199999742,0],[111.22114696100004,-7.462682799999925,0],[111.22119835700005,-7.4628293749999557,0],[111.22127450000005,-7.4629702389999579,0],[111.22135254600005,-7.4631644029999507,0],[111.22136206400006,-7.4632215099999257,0],[111.22136016100006,-7.4632767139999601,0],[111.22142297800008,-7.4635881379999773,0],[111.22144201400005,-7.4638565419999736,0],[111.22145724200004,-7.4639878879999628,0],[111.22144582100009,-7.4641211369999496,0],[111.22132300000004,-7.4643319999999562,0],[111.22103623600009,-7.4646550479999405,0],[111.22070596700007,-7.464927257999932,0],[111.22057493800008,-7.4649995939999485,0],[111.22049383800004,-7.4650565029999711,0],[111.22042721300005,-7.4651070659999732,0],[111.22035672700008,-7.4651662909999459,0],[111.22032300000006,-7.4651819999999702,0],[111.22023953300004,-7.4653010399999289,0],[111.22010000000006,-7.4655589999999279,0],[111.22008394400007,-7.465599759999975,0],[111.21989062700004,-7.4660905369999568,0],[111.21986077700006,-7.4661663179999778,0],[111.21980156400008,-7.466395413999976,0],[111.21975473900005,-7.4666094689999341,0],[111.21974826400009,-7.4666390699999283,0],[111.21963785700007,-7.4670197839999446,0],[111.21959218700005,-7.4671061439999562,0],[111.21957180000004,-7.4671844039999655,0],[111.21954792900004,-7.4672760359999302,0],[111.21954650100008,-7.4673688349999452,0],[111.21955288700008,-7.4674079899999697,0],[111.21956300100004,-7.4674699999999348,0],[111.21962000100007,-7.4675569999999425,0],[111.21972300100003,-7.46760299999994,0],[111.21993400100007,-7.4676239999999439,0],[111.22037800000004,-7.4676959999999326,0],[111.22037896400008,-7.467696334999971,0],[111.22078700000009,-7.467837999999972,0],[111.22090400000008,-7.4679379999999469,0],[111.22094398200005,-7.4680135029999519,0],[111.22091780900007,-7.4681170089999682,0],[111.22088687600007,-7.4681669779999424,0],[111.22085713300004,-7.4682205159999739,0],[111.22074529800005,-7.4682918999999401,0],[111.22054304400007,-7.4683585249999282,0],[111.22042006100008,-7.4683988339999701,0],[111.22041053900006,-7.4684019549999334,0],[111.22023888400008,-7.4684582179999666,0],[111.22014593600005,-7.4684942879999312,0],[111.22004971700005,-7.4685545849999357,0],[111.21999099400006,-7.4685956909999618,0],[111.21994264100005,-7.4686295379999592,0],[111.21983316200004,-7.4687383409999484,0],[111.21973017500005,-7.4688406909999685,0],[111.21967049900007,-7.4689470209999627,0],[111.21963658200008,-7.4690074509999249,0],[111.21958066500008,-7.4691145279999773,0],[111.21954140500009,-7.469175201999974,0],[111.21950214300006,-7.4692144649999364,0],[111.21945336500005,-7.4692561049999426,0],[111.21943194900007,-7.4692917969999257,0],[111.21942644200004,-7.4693424699999582,0],[111.21942005200009,-7.4694012519999546,0],[111.21941160000006,-7.4694843099999275,0],[111.21942014800004,-7.4695596889999365,0],[111.21942888800004,-7.4696367589999682,0],[111.21943257000004,-7.469669228999976,0],[111.21947337800009,-7.4696705339999312,0],[111.21953452300005,-7.4696633239999528,0],[111.21958837600005,-7.4696516069999461,0],[111.21960334200008,-7.469624127999964,0],[111.21968557600007,-7.4694731469999738,0],[111.21968637400005,-7.4694707349999589,0],[111.21974411100007,-7.4692961149999633,0],[111.21977200000003,-7.4692300009999713,0],[111.21982786700005,-7.4691642929999489,0],[111.21987450500006,-7.4691233659999625,0],[111.21989076100004,-7.4691228399999545,0],[111.22001536900007,-7.4690719689999696,0],[111.22017051000006,-7.4690110559999425,0],[111.22036086700007,-7.4689368169999284,0],[111.22051750000008,-7.4688596869999628,0],[111.22056399500008,-7.4689048519999801,0],[111.22065724800007,-7.468995437999979,0],[111.22077384300007,-7.4691073879999408,0],[111.22086955400005,-7.4691723199999274,0],[111.22090981200006,-7.4692133329999706,0],[111.22093577100009,-7.4692397799999526,0],[111.22096868400007,-7.4692635419999647,0],[111.22097751100006,-7.4692699149999271,0],[111.22106240700003,-7.4692871039999318,0],[111.22123362900004,-7.4693042509999259,0],[111.22133865600006,-7.4693013259999361,0],[111.22142561600003,-7.4692884229999663,0],[111.22155015000004,-7.4692897319999361,0],[111.22161429400006,-7.4693041239999616,0],[111.22161834200006,-7.4693064979999804,0],[111.22167953800005,-7.4693423849999476,0],[111.22169123400005,-7.4693482139999787,0],[111.22174285900007,-7.469373945999962,0],[111.22187352400005,-7.4694076259999633,0],[111.22193251600004,-7.4694119039999691,0],[111.22203896800005,-7.4693788229999427,0],[111.22210513400006,-7.4693443249999518,0],[111.22231234000009,-7.4693916099999456,0],[111.22248212500006,-7.4694116279999321,0],[111.22268842800008,-7.4694529399999396,0],[111.22294310700005,-7.4694872769999279,0],[111.22316468500009,-7.4695000879999611,0],[111.22341790900003,-7.4695013969999309,0],[111.22384280700004,-7.4695011339999269,0],[111.22412817400004,-7.4695225299999493,0],[111.22453106900008,-7.4696013049999692,0],[111.22491238300006,-7.4696824839999749,0],[111.22524589600005,-7.4697423439999397,0],[111.22530296900004,-7.4697525879999489,0],[111.22534542200009,-7.4697602079999683,0],[111.22559291900006,-7.469816084999934,0],[111.22584042600005,-7.469890631999931,0],[111.22599172500009,-7.4699275509999552,0],[111.22621715700006,-7.4699764989999267,0],[111.22630229100008,-7.4699896189999322,0],[111.22636824000006,-7.4700015519999283,0],[111.22649896200005,-7.4700661059999334,0],[111.22656218700007,-7.4700929639999458,0],[111.22657211500007,-7.4700971809999714,0],[111.22663566600005,-7.4701067219999686,0],[111.22669442000006,-7.4701150689999736,0],[111.22675012900004,-7.4701072799999793,0],[111.22677834700005,-7.4701126319999389,0],[111.22683829500005,-7.4701126009999257,0],[111.22691512300008,-7.4701387869999394,0],[111.22703215900009,-7.4701703189999762,0],[111.22703795000007,-7.4701705779999656,0],[111.22707436400009,-7.4701722119999658,0],[111.22710409900009,-7.4701731539999514,0],[111.22713288000006,-7.4701846269999805,0],[111.22718852800006,-7.4702123609999376,0],[111.22722018300004,-7.4702180899999462,0],[111.22725184000006,-7.4702257309999709,0],[111.22729884700004,-7.4702400669999633,0],[111.22735641100007,-7.4702668439999798,0],[111.22738039700005,-7.470277360999944,0],[111.22742643700008,-7.4702773389999493,0],[111.22751275600007,-7.4702629339999476,0],[111.22754417400006,-7.4702722119999407,0],[111.22757584300007,-7.4703037869999775,0],[111.22762477600008,-7.470332482999936,0],[111.22766651100005,-7.4703525649999278,0],[111.22809077300008,-7.4704819789999419,0],[111.22823220800007,-7.4705141649999405,0],[111.22825249800007,-7.4705181019999713,0],[111.22837048200006,-7.4705285709999316,0],[111.22843283900005,-7.4705476859999749,0],[111.22851451900004,-7.4705600879999565,0],[111.22855776600005,-7.4705684399999654,0],[111.22861092600004,-7.4705787069999587,0],[111.22870230100006,-7.4706037899999274,0],[111.22874691200008,-7.4706209989999479,0],[111.22878576200009,-7.4706260049999287,0],[111.22881670500004,-7.4706446579999692,0],[111.22888578200008,-7.4706740599999648,0],[111.22894445600008,-7.4706910459999563,0],[111.22901836500006,-7.4707185089999371,0],[111.22902936000008,-7.470722594999927,0],[111.22910060400005,-7.4707699449999723,0],[111.22912650300009,-7.4707728039999779,0],[111.22916102600004,-7.4707591429999525,0],[111.22919339400005,-7.4707497919999355,0],[111.22923080200007,-7.4707490559999314,0],[111.22927396900008,-7.470756931999972,0],[111.22928908100005,-7.4707662569999798,0],[111.22933223900009,-7.4707561829999349,0],[111.22934231400006,-7.4707655109999678,0],[111.22937588600007,-7.4707646089999571,0],[111.22942840100006,-7.470765298999936,0],[111.22942839100006,-7.4707466319999298,0],[111.22945357200007,-7.470748771999979,0],[111.22950248500007,-7.4707415669999477,0],[111.22952622500009,-7.470741554999961,0],[111.22954996000004,-7.4707322079999585,0],[111.22957729600006,-7.4707300399999781,0],[111.22957517100008,-7.4707932249999658,0],[111.22958526000008,-7.4708284019999383,0],[111.22959928300008,-7.4708441899999798,0],[111.22959958400008,-7.4708442129999639,0],[111.22962699400006,-7.470846331999951,0],[111.22963109900007,-7.4708448039999666,0],[111.22964400000006,-7.4708399999999529,0],[111.22965360000006,-7.4708254949999287,0],[111.22966006000007,-7.4707974889999491,0],[111.22966500600006,-7.4707535749999465,0],[111.22968589300007,-7.4706730219999713,0],[111.22969559100005,-7.4706495319999249,0],[111.22969563500004,-7.4706494259999658,0],[111.22969880100004,-7.4706417589999319,0],[111.22971080000008,-7.4706126959999324,0],[111.22971545800004,-7.4705878269999744,0],[111.22971653900004,-7.470582057999934,0],[111.22972006900005,-7.4705761049999637,0],[111.22972034400004,-7.470575642999961,0],[111.22973187200006,-7.4705562029999442,0],[111.22973360800006,-7.4705525879999755,0],[111.22973798800007,-7.4705434689999493,0],[111.22973811100007,-7.4705432119999386,0],[111.22973889100007,-7.4705415879999464,0],[111.22975200300004,-7.4705322579999347,0],[111.22977023100009,-7.4705389499999342,0],[111.22977066800007,-7.4705389499999342,0],[111.22978941400004,-7.4705389399999262,0],[111.22981067600006,-7.4705202909999571,0],[111.22985743300006,-7.4705130859999258,0],[111.22989219200008,-7.470493921999946,0],[111.22991974900009,-7.4704544179999743,0],[111.22998686400007,-7.4704029249999735,0],[111.23006716200007,-7.4703406559999621,0],[111.23011151100008,-7.4703131099999496,0],[111.23012349100009,-7.4702975469999728,0],[111.23011254200009,-7.4702804999999444,0],[111.23007054300007,-7.4702135079999721,0],[111.23008012700006,-7.4701979459999279,0],[111.23011367600009,-7.4701536519999649,0],[111.23014960900008,-7.4700854229999436,0],[111.23020353800007,-7.470038724999938,0],[111.23023469200007,-7.470002807999947,0],[111.23023467400009,-7.469968104999964,0],[111.23024904900007,-7.4699429669999518,0],[111.23026822500009,-7.4699285959999315,0],[111.23029100200006,-7.4699214039999333,0],[111.23031978900008,-7.4699429299999451,0],[111.23040373000003,-7.4699692119999668,0],[111.23045288600008,-7.4699667939999586,0],[111.23046632200004,-7.4699611529999288,0],[111.23047230200007,-7.4699312329999543,0],[111.23048662900004,-7.4698163439999803,0],[111.23048945600004,-7.4698058849999711,0],[111.23049859600007,-7.4697720619999473,0],[111.23052615500006,-7.4697397359999513,0],[111.23053933800009,-7.4697301569999581,0],[111.23056930300004,-7.4697121909999282,0],[111.23062924100009,-7.4696918159999655,0],[111.23065080800006,-7.4696642809999503,0],[111.23067954800007,-7.4695960559999435,0],[111.23071429400005,-7.4695493669999564,0],[111.23077374300004,-7.4694881969999756,0],[111.23080827000007,-7.4694810009999628,0],[111.23083207000008,-7.4694928099999629,0],[111.23084425700006,-7.4695168819999367,0],[111.23087452700008,-7.4696216939999545,0],[111.23090906900006,-7.4696460879999336,0],[111.23094791900007,-7.4696518119999382,0],[111.23098100800007,-7.4696460499999375,0],[111.23100065100004,-7.469606788999954,0],[111.23109650700007,-7.4694918589999588,0],[111.23114061800004,-7.46946885899996,0],[111.23120967200003,-7.4694573349999587,0],[111.23129789300003,-7.46941133699994,0],[111.23133049300009,-7.4693902579999758,0],[111.23137265800005,-7.4693155629999524,0],[111.23140142000005,-7.4692906579999772,0],[111.23144745200005,-7.4692734019999421,0],[111.23150000000004,-7.4692819999999642,0],[111.23163823300007,-7.4692544679999742,0],[111.23169335500006,-7.469196998999962,0],[111.23170720300004,-7.4690816319999271,0],[111.23170329700008,-7.4689514349999513,0],[111.23171671600005,-7.4689322819999688,0],[111.23174163700008,-7.4688978049999264,0],[111.23174159500007,-7.4688189209999791,0],[111.23174923900007,-7.4687633899999355,0],[111.23178254100009,-7.4687088049999488,0],[111.23179619800004,-7.4686851029999275,0],[111.23183252400008,-7.4686374559999535,0],[111.23183251500006,-7.4686202239999488,0],[111.23181090600008,-7.4685656679999397,0],[111.23182239800008,-7.4685311979999369,0],[111.23183677500003,-7.4685139569999706,0],[111.23191156400009,-7.4684622229999604,0],[111.23194750700009,-7.4684119429999782,0],[111.23196906900006,-7.4683745949999434,0],[111.23197048800006,-7.4683372579999627,0],[111.23199349200007,-7.468305652999959,0],[111.23203376500004,-7.4682826559999285,0],[111.23206997400007,-7.4682832349999444,0],[111.23210019700008,-7.4683004519999372,0],[111.23213040600007,-7.4682918199999335,0],[111.23222536600008,-7.4682960779999803,0],[111.23228148200008,-7.4683017929999664,0],[111.23234192000007,-7.4683218649999503,0],[111.23238508400004,-7.468324713999948,0],[111.23242536200007,-7.4683103329999767,0],[111.23245987200005,-7.4682729789999485,0],[111.23247281200008,-7.4682543029999806,0],[111.23250302400004,-7.4682514149999406,0],[111.23254619500005,-7.4682657529999688,0],[111.23257066300005,-7.4682829719999404,0],[111.23267137300007,-7.4682757399999673,0],[111.23277496700007,-7.4682843019999723,0],[111.23283116500005,-7.4682797159999268,0],[111.23289591600007,-7.4682928449999508,0],[111.23297386800004,-7.4683275069999695,0],[111.23308778700004,-7.4683597579999628,0],[111.23314051300008,-7.4683058799999458,0],[111.23324483300007,-7.4683261689999654,0],[111.23335962700008,-7.468385671999954,0],[111.23356023500008,-7.468464216999962,0],[111.23382203200003,-7.4685424309999462,0],[111.23415203600007,-7.4686322459999701,0],[111.23440144500006,-7.4686761519999436,0],[111.23471032700007,-7.4687276829999405,0],[111.23483695500005,-7.4687601659999814,0],[111.23518684600003,-7.4688598759999536,0],[111.23531613700004,-7.4688967189999289,0],[111.23560993000007,-7.4689833229999749,0],[111.23612856400007,-7.4691296379999699,0],[111.23664719900006,-7.4692789449999282,0],[111.23746864200007,-7.469553737999945,0],[111.23792792000006,-7.4696875189999332,0],[111.23851429300004,-7.4698272129999737,0],[111.23888483000007,-7.469927532999975,0],[111.23916364500008,-7.4700221359999546,0],[111.23915596100005,-7.4700495779999301,0],[111.23914874200005,-7.4700753569999279,0],[111.23913007900006,-7.4701486029999273,0],[111.23910281300004,-7.4702800129999787,0],[111.23907721300009,-7.4704303759999675,0],[111.23905714000006,-7.4705589099999656,0],[111.23904854100005,-7.4706207589999281,0],[111.23901599800007,-7.4707500179999329,0],[111.23895757300005,-7.4709041799999341,0],[111.23896834400006,-7.4709979259999386,0],[111.23897413300006,-7.4710582349999299,0],[111.23891093000009,-7.471246386999951,0],[111.23886066400007,-7.471415861999958,0],[111.23875074800009,-7.4716270869999448,0],[111.23868373700009,-7.4718688509999538,0],[111.23864066200008,-7.4720316209999282,0],[111.23862873400009,-7.4721465089999697,0],[111.23841535700006,-7.4727748779999388,0],[111.23825382800004,-7.4733888579999643,0],[111.23812101300007,-7.4738915319999251,0],[111.23800940700005,-7.4742580149999753,0],[111.23788726200007,-7.4745381009999505,0],[111.23739828300006,-7.4753652669999724,0],[111.23710481200004,-7.4758859759999723,0],[111.23707608100005,-7.4759687619999795,0],[111.23694431100006,-7.4761890209999251,0],[111.23747907300009,-7.4762126669999702,0],[111.23784597600007,-7.4762364019999268,0],[111.23810857000007,-7.4762625869999511,0],[111.23831001400004,-7.4762888059999568,0],[111.23866490300009,-7.4762670739999635,0],[111.23924041100008,-7.4762547949999316,0],[111.24050415700009,-7.4762732549999669,0],[111.24091421400004,-7.4762802109999598,0],[111.24116360000005,-7.4762728949999655,0],[111.24263836800009,-7.4762928289999309,0],[111.24342519500004,-7.4762744449999445,0],[111.24374891100007,-7.4762563169999794,0],[111.24468115100007,-7.4763006749999477,0],[111.24507683500008,-7.4763333649999595,0],[111.24556242800008,-7.4763390779999668,0],[111.24616493500008,-7.476365666999925,0],[111.24681839100003,-7.4763772689999541,0],[111.24792911600008,-7.4763807149999479,0],[111.24903819800005,-7.4764100069999699,0],[111.24983328100006,-7.476415291999956,0],[111.25065458700004,-7.4764148259999388,0],[111.25143694400003,-7.4764413059999697,0],[111.25148743800008,-7.4764449869999794,0],[111.25168567200006,-7.4758891389999462,0],[111.25178337600005,-7.475656737999941,0],[111.25192850500008,-7.4753278099999534,0],[111.25208287700008,-7.4749135529999648,0],[111.25217481600004,-7.4746621999999547,0],[111.25238744000006,-7.4741152459999398,0],[111.25253252100003,-7.4737050399999703,0],[111.25256723900009,-7.4736138099999607,0],[111.25301007000007,-7.4730697879999752,0],[111.25373384900007,-7.4723702169999342,0],[111.25448233600008,-7.4716879229999336,0],[111.25489938700008,-7.4713550069999428,0],[111.25527921300005,-7.4710110109999732,0],[111.25552616800007,-7.4707390709999686,0],[111.25558281700006,-7.4706766889999585,0],[111.25584953100008,-7.4703357579999761,0],[111.25622809100008,-7.4697946429999433,0],[111.25645810400005,-7.4694690149999587,0],[111.25707955800004,-7.4684931259999416,0],[111.25732635000008,-7.468158811999956,0],[111.25750242600009,-7.4678643279999619,0],[111.25769649800009,-7.4675913749999268,0],[111.25789922000007,-7.4673468959999809,0],[111.25800813000006,-7.4672184089999405,0],[111.25796501700006,-7.4671403629999418,0],[111.25784979200006,-7.4669267529999388,0],[111.25777869600006,-7.466725753999981,0],[111.25769800600006,-7.4665209299999447,0],[111.25767273300005,-7.4663592349999703,0],[111.25766592400004,-7.4661969699999418,0],[111.25766870900009,-7.4660404429999403,0],[111.25767720300007,-7.4658020609999767,0],[111.25768856200006,-7.4655444349999698,0],[111.25770132100007,-7.4652227619999394,0],[111.25771284300004,-7.465039006999973,0],[111.25729864600004,-7.4649052209999809,0],[111.25700653700005,-7.4648307189999628,0],[111.25683242100007,-7.4647834319999333,0],[111.25661802100007,-7.4647376049999252,0],[111.25658920900008,-7.4646758719999298,0],[111.25654890900006,-7.4646486119999622,0],[111.25650718300005,-7.4646457639999539,0],[111.25644819300004,-7.4646429259999536,0],[111.25623923100005,-7.4645668089999617,0],[111.25610684100008,-7.4645238059999315,0],[111.25576626200007,-7.464394762999973,0],[111.25577701500004,-7.464370176999978,0],[111.25580862000004,-7.4642883059999576,0],[111.25585306800008,-7.4642099099999655,0],[111.25589907200003,-7.4641486139999529,0],[111.25596424300005,-7.4640585859999646,0],[111.25605244900004,-7.4639953519999267,0],[111.25614833200007,-7.4639378549999265,0],[111.25618667900005,-7.4639033689999792,0],[111.25624612500008,-7.4638650409999627,0],[111.25630939500007,-7.4638056499999266,0],[111.25638299800005,-7.4637599889999251,0],[111.25648248000005,-7.4637048839999807,0],[111.25657236100005,-7.4636378179999383,0],[111.25661430900004,-7.4636114669999643,0],[111.25664188400009,-7.4636078609999572,0],[111.25666346800006,-7.4636138319999645,0],[111.25671142600004,-7.4636126069999591,0],[111.25675337700005,-7.4635922389999791,0],[111.25680935300005,-7.4635534189999362,0],[111.25685344900006,-7.4635074409999334,0],[111.25692245700009,-7.4634193259999506,0],[111.25699178800005,-7.4633368269999778,0],[111.25705121900006,-7.4632736079999518,0],[111.25711830800009,-7.4631835799999635,0],[111.25716623400007,-7.463129940999977,0],[111.25719692000007,-7.4631184349999558,0],[111.25721225500007,-7.4630973639999638,0],[111.25722566700006,-7.4630705509999302,0],[111.25724868300006,-7.4630628789999491,0],[111.25729662400005,-7.4630341309999721,0],[111.25731770000004,-7.4629900809999299,0],[111.25734453800004,-7.4629575159999604,0],[111.25740974800004,-7.4629364159999341,0],[111.25742890800007,-7.4628961969999636,0],[111.25746917100008,-7.4628578799999445,0],[111.25755239900008,-7.4627563539999642,0],[111.25762429200006,-7.4626821179999752,0],[111.25768659800008,-7.4626150689999804,0],[111.25775849300004,-7.4625432259999798,0],[111.25785916100006,-7.4624689729999432,0],[111.25789749500007,-7.4624115119999601,0],[111.25794344400003,-7.4623083709999491,0],[111.25796978400007,-7.4622461289999364,0],[111.25799134200008,-7.4622078219999253,0],[111.25805607500007,-7.4621886379999296,0],[111.25826464700003,-7.4621119289999456,0],[111.25832134600006,-7.4620471359999669,0],[111.25833571200008,-7.4620083549999663,0],[111.25838313800006,-7.4619207319999532,0],[111.25843201600009,-7.4618517739999675,0],[111.25846797200006,-7.4618316489999756,0],[111.25854421000008,-7.4618071929999701,0],[111.25857440800007,-7.4617798909999351,0],[111.25862400000005,-7.4616739999999595,0],[111.25863900000007,-7.461521371999936,0],[111.25865412600007,-7.4614194069999371,0],[111.25871254900005,-7.4612822169999617,0],[111.25873650000005,-7.4612259769999696,0],[111.25876201800008,-7.4611420509999675,0],[111.25879554100004,-7.4610606579999512,0],[111.25889218100008,-7.4609323979999544,0],[111.25897747600004,-7.4607913949999443,0],[111.25899377300004,-7.4607644539999569,0],[111.25900110000003,-7.4607347859999322,0],[111.25900349000005,-7.4607251079999628,0],[111.25901185500004,-7.4606772359999809,0],[111.25901595100004,-7.4606463289999283,0],[111.25904263100006,-7.4605802089999429,0],[111.25906467200008,-7.4605457319999573,0],[111.25908863600006,-7.4605208259999358,0],[111.25909245000008,-7.4604844449999632,0],[111.25909290800007,-7.4604837819999261,0],[111.25911238400005,-7.4604555219999611,0],[111.25913653700007,-7.4604250649999813,0],[111.25917296900008,-7.4603991949999795,0],[111.25925040000004,-7.4602792909999494,0],[111.25932623200003,-7.4601496859999656,0],[111.25942402400005,-7.4599825519999285,0],[111.25946180400007,-7.4599259169999641,0],[111.25953901900004,-7.4598101639999754,0],[111.25963150000007,-7.4597039859999654,0],[111.25965150900004,-7.4596810119999759,0],[111.25973836700007,-7.4596237999999744,0],[111.25981029400003,-7.45960796199995,0],[111.25987646600004,-7.4595921269999508,0],[111.25991240300004,-7.4595375379999496,0],[111.25992668300006,-7.4594592849999799,0],[111.25995008500007,-7.4593310299999303,0],[111.25996403000005,-7.459254613999974,0],[111.25995528900006,-7.4590708109999468,0],[111.26013187300003,-7.459036565999952,0],[111.26019745300005,-7.4590282299999444,0],[111.26021699100005,-7.4590257459999521,0],[111.26023977900007,-7.4590400919999524,0],[111.26030332600004,-7.4590448419999689,0],[111.26038125900004,-7.4590471889999321,0],[111.26048794600007,-7.4590160119999496,0],[111.26061861100004,-7.4589824289999456,0],[111.26067255500004,-7.4589692339999374,0],[111.26078884400005,-7.4589548059999515,0],[111.26092911500007,-7.4589475419999758,0],[111.26111495900005,-7.4589605959999403,0],[111.26119050100004,-7.4589737149999564,0],[111.26125994900008,-7.4590238139999769,0],[111.26135784200005,-7.4591252339999414,0],[111.26141544600006,-7.4592171039999471,0],[111.26151335900005,-7.459351073999926,0],[111.26156807700005,-7.4594292869999776,0],[111.26163813800008,-7.4595010469999465,0],[111.26171391500009,-7.4595077029999288,0],[111.26189618100005,-7.4595516329999327,0],[111.26208177400008,-7.4596052289999761,0],[111.26219928700004,-7.4596338789999663,0],[111.26235038300007,-7.4596840489999749,0],[111.26242353800006,-7.4597163159999695,0],[111.26252786000003,-7.4597389909999379,0],[111.26258181800006,-7.4597497299999418,0],[111.26266498400008,-7.4597605219999537,0],[111.26266634300003,-7.4596269719999668,0],[111.26268213800006,-7.4595752669999342,0],[111.26275402200008,-7.4594876269999304,0],[111.26289493200005,-7.4593453789999558,0],[111.26295674800008,-7.4592620539999643,0],[111.26297551900007,-7.459193389999939,0],[111.26297555900004,-7.4591273339999589,0],[111.26292876000008,-7.4590591509999626,0],[111.26287832800006,-7.4590029759999652,0],[111.26285437000007,-7.4589658559999634,0],[111.26283152300005,-7.4588533819999725,0],[111.26282428200005,-7.4587732089999577,0],[111.26281224000007,-7.4586853799999631,0],[111.26280743000007,-7.4586614489999761,0],[111.26281820700007,-7.4586399029999484,0],[111.26284217600005,-7.4586219389999542,0],[111.26291289100004,-7.458584799999926,0],[111.26294884900005,-7.4585680249999768,0],[111.26298718400005,-7.4585165449999522,0],[111.26302429300006,-7.4584183959999564,0],[111.26305179100007,-7.4582891399999767,0],[111.26308651300008,-7.4582110949999674,0],[111.26314758600006,-7.4580889989999264,0],[111.26316075300008,-7.4580530909999538,0],[111.26318463000007,-7.4578831489999402,0],[111.26320493000009,-7.4577448019999792,0],[111.26319346000008,-7.4576513919999456,0],[111.26319288200006,-7.4576466819999609,0],[111.26318683400007,-7.4575569359999463,0],[111.26318200600008,-7.457504283999981,0],[111.26316640300007,-7.4574755739999432,0],[111.26311242900005,-7.4574385079999388,0],[111.26308123600006,-7.4574038239999254,0],[111.26304281800009,-7.4573150539999347,0],[111.26301881900008,-7.4572827579999625,0],[111.26299122100005,-7.4572444809999752,0],[111.26297200300007,-7.4571858549999774,0],[111.26294199600005,-7.4571308269999577,0],[111.26292997900003,-7.4570841629999336,0],[111.26291078300005,-7.4570614369999362,0],[111.26289636800004,-7.4570159729999546,0],[111.26286994800006,-7.4569429909999485,0],[111.26283754900004,-7.4568968199999404,0],[111.26284232400008,-7.4568609159999255,0],[111.26286866200007,-7.4567962809999813,0],[111.26288660900008,-7.4567340429999263,0],[111.26290456200007,-7.4566837719999626,0],[111.26293931500004,-7.4566562279999289,0],[111.26296687100006,-7.4566215079999552,0],[111.26300640600004,-7.4565721809999559,0],[111.26301597800006,-7.4565398659999573,0],[111.26301596600007,-7.4565183249999336,0],[111.26297877100006,-7.4564728739999282,0],[111.26291038500005,-7.4563951309999652,0],[111.26287080300006,-7.4563172449999797,0],[111.26286357200007,-7.4563030149999463,0],[111.26283956800006,-7.4562611459999744,0],[111.26282034700006,-7.4561965369999257,0],[111.26281431800004,-7.4561402969999335,0],[111.26281419900005,-7.4561390229999347,0],[111.26280828500006,-7.456075440999939,0],[111.26277468600006,-7.456026397999949,0],[111.26275906900008,-7.4559737529999666,0],[111.26275784300009,-7.4559306739999442,0],[111.26278059600008,-7.4558851859999322,0],[111.26282773600008,-7.455854244999955,0],[111.26288887700008,-7.4558482249999543,0],[111.26297640700005,-7.4558601389999808,0],[111.26303394600006,-7.4558433519999312,0],[111.26317178400006,-7.4557774529999392,0],[111.26324489200005,-7.455734328999938,0],[111.26325103000005,-7.4556887719999736,0],[111.26324092800007,-7.4556370819999529,0],[111.26324089200006,-7.4555767699999365,0],[111.26328543700004,-7.4554848379999612,0],[111.26328971200007,-7.4554144719999726,0],[111.26326372300008,-7.4553422519999799,0],[111.26326233000009,-7.4553383809999332,0],[111.26319611300005,-7.4552781069999696,0],[111.26309040800004,-7.4552455599999803,0],[111.26299062900006,-7.4551996679999775,0],[111.26291770500006,-7.4551508879999346,0],[111.26278819900006,-7.4551136279999355,0],[111.26277093000004,-7.4551052129999675,0],[111.26274694300008,-7.4550927829999409,0],[111.26269513900007,-7.45507558099996,0],[111.26264812600004,-7.4550497609999411,0],[111.26264234900009,-7.4550133859999619,0],[111.26265765200009,-7.454972932999965,0],[111.26273335200005,-7.4548532199999613,0],[111.26274674500007,-7.4547928999999726,0],[111.26275248000007,-7.4547603469999331,0],[111.26271694800005,-7.4546870369999283,0],[111.26262907100005,-7.4545468839999671,0],[111.26258254100009,-7.4544726719999517,0],[111.26254989400007,-7.4544114229999536,0],[111.26254314400006,-7.4543527419999691,0],[111.26254887100004,-7.4543053499999701,0],[111.26261928300005,-7.4541617079999583,0],[111.26266813200004,-7.4540496699999608,0],[111.26277450100008,-7.4538887739999495,0],[111.26290722300007,-7.4536901439999497,0],[111.26297356300006,-7.4535904349999669,0],[111.26302156300005,-7.4535182909999662,0],[111.26306700000004,-7.4534499999999753,0],[111.26311612500007,-7.4533695029999762,0],[111.26312569100008,-7.4533273739999686,0],[111.26305465800004,-7.4532339809999257,0],[111.26296705300007,-7.4531119939999257,0],[111.26293370600007,-7.4530655609999599,0],[111.26287798900006,-7.4529200779999769,0],[111.26289137800006,-7.4528530579999597,0],[111.26301056000005,-7.4524671789999388,0],[111.26304278200007,-7.4523324059999254,0],[111.26308518700006,-7.4521550429999479,0],[111.26311027400004,-7.451944340999944,0],[111.26321100100006,-7.4518529999999714,0],[111.26329734100005,-7.4517781269999546,0],[111.26337422200004,-7.4517114559999413,0],[111.26338732100004,-7.4517016379999745,0],[111.26361389800007,-7.4515318119999279,0],[111.26384455000004,-7.4512953319999724,0],[111.26400330000007,-7.4511187279999263,0],[111.26408117800008,-7.4510319229999595,0],[111.26414904600006,-7.4509804259999441,0],[111.26421377900004,-7.4509660269999358,0],[111.26427420100003,-7.4509635649999382,0],[111.26439298400004,-7.450972156999967,0],[111.26450687200008,-7.4509571319999282,0],[111.26443870900005,-7.4508489929999655,0],[111.26436847900004,-7.450787729999945,0],[111.26434658400007,-7.4507686319999493,0],[111.26429474100007,-7.4506863309999289,0],[111.26428580400005,-7.4506329309999728,0],[111.26419685000008,-7.4505868259999488,0],[111.26415847900006,-7.4505726669999603,0],[111.26411653200006,-7.4505571889999374,0],[111.26409324100007,-7.4505485949999297,0],[111.26393330400003,-7.4502919249999309,0],[111.26401522800006,-7.4501568919999386,0],[111.26404978500005,-7.4500036369999521,0],[111.26409276400005,-7.4496996559999502,0],[111.26418848000009,-7.4493693169999347,0],[111.26453582700009,-7.4488081109999484,0],[111.26459213300006,-7.4487357979999729,0],[111.26467120400008,-7.4486400169999456,0],[111.26482940700004,-7.4485513679999258,0],[111.26495166800004,-7.4485034279999809,0],[111.26520814000008,-7.4483453139999369,0],[111.26548037600008,-7.448153523999963,0],[111.26559721800004,-7.4480666949999659,0],[111.26569907900006,-7.4479888499999447,0],[111.26577985900008,-7.4477464759999634,0],[111.26582796900004,-7.4476485709999452,0],[111.26586368000005,-7.4475758989999576,0],[111.26585922700008,-7.4474537859999259,0],[111.26580738000007,-7.4473638269999469,0],[111.26574848100006,-7.4472495969999386,0],[111.26571374400004,-7.4471643569999628,0],[111.26570413000007,-7.4471260699999675,0],[111.26568842800003,-7.4469322189999616,0],[111.26567757400005,-7.4468257219999714,0],[111.26568112500007,-7.4467515259999573,0],[111.26571105400006,-7.4466789889999632,0],[111.26578652600006,-7.4465796199999659,0],[111.26585873500005,-7.4464944559999253,0],[111.26588171500003,-7.4464817449999714,0],[111.26597966800006,-7.4465184479999493,0],[111.26607849200008,-7.4465748719999283,0],[111.26611110300007,-7.4465758099999562,0],[111.26613891200009,-7.4465662199999656,0],[111.26622228900004,-7.4464551179999603,0],[111.26626063200007,-7.4464187159999256,0],[111.26630225200006,-7.4464167959999372,0],[111.26639409100005,-7.4464487949999807,0],[111.26648186800008,-7.4464774629999511,0],[111.26657689200005,-7.4465951579999796,0],[111.26666615000005,-7.4466927519999331,0],[111.26674300800005,-7.4467226879999657,0],[111.26686771000004,-7.4467489389999741,0],[111.26691642200007,-7.4467548939999801,0],[111.26694564400009,-7.4467584659999488,0],[111.26701397600004,-7.4467476549999674,0],[111.26709600000004,-7.4466989999999669,0],[111.26730858800005,-7.4465899469999499,0],[111.26746248900008,-7.4465266699999688,0],[111.26758098400006,-7.446464376999927,0],[111.26761047800005,-7.4464488719999622,0],[111.26778605100009,-7.4462924049999515,0],[111.26788041500004,-7.4462139889999435,0],[111.26791995500008,-7.4461744749999639,0],[111.26801219400005,-7.4460475729999303,0],[111.26806328500004,-7.4459790309999789,0],[111.26812626800006,-7.4458789839999326,0],[111.26812827500004,-7.4458757959999389,0],[111.26817392300006,-7.445746331999942,0],[111.26823572700005,-7.4456500819999292,0],[111.26836634500006,-7.4455081599999744,0],[111.26850400000006,-7.4453839989999437,0],[111.26856366100009,-7.4453232229999458,0],[111.26858664800005,-7.4452705559999686,0],[111.26867000100009,-7.4450029999999288,0],[111.26872698000005,-7.4448581939999485,0],[111.26875769100008,-7.4448098969999705,0],[111.26883423900006,-7.4446895179999615,0],[111.26897318800007,-7.4444871949999651,0],[111.26908995900004,-7.4442868819999717,0],[111.26920490400005,-7.4440412539999556,0],[111.26925949500009,-7.4439116939999508,0],[111.26926263400009,-7.443896605999953,0],[111.26928101100009,-7.4438082889999464,0],[111.26928674100009,-7.4437680759999694,0],[111.26929176200008,-7.443726905999938,0],[111.26927814200008,-7.4437065419999726,0],[111.26925576200006,-7.4436730769999713,0],[111.26924855800007,-7.4436563279999746,0],[111.26924971100004,-7.4435809369999788,0],[111.26926003500006,-7.4434738039999502,0],[111.26926634400007,-7.4433329769999546,0],[111.26927705900005,-7.4432085159999701,0],[111.26926859300005,-7.443090050999956,0],[111.26919700000008,-7.4427779999999757,0],[111.26912000000004,-7.4422579999999812,0],[111.26909781700004,-7.4421373739999694,0],[111.26908407900004,-7.4420330629999398,0],[111.26908193100007,-7.4420076819999395,0],[111.26907365400007,-7.4419098519999807,0],[111.26906333900007,-7.4418391189999511,0],[111.26905514900005,-7.4417764189999502,0],[111.26887100000005,-7.4409039999999322,0],[111.26882960800003,-7.4407034379999573,0],[111.26877400000006,-7.4404339989999357,0],[111.26878700000009,-7.4401709999999639,0],[111.26882660900009,-7.4400285019999615,0],[111.26885294500005,-7.4399337539999806,0],[111.26893776000009,-7.4397105779999606,0],[111.26890766500009,-7.439636893999932,0],[111.26888733200008,-7.4395871119999697,0],[111.26889822400005,-7.4394770919999473,0],[111.26893576200007,-7.4393092209999736,0],[111.26894900000008,-7.4392629999999258,0],[111.26898484500003,-7.4390686549999714,0],[111.26898259300009,-7.4389483369999425,0],[111.26898100400007,-7.438863337999976,0],[111.26894024400008,-7.4387355569999727,0],[111.26895687500007,-7.4384842469999626,0],[111.26893519600009,-7.4383215119999591,0],[111.26893405400006,-7.4382464859999686,0],[111.26890389800008,-7.4381133099999488,0],[111.26890866900004,-7.4380726199999572,0],[111.26887025400003,-7.4379888759999631,0],[111.26883437800007,-7.4378757699999483,0],[111.26881286900004,-7.4378079589999402,0],[111.26876214000004,-7.4376371199999767,0],[111.26874702900005,-7.4373347799999578,0],[111.26873544100005,-7.4371029409999778,0],[111.26875212200008,-7.436935397999946,0],[111.26884785200008,-7.4366380859999595,0],[111.26890762700003,-7.4363604219999502,0],[111.26894150200008,-7.43629104799993,0],[111.26899933600004,-7.4361726059999569,0],[111.26903817800007,-7.435972139999933,0],[111.26904394300004,-7.4358809029999406,0],[111.26904565500007,-7.4358538229999454,0],[111.26906100100007,-7.4356109999999376,0],[111.26906600800004,-7.4355125379999549,0],[111.26908170600007,-7.4352038009999433,0],[111.26911037900004,-7.4350352209999642,0],[111.26913469600004,-7.4348040099999366,0],[111.26916915800007,-7.4346948519999501,0],[111.26918908500005,-7.4346417469999437,0],[111.26922230100007,-7.4345532299999491,0],[111.26922946400003,-7.4345044009999697,0],[111.26921360300008,-7.4344455339999627,0],[111.26920759000006,-7.4344113669999388,0],[111.26922359600007,-7.4343177249999712,0],[111.26925986300006,-7.4342207119999557,0],[111.26924685000006,-7.4341130189999376,0],[111.26921514300005,-7.4340211329999306,0],[111.26916905100006,-7.4339306919999331,0],[111.26914888600004,-7.4338904959999468,0],[111.26914108900007,-7.4338761189999332,0],[111.26913160300006,-7.433858627999939,0],[111.26911288300005,-7.4338299189999475,0],[111.26910710900006,-7.4337997669999254,0],[111.26910708800006,-7.4337653029999728,0],[111.26906700900008,-7.433702860999972,0],[111.26902462500004,-7.4334022809999283,0],[111.26902072600006,-7.4332988919999252,0],[111.26903409900007,-7.4332088939999608,0],[111.26908198800004,-7.4331016429999295,0],[111.26909152300004,-7.4330104989999768,0],[111.26905883800003,-7.4328860639999448,0],[111.26903577600007,-7.432811405999928,0],[111.26904337200006,-7.4326869469999792,0],[111.26907394800008,-7.432497375999958,0],[111.26907766200009,-7.4324734129999683,0],[111.26908875500004,-7.4324018249999426,0],[111.26909670200007,-7.4323480929999732,0],[111.26910594800006,-7.4322855749999803,0],[111.26913659800005,-7.4322166289999814,0],[111.26913657000006,-7.4321708359999548,0],[111.26913653400004,-7.4321113219999688,0],[111.26917866200006,-7.4319945009999628,0],[111.26919205200005,-7.4319332229999304,0],[111.26918241600004,-7.4318585569999414,0],[111.26921687100008,-7.431739825999955,0],[111.26925653300009,-7.4316456039999252,0],[111.26931174900005,-7.4315144289999466,0],[111.26941901600009,-7.4312654559999487,0],[111.26946280000004,-7.4311781669999277,0],[111.26949563800008,-7.4311050969999428,0],[111.26948986500008,-7.4310735079999404,0],[111.26949702800005,-7.4310246809999398,0],[111.26951359200007,-7.4309921929999518,0],[111.26953849000006,-7.4309284349999416,0],[111.26955284300004,-7.4308904519999714,0],[111.26957439200004,-7.4308401789999721,0],[111.26959306100008,-7.4307855989999325,0],[111.26960986300008,-7.4307228099999634,0],[111.26967445100007,-7.4305530749999775,0],[111.26973357800006,-7.4303988339999592,0],[111.26976254800007,-7.4303232609999554,0],[111.26978576000005,-7.4302493409999784,0],[111.26978932800006,-7.4302014719999647,0],[111.26980729600007,-7.4301763309999274,0],[111.26980966800005,-7.4301356419999252,0],[111.26982642500008,-7.430091354999945,0],[111.26984556300005,-7.4300195429999576,0],[111.26984192100008,-7.429945350999958,0],[111.26985385800003,-7.4298615769999401,0],[111.26988311600007,-7.4297093619999259,0],[111.26988738800009,-7.4296393649999573,0],[111.26989451100007,-7.4295226749999301,0],[111.26989442200005,-7.4293762019999576,0],[111.26989091100006,-7.4292904049999606,0],[111.27014274800007,-7.429416620999973,0],[111.27030823700005,-7.4294926279999345,0],[111.27069897000007,-7.4296887169999764,0],[111.27104626600004,-7.4298627399999759,0],[111.27128226900004,-7.4299717329999453,0],[111.27140505400007,-7.430006121999952,0],[111.27160070800005,-7.4300079169999549,0],[111.27172921700009,-7.4299925209999742,0],[111.27182500000004,-7.4299939999999651,0],[111.27187301800006,-7.4298909549999621,0],[111.27191896500005,-7.4297473259999265,0],[111.27196298900009,-7.429592209999953,0],[111.27198787200007,-7.4295060349999744,0],[111.27205857600006,-7.4293284049999784,0],[111.27209209000006,-7.4292410279999785,0],[111.27211361500008,-7.4291536569999721,0],[111.27211718800004,-7.4291153609999583,0],[111.27210276700004,-7.4290596049999635,0],[111.27207755900008,-7.4290069669999639,0],[111.27206074900005,-7.4289650939999774,0],[111.27205352100009,-7.42890646099994,0],[111.27205826800008,-7.428828674999977,0],[111.27207022600004,-7.4287796039999421,0],[111.27207980000009,-7.4287532709999482,0],[111.27199533800007,-7.4287157469999556,0],[111.27200298900004,-7.4286793649999368,0],[111.27203172800006,-7.4286257349999687,0],[111.27205472200006,-7.4285864709999601,0],[111.27208156700004,-7.4285711359999596,0],[111.27213142900007,-7.4285557889999723,0],[111.27216019400004,-7.4285414109999692,0],[111.27221290400007,-7.4284772369999814,0],[111.27223685800004,-7.4284396949999518,0],[111.27226656700009,-7.4284032969999316,0],[111.27232502900006,-7.42833528999995,0],[111.27237197800008,-7.4282596309999462,0],[111.27241316100009,-7.4281667449999418,0],[111.27247441400004,-7.4280741329999387,0],[111.27249300000005,-7.4280029999999329,0],[111.27248200000008,-7.4278828319999661,0],[111.27248002200008,-7.4278367099999514,0],[111.27242434600004,-7.4277563269999405,0],[111.27235900100004,-7.4276359989999605,0],[111.27235880000006,-7.4276344889999564,0],[111.27233819700007,-7.4274799909999274,0],[111.27232802100008,-7.4273091119999322,0],[111.27234666200007,-7.4272085809999453,0],[111.27227427800005,-7.4271739449999359,0],[111.27232240400008,-7.4270654969999441,0],[111.27235938300004,-7.4270736109999689,0],[111.27236150100003,-7.4270089899999334,0],[111.27237082500005,-7.4269659039999283,0],[111.27237278900009,-7.4269358709999551,0],[111.27237477200003,-7.426905546999933,0],[111.27235635400007,-7.4268280559999766,0],[111.27233543000006,-7.4267239589999576,0],[111.27233245200006,-7.4266956759999516,0],[111.27232530000003,-7.4266277519999448,0],[111.27233244200005,-7.4265451779999694,0],[111.27233671500005,-7.4265022569999815,0],[111.27233744600005,-7.4264949139999317,0],[111.27234820700005,-7.4264463709999404,0],[111.27236574000005,-7.4264182659999278,0],[111.27237695300005,-7.4264047089999394,0],[111.27239564000007,-7.4263788489999456,0],[111.27244021300004,-7.4263393319999409,0],[111.27247040800006,-7.4263134649999643,0],[111.27248809100007,-7.4262989419999599,0],[111.27249904600006,-7.4262899449999509,0],[111.27251460300005,-7.4262444609999534,0],[111.27251720200007,-7.4262090859999716,0],[111.27252000000004,-7.4261709999999539,0],[111.27252277800005,-7.4261620189999462,0],[111.27252240000007,-7.4261619369999607,0],[111.27246419200009,-7.4261493569999288,0],[111.27249654700006,-7.42612719899995,0],[111.27251332300006,-7.4261122289999548,0],[111.27252828600007,-7.4260769189999678,0],[111.27253726000004,-7.426048193999975,0],[111.27254860800008,-7.4259805739999365,0],[111.27255276700004,-7.4259231319999799,0],[111.27255300000007,-7.4259089999999333,0],[111.27257405100005,-7.4259091249999756,0],[111.27259178800006,-7.4259000189999256,0],[111.27259201000004,-7.4258925829999498,0],[111.27259460700009,-7.4258057199999712,0],[111.27258884100007,-7.4257872639999505,0],[111.27258089200006,-7.4257276739999725,0],[111.27255352600008,-7.4256745589999582,0],[111.27260540300006,-7.4256841879999342,0],[111.27270387800007,-7.4257024679999404,0],[111.27268803600003,-7.4256737579999594,0],[111.27264375100009,-7.4256378019999261,0],[111.27261462200005,-7.4256012839999812,0],[111.27260509800004,-7.4255772439999532,0],[111.27259300900005,-7.4255467299999509,0],[111.27258434800007,-7.4254992029999585,0],[111.27259581800007,-7.4254360109999311,0],[111.27261378100008,-7.4254036909999286,0],[111.27262688700006,-7.4253830589999552,0],[111.27264252500004,-7.4253584379999324,0],[111.27264681800006,-7.4253210999999624,0],[111.27263839600005,-7.4253026329999443,0],[111.27262665000006,-7.4252768829999809,0],[111.27260649000004,-7.4252438669999492,0],[111.27260791600008,-7.4252251969999747,0],[111.27263520800005,-7.4251562529999546,0],[111.27263867800008,-7.4250860239999383,0],[111.27262533600003,-7.425050133999946,0],[111.27263293500005,-7.4249295039999765,0],[111.27265784100007,-7.4248816219999298,0],[111.27268875300007,-7.4247628169999302,0],[111.27268523600009,-7.4246613509999406,0],[111.27270044600004,-7.4245552159999306,0],[111.27273072100007,-7.4245096469999794,0],[111.27279377400004,-7.4244660539999359,0],[111.27288697400007,-7.4244298099999355,0],[111.27295408100008,-7.4243838159999314,0],[111.27298281900005,-7.4243301869999527,0],[111.27298086300004,-7.4242670049999333,0],[111.27296163500006,-7.4241923429999588,0],[111.27291933800007,-7.424033450999957,0],[111.27290777200005,-7.4239415539999527,0],[111.27291727700003,-7.4238017769999374,0],[111.27293718000004,-7.4237420549999342,0],[111.27295939900006,-7.4236753819999421,0],[111.27297275100005,-7.423554749999937,0],[111.27296285000006,-7.4234340339999676,0],[111.27295402800007,-7.4233264599999416,0],[111.27296934900005,-7.4232862419999606,0],[111.27300816900004,-7.4232499349999443,0],[111.27308007900007,-7.423216861999947,0],[111.27315060300003,-7.4231903099999386,0],[111.27320233200004,-7.4231708349999508,0],[111.27328573600005,-7.4231133439999439,0],[111.27331255900003,-7.4230639279999764,0],[111.27335087200004,-7.4229815739999481,0],[111.27335749100007,-7.4229625189999524,0],[111.27339204700007,-7.4228630329999419,0],[111.27341190400006,-7.4228058649999298,0],[111.27347586300004,-7.4227096129999381,0],[111.27352100100006,-7.422668999999928,0],[111.27366391000004,-7.4225949149999337,0],[111.27368114400008,-7.4225470379999479,0],[111.27367535500008,-7.4224915159999796,0],[111.27364204200006,-7.4223318619999645,0],[111.27366583500009,-7.4222018889999504,0],[111.27370961500009,-7.4220606929999349,0],[111.27375570500004,-7.4219414599999709,0],[111.27385916900005,-7.4217556729999501,0],[111.27390138400006,-7.4216711709999572,0],[111.27403229000004,-7.4216610369999785,0],[111.27420780200003,-7.4216623659999641,0],[111.27425800000009,-7.4216609999999719,0],[111.27430920000006,-7.4216517089999456,0],[111.27431916700004,-7.4216118199999528,0],[111.27435268700009,-7.4215376059999585,0],[111.27437256000007,-7.4214962129999549,0],[111.27438142200003,-7.4214777539999659,0],[111.27443175200005,-7.4214418229999524,0],[111.27447728700008,-7.4214082879999523,0],[111.27452044200004,-7.4214034749999769,0],[111.27462354200009,-7.4214034109999716,0],[111.27476846800005,-7.4213429709999446,0],[111.27488842600008,-7.4212725639999348,0],[111.27490401600005,-7.4212634139999523,0],[111.27491528800005,-7.4212567979999449,0],[111.27502809900005,-7.4212013609999303,0],[111.27505670700003,-7.4211873029999538,0],[111.27523644800004,-7.4210507719999441,0],[111.27547087200008,-7.4209305479999443,0],[111.27556426500007,-7.4208826509999426,0],[111.27558724500005,-7.4208213669999736,0],[111.27561211600005,-7.4207179589999441,0],[111.27561793600006,-7.4206345569999712,0],[111.27557517500009,-7.420530613999972,0],[111.27551493100009,-7.4204667029999314,0],[111.27545369700005,-7.4204017419999673,0],[111.27530364000006,-7.4202425519999338,0],[111.27528826100007,-7.4201870359999589,0],[111.27528919600007,-7.4201477849999264,0],[111.27529013000009,-7.4201085339999509,0],[111.27531070600008,-7.4199986189999549,0],[111.27531880700008,-7.4199553419999802,0],[111.27535327800007,-7.4198672449999776,0],[111.27542493100009,-7.4197890339999617,0],[111.27549129700009,-7.4197273879999557,0],[111.27556424200009,-7.4196933529999569,0],[111.27557758700004,-7.4196871269999747,0],[111.27568380700006,-7.4196720779999623,0],[111.27572408300006,-7.419664394999927,0],[111.27578999300005,-7.4196339849999617,0],[111.27583145000006,-7.4195877409999298,0],[111.27581607700006,-7.4195417979999547,0],[111.27574122500005,-7.4194710009999767,0],[111.27568557200004,-7.4194269989999384,0],[111.27562753300003,-7.4194002299999511,0],[111.27557688300004,-7.4193895179999458,0],[111.27543569400007,-7.4193596609999304,0],[111.27542847600006,-7.4193189799999573,0],[111.27549822300006,-7.4192412069999705,0],[111.27562183300006,-7.4191033739999739,0],[111.27579306700005,-7.4188880279999694,0],[111.27597493300004,-7.418690513999934,0],[111.27601500000009,-7.4186469999999645,0],[111.27608123100003,-7.418534908999959,0],[111.27609957700008,-7.4184738059999518,0],[111.27611759900009,-7.4184137829999486,0],[111.27611325300006,-7.4183642439999744,0],[111.27609668300005,-7.4183226099999615,0],[111.27607615500006,-7.4183018339999762,0],[111.27604917800005,-7.4182745329999307,0],[111.27594955400008,-7.4181154379999725,0],[111.27591496500008,-7.418016373999933,0],[111.27588470700005,-7.4179402839999398,0],[111.27586743000006,-7.4179158839999673,0],[111.27577244500009,-7.4178556289999733,0],[111.27571344400008,-7.4178255099999433,0],[111.27570478400008,-7.4177809989999446,0],[111.27572634800003,-7.4177551389999508,0],[111.27576372700008,-7.4177177779999397,0],[111.27579288200008,-7.417687826999952,0],[111.27582347400005,-7.4176563999999416,0],[111.27582470600004,-7.4176537419999704,0],[111.27585077100008,-7.4175975069999254,0],[111.27586797900005,-7.4175084629999333,0],[111.27587235900006,-7.4174797229999285,0],[111.27588373800006,-7.417405060999954,0],[111.27589223300004,-7.4171844859999396,0],[111.27588070200005,-7.4171500289999699,0],[111.27583414800006,-7.4170833079999738,0],[111.27582956000003,-7.4170767319999413,0],[111.27583039300004,-7.4170566629999257,0],[111.27583181900008,-7.4170222679999256,0],[111.27583262500008,-7.4170028399999524,0],[111.27583313000008,-7.4169906599999536,0],[111.27583233100006,-7.4169873009999492,0],[111.27582947100007,-7.416975281999953,0],[111.27582014800004,-7.4169361009999761,0],[111.27580100100005,-7.4168749999999477,0],[111.27580067500008,-7.4168556149999745,0],[111.27574806800004,-7.4166925979999405,0],[111.27572790300007,-7.4166538389999346,0],[111.27572787400004,-7.4166050149999592,0],[111.27573874600006,-7.4165709329999459,0],[111.27574940900007,-7.4165375089999657,0],[111.27574257900005,-7.4164930649999405,0],[111.27573352100006,-7.416434125999956,0],[111.27572054200004,-7.4163838749999513,0],[111.27567387000005,-7.416327765999938,0],[111.27567159300008,-7.4163250289999496,0],[111.27562838200004,-7.4162773079999624,0],[111.27559673600007,-7.416242360999945,0],[111.27556361200004,-7.4161849409999263,0],[111.27556071200007,-7.4161476059999814,0],[111.27558514600008,-7.4161131269999601,0],[111.27561534600005,-7.4160958759999289,0],[111.27567865100008,-7.4161073249999276,0],[111.27576173700004,-7.4161393099999486,0],[111.27580527700007,-7.4161560709999321,0],[111.27585419700006,-7.4161675279999599,0],[111.27592756300004,-7.4161660469999333,0],[111.27597502100008,-7.4161416049999502,0],[111.27599514500008,-7.4161157449999564,0],[111.27599800300004,-7.4160827149999591,0],[111.27598763900005,-7.415996990999929,0],[111.27596648600007,-7.415910844999928,0],[111.27596145500007,-7.4158760139999345,0],[111.27595497100003,-7.4158311299999582,0],[111.27597004200004,-7.4157542119999675,0],[111.27597388000004,-7.415734620999956,0],[111.27599511600005,-7.4156829799999286,0],[111.27604500100006,-7.4155869999999595,0],[111.27605291800006,-7.4155578979999746,0],[111.27607171900007,-7.4154887849999795,0],[111.27602564200004,-7.4154198849999489,0],[111.27591050100006,-7.4153318809999291,0],[111.27580878400005,-7.4152419539999528,0],[111.27580652100005,-7.4152371099999641,0],[111.27577408400003,-7.415167682999936,0],[111.27574895600009,-7.4151138989999481,0],[111.27576234600008,-7.4150545369999463,0],[111.27581622200006,-7.4150190809999685,0],[111.27600224100007,-7.4149576969999771,0],[111.27609120700004,-7.414908546999925,0],[111.27613639200007,-7.4148835839999379,0],[111.27614796700004,-7.4148771889999807,0],[111.27617600000008,-7.4148039999999469,0],[111.27616323800004,-7.4147584689999348,0],[111.27609989100006,-7.4146800069999586,0],[111.27609331100007,-7.4146725979999815,0],[111.27603312600007,-7.4146048309999628,0],[111.27600685800007,-7.4145752529999527,0],[111.27600199900007,-7.4145697829999335,0],[111.27600580200004,-7.4145161699999562,0],[111.27603450700008,-7.4144089299999791,0],[111.27612447800004,-7.4141197569999804,0],[111.27615320000007,-7.4140412369999353,0],[111.27619921200005,-7.4140042079999375,0],[111.27628744000003,-7.4139964949999353,0],[111.27638800000005,-7.4139879999999607,0],[111.27645044400003,-7.4139408679999406,0],[111.27649542700004,-7.4138502039999707,0],[111.27651406700005,-7.4137511089999748,0],[111.27650540000008,-7.4136936729999547,0],[111.27648664100008,-7.4136017799999649,0],[111.27648875200003,-7.4135275779999574,0],[111.27650381500007,-7.4134587429999783,0],[111.27657570900004,-7.4133289069999364,0],[111.27658764900008,-7.4132523119999405,0],[111.27658026800009,-7.413219038999955,0],[111.27654677400005,-7.4130680489999463,0],[111.27651067900007,-7.4128584149999597,0],[111.27651285400009,-7.4125018049999767,0],[111.27652713400005,-7.412331867999967,0],[111.27654143900008,-7.4122026189999701,0],[111.27657017500007,-7.4121451609999554,0],[111.27662768000005,-7.4120852909999257,0],[111.27667559500009,-7.4120254279999358,0],[111.27670913100008,-7.4119751469999642,0],[111.27672826300005,-7.4118985469999643,0],[111.27669113700006,-7.4117740939999521,0],[111.27664697800009,-7.411705192999932,0],[111.27654942200007,-7.4115997299999776,0],[111.27648766900006,-7.4115329709999287,0],[111.27647804000009,-7.4114724729999466,0],[111.27647608800004,-7.4114169489999426,0],[111.27651390300008,-7.4113402489999771,0],[111.27653355400008,-7.411294373999965,0],[111.27658146200008,-7.4112235019999275,0],[111.27674252700007,-7.4111353259999646,0],[111.27682496500006,-7.4110720899999478,0],[111.27686712300005,-7.4110069649999559,0],[111.27689579500009,-7.4108468799999514,0],[111.27688993500004,-7.4106783919999657,0],[111.27684191500003,-7.4105692849999514,0],[111.27674978600004,-7.4104739919999361,0],[111.27664470700006,-7.4103458409999803,0],[111.27662565500009,-7.4103015879999816,0],[111.27660000100008,-7.4102419999999256,0],[111.27660000000009,-7.4099509989999319,0],[111.27660508600007,-7.409808307999981,0],[111.27660816300005,-7.4097219709999536,0],[111.27660000100008,-7.4096482789999527,0],[111.27659133800006,-7.4096282509999583,0],[111.27658772700005,-7.4096061139999279,0],[111.27660000100008,-7.4095749989999717,0],[111.27662149400004,-7.4095425489999798,0],[111.27663354100008,-7.4095325619999812,0],[111.27664081500006,-7.409526532999962,0],[111.27665980300009,-7.4094838009999648,0],[111.27666823700008,-7.409433091999972,0],[111.27667556800009,-7.4093890149999311,0],[111.27669708200006,-7.4092870439999388,0],[111.27669753300006,-7.409283678999941,0],[111.27673008100004,-7.4090405139999689,0],[111.27673463300005,-7.4090064979999397,0],[111.27673077700007,-7.408973949999961,0],[111.27668280100005,-7.4089337719999548,0],[111.27661499300007,-7.4088916259999564,0],[111.27661345800004,-7.4088906729999735,0],[111.27659628600009,-7.4088799979999749,0],[111.27642952200006,-7.4088185329999305,0],[111.27639150600004,-7.4088045199999328,0],[111.27630996700009,-7.40877106399995,0],[111.27626439200009,-7.4087375859999725,0],[111.27621161100006,-7.4086825719999752,0],[111.27619475800009,-7.4085724879999475,0],[111.27620191100004,-7.4085078629999543,0],[111.27622866700005,-7.4084359609999524,0],[111.27624110700003,-7.4084025309999788,0],[111.27633096400007,-7.4083187089999569,0],[111.27643578500005,-7.4081989759999374,0],[111.27649258900004,-7.4081531439999253,0],[111.27653745700007,-7.4081169409999461,0],[111.27655051900007,-7.4080988159999492,0],[111.27655635600007,-7.4080907189999721,0],[111.27656266000008,-7.4080819709999446,0],[111.27657701900006,-7.4080388819999712,0],[111.27655973600008,-7.408007300999941,0],[111.27652806900005,-7.4079771629999414,0],[111.27650970200006,-7.407969823999963,0],[111.27648338000006,-7.407959304999963,0],[111.27641986000003,-7.4079339229999732,0],[111.27638980500006,-7.407909636999932,0],[111.27634945800008,-7.4078031579999788,0],[111.27632640900003,-7.4077500399999394,0],[111.27631774300005,-7.407694041999946,0],[111.27632347000008,-7.4076495219999288,0],[111.27634064700004,-7.407608057999937,0],[111.27641533000008,-7.4074146299999484,0],[111.27645172000007,-7.4073284459999513,0],[111.27653297000006,-7.407172242999934,0],[111.27653414200006,-7.4071699889999536,0],[111.27655600100007,-7.4071109999999294,0],[111.27655321600008,-7.4070718449999617,0],[111.27655259900007,-7.4070631709999475,0],[111.27655239100005,-7.4070602319999352,0],[111.27654875400009,-7.4070090839999807,0],[111.27646775900007,-7.4069033779999813,0],[111.27644428400004,-7.4068887519999294,0],[111.27641403300004,-7.4068699039999615,0],[111.27636373800004,-7.4068532999999661,0],[111.27633081800008,-7.4068424329999516,0],[111.27628600000008,-7.4067639999999528,0],[111.27625195000007,-7.4067331859999399,0],[111.27621353900008,-7.4066542289999688,0],[111.27617749600006,-7.4065274039999736,0],[111.27617058400006,-7.4065019479999705,0],[111.27613483100004,-7.4063703019999707,0],[111.27612208300008,-7.4063233589999413,0],[111.27611704900005,-7.4063048249999497,0],[111.27610328900005,-7.4062680989999308,0],[111.27610518900008,-7.4062384199999656,0],[111.27611279400008,-7.406229160999942,0],[111.27612078400006,-7.4062194319999435,0],[111.27615789600009,-7.4061742469999672,0],[111.27616708500005,-7.4061592149999456,0],[111.27617419500007,-7.4061475839999389,0],[111.27617897300007,-7.4061397689999353,0],[111.27619895100008,-7.4061042089999773,0],[111.27627414600005,-7.4061023319999322,0],[111.27627759100005,-7.4061022459999322,0],[111.27632746000006,-7.4061022149999758,0],[111.27636962900004,-7.4060543209999423,0],[111.27639069300005,-7.4059987829999727,0],[111.27638864300008,-7.4059734079999657,0],[111.27638682600008,-7.4059509179999736,0],[111.27638274700007,-7.4059211909999476,0],[111.27638104700009,-7.4059087989999739,0],[111.27636736400007,-7.405892883999968,0],[111.27632346200005,-7.4058418209999672,0],[111.27626781000004,-7.4057959039999446,0],[111.27622940900005,-7.4057327429999305,0],[111.27622281400005,-7.4057189399999288,0],[111.27621020300006,-7.4056925459999547,0],[111.27620123900005,-7.4055897429999504,0],[111.27619668000006,-7.4055374659999416,0],[111.27626180600004,-7.4053953559999286,0],[111.27629486900008,-7.4053472859999374,0],[111.27633958300004,-7.4052822759999799,0],[111.27634612500009,-7.4052727649999497,0],[111.27636718300005,-7.4052076519999446,0],[111.27637003600006,-7.4051683979999439,0],[111.27637288800008,-7.4051291479999577,0],[111.27634973700009,-7.4050635059999763,0],[111.27634790900004,-7.4050583199999664,0],[111.27633205500007,-7.4050009099999556,0],[111.27632676200005,-7.4049817469999653,0],[111.27633441400008,-7.4049491919999468,0],[111.27634546900003,-7.4049418259999698,0],[111.27635742300004,-7.4049338609999609,0],[111.27638994700004,-7.4049273459999654,0],[111.27639577900004,-7.4049261769999362,0],[111.27641580800008,-7.4049409919999789,0],[111.27644567300007,-7.4049630819999379,0],[111.27645526600008,-7.4049701779999282,0],[111.27653424100004,-7.4049606749999271,0],[111.27655801100008,-7.4049470109999334,0],[111.27662080200008,-7.404910918999974,0],[111.27668763100007,-7.4048725049999575,0],[111.27675374700004,-7.4048467029999756,0],[111.27676625300006,-7.4048418219999803,0],[111.27685851000007,-7.4048076479999736,0],[111.27686980400006,-7.40480346399994,0],[111.27695607100009,-7.4047287369999708,0],[111.27699166400004,-7.4046661139999514,0],[111.27700397000007,-7.4046444619999647,0],[111.27700784400008,-7.4046245779999254,0],[111.27701926600008,-7.4045659499999488,0],[111.27702872700007,-7.4043591589999664,0],[111.27701941000004,-7.4042947219999746,0],[111.27701685100004,-7.4042770199999381,0],[111.27701082700008,-7.4042353549999689,0],[111.27702998000007,-7.4041898689999357,0],[111.27707072900006,-7.4041754829999604,0],[111.27711639400007,-7.4042074719999391,0],[111.27715947900003,-7.4042376549999744,0],[111.27717170400007,-7.4042486999999255,0],[111.27720291900005,-7.4042769039999712,0],[111.27723624500004,-7.4043070139999259,0],[111.27728463100004,-7.4043190579999418,0],[111.27731298000003,-7.4043261139999572,0],[111.27733689000007,-7.4043190249999498,0],[111.27735261400005,-7.404314362999969,0],[111.27737770200008,-7.404306925999947,0],[111.27738496800004,-7.4042915889999676,0],[111.27739198100005,-7.4042767859999685,0],[111.27739925100008,-7.4042614399999707,0],[111.27740632000007,-7.4040627879999761,0],[111.27739497800007,-7.4039764539999737,0],[111.27741528400009,-7.4038591689999294,0],[111.27741269000006,-7.4038164529999335,0],[111.27740801700008,-7.4037395059999653,0],[111.27740408500006,-7.4036908329999278,0],[111.27739942000005,-7.4036330689999659,0],[111.27736256600008,-7.4036327559999791,0],[111.27730612700009,-7.4036445989999606,0],[111.27728790300006,-7.4036596969999664,0],[111.27722729900006,-7.4037160909999784,0],[111.27720451600004,-7.4037372929999492,0],[111.27713407200008,-7.4038091369999393,0],[111.27710531100007,-7.4038249519999795,0],[111.27706935200007,-7.4038335899999765,0],[111.27694706600005,-7.4038164329999745,0],[111.27683629300009,-7.4038107589999527,0],[111.27674709600007,-7.4037978909999538,0],[111.27683198400007,-7.4036298849999298,0],[111.27685893200004,-7.4035579159999543,0],[111.27690137100006,-7.4034829649999665,0],[111.27691846100004,-7.4034527829999774,0],[111.27693078100003,-7.4034310239999286,0],[111.27696380700007,-7.4033189669999615,0],[111.27698580900005,-7.4032443079999553,0],[111.27698695600009,-7.4032402529999786,0],[111.27701750600005,-7.4031322439999485,0],[111.27702169300005,-7.4031174379999811,0],[111.27703602400004,-7.4030312689999391,0],[111.27704809400007,-7.4029825979999373,0],[111.27706648300006,-7.4028789719999395,0],[111.27707103100005,-7.402853342999947,0],[111.27710117600009,-7.4026878519999286,0],[111.27710687100006,-7.4026565879999566,0],[111.27710789900004,-7.4026475319999463,0],[111.27711491800005,-7.4025856809999482,0],[111.27711974700009,-7.4025431349999735,0],[111.27712546600009,-7.4024856899999349,0],[111.27713599100008,-7.4024214409999445,0],[111.27714122900005,-7.4023894689999565,0],[111.27715986700008,-7.4022889369999803,0],[111.27716927300008,-7.4022171289999505,0],[111.27717040200008,-7.4022085079999442,0],[111.27717072300004,-7.4022060589999796,0],[111.27717714500005,-7.4021570309999447,0],[111.27718563800005,-7.4020921879999264,0],[111.27718839200008,-7.4020421589999614,0],[111.27719371300009,-7.4019454589999327,0],[111.27719417300005,-7.4019370939999476,0],[111.27718852700008,-7.401888319999955,0],[111.27718249300005,-7.4018260969999687,0],[111.27718962000006,-7.4017195889999812,0],[111.27720394500005,-7.4016238459999499,0],[111.27723100100008,-7.4015636959999256,0],[111.27717202200006,-7.4015658859999576,0],[111.27708282600008,-7.4015566079999644,0],[111.27702815300006,-7.4015422819999799,0],[111.27698140100006,-7.4015451829999392,0],[111.27694040800009,-7.4015538249999508,0],[111.27692725100007,-7.4015610009999477,0],[111.27692459000008,-7.4015624509999611,0],[111.27688143300009,-7.4015610419999689,0],[111.27688123600007,-7.4015610009999477,0],[111.27685409700007,-7.4015553139999497,0],[111.27678011900008,-7.4015540529999271,0],[111.27677813900004,-7.401554019999935,0],[111.27677281900009,-7.401553928999931,0],[111.27677003300005,-7.4015236249999248,0],[111.27676770200009,-7.4014982629999508,0],[111.27675761200004,-7.4014666769999735,0],[111.27674176900007,-7.4014358129999778,0],[111.27671369500007,-7.4013999299999682,0],[111.27668778700007,-7.4013776879999682,0],[111.27668206900006,-7.4013755519999336,0],[111.27666476500008,-7.4013690859999315,0],[111.27664531300007,-7.4013411679999308,0],[111.27665387300004,-7.401225563999958,0],[111.27666279900006,-7.4011453809999352,0],[111.27666746200003,-7.4011034949999726,0],[111.27667895200005,-7.4010733319999531,0],[111.27669308600008,-7.4010549399999377,0],[111.27669739300006,-7.4010493349999251,0],[111.27674934200007,-7.4010446109999748,0],[111.27674939200006,-7.4010446039999351,0],[111.27675058100004,-7.401044494999951,0],[111.27678849500006,-7.4010409009999307,0],[111.27678825100008,-7.4009847499999637,0],[111.27678799900008,-7.4009269999999674,0],[111.27678809800005,-7.4009265399999435,0],[111.27678783800008,-7.4008521589999532,0],[111.27678752100007,-7.4007608799999502,0],[111.27678491300009,-7.4004234199999814,0],[111.27679092100004,-7.4003971799999704,0],[111.27679600000005,-7.40037499999994,0],[111.27682321100008,-7.4003228759999615,0],[111.27684448200006,-7.4002145629999632,0],[111.27684737400006,-7.400047026999971,0],[111.27686787000005,-7.3999418239999386,0],[111.27687127400009,-7.3999243529999603,0],[111.27686909800008,-7.3998761439999612,0],[111.27686519700006,-7.3997897309999416,0],[111.27687707000007,-7.3996072319999371,0],[111.27690002400004,-7.3994098649999387,0],[111.27699100000007,-7.3992509999999356,0],[111.27700767400006,-7.3990256659999432,0],[111.27702195700004,-7.3988605159999565,0],[111.27705357800005,-7.398737151999967,0],[111.27705900100005,-7.398715999999979,0],[111.27711163300006,-7.3984885349999558,0],[111.27716190700005,-7.3983700319999457,0],[111.27723698300008,-7.3981830109999578,0],[111.27724425400004,-7.3981649009999728,0],[111.27724864800007,-7.3981539549999411,0],[111.27733402300004,-7.3979412769999726,0],[111.27739878400007,-7.3977427419999344,0],[111.27740495100005,-7.3977238339999758,0],[111.27751039600008,-7.3974005699999452,0],[111.27751186800003,-7.3973960579999698,0],[111.27754443800006,-7.3973091949999343,0],[111.27754888700008,-7.3972973259999435,0],[111.27757388500004,-7.397230656999966,0],[111.27760638700005,-7.3971439699999451,0],[111.27764399200004,-7.3970436739999741,0],[111.27775465600007,-7.3970698129999732,0],[111.27782888000007,-7.397098552999978,0],[111.27802437900004,-7.3971742519999566,0],[111.27802945000008,-7.3971762159999344,0],[111.27805494800003,-7.3971082089999527,0],[111.27812828600008,-7.396912613999973,0],[111.27815152100004,-7.396850643999926,0],[111.27826607100008,-7.3964913449999585,0],[111.27859821100009,-7.3954495529999349,0],[111.27869150300006,-7.3951569309999741,0],[111.27886001500008,-7.3946283759999574,0],[111.27890831700006,-7.394476870999938,0],[111.27893624900008,-7.3943892539999752,0],[111.27855999300004,-7.3943981649999273,0],[111.27851941900008,-7.3940549039999723,0],[111.27845838800005,-7.393680331999974,0],[111.27845758100005,-7.3936753799999337,0],[111.27841472500006,-7.3934123559999421,0],[111.27835962700004,-7.3931661019999524,0],[111.27829703900005,-7.39288636699996,0],[111.27828946400007,-7.3928525109999441,0],[111.27827769300006,-7.3927045119999661,0],[111.27827212200003,-7.3926344759999552,0],[111.27825760300004,-7.3924519299999361,0],[111.27823754900004,-7.3921997879999708,0],[111.27822780000008,-7.3920772039999747,0],[111.27822248300004,-7.3920103499999641,0],[111.27821998700006,-7.3919789819999551,0],[111.27821085800008,-7.3917576029999736,0],[111.27817900000008,-7.3915769989999376,0],[111.27816266700006,-7.3913717059999726,0],[111.27814459600006,-7.3912281159999793,0],[111.27809602900004,-7.3910394209999595,0],[111.27809074700008,-7.390944549999972,0],[111.27808693500003,-7.3908760799999413,0],[111.27807294500008,-7.3907542819999321,0],[111.27804776300007,-7.3905350539999404,0],[111.27805373200005,-7.390440774999945,0],[111.27805666500007,-7.3903944379999302,0],[111.27805958400006,-7.3902994179999268,0],[111.27806521300005,-7.3901162359999262,0],[111.27807232900005,-7.3899956069999462,0],[111.27807083600004,-7.3899094469999795,0],[111.27805928800007,-7.3898448349999626,0],[111.27804200700007,-7.3898146889999339,0],[111.27805060000009,-7.3897535089999451,0],[111.27803468900004,-7.3896142269999814,0],[111.27802598200009,-7.389493606999963,0],[111.27803168000008,-7.3892748109999502,0],[111.27803166100006,-7.3892432189999795,0],[111.27803639700005,-7.3891484399999285,0],[111.27802871400007,-7.3891321699999253,0],[111.27802198500007,-7.3891063259999328,0],[111.27802293500008,-7.3890919649999773,0],[111.27802867200006,-7.3890641979999714,0],[111.27803243600005,-7.3890269559999524,0],[111.27803382500008,-7.3889465379999706,0],[111.27802519000005,-7.3889412779999475,0],[111.27802278800004,-7.3889321849999305,0],[111.27803188900003,-7.3889192559999515,0],[111.27803236400007,-7.3889111169999637,0],[111.27803270700008,-7.3888852689999567,0],[111.27803256700008,-7.3888513439999315,0],[111.27803074900004,-7.3888196339999581,0],[111.27802894100006,-7.3888046759999497,0],[111.27802414200005,-7.3887968999999316,0],[111.27802593300004,-7.3887873259999424,0],[111.27803611300004,-7.3887723609999512,0],[111.27803370900006,-7.3887621909999552,0],[111.27802890200007,-7.3887430469999344,0],[111.27802110500005,-7.388735272999952,0],[111.27802708700005,-7.3887155249999523,0],[111.27802228000007,-7.3886945859999287,0],[111.27802526000005,-7.3886694539999667,0],[111.27802946400004,-7.388619078999966,0],[111.27801215300008,-7.3885405879999553,0],[111.27799996800007,-7.3884800429999586,0],[111.27782952700005,-7.388188070999945,0],[111.27751339300005,-7.3876465189999294,0],[111.27703319600005,-7.3868239149999795,0],[111.27701125200008,-7.3867863239999565,0],[111.27681656400006,-7.3866491859999428,0],[111.27676963700009,-7.3866148179999414,0],[111.27672779900007,-7.3865841769999747,0],[111.27643335400006,-7.386368531999949,0],[111.27593922000005,-7.3859600529999625,0],[111.27572334400008,-7.3857950459999415,0],[111.27564768700006,-7.3857368319999637,0],[111.27551946100004,-7.3856381679999572,0],[111.27527476800009,-7.3853965909999602,0],[111.27521962300005,-7.3853388399999744,0],[111.27495089900009,-7.3850574139999594,0],[111.27431978700008,-7.3843827819999319,0],[111.27401046500006,-7.3840549219999616,0],[111.27389371700008,-7.3839311779999548,0],[111.27382268500008,-7.3838239999999473,0],[111.27376896100009,-7.38378956899993,0],[111.27375556100009,-7.3837788079999314,0],[111.27369844100008,-7.3837329369999338,0],[111.27339280000007,-7.3834015019999697,0],[111.27325942100003,-7.3832736829999703,0],[111.27293556300003,-7.3829471889999354,0],[111.27273846900005,-7.3827150339999434,0],[111.27261852400005,-7.3825978339999665,0],[111.27320337900005,-7.3823916479999525,0],[111.27320731800006,-7.3823903649999352,0],[111.27383618300007,-7.3821854319999716,0],[111.27430598700005,-7.3820247899999458,0],[111.27453109300006,-7.3819349009999655,0],[111.27487564400008,-7.3818000629999574,0],[111.27531009500007,-7.3816561949999482,0],[111.27562468700006,-7.3815363339999749,0],[111.27595303500004,-7.3814328569999361,0],[111.27617355400008,-7.3813580489999708,0],[111.27645157700005,-7.3812238499999694,0],[111.27662413000007,-7.3811203499999465,0],[111.27669122400005,-7.3810666979999269,0],[111.27685927600004,-7.3809601139999472,0],[111.27704286700003,-7.3808294879999607,0],[111.27729829600008,-7.3806477479999444,0],[111.27755900900007,-7.3804407999999739,0],[111.27778711400003,-7.3802530049999291,0],[111.27791957900007,-7.3801246949999495,0],[111.27805566300009,-7.3799790939999639,0],[111.27828374100005,-7.3797242999999639,0],[111.27841794700004,-7.3795766669999807,0],[111.27855964200006,-7.3794207949999304,0],[111.27877766300008,-7.3791885029999662,0],[111.27890944400008,-7.3790615739999339,0],[111.27901967200006,-7.378975344999958,0],[111.27905575600005,-7.3789509429999498,0],[111.27926410800006,-7.3788100509999595,0],[111.27941310600005,-7.3787170639999431,0],[111.27963550800007,-7.3785867269999699,0],[111.27983299200008,-7.3784851249999406,0],[111.28024330900007,-7.3782857409999565,0],[111.28043816200005,-7.3781929959999388,0],[111.28079671700004,-7.3780300239999406,0],[111.28085360800009,-7.3773837839999601,0],[111.28087986200006,-7.3771966069999735,0],[111.28093457300008,-7.3765144679999253,0],[111.28092730400004,-7.3763933699999598,0],[111.28093009800006,-7.3758183259999441,0],[111.28090784000005,-7.3755286929999784,0],[111.28088948800007,-7.375289898999938,0],[111.28090089800008,-7.3751355699999408,0],[111.28091635800007,-7.3750559339999313,0],[111.28094748700005,-7.3750032549999673,0],[111.28095000100006,-7.3749989999999457,0],[111.28097000000008,-7.3749659999999722,0],[111.28125600000004,-7.3744329999999536,0],[111.28148500000009,-7.3738319989999468,0],[111.28157000000004,-7.3735839989999477,0],[111.28172000000006,-7.3733529989999624,0],[111.28199100100005,-7.3730219999999349,0],[111.28222600100008,-7.3727319999999281,0],[111.28240600000004,-7.3725689989999523,0],[111.28258824900007,-7.3723995949999335,0],[111.28286386000008,-7.372211899999968,0],[111.28307500000005,-7.372483999999929,0],[111.28355100100003,-7.3731869999999731,0],[111.28399884300006,-7.3738798879999763,0],[111.28413400000005,-7.3740889999999695,0],[111.28460781800004,-7.3748311249999574,0],[111.28471500000006,-7.3749989999999457,0],[111.28472004400004,-7.3750035039999489,0],[111.28508100000005,-7.3753259999999727,0],[111.28599300000008,-7.3756219999999644,0],[111.28688400100003,-7.3756849999999758,0],[111.28762700000004,-7.3754729999999427,0],[111.28826300000009,-7.3751549999999497,0],[111.28843173400008,-7.3750037209999277,0],[111.28843700000004,-7.3749989999999457,0],[111.28867300000007,-7.3747439999999642,0],[111.28885700000006,-7.374437999999941,0],[111.28910200000007,-7.3738719989999595,0],[111.28925293100008,-7.3735842009999715,0],[111.28938253100006,-7.3733370759999275,0],[111.28958370800007,-7.3730210239999678,0],[111.28960260700006,-7.3725902089999522,0],[111.28965023200004,-7.3720923619999326,0],[111.28976510200005,-7.3717763659999491,0],[111.28997580000004,-7.3713550009999267,0],[111.29032700000005,-7.3707809999999654,0],[111.29078700000008,-7.3705209989999503,0],[111.29133900000005,-7.3703829999999471,0],[111.29256500000008,-7.3702899999999545,0],[111.29370000100005,-7.3701669999999808,0],[111.29472700100007,-7.3699219999999741,0],[111.29552400000006,-7.3697989999999436,0],[111.29650600000008,-7.3698589999999626,0],[111.29725700000006,-7.3700729989999445,0],[111.29788600100005,-7.3703169989999537,0],[111.29874500000005,-7.3710359999999469,0],[111.29910123000008,-7.3714426349999371,0],[111.29937400100005,-7.3717539999999531,0],[111.29963290200004,-7.3719422509999504,0],[111.29997178300005,-7.3721031849999576,0],[111.30012048900005,-7.3721244379999575,0],[111.30020405700009,-7.3721363809999616,0],[111.30060100000009,-7.3720899999999574,0],[111.30092300000007,-7.3719209999999293,0],[111.30106100100005,-7.3716459989999521,0],[111.30112200100007,-7.3710189999999329,0],[111.30110430100007,-7.3709645519999754,0],[111.30093800000009,-7.3704529999999409,0],[111.30070700000005,-7.3699329989999569,0],[111.30058400000007,-7.3694129999999518,0],[111.30061500000005,-7.3688779999999383,0],[111.30089000100008,-7.3678989999999658,0],[111.30113500100003,-7.3672709999999597,0],[111.30113400000005,-7.3667049999999676,0],[111.30102700100008,-7.3663379999999279,0],[111.30082700000008,-7.3660479999999779,0],[111.30032100100004,-7.3657269999999357,0],[111.29980000000006,-7.3656049989999701,0],[111.29958500100008,-7.3654829999999265,0],[111.29944700100003,-7.3652989999999363,0],[111.29946200100005,-7.3649929999999699,0],[111.29960057900007,-7.3647625359999438,0],[111.29964600000005,-7.3646869989999573,0],[111.29975954200006,-7.3645269739999435,0],[111.29945436000008,-7.3642457999999351,0],[111.29936321400004,-7.3641764539999599,0],[111.29930569100009,-7.3641537949999361,0],[111.29926010000008,-7.3641358359999458,0],[111.29918874400005,-7.3641283779999753,0],[111.29910186700005,-7.3641239749999272,0],[111.29907306300004,-7.3640713409999421,0],[111.29904658900006,-7.3639181839999424,0],[111.29904759600004,-7.3638702769999327,0],[111.29903675800006,-7.363794893999966,0],[111.29901912100007,-7.3637114179999799,0],[111.29898190900008,-7.3635131739999338,0],[111.29895114000004,-7.363388739999948,0],[111.29894531400004,-7.3632815219999657,0],[111.29898469600005,-7.3631653939999637,0],[111.29901532000008,-7.3630957849999277,0],[111.29905052400005,-7.3630157659999327,0],[111.29906242800007,-7.3628930999999511,0],[111.29907734000005,-7.3627853889999528,0],[111.29907428100006,-7.3626926489999391,0],[111.29902328200006,-7.362608914999953,0],[111.29881100000006,-7.3624099999999544,0],[111.29870000100004,-7.362199999999973,0],[111.29853600000007,-7.3620169999999803,0],[111.29843377500003,-7.3618612209999696,0],[111.29836901600004,-7.3618138749999389,0],[111.29830713100006,-7.3617650919999278,0],[111.29822081600008,-7.361747917999935,0],[111.29814838900006,-7.3617446029999769,0],[111.29807528900005,-7.3617604119999669,0],[111.29805084400004,-7.3617733519999433,0],[111.29803214300006,-7.3617690559999573,0],[111.29798896700004,-7.3617331849999346,0],[111.29791844500005,-7.3616743559999804,0],[111.29786809100005,-7.3616600289999496,0],[111.29778895400005,-7.3616227459999664,0],[111.29774255700005,-7.3615831249999815,0],[111.29770371400008,-7.3615745339999421,0],[111.29766919400004,-7.3615774289999649,0],[111.29762781500006,-7.3615842019999604,0],[111.29759871900006,-7.3615889639999637,0],[111.29753974600004,-7.361591874999931,0],[111.29750953000007,-7.3615760999999793,0],[111.29748936600004,-7.3615373409999734,0],[111.29750025400006,-7.3614773419999437,0],[111.29749623800006,-7.361392617999968,0],[111.29747461700003,-7.3613256189999561,0],[111.29744098900005,-7.3612275139999497,0],[111.29740740600005,-7.3611964229999671,0],[111.29727600100006,-7.3611419999999725,0],[111.29718679200005,-7.3611104089999344,0],[111.29714601500007,-7.3610769299999674,0],[111.29714117700007,-7.3610123119999571,0],[111.29716510000009,-7.3609357089999321,0],[111.29720030400006,-7.3608039419999614,0],[111.29721891900004,-7.3607188289999499,0],[111.29723010300006,-7.3606676939999716,0],[111.29725527500005,-7.3605526029999737,0],[111.29725754800006,-7.360365920999925,0],[111.29727971000005,-7.3603037619999441,0],[111.29729475100004,-7.3602615759999708,0],[111.29731623700008,-7.3601251419999585,0],[111.29729702100008,-7.3600701069999559,0],[111.29720823400004,-7.3599409249999326,0],[111.29715306800006,-7.3599002749999727,0],[111.29710712000008,-7.359841428999971,0],[111.29708553600005,-7.3598299549999524,0],[111.29704377800005,-7.3597624899999801,0],[111.29700491100004,-7.3597185749999312,0],[111.29699339000007,-7.3596984779999275,0],[111.29699335800007,-7.3596496539999521,0],[111.29696888500007,-7.3596180779999258,0],[111.29693279000008,-7.3595880819999593,0],[111.29690554500007,-7.3595434469999645,0],[111.29686665200006,-7.3594587489999412,0],[111.29685225100008,-7.3594329099999527,0],[111.29684646000004,-7.3593769089999341,0],[111.29686367500005,-7.3593079699999748,0],[111.29688660400006,-7.3592251149999584,0],[111.29688079400006,-7.3591403939999509,0],[111.29685485800007,-7.3590729189999706,0],[111.29680590600009,-7.3590025869999636,0],[111.29677691600006,-7.3589401519999456,0],[111.29673372000008,-7.3588726879999626,0],[111.29669918400003,-7.3588511709999693,0],[111.29657403400006,-7.3588383289999797,0],[111.29641436300005,-7.3588255109999636,0],[111.29629640800005,-7.3588155369999413,0],[111.29618997700004,-7.3588314029999538,0],[111.29613194000007,-7.3588354269999741,0],[111.29608502800005,-7.3588223559999619,0],[111.29606167000009,-7.3587920099999451,0],[111.29604445200005,-7.3587481189999266,0],[111.29604820600008,-7.3587336209999421,0],[111.29612755900007,-7.3586617209999758,0],[111.29612745200006,-7.3585008869999342,0],[111.29613457800008,-7.3584017979999317,0],[111.29612875500004,-7.358298121999951,0],[111.29606109100007,-7.3582091349999814,0],[111.29594017500006,-7.358071357999961,0],[111.29587108400005,-7.3579996019999498,0],[111.29584516300008,-7.357953666999947,0],[111.29584446600006,-7.357927942999936,0],[111.29583869100009,-7.3578953979999255,0],[111.29583288900005,-7.3578226439999526,0],[111.29582133800005,-7.3577556379999578,0],[111.29578294200007,-7.3576963079999587,0],[111.29573495600005,-7.3576369849999423,0],[111.29568514800008,-7.3575974629999337,0],[111.29561408800004,-7.3575719649999769,0],[111.29555464000003,-7.3575815769999622,0],[111.29545826200007,-7.3575859099999548,0],[111.29538202100008,-7.3575759069999549,0],[111.29532447800005,-7.3575644569999668,0],[111.29528850100007,-7.3575386329999333,0],[111.29523814600009,-7.3575228699999684,0],[111.29513170400008,-7.3575215039999762,0],[111.29501088900008,-7.3575373799999397,0],[111.29493177900008,-7.3575403039999401,0],[111.29483971000008,-7.3575216959999352,0],[111.29475770000005,-7.3574901579999619,0],[111.29472315200007,-7.3574499729999729,0],[111.29469291800007,-7.3574069119999308,0],[111.29469145400009,-7.3573681409999381,0],[111.29470722200006,-7.3572848419999559,0],[111.29470861100003,-7.357211604999975,0],[111.29469155500004,-7.3571348689999354,0],[111.29466657500006,-7.3570602129999543,0],[111.29463200300006,-7.3569836489999716,0],[111.29460892300006,-7.3568840999999452,0],[111.29460502200004,-7.3567864539999732,0],[111.29459728700004,-7.3566888109999695,0],[111.29455890400004,-7.3566505429999438,0],[111.29443805400007,-7.356612327999926,0],[111.29432869500005,-7.3565492159999621,0],[111.29427304400008,-7.3564994709999496,0],[111.29426152300005,-7.3564784169999484,0],[111.29425728300004,-7.3564636399999586,0],[111.29423845600007,-7.3563980159999574,0],[111.29420344300007,-7.3563800879999803,0],[111.29418347400008,-7.3563728539999715,0],[111.29407155900009,-7.356332307999935,0],[111.29402896500005,-7.3563136309999777,0],[111.29399662100008,-7.3562994489999483,0],[111.29394265400003,-7.3562576009999816,0],[111.29390966700004,-7.3562217219999297,0],[111.29384247900003,-7.3561440819999575,0],[111.29381558600005,-7.3560770849999813,0],[111.29377527600008,-7.3560254159999658,0],[111.29370334100008,-7.3560024869999552,0],[111.29365285600005,-7.3559546989999376,0],[111.29362875600009,-7.3558967299999267,0],[111.29361441600008,-7.3558622329999253,0],[111.29356664600004,-7.3558186069999465,0],[111.29352019900006,-7.3557673729999351,0],[111.29342555000005,-7.3556673729999602,0],[111.29337546100004,-7.3556144529999301,0],[111.29336585600004,-7.3555914829999551,0],[111.29335432300007,-7.3555512829999543,0],[111.29333016400005,-7.3554303189999359,0],[111.29332710900007,-7.3553873459999295,0],[111.29332053900004,-7.3552949189999595,0],[111.29331091500006,-7.3551595189999261,0],[111.29324361700009,-7.3548962949999463,0],[111.29316198900005,-7.3547144529999287,0],[111.29295374100008,-7.3544863959999702,0],[111.29278185000004,-7.3541145819999656,0],[111.29275777600009,-7.3539614229999302,0],[111.29269055800006,-7.3538178669999752,0],[111.29258024400008,-7.3537604979999287,0],[111.29238363800005,-7.3537118429999282,0],[111.29190392100008,-7.353319646999978,0],[111.29152021400006,-7.3531092819999344,0],[111.29138529500005,-7.3530581019999772,0],[111.29124685500005,-7.3530055869999273,0],[111.29110296900006,-7.3529338809999558,0],[111.29096982100003,-7.3527831859999537,0],[111.29090112400007,-7.3527017699999533,0],[111.29085355600006,-7.352645392999932,0],[111.29077908900007,-7.3525571379999519,0],[111.29060880400004,-7.3523014769999691,0],[111.29060112800005,-7.3522899529999677,0],[111.29060091800005,-7.3522900379999783,0],[111.29048190000009,-7.3523359729999811,0],[111.29026166400007,-7.3524209719999476,0],[111.29000254400006,-7.3525048129999391,0],[111.28973766100006,-7.3525917689999574,0],[111.28905154500006,-7.3527657299999305,0],[111.28876689800006,-7.3528137799999627,0],[111.28844222700008,-7.3528876669999477,0],[111.28842776500005,-7.3528909579999322,0],[111.28823956800005,-7.3529337869999267,0],[111.28800291000005,-7.3530506149999724,0],[111.28731043700009,-7.3536254599999324,0],[111.28728913400005,-7.3536431439999319,0],[111.28704329900006,-7.3538429069999438,0],[111.28670258800008,-7.3541331979999427,0],[111.28664481700008,-7.3541628919999766,0],[111.28664277900003,-7.3541639399999781,0],[111.28659582400007,-7.3541461399999548,0],[111.28651739400004,-7.3540880299999571,0],[111.28646919200008,-7.3540614959999289,0],[111.28642458800005,-7.3540392649999262,0],[111.28637567600003,-7.3540292449999356,0],[111.28632122800008,-7.3540216329999453,0],[111.28624787300004,-7.3540245509999522,0],[111.28618315100005,-7.3540346449999561,0],[111.28607241100008,-7.3540576919999694,0],[111.28599042700006,-7.3540634879999516,0],[111.28590267000004,-7.3540405679999594,0],[111.28576169500008,-7.3540191179999397,0],[111.28562454400009,-7.3540058139999473,0],[111.28535733800004,-7.3540026209999496,0],[111.28518733200008,-7.3539820279999617,0],[111.28501593500005,-7.3539607159999605,0],[111.28488166600005,-7.3539301669999304,0],[111.28467832700005,-7.3538556229999585,0],[111.28452054400009,-7.3537978129999715,0],[111.28423854400006,-7.3537578129999588,0],[111.28401643400008,-7.3537153559999524,0],[111.28394124200008,-7.3536879699999531,0],[111.28377628200008,-7.3536488229999577,0],[111.28361420200008,-7.3536138869999377,0],[111.28343485400006,-7.3535670909999453,0],[111.28329315000008,-7.3535283529999447,0],[111.28327929700004,-7.3535245659999759,0],[111.28327654400005,-7.3535238129999811,0],[111.28314554400004,-7.3534958139999276,0],[111.28298154400005,-7.3534768129999293,0],[111.28283454400008,-7.3534508129999381,0],[111.28280022700005,-7.3534474899999509,0],[111.28277041200005,-7.3534446039999466,0],[111.28259654400006,-7.3533958129999633,0],[111.28252369800003,-7.353381494999951,0],[111.28247982000005,-7.3533700349999549,0],[111.28244054400005,-7.3533648129999278,0],[111.28236546100004,-7.3533586179999588,0],[111.28228354400005,-7.353358812999943,0],[111.28226938300008,-7.3533619649999764,0],[111.28226477700008,-7.3533629899999369,0],[111.28223386100007,-7.3533773689999293,0],[111.28219354400005,-7.3534018139999375,0],[111.28215650300007,-7.3534197799999674,0],[111.28211047800005,-7.3534262709999325,0],[111.28201954400004,-7.3534248129999469,0],[111.28199325100007,-7.3534270629999696,0],[111.28192851400007,-7.3534127439999679,0],[111.28185754400005,-7.3534018129999481,0],[111.28174581200005,-7.3533697779999443,0],[111.28167532700007,-7.3533626429999686,0],[111.28158323900004,-7.3533595579999655,0],[111.28151710100008,-7.3533569979999811,0],[111.28143171400006,-7.3533366779999483,0],[111.28133599400007,-7.3533051449999789,0],[111.28123154400004,-7.3532698129999403,0],[111.28110354400008,-7.3532228129999453,0],[111.28101754400006,-7.3532008139999334,0],[111.28085067900008,-7.3531455749999282,0],[111.28072637700006,-7.3531056349999631,0],[111.28062184000004,-7.3530817669999351,0],[111.28054854400006,-7.353057812999964,0],[111.28041370500006,-7.3530043529999602,0],[111.28037150800009,-7.3529967199999646,0],[111.28030572000006,-7.3529862309999316,0],[111.28024754500007,-7.3529838129999803,0],[111.28011154400008,-7.3529598129999272,0],[111.27997485600008,-7.3529289969999354,0],[111.27990954400008,-7.3529128129999322,0],[111.27980554400006,-7.3528858129999435,0],[111.27975810500004,-7.3528736069999354,0],[111.27970654400008,-7.3528568129999599,0],[111.27964991800008,-7.3528426399999489,0],[111.27961526100006,-7.352839893999942,0],[111.27961395800008,-7.3528397909999512,0],[111.27956577300006,-7.3528412559999765,0],[111.27952981800007,-7.3528484589999721,0],[111.27949818000008,-7.3528599669999721,0],[111.27944569700009,-7.3528887199999531,0],[111.27938317500008,-7.3529244679999692,0],[111.27928954400005,-7.3529658129999689,0],[111.27926718100008,-7.3529829369999788,0],[111.27921854400006,-7.3530508129999248,0],[111.27921546000005,-7.3530815759999655,0],[111.27920588800004,-7.3531083869999634,0],[111.27914102400007,-7.3532464529999402,0],[111.27910656000006,-7.3533383789999789,0],[111.27903760500004,-7.3534791499999415,0],[111.27901174900006,-7.3535337349999281,0],[111.27893988500006,-7.3536228129999586,0],[111.27885510200008,-7.3537549779999267,0],[111.27874155900008,-7.3538972139999714,0],[111.27871567200003,-7.3539029739999364,0],[111.27866655000008,-7.3539408909999793,0],[111.27845334900007,-7.3541947189999632,0],[111.27824012900004,-7.3544222199999467,0],[111.27804254400007,-7.3546648129999426,0],[111.27794570500004,-7.3548175049999713,0],[111.27780195100007,-7.3549540159999651,0],[111.27763354400008,-7.3551338129999522,0],[111.27750464200005,-7.3552863309999452,0],[111.27750254400007,-7.3552888129999587,0],[111.27735155500005,-7.3554358359999696,0],[111.27715754400003,-7.3556678129999682,0],[111.27687724900005,-7.3560225009999272,0],[111.27676706700004,-7.3561757429999375,0],[111.27673239000006,-7.356293075999929,0],[111.27673218400008,-7.3562937719999582,0],[111.27667861600008,-7.3563848929999267,0],[111.27660754400006,-7.3564768139999615,0],[111.27648954400007,-7.3566798129999711,0],[111.27627154300006,-7.3570268129999477,0],[111.27624254400007,-7.3570988139999258,0],[111.27605607300006,-7.357054456999947,0],[111.27599127900004,-7.3570431659999258,0],[111.27596161800005,-7.3571513629999572,0],[111.27587654400008,-7.3574578129999395,0],[111.27580354400004,-7.3576798129999474,0],[111.27572754300007,-7.3578268139999636,0],[111.27567254400009,-7.3579938129999505,0],[111.27564352600007,-7.358069918999945,0],[111.27559565400009,-7.3581905729999448,0],[111.27556696700009,-7.3583212679999406,0],[111.27556508000004,-7.3583314269999391,0],[111.27552154400007,-7.3585658129999274,0],[111.27549412000008,-7.3585674989999461,0],[111.27544139300005,-7.3585902679999435,0],[111.27536709400005,-7.3586214269999459,0],[111.27528442200008,-7.3586777209999354,0],[111.27524488700004,-7.3587124499999277,0],[111.27520056400004,-7.3587581899999464,0],[111.27511071600009,-7.3588432089999287,0],[111.27495954400007,-7.3589898129999369,0],[111.27474554400004,-7.3591818129999638,0],[111.27460588900004,-7.3593164449999335,0],[111.27434351000005,-7.3595272209999507,0],[111.27424767500008,-7.3596246889999293,0],[111.27413986400006,-7.3597372419999374,0],[111.27400568600007,-7.3598545979999699,0],[111.27381518200008,-7.3599947259999681,0],[111.27372291200004,-7.3600390589999733,0],[111.27363417500004,-7.3600598179999679,0],[111.27353654400008,-7.3600748129999261,0],[111.27338606800004,-7.3600874929999804,0],[111.27294714100009,-7.3601320369999712,0],[111.27283207300007,-7.3601392869999813,0],[111.27258035500006,-7.3601454239999384,0],[111.27239455300008,-7.3601311769999711,0],[111.27205854400006,-7.3601138129999413,0],[111.27188644300008,-7.3601032439999585,0],[111.27188507200009,-7.3602159719999349,0],[111.27187652100008,-7.360346652999965,0],[111.27185500600007,-7.3604457509999293,0],[111.27181054400006,-7.3605488129999799,0],[111.26955908600007,-7.3601456959999609,0],[111.26935497300008,-7.3600970459999644,0],[111.26930848000006,-7.3600859649999393,0],[111.26909747200006,-7.3600171639999417,0],[111.26903225800004,-7.3600057149999429,0],[111.26896126900004,-7.3599598049999599,0],[111.26890421000007,-7.3598785769999608,0],[111.26883145100004,-7.3599188289999802,0],[111.26869055000009,-7.360023741999953,0],[111.26854531000004,-7.3600870139999302,0],[111.26838569700004,-7.3601732699999616,0],[111.26828645800003,-7.360190561999957,0],[111.26804915800005,-7.360252164999963,0],[111.26791397300008,-7.3602938909999693,0],[111.26780899500005,-7.3603370339999401,0],[111.26771842100004,-7.3604131959999677,0],[111.26764365400004,-7.3604635009999697,0],[111.26758759400008,-7.3605281549999404,0],[111.26753007900004,-7.3605612179999298,0],[111.26748837700006,-7.3605813469999362,0],[111.26741215400006,-7.3606029329999387,0],[111.26735749700003,-7.3606072739999604,0],[111.26728843800004,-7.3605814669999745,0],[111.26722946000007,-7.3605771939999727,0],[111.26718486100009,-7.3605628589999696,0],[111.26715752400008,-7.3605499519999285,0],[111.26711207100004,-7.3605518939999683,0],[111.26704879400006,-7.3605749079999327,0],[111.26700755500008,-7.3605663159999608,0],[111.26695576500003,-7.3605529439999486,0],[111.26690205000006,-7.3605280849999417,0],[111.26684162000004,-7.3605022729999519,0],[111.26680326000007,-7.3604965519999723,0],[111.26673229600004,-7.3604937219999442,0],[111.26666037000007,-7.3604832349999469,0],[111.26659229300009,-7.3604966769999578,0],[111.26653086300007,-7.3605009629999358,0],[111.26653754400007,-7.3603808129999493,0],[111.26654035700005,-7.3603406019999511,0],[111.26653792200005,-7.3602771799999687,0],[111.26652554300006,-7.360213812999973,0],[111.26650213200008,-7.3601599259999375,0],[111.26649443600007,-7.3601197229999684,0],[111.26648854400008,-7.3600518129999273,0],[111.26648191200007,-7.3600220809999541,0],[111.26643777700008,-7.3599822829999653,0],[111.26638789400005,-7.3599516769999695,0],[111.26633515200007,-7.3599517079999259,0],[111.26629871700004,-7.3599584309999386,0],[111.26626754400007,-7.3599578129999372,0],[111.26624404400008,-7.3599364449999598,0],[111.26618838100006,-7.35986180499998,0],[111.26611954400005,-7.3597768129999395,0],[111.26608780700008,-7.3597318579999751,0],[111.26604175700004,-7.3596964639999669,0],[111.26601298600008,-7.3596916939999346,0],[111.26595350400004,-7.3596448199999713,0],[111.26587747200006,-7.3595830679999494,0],[111.26577602500004,-7.3595177899999271,0],[111.26572566500005,-7.3594912539999768,0],[111.26568394500003,-7.3594797909999556,0],[111.26560691600008,-7.3594563219999714,0],[111.26552132000006,-7.3594384219999256,0],[111.26546953400003,-7.3594327089999751,0],[111.26542350400007,-7.3594320179999499,0],[111.26538034800006,-7.3594248639999478,0],[111.26535228900008,-7.3594076479999444,0],[111.26531271900006,-7.3593839769999363,0],[111.26526854400004,-7.3593258129999413,0],[111.26525945700007,-7.359315080999977,0],[111.26523254300008,-7.3592808129999412,0],[111.26523259900006,-7.3592352779999715,0],[111.26523735800004,-7.3591742439999734,0],[111.26524811600007,-7.3591227799999501,0],[111.26526727000004,-7.3590820819999294,0],[111.26530080100008,-7.3590294089999588,0],[111.26533674500007,-7.3590006679999647,0],[111.26540146900004,-7.3589934489999678,0],[111.26549376800006,-7.3589969839999299,0],[111.26555346300006,-7.3590007779999382,0],[111.26560235400007,-7.3589734649999627,0],[111.26563541200005,-7.3589318009999261,0],[111.26563107600003,-7.3588959039999509,0],[111.26560979600004,-7.3588577809999265,0],[111.26558677400004,-7.3588443929999698,0],[111.26551675200005,-7.3588128419999634,0],[111.26545919100005,-7.3587697959999332,0],[111.26535697200006,-7.3587320359999353,0],[111.26526585100004,-7.3586957099999495,0],[111.26517761000008,-7.3586622549999561,0],[111.26510950900007,-7.3586335749999421,0],[111.26499654400004,-7.3585688129999767,0],[111.26496226300009,-7.3585506619999705,0],[111.26491054400009,-7.3585038139999597,0],[111.26490037100007,-7.3584817699999689,0],[111.26484754400008,-7.3584438129999512,0],[111.26479676600007,-7.3584157739999796,0],[111.26472254400005,-7.3583878129999789,0],[111.26475220400005,-7.3582608009999717,0],[111.26466706400004,-7.3582034099999305,0],[111.26461308800003,-7.3581412159999786,0],[111.26458188600009,-7.358080202999929,0],[111.26456754300006,-7.3580218129999366,0],[111.26457824000005,-7.3579954809999322,0],[111.26459978200006,-7.3579380279999782,0],[111.26460654300007,-7.3578858129999389,0],[111.26451654400006,-7.3578558129999578,0],[111.26458654300006,-7.3577308129999324,0],[111.26459041600003,-7.3577173569999559,0],[111.26464554300009,-7.3575258129999384,0],[111.26473554400008,-7.3573868129999482,0],[111.26471385300005,-7.3573419749999402,0],[111.26468733800004,-7.3572581989999435,0],[111.26468228500005,-7.357228045999932,0],[111.26469592700005,-7.3571899839999446,0],[111.26473254400008,-7.3571148129999528,0],[111.26476154400007,-7.3569668129999286,0],[111.26480309900006,-7.3568054519999464,0],[111.26489054400008,-7.3565068129999531,0],[111.26488537300008,-7.3564764609999429,0],[111.26488528600004,-7.3563290309999729,0],[111.26487752500009,-7.35617968899993,0],[111.26486160700006,-7.3560179079999557,0],[111.26484956900003,-7.3559317539999256,0],[111.26485667900005,-7.355792934999954,0],[111.26486142900006,-7.3557187379999505,0],[111.26487814000006,-7.3555990619999534,0],[111.26489454400007,-7.3554228129999615,0],[111.26492229600007,-7.3552722219999396,0],[111.26494363800003,-7.3551625069999318,0],[111.26499128200004,-7.3549175749999449,0],[111.26504507400006,-7.3546410389999437,0],[111.26508874900009,-7.3544165159999579,0],[111.26529818600005,-7.353339822999942,0],[111.26534551400005,-7.3530965159999369,0],[111.26548584200009,-7.3523751049999646,0],[111.26549120100009,-7.3523475569999732,0],[111.26546242000006,-7.3523245969999493,0],[111.26545520400003,-7.352284392999934,0],[111.26545495100004,-7.3522124419999386,0],[111.26545487600004,-7.3520860729999526,0],[111.26544190200008,-7.3520372569999495,0],[111.26540446500007,-7.3519697859999269,0],[111.26535697200006,-7.3519267339999601,0],[111.26530804600009,-7.3518908629999373,0],[111.26528500300009,-7.3518420519999381,0],[111.26526339100008,-7.3517817519999653,0],[111.26524852300008,-7.3516979259999289,0],[111.26524607300007,-7.3516841139999656,0],[111.26524748500009,-7.3516395959999272,0],[111.26525895400005,-7.3515778409999371,0],[111.26527187700009,-7.3515390609999258,0],[111.26530957000006,-7.3514716059999614,0],[111.26534788800006,-7.3514045699999429,0],[111.26539581000009,-7.3513643329999354,0],[111.26553888700005,-7.351294361999976,0],[111.26564518900005,-7.3512811999999599,0],[111.26567254400004,-7.3512778129999674,0],[111.26577154400007,-7.3512678129999358,0],[111.26584174200008,-7.3512612029999787,0],[111.26589734000004,-7.3512286199999721,0],[111.26594334200007,-7.3511845549999748,0],[111.26596441500004,-7.3511443329999793,0],[111.26597396000005,-7.3510734849999722,0],[111.26597584100006,-7.3510083839999538,0],[111.26597544500004,-7.3509495979999429,0],[111.26596980800008,-7.3509401649999404,0],[111.26593513000006,-7.350882128999956,0],[111.26590921200005,-7.3508347559999265,0],[111.26588181900007,-7.3507270719999269,0],[111.26584230600008,-7.3505963879999285,0],[111.26585378100003,-7.3505432479999513,0],[111.26586957000006,-7.3504872349999459,0],[111.26587814600003,-7.3503967599999669,0],[111.26589346200007,-7.3503506789999733,0],[111.26590782900007,-7.3503233859999568,0],[111.26592361000007,-7.3502530129999286,0],[111.26593509100007,-7.3502099259999341,0],[111.26595664800004,-7.3501783209999303,0],[111.26598154400006,-7.3501488129999757,0],[111.26601703400007,-7.3501352049999582,0],[111.26606448800004,-7.3501150719999373,0],[111.26609132000004,-7.3500858569999536,0],[111.26615841700004,-7.3500403439999786,0],[111.26623751700004,-7.350021149999975,0],[111.26633462100006,-7.350018443999943,0],[111.26644651500004,-7.3500024169999278,0],[111.26646885900004,-7.3499992169999473,0],[111.26650144700005,-7.3499743059999787,0],[111.26652205400006,-7.3499389899999414,0],[111.26654168000005,-7.3499053539999295,0],[111.26658535000007,-7.3497693259999437,0],[111.26664756200006,-7.3495730339999454,0],[111.26673369500008,-7.3492905669999686,0],[111.26672281900005,-7.3491415869999628,0],[111.26668254400005,-7.349004812999965,0],[111.26663880200005,-7.3489531609999403,0],[111.26659682100006,-7.3488540579999722,0],[111.26655054400004,-7.3487448129999393,0],[111.26655170600009,-7.3486271169999782,0],[111.26652765700004,-7.348498488999951,0],[111.26649447000005,-7.3484580249999567,0],[111.26642252100004,-7.3484092439999813,0],[111.26636638700006,-7.3483446559999379,0],[111.26630054400005,-7.3482918129999462,0],[111.26620664700005,-7.3482083289999309,0],[111.26611505600005,-7.3481839719999584,0],[111.26603641900005,-7.3481725299999425,0],[111.26596454400004,-7.3481778129999498,0],[111.26579854400006,-7.3481708139999569,0],[111.26570078300006,-7.3481440089999523,0],[111.26551915900006,-7.3480841029999624,0],[111.26537385300009,-7.3480324919999589,0],[111.26527746000005,-7.3479952129999333,0],[111.26508466100006,-7.3478991139999721,0],[111.26490482200006,-7.3478245479999487,0],[111.26482714300005,-7.3478145419999805,0],[111.26468133100008,-7.3477164999999331,0],[111.26450993200007,-7.3475923859999739,0],[111.26445524300004,-7.3475378499999806,0],[111.26441685300006,-7.3474833039999794,0],[111.26422203600004,-7.3472146609999527,0],[111.26414911600006,-7.3471419459999652,0],[111.26393995200004,-7.3469352829999366,0],[111.26380672100004,-7.3468370609999738,0],[111.26378181400008,-7.3468186989999253,0],[111.26355159400003,-7.3466790629999537,0],[111.26341155200004,-7.3466102159999309,0],[111.26333560500007,-7.3465573129999484,0],[111.26329351000004,-7.3465566839999497,0],[111.26321047800008,-7.3465748589999293,0],[111.26312538300004,-7.346589268999935,0],[111.26302154400008,-7.3465808129999459,0],[111.26297545200003,-7.3465688039999577,0],[111.26292941900005,-7.346560214999954,0],[111.26289776900006,-7.34654874499995,0],[111.26286755300004,-7.3465315309999255,0],[111.26278654400005,-7.3464758129999268,0],[111.26275014000004,-7.3464710169999421,0],[111.26270458900007,-7.3464662569999746,0],[111.26267583300006,-7.3464854209999544,0],[111.26265906800006,-7.3465117579999628,0],[111.26262754400005,-7.3465388129999383,0],[111.26257039100005,-7.3465501039999594,0],[111.26252604400008,-7.3465525229999571,0],[111.26248888400005,-7.3465489549999461,0],[111.26241456000008,-7.3465358349999406,0],[111.26228484300009,-7.3464928299999315,0],[111.26228770600005,-7.3464712879999752,0],[111.26231069400006,-7.3464253219999591,0],[111.26233798700008,-7.346363556999961,0],[111.26234946300008,-7.3463132909999445,0],[111.26234080200004,-7.346260162999954,0],[111.26232980700007,-7.3462114349999297,0],[111.26232115500005,-7.3461769759999811,0],[111.26232688300007,-7.3461324559999639,0],[111.26232398600007,-7.346096556999953,0],[111.26233352300005,-7.3460082369999782,0],[111.26234783700005,-7.3458897579999416,0],[111.26236573200003,-7.3457461459999536,0],[111.26240102900005,-7.3456114469999534,0],[111.26241440800004,-7.3455603929999711,0],[111.26240718900004,-7.3455149229999392,0],[111.26235198700005,-7.3454048609999631,0],[111.26224154500005,-7.3452305049999609,0],[111.26216816000004,-7.3452763559999426,0],[111.26209146200006,-7.3453003339999441,0],[111.26197639900005,-7.3453123679999521,0],[111.26182058000006,-7.3453172459999791,0],[111.26172707900008,-7.3453029409999431,0],[111.26167300100008,-7.3453019999999469,0],[111.26152700000006,-7.345235999999943,0],[111.26148787900007,-7.3451787249999256,0],[111.26143510800006,-7.3451261019999379,0],[111.26141200100005,-7.3450969999999529,0],[111.26133917400006,-7.3450519639999357,0],[111.26126723400006,-7.3450137119999681,0],[111.26121448100008,-7.3449922019999576,0],[111.26114495600007,-7.34498386599995,0],[111.26108024100006,-7.3450018539999746,0],[111.26104900100006,-7.3450099999999452,0],[111.26100233500006,-7.3450114729999427,0],[111.26094718400009,-7.3449875719999795,0],[111.26084100000008,-7.3449469999999337,0],[111.26066338300006,-7.3448936329999697,0],[111.26056123500007,-7.3448520469999607,0]]]},"properties":{"OBJECTID":3874,"NAMOBJ":"Widodaren","FCODE":"BA03070040","REMARK":null,"METADATA":"TASWIL1000020260612KECAMATAN_AR","SRS_ID":"4326","KDBBPS":null,"KDCBPS":null,"KDCPUM":"35.21.12","KDEBPS":null,"KDEPUM":null,"KDPBPS":null,"KDPKAB":"35.21","KDPPUM":"35","LUASWH":113.08987408470698,"TIPADM":3,"WADMKC":"Widodaren","WADMKD":null,"WADMKK":"Ngawi","WADMPR":"Jawa Timur","WIADKC":null,"WIADKK":null,"WIADPR":null,"WIADKD":null,"UUPP":null,"SHAPE_Length":0.73089850650782273,"SHAPE_Area":0.0092628403538565218}}]}