{"type":"FeatureCollection","features":[{"type":"Feature","id":3967,"geometry":{"type":"Polygon","coordinates":[[[112.58222746800004,-7.1673026719999484,0],[112.58198277700001,-7.1675923639999723,0],[112.58195105600009,-7.1676501759999383,0],[112.58195000000001,-7.1676499999999805,0],[112.5818146150001,-7.1678389749999383,0],[112.58147000000008,-7.1683199999999374,0],[112.58146014800002,-7.1683212319999257,0],[112.58139000000006,-7.168329999999969,0],[112.58128000000011,-7.16826999999995,0],[112.58123927100007,-7.168250708999949,0],[112.58109000000002,-7.1681799999999498,0],[112.58104000000003,-7.1682499999999436,0],[112.58073000000002,-7.1687199999999507,0],[112.58071422100011,-7.1687172559999794,0],[112.58051223000007,-7.1686821279999435,0],[112.58047104700006,-7.1686655429999746,0],[112.58034995000003,-7.1688586169999553,0],[112.58004709600004,-7.1693635869999639,0],[112.5800118300001,-7.1693771799999695,0],[112.57996973700006,-7.1693806679999739,0],[112.57994121900003,-7.1694025559999659,0],[112.57993024300004,-7.1694368309999277,0],[112.57985450100011,-7.1694659609999576,0],[112.57974000000002,-7.1695099989999562,0],[112.57934000000012,-7.1698899999999526,0],[112.57927999900005,-7.1702699999999595,0],[112.57917000100008,-7.1706699999999728,0],[112.57841000000008,-7.1715699999999742,0],[112.57784000100003,-7.1721199999999499,0],[112.57712000100003,-7.1729899999999702,0],[112.57642000100009,-7.1737299999999777,0],[112.57582000000002,-7.1737599999999588,0],[112.57562000100006,-7.1738999999999464,0],[112.57551000000001,-7.173909999999978,0],[112.5754300000001,-7.1740099999999529,0],[112.57532000000003,-7.174199999999928,0],[112.57523000100002,-7.1743199999999661,0],[112.5751600000001,-7.1743300009999302,0],[112.57501000000002,-7.1743399999999724,0],[112.57480000100009,-7.1743799999999283,0],[112.57465000000002,-7.1743399999999724,0],[112.57447000100001,-7.1743100009999807,0],[112.57437000100003,-7.1743500009999366,0],[112.57424000000003,-7.174419999999941,0],[112.57411000000002,-7.1743599999999788,0],[112.57396000100005,-7.1742999999999597,0],[112.57377999900007,-7.1742999999999597,0],[112.57347000000004,-7.1743500009999366,0],[112.57327000000009,-7.1743999999999346,0],[112.57313000000011,-7.1743500009999366,0],[112.57295000000011,-7.1742899999999281,0],[112.57285000100001,-7.1743199999999661,0],[112.57274000000007,-7.1743399999999724,0],[112.57264000000009,-7.1742999999999597,0],[112.57253000000003,-7.1742799999999534,0],[112.57247000000007,-7.1743300009999302,0],[112.57238000100006,-7.17447999999996,0],[112.5723200000001,-7.1745699999999601,0],[112.57219999900008,-7.174539999999979,0],[112.57189000000005,-7.174419999999941,0],[112.57170000100007,-7.1744100019999451,0],[112.57147000000009,-7.1743399999999724,0],[112.57130000000006,-7.1744500019999577,0],[112.57120000000009,-7.1745499999999538,0],[112.57106999900009,-7.1750399999999672,0],[112.57095000000004,-7.1752799999999297,0],[112.57073000000003,-7.1755699999999365,0],[112.5707000000001,-7.175640001999966,0],[112.57044000000008,-7.175959999999975,0],[112.57010000100001,-7.1765099999999507,0],[112.5699800000001,-7.1767900019999615,0],[112.56987999900002,-7.1770699999999579,0],[112.56969000100003,-7.1777099999999336,0],[112.5695300000001,-7.1780999999999722,0],[112.56929000000002,-7.1786600009999688,0],[112.56909999900006,-7.1790799999999422,0],[112.5687200000001,-7.1803299999999695,0],[112.56866999900001,-7.1804999999999382,0],[112.56864000000007,-7.1805700009999782,0],[112.5685800010001,-7.1806100009999341,0],[112.56839000000002,-7.1806500009999468,0],[112.56829000000005,-7.1808899999999767,0],[112.56820000000005,-7.1810499999999706,0],[112.56794999900001,-7.1815999999999462,0],[112.56790999900011,-7.1816899999999464,0],[112.56783000000007,-7.1817199999999275,0],[112.56763000000001,-7.1816599999999653,0],[112.56721000000005,-7.1815399989999378,0],[112.56716000000006,-7.1814900019999754,0],[112.5671000000001,-7.181419999999946,0],[112.56697000000008,-7.1813399999999774,0],[112.56671999900004,-7.1812899999999331,0],[112.56632999900012,-7.1812499999999773,0],[112.56615000000011,-7.181199999999933,0],[112.56585000100006,-7.181069999999977,0],[112.56554999900004,-7.1810200009999789,0],[112.56532000100003,-7.1810200009999789,0],[112.56498000000011,-7.1810000009999726,0],[112.56464000100004,-7.1808999999999514,0],[112.56441000000007,-7.1808399999999324,0],[112.56411000000003,-7.1807599999999638,0],[112.5631800000001,-7.1802800019999609,0],[112.56296000100008,-7.1801599999999439,0],[112.5629100000001,-7.1801299999999628,0],[112.56277000000011,-7.1802099999999314,0],[112.56270000000006,-7.1803499999999758,0],[112.56257000100004,-7.1806300009999404,0],[112.5624600000001,-7.1806100009999341,0],[112.5620599990001,-7.1805499999999256,0],[112.56200000000001,-7.1806300009999404,0],[112.56194000000005,-7.1806700019999425,0],[112.56189000100005,-7.1807100019999552,0],[112.56182000000001,-7.1807599999999638,0],[112.56173000000001,-7.1808099999999513,0],[112.56166999900006,-7.1808399999999324,0],[112.56160000000011,-7.1808599999999387,0],[112.56149000000005,-7.1808899999999767,0],[112.56140000100004,-7.1809099999999262,0],[112.56132000000002,-7.1809299999999325,0],[112.56121000000007,-7.1809399999999641,0],[112.56110000000001,-7.1809600009999599,0],[112.56100000000004,-7.1809600009999599,0],[112.56090000000006,-7.1809600009999599,0],[112.56080000000009,-7.1809600009999599,0],[112.56072000100005,-7.1809600009999599,0],[112.56066000100009,-7.1809600009999599,0],[112.56059000000005,-7.1809499999999389,0],[112.56047999900011,-7.1809499999999389,0],[112.56037000100002,-7.1809499999999389,0],[112.56028000000003,-7.1809499999999389,0],[112.56022000000007,-7.1809499999999389,0],[112.56016000000011,-7.1809499999999389,0],[112.56010000000003,-7.1809499999999389,0],[112.5600300000001,-7.1809499999999389,0],[112.55995000000007,-7.1809499999999389,0],[112.55986000100006,-7.1809600009999599,0],[112.55977000000007,-7.1809600009999599,0],[112.5596700000001,-7.1809600009999599,0],[112.55957000100011,-7.1809699999999452,0],[112.55945000100007,-7.1809699999999452,0],[112.55934000000002,-7.1809699999999452,0],[112.5592200000001,-7.1809800009999663,0],[112.55911000000003,-7.1809800009999663,0],[112.55899000000011,-7.1809800009999663,0],[112.55888000000004,-7.1809800009999663,0],[112.55877000100008,-7.1809800009999663,0],[112.55866000000003,-7.1809800009999663,0],[112.55856000000006,-7.1809800009999663,0],[112.55846000000008,-7.1809800009999663,0],[112.55837000000008,-7.1809800009999663,0],[112.55829000000006,-7.1809699999999452,0],[112.55822000000001,-7.1809699999999452,0],[112.55815999900005,-7.1809699999999452,0],[112.55809000000011,-7.1809600009999599,0],[112.55802000000006,-7.1809600009999599,0],[112.55796000000009,-7.1809499999999389,0],[112.55790000000002,-7.1809399999999641,0],[112.55782000000011,-7.1809199999999578,0],[112.55774000000008,-7.1809099999999262,0],[112.55768,-7.1808999999999514,0],[112.55759,-7.1808799999999451,0],[112.55752000100006,-7.1808699999999703,0],[112.55744000000004,-7.180849999999964,0],[112.55733000000009,-7.1808399999999324,0],[112.55724000000009,-7.1808299999999576,0],[112.55718000000002,-7.180819999999926,0],[112.55711000100007,-7.180819999999926,0],[112.55702000000008,-7.1808099999999513,0],[112.5569200000001,-7.1807999999999765,0],[112.55679000000009,-7.1807899999999449,0],[112.55662000000007,-7.1807799999999702,0],[112.55642000000012,-7.1807699999999386,0],[112.55618999900003,-7.1807500019999679,0],[112.55592000100012,-7.1807300019999616,0],[112.55563000100005,-7.1806999999999448,0],[112.55534000000011,-7.1806799999999384,0],[112.55505000000005,-7.1806599999999321,0],[112.55478000000005,-7.1806399999999257,0],[112.55453000000011,-7.1806199999999762,0],[112.5543100000001,-7.1805999999999699,0],[112.55414000000007,-7.1805900009999277,0],[112.55402000000004,-7.1805799999999635,0],[112.55393000000004,-7.1805700009999782,0],[112.55387000000007,-7.1805599999999572,0],[112.55380000000002,-7.1805299999999761,0],[112.55375000000004,-7.1804499999999507,0],[112.55371000000002,-7.1803799999999569,0],[112.55369000000007,-7.1803200019999736,0],[112.55367000000001,-7.1802600009999651,0],[112.55365000000006,-7.1801699999999755,0],[112.55363000000011,-7.1800999999999249,0],[112.55362000100001,-7.1800399999999627,0],[112.55362000100001,-7.1799500019999414,0],[112.5535900000001,-7.1798799999999687,0],[112.55356000000006,-7.1798300009999707,0],[112.55349000000001,-7.1797999999999433,0],[112.55340000000001,-7.179790000999958,0],[112.55331000100011,-7.1797999999999433,0],[112.55322000000001,-7.1798199999999497,0],[112.55312000000004,-7.1798300009999707,0],[112.55302999900005,-7.1798599999999624,0],[112.55294000100002,-7.1798999999999751,0],[112.5528700000001,-7.179950000999952,0],[112.55285000000003,-7.1800099999999816,0],[112.55284000100005,-7.1800899999999501,0],[112.55285000000003,-7.1801699999999755,0],[112.55286000100011,-7.1802600009999651,0],[112.55288000100006,-7.1803499999999758,0],[112.55288000100006,-7.180439999999976,0],[112.55288000100006,-7.1805299999999761,0],[112.55283000000009,-7.1806100009999341,0],[112.55272000000002,-7.1806399999999257,0],[112.55263999900001,-7.1806799999999384,0],[112.55258000000003,-7.1807199999999511,0],[112.55253000100004,-7.1807599999999638,0],[112.55248000000006,-7.1807999999999765,0],[112.5524200000001,-7.1808399999999324,0],[112.55236000000002,-7.1808799999999451,0],[112.55231000000003,-7.1809199999999578,0],[112.55224999900008,-7.1809600009999599,0],[112.55219000000011,-7.1809899999999516,0],[112.55213000000003,-7.1810200009999789,0],[112.55207000000007,-7.1810499999999706,0],[112.55199000000005,-7.1810899999999265,0],[112.55189999900006,-7.1811200019999433,0],[112.55183000000011,-7.1811499999999455,0],[112.55176000000006,-7.1811699999999519,0],[112.5516500010001,-7.1811899999999582,0],[112.55155000000002,-7.1812099999999646,0],[112.55144000000007,-7.1812299999999709,0],[112.55135000000007,-7.1812399999999457,0],[112.55129000000011,-7.1812399999999457,0],[112.55122000100005,-7.1812499999999773,0],[112.5511600000001,-7.1812499999999773,0],[112.55109000000004,-7.181259999999952,0],[112.55102000000011,-7.1812699999999268,0],[112.55095000100005,-7.1812699999999268,0],[112.55088000000001,-7.1812799999999584,0],[112.55082000000004,-7.1812799999999584,0],[112.55076000000008,-7.1812899999999331,0],[112.55068000000006,-7.1812999999999647,0],[112.55059000000006,-7.1813099999999395,0],[112.55049000000008,-7.1813199999999711,0],[112.55042000000003,-7.1813299999999458,0],[112.55033999900002,-7.1813399999999774,0],[112.55026000000009,-7.1813399999999774,0],[112.55017000100008,-7.1813399999999774,0],[112.55005000100005,-7.1813500009999416,0],[112.54997000000003,-7.1813799999999333,0],[112.54990999900008,-7.181479999999965,0],[112.54988000000003,-7.1815599999999336,0],[112.54985000000011,-7.1816199999999526,0],[112.54981000000009,-7.18166999999994,0],[112.54973000000007,-7.1817299999999591,0],[112.54964000000007,-7.1817600009999296,0],[112.54957000000002,-7.181780000999936,0],[112.54949999900009,-7.1817899999999781,0],[112.54942000000005,-7.1817899999999781,0],[112.54934000000003,-7.1818000009999423,0],[112.54926000000012,-7.1818000009999423,0],[112.54918000000009,-7.1818099999999276,0],[112.54910999900005,-7.1818099999999276,0],[112.54903000000002,-7.1818099999999276,0],[112.5489500000001,-7.1818099999999276,0],[112.54888000100004,-7.1818200009999487,0],[112.54880000000003,-7.1818200009999487,0],[112.54871999900001,-7.1818200009999487,0],[112.54864000000009,-7.1818200009999487,0],[112.54855000100008,-7.1818200009999487,0],[112.54846000000009,-7.1818200009999487,0],[112.5483699990001,-7.1818200009999487,0],[112.54828000000009,-7.1818200009999487,0],[112.54819000000009,-7.1818099999999276,0],[112.54810000100008,-7.1818099999999276,0],[112.54802000000007,-7.1818099999999276,0],[112.54795000000001,-7.1818099999999276,0],[112.54789000000005,-7.1818099999999276,0],[112.54783000100008,-7.1818000009999423,0],[112.54777000100012,-7.1818000009999423,0],[112.5476900000001,-7.1817899999999781,0],[112.54758999900002,-7.181780000999936,0],[112.54749000000004,-7.1817699999999718,0],[112.54741000000001,-7.1817699999999718,0],[112.5473300000001,-7.1817600009999296,0],[112.5472400000001,-7.1817499999999654,0],[112.5471500000001,-7.1817400009999801,0],[112.5470600000001,-7.1817299999999591,0],[112.54696000000001,-7.1817199999999275,0],[112.54687000000001,-7.1817199999999275,0],[112.54678999900011,-7.1817099999999527,0],[112.54671000000008,-7.1817099999999527,0],[112.54663000000005,-7.181699999999978,0],[112.5465600010001,-7.181699999999978,0],[112.54648000000009,-7.1816899999999464,0],[112.54639000000009,-7.1816899999999464,0],[112.5462900010001,-7.1816799999999716,0],[112.54619000100001,-7.1816499999999337,0],[112.54611000000011,-7.1816299999999273,0],[112.54605000000004,-7.1816099999999778,0],[112.54596000000004,-7.1815899999999715,0],[112.5458900000001,-7.1815899999999715,0],[112.54582000100004,-7.1815799999999399,0],[112.54574000100001,-7.1815699999999651,0],[112.54567000000009,-7.1815599999999336,0],[112.54558000000009,-7.1815599999999336,0],[112.54548000000011,-7.1815499999999588,0],[112.54540000000009,-7.1815399999999272,0],[112.54532000000006,-7.1815300019999313,0],[112.54524000000004,-7.1815199999999777,0],[112.5451700000001,-7.1814999999999714,0],[112.54507000000001,-7.181479999999965,0],[112.54498000100011,-7.1814700019999691,0],[112.54491000000007,-7.1814500019999628,0],[112.54479999900002,-7.181430000999967,0],[112.54471000100011,-7.181419999999946,0],[112.54465000100004,-7.1814100009999606,0],[112.54459000100007,-7.1813999999999396,0],[112.54453000000001,-7.1813799999999333,0],[112.54446999900006,-7.1813700009999479,0],[112.54439000000002,-7.1813500009999416,0],[112.54428000100006,-7.1813199999999711,0],[112.54419000000007,-7.1813099999999395,0],[112.54412000000002,-7.1812799999999584,0],[112.54403999900001,-7.181259999999952,0],[112.54396000000008,-7.1812399999999457,0],[112.54389000100002,-7.1812099999999646,0],[112.54383000100006,-7.1811799999999266,0],[112.54375000000005,-7.1811499999999455,0],[112.54368999900009,-7.1811299999999392,0],[112.54362000000003,-7.1811099999999328,0],[112.5435500000001,-7.1811000019999369,0],[112.54349000000002,-7.1810899999999265,0],[112.54343000000006,-7.181069999999977,0],[112.5433700000001,-7.1810600019999811,0],[112.54329000000007,-7.1810400009999285,0],[112.54321000000004,-7.1810299999999643,0],[112.54312000000004,-7.1810099999999579,0],[112.54303000100003,-7.1809899999999516,0],[112.54292000000009,-7.1809699999999452,0],[112.54281000000003,-7.1809499999999389,0],[112.54270000100007,-7.1809299999999325,0],[112.54259000000002,-7.1809099999999262,0],[112.54247999900008,-7.1808899999999767,0],[112.54238000000009,-7.1808699999999703,0],[112.54229000100008,-7.1808599999999387,0],[112.54222000000004,-7.1808399999999324,0],[112.54216000000008,-7.1808299999999576,0],[112.54208999900004,-7.180819999999926,0],[112.54201,-7.1807999999999765,0],[112.54192000100011,-7.1807999999999765,0],[112.54185000000007,-7.1807799999999702,0],[112.54175000000009,-7.1807799999999702,0],[112.54169000000002,-7.1807699999999386,0],[112.54163000000005,-7.1807599999999638,0],[112.54154000000005,-7.1807500019999679,0],[112.54144000000008,-7.1807300019999616,0],[112.5413400000001,-7.1807300019999616,0],[112.5412500000001,-7.1806900019999489,0],[112.54113000000007,-7.1806799999999384,0],[112.54103000000009,-7.180679998999949,0],[112.54109000000005,-7.1808399999999324,0],[112.54114000100003,-7.181199999999933,0],[112.54109000000005,-7.181419999999946,0],[112.54101000000003,-7.1815799999999399,0],[112.54087000000004,-7.1817400009999801,0],[112.54072000000008,-7.1819299999999657,0],[112.54057000000012,-7.1821599999999535,0],[112.54039000000012,-7.1824199999999792,0],[112.54036000100007,-7.1825699999999415,0],[112.54031000000009,-7.1828199999999356,0],[112.54024000000004,-7.1830900019999717,0],[112.54022000000009,-7.1838500019999287,0],[112.54024000000004,-7.1844599999999446,0],[112.54011000000003,-7.1851099999999519,0],[112.54000000000008,-7.1852499999999395,0],[112.53997000100003,-7.1854699999999525,0],[112.53998000000001,-7.1856499999999528,0],[112.53998000000001,-7.1858200019999572,0],[112.53939000000003,-7.1860799999999472,0],[112.53914000000009,-7.1861599999999726,0],[112.53892999900006,-7.1861599999999726,0],[112.53874000000008,-7.1861700009999367,0],[112.53868000000011,-7.1862499999999727,0],[112.5385500000001,-7.1862999999999602,0],[112.53824000000009,-7.1863199999999665,0],[112.53796000000011,-7.1863199999999665,0],[112.53770000000009,-7.1862199999999348,0],[112.53719000000001,-7.185989999999947,0],[112.53703000000007,-7.1856099999999401,0],[112.53691000000003,-7.1855699999999274,0],[112.53679000000011,-7.1855999999999653,0],[112.53670000000011,-7.185579999999959,0],[112.53655000000003,-7.1854799999999273,0],[112.53644000000008,-7.1854399999999714,0],[112.53600000000006,-7.1853399999999397,0],[112.53579000000002,-7.185310000999948,0],[112.53560000000004,-7.1853300009999543,0],[112.53556000000003,-7.1853900009999734,0],[112.5354900000001,-7.1855699999999274,0],[112.53500000000008,-7.1854399999999714,0],[112.53485000000001,-7.1854799999999273,0],[112.53455000000008,-7.1856899999999655,0],[112.53441000000009,-7.1857899999999404,0],[112.53389000000004,-7.1858200009999678,0],[112.53365000000008,-7.1858099999999467,0],[112.53358000000003,-7.1857899999999404,0],[112.53352000000007,-7.1856899999999655,0],[112.53346999900009,-7.1851099999999519,0],[112.5334600000001,-7.1849200009999663,0],[112.53341000000012,-7.1844900009999719,0],[112.53320000000008,-7.1842099999999505,0],[112.53305000000012,-7.1840399999999249,0],[112.53236000000004,-7.1836499999999432,0],[112.53222000000005,-7.1836099999999306,0],[112.53208000000006,-7.1834200009999449,0],[112.53199000000006,-7.1832399999999552,0],[112.53190000000006,-7.1830999999999676,0],[112.53182000000004,-7.1829799999999295,0],[112.53174000000001,-7.1828799999999546,0],[112.53167000000008,-7.1827899999999545,0],[112.53159000000005,-7.1827199999999607,0],[112.53151999900001,-7.1826600009999311,0],[112.53145000000006,-7.1826000009999689,0],[112.53138000000001,-7.1825400009999498,0],[112.53131000000008,-7.182489999999973,0],[112.53124000000003,-7.1824499999999603,0],[112.5311699990001,-7.1824099999999476,0],[112.53110000000004,-7.1823699999999349,0],[112.5310300000001,-7.1823399999999538,0],[112.53097000000002,-7.1823100009999621,0],[112.53090000000009,-7.1822900009999557,0],[112.53083000000004,-7.1822700009999494,0],[112.53077000000008,-7.182250000999943,0],[112.53070000000002,-7.1822300009999367,0],[112.53064000000006,-7.1822199999999725,0],[112.5305800000001,-7.1822100009999303,0],[112.53052000000002,-7.1821999999999662,0],[112.53046000000006,-7.1821900009999808,0],[112.53038000000004,-7.1821799999999598,0],[112.53027000000009,-7.1821799999999598,0],[112.53019000000006,-7.1821799999999598,0],[112.53012000000001,-7.1821799999999598,0],[112.53005000000007,-7.1821799999999598,0],[112.52997999900003,-7.1821900009999808,0],[112.52989000000002,-7.1821999999999662,0],[112.52980000000002,-7.1822199999999725,0],[112.52972000000011,-7.1822499999999536,0],[112.52967000000001,-7.1822900009999557,0],[112.52965000000006,-7.1823499999999285,0],[112.52963000000011,-7.1824199999999792,0],[112.52962000000002,-7.1824999999999477,0],[112.52962000000002,-7.1825800009999625,0],[112.52962000000002,-7.1826899999999796,0],[112.52962000000002,-7.1827699999999481,0],[112.52963000000011,-7.1828399999999419,0],[112.52963000000011,-7.182899999999961,0],[112.52963000000011,-7.18295999999998,0],[112.52963000000011,-7.1830399999999486,0],[112.52964000000009,-7.1831499999999551,0],[112.52965000000006,-7.1832399999999552,0],[112.52966000000004,-7.1833299999999554,0],[112.52966000000004,-7.1834099999999808,0],[112.52967000000001,-7.183469999999943,0],[112.5296800000001,-7.183529999999962,0],[112.52970000000005,-7.1835999999999558,0],[112.52971000000002,-7.1836699999999496,0],[112.52972000000011,-7.1837500009999644,0],[112.52973000000009,-7.183830000999933,0],[112.52975000000004,-7.1839199999999437,0],[112.52976000000001,-7.1840099999999438,0],[112.5297700000001,-7.1841099999999756,0],[112.5297700000001,-7.1842099999999505,0],[112.52978000000007,-7.184319999999957,0],[112.52978000000007,-7.1844199999999319,0],[112.52978000000007,-7.1845300009999278,0],[112.52978000000007,-7.1846300009999595,0],[112.52978000000007,-7.184729999999945,0],[112.52978000000007,-7.1848299999999767,0],[112.52978000000007,-7.1849200009999663,0],[112.52978000000007,-7.185009999999977,0],[112.52978000000007,-7.1850899999999456,0],[112.52978000000007,-7.185169999999971,0],[112.52978000000007,-7.1852499999999395,0],[112.5297700000001,-7.1853300009999543,0],[112.5297700000001,-7.1854100009999797,0],[112.52976000000001,-7.1854899999999589,0],[112.52976000000001,-7.185579999999959,0],[112.52975000000004,-7.1856800009999802,0],[112.52974000000006,-7.1857899999999404,0],[112.52973000000009,-7.1858999999999469,0],[112.52972000000011,-7.1860099999999534,0],[112.52971000000002,-7.1861300009999809,0],[112.52970000000005,-7.1862399999999411,0],[112.52969000000007,-7.1863499999999476,0],[112.5296800000001,-7.1864600009999435,0],[112.52967000000001,-7.1865600009999753,0],[112.52966000000004,-7.1866599999999607,0],[112.52966000000004,-7.1867499999999609,0],[112.52965000000006,-7.186839999999961,0],[112.52965000000006,-7.1869300009999506,0],[112.52964000000009,-7.187010000999976,0],[112.52964000000009,-7.1870899999999551,0],[112.52963000000011,-7.1871699999999805,0],[112.52963000000011,-7.1872400009999637,0],[112.52962000000002,-7.1873200009999323,0],[112.52961000000005,-7.1873899999999367,0],[112.52960000000007,-7.1874599999999305,0],[112.52958999900011,-7.1875399999999559,0],[112.52958000000001,-7.1876100009999391,0],[112.52958000000001,-7.1876900009999645,0],[112.52956999900005,-7.187770000999933,0],[112.52956999900005,-7.187849999999969,0],[112.52956000000006,-7.1879399999999691,0],[112.52956000000006,-7.1880200009999271,0],[112.52956000000006,-7.1881000009999525,0],[112.52956000000006,-7.1881899999999632,0],[112.52956000000006,-7.1882699999999318,0],[112.52956000000006,-7.1883399999999256,0],[112.52956000000006,-7.188419999999951,0],[112.52956000000006,-7.1884900009999342,0],[112.52956000000006,-7.1885500009999532,0],[112.52956999900005,-7.188609999999926,0],[112.52956999900005,-7.188669999999945,0],[112.52958000000001,-7.1887299999999641,0],[112.52960000000007,-7.1888099999999326,0],[112.52961000000005,-7.1889000009999791,0],[112.52963000000011,-7.1889600009999413,0],[112.52966000000004,-7.1890199999999709,0],[112.5296800000001,-7.1890799999999331,0],[112.52971000000002,-7.1891399999999521,0],[112.52975000000004,-7.1892199999999775,0],[112.52981000000011,-7.1893300009999734,0],[112.52984000000004,-7.1893999999999778,0],[112.52988000000005,-7.1894499999999653,0],[112.52993000000004,-7.1895299999999338,0],[112.52999000000011,-7.1896099999999592,0],[112.53003000000001,-7.1896800009999424,0],[112.53009000000009,-7.1897599999999784,0],[112.5301300000001,-7.1898199999999406,0],[112.53016000000002,-7.1898799999999596,0],[112.53018000000009,-7.1899499999999534,0],[112.5302200000001,-7.1900500009999746,0],[112.53024000000005,-7.1901499999999601,0],[112.53024000000005,-7.1902299999999286,0],[112.53021000000001,-7.1902999999999793,0],[112.53016000000002,-7.1903600009999309,0],[112.53009000000009,-7.1904200009999499,0],[112.53002000000004,-7.190480000999969,0],[112.52995999900008,-7.1905200009999248,0],[112.52991000000009,-7.1905599999999481,0],[112.52985000000001,-7.1905999999999608,0],[112.52980000000002,-7.1906399999999735,0],[112.52973000000009,-7.1906899999999609,0],[112.52967000000001,-7.1907500009999694,0],[112.52962000000002,-7.190830000999938,0],[112.52960000000007,-7.1909100009999634,0],[112.52958999900011,-7.1909999999999741,0],[112.52958000000001,-7.1910699999999679,0],[112.52958000000001,-7.1911499999999364,0],[112.52958000000001,-7.1912600009999323,0],[112.52958000000001,-7.1913399999999683,0],[112.52958000000001,-7.1913999999999305,0],[112.52958999900011,-7.1914599999999496,0],[112.52961000000005,-7.191539999999975,0],[112.52963000000011,-7.1916399999999499,0],[112.52965000000006,-7.1917399999999816,0],[112.52966000000004,-7.1918399999999565,0],[112.52967000000001,-7.1919200009999713,0],[112.52967000000001,-7.1920000009999399,0],[112.52967000000001,-7.1920800009999653,0],[112.52966000000004,-7.192169999999976,0],[112.52966000000004,-7.1922399999999698,0],[112.52965000000006,-7.1923199999999383,0],[112.52963000000011,-7.1924199999999701,0],[112.52962000000002,-7.1924799999999323,0],[112.52961000000005,-7.1925499999999261,0],[112.52960000000007,-7.1926299999999515,0],[112.52958999900011,-7.1927099999999768,0],[112.52958000000001,-7.1928000009999664,0],[112.52956999900005,-7.1928899999999771,0],[112.5295499990001,-7.1929999999999268,0],[112.52953000000002,-7.1931100009999795,0],[112.52952000000005,-7.1932300009999608,0],[112.5295000000001,-7.1933599999999274,0],[112.52947000000006,-7.1935000009999612,0],[112.52946000000009,-7.1936200009999425,0],[112.53027000000009,-7.1938099999999281,0],[112.5302200000001,-7.1939700009999683,0],[112.53016000000002,-7.1941999999999666,0],[112.53003000000001,-7.1948399999999424,0],[112.5300400000001,-7.1949499999999489,0],[112.52971000000002,-7.1963900009999406,0],[112.52947000000006,-7.1973499999999717,0],[112.52935000000002,-7.1979300009999747,0],[112.52924000000007,-7.1983499999999481,0],[112.52915999900006,-7.1987399999999298,0],[112.52913000000001,-7.19891999999993,0],[112.52906000000007,-7.1991999999999621,0],[112.52904000000001,-7.1993199999999433,0],[112.52907000000005,-7.1995699999999374,0],[112.52911000000006,-7.1996999999999503,0],[112.52917999900001,-7.1997499999999377,0],[112.52894000000003,-7.200369999999964,0],[112.52818000000002,-7.2007000009999729,0],[112.52792000000011,-7.200779999999952,0],[112.52775000000008,-7.2008499999999458,0],[112.52761999900008,-7.2008499999999458,0],[112.52756000000011,-7.2008899999999585,0],[112.52748000000008,-7.2009399999999459,0],[112.52739000000008,-7.2009900009999797,0],[112.52729000000011,-7.2010399999999777,0],[112.52718999900003,-7.2010999999999399,0],[112.52708000000007,-7.2011599999999589,0],[112.52698000000009,-7.201219999999978,0],[112.52688000000001,-7.2012799999999402,0],[112.5267999990001,-7.2013400009999486,0],[112.52672000000007,-7.2013899999999467,0],[112.52665000000002,-7.2014400009999804,0],[112.52660000000003,-7.2014899999999784,0],[112.52655000000004,-7.2015299999999343,0],[112.52650000000006,-7.201569999999947,0],[112.52644999900008,-7.201629999999966,0],[112.52638000000002,-7.2017100009999808,0],[112.52631000000008,-7.2017900009999494,0],[112.52625,-7.2018500009999684,0],[112.52619000000004,-7.2019199999999728,0],[112.52611000000002,-7.2020099999999729,0],[112.52605000000005,-7.2020799999999667,0],[112.52600000000007,-7.2021200009999689,0],[112.52596000000005,-7.2021699999999669,0],[112.52591000000007,-7.2022200009999437,0],[112.52586000000008,-7.2022699999999418,0],[112.52581000000009,-7.2023199999999292,0],[112.5257600000001,-7.2023799999999483,0],[112.52570000000003,-7.2024299999999357,0],[112.52564999900005,-7.20247999999998,0],[112.52560000000005,-7.2025399999999422,0],[112.52554000000009,-7.2025900009999759,0],[112.52548000000002,-7.2026500009999381,0],[112.52543000000003,-7.2027099999999677,0],[112.52537000000007,-7.2027599999999552,0],[112.52532000000008,-7.2028199999999742,0],[112.52525999900001,-7.2028699999999617,0],[112.52521000000002,-7.2029200009999386,0],[112.52516000000003,-7.2029800009999576,0],[112.52511000000004,-7.2030299999999556,0],[112.52507000000003,-7.2030799999999431,0],[112.52502000000004,-7.2031299999999305,0],[112.5249500000001,-7.2031999999999812,0],[112.5248600000001,-7.2032900009999707,0],[112.52480000000003,-7.2033500009999329,0],[112.52474000000007,-7.203399999999931,0],[112.52466000000004,-7.2034699999999248,0],[112.5245900000001,-7.2035199999999691,0],[112.52453000000003,-7.2035599999999249,0],[112.52444000000003,-7.2035999999999376,0],[112.52437000000009,-7.2036399999999503,0],[112.52430000000004,-7.2036699999999314,0],[112.52421000000004,-7.2037099999999441,0],[112.52412999900002,-7.2037400009999715,0],[112.5240500000001,-7.2037699999999631,0],[112.5239600000001,-7.2038000009999337,0],[112.52390000000003,-7.2038299999999253,0],[112.52384000000006,-7.2038599999999633,0],[112.52377000000001,-7.2038899999999444,0],[112.52369999900009,-7.2039199999999255,0],[112.52362000000005,-7.2039499999999634,0],[112.52353000000005,-7.2039999999999509,0],[112.5234200000001,-7.2040399999999636,0],[112.52328000000011,-7.2040999999999258,0],[112.52309000000002,-7.2041700009999659,0],[112.52287000000001,-7.204249999999945,0],[112.52259000000004,-7.2043499999999767,0],[112.52224000000001,-7.2044600009999726,0],[112.52203014300005,-7.2044597189999422,0],[112.52152760100012,-7.2045282469999279,0],[112.5211333100001,-7.2045631179999532,0],[112.52113285200005,-7.2045822889999727,0],[112.52112295800009,-7.2046381919999476,0],[112.52111292200004,-7.2046956359999399,0],[112.52110516800008,-7.2047664539999801,0],[112.52111845100001,-7.2048989489999258,0],[112.52112930400006,-7.2049510789999545,0],[112.52112499000009,-7.204978667999967,0],[112.5211055740001,-7.2050671539999485,0],[112.52110146700011,-7.2051118279999287,0],[112.52110154200011,-7.2051341589999538,0],[112.52110426600007,-7.205167691999975,0],[112.52111224600003,-7.2052095249999297,0],[112.5211247420001,-7.2052850659999308,0],[112.5211327610001,-7.2052941699999451,0],[112.52124914000001,-7.2053321169999549,0],[112.52126036400011,-7.2053394929999399,0],[112.52126628700012,-7.2053468889999408,0],[112.52126632200009,-7.2053570139999579,0],[112.52125683300005,-7.2054001719999405,0],[112.52124311000011,-7.2054719999999293,0],[112.52123316400002,-7.2055343249999737,0],[112.52124153400007,-7.2056482139999503,0],[112.52126466100003,-7.2057321279999655,0],[112.52127113400002,-7.2057481079999661,0],[112.52128288600011,-7.2057571109999685,0],[112.52129246600009,-7.2057639499999482,0],[112.52131062300009,-7.20576813699995,0],[112.52131927200003,-7.2057867329999681,0],[112.52135796200002,-7.2058809009999436,0],[112.52136007500008,-7.2058872249999695,0],[112.52136125200002,-7.2059043059999794,0],[112.52135808500009,-7.2059176069999467,0],[112.52135489300008,-7.2059229529999698,0],[112.52134960800004,-7.2059277619999307,0],[112.52134103000003,-7.2059304119999297,0],[112.52131864100011,-7.2059331989999578,0],[112.52129948400011,-7.2059428479999497,0],[112.52128135000009,-7.2059455289999619,0],[112.52127017000009,-7.2059514429999467,0],[112.52126435700006,-7.2059546249999471,0],[112.52125528700003,-7.2059664089999274,0],[112.52125531400009,-7.2059743649999746,0],[112.52125584700002,-7.2059775269999591,0],[112.52127224000003,-7.2059902199999328,0],[112.52133525500005,-7.2060341319999566,0],[112.52143843700003,-7.2061003289999803,0],[112.52148849500009,-7.2062225759999592,0],[112.52151197900002,-7.2062342509999553,0],[112.52155760400001,-7.2062808419999556,0],[112.52157844400006,-7.20630581599994,0],[112.52158598000005,-7.2063265859999319,0],[112.52160649600012,-7.2063887169999248,0],[112.52162219400009,-7.2064616249999744,0],[112.52162113800011,-7.2065033079999807,0],[112.52167257500003,-7.2065012389999765,0],[112.52174595500003,-7.2065194369999404,0],[112.52185176400008,-7.2065447609999751,0],[112.52192731700006,-7.2065653039999802,0],[112.52196771400008,-7.2065659829999618,0],[112.52199149400008,-7.2065546029999723,0],[112.52202039100007,-7.2065779229999407,0],[112.52202859300007,-7.2065748219999364,0],[112.52214120500003,-7.2065358439999727,0],[112.52219446600009,-7.2065210179999326,0],[112.52224736300002,-7.2066434379999578,0],[112.52227662000007,-7.2068190059999324,0],[112.52227475300003,-7.2069531779999352,0],[112.52226021500007,-7.2069821579999598,0],[112.52226094000002,-7.2070202179999683,0],[112.52230880000002,-7.2071766469999261,0],[112.52236974300001,-7.2071819609999466,0],[112.52241098000002,-7.2071891449999725,0],[112.52241287900006,-7.2072208719999367,0],[112.52241478500002,-7.2074111779999726,0],[112.52242471800002,-7.2074344699999529,0],[112.52246456700004,-7.2075398469999641,0],[112.52256140000009,-7.2078065019999258,0],[112.52257556000006,-7.2078211909999368,0],[112.52275946600002,-7.2078459839999596,0],[112.52292805200011,-7.207866939999974,0],[112.52311794600007,-7.2078960519999669,0],[112.52316469700008,-7.2078996019999408,0],[112.5231831640001,-7.2079068649999272,0],[112.52318323700001,-7.20792901599998,0],[112.52315551400011,-7.2081009739999331,0],[112.52323055600004,-7.2081025339999769,0],[112.52333204500007,-7.2081089749999592,0],[112.52337419600008,-7.2081208599999513,0],[112.52342526300004,-7.2081421159999763,0],[112.52345775400011,-7.2082795199999623,0],[112.52346883100006,-7.2082880739999382,0],[112.52352114300004,-7.2083020009999359,0],[112.52358090400003,-7.2083331759999396,0],[112.52359265000007,-7.2083404579999524,0],[112.52360808100002,-7.2083551429999488,0],[112.52361363600005,-7.2083643479999751,0],[112.52361427200003,-7.2083760079999593,0],[112.52361429700011,-7.208383332999972,0],[112.52361185300003,-7.2083894869999767,0],[112.52361067200002,-7.2083938299999772,0],[112.52359356200009,-7.2084121499999583,0],[112.52358188200003,-7.2084251189999691,0],[112.52357828000004,-7.208441673999971,0],[112.52358693800011,-7.2084631639999657,0],[112.52361289000009,-7.2084986979999712,0],[112.52362224000001,-7.2085256089999348,0],[112.52361507300009,-7.2085931689999256,0],[112.52361166900005,-7.2086693029999651,0],[112.52360611900008,-7.2087065709999365,0],[112.52360377600007,-7.2087428339999633,0],[112.52357510600007,-7.2087879539999449,0],[112.52353784800005,-7.2088994619999767,0],[112.5234919720001,-7.2090459859999783,0],[112.52346303000002,-7.2090988839999568,0],[112.52343728300002,-7.2091474279999375,0],[112.52342747700004,-7.2091621059999511,0],[112.52342169300005,-7.2091743299999393,0],[112.52342217500006,-7.2091840919999299,0],[112.52342662400008,-7.2091972769999302,0],[112.5234350500001,-7.2092163259999325,0],[112.52344985100001,-7.2092441219999728,0],[112.52345917800005,-7.2092646139999488,0],[112.52346125300005,-7.2092822369999681,0],[112.52346228900001,-7.2093017619999387,0],[112.52346183300006,-7.2093218339999794,0],[112.52345488200001,-7.2093418389999329,0],[112.52344004600002,-7.2093708199999469,0],[112.52342716200008,-7.2094255599999428,0],[112.52341272500007,-7.2095959399999288,0],[112.52339301600011,-7.2096637229999487,0],[112.52335336700003,-7.209752544999958,0],[112.52333866700008,-7.209822299999928,0],[112.52332109100007,-7.2099697249999508,0],[112.52328982000006,-7.2101749669999435,0],[112.52328618200011,-7.2102925109999774,0],[112.52340019200005,-7.2103589439999496,0],[112.52344239600006,-7.2104314939999767,0],[112.52346022300003,-7.2104930029999537,0],[112.52346134100003,-7.2105148789999589,0],[112.5234584640001,-7.210547796999947,0],[112.52344461600001,-7.2105817459999457,0],[112.5234158290001,-7.210636630999943,0],[112.52340493000008,-7.210659537999959,0],[112.5233979520001,-7.2106714959999749,0],[112.52336199900003,-7.2106596809999814,0],[112.52333202200009,-7.2106488429999445,0],[112.52330602900008,-7.2106459459999428,0],[112.52329210000005,-7.2106559369999559,0],[112.52326037400007,-7.2107247539999548,0],[112.52323724700011,-7.2109539289999702,0],[112.52324422200002,-7.2109632189999502,0],[112.52337787800002,-7.2109877239999491,0],[112.52372791500011,-7.2110352879999482,0],[112.52410635800004,-7.2110705509999775,0],[112.52474266400009,-7.2111873169999399,0],[112.52539599200009,-7.2113029379999602,0],[112.52537687800009,-7.2114812889999484,0],[112.52525850300003,-7.2115163119999579,0],[112.52523207900003,-7.2118308419999266,0],[112.52563350900004,-7.2118856469999741,0],[112.52561891800008,-7.2119875869999532,0],[112.52561224100009,-7.2120225079999614,0],[112.52561005200005,-7.2120377019999751,0],[112.52560837800002,-7.2120507269999621,0],[112.52559376400006,-7.2120569249999562,0],[112.52557063000006,-7.2120604359999447,0],[112.52549604800004,-7.2120629459999464,0],[112.52545767000004,-7.2120624419999331,0],[112.52543505600011,-7.2120654109999691,0],[112.52542321200008,-7.2120738569999503,0],[112.52541480600007,-7.2120829269999263,0],[112.52540866300001,-7.2120993109999745,0],[112.52540142100008,-7.2121438159999798,0],[112.52539704600008,-7.2121753839999769,0],[112.52539536400002,-7.2121856059999345,0],[112.52537733200006,-7.2121968759999504,0],[112.52535533100001,-7.2122042739999301,0],[112.52534240300008,-7.2122229399999469,0],[112.52533739400008,-7.2122438409999745,0],[112.52534718200002,-7.2122905509999669,0],[112.52534633300002,-7.2123040249999804,0],[112.52532686200004,-7.2123316659999546,0],[112.52526371500005,-7.2123824139999329,0],[112.52522391500008,-7.2125146349999341,0],[112.5252078850001,-7.2125434389999441,0],[112.52515387200003,-7.2125792399999682,0],[112.52509190100011,-7.2126241999999365,0],[112.52503227500006,-7.2127002519999337,0],[112.52497846800009,-7.2127751109999281,0],[112.52492332700001,-7.2128085639999426,0],[112.52492693600004,-7.2128600869999673,0],[112.52493562500001,-7.2130472939999777,0],[112.52490369700001,-7.213144950999947,0],[112.52488331900008,-7.2132357909999314,0],[112.52485116700007,-7.2133813609999606,0],[112.52481631400008,-7.213539156999957,0],[112.52479973700008,-7.2137391059999345,0],[112.52478039000005,-7.2138035429999263,0],[112.52478400900009,-7.2138585899999725,0],[112.52469090500006,-7.2141942269999504,0],[112.52458392800008,-7.2145564019999711,0],[112.52485584400006,-7.2146416539999336,0],[112.52481700700002,-7.2147943939999664,0],[112.52463138600001,-7.2154623239999296,0],[112.52441608000004,-7.2161622689999376,0],[112.52432951300011,-7.2164209469999605,0],[112.52431116700006,-7.2164497579999534,0],[112.52430664500002,-7.2164819599999532,0],[112.52430902800006,-7.2165025639999385,0],[112.5243333090001,-7.2165289729999813,0],[112.52430697300008,-7.2166242619999252,0],[112.52429012900006,-7.2167449239999542,0],[112.52425474400002,-7.2168358119999425,0],[112.52420123700006,-7.2170002649999674,0],[112.5241840330001,-7.2170140629999651,0],[112.52416224600006,-7.2170405369999457,0],[112.52414628400004,-7.2170900429999278,0],[112.52415565600006,-7.2171462469999597,0],[112.52409598100007,-7.21727491799993,0],[112.52401285000008,-7.2175565499999266,0],[112.52396141500003,-7.2176486659999455,0],[112.52387429700002,-7.2178543669999726,0],[112.52380130400002,-7.2180418479999275,0],[112.52375325600008,-7.2181419099999289,0],[112.52363994000007,-7.218328440999926,0],[112.52355727600002,-7.2184594499999548,0],[112.52352985400012,-7.2185204759999806,0],[112.52350501900003,-7.2186629539999672,0],[112.5233942640001,-7.2189229799999453,0],[112.523387791,-7.2190859189999514,0],[112.52337952200003,-7.2193593419999615,0],[112.52340143000004,-7.2193684919999441,0],[112.52334599400001,-7.219626251999955,0],[112.52366449600004,-7.2196891339999638,0],[112.52402777100008,-7.2197608559999367,0],[112.52400687800002,-7.2198543179999319,0],[112.52398137200009,-7.2199522269999648,0],[112.52397769600009,-7.2199917469999377,0],[112.52393304000009,-7.2201682849999429,0],[112.5239249660001,-7.2202322309999545,0],[112.52389408300007,-7.2203967879999595,0],[112.52386838000007,-7.2204137809999338,0],[112.52385573100003,-7.2204273839999473,0],[112.52381311000011,-7.2206541829999651,0],[112.52376403100004,-7.2206693549999272,0],[112.52372901100011,-7.2207804939999392,0],[112.52366804300004,-7.2209690199999272,0],[112.52364518100001,-7.2210317499999519,0],[112.52363517300012,-7.221053119999965,0],[112.52361478600005,-7.2211636679999742,0],[112.52360120200001,-7.2212321529999599,0],[112.52358992200004,-7.2212528949999637,0],[112.52356164500009,-7.2212593169999764,0],[112.52352963500005,-7.2212656629999401,0],[112.52351389300009,-7.2212695119999353,0],[112.52350198200008,-7.2212802209999722,0],[112.52349508700001,-7.2212947089999489,0],[112.52349074000006,-7.2213122619999695,0],[112.52349019400003,-7.2213273629999435,0],[112.52348512300011,-7.2213292789999741,0],[112.5234681610001,-7.2213255369999274,0],[112.52341651200004,-7.2213093459999413,0],[112.52305898500003,-7.2211676939999734,0],[112.52281771900005,-7.221072483999933,0],[112.52271321100011,-7.2210351329999298,0],[112.52259918900006,-7.2209884999999758,0],[112.52254763000008,-7.2209767379999334,0],[112.52251271400007,-7.2210747679999372,0],[112.52250390500001,-7.2210747969999716,0],[112.52247244800003,-7.2210680299999694,0],[112.52243276900003,-7.2210586709999802,0],[112.52239499700011,-7.221061327999962,0],[112.52237241100011,-7.2210727049999264,0],[112.52235359400004,-7.2210947359999409,0],[112.52234117000012,-7.221130579999965,0],[112.52233684300006,-7.2211538299999347,0],[112.52233480700011,-7.2211926209999433,0],[112.52226582300011,-7.2212619249999648,0],[112.52221446900001,-7.2213336999999456,0],[112.52218499000003,-7.2213601979999567,0],[112.52212909200011,-7.221390491999955,0],[112.52210648300002,-7.2213949959999582,0],[112.52192082700003,-7.2213622539999278,0],[112.52189938900005,-7.2213592519999565,0],[112.52188316200011,-7.2213966449999702,0],[112.52186126800007,-7.2214363179999737,0],[112.52182822800012,-7.2215368729999341,0],[112.52175277000003,-7.2215231099999642,0],[112.52162500300005,-7.2214971369999716,0],[112.52139144400007,-7.2214514459999464,0],[112.52121594100004,-7.2214179459999741,0],[112.52104281100003,-7.2213795569999775,0],[112.52078469500009,-7.2213138769999432,0],[112.52065568700004,-7.2212738939999781,0],[112.52050827500011,-7.2212229419999403,0],[112.52045600400004,-7.2211992469999586,0],[112.52037710900004,-7.2211178709999331,0],[112.52023054900008,-7.2211208899999519,0],[112.52009779900004,-7.2210556969999402,0],[112.51994657000012,-7.2209796219999589,0],[112.51998215300011,-7.2208579029999669,0],[112.52000209200003,-7.220791927999926,0],[112.52005496300001,-7.2206152729999644,0],[112.52006594200009,-7.2205495099999553,0],[112.52006136800003,-7.220498713999973,0],[112.52002989500011,-7.2204868849999571,0],[112.5199543010001,-7.2204551319999268,0],[112.51978820300008,-7.2203983659999267,0],[112.51967421100005,-7.2203604129999803,0],[112.51954571500005,-7.2203168999999434,0],[112.51945880000005,-7.2202713529999301,0],[112.51932400400005,-7.2202197249999358,0],[112.51918884000008,-7.2201690049999456,0],[112.51897025700009,-7.2200912559999324,0],[112.51893492000011,-7.2200631659999317,0],[112.51887081400002,-7.2200278479999724,0],[112.51878701500004,-7.2199985629999333,0],[112.51860365300001,-7.2198918569999364,0],[112.5185273940001,-7.2198619149999672,0],[112.5184253650001,-7.2198289839999461,0],[112.51841100100012,-7.2197758699999781,0],[112.51834994700005,-7.2197426259999702,0],[112.51831016800008,-7.2197209659999544,0],[112.51811669500012,-7.2196274919999723,0],[112.51805692100004,-7.219615125999951,0],[112.51795367200009,-7.2195966629999475,0],[112.51791918300012,-7.2195993079999425,0],[112.5177726070001,-7.2195967239999277,0],[112.5177128680001,-7.2195950209999751,0],[112.51762905800001,-7.2195620309999526,0],[112.51761674700003,-7.2195757979999371,0],[112.5175200000001,-7.2195499989999803,0],[112.51725000100009,-7.2194999999999254,0],[112.51700000000005,-7.2194999999999254,0],[112.51669000000004,-7.2195299989999739,0],[112.5164400000001,-7.2196199999999635,0],[112.51601652600004,-7.219706619999954,0],[112.51600000000008,-7.2197100009999531,0],[112.51537000000008,-7.2198300009999343,0],[112.51454000100011,-7.2200599999999326,0],[112.51446000100009,-7.2200099999999452,0],[112.51418000000001,-7.2199599989999683,0],[112.51404000000002,-7.2199499999999261,0],[112.51388000000009,-7.2200399999999263,0],[112.5137800010001,-7.2201200009999411,0],[112.51369000000011,-7.2201400009999475,0],[112.51366923300009,-7.2201324479999585,0],[112.51365733000011,-7.2201418149999768,0],[112.51363105600001,-7.2201442539999334,0],[112.51359401700006,-7.2201428409999266,0],[112.51356390600006,-7.2201367929999378,0],[112.51342966800007,-7.2200953779999395,0],[112.5132758960001,-7.2200404649999541,0],[112.51316931600002,-7.2200084539999807,0],[112.51309907400002,-7.220005232999938,0],[112.5128800010001,-7.2200599999999326,0],[112.51265000000001,-7.2201099989999307,0],[112.51264935900008,-7.2201099989999307,0],[112.51263654800005,-7.2201135569999337,0],[112.51254405100008,-7.2201400829999329,0],[112.51245450900001,-7.220134954999935,0],[112.51237492600001,-7.2201159629999552,0],[112.51230698100005,-7.2200938559999486,0],[112.51213129400003,-7.220005022999942,0],[112.51200450600004,-7.2199360989999377,0],[112.51192126100011,-7.219848676999959,0],[112.51189366200003,-7.2198794179999481,0],[112.51180485700002,-7.2199612609999804,0],[112.51185981500009,-7.2200297899999555,0],[112.5118627920001,-7.2200493089999327,0],[112.51178748200005,-7.2201476519999801,0],[112.51174308400005,-7.2202686779999681,0],[112.51170252300005,-7.220263387999978,0],[112.5116372760001,-7.2203794179999363,0],[112.51154637500008,-7.2205271779999407,0],[112.51153552400001,-7.2206546919999255,0],[112.51145982600008,-7.2208611659999633,0],[112.51130206200003,-7.2208629559999622,0],[112.51122944600002,-7.2208732299999383,0],[112.51121193600011,-7.2208844989999648,0],[112.51118319400007,-7.2209083729999293,0],[112.51116572700005,-7.2209321169999612,0],[112.51115573800007,-7.2209372139999459,0],[112.51113445400006,-7.2209360179999749,0],[112.51113071300006,-7.2209334989999547,0],[112.51111679600001,-7.2209023539999748,0],[112.511091609,-7.2208499089999805,0],[112.51104263600007,-7.2208075789999384,0],[112.51098467400004,-7.2207565989999694,0],[112.51067968600012,-7.221258387999967,0],[112.51068094900006,-7.2213020519999418,0],[112.51060209800005,-7.2214133359999551,0],[112.51056211100001,-7.2215584859999353,0],[112.51050767900006,-7.2215586669999539,0],[112.51041593800005,-7.2217230639999457,0],[112.51003200800005,-7.2215672919999747,0],[112.50985466000009,-7.2214954609999609,0],[112.50977909400001,-7.2215618919999542,0],[112.50975933000007,-7.2216587859999777,0],[112.50963743200009,-7.2216461699999286,0],[112.50960464900004,-7.2217573009999683,0],[112.50951155200005,-7.2220420689999401,0],[112.50954000000002,-7.2220799999999485,0],[112.50965000000008,-7.2222599999999488,0],[112.50961999900005,-7.2223299999999426,0],[112.50953000000004,-7.222569999999962,0],[112.50911000000008,-7.222919999999931,0],[112.50889000000006,-7.2231499999999755,0],[112.50878000000012,-7.2232600009999715,0],[112.50868000000003,-7.2233499999999253,0],[112.50852000000009,-7.2234799999999382,0],[112.50848000000008,-7.2235799999999699,0],[112.50846999900011,-7.2237599999999702,0],[112.50844000000006,-7.2238799999999515,0],[112.50840000000005,-7.2239399999999705,0],[112.50830000000008,-7.2240600009999412,0],[112.50825000000009,-7.2241600009999729,0],[112.50815000000011,-7.2242699999999331,0],[112.50798000000009,-7.2244799999999714,0],[112.50790000000006,-7.2245799999999463,0],[112.50780000000009,-7.2248299999999404,0],[112.50778000000003,-7.2250099999999406,0],[112.50779000000011,-7.2253100009999685,0],[112.50840000000005,-7.2264400009999576,0],[112.50857000000008,-7.2269899999999438,0],[112.5085600000001,-7.2273899999999571,0],[112.50863000000004,-7.2275099999999384,0],[112.50861000000009,-7.2275799999999322,0],[112.50852000000009,-7.2276999999999703,0],[112.50800000000004,-7.2283199999999397,0],[112.5074800000001,-7.2291399999999726,0],[112.50735000000009,-7.2293299999999476,0],[112.5072100000001,-7.2295099999999479,0],[112.50678000000005,-7.2295600009999248,0],[112.50665000000004,-7.2296799999999735,0],[112.5064900000001,-7.2298999999999296,0],[112.5064000000001,-7.2301099999999678,0],[112.50642000000005,-7.230340000999945,0],[112.50641000000007,-7.2305099999999811,0],[112.5064000000001,-7.2306799999999498,0],[112.50635000000011,-7.2309499999999503,0],[112.50618000000009,-7.2313099999999508,0],[112.50615000000005,-7.2314700009999342,0],[112.50614000000007,-7.2316999999999325,0],[112.50634000000002,-7.2319099999999708,0],[112.50666000000001,-7.2321499999999332,0],[112.50669000000005,-7.2322799999999461,0],[112.50678000000005,-7.232599999999934,0],[112.50688999900001,-7.2328099999999722,0],[112.50705000000005,-7.2331599999999412,0],[112.5070572620001,-7.2331850859999349,0],[112.50709493700003,-7.2331966569999508,0],[112.50710013800006,-7.2332790029999501,0],[112.5070880830001,-7.233291559999941,0],[112.50716000000011,-7.2335400009999375,0],[112.50722000000007,-7.2337399999999548,0],[112.50723870100001,-7.2337867529999471,0],[112.50728058000004,-7.2338768289999393,0],[112.5072776610001,-7.2338841529999627,0],[112.50727073100006,-7.2339015429999449,0],[112.50705856000002,-7.2339804499999332,0],[112.50704393300009,-7.2340053609999586,0],[112.50704174000009,-7.2342222609999567,0],[112.50672204500006,-7.2343459149999489,0],[112.50672039700009,-7.2344755419999274,0],[112.50671896600011,-7.2345881339999778,0],[112.5068755640001,-7.2346091539999406,0],[112.50729477000004,-7.2346654279999711,0],[112.50777110800004,-7.234920342999942,0],[112.50800372800006,-7.235040903999959,0],[112.50800894600002,-7.2350832879999416,0],[112.50799478600004,-7.235136223999973,0],[112.50797975300009,-7.235174064999967,0],[112.50793969900008,-7.2352768139999739,0],[112.50770550700008,-7.2356950099999722,0],[112.50765397900011,-7.235805662999951,0],[112.50764215900006,-7.235933991999957,0],[112.50768478500004,-7.2359984939999435,0],[112.50790200500001,-7.2362480289999667,0],[112.50802962700004,-7.2363194819999421,0],[112.50810575200001,-7.2363531339999554,0],[112.50816806900002,-7.2363479429999416,0],[112.50817017400004,-7.2363477689999627,0],[112.50826657300001,-7.2363031469999441,0],[112.50834564500008,-7.2362798309999334,0],[112.50839202000009,-7.2362815759999535,0],[112.50844677100008,-7.236287180999966,0],[112.50855446000003,-7.236314489999927,0],[112.50860956600002,-7.236336999999935,0],[112.50868183200009,-7.2363778959999649,0],[112.50874606200011,-7.2364496499999404,0],[112.50882850900007,-7.2365432219999661,0],[112.50887791500008,-7.236690193999948,0],[112.50897000000009,-7.2367699999999786,0],[112.50904000000003,-7.2368099999999345,0],[112.50917000000004,-7.2367699999999786,0],[112.50941000000012,-7.2366400009999552,0],[112.50953630000004,-7.2365713589999814,0],[112.50964802100009,-7.2365106409999385,0],[112.5098318790001,-7.2364209189999542,0],[112.50993238100011,-7.2363899999999717,0],[112.51007460400001,-7.2363462469999718,0],[112.51013383100008,-7.2363505719999353,0],[112.51021593600001,-7.2363639509999302,0],[112.5102707960001,-7.2364023749999546,0],[112.51032570300003,-7.2364772329999596,0],[112.51035336400003,-7.2365544409999529,0],[112.51041271300005,-7.2366969499999527,0],[112.51043375200004,-7.2367474709999442,0],[112.51051166600007,-7.2368699879999667,0],[112.51056846300003,-7.2369068679999486,0],[112.5105674350001,-7.2370020719999388,0],[112.51052826200009,-7.2372350069999811,0],[112.51065490000008,-7.2372345869999322,0],[112.51112463700008,-7.2381974289999675,0],[112.51197964800008,-7.2379202869999517,0],[112.5120305480001,-7.2378232889999481,0],[112.51205849200005,-7.2377388439999777,0],[112.512091166,-7.2375948049999579,0],[112.51213243000007,-7.2375416869999754,0],[112.51217695600008,-7.2374588139999787,0],[112.51219006500003,-7.2374041639999405,0],[112.51224128300009,-7.2371205079999754,0],[112.51225000000011,-7.2370900009999559,0],[112.51229266300004,-7.2369353469999282,0],[112.51241000000005,-7.2365099999999529,0],[112.51243249900006,-7.2364564319999545,0],[112.5124798490001,-7.2362139519999573,0],[112.51252245700005,-7.2360262119999561,0],[112.51253537300011,-7.2360033849999468,0],[112.51256948500009,-7.2359773239999754,0],[112.51262797600009,-7.2359625749999736,0],[112.51267021600006,-7.2359559239999385,0],[112.51269134100005,-7.2359564939999359,0],[112.51270000000011,-7.2359499999999457,0],[112.51280000000008,-7.2359499999999457,0],[112.51291000000003,-7.2359999999999332,0],[112.5130200000001,-7.2361199999999712,0],[112.51314000000002,-7.2363299999999526,0],[112.51318159600009,-7.2363907939999308,0],[112.51327000000003,-7.2365199999999277,0],[112.51346000000001,-7.2367799999999534,0],[112.51351000000011,-7.2369399999999473,0],[112.51350019200004,-7.2371067289999473,0],[112.51349999900003,-7.2371099999999728,0],[112.51345000000003,-7.2372799999999415,0],[112.51336000000003,-7.2375399999999672,0],[112.51336000000003,-7.2377999999999361,0],[112.51339000000007,-7.2379499999999553,0],[112.51349000000005,-7.2380699999999365,0],[112.51361000000009,-7.2381499999999619,0],[112.51370000000009,-7.2381600009999261,0],[112.51382000000001,-7.2381200009999702,0],[112.51394999900003,-7.2379999999999427,0],[112.51397322300011,-7.2379651659999809,0],[112.51409000000001,-7.2377900009999507,0],[112.51421970500007,-7.237558384999943,0],[112.51425495400008,-7.237513025999931,0],[112.51448444500011,-7.2371797939999283,0],[112.51462352700003,-7.2369778399999518,0],[112.51466376300004,-7.2369298799999342,0],[112.5147192070001,-7.2368968769999356,0],[112.51480758800005,-7.236889079999969,0],[112.51487579400009,-7.2368988879999279,0],[112.51493911500006,-7.2369440619999637,0],[112.51496704300007,-7.2369893549999347,0],[112.51497743300001,-7.2370598389999259,0],[112.51498269700005,-7.2371379359999537,0],[112.51498794800011,-7.2371948689999499,0],[112.51499059900004,-7.2372236169999269,0],[112.51502622800001,-7.237316711999938,0],[112.51505893900003,-7.2373723479999512,0],[112.51510755600009,-7.2374550379999505,0],[112.51524956800006,-7.2376930459999471,0],[112.51532000000009,-7.2377399999999739,0],[112.51538000000005,-7.2380499999999302,0],[112.51535000000001,-7.2382299999999304,0],[112.51525000000004,-7.2384199999999623,0],[112.51485000000002,-7.238749999999925,0],[112.51444000000004,-7.2389899999999443,0],[112.51414424500001,-7.2391759039999783,0],[112.51406426400001,-7.239286409999977,0],[112.51418837100005,-7.2393778529999508,0],[112.51436541800001,-7.2395138709999287,0],[112.51440048200004,-7.2395493769999462,0],[112.51440741400006,-7.2395685209999669,0],[112.51440770200009,-7.2396544089999679,0],[112.51439689100005,-7.2396817479999527,0],[112.5143723330001,-7.2397064209999371,0],[112.51433411900007,-7.2397337619999576,0],[112.51429863100009,-7.2397502429999463,0],[112.51425901800008,-7.2397613149999529,0],[112.51418519800006,-7.2397697879999328,0],[112.51414279100004,-7.2397712839999713,0],[112.51410448600006,-7.239771411999925,0],[112.51408811500005,-7.2397659519999706,0],[112.51377689000003,-7.2395187229999465,0],[112.51365584700011,-7.2395625219999715,0],[112.51361631300006,-7.2395746769999505,0],[112.51354065600003,-7.2395921069999645,0],[112.51351829000009,-7.2396024879999459,0],[112.51351336100004,-7.2396694069999512,0],[112.51350491700009,-7.2397123809999471,0],[112.51349482500007,-7.2397759719999613,0],[112.51349161400003,-7.2398429769999666,0],[112.5134922630001,-7.2398589759999368,0],[112.51350136300005,-7.239900443999943,0],[112.51353076300006,-7.2399841549999451,0],[112.51354492300004,-7.2399982119999322,0],[112.51358753700003,-7.2400363149999407,0],[112.51363775800007,-7.2400719489999688,0],[112.51364732400009,-7.2402308569999718,0],[112.51369602600005,-7.2403258959999448,0],[112.51374916800012,-7.2404085349999718,0],[112.51378758600003,-7.2404870639999785,0],[112.51381159400012,-7.2405657299999575,0],[112.51381925700002,-7.2406470739999804,0],[112.51382139400005,-7.2407278919999385,0],[112.51403712300009,-7.2407976039999653,0],[112.51411601500001,-7.2405189699999255,0],[112.51414897600011,-7.2404390289999583,0],[112.51421345500012,-7.2403386419999265,0],[112.51427873500006,-7.2402773979999324,0],[112.51448294900001,-7.2401634359999321,0],[112.51461750700003,-7.2401194099999771,0],[112.51477953100004,-7.2401170619999675,0],[112.51487785600011,-7.2401349069999696,0],[112.51494714100011,-7.2401546569999482,0],[112.515222515,-7.2402045369999541,0],[112.51528000000008,-7.2401199999999335,0],[112.51541000000009,-7.2399999999999523,0],[112.51551454800006,-7.2399673289999669,0],[112.51557000000003,-7.2399499999999648,0],[112.51565103300004,-7.2399647329999652,0],[112.51564278700005,-7.2401847079999584,0],[112.51564473700012,-7.2405448019999312,0],[112.51560166800004,-7.2408402229999638,0],[112.51554708300011,-7.2408621939999307,0],[112.51548271000001,-7.2408874749999654,0],[112.51564000000008,-7.2410399999999413,0],[112.51563000100009,-7.2411199999999667,0],[112.51553000000001,-7.2413200019999522,0],[112.51543000000004,-7.2414199999999482,0],[112.5152700000001,-7.2414999999999736,0],[112.5152019730001,-7.2415181409999718,0],[112.5150284130001,-7.2415957849999586,0],[112.51484088900008,-7.2419453899999553,0],[112.51477365800008,-7.2421157639999478,0],[112.51468843900011,-7.2423331209999446,0],[112.51470381100012,-7.2424196839999695,0],[112.51473002600005,-7.2424210419999326,0],[112.51477357300007,-7.2424252359999741,0],[112.51480563200005,-7.2424338089999765,0],[112.51482738700008,-7.242441059999976,0],[112.51484782400007,-7.2424569029999475,0],[112.51489306800011,-7.2425220289999288,0],[112.5149253300001,-7.2425905419999594,0],[112.51492709900003,-7.2426283269999772,0],[112.51491248200011,-7.2426626969999575,0],[112.51491000100009,-7.242689999999925,0],[112.51486799500003,-7.2427800099999331,0],[112.51484000000005,-7.2428400009999336,0],[112.5146400000001,-7.2431099999999446,0],[112.51446000100009,-7.2433500019999428,0],[112.51452000100005,-7.2434599999999705,0],[112.51466000000005,-7.243569999999977,0],[112.51490000000001,-7.2437000019999687,0],[112.51502766600004,-7.2437585139999783,0],[112.51501872600011,-7.2437934019999375,0],[112.51514782800007,-7.2439041729999758,0],[112.51531808400011,-7.2441079319999631,0],[112.51540615700003,-7.2443650339999408,0],[112.51544243700005,-7.2444513459999484,0],[112.51564708900003,-7.2446918599999321,0],[112.51568937000002,-7.2447415509999473,0],[112.51573621200009,-7.2448154409999574,0],[112.51587180700005,-7.2450146129999666,0],[112.51595473200007,-7.2451386479999655,0],[112.51595878800003,-7.2451904389999413,0],[112.51595818300007,-7.2452999269999623,0],[112.51592795100009,-7.2453923359999521,0],[112.51590993200011,-7.2454295539999407,0],[112.51586476000011,-7.24547572299997,0],[112.51585443100009,-7.2454852619999315,0],[112.51584000000003,-7.2455099999999675,0],[112.5157200000001,-7.2456100019999781,0],[112.51567740000007,-7.2456322679999516,0],[112.51564806300007,-7.2456532859999356,0],[112.51545129300007,-7.2457607149999603,0],[112.51530339600004,-7.2458357059999798,0],[112.51524203200006,-7.2458616969999525,0],[112.51507000000004,-7.2459600009999576,0],[112.51484432800009,-7.2460983159999728,0],[112.51470677900011,-7.2461931829999457,0],[112.51458149600001,-7.2462644819999582,0],[112.51455529900011,-7.2462740609999514,0],[112.51443000000006,-7.2463500009999393,0],[112.51427000000001,-7.24643999999995,0],[112.51403000000005,-7.246599999999944,0],[112.51397671900008,-7.2466360929999496,0],[112.5138324190001,-7.2467839369999751,0],[112.51367430800008,-7.2469085959999688,0],[112.51363141500008,-7.2469209439999531,0],[112.51353676600002,-7.2469090529999676,0],[112.51351966800007,-7.2469090199999755,0],[112.5134405550001,-7.2469431869999426,0],[112.5134117130001,-7.2469388999999751,0],[112.51282772800005,-7.2468521059999489,0],[112.51275416800001,-7.2468494559999499,0],[112.51264549700011,-7.2469091259999345,0],[112.51261159800003,-7.2469318409999346,0],[112.5125777500001,-7.2469700169999669,0],[112.51250388100004,-7.2470981019999385,0],[112.51242725800012,-7.2474082799999451,0],[112.51243608600009,-7.2476373489999446,0],[112.51244437900004,-7.2479523069999345,0],[112.5125975310001,-7.2480195149999531,0],[112.51273904300001,-7.2480679569999324,0],[112.51278983700001,-7.248162716999957,0],[112.51303165900003,-7.2481960869999398,0],[112.51310015500007,-7.2482032719999552,0],[112.51311706000001,-7.2482567399999311,0],[112.51312825900004,-7.2483010019999483,0],[112.51318936300004,-7.2483444589999522,0],[112.51318000000003,-7.2484099999999785,0],[112.51318162100006,-7.2484237809999286,0],[112.51313829700007,-7.2486018529999683,0],[112.51313935100006,-7.2487160349999726,0],[112.51315477500009,-7.2487731229999781,0],[112.5131983330001,-7.2488698059999592,0],[112.51329235300011,-7.2490070959999571,0],[112.51336131200003,-7.249085612999977,0],[112.51343117800002,-7.2491446909999695,0],[112.51348848000009,-7.2491982019999455,0],[112.51355085200009,-7.2492495279999503,0],[112.51360406600008,-7.2493087499999547,0],[112.51362529100004,-7.2493364349999752,0],[112.51358814300011,-7.2494823009999436,0],[112.51355080500002,-7.2495933549999449,0],[112.51351808600009,-7.2496786319999273,0],[112.51348388300005,-7.2497445639999682,0],[112.51346549800007,-7.2498517589999665,0],[112.51344723700004,-7.2499736909999797,0],[112.51337981900008,-7.250111067999967,0],[112.51330441100004,-7.2502480179999793,0],[112.51327081500006,-7.2502723589999505,0],[112.51324385700002,-7.2502939669999478,0],[112.51320890000011,-7.250312977999954,0],[112.51317520200007,-7.250329183999952,0],[112.51312671200003,-7.250342815999943,0],[112.51308895900002,-7.250352343999964,0],[112.51307050100002,-7.2505493169999795,0],[112.51300952400004,-7.2505808929999489,0],[112.51297725300003,-7.2505988119999643,0],[112.51295940300008,-7.2506201169999258,0],[112.51294588700011,-7.2506422209999641,0],[112.51293996700008,-7.250658423999937,0],[112.51291001600009,-7.2507905219999316,0],[112.51290760300003,-7.2508728039999255,0],[112.51293200600003,-7.250935376999962,0],[112.51275840800008,-7.2509839619999639,0],[112.51271236400009,-7.2509925219999332,0],[112.51265683200006,-7.250977245999934,0],[112.51259004600001,-7.2509464579999303,0],[112.5125108200001,-7.2510581059999595,0],[112.51239658200006,-7.2512169739999308,0],[112.51238969100007,-7.2512556929999619,0],[112.51238395200005,-7.2513259599999742,0],[112.51238832900003,-7.2514516149999508,0],[112.51237267500005,-7.2515493999999308,0],[112.5123509010001,-7.251603265999961,0],[112.51231503000008,-7.2516392769999811,0],[112.5122793270001,-7.2517034069999795,0],[112.51223983000011,-7.2517717069999321,0],[112.51221795900005,-7.2518858759999603,0],[112.51217575500004,-7.2520606879999718,0],[112.51216342600003,-7.2521476129999769,0],[112.51216105500009,-7.2521979789999591,0],[112.51214001900007,-7.2522488589999625,0],[112.51210516700007,-7.2523220259999448,0],[112.51210024400007,-7.2523460909999358,0],[112.51207574800003,-7.2524117199999409,0],[112.51205748700011,-7.252444417999925,0],[112.51204964700003,-7.2524674989999767,0],[112.51204491700003,-7.2524817989999519,0],[112.51204720800001,-7.2525190409999709,0],[112.51204979400006,-7.2525335869999594,0],[112.51205679300006,-7.2525500189999548,0],[112.51206446000003,-7.2525650919999407,0],[112.51207399700002,-7.2525808819999611,0],[112.51206943800003,-7.2526021429999332,0],[112.51205029300002,-7.2526381919999494,0],[112.51202459500007,-7.2526575319999438,0],[112.51200658500011,-7.2526755849999631,0],[112.51198875700004,-7.2527257319999308,0],[112.51198199600003,-7.252780811999969,0],[112.51198845800002,-7.2527926339999453,0],[112.51202503700006,-7.2528343729999278,0],[112.5120189810001,-7.2529217269999435,0],[112.51196602400012,-7.252917383999943,0],[112.51187122500005,-7.2529276449999429,0],[112.51172464700005,-7.2529954869999642,0],[112.51168359300004,-7.253000143999941,0],[112.51163615300004,-7.252993068999956,0],[112.5116048430001,-7.2530086339999684,0],[112.511492524,-7.2530945349999456,0],[112.51145836900002,-7.2530854269999736,0],[112.51140671300004,-7.2530680589999292,0],[112.5112797810001,-7.2531158569999548,0],[112.51126134600008,-7.2531633819999684,0],[112.51110678400005,-7.2532331509999608,0],[112.51096650500006,-7.253197001999979,0],[112.51082960200006,-7.2531658119999634,0],[112.51071435100005,-7.2531112259999304,0],[112.51053091800009,-7.2531218719999515,0],[112.51047597500008,-7.2529025399999796,0],[112.5104413790001,-7.2528510309999774,0],[112.51039750300004,-7.2528154649999692,0],[112.51034709600003,-7.2527918539999519,0],[112.51030328500008,-7.2527760879999619,0],[112.51012169500007,-7.2527794039999662,0],[112.50998505900009,-7.2527613249999376,0],[112.50992673700011,-7.2527601619999587,0],[112.5098962400001,-7.2527510409999536,0],[112.50988476700002,-7.2528707819999454,0],[112.5098871780001,-7.2528996159999792,0],[112.50990341500005,-7.2529318369999487,0],[112.50992666600007,-7.2529629509999722,0],[112.50995680700009,-7.2529997379999713,0],[112.50997056600011,-7.2530952549999483,0],[112.50996633200009,-7.2531242909999492,0],[112.50996359900012,-7.2531780029999595,0],[112.50993919700011,-7.2532723819999774,0],[112.50982150000004,-7.2536938109999483,0],[112.50977904500007,-7.2538381549999258,0],[112.50977568600001,-7.2542196939999712,0],[112.50976792100005,-7.2544885989999557,0],[112.50975507400005,-7.2548460309999427,0],[112.5097574990001,-7.2550358829999482,0],[112.50980433600012,-7.2550859039999409,0],[112.50982970000007,-7.2551233399999546,0],[112.50984136600005,-7.2552852259999554,0],[112.5098172810001,-7.255385118999925,0],[112.50980870300009,-7.2554553039999519,0],[112.50981817000002,-7.2556520039999555,0],[112.50983019600005,-7.2559888299999784,0],[112.50979175400005,-7.256620469999973,0],[112.50988515900008,-7.2566620189999753,0],[112.50989403400001,-7.2569275219999554,0],[112.50985849000006,-7.257397861999948,0],[112.50983498800008,-7.2574038159999645,0],[112.50978420200011,-7.2574235129999352,0],[112.50965960200006,-7.2583056019999503,0],[112.50959228600004,-7.2587650159999271,0],[112.50957280700004,-7.2588578429999302,0],[112.5094403060001,-7.2588932709999767,0],[112.50946688400006,-7.2593618659999493,0],[112.50917179200007,-7.2594336369999724,0],[112.50922197500006,-7.2595463019999329,0],[112.50924713900008,-7.2596132119999766,0],[112.50925298300001,-7.2596419429999628,0],[112.5092419130001,-7.2597032769999714,0],[112.50923848700006,-7.2597282419999374,0],[112.509226721,-7.2597602859999597,0],[112.50921841600007,-7.2597780339999645,0],[112.50921852700003,-7.2598112129999777,0],[112.50922225400006,-7.2598538749999761,0],[112.5092319900001,-7.259929695999972,0],[112.50918554600003,-7.260535324999978,0],[112.50910714100007,-7.2611851779999483,0],[112.50896506000004,-7.2612141289999386,0],[112.50891509600001,-7.2614808229999426,0],[112.50887787900001,-7.2614939659999322,0],[112.50882136300004,-7.2617663759999687,0],[112.50871085000006,-7.26232728399998,0],[112.50919944900011,-7.2622186139999485,0],[112.50923740600001,-7.2622702029999573,0],[112.5092927820001,-7.2623278809999761,0],[112.50938300500002,-7.2623333659999503,0],[112.50942605200009,-7.262343800999929,0],[112.50951485100006,-7.2623923279999758,0],[112.50962352600004,-7.2624447649999411,0],[112.50968048800007,-7.2624630199999274,0],[112.50970432200006,-7.2624669179999728,0],[112.50977578400011,-7.2624666799999318,0],[112.50981408600001,-7.2624651959999369,0],[112.50984849700001,-7.2624611029999642,0],[112.50989080600004,-7.2624517409999498,0],[112.5099357360001,-7.2624449919999279,0],[112.51002305500003,-7.2624302369999327,0],[112.51015834200007,-7.2624015779999809,0],[112.51020365800002,-7.262398171999962,0],[112.51025493800012,-7.2623921249999626,0],[112.51028719400006,-7.2623912949999294,0],[112.51030750900009,-7.2623925819999613,0],[112.51033187700011,-7.262399734999974,0],[112.51034833100005,-7.2624075449999737,0],[112.51036090700006,-7.2624166349999655,0],[112.51042744600011,-7.2624629749999485,0],[112.5104425400001,-7.2624661789999436,0],[112.510668151,-7.262450509999951,0],[112.51063248900005,-7.2626841579999564,0],[112.51064528400002,-7.2627362809999454,0],[112.51066141300009,-7.26278106999996,0],[112.51066345400011,-7.2628106269999648,0],[112.51066254700004,-7.2628297069999803,0],[112.51065781200009,-7.2628430129999515,0],[112.51064637400009,-7.262861222999959,0],[112.51062351900009,-7.2628822749999813,0],[112.5106122410001,-7.2631722559999616,0],[112.51077359400006,-7.2631673789999809,0],[112.51104881300012,-7.2632450929999663,0],[112.51106061100006,-7.263248424999972,0],[112.51124870900003,-7.2632800009999414,0],[112.5113399710001,-7.26329532099993,0],[112.51155540500008,-7.2633403509999539,0],[112.51161944100011,-7.2633747629999448,0],[112.51164751500005,-7.2634633629999712,0],[112.51195399300002,-7.2636920709999799,0],[112.51201152800002,-7.2637030899999786,0],[112.51225279200003,-7.2637236219999295,0],[112.51230295400001,-7.2637179409999248,0],[112.51241441700006,-7.2637108789999729,0],[112.51241030300002,-7.2638874619999569,0],[112.51259742400009,-7.2639510289999407,0],[112.51261392300012,-7.2639724009999327,0],[112.51264306900009,-7.2640910109999481,0],[112.51264312300009,-7.2641070149999791,0],[112.51261910400001,-7.2641598029999273,0],[112.51261922700007,-7.2641963279999686,0],[112.51262540700009,-7.2643695319999324,0],[112.51262700400002,-7.2644228679999401,0],[112.51262135100001,-7.2644517269999369,0],[112.51260088200002,-7.2645164389999763,0],[112.5125712790001,-7.2645738569999594,0],[112.51256676500009,-7.2646082269999397,0],[112.51255322800012,-7.2646689369999535,0],[112.51255350300005,-7.2647513899999581,0],[112.51256178500012,-7.2647938559999261,0],[112.51260322500002,-7.2649266179999472,0],[112.51268531300002,-7.2649108849999493,0],[112.51275143700002,-7.2648998149999784,0],[112.51285595000002,-7.2648906969999416,0],[112.51290015600011,-7.264890548999972,0],[112.51294287400003,-7.2648918549999735,0],[112.51304015700009,-7.2649091589999557,0],[112.51317427800006,-7.2649336639999547,0],[112.51330932100007,-7.2649658529999783,0],[112.51345339500006,-7.2649968339999305,0],[112.5135073130001,-7.2650200699999345,0],[112.51351671700002,-7.2650410139999622,0],[112.5135297920001,-7.2650877109999783,0],[112.51353687300002,-7.2651063119999435,0],[112.51354513000001,-7.2651191229999768,0],[112.51356030500006,-7.2651237739999601,0],[112.5135872620001,-7.2651236839999456,0],[112.51360831500006,-7.2651224379999348,0],[112.51366213100005,-7.2651152979999551,0],[112.51375690700002,-7.2650974409999662,0],[112.51385788000005,-7.2650792029999707,0],[112.51436435700009,-7.2650868439999385,0],[112.51436822500011,-7.2650869019999504,0],[112.51442012700011,-7.2651170099999263,0],[112.51445965400001,-7.2651399389999369,0],[112.51488789300004,-7.2651804579999748,0],[112.51525143000003,-7.26518819599994,0],[112.51531598200006,-7.2651760449999756,0],[112.51554066200003,-7.265127467999946,0],[112.51554109200003,-7.2651288139999792,0],[112.51557695700001,-7.2651173819999713,0],[112.51554318400008,-7.2650634509999463,0],[112.51549801800002,-7.2649918249999814,0],[112.51544387700005,-7.264923218999968,0],[112.51539275100004,-7.2648605849999512,0],[112.51532669000005,-7.2648099629999479,0],[112.51528887100005,-7.2647787069999481,0],[112.5152365890001,-7.2647354959999575,0],[112.5152111650001,-7.2647066769999356,0],[112.5151734530001,-7.2646639299999265,0],[112.51511924200008,-7.2645743899999502,0],[112.51507400600008,-7.2644818279999299,0],[112.51502808000009,-7.2643261059999418,0],[112.51500666200002,-7.2642266459999405,0],[112.51500637900006,-7.2641424279999569,0],[112.51500753000005,-7.2641343899999811,0],[112.51501761800012,-7.2640639139999621,0],[112.51502885600007,-7.2639854009999567,0],[112.51504978000003,-7.2639374789999351,0],[112.51508209000008,-7.2638550669999518,0],[112.51513878800006,-7.2637957769999275,0],[112.51520648200005,-7.2637407629999302,0],[112.51524524600006,-7.2637212859999636,0],[112.515309849,-7.2637017219999507,0],[112.51537767200011,-7.263685402999954,0],[112.51541726000005,-7.2636820819999457,0],[112.51541780100001,-7.2636820669999338,0],[112.51558801300007,-7.2636771119999253,0],[112.51568149600007,-7.2636882839999544,0],[112.51579520700011,-7.2637295349999249,0],[112.51591465800004,-7.2637678959999334,0],[112.51598949100003,-7.263790614999948,0],[112.51605280300009,-7.2638076299999739,0],[112.51612329900001,-7.2638231849999784,0],[112.51617795200002,-7.2638301799999567,0],[112.51623548000009,-7.2638371659999734,0],[112.51628724400007,-7.2638398639999764,0],[112.51637357700008,-7.2638625439999487,0],[112.51645272700011,-7.2638866829999529,0],[112.51649452400011,-7.2639181259999646,0],[112.51652334300002,-7.2639381269999603,0],[112.5165680340001,-7.2639753019999489,0],[112.51659693100009,-7.2640182709999408,0],[112.51662732800003,-7.2640798979999772,0],[112.51666200800003,-7.2641328969999677,0],[112.51670686800003,-7.2642203149999318,0],[112.51673744700008,-7.2643364919999271,0],[112.51675228100009,-7.2644728189999341,0],[112.5167686960001,-7.2646522069999264,0],[112.51678490500001,-7.2647698679999735,0],[112.51679948800006,-7.2648315469999716,0],[112.51687839500005,-7.2650862389999702,0],[112.51688523600001,-7.2651083199999675,0],[112.51694477500007,-7.265286127999957,0],[112.51698678800005,-7.2653821689999631,0],[112.51702869600001,-7.2654466289999391,0],[112.51706605300001,-7.2655020229999536,0],[112.51720062900006,-7.2657015799999272,0],[112.51734057800002,-7.2658504079999489,0],[112.5174313980001,-7.2659247529999789,0],[112.51748322900005,-7.2659475479999287,0],[112.51752555400003,-7.2659637129999624,0],[112.51748549900003,-7.2664487299999792,0],[112.51747779800007,-7.266724379999971,0],[112.51747524000007,-7.2668191339999453,0],[112.51747624300003,-7.2671177239999452,0],[112.51747302100011,-7.2671762449999733,0],[112.51746164600002,-7.2673828439999397,0],[112.51789082500011,-7.2674536749999561,0],[112.51788406300011,-7.2677235789999486,0],[112.51801051000007,-7.2677040149999357,0],[112.5182634790001,-7.2676878559999523,0],[112.51843019100011,-7.2676719849999358,0],[112.51851833300009,-7.2676621199999545,0],[112.5185987750001,-7.2676427099999614,0],[112.51860312800011,-7.267462878999936,0],[112.51860382500001,-7.2674340609999604,0],[112.51879927000004,-7.2674123519999512,0],[112.51889933300004,-7.2674185889999308,0],[112.51894498100012,-7.2674214339999708,0],[112.51908867200007,-7.267399897999951,0],[112.51917871100011,-7.2673842839999452,0],[112.51932926500001,-7.2673673209999379,0],[112.51955769600011,-7.2673415839999507,0],[112.51977075900004,-7.2673076519999427,0],[112.51977271400006,-7.2673191299999758,0],[112.51974614900007,-7.2673996089999378,0],[112.51971760200001,-7.2674609549999332,0],[112.5196281100001,-7.2676392619999319,0],[112.51955373300007,-7.2677524399999811,0],[112.51946395800007,-7.2678465299999289,0],[112.51942771200004,-7.2678983309999694,0],[112.51939908200006,-7.2679347939999275,0],[112.51950289200011,-7.2680244059999382,0],[112.51984882200009,-7.2682912149999765,0],[112.52009489000011,-7.2685028499999476,0],[112.52022959700003,-7.2686171799999784,0],[112.52029481200009,-7.2686725299999466,0],[112.5203808440001,-7.2686052499999505,0],[112.52045702300006,-7.2685558609999248,0],[112.5204933230001,-7.2685520109999402,0],[112.52055972400001,-7.2685567609999566,0],[112.52059728100005,-7.2685553689999551,0],[112.5207167750001,-7.2685600309999359,0],[112.52080755600002,-7.2685756379999589,0],[112.52084386400008,-7.2685804889999304,0],[112.52081544900011,-7.2684506679999572,0],[112.52080947900004,-7.2683856099999389,0],[112.52080735700008,-7.2683243679999805,0],[112.52081279200002,-7.2682305609999389,0],[112.52086325400001,-7.2682386329999531,0],[112.5209182750001,-7.2682474329999422,0],[112.52096746800009,-7.2680558629999723,0],[112.52097880800011,-7.2680079739999428,0],[112.52098634700008,-7.2679696669999316,0],[112.52101468100011,-7.2678451589999327,0],[112.52104892600005,-7.2677684819999513,0],[112.52109857700009,-7.267712807999942,0],[112.52112531600005,-7.2676840069999571,0],[112.5212103230001,-7.2676362019999488,0],[112.52127559100006,-7.2676256029999422,0],[112.52135756400003,-7.2676339409999287,0],[112.5214195320001,-7.2676782349999485,0],[112.52147436900009,-7.2677397789999532,0],[112.5215465010001,-7.2678141849999633,0],[112.52163731700011,-7.2678870929999562,0],[112.52168773500011,-7.2679170699999531,0],[112.52175396700011,-7.2679469939999422,0],[112.52183981200005,-7.2679761259999509,0],[112.52187174000005,-7.2679780799999776,0],[112.52192707800009,-7.2679795209999725,0],[112.52198075700005,-7.26797617699998,0],[112.52201702200011,-7.2679681899999764,0],[112.52212496400011,-7.2679730239999571,0],[112.52222838500006,-7.2679468379999435,0],[112.52234324500012,-7.2679019499999526,0],[112.52240206600004,-7.2678658639999298,0],[112.52245797400008,-7.2678183039999453,0],[112.52252817500005,-7.2677462909999804,0],[112.52261545900001,-7.2676239769999711,0],[112.52266128400004,-7.267570707999937,0],[112.52269993000004,-7.267520334999972,0],[112.52272994100008,-7.2674671189999458,0],[112.5227370660001,-7.26744843299997,0],[112.52275850500007,-7.2674110369999312,0],[112.52275980200011,-7.2673694019999289,0],[112.52276112400011,-7.2673349449999591,0],[112.52274807900005,-7.2673034069999289,0],[112.52272206200007,-7.2672618629999306,0],[112.52269604900005,-7.2672217559999694,0],[112.52266855100004,-7.2671672979999471,0],[112.522652558,-7.2671142359999408,0],[112.52264507500001,-7.2670266939999806,0],[112.52264582700002,-7.2668228439999325,0],[112.52266272000008,-7.2667165579999278,0],[112.52268244100003,-7.2665959059999636,0],[112.5227052350001,-7.2665341019999801,0],[112.52273240900001,-7.2664923799999315,0],[112.5227653820001,-7.2664649939999322,0],[112.52278964300001,-7.2664482709999447,0],[112.52282708400003,-7.2664303339999492,0],[112.52290470500009,-7.2664272019999316,0],[112.52294208300009,-7.2664270769999462,0],[112.52297517200009,-7.2664341429999695,0],[112.5229895870001,-7.2664455789999352,0],[112.52306033000002,-7.2665343449999682,0],[112.52314542400006,-7.2666158849999647,0],[112.52317716300001,-7.2666487959999699,0],[112.52321317600001,-7.2666702079999368,0],[112.52317793700001,-7.2668784789999563,0],[112.52313997700003,-7.2671326969999654,0],[112.52310877000002,-7.2672576939999658,0],[112.52308884200011,-7.2673166179999384,0],[112.52308030300003,-7.2673424859999614,0],[112.52307663700003,-7.2673606929999437,0],[112.52326877600001,-7.2673849189999373,0],[112.52338098200005,-7.2674060749999398,0],[112.52343590400005,-7.2674188849999268,0],[112.52353452400007,-7.2674497139999517,0],[112.52398540900003,-7.2675906639999539,0],[112.52407170400011,-7.2676018589999671,0],[112.52413500800003,-7.2676160009999649,0],[112.52423145400007,-7.2676530009999283,0],[112.52434513700007,-7.2676856359999533,0],[112.52441995600009,-7.2677040469999383,0],[112.52447321500006,-7.2677239649999592,0],[112.52454801900001,-7.2677380689999609,0],[112.524650167,-7.2677606939999464,0],[112.52484153500006,-7.2678088589999561,0],[112.5252027250001,-7.2679110029999379,0],[112.52551650700002,-7.2680233549999684,0],[112.5258993540001,-7.2681527009999627,0],[112.52614115400002,-7.2682351479999738,0],[112.52647498400006,-7.2683522709999693,0],[112.5266808020001,-7.2683941119999531,0],[112.52681893500005,-7.2684295349999388,0],[112.52691391900009,-7.2684593609999411,0],[112.52722903300003,-7.268540125999948,0],[112.52730529500002,-7.2685599659999411,0],[112.52740608300007,-7.2686055639999267,0],[112.52749825000001,-7.2686526259999482,0],[112.52762201600001,-7.2686909679999303,0],[112.52775457500002,-7.2687309259999324,0],[112.52777743900003,-7.2687378169999306,0],[112.52782199000001,-7.2687333609999314,0],[112.52785504100007,-7.2687289429999282,0],[112.52790546500012,-7.2687132929999621,0],[112.52802466000003,-7.2687226289999671,0],[112.52806926000005,-7.2687325269999405,0],[112.52819161700006,-7.2687794879999501,0],[112.5283513920001,-7.268837805999965,0],[112.52838603500004,-7.2688793199999395,0],[112.52843529300003,-7.2689911249999568,0],[112.52848741600008,-7.2691000499999632,0],[112.5285091500001,-7.2691502209999612,0],[112.52853232200005,-7.2692003869999553,0],[112.5285539780001,-7.2692275889999678,0],[112.52857136500006,-7.2692677249999633,0],[112.52863082200008,-7.2694196909999391,0],[112.52864390600007,-7.269462712999939,0],[112.52864987000009,-7.2695258569999623,0],[112.52864435800007,-7.2695962159999681,0],[112.52863589700007,-7.2696450529999765,0],[112.52863015100002,-7.2697414629999457,0],[112.52864713700001,-7.2697960119999721,0],[112.52865299200005,-7.2698492439999427,0],[112.52866285500011,-7.2698729879999746,0],[112.52872549200004,-7.2701115449999634,0],[112.52969000000007,-7.2698599999999374,0],[112.52993000000004,-7.2698100009999393,0],[112.53004016000011,-7.2698042039999677,0],[112.53012000100011,-7.2697999999999752,0],[112.53036999900007,-7.2697799999999688,0],[112.53082540800006,-7.2698284479999415,0],[112.53084000000001,-7.2698300009999457,0],[112.53110999900002,-7.269839999999931,0],[112.53149000000008,-7.2698199999999815,0],[112.53173000000004,-7.269850000999952,0],[112.53194999900006,-7.2699500019999732,0],[112.5320200000001,-7.2700099999999566,0],[112.53201000000001,-7.2701499999999442,0],[112.53199000000006,-7.27049999999997,0],[112.53198000000009,-7.2706300009999723,0],[112.53207000100008,-7.2707699999999704,0],[112.53214072300011,-7.2708205169999474,0],[112.53221000100007,-7.2708699999999453,0],[112.53241000000003,-7.2709399999999391,0],[112.53259000000003,-7.2709399999999391,0],[112.53272000000004,-7.2709299999999644,0],[112.53280000000007,-7.270909999999958,0],[112.532910001,-7.270849999999939,0],[112.53298000000007,-7.2707699999999704,0],[112.53299000100003,-7.2705799999999385,0],[112.53302604800001,-7.2701834669999812,0],[112.53303000000005,-7.2701399999999694,0],[112.53309999900011,-7.2699799999999755,0],[112.53323000000012,-7.2698300009999457,0],[112.53336000100001,-7.2697599999999625,0],[112.53352000000007,-7.2697199999999498,0],[112.53370000000007,-7.2696899999999687,0],[112.53385000000003,-7.2696999999999434,0],[112.53432000000009,-7.2697299999999814,0],[112.53458000000001,-7.2697599999999625,0],[112.53484000100002,-7.2697699999999372,0],[112.53511000000003,-7.2699100019999605,0],[112.53534000000002,-7.2700999999999567,0],[112.53541999900006,-7.2702200009999274,0],[112.53554000000008,-7.2704499999999257,0],[112.5356700000001,-7.2705799999999385,0],[112.53582999900004,-7.2706100009999659,0],[112.53601000100002,-7.2706199999999512,0],[112.53625999900009,-7.2705900009999596,0],[112.53658000000007,-7.2705399999999258,0],[112.53678000000002,-7.2705399999999258,0],[112.53695000000005,-7.2706999999999766,0],[112.53709000000003,-7.2707999999999515,0],[112.53718000100002,-7.2708699999999453,0],[112.53732000000002,-7.2709199999999328,0],[112.5375203640001,-7.2709564299999556,0],[112.53754000000004,-7.2709600009999349,0],[112.53765000100009,-7.2709600009999349,0],[112.53781000000004,-7.2709499999999707,0],[112.53806000100008,-7.2708999999999264,0],[112.53849000000002,-7.2708599999999706,0],[112.53874000100006,-7.2708199999999579,0],[112.53883000000008,-7.2707899999999768,0],[112.53896000000009,-7.2707300019999366,0],[112.53905000000009,-7.2706500009999786,0],[112.5391300010001,-7.2705199999999763,0],[112.53919000100007,-7.2703200019999485,0],[112.53923694900004,-7.2701509839999403,0],[112.53929000000005,-7.2699599999999691,0],[112.53935000000001,-7.2697799999999688,0],[112.53944000000001,-7.2696999999999434,0],[112.53957000000003,-7.2695899999999369,0],[112.53986000000009,-7.2693899999999303,0],[112.54001905400003,-7.2692691189999437,0],[112.54011000000003,-7.2691999999999553,0],[112.5401700000001,-7.2691199999999299,0],[112.5402600000001,-7.2689499999999612,0],[112.54031000000009,-7.2688399999999547,0],[112.54027000000008,-7.2687200019999523,0],[112.54022000000009,-7.2686400009999375,0],[112.54015999900002,-7.2685199999999668,0],[112.54011132000005,-7.2684794359999501,0],[112.54004000000009,-7.268419999999935,0],[112.53986000000009,-7.2683199999999601,0],[112.53981080400001,-7.268306334999977,0],[112.53968000000009,-7.2682700009999621,0],[112.53961000000004,-7.2681199999999535,0],[112.53956000100004,-7.2679800019999448,0],[112.5395533520001,-7.2679268169999318,0],[112.53955000000008,-7.2679000009999299,0],[112.53956000100004,-7.267819999999972,0],[112.53967000000011,-7.267659999999978,0],[112.53974999900004,-7.2675700019999567,0],[112.53987000100005,-7.267439999999965,0],[112.54002000000003,-7.2673299999999585,0],[112.54023000000007,-7.2673099999999522,0],[112.54034000100012,-7.267379999999946,0],[112.54042000100003,-7.2674999999999272,0],[112.54048697900009,-7.2677009399999406,0],[112.54050000000007,-7.2677399999999466,0],[112.54061000000002,-7.2678800009999804,0],[112.54074000000003,-7.2679699999999343,0],[112.54096000000004,-7.2680199999999786,0],[112.54115000000002,-7.2680000019999511,0],[112.54119000000003,-7.2679299999999785,0],[112.54119000000003,-7.2678099999999404,0],[112.54120000100011,-7.2676699999999528,0],[112.54121000000009,-7.2675199999999336,0],[112.54122000000007,-7.2673099999999522,0],[112.54120000100011,-7.2669999999999391,0],[112.54119000000003,-7.2666799999999512,0],[112.54119000000003,-7.2666199999999321,0],[112.54121727800009,-7.2664945229999489,0],[112.54124000000002,-7.2663899999999444,0],[112.54128000000003,-7.2662499999999568,0],[112.5413400000001,-7.2661399999999503,0],[112.54142000000002,-7.2660899999999629,0],[112.54149000100006,-7.2660699999999565,0],[112.54161000000011,-7.2660799999999313,0],[112.54173000000003,-7.2661399999999503,0],[112.54195000000004,-7.2662800009999273,0],[112.54221000000007,-7.2664999999999509,0],[112.54243000000008,-7.2666700009999659,0],[112.54247654200003,-7.2666932709999514,0],[112.54253000000006,-7.2667199999999639,0],[112.54259000000002,-7.2667300009999281,0],[112.5427800010001,-7.2667599999999766,0],[112.54302000000007,-7.2667900019999365,0],[112.54320000000007,-7.2667399999999702,0],[112.54331000000002,-7.2666900009999722,0],[112.54336000000001,-7.2666399999999385,0],[112.54339000000004,-7.266589999999951,0],[112.54340000100001,-7.2664899999999761,0],[112.54340000100001,-7.2663800019999485,0],[112.54333000000008,-7.2662499999999568,0],[112.54322000000002,-7.2660699999999565,0],[112.54317000100002,-7.2660199999999691,0],[112.54301000100008,-7.2658599999999751,0],[112.54274000100008,-7.2656499999999369,0],[112.54255000000001,-7.2654699999999366,0],[112.54246653500002,-7.2653507639999475,0],[112.54234000000008,-7.2651700009999445,0],[112.54218000000003,-7.2648999999999546,0],[112.54217000000006,-7.2646699999999669,0],[112.54223000100001,-7.2644900019999454,0],[112.54247000000009,-7.2643799999999601,0],[112.54282000000001,-7.2643100009999557,0],[112.54316000000006,-7.2642699999999536,0],[112.54338000000007,-7.2642999999999347,0],[112.54375000000005,-7.2643900009999811,0],[112.54394000000002,-7.2645099999999729,0],[112.54403999900001,-7.2646699999999669,0],[112.54412243600007,-7.2649997449999546,0],[112.54417913900011,-7.2649786279999375,0],[112.54423376500006,-7.264946436999935,0],[112.54442238800004,-7.2648158789999684,0],[112.54448970400006,-7.2647602299999789,0],[112.5445151130001,-7.2647227159999375,0],[112.54455686400001,-7.2646597379999776,0],[112.54447282800004,-7.264651072999925,0],[112.54433320500004,-7.2646335589999467,0],[112.54416639600004,-7.2645487799999273,0],[112.54400858300005,-7.2644309749999252,0],[112.54380738500004,-7.2642468649999614,0],[112.54379703400002,-7.2642112779999479,0],[112.54394291000006,-7.2635234079999691,0],[112.54406493200008,-7.2630875869999727,0],[112.54414968300011,-7.2627372369999534,0],[112.54425579700001,-7.2621258079999507,0],[112.54428378900002,-7.2618382139999653,0],[112.54428328500001,-7.2616907599999649,0],[112.54429461600012,-7.2616193899999644,0],[112.54430453600003,-7.2615505549999284,0],[112.5443473680001,-7.2614542149999579,0],[112.54434903300012,-7.2614171419999707,0],[112.54439950500011,-7.2610868019999657,0],[112.54442669600007,-7.2609587789999637,0],[112.54443324900001,-7.2608437579999645,0],[112.54445919000011,-7.2607428639999512,0],[112.54450325900007,-7.2606156009999268,0],[112.54463226500002,-7.2601264159999346,0],[112.54474027500009,-7.2596552019999763,0],[112.54477406600006,-7.2594475089999264,0],[112.54478746600012,-7.2593917719999581,0],[112.54485282900009,-7.2592245649999541,0],[112.54488955000011,-7.2590856119999785,0],[112.54489735600009,-7.2590560739999432,0],[112.54495174900001,-7.2588248059999501,0],[112.54509372500002,-7.2585041869999714,0],[112.54510395300008,-7.2585253079999461,0],[112.54514779400006,-7.2585937789999662,0],[112.54521242500005,-7.2587147959999356,0],[112.5453046670001,-7.258874594999952,0],[112.54535772600002,-7.2589522559999295,0],[112.54542658800005,-7.2590002989999789,0],[112.54547748700008,-7.2590362909999726,0],[112.54552110600002,-7.2590614549999373,0],[112.5455774620001,-7.2590993249999656,0],[112.54561751100005,-7.2591281199999571,0],[112.54568105400006,-7.2591496019999795,0],[112.54572828400001,-7.2591602889999649,0],[112.54575910400001,-7.259154758999955,0],[112.54578811400006,-7.2591438139999696,0],[112.54581516400003,-7.2591057479999677,0],[112.54583497800002,-7.2590694279999752,0],[112.54586018800001,-7.2590169039999637,0],[112.54587644700007,-7.258989726999971,0],[112.54589445500005,-7.2589497959999676,0],[112.54590338700007,-7.2589190259999441,0],[112.54592142000001,-7.258886418999964,0],[112.54593041800001,-7.2588537519999363,0],[112.54597453600002,-7.2587841669999307,0],[112.54600940500006,-7.2587617189999492,0],[112.54603722500008,-7.2587517679999678,0],[112.5460676460001,-7.2587390979999782,0],[112.54609099400011,-7.2587318749999667,0],[112.54613853900003,-7.2587254759999382,0],[112.54618153300009,-7.2587208089999535,0],[112.54624252000008,-7.2587152689999357,0],[112.5462990640001,-7.2587204089999773,0],[112.54634127800011,-7.2587274979999279,0],[112.54637365300005,-7.2587398629999598,0],[112.54639342100006,-7.2587558889999286,0],[112.54644073200006,-7.2588126849999526,0],[112.54645902600009,-7.25883413899993,0],[112.54648522600007,-7.2588748249999639,0],[112.54652503500006,-7.2588995509999563,0],[112.54659204100005,-7.2589287959999638,0],[112.54664432800007,-7.2589557399999762,0],[112.54675633600004,-7.2589998399999445,0],[112.54686406000008,-7.2590352739999275,0],[112.54694013900007,-7.2590536389999443,0],[112.54699900700007,-7.259062025999981,0],[112.54704927000012,-7.2590646579999429,0],[112.54715674600004,-7.2590493739999715,0],[112.54721158000007,-7.2590351749999513,0],[112.54726380200009,-7.2590209829999708,0],[112.54727781800011,-7.2590146069999264,0],[112.54729567000004,-7.2589942039999755,0],[112.54731846700008,-7.2589571499999579,0],[112.54738177500008,-7.2588004369999339,0],[112.54743751400008,-7.25870115999993,0],[112.54745550900009,-7.2586568889999512,0],[112.5474644090001,-7.2585957429999439,0],[112.54745743600006,-7.2585436919999324,0],[112.54745766700012,-7.2584582549999368,0],[112.54736403600009,-7.258351169999969,0],[112.54720277100012,-7.2581835619999424,0],[112.54710984500002,-7.258064357999956,0],[112.54704040500008,-7.2579343159999326,0],[112.54700056500008,-7.257813394999971,0],[112.54700495200007,-7.2577423189999308,0],[112.54702077100001,-7.2576736459999438,0],[112.54704576800009,-7.2576025899999763,0],[112.54706846500005,-7.257536062999975,0],[112.54705983000008,-7.2574347459999444,0],[112.54706106300011,-7.2573803149999776,0],[112.54706384800011,-7.2573430569999573,0],[112.54708377200006,-7.2572957979999728,0],[112.54715949500007,-7.2571881339999322,0],[112.54723670400006,-7.2571005389999641,0],[112.54726220200007,-7.2570890599999416,0],[112.54729281300001,-7.257087687999956,0],[112.54732986200008,-7.2570913589999577,0],[112.5473950710001,-7.2571191639999597,0],[112.54751656100007,-7.2571849279999583,0],[112.54761237600007,-7.2572538539999414,0],[112.54768042500007,-7.2573261299999672,0],[112.54771472100003,-7.2574419179999268,0],[112.54774242000008,-7.2575062819999516,0],[112.54778933400007,-7.2575560279999536,0],[112.54784920700001,-7.257596054999965,0],[112.54790422100007,-7.2576119609999523,0],[112.54796067800009,-7.2576133949999644,0],[112.54810602600003,-7.2576465309999776,0],[112.54840456300008,-7.2577778709999734,0],[112.54858039900012,-7.2578608089999648,0],[112.54881630800003,-7.2580420859999322,0],[112.54901040900006,-7.2581599479999568,0],[112.54916818800007,-7.2582469249999804,0],[112.54929480300007,-7.2582825659999344,0],[112.54936710200002,-7.2582874719999495,0],[112.54942901700008,-7.2582692709999606,0],[112.54945732900001,-7.2582510929999557,0],[112.54946760300004,-7.2582201369999666,0],[112.54945443800011,-7.2581481259999805,0],[112.54942257000005,-7.2578906629999551,0],[112.54948042400008,-7.2574500879999277,0],[112.5495521150001,-7.2572772549999627,0],[112.54969001900008,-7.2569897389999483,0],[112.54979080400005,-7.2568526079999742,0],[112.54987216200004,-7.2567774719999534,0],[112.54994719100011,-7.2567510879999304,0],[112.55003197300005,-7.2567377799999804,0],[112.5501527990001,-7.2567406239999741,0],[112.55028612300009,-7.2567729869999766,0],[112.55035281500011,-7.256797980999977,0],[112.55041157300002,-7.2568390979999435,0],[112.55043597600002,-7.2569004029999746,0],[112.55046252200009,-7.2569768859999613,0],[112.55047583300006,-7.2570262029999526,0],[112.55050126500009,-7.2570825309999805,0],[112.55053167600011,-7.2571317899999599,0],[112.5505584660001,-7.2571706639999434,0],[112.55059593300007,-7.2572091419999651,0],[112.55062195500011,-7.2572634769999809,0],[112.55063074400005,-7.2573222119999627,0],[112.55062269100006,-7.2574783739999589,0],[112.55056330000002,-7.2577318999999534,0],[112.55054170100004,-7.2577917339999658,0],[112.55051466300006,-7.2578552019999734,0],[112.55049672300004,-7.2579151129999673,0],[112.55049692200009,-7.2579730639999411,0],[112.55053176100012,-7.2580725739999252,0],[112.55063915400001,-7.2582520309999268,0],[112.5506667730001,-7.2582922569999369,0],[112.55072520800002,-7.2583919579999474,0],[112.55078044200002,-7.2584723229999781,0],[112.55082424200009,-7.2585285879999333,0],[112.55095497900004,-7.2586340089999339,0],[112.5511138170001,-7.2587371019999409,0],[112.55111999900009,-7.2586999999999762,0],[112.55123000000003,-7.2587199999999257,0],[112.55131000000006,-7.2587299999999573,0],[112.55140000000006,-7.258739999999932,0],[112.55146999900001,-7.2587299999999573,0],[112.55182918300011,-7.2587961649999784,0],[112.55185000000006,-7.2587999999999511,0],[112.55175000100007,-7.2589999999999577,0],[112.5517900000001,-7.2591499999999769,0],[112.55187000000001,-7.2592499999999518,0],[112.55195000000003,-7.2592699999999581,0],[112.55209000000002,-7.2591999999999643,0],[112.55230000000006,-7.2591399999999453,0],[112.55251000100009,-7.2591399999999453,0],[112.55270000000007,-7.259179999999958,0],[112.55286000100011,-7.2591999999999643,0],[112.55301000000009,-7.2591499999999769,0],[112.55324000000007,-7.2590100019999682,0],[112.55370000100004,-7.2587099999999509,0],[112.55392829600009,-7.2586305929999639,0],[112.55393000000004,-7.2586299999999255,0],[112.55403000100011,-7.2586499999999319,0],[112.55406017600001,-7.2586801759999275,0],[112.55408374500007,-7.2586890369999537,0],[112.55410968000001,-7.2587173359999611,0],[112.55410980600004,-7.2587543189999337,0],[112.55410982000001,-7.2587585609999792,0],[112.55399263000004,-7.2592280889999756,0],[112.55397730200002,-7.2592873579999377,0],[112.55396972300002,-7.2593415379999442,0],[112.55397498900004,-7.2593750629999363,0],[112.55404142600003,-7.2594559299999446,0],[112.55410694200009,-7.2595078729999614,0],[112.55417897100006,-7.2595435159999511,0],[112.55425740900012,-7.2595530119999694,0],[112.55433914300011,-7.2595657499999788,0],[112.55446331000007,-7.259562070999948,0],[112.55450466700006,-7.2595599689999517,0],[112.55466914200008,-7.2595516019999309,0],[112.55484242300008,-7.2595640269999535,0],[112.55492412500007,-7.2595670019999261,0],[112.55495691200008,-7.2596125459999712,0],[112.55495612800007,-7.2596276379999267,0],[112.55501999900002,-7.2596399999999335,0],[112.55522000100007,-7.2597500019999757,0],[112.55525271300007,-7.25975817799997,0],[112.55531959400003,-7.2596994609999683,0],[112.55535000000009,-7.259589999999946,0],[112.55540000000008,-7.2593800019999435,0],[112.55550000000005,-7.2593000009999287,0],[112.55558000000008,-7.2593000009999287,0],[112.5557331760001,-7.2593191469999283,0],[112.55568570300011,-7.2592646909999416,0],[112.55538318700007,-7.2589321229999655,0],[112.55520934200001,-7.2587767649999364,0],[112.55510948800008,-7.2585974669999587,0],[112.555083448,-7.2585168219999332,0],[112.55506117000004,-7.25844357699998,0],[112.5550278390001,-7.2583703709999554,0],[112.55502018200002,-7.2582934599999476,0],[112.55501254900003,-7.258201812999971,0],[112.55501589400001,-7.2581101279999416,0],[112.55504140200003,-7.25803671999995,0],[112.55506310300007,-7.2579412649999426,0],[112.55510695600003,-7.2578604719999475,0],[112.5551507990001,-7.2577980309999361,0],[112.55519105500002,-7.2577355109999644,0],[112.5552791020001,-7.2576948879999463,0],[112.55537391100006,-7.2576668079999536,0],[112.55545568900004,-7.2576701439999738,0],[112.55557573900001,-7.2576860969999757,0],[112.55588155100008,-7.2578047489999449,0],[112.55629665000004,-7.2579791689999524,0],[112.556499497,-7.2580557729999668,0],[112.55665488500006,-7.2580988179999508,0],[112.55677293600002,-7.2581193859999757,0],[112.55692825300002,-7.2581414549999295,0],[112.55707379900002,-7.2581667239999774,0],[112.55715478900004,-7.2582018839999591,0],[112.55724880700006,-7.2582690969999248,0],[112.55730012400011,-7.2583178309999425,0],[112.55735346000006,-7.2583890699999642,0],[112.55737000000011,-7.2584216529999708,0],[112.55737839900007,-7.2584970219999718,0],[112.55737451500011,-7.2585623099999452,0],[112.55733181900007,-7.2586317989999429,0],[112.5572911910001,-7.2586951349999254,0],[112.55720348300008,-7.2587688469999421,0],[112.55711755300001,-7.2588170569999306,0],[112.55706321100001,-7.2588662429999431,0],[112.55700707300002,-7.2589353259999712,0],[112.5569472200001,-7.2589881479999576,0],[112.55686010400007,-7.2590392569999267,0],[112.55674768800009,-7.2591157659999794,0],[112.55671694300008,-7.2591648719999284,0],[112.55657516700001,-7.2594322419999457,0],[112.55651715200008,-7.2595767909999722,0],[112.55655999900011,-7.2595999999999776,0],[112.55684000100007,-7.2597900019999315,0],[112.5571000000001,-7.2601299999999469,0],[112.55719000100009,-7.2603199999999788,0],[112.55725000100006,-7.2606099999999287,0],[112.55724000000009,-7.2609000019999712,0],[112.55723000100011,-7.261169999999936,0],[112.55726000000004,-7.2613300019999656,0],[112.55727000000002,-7.26141999999993,0],[112.55733000000009,-7.2615800009999703,0],[112.55744000000004,-7.261669999999981,0],[112.55754000100001,-7.261669999999981,0],[112.55760000100008,-7.2616099999999619,0],[112.55761516500002,-7.261544287999925,0],[112.55763000000002,-7.2614799999999491,0],[112.5576400010001,-7.2611399999999549,0],[112.55768314900001,-7.2609674029999383,0],[112.55770000000007,-7.2609000019999712,0],[112.55780000000004,-7.2607499999999732,0],[112.55803000100002,-7.2605399999999349,0],[112.55807203300003,-7.2605063749999772,0],[112.55815422400008,-7.26038243499994,0],[112.55833432300005,-7.2601197249999814,0],[112.55861244900007,-7.2597004529999367,0],[112.55839956400007,-7.2594197439999562,0],[112.55837571400002,-7.2593892679999499,0],[112.55837734900001,-7.2593220919999339,0],[112.55838445600011,-7.2592821049999543,0],[112.55838234500004,-7.2591896249999763,0],[112.55836758500004,-7.2591315439999562,0],[112.55834915900004,-7.2590717569999583,0],[112.55837670000005,-7.2588078529999507,0],[112.55841070300005,-7.2586424709999733,0],[112.558475208,-7.258270404999962,0],[112.55857945800005,-7.2577522809999664,0],[112.55862033500011,-7.2576750249999691,0],[112.55864961600003,-7.2576345109999352,0],[112.55868993500007,-7.2575903439999365,0],[112.55875982500004,-7.2575680439999815,0],[112.55883709500006,-7.2575641619999374,0],[112.55894015300009,-7.2575674249999338,0],[112.55923477900001,-7.2576251779999552,0],[112.55940796800007,-7.2576979949999441,0],[112.55955544500011,-7.2577635759999453,0],[112.55962928400004,-7.2578257939999276,0],[112.55968102200006,-7.2578879979999442,0],[112.55969956700005,-7.2579392849999635,0],[112.55937469500009,-7.2587040739999793,0],[112.55945305500006,-7.2587993659999483,0],[112.5594825710001,-7.2588273829999252,0],[112.55949556900009,-7.258871997999961,0],[112.55950210500009,-7.2589268529999345,0],[112.55951643300011,-7.2589893679999591,0],[112.55953958600003,-7.2590122499999552,0],[112.55957546200011,-7.2590223429999696,0],[112.55962531500006,-7.2590145769999594,0],[112.55965983800002,-7.2590003549999551,0],[112.55970208500003,-7.2589951479999399,0],[112.55973152700005,-7.259001373999979,0],[112.55976872200006,-7.2590255659999343,0],[112.55991242700009,-7.2591233459999671,0],[112.56004810500008,-7.2592105759999299,0],[112.56008970000005,-7.259254369999951,0],[112.5601415000001,-7.2592696509999541,0],[112.56017249200011,-7.2592489329999808,0],[112.56033748100003,-7.259044314999926,0],[112.5604947060001,-7.2588398169999664,0],[112.56059527700006,-7.258728448999932,0],[112.56067278300009,-7.258684245999973,0],[112.56072179100011,-7.2586479129999475,0],[112.56082014500009,-7.258629492999944,0],[112.56088226000008,-7.2586267489999727,0],[112.56094954700006,-7.258629047999932,0],[112.56095135300006,-7.2586299799999665,0],[112.56097000000011,-7.258609999999976,0],[112.56112000000007,-7.2585400019999611,0],[112.56125999900007,-7.258549999999957,0],[112.56151000000011,-7.2587099999999509,0],[112.56168999900001,-7.2590599999999768,0],[112.56174481900007,-7.2591845909999506,0],[112.56180000000006,-7.2593099999999708,0],[112.5619200000001,-7.2594199999999773,0],[112.56214000000011,-7.2594799999999395,0],[112.56228000100009,-7.2594699999999648,0],[112.56244000000004,-7.2593899999999394,0],[112.56256000000008,-7.2593000009999287,0],[112.56269000100008,-7.2590799999999263,0],[112.56277000000011,-7.2588700009999343,0],[112.56281000000001,-7.2585800019999738,0],[112.56273000100009,-7.2581399999999689,0],[112.56260000000009,-7.2577200009999387,0],[112.56252000000006,-7.2574399999999741,0],[112.56246999900009,-7.2573100009999507,0],[112.56240000000003,-7.2571999999999548,0],[112.56227000000001,-7.2571399999999358,0],[112.56218000100012,-7.257129999999961,0],[112.56203999900004,-7.257129999999961,0],[112.56177000000002,-7.2571699999999737,0],[112.56162000000006,-7.2571999999999548,0],[112.56141000000002,-7.2571799999999484,0],[112.56117000100005,-7.257129999999961,0],[112.56093128500004,-7.2570802679999815,0],[112.5609300000001,-7.2570799999999736,0],[112.56084999900008,-7.2570200019999334,0],[112.56072000100005,-7.2568899999999417,0],[112.56069000000002,-7.2568099999999731,0],[112.56069000000002,-7.2567299999999477,0],[112.5607000010001,-7.2566599999999539,0],[112.56071924500009,-7.2565878329999691,0],[112.56071909700006,-7.2565450439999495,0],[112.56074494600011,-7.256440442999974,0],[112.56080649300009,-7.2562507389999382,0],[112.56088456800001,-7.2560904479999522,0],[112.56110867000007,-7.2558346379999534,0],[112.56129435700007,-7.2556562579999309,0],[112.56135410800005,-7.2556172709999487,0],[112.56139612700008,-7.2555897309999295,0],[112.56145596400006,-7.255553903999953,0],[112.56154491200004,-7.2555149039999378,0],[112.56160636200002,-7.2554920009999364,0],[112.56168410600003,-7.2554740129999686,0],[112.56171453000002,-7.255468594999968,0],[112.56173000000001,-7.2554600019999498,0],[112.56189000100005,-7.2553699999999708,0],[112.56199000000004,-7.2552499999999327,0],[112.5620599990001,-7.2551499999999578,0],[112.56207619600002,-7.2551054619999604,0],[112.5621000000001,-7.2550399999999513,0],[112.56209000000001,-7.254859999999951,0],[112.56203999900004,-7.2547699999999509,0],[112.56191000100011,-7.2546800019999296,0],[112.56175000000007,-7.2546400019999737,0],[112.56166999900006,-7.2546800019999296,0],[112.56157000000007,-7.2547499999999445,0],[112.56140000100004,-7.2548699999999258,0],[112.56131802600009,-7.2549212349999266,0],[112.56123999900001,-7.2549700009999469,0],[112.56111000100009,-7.2549900009999533,0],[112.56100000000004,-7.2549399999999764,0],[112.56079000000011,-7.2547799999999256,0],[112.56069000000002,-7.2546299999999633,0],[112.56067183300001,-7.2545409799999447,0],[112.56059000000005,-7.2541399999999499,0],[112.56060443300009,-7.2539571889999479,0],[112.56062000100007,-7.2537600009999323,0],[112.56068000100004,-7.2533099999999422,0],[112.5607500000001,-7.2531099999999356,0],[112.56090999900005,-7.2529499999999416,0],[112.5612661130001,-7.2527760859999262,0],[112.56134000000009,-7.2527399999999602,0],[112.56144000100005,-7.2526500009999495,0],[112.56151000000011,-7.2525499999999283,0],[112.56164000000001,-7.2520599999999718,0],[112.56170372000008,-7.2518263649999426,0],[112.56171110700006,-7.2518263389999333,0],[112.56188373500004,-7.2518455449999806,0],[112.56203689600011,-7.2519579379999755,0],[112.56219021400011,-7.2521155339999268,0],[112.56238064600007,-7.2523605159999533,0],[112.56250280800009,-7.2525126129999649,0],[112.56265905000009,-7.2526956029999496,0],[112.56286892900005,-7.2528417019999551,0],[112.56297945900008,-7.2529119299999252,0],[112.56313862200011,-7.2530105599999501,0],[112.56327314400005,-7.2531524009999657,0],[112.56333903500001,-7.2532482749999758,0],[112.56343172900006,-7.2533644909999566,0],[112.56376131000002,-7.2538153029999535,0],[112.56384811300006,-7.2539121949999412,0],[112.56392610500006,-7.2539661689999662,0],[112.56397289000006,-7.2539996399999609,0],[112.56403780100004,-7.2540278939999325,0],[112.5641233990001,-7.2540353769999797,0],[112.56418559700001,-7.2540351619999797,0],[112.56427633900012,-7.2540400009999644,0],[112.56434640500004,-7.2540475349999269,0],[112.56441640700007,-7.2540576009999427,0],[112.56449423000004,-7.2540624869999419,0],[112.56455387300002,-7.2540571279999426,0],[112.5646185600001,-7.254020741999966,0],[112.56467801200006,-7.2539817539999376,0],[112.56473490700012,-7.2539375279999376,0],[112.56479951500012,-7.2538778169999318,0],[112.56483821200004,-7.25381819699993,0],[112.56500821000009,-7.2534866289999513,0],[112.56510559200001,-7.2532956239999749,0],[112.56511278100004,-7.2532804089999559,0],[112.56548638800007,-7.252489776999937,0],[112.56565449300001,-7.2521730439999601,0],[112.56568379600003,-7.2521173419999627,0],[112.56570319700006,-7.2520485659999281,0],[112.56568976800008,-7.2519439199999738,0],[112.56566328200006,-7.2518851559999575,0],[112.56561391200012,-7.2518166169999745,0],[112.56555795400004,-7.2517644639999617,0],[112.56544629200005,-7.2517125929999793,0],[112.56536422600004,-7.2516899119999607,0],[112.56527554500008,-7.2516542349999327,0],[112.56519093600002,-7.2518246729999305,0],[112.56441637900002,-7.2516278109999348,0],[112.56429778600011,-7.251471181999932,0],[112.56412907600009,-7.2510943119999638,0],[112.5634579340001,-7.250810119999926,0],[112.56323368800008,-7.2504379619999781,0],[112.56296724900005,-7.2500430729999721,0],[112.56284631400001,-7.2496567919999393,0],[112.56289000000004,-7.2495500019999781,0],[112.56298000100003,-7.2492899999999736,0],[112.56315000000006,-7.2489199999999414,0],[112.5632700000001,-7.2487300009999558,0],[112.56341000100008,-7.2485899999999788,0],[112.56366000000003,-7.2484499999999343,0],[112.564250001,-7.2482299999999782,0],[112.56410000000005,-7.2480500019999567,0],[112.56395000000009,-7.2479500009999356,0],[112.56331000000011,-7.2476899999999773,0],[112.56290000000001,-7.2476299999999583,0],[112.56259740600001,-7.247607162999941,0],[112.5623700000001,-7.2475899989999562,0],[112.56262058300001,-7.2468087739999305,0],[112.56271000100003,-7.2465299999999502,0],[112.56287000000009,-7.2461099999999306,0],[112.56305000000009,-7.2458199999999806,0],[112.56352000000004,-7.2452499999999418,0],[112.56419838900001,-7.2442963219999683,0],[112.56421000100011,-7.2442799999999465,0],[112.56422760200007,-7.244273398999951,0],[112.56429000100002,-7.2442499999999654,0],[112.56463000000008,-7.2440900019999503,0],[112.56476999900008,-7.2440799999999399,0],[112.56476782200002,-7.2440103139999792,0],[112.56481428300003,-7.2440308639999671,0],[112.56487647100005,-7.2440709719999745,0],[112.56490978800002,-7.2440968039999802,0],[112.56499800000006,-7.2441483949999679,0],[112.56505886800005,-7.2441956489999484,0],[112.56510956700004,-7.2442602969999257,0],[112.56515743900002,-7.2443278469999655,0],[112.56522357200004,-7.2444290589999696,0],[112.56527500100003,-7.2445108819999291,0],[112.56531352400009,-7.2445744839999406,0],[112.56534842800011,-7.244627161999972,0],[112.56538509800009,-7.2446726009999338,0],[112.5654898460001,-7.2447987209999383,0],[112.56563581500006,-7.2449479319999455,0],[112.5657054400001,-7.2450444299999504,0],[112.56578883100008,-7.245127044999947,0],[112.56584909500009,-7.2451936499999761,0],[112.56594648600003,-7.245308492999925,0],[112.56609232700009,-7.2454208179999569,0],[112.56622398900004,-7.2454699999999548,0],[112.56635357200003,-7.2455228929999294,0],[112.56641112400007,-7.245539057999963,0],[112.56649130500011,-7.2455572269999493,0],[112.56657756100003,-7.2455609969999273,0],[112.56668629600006,-7.2455442579999385,0],[112.56674580200001,-7.245521541999949,0],[112.56678067700011,-7.2455008999999677,0],[112.56681955300007,-7.2454721079999445,0],[112.56684208600007,-7.2454453579999267,0],[112.56686038700002,-7.2454043409999258,0],[112.56687425300004,-7.2452465329999427,0],[112.56688837800004,-7.245185006999975,0],[112.56691683400004,-7.2451009209999597,0],[112.56693920300006,-7.2450271629999747,0],[112.56695310100008,-7.2449000909999768,0],[112.56696689800003,-7.2448247099999321,0],[112.5669861020001,-7.244754296999929,0],[112.56702000100006,-7.2446299999999724,0],[112.56705000000011,-7.2445399999999722,0],[112.56710496100004,-7.2445125199999438,0],[112.56712999900003,-7.2445000019999384,0],[112.56743550200008,-7.2441320089999408,0],[112.56757000000005,-7.2439700009999797,0],[112.56766235000009,-7.2439035089999493,0],[112.56782000100009,-7.2437899999999331,0],[112.56787000000008,-7.2437499999999773,0],[112.56799000000001,-7.2435599999999454,0],[112.5681800000001,-7.2433899999999767,0],[112.56847322900001,-7.2432824829999731,0],[112.56848000100001,-7.2432799999999702,0],[112.56866000000002,-7.2432500009999785,0],[112.56880000000001,-7.2432799999999702,0],[112.5689000000001,-7.2433399999999324,0],[112.56892408800002,-7.2433692489999544,0],[112.56904000000009,-7.2435099999999579,0],[112.56911999900001,-7.2436800019999623,0],[112.56913145500005,-7.2437601849999282,0],[112.56915000000004,-7.2438899999999649,0],[112.56916000000001,-7.243979999999965,0],[112.56915000000004,-7.2442999999999529,0],[112.56911000000002,-7.2445599999999786,0],[112.56905000000006,-7.2446999999999662,0],[112.56918000000007,-7.2446599999999535,0],[112.5693500000001,-7.2446699999999282,0],[112.56946999900003,-7.244750000999943,0],[112.56954000000007,-7.2448500019999642,0],[112.56955000000005,-7.2451800009999374,0],[112.56955000000005,-7.2454399999999737,0],[112.56960000000004,-7.2455700009999759,0],[112.56971000100009,-7.2457099999999741,0],[112.57026999900006,-7.2459299999999303,0],[112.57063000000005,-7.2460000009999703,0],[112.57096000000001,-7.2460099999999557,0],[112.57139000000006,-7.246089999999981,0],[112.57155000000012,-7.2461399999999685,0],[112.57156000000009,-7.2463199999999688,0],[112.57150000000001,-7.2466499999999314,0],[112.57180122700004,-7.2467760949999729,0],[112.57193000000007,-7.2468299999999317,0],[112.57219999900008,-7.2468299999999317,0],[112.57237000000009,-7.2470699999999511,0],[112.57278353800007,-7.2466849819999766,0],[112.57324000100004,-7.2462599999999497,0],[112.57334000000003,-7.2461799999999812,0],[112.57344000000001,-7.2461599999999748,0],[112.57374000000004,-7.246390000999952,0],[112.57386000000008,-7.2464700019999668,0],[112.57406000100002,-7.2465099999999438,0],[112.57408307800006,-7.2465099999999438,0],[112.57426000000009,-7.2465099999999438,0],[112.57445000100006,-7.2464500019999605,0],[112.57455000000004,-7.246390000999952,0],[112.57461000000001,-7.2462899999999308,0],[112.57464000000004,-7.2461799999999812,0],[112.57445000100006,-7.2459099999999808,0],[112.57423000000006,-7.2456999999999425,0],[112.57405000000006,-7.2455599999999549,0],[112.57390000000009,-7.2455199999999422,0],[112.57371000000001,-7.2455300009999632,0],[112.57336000000009,-7.2455999999999676,0],[112.57317,-7.2455999999999676,0],[112.57289000100002,-7.2454999999999359,0],[112.57252000100004,-7.2453099999999608,0],[112.57231000000002,-7.2451099999999542,0],[112.57228842500001,-7.2450803349999546,0],[112.5722300000001,-7.2449999999999477,0],[112.57220991100007,-7.2449196429999461,0],[112.57220210300011,-7.2448884119999661,0],[112.57217000000003,-7.2447599999999284,0],[112.57216046000008,-7.2445596509999746,0],[112.5721400000001,-7.244130001999963,0],[112.57221000000004,-7.2436200009999538,0],[112.57225999900004,-7.2432900019999806,0],[112.57227000000012,-7.2429699999999571,0],[112.57215000000008,-7.242450000999952,0],[112.57208000000003,-7.2416900009999381,0],[112.57213000000002,-7.2411099999999351,0],[112.57216000000005,-7.2409999999999286,0],[112.57216070800007,-7.2409992919999695,0],[112.5722300000001,-7.2409300019999705,0],[112.57235000000003,-7.2408900009999684,0],[112.57258999900012,-7.2409300019999705,0],[112.57281000100011,-7.241010001999939,0],[112.57313000000011,-7.2411999999999352,0],[112.57330000100001,-7.2415399999999295,0],[112.57333792600002,-7.24161111199993,0],[112.57338000000004,-7.2416900009999381,0],[112.57356000000004,-7.2418399999999679,0],[112.57375999900012,-7.2419499999999744,0],[112.57432000000006,-7.2420299999999429,0],[112.57438000000002,-7.2420400009999639,0],[112.57471357800011,-7.2420656599999802,0],[112.57475523500011,-7.2420709819999729,0],[112.57476256000007,-7.2420694279999793,0],[112.57477000000006,-7.2420699999999556,0],[112.57523000100002,-7.2420699999999556,0],[112.5755600010001,-7.2420299999999429,0],[112.57578000000001,-7.2419499999999744,0],[112.57597000100009,-7.2418499999999426,0],[112.57607000000007,-7.2417399999999361,0],[112.57621000000006,-7.2413299999999481,0],[112.57630000100005,-7.241019999999935,0],[112.57648000000006,-7.2406899999999723,0],[112.57664000000011,-7.2403899999999339,0],[112.57669000100009,-7.240289999999959,0],[112.57672298800003,-7.2402042349999647,0],[112.57674000000009,-7.2401599999999462,0],[112.57681000100001,-7.2399799999999459,0],[112.57684000000006,-7.2399199999999269,0],[112.57688000000007,-7.2398099999999772,0],[112.57708000100001,-7.2392599999999447,0],[112.57711000000006,-7.2391699999999446,0],[112.57714194900007,-7.2391061039999727,0],[112.57716000100004,-7.2390699999999697,0],[112.57716000100004,-7.2390099999999507,0],[112.57720000100005,-7.2385900019999667,0],[112.57719000000009,-7.2383299999999622,0],[112.57714000100009,-7.2381499999999619,0],[112.57704000000001,-7.2380699999999365,0],[112.57693999900005,-7.2380399999999554,0],[112.57686000000001,-7.2380399999999554,0],[112.5767300010001,-7.2380599999999617,0],[112.57654000000002,-7.2381400009999766,0],[112.57625000000007,-7.2382799999999747,0],[112.57608000000005,-7.2383399999999369,0],[112.57592000000011,-7.2383399999999369,0],[112.5758726680001,-7.2383254359999682,0],[112.5757900000001,-7.2382999999999811,0],[112.57572999900003,-7.2382600019999472,0],[112.57566000000008,-7.2381499999999619,0],[112.57562000100006,-7.2379799999999364,0],[112.57561353400001,-7.2379587499999616,0],[112.57555000000002,-7.237750000999938,0],[112.57558000100005,-7.2375099999999293,0],[112.57560000100011,-7.2372199999999793,0],[112.57566000000008,-7.237070001999939,0],[112.57572000000005,-7.236930000999962,0],[112.57583000000011,-7.2367999999999597,0],[112.57592849600007,-7.2367015039999387,0],[112.57598000000007,-7.2366499999999405,0],[112.5761500000001,-7.2365499999999656,0],[112.57630000100005,-7.2364799999999718,0],[112.57650000000001,-7.236409999999978,0],[112.57671000100004,-7.2363699999999653,0],[112.57698000000005,-7.2363199999999779,0],[112.57732999900009,-7.2362700019999693,0],[112.57756000000006,-7.2361700009999481,0],[112.57784084200011,-7.2360168149999708,0],[112.57789000000002,-7.2359899999999584,0],[112.57810000000006,-7.2358699999999772,0],[112.57838000000004,-7.2356599999999389,0],[112.57866000100012,-7.2354500019999364,0],[112.5789400000001,-7.2352099999999382,0],[112.57919000000004,-7.2349399999999378,0],[112.57944613800009,-7.2346933469999612,0],[112.57946000100003,-7.2346799999999689,0],[112.57964000000004,-7.2344799999999623,0],[112.57981000100006,-7.2343000019999408,0],[112.57996000000003,-7.2340699999999742,0],[112.57997161900005,-7.234038461999944,0],[112.58003000000008,-7.2338799999999424,0],[112.58009000000004,-7.2336999999999421,0],[112.58013000000005,-7.2335499999999797,0],[112.58012000000008,-7.23340000099995,0],[112.58014000000003,-7.2332799999999793,0],[112.58015000000012,-7.2331500019999453,0],[112.58014000000003,-7.2329399999999282,0],[112.58012000000008,-7.2328099999999722,0],[112.58010000000002,-7.2326800009999488,0],[112.58003000000008,-7.23243999999994,0],[112.58000000000004,-7.2323399999999651,0],[112.57982000000004,-7.2321099999999774,0],[112.57961000000012,-7.2319000009999286,0],[112.57937000000004,-7.2316699999999514,0],[112.57917000100008,-7.23145999999997,0],[112.57908000000009,-7.2312899999999445,0],[112.57884000000001,-7.2307799999999816,0],[112.57865000000004,-7.2302899999999681,0],[112.57861000000003,-7.2300799999999299,0],[112.5786200010001,-7.229919999999936,0],[112.57865000000004,-7.2297499999999673,0],[112.57865325300008,-7.2296719369999778,0],[112.57866277900007,-7.22966555499994,0],[112.5788917320001,-7.2296738929999265,0],[112.57902924300004,-7.2297099409999532,0],[112.57933196200008,-7.22984594899998,0],[112.57955211400008,-7.229963980999969,0],[112.57976345300006,-7.2301460509999629,0],[112.57998404800003,-7.2303920069999776,0],[112.58012206700005,-7.2305743319999465,0],[112.58039743800009,-7.2307469559999618,0],[112.5807092660001,-7.230882931999929,0],[112.58102090300008,-7.2309641209999427,0],[112.58146995700008,-7.2310539639999547,0],[112.58191885200006,-7.2310980629999335,0],[112.58221191300004,-7.2310970439999664,0],[112.58231594300003,-7.2311111119999509,0],[112.58254171600004,-7.2311416449999797,0],[112.58298156500007,-7.2312040339999726,0],[112.58335718100011,-7.2312392529999556,0],[112.58361348500011,-7.231210970999939,0],[112.58388802900004,-7.2311460979999538,0],[112.58432732500012,-7.2310714339999436,0],[112.58473924000009,-7.231024343999934,0],[112.58501360600008,-7.2309768039999653,0],[112.58506000000011,-7.2309999999999377,0],[112.58529000100009,-7.230959999999925,0],[112.58530228200004,-7.2308832469999516,0],[112.58534161700004,-7.2308673819999285,0],[112.58597248300009,-7.2305727239999555,0],[112.58632001700005,-7.2304344559999549,0],[112.58710981200011,-7.2304317059999335,0],[112.58711000000005,-7.2304400019999662,0],[112.58752000000004,-7.2304599999999368,0],[112.58757367100009,-7.2304633549999267,0],[112.58783152400008,-7.2305571189999682,0],[112.58811558900004,-7.2306110049999575,0],[112.58837200000005,-7.2305918489999499,0],[112.58857404900004,-7.2305217319999429,0],[112.58858000000009,-7.230549999999937,0],[112.58863999900007,-7.2306299999999624,0],[112.58873000000006,-7.2306399999999371,0],[112.58914000000004,-7.2303200009999387,0],[112.58929000100011,-7.2301599999999553,0],[112.58943000000011,-7.2298499999999422,0],[112.58949000000007,-7.2296400019999396,0],[112.58952000000011,-7.2294399999999541,0],[112.58941999900003,-7.2293799999999351,0],[112.58939000000009,-7.2292599999999538,0],[112.58890000100007,-7.2290799999999535,0],[112.58856428500007,-7.2289615129999447,0],[112.58856000000003,-7.2289599999999723,0],[112.58855632700011,-7.2289578809999284,0],[112.58830000000012,-7.2288099999999531,0],[112.58805000000007,-7.2286499999999592,0],[112.58797000000004,-7.2285999999999717,0],[112.58783000000005,-7.2284500019999314,0],[112.58774000000005,-7.2282899999999586,0],[112.58770000000004,-7.228149999999971,0],[112.58769000100006,-7.2277699999999641,0],[112.58773000100007,-7.2274299999999698,0],[112.58789999900011,-7.2270599999999376,0],[112.58801000000005,-7.2268799999999374,0],[112.5881700000001,-7.2267099999999687,0],[112.58832000000007,-7.2265899999999306,0],[112.58849000100008,-7.2265299999999684,0],[112.58870000000002,-7.2265000019999661,0],[112.58905878900009,-7.2266066669999418,0],[112.58925527100007,-7.2267203709999421,0],[112.58964968600003,-7.226901795999936,0],[112.58990668900003,-7.227074479999942,0],[112.58993448400008,-7.2271657839999648,0],[112.59000910400005,-7.2275584299999309,0],[112.59001073400009,-7.2280244699999798,0],[112.59003884900005,-7.2282071729999302,0],[112.59008609000011,-7.2286273979999578,0],[112.59005036700012,-7.2288742409999713,0],[112.58999605300005,-7.2290572349999707,0],[112.58987789000003,-7.2293226259999415,0],[112.5897869910001,-7.2295056549999686,0],[112.58977831900006,-7.2296519629999807,0],[112.58984383000006,-7.2300446399999601,0],[112.58998300300004,-7.230555944999935,0],[112.59017280500007,-7.2309410469999307,0],[112.59031996900001,-7.2311324659999627,0],[112.5905222240001,-7.231341954999948,0],[112.5908344070001,-7.2315784529999405,0],[112.59106857200004,-7.2317513039999426,0],[112.59130264900011,-7.2319240689999447,0],[112.59194493700011,-7.2322690759999659,0],[112.59222910000005,-7.2323503529999584,0],[112.59241212400002,-7.2323130979999632,0],[112.59253139700002,-7.2322636109999507,0],[112.59259999900007,-7.2322599999999397,0],[112.59284000100001,-7.2321999999999775,0],[112.59296999900005,-7.2321199999999521,0],[112.59311726800001,-7.2320242759999473,0],[112.59317000100009,-7.2319899999999393,0],[112.59357393200003,-7.2318553559999259,0],[112.59368000000006,-7.2318199999999706,0],[112.59382000000005,-7.2317499999999768,0],[112.59405000000004,-7.231550001999949,0],[112.59422000000006,-7.2311699999999632,0],[112.59432000100003,-7.2309099999999376,0],[112.59434000100009,-7.2307300009999267,0],[112.59424000000001,-7.2302199999999743,0],[112.5940700000001,-7.2295200009999689,0],[112.5940700000001,-7.2283199999999397,0],[112.59409000000005,-7.2279600009999285,0],[112.59415000000001,-7.22726000199998,0],[112.59413999900005,-7.226859999999931,0],[112.59408000000008,-7.2265299999999684,0],[112.59397000100012,-7.2263299999999617,0],[112.59386000000006,-7.2261799999999425,0],[112.59374999900001,-7.226099999999974,0],[112.59355000000005,-7.2260599999999613,0],[112.59305000000006,-7.2261199999999803,0],[112.59259999900007,-7.2261599999999362,0],[112.59242000000006,-7.2261499999999614,0],[112.59193000000005,-7.2259499999999548,0],[112.59170000000006,-7.225819999999942,0],[112.59144000000003,-7.2256200009999816,0],[112.59122000100001,-7.2253500019999706,0],[112.59103000000005,-7.2250699999999597,0],[112.59099999900002,-7.2250199999999722,0],[112.59095000100001,-7.2249099999999657,0],[112.59095000100001,-7.2247599999999466,0],[112.59099999900002,-7.2246099999999274,0],[112.59116771900005,-7.2243534879999629,0],[112.59117000000003,-7.2243499999999585,0],[112.59126000100002,-7.2242699999999331,0],[112.59160000000008,-7.224239999999952,0],[112.59201000000007,-7.2242599999999584,0],[112.59246000000007,-7.2243499999999585,0],[112.59289000000001,-7.2245199999999272,0],[112.59311000100001,-7.2246499999999401,0],[112.59363000000008,-7.2251699999999346,0],[112.59419000000003,-7.2254999999999541,0],[112.5944300000001,-7.2256000009999752,0],[112.59472000000005,-7.2257099999999355,0],[112.59516000100007,-7.22593999999998,0],[112.59562000000005,-7.2262799999999743,0],[112.59612000000004,-7.2267599999999561,0],[112.59656000000007,-7.2273999999999319,0],[112.59676000100001,-7.227709999999945,0],[112.59698000000003,-7.2279699999999707,0],[112.59714000000008,-7.228119999999933,0],[112.59723927800007,-7.2281831769999485,0],[112.59725000100002,-7.2281899999999268,0],[112.59727546400006,-7.22819407399993,0],[112.597451062,-7.2282221699999809,0],[112.59748230900004,-7.2282271689999789,0],[112.59750000100007,-7.2282299999999395,0],[112.59780584000009,-7.2282319649999636,0],[112.59784215700006,-7.2282279499999618,0],[112.59797813600005,-7.2282180699999685,0],[112.59808574700003,-7.228199851999932,0],[112.59814842100002,-7.228173111999979,0],[112.59822819400006,-7.2281380879999801,0],[112.59823809200009,-7.2281337419999545,0],[112.59835202400006,-7.2280788549999784,0],[112.59835908100001,-7.2280754549999529,0],[112.5984487290001,-7.2280298149999567,0],[112.59846999900003,-7.228012888999956,0],[112.59848053700011,-7.2280045029999656,0],[112.59852480500001,-7.2279692759999534,0],[112.59859699100002,-7.2279010349999453,0],[112.59863373700011,-7.2278431929999556,0],[112.59863457200004,-7.2278418779999356,0],[112.59867190000011,-7.227783120999959,0],[112.59867259100008,-7.2277819179999483,0],[112.59871019700006,-7.2277164719999405,0],[112.59873958300011,-7.2276653299999793,0],[112.59874605700008,-7.2276419809999766,0],[112.59877345700011,-7.227543154999978,0],[112.59879237900009,-7.2274915119999719,0],[112.59879876700006,-7.2274740779999433,0],[112.59881064800004,-7.2274205139999594,0],[112.59881104200008,-7.2273949579999339,0],[112.59880060000012,-7.227259983999943,0],[112.59878109400006,-7.2271168429999761,0],[112.59877860900008,-7.2270994729999529,0],[112.59877378500005,-7.2270657619999383,0],[112.5987672330001,-7.2270199729999263,0],[112.59874826600003,-7.2269809839999652,0],[112.59872668900005,-7.2269576779999625,0],[112.59872112300002,-7.226951665999934,0],[112.59865685700004,-7.2268727829999762,0],[112.59859529000005,-7.2267979249999712,0],[112.59858728500001,-7.2267881919999581,0],[112.59856829900002,-7.2267653769999356,0],[112.59856590000004,-7.2267624939999564,0],[112.59852388000002,-7.226712000999953,0],[112.59851406700011,-7.2267002089999437,0],[112.59849979000001,-7.2266865009999606,0],[112.59848184100008,-7.2266692679999665,0],[112.59847101100002,-7.226658868999948,0],[112.59845302300005,-7.2266415979999579,0],[112.59841556300012,-7.2266166849999536,0],[112.59837664800011,-7.2265908039999545,0],[112.59832165400007,-7.2265542289999303,0],[112.59830589400008,-7.2265437479999264,0],[112.59817386400005,-7.2264724289999549,0],[112.59798781300003,-7.226371927999935,0],[112.59797091200005,-7.2263627989999577,0],[112.59793841700002,-7.2263477659999467,0],[112.59783706600001,-7.2263008759999252,0],[112.59775202300011,-7.2262534859999619,0],[112.5976826540001,-7.2261616319999575,0],[112.59766807400001,-7.2261226779999674,0],[112.59764804800011,-7.2260691749999637,0],[112.59764282100002,-7.2260382259999574,0],[112.59763128100008,-7.2259699039999532,0],[112.59760777100007,-7.2258916479999584,0],[112.59757412100009,-7.2257796409999742,0],[112.59750281300001,-7.2255479619999505,0],[112.59748090400001,-7.2254785789999687,0],[112.59742859400001,-7.2253129169999397,0],[112.59740603300008,-7.2252127029999542,0],[112.59739710800011,-7.2251456309999753,0],[112.59739598500005,-7.2251371939999558,0],[112.59738371600008,-7.2250449799999501,0],[112.59736059200009,-7.2248277639999401,0],[112.59733575500002,-7.224673604999964,0],[112.59733103600001,-7.224644317999946,0],[112.59728722400007,-7.2243723859999704,0],[112.5972834590001,-7.2243490189999306,0],[112.59726185400007,-7.2242343359999381,0],[112.59723196300001,-7.2240756639999404,0],[112.59721127300008,-7.2239695539999502,0],[112.59717730400007,-7.2238442599999644,0],[112.59716908900009,-7.2238271579999491,0],[112.59712131300012,-7.2237277029999518,0],[112.59706768900003,-7.2236269969999398,0],[112.59706536300007,-7.2236226289999763,0],[112.59699989800004,-7.2235367289999317,0],[112.59697656500009,-7.2235089139999786,0],[112.59694522900008,-7.223471558999961,0],[112.59685822200004,-7.2234142039999369,0],[112.59678105700004,-7.2233776619999617,0],[112.5966959110001,-7.22336530299998,0],[112.59659381000006,-7.22334621899995,0],[112.59653067400006,-7.223334417999979,0],[112.59643901400011,-7.2233224449999511,0],[112.59633330100007,-7.223331132999931,0],[112.5961330990001,-7.2233462989999566,0],[112.59606075400006,-7.2233477819999621,0],[112.59601947700003,-7.2233486279999397,0],[112.59589918100005,-7.2233510939999519,0],[112.59573806800006,-7.2233610599999452,0],[112.59565901500002,-7.2233593629999291,0],[112.59561747200007,-7.2233584709999263,0],[112.59549083600007,-7.2233557529999644,0],[112.59536975500009,-7.2233531539999376,0],[112.59503762100007,-7.2233532229999469,0],[112.59502254100005,-7.2233527559999402,0],[112.59493784800009,-7.2233501329999399,0],[112.59486341000002,-7.2233478279999304,0],[112.59482234400002,-7.2233465559999672,0],[112.59464397700003,-7.2233410319999507,0],[112.59462389500004,-7.2233411989999468,0],[112.59462384700009,-7.2233411989999468,0],[112.59437469500006,-7.223343262999947,0],[112.5942089780001,-7.2233446359999789,0],[112.59410705900007,-7.223335221999946,0],[112.59400421400005,-7.2233257229999595,0],[112.59390589600002,-7.2233166419999293,0],[112.59385123600009,-7.2233160229999385,0],[112.59377065800004,-7.2233151099999304,0],[112.59366398500003,-7.2233593409999344,0],[112.59363349900002,-7.2233810189999303,0],[112.59356618000004,-7.223428887999944,0],[112.59352264600011,-7.2234509719999664,0],[112.59348594300002,-7.2234695909999687,0],[112.59331918700002,-7.2235541849999549,0],[112.59331058400005,-7.2235585489999607,0],[112.59322700700011,-7.2235874399999602,0],[112.59316574800005,-7.2236086159999786,0],[112.59285681000006,-7.2237154099999543,0],[112.59285035200003,-7.22371764199994,0],[112.59279713000001,-7.223723950999954,0],[112.59276462500009,-7.2237278039999637,0],[112.59250364100001,-7.2237587419999727,0],[112.59231826000007,-7.2237469309999369,0],[112.59225133200005,-7.2237346959999513,0],[112.59214647300007,-7.2237155269999676,0],[112.59213917800002,-7.2237136779999673,0],[112.59207086800006,-7.223696360999952,0],[112.59202272300001,-7.2236671869999327,0],[112.59193209000011,-7.2236122669999645,0],[112.59182752800007,-7.2235232909999354,0],[112.59177023000007,-7.2234745349999798,0],[112.59173341000007,-7.2234043179999503,0],[112.59170801300002,-7.2233558849999326,0],[112.5916490620001,-7.2232239929999764,0],[112.59163902300008,-7.2232015309999724,0],[112.5916330340001,-7.2231881319999616,0],[112.59160790300007,-7.2231388419999689,0],[112.59160775100008,-7.2231385429999477,0],[112.59157195500006,-7.2230683349999367,0],[112.59152118100008,-7.2229496429999358,0],[112.59151684300002,-7.2228990399999589,0],[112.59150805600007,-7.2227965329999506,0],[112.59149395800011,-7.2226925739999501,0],[112.59151900100005,-7.2226536259999534,0],[112.59153828600006,-7.2226044129999423,0],[112.59155178800006,-7.2225380739999423,0],[112.5915850020001,-7.2223237049999511,0],[112.59160661400006,-7.2221842199999742,0],[112.59161894100009,-7.2221046589999673,0],[112.59162400100001,-7.2220398189999742,0],[112.59162545400011,-7.2220212019999508,0],[112.59163264800009,-7.2219290179999689,0],[112.59163865900007,-7.2218519979999769,0],[112.59163774900003,-7.2218325749999508,0],[112.59162915000002,-7.221649015999958,0],[112.59162392600001,-7.2215375179999342,0],[112.59161940000001,-7.2214726739999264,0],[112.59160695300011,-7.2212943469999686,0],[112.59160420500007,-7.2212727849999396,0],[112.59158281400005,-7.2211049269999421,0],[112.59156458700011,-7.2209618949999594,0],[112.59155256400004,-7.2208440619999692,0],[112.59154830900002,-7.2208023549999325,0],[112.59154176200002,-7.2207381869999381,0],[112.59152942900005,-7.220617309999966,0],[112.59152999500009,-7.2204490129999499,0],[112.5915302630001,-7.2203693959999669,0],[112.59153026900003,-7.2203676519999362,0],[112.5915303700001,-7.2203375559999472,0],[112.59153071500009,-7.2202348799999641,0],[112.59153071500009,-7.2202348059999508,0],[112.59153075900008,-7.2202217589999691,0],[112.59153074300002,-7.220221702999936,0],[112.5915289620001,-7.2202154349999432,0],[112.59152685800007,-7.2202080289999344,0],[112.5914864990001,-7.2200659759999439,0],[112.59147897800005,-7.2200395049999315,0],[112.59147198700009,-7.2200148989999775,0],[112.59145134000005,-7.2199422259999437,0],[112.59141957200006,-7.2198304099999291,0],[112.59141698400003,-7.2198213009999677,0],[112.59140771300008,-7.2197886699999572,0],[112.59140137000009,-7.219766343999936,0],[112.59133369500012,-7.2195281469999486,0],[112.59121532000006,-7.219111494999936,0],[112.59120808200009,-7.2190860199999634,0],[112.59116583100001,-7.218937306999976,0],[112.59113551900009,-7.2188306169999805,0],[112.59106734800002,-7.2186847559999592,0],[112.59105340700012,-7.2186510779999367,0],[112.59103121500004,-7.2185974699999633,0],[112.59098897300009,-7.2185222989999716,0],[112.59098333300005,-7.2185122629999796,0],[112.5909398440001,-7.2183486859999562,0],[112.59091059700006,-7.2182589709999547,0],[112.59087571600003,-7.2181519759999446,0],[112.59086782700001,-7.2181277759999602,0],[112.59080715300001,-7.2179591149999283,0],[112.59075513000005,-7.2177609839999377,0],[112.59073447100002,-7.2176823069999614,0],[112.5907210260001,-7.2176311009999381,0],[112.59068457800004,-7.2175172189999444,0],[112.59068353400005,-7.2175133489999439,0],[112.59065501000009,-7.2174075979999657,0],[112.59059442700004,-7.2171865329999605,0],[112.59054561800008,-7.2170084339999789,0],[112.59052791900001,-7.2169438509999395,0],[112.59048514700009,-7.2167725579999455,0],[112.59046057900002,-7.216674166999951,0],[112.59032139500005,-7.21611676699996,0],[112.59032809300004,-7.2160858689999259,0],[112.59031892700011,-7.2159938609999585,0],[112.59031858500009,-7.2159904299999766,0],[112.59030726500009,-7.2159142719999636,0],[112.59030419700002,-7.2158936349999294,0],[112.5902950740001,-7.2157752989999722,0],[112.59029724600009,-7.2156867269999339,0],[112.59030134700004,-7.2156167969999387,0],[112.59029050800007,-7.2155546329999538,0],[112.59027874200001,-7.2154845389999309,0],[112.59030037000002,-7.2153371339999808,0],[112.59031359400001,-7.2152522219999469,0],[112.5903019000001,-7.215221885999938,0],[112.59029208100003,-7.2152120149999632,0],[112.59022375400002,-7.2151861119999694,0],[112.59019651300002,-7.2151753399999734,0],[112.59016617800012,-7.2151633449999508,0],[112.5901296290001,-7.215155698999979,0],[112.59010768000007,-7.2151511069999401,0],[112.590173961,-7.2149221539999644,0],[112.59019652000006,-7.2148398749999387,0],[112.5902114700001,-7.214785347999964,0],[112.59024303500007,-7.2146702229999278,0],[112.59032256400008,-7.2143933739999397,0],[112.59034067900006,-7.214338406999957,0],[112.59043896000003,-7.2140401949999386,0],[112.5905648370001,-7.2140696629999752,0],[112.59067574100004,-7.2140991829999734,0],[112.59076115300002,-7.2141351319999671,0],[112.59079670900007,-7.214163717999952,0],[112.59081311700004,-7.2141971559999547,0],[112.59083342400004,-7.2142497199999411,0],[112.59084928200002,-7.2142966839999758,0],[112.59085375800009,-7.2143099399999642,0],[112.59087038700011,-7.2143510409999294,0],[112.59087115700004,-7.214352943999927,0],[112.59087819400008,-7.2143595549999304,0],[112.59088942500011,-7.214370105999933,0],[112.59092875200008,-7.2143809749999264,0],[112.59096792700007,-7.2143821189999358,0],[112.59109867300003,-7.2143606089999253,0],[112.5912140050001,-7.2143626319999612,0],[112.59135571600007,-7.2143720959999769,0],[112.59142234000001,-7.2143902569999341,0],[112.59149761700007,-7.214410776999955,0],[112.5916060400001,-7.2144579229999408,0],[112.59171448800009,-7.2145157349999636,0],[112.59184107200008,-7.2145832159999372,0],[112.59191503200009,-7.2146226429999274,0],[112.59201937800003,-7.2147097949999761,0],[112.59210806100009,-7.2147787409999751,0],[112.59221027500007,-7.2148582069999634,0],[112.59241004,-7.2150006099999473,0],[112.59243900200011,-7.2150212559999432,0],[112.59244003200001,-7.2150219899999684,0],[112.5926121330001,-7.2151448299999288,0],[112.59261614800005,-7.2151470349999727,0],[112.59262152600002,-7.21514998899994,0],[112.59266803200001,-7.215175530999943,0],[112.59268680100001,-7.2151858389999575,0],[112.59269353600007,-7.2151895379999473,0],[112.59275530100001,-7.2152234599999474,0],[112.59289199000011,-7.2151984269999616,0],[112.59289300600005,-7.2151982409999391,0],[112.59296604600002,-7.2151848649999692,0],[112.59318146200008,-7.2151454139999487,0],[112.59318960900009,-7.2151450339999315,0],[112.59322282300002,-7.2151434839999524,0],[112.59333156900004,-7.2151384099999518,0],[112.59343259500008,-7.2151336959999526,0],[112.59362627100006,-7.2151126779999686,0],[112.59363622600006,-7.2151140129999476,0],[112.59368362100008,-7.2151203689999761,0],[112.59376080800007,-7.21513072099998,0],[112.59376596400011,-7.2151314119999483,0],[112.59376753400011,-7.2151320369999326,0],[112.59379488500008,-7.2151429229999735,0],[112.59384837500011,-7.21516421299998,0],[112.59386906000009,-7.21517244599994,0],[112.59393961500007,-7.2152005279999685,0],[112.59395068800006,-7.2152049349999743,0],[112.59397661700007,-7.2152240639999263,0],[112.59404993800001,-7.215278158999979,0],[112.594097422,-7.2153131909999502,0],[112.59409902100003,-7.2153143699999305,0],[112.59411960500006,-7.2153295559999719,0],[112.59411966100004,-7.2153295979999257,0],[112.59415725200006,-7.2153573319999396,0],[112.59417769200002,-7.2153732859999309,0],[112.5942218350001,-7.2154077389999429,0],[112.5942360570001,-7.2154188399999271,0],[112.59425028700002,-7.2154299469999614,0],[112.59425115900001,-7.2154306279999787,0],[112.59432709300006,-7.2156002359999434,0],[112.59436816000004,-7.2156919639999728,0],[112.59439603900012,-7.2157770829999777,0],[112.59443715800001,-7.2159026279999807,0],[112.59446928200009,-7.2160619979999296,0],[112.59448803000009,-7.2161550049999619,0],[112.59450680900011,-7.2162333919999355,0],[112.59455728100011,-7.2164440729999342,0],[112.59460793500011,-7.2166615009999759,0],[112.59463002300004,-7.2167866769999591,0],[112.5946328120001,-7.2168713459999481,0],[112.59467056900007,-7.2169907949999583,0],[112.59467700800008,-7.2170029149999664,0],[112.59469492200003,-7.2170366359999321,0],[112.5947254890001,-7.2170941739999535,0],[112.59479483400003,-7.2171793779999689,0],[112.59480161600004,-7.2171888269999727,0],[112.59485027100004,-7.2172566189999543,0],[112.59491128200011,-7.2173416269999393,0],[112.59491252800001,-7.2173433579999369,0],[112.59492635900006,-7.2173625629999378,0],[112.59498991500004,-7.2174508169999285,0],[112.59506454000007,-7.217554439999958,0],[112.59507754200001,-7.2175724949999562,0],[112.59509091100006,-7.2176088949999553,0],[112.59510547600007,-7.2176485489999322,0],[112.59511100600002,-7.217663603999938,0],[112.59511694800005,-7.2176797819999479,0],[112.59521089200007,-7.2179355509999255,0],[112.5952205000001,-7.217961708999951,0],[112.5953251310001,-7.2182498739999801,0],[112.59532633000003,-7.218253175999962,0],[112.59533864500008,-7.2182870949999369,0],[112.59539847000008,-7.218451861999938,0],[112.59540211100011,-7.2184612479999259,0],[112.59546881200004,-7.2186332149999544,0],[112.59554091300004,-7.2188161939999418,0],[112.59555022600011,-7.2188571119999665,0],[112.5955718670001,-7.2189521909999712,0],[112.59559859700005,-7.2190696319999574,0],[112.59559738500002,-7.2191080109999461,0],[112.59559222200005,-7.2192715289999683,0],[112.59558769800003,-7.2194502729999499,0],[112.59559789800005,-7.219536848999951,0],[112.59560901500004,-7.2196312109999781,0],[112.59561070400002,-7.2196455439999454,0],[112.59561365900004,-7.2196706259999814,0],[112.59563192000007,-7.2197370979999391,0],[112.59564939200004,-7.2198006999999507,0],[112.59565291000001,-7.2198717959999499,0],[112.59565966600007,-7.2199624229999699,0],[112.59566051500008,-7.219988260999969,0],[112.59566144400003,-7.220016535999946,0],[112.59566543100004,-7.2201379169999313,0],[112.59566502700011,-7.2202060679999249,0],[112.59564745800003,-7.2203448189999335,0],[112.5956409910001,-7.2203715919999354,0],[112.59566146400005,-7.220492821999926,0],[112.59569873900011,-7.220673073999933,0],[112.5957055670001,-7.2207060929999329,0],[112.59573212200007,-7.2208785879999482,0],[112.5957898150001,-7.2209833409999646,0],[112.59580592700001,-7.2209979719999637,0],[112.59583148900003,-7.2210211859999731,0],[112.59589502300003,-7.2210788809999258,0],[112.5959265140001,-7.2211030779999419,0],[112.59596445500006,-7.2211322309999559,0],[112.59607115500012,-7.2212116099999548,0],[112.59610189700004,-7.2212344809999536,0],[112.59614975000011,-7.2212798569999563,0],[112.59615629700011,-7.2212860659999478,0],[112.59619195700009,-7.2213210219999269,0],[112.59627303100001,-7.2214004949999548,0],[112.5963990350001,-7.2215249809999591,0],[112.59640565800009,-7.2215335009999535,0],[112.59644024200009,-7.2215779919999363,0],[112.59650926200004,-7.2216575029999603,0],[112.59651207400009,-7.2216607429999726,0],[112.59656568800006,-7.2217225079999707,0],[112.59668120300012,-7.2218303039999796,0],[112.59668248800006,-7.2218315039999652,0],[112.5967876090001,-7.2219387429999529,0],[112.59685203400011,-7.2220045399999435,0],[112.59690280700011,-7.2220563939999352,0],[112.59696551200011,-7.2221294649999663,0],[112.59703757400007,-7.2222101699999257,0],[112.59705070200005,-7.2222282449999398,0],[112.59708820000003,-7.222279872999934,0],[112.59716457800005,-7.222375943999964,0],[112.59717759400007,-7.2223923159999686,0],[112.59726324600001,-7.2225842459999399,0],[112.59730855700002,-7.2226541639999482,0],[112.59735714700003,-7.2227414309999745,0],[112.59740760300008,-7.2228100459999496,0],[112.59745025600012,-7.2228561849999551,0],[112.59747540400008,-7.2228822509999304,0],[112.59751155600009,-7.2229197249999402,0],[112.59753205800007,-7.2229409769999506,0],[112.59759457500002,-7.2229969709999295,0],[112.59760857100002,-7.2230240729999764,0],[112.59760478300007,-7.2230453039999816,0],[112.59750527900007,-7.2232377029999384,0],[112.5975918900001,-7.2232899579999525,0],[112.59768858400003,-7.2233257819999608,0],[112.59774893700001,-7.2233529979999389,0],[112.59775763500011,-7.2233569209999473,0],[112.59775967300004,-7.2233578399999487,0],[112.59781330100009,-7.2233672949999459,0],[112.59784255200009,-7.2233655569999655,0],[112.59787364400006,-7.2233637089999547,0],[112.59791107800004,-7.2233615949999717,0],[112.59793736500001,-7.2233601109999768,0],[112.59797964600011,-7.2233569379999381,0],[112.59799144300007,-7.223356052999975,0],[112.59800294800004,-7.2233551899999497,0],[112.59802681500003,-7.2233568629999354,0],[112.59804359700001,-7.2233580389999474,0],[112.59807980300002,-7.2233605759999477,0],[112.59815416800006,-7.223362725999948,0],[112.59820493900008,-7.2233521859999428,0],[112.59821943800011,-7.2233491759999424,0],[112.59822268100004,-7.2233485029999542,0],[112.59826264500009,-7.2233165389999385,0],[112.59829864900007,-7.2232571049999592,0],[112.59832349300007,-7.2232043459999318,0],[112.59832548700001,-7.2232001119999723,0],[112.59832581600006,-7.2231997399999273,0],[112.59837598500008,-7.2231430389999787,0],[112.59839873700002,-7.2231598359999794,0],[112.59846291700001,-7.2231794439999248,0],[112.59848767400001,-7.223187007999968,0],[112.5985268930001,-7.2231906659999368,0],[112.59858234100011,-7.2231958369999347,0],[112.59860682200008,-7.2231972019999375,0],[112.5986198710001,-7.2231979289999799,0],[112.59863932600001,-7.2231990129999417,0],[112.59873301200003,-7.2232030249999752,0],[112.59875163000004,-7.2232055369999557,0],[112.59881611600008,-7.223214235999933,0],[112.59883287800005,-7.2232180899999321,0],[112.59883983800012,-7.2232196899999508,0],[112.59893508700009,-7.2232415879999508,0],[112.59905580600002,-7.2232693419999805,0],[112.59911765600009,-7.2232835609999597,0],[112.59914722100007,-7.2232903579999288,0],[112.59920583900009,-7.223303833999978,0],[112.59921490000011,-7.2233059169999478,0],[112.59921997300012,-7.2233070829999519,0],[112.59922033900011,-7.223306111999932,0],[112.59922172800009,-7.223302427999954,0],[112.59928013800004,-7.2231475339999633,0],[112.59931341200001,-7.2230299359999321,0],[112.5993303250001,-7.2229585279999355,0],[112.59934133000002,-7.2229120659999353,0],[112.59934641900009,-7.2228493639999556,0],[112.59932781200007,-7.2227751729999454,0],[112.59929468400003,-7.2227030289999448,0],[112.59928809700011,-7.2226886089999311,0],[112.59924363400012,-7.2225912729999777,0],[112.59920091600009,-7.2225258469999289,0],[112.59915598300006,-7.2224748839999506,0],[112.59910890600008,-7.2223869629999626,0],[112.59910271100011,-7.2223753919999467,0],[112.59908563100009,-7.222343493999972,0],[112.59904192100009,-7.2222709589999567,0],[112.59899350400008,-7.222198437999964,0],[112.59894808400009,-7.222154479999972,0],[112.59882158700009,-7.2220384129999502,0],[112.59872876500003,-7.221944113999939,0],[112.59871414400004,-7.2219292599999676,0],[112.59868247800011,-7.2219008159999589,0],[112.5986561630001,-7.2218662129999416,0],[112.59859552800003,-7.2217864829999598,0],[112.59857297700012,-7.2217583549999631,0],[112.59851638700002,-7.221730344999969,0],[112.59843468600002,-7.2216673439999681,0],[112.59833972300009,-7.2215779919999363,0],[112.5981506920001,-7.2214231549999681,0],[112.59806365100007,-7.2213340099999641,0],[112.59798469300006,-7.2212609939999766,0],[112.59793730300009,-7.2212409079999702,0],[112.59788548000006,-7.2211952829999291,0],[112.59785203200011,-7.2211577909999392,0],[112.59783292900011,-7.2211251369999445,0],[112.59782725900004,-7.2211154449999526,0],[112.59782186100006,-7.2211065319999648,0],[112.5978007760001,-7.2210717139999474,0],[112.59778344300003,-7.2210430929999347,0],[112.5977762660001,-7.2210312409999347,0],[112.59776182200005,-7.2210049639999738,0],[112.59773156000006,-7.2209499089999554,0],[112.59768915000006,-7.2208673079999812,0],[112.59768848900001,-7.2208651219999638,0],[112.59767122800008,-7.2208079979999411,0],[112.59766435000006,-7.2207852369999728,0],[112.59763603500005,-7.2206966149999516,0],[112.59759505600005,-7.220576694999977,0],[112.59757514100011,-7.2205430129999399,0],[112.59755150600006,-7.2204672439999626,0],[112.59754779600007,-7.2204553489999626,0],[112.59752632000004,-7.2203898489999574,0],[112.59752452800001,-7.2203455109999481,0],[112.59751951200008,-7.2202214009999466,0],[112.59752022400005,-7.220158764999951,0],[112.59752057300011,-7.2201280429999315,0],[112.59751073600012,-7.2200764849999359,0],[112.59750373200006,-7.2200176969999461,0],[112.59749779900005,-7.2199675579999507,0],[112.59750026600011,-7.2199440309999545,0],[112.59751969800004,-7.2198787579999362,0],[112.5975105760001,-7.2197558329999652,0],[112.59750102300006,-7.2196478579999734,0],[112.59750360400005,-7.2195576809999693,0],[112.59751404500003,-7.2195088059999648,0],[112.59751830300002,-7.2194888759999571,0],[112.59752652000009,-7.219450409999979,0],[112.59759050700006,-7.2193507699999486,0],[112.59760015200004,-7.2193357519999495,0],[112.5976006190001,-7.2193351699999653,0],[112.59773621200009,-7.2191661219999332,0],[112.59774232100006,-7.2191585059999284,0],[112.59783906200005,-7.2190339799999492,0],[112.59790455900009,-7.2189496699999722,0],[112.59791313700009,-7.2189345749999347,0],[112.59799292600007,-7.2187941689999775,0],[112.59800922800002,-7.2187654809999344,0],[112.59805214200003,-7.2186899639999638,0],[112.59811245700007,-7.2186410089999526,0],[112.59825191400012,-7.2187466509999467,0],[112.59829783700002,-7.2187814389999403,0],[112.59831316300006,-7.2187930479999523,0],[112.59832062400005,-7.2187986999999794,0],[112.59835666700008,-7.2188260039999363,0],[112.59835688500004,-7.2188261689999536,0],[112.59836160700002,-7.218819744999962,0],[112.59838140700003,-7.2187928089999787,0],[112.59841823200009,-7.2187427129999264,0],[112.59845543300003,-7.2186921059999349,0],[112.59846341600007,-7.2186812449999707,0],[112.59851508800011,-7.2186197309999329,0],[112.59851544600008,-7.218619303999958,0],[112.59865863100003,-7.2184488449999549,0],[112.5987162670001,-7.2183628159999671,0],[112.59877063200008,-7.2183066929999313,0],[112.59879412500004,-7.2182866659999263,0],[112.5988779810001,-7.218215182999927,0],[112.59895455100002,-7.2181580169999506,0],[112.59902738000005,-7.2181355819999453,0],[112.59909300900006,-7.2181252259999269,0],[112.59917844300003,-7.2181181759999617,0],[112.59925563800005,-7.2181010289999676,0],[112.59967054000003,-7.2179449659999477,0],[112.59981980400005,-7.2178888209999741,0],[112.59994905100007,-7.2178454539999279,0],[112.60011929400002,-7.2177894069999411,0],[112.60028087900002,-7.2177430319999303,0],[112.6002979540001,-7.2177374109999732,0],[112.60040819900007,-7.2177011189999689,0],[112.60047249600007,-7.2176757929999553,0],[112.60049033200005,-7.2176687679999532,0],[112.60056270100006,-7.2176402629999643,0],[112.60063176100005,-7.2176130609999518,0],[112.60064094100005,-7.2176082689999248,0],[112.60080331800009,-7.2175235129999464,0],[112.60086116700006,-7.2174933179999812,0],[112.60090821000006,-7.2174555939999436,0],[112.60094784300009,-7.2174238119999359,0],[112.60094878200005,-7.2174230589999411,0],[112.60095296800012,-7.2174197029999618,0],[112.60095728200008,-7.2174131929999703,0],[112.6010326820001,-7.217299392999962,0],[112.60107978000008,-7.2172050179999587,0],[112.60109184600003,-7.2171808399999691,0],[112.6011442890001,-7.2170757599999433,0],[112.60118409400002,-7.2169649589999381,0],[112.60119693900003,-7.2169112449999488,0],[112.60121014700007,-7.2168560139999727,0],[112.60122437200005,-7.2167825529999732,0],[112.60121022200008,-7.2166719409999587,0],[112.60118579500011,-7.2165215859999421,0],[112.60116943700007,-7.2164012199999661,0],[112.60115562100009,-7.2162826509999718,0],[112.60112851300005,-7.2161937829999374,0],[112.60107206500004,-7.216103210999961,0],[112.60105160700004,-7.2160775419999368,0],[112.60103096400007,-7.2160516399999324,0],[112.60096486100008,-7.2159954579999521,0],[112.60089560800009,-7.215937510999936,0],[112.60084391800001,-7.2158942609999599,0],[112.60070298700009,-7.2157725229999414,0],[112.60063798300007,-7.2157203119999735,0],[112.60054584300008,-7.2156739849999667,0],[112.60045984400006,-7.2156240189999608,0],[112.60038740200002,-7.2155961709999588,0],[112.60037400800002,-7.2155894699999408,0],[112.60032742600004,-7.2155661649999274,0],[112.60029778100011,-7.2155572679999409,0],[112.60026552600004,-7.2155380939999532,0],[112.60023322500001,-7.2155060609999282,0],[112.60017968900002,-7.2154766759999802,0],[112.60007842800007,-7.2154230259999395,0],[112.60000726800001,-7.2153786619999778,0],[112.59992358400007,-7.2153264889999491,0],[112.59988287800002,-7.2152842009999745,0],[112.59986341100011,-7.2152405499999759,0],[112.599779076,-7.2152402019999613,0],[112.59965550100003,-7.2152310729999272,0],[112.59956476100001,-7.215216383999973,0],[112.59946638600002,-7.2152041259999464,0],[112.59934126100006,-7.215192343999945,0],[112.59926096100003,-7.2151864099999443,0],[112.59917787100005,-7.2151989939999339,0],[112.59907024900008,-7.2152128719999382,0],[112.59896554700003,-7.215233489999946,0],[112.59890144400003,-7.2152452159999712,0],[112.59884599800012,-7.2152675899999394,0],[112.59877650100009,-7.215299229999971,0],[112.59872988100005,-7.2153204549999259,0],[112.59872849800001,-7.2153212699999472,0],[112.59872779000011,-7.215321686999971,0],[112.59860789900006,-7.2153923559999384,0],[112.59860630900005,-7.2153932929999769,0],[112.59860407300005,-7.2153942839999559,0],[112.59849221900004,-7.2154438609999261,0],[112.59849044000009,-7.2154448809999394,0],[112.59845415300003,-7.2154656919999525,0],[112.59836216800011,-7.215533038999979,0],[112.59831633800002,-7.2155673689999276,0],[112.59828546800009,-7.2155904929999792,0],[112.59827703100007,-7.2155968129999337,0],[112.59824472800005,-7.2156210099999498,0],[112.59819379500004,-7.2156554009999354,0],[112.59817151000004,-7.2156704479999689,0],[112.59810554500007,-7.2157222729999262,0],[112.59802514600005,-7.2157890959999804,0],[112.5980095220001,-7.2158082519999311,0],[112.59796678800001,-7.2158606479999321,0],[112.59795928300002,-7.2158698499999332,0],[112.59789405200002,-7.2159337819999791,0],[112.597873703,-7.2159480959999769,0],[112.59777632200007,-7.2160165929999494,0],[112.59764819200007,-7.2161021019999794,0],[112.59763759300006,-7.2161091749999287,0],[112.59749397700011,-7.2162112749999778,0],[112.59749307300001,-7.216211125999962,0],[112.59745558700001,-7.2162049369999295,0],[112.59733552500006,-7.2161851139999271,0],[112.5973146980001,-7.216181674999973,0],[112.59729105500003,-7.2161777719999805,0],[112.59719468900005,-7.2161618619999786,0],[112.59717145500008,-7.2161580259999596,0],[112.59702493300006,-7.216123854999978,0],[112.59682731300006,-7.2160830769999507,0],[112.59671711400006,-7.2160506749999627,0],[112.5966842900001,-7.2160536829999273,0],[112.59662591300003,-7.2160664239999619,0],[112.59650287000011,-7.2160885519999738,0],[112.59649715900002,-7.2160898649999581,0],[112.59637936600006,-7.2161169499999573,0],[112.59633246100009,-7.2161184159999721,0],[112.59629881700005,-7.2161194669999418,0],[112.59624032600004,-7.2161212939999473,0],[112.59615026500001,-7.2161352899999542,0],[112.59609733900004,-7.2161449679999805,0],[112.59609387300009,-7.2161442219999685,0],[112.59607749800011,-7.2161406989999364,0],[112.5960603530001,-7.216130451999959,0],[112.5960317470001,-7.2161124149999409,0],[112.59601105500008,-7.21610138799997,0],[112.595987691,-7.2160889369999381,0],[112.59594903400011,-7.2160627619999786,0],[112.59591908300001,-7.2160411689999364,0],[112.59586111900001,-7.2160085519999484,0],[112.5958262800001,-7.21598724699993,0],[112.59578980400011,-7.2159553829999368,0],[112.59576907200005,-7.215937270999973,0],[112.5957284640001,-7.2158968349999668,0],[112.59572684400007,-7.2158952209999256,0],[112.5957022990001,-7.2158707809999783,0],[112.59566862600002,-7.2158039409999333,0],[112.5956661570001,-7.215799039999979,0],[112.59561461400006,-7.2157221819999791,0],[112.59561228100006,-7.2157187029999363,0],[112.59558651700002,-7.215669127999945,0],[112.59553803100005,-7.2156109519999632,0],[112.59553484900005,-7.2156064029999811,0],[112.59551709700008,-7.215581029999953,0],[112.59547106500008,-7.2155152329999623,0],[112.59544722100009,-7.2154703379999319,0],[112.59543655700008,-7.2154502589999652,0],[112.5954073260001,-7.2153756219999536,0],[112.59538491100011,-7.2153173559999573,0],[112.59536593100006,-7.2152745089999257,0],[112.59533489100011,-7.2152350779999779,0],[112.5953120800001,-7.2152156299999319,0],[112.59530578300007,-7.215210261999971,0],[112.59530101600001,-7.2152072299999759,0],[112.59526179900001,-7.2151822919999518,0],[112.5952614900001,-7.2151821149999478,0],[112.59520229300006,-7.2151482649999252,0],[112.59517357100003,-7.2151353359999462,0],[112.59516022700006,-7.2151293289999785,0],[112.59513373400011,-7.2151174029999652,0],[112.59511176000001,-7.2151075119999746,0],[112.59510025500003,-7.2151023329999475,0],[112.59503493000011,-7.2150615749999361,0],[112.59502753900006,-7.2150523719999455,0],[112.59501868000007,-7.2150413399999707,0],[112.5950148500001,-7.2150365709999278,0],[112.59497880000004,-7.2149916789999793,0],[112.59497237400001,-7.2149836769999638,0],[112.59492906200001,-7.2149297429999706,0],[112.59489141800009,-7.2148645869999655,0],[112.59483330700004,-7.2147640059999389,0],[112.59481770200011,-7.2147369949999529,0],[112.59480351900004,-7.2147124459999645,0],[112.59480349300009,-7.2147124009999288,0],[112.59478994600011,-7.2146889539999393,0],[112.59476104400005,-7.214638928999932,0],[112.5947286060001,-7.2145827829999689,0],[112.59485230400003,-7.2144986709999444,0],[112.59498489800001,-7.2144085099999415,0],[112.59501807300001,-7.2143859519999296,0],[112.59505559600007,-7.2143604379999715,0],[112.59511471300004,-7.2143202399999495,0],[112.59534238500009,-7.2141654279999443,0],[112.59560635800005,-7.2139457919999472,0],[112.5956858720001,-7.2138796329999764,0],[112.59575878700002,-7.2138082399999348,0],[112.59585075700011,-7.2137181919999307,0],[112.59591210100007,-7.2136581289999526,0],[112.5959881230001,-7.2135836949999543,0],[112.59611171600011,-7.2134821729999317,0],[112.59626201100002,-7.2133587179999381,0],[112.59631560200012,-7.213316453999937,0],[112.59646273900012,-7.2132004149999602,0],[112.59650511300003,-7.2131669969999734,0],[112.59664534400008,-7.2130476529999328,0],[112.59683146000009,-7.2128892599999404,0],[112.59701542200003,-7.212774862999936,0],[112.59705473400004,-7.2127504169999384,0],[112.59719004400006,-7.2126662749999468,0],[112.59727661500006,-7.2126271829999382,0],[112.59728980700004,-7.2126212259999534,0],[112.5973209440001,-7.2126071659999411,0],[112.59744123900009,-7.2125528459999373,0],[112.59755227000005,-7.2125027089999776,0],[112.59771795500001,-7.212427838999929,0],[112.59794090600008,-7.2123641949999637,0],[112.59808318900002,-7.2123422689999757,0],[112.59811328300009,-7.2123376319999579,0],[112.59830126100007,-7.2123086649999664,0],[112.59833553600004,-7.2123033829999486,0],[112.59847628900002,-7.212298316999977,0],[112.59861262400011,-7.2123389859999634,0],[112.59866613700001,-7.2124097249999295,0],[112.59869541100011,-7.2124484209999764,0],[112.59879646400009,-7.212607529999957,0],[112.59890256000006,-7.2127745789999267,0],[112.59905366400005,-7.2131100779999429,0],[112.59907527000007,-7.213140512999928,0],[112.59911122000005,-7.213191151999979,0],[112.59911922400011,-7.213202426999942,0],[112.59918361400003,-7.2132879239999284,0],[112.59925021100003,-7.2133494089999317,0],[112.59931093200009,-7.2133976519999692,0],[112.59934605900003,-7.2134255599999619,0],[112.59935685500011,-7.2134334859999285,0],[112.59944070500001,-7.2134950399999411,0],[112.59954267800003,-7.2135278289999292,0],[112.59968123900001,-7.2135502029999543,0],[112.59985186100005,-7.2135770359999469,0],[112.59995720600011,-7.2135851039999466,0],[112.60001232900004,-7.2135893259999762,0],[112.60006593500009,-7.2135934309999357,0],[112.60023341200008,-7.2135726379999596,0],[112.60042960600003,-7.2135155789999317,0],[112.60057816100004,-7.213451053999961,0],[112.60064007900007,-7.213392995999925,0],[112.60067019500002,-7.2133647569999653,0],[112.60067064600003,-7.2133643349999375,0],[112.60072654100009,-7.2133119239999814,0],[112.60072987700005,-7.2133087959999784,0],[112.6007889660001,-7.213188577999972,0],[112.60079028500002,-7.2131852709999293,0],[112.6009058190001,-7.2128955749999477,0],[112.60093709500006,-7.2127292999999781,0],[112.60094626300008,-7.2126805579999314,0],[112.60096173700003,-7.2124682489999259,0],[112.60096745300007,-7.2123898279999707,0],[112.60096912500001,-7.2123668809999799,0],[112.60096398600001,-7.212311543999931,0],[112.60096285700001,-7.2122993919999772,0],[112.60095641100008,-7.2122299859999544,0],[112.60097975500003,-7.2120942499999501,0],[112.60097589300005,-7.2120281039999554,0],[112.6009715350001,-7.2119534809999664,0],[112.60096933800003,-7.2119412379999517,0],[112.60091632400008,-7.2116458229999694,0],[112.60091601000011,-7.2116440699999771,0],[112.60091574700004,-7.2116426039999624,0],[112.60087038900008,-7.2113858989999358,0],[112.60085035500003,-7.2112725179999302,0],[112.60080744200002,-7.211035074999927,0],[112.60080680100009,-7.2110315289999676,0],[112.60078472000009,-7.2109093519999305,0],[112.60076363400003,-7.2107278699999711,0],[112.60075601200003,-7.2106622669999751,0],[112.60074788300005,-7.2105923039999311,0],[112.60074607500007,-7.2105767419999438,0],[112.60072515700006,-7.2105101369999716,0],[112.60069313800011,-7.2104081869999277,0],[112.60065619800002,-7.2102905669999586,0],[112.60062801800007,-7.2102008379999347,0],[112.60056336900004,-7.2100765229999411,0],[112.60052841000004,-7.2100092999999674,0],[112.60050836800008,-7.2099707599999761,0],[112.60046382200005,-7.2098851029999764,0],[112.60035855500007,-7.2097285999999485,0],[112.60035067300009,-7.2097218789999715,0],[112.60030496500008,-7.2096828999999616,0],[112.6002535880001,-7.2096390859999815,0],[112.6001863680001,-7.2095817619999707,0],[112.60017681300008,-7.2095695919999798,0],[112.60015876000011,-7.2095465979999744,0],[112.60015536600008,-7.2095422749999329,0],[112.60005854200006,-7.2094189499999288,0],[112.59997464900005,-7.2093120959999624,0],[112.59991742200009,-7.2092392069999391,0],[112.59991491300002,-7.2092360119999626,0],[112.59989856400011,-7.2092151879999733,0],[112.59984407400009,-7.2091457829999399,0],[112.59982110900012,-7.209126787999935,0],[112.59966760000009,-7.2089998159999595,0],[112.59957799100005,-7.208908274999942,0],[112.59957462500006,-7.2089048369999773,0],[112.59944860500002,-7.2087761009999554,0],[112.59941003100005,-7.2087366959999599,0],[112.59940262300006,-7.2087262489999375,0],[112.59939428500002,-7.208714491999956,0],[112.59933202900004,-7.2086267029999362,0],[112.59931359500001,-7.2086007089999384,0],[112.59929568200005,-7.2085754489999658,0],[112.5992875390001,-7.208563966999975,0],[112.59924295400003,-7.2084934259999613,0],[112.59918482400008,-7.2084014559999332,0],[112.59917259600002,-7.208375933999946,0],[112.59916013000009,-7.2083499159999747,0],[112.59913100400001,-7.2082891259999542,0],[112.59910031600009,-7.208225074999973,0],[112.59907187700003,-7.2081657189999646,0],[112.59907186100008,-7.2081656859999725,0],[112.59905771700005,-7.2081361639999386,0],[112.59904750200008,-7.2081107279999515,0],[112.5990468120001,-7.2081090099999301,0],[112.5990382330001,-7.2080876459999672,0],[112.59899142500001,-7.2079710859999295,0],[112.59898729200006,-7.2079607949999627,0],[112.59894833400006,-7.2078637819999472,0],[112.5989404820001,-7.2078442289999316,0],[112.59892090300002,-7.207795472999976,0],[112.59889074500006,-7.2077431229999434,0],[112.59883399500006,-7.2076446119999673,0],[112.59882093300007,-7.2076219379999316,0],[112.59873609200008,-7.2074746639999603,0],[112.59871358300006,-7.2074383649999731,0],[112.59866767800008,-7.2073643389999802,0],[112.59860401800006,-7.2072616789999415,0],[112.59849116700002,-7.2071454929999277,0],[112.59840244400004,-7.2070800419999728,0],[112.59837292100008,-7.2070582619999755,0],[112.59823557800007,-7.206956942999966,0],[112.59823041700008,-7.2069536819999485,0],[112.59815361500011,-7.2069051519999334,0],[112.59802543600006,-7.2068241589999502,0],[112.59799908000002,-7.2068011799999567,0],[112.59796624700004,-7.2067725539999401,0],[112.59786557500001,-7.2066847779999534,0],[112.59770739100009,-7.2066526119999708,0],[112.59770719900007,-7.2066525729999285,0],[112.5977067450001,-7.2066526139999496,0],[112.59770553900012,-7.2066527219999443,0],[112.59761796000009,-7.2066605999999638,0],[112.59746367600007,-7.2067228589999672,0],[112.59716888500009,-7.2068601859999717,0],[112.59713630100009,-7.2068751149999457,0],[112.59703691200002,-7.2069206529999406,0],[112.59685763400012,-7.2069584789999794,0],[112.5968344910001,-7.2069633619999536,0],[112.59680954700002,-7.2069586469999649,0],[112.59679522300007,-7.206955938999954,0],[112.59666528500009,-7.2069313779999788,0],[112.59645185000011,-7.2068376389999571,0],[112.59634960700009,-7.2067703909999636,0],[112.59632766000004,-7.2067559559999381,0],[112.59625249100009,-7.2067065159999402,0],[112.59623316400007,-7.2066819059999716,0],[112.59622427000011,-7.2066705819999584,0],[112.59621425100011,-7.2066578249999793,0],[112.59617058400011,-7.2066022219999581,0],[112.59614859400006,-7.206450570999948,0],[112.59616523500006,-7.2063405079999256,0],[112.59616684200012,-7.2063298769999733,0],[112.59617471800004,-7.2062777879999658,0],[112.59617537300005,-7.2062734559999626,0],[112.59618970200006,-7.2061786919999804,0],[112.59620963500004,-7.2061160849999624,0],[112.59623122300002,-7.2060482809999371,0],[112.5962341500001,-7.2060390889999439,0],[112.59624161800002,-7.2060156329999359,0],[112.59624446500004,-7.2060066919999599,0],[112.59626761300001,-7.2059339869999803,0],[112.59626865000007,-7.2059307299999773,0],[112.59631937300003,-7.2057714169999372,0],[112.59632012400004,-7.2057690589999766,0],[112.59633216400005,-7.2057339129999605,0],[112.59643238500007,-7.2054413679999811,0],[112.59644583900001,-7.205410952999955,0],[112.59644747100003,-7.2054072639999731,0],[112.59645386600005,-7.2053928079999423,0],[112.59646150600008,-7.2053755369999521,0],[112.59646830700001,-7.2053601619999768,0],[112.59662910600002,-7.2049966459999268,0],[112.59665548700002,-7.2049476579999805,0],[112.59671119900008,-7.204844201999947,0],[112.59672627500004,-7.2048162049999291,0],[112.59675725400007,-7.2047586779999619,0],[112.59677664000003,-7.2047226779999392,0],[112.59680057000003,-7.2046871589999455,0],[112.59681520700008,-7.2046654329999456,0],[112.59687593100011,-7.204575302999956,0],[112.59690585900012,-7.2045308809999256,0],[112.59692928800007,-7.204496105999965,0],[112.59694079700012,-7.2044790239999656,0],[112.59696116400005,-7.2044497659999251,0],[112.59699552000006,-7.2044004109999378,0],[112.59704612500002,-7.2043277149999767,0],[112.59709848300008,-7.2042524999999387,0],[112.5971334300001,-7.2042242609999789,0],[112.59721091100005,-7.2041616519999252,0],[112.59723914400001,-7.2041388379999489,0],[112.59725877000005,-7.2041229789999761,0],[112.59730304800007,-7.2040871999999467,0],[112.59732433800002,-7.2040676999999391,0],[112.5973543340001,-7.204040225999961,0],[112.5973574190001,-7.2040373999999474,0],[112.59735997400003,-7.204035059999967,0],[112.59741447700003,-7.2039851399999293,0],[112.59744678900006,-7.2039555449999284,0],[112.59751110900004,-7.2039127499999722,0],[112.59756592400004,-7.2038762789999282,0],[112.59757084100011,-7.2038730079999596,0],[112.59761957900002,-7.2038405809999517,0],[112.59767501800002,-7.2038200179999308,0],[112.59768200400003,-7.2038174269999331,0],[112.59792132300004,-7.2037286609999569,0],[112.59799905200009,-7.2036990249999349,0],[112.59809551900003,-7.2036622449999754,0],[112.59817848200009,-7.203630612999973,0],[112.59837168000001,-7.2035693599999604,0],[112.59841046700001,-7.2035564289999456,0],[112.59846322200008,-7.2035388409999541,0],[112.59852291700008,-7.2035189389999346,0],[112.59859687400001,-7.2034942819999515,0],[112.5986403070001,-7.2034764329999348,0],[112.59881316300005,-7.2034053969999263,0],[112.59888277900006,-7.2033767889999467,0],[112.598936288,-7.2033547989999533,0],[112.59921287200007,-7.2032092709999347,0],[112.59924574600007,-7.2031919739999353,0],[112.59925240500002,-7.2031884699999296,0],[112.59926811100001,-7.2031802059999563,0],[112.59929220000004,-7.2031675309999628,0],[112.59931897300009,-7.2031534439999518,0],[112.59953092800004,-7.2030327909999414,0],[112.59960255300007,-7.2029920199999538,0],[112.59960866900008,-7.2029885379999428,0],[112.59966847900012,-7.2029544919999466,0],[112.59980778800002,-7.2028810149999458,0],[112.59982532100003,-7.2028717679999659,0],[112.59990937800001,-7.2028274329999249,0],[112.60003060000008,-7.2027634949999424,0],[112.60008600700007,-7.2027371569999445,0],[112.60012412000003,-7.2027190399999768,0],[112.6001314130001,-7.2027155729999777,0],[112.60039392900001,-7.2025907809999694,0],[112.60076838200007,-7.2024839459999725,0],[112.60077922200003,-7.2024808529999405,0],[112.60098798700005,-7.202449445999946,0],[112.6010125680001,-7.2024457479999455,0],[112.60101744600001,-7.2024453319999679,0],[112.60120820900011,-7.2024290619999647,0],[112.60131974100011,-7.2024505779999686,0],[112.60137345200008,-7.2024609399999804,0],[112.60142351200011,-7.2024705969999445,0],[112.60162294300005,-7.2025556199999414,0],[112.60180768700002,-7.2026944129999606,0],[112.60188642100002,-7.2027537469999743,0],[112.60189372900004,-7.2027592549999326,0],[112.60200806000012,-7.202845416999935,0],[112.60217603100011,-7.2029720029999567,0],[112.6021841700001,-7.2029795249999324,0],[112.60233961100005,-7.2031231949999324,0],[112.60239656600004,-7.2031758369999466,0],[112.6024165550001,-7.2031941099999699,0],[112.60241659600001,-7.2031941469999765,0],[112.6024574380001,-7.2032314839999572,0],[112.60257840200006,-7.203342063999969,0],[112.6026837170001,-7.2034383389999448,0],[112.60268533900012,-7.2034398219999503,0],[112.60269184400011,-7.2034457679999377,0],[112.60271213500005,-7.2034649919999652,0],[112.60278542800006,-7.2035344299999338,0],[112.60279496300006,-7.2035434639999494,0],[112.60281679700006,-7.203564149999977,0],[112.60291820500004,-7.2036602249999646,0],[112.60291827100002,-7.2036602869999342,0],[112.60293791000004,-7.2036788929999602,0],[112.60294701000009,-7.203688806999935,0],[112.60319117800009,-7.2039548119999495,0],[112.60344523900005,-7.2042785179999669,0],[112.60346393300006,-7.2043052609999449,0],[112.60349770400001,-7.2043535729999348,0],[112.60354159700012,-7.2044163649999291,0],[112.60357137700009,-7.2044589679999262,0],[112.60359063900012,-7.2044865239999467,0],[112.60365047700009,-7.204572126999949,0],[112.60365061400012,-7.2045723239999688,0],[112.60365803400009,-7.2045829399999661,0],[112.60375188400008,-7.2047164959999463,0],[112.60384573500005,-7.2048500529999728,0],[112.60389037600009,-7.2049135809999711,0],[112.60390206000011,-7.2049353399999632,0],[112.60396383500006,-7.2050503849999359,0],[112.60404474300003,-7.2052010619999578,0],[112.60406380900008,-7.2052518009999744,0],[112.60408736900001,-7.2053145009999753,0],[112.60424009300004,-7.2052816719999555,0],[112.60434950400008,-7.205227405999949,0],[112.6044050380001,-7.205159857999945,0],[112.60440314400012,-7.2050460459999499,0],[112.60439384200004,-7.2049696839999342,0],[112.60438024400003,-7.2049457739999525,0],[112.60434259600004,-7.2048978999999349,0],[112.60427926600005,-7.2048292329999413,0],[112.60427170600008,-7.2048023189999526,0],[112.60447445800003,-7.2043703709999249,0],[112.60451323600012,-7.2042938439999489,0],[112.60454758800006,-7.2042323359999614,0],[112.60482682600002,-7.2038314009999453,0],[112.605040712,-7.2035507539999344,0],[112.60510645300008,-7.2034561399999575,0],[112.60513025100011,-7.2033871669999598,0],[112.60516704500003,-7.2031923039999697,0],[112.60520516700001,-7.2028868699999293,0],[112.60523312300006,-7.2027265729999499,0],[112.60526503800008,-7.2023968419999278,0],[112.6054188060001,-7.2020910909999429,0],[112.60553951300005,-7.2018314759999384,0],[112.60569902300006,-7.2015017459999626,0],[112.60575410500007,-7.2013697409999509,0],[112.6057554680001,-7.2013323099999411,0],[112.60562323200008,-7.2012863959999436,0],[112.60526110300009,-7.2011723079999683,0],[112.60506269500002,-7.2010980569999674,0],[112.6048122840001,-7.2010128689999533,0],[112.60461238700009,-7.2009402509999632,0],[112.60443800900009,-7.2008839079999802,0],[112.6043027180001,-7.2008184759999381,0],[112.60414186800006,-7.2007456309999611,0],[112.60387164800011,-7.2006744329999606,0],[112.60373347700011,-7.2006389349999722,0],[112.60360584800003,-7.2006288949999657,0],[112.60330574400007,-7.2006584249999719,0],[112.60315862300001,-7.2006469159999256,0],[112.60296627200012,-7.2005966919999764,0],[112.60285055200006,-7.2005551499999569,0],[112.60284148800008,-7.2005252559999349,0],[112.60285326000007,-7.200475762999929,0],[112.6029173930001,-7.2003482469999653,0],[112.6029772710001,-7.200221016999933,0],[112.60300853000001,-7.200150482999959,0],[112.60301275800009,-7.2000785929999438,0],[112.60300318200007,-7.1999033299999269,0],[112.60298947500007,-7.1998479609999322,0],[112.60292450800011,-7.199780652999948,0],[112.60288486500008,-7.1997383929999614,0],[112.60274769000011,-7.1996039859999428,0],[112.6025749370001,-7.19954284399995,0],[112.60236964700005,-7.1994859739999697,0],[112.60205676800001,-7.1994916809999268,0],[112.60185324800011,-7.1994923929999572,0],[112.60182284000007,-7.1994863519999512,0],[112.60180309700002,-7.1994773799999621,0],[112.60178929200003,-7.1994364769999493,0],[112.60185027000011,-7.1990695739999637,0],[112.6018456060001,-7.1990377679999256,0],[112.60181328500005,-7.1989762239999777,0],[112.60181458700004,-7.1989216139999712,0],[112.60200912200003,-7.1983605069999612,0],[112.60204674600004,-7.1982527929999378,0],[112.60206795000011,-7.1982314719999749,0],[112.60234943600005,-7.1979395599999521,0],[112.60234632200002,-7.1979243839999754,0],[112.60231890700004,-7.1978987129999723,0],[112.60207682300006,-7.1977389999999559,0],[112.6020494710001,-7.1977315009999643,0],[112.60195106500009,-7.197729767999931,0],[112.60103084200011,-7.1978026889999569,0],[112.60098076700001,-7.1978089209999325,0],[112.60095648100003,-7.1978241049999383,0],[112.6008336320001,-7.1980485599999611,0],[112.60080488300002,-7.1980896139999686,0],[112.60077018600009,-7.1981594389999373,0],[112.60076881600003,-7.1981942499999718,0],[112.60078461300009,-7.1983775379999315,0],[112.6007988990001,-7.1985336189999316,0],[112.60076892900008,-7.1985246849999385,0],[112.60050599400006,-7.1984439659999566,0],[112.60033693500009,-7.1983929369999373,0],[112.60030522300008,-7.1983767729999499,0],[112.60023897600001,-7.1983702239999729,0],[112.59983136400001,-7.1982934479999585,0],[112.59974786500004,-7.1982851509999364,0],[112.59973343500008,-7.1982794159999344,0],[112.59975293400009,-7.1980908529999397,0],[112.59975285900009,-7.1980697889999306,0],[112.59973840200007,-7.1980563669999356,0],[112.59943025200005,-7.198004826999977,0],[112.59939662000011,-7.1979953619999719,0],[112.59923451900011,-7.1979272189999506,0],[112.59912506400008,-7.1979046379999545,0],[112.59907319500007,-7.1978885469999341,0],[112.59906069800002,-7.1978809079999451,0],[112.59905295600004,-7.1978656539999406,0],[112.59905282900002,-7.1978292209999495,0],[112.59910274100002,-7.1975420969999391,0],[112.59911215700004,-7.1974807699999701,0],[112.59923508200006,-7.1971713329999716,0],[112.59929507700008,-7.1970342469999764,0],[112.59939298200004,-7.1968925999999556,0],[112.5994732800001,-7.1967975739999588,0],[112.59952108100003,-7.1967600699999252,0],[112.59973268400006,-7.1966157669999689,0],[112.59976803500001,-7.1965840019999519,0],[112.5997737030001,-7.1965610179999544,0],[112.5997813140001,-7.1965380269999741,0],[112.59977322500004,-7.1964883329999338,0],[112.59973722600012,-7.1963353099999381,0],[112.59972632400002,-7.1962281259999372,0],[112.59972625300009,-7.1962080559999322,0],[112.59976067900004,-7.1961248539999474,0],[112.59990334000008,-7.1957377779999661,0],[112.59998819700002,-7.1955158969999502,0],[112.60004561500011,-7.1953470879999486,0],[112.60006795800007,-7.1953099449999627,0],[112.60025583800007,-7.1951290169999425,0],[112.6002992760001,-7.195061060999933,0],[112.60033962000011,-7.195005048999974,0],[112.60035475500001,-7.1949352929999577,0],[112.60035715100003,-7.1948306849999426,0],[112.60033221300012,-7.1947237309999537,0],[112.6003164010001,-7.1946428729999639,0],[112.60028609300002,-7.194558719999975,0],[112.60016475700002,-7.1944481259999407,0],[112.60002397800008,-7.1943489899999804,0],[112.60000185300009,-7.1943420159999505,0],[112.59993917500003,-7.1943519989999345,0],[112.59979354300003,-7.1943815289999407,0],[112.59958092300008,-7.1943838069999515,0],[112.59948549700005,-7.1943806149999432,0],[112.59939284600011,-7.1944020029999365,0],[112.59926137900004,-7.1944465799999762,0],[112.59921553400011,-7.1944669909999561,0],[112.59915148300001,-7.1945756119999373,0],[112.59908211300001,-7.1947000719999323,0],[112.59906010800012,-7.1947266379999633,0],[112.59904249700003,-7.1947293229999332,0],[112.59902039800011,-7.1947293979999358,0],[112.59890692700003,-7.1946900159999814,0],[112.59880875900001,-7.1946497679999766,0],[112.59879886900001,-7.1946466899999564,0],[112.59877000000006,-7.1946799999999484,0],[112.59870099800003,-7.194718924999961,0],[112.59865793400002,-7.1947736069999451,0],[112.5984148120001,-7.1950633029999267,0],[112.59831305500006,-7.1952566749999392,0],[112.5982600860001,-7.1954171499999688,0],[112.59819195700004,-7.1956403299999465,0],[112.59780227900001,-7.1955888019999747,0],[112.59778459500001,-7.1955914859999552,0],[112.59769204700001,-7.1956428879999521,0],[112.5974014200001,-7.1956061119999504,0],[112.59731126600002,-7.1955950359999292,0],[112.59729718300002,-7.1956029499999659,0],[112.59722349700007,-7.1957530099999758,0],[112.59695674400007,-7.1956692299999645,0],[112.59673386500003,-7.1955994899999496,0],[112.59676791600009,-7.1953870979999692,0],[112.59678352500009,-7.1953033269999764,0],[112.59681645800003,-7.1951349659999551,0],[112.59682001400006,-7.1951269979999779,0],[112.59682439100004,-7.1951190279999651,0],[112.59683406900001,-7.1951110379999363,0],[112.59685255000011,-7.1951012999999762,0],[112.59687640400011,-7.1950906399999326,0],[112.59689139500006,-7.1950861569999347,0],[112.59690197500004,-7.1950799739999525,0],[112.59691513600001,-7.1950650089999613,0],[112.59692914600009,-7.1950358499999538,0],[112.59693535300005,-7.1949962299999584,0],[112.59691809800006,-7.1946306879999611,0],[112.59689982200007,-7.1941866759999584,0],[112.59689708800011,-7.1941734879999331,0],[112.59688824500006,-7.1941637529999412,0],[112.59670299700008,-7.1941586149999353,0],[112.59658993300002,-7.1941501469999594,0],[112.59635053300008,-7.1941377839999632,0],[112.59630724700003,-7.194142362999969,0],[112.59628434600006,-7.1941476869999406,0],[112.59626767400005,-7.1941839069999673,0],[112.59622395300005,-7.1943636969999716,0],[112.59616579300007,-7.1946405429999345,0],[112.59614049000004,-7.1947709969999778,0],[112.59612908200006,-7.1947965319999412,0],[112.59611230400003,-7.1948028289999684,0],[112.5960452060001,-7.1948083049999809,0],[112.59600017200012,-7.1948040319999791,0],[112.59589226000003,-7.1947744859999716,0],[112.59575296500009,-7.1947372719999407,0],[112.59547276600006,-7.1946721589999356,0],[112.59547177100001,-7.1946439559999362,0],[112.59547216500005,-7.1945002989999693,0],[112.59546847700005,-7.1944703869999671,0],[112.59542199200007,-7.1944354709999629,0],[112.59534861400005,-7.1943960389999688,0],[112.59526885500009,-7.1943257999999446,0],[112.59523775200012,-7.1942695849999723,0],[112.59523764900007,-7.1942404739999688,0],[112.59524809600009,-7.1941964099999609,0],[112.59528591000003,-7.1940783909999482,0],[112.59536463100005,-7.193851646999974,0],[112.59539536000011,-7.1936930569999618,0],[112.59540243000004,-7.1936868849999769,0],[112.59554212600005,-7.1937321439999664,0],[112.59575167900005,-7.1935569299999429,0],[112.59583855700009,-7.1933787079999547,0],[112.59595087700006,-7.1932386399999473,0],[112.59596309200003,-7.1930803849999734,0],[112.59599351100007,-7.1930044279999379,0],[112.59600806000003,-7.1929589939999801,0],[112.59598204300005,-7.1927563029999533,0],[112.59596929200006,-7.1927185569999779,0],[112.5959556790001,-7.1926897649999546,0],[112.59592394100002,-7.1926448539999797,0],[112.5958461460001,-7.1926019109999402,0],[112.59581527700004,-7.1925704679999285,0],[112.59581060900007,-7.1925092159999622,0],[112.59582000000012,-7.1925099999999702,0],[112.59595000000002,-7.1924799999999323,0],[112.59606000000008,-7.1923399999999447,0],[112.59621000000004,-7.1922299999999382,0],[112.59660000000008,-7.1921199999999317,0],[112.59676000100001,-7.1920699999999442,0],[112.59696000000008,-7.1919099999999503,0],[112.59704000000011,-7.1917999999999438,0],[112.59708000000001,-7.1915300009999328,0],[112.59688999900004,-7.1908399999999801,0],[112.59682000000009,-7.1906499999999482,0],[112.59648462500002,-7.1901562519999516,0],[112.59612404300003,-7.1896253969999293,0],[112.59610000000009,-7.1895899999999529,0],[112.59616000000005,-7.1889000019999685,0],[112.59636000000012,-7.1879299999999375,0],[112.59636810800009,-7.1878975729999297,0],[112.59639000100003,-7.1878099999999563,0],[112.5964599990001,-7.1876900009999645,0],[112.59646415600002,-7.187569473999929,0],[112.59647000000007,-7.1874000019999471,0],[112.59647000000007,-7.1869799999999486,0],[112.59649999900012,-7.1867099999999482,0],[112.59655000000009,-7.1864499999999794,0],[112.59661000000006,-7.1861500019999767,0],[112.59670890900009,-7.1858862439999598,0],[112.5967364060001,-7.1858129189999431,0],[112.59682000000009,-7.1855899999999338,0],[112.59692455700008,-7.1853428649999387,0],[112.59693000000004,-7.1853300009999543,0],[112.59695353400002,-7.1852896559999522,0],[112.59714000000008,-7.1849699999999643,0],[112.59720000000004,-7.1848299999999767,0],[112.59718000000009,-7.1847599999999261,0],[112.59718000000009,-7.1846699999999259,0],[112.59725999900002,-7.1843999999999255,0],[112.59762999900011,-7.1837500009999644,0],[112.59782000000007,-7.1833499999999617,0],[112.59800000000007,-7.1829500009999379,0],[112.59805552100011,-7.1828261489999363,0],[112.59813000000008,-7.1826600019999773,0],[112.59820536200004,-7.1825260229999799,0],[112.59831000000008,-7.1823399999999538,0],[112.59834541800001,-7.1822396489999392,0],[112.59837000000005,-7.1821700009999745,0],[112.59856000000002,-7.1817499999999654,0],[112.59862388800002,-7.1816807879999374,0],[112.59868000000006,-7.1816199999999526,0],[112.59882436000009,-7.1814419569999473,0],[112.59892992300001,-7.1813117629999397,0],[112.59898000100009,-7.1812499999999773,0],[112.59938000000011,-7.1805999999999699,0],[112.5994700010001,-7.1802499999999441,0],[112.59968000000003,-7.1795499999999493,0],[112.59975130800001,-7.1791527179999548,0],[112.59984810300011,-7.178969532999929,0],[112.59995449200005,-7.1785862019999627,0],[112.59990222700003,-7.1785628779999797,0],[112.59992233300011,-7.1783986309999364,0],[112.59992433500008,-7.1783939479999503,0],[112.59997409300001,-7.1782775769999603,0],[112.60025946700011,-7.1776046849999489,0],[112.59944311900006,-7.1774389239999437,0],[112.59819875300002,-7.1771839709999767,0],[112.59795287500003,-7.1771311249999599,0],[112.59674577600003,-7.1769012659999589,0],[112.59657573800007,-7.1768665989999363,0],[112.59621028900006,-7.1768006959999298,0],[112.59506735700006,-7.1766667079999706,0],[112.59369897900001,-7.1764945359999501,0],[112.59319557900005,-7.1764324549999401,0],[112.59249457600004,-7.1761463459999391,0],[112.59249999800011,-7.176119999999969,0],[112.59243000000004,-7.1760799999999563,0],[112.59191493100002,-7.1758631309999714,0],[112.59186000000011,-7.1758399999999369,0],[112.59175000000005,-7.1757600009999578,0],[112.59165000000007,-7.1756099999999492,0],[112.59163000000001,-7.1755400009999448,0],[112.59169000000009,-7.1753799999999615,0],[112.59170780400007,-7.175359971999967,0],[112.59177000000011,-7.1752900019999402,0],[112.59177000000011,-7.1751900019999653,0],[112.59162000000003,-7.1750900009999441,0],[112.59148000000005,-7.1750299999999356,0],[112.59138999900006,-7.1750199999999609,0],[112.59134428600009,-7.1750640809999595,0],[112.59111000000007,-7.1752900019999402,0],[112.5910100000001,-7.1753799999999615,0],[112.59087999900009,-7.1753500019999592,0],[112.5907400000001,-7.1752700019999338,0],[112.59066000000007,-7.1751799999999548,0],[112.59064000000001,-7.1750699999999483,0],[112.59064000000001,-7.1749600019999775,0],[112.59058999900003,-7.1748800019999521,0],[112.59045000000003,-7.1748200019999331,0],[112.59037000000001,-7.174780000999931,0],[112.59033000000011,-7.1746799999999666,0],[112.59032157900003,-7.1746336869999254,0],[112.59031000000004,-7.174570001999939,0],[112.59013000000004,-7.1743999999999346,0],[112.58991000000003,-7.1741800019999573,0],[112.58989000000008,-7.1740499999999656,0],[112.58976000000007,-7.1740400019999697,0],[112.58965000000001,-7.1739600009999549,0],[112.58884,-7.1733000019999622,0],[112.58849000000009,-7.1731600009999283,0],[112.5879900000001,-7.1730199999999513,0],[112.58775000000003,-7.1730300009999723,0],[112.58770823100008,-7.1730422859999408,0],[112.5876840520001,-7.1728104209999515,0],[112.5875940090001,-7.1720317879999698,0],[112.58750362700005,-7.1711989999999446,0],[112.58739481100008,-7.1710789549999276,0],[112.58662038700004,-7.1702537769999708,0],[112.58600303200001,-7.1695981069999561,0],[112.58577669300007,-7.1693654589999483,0],[112.58571807200008,-7.1693317039999442,0],[112.58576000000005,-7.1692499999999768,0],[112.58541780400003,-7.1691522299999519,0],[112.58541416700007,-7.1691500039999596,0],[112.58532137500004,-7.1690864969999666,0],[112.58521021800004,-7.1690449309999735,0],[112.5851788760001,-7.169005350999953,0],[112.58511808200001,-7.1689552039999285,0],[112.58491746400011,-7.1688416219999453,0],[112.58478087700007,-7.1687648849999732,0],[112.5846495290001,-7.1687350519999313,0],[112.58433940500004,-7.1686034949999566,0],[112.58396587400011,-7.1684004629999549,0],[112.58385624500011,-7.1683471379999446,0],[112.58380219300011,-7.1682817799999725,0],[112.58364212600009,-7.1682151589999421,0],[112.5833758120001,-7.1681018919999815,0],[112.58294785400005,-7.1678325979999613,0],[112.58222746800004,-7.1673026719999484,0]]]},"properties":{"OBJECTID":3967,"NAMOBJ":"Cerme","FCODE":"BA03070040","REMARK":null,"METADATA":"TASWIL1000020260612KECAMATAN_AR","SRS_ID":"4326","KDBBPS":null,"KDCBPS":null,"KDCPUM":"35.25.11","KDEBPS":null,"KDEPUM":null,"KDPBPS":null,"KDPKAB":"35.25","KDPPUM":"35","LUASWH":71.184745724713878,"TIPADM":3,"WADMKC":"Cerme","WADMKD":null,"WADMKK":"Gresik","WADMPR":"Jawa Timur","WIADKC":null,"WIADKK":null,"WIADPR":null,"WIADKD":null,"UUPP":null,"SHAPE_Length":0.58873719415670978,"SHAPE_Area":0.0058280911785073136}}]}