{"type":"FeatureCollection","features":[{"type":"Feature","id":3842,"geometry":{"type":"Polygon","coordinates":[[[111.69153557200008,-7.4226407969999286,0],[111.69148251900003,-7.4226059289999284,0],[111.69145490400007,-7.422581053999977,0],[111.69119751400007,-7.4223491989999388,0],[111.69039149500009,-7.4216231389999621,0],[111.69017026200004,-7.4214238549999436,0],[111.69016911900007,-7.4214229079999541,0],[111.69011201500007,-7.4213756189999458,0],[111.68960408300006,-7.4209549879999486,0],[111.68891903400004,-7.420387681999955,0],[111.68852422300006,-7.4200042459999622,0],[111.68824001900003,-7.4197282289999293,0],[111.68770686500005,-7.4192451939999273,0],[111.68740843100005,-7.4189748129999771,0],[111.68740777400006,-7.4189742039999373,0],[111.68681643600007,-7.4184255959999632,0],[111.68679880800005,-7.4184092419999388,0],[111.68672177500008,-7.4183377749999408,0],[111.68581387500006,-7.4177445739999257,0],[111.68581237300003,-7.4177432429999612,0],[111.68543290600007,-7.4174070859999688,0],[111.68491089800006,-7.4169446559999415,0],[111.68453977400009,-7.4166158889999565,0],[111.68438176400008,-7.416529465999929,0],[111.68346119000006,-7.4160259639999708,0],[111.68291470400004,-7.4157270669999775,0],[111.68291310000006,-7.4157259999999496,0],[111.68258718300007,-7.4155092569999397,0],[111.68257845500005,-7.4155034529999284,0],[111.68255222900007,-7.4154860119999739,0],[111.68231961700008,-7.4153313179999714,0],[111.68169399100009,-7.4149884739999266,0],[111.68088530100005,-7.4145936429999324,0],[111.68066763500008,-7.414497972999925,0],[111.68066569500007,-7.4144971199999645,0],[111.68018338800005,-7.4142851339999538,0],[111.67927548800009,-7.4136790699999437,0],[111.67890967300008,-7.4134583889999703,0],[111.67864918400005,-7.4133012469999358,0],[111.67844725400005,-7.4131794309999464,0],[111.67823195600005,-7.4130495509999719,0],[111.67818897100005,-7.4130236199999331,0],[111.67804453400004,-7.4129364869999677,0],[111.67803635100006,-7.4129315499999393,0],[111.67798331200004,-7.4128995539999778,0],[111.67798289500007,-7.4128993019999712,0],[111.67789452500006,-7.4128459919999727,0],[111.67788591200008,-7.4128407959999549,0],[111.67788155100004,-7.4128381659999718,0],[111.67787690500006,-7.4128353629999424,0],[111.67787336000004,-7.4128332239999395,0],[111.67787277100007,-7.4128328689999421,0],[111.67787166200009,-7.4128321999999685,0],[111.67786935800007,-7.4128306629999656,0],[111.67780451100003,-7.4127873939999631,0],[111.67777648400005,-7.4127686929999754,0],[111.67777242600005,-7.412765985999954,0],[111.67775514100003,-7.4127544529999341,0],[111.67730711400009,-7.4124555039999791,0],[111.67688230300007,-7.4121989259999737,0],[111.67686496500005,-7.4121884539999314,0],[111.67644498700008,-7.4119347939999329,0],[111.67611691600007,-7.411810824999975,0],[111.67587596800007,-7.4117038489999345,0],[111.67584635200006,-7.4116906999999514,0],[111.67523191500004,-7.4114179039999613,0],[111.67453102700006,-7.4111149669999463,0],[111.67405699800008,-7.4109100819999298,0],[111.67405503700007,-7.4109089999999469,0],[111.67398747800007,-7.4108717269999715,0],[111.67381486500005,-7.4107764969999721,0],[111.67370787100003,-7.410717467999973,0],[111.67360616400003,-7.4106613559999346,0],[111.67361575100006,-7.4106966529999454,0],[111.67373860900005,-7.4111489919999372,0],[111.67357900100006,-7.4116089429999761,0],[111.67350516500005,-7.4118217189999314,0],[111.67330427100006,-7.4122094009999273,0],[111.67300109700005,-7.4127944609999759,0],[111.67278201800008,-7.4132844899999668,0],[111.67248825100006,-7.4138442659999555,0],[111.67225068900007,-7.4139718649999509,0],[111.67181027800007,-7.4141576469999677,0],[111.67166542500007,-7.4142735309999352,0],[111.67152075900009,-7.4144646539999712,0],[111.67130665800005,-7.4147889109999596,0],[111.67117378400008,-7.4151188319999619,0],[111.67113117900004,-7.4151858379999567,0],[111.67075634600008,-7.4152294289999645,0],[111.67048921700007,-7.4154219119999425,0],[111.67027440900006,-7.4156749079999713,0],[111.67015565600008,-7.4158648609999318,0],[111.67009909400008,-7.4159553349999783,0],[111.66998093700005,-7.4163342489999309,0],[111.66995720200003,-7.416696652999974,0],[111.67001755300004,-7.4170284529999435,0],[111.67013207900004,-7.4175091159999624,0],[111.67016279000006,-7.4175592589999724,0],[111.67020086000008,-7.4177327439999772,0],[111.67016494100005,-7.4178948549999291,0],[111.67015679400004,-7.418041369999969,0],[111.67024296300008,-7.4181515689999742,0],[111.67031833400006,-7.4182858399999532,0],[111.67020111200009,-7.4184917529999552,0],[111.67004006100007,-7.4187188029999334,0],[111.67004093200006,-7.4194920989999673,0],[111.67001483800004,-7.4196791549999261,0],[111.66995762000005,-7.4197394699999677,0],[111.66959492400008,-7.4200319359999298,0],[111.66960165700004,-7.4201866569999311,0],[111.66968515800005,-7.4203598929999544,0],[111.66978869000008,-7.4205373479999253,0],[111.66976198700007,-7.4207170799999744,0],[111.66967261800005,-7.4208134359999463,0],[111.66948837600006,-7.4208747569999787,0],[111.66924475200005,-7.4209490979999373,0],[111.66887021500008,-7.4210219189999407,0],[111.66858801800004,-7.4210850139999707,0],[111.66852178100004,-7.4211010469999792,0],[111.66848576300004,-7.421109764999926,0],[111.66827945500006,-7.4212046689999625,0],[111.66802773900008,-7.4215131549999569,0],[111.66807322800008,-7.4216015309999648,0],[111.66818565300008,-7.4216746629999761,0],[111.66819043000004,-7.4216777699999739,0],[111.66833792900007,-7.4218766839999262,0],[111.66834434700007,-7.4219213489999447,0],[111.66835459800006,-7.4220252449999293,0],[111.66836384900006,-7.4221190069999352,0],[111.66850179700003,-7.4226228759999344,0],[111.66852508000005,-7.4230485119999798,0],[111.66851780900004,-7.4230829779999681,0],[111.66850353000007,-7.4231009119999385,0],[111.66845732600007,-7.4231589429999758,0],[111.66838389700007,-7.4232047689999376,0],[111.66830451600003,-7.4232543089999581,0],[111.66802385300008,-7.4232453259999716,0],[111.66802356400007,-7.4232454329999769,0],[111.66773536800008,-7.4233519289999776,0],[111.66773360400003,-7.4233512199999723,0],[111.66765918100003,-7.4233212959999264,0],[111.66757512000004,-7.4230237149999425,0],[111.66752752600007,-7.4229907179999373,0],[111.66748605500004,-7.4229619669999352,0],[111.66746943000004,-7.4229504409999549,0],[111.66742256000003,-7.4229457269999557,0],[111.66736551500009,-7.4229399909999643,0],[111.66731615500004,-7.4229350269999372,0],[111.66731578300005,-7.4229352469999412,0],[111.66716916200005,-7.4230221539999661,0],[111.66690144500006,-7.4233247849999771,0],[111.66689098700004,-7.423376894999933,0],[111.66688483300004,-7.4234075569999618,0],[111.66685153600008,-7.4237239429999704,0],[111.66679361500007,-7.4237287759999617,0],[111.66679303700005,-7.4237288239999657,0],[111.66664668100009,-7.4236441259999424,0],[111.66656196200006,-7.4235997029999794,0],[111.66646077900003,-7.4235466469999665,0],[111.66635041100005,-7.4235297939999327,0],[111.66621915100006,-7.4235097509999264,0],[111.66601217000004,-7.4234561629999689,0],[111.66579191800008,-7.4233235549999677,0],[111.66572764800009,-7.4232787059999623,0],[111.66568730900008,-7.4232505559999709,0],[111.66568510500008,-7.4232490179999786,0],[111.66567760800007,-7.4232968779999737,0],[111.66566319900005,-7.4233888599999318,0],[111.66567685700005,-7.423776347999933,0],[111.66556491900008,-7.4239206669999476,0],[111.66550619800006,-7.4239465109999401,0],[111.66545873600006,-7.4239673989999346,0],[111.66544938100009,-7.4239637499999276,0],[111.66530883300004,-7.4239089319999607,0],[111.66523816600005,-7.4238881119999292,0],[111.66511257000008,-7.4238511089999406,0],[111.66511215500009,-7.4238509869999803,0],[111.66497121800006,-7.4238595359999522,0],[111.66495622800005,-7.4238604449999457,0],[111.66471567400004,-7.4239872999999648,0],[111.66466489900006,-7.4240140759999349,0],[111.66465770500008,-7.4240165099999444,0],[111.66461254600006,-7.4240317889999687,0],[111.66443396900007,-7.4240355829999771,0],[111.66412269800009,-7.4239771409999662,0],[111.66410854400004,-7.4239744839999275,0],[111.66410850800008,-7.4239745009999751,0],[111.66395024400003,-7.4240468869999745,0],[111.66383372100006,-7.4241737579999381,0],[111.66383436100006,-7.4241774129999385,0],[111.66384645700003,-7.4242464479999626,0],[111.66386970400004,-7.4243679549999797,0],[111.66387198800004,-7.4243798899999547,0],[111.66380277600007,-7.424461211999926,0],[111.66379538500007,-7.4244698959999482,0],[111.66345583800006,-7.4246094899999662,0],[111.66345290500004,-7.4246092849999741,0],[111.66339877000007,-7.4246054979999485,0],[111.66335204000006,-7.4246022289999587,0],[111.66336126700008,-7.4245417339999449,0],[111.66337727300004,-7.42443678799998,0],[111.66352350800008,-7.4242417759999739,0],[111.66360582900006,-7.4240787819999809,0],[111.66358917000008,-7.4240504589999432,0],[111.66357309300008,-7.424023123999973,0],[111.66348351400006,-7.4239791819999255,0],[111.66345270400006,-7.4239640689999646,0],[111.66345236900008,-7.4239641059999713,0],[111.66334766400007,-7.4239758019999726,0],[111.66328074500007,-7.4240169249999326,0],[111.66320575100008,-7.4240630109999302,0],[111.66301402600004,-7.4242678579999506,0],[111.66286356200004,-7.4244832249999604,0],[111.66277802900004,-7.4246169409999538,0],[111.66276553400007,-7.4246364749999429,0],[111.66274556800005,-7.4246581579999429,0],[111.66250361400006,-7.4249209169999517,0],[111.66240188600005,-7.4249871009999424,0],[111.66230967800004,-7.4250470909999535,0],[111.66209431500005,-7.42518559399997,0],[111.66197362700007,-7.4253255849999391,0],[111.66194945300003,-7.4253709389999472,0],[111.66192551200004,-7.4254158559999723,0],[111.66192437500007,-7.4254179909999607,0],[111.66187706000005,-7.4255068679999567,0],[111.66181870800006,-7.4255748189999622,0],[111.66176166700006,-7.4256412429999727,0],[111.66156992400005,-7.4257673839999256,0],[111.66150540100006,-7.4258098319999704,0],[111.66119942200004,-7.4259618539999792,0],[111.66112929100007,-7.4260834109999792,0],[111.66113965500006,-7.4262182319999397,0],[111.66145849400004,-7.4262209219999704,0],[111.66155756700005,-7.4263663739999402,0],[111.66157259400006,-7.4263994489999732,0],[111.66159415100009,-7.4264468949999696,0],[111.66156876300005,-7.4264740879999636,0],[111.66155864100006,-7.4264849299999582,0],[111.66143441000008,-7.4265554729999508,0],[111.66141853900007,-7.4265854509999372,0],[111.66140326500005,-7.4266143009999723,0],[111.66134061200006,-7.4268897649999417,0],[111.66128741900008,-7.4269379909999316,0],[111.66126957400007,-7.4269541689999414,0],[111.66123254900003,-7.4269602359999567,0],[111.66115094500009,-7.4269736079999689,0],[111.66115071100006,-7.4269733489999794,0],[111.66111168300006,-7.4269301479999399,0],[111.66106854100008,-7.4268823929999712,0],[111.66098026700007,-7.4268136129999789,0],[111.66089398600008,-7.4268097459999467,0],[111.66085136500004,-7.4268078359999663,0],[111.66085132700005,-7.4268078689999584,0],[111.66070831100006,-7.4269330289999402,0],[111.66055796000006,-7.4270422429999599,0],[111.66045169800009,-7.4271194319999267,0],[111.66034307800004,-7.4271516909999491,0],[111.66020380700007,-7.4271930529999395,0],[111.66020257500008,-7.4271929429999659,0],[111.65997879000008,-7.4271729699999582,0],[111.65992573200003,-7.4271682349999537,0],[111.65974347500008,-7.4271379809999303,0],[111.65974052700005,-7.4271374919999289,0],[111.65969305400006,-7.4271815719999381,0],[111.65965546300004,-7.4272164759999555,0],[111.65964477700004,-7.4272799999999393,0],[111.65963479900006,-7.4273393159999728,0],[111.65962601900009,-7.4275147909999646,0],[111.65962304300007,-7.4275742799999307,0],[111.65964501700006,-7.4275776839999708,0],[111.65972242500004,-7.4276254989999302,0],[111.65990744200008,-7.4277807699999698,0],[111.65997437900006,-7.4279216559999668,0],[111.65997311500007,-7.4280172479999464,0],[111.65997243100009,-7.4280689759999632,0],[111.65990848000007,-7.4281579429999738,0],[111.65990442700007,-7.4281635809999784,0],[111.65963138900008,-7.4285103469999285,0],[111.65966003000005,-7.42855433699998,0],[111.65970403500006,-7.428621924999959,0],[111.65974818700005,-7.4287348649999672,0],[111.65977604300008,-7.428806121999969,0],[111.65977687700007,-7.428860292999957,0],[111.65977902100008,-7.4289996459999657,0],[111.65959455300003,-7.4293299199999296,0],[111.65958414400006,-7.4293485569999689,0],[111.65946372500008,-7.4295394339999348,0],[111.65933956000003,-7.4297362479999265,0],[111.65929293800008,-7.4300897319999422,0],[111.65928948800007,-7.4302050899999585,0],[111.65928724400004,-7.4302801039999622,0],[111.65918276100007,-7.4305656669999394,0],[111.65909318000007,-7.4306926329999783,0],[111.65904824600005,-7.4307563199999436,0],[111.65906484600004,-7.4308643639999445,0],[111.65917159900005,-7.4310987899999645,0],[111.65919244800006,-7.4311513079999258,0],[111.65924952900008,-7.4312950969999747,0],[111.65924514600005,-7.4313590189999559,0],[111.65923899800003,-7.4314486689999626,0],[111.65916394700008,-7.4315792759999795,0],[111.65901706400007,-7.4316934409999362,0],[111.65857624000006,-7.432018932999938,0],[111.65854872900007,-7.4321689119999519,0],[111.65847195300006,-7.432587463999937,0],[111.65835710200008,-7.4329368889999614,0],[111.65833315200007,-7.4330605009999431,0],[111.65831661500005,-7.4331458509999493,0],[111.65839303300004,-7.4333813179999311,0],[111.65840416100008,-7.4334417819999317,0],[111.65843431500008,-7.4336056219999591,0],[111.65840526900007,-7.4336512859999289,0],[111.65835969300008,-7.4337229349999348,0],[111.65821048000004,-7.4338281499999539,0],[111.65817906900008,-7.4338242259999561,0],[111.65808701100008,-7.4338127259999283,0],[111.65808671500008,-7.4338126889999785,0],[111.65805662600008,-7.4338159129999326,0],[111.65785391800006,-7.4338376319999497,0],[111.65775867500008,-7.4339002129999585,0],[111.65762810300004,-7.4339860069999304,0],[111.65760556900005,-7.434040179999954,0],[111.65758052500007,-7.4341003849999652,0],[111.65748194400004,-7.4342861929999344,0],[111.65723738500009,-7.4344928339999683,0],[111.65697780300007,-7.4346966939999675,0],[111.65690472500006,-7.4351580139999669,0],[111.65684248000008,-7.4355509509999251,0],[111.65672817700005,-7.4355667659999654,0],[111.65671265100008,-7.4355679779999377,0],[111.65669395800006,-7.4355694379999591,0],[111.65669327900008,-7.4355694929999459,0],[111.65643253400009,-7.4355903539999417,0],[111.65643181300004,-7.4355905659999735,0],[111.65619106100007,-7.4356613399999674,0],[111.65608832200007,-7.4357050039999422,0],[111.65601938200007,-7.435734302999947,0],[111.65556174900007,-7.4358650229999625,0],[111.65540841400008,-7.4361311099999625,0],[111.65530476700008,-7.4363109699999654,0],[111.65514547600009,-7.4364497649999635,0],[111.65512043800004,-7.4364715819999674,0],[111.65486738700008,-7.4366966829999797,0],[111.65484162100006,-7.4368234209999287,0],[111.65483875300004,-7.4368375299999343,0],[111.65483324300004,-7.4372547099999338,0],[111.65486914800005,-7.4373565059999578,0],[111.65492636600004,-7.4375187289999758,0],[111.65507000200006,-7.4378592959999423,0],[111.65516924900004,-7.4380946139999651,0],[111.65518876900006,-7.4382178609999414,0],[111.65521631700005,-7.4383918009999661,0],[111.65521974600006,-7.4384367409999754,0],[111.65521985300006,-7.4385091559999523,0],[111.65521986100003,-7.4385142459999543,0],[111.65521986100003,-7.4385142889999543,0],[111.65521986100003,-7.4385143329999437,0],[111.65519781200004,-7.4385242499999435,0],[111.65504355700006,-7.438593631999936,0],[111.65471105800009,-7.4385565939999765,0],[111.65454038100006,-7.4385389709999572,0],[111.65425163700007,-7.4385091559999523,0],[111.65409539300003,-7.4384930229999782,0],[111.65402180700005,-7.4384825779999346,0],[111.65392960600008,-7.4384694889999423,0],[111.65387719700004,-7.438462048999952,0],[111.65383373200007,-7.438455878999946,0],[111.65373055800006,-7.4384534729999814,0],[111.65360146600005,-7.4384504619999348,0],[111.65360036300007,-7.4384504359999255,0],[111.65346917700003,-7.438473920999968,0],[111.65327235600006,-7.4385091559999523,0],[111.65314093600006,-7.4385326829999485,0],[111.65281610300008,-7.4386264889999438,0],[111.65265681000005,-7.4385873849999484,0],[111.65252884800009,-7.4385091559999523,0],[111.65238808600009,-7.4384231009999553,0],[111.65225145800008,-7.4383490949999782,0],[111.65218937700007,-7.4383154669999385,0],[111.65218811600005,-7.4383147839999424,0],[111.65212218800008,-7.4383380889999557,0],[111.65211335700008,-7.4383412109999654,0],[111.65205875300006,-7.438454874999934,0],[111.65203332000004,-7.4385091559999523,0],[111.65194836000006,-7.4386904799999343,0],[111.65193964500008,-7.4387090789999775,0],[111.65193938000004,-7.4387092039999629,0],[111.65184682000006,-7.43875282099998,0],[111.65184473700003,-7.4387538029999405,0],[111.65179791000008,-7.4387166909999678,0],[111.65176626200008,-7.4386916089999318,0],[111.65154266500008,-7.4385091559999523,0],[111.65152340600008,-7.4384934409999346,0],[111.65134266800004,-7.438345960999925,0],[111.65122587500008,-7.4383460419999778,0],[111.65092656400009,-7.4385091559999523,0],[111.65080290700007,-7.4385765449999326,0],[111.65060578300006,-7.438674864999939,0],[111.65093322000007,-7.4389786949999461,0],[111.65099523600009,-7.4394325809999486,0],[111.65116934300005,-7.4398888349999766,0],[111.65123472900007,-7.4399456189999569,0],[111.65139597100006,-7.4400856479999788,0],[111.65147955000003,-7.4401442729999303,0],[111.65169098600006,-7.4402925789999586,0],[111.65167197200009,-7.4403379559999507,0],[111.65165397800007,-7.4403808969999545,0],[111.65153263700006,-7.4404887819999317,0],[111.65147066400004,-7.4405893129999754,0],[111.65146651500004,-7.4405960439999603,0],[111.65145948700007,-7.4407450879999715,0],[111.65148197500008,-7.4410970239999301,0],[111.65144392300004,-7.4412370869999336,0],[111.65138194000008,-7.4414652359999423,0],[111.65140231500004,-7.4416356269999255,0],[111.65141318700006,-7.4417265439999483,0],[111.65150474600006,-7.4419955409999261,0],[111.65165124600009,-7.4424785129999691,0],[111.65179043100005,-7.4432710509999538,0],[111.65188664900006,-7.4437943749999249,0],[111.65193762400008,-7.4440716249999355,0],[111.65206892900005,-7.4443027219999749,0],[111.65218508200007,-7.4445071519999715,0],[111.65222715200008,-7.4445419909999373,0],[111.65237964700009,-7.4446682739999801,0],[111.65238304500008,-7.44467108799995,0],[111.65232885500006,-7.4447229299999549,0],[111.65231118700007,-7.4447398329999714,0],[111.65216812000006,-7.4448102209999547,0],[111.65202156200007,-7.4448202159999255,0],[111.65197161400005,-7.4448236229999338,0],[111.65178736300004,-7.4449884829999746,0],[111.65173090600007,-7.4450594179999712,0],[111.65148737800007,-7.4453653999999574,0],[111.65138638200006,-7.4453989399999614,0],[111.65121685800005,-7.445455236999976,0],[111.65105469000008,-7.4455458189999604,0],[111.65099891400007,-7.4455944029999728,0],[111.65086229700006,-7.445713403999946,0],[111.65084262200008,-7.4457631549999519,0],[111.65081234300004,-7.4458397229999491,0],[111.65085039600007,-7.4460243169999671,0],[111.65090627200004,-7.4462953709999624,0],[111.65096175400004,-7.4470795319999752,0],[111.65097843500007,-7.4473943179999651,0],[111.65099434400008,-7.4476945239999282,0],[111.65106549800004,-7.4477556439999262,0],[111.65119893800005,-7.4477954339999428,0],[111.65122906800008,-7.4478044179999756,0],[111.65135316200008,-7.4478616169999441,0],[111.65142894400009,-7.4478965469999707,0],[111.65148431300008,-7.4479963949999615,0],[111.65148206600009,-7.448195081999927,0],[111.65148503300009,-7.4486357609999345,0],[111.65173380300007,-7.4491481539999427,0],[111.65168460600006,-7.4492834009999456,0],[111.65167225500005,-7.4493173559999377,0],[111.65167234100005,-7.4493273279999812,0],[111.65167387800005,-7.4495055459999548,0],[111.65173715100008,-7.4495938969999429,0],[111.65191941000006,-7.4497484519999375,0],[111.65208091400007,-7.450018077999971,0],[111.65217410500009,-7.4501736569999366,0],[111.65223662500006,-7.4503083119999474,0],[111.65223343600007,-7.4504260609999733,0],[111.65219707100005,-7.4504536989999792,0],[111.65216357200006,-7.4504791579999505,0],[111.65205529500008,-7.450519346999954,0],[111.65198231300008,-7.4505464359999678,0],[111.65168585800006,-7.4506347749999691,0],[111.65166461100006,-7.4507690099999309,0],[111.65167804600009,-7.451014187999931,0],[111.65167804800006,-7.4510142169999654,0],[111.65167805000004,-7.4510142459999429,0],[111.65157150900006,-7.4510261599999694,0],[111.65143355800006,-7.4509191989999408,0],[111.65114052100006,-7.4506932859999324,0],[111.65104731000008,-7.450621425999941,0],[111.65099869000005,-7.4506050009999285,0],[111.65082234900007,-7.4505454309999664,0],[111.65067402800008,-7.4505517079999777,0],[111.65066129100006,-7.4506302229999619,0],[111.65066525500004,-7.4509121259999347,0],[111.65066922300008,-7.4511943369999472,0],[111.65062586800008,-7.4512023709999653,0],[111.65057673800004,-7.4512114749999796,0],[111.65057503800006,-7.4512111709999544,0],[111.65036984300008,-7.4511745199999382,0],[111.65036849200004,-7.4511748089999514,0],[111.65023012000006,-7.4512043749999748,0],[111.65022111200005,-7.4512062999999671,0],[111.65002316500005,-7.451315081999951,0],[111.65002063600008,-7.4513164719999736,0],[111.64991459200007,-7.4512092819999793,0],[111.64981799100008,-7.451033835999965,0],[111.64978679600006,-7.4509771799999385,0],[111.64955682100003,-7.4505594979999614,0],[111.64947557700009,-7.4505034399999772,0],[111.64943048100008,-7.4504723239999748,0],[111.64919430100008,-7.4503889289999279,0],[111.64919403600004,-7.4503892979999478,0],[111.64907140500009,-7.4505602999999496,0],[111.64902382500009,-7.4507768689999807,0],[111.64881244200006,-7.4509391459999392,0],[111.64869556000008,-7.4510847339999486,0],[111.64850189600008,-7.4511012969999797,0],[111.64831636300005,-7.4511076269999421,0],[111.64810047500004,-7.4511042349999457,0],[111.64796969200006,-7.4510952029999657,0],[111.64790526700006,-7.4510780809999346,0],[111.64780657800009,-7.4510518519999778,0],[111.64762293300004,-7.4510223689999293,0],[111.64749917200004,-7.451011244999961,0],[111.64734752700008,-7.4509930179999628,0],[111.64721469300008,-7.4509611999999379,0],[111.64708153600009,-7.4509637449999673,0],[111.64697604700007,-7.4509799059999295,0],[111.64691589500006,-7.4510319939999476,0],[111.64672231200007,-7.4510528049999607,0],[111.64653902900005,-7.4510660049999728,0],[111.64645645100006,-7.4511125179999453,0],[111.64615699300003,-7.4511927179999589,0],[111.64580107100005,-7.4512911769999732,0],[111.64546660800005,-7.4513485479999417,0],[111.64543637200006,-7.4513564469999665,0],[111.64539769800007,-7.4513621169999738,0],[111.64534901600007,-7.4513571849999494,0],[111.64529212800005,-7.4513516049999566,0],[111.64502204400009,-7.451282545999959,0],[111.64462949900008,-7.4511730599999737,0],[111.64427201000007,-7.4510691289999613,0],[111.64415018800008,-7.4512605739999458,0],[111.64403350000003,-7.451527366999926,0],[111.64396124000007,-7.4516925809999748,0],[111.64387639200004,-7.4518733909999355,0],[111.64382027800008,-7.4518778129999532,0],[111.64362351500006,-7.4518192279999766,0],[111.64359095200007,-7.4518121489999771,0],[111.64335449200007,-7.451760745999934,0],[111.64315428900005,-7.4517008079999414,0],[111.64317604100006,-7.4516033789999483,0],[111.64305494400008,-7.4515747969999779,0],[111.64288541200006,-7.4515376939999669,0],[111.64288104200006,-7.4515134639999587,0],[111.64289361000004,-7.4513685699999428,0],[111.64288551000004,-7.4513487779999537,0],[111.64269080000008,-7.4513142429999562,0],[111.64233563500005,-7.4512160049999352,0],[111.64204470300007,-7.4511468839999679,0],[111.64199214000007,-7.4510744319999276,0],[111.64190193200005,-7.4510135199999468,0],[111.64178254000007,-7.4509759819999317,0],[111.64170436500007,-7.451327249999963,0],[111.64173634100007,-7.4513735959999394,0],[111.64172764800009,-7.451408335999929,0],[111.64162038100005,-7.451588453999932,0],[111.64155363700007,-7.4517336069999374,0],[111.64162057100003,-7.451719040999933,0],[111.64168889800004,-7.4517902939999772,0],[111.64178078200007,-7.4518729079999275,0],[111.64166148700008,-7.4521071239999515,0],[111.64150322700004,-7.4524217919999387,0],[111.64140902100007,-7.4525918539999338,0],[111.64141848400004,-7.4526239439999813,0],[111.64160484300004,-7.4527224279999587,0],[111.64159120100004,-7.4527959709999436,0],[111.64150522300008,-7.4528689849999523,0],[111.64172057000007,-7.4530136389999484,0],[111.64187874200007,-7.4531012199999509,0],[111.64188399600005,-7.4532200429999307,0],[111.64200608400006,-7.4532613749999541,0],[111.64214976800008,-7.4533049499999606,0],[111.64219275800008,-7.4533179869999344,0],[111.64240257400007,-7.4533589209999604,0],[111.64240266000007,-7.4534183349999807,0],[111.64234841400008,-7.4535244019999709,0],[111.64230581500004,-7.4536236699999563,0],[111.64225921300005,-7.4536935529999369,0],[111.64225937400005,-7.4538039729999355,0],[111.64220700100009,-7.4538621969999781,0],[111.64223028500004,-7.4539436449999812,0],[111.64226541800008,-7.4540541039999653,0],[111.64227137000006,-7.4541907399999445,0],[111.64223431900007,-7.4546098649999522,0],[111.64216630700008,-7.4548072909999519,0],[111.64208795000008,-7.454982212999937,0],[111.64199365600007,-7.4551435029999311,0],[111.64180958600008,-7.4554890469999577,0],[111.64170832500008,-7.4556895049999525,0],[111.64162305000008,-7.4557332179999776,0],[111.64132696000007,-7.4560760309999523,0],[111.64116284300007,-7.4562694349999674,0],[111.64104514100006,-7.4564067219999401,0],[111.64102520600005,-7.4564299739999456,0],[111.64094007800009,-7.4565742489999707,0],[111.64080928600004,-7.4568168919999493,0],[111.64071352000008,-7.457050934999927,0],[111.64063474700004,-7.4572434499999645,0],[111.64058318100007,-7.4573939159999441,0],[111.64055475600009,-7.4575287039999694,0],[111.64054720600006,-7.457629638999947,0],[111.64050220800004,-7.4576726609999469,0],[111.64045920700005,-7.4577014809999582,0],[111.64039743300009,-7.457769214999928,0],[111.64033204000009,-7.4578677019999304,0],[111.64029717500006,-7.4579416369999763,0],[111.64029288900008,-7.4580257459999757,0],[111.64029513500009,-7.4581835509999337,0],[111.64032851700006,-7.4582202179999513,0],[111.64029257300007,-7.4583228219999569,0],[111.64024320300007,-7.4584938139999508,0],[111.64018089600006,-7.4587096789999805,0],[111.64010208500008,-7.4589338889999794,0],[111.64009110000006,-7.4590871899999343,0],[111.64008633900005,-7.459153846999925,0],[111.64008637400008,-7.4591565479999531,0],[111.64009384200006,-7.459742518999974,0],[111.64009477400003,-7.45981562999998,0],[111.64001909800004,-7.4598319279999714,0],[111.63986748500008,-7.4597853919999579,0],[111.63984029400007,-7.4597740069999645,0],[111.63969774500003,-7.4597143189999429,0],[111.63924284700005,-7.4595238419999532,0],[111.63924223600009,-7.459523585999932,0],[111.63906809000008,-7.4595531389999792,0],[111.63903163400005,-7.4595659479999767,0],[111.63898575900004,-7.459582065999939,0],[111.63868919300006,-7.4596862629999805,0],[111.63859850900008,-7.4597497499999577,0],[111.63855638800004,-7.4597792389999427,0],[111.63809590600005,-7.4602231289999281,0],[111.63804320600008,-7.4602739309999606,0],[111.63794266800005,-7.4603195119999555,0],[111.63785710800005,-7.4603583029999641,0],[111.63782458600008,-7.4603808949999575,0],[111.63773442300004,-7.4604435289999742,0],[111.63771504500005,-7.4604569909999441,0],[111.63766806100006,-7.4605230649999612,0],[111.63762190000006,-7.4605879819999359,0],[111.63761244300008,-7.4606624239999633,0],[111.63760373600007,-7.4607553029999281,0],[111.63755686600007,-7.4612552389999678,0],[111.63754922900006,-7.4613366999999471,0],[111.63753128500008,-7.4613552569999797,0],[111.63749878800007,-7.4613888619999784,0],[111.63728368300008,-7.4614647749999676,0],[111.63720295100006,-7.461486544999957,0],[111.63693065900009,-7.4615599689999499,0],[111.63682318300005,-7.4616508289999501,0],[111.63681426700003,-7.4616805879999788,0],[111.63678577500008,-7.4617756809999491,0],[111.63680839900007,-7.461829904999945,0],[111.63681869500004,-7.4618545829999334,0],[111.63698655700006,-7.4621291699999688,0],[111.63700529400006,-7.4621462299999735,0],[111.63704993600004,-7.4621868769999651,0],[111.63731856000004,-7.4624314639999625,0],[111.63728909400004,-7.462569961999975,0],[111.63714285200007,-7.4627769039999521,0],[111.63692950000006,-7.4628199299999665,0],[111.63677748900005,-7.4628505849999556,0],[111.63659182100008,-7.4628880269999627,0],[111.63659128900008,-7.4628877229999375,0],[111.63655814000003,-7.4628687809999406,0],[111.63652251700006,-7.4628484249999474,0],[111.63646490400004,-7.4628155019999554,0],[111.63644471600009,-7.4627339889999575,0],[111.63641649700008,-7.4626200529999664,0],[111.63637175000008,-7.4625264279999328,0],[111.63634596500009,-7.4624724759999594,0],[111.63634508900009,-7.4624727969999753,0],[111.63623258800004,-7.4625139669999498,0],[111.63614918500008,-7.4625399829999424,0],[111.63587958400007,-7.4626240819999339,0],[111.63578116400004,-7.4626102989999481,0],[111.63568172300006,-7.4625963729999398,0],[111.63565266500007,-7.4625923039999407,0],[111.63559143300006,-7.4625571359999299,0],[111.63549575600007,-7.4625021849999484,0],[111.63547181700005,-7.4623966879999557,0],[111.63545950700006,-7.4623424409999757,0],[111.63554452400007,-7.4618433949999599,0],[111.63554776000007,-7.4618243989999655,0],[111.63547895700009,-7.4617250909999484,0],[111.63545355700006,-7.4616884299999811,0],[111.63536362700006,-7.4616659519999757,0],[111.63536273000005,-7.4616665279999665,0],[111.63521946200007,-7.4617585829999484,0],[111.63488164800009,-7.461934418999931,0],[111.63488113600005,-7.4619339239999363,0],[111.63479110200007,-7.4618470089999391,0],[111.63473128400005,-7.4617627039999661,0],[111.63471468200004,-7.4617393059999699,0],[111.63467190200004,-7.4616790129999799,0],[111.63465706800008,-7.4616581049999695,0],[111.63457421000004,-7.4615683879999324,0],[111.63453754100004,-7.4615286839999726,0],[111.63442503200008,-7.4614977359999557,0],[111.63442314100007,-7.4614979539999808,0],[111.63425692300007,-7.4615171489999739,0],[111.63415906800009,-7.4615821519999486,0],[111.63412403500007,-7.4616054229999804,0],[111.63399994000008,-7.4617489879999539,0],[111.63378871800006,-7.461993351999979,0],[111.63365216800008,-7.4621513259999688,0],[111.63365176200006,-7.4621514289999595,0],[111.63364483100008,-7.4621531839999307,0],[111.63352465500009,-7.4621836129999792,0],[111.63346969800006,-7.4621855899999332,0],[111.63304799200006,-7.4622007549999694,0],[111.63296724800006,-7.4621899569999641,0],[111.63274380900003,-7.4621600749999288,0],[111.63274368900005,-7.4621600589999275,0],[111.63274356800008,-7.4621600429999262,0],[111.63272077900007,-7.4621653159999255,0],[111.63258740900005,-7.4621961739999279,0],[111.63251034600006,-7.4622140039999749,0],[111.63243101600006,-7.4622870989999797,0],[111.63242633500005,-7.4622977509999373,0],[111.63234520900005,-7.4624823779999474,0],[111.63232320300006,-7.4625107429999389,0],[111.63219707500008,-7.4626733149999609,0],[111.63213708700005,-7.4627154129999553,0],[111.63197393900003,-7.4628299049999782,0],[111.63196061000008,-7.4628327039999363,0],[111.63181914900008,-7.462862409999957,0],[111.63169153700005,-7.4629023529999472,0],[111.63153180000006,-7.4629523509999558,0],[111.63148770000004,-7.463048816999958,0],[111.63148488200005,-7.4632731639999292,0],[111.63147804200008,-7.4638175199999637,0],[111.63143203200008,-7.4638682129999552,0],[111.63142544200008,-7.4638754729999732,0],[111.63128749200007,-7.4639024379999341,0],[111.63126352100005,-7.4639071239999453,0],[111.63126325300004,-7.4639071759999638,0],[111.63123287000008,-7.4638987699999575,0],[111.63109871100005,-7.4638616509999451,0],[111.63107572300004,-7.4638444809999669,0],[111.63096203800006,-7.4637595649999753,0],[111.63087700700004,-7.4636279079999781,0],[111.63084288000005,-7.4635750689999441,0],[111.63080717300005,-7.4635483759999488,0],[111.63073276300008,-7.4634927499999435,0],[111.63067396700006,-7.4634536139999454,0],[111.63053789300005,-7.4633630369999651,0],[111.63041471700006,-7.4632810459999632,0],[111.63035263500007,-7.4631980919999705,0],[111.63027463300006,-7.4630938659999515,0],[111.63027132700006,-7.4630914969999367,0],[111.63014290900009,-7.462999520999972,0],[111.63012682000004,-7.46298799799996,0],[111.63008068300007,-7.4629877669999587,0],[111.63001442800004,-7.4629874349999454,0],[111.62975171500005,-7.4630763719999322,0],[111.62969183500007,-7.4630966429999717,0],[111.62948930400006,-7.4631652059999283,0],[111.62945536200004,-7.4631766959999482,0],[111.62943433300006,-7.4631850349999809,0],[111.62905415100005,-7.463335797999946,0],[111.62901014900007,-7.4633613789999345,0],[111.62896384000004,-7.4633883009999522,0],[111.62894842400004,-7.4633972629999334,0],[111.62870364100007,-7.4635662029999708,0],[111.62866393400009,-7.4635936069999502,0],[111.62859508500009,-7.4636411239999347,0],[111.62858237400008,-7.4636809799999355,0],[111.62843654800008,-7.4641382219999741,0],[111.62840351800008,-7.4642417879999812,0],[111.62837951000006,-7.4643159299999411,0],[111.62837016200007,-7.4643447989999459,0],[111.62832450600007,-7.4644858009999666,0],[111.62805828600005,-7.4647507429999678,0],[111.62790408400008,-7.4649042049999252,0],[111.62785023400005,-7.4649416009999641,0],[111.62767717800006,-7.4650617799999281,0],[111.62760394400004,-7.4651126379999369,0],[111.62757224600006,-7.4651346509999712,0],[111.62755018300004,-7.4651674909999315,0],[111.62749148600005,-7.4652548609999485,0],[111.62747634900006,-7.4652774009999803,0],[111.62745201500007,-7.4654069619999746,0],[111.62744935200004,-7.4654211389999432,0],[111.62749726300007,-7.4656897509999567,0],[111.62750852600004,-7.4658277049999811,0],[111.62750981300007,-7.465843470999971,0],[111.62750835900005,-7.4658462379999264,0],[111.62745920900005,-7.465939763999927,0],[111.62743549600009,-7.4660298829999761,0],[111.62742516800006,-7.4660691339999516,0],[111.62730708100008,-7.4663805059999504,0],[111.62729204100009,-7.4664201649999313,0],[111.62717531900006,-7.4667279389999521,0],[111.62707913400004,-7.4668345949999662,0],[111.62687748600007,-7.4670581959999254,0],[111.62680972600003,-7.4671333319999462,0],[111.62680837900007,-7.4671332289999555,0],[111.62677138600009,-7.4671304019999525,0],[111.62668157100006,-7.4670832319999363,0],[111.62655723600005,-7.4670409049999762,0],[111.62635981800008,-7.4670508619999509,0],[111.62635979300006,-7.4670508869999708,0],[111.62626802500006,-7.4671408209999299,0],[111.62623213600006,-7.4671759929999553,0],[111.62606715500004,-7.4673376789999679,0],[111.62606437900007,-7.4673403979999762,0],[111.62603744700004,-7.4673465709999505,0],[111.62601536500006,-7.4673516319999749,0],[111.62594784100008,-7.4673671089999516,0],[111.62591668900006,-7.4673742489999313,0],[111.62591622700006,-7.4673741229999564,0],[111.62564240400008,-7.4672994869999343,0],[111.62552049700008,-7.4672292109999603,0],[111.62551901000006,-7.4672294409999722,0],[111.62528749700004,-7.4672653079999805,0],[111.62522461500004,-7.4672750499999552,0],[111.62511228700004,-7.467292451999981,0],[111.62508395300006,-7.4672968409999498,0],[111.62506765000006,-7.4672995059999607,0],[111.62500304100007,-7.4673100679999607,0],[111.62495498300007,-7.4673127079999517,0],[111.62494612800003,-7.467313193999928,0],[111.62494557900004,-7.4673132239999518,0],[111.62410463900005,-7.4672477629999321,0],[111.62386498800004,-7.4672337179999317,0],[111.62363904200004,-7.4672204769999553,0],[111.62355123400005,-7.4672186109999643,0],[111.62353515200004,-7.4672387409999601,0],[111.62351072800004,-7.4672693109999386,0],[111.62341860500004,-7.4674651679999329,0],[111.62336358100004,-7.4675821499999415,0],[111.62323403500005,-7.4680314609999527,0],[111.62314473000004,-7.4683412019999764,0],[111.62313123300004,-7.4683987979999529,0],[111.62310131500004,-7.4685264719999509,0],[111.62309837900006,-7.4685264179999535,0],[111.62294105300003,-7.4685235329999387,0],[111.62288419800007,-7.4685331989999781,0],[111.62277299700008,-7.4685830949999286,0],[111.62272574400004,-7.4686705209999786,0],[111.62274237500009,-7.468805242999963,0],[111.62272122600007,-7.4688052739999762,0],[111.62256211300007,-7.4687417419999633,0],[111.62245311200007,-7.468708706999962,0],[111.62243652700005,-7.468658990999927,0],[111.62239849800005,-7.4686119289999624,0],[111.62232717600006,-7.4685906859999704,0],[111.62224212200005,-7.4685813119999693,0],[111.62216368800006,-7.468550673999971,0],[111.62213266300006,-7.4684893129999637,0],[111.62210672600008,-7.4684326469999291,0],[111.62203069400005,-7.4684090599999422,0],[111.62192172000005,-7.4683950159999313,0],[111.62189313400006,-7.4683666599999583,0],[111.62187651800008,-7.4682958729999314,0],[111.62184553800006,-7.4682132599999704,0],[111.62180782000007,-7.4681745169999658,0],[111.62179429600008,-7.4681231689999663,0],[111.62179921400008,-7.4680597679999323,0],[111.62179415500009,-7.4680232389999333,0],[111.62177049400009,-7.4679368179999415,0],[111.62173030200006,-7.4678402909999591,0],[111.62167973000004,-7.4677474859999506,0],[111.62164940100007,-7.467702762999977,0],[111.62164124500003,-7.4676420939999275,0],[111.62163581500005,-7.4676067419999299,0],[111.62163982200008,-7.4675870219999751,0],[111.62165291800005,-7.4675474829999757,0],[111.62165960100003,-7.46751717799998,0],[111.62165419000007,-7.4674960239999564,0],[111.62162793500005,-7.4674777029999291,0],[111.62162924900008,-7.46745518299997,0],[111.62165275400008,-7.4674315469999328,0],[111.62169103100007,-7.4673894409999662,0],[111.62177661800007,-7.4672996999999555,0],[111.62181484200005,-7.467221239999958,0],[111.62185632700005,-7.4670696139999677,0],[111.62187128300008,-7.4669712909999362,0],[111.62183702600004,-7.4669486399999414,0],[111.62181045700004,-7.4669467329999293,0],[111.62178388800004,-7.466944825999974,0],[111.62162074000008,-7.466933661999974,0],[111.62157305500006,-7.4669061809999562,0],[111.62156415900006,-7.4669010539999476,0],[111.62150302100008,-7.4668658199999527,0],[111.62124843200007,-7.4668205989999592,0],[111.62088755800005,-7.4667605159999653,0],[111.62056844600005,-7.4667458619999252,0],[111.62049910800005,-7.4667003799999634,0],[111.62047820100008,-7.466659171999936,0],[111.62049125000004,-7.466585810999959,0],[111.62049681000008,-7.4665013379999436,0],[111.62054013200009,-7.4664338129999805,0],[111.62046840900007,-7.4663926759999413,0],[111.62040456400007,-7.4664264069999717,0],[111.62035386100007,-7.466452884999967,0],[111.62023885100007,-7.466451056999972,0],[111.62009591500004,-7.4664120089999528,0],[111.61993574100006,-7.466337082999928,0],[111.61986783500004,-7.4662996479999606,0],[111.61989420800006,-7.4661887389999606,0],[111.61991686100004,-7.4660373199999412,0],[111.61987381100005,-7.466032949999942,0],[111.61988848200008,-7.4659437609999486,0],[111.61985880100008,-7.4658814029999689,0],[111.61977238500003,-7.465859638999973,0],[111.61958265200008,-7.4658088089999524,0],[111.61943067700008,-7.4657716739999387,0],[111.61943588200006,-7.465700313999946,0],[111.61945289100004,-7.4655734099999336,0],[111.61937858400006,-7.4655535289999762,0],[111.61933222400006,-7.4655866919999312,0],[111.61929392000008,-7.4656091729999616,0],[111.61924616100004,-7.4656039959999703,0],[111.61921413700009,-7.4655751009999562,0],[111.61916504200008,-7.4655235329999527,0],[111.61911592900009,-7.4655116639999619,0],[111.61903249500006,-7.465485373999968,0],[111.61889726200008,-7.4654498419999413,0],[111.61863860500006,-7.4653812929999503,0],[111.61851816200004,-7.4653420329999562,0],[111.61846267300007,-7.4653128999999581,0],[111.61843884200005,-7.4653182689999653,0],[111.61840421100004,-7.465348793999965,0],[111.61837903800006,-7.465356695999958,0],[111.61834065800008,-7.4653250079999793,0],[111.61825141300005,-7.465257668999925,0],[111.61821047700005,-7.4652683069999739,0],[111.61824478600005,-7.4653279459999453,0],[111.61822110000008,-7.4654363189999344,0],[111.61811657100009,-7.4654483119999782,0],[111.61796659900006,-7.4654538579999326,0],[111.61781123800006,-7.4654528989999562,0],[111.61762164300006,-7.4654467429999727,0],[111.61755638700004,-7.4654334499999777,0],[111.61752034000006,-7.4654137859999423,0],[111.61750182900005,-7.4653752869999721,0],[111.61747253000004,-7.4653184449999799,0],[111.61738872800004,-7.4652960429999666,0],[111.61734372200004,-7.465335806999974,0],[111.61728661600006,-7.4653794769999422,0],[111.61722680100007,-7.4653557759999671,0],[111.61711914600005,-7.4653228269999659,0],[111.61708481900007,-7.4653043359999742,0],[111.61708840700004,-7.4652513369999269,0],[111.61706181500006,-7.4652063379999731,0],[111.61706175000006,-7.4651600349999399,0],[111.61709517600008,-7.4650160179999716,0],[111.61703424400008,-7.4649952119999625,0],[111.61694818600006,-7.4649628669999402,0],[111.61690506200006,-7.4649052299999425,0],[111.61679436500009,-7.4648885629999313,0],[111.61670189500006,-7.4648656309999524,0],[111.61652701700007,-7.4648034759999291,0],[111.61643954300007,-7.4647729399999321,0],[111.61636382600005,-7.4647605659999385,0],[111.61625993400008,-7.4647466029999805,0],[111.61613585700007,-7.4647267909999755,0],[111.61610413200009,-7.4649118629999407,0],[111.61597873700003,-7.4649110439999617,0],[111.61578474600009,-7.4649130319999699,0],[111.61568185200008,-7.4649178779999374,0],[111.61556498100003,-7.4652415239999641,0],[111.61551759700006,-7.4652374299999451,0],[111.61539648700006,-7.46520187699997,0],[111.61529022300004,-7.4652010299999461,0],[111.61528726700004,-7.4652250909999793,0],[111.61523006300007,-7.4654664489999618,0],[111.61517086900005,-7.4654594769999676,0],[111.61503707400004,-7.465437235999957,0],[111.61499923600007,-7.4655801749999569,0],[111.61495909000007,-7.4657279099999414,0],[111.61492775600004,-7.4659254629999623,0],[111.61485443600009,-7.4659175149999442,0],[111.61470518400006,-7.465904428999977,0],[111.61461174800007,-7.4659391959999652,0],[111.61457581600007,-7.4659483799999293,0],[111.61442410900008,-7.4659419889999299,0],[111.61429736900004,-7.4659421649999445,0],[111.61419617600006,-7.4659344379999766,0],[111.61412020100005,-7.4659518169999615,0],[111.61404856000007,-7.4659152899999413,0],[111.61394667100006,-7.4659438289999684,0],[111.61378906000004,-7.4659919779999768,0],[111.61362876000004,-7.4660400399999389,0],[111.61361251500006,-7.466058152999949,0],[111.61357638200008,-7.4660984429999644,0],[111.61351490800007,-7.466117881999935,0],[111.61331624100006,-7.4661437499999579,0],[111.61330126700005,-7.4662851199999523,0],[111.61324044500009,-7.4662903589999701,0],[111.61316644500005,-7.4662768969999433,0],[111.61307022800008,-7.4662467349999702,0],[111.61298413800006,-7.4662453169999594,0],[111.61295187900004,-7.4662621819999799,0],[111.61293523900008,-7.4663865519999604,0],[111.61291357700009,-7.4665009819999568,0],[111.61289192000004,-7.4666189379999537,0],[111.61283637700006,-7.4666039129999717,0],[111.61278528100007,-7.4666173689999482,0],[111.61277389200006,-7.4666495779999309,0],[111.61277026800008,-7.466675989999942,0],[111.61273397300005,-7.4666930429999638,0],[111.61269425200004,-7.4666647919999605,0],[111.61264844500005,-7.466611860999933,0],[111.61263911600008,-7.4666744539999286,0],[111.61262906100006,-7.4667197139999644,0],[111.61255794700008,-7.4670398319999549,0],[111.61260373500005,-7.4670794689999411,0],[111.61266623500006,-7.4670983729999421,0],[111.61282558700009,-7.4670660479999356,0],[111.61288649000005,-7.4670659639999712,0],[111.61312190400008,-7.4671327379999752,0],[111.61340207900008,-7.4671981859999619,0],[111.61361251500006,-7.4672383039999772,0],[111.61395731100004,-7.4673040369999626,0],[111.61443592100005,-7.4673907309999663,0],[111.61462707400005,-7.4674437739999462,0],[111.61488828000006,-7.4675162569999429,0],[111.61487899500008,-7.4676097789999289,0],[111.61484527900006,-7.4677607609999654,0],[111.61483826500006,-7.4677680049999253,0],[111.61481436800005,-7.4677799759999743,0],[111.61474215900006,-7.4678184209999472,0],[111.61473984400004,-7.4678734979999604,0],[111.61476746300008,-7.4679367529999467,0],[111.61477125600004,-7.4679454399999372,0],[111.61480727800006,-7.4680003739999279,0],[111.61478351400007,-7.4680532209999342,0],[111.61475232500004,-7.4681417999999553,0],[111.61472109300007,-7.4681443749999517,0],[111.61460099500005,-7.4680844939999815,0],[111.61449741300004,-7.468079935999981,0],[111.61445909800005,-7.4680942779999668,0],[111.61440872700007,-7.4681448099999557,0],[111.61432714800009,-7.4682167279999589,0],[111.61426941500008,-7.4682934059999297,0],[111.61428634000004,-7.4683726029999775,0],[111.61432754600008,-7.4685017769999718,0],[111.61435150600005,-7.468588198999953,0],[111.61434216600009,-7.4686431949999701,0],[111.61409942400007,-7.4686268929999642,0],[111.61388285500004,-7.4686243009999771,0],[111.61380464500007,-7.4686994699999332,0],[111.61371593600006,-7.468749240999955,0],[111.61368126600007,-7.4687521839999249,0],[111.61363928100008,-7.4687612849999709,0],[111.61362716700006,-7.4687552429999755,0],[111.61362106600006,-7.4687207959999569,0],[111.61359248300005,-7.4686952429999565,0],[111.61347814200008,-7.4686908799999401,0],[111.61340579600005,-7.468685192999942,0],[111.61329285300008,-7.4686657249999371,0],[111.61312009100004,-7.4687271889999352,0],[111.61294060900008,-7.4687933649999536,0],[111.61278675500006,-7.468855977999965,0],[111.61256494700007,-7.4689542269999265,0],[111.61235691800005,-7.4690204419999304,0],[111.61233650300005,-7.469064239999966,0],[111.61233968800008,-7.4692054029999326,0],[111.61232626900005,-7.4692281209999578,0],[111.61229200900004,-7.4692567459999282,0],[111.61225776300006,-7.4692966749999528,0],[111.61225802300004,-7.4694829699999445,0],[111.61223159900004,-7.4695588809999549,0],[111.61220305000006,-7.4696103769999809,0],[111.61215545400006,-7.4696693159999654,0],[111.61213274100004,-7.4697795869999482,0],[111.61210156000004,-7.4698735009999382,0],[111.61208030000006,-7.4700616339999328,0],[111.61207169900007,-7.4701643799999715,0],[111.61209770800008,-7.4702200509999557,0],[111.61209336400009,-7.4702669919999494,0],[111.61205718500008,-7.470367514999964,0],[111.61201064100004,-7.4704829739999354,0],[111.61196167100007,-7.4705745609999781,0],[111.61195167700004,-7.4706422199999452,0],[111.61193477600006,-7.4707946249999395,0],[111.61189921000005,-7.470852099999945,0],[111.61184174600004,-7.4709081589999755,0],[111.61167960400007,-7.4710841879999634,0],[111.61165006500005,-7.4711229349999257,0],[111.61163532700004,-7.471164554999973,0],[111.61165434200007,-7.4712971059999518,0],[111.61166794300004,-7.4714042519999566,0],[111.61151078200004,-7.4717772399999376,0],[111.61147926100006,-7.4718419429999585,0],[111.61145044000006,-7.4719127929999445,0],[111.61142019900007,-7.4719310129999599,0],[111.61138994300006,-7.4719369329999381,0],[111.61134794300006,-7.4719356339999763,0],[111.61131176000004,-7.4720336249999377,0],[111.61129503800004,-7.4720999359999496,0],[111.61122404600007,-7.4721000349999258,0],[111.61117865100005,-7.4720760429999586,0],[111.61115750300007,-7.4720760719999362,0],[111.61114962200008,-7.4721026989999473,0],[111.61114411400007,-7.4721213069999521,0],[111.61111401500006,-7.4722409939999466,0],[111.61110819000004,-7.4724055019999582,0],[111.61113688800003,-7.4725139829999421,0],[111.61118250400006,-7.47264351299998,0],[111.61115998400004,-7.4726783609999643,0],[111.61107936100007,-7.472739153999953,0],[111.61100991200004,-7.4728291419999664,0],[111.61093186400007,-7.4730226889999471,0],[111.61089265400005,-7.47314672899995,0],[111.61090705700008,-7.4732073609999361,0],[111.61091294900007,-7.4732321619999311,0],[111.61091563300005,-7.4732498659999465,0],[111.61088783400004,-7.4732577829999514,0],[111.61076826400006,-7.4732918369999766,0],[111.61061197700008,-7.4733603159999689,0],[111.61057026600008,-7.4734531399999469,0],[111.61052428300007,-7.47355547199993,0],[111.61048332800004,-7.473777853999934,0],[111.61047578000006,-7.473818835999964,0],[111.61047921300008,-7.4738866809999536,0],[111.61050840400009,-7.4744634839999549,0],[111.61054029300004,-7.4746667569999659,0],[111.61054065600007,-7.4746690719999265,0],[111.61062242700007,-7.4751903169999423,0],[111.61062910200008,-7.4752328669999315,0],[111.61064006400005,-7.4753027429999293,0],[111.61063843100004,-7.4753912109999305,0],[111.61063644200004,-7.4754990249999764,0],[111.61063367800006,-7.4756488069999705,0],[111.61059503700005,-7.4757509109999774,0],[111.61049824400004,-7.4760066719999259,0],[111.61047594300004,-7.4760655999999699,0],[111.61038679900008,-7.4761685119999584,0],[111.61030103600007,-7.4762447849999489,0],[111.61026332500006,-7.4762783229999741,0],[111.61019550700007,-7.4763448029999608,0],[111.61018710300004,-7.4763530419999711,0],[111.61015002400006,-7.4763478669999586,0],[111.61002987200004,-7.4763046239999653,0],[111.60995350800005,-7.4762583369999334,0],[111.60985521000003,-7.4761851299999762,0],[111.60971884500009,-7.4760357409999756,0],[111.60959593400008,-7.475889044999974,0],[111.60945791900008,-7.4757894869999291,0],[111.60931995800007,-7.4757290859999443,0],[111.60917024000008,-7.4756512479999628,0],[111.60901896400009,-7.4756352689999517,0],[111.60896247600004,-7.4756407729999523,0],[111.60894772800009,-7.4756758819999618,0],[111.60892994900007,-7.4757351409999728,0],[111.60891525400007,-7.475809045999938,0],[111.60889250300005,-7.4758925489999797,0],[111.60885225000004,-7.4759654039999646,0],[111.60880228000008,-7.4760380009999494,0],[111.60875000100003,-7.476168659999928,0],[111.60873455800004,-7.4764031789999308,0],[111.60875025300004,-7.4765660289999687,0],[111.60872568400004,-7.4766278389999457,0],[111.60867138200007,-7.4766208489999713,0],[111.60859487600004,-7.4766787799999292,0],[111.60855568700003,-7.4767084539999473,0],[111.60854445400008,-7.4767169599999761,0],[111.60857583900008,-7.4768798189999757,0],[111.60857643900005,-7.4768829319999668,0],[111.60857806200005,-7.4768913559999532,0],[111.60857897700004,-7.4768961029999446,0],[111.60858971500005,-7.4769518239999684,0],[111.60861843800006,-7.4771008739999729,0],[111.60863092800008,-7.4771656839999423,0],[111.60864780400004,-7.4774262379999641,0],[111.60865784800006,-7.4775813049999442,0],[111.60866210500006,-7.4776470319999362,0],[111.60864694700007,-7.4776827819999312,0],[111.60863097800006,-7.4777204469999674,0],[111.60855599500007,-7.4778972979999594,0],[111.60838474200006,-7.4780988779999689,0],[111.60828034500008,-7.4782217609999293,0],[111.60826457000007,-7.4782403289999593,0],[111.60823515700008,-7.4782637809999528,0],[111.60782548900005,-7.4785904159999745,0],[111.60769820600007,-7.4786715099999697,0],[111.60756326900008,-7.4787574789999667,0],[111.60746821000004,-7.4788020959999812,0],[111.60745344900005,-7.4788090239999292,0],[111.60725771900007,-7.4788195729999529,0],[111.60707564500007,-7.4787718559999803,0],[111.60692441200007,-7.478676127999961,0],[111.60687611200007,-7.4785151579999365,0],[111.60689250600007,-7.4783268219999286,0],[111.60689639500004,-7.4782821429999444,0],[111.60689974700006,-7.4782656199999451,0],[111.60697834800004,-7.4778782269999624,0],[111.60700214800005,-7.4777609259999736,0],[111.60700459100008,-7.4777488869999615,0],[111.60710041700008,-7.4772387419999404,0],[111.60715458800007,-7.4769503549999285,0],[111.60712325500003,-7.4766983719999303,0],[111.60710440400004,-7.4765467739999281,0],[111.60709079000009,-7.4764372899999785,0],[111.60708603600006,-7.4763990589999594,0],[111.60705829000005,-7.4761759279999751,0],[111.60705445300005,-7.4761450679999371,0],[111.60705353200007,-7.4761376649999534,0],[111.60689941000004,-7.4757711299999414,0],[111.60687561000009,-7.4757467729999689,0],[111.60670711900008,-7.475574336999955,0],[111.60669924500007,-7.4755716659999507,0],[111.60664924100007,-7.4755547069999579,0],[111.60648524900006,-7.4754990879999355,0],[111.60648207600008,-7.4754980119999459,0],[111.60620541400004,-7.4755624919999377,0],[111.60617494300004,-7.4755695939999782,0],[111.60598763800004,-7.4757479939999598,0],[111.60575932000006,-7.4759654569999725,0],[111.60549005500008,-7.476221920999933,0],[111.60529771400007,-7.4764078829999789,0],[111.60525552500008,-7.4764486729999362,0],[111.60514426600008,-7.4765562409999688,0],[111.60510962000006,-7.4765897379999728,0],[111.60492198300005,-7.4767711519999693,0],[111.60477503000004,-7.4770882399999437,0],[111.60472029700009,-7.4772063409999419,0],[111.60466932900005,-7.4773145309999336,0],[111.60465322400006,-7.4773487179999734,0],[111.60450452500004,-7.4776643659999422,0],[111.60412482800007,-7.4785155709999458,0],[111.60407702600008,-7.4787148829999524,0],[111.60405036100008,-7.4788260659999537,0],[111.60399973900007,-7.4790371379999669,0],[111.60398261700004,-7.4791753439999411,0],[111.60404341800006,-7.4793263969999657,0],[111.60409990200009,-7.4794860929999345,0],[111.60413990300009,-7.4795322599999281,0],[111.60420827600007,-7.4796111729999666,0],[111.60434689800007,-7.4797016649999364,0],[111.60436007100009,-7.479710263999948,0],[111.60448552000008,-7.479792156999963,0],[111.60462846500008,-7.4798783249999587,0],[111.60471951400007,-7.4799947909999673,0],[111.60473147900007,-7.480035819999955,0],[111.60473203900006,-7.4800377389999539,0],[111.60476734900004,-7.4801588169999604,0],[111.60474337500006,-7.4802590899999473,0],[111.60474153000007,-7.480266806999964,0],[111.60470563800004,-7.4802887579999719,0],[111.60462347700008,-7.4803390079999303,0],[111.60458585000003,-7.4803620209999622,0],[111.60416180700008,-7.4804403299999649,0],[111.60392806900006,-7.4804233769999655,0],[111.60388386000005,-7.4804221529999495,0],[111.60348226000008,-7.4804110329999389,0],[111.60302923900008,-7.4803274909999686,0],[111.60288210900006,-7.480344964999972,0],[111.60283367600005,-7.4803754319999598,0],[111.60273075800006,-7.4804401719999305,0],[111.60259675300006,-7.4805612649999489,0],[111.60258909900006,-7.4805782369999747,0],[111.60256525600005,-7.48063110399994,0],[111.60253634400004,-7.4806952119999437,0],[111.60248460900004,-7.4808421009999506,0],[111.60247199200006,-7.4811098469999706,0],[111.60249815500003,-7.4812523109999347,0],[111.60251026100008,-7.4813063109999689,0],[111.60251898000007,-7.4813452039999788,0],[111.60253299400006,-7.4814077189999466,0],[111.60261109400005,-7.4815501129999689,0],[111.60261600700005,-7.4815558739999801,0],[111.60264799700008,-7.4815933859999291,0],[111.60273247600009,-7.4816924469999435,0],[111.60289752000006,-7.4818141989999276,0],[111.60295816100006,-7.4818589339999448,0],[111.60299549000007,-7.481963440999948,0],[111.60300595300004,-7.48199273299997,0],[111.60302347300006,-7.4821438449999391,0],[111.60300205800007,-7.4823079659999507,0],[111.60293730900008,-7.4824332819999313,0],[111.60285953400006,-7.482528388999981,0],[111.60285918000005,-7.4825286839999308,0],[111.60289671900006,-7.4825648899999351,0],[111.60293052800006,-7.4825974989999509,0],[111.60321532800003,-7.4828136999999515,0],[111.60344790400006,-7.4829851149999627,0],[111.60346009500006,-7.4829977839999628,0],[111.60357715000004,-7.4831194159999654,0],[111.60360894700005,-7.4831552849999525,0],[111.60374690400005,-7.4833109039999499,0],[111.60375893200006,-7.4837429839999459,0],[111.60350916100003,-7.4837834779999639,0],[111.60339460500006,-7.4838435929999605,0],[111.60330551700008,-7.4838924589999465,0],[111.60315359600008,-7.4838982739999551,0],[111.60302445100007,-7.4838928439999677,0],[111.60289526000008,-7.4838528679999285,0],[111.60275766000007,-7.4837845059999495,0],[111.60265701600008,-7.4836901399999647,0],[111.60255364200009,-7.4836214609999274,0],[111.60248722600005,-7.4834729679999441,0],[111.60244108300009,-7.4833936299999664,0],[111.60242172700003,-7.4832841399999666,0],[111.60242788000005,-7.4830844519999573,0],[111.60244044300003,-7.4829268079999451,0],[111.60229506800005,-7.4828560159999711,0],[111.60227512800009,-7.4828478729999688,0],[111.60223957300008,-7.4828333529999327,0],[111.60211986400009,-7.4828446279999525,0],[111.60196646900005,-7.4828268359999583,0],[111.60189909600007,-7.4828190209999548,0],[111.60189219000006,-7.4828171349999479,0],[111.60172489900009,-7.4827714569999557,0],[111.60124951900008,-7.4826416559999416,0],[111.60124211800007,-7.4826396349999413,0],[111.60096064500004,-7.482532062999951,0],[111.60064467200004,-7.4825152209999715,0],[111.60058219900009,-7.4825167899999769,0],[111.60046289800005,-7.4825197869999442,0],[111.60027702100007,-7.4826884499999551,0],[111.60020373800006,-7.4829044589999398,0],[111.60019537200009,-7.4831160629999545,0],[111.60022138900007,-7.4832600989999492,0],[111.60031312100006,-7.4837679509999475,0],[111.60035637500005,-7.4840874159999657,0],[111.60036960600007,-7.4841851399999655,0],[111.60040621200005,-7.484472559999972,0],[111.60044610900007,-7.4847858149999524,0],[111.60047023400006,-7.4849752329999433,0],[111.60057669900004,-7.485131828999954,0],[111.60058154800004,-7.4851389609999615,0],[111.60060394100009,-7.4851718989999654,0],[111.60063367800007,-7.4852156369999534,0],[111.60063925400004,-7.485223838999957,0],[111.60064683400009,-7.4852268549999508,0],[111.60065156500008,-7.4852287369999431,0],[111.60066574900009,-7.4852343799999517,0],[111.60077251100006,-7.4852768529999594,0],[111.60084190200007,-7.4852848699999299,0],[111.60089628600008,-7.4852911539999809,0],[111.60101624200007,-7.4852438749999806,0],[111.60106631400004,-7.4851912719999518,0],[111.60123414500003,-7.4850149589999546,0],[111.60155389800008,-7.4847243179999623,0],[111.60170260500007,-7.4845536469999274,0],[111.60194998800006,-7.4845134269999676,0],[111.60218261200004,-7.4844477249999386,0],[111.60230629300008,-7.4844475559999637,0],[111.60245902500009,-7.4844872279999777,0],[111.60264973700004,-7.484530857999971,0],[111.60265039800004,-7.4845310089999657,0],[111.60278744200008,-7.4846835649999548,0],[111.60288851200005,-7.4848163649999719,0],[111.60291217600007,-7.4849063149999324,0],[111.60286026100005,-7.4850315479999381,0],[111.60273073100007,-7.4852360159999307,0],[111.60259911600008,-7.4853899349999438,0],[111.60249179000004,-7.4855457189999584,0],[111.60219777000009,-7.4859636569999566,0],[111.60208218200006,-7.4860347149999598,0],[111.60189368400006,-7.4861259499999733,0],[111.60175963700004,-7.4861969439999712,0],[111.60156107400007,-7.486306458999934,0],[111.60139072100009,-7.4863877209999714,0],[111.60116781800008,-7.4864042129999575,0],[111.60089672800007,-7.4863776339999504,0],[111.60071982800008,-7.4863164699999629,0],[111.60060071200007,-7.4862673449999306,0],[111.60051057700008,-7.4862759919999462,0],[111.60049752300006,-7.4862772439999503,0],[111.60046445400008,-7.4862901839999267,0],[111.60041319700008,-7.4862902539999254,0],[111.60024372100008,-7.4862904839999374,0],[111.60024316500005,-7.4862904639999783,0],[111.60011313100006,-7.4862858529999698,0],[111.60008149500004,-7.4862847309999552,0],[111.59995932500004,-7.4862803979999626,0],[111.59980107400008,-7.4863063209999723,0],[111.59977325700004,-7.4863108779999266,0],[111.59965649200007,-7.4863801289999401,0],[111.59956142700008,-7.4864925309999535,0],[111.59950106300005,-7.4866610229999537,0],[111.59951133600003,-7.4867588049999654,0],[111.59951275000009,-7.486772263999967,0],[111.59951421800008,-7.4867862329999753,0],[111.59959666500004,-7.4869415759999356,0],[111.59971223000008,-7.4870834649999551,0],[111.59980043000007,-7.4871917539999799,0],[111.59981861900008,-7.4872164689999749,0],[111.59990306900005,-7.4873312229999556,0],[111.59997821300004,-7.487433330999977,0],[111.59998171300003,-7.4874657669999465,0],[111.60000475500004,-7.4876792729999693,0],[111.60001214700009,-7.4877477709999312,0],[111.60001341500003,-7.4877595169999722,0],[111.60000925100007,-7.4878102069999386,0],[111.60000064300004,-7.4879149899999788,0],[111.59996345200005,-7.4880218289999334,0],[111.59993597500005,-7.4881007609999415,0],[111.59988292600008,-7.4881967449999252,0],[111.59982372000007,-7.4883038689999353,0],[111.59969709400008,-7.4884526729999266,0],[111.59960238100007,-7.4885639749999768,0],[111.59956929500004,-7.4886028549999537,0],[111.59990236100003,-7.4889922719999618,0],[111.60021757500004,-7.48943411099998,0],[111.60075563900006,-7.4901092279999375,0],[111.60110146000005,-7.4904859299999771,0],[111.60132428600008,-7.490701974999979,0],[111.60157205300004,-7.4909198999999376,0],[111.60203680700005,-7.4912926099999595,0],[111.60253417200005,-7.4916633589999719,0],[111.60282821200008,-7.4918747579999376,0],[111.60332144400007,-7.492203151999945,0],[111.60322575300006,-7.4923525399999562,0],[111.60317276600006,-7.4924733859999719,0],[111.60315277900008,-7.492541914999947,0],[111.60314849600007,-7.4926675499999646,0],[111.60314706800006,-7.4928303049999272,0],[111.60317276600006,-7.4928745639999761,0],[111.60315991700008,-7.4930030539999279,0],[111.60315991700008,-7.4931388379999362,0],[111.60312472100009,-7.4934236519999331,0],[111.60311643600005,-7.4934906959999807,0],[111.60311407100005,-7.4935081859999286,0],[111.60310361700004,-7.4935854859999722,0],[111.60308012300004,-7.493754795999962,0],[111.60304343600006,-7.494019183999967,0],[111.60306016100009,-7.4944183909999538,0],[111.60306200000008,-7.4944653249999647,0],[111.60306314300004,-7.4944944919999443,0],[111.60307425600007,-7.4945720709999364,0],[111.60309281700006,-7.4946134729999585,0],[111.60312850900004,-7.4946591589999798,0],[111.60315277900008,-7.4947276879999549,0],[111.60316705500009,-7.4947705179999389,0],[111.60317562200004,-7.4948147759999415,0],[111.60317847700009,-7.4948390459999814,0],[111.60315277900008,-7.494899008999937,0],[111.60312993600007,-7.494991807999952,0],[111.60312818700004,-7.4950048279999351,0],[111.60313004600005,-7.4950170829999365,0],[111.60313441400007,-7.4950544109999555,0],[111.60313734700009,-7.4950946139999814,0],[111.60314457400005,-7.4951190149999434,0],[111.60315324000004,-7.4951434149999727,0],[111.60316047400005,-7.4951721239999642,0],[111.60316253900004,-7.4951904429999558,0],[111.60315135100007,-7.4952288019999287,0],[111.60313993000005,-7.4953258839999535,0],[111.60312993600007,-7.4954186829999685,0],[111.60312993600007,-7.4954757899999436,0],[111.60311280400003,-7.4955428909999569,0],[111.60308425100004,-7.495695651999938,0],[111.60305712400009,-7.495864117999929,0],[111.60302714400007,-7.4960811249999324,0],[111.60301286600009,-7.49620675999995,0],[111.60300572800008,-7.496299558999965,0],[111.60301714900004,-7.4963338239999757,0],[111.60304713100004,-7.4963552389999677,0],[111.60305855200005,-7.4964123459999428,0],[111.60305141400005,-7.4966179309999461,0],[111.60328983600004,-7.4966607609999301,0],[111.60346401300006,-7.4966878869999505,0],[111.60355238700004,-7.4967015449999508,0],[111.60377810100005,-7.4967364279999629,0],[111.60400015700009,-7.4967649319999623,0],[111.60437029400003,-7.4968124439999428,0],[111.60453191400006,-7.4968492149999406,0],[111.60479032400008,-7.4968906179999522,0],[111.60491088200007,-7.4969078409999383,0],[111.60493023600009,-7.4969106059999717,0],[111.60496021700004,-7.4966236419999746,0],[111.60496735500004,-7.4965679629999613,0],[111.60500733100008,-7.4965465469999799,0],[111.60507014800004,-7.4965165659999684,0],[111.60509870200008,-7.4964751639999463,0],[111.60510298500009,-7.4964251949999721,0],[111.60511012400008,-7.4963795089999508,0],[111.60515009800008,-7.4963195469999278,0],[111.60519292900005,-7.4962795719999349,0],[111.60520720600005,-7.4961810619999483,0],[111.60521291700007,-7.4961082509999528,0],[111.60520149500007,-7.4960639929999502,0],[111.60520577800008,-7.4960183069999289,0],[111.60522433800008,-7.4958869609999397,0],[111.60524432500006,-7.4957470489999309,0],[111.60538138200008,-7.4957499039999789,0],[111.60549702400004,-7.4957541869999318,0],[111.60550987300007,-7.4955928589999417,0],[111.60556983600009,-7.4955757269999594,0],[111.60565406800004,-7.4955914319999692,0],[111.60572545200006,-7.4956114189999425,0],[111.60578541500007,-7.4956157019999523,0],[111.60583966700005,-7.4955885769999782,0],[111.60588535200009,-7.4955985699999701,0],[111.60592104400007,-7.4956185569999434,0],[111.60604239600008,-7.4955671609999399,0],[111.60615089900006,-7.4955257589999746,0],[111.60624512600003,-7.4955043439999258,0],[111.60635934100009,-7.495481500999972,0],[111.60649068600009,-7.4954372429999694,0],[111.60655778800009,-7.4954315319999409,0],[111.60657777500006,-7.4952816259999508,0],[111.60660600600005,-7.4952797029999374,0],[111.60673092800005,-7.4953082559999302,0],[111.60682610700007,-7.4953403789999697,0],[111.60692723300008,-7.4953641739999739,0],[111.60699266900008,-7.4953701219999402,0],[111.60704382800009,-7.4954034349999574,0],[111.60707714000006,-7.4954450749999637,0],[111.60709617500004,-7.495473628999946,0],[111.60714852400008,-7.495483146999959,0],[111.60719492300007,-7.4954700589999561,0],[111.60721871700008,-7.4954676799999334,0],[111.60739717700005,-7.4955021819999388,0],[111.60754113500008,-7.495535494999956,0],[111.60776004500008,-7.4955676169999492,0],[111.60795278200004,-7.4956044989999668,0],[111.60813718900005,-7.4956330529999491,0],[111.60824188600009,-7.495659226999976,0],[111.60823107700008,-7.4957704269999681,0],[111.60825647500008,-7.4958319689999371,0],[111.60826187500004,-7.4958450539999717,0],[111.60829880600005,-7.4958925319999707,0],[111.60828698600005,-7.4959694669999521,0],[111.60828904600004,-7.4959897449999744,0],[111.60829671100004,-7.4960651839999741,0],[111.60855189700004,-7.4960954629999605,0],[111.60861904800004,-7.4961011139999414,0],[111.60860389300007,-7.4962389859999803,0],[111.60860405800008,-7.496357689999968,0],[111.60860228500007,-7.4964629949999448,0],[111.60860617300006,-7.4964993669999558,0],[111.60862921200004,-7.4965127369999323,0],[111.60867994500006,-7.4965500969999539,0],[111.60871135400004,-7.4965900719999468,0],[111.60874419000004,-7.4966357569999786,0],[111.60875132900009,-7.4966900089999626,0],[111.60874990100007,-7.4967685309999297,0],[111.60872277500005,-7.4968056509999315,0],[111.60868851000004,-7.4968399159999421,0],[111.60868280000005,-7.4968698969999537,0],[111.60870278800007,-7.4969155819999287,0],[111.60871563600006,-7.4969812559999696,0],[111.60870421500005,-7.4970440729999268,0],[111.60868565600003,-7.4970997519999401,0],[111.60865281900004,-7.4971540039999809,0],[111.60863568700006,-7.4972853509999595,0],[111.60866566800007,-7.4973110479999718,0],[111.60869707700004,-7.4973767219999559,0],[111.60870136000005,-7.4974452499999416,0],[111.60868708300006,-7.4975137779999272,0],[111.60865995700004,-7.4975623189999396,0],[111.60862854800007,-7.4976165709999805,0],[111.60860427800009,-7.4976993759999573,0],[111.60857715200007,-7.4977950309999528,0],[111.60855002600005,-7.497926376999942,0],[111.60852147200006,-7.4980491569999685,0],[111.60849291900007,-7.49820905699994,0],[111.60848435300005,-7.4982704469999248,0],[111.60848292500009,-7.4983175599999754,0],[111.60844866100007,-7.4983204149999665,0],[111.60838441600004,-7.4983204159999559,0],[111.60834015800003,-7.4983304099999373,0],[111.60833730200005,-7.4983803789999683,0],[111.60836728300006,-7.4984075039999425,0],[111.60840725800006,-7.4984360579999816,0],[111.60842867400004,-7.4984674669999549,0],[111.60842296300007,-7.4985060139999291,0],[111.60839036400006,-7.4986338859999364,0],[111.60834563000009,-7.498635788999934,0],[111.60833611300006,-7.4986691019999512,0],[111.60835229300005,-7.4987033659999724,0],[111.60836181100007,-7.4987471489999393,0],[111.60837228000008,-7.4988166289999754,0],[111.60835990700008,-7.4989213249999693,0],[111.60824378900008,-7.4989070489999676,0],[111.60804962600008,-7.4988870609999481,0],[111.60789067700006,-7.4988689769999723,0],[111.60781167900006,-7.4988689769999723,0],[111.60780121000005,-7.4989241809999498,0],[111.60778693300006,-7.498993660999929,0],[111.60776504200004,-7.4990717069999278,0],[111.60774886100006,-7.4991364279999289,0],[111.60771554900003,-7.4991992459999324,0],[111.60768699600004,-7.4992373169999382,0],[111.60764321300007,-7.4992468359999407,0],[111.60760038300003,-7.4992496909999318,0],[111.60753756500009,-7.4992544489999773,0],[111.60752043300005,-7.4993458209999631,0],[111.60750235000006,-7.4994666969999457,0],[111.60748236200004,-7.4995875739999747,0],[111.60746618200005,-7.4997293899999704,0],[111.60762417800004,-7.4997617499999478,0],[111.60762037000006,-7.4998245689999408,0],[111.60761370800009,-7.4998731089999637,0],[111.60760609400006,-7.4999435409999364,0],[111.60760419100006,-7.4999768539999536,0],[111.60758705800004,-7.5000663219999524,0],[111.60758134700006,-7.5001681619999658,0],[111.60759086600007,-7.5002871359999403,0],[111.60763845400004,-7.5003785069999367,0],[111.60765558700007,-7.500412770999958,0],[111.60766129700005,-7.5004451319999248,0],[111.60765558700007,-7.500486058999968,0],[111.60764511700006,-7.5005355519999739,0],[111.60765653800007,-7.5005688639999448,0],[111.60766415300009,-7.5006754639999258,0],[111.60767176700006,-7.5007715939999571,0],[111.60767271800006,-7.5008087129999694,0],[111.60768509200005,-7.5008353629999647,0],[111.60767557400004,-7.5008858079999641,0],[111.60768889900004,-7.5009276869999439,0],[111.60768794700004,-7.5009686139999303,0],[111.60767081500006,-7.5010114429999248,0],[111.60767367100004,-7.5010419009999509,0],[111.60768223700006,-7.5010780679999698,0],[111.60767842900009,-7.5011085249999496,0],[111.60768414000006,-7.5012122699999395,0],[111.60767843000008,-7.50127699199993,0],[111.60765939400005,-7.5013198219999708,0],[111.60762988900007,-7.501335049999966,0],[111.60758325100005,-7.50132743599994,0],[111.60757849200007,-7.5013360019999595,0],[111.60759752800004,-7.5013750249999589,0],[111.60762703300009,-7.5014054819999387,0],[111.60764416500007,-7.5014454579999779,0],[111.60766700800008,-7.5014759139999683,0],[111.60766034600005,-7.5015158899999506,0],[111.60764606900005,-7.5015320699999393,0],[111.60762988900007,-7.5015415879999523,0],[111.60761941900006,-7.50156347799998,0],[111.60760894900005,-7.5015710929999386,0],[111.60760704500007,-7.501608211999951,0],[111.60761656400007,-7.5016767409999261,0],[111.60762798500008,-7.5017052939999758,0],[111.60763750300003,-7.5017290889999799,0],[111.60763969200008,-7.5017865709999683,0],[111.60766020600005,-7.5018810749999716,0],[111.60768666500007,-7.5019396729999812,0],[111.60771068500009,-7.5019683589999318,0],[111.60773708200009,-7.5019814849999307,0],[111.60778025600007,-7.5019886039999619,0],[111.60783421600007,-7.5019921199999544,0],[111.60787376900004,-7.5019824929999572,0],[111.60791212300006,-7.5019716689999427,0],[111.60794808600008,-7.5019668339999726,0],[111.60799487300005,-7.5019859139999312,0],[111.60802728000004,-7.502009801999975,0],[111.60806328000007,-7.5020312909999802,0],[111.60812209300008,-7.5020754849999776,0],[111.60817966000008,-7.5020861749999312,0],[111.60825402400008,-7.5021052179999401,0],[111.60831519000004,-7.502117099999964,0],[111.60836076200007,-7.5021242159999701,0],[111.60840153300006,-7.5021277499999428,0],[111.60843390500008,-7.5021265079999466,0],[111.60845066100006,-7.5021049449999282,0],[111.60845423200004,-7.5020869919999313,0],[111.60850099700008,-7.502089319999925,0],[111.60853578700005,-7.5021024349999266,0],[111.60860535700004,-7.5021226809999462,0],[111.60867739500009,-7.5021931809999387,0],[111.60871102700008,-7.5022362139999359,0],[111.60872906700007,-7.5022756769999432,0],[111.60874592100004,-7.5023247149999293,0],[111.60874958800008,-7.5023749669999802,0],[111.60877003300004,-7.5024192139999286,0],[111.60878687200005,-7.5024574829999437,0],[111.60880849500006,-7.5024873679999473,0],[111.60885535300008,-7.5025567069999397,0],[111.60888657500004,-7.5025913659999333,0],[111.60892734900006,-7.5025972919999617,0],[111.60897771600008,-7.5026032049999571,0],[111.60900902400004,-7.5025994959999593,0],[111.60900616900005,-7.502625906999981,0],[111.60901616200005,-7.5026594579999255,0],[111.60903472200005,-7.5026823009999362,0],[111.60904328800007,-7.5027044299999375,0],[111.60904543000004,-7.5027465469999584,0],[111.60903829100005,-7.5028065089999814,0],[111.60903615000007,-7.5028821749999679,0],[111.60903829100005,-7.5029521319999617,0],[111.60903971900007,-7.5030206609999368,0],[111.60903400800004,-7.5030891889999793,0],[111.60903472300004,-7.5031934099999376,0],[111.60903900500006,-7.503254798999933,0],[111.60905114100007,-7.5032740729999432,0],[111.60906898700006,-7.5033233279999649,0],[111.60907327000007,-7.5033661579999489,0],[111.60907398400008,-7.5034154129999706,0],[111.60906970000008,-7.5034882239999661,0],[111.60906042000005,-7.5035567529999412,0],[111.60905256800004,-7.5036167149999642,0],[111.60903472200005,-7.5036959509999406,0],[111.60901973200004,-7.5037744739999539,0],[111.60901473500007,-7.5038465719999294,0],[111.60901402100006,-7.5038865459999329,0],[111.60899760200004,-7.5039086749999342,0],[111.60896690800007,-7.5039729209999564,0],[111.60896690700008,-7.5040128949999598,0],[111.60896405200003,-7.5040678609999532,0],[111.60897761500007,-7.5041164019999655,0],[111.60899617500007,-7.5041513799999393,0],[111.60901436900008,-7.5041927299999429,0],[111.60901973200004,-7.5042049179999708,0],[111.60902904300008,-7.5042392929999551,0],[111.60904893900005,-7.5042400289999591,0],[111.60907637000008,-7.5042410439999685,0],[111.60907892400007,-7.5042411389999302,0],[111.60912297700008,-7.504191298999956,0],[111.60917207300008,-7.5041310699999713,0],[111.60918248700006,-7.5041056939999748,0],[111.60921032600004,-7.5040899899999545,0],[111.60933342300007,-7.5041096669999661,0],[111.60938046100006,-7.5041354479999427,0],[111.60945624500005,-7.5041410869999368,0],[111.60959434600005,-7.5041227059999756,0],[111.60970846000004,-7.5040995729999622,0],[111.60976408800008,-7.5040956669999446,0],[111.60986004500006,-7.5041213809999476,0],[111.60996655800005,-7.5041509099999644,0],[111.61005291600009,-7.5041718499999774,0],[111.61010760700009,-7.5041832609999801,0],[111.61017519800004,-7.5042116599999531,0],[111.61017519800004,-7.5042392619999418,0],[111.61018281200006,-7.5042659109999477,0],[111.61019423400006,-7.5042916099999388,0],[111.61016853500007,-7.5043344399999796,0],[111.61011809100006,-7.5044105819999345,0],[111.61011238000009,-7.5044381849999695,0],[111.61011047600005,-7.5045333639999399,0],[111.61011428400008,-7.5045761929999344,0],[111.61010000700009,-7.5046066499999711,0],[111.61009524800005,-7.5046409149999249,0],[111.61011523600007,-7.5047122979999585,0],[111.61013141600006,-7.5047970079999686,0],[111.61016663200007,-7.5047979589999727,0],[111.61024087100009,-7.5047970079999686,0],[111.61028655700005,-7.5047874889999662,0],[111.61036460300005,-7.5047713089999775,0],[111.61043693900007,-7.5047665499999425,0],[111.61048738300008,-7.5047617909999644,0],[111.61052831000006,-7.5047551289999319,0],[111.61057399500004,-7.5047570329999758,0],[111.61067203000005,-7.5047655989999384,0],[111.61069106500008,-7.5048150919999443,0],[111.61071771500008,-7.5048826679999365,0],[111.61073104000008,-7.5049312089999489,0],[111.61073484700006,-7.5050159179999696,0],[111.61073960600004,-7.5051320349999742,0],[111.61074531600008,-7.505214839999951,0],[111.61074531700007,-7.5052624299999593,0],[111.61073104000008,-7.5053661749999492,0],[111.61069392000007,-7.5053871139999728,0],[111.61062158500005,-7.5054051979999485,0],[111.61054544200005,-7.5054185229999462,0],[111.61048167200005,-7.5054128119999746,0],[111.61040077100006,-7.5053966309999396,0],[111.61032082100007,-7.5053956799999355,0],[111.61020089600004,-7.5054261369999722,0],[111.61008382600005,-7.5054556419999585,0],[111.60961459700007,-7.5055784219999282,0],[111.60961650000007,-7.5056060239999738,0],[111.60962792200007,-7.5056250589999536,0],[111.60962792200007,-7.5056707449999749,0],[111.60962792200007,-7.5057335629999784,0],[111.60962411500009,-7.5058239829999707,0],[111.60962221100004,-7.5059067879999475,0],[111.60962601800009,-7.5060257609999326,0],[111.60962792200007,-7.506074301999945,0],[111.60963553600004,-7.5061114219999467,0],[111.60963553600004,-7.5062008899999455,0],[111.60964219800007,-7.5062294419999489,0],[111.60965837900005,-7.5062884529999678,0],[111.60966313800009,-7.5063265249999631,0],[111.60967456000009,-7.5063474649999762,0],[111.60969169100008,-7.5064045719999513,0],[111.60970692000006,-7.5064816659999565,0],[111.60973261800007,-7.5065635189999398,0],[111.60977259300006,-7.5066882029999533,0],[111.60979543600007,-7.5067405509999503,0],[111.60983445900007,-7.5068176449999555,0],[111.60985730200008,-7.5068852219999371,0],[111.60988033000007,-7.50697695599996,0],[111.60987846900008,-7.5070181219999768,0],[111.60987660900008,-7.5070602459999805,0],[111.60989391400005,-7.507087983999952,0],[111.60992270500009,-7.5070984729999282,0],[111.60997151600009,-7.507103180999934,0],[111.61013046400006,-7.5071022289999405,0],[111.61021326900004,-7.5071745649999571,0],[111.61030940000006,-7.5072468999999273,0],[111.61032082100007,-7.5073049589999528,0],[111.61031891700009,-7.5074125109999272,0],[111.61027141200009,-7.5074655899999811,0],[111.61024273800007,-7.5075393409999265,0],[111.61024191200005,-7.5076350719999709,0],[111.61022780800005,-7.5078389939999397,0],[111.61022604800007,-7.5079519579999783,0],[111.61023095600007,-7.5080333199999814,0],[111.61025986500005,-7.5081280519999609,0],[111.61026858300005,-7.5081883489999655,0],[111.61025725700006,-7.5083214289999773,0],[111.61023164100004,-7.50852440999995,0],[111.61022127300004,-7.5086555739999312,0],[111.61043330500007,-7.5086833719999504,0],[111.61043313100004,-7.5086850459999255,0],[111.61047025100004,-7.5086898059999498,0],[111.61064538000005,-7.508700274999967,0],[111.61073199200007,-7.508702178999954,0],[111.61086714600009,-7.5087174079999386,0],[111.61097850400006,-7.5087392989999557,0],[111.61109747700004,-7.5087649959999681,0],[111.61123263100006,-7.5088021159999698,0],[111.61133447100008,-7.5088344769999367,0],[111.61150023700009,-7.5088892899999564,0],[111.61176410700006,-7.5089501879999716,0],[111.61192531000006,-7.5089892129999498,0],[111.61212294300009,-7.5090128699999354,0],[111.61220546300007,-7.509032857999955,0],[111.61227266200007,-7.5090710559999252,0],[111.61231878200005,-7.5091265149999344,0],[111.61232553300005,-7.509153309999931,0],[111.61238788300005,-7.5091532229999416,0],[111.61247517300006,-7.5091540579999787,0],[111.61253274600006,-7.5091683369999487,0],[111.61261432900005,-7.509203642999978,0],[111.61269685200006,-7.5092255459999251,0],[111.61275348900006,-7.5092560999999591,0],[111.61281395200007,-7.5092789909999738,0],[111.61288112000005,-7.5092951719999519,0],[111.61295499000005,-7.5093027259999303,0],[111.61306817700006,-7.5093016109999553,0],[111.61308734800008,-7.5092920119999462,0],[111.61316310800004,-7.5092794609999487,0],[111.61320228300008,-7.509170274999974,0],[111.61321143700007,-7.5091017329999659,0],[111.61347708300008,-7.508816650999961,0],[111.61353933100008,-7.5087447669999392,0],[111.61349130300005,-7.5086969689999705,0],[111.61347684800006,-7.5086491259999661,0],[111.61348826700004,-7.5085840139999505,0],[111.61349589600007,-7.5085514539999281,0],[111.61352848000007,-7.5085313059999521,0],[111.61355916600007,-7.5085245619999341,0],[111.61358698300006,-7.5085245229999487,0],[111.61361957600008,-7.5085101189999364,0],[111.61364065900005,-7.508495729999936,0],[111.61365790100007,-7.5084784739999577,0],[111.61368087500006,-7.5084449369999788,0],[111.61369138000003,-7.5084123749999776,0],[111.61377168800004,-7.5082217609999589,0],[111.61386934000006,-7.508087603999968,0],[111.61398743900008,-7.5079622459999769,0],[111.61401755100007,-7.507979774999967,0],[111.61405943000005,-7.5080092799999534,0],[111.61412795900009,-7.5080568689999723,0],[111.61418506500007,-7.5080901809999432,0],[111.61431831500005,-7.5081767939999509,0],[111.61435915300007,-7.5082097279999402,0],[111.61440683100005,-7.5082481779999739,0],[111.61444683500008,-7.5082612049999398,0],[111.61452838000008,-7.5082662239999536,0],[111.61469158200003,-7.5082313309999336,0],[111.61476349400004,-7.508210887999951,0],[111.61479705500005,-7.5082024649999539,0],[111.61482342300008,-7.5081952479999359,0],[111.61485338000006,-7.5081820429999766,0],[111.61489532300004,-7.5081652319999534,0],[111.61492767000004,-7.508147236999946,0],[111.61494921600007,-7.5081208819999574,0],[111.61495637300004,-7.5080945469999278,0],[111.61495632600008,-7.5080610409999622,0],[111.61494190200006,-7.5080359329999737,0],[111.61491669400004,-7.5080156249999277,0],[111.61489270300007,-7.5080072829999267,0],[111.61486751100006,-7.5079989409999257,0],[111.61483152600005,-7.5079882219999377,0],[111.61475597400005,-7.5079787559999431,0],[111.61473556200008,-7.5079584409999711,0],[111.61472355500007,-7.5079464919999737,0],[111.61471394500006,-7.5079333429999338,0],[111.61470912300007,-7.5079153999999448,0],[111.61470907600005,-7.5078818949999686,0],[111.61471501500006,-7.5078412019999519,0],[111.61472453400006,-7.5077897349999603,0],[111.61473165400008,-7.5077370729999302,0],[111.61473278700004,-7.507690403999959,0],[111.61473154100008,-7.5076569009999616,0],[111.61472910500004,-7.5076293809999584,0],[111.61473974000006,-7.5075180819999332,0],[111.61475887200004,-7.5074809589999631,0],[111.61478519200006,-7.507439040999941,0],[111.61481511100004,-7.5073995109999601,0],[111.61484265200005,-7.5073731479999424,0],[111.61486182300007,-7.5073635469999545,0],[111.61490017100004,-7.5073491339999805,0],[111.61495528100005,-7.5073179449999543,0],[111.61499241100006,-7.5072891739999363,0],[111.61502355200008,-7.5072651989999599,0],[111.61505828900005,-7.5072412179999333,0],[111.61508942600005,-7.5072148479999328,0],[111.61514327800006,-7.5071405829999662,0],[111.61515880500008,-7.5070974829999386,0],[111.61515995500008,-7.5070627799999556,0],[111.61515991200008,-7.5070318249999559,0],[111.61516911700005,-7.5070200969999519,0],[111.61517750300004,-7.5070152999999777,0],[111.61520268300006,-7.50701526499995,0],[111.61522906300007,-7.5070164239999713,0],[111.61526146400007,-7.5070355239999458,0],[111.61529506500005,-7.5070558199999482,0],[111.61532986400005,-7.5070761139999718,0],[111.61536586900007,-7.5070999949999759,0],[111.61539091900005,-7.5071197299999426,0],[111.61540346100008,-7.5071378249999725,0],[111.61542747900006,-7.5071641179999347,0],[111.61545990000008,-7.5071987739999599,0],[111.61549471100005,-7.5072262469999487,0],[111.61552350400007,-7.507238172999962,0],[111.61555828400009,-7.5072441069999627,0],[111.61559184800007,-7.5072380779999435,0],[111.61562298500007,-7.507211707999943,0],[111.61564092600008,-7.5071805719999816,0],[111.61563250000006,-7.5071566509999457,0],[111.61561087700005,-7.50712796199997,0],[111.61558926500004,-7.5071064539999384,0],[111.61557124400008,-7.5070813499999645,0],[111.61556760800005,-7.5070538329999295,0],[111.61556995900008,-7.5070203239999387,0],[111.61557950400004,-7.5069868059999294,0],[111.61559424600006,-7.506961826999941,0],[111.61570833800005,-7.5068443169999455,0],[111.61575000700009,-7.5068040529999394,0],[111.61577871200006,-7.506753754999977,0],[111.61580022400005,-7.5067034669999657,0],[111.61581598200007,-7.5066546229999744,0],[111.61582886900004,-7.5066100909999705,0],[111.61584896400007,-7.5065755999999624,0],[111.61586907700007,-7.5065540329999294,0],[111.61588921400005,-7.5065496969999685,0],[111.61591367400007,-7.5065496629999302,0],[111.61594964500006,-7.506549611999958,0],[111.61598418600005,-7.5065567439999654,0],[111.61602306500004,-7.5065782279999667,0],[111.61605906100004,-7.5065968449999332,0],[111.61608212000004,-7.5066240949999496,0],[111.61609366700009,-7.5066499269999554,0],[111.61610232800007,-7.5066700179999657,0],[111.61611388500006,-7.5067030269999577,0],[111.61611693000009,-7.5067124339999509,0],[111.61611990600005,-7.5067347599999721,0],[111.61612953800005,-7.5067634649999491,0],[111.61614756000006,-7.5067897649999509,0],[111.61616557900004,-7.5068136719999643,0],[111.61618358300007,-7.5068268089999606,0],[111.61621117100009,-7.5068339499999297,0],[111.61624354600008,-7.5068351019999682,0],[111.61628429900009,-7.5068254709999565,0],[111.61631664300006,-7.5068050839999501,0],[111.61633578000004,-7.5067715519999751,0],[111.61633693700009,-7.5067416349999689,0],[111.61633330300003,-7.5067153139999618,0],[111.61632338500004,-7.5066964829999279,0],[111.61630582000004,-7.5066214299999388,0],[111.61630148800003,-7.5065856899999517,0],[111.61631630000005,-7.5065609749999567,0],[111.61633305900006,-7.5065418059999729,0],[111.61637258900004,-7.5065154239999288,0],[111.61642770300006,-7.5064866279999478,0],[111.61647203300004,-7.506462633999945,0],[111.61649959100004,-7.5064494329999434,0],[111.61653313900007,-7.5064314359999571,0],[111.61656907900004,-7.5064098469999294,0],[111.61657661200007,-7.5064047189999314,0],[111.61659421900004,-7.5063822889999301,0],[111.61662293800003,-7.5063415639999675,0],[111.61662768700006,-7.5063080519999517,0],[111.61662644600005,-7.50627813899996,0],[111.61662279800004,-7.5062422459999425,0],[111.61661674700008,-7.506202764999955,0],[111.61660711200005,-7.506171667999979,0],[111.61660466400008,-7.5061369689999538,0],[111.61660700700008,-7.5060974779999583,0],[111.61662372900008,-7.5060519829999635,0],[111.61662367500008,-7.5060136909999642,0],[111.61661763400008,-7.5059813909999775,0],[111.61660559200004,-7.5059443129999295,0],[111.61657089400006,-7.5059196689999794,0],[111.61657419500006,-7.5058897749999574,0],[111.61657015600008,-7.5058393229999751,0],[111.61657729400008,-7.5057822159999432,0],[111.61658053000008,-7.5057199699999728,0],[111.61662098100004,-7.5056557239999506,0],[111.61671616000007,-7.5055914789999747,0],[111.61684703000009,-7.5055938579999406,0],[111.61698979800008,-7.5055914779999284,0],[111.61709925300005,-7.5055867199999398,0],[111.61717777500007,-7.5055890989999625,0],[111.61722774400005,-7.5056152729999326,0],[111.61722643500008,-7.5058162179999499,0],[111.61723785600009,-7.5059247219999747,0],[111.61727069300008,-7.5060103829999321,0],[111.61732780100004,-7.5060603509999737,0],[111.61744915300005,-7.5061103199999479,0],[111.61755201700004,-7.5061068579999528,0],[111.61763393000007,-7.5060902249999799,0],[111.61768247000003,-7.5060502499999302,0],[111.61773529500005,-7.5060374009999578,0],[111.61780667900007,-7.5060559609999586,0],[111.61788662800006,-7.5060845149999409,0],[111.61794230800007,-7.5061459049999257,0],[111.61799656000005,-7.5061673199999746,0],[111.61804367300005,-7.5061530429999266,0],[111.61806937100005,-7.506125916999963,0],[111.61810506300009,-7.5060630999999489,0],[111.61812362300009,-7.5060145589999365,0],[111.61816217000006,-7.5059860049999543,0],[111.61822356000005,-7.5059674449999534,0],[111.61828066700008,-7.5059702999999445,0],[111.61832207000003,-7.5060002819999454,0],[111.61837874900004,-7.5060589589999722,0],[111.61844584900007,-7.5060903679999456,0],[111.61854007600004,-7.5060618149999527,0],[111.61861717100004,-7.5059932859999776,0],[111.61863858600009,-7.5059061969999448,0],[111.61866285600007,-7.5057591469999352,0],[111.61867427800007,-7.5056563539999388,0],[111.61869569300006,-7.5055507069999408,0],[111.61873281300007,-7.505451910999966,0],[111.61875851100007,-7.5053876659999332,0],[111.61878706400006,-7.5053833829999803,0],[111.61883275000008,-7.5053990869999438,0],[111.61887129700006,-7.5054147909999642,0],[111.61888414600008,-7.5054419169999278,0],[111.61887272500007,-7.5054690439999376,0],[111.61886273100004,-7.5055047349999313,0],[111.61884988200006,-7.5055704079999259,0],[111.61884702600008,-7.5056060999999659,0],[111.61884988200006,-7.5056475019999311,0],[111.61887558000006,-7.5056717739999499,0],[111.61893126000007,-7.5056874779999703,0],[111.61902263000007,-7.5057146039999338,0],[111.61905404000004,-7.5056889049999427,0],[111.61909687000008,-7.5056532129999596,0],[111.61913541700005,-7.5055961069999739,0],[111.61910400900007,-7.5055832569999552,0],[111.61907545500009,-7.5056003889999374,0],[111.61904547400007,-7.5055889679999268,0],[111.61901549200007,-7.5055532759999437,0],[111.61900407100006,-7.5055075909999687,0],[111.61900549800004,-7.5054419169999278,0],[111.61901406500004,-7.5054090809999252,0],[111.61905689500009,-7.5053848099999527,0],[111.61912256800008,-7.5053391249999777,0],[111.61916682600008,-7.5053119989999573,0],[111.61920394600008,-7.5052891559999466,0],[111.61936270300004,-7.5054090809999252,0],[111.61938126400008,-7.5054504839999368,0],[111.61936127500007,-7.5057317359999729,0],[111.61933890900008,-7.5059904309999297,0],[111.61929036700008,-7.5063559159999613,0],[111.61924189800004,-7.5066994859999454,0],[111.61922762100005,-7.5067965679999702,0],[111.61921200300009,-7.5069540309999638,0],[111.61920629300005,-7.5070810939999433,0],[111.61919772600004,-7.5071467669999379,0],[111.61919058800004,-7.5072010189999787,0],[111.61917916600004,-7.5072352829999431,0],[111.61917923800007,-7.5072953529999609,0],[111.61919208700004,-7.5073595979999368,0],[111.61919208700004,-7.5074124229999484,0],[111.61919066000007,-7.5074581089999697,0],[111.61919065900008,-7.5075112029999787,0],[111.61919725900009,-7.507522144999939,0],[111.61920446600004,-7.5075314689999573,0],[111.61921958300007,-7.5075379089999501,0],[111.61923541300007,-7.5075400409999702,0],[111.61925411900006,-7.5075407319999385,0],[111.61927066800007,-7.5075428629999692,0],[111.61928434100008,-7.5075457149999352,0],[111.61929442000007,-7.5075507269999662,0],[111.61930796700005,-7.5075581649999776,0],[111.61934246900006,-7.5075605439999435,0],[111.61938292000008,-7.5075581649999776,0],[111.61941444800004,-7.5075629229999663,0],[111.61942932000005,-7.5075825539999528,0],[111.61945787300004,-7.5076069429999279,0],[111.61949891800003,-7.5076271679999422,0],[111.61954466400005,-7.5076490009999475,0],[111.61960177100008,-7.5076525699999479,0],[111.61964936000004,-7.5076513799999702,0],[111.61972550300004,-7.5076727949999622,0],[111.61979450800004,-7.5076882609999416,0],[111.61982900900006,-7.5076989689999323,0],[111.61989760200004,-7.5076871659999256,0],[111.61998040700007,-7.5077042979999646,0],[111.62023310600006,-7.5077514109999584,0],[111.62036873600005,-7.5077813929999593,0],[111.62047164000006,-7.5078087089999599,0],[111.62049424400004,-7.5077623089999292,0],[111.62051565900003,-7.5077266169999461,0],[111.62054659200004,-7.5076885459999403,0],[111.62058704300006,-7.5076588029999698,0],[111.62060001100008,-7.5076492849999568,0],[111.62061357400006,-7.5076185899999359,0],[111.62062428200005,-7.5075821839999435,0],[111.62063927200006,-7.5075593419999791,0],[111.62066782600004,-7.5075500619999502,0],[111.62068924100004,-7.5075443509999786,0],[111.62070851500005,-7.5075243629999591,0],[111.62072350500006,-7.5074822469999276,0],[111.62073992300009,-7.5074565479999364,0],[111.62076205200009,-7.5074429859999441,0],[111.62079488900008,-7.5074444139999628,0],[111.62084557200006,-7.5074686839999458,0],[111.62091231600004,-7.5074954529999331,0],[111.62094503300005,-7.5075085399999466,0],[111.62095812000007,-7.5074924779999606,0],[111.62099932500007,-7.5073602999999594,0],[111.62114494700006,-7.5074283519999767,0],[111.62123251200006,-7.50745976099995,0],[111.62133570100008,-7.5074876009999798,0],[111.62140589500007,-7.5073602989999699,0],[111.62144444200004,-7.5073676749999549,0],[111.62161290800009,-7.507450480999978,0],[111.62170851500008,-7.507485934999977,0],[111.62180916600005,-7.50752233999998,0],[111.62188875900006,-7.5075414749999254,0],[111.62201368100006,-7.5073011499999325,0],[111.62212824300008,-7.5073398419999648,0],[111.62222688100007,-7.5073751509999624,0],[111.62231920300007,-7.5074065599999358,0],[111.62248766900007,-7.5074655709999547,0],[111.62255239100006,-7.5074807989999499,0],[111.62263234100004,-7.5075093529999322,0],[111.62273340500008,-7.5075509929999384,0],[111.62278551500009,-7.5075745499999584,0],[111.62284547700006,-7.5076066729999411,0],[111.62289187600004,-7.5076288019999424,0],[111.62294969700008,-7.5076523589999624,0],[111.62300394900006,-7.507673772999965,0],[111.62304963500009,-7.5076844809999557,0],[111.62309960400006,-7.5076973309999744,0],[111.62322397800006,-7.5077322129999402,0],[111.62330868600009,-7.5077417309999532,0],[111.62334790000006,-7.5077456809999603,0],[111.62339572700006,-7.5077613849999807,0],[111.62355205800009,-7.5078249169999367,0],[111.62362532100008,-7.5078525149999678,0],[111.62366789700008,-7.5078596339999422,0],[111.62370328200006,-7.5078697559999341,0],[111.62391730500008,-7.5079374659999303,0],[111.62411063600007,-7.5080147979999765,0],[111.62414216400003,-7.5079362759999526,0],[111.62424511500006,-7.5077267039999356,0],[111.62435925000005,-7.5075510209999265,0],[111.62445538100008,-7.507610983999939,0],[111.62448298200007,-7.5075633949999769,0],[111.62450582500009,-7.5075234189999378,0],[111.62450963200007,-7.5074786849999668,0],[111.62451248700006,-7.5074196749999373,0],[111.62450796600007,-7.5073599509999553,0],[111.62450796700006,-7.5073228309999536,0],[111.62451938800007,-7.5073018909999405,0],[111.62453461600006,-7.5073009399999364,0],[111.62455356900006,-7.507307424999965,0],[111.62479151500008,-7.5075872509999613,0],[111.62507467100005,-7.5079357619999314,0],[111.62526730800005,-7.5081625649999637,0],[111.62543743900005,-7.5083612489999609,0],[111.62564298600006,-7.5085910849999777,0],[111.62574292300008,-7.5086957819999611,0],[111.62641615100006,-7.5094607789999372,0],[111.62672072200007,-7.5098034209999582,0],[111.62713846700007,-7.5102785699999686,0],[111.62749241200004,-7.5106444109999302,0],[111.62792173700007,-7.5110464459999662,0],[111.62827675300008,-7.5114008269999317,0],[111.62851374800005,-7.511642103999975,0],[111.62865009100005,-7.5117834439999456,0],[111.62873252000009,-7.5117672519999701,0],[111.62876768600006,-7.5117510759999391,0],[111.62882043600007,-7.5118262229999573,0],[111.62897629100007,-7.5120225279999318,0],[111.62907860800004,-7.5121450709999635,0],[111.62918687300004,-7.5122902169999293,0],[111.62933440000006,-7.5124805749999268,0],[111.62942363000008,-7.5126078759999473,0],[111.62955925900008,-7.512776816999974,0],[111.62963540100009,-7.5128862729999355,0],[111.62976627200004,-7.5130492659999391,0],[111.62984003500009,-7.5131551519999675,0],[111.62993045500008,-7.5132919709999442,0],[111.63001016700008,-7.5134121329999743,0],[111.63010177600006,-7.51354538399994,0],[111.63019933400005,-7.513694098999963,0],[111.63026120000006,-7.5137999849999346,0],[111.63035875800006,-7.5139617889999499,0],[111.63040634700008,-7.5140664849999439,0],[111.63047654100006,-7.5142080639999449,0],[111.63053721700004,-7.5143294159999527,0],[111.63065024800005,-7.5145508779999659,0],[111.63056937500005,-7.5145782269999586,0],[111.63054382100006,-7.5145835789999751,0],[111.63051697300006,-7.5145912749999297,0],[111.63049205500005,-7.5146066279999673,0],[111.63046041800004,-7.5146181609999303,0],[111.63041918800008,-7.5146297079999727,0],[111.63038275200006,-7.5146402899999316,0],[111.63033481400004,-7.5146566329999587,0],[111.63019482100009,-7.5146932109999511,0],[111.63011781500006,-7.5147098159999359,0],[111.63006109900005,-7.5147273749999499,0],[111.62996184800005,-7.5147476199999801,0],[111.62987338200008,-7.5147464679999416,0],[111.62983325300007,-7.5147358509999549,0],[111.62979390400005,-7.5147215479999545,0],[111.62976223100009,-7.5147091479999517,0],[111.62972768700007,-7.5147005819999322,0],[111.62970082900006,-7.5147006199999282,0],[111.62968356800008,-7.5147044749999736,0],[111.62967686400009,-7.5147121419999507,0],[111.62966345900008,-7.5147284359999276,0],[111.62965199100006,-7.5147581279999258,0],[111.62961849900006,-7.5148146559999418,0],[111.62958113500008,-7.514846299999931,0],[111.62952938500007,-7.5148798799999668,0],[111.62948338000007,-7.5149057919999791,0],[111.62943063000006,-7.5149116119999348,0],[111.62938457500007,-7.5149030619999735,0],[111.62935194400006,-7.5148906639999495,0],[111.62931834200003,-7.5148706099999458,0],[111.62929434500006,-7.5148591569999326,0],[111.62927228400008,-7.5148601449999433,0],[111.62925708900008,-7.5148737519999713,0],[111.62924060600005,-7.514940112999966,0],[111.62916209300005,-7.5150397829999633,0],[111.62913362400008,-7.5150639419999266,0],[111.62913061700004,-7.515068079999935,0],[111.62910380300008,-7.5150987509999254,0],[111.62907315300004,-7.515130385999953,0],[111.62902523400004,-7.5151601309999592,0],[111.62896772500005,-7.5151908469999285,0],[111.62892171100009,-7.5152110149999771,0],[111.62886706300009,-7.5152302389999477,0],[111.62884309200007,-7.5152369749999366,0],[111.62876636900006,-7.5152476139999749,0],[111.62871840200006,-7.515243853999948,0],[111.62867618200005,-7.5152343419999283,0],[111.62863205200006,-7.5152305759999649,0],[111.62858409600005,-7.5152344739999535,0],[111.62853902900008,-7.515246025999943,0],[111.62848052600009,-7.5152528099999358,0],[111.62845915500009,-7.5152571949999469,0],[111.62840760000006,-7.515278819999935,0],[111.62840046200006,-7.5154144499999802,0],[111.62837904600008,-7.5155429399999321,0],[111.62836120100008,-7.5156607239999289,0],[111.62834692400008,-7.5157237799999734,0],[111.62834930300005,-7.5157749379999359,0],[111.62835525200006,-7.515824906999967,0],[111.62835049300008,-7.5158784439999522,0],[111.62834216400006,-7.5159641059999558,0],[111.62831480100004,-7.5160438169999679,0],[111.62829457500004,-7.5161306679999598,0],[111.62827910900006,-7.5162222769999403,0],[111.62829457500004,-7.5162686759999815,0],[111.62829576500008,-7.5163174549999781,0],[111.62829219600007,-7.5163900289999788,0],[111.62829695500005,-7.5164899659999378,0],[111.62827672900005,-7.5166517699999531,0],[111.62836595900006,-7.5166862719999585,0],[111.62834930300005,-7.5168076249999558,0],[111.62831718100006,-7.5169111309999721,0],[111.62836952800006,-7.5169432529999654,0],[111.62836833800009,-7.5169622889999346,0],[111.62829576500008,-7.5171371789999739,0],[111.62839570200003,-7.5171859579999705,0],[111.62846827600004,-7.5172145119999527,0],[111.62855274700007,-7.5172383069999569,0],[111.62859200800006,-7.517265669999972,0],[111.62864197600004,-7.5172835159999636,0],[111.62868718600004,-7.5172894649999762,0],[111.62871455000004,-7.517304931999945,0],[111.62870265300006,-7.5173608489999424,0],[111.62867053100007,-7.5174619759999359,0],[111.62862413000005,-7.5175773799999774,0],[111.62858130100005,-7.5177332339999339,0],[111.62870027300005,-7.5177784449999763,0],[111.62874786200007,-7.5177903419999552,0],[111.62878831400008,-7.5178046189999463,0],[111.62880259000008,-7.5178319829999509,0],[111.62882757400007,-7.5178724329999795,0],[111.62885374800004,-7.5179033659999277,0],[111.62889895800004,-7.5179164539999306,0],[111.62895368600005,-7.517923590999942,0],[111.62899532700004,-7.5179438169999457,0],[111.62904172600008,-7.5179628529999718,0],[111.62907741800007,-7.5179688009999381,0],[111.62913809500009,-7.5179735609999625,0],[111.62920436700006,-7.5179767049999668,0],[111.62920234000006,-7.518012821999946,0],[111.62924279000003,-7.5180485129999397,0],[111.62927848200007,-7.5180663599999775,0],[111.62931536400004,-7.5180758769999443,0],[111.62935819400008,-7.5180877749999695,0],[111.62939626600007,-7.5181068099999493,0],[111.62943076800008,-7.5181567789999804,0],[111.62950096200007,-7.5182828899999663,0],[111.62947597800007,-7.5183209619999616,0],[111.62946408000005,-7.5183530839999548,0],[111.62946408100004,-7.5183804479999594,0],[111.62943076800008,-7.5184304169999336,0],[111.62939507600004,-7.5184922819999542,0],[111.62937485100008,-7.5185458199999289,0],[111.62937128100003,-7.5185969789999376,0],[111.62934510700006,-7.5186421889999338,0],[111.62930584600008,-7.5186778809999737,0],[111.62925349900007,-7.5187135719999674,0],[111.62921899600008,-7.5187433159999273,0],[111.62919877000007,-7.5187837669999453,0],[111.62919758000004,-7.5188432539999326,0],[111.62921066800004,-7.5188884629999393,0],[111.62924041100007,-7.5189122579999434,0],[111.62927134400007,-7.5189420009999708,0],[111.62927372400009,-7.5189681749999409,0],[111.62927372400009,-7.5190300399999614,0],[111.62925944700004,-7.5190930959999491,0],[111.62925301500007,-7.5191211379999459,0],[111.62913048500008,-7.519154015999959,0],[111.62900105000006,-7.5191972799999576,0],[111.62890437900006,-7.519227146999981,0],[111.62891920600003,-7.5193151429999716,0],[111.62895675900006,-7.5194141689999583,0],[111.62900152600008,-7.5195275429999811,0],[111.62911936000006,-7.5196382069999572,0],[111.62911311000005,-7.519662976999939,0],[111.62906671100006,-7.5197914689999266,0],[111.62904648500006,-7.5198783179999396,0],[111.62900127500006,-7.5200056199999494,0],[111.62897153200004,-7.5200960399999417,0],[111.62895130700008,-7.5201614749999521,0],[111.62895011700004,-7.5202197709999723,0],[111.62893227100005,-7.5202971039999511,0],[111.62890133700006,-7.5203803849999531,0],[111.62886921500007,-7.5204612869999323,0],[111.62883471300006,-7.5204981689999499,0],[111.62880140000004,-7.5205255319999651,0],[111.62875976000004,-7.5205433779999566,0],[111.62872049900005,-7.5205540849999579,0],[111.62868361700004,-7.5205671719999714,0],[111.62865030400008,-7.5205981059999658,0],[111.62863245900007,-7.52064807499994,0],[111.62863009000006,-7.5206956829999285,0],[111.62862994300008,-7.5206986469999606,0],[111.62862475500009,-7.5207213049999382,0],[111.62861699300004,-7.5207468219999782,0],[111.62861673400005,-7.5207482329999493,0],[111.62860628500005,-7.5208051179999416,0],[111.62857773200005,-7.5208967279999683,0],[111.62856464400005,-7.5209538359999328,0],[111.62855988500007,-7.5210049929999627,0],[111.62855155700004,-7.5210537719999593,0],[111.62851943500004,-7.5211156379999693,0],[111.62850039900007,-7.5211501399999747,0],[111.62848731200006,-7.5211929709999481,0],[111.62845994800006,-7.5212607849999813,0],[111.62839927200008,-7.5213476359999731,0],[111.62833859600005,-7.5214785059999372,0],[111.62826245300005,-7.5216022379999572,0],[111.62821724300005,-7.5216831399999364,0],[111.62817560200006,-7.5217081249999751,0],[111.62813515100004,-7.5217212109999423,0],[111.62810540800007,-7.5217378669999562,0],[111.62808875200005,-7.5217806979999295,0],[111.62805900900008,-7.5218627889999539,0],[111.62804830100004,-7.52190799899995,0],[111.62805424900006,-7.5219353629999546,0],[111.62806852700004,-7.5219651059999251,0],[111.62808399300008,-7.5219948489999524,0],[111.62807209500005,-7.5220257819999574,0],[111.62803283500006,-7.5220495769999616,0],[111.62802926500007,-7.5221138229999269,0],[111.62802093800008,-7.5222613489999617,0],[111.62800785000007,-7.5224576539999362,0],[111.62800190200005,-7.5226432529999556,0],[111.62800190200005,-7.5227312929999357,0],[111.62800190200005,-7.522844316999965,0],[111.62802212700007,-7.5228930959999616,0],[111.62790791300006,-7.5230215869999597,0],[111.62786627200006,-7.5230822629999352,0],[111.62780083700005,-7.5231476979999456,0],[111.62772350500006,-7.5232595329999299,0],[111.62767710600008,-7.5233142609999391,0],[111.62762832600004,-7.5233868339999503,0],[111.62757175400009,-7.5234638099999529,0],[111.62755212400003,-7.5234980739999742,0],[111.62752142900007,-7.5235373349999577,0],[111.62750072700004,-7.523557321999931,0],[111.62748502400007,-7.5235819499999366,0],[111.62746931900006,-7.5236179979999633,0],[111.62745135400007,-7.5236525599999595,0],[111.62747514800009,-7.5237120469999468,0],[111.62754772200009,-7.5237382209999737,0],[111.62760482900006,-7.523765583999932,0],[111.62766550600008,-7.5238060359999395,0],[111.62769524800007,-7.523838158999979,0],[111.62773807900004,-7.5238988339999651,0],[111.62777615000005,-7.5239452339999389,0],[111.62780113400004,-7.5239785459999666,0],[111.62780113500008,-7.5240130489999615,0],[111.62779756600008,-7.5240737239999476,0],[111.62778328800005,-7.5241201239999782,0],[111.62773332000006,-7.5241808009999431,0],[111.62771428400004,-7.5242010259999574,0],[111.62771428400004,-7.5242426669999531,0],[111.62779161700007,-7.5243069119999291,0],[111.62784753400007,-7.5243747269999517,0],[111.62796293800005,-7.5244496799999752,0],[111.62813425900003,-7.5245329609999771,0],[111.62818898700004,-7.5245555659999468,0],[111.62824966300008,-7.5245496169999342,0],[111.62828178600006,-7.5245222529999296,0],[111.62830320100005,-7.5244901309999364,0],[111.62830320100005,-7.5244663359999322,0],[111.62831628800006,-7.5244591969999419,0],[111.62835554900005,-7.5244806129999802,0],[111.62845905600005,-7.524530580999965,0],[111.62851973200009,-7.5245555659999468,0],[111.62857802900004,-7.5245674629999257,0],[111.62874697100006,-7.5245936369999527,0],[111.62878980100004,-7.5245769809999388,0],[111.62887189200006,-7.5245972059999531,0],[111.62911221800005,-7.5246436059999269,0],[111.62926093400006,-7.5246721589999765,0],[111.62957058400008,-7.5247367249999684,0],[111.62959405900006,-7.5247007129999588,0],[111.62974991300007,-7.5245757909999611,0],[111.62988316300004,-7.5244818019999684,0],[111.62995165900008,-7.5245899839999311,0],[111.63008968800006,-7.5246855139999411,0],[111.63018205000009,-7.5247093129999598,0],[111.63026955900006,-7.5246936319999804,0],[111.63034150300007,-7.5246935279999434,0],[111.63040866900008,-7.5247065939999516,0],[111.63046023200008,-7.524708913999973,0],[111.63050217200004,-7.5246897069999363,0],[111.63050366100003,-7.5246512079999661,0],[111.63055521800004,-7.5246410149999292,0],[111.63066018700005,-7.5245917169999643,0],[111.63073350600007,-7.5245485339999618,0],[111.63076369400005,-7.5245283879999647,0],[111.63091345700008,-7.5246114559999455,0],[111.63103737000006,-7.5247290239999529,0],[111.63112536200003,-7.5248234199999615,0],[111.63113476000007,-7.5248363419999578,0],[111.63127038900006,-7.5249255719999724,0],[111.63135762800005,-7.5249781129999747,0],[111.63137508500006,-7.5249886269999706,0],[111.63142628400004,-7.5250247279999485,0],[111.63142702300007,-7.5250252489999525,0],[111.63143968600008,-7.5250341779999417,0],[111.63149820900009,-7.5250754429999347,0],[111.63150709900009,-7.5250817119999738,0],[111.63150714500006,-7.5250992729999666,0],[111.63150507600005,-7.5251035719999777,0],[111.63143100200006,-7.5252575069999352,0],[111.63149881700008,-7.5253300799999465,0],[111.63163920600005,-7.5254966429999399,0],[111.63172486600007,-7.5255894419999549,0],[111.63182599300006,-7.5257024659999274,0],[111.63183551000009,-7.5257607619999476,0],[111.63183194100009,-7.5259213759999284,0],[111.63184265000007,-7.5260498669999265,0],[111.63186049500007,-7.5261212509999496,0],[111.63186525400005,-7.526173599999936,0],[111.63183908000008,-7.5262545009999258,0],[111.63184859800003,-7.5263996479999378,0],[111.63185216700003,-7.5264698419999263,0],[111.63186763300007,-7.5265114829999789,0],[111.63187715100008,-7.5265662099999417,0],[111.63189142800007,-7.5267375309999807,0],[111.63189856700006,-7.5269314579999786,0],[111.63189618700005,-7.5270587589999423,0],[111.63190808500008,-7.5271230049999645,0],[111.63195805300006,-7.5272134239999673,0],[111.63198390700006,-7.5272421499999496,0],[111.63202354900005,-7.5272650799999496,0],[111.63225423200004,-7.5272873149999668,0],[111.63240535900007,-7.5273182089999295,0],[111.63254209000007,-7.5273443359999419,0],[111.63267163500007,-7.5273752609999747,0],[111.63281800400006,-7.5274324869999418,0],[111.63293076500008,-7.527465829999926,0],[111.63304835000008,-7.5275183099999481,0],[111.63315634200006,-7.5275708059999715,0],[111.63326434500004,-7.5276304799999707,0],[111.63332917100007,-7.5276830369999743,0],[111.63339399300008,-7.5277332009999327,0],[111.63348037500003,-7.527766579999934,0],[111.63352835500007,-7.5277784779999593,0],[111.63366264700005,-7.5277758899999299,0],[111.63377530000008,-7.5277350419999607,0],[111.63387836000004,-7.5276942089999466,0],[111.63395503800007,-7.5276510199999507,0],[111.63401014700008,-7.5276174349999678,0],[111.63405805700006,-7.5275814679999371,0],[111.63418492200009,-7.5274185449999322,0],[111.63422313900008,-7.5273131879999369,0],[111.63424935800003,-7.5272030619999555,0],[111.63424910100008,-7.5270259639999608,0],[111.63422499100005,-7.5269374499999344,0],[111.63419607100008,-7.5268393699999478,0],[111.63415521300004,-7.5267772059999629,0],[111.63407351300009,-7.526664842999935,0],[111.63405425400003,-7.5266146129999356,0],[111.63405407000005,-7.5264877729999284,0],[111.63411030700007,-7.5263921999999752,0],[111.63413663800009,-7.5263853309999718,0],[111.63421397100007,-7.5264079369999308,0],[111.63433651300005,-7.526475750999964,0],[111.63448879900005,-7.5265316679999614,0],[111.63465774000008,-7.5265721199999689,0],[111.63484117800004,-7.5266127049999341,0],[111.63493848300004,-7.5266310949999706,0],[111.63517080200006,-7.5266657599999576,0],[111.63537705900006,-7.5266779049999286,0],[111.63549848900004,-7.5266936869999768,0],[111.63569080300005,-7.5267253149999647,0],[111.63576757000004,-7.5267433919999576,0],[111.63577243600008,-7.5267962659999625,0],[111.63578858500006,-7.5268466639999474,0],[111.63581290800005,-7.5269225699999538,0],[111.63582070400008,-7.527006799999981,0],[111.63588982900006,-7.5270469049999633,0],[111.63594506000004,-7.5270325959999695,0],[111.63594928000003,-7.5270315029999324,0],[111.63598272200005,-7.5270268319999332,0],[111.63599164900006,-7.5270299829999772,0],[111.63606058700009,-7.5270543159999761,0],[111.63606742400009,-7.5270545409999272,0],[111.63611622700006,-7.5270561499999644,0],[111.63613521300005,-7.5270610829999782,0],[111.63612025300006,-7.5271863349999535,0],[111.63630940100006,-7.5272661319999656,0],[111.63636432400006,-7.5273098699999537,0],[111.63639438400008,-7.5273672639999631,0],[111.63642977500007,-7.5274881209999762,0],[111.63648663800006,-7.5274959449999415,0],[111.63660656300004,-7.5274088559999655,0],[111.63673505400004,-7.5272989259999576,0],[111.63678074000006,-7.5271804289999409,0],[111.63683927400007,-7.5270719249999729,0],[111.63687925000005,-7.5269405789999269,0],[111.63703914900009,-7.5269991139999775,0],[111.63730612400008,-7.5271118999999658,0],[111.63749743300008,-7.5271761449999417,0],[111.63762306900009,-7.527210408999963,0],[111.63769159700007,-7.5270305229999508,0],[111.63776350500007,-7.526917525999977,0],[111.63777154800005,-7.5269048869999438,0],[111.63785297600003,-7.5267640099999653,0],[111.63787552100007,-7.5266734559999691,0],[111.63791138400006,-7.5265992139999298,0],[111.63794485300008,-7.5265273689999503,0],[111.63799748900004,-7.5264435289999483,0],[111.63807891700009,-7.5263692209999249,0],[111.63816994800004,-7.5263020789999473,0],[111.63828016700006,-7.5262373009999806,0],[111.63836167500006,-7.526218035999932,0],[111.63842882200004,-7.5262179379999452,0],[111.63853676200006,-7.5262345339999683,0],[111.63864917400008,-7.52622946799994,0],[111.63874222000004,-7.5262101539999549,0],[111.63887946600005,-7.5262789099999736,0],[111.63895844200005,-7.5263542259999667,0],[111.63899990600004,-7.526362502999973,0],[111.63907283100008,-7.526373398999965,0],[111.63906930600007,-7.5261250039999368,0],[111.63904208500009,-7.5258780649999721,0],[111.63903805200005,-7.5257440499999575,0],[111.63906289200008,-7.5256750889999466,0],[111.63910309600004,-7.5256175929999358,0],[111.63913374800006,-7.525586915999952,0],[111.63916825000007,-7.5255658049999283,0],[111.63921619800004,-7.5255561619999298,0],[111.63932558300007,-7.5255770629999574,0],[111.63940431400005,-7.5256267269999739,0],[111.63946194200008,-7.5256764219999468,0],[111.63950231700005,-7.5257357149999393,0],[111.63953694300005,-7.5257988449999402,0],[111.63958501100007,-7.5258715279999251,0],[111.63964267800009,-7.5259480269999699,0],[111.63972722500006,-7.5260378889999515,0],[111.63976566400004,-7.5260856979999744,0],[111.63981176200008,-7.52612200599998,0],[111.63988087600006,-7.5261544539999363,0],[111.63997873600005,-7.5261657979999654,0],[111.64006312700008,-7.5261503579999385,0],[111.64013407500005,-7.5261253659999738,0],[111.64022610900008,-7.5260888539999655,0],[111.64030470900008,-7.5260485329999369,0],[111.64038905800004,-7.5260043739999674,0],[111.64045232400008,-7.5259736489999796,0],[111.64055775900005,-7.5259179719999452,0],[111.64069395800004,-7.5258807399999341,0],[111.64073035700005,-7.5258443099999681,0],[111.64076723000005,-7.5258013189999815,0],[111.64090689800008,-7.5256583569999407,0],[111.64100978600004,-7.5256771879999746,0],[111.64117090600007,-7.5257050459999277,0],[111.64150760100006,-7.5257671719999735,0],[111.64166303100006,-7.5259011189999683,0],[111.64171642300005,-7.5260058639999556,0],[111.64175837700009,-7.5261594469999409,0],[111.64179166900004,-7.5262943749999636,0],[111.64182785600008,-7.5264407869999559,0],[111.64184672100004,-7.5265498909999451,0],[111.64183823000008,-7.5266461099999447,0],[111.64180241500009,-7.5267296629999692,0],[111.64184444600005,-7.5268024959999593,0],[111.64185672500008,-7.5268142289999673,0],[111.64193096400004,-7.5268827579999424,0],[111.64198236000004,-7.5269327259999272,0],[111.64203813200004,-7.5269664449999709,0],[111.64246056100006,-7.5268777589999445,0],[111.64248072300006,-7.5268720319999716,0],[111.64248134000007,-7.5268047019999358,0],[111.64256150100005,-7.526695100999973,0],[111.64257790700009,-7.5265988689999404,0],[111.64254324300003,-7.526509945999976,0],[111.64253818700007,-7.5264969759999758,0],[111.64250620300004,-7.5262737359999505,0],[111.64245701400006,-7.5260921629999302,0],[111.64235748800007,-7.5259264599999369,0],[111.64213682600007,-7.525663599999973,0],[111.64208218500005,-7.5256016249999789,0],[111.64202523400007,-7.5254980459999388,0],[111.64200008300008,-7.525442992999956,0],[111.64197924600006,-7.5254129709999802,0],[111.64196523700008,-7.5253927869999302,0],[111.64196171900005,-7.5253933289999395,0],[111.64187892400008,-7.5254060759999675,0],[111.64180215900006,-7.5253894349999655,0],[111.64171936300005,-7.5253476749999777,0],[111.64169067500006,-7.5253289619999464,0],[111.64166676700006,-7.525313366999967,0],[111.64164615000004,-7.5252999179999733,0],[111.64160890800008,-7.525252107999961,0],[111.64158725400006,-7.5252030799999261,0],[111.64157636000004,-7.5251336919999403,0],[111.64158105700005,-7.5250056419999396,0],[111.64158032000006,-7.5249932059999765,0],[111.64161859200004,-7.524931290999973,0],[111.64162547600006,-7.5249137099999643,0],[111.64164655700006,-7.5248598769999262,0],[111.64166888500006,-7.5248541399999453,0],[111.64178504100005,-7.5248242979999418,0],[111.64182501900007,-7.5248199749999571,0],[111.64198355400003,-7.524802832999967,0],[111.64220662800005,-7.5248360099999445,0],[111.64238779100003,-7.5249075409999477,0],[111.64264218700004,-7.5250399919999609,0],[111.64287614600005,-7.5251365739999301,0],[111.64307782000009,-7.5252128609999431,0],[111.64347951600007,-7.5253831479999462,0],[111.64375786100004,-7.5255229039999563,0],[111.64386482500004,-7.5255763779999256,0],[111.64395120600005,-7.5256097559999375,0],[111.64409105400006,-7.5256488149999541,0],[111.64422607800009,-7.5256710819999739,0],[111.64428511900007,-7.5256808189999447,0],[111.64447700100004,-7.5257025539999631,0],[111.64463126900006,-7.5257206949999613,0],[111.64463840700006,-7.5257521039999347,0],[111.64463912100007,-7.5258498999999688,0],[111.64465216100007,-7.5261040269999739,0],[111.64465691900006,-7.5261249659999407,0],[111.64484156600008,-7.5261906389999353,0],[111.64500241700006,-7.5262410829999453,0],[111.64504334400004,-7.5262582149999275,0],[111.64503487200005,-7.5263006429999564,0],[111.64510330600007,-7.5263276949999636,0],[111.64522894200007,-7.5263752849999719,0],[111.64522989400007,-7.5264866439999309,0],[111.64523655600004,-7.5265104379999457,0],[111.64530223000008,-7.526539942999932,0],[111.64535743300007,-7.5265756749999468,0],[111.64550258000008,-7.5266565769999261,0],[111.64563821000007,-7.526713683999958,0],[111.64574647500007,-7.5267458069999407,0],[111.64584641200008,-7.5267517549999639,0],[111.64595705700009,-7.5267505659999756,0],[111.64603557900006,-7.526744616999963,0],[111.64607722000005,-7.5267481859999634,0],[111.64610696300008,-7.5267719809999676,0],[111.64614622400006,-7.5268076719999613,0],[111.64609615600006,-7.5270108939999432,0],[111.64606734400007,-7.5271224629999551,0],[111.64604023900006,-7.5272274239999319,0],[111.64605451600005,-7.5272393219999572,0],[111.64608901800005,-7.5272512189999361,0],[111.64613065800006,-7.527255977999971,0],[111.64619133500008,-7.5272571669999593,0],[111.64624249300005,-7.5272666849999723,0],[111.64629246200008,-7.5272726339999281,0],[111.64631149700006,-7.5272702549999622,0],[111.64634124100007,-7.5271691269999792,0],[111.64634719000009,-7.527122727999938,0],[111.64634928500004,-7.5271113529999525,0],[111.64635551800006,-7.5270775179999418,0],[111.64637336300007,-7.5270132729999659,0],[111.64640072700007,-7.5269406989999652,0],[111.64636979500006,-7.5269359409999765,0],[111.64636265600006,-7.5269073869999374,0],[111.64638050200006,-7.5268431409999721,0],[111.64639715800007,-7.5268086389999667,0],[111.64641565000005,-7.5268107399999735,0],[111.64644950700006,-7.526814586999933,0],[111.64649352600009,-7.5267991219999431,0],[111.64656491000005,-7.5267669989999604,0],[111.64660417100004,-7.5267491529999688,0],[111.64664819100005,-7.5267253579999647,0],[111.64670410800005,-7.5267182199999638,0],[111.64679690700007,-7.5267265469999529,0],[111.64691588000005,-7.526745582999979,0],[111.64696822800005,-7.5267610499999478,0],[111.64705032100005,-7.5267681879999486,0],[111.64720974500005,-7.5267646189999482,0],[111.64737392700005,-7.5267634289999705,0],[111.64743936200006,-7.5267610499999478,0],[111.64746077700005,-7.5266968049999718,0],[111.64747743300006,-7.5266551639999761,0],[111.64750479700007,-7.5266385069999728,0],[111.64752978100006,-7.5266515949999757,0],[111.64755595600008,-7.5266563539999538,0],[111.64757538500004,-7.5266585939999686,0],[111.64758213000005,-7.5266242309999711,0],[111.64759006600008,-7.5265885179999259,0],[111.64769314200004,-7.5261948619999544,0],[111.64771455700009,-7.5261506039999517,0],[111.64774025500009,-7.5261177679999491,0],[111.64777451900005,-7.5260806479999474,0],[111.64779736200006,-7.5260421009999732,0],[111.64779165100003,-7.5260021259999803,0],[111.64779307900005,-7.525967861999959,0],[111.64780592900007,-7.525923602999967,0],[111.64782448700004,-7.5258993329999271,0],[111.64784447500006,-7.5258836279999741,0],[111.64786874600009,-7.5258707799999343,0],[111.64788159500006,-7.5258379429999422,0],[111.64788587800007,-7.525782263999929,0],[111.64789444400009,-7.5257180179999636,0],[111.64789918100007,-7.5256655859999455,0],[111.64792157700003,-7.525577268999939,0],[111.64797503300008,-7.5255897209999603,0],[111.64814445600007,-7.5255646329999308,0],[111.64829906800009,-7.5255206079999653,0],[111.64841916900008,-7.5254895589999364,0],[111.64851140600007,-7.5254732689999742,0],[111.64851426500007,-7.5254727639999714,0],[111.64856879000007,-7.5254737499999464,0],[111.64876292800005,-7.5254807469999605,0],[111.64885728600007,-7.52547670499996,0],[111.64901479500008,-7.5254448809999417,0],[111.64920327500005,-7.5253876369999375,0],[111.64926501400004,-7.5253539599999613,0],[111.64935924000008,-7.5253139859999578,0],[111.64942491300008,-7.5252868599999374,0],[111.64942634100004,-7.5254596089999382,0],[111.64942776900006,-7.5256223639999575,0],[111.64943490700006,-7.5257651319999468,0],[111.64944918300006,-7.5257951129999583,0],[111.64947773700004,-7.5258293769999796,0],[111.64950098400004,-7.5258718279999357,0],[111.64951057400003,-7.5258893399999351,0],[111.64953341700004,-7.5259464469999671,0],[111.64953635600006,-7.5259586919999606,0],[111.64954281200005,-7.5259855909999374,0],[111.64955054900008,-7.5260178299999438,0],[111.64954626600007,-7.5260549499999456,0],[111.64953198900008,-7.526103490999958,0],[111.64952835800005,-7.526119226999981,0],[111.64952342300006,-7.5261406099999704,0],[111.64953056100006,-7.5261862959999348,0],[111.64954118800006,-7.5261969219999401,0],[111.64955483200004,-7.5262105659999747,0],[111.64954341100008,-7.5264204349999773,0],[111.64952056700008,-7.5264375669999595,0],[111.64948487600009,-7.5264532719999693,0],[111.64943919000007,-7.526461837999932,0],[111.64944061800009,-7.5264946739999345,0],[111.64944204600005,-7.5265275089999477,0],[111.64954055500004,-7.5265703409999674,0],[111.64959890900008,-7.5265932659999635,0],[111.64966047900003,-7.5266174539999611,0],[111.64983322900008,-7.5266845549999744,0],[111.64998599000006,-7.5267445179999299,0],[111.65008307200009,-7.5267744989999414,0],[111.65020442400004,-7.5268016239999724,0],[111.65029294100009,-7.5268087629999627,0],[111.65042143200009,-7.5268087629999627,0],[111.65049709800007,-7.5268187569999441,0],[111.65057276500005,-7.5268301779999547,0],[111.65065128700007,-7.5268387439999742,0],[111.65076407400005,-7.5268444549999458,0],[111.65082831900008,-7.5268487379999556,0],[111.65087971600008,-7.5268630149999467,0],[111.65097108700007,-7.5268730089999281,0],[111.65105674700004,-7.5268787189999671,0],[111.65112099300006,-7.5268901399999777,0],[111.65120808200004,-7.5269086999999786,0],[111.65126947200008,-7.52693011599996,0],[111.65130659100004,-7.5269615239999439,0],[111.65141937700008,-7.5270029269999554,0],[111.65163495700006,-7.527065744999959,0],[111.65167778700004,-7.5270957259999705,0],[111.65173346700004,-7.5271285629999625,0],[111.65188051700005,-7.5271742479999375,0],[111.65193905100006,-7.527191380999966,0],[111.65198473800007,-7.5272170789999677,0],[111.65205612100004,-7.5272356379999792,0],[111.65210751800004,-7.5272470599999792,0],[111.65222458700003,-7.527291317999925,0],[111.65227928100006,-7.5273000049999723,0],[111.65233940700006,-7.5273095549999312,0],[111.65260536000005,-7.5280178379999256,0],[111.65268338900006,-7.5282256419999385,0],[111.65307805100008,-7.5291392589999759,0],[111.65319356800006,-7.529410716999962,0],[111.65326581400006,-7.5296128349999663,0],[111.65329677200003,-7.5297554869999317,0],[111.65357802500006,-7.5297397829999682,0],[111.65383072300006,-7.5297212229999673,0],[111.65401632100009,-7.529719795999938,0],[111.65435896400004,-7.529725505999977,0],[111.65463878800006,-7.5297397829999682,0],[111.65471508200005,-7.5297381329999666,0],[111.65475568000005,-7.5298472589999506,0],[111.65476735900006,-7.5299592429999507,0],[111.65477751200007,-7.5300123579999649,0],[111.65488252300008,-7.5299949699999615,0],[111.65496889400004,-7.5300192499999525,0],[111.65500921500006,-7.5300407299999392,0],[111.65506822600008,-7.5300521289999551,0],[111.65513584900009,-7.5300491559999614,0],[111.65518330400005,-7.5300304169999777,0],[111.65522356100007,-7.5300088189999315,0],[111.65528823000005,-7.5299555929999542,0],[111.65536870400007,-7.529886547999979,0],[111.65541896100007,-7.5298175489999721,0],[111.65557677200007,-7.5296484119999718,0],[111.65573404000008,-7.5297646959999724,0],[111.65588092100006,-7.5298405799999273,0],[111.65594286800007,-7.5298907449999319,0],[111.65597170800004,-7.5299323439999739,0],[111.65600058500007,-7.5299983529999395,0],[111.65602369300007,-7.5300557559999675,0],[111.65609878300006,-7.5302336969999715,0],[111.65612334500008,-7.5303011489999676,0],[111.65613930500007,-7.5303887169999371,0],[111.65614952600004,-7.5304877799999304,0],[111.65621011400009,-7.53059107699994,0],[111.65624616200006,-7.5306412789999513,0],[111.65629657700003,-7.5306771019999701,0],[111.65633254400007,-7.5306864319999249,0],[111.65639014100009,-7.5307013719999532,0],[111.65647792200008,-7.5307069839999485,0],[111.65657145200004,-7.5307082799999421,0],[111.65665637800004,-7.5307296919999658,0],[111.65673699200005,-7.5307539819999647,0],[111.65680318800008,-7.5307581909999612,0],[111.65688808600004,-7.5307609359999788,0],[111.65690968000007,-7.5307609039999761,0],[111.65697729600004,-7.5307608019999748,0],[111.65707366900006,-7.5307391179999286,0],[111.65708917600006,-7.5307337349999557,0],[111.65714845200006,-7.5307131589999585,0],[111.65720310800003,-7.5306987179999396,0],[111.65724483400004,-7.5306972189999328,0],[111.65729233700006,-7.5307100709999304,0],[111.65729410200004,-7.5307110629999556,0],[111.65732545900005,-7.5307286879999538,0],[111.65736291500008,-7.5307587869999679,0],[111.65741633600004,-7.5308793239999545,0],[111.65741354700003,-7.5309382019999589,0],[111.65739786600005,-7.5310358679999467,0],[111.65737496700007,-7.5311177499999644,0],[111.65734372200006,-7.5311980929999436,0],[111.65734200100007,-7.5312025189999758,0],[111.65733463200007,-7.5312171589999366,0],[111.65725592500007,-7.5313735219999671,0],[111.65722868500006,-7.5314396169999327,0],[111.65722016900008,-7.5315171689999261,0],[111.65722603900008,-7.5315932639999801,0],[111.65724781400007,-7.5317195929999343,0],[111.65732715500008,-7.5318544509999583,0],[111.65735599300007,-7.5318946129999631,0],[111.65739058900004,-7.531936203999976,0],[111.65743381400006,-7.5319749079999383,0],[111.65750147000006,-7.5319934739999326,0],[111.65760652400007,-7.5320033669999589,0],[111.65771731000007,-7.5319974569999317,0],[111.65782713300007,-7.5319656169999689,0],[111.65784675400005,-7.5319599289999815,0],[111.65791723100006,-7.5319411569999488,0],[111.65802081400005,-7.5319295139999554,0],[111.65810570500008,-7.5319279499999539,0],[111.65820181900006,-7.5319325669999557,0],[111.65830860300008,-7.5319376969999325,0],[111.65851294100008,-7.5319474399999535,0],[111.65866983400008,-7.5319831029999591,0],[111.65876628700005,-7.5320145479999496,0],[111.65883252200007,-7.5320446029999744,0],[111.65903416500004,-7.5321764049999729,0],[111.65911049800008,-7.5322236749999547,0],[111.65917110800007,-7.5322425389999808,0],[111.65925097900003,-7.5318310239999278,0],[111.65928144600008,-7.5316759189999516,0],[111.65927946600004,-7.5316666729999611,0],[111.65926070300009,-7.5316293669999368,0],[111.65925920400008,-7.5315891639999677,0],[111.65927353400008,-7.5315503719999697,0],[111.65929219000009,-7.5315173169999525,0],[111.65931804200005,-7.5314856879999752,0],[111.65934676900008,-7.5314526189999356,0],[111.65936356500004,-7.5313979999999674,0],[111.65948367400006,-7.5308176929999604,0],[111.65961431000005,-7.5308068299999604,0],[111.65977259900006,-7.5308172989999775,0],[111.65988386400005,-7.530811387999961,0],[111.65996323900004,-7.530781435999927,0],[111.66000516800005,-7.5307385059999774,0],[111.66004438900006,-7.530332542999929,0],[111.66019819400009,-7.5297776009999779,0],[111.66042385100008,-7.5290311569999631,0],[111.66056253300007,-7.5290516959999536,0],[111.66059346500003,-7.5289001089999488,0],[111.66047623800006,-7.5288750979999577,0],[111.66053256800006,-7.5286715809999691,0],[111.66056726300008,-7.5285202139999683,0],[111.66062294300008,-7.5283117739999739,0],[111.66068576000004,-7.5280919109999331,0],[111.66075000500007,-7.5278306459999271,0],[111.66077998700007,-7.5276992999999379,0],[111.66090277300009,-7.5272021949999726,0],[111.66091473100005,-7.5271573589999434,0],[111.66091998500008,-7.5271376619999728,0],[111.66087024700005,-7.5271430729999338,0],[111.66083381300007,-7.5271470359999739,0],[111.66079737900009,-7.5271509989999572,0],[111.66074988700007,-7.5271245059999501,0],[111.66067254000006,-7.5271504699999809,0],[111.66063513300008,-7.5271404549999374,0],[111.66057671700008,-7.5271312719999628,0],[111.66045394000008,-7.5270744849999573,0],[111.66039493400007,-7.527114122999933,0],[111.66038557500008,-7.5271208319999801,0],[111.66033552500005,-7.5270907009999632,0],[111.65998051100007,-7.5270505589999743,0],[111.65996631500008,-7.5270489539999517,0],[111.65990322200008,-7.5270193859999495,0],[111.65978252300005,-7.5269703599999502,0],[111.65977043100008,-7.5268730919999598,0],[111.65976263300007,-7.5268467759999567,0],[111.65975539700008,-7.5268195039999455,0],[111.65974959600004,-7.526789358999963,0],[111.65974523200003,-7.5267577749999646,0],[111.65974229100004,-7.5267161379999266,0],[111.65973932800006,-7.5266601409999794,0],[111.65973925200007,-7.5266098839999813,0],[111.65973918900005,-7.5265682419999393,0],[111.65973482300006,-7.5265352229999394,0],[111.65970457800006,-7.5265166009999689,0],[111.65968297600006,-7.5265037109999753,0],[111.65965994300007,-7.5264965649999453,0],[111.65963402900007,-7.526486552999927,0],[111.65961674900007,-7.5264779639999801,0],[111.65961094600004,-7.5264463809999711,0],[111.65962097900007,-7.526420519999931,0],[111.65963387700003,-7.5263860379999414,0],[111.65965250800008,-7.5263371889999462,0],[111.65966538000004,-7.5262854759999414,0],[111.65966389100004,-7.5262524529999268,0],[111.65964802000008,-7.5262237569999684,0],[111.65962497200007,-7.5262065609999809,0],[111.65959185800006,-7.526193687999978,0],[111.65954724500006,-7.5261880109999311,0],[111.65950695600009,-7.5261880719999681,0],[111.65948249600007,-7.5261881089999747,0],[111.65946808600006,-7.5261737709999466,0],[111.65946803800006,-7.5261421809999547,0],[111.65947949500008,-7.5261062649999531,0],[111.65950245100004,-7.5260631529999387,0],[111.65952248900004,-7.5259927619999303,0],[111.65953039400006,-7.5258998699999324,0],[111.65952514300005,-7.5258656939999469,0],[111.65951952600005,-7.5258291259999623,0],[111.65949642100009,-7.525797491999981,0],[111.65949065200004,-7.5257895939999457,0],[111.65941817800007,-7.5257004459999735,0],[111.65945821800005,-7.5251997379999693,0],[111.66011724000003,-7.5253267469999514,0],[111.66015996900006,-7.52511644599997,0],[111.66034080500009,-7.5251334909999628,0],[111.66038958800004,-7.5251546819999362,0],[111.66046091100009,-7.5252179539999702,0],[111.66051349700007,-7.5252340409999761,0],[111.66056086000009,-7.525227116999929,0],[111.66062393400006,-7.5251742969999782,0],[111.66067180100003,-7.52501171199998,0],[111.65915210700007,-7.5247286899999608,0],[111.65927490600006,-7.5240071099999568,0],[111.65933122900009,-7.5240100549999624,0],[111.66095737300009,-7.5242521879999344,0],[111.66090782200007,-7.524456268999927,0],[111.66150159000006,-7.5246121279999443,0],[111.66166748700005,-7.5245841129999462,0],[111.66185938300003,-7.5246254689999432,0],[111.66256394200008,-7.5247677319999298,0],[111.66252114200006,-7.5248752299999637,0],[111.66247825700009,-7.5249829449999766,0],[111.66245613800004,-7.5250605319999408,0],[111.66243368100004,-7.5251393079999502,0],[111.66242396900009,-7.5251733719999265,0],[111.66237495200005,-7.525520710999956,0],[111.66241411200008,-7.5264339889999405,0],[111.66244254400004,-7.5265399339999703,0],[111.66245856600005,-7.5266677069999446,0],[111.66261606700004,-7.5266881459999695,0],[111.66268314800004,-7.5266766699999721,0],[111.66272771400008,-7.5266507559999809,0],[111.66277225200008,-7.5266061759999729,0],[111.66279521500007,-7.5265673709999419,0],[111.66282104900006,-7.5265242539999804,0],[111.66284688900004,-7.5264854439999453,0],[111.66290580400005,-7.5264336619999312,0],[111.66294605600007,-7.5264091909999706,0],[111.66302514900008,-7.5263803529999791,0],[111.66309561700007,-7.5263558349999471,0],[111.66316467000007,-7.5263471149999646,0],[111.66324956300008,-7.526346986999954,0],[111.66330569600007,-7.5263583889999381,0],[111.66335609400005,-7.5263827239999728,0],[111.66339786900005,-7.5264142509999488,0],[111.66345404800006,-7.5264558069999339,0],[111.66351601700006,-7.5265203299999257,0],[111.66357799300005,-7.5265891609999471,0],[111.66362120000008,-7.5266163779999715,0],[111.66368022700004,-7.526637826999945,0],[111.66373490800004,-7.5266406159999519,0],[111.66381833600008,-7.5266232589999618,0],[111.66389884400007,-7.5265771879999761,0],[111.66396492700005,-7.5265081629999599,0],[111.66404537900007,-7.5264261939999528,0],[111.66408699200008,-7.526351462999969,0],[111.66411558000004,-7.5262264939999568,0],[111.66413565600004,-7.526181949999966,0],[111.66416289800009,-7.5261187289999611,0],[111.66418876000006,-7.5260942779999596,0],[111.66421894000007,-7.526069821999954,0],[111.66425057700008,-7.5260582859999658,0],[111.66430237600008,-7.5260582079999381,0],[111.66434411300008,-7.5260638889999427,0],[111.66438442900005,-7.5260824939999793,0],[111.66445464700007,-7.5258942819999675,0],[111.66455253000004,-7.5259199799999692,0],[111.66460526200007,-7.5255882019999376,0],[111.66463259400007,-7.5255838529999437,0],[111.66466133700004,-7.5255608339999753,0],[111.66466416000009,-7.5255249329999288,0],[111.66465980100008,-7.5254976559999704,0],[111.66465973500004,-7.525454578999927,0],[111.66467105600009,-7.5253296359999808,0],[111.66468394300006,-7.5252879749999693,0],[111.66469972400006,-7.5252577969999379,0],[111.66471383500004,-7.5252247989999432,0],[111.66473831600007,-7.5251712359999487,0],[111.66476840700005,-7.5251557919999641,0],[111.66484367700008,-7.5251125499999603,0],[111.66514644000006,-7.5251397049999582,0],[111.66521191200007,-7.5251570669999523,0],[111.66522264800005,-7.525157925999963,0],[111.66525720700008,-7.5251751039999704,0],[111.66527545400004,-7.5251894359999483,0],[111.66530042400007,-7.5252085429999624,0],[111.66533209900007,-7.5252218969999376,0],[111.66538871100005,-7.5252323409999349,0],[111.66542611800008,-7.5252303699999743,0],[111.66546159400008,-7.5252197849999334,0],[111.66548266900008,-7.5252006079999774,0],[111.66549702500004,-7.5251795259999312,0],[111.66551040100006,-7.5251450439999417,0],[111.66552566400009,-7.5250885409999455,0],[111.66552658200004,-7.525061735999941,0],[111.66552461500004,-7.525030147999928,0],[111.66552459100006,-7.5250148319999539,0],[111.66553800800006,-7.5250061959999357,0],[111.66560229200007,-7.5250156709999487,0],[111.66567424000004,-7.5250184339999464,0],[111.66571454100006,-7.5250269879999792,0],[111.66577018800007,-7.5250345619999734,0],[111.66582489100006,-7.525051709999957,0],[111.66589300900006,-7.5250592639999354,0],[111.66603307600008,-7.5250705389999553,0],[111.66607530000005,-7.5250819619999447,0],[111.66612903400005,-7.525092410999946,0],[111.66618867600005,-7.5250959009999292,0],[111.66619142100006,-7.5251162479999607,0],[111.66621544300006,-7.5251430159999586,0],[111.66621931200007,-7.5251640699999598,0],[111.66621359400006,-7.5251889679999522,0],[111.66620211200006,-7.5252081309999426,0],[111.66618966800007,-7.5252244229999405,0],[111.66616189900009,-7.5252570139999762,0],[111.66614468800009,-7.5252806019999525,0],[111.66614297100006,-7.5253177879999384,0],[111.66613707200008,-7.5253317189999507,0],[111.66612945000008,-7.5253652359999705,0],[111.66612948100004,-7.5253853389999676,0],[111.66612951300004,-7.5254063979999728,0],[111.66613242400007,-7.5254284119999397,0],[111.66614686000008,-7.5254590229999394,0],[111.66617094700007,-7.5255288679999808,0],[111.66616906600007,-7.5255537599999798,0],[111.66616047800005,-7.5255834479999635,0],[111.66614997200008,-7.5256131409999512,0],[111.66614521800005,-7.5256409079999571,0],[111.66613855500009,-7.5256744239999307,0],[111.66613766800003,-7.5257222889999298,0],[111.66614541700005,-7.5257710989999396,0],[111.66616082700006,-7.5258122379999577,0],[111.66618848200005,-7.5258617349999781,0],[111.66619642700005,-7.5258825439999555,0],[111.66620077400006,-7.5259026409999592,0],[111.66620371300007,-7.5259428419999495,0],[111.66620231100006,-7.5259665369999311,0],[111.66619299400008,-7.5259902439999564,0],[111.66617791400006,-7.5260089329999573,0],[111.66616428600008,-7.5260355189999473,0],[111.66616360500007,-7.526060647999941,0],[111.66617802100006,-7.5260785759999749,0],[111.66620321500005,-7.5260871529999349,0],[111.66628093000008,-7.52609780399996,0],[111.66631618900004,-7.5261020579999354,0],[111.66635648700009,-7.5261084589999427,0],[111.66650546200009,-7.5261434129999429,0],[111.66661629000004,-7.526166218999947,0],[111.66674566100005,-7.5261864099999798,0],[111.66678529700005,-7.5262010109999551,0],[111.66683003100007,-7.5262114799999722,0],[111.66687000600007,-7.5262152879999462,0],[111.66690807800006,-7.5262124329999551,0],[111.66694519700008,-7.526196251999977,0],[111.66697755700005,-7.5261819759999753,0],[111.66701848500009,-7.5261696019999249,0],[111.66706702500005,-7.526147711999954,0],[111.66712127700004,-7.5261210609999694,0],[111.66718028700006,-7.5260810859999765,0],[111.66721740700007,-7.5260515809999333,0],[111.66726309300009,-7.5260239789999446,0],[111.66731734400008,-7.5259963779999453,0],[111.66735827100007,-7.5259716309999476,0],[111.66738587300006,-7.5259535479999613,0],[111.66740871600007,-7.5259345119999352,0],[111.66742204100007,-7.525917379999953,0],[111.66743346200008,-7.5258973919999335,0],[111.66744298000009,-7.5258716939999317,0],[111.66744488400008,-7.5258193459999347,0],[111.66744298000009,-7.5257907929999419,0],[111.66743060700009,-7.5257603349999727,0],[111.66741823300003,-7.5257289259999425,0],[111.66740205300005,-7.5257013239999537,0],[111.66738968000004,-7.525679433999926,0],[111.66736493300004,-7.5256223269999509,0],[111.66735541600008,-7.5256032899999354,0],[111.66734304300007,-7.5255737849999491,0],[111.66733352500006,-7.5255480869999474,0],[111.66732591000005,-7.5255119189999391,0],[111.66732591000005,-7.5254833659999463,0],[111.66732876600008,-7.5254633779999267,0],[111.66735351200003,-7.5254433909999534,0],[111.66738777700004,-7.5254367289999777,0],[111.66742870300004,-7.5254291139999623,0],[111.66745249800005,-7.5254157889999647,0],[111.66746867800003,-7.5253958019999345,0],[111.66747724400005,-7.5253729589999807,0],[111.66747724400005,-7.5253386949999594,0],[111.66747058200008,-7.5253187069999399,0],[111.66746867800003,-7.5252968159999796,0],[111.66746963000008,-7.5252739729999689,0],[111.66748676200007,-7.5252121069999589,0],[111.66750484700009,-7.5251778429999376,0],[111.66752007400004,-7.5251511929999424,0],[111.66754196600004,-7.5251178809999715,0],[111.66756385700006,-7.5250826649999567,0],[111.66757623000007,-7.5250512559999265,0],[111.66758289200004,-7.5250112809999337,0],[111.66759526600003,-7.5249532219999651,0],[111.66759621800009,-7.5249075359999438,0],[111.66759716900009,-7.5248599469999249,0],[111.66760192800007,-7.5248056949999409,0],[111.66761049400009,-7.5247581059999789,0],[111.66761906000005,-7.5246629279999411,0],[111.66762572200008,-7.5246305669999742,0],[111.66763619200009,-7.524594398999966,0],[111.66764475800005,-7.5245715559999553,0],[111.66766760100006,-7.5245610869999382,0],[111.66769710700004,-7.5245591829999512,0],[111.66771994900006,-7.5245582309999577,0],[111.66773613000004,-7.5245515689999252,0],[111.66775231000008,-7.5245401479999714,0],[111.66776849000007,-7.5245220629999494,0],[111.66778562300004,-7.5244982689999347,0],[111.66780465800008,-7.5244849439999371,0],[111.66782940400009,-7.5244782819999614,0],[111.66786081400005,-7.5244782819999614,0],[111.66789127100009,-7.5244773299999679,0],[111.66791696800004,-7.5244716189999394,0],[111.66793790800006,-7.5244592449999459,0],[111.66795123300005,-7.5244468729999312,0],[111.66795694400008,-7.524427836999962,0],[111.66795979900007,-7.5244049939999513,0],[111.66795979900007,-7.5243821509999407,0],[111.66794932900007,-7.5243602599999804,0],[111.66793981100005,-7.5243440789999454,0],[111.66793639500008,-7.5243218749999414,0],[111.66793219700008,-7.5243164779999461,0],[111.66792458300006,-7.5242812619999313,0],[111.66792458300006,-7.5242450939999799,0],[111.66793410100007,-7.5242041679999261,0],[111.66795694400008,-7.5241575299999681,0],[111.66797597900006,-7.5241213619999598,0],[111.66799977400007,-7.5241042299999776,0],[111.66804165200006,-7.5240985189999492,0],[111.66808448300009,-7.5240985189999492,0],[111.66813492800009,-7.5241099409999492,0],[111.66818632400009,-7.5241251689999444,0],[111.66822820200008,-7.5241318319999664,0],[111.66827579100004,-7.524133734999964,0],[111.66830529700007,-7.5241346869999575,0],[111.66844616000009,-7.5241594329999657,0],[111.66852420700008,-7.5241641919999438,0],[111.66861653000007,-7.5241746619999503,0],[111.66871266100009,-7.5241889389999415,0],[111.66877547800004,-7.524199408999948,0],[111.66879641800006,-7.5242013119999456,0],[111.66881735700008,-7.5241994079999586,0],[111.66883544100006,-7.5241879879999374,0],[111.66884876500006,-7.5241718069999592,0],[111.66885638000008,-7.524154674999977,0],[111.66885067000004,-7.5241137479999338,0],[111.66883068200008,-7.5240985189999492,0],[111.66880879000007,-7.5240785319999759,0],[111.66878975500003,-7.5240547369999717,0],[111.66877833400008,-7.52402903899997,0],[111.66877071900007,-7.5239966779999463,0],[111.66874652400008,-7.5238873169999465,0],[111.66874650400007,-7.5238105399999426,0],[111.66877505000008,-7.5236597249999591,0],[111.66886469100007,-7.5234717219999538,0],[111.66893884100006,-7.5233471619999364,0],[111.66900815700006,-7.5231974819999436,0],[111.66908601800009,-7.5231471059999535,0],[111.66914472100007,-7.5231147079999801,0],[111.66922859800007,-7.5230774849999307,0],[111.66923148400008,-7.5229428739999662,0],[111.66923788000008,-7.5228752449999661,0],[111.66955091000005,-7.5229262219999669,0],[111.66952689500005,-7.5230476829999589,0],[111.66942181200005,-7.5231860809999489,0],[111.66936807800005,-7.5232695979999562,0],[111.66934704700009,-7.5232871419999583,0],[111.66931688700004,-7.523323085999948,0],[111.66929103800004,-7.5233561519999625,0],[111.66927813900008,-7.5233891969999718,0],[111.66927818500005,-7.5234193519999621,0],[111.66928110400005,-7.5234466299999667,0],[111.66928162500005,-7.5234559749999335,0],[111.66927600900004,-7.523499812999944,0],[111.66925809200006,-7.5235453109999639,0],[111.66923826700008,-7.5236228809999375,0],[111.66923979200004,-7.5236788799999772,0],[111.66926717100006,-7.5237061199999289,0],[111.66931611900009,-7.5237232759999415,0],[111.66937512800007,-7.5237332379999771,0],[111.66942983100006,-7.5237503859999606,0],[111.66948165800005,-7.5237689739999496,0],[111.66955077400007,-7.5238018939999733,0],[111.66956518400008,-7.5238162309999552,0],[111.66958536300007,-7.5238391749999778,0],[111.66961991000005,-7.5238477379999722,0],[111.66967026300006,-7.5238433539999505,0],[111.66973773200004,-7.523838919999946,0],[111.66974130200003,-7.5238579559999721,0],[111.66974130100004,-7.5239019759999337,0],[111.66974249100008,-7.5239376679999737,0],[111.66974249100008,-7.5239769289999572,0],[111.66974130100004,-7.5240685379999377,0],[111.66974130200003,-7.5241149379999683,0],[111.66973535300008,-7.5241482509999287,0],[111.66972583500007,-7.5241958389999581,0],[111.66972583500007,-7.5242374799999538,0],[111.66976152700005,-7.5243945249999342,0],[111.66976866500005,-7.5244349749999628,0],[111.66977580300005,-7.5244742359999464,0],[111.66977937300004,-7.5245075489999635,0],[111.66978294200004,-7.5245265849999328,0],[111.66978413200007,-7.5245551379999256,0],[111.66978413100009,-7.5245848819999424,0],[111.66977461400006,-7.5246110559999693,0],[111.66976747600006,-7.5246277109999369,0],[111.66975795800005,-7.5246538849999638,0],[111.66975567000009,-7.5246607499999527,0],[111.66973654300006,-7.524672920999933,0],[111.66971869600007,-7.5246836289999806,0],[111.66971036900009,-7.5246990949999599,0],[111.66972226600006,-7.52472526899993,0],[111.66974368100006,-7.524734786999943,0],[111.66977461400006,-7.5247312179999426,0],[111.66977955000004,-7.5247252949999393,0],[111.66978532100006,-7.5247228899999641,0],[111.66980197700008,-7.5247121819999734,0],[111.66981427600007,-7.5247049149999725,0],[111.66981982400006,-7.5246955259999595,0],[111.66983767000005,-7.5246860089999359,0],[111.66986503300006,-7.5246788699999456,0],[111.66989001800005,-7.5246788699999456,0],[111.66991976100007,-7.524682438999946,0],[111.66994712500008,-7.5246979059999717,0],[111.66997329900005,-7.5247121829999628,0],[111.67000304200008,-7.5247466839999788,0],[111.67005658000005,-7.5248561399999403,0],[111.67007442600004,-7.524881124999979,0],[111.67009822100005,-7.5249132469999722,0],[111.67011725700007,-7.5249465599999326,0],[111.67012915300006,-7.5249905789999616,0],[111.67013391200004,-7.5250274609999792,0],[111.67013510300006,-7.5250679119999404,0],[111.67013986100005,-7.5251059829999463,0],[111.67016603500008,-7.5251523829999769,0],[111.67018150200005,-7.5251726079999344,0],[111.67020291700004,-7.5251928339999381,0],[111.67021838300008,-7.5252106799999297,0],[111.67023979800007,-7.5252273349999541,0],[111.67026716300006,-7.5252511299999583,0],[111.67028500900005,-7.5252749249999624,0],[111.67030999300005,-7.5252963399999544,0],[111.67034092600005,-7.5253094279999573,0],[111.67037899700006,-7.5253153759999805,0],[111.67042063700006,-7.5253189449999809,0],[111.67045514000006,-7.5253165659999581,0],[111.67048369300005,-7.5253034779999552,0],[111.67051462700005,-7.5252880119999759,0],[111.67053961000005,-7.5252701659999275,0],[111.67057292300007,-7.5252416119999452,0],[111.67060861500005,-7.5252118699999642,0],[111.67062765100007,-7.5251964029999385,0],[111.67066572200008,-7.5251714179999567,0],[111.67069903500004,-7.5251488129999302,0],[111.67073115700003,-7.52512620899995,0],[111.67076209000004,-7.5251047929999686,0],[111.67078469500007,-7.5250869479999665,0],[111.67080730000004,-7.5250714809999408,0],[111.67093698100007,-7.5249739229999477,0],[111.67097386300009,-7.5249548879999679,0],[111.67100955400008,-7.524941799999965,0],[111.67104405600008,-7.5249346619999642,0],[111.67107379900006,-7.524928713999941,0],[111.67109402500006,-7.5249191949999386,0],[111.67110949200008,-7.5249049189999369,0],[111.67111306100009,-7.5248870729999453,0],[111.67111306100009,-7.5248644679999757,0],[111.67110354200008,-7.5248418629999492,0],[111.67109997400007,-7.5248240169999576,0],[111.67109997300008,-7.5247883249999745,0],[111.67110473300005,-7.5247490639999342,0],[111.67112138900006,-7.5246550759999309,0],[111.67112138900006,-7.5246360399999617,0],[111.67112495800006,-7.5246122449999575,0],[111.67113447600008,-7.5245777429999521,0],[111.67114161400008,-7.5245444309999812,0],[111.67114756300003,-7.5245134969999299,0],[111.67116065000005,-7.5244885129999375,0],[111.67117254700008,-7.5244575789999431,0],[111.67110590100003,-7.5241565119999336,0],[111.67111322900007,-7.5240847529999542,0],[111.67119985700003,-7.5239126639999654,0],[111.67142770800007,-7.5232240809999666,0],[111.67153415200005,-7.5227170959999512,0],[111.67168863900008,-7.5221575659999758,0],[111.67185281500008,-7.5215454199999385,0],[111.67195419800004,-7.5211771839999528,0],[111.67196448600004,-7.520808772999942,0],[111.67202763200004,-7.5203782599999727,0],[111.67200894400008,-7.5201198459999432,0],[111.67192797200005,-7.5198373879999281,0],[111.67194250100005,-7.519760860999952,0],[111.67207247000005,-7.5194883709999658,0],[111.67221723000006,-7.5190005959999553,0],[111.67227365700006,-7.5187802249999436,0],[111.67229547300008,-7.5187884459999736,0],[111.67232715000006,-7.5188027559999568,0],[111.67237176200007,-7.5188084319999575,0],[111.67241346900005,-7.5187954449999665,0],[111.67242493100008,-7.5187638369999377,0],[111.67242775400007,-7.5187279339999691,0],[111.67243919800006,-7.5186848389999454,0],[111.67245494100007,-7.5186302499999442,0],[111.67247498300009,-7.5185641669999654,0],[111.67249354400008,-7.5184708039999464,0],[111.67250208900003,-7.5184133539999607,0],[111.67252794800004,-7.5183874679999576,0],[111.67256531800007,-7.5183615639999744,0],[111.67261418300006,-7.5183255909999502,0],[111.67264148900006,-7.5183040109999411,0],[111.67268608800003,-7.51830106999995,0],[111.67271057000005,-7.5183153919999768,0],[111.67281850800003,-7.5183310209999377,0],[111.67290340100004,-7.5183323269999391,0],[111.67304157000007,-7.518357961999925,0],[111.67309627000009,-7.5183736729999282,0],[111.67313372400008,-7.5184023339999726,0],[111.67318696800004,-7.5184065599999599,0],[111.67321428300005,-7.5183921589999727,0],[111.67322430700005,-7.5183605529999795,0],[111.67323144500006,-7.5183246439999607,0],[111.67324146000004,-7.5182872949999364,0],[111.67325866400006,-7.518247062999933,0],[111.67328453200008,-7.518226919999961,0],[111.67332191900005,-7.5182125039999619,0],[111.67335499700005,-7.5182024009999395,0],[111.67340389400005,-7.5181865309999694,0],[111.67344703400005,-7.5181706699999609,0],[111.67349017300006,-7.518153371999972,0],[111.67355489100004,-7.518134606999979,0],[111.67359661600005,-7.5181331059999366,0],[111.67365988900008,-7.5181100339999603,0],[111.67373318800009,-7.5180567929999711,0],[111.67392169800007,-7.5180708629999344,0],[111.67398503300006,-7.5180879969999523,0],[111.67405988100006,-7.5181065479999347,0],[111.67415916300007,-7.5181078319999415,0],[111.67428721700009,-7.5181061989999307,0],[111.67437784600008,-7.5180945719999386,0],[111.67446270900007,-7.518075774999943,0],[111.67452887500008,-7.5180627499999559,0],[111.67465547700004,-7.5180525039999679,0],[111.67486845400003,-7.5180708429999754,0],[111.67493467800006,-7.5180951519999439,0],[111.67499226700005,-7.518118038999944,0],[111.67505128200008,-7.5181323069999735,0],[111.67513617900005,-7.5181364839999674,0],[111.67519381900007,-7.5181192319999468,0],[111.67521815600008,-7.5181119469999658,0],[111.67527137800005,-7.5180960359999744,0],[111.67555951800006,-7.5181864919999271,0],[111.67545364600005,-7.5185276779999413,0],[111.67569161600005,-7.5186082029999284,0],[111.67586107600005,-7.5182071709999718,0],[111.67597096400004,-7.5182558499999459,0],[111.67627037300008,-7.5183879939999656,0],[111.67627314100008,-7.5183895259999645,0],[111.67631212000003,-7.5184003179999763,0],[111.67635388900004,-7.5184275359999333,0],[111.67641150200006,-7.5184662179999577,0],[111.67646479300004,-7.5185005969999565,0],[111.67670240300004,-7.5186308989999588,0],[111.67679161100006,-7.5186307609999403,0],[111.67686355700005,-7.5186335219999592,0],[111.67689955700007,-7.5186521339999786,0],[111.67692408600004,-7.5186966099999495,0],[111.67693424300006,-7.5187511589999758,0],[111.67693867200006,-7.51882438399997,0],[111.67695598500006,-7.5188545119999617,0],[111.67699343500004,-7.518880299999978,0],[111.67704382100004,-7.5188974539999549,0],[111.67710427900005,-7.5189145909999411,0],[111.67717047200006,-7.5189187969999693,0],[111.67724529900005,-7.5189229889999751,0],[111.67729006700006,-7.518932844999938,0],[111.67736850400007,-7.5187418369999364,0],[111.67732838400008,-7.5187295009999389,0],[111.67742118300004,-7.5185153499999728,0],[111.67760678100007,-7.5185938729999293,0],[111.67762105800006,-7.5185546109999564,0],[111.67791118300005,-7.518666426999971,0],[111.67802794500005,-7.5183511669999348,0],[111.67794228500009,-7.5183154749999517,0],[111.67776739500005,-7.5182797829999686,0],[111.67759469400005,-7.5181910289999792,0],[111.67757795800009,-7.5181801049999422,0],[111.67753764400004,-7.5181629369999428,0],[111.67750309000007,-7.5181486309999741,0],[111.67746133000009,-7.5181271559999345,0],[111.67744545000005,-7.5180927189999807,0],[111.67743244800005,-7.5180597129999569,0],[111.67741657500005,-7.5180295829999295,0],[111.67736472800004,-7.5179980729999443,0],[111.67734885600004,-7.5179693789999646,0],[111.67734016900005,-7.5179349299999672,0],[111.67733435900004,-7.5178990409999642,0],[111.67733430700008,-7.5178660149999814,0],[111.67733535700006,-7.5178438329999722,0],[111.67744660900007,-7.5173572279999803,0],[111.67712298700008,-7.5173895509999511,0],[111.67713507900004,-7.5172821099999396,0],[111.67715045800009,-7.5171454669999775,0],[111.67710728500003,-7.5171397899999306,0],[111.67706698800004,-7.517134108999926,0],[111.67700366000008,-7.5171212839999271,0],[111.67695040900009,-7.517112749999967,0],[111.67690867300007,-7.5171056349999503,0],[111.67688560900007,-7.5170783869999696,0],[111.67688125400008,-7.5170539839999719,0],[111.67687196700007,-7.5170289469999716,0],[111.67687493800008,-7.5168747369999664,0],[111.67686312100005,-7.5167849989999809,0],[111.67681589900008,-7.5167376939999713,0],[111.67678579400007,-7.5167324849999773,0],[111.67675696100008,-7.5166966319999347,0],[111.67673958200004,-7.5166234259999669,0],[111.67672797400007,-7.5165602639999634,0],[111.67670918200008,-7.5165042919999792,0],[111.67669037300004,-7.5164368329999434,0],[111.67664997900005,-7.5163679699999761,0],[111.67662547200007,-7.5163378539999712,0],[111.67662110000003,-7.5163019629999326,0],[111.67662821800008,-7.5162531309999281,0],[111.67664110800007,-7.5162143409999658,0],[111.67665543900006,-7.5161769849999587,0],[111.67667836400005,-7.5161152049999487,0],[111.67669553700006,-7.5160548699999481,0],[111.67669399100004,-7.515985948999969,0],[111.67667232500008,-7.515931415999944,0],[111.67664778400007,-7.515879760999951,0],[111.67662319100003,-7.5157936439999276,0],[111.67660728800007,-7.5157448469999508,0],[111.67656406100008,-7.5157047079999302,0],[111.67653665600005,-7.5156616729999541,0],[111.67651353100007,-7.5155942199999686,0],[111.67648319600005,-7.5155167269999765,0],[111.67648303300007,-7.5154119049999508,0],[111.67648290500006,-7.51532862199997,0],[111.67648137400005,-7.5152697519999379,0],[111.67646835600004,-7.5152252589999762,0],[111.67643952000009,-7.5151865329999623,0],[111.67641933600004,-7.5151607169999579,0],[111.67637758800004,-7.515146422999976,0],[111.67635739900004,-7.5151394959999607,0],[111.67643830100008,-7.5148373039999683,0],[111.67643830100008,-7.5146041179999656,0],[111.67641450600007,-7.5144518319999634,0],[111.67634312200005,-7.5142805109999813,0],[111.67621177600006,-7.5138512559999526,0],[111.67613039800005,-7.5136028399999759,0],[111.67609185100008,-7.5134158139999272,0],[111.67607073300007,-7.5131942789999471,0],[111.67607901400004,-7.5129735749999327,0],[111.67607204100005,-7.5129528069999765,0],[111.67605038000005,-7.512901147999969,0],[111.67596810000003,-7.5127289639999617,0],[111.67593199500004,-7.5126414279999381,0],[111.67589586900004,-7.512540969999975,0],[111.67584107000005,-7.5124606429999403,0],[111.67579060000008,-7.5123889249999252,0],[111.67575026200007,-7.5123559599999794,0],[111.67570418700006,-7.5123344919999795,0],[111.67565381300005,-7.5123245179999572,0],[111.67559483000008,-7.5123303529999248,0],[111.67552723400007,-7.512349123999968,0],[111.67545965200009,-7.5123765099999673,0],[111.67538055000006,-7.5123981709999725,0],[111.67527696200005,-7.5124026379999691,0],[111.67527553700006,-7.5124024399999598,0],[111.67518485700003,-7.5123898559999702,0],[111.67513015800006,-7.512374144999967,0],[111.67506103100004,-7.5123326089999409,0],[111.67501338800008,-7.5122278609999285,0],[111.67497581100008,-7.5121187879999525,0],[111.67494545800008,-7.5120298079999657,0],[111.67491077800008,-7.5119336549999502,0],[111.67486300400009,-7.5117441859999303,0],[111.67484269500005,-7.511636522999936,0],[111.67483105600007,-7.5115532579999353,0],[111.67482655800006,-7.5114355199999636,0],[111.67484222700006,-7.5113335449999568,0],[111.67486078200005,-7.511235873999965,0],[111.67489369200007,-7.5111180779999813,0],[111.67496541400004,-7.5109758119999697,0],[111.67503580500005,-7.510903907999932,0],[111.67509905200006,-7.5108650399999419,0],[111.67516231600007,-7.5108362249999345,0],[111.67523278900006,-7.5108174499999336,0],[111.67532197100007,-7.5108015169999476,0],[111.67540109900006,-7.5107970879999471,0],[111.67547556800008,-7.5107891169999448,0],[111.67575134700007,-7.5107859679999365,0],[111.67593337500006,-7.5107110149999698,0],[111.67612968000009,-7.5105825239999717,0],[111.67622961800004,-7.5104790179999554,0],[111.67627601800007,-7.5102041899999676,0],[111.67620463400004,-7.5100542839999775,0],[111.67607162400009,-7.5099826199999598,0],[111.67583155400007,-7.5100267719999465,0],[111.67585734600004,-7.5099578089999568,0],[111.67588170200008,-7.5098902829999474,0],[111.67591040700006,-7.5098442889999433,0],[111.67593770800005,-7.5098212719999538,0],[111.67597507900007,-7.5097968039999614,0],[111.67599529100005,-7.5097357329999568,0],[111.67600718800009,-7.5096137859999317,0],[111.67600421400005,-7.509497787999976,0],[111.67600123900007,-7.5094174799999678,0],[111.67596554800008,-7.5093669169999657,0],[111.67591795800007,-7.5092955329999427,0],[111.67601908600005,-7.5091111249999472,0],[111.67616780200007,-7.508873178999977,0],[111.67623026300004,-7.5087423089999561,0],[111.67623621100006,-7.5085846689999585,0],[111.67617672500006,-7.508468670999946,0],[111.67610236700006,-7.5082485699999779,0],[111.67617969900004,-7.5080433419999508,0],[111.67622728800006,-7.5078678569999511,0],[111.67624810800004,-7.5077369869999302,0],[111.67620646800009,-7.5076269369999409,0],[111.67622134000004,-7.5074871429999348,0],[111.67618267300008,-7.5073562729999708,0],[111.67631354400004,-7.5073324779999666,0],[111.67648308000008,-7.5073979129999771,0],[111.67665559100004,-7.5073800669999287,0],[111.67675969300006,-7.5073324779999666,0],[111.67710786900005,-7.5072868609999546,0],[111.67687675300004,-7.5078510699999583,0],[111.67703927600007,-7.5080125669999802,0],[111.67710819200005,-7.5083266439999647,0],[111.67697795000004,-7.5085644169999455,0],[111.67708545800008,-7.5087061889999518,0],[111.67704487100008,-7.5088047989999609,0],[111.67714317200006,-7.5088053889999742,0],[111.67751386200007,-7.5088172789999703,0],[111.67779957100004,-7.5089180809999334,0],[111.67775316600006,-7.5092634679999719,0],[111.67849448900006,-7.5095157409999729,0],[111.67874983400009,-7.5095822779999253,0],[111.67875653600004,-7.5096287769999321,0],[111.67889216600008,-7.5096549509999591,0],[111.67895165200008,-7.5096620899999493,0],[111.67911364800005,-7.5096543769999471,0],[111.67911448600006,-7.5096520799999666,0],[111.67922322900006,-7.5093538379999814,0],[111.67947882500005,-7.508906872999944,0],[111.68034947000007,-7.5093414859999257,0],[111.68066571900005,-7.5088040059999344,0],[111.68110862000009,-7.5088904939999566,0],[111.68113446100006,-7.508899759999963,0],[111.68116804300007,-7.5089068879999559,0],[111.68122438300009,-7.5088984239999377,0],[111.68127355000007,-7.5089031349999686,0],[111.68137067000004,-7.5089029839999739,0],[111.68149706900005,-7.5089276669999663,0],[111.68156935800005,-7.5089159799999265,0],[111.68172642800005,-7.5088221759999669,0],[111.68188061600006,-7.5087450809999723,0],[111.68203052300004,-7.5086879739999404,0],[111.68217900100007,-7.5086736969999492,0],[111.68236352100007,-7.5086754849999693,0],[111.68240938600007,-7.5087016869999275,0],[111.68245543300009,-7.5087013329999763,0],[111.68251235700006,-7.5086956769999347,0],[111.68259569100007,-7.5086701389999462,0],[111.68266278300007,-7.5086365299999329,0],[111.68270469400005,-7.5086017629999446,0],[111.68272141800009,-7.5085622499999545,0],[111.68272374700007,-7.508517971999936,0],[111.68272821900007,-7.5084703229999263,0],[111.68291235300006,-7.5080196809999507,0],[111.68293436100004,-7.5079979069999467,0],[111.68297231800005,-7.5079910819999327,0],[111.68301906000005,-7.5079790429999775,0],[111.68307298300005,-7.5079586179999751,0],[111.68312449800004,-7.5079310149999401,0],[111.68317240100004,-7.5078950429999622,0],[111.68321549200004,-7.5078483089999395,0],[111.68324778700008,-7.5077980009999692,0],[111.68331592700008,-7.5076674659999298,0],[111.68340708900007,-7.5076924529999474,0],[111.68352455800004,-7.5076707319999514,0],[111.68364080300006,-7.5076334559999509,0],[111.68372590600006,-7.5076165719999608,0],[111.68377984400007,-7.5076057179999793,0],[111.68386494500004,-7.5075876369999719,0],[111.68401236400007,-7.5075503129999674,0],[111.68405307900008,-7.5075179409999464,0],[111.68408426700006,-7.5074845389999609,0],[111.68413760000004,-7.5074564669999404,0],[111.68414914800007,-7.5073601989999474,0],[111.68450178500007,-7.5072145759999671,0],[111.68480360200004,-7.5071059029999674,0],[111.68493910000007,-7.507092580999938,0],[111.68497548800008,-7.5070237429999338,0],[111.68508970200008,-7.5070265989999712,0],[111.68514538100004,-7.5070394469999542,0],[111.68525429900006,-7.5070774989999336,0],[111.68527722900006,-7.5070593349999513,0],[111.68557046400008,-7.5067891389999772,0],[111.68567340600003,-7.5067542259999414,0],[111.68576234400007,-7.5066918149999537,0],[111.68590480800009,-7.5066605329999447,0],[111.68602540800003,-7.50659842999994,0],[111.68610464200009,-7.506579181999939,0],[111.68628606500005,-7.5065390379999712,0],[111.68643214900004,-7.5065069629999357,0],[111.68656538900007,-7.5065096879999373,0],[111.68636511000005,-7.5061397059999422,0],[111.68636174500006,-7.506079346999968,0],[111.68637574300004,-7.505969117999939,0],[111.68630659800004,-7.5058320859999412,0],[111.68630696300005,-7.505734638999968,0],[111.68631953800008,-7.5056697069999814,0],[111.68643154700004,-7.5054624239999725,0],[111.68643818300006,-7.5054406909999329,0],[111.68647363700006,-7.5053791359999309,0],[111.68656827800004,-7.5051750879999304,0],[111.68671068900005,-7.504850347999934,0],[111.68676515400006,-7.5047172009999485,0],[111.68676279500005,-7.5044872589999727,0],[111.68683376300004,-7.5044794899999374,0],[111.68691623300003,-7.5044659579999689,0],[111.68698525900004,-7.5044428759999278,0],[111.68707533200006,-7.5043852989999777,0],[111.68712704100005,-7.5043296959999566,0],[111.68716337300003,-7.5042549719999556,0],[111.68721117400008,-7.50415342499997,0],[111.68724941500005,-7.5040729539999802,0],[111.68727610800005,-7.5039676119999399,0],[111.68728367500006,-7.5039005899999438,0],[111.68726823200006,-7.5038393489999748,0],[111.68722786800004,-7.5037896339999293,0],[111.68719325600006,-7.5037379939999482,0],[111.68715289200009,-7.5036882789999595,0],[111.68712784200005,-7.5036174789999563,0],[111.68711825300005,-7.5035559129999569,0],[111.68711928500005,-7.5035440129999529,0],[111.68713504900006,-7.5035037819999388,0],[111.68715082000006,-7.5034678599999438,0],[111.68717807300004,-7.5034146889999533,0],[111.68720389900005,-7.5033686989999637,0],[111.68724266500004,-7.5033169449999377,0],[111.68726706800004,-7.5032810089999771,0],[111.68729435100005,-7.5032465039999465,0],[111.68731157400003,-7.5032191949999287,0],[111.68732446600006,-7.5031832769999482,0],[111.68732871700007,-7.5031416289999697,0],[111.68732718600006,-7.5030827589999376,0],[111.68731562600004,-7.5030511869999259,0],[111.68730262500009,-7.5030181799999696,0],[111.68730060300004,-7.5030097629999659,0],[111.68728387300007,-7.5029880559999356,0],[111.68728238300008,-7.5029550319999316,0],[111.68729240000005,-7.5029205539999566,0],[111.68732542900005,-7.5028802969999333,0],[111.68736134900007,-7.5028486509999652,0],[111.68739438700004,-7.502814136999973,0],[111.68741879100008,-7.5027782009999555,0],[111.68743455400005,-7.5027379699999415,0],[111.68744455300003,-7.5026920049999717,0],[111.68744735900009,-7.5026460519999318,0],[111.68744908400004,-7.5026168789999588,0],[111.68745016200006,-7.5025986619999685,0],[111.68745306700004,-7.5025744279999458,0],[111.68745046200007,-7.5025173809999615,0],[111.68745419900006,-7.5024541949999275,0],[111.68746945400005,-7.502395776999947,0],[111.68749140900007,-7.5023277759999587,0],[111.68750762700006,-7.5022712709999269,0],[111.68753535000008,-7.502211875999933,0],[111.68756745800005,-7.5021653129999777,0],[111.68762558800006,-7.5018911589999675,0],[111.68764402800008,-7.501642980999975,0],[111.68778243100007,-7.501338202999932,0],[111.68795947700005,-7.5012009679999778,0],[111.68803680000008,-7.5011652729999696,0],[111.68803843400008,-7.5011579739999661,0],[111.68804701100004,-7.5011225409999724,0],[111.68806323400008,-7.5010698649999767,0],[111.68806112800007,-7.5009502089999387,0],[111.68806007700005,-7.5008918169999674,0],[111.68807047700005,-7.5007951149999599,0],[111.68808089800007,-7.5007127729999752,0],[111.68807772400004,-7.5005241939999792,0],[111.68810342000006,-7.5003958789999388,0],[111.68811678700007,-7.5003566089999367,0],[111.68812345300006,-7.5003259659999344,0],[111.68811763200006,-7.5002838549999638,0],[111.68809840800009,-7.5002580389999594,0],[111.68808683700007,-7.5002188079999428,0],[111.68808965100004,-7.500178597999934,0],[111.68810875900004,-7.5001307039999574,0],[111.68812115100008,-7.5000809069999264,0],[111.68815161700007,-7.4999363099999528,0],[111.68815441000004,-7.4998826969999755,0],[111.68814285000008,-7.4998511249999638,0],[111.68814182100004,-7.499806135999961,0],[111.68814752000009,-7.4997707069999251,0],[111.68816951500008,-7.499728551999965,0],[111.68817227900007,-7.4996557949999669,0],[111.68817699000004,-7.4996021799999539,0],[111.68818170900005,-7.4995533509999746,0],[111.68819505400006,-7.4994997229999285,0],[111.68821607000007,-7.4994451249999656,0],[111.68823713500007,-7.4994211609999297,0],[111.68827547400008,-7.4994038699999805,0],[111.68830517300006,-7.4993808479999302,0],[111.68832620000006,-7.4993329509999285,0],[111.68834725500005,-7.4993032419999395,0],[111.68837308400003,-7.4992591669999342,0],[111.68839316500004,-7.4992198869999811,0],[111.68840655000008,-7.4991921059999527,0],[111.68841894500008,-7.4991451789999815,0],[111.68843801000008,-7.4990695249999249,0],[111.68845329400006,-7.4990292959999465,0],[111.68846379400009,-7.498996730999977,0],[111.68848099600007,-7.4989564989999735,0],[111.68848860200006,-7.4989134089999538,0],[111.68850004000006,-7.4988674419999484,0],[111.68850379600008,-7.4988166999999635,0],[111.68854573600004,-7.4986481539999659,0],[111.68854565900006,-7.4985993329999587,0],[111.68854558700008,-7.4985533839999334,0],[111.68856373400007,-7.4985045339999488,0],[111.68858575000007,-7.4984757809999678,0],[111.68862404600009,-7.4984307289999492,0],[111.68867481800004,-7.4983894859999509,0],[111.68871028700005,-7.4983760289999282,0],[111.68874672500004,-7.4983692709999445,0],[111.68876971200007,-7.4983481749999328,0],[111.68882432900006,-7.4983117129999641,0],[111.68887028100005,-7.4982551609999746,0],[111.68895648400007,-7.498177486999964,0],[111.68909629300003,-7.4980298469999411,0],[111.68918822400008,-7.4979349319999642,0],[111.68926661400008,-7.4977672859999416,0],[111.68919268800005,-7.497723366999935,0],[111.68924809500004,-7.4975806459999603,0],[111.68931972800004,-7.4973862059999306,0],[111.68942578400004,-7.4971237449999535,0],[111.68951881600009,-7.4971188139999754,0],[111.68961183300007,-7.4971033509999643,0],[111.68969046600006,-7.4970917409999629,0],[111.68972305300008,-7.4970754159999728,0],[111.68974507200005,-7.49704857699993,0],[111.68974982900005,-7.4970236809999733,0],[111.68974401200006,-7.4969844419999276,0],[111.68973341700007,-7.4969566969999732,0],[111.68971799800005,-7.4969107719999784,0],[111.68972845300004,-7.496849488999942,0],[111.68974842400007,-7.4967403289999766,0],[111.68978006300006,-7.4967316639999808,0],[111.68982322000005,-7.4967277669999248,0],[111.68985580600008,-7.4967114419999348,0],[111.68986916800009,-7.4966693009999403,0],[111.68989498600007,-7.4966185249999739,0],[111.68992563400008,-7.4965897579999705,0],[111.68996109900007,-7.4965743859999634,0],[111.69002342900006,-7.4965637579999793,0],[111.69005315100009,-7.4965560539999387,0],[111.69009532600006,-7.4965377989999524,0],[111.69012980700006,-7.4965061549999632,0],[111.69014414800006,-7.4964764569999716,0],[111.69016969300009,-7.4964503139999579,0],[111.69018509700004,-7.4963824449999379,0],[111.69030518000005,-7.4962606519999326,0],[111.69044348000006,-7.4961403309999355,0],[111.69054154700007,-7.4959969639999713,0],[111.69065689800004,-7.4958421499999304,0],[111.69069546000009,-7.4957292969999685,0],[111.69068206500003,-7.4955461169999467,0],[111.69072011600008,-7.4954336159999571,0],[111.69056968100006,-7.4953622349999591,0],[111.69039689900006,-7.4952785049999306,0],[111.69045789800003,-7.495184356999971,0],[111.69058848300006,-7.4949680469999294,0],[111.69060556500006,-7.494940377999967,0],[111.69076528500005,-7.4946552279999423,0],[111.69076849200007,-7.4946152459999666,0],[111.69075406700006,-7.4945915769999374,0],[111.69074037100006,-7.4945736489999604,0],[111.69071516700006,-7.4945578929999783,0],[111.69068710000005,-7.4945507579999457,0],[111.69065617000007,-7.4945522419999406,0],[111.69061950000008,-7.4945637869999473,0],[111.69057709700007,-7.4945896999999491,0],[111.69049519300006,-7.4946565989999385,0],[111.69036102400008,-7.4945420909999712,0],[111.69028838600008,-7.494624847999944,0],[111.69021727300009,-7.4947108439999397,0],[111.69020742900005,-7.4947312609999699,0],[111.68998853500005,-7.4946023719999744,0],[111.68983002100003,-7.49444323299997,0],[111.68976765100007,-7.494366533999937,0],[111.68970358500007,-7.4943114459999265,0],[111.68984341600009,-7.4941791229999808,0],[111.68998519900003,-7.4940678559999583,0],[111.69011936500004,-7.493992976999948,0],[111.69024196700008,-7.4938836549999337,0],[111.69036261300005,-7.493751361999955,0],[111.69060376000004,-7.4933929609999268,0],[111.69081291200007,-7.4930958539999324,0],[111.69089987900009,-7.4930807339999319,0],[111.69107747900006,-7.493092709999928,0],[111.69118393200006,-7.4930829709999784,0],[111.69130212900006,-7.4930704899999796,0],[111.69130193700005,-7.4930092729999274,0],[111.69130440700008,-7.4927508029999785,0],[111.69130571600004,-7.4926689549999423,0],[111.69130563300007,-7.4926158259999625,0],[111.69132714900007,-7.4925885649999486,0],[111.69132776400005,-7.4925597139999809,0],[111.69134341600005,-7.4923913159999529,0],[111.69135505600008,-7.4923738549999257,0],[111.69136417700008,-7.4922729799999388,0],[111.69135971200006,-7.4921782159999566,0],[111.69132222500008,-7.4921280179999599,0],[111.69127894900004,-7.4920562909999262,0],[111.69139391400006,-7.4919699539999556,0],[111.69151894300006,-7.4918807309999806,0],[111.69162232500008,-7.4917484649999437,0],[111.69169425300004,-7.4917426079999814,0],[111.69188571800004,-7.4918126669999765,0],[111.69193613200008,-7.4918499219999717,0],[111.69203695400006,-7.4919186879999415,0],[111.69215218900007,-7.4920046609999531,0],[111.69239120400005,-7.4921205949999603,0],[111.69255482000005,-7.4918661799999313,0],[111.69271605000006,-7.4919233629999553,0],[111.69295216100005,-7.4920220689999724,0],[111.69298226100005,-7.4919502259999717,0],[111.69299371400007,-7.4919143109999595,0],[111.69301666100006,-7.4918683249999276,0],[111.69303384000006,-7.4918137329999581,0],[111.69304095000007,-7.4917605929999809,0],[111.69304954400008,-7.491736168999978,0],[111.69309409900006,-7.4917073799999798,0],[111.69316453000005,-7.4916641919999734,0],[111.69320765800006,-7.4916425859999549,0],[111.69322491200006,-7.4916353789999448,0],[111.69324357700009,-7.4916109389999406,0],[111.69325357500009,-7.4915649729999814,0],[111.69333837500005,-7.4915102749999392,0],[111.69331382100006,-7.4914500049999333,0],[111.69324307800008,-7.4912950379999756,0],[111.69320698400008,-7.4912161189999438,0],[111.69318821700006,-7.4911759429999734,0],[111.69318528500008,-7.4911414859999468,0],[111.69318953800007,-7.4911012739999592,0],[111.69319521800008,-7.491053878999935,0],[111.69320089300004,-7.4910036139999647,0],[111.69321375400006,-7.4909475919999409,0],[111.69320932600004,-7.4908772389999285,0],[111.69317858700003,-7.4907924399999501,0],[111.69316501700007,-7.4907749699999613,0],[111.69315632300004,-7.4907362149999699,0],[111.69315626900004,-7.4907017529999393,0],[111.69316196900007,-7.4906672809999577,0],[111.69316623300006,-7.4906342489999815,0],[111.69316616700007,-7.4905926069999396,0],[111.69315889200004,-7.4905409259999374,0],[111.69314011100005,-7.4904921339999646,0],[111.69307378400003,-7.490400339999951,0],[111.69303201800005,-7.4903731229999266,0],[111.69297297700007,-7.4903401899999267,0],[111.69291248600007,-7.4903000799999404,0],[111.69278701400009,-7.4901092999999719,0],[111.69265582100007,-7.489940067999953,0],[111.69261835300006,-7.4899013579999405,0],[111.69257513000008,-7.4898626549999676,0],[111.69253191100006,-7.4898268259999554,0],[111.69250739800009,-7.4897924029999672,0],[111.69249582600008,-7.4897536509999441,0],[111.69249576700008,-7.4897163169999317,0],[111.69250003000008,-7.4896818479999752,0],[111.69251004100005,-7.4896444989999509,0],[111.69252435600004,-7.4895985269999414,0],[111.69250540400009,-7.4894406049999702,0],[111.69247339600008,-7.4892152169999804,0],[111.69213808700005,-7.4891626159999305,0],[111.69207905500008,-7.4891354249999722,0],[111.69204735800008,-7.489106756999945,0],[111.69201851100007,-7.4890608529999554,0],[111.69200261400005,-7.4890163639999514,0],[111.69200396500008,-7.4889603619999434,0],[111.69201677200004,-7.4888713139999368,0],[111.69205261000008,-7.4887879749999797,0],[111.69211432200007,-7.4886902359999681,0],[111.69251855700008,-7.4881237269999588,0],[111.69273469200004,-7.4879088079999292,0],[111.69294024500005,-7.4877201889999583,0],[111.69322562300005,-7.4881064209999408,0],[111.69378731000006,-7.4889404449999688,0],[111.69409063000006,-7.4893109119999508,0],[111.69439980000004,-7.489588633999972,0],[111.69474190700004,-7.4898453619999259,0],[111.69521291600006,-7.4901108619999377,0],[111.69564480800005,-7.4902806949999672,0],[111.69629553200008,-7.4904651379999336,0],[111.69664339900004,-7.4905722819999596,0],[111.69758802800004,-7.4908579699999791,0],[111.69887248200007,-7.4912516519999599,0],[111.69921649400004,-7.4913605199999438,0],[111.69964112500008,-7.4914866839999377,0],[111.69969983000004,-7.4915133449999303,0],[111.70002508100004,-7.4902205049999679,0],[111.70038616200009,-7.4888414529999636,0],[111.70029345300009,-7.4888167929999554,0],[111.69930771000008,-7.4884659399999691,0],[111.69935886100006,-7.4883331809999731,0],[111.69981131200007,-7.4884938579999698,0],[111.70004853100005,-7.4883857879999596,0],[111.70021747200008,-7.488317312999925,0],[111.70041152300007,-7.4882057209999289,0],[111.70051216500008,-7.488162483999929,0],[111.70057685700004,-7.4881300729999793,0],[111.70062347800007,-7.4880438439999466,0],[111.70063774500005,-7.4879684349999707,0],[111.70063763600007,-7.4879002299999797,0],[111.70063036800008,-7.4878535739999279,0],[111.70059079700007,-7.4878500469999381,0],[111.70055125000005,-7.4878608789999248,0],[111.70051175300006,-7.4879040189999273,0],[111.70048309300006,-7.4879758609999385,0],[111.70032137900006,-7.4880658619999281,0],[111.70013803300009,-7.4881235909999759,0],[111.69998676600005,-7.4879981889999385,0],[111.69991857500008,-7.4880916319999642,0],[111.69973854400007,-7.4879734549999739,0],[111.69956914500005,-7.4877547469999399,0],[111.69964453500006,-7.4876648829999795,0],[111.69956524500009,-7.4875644939999688,0],[111.69976268700009,-7.4873236649999626,0],[111.69987726800008,-7.4872805729999641,0],[111.69989194300007,-7.4871798679999415,0],[111.69982720000007,-7.4871799709999323,0],[111.69976601500008,-7.4871549399999253,0],[111.69968686700008,-7.4871442959999399,0],[111.69956816600006,-7.487140894999925,0],[111.69944229500004,-7.4871518639999408,0],[111.69926612500007,-7.4871988109999279,0],[111.69873339600008,-7.4869483709999258,0],[111.69888400500008,-7.4866609489999405,0],[111.69894851200007,-7.4865136649999613,0],[111.69896989900008,-7.4863915789999282,0],[111.69900920700007,-7.4862299749999579,0],[111.69914184800007,-7.4859533519999673,0],[111.69926738800007,-7.4857341749999478,0],[111.69937149500004,-7.4856083669999407,0],[111.69945064800004,-7.4856226009999318,0],[111.69952621600004,-7.4856440199999383,0],[111.69957656500009,-7.485640349999926,0],[111.69961964000004,-7.4855864349999592,0],[111.69972015100007,-7.4854606319999561,0],[111.69978476200004,-7.485377964999941,0],[111.69979904000007,-7.4853097359999765,0],[111.69975939500006,-7.4852595419999375,0],[111.69970892500004,-7.4851878269999474,0],[111.69968002500008,-7.4851088969999751,0],[111.69969788900005,-7.4850334829999383,0],[111.69955378300006,-7.4848865309999724,0],[111.69942441200004,-7.4849585319999505,0],[111.69926987600007,-7.4850377529999719,0],[111.69909378700004,-7.4851349559999676,0],[111.69885309300008,-7.4853184169999736,0],[111.69868727400006,-7.4850889329999291,0],[111.69892800800005,-7.4849306009999736,0],[111.69886664500007,-7.4847942859999534,0],[111.69893131900005,-7.4847511059999761,0],[111.69885208700003,-7.4846866159999763,0],[111.69868689100008,-7.4848484189999454,0],[111.69861852900004,-7.4848341679999635,0],[111.69852845500009,-7.4847373859999493,0],[111.69844927900004,-7.4847087929999816,0],[111.69835583100007,-7.4847520189999273,0],[111.69821917500008,-7.4847665939999501,0],[111.69812559600007,-7.4847272549999389,0],[111.69808953100005,-7.4846662859999356,0],[111.69808218900005,-7.4845729629999482,0],[111.69808208100005,-7.4845047569999679,0],[111.69810708100005,-7.4843934339999691,0],[111.69812488300005,-7.4842785329999515,0],[111.69818939000004,-7.4841312489999723,0],[111.69835117200006,-7.4840843249999693,0],[111.69825697600004,-7.4836572899999396,0],[111.69824599100008,-7.4835352539999462,0],[111.69822065400007,-7.4834347809999713,0],[111.69818813400008,-7.4833414969999694,0],[111.69813058000005,-7.4833379989999571,0],[111.69806233800006,-7.4833991329999776,0],[111.69807102300007,-7.483599015999971,0],[111.69789744500008,-7.4837511939999786,0],[111.69784757500008,-7.484056404999933,0],[111.69747343500006,-7.4840103299999328,0],[111.69709219700007,-7.4840252919999557,0],[111.69684380700005,-7.4838928629999373,0],[111.69653421000004,-7.4837210419999565,0],[111.69631438900007,-7.4834593349999636,0],[111.69618462000005,-7.4832800509999515,0],[111.69659784100008,-7.4830209329999775,0],[111.69649041300005,-7.482859019999978,0],[111.69667706000007,-7.4827517379999335,0],[111.69691741300005,-7.4826787989999275,0],[111.69715098700004,-7.4825420179999469,0],[111.69733061600004,-7.4824089119999257,0],[111.69744195000004,-7.4823046319999662,0],[111.69754961400008,-7.4821536899999614,0],[111.69767505700008,-7.4818734879999624,0],[111.69769643800004,-7.4817478109999342,0],[111.69772855200006,-7.4815862199999401,0],[111.69774989400008,-7.4814354149999645,0],[111.69776401300004,-7.4812666729999364,0],[111.69781058800004,-7.4811517249999611,0],[111.69786434600007,-7.4810295879999558,0],[111.69791454600005,-7.4809325839999588,0],[111.69800785700005,-7.4808032039999262,0],[111.69809770200004,-7.4807563939999682,0],[111.69815160200005,-7.4807240009999418,0],[111.69820905900008,-7.4806664729999284,0],[111.69824491800006,-7.4805982109999718,0],[111.69824832100005,-7.4804761519999374,0],[111.69822662000007,-7.4804008009999734,0],[111.69819057300003,-7.480350600999941,0],[111.69816125600005,-7.4803068619999635,0],[111.69808121800008,-7.479935783999963,0],[111.69813002400008,-7.4796344149999641,0],[111.69816951000007,-7.479201805999935,0],[111.69819023200006,-7.4790995709999493,0],[111.69833000000006,-7.4784099999999398,0],[111.69832802000008,-7.4783641549999516,0],[111.69841218100004,-7.4782390259999261,0],[111.69854067200004,-7.4781581229999574,0],[111.69874054700006,-7.4780962579999368,0],[111.69880003400004,-7.4780629449999765,0],[111.69885952000004,-7.4780296349999276,0],[111.69895469800008,-7.4779582489999257,0],[111.69916884900005,-7.4778773479999359,0],[111.69928306400004,-7.4777393409999604,0],[111.69938775900005,-7.4776869909999277,0],[111.69954480400008,-7.4776156059999721,0],[111.69967805400006,-7.4774966329999302,0],[111.69980654500006,-7.4774109729999623,0],[111.69994050900004,-7.4773388749999299,0],[111.70003473600008,-7.4772753429999739,0],[111.70012111000005,-7.4772253749999322,0],[111.70019177900008,-7.4772118139999293,0],[111.70027899100006,-7.4771586829999706,0],[111.70031598700007,-7.4771361459999639,0],[111.70037880500007,-7.4770990259999621,0],[111.70040457300007,-7.4770677749999663,0],[111.70044590600008,-7.4770176479999577,0],[111.70045545000005,-7.4769541519999621,0],[111.70046732200007,-7.4769462639999347,0],[111.70057867900005,-7.4768691699999295,0],[111.70064435200004,-7.4768520379999472,0],[111.70068861200008,-7.4768120629999544,0],[111.70082988300004,-7.4767598939999402,0],[111.70104800100006,-7.4766019989999677,0],[111.70121200000006,-7.4764890009999476,0],[111.70161800000005,-7.4762970019999671,0],[111.70175400000005,-7.4762059999999337,0],[111.70178826500006,-7.476185495999971,0],[111.70180458000004,-7.4761428099999421,0],[111.70183075200003,-7.4761202069999513,0],[111.70184383900005,-7.4760892739999463,0],[111.70187120300005,-7.4760274059999574,0],[111.70192950200004,-7.4759845739999378,0],[111.70199850500006,-7.4759250909999651,0],[111.70204728400006,-7.4758858279999458,0],[111.70211747700006,-7.4758108749999792,0],[111.70219243100007,-7.4757383009999785,0],[111.70224596900005,-7.4756681069999331,0],[111.70226738400004,-7.4756431229999407,0],[111.70234114700008,-7.4756157589999361,0],[111.70239349500008,-7.4755931539999665,0],[111.70243751500004,-7.475566980999929,0],[111.70248391400008,-7.4755598439999744,0],[111.70253864200004,-7.4755455649999476,0],[111.70256838500006,-7.4755312869999671,0],[111.70259931900006,-7.4755241489999662,0],[111.70263025200006,-7.4755015449999291,0],[111.70267546100007,-7.4754682329999582,0],[111.70271591200009,-7.4754515769999443,0],[111.70276945000006,-7.4754301599999735,0],[111.70283131700006,-7.4754063659999588,0],[111.70286343900005,-7.4753968489999352,0],[111.70290388900008,-7.4753575899999305,0],[111.70294790900005,-7.4753242749999345,0],[111.70304427800005,-7.4753409309999483,0],[111.70307997000003,-7.4753409309999483,0],[111.70313469800004,-7.4753159459999665,0],[111.70326199900006,-7.4752683579999371,0],[111.70334171100006,-7.4752267179999308,0],[111.70337978300006,-7.4751874559999578,0],[111.70345711300007,-7.4751767489999565,0],[111.70353206700008,-7.4751541439999301,0],[111.70359631300005,-7.4751220209999474,0],[111.70367364500004,-7.475085139999976,0],[111.70375930500006,-7.4750565859999369,0],[111.70386638100007,-7.4750054289999639,0],[111.70389850500004,-7.4749733069999706,0],[111.70394490400008,-7.4749019209999688,0],[111.70400201100006,-7.4748721799999771,0],[111.70407815500005,-7.4748400549999587,0],[111.70414477900005,-7.4748341059999461,0],[111.70421735300005,-7.4748352979999595,0],[111.70427089000009,-7.4748126919999436,0],[111.70432561800004,-7.4747793789999264,0],[111.70437201700008,-7.4747365469999636,0],[111.70442198500007,-7.4746853899999337,0],[111.70453976900006,-7.474581882999928,0],[111.70467500100006,-7.4745200009999735,0],[111.70467079400004,-7.4744095849999326,0],[111.70474217700007,-7.4743025089999264,0],[111.70482545900006,-7.4742103059999749,0],[111.70492063700004,-7.4740705109999794,0],[111.70500094500005,-7.4739634349999733,0],[111.70502176400004,-7.4739009769999711,0],[111.70520319800005,-7.4736808759999462,0],[111.70534596600004,-7.473538107999957,0],[111.70540842600008,-7.473428055999932,0],[111.70557796300005,-7.4733120589999658,0],[111.70569098700008,-7.4731901119999407,0],[111.70573262800008,-7.4731038559999661,0],[111.70588729300005,-7.4729610909999451,0],[111.70600626600009,-7.4728599609999264,0],[111.70602708600006,-7.472812370999975,0],[111.70603303500008,-7.4727618089999623,0],[111.70609081000003,-7.472690904999979,0],[111.70612226400004,-7.4724346329999776,0],[111.70613500000007,-7.472288998999943,0],[111.70614400000005,-7.4722649999999362,0],[111.70604725900006,-7.4720054479999476,0],[111.70602100100007,-7.4719349999999736,0],[111.70600200100006,-7.4718129999999405,0],[111.70601000000005,-7.4716399999999794,0],[111.70594000000006,-7.471497000999932,0],[111.70577800000007,-7.4712599999999725,0],[111.70570499900003,-7.4710799989999259,0],[111.70570399900004,-7.4706749999999715,0],[111.70572100000004,-7.4704979989999742,0],[111.70569800000004,-7.4700760019999279,0],[111.70568620100005,-7.4698193669999569,0],[111.70575925500009,-7.4695238089999521,0],[111.70577710100008,-7.4693096569999398,0],[111.70580089500004,-7.469065761999957,0],[111.70580684400005,-7.4687921239999469,0],[111.70580700100004,-7.4682729989999643,0],[111.70584548000005,-7.4676380839999297,0],[111.70584980600006,-7.4675667019999423,0],[111.70588900000007,-7.4669199999999591,0],[111.70590307200007,-7.4667964679999272,0],[111.70592500100008,-7.46660400199994,0],[111.70593051900005,-7.4665165449999336,0],[111.70594270300006,-7.4663234339999462,0],[111.70595799900008,-7.4660809999999742,0],[111.70595500000007,-7.4658079999999813,0],[111.70596420100009,-7.465699117999975,0],[111.70596825300004,-7.4656661549999512,0],[111.70597650100007,-7.4655990509999697,0],[111.70625299300008,-7.4656631329999641,0],[111.70666345000006,-7.4656988239999578,0],[111.70688355000004,-7.4656452869999725,0],[111.70699062600005,-7.4655322629999432,0],[111.70718098300006,-7.4653597519999266,0],[111.70759143900005,-7.4648124759999632,0],[111.70785318000009,-7.4643663259999471,0],[111.70796620400006,-7.463997509999956,0],[111.70798999900006,-7.4635037719999673,0],[111.70801379400007,-7.4627661389999389,0],[111.70805305500005,-7.462432061999948,0],[111.70812443900007,-7.4622607409999659,0],[111.70827672400009,-7.4621512869999265,0],[111.70850991200007,-7.462094178999962,0],[111.70959494500005,-7.4617277429999262,0],[111.70999945400007,-7.461584974999937,0],[111.71032306100005,-7.4613803409999377,0],[111.71087509600005,-7.4609615559999725,0],[111.71175073800003,-7.4602953069999671,0],[111.71225994200006,-7.4596861649999369,0],[111.71259306700006,-7.4594387009999537,0],[111.71310227100008,-7.4590294329999551,0],[111.71331166400006,-7.4589342549999742,0],[111.71349726200003,-7.4588866659999553,0],[111.71358768200008,-7.4585868539999751,0],[111.71366858300007,-7.4580728899999258,0],[111.71371141400004,-7.4573019449999265,0],[111.71376693400003,-7.4564929279999319,0],[111.71387163000009,-7.4545798409999406,0],[111.71399536200005,-7.4531331289999798,0],[111.71436655900004,-7.4531331299999692,0],[111.71483293300008,-7.4531140939999432,0],[111.71502322300006,-7.4529999259999613,0],[111.71526305000003,-7.4530354359999365,0],[111.71571919900003,-7.4528897569999799,0],[111.71615792500006,-7.4527694769999471,0],[111.71678300000008,-7.4526889999999639,0],[111.71678350500008,-7.4525870309999505,0],[111.71663054600003,-7.4522108469999466,0],[111.71658972400007,-7.4520221679999281,0],[111.71676773000007,-7.4517918189999364,0],[111.71688726400004,-7.4515762379999728,0],[111.71711457600009,-7.4512886869999306,0],[111.71762581400009,-7.4511406869999632,0],[111.71808881800007,-7.4510490689999642,0],[111.71834580000007,-7.4506350419999308,0],[111.71807600000005,-7.4499470009999413,0],[111.71793100000008,-7.4496889989999318,0],[111.71770700000008,-7.4493689999999333,0],[111.71760099900007,-7.449154999999962,0],[111.71753300000006,-7.4487800019999781,0],[111.71743208700008,-7.4483364829999346,0],[111.71769420200008,-7.4480082299999708,0],[111.71802770100004,-7.4480654499999446,0],[111.71849100000009,-7.4476909999999634,0],[111.71896100000004,-7.4473940019999532,0],[111.71943600000009,-7.4470859999999561,0],[111.71969500000006,-7.446948999999961,0],[111.72031599400009,-7.4465649739999549,0],[111.72117260000005,-7.4462794389999658,0],[111.72174367000008,-7.4462984739999456,0],[111.72227667000004,-7.4462223319999339,0],[111.72314227700008,-7.4461869079999587,0],[111.72276303800004,-7.4460024099999487,0],[111.72235868100006,-7.4458245679999777,0],[111.72169492300009,-7.4455379899999343,0],[111.72097011200009,-7.4452747699999691,0],[111.72096851800006,-7.4452733989999729,0],[111.72096755300004,-7.4452725689999397,0],[111.72088407000007,-7.4452007699999285,0],[111.72088376500005,-7.4452005069999814,0],[111.72088350600006,-7.4452002849999417,0],[111.72088327600005,-7.4452000869999324,0],[111.72088302000009,-7.4451998669999284,0],[111.72088252600008,-7.4451994429999786,0],[111.72087786200007,-7.4451954319999345,0],[111.72083178200006,-7.4451558009999417,0],[111.72079079400004,-7.4451205489999666,0],[111.72058865300005,-7.4449466989999564,0],[111.72011849900008,-7.4446888759999297,0],[111.72011562500006,-7.4446872999999414,0],[111.71944425200007,-7.4444231359999549,0],[111.71881100900004,-7.444085055999949,0],[111.71777340900007,-7.4436940699999354,0],[111.71670529500005,-7.4432138849999774,0],[111.71618649500004,-7.4428910619999442,0],[111.71571346700006,-7.4424938609999458,0],[111.71567964600007,-7.4424352759999692,0],[111.71551307300007,-7.4421467329999587,0],[111.71544645100005,-7.4420313279999277,0],[111.71530281700007,-7.4417745449999302,0],[111.71519466700005,-7.4415811979999376,0],[111.71519443000005,-7.4415808349999679,0],[111.71501206100004,-7.4413019819999704,0],[111.71488187800009,-7.4411029239999493,0],[111.71472290700007,-7.4408935059999521,0],[111.71458432300005,-7.4407109459999674,0],[111.71415709200005,-7.4402083949999565,0],[111.71372219500006,-7.4396867179999617,0],[111.71338800000007,-7.4391697419999332,0],[111.71338650800004,-7.4391674339999554,0],[111.71335599400004,-7.4391741079999747,0],[111.71287532500008,-7.4386434119999763,0],[111.71269482600007,-7.4384573419999356,0],[111.71237944800004,-7.4381322279999722,0],[111.71210967000007,-7.4378748189999442,0],[111.71180723500004,-7.4375862509999706,0],[111.71173644400005,-7.4375188039999784,0],[111.71118245800005,-7.4369909829999301,0],[111.71118163300008,-7.4369901969999432,0],[111.71086117900006,-7.436645925999926,0],[111.71032712200008,-7.4362210639999375,0],[111.70964810700008,-7.4358071799999266,0],[111.70926632200008,-7.4355807169999366,0],[111.70882411100007,-7.4353184109999688,0],[111.70882405500004,-7.4353183579999609,0],[111.70882399900006,-7.4353183059999424,0],[111.70878777000007,-7.4352840879999462,0],[111.70876125000007,-7.435259040999938,0],[111.70864401500006,-7.4351483149999353,0],[111.70864360100006,-7.4351479239999776,0],[111.70864303200005,-7.435147385999926,0],[111.70864268100007,-7.4351470539999696,0],[111.70862055600008,-7.4351261579999459,0],[111.70861930600006,-7.4351249769999299,0],[111.70861927500005,-7.435124946999963,0],[111.70861924400003,-7.4351249169999392,0],[111.70861878300008,-7.4351244829999814,0],[111.70861876400005,-7.4351244649999444,0],[111.70861874400003,-7.4351244469999642,0],[111.70861812400005,-7.4351238609999655,0],[111.70861796000008,-7.4351237699999615,0],[111.70861042800004,-7.4351195919999782,0],[111.70861039900007,-7.4351195759999769,0],[111.70861036900004,-7.4351195589999293,0],[111.70860856100006,-7.4351185559999635,0],[111.70849076800005,-7.4350532259999795,0],[111.70849051700009,-7.4350530869999716,0],[111.70849027500009,-7.4350529529999676,0],[111.70849019800005,-7.4350529099999676,0],[111.70849012100007,-7.4350528669999676,0],[111.70848944500005,-7.4350524919999543,0],[111.70837398200007,-7.4349884549999388,0],[111.70786156700007,-7.4346249179999404,0],[111.70763396200005,-7.4344634409999344,0],[111.70755159500004,-7.4344109059999255,0],[111.70743033400004,-7.4343335629999387,0],[111.70703898500005,-7.4340839529999698,0],[111.70703891800008,-7.4340839099999698,0],[111.70703885100005,-7.4340838679999592,0],[111.70638635700004,-7.4336760869999807,0],[111.70624539300007,-7.4335879899999782,0],[111.70551296600007,-7.4330792009999413,0],[111.70541881200006,-7.4329990359999556,0],[111.70488736400006,-7.4325465459999691,0],[111.70414729600009,-7.4319900979999716,0],[111.70391305400005,-7.431825397999944,0],[111.70341487700006,-7.4314751189999697,0],[111.70326229400007,-7.4313678339999569,0],[111.70207769500007,-7.4303957519999813,0],[111.70196529400005,-7.4303035149999346,0],[111.70186000000007,-7.4302324379999618,0],[111.70139310500008,-7.4299172689999295,0],[111.70081882700003,-7.4295540299999629,0],[111.70069880900007,-7.4294781169999737,0],[111.70048495200007,-7.4293178449999573,0],[111.70036056100008,-7.4292246209999462,0],[111.69990537600006,-7.4288834889999293,0],[111.69959252200005,-7.4286117329999684,0],[111.69953153400007,-7.4285587559999726,0],[111.69942822400009,-7.4284668169999577,0],[111.69898983600007,-7.4280766849999509,0],[111.69872241200005,-7.4278403249999769,0],[111.69855498800007,-7.4276923479999368,0],[111.69795223600005,-7.4271978729999546,0],[111.69760129100007,-7.4269398999999794,0],[111.69706723400009,-7.4265436429999454,0],[111.69650266200006,-7.4261063769999396,0],[111.69634676700008,-7.4259905289999324,0],[111.69580839000008,-7.4255904549999627,0],[111.69580609200005,-7.4255888209999625,0],[111.69575528300004,-7.4255527019999477,0],[111.69519802200006,-7.4251565499999401,0],[111.69484974400007,-7.4248979789999794,0],[111.69469447900008,-7.424782706999963,0],[111.69457237500006,-7.4246997779999333,0],[111.69428844200007,-7.4245069389999685,0],[111.69395445900005,-7.4242801079999481,0],[111.69383940000006,-7.4241999599999531,0],[111.69383596700004,-7.4241975689999435,0],[111.69323890700008,-7.4237816689999363,0],[111.69323813100004,-7.4237811279999733,0],[111.69293096200005,-7.4235671609999372,0],[111.69271800000007,-7.4234188159999803,0],[111.69271648700004,-7.4234177619999286,0],[111.69271645600008,-7.4234177399999339,0],[111.69271617900006,-7.4234175469999286,0],[111.69271613300003,-7.423417514999926,0],[111.69271608700006,-7.4234174829999802,0],[111.69271586100007,-7.4234173259999352,0],[111.69270202100006,-7.4234076849999724,0],[111.69269740100009,-7.4234044669999548,0],[111.69269682200007,-7.423404062999964,0],[111.69269650700005,-7.4234038439999495,0],[111.69269642900008,-7.4234037889999627,0],[111.69269635100005,-7.4234037349999653,0],[111.69269596000004,-7.4234034629999428,0],[111.69269574400005,-7.4234033119999481,0],[111.69269566800006,-7.4234032589999401,0],[111.69269559100007,-7.4234032059999322,0],[111.69269531900005,-7.4234030269999494,0],[111.69269504000005,-7.4234028429999626,0],[111.69265721500005,-7.4233779839999556,0],[111.69260238100009,-7.4233419449999474,0],[111.69256021700005,-7.4233142329999282,0],[111.69153557200008,-7.4226407969999286,0]]]},"properties":{"OBJECTID":3842,"NAMOBJ":"Pilangkenceng","FCODE":"BA03070040","REMARK":null,"METADATA":"TASWIL1000020260612KECAMATAN_AR","SRS_ID":"4326","KDBBPS":null,"KDCBPS":null,"KDCPUM":"35.19.13","KDEBPS":null,"KDEPUM":null,"KDPBPS":null,"KDPKAB":"35.19","KDPPUM":"35","LUASWH":90.116513030684189,"TIPADM":3,"WADMKC":"Pilangkenceng","WADMKD":null,"WADMKK":"Madiun","WADMPR":"Jawa Timur","WIADKC":null,"WIADKK":null,"WIADPR":null,"WIADKD":null,"UUPP":null,"SHAPE_Length":0.56606699682632022,"SHAPE_Area":0.0073822171811112119}}]}