{"type":"FeatureCollection","features":[{"type":"Feature","id":3966,"geometry":{"type":"MultiPolygon","coordinates":[[[[112.65015647000007,-7.140100934999964,0],[112.65018026400003,-7.1400985559999413,0],[112.65019573100005,-7.1400937969999632,0],[112.65021952600011,-7.1400842789999501,0],[112.65023975100007,-7.1400688129999708,0],[112.65025426500006,-7.1400441289999321,0],[112.6502587870001,-7.1400236029999746,0],[112.65026711500002,-7.1400105159999612,0],[112.65028912500009,-7.1399706599999604,0],[112.65029566800001,-7.1399450809999507,0],[112.65029705100005,-7.139913053999976,0],[112.65029864300004,-7.1398957069999369,0],[112.65029328900005,-7.1398826199999803,0],[112.65028615000006,-7.1398689379999496,0],[112.65027901200006,-7.1398534709999808,0],[112.65026116600006,-7.1398255129999484,0],[112.65024926900003,-7.1398148049999577,0],[112.65023975100007,-7.1398046929999737,0],[112.65022250000004,-7.1397957699999779,0],[112.65020168000001,-7.1397838719999527,0],[112.65018740300002,-7.1397767339999518,0],[112.65016836700011,-7.1397719749999737,0],[112.65015052100011,-7.1397690009999337,0],[112.65013148600008,-7.1397713799999565,0],[112.65012018300001,-7.1397737599999687,0],[112.65010769100002,-7.1397803029999523,0],[112.65009579400009,-7.1397862519999649,0],[112.65004245800003,-7.1398204419999729,0],[112.64997672400011,-7.1398760739999716,0],[112.64993934100005,-7.1399111199999652,0],[112.64989027700005,-7.1399578479999377,0],[112.64991045000011,-7.1399847459999251,0],[112.64993220600002,-7.1400194389999569,0],[112.6499381540001,-7.1400253879999696,0],[112.64994767200005,-7.1400366899999312,0],[112.64995659500005,-7.1400497769999447,0],[112.64996908700004,-7.1400592949999577,0],[112.64998633800008,-7.1400682179999535,0],[112.65001013300002,-7.1400777359999665,0],[112.65002797900001,-7.1400866589999623,0],[112.65004285100008,-7.14009082299998,0],[112.65006545500012,-7.1400967709999463,0],[112.65009103500006,-7.1400985559999413,0],[112.65011364000009,-7.1400997459999758,0],[112.650141598,-7.1401015299999813,0],[112.65015647000007,-7.140100934999964,0]]],[[[112.64148331600006,-7.1073137819999488,0],[112.64143742800002,-7.1073169919999373,0],[112.64140030800002,-7.1073155649999649,0],[112.64137746600011,-7.1073141369999462,0],[112.64136461700002,-7.1073155649999649,0],[112.64134034600011,-7.1073269859999755,0],[112.64131179300011,-7.1073412629999666,0],[112.64128466700004,-7.107351256999948,0],[112.64124326400008,-7.1073583939999594,0],[112.64121185500005,-7.1073612499999399,0],[112.64116759700005,-7.1073669599999789,0],[112.64112619500008,-7.1073755259999416,0],[112.64109478600005,-7.1073869489999311,0],[112.64103910600011,-7.1073969419999798,0],[112.64099913100006,-7.1073983699999417,0],[112.64096915000005,-7.1073997979999604,0],[112.64094916300007,-7.1074040809999701,0],[112.64091489800001,-7.1074097909999523,0],[112.64088491700011,-7.1074140739999621,0],[112.64086493000002,-7.1074140739999621,0],[112.64084065900011,-7.1074055079999425,0],[112.64082352700007,-7.1073955149999506,0],[112.64080068400006,-7.1073840919999611,0],[112.64078069700008,-7.1073855199999798,0],[112.64075071600007,-7.1073955149999506,0],[112.64072216200009,-7.1074069359999612,0],[112.64067647600007,-7.1074197849999337,0],[112.64064078500007,-7.1074269229999345,0],[112.64060081000002,-7.1074326339999629,0],[112.64056940100011,-7.1074340619999248,0],[112.64054798600012,-7.1074326339999629,0],[112.64053085300009,-7.1074269229999345,0],[112.64051800400011,-7.1074155019999807,0],[112.6405109530001,-7.1074084489999336,0],[112.64049944500005,-7.1073969419999798,0],[112.64047089100006,-7.1073840919999611,0],[112.64045375900002,-7.107378381999979,0],[112.64043377100006,-7.1073826649999319,0],[112.64042806100008,-7.1073926579999807,0],[112.64042948800011,-7.1074069359999612,0],[112.64044033700009,-7.1074226449999287,0],[112.64044091000005,-7.1074426279999443,0],[112.64042948800011,-7.1074640429999363,0],[112.64041235600007,-7.1074854579999283,0],[112.64039379600001,-7.1075011619999486,0],[112.64036809800007,-7.1075040169999397,0],[112.64035096600003,-7.1074983069999575,0],[112.64032241300004,-7.1074968799999283,0],[112.64031099100009,-7.1074983069999575,0],[112.6402967140001,-7.1075040169999397,0],[112.64027672700001,-7.1075182949999771,0],[112.64024817300003,-7.1075282889999585,0],[112.64022247500009,-7.1075397089999797,0],[112.64019820500005,-7.1075511309999797,0],[112.64016822400004,-7.1075625529999797,0],[112.64014395300001,-7.1075739729999441,0],[112.64011968300008,-7.1075911059999726,0],[112.64008827400005,-7.1076168039999743,0],[112.64005115400005,-7.1076439299999379,0],[112.64001546200006,-7.1076681999999778,0],[112.63997548700002,-7.1076881879999405,0],[112.63991980800006,-7.1077138849999528,0],[112.63988982700005,-7.107726735999961,0],[112.63986412800011,-7.1077410119999627,0],[112.63982272600003,-7.1077581429999555,0],[112.63978132300008,-7.107772420999936,0],[112.63974848700002,-7.1077881259999458,0],[112.63970565600005,-7.1078152519999662,0],[112.63966139800004,-7.1078395219999493,0],[112.63961428500011,-7.1078580809999607,0],[112.6395843040001,-7.1078709309999795,0],[112.63955004000002,-7.1078894909999804,0],[112.63951434800003,-7.1079080509999812,0],[112.63948293900012,-7.1079208989999643,0],[112.63945438500002,-7.1079308929999456,0],[112.63939753600005,-7.1079502099999559,0],[112.63938332900011,-7.1079549879999604,0],[112.63936158600006,-7.1079623019999758,0],[112.63934445400002,-7.107968011999958,0],[112.63932875000012,-7.1079737239999758,0],[112.63930876200004,-7.1079851449999296,0],[112.63929734100009,-7.1079951379999784,0],[112.63928163600008,-7.1080094159999589,0],[112.63928122600009,-7.1080100599999696,0],[112.63927164300003,-7.1080251189999331,0],[112.63925879400006,-7.1080408239999429,0],[112.63923309500001,-7.108055100999934,0],[112.63920597000003,-7.1080593829999543,0],[112.63919448400009,-7.1080634869999813,0],[112.63918108400003,-7.1080719639999757,0],[112.6391731330001,-7.1080807979999463,0],[112.63915742900008,-7.1081036419999464,0],[112.63914172400007,-7.1081193469999562,0],[112.63910888800001,-7.1081364789999384,0],[112.63908604500011,-7.1081407619999482,0],[112.63906748500006,-7.1081450449999579,0],[112.63903750400004,-7.1081621759999507,0],[112.63900466700011,-7.10818644699998,0],[112.63898325200012,-7.1082035799999517,0],[112.63896183700001,-7.108219283999972,0],[112.63893471100005,-7.1082307049999258,0],[112.63890473000004,-7.1082421269999259,0],[112.63887474900002,-7.1082492649999267,0],[112.63885333300004,-7.108262113999956,0],[112.63883049100002,-7.1082821009999293,0],[112.63881335800011,-7.1083035169999675,0],[112.63879194300011,-7.1083192199999417,0],[112.63875339600008,-7.1083392079999612,0],[112.6387105660001,-7.1083534859999418,0],[112.63867630100003,-7.1083663349999711,0],[112.63864774800004,-7.1083791839999435,0],[112.63862490500003,-7.1083948869999745,0],[112.6386077730001,-7.1084120189999567,0],[112.63858921300005,-7.1084291519999283,0],[112.63856637000004,-7.1084462849999568,0],[112.63855352100006,-7.1084591329999398,0],[112.63853781700004,-7.1084791209999594,0],[112.63852548200009,-7.10849706099998,0],[112.63852544800011,-7.1084971109999628,0],[112.63852211200003,-7.10850196399997,0],[112.63851827100007,-7.1085091359999524,0],[112.6385182360001,-7.1085092009999471,0],[112.63850759100001,-7.1085290779999468,0],[112.63849895700002,-7.1085463039999581,0],[112.63849515600009,-7.1085521259999496,0],[112.63847619300009,-7.1085811709999689,0],[112.63846262600009,-7.1085966669999721,0],[112.6384483490001,-7.1086137979999648,0],[112.63843216900011,-7.1086366409999755,0],[112.63841503700007,-7.1086556759999553,0],[112.63839219400006,-7.1086813749999465,0],[112.63837601400007,-7.1087137359999701,0],[112.63836459200002,-7.1087413369999695,0],[112.63835602600011,-7.1087936859999559,0],[112.63833699000008,-7.1088574549999635,0],[112.63833304100001,-7.1088895409999395,0],[112.63832937600012,-7.1089193209999735,0],[112.63832461700008,-7.1089431159999776,0],[112.63831034000009,-7.1089678609999396,0],[112.63828654600002,-7.108998794999934,0],[112.63827168300008,-7.1090040889999386,0],[112.63825370900008,-7.1090030779999438,0],[112.6382479990001,-7.1089945119999811,0],[112.63824514300006,-7.1089788079999607,0],[112.63824086000011,-7.1089602479999598,0],[112.63823086600007,-7.10894454299995,0],[112.638219445,-7.1089388329999679,0],[112.63820945100008,-7.108941687999959,0],[112.63820231300008,-7.1089488269999492,0],[112.63819660200011,-7.1089631029999509,0],[112.63819231900004,-7.1089802349999331,0],[112.63818232500012,-7.1090016509999714,0],[112.63816804900011,-7.1090216379999447,0],[112.63814663300002,-7.1090387689999375,0],[112.63811808000003,-7.1090530469999749,0],[112.63808809900002,-7.1090658959999473,0],[112.63804812400008,-7.1090758889999393,0],[112.63798387800011,-7.1090844549999588,0],[112.63794104800002,-7.1090930209999783,0],[112.63792091100004,-7.109101500999941,0],[112.63789845600002,-7.1091141979999293,0],[112.6378936970001,-7.1091189579999536,0],[112.6378936970001,-7.1091275239999732,0],[112.63789560000009,-7.1091408489999708,0],[112.63789560000009,-7.1091522709999708,0],[112.63789561600004,-7.1091668259999778,0],[112.63788007000005,-7.109179964999953,0],[112.63786520000008,-7.1091848059999734,0],[112.63784800900009,-7.1091904019999674,0],[112.63783373400008,-7.1091884379999328,0],[112.63782612000011,-7.1091922449999743,0],[112.6378225520001,-7.1091986889999248,0],[112.63781755400009,-7.1092074729999695,0],[112.63780708400009,-7.1092141369999808,0],[112.6377909040001,-7.1092150879999281,0],[112.63778093100007,-7.1092122389999304,0],[112.63777091700001,-7.1092093779999459,0],[112.63775759200007,-7.1092008109999369,0],[112.63774426700002,-7.1091931969999678,0],[112.63772903800009,-7.1091789209999661,0],[112.63771952000002,-7.1091646439999749,0],[112.6377128580001,-7.1091522709999708,0],[112.63770809900006,-7.1091446559999554,0],[112.63769287000002,-7.1091408489999708,0],[112.63767669000003,-7.109146558999953,0],[112.63765670200007,-7.1091570299999489,0],[112.6376367150001,-7.109157980999953,0],[112.63762053500011,-7.1091646439999749,0],[112.63760530600007,-7.1091817759999572,0],[112.63759872200001,-7.1091874189999658,0],[112.63758627000004,-7.1091931969999678,0],[112.63757580100003,-7.1091931969999678,0],[112.6375605720001,-7.1091865349999352,0],[112.63754629500011,-7.1091798709999807,0],[112.6375320190001,-7.1091808239999636,0],[112.63751203100003,-7.1091903419999767,0],[112.63749375200007,-7.1092079619999708,0],[112.63747871900011,-7.1092207979999671,0],[112.63745397200012,-7.1092341239999541,0],[112.63743874400006,-7.1092360279999411,0],[112.63742161200003,-7.1092455449999647,0],[112.6374063830001,-7.1092560149999713,0],[112.6373797330001,-7.109265531999938,0],[112.63735498700009,-7.1092674369999713,0],[112.63733975800005,-7.1092645799999445,0],[112.63731406000011,-7.1092617259999429,0],[112.63729026500005,-7.1092541109999274,0],[112.63727218200006,-7.1092426899999737,0],[112.63726171200005,-7.1092341239999541,0],[112.63724648300001,-7.1092265099999281,0],[112.63723125500007,-7.1092246049999517,0],[112.63721412300004,-7.1092284119999363,0],[112.63719603900006,-7.1092341239999541,0],[112.63717795500008,-7.1092407859999298,0],[112.63716272600004,-7.1092483999999558,0],[112.63714654600005,-7.1092569659999754,0],[112.63713036600006,-7.1092683879999754,0],[112.63711989600006,-7.1092750509999405,0],[112.63710657100012,-7.1092855189999682,0],[112.63709895700003,-7.1092959899999641,0],[112.6370980050001,-7.1093064589999813,0],[112.63710371600007,-7.1093188329999748,0],[112.63710942600005,-7.1093350119999741,0],[112.63710657100012,-7.1093502419999481,0],[112.63709515000005,-7.1093597589999717,0],[112.63707896900007,-7.1093683249999344,0],[112.6370608850001,-7.1093806979999385,0],[112.63704375300006,-7.1093940239999256,0],[112.63703899400002,-7.1094016379999516,0],[112.6370342350001,-7.1094149629999492,0],[112.63700663400004,-7.1094140109999557,0],[112.63698759800002,-7.1093968779999273,0],[112.63697522500001,-7.1093778439999369,0],[112.63696475500001,-7.1093607109999652,0],[112.63695333400005,-7.10934548299997,0],[112.6369438160001,-7.1093321579999724,0],[112.63693810500001,-7.1093216879999659,0],[112.63693667900009,-7.1093060649999416,0],[112.63694096100005,-7.1092902779999463,0],[112.63694191200011,-7.1092779049999422,0],[112.63693525000008,-7.1092617259999429,0],[112.63692382800002,-7.1092522079999299,0],[112.63691240700007,-7.1092474489999518,0],[112.63689146800004,-7.1092426899999737,0],[112.63687623900012,-7.1092388829999322,0],[112.63686196200001,-7.1092369779999558,0],[112.63684483000009,-7.1092426899999737,0],[112.63683340900002,-7.1092522079999299,0],[112.63682579500005,-7.1092664849999778,0],[112.63682769800005,-7.1092902779999463,0],[112.63683245700008,-7.1093159779999269,0],[112.63683402100003,-7.1093422969999551,0],[112.6368286500001,-7.1093530969999392,0],[112.63682674600011,-7.1093664219999368,0],[112.63681627700009,-7.1093883119999646,0],[112.63680104800005,-7.1094063969999297,0],[112.63678391600001,-7.1094102039999711,0],[112.63676963900002,-7.1094082999999273,0],[112.63675726600002,-7.1094025899999451,0],[112.63674774800006,-7.1093911689999345,0],[112.63674515300011,-7.109373661999939,0],[112.6367506040001,-7.1093540489999327,0],[112.63675345900003,-7.1093464349999635,0],[112.63675155500005,-7.1093369169999505,0],[112.63674394100008,-7.1093293029999813,0],[112.63673727900004,-7.109328350999931,0],[112.63672871300002,-7.1093312049999327,0],[112.63672109800007,-7.1093369169999505,0],[112.63670967700011,-7.1093426269999327,0],[112.63669825600005,-7.1093464349999635,0],[112.63668207500007,-7.1093473849999782,0],[112.63666875000001,-7.1093397719999416,0],[112.63666208800009,-7.1093331099999659,0],[112.63665161800009,-7.1093273989999375,0],[112.63664114800008,-7.1093254949999505,0],[112.63663163100011,-7.1093245439999464,0],[112.63661449900007,-7.1093235919999529,0],[112.63660609100009,-7.1093254159999333,0],[112.63659371800009,-7.1093273189999309,0],[112.63657848900004,-7.1093292229999747,0],[112.63656326100011,-7.1093311269999617,0],[112.6365527910001,-7.1093311269999617,0],[112.63654232200008,-7.1093339819999528,0],[112.63652994800009,-7.1093387409999309,0],[112.63651757500008,-7.1093434989999764,0],[112.63649949100011,-7.1093425479999723,0],[112.63648521400012,-7.1093377889999374,0],[112.63646808200008,-7.1093377889999374,0],[112.63645285400003,-7.1093387409999309,0],[112.63643952900009,-7.1093425479999723,0],[112.63641954100001,-7.1093558719999805,0],[112.6364109750001,-7.1093682449999278,0],[112.63640621600007,-7.1093758609999327,0],[112.63640621600007,-7.1093872819999433,0],[112.63641954100001,-7.1093987039999433,0],[112.63643952900009,-7.1094072699999629,0],[112.63645666100001,-7.1094120279999515,0],[112.63647189000005,-7.109419642999967,0],[112.63648235900007,-7.1094348709999622,0],[112.63647855200009,-7.1094500989999574,0],[112.63646142000005,-7.1094586649999769,0],[112.63644428800001,-7.1094577139999728,0],[112.63642715600008,-7.1094491479999533,0],[112.63641573400002,-7.1094405819999338,0],[112.63640526500001,-7.1094224969999686,0],[112.63639479500011,-7.1094063169999799,0],[112.63638337400005,-7.1093939439999758,0],[112.63637290400004,-7.1093863299999498,0],[112.63636053100004,-7.1093863299999498,0],[112.63635196500002,-7.1093891859999303,0],[112.63634339900011,-7.1094006059999515,0],[112.63632912200001,-7.109419642999967,0],[112.63631199000008,-7.1094301109999378,0],[112.63629866500003,-7.1094415339999273,0],[112.63628914700007,-7.1094615209999574,0],[112.63627867700006,-7.1094824609999705,0],[112.63626059300009,-7.1094967369999722,0],[112.63624631700009,-7.1095091109999657,0],[112.63623299200003,-7.109526242999948,0],[112.63621966700009,-7.1095357589999253,0],[112.63620348600011,-7.1095424229999367,0],[112.6361930170001,-7.1095490849999692,0],[112.63618159500004,-7.1095605069999692,0],[112.63617207700008,-7.1095814449999466,0],[112.6361682700001,-7.1095957229999271,0],[112.63617112600002,-7.1096071439999378,0],[112.63618254700009,-7.1096138069999597,0],[112.63619872700008,-7.1096195169999419,0],[112.63620824500003,-7.1096271319999573,0],[112.63621395600001,-7.1096366499999704,0],[112.63621300400007,-7.1096537809999631,0],[112.63620443800005,-7.1096718659999283,0],[112.63618730600001,-7.1096813829999519,0],[112.63616922200004,-7.1096880459999738,0],[112.63614923500006,-7.1096956589999536,0],[112.63613400600002,-7.1097080329999471,0],[112.63611877700009,-7.1097318269999619,0],[112.63611116300001,-7.1097508639999774,0],[112.63611401900005,-7.1097803679999743,0],[112.63611795300005,-7.1098058119999337,0],[112.63611224200008,-7.1098286559999337,0],[112.63610653100011,-7.1098572099999728,0],[112.63610082000002,-7.1098876659999632,0],[112.63610272400001,-7.1099162189999561,0],[112.63611033800009,-7.1099371599999586,0],[112.63611414500008,-7.1099714239999798,0],[112.63611985600005,-7.1100113989999727,0],[112.63612176000004,-7.1100437599999395,0],[112.63612556700002,-7.1100723129999324,0],[112.63612747000002,-7.1101008669999715,0],[112.63613127800011,-7.1101179989999537,0],[112.6361331810001,-7.1101484559999335,0],[112.63613508500009,-7.1101732019999417,0],[112.63613889200008,-7.1101903339999808,0],[112.63614269900006,-7.1102207909999606,0],[112.63614650600005,-7.1102436339999713,0],[112.63614841000003,-7.1102569589999689,0],[112.63615412000001,-7.1102759949999381,0],[112.63615602400012,-7.1102931269999772,0],[112.63615602400012,-7.1102988379999488,0],[112.63615602400012,-7.110315969999931,0],[112.6361579280001,-7.1103369089999546,0],[112.63616363800008,-7.1103673659999345,0],[112.63616934900006,-7.1103921129999321,0],[112.63617506000003,-7.1104149539999639,0],[112.63617506000003,-7.1104397009999616,0],[112.63617315600004,-7.1104644479999592,0],[112.63617125300004,-7.1104872899999805,0],[112.63617506000003,-7.1105158449999522,0],[112.63617886700001,-7.1105329769999344,0],[112.63619409500006,-7.110563433999971,0],[112.63620742000001,-7.1105938909999509,0],[112.63621313100009,-7.1106129259999307,0],[112.63621884200006,-7.1106433839999568,0],[112.6362193650001,-7.1106706999999574,0],[112.63622150700007,-7.1106956829999604,0],[112.6362229340001,-7.1107185269999604,0],[112.63621865100004,-7.1107378009999707,0],[112.63621008500002,-7.110757787999944,0],[112.63620009200008,-7.1107763479999448,0],[112.63618938400009,-7.110794192999947,0],[112.6361793640001,-7.1108116139999424,0],[112.63614726800006,-7.1108455889999505,0],[112.63613370500002,-7.1108577259999493,0],[112.63612085600005,-7.1108662919999688,0],[112.63610729300001,-7.110874143999979,0],[112.63609087400005,-7.1108862779999527,0],[112.63607802500007,-7.1108998419999807,0],[112.63606017900008,-7.1109241129999532,0],[112.63605018600003,-7.110943385999974,0],[112.63604197600012,-7.1109583159999374,0],[112.63603840700011,-7.1109647409999752,0],[112.63603198300007,-7.1109718799999655,0],[112.63602127500008,-7.110978303999957,0],[112.6360084260001,-7.1109897249999676,0],[112.63599771800011,-7.1110040029999482,0],[112.63599200800002,-7.1110182799999393,0],[112.63598843900002,-7.111032555999941,0],[112.63598843900002,-7.1110482599999614,0],[112.63599129400006,-7.1110639649999712,0],[112.63598986600005,-7.1110753869999712,0],[112.63598415600006,-7.1110875219999343,0],[112.63597202000005,-7.1110968009999738,0],[112.63595560200008,-7.1111089369999263,0],[112.63594489400009,-7.1111167889999365,0],[112.63593204500012,-7.1111246419999361,0],[112.63591848200008,-7.1111389179999378,0],[112.63591063000001,-7.1111567639999294,0],[112.63590848900003,-7.1111717539999404,0],[112.63590991600006,-7.1111938829999417,0],[112.63590706100001,-7.1112217229999715,0],[112.63589920900006,-7.1112374279999813,0],[112.63588992900009,-7.111248135999972,0],[112.63587636600005,-7.1112595569999257,0],[112.63586494500009,-7.1112766889999648,0],[112.6358578060001,-7.1112945349999563,0],[112.63585111200007,-7.1113100369999529,0],[112.63584397400007,-7.1113385909999351,0],[112.63583326600008,-7.1113647649999621,0],[112.63582374800001,-7.1113956969999776,0],[112.63580709200005,-7.1114373379999734,0],[112.63580114300009,-7.1114611329999775,0],[112.63579876400001,-7.1114920659999257,0],[112.6357911990001,-7.1115263009999694,0],[112.6357868660001,-7.1115670189999491,0],[112.63578448700002,-7.111605089999955,0],[112.63579043600009,-7.1116395929999499,0],[112.63579757400009,-7.1116633869999646,0],[112.63580114300009,-7.1116871819999687,0],[112.6357868660001,-7.1116990779999583,0],[112.63576426200007,-7.1116919409999468,0],[112.63575236400004,-7.1116776629999663,0],[112.63572975900001,-7.1116717139999537,0],[112.6357000160001,-7.1116800429999785,0],[112.63565956500008,-7.1116931309999813,0],[112.63560483800006,-7.1116990779999583,0],[112.63555486900009,-7.1117097869999384,0],[112.63550965900004,-7.1117109759999266,0],[112.63548348500001,-7.1116978879999806,0],[112.63547158800009,-7.1116800429999785,0],[112.63545017300009,-7.1116633869999646,0],[112.63543351700002,-7.1116562489999637,0],[112.63537165100001,-7.1116491089999272,0],[112.63534080900001,-7.1116484199999377,0],[112.6353217730001,-7.1116484199999377,0],[112.63529893000009,-7.1116503239999815,0],[112.63527799100007,-7.1116541309999661,0],[112.63524943700008,-7.1116522269999791,0],[112.63523040200005,-7.1116503239999815,0],[112.63521327000001,-7.1116465169999401,0],[112.63518090900004,-7.1116389029999709,0],[112.63515425900005,-7.1116389029999709,0],[112.63512380200007,-7.1116408059999685,0],[112.63510095900006,-7.1116446129999531,0],[112.63507050200008,-7.1116465169999401,0],[112.63503814100011,-7.1116446129999531,0],[112.6350152980001,-7.1116369989999271,0],[112.63498864900009,-7.1116331919999425,0],[112.6349639020001,-7.1116293849999579,0],[112.6349372520001,-7.1116274799999815,0],[112.63487633800003,-7.1116255779999733,0],[112.63483826700008,-7.1116274799999815,0],[112.6348097130001,-7.1116312869999661,0],[112.6347564130001,-7.1116350939999506,0],[112.63471643800005,-7.1116389029999709,0],[112.63468788500006,-7.1116369989999271,0],[112.63464600600003,-7.1116312869999661,0],[112.63461364500006,-7.1116274799999815,0],[112.63457367100011,-7.1116255779999733,0],[112.63451085300005,-7.1116236739999295,0],[112.63447912700008,-7.1116347779999387,0],[112.63446366000005,-7.1116383459999497,0],[112.6344398650001,-7.1116454859999294,0],[112.63441607100003,-7.1116550039999424,0],[112.63438394800005,-7.1116621409999539,0],[112.63435777400002,-7.1116621409999539,0],[112.634317323,-7.1116585729999429,0],[112.63428995900006,-7.1116609509999762,0],[112.63426140600006,-7.1116657109999437,0],[112.63422452400005,-7.1116609509999762,0],[112.6341935910001,-7.1116502449999643,0],[112.63415433000011,-7.1116371569999615,0],[112.63411982800005,-7.1116407269999513,0],[112.63409127400007,-7.1116502449999643,0],[112.63405558300008,-7.1116561929999307,0],[112.6340163210001,-7.1116561929999307,0],[112.63397349100001,-7.1116502449999643,0],[112.63395564500001,-7.1116431049999278,0],[112.6339366090001,-7.111633587999961,0],[112.63389615900007,-7.1116347779999387,0],[112.63385927700006,-7.1116407269999513,0],[112.63382239500004,-7.1116323989999728,0],[112.63379860100008,-7.1116169309999577,0],[112.63378670300006,-7.1115955169999552,0],[112.63378908300001,-7.1115788609999413,0],[112.63378670300006,-7.1115610139999603,0],[112.63377956500005,-7.1115514969999367,0],[112.6337593400001,-7.111545547999981,0],[112.63374030400007,-7.1115491179999708,0],[112.63372840700004,-7.111562203999938,0],[112.63372126800004,-7.1115848099999539,0],[112.63371413000004,-7.1116050349999682,0],[112.63370461200009,-7.1116205009999476,0],[112.63369469800011,-7.1116276399999379,0],[112.63366614400002,-7.1116228809999598,0],[112.63363759100002,-7.1116157419999695,0],[112.63361617500004,-7.1115990859999556,0],[112.63360427800001,-7.1115800509999758,0],[112.63357810400009,-7.1115586349999376,0],[112.63354003300003,-7.1115562559999717,0],[112.63350910000008,-7.1115633929999262,0],[112.63348530500002,-7.1115848099999539,0],[112.63347102800003,-7.1116086039999686,0],[112.63344723400007,-7.1116157419999695,0],[112.63342106000005,-7.1116133619999573,0],[112.6333901270001,-7.1116086039999686,0],[112.63334729600001,-7.1116086039999686,0],[112.63325687700001,-7.1116062249999459,0],[112.63316883700008,-7.1115967069999328,0],[112.63313790400002,-7.1115919469999653,0],[112.63311886800011,-7.1115800509999758,0],[112.633097453,-7.1115657729999384,0],[112.63307127900009,-7.1115657729999384,0],[112.63304748400003,-7.1115752919999409,0],[112.63302131000012,-7.1115824299999417,0],[112.63290709600005,-7.1115800509999758,0],[112.63280953800006,-7.1115800509999758,0],[112.63274291300002,-7.1115705329999628,0],[112.6327096010001,-7.1115657729999384,0],[112.63266439100005,-7.1115514969999367,0],[112.63260252500004,-7.1115395999999578,0],[112.63255969500005,-7.1115300819999447,0],[112.63252400300007,-7.1115134259999309,0],[112.63249069000005,-7.1115015279999625,0],[112.63245261900011,-7.1114920099999495,0],[112.63240027100005,-7.1114777339999478,0],[112.63233126600005,-7.1114753539999356,0],[112.6322931950001,-7.1114753539999356,0],[112.63223608800001,-7.1114777339999478,0],[112.63220039600003,-7.1114753539999356,0],[112.63216232500008,-7.1114753539999356,0],[112.63210997700003,-7.1114610769999445,0],[112.63206476700009,-7.1114634569999566,0],[112.63204097200003,-7.1114777339999478,0],[112.63201955700004,-7.1114777339999478,0],[112.63199576200009,-7.1114705949999575,0],[112.63197672700005,-7.1114658349999331,0],[112.63195531200006,-7.1114658349999331,0],[112.63193151700011,-7.1114801129999705,0],[112.63190772200005,-7.1114920099999495,0],[112.63188868700001,-7.1114896309999267,0],[112.6318696510001,-7.1114729749999697,0],[112.63184585600004,-7.1114515599999777,0],[112.63182444100005,-7.1114420409999752,0],[112.63179826700002,-7.1114349019999281,0],[112.63175067800012,-7.1114253859999508,0],[112.6317102270001,-7.1114230059999386,0],[112.63166263800008,-7.1114230059999386,0],[112.6316055310001,-7.1114206269999727,0],[112.63153890600006,-7.1114111079999702,0],[112.63146752200009,-7.1114063499999816,0],[112.63138900000001,-7.1114015909999466,0],[112.63127478600006,-7.1113920729999336,0],[112.63123195500009,-7.1113920729999336,0],[112.63120102200003,-7.1114111079999702,0],[112.63117960700004,-7.1114396619999525,0],[112.63117484800011,-7.1114658349999331,0],[112.63116533100003,-7.1114753539999356,0],[112.63110346500002,-7.1114753539999356,0],[112.63092262600003,-7.1114634569999566,0],[112.63085362100003,-7.1114563189999558,0],[112.63079651400005,-7.1114444209999306,0],[112.63076796100006,-7.1114372819999403,0],[112.63073702800011,-7.1114325239999516,0],[112.63070609500005,-7.1114468009999428,0],[112.63045625100006,-7.1114301449999289,0],[112.6303580980001,-7.1114238979999413,0],[112.63031764800007,-7.1114238979999413,0],[112.63028195600009,-7.1114215189999754,0],[112.63022960800004,-7.111407240999938,0],[112.63020819200005,-7.1113929649999363,0],[112.6301915360001,-7.1113691709999785,0],[112.63017250000007,-7.1113525149999646,0],[112.63014632600004,-7.1113382369999272,0],[112.63011777300005,-7.1113334789999385,0],[112.63008446000003,-7.1113215819999596,0],[112.63006066600008,-7.1113168229999815,0],[112.63002497400009,-7.1113192019999474,0],[112.63000117900003,-7.1113382369999272,0],[112.62998214400011,-7.1113620309999419,0],[112.62995834900005,-7.111381066999968,0],[112.62993693400006,-7.1113882059999582,0],[112.62987268800009,-7.1113882059999582,0],[112.62981796100007,-7.111381066999968,0],[112.62976323300006,-7.1113620309999419,0],[112.62972040300008,-7.1113453759999743,0],[112.62969422900005,-7.1113287199999604,0],[112.62968233200002,-7.1113168229999815,0],[112.6296632960001,-7.1113120629999571,0],[112.62963236300004,-7.1113120629999571,0],[112.62960856800009,-7.1113263409999377,0],[112.62959667100006,-7.1113477559999296,0],[112.62957763500003,-7.1113667909999663,0],[112.62955384100007,-7.1113691709999785,0],[112.62952052800006,-7.1113644119999435,0],[112.62949911300007,-7.1113525149999646,0],[112.62948007700004,-7.1113287199999604,0],[112.62946818000012,-7.1113096829999449,0],[112.62945390300001,-7.1112977869999554,0],[112.62943248800002,-7.1112906489999546,0],[112.62941583200006,-7.1112954079999326,0],[112.62939203700012,-7.1113025459999335,0],[112.62937300200008,-7.1113025459999335,0],[112.62933493000003,-7.1112977869999554,0],[112.62929447900001,-7.1112835099999643,0],[112.62925640800006,-7.1112692339999626,0],[112.62918978300002,-7.1112573359999374,0],[112.62915171200007,-7.1112430589999462,0],[112.629120779,-7.1112311609999779,0],[112.62906605100011,-7.1112311609999779,0],[112.62903273900008,-7.1112406799999803,0],[112.62901608200002,-7.1112668539999504,0],[112.6290041850001,-7.1113073049999684,0],[112.6289970470001,-7.1113382369999272,0],[112.62898990800011,-7.1115404919999605,0],[112.62898039100003,-7.1115761839999436,0],[112.62898514900007,-7.1116023579999705,0],[112.62899466700003,-7.1116356699999415,0],[112.6289970470001,-7.1116618439999684,0],[112.62900894400002,-7.1116880179999384,0],[112.62902798000005,-7.1117022949999296,0],[112.62904701500008,-7.1117070539999645,0],[112.6290874660001,-7.1117022949999296,0],[112.62913267600004,-7.1117141919999654,0],[112.62915885000007,-7.1117356079999468,0],[112.62917788600009,-7.1117570229999387,0],[112.62919930100009,-7.1117760589999648,0],[112.62922309600003,-7.1117879549999543,0],[112.62925164900003,-7.1117879549999543,0],[112.62928258200009,-7.1117855759999316,0],[112.62931827400007,-7.1117736789999526,0],[112.62937062200001,-7.1117689199999745,0],[112.6294277290001,-7.1117736789999526,0],[112.62948721600003,-7.1117831969999656,0],[112.62953242500009,-7.1117879549999543,0],[112.62962998300009,-7.1117831969999656,0],[112.62967995200006,-7.1117831969999656,0],[112.62977751000005,-7.1117641599999502,0],[112.62982034000004,-7.1117475049999257,0],[112.62986317100001,-7.1117189509999434,0],[112.62990838000007,-7.1116951569999287,0],[112.62995359000001,-7.1116880179999384,0],[112.62999880000007,-7.1116880179999384,0],[112.63005114800001,-7.1116880179999384,0],[112.6301153930001,-7.1116785009999717,0],[112.63016060300004,-7.111666601999957,0],[112.63020581300009,-7.1116547059999675,0],[112.63024864300007,-7.1116404279999301,0],[112.63031526800012,-7.1115999789999478,0],[112.63062697800001,-7.1116166349999617,0],[112.63113856200005,-7.1116523269999448,0],[112.63117901200008,-7.1116547059999675,0],[112.63121470400006,-7.111666601999957,0],[112.63124801700008,-7.1116927769999734,0],[112.63127181100003,-7.1117070539999645,0],[112.63129560600009,-7.1117284689999565,0],[112.63131226200005,-7.1117570229999387,0],[112.63131464200001,-7.1117974739999568,0],[112.63132653900004,-7.1118379239999285,0],[112.63135271300007,-7.1118712369999457,0],[112.63139316400009,-7.111899790999928,0],[112.6314478920001,-7.1119188259999646,0],[112.63150261900012,-7.111909308999941,0],[112.63155258800009,-7.1118902719999255,0],[112.6315859,-7.1118617179999433,0],[112.63160731500011,-7.1118212679999715,0],[112.6316215920001,-7.1117784379999307,0],[112.6316215920001,-7.1117427459999476,0],[112.63161921300002,-7.1117118129999426,0],[112.63161921300002,-7.1116808799999376,0],[112.63210224300008,-7.1116975359999515,0],[112.63263048400006,-7.1117356079999468,0],[112.63300168000001,-7.1117641599999502,0],[112.63304926900003,-7.1118022329999349,0],[112.6330730630001,-7.1118260269999496,0],[112.63309209900001,-7.1118403029999513,0],[112.63312065300011,-7.1118545809999318,0],[112.63313492900011,-7.1118831329999352,0],[112.63314444700006,-7.1119116869999743,0],[112.6331492060001,-7.1119402409999566,0],[112.63316348300009,-7.1119687949999388,0],[112.63318727800004,-7.1119830709999405,0],[112.63323010800002,-7.1119973489999779,0],[112.63325390200009,-7.1120021069999666,0],[112.6333014920001,-7.1120021069999666,0],[112.63334908100001,-7.1119830709999405,0],[112.63338239300003,-7.1119640359999607,0],[112.63340142900006,-7.111930723999933,0],[112.63341094700002,-7.1118831329999352,0],[112.63342046500009,-7.1118307859999277,0],[112.63343474200008,-7.1117831969999656,0],[112.63407719600002,-7.1118355439999732,0],[112.6345721240001,-7.1118736169999579,0],[112.63460067700009,-7.1118878929999596,0],[112.63462923100008,-7.1119116869999743,0],[112.6346482670001,-7.1119402409999566,0],[112.6346625430001,-7.1119640359999607,0],[112.63468157900002,-7.1120306609999489,0],[112.63468157900002,-7.1121020449999719,0],[112.63467206100006,-7.112159151999947,0],[112.63466730200003,-7.1122114989999545,0],[112.63468633800005,-7.1122686069999759,0],[112.63473392700007,-7.1123209549999729,0],[112.63477199900001,-7.112344749999977,0],[112.6348291060001,-7.1123495079999657,0],[112.63487669500012,-7.1123542679999332,0],[112.63492904300006,-7.1123542679999332,0],[112.63499090900007,-7.1123590269999681,0],[112.63508132900006,-7.1123637859999462,0],[112.63515747100007,-7.1123685439999349,0],[112.63522409600012,-7.1123733029999698,0],[112.63527168500002,-7.112382820999926,0],[112.63532879200011,-7.112387579999961,0],[112.63536686400005,-7.1123733029999698,0],[112.63540493500011,-7.1123304719999396,0],[112.63542873000006,-7.11229240199998,0],[112.63544776600008,-7.1122352939999587,0],[112.63546680100001,-7.1120401779999725,0],[112.63547631900008,-7.1119449999999347,0],[112.63549059600007,-7.1119164459999524,0],[112.63599313600002,-7.1119459469999811,0],[112.63664748800011,-7.1119959159999553,0],[112.63666652300003,-7.1120125729999586,0],[112.63667842100006,-7.1120482639999523,0],[112.63669031800009,-7.1120744379999792,0],[112.63671649200001,-7.1120934739999484,0],[112.63674028700007,-7.1121267869999656,0],[112.63674980500002,-7.112200550999944,0],[112.63678311700005,-7.1122433799999385,0],[112.63681643000007,-7.1122647949999305,0],[112.63686163900002,-7.1122766929999557,0],[112.63691874600011,-7.1122647949999305,0],[112.63696871500008,-7.1122576579999759,0],[112.6370091660001,-7.1122481399999629,0],[112.63704485800008,-7.1122124479999798,0],[112.63705437600004,-7.1121862739999528,0],[112.63705913500007,-7.1121458229999348,0],[112.63706151400004,-7.1121125109999639,0],[112.63706627300007,-7.1120791979999467,0],[112.63708292900003,-7.1120530239999766,0],[112.63710434400002,-7.1120339879999506,0],[112.63713527700008,-7.1120339879999506,0],[112.63737084400009,-7.1120435049999742,0],[112.63770634800005,-7.1120649209999556,0],[112.63850584700003,-7.1121220279999307,0],[112.63851060600007,-7.1121434429999795,0],[112.63851060600007,-7.1121624789999487,0],[112.63850822600011,-7.112200550999944,0],[112.63850822600011,-7.1122386209999604,0],[112.63851774400007,-7.1122790729999679,0],[112.6385296410001,-7.1123100059999729,0],[112.63855343600005,-7.1123433179999438,0],[112.63859150700011,-7.1123790099999269,0],[112.63862957900005,-7.1123932869999749,0],[112.63867478900011,-7.1123956659999408,0],[112.63872237800001,-7.1124004249999757,0],[112.63877710500003,-7.1124004249999757,0],[112.63881755600005,-7.112386148999974,0],[112.63885324800003,-7.1123647319999463,0],[112.6388627660001,-7.1123147639999615,0],[112.63886514500007,-7.1122862099999793,0],[112.63887228400006,-7.1122600369999418,0],[112.63887704300009,-7.1122362409999482,0],[112.63888418100009,-7.1122053089999326,0],[112.63888894000002,-7.1121862739999528,0],[112.63890321700001,-7.1121696169999495,0],[112.63892225200004,-7.1121577199999706,0],[112.63901981000004,-7.1121648589999609,0],[112.6392934480001,-7.1121791349999626,0],[112.63973840800008,-7.1122053089999326,0],[112.63977869900009,-7.1122069209999381,0],[112.64034992900008,-7.1122457589999613,0],[112.64035230900004,-7.1122695539999654,0],[112.64035468800012,-7.1122981079999477,0],[112.64034992900008,-7.1123385579999763,0],[112.64035468800012,-7.1123813899999391,0],[112.64037372400003,-7.1124242199999799,0],[112.64040465700009,-7.1124718089999419,0],[112.64044034900007,-7.1124956039999461,0],[112.6404807990001,-7.1125051219999591,0],[112.64054266500011,-7.112500362999981,0],[112.64058549600009,-7.1124837049999314,0],[112.6406330850001,-7.112455152999928,0],[112.64064974100006,-7.1124218399999677,0],[112.64065925900002,-7.112386148999974,0],[112.64066639700002,-7.112355215999969,0],[112.64067353600001,-7.1123290409999527,0],[112.64068067400001,-7.1123076259999607,0],[112.64069257100005,-7.1122885899999346,0],[112.64071398700003,-7.1122695539999654,0],[112.64086886700011,-7.1122798809999495,0],[112.6419605860001,-7.1123580709999601,0],[112.64208669800007,-7.1123675889999731,0],[112.64209859500011,-7.1123747259999277,0],[112.64210097400007,-7.112391382999931,0],[112.64209621600003,-7.1124175559999685,0],[112.64210335400003,-7.1124508699999751,0],[112.6421200100001,-7.1124699049999549,0],[112.64213428700009,-7.1124818029999801,0],[112.64213904600001,-7.1125008389999493,0],[112.64213428700009,-7.1125317719999543,0],[112.64214618400001,-7.1125841189999619,0],[112.64216997900007,-7.1126007759999652,0],[112.64219377300003,-7.1126126719999547,0],[112.64225563900004,-7.1126340869999467,0],[112.64230084900009,-7.1126436059999492,0],[112.64234130000011,-7.1126412269999264,0],[112.64240792500004,-7.1126150519999669,0],[112.64244599600011,-7.1125960169999303,0],[112.6424674110001,-7.1125579459999813,0],[112.64247930900001,-7.1125270129999763,0],[112.64249834400005,-7.1124984589999372,0],[112.64251262100004,-7.1124818029999801,0],[112.64254593400005,-7.1124794229999679,0],[112.64256734900005,-7.1124770439999452,0],[112.64259114300012,-7.1124651459999768,0],[112.64261493800007,-7.112453248999941,0],[112.64263397400009,-7.1124413519999621,0],[112.64266728600001,-7.1124080399999343,0],[112.64269108100007,-7.1123985209999319,0],[112.64279577700006,-7.1124032809999562,0],[112.64350247700008,-7.1124413519999621,0],[112.64382608400001,-7.1124675249999427,0],[112.64383084300005,-7.112484181999946,0],[112.64382846300009,-7.1125103559999729,0],[112.64384274000008,-7.112536529999943,0],[112.64386891400011,-7.1125508069999341,0],[112.64390936500001,-7.11258887799994,0],[112.64393030400004,-7.1126133869999535,0],[112.6439540990001,-7.1126395609999804,0],[112.64397075500005,-7.1126681149999627,0],[112.64398979100008,-7.1126966669999661,0],[112.64400644700004,-7.1127252219999377,0],[112.64403262100006,-7.1127490159999525,0],[112.64406117400006,-7.1127680509999323,0],[112.64409210700001,-7.1127870879999477,0],[112.64411114300003,-7.1128013639999494,0],[112.64412304000007,-7.1128180199999633,0],[112.64413969700001,-7.1128322969999545,0],[112.64417300900004,-7.1128299179999317,0],[112.64419442400003,-7.1128132609999284,0],[112.64423249600009,-7.1127728109999566,0],[112.64424677200009,-7.1127537749999306,0],[112.64426104900008,-7.1127276009999605,0],[112.64426580800011,-7.1126919089999774,0],[112.64427532600007,-7.1126538369999253,0],[112.64427770500004,-7.1126229039999771,0],[112.64428484400003,-7.1125895919999493,0],[112.64429912100002,-7.1125610389999565,0],[112.64431101800005,-7.1125420029999304,0],[112.64433243300005,-7.1125277249999499,0],[112.64434908900012,-7.1125182089999726,0],[112.64438240200002,-7.1125086899999701,0],[112.64483925800005,-7.1125348639999402,0],[112.64528945200004,-7.1125767429999769,0],[112.64529706600001,-7.1125862599999436,0],[112.64530468100008,-7.1125976829999331,0],[112.64531419900004,-7.1126148149999722,0],[112.64533323400008,-7.1126300429999674,0],[112.64535798100007,-7.1126395609999804,0],[112.64540366600011,-7.1126509829999804,0],[112.64544173800005,-7.112654789999965,0],[112.64549884500002,-7.1126757289999318,0],[112.64551788000006,-7.1127004739999506,0],[112.64553691600008,-7.1127290289999792,0],[112.64555024100002,-7.1127632929999436,0],[112.64556737300006,-7.1127918459999364,0],[112.64559592700004,-7.1128242069999601,0],[112.64562067300005,-7.1128432419999399,0],[112.645656841,-7.112871795999979,0],[112.64571014100011,-7.1128927359999352,0],[112.64574440500007,-7.1128927359999352,0],[112.64578438000001,-7.1128908309999588,0],[112.64582625900005,-7.1128813139999352,0],[112.64587765500005,-7.112864181999953,0],[112.6459176300001,-7.1128546629999505,0],[112.64593856900001,-7.1128489539999578,0],[112.64597854400006,-7.1128356279999707,0],[112.64600329100006,-7.1128242069999601,0],[112.64601851900011,-7.1128127859999495,0],[112.6460451690001,-7.1128051719999803,0],[112.6460718190001,-7.1128051719999803,0],[112.64613654000004,-7.1128070739999316,0],[112.64617080500011,-7.1128089789999649,0],[112.64620316500009,-7.1128070739999316,0],[112.64626788700002,-7.1128108809999731,0],[112.64632118600002,-7.1128051719999803,0],[112.64637258300002,-7.1128051719999803,0],[112.64645443600011,-7.1128013639999494,0],[112.64651154300009,-7.1127975569999649,0],[112.64654961500003,-7.1127975569999649,0],[112.64657816800002,-7.1127956529999778,0],[112.64662575800003,-7.1127937499999803,0],[112.64665240700003,-7.1127842319999672,0],[112.64667334700005,-7.1127823289999696,0],[112.64673235700002,-7.1127518709999435,0],[112.64674377900008,-7.1127233179999507,0],[112.6467647180001,-7.1126966669999661,0],[112.64677804300004,-7.1126814389999709,0],[112.64679517500008,-7.1126662109999756,0],[112.64680850000002,-7.1126566919999732,0],[112.64683515000002,-7.112635753999939,0],[112.6468427640001,-7.1125025039999628,0],[112.64682182500007,-7.1124948889999473,0],[112.64680469300004,-7.1124720469999261,0],[112.64679136800009,-7.1124396859999592,0],[112.64678375400001,-7.1124016149999534,0],[112.64677804300004,-7.1123749649999581,0],[112.64677804300004,-7.1123578329999759,0],[112.64677994700003,-7.1123292789999368,0],[112.64678185000002,-7.112310243999957,0],[112.64678185000002,-7.112287399999957,0],[112.64677423600006,-7.1122683639999309,0],[112.64676281400011,-7.1122569439999666,0],[112.64674758600006,-7.1122531369999251,0],[112.64673045400002,-7.1122550399999795,0],[112.64671903200008,-7.1122512329999381,0],[112.64670761100001,-7.1122436189999689,0],[112.64670190000004,-7.1122150649999298,0],[112.64669274300002,-7.1121718989999749,0],[112.64669134300004,-7.1121282599999631,0],[112.64669428600007,-7.1121027549999667,0],[112.64670951500011,-7.1120075759999395,0],[112.64670951500011,-7.1119809259999442,0],[112.64670380400003,-7.1119047839999325,0],[112.64670761100001,-7.1118419649999396,0],[112.64671141800011,-7.1118153159999338,0],[112.64671522500009,-7.1118057969999313,0],[112.64672284000005,-7.1117981829999621,0],[112.64674244700007,-7.1117872329999727,0],[112.64678335700012,-7.11177027399998,0],[112.64686085000005,-7.1117569279999771,0],[112.6469544150001,-7.1117263519999483,0],[112.6469546510001,-7.1117262749999668,0],[112.64696307400004,-7.111723435999977,0],[112.64701027800004,-7.1117075259999751,0],[112.64703526300002,-7.1116944389999617,0],[112.64705310900001,-7.1116789729999255,0],[112.64706738500001,-7.1116658849999794,0],[112.64708347400006,-7.111642313999937,0],[112.64708437500008,-7.1116398039999353,0],[112.64709016300003,-7.1116236789999334,0],[112.64709593900011,-7.1116075889999593,0],[112.64709474900008,-7.1115897419999783,0],[112.64709237000011,-7.1115718969999762,0],[112.64709237000011,-7.111564757999929,0],[112.64707690300008,-7.111455302999957,0],[112.64705905700009,-7.1114267499999642,0],[112.64704835000009,-7.1113970069999368,0],[112.64704240100002,-7.111372021999955,0],[112.6470269350001,-7.1113482279999403,0],[112.64701265800011,-7.1113375189999601,0],[112.64699557100005,-7.1113282279999339,0],[112.64697815600005,-7.1113113449999332,0],[112.64698090100001,-7.1112298999999553,0],[112.64687310000011,-7.1112228639999557,0],[112.64688297700002,-7.1111447839999755,0],[112.64688654600002,-7.1110948149999444,0],[112.64688892600009,-7.1110496039999589,0],[112.64689011600001,-7.1110008259999518,0],[112.64689725400001,-7.1109496679999324,0],[112.64690677200008,-7.1109068379999485,0],[112.64691747900008,-7.1108747149999658,0],[112.64692461800007,-7.1108425919999263,0],[112.64693175600007,-7.1108009519999769,0],[112.64693413600003,-7.1107723979999378,0],[112.64693770500003,-7.1107426549999673,0],[112.64694127400003,-7.1107188599999631,0],[112.6469998880001,-7.1104924149999533,0],[112.64702653800009,-7.1104010429999676,0],[112.64704176700002,-7.1103401279999616,0],[112.64705318800009,-7.1103020579999452,0],[112.64706460900004,-7.1102525649999393,0],[112.64707983800008,-7.1102087829999618,0],[112.64709125900004,-7.1101383509999323,0],[112.64709125900004,-7.1100850499999524,0],[112.64709316300002,-7.1100355569999465,0],[112.64711029500006,-7.1099689329999478,0],[112.64712171600002,-7.1099213439999289,0],[112.64712171600002,-7.1098394909999456,0],[112.64713123400008,-7.1097842869999681,0],[112.64713884900004,-7.1097538299999314,0],[112.6471521740001,-7.1097252769999386,0],[112.64717120900002,-7.1096833979999587,0],[112.64718453400008,-7.1096320019999553,0],[112.64719405200003,-7.1095596659999387,0],[112.64719976300012,-7.109489233999966,0],[112.64719405200003,-7.1094530649999683,0],[112.64717882400009,-7.10941689699996,0],[112.64716359500005,-7.1093997659999673,0],[112.64714075200004,-7.1093902479999542,0],[112.64711410200005,-7.1093788269999436,0],[112.64709125900004,-7.109375019999959,0],[112.64705699500007,-7.1093788269999436,0],[112.64702844200008,-7.1093807299999412,0],[112.6469998880001,-7.1093693089999306,0],[112.64697514200009,-7.1093502739999508,0],[112.64694658800011,-7.1093350449999662,0],[112.64692564900008,-7.1093293339999377,0],[112.6468970950001,-7.1093312369999353,0],[112.6468704450001,-7.1093445629999792,0],[112.64684379500011,-7.109363597999959,0],[112.6468190490001,-7.1093769229999566,0],[112.64676384600011,-7.1093693089999306,0],[112.6467162560001,-7.109355983999933,0],[112.64664963100006,-7.1093293339999377,0],[112.64661536700009,-7.1093198159999815,0],[112.64657729600003,-7.1093083949999709,0],[112.64655064600004,-7.1092912629999319,0],[112.64652780300003,-7.1092817449999757,0],[112.64648211700001,-7.1092684199999781,0],[112.64647831000002,-7.1092569989999674,0],[112.64649482200002,-7.1092338169999607,0],[112.64653161000001,-7.1092322509999804,0],[112.64657539200005,-7.1092265419999308,0],[112.64663059600002,-7.1092227339999567,0],[112.64667818500004,-7.1092227339999567,0],[112.64670673800003,-7.1092265419999308,0],[112.64675242400006,-7.1092227339999567,0],[112.64682793200006,-7.1092169599999693,0],[112.64687837700001,-7.1092112489999408,0],[112.64692882200006,-7.1092007799999806,0],[112.64697355500005,-7.1091836469999521,0],[112.6470116270001,-7.1091636599999788,0],[112.64704398700007,-7.1091379609999308,0],[112.64707254100006,-7.1091065529999469,0],[112.64709538400007,-7.1090703849999386,0],[112.64711061200001,-7.1090227959999766,0],[112.64711632300009,-7.1089885319999553,0],[112.64711632300009,-7.1089618809999706,0],[112.64712584100005,-7.1089285689999429,0],[112.6471410690001,-7.108896207999976,0],[112.64715439400004,-7.1088724139999613,0],[112.64717343000007,-7.1088486199999465,0],[112.64720388700005,-7.1088219689999619,0],[112.64722577800001,-7.1088029339999252,0],[112.64729065800009,-7.1087413049999668,0],[112.64731921200007,-7.1086984759999723,0],[112.64733348900006,-7.1086627839999323,0],[112.64735014500002,-7.1086175739999362,0],[112.64736204200005,-7.108577122999975,0],[112.64735728300002,-7.1085319129999789,0],[112.64733586800003,-7.1084986009999511,0],[112.64730255600011,-7.1084676669999567,0],[112.6472692430001,-7.1084295959999508,0],[112.64724544800004,-7.108391524999945,0],[112.64721451500009,-7.1083653509999749,0],[112.64719548000005,-7.1083558329999619,0],[112.6471716850001,-7.1083391759999586,0],[112.64713837300008,-7.1083058639999308,0],[112.64710744000001,-7.108265413999959,0],[112.6470955420001,-7.1082392399999321,0],[112.64707888600003,-7.1082178239999507,0],[112.64705747100004,-7.108203547999949,0],[112.64703129700001,-7.1081916509999701,0],[112.64701691500011,-7.108188226999971,0],[112.64699438000002,-7.1081876409999722,0],[112.64696999200009,-7.1081936339999743,0],[112.64696562400002,-7.108195913999964,0],[112.64695473300003,-7.1082015969999475,0],[112.64693968800009,-7.1082175259999758,0],[112.64692660100002,-7.108237752999969,0],[112.64690875500003,-7.1082615469999268,0],[112.64688615000011,-7.1082817719999412,0],[112.64686473500001,-7.1083008079999672,0],[112.64685164800005,-7.1083198439999364,0],[112.64683380200006,-7.1083436379999512,0],[112.64680643800011,-7.1083757599999444,0],[112.64679391100003,-7.1083797169999343,0],[112.6467755110001,-7.108377490999942,0],[112.64676003800002,-7.1083674329999553,0],[112.64673386400011,-7.1083388789999731,0],[112.64670531100001,-7.1083115149999685,0],[112.64665653200007,-7.1082698749999622,0],[112.64662790300008,-7.1082449939999606,0],[112.64660537300006,-7.108237752999969,0],[112.64657087100011,-7.1082270449999783,0],[112.64653755900008,-7.1082091989999299,0],[112.64651852300005,-7.1081949219999387,0],[112.64651295600004,-7.1081897529999765,0],[112.64648827700012,-7.108175747999951,0],[112.64647569300007,-7.1081723169999691,0],[112.64645665700004,-7.1081639889999337,0],[112.64643643200009,-7.1081509009999309,0],[112.64641977500003,-7.1081366249999292,0],[112.64641012400011,-7.1081284569999639,0],[112.6464043090001,-7.1081235369999263,0],[112.64639003200011,-7.1081163989999254,0],[112.64636385800009,-7.1081128309999713,0],[112.64635559800001,-7.1081123719999368,0],[112.64634244300009,-7.1081116409999368,0],[112.64630794100003,-7.1081116409999368,0],[112.64626875200008,-7.1080995099999313,0],[112.64624980400004,-7.1080865209999615,0],[112.64620595100007,-7.10806275799996,0],[112.64618334600004,-7.1080472919999806,0],[112.64616193100005,-7.108031824999955,0],[112.64614646500002,-7.1080175469999745,0],[112.64612861900002,-7.1080020819999277,0],[112.64610839300008,-7.1079723389999572,0],[112.64607508100005,-7.1079342669999619,0],[112.64606199400009,-7.1079021439999792,0],[112.64604890700002,-7.1078759699999523,0],[112.64603463000003,-7.1078533659999721,0],[112.64601321500004,-7.1078331389999789,0],[112.64600012800008,-7.1078164839999545,0],[112.64597038500006,-7.1077903099999276,0],[112.64595372800011,-7.1077784129999486,0],[112.64592874400012,-7.1077688939999462,0],[112.6458882930001,-7.1077665149999802,0],[112.64586092900004,-7.1077677039999685,0],[112.64583356600008,-7.1077712739999583,0],[112.64579668400006,-7.1077736539999705,0],[112.64576813000008,-7.1077677039999685,0],[112.64574314600009,-7.107755807999979,0],[112.64571578200002,-7.1077379609999412,0],[112.64569198800007,-7.1077224949999618,0],[112.64567057200009,-7.107710597999926,0],[112.64565272600009,-7.1076975109999694,0],[112.64563607000002,-7.1076772849999657,0],[112.64562179400002,-7.1076713369999425,0],[112.64560275800011,-7.1076713369999425,0],[112.64558253200005,-7.1076689559999409,0],[112.64553613300006,-7.1076701459999754,0],[112.64551471800007,-7.1076689559999409,0],[112.64548497400006,-7.1076641969999628,0],[112.64545285200006,-7.1076653879999299,0],[112.64543619600011,-7.1076677669999526,0],[112.64541953900005,-7.1076725259999307,0],[112.6454027310001,-7.1076771109999299,0],[112.64537153400011,-7.1076821679999398,0],[112.6453558290001,-7.1076821679999398,0],[112.64532870300002,-7.1076793129999487,0],[112.64530728800003,-7.1076793129999487,0],[112.64527873500003,-7.1076764569999682,0],[112.64524447000008,-7.1076736019999771,0],[112.64521734500011,-7.1076678909999487,0],[112.64519735700003,-7.1076607529999478,0],[112.64516737600002,-7.1076479029999291,0],[112.64514453300001,-7.1076379099999372,0],[112.64512740100008,-7.1076179229999639,0],[112.64511312400009,-7.1076107839999736,0],[112.64510170300002,-7.1076065009999638,0],[112.6450845710001,-7.1076093569999443,0],[112.64506172800009,-7.1076179229999639,0],[112.64504887900011,-7.1076293439999745,0],[112.6450331740001,-7.1076421919999575,0],[112.64500462100011,-7.1076550419999762,0],[112.64497749500003,-7.1076650359999576,0],[112.64494751400002,-7.1076736019999771,0],[112.64492038800006,-7.1076807409999674,0],[112.64486042500005,-7.10767788499993,0],[112.64482187800002,-7.1076750289999495,0],[112.64478761400005,-7.1076764569999682,0],[112.6447462110001,-7.1076807409999674,0],[112.64471051900011,-7.1076793129999487,0],[112.64468196600001,-7.1076835959999585,0],[112.644637708,-7.1076935889999504,0],[112.64458060100003,-7.1076893069999301,0],[112.64453777100005,-7.10767788499993,0],[112.64449922300003,-7.1076593239999397,0],[112.6444749530001,-7.1076450489999274,0],[112.64445782100006,-7.1076321989999656,0],[112.64443657200002,-7.1076155909999557,0],[112.64442086800011,-7.1076098799999272,0],[112.64440373600007,-7.107605595999928,0],[112.64438517600001,-7.1076041689999556,0],[112.6443609050001,-7.1076084529999548,0],[112.64434377300006,-7.1076127349999751,0],[112.64431950300002,-7.1076170189999743,0],[112.64429094900004,-7.1076170189999743,0],[112.64424954600008,-7.1076155909999557,0],[112.64421242700007,-7.1076155909999557,0],[112.64417530700007,-7.1076170189999743,0],[112.64412105600002,-7.1076213009999378,0],[112.64404253300006,-7.1076155909999557,0],[112.64396401100009,-7.1076113079999459,0],[112.64389548300005,-7.1076013139999645,0],[112.64382552600011,-7.1075913199999263,0],[112.64377984100008,-7.1075898929999539,0],[112.64373130000001,-7.1075898929999539,0],[112.64369132500008,-7.1075970309999548,0],[112.64364278400001,-7.1075998869999353,0],[112.64358853200008,-7.1075956019999467,0],[112.64353999100001,-7.1075884649999352,0],[112.64348032100008,-7.1075738509999269,0],[112.64345242700006,-7.1075636229999759,0],[112.64344005400005,-7.107558863999941,0],[112.64342387300007,-7.1075541059999523,0],[112.64340579000009,-7.1075512489999255,0],[112.64338960900011,-7.1075474419999409,0],[112.64337057400007,-7.1075436359999458,0],[112.64334677900001,-7.1075384009999425,0],[112.64328253300005,-7.1075217439999392,0],[112.64323018500011,-7.1075146069999278,0],[112.64318735500001,-7.1075169849999611,0],[112.64313024800003,-7.1075288829999295,0],[112.64309693600001,-7.1075384009999425,0],[112.64305172600007,-7.1075502989999677,0],[112.64301841300005,-7.107555055999967,0],[112.64297558300007,-7.107555055999967,0],[112.64293037300001,-7.1075502989999677,0],[112.64288992200011,-7.1075502989999677,0],[112.64285898900005,-7.1075574369999686,0],[112.6428137800001,-7.1075693339999475,0],[112.64278284700003,-7.1075621949999572,0],[112.64275667300001,-7.1075431599999774,0],[112.64274715500005,-7.1075265039999636,0],[112.64272574000006,-7.1075146069999278,0],[112.64268290900009,-7.1075074679999375,0],[112.6426400790001,-7.1075217439999392,0],[112.642597249,-7.1075288829999295,0],[112.64255203900007,-7.1075265039999636,0],[112.64249731100006,-7.1075122269999724,0],[112.64245924000011,-7.1074955699999691,0],[112.64240689200005,-7.1074741559999666,0],[112.64233550800009,-7.1074503609999624,0],[112.64229029800003,-7.1074360839999713,0],[112.64224270900002,-7.1074122899999566,0],[112.64220463800007,-7.1073956329999532,0],[112.64216180700009,-7.1073813569999515,0],[112.64209756200012,-7.1073623209999255,0],[112.64204045500003,-7.1073551829999815,0],[112.6419809680001,-7.1073528019999799,0],[112.64191910200009,-7.1073528019999799,0],[112.64185723500009,-7.1073551829999815,0],[112.64180488800002,-7.1073480439999344,0],[112.64173826300009,-7.1073409059999335,0],[112.64164784400009,-7.1073361469999554,0],[112.64153363000003,-7.1073194899999521,0],[112.64148331600006,-7.1073137819999488,0]]],[[[112.64847616600002,-7.0809894219999592,0],[112.64847331100009,-7.080892338999945,0],[112.64847188300007,-7.0808723529999611,0],[112.64846188900003,-7.0808566479999513,0],[112.6484518960001,-7.0808466549999594,0],[112.64843333600004,-7.080836660999978,0],[112.64840192700001,-7.0808338049999406,0],[112.64831626600005,-7.0808352319999699,0],[112.64817349900011,-7.0808437989999788,0],[112.64762562800001,-7.0808583139999541,0],[112.64691451900001,-7.0808680009999421,0],[112.64679883200006,-7.0808734709999612,0],[112.64636153900005,-7.0808969799999772,0],[112.64532616300005,-7.0809412459999521,0],[112.64529991200004,-7.0809423689999562,0],[112.64391961700005,-7.0809850199999573,0],[112.64258765700004,-7.0810082869999746,0],[112.64249188100007,-7.0810120339999685,0],[112.64044548000004,-7.0810232809999434,0],[112.63975330800008,-7.0810144379999542,0],[112.63965099100005,-7.0810144379999542,0],[112.63940471700005,-7.0810191969999323,0],[112.63926313900004,-7.0810203869999668,0],[112.63918104800007,-7.0810263349999332,0],[112.63914059700005,-7.0810322839999458,0],[112.63909419700008,-7.0810453709999592,0],[112.63907040300001,-7.0810584569999264,0],[112.6390335210001,-7.0810834429999545,0],[112.63901091600007,-7.081106047999981,0],[112.638997829,-7.0811286509999718,0],[112.63899307000008,-7.0811548259999313,0],[112.63898831100005,-7.0812166929999307,0],[112.63899069100012,-7.0813225779999698,0],[112.63899188000005,-7.081517693999956,0],[112.63898474200005,-7.0816509429999428,0],[112.63897709600008,-7.081742735999967,0],[112.63897328900009,-7.0819311889999312,0],[112.63895996400004,-7.0821025099999702,0],[112.63895044600008,-7.082353780999938,0],[112.63893902500001,-7.0825726909999389,0],[112.63893521800003,-7.0827325919999566,0],[112.63892570000007,-7.0829115259999753,0],[112.63892375800003,-7.0829930759999797,0],[112.63892189300009,-7.0830714269999362,0],[112.6389199890001,-7.0831056909999575,0],[112.63891237500002,-7.0831475699999373,0],[112.63890285700006,-7.0831570869999609,0],[112.63889143600011,-7.0831437629999527,0],[112.63888572500002,-7.0831247269999267,0],[112.63888001400005,-7.083107593999955,0],[112.6388704960001,-7.0830980769999314,0],[112.63884515400002,-7.0830894999999714,0],[112.6388171960001,-7.0830942699999468,0],[112.63879435300009,-7.0831114019999291,0],[112.63877531800006,-7.0831266299999811,0],[112.63873153600002,-7.0831608939999455,0],[112.63870869300001,-7.0831970619999538,0],[112.63869727100007,-7.0832294229999775,0],[112.63869536800007,-7.0832541679999395,0],[112.63870488600003,-7.0832732049999549,0],[112.63871059600001,-7.0832903369999372,0],[112.63870869300001,-7.0833112769999502,0],[112.63870488600003,-7.0833341189999715,0],[112.63870678900003,-7.0833550589999277,0],[112.63872011400008,-7.0833702869999797,0],[112.63873915000011,-7.0833836109999311,0],[112.63875818600002,-7.0833912259999465,0],[112.63877341400007,-7.0834121649999702,0],[112.63877722100005,-7.0834312009999394,0],[112.63878293200003,-7.0834616579999761,0],[112.63878327600003,-7.0834801639999796,0],[112.63876389600011,-7.0834902119999583,0],[112.63874295700009,-7.0834864039999275,0],[112.63873534300001,-7.0834730799999761,0],[112.63873534300001,-7.0834616579999761,0],[112.63873153600002,-7.0834369119999678,0],[112.6387144040001,-7.0834178759999418,0],[112.63869346400008,-7.0834102609999263,0],[112.63867823600003,-7.083396936999975,0],[112.63867442900005,-7.0833740929999749,0],[112.63867062200006,-7.0833474439999691,0],[112.63865348900003,-7.0833284089999324,0],[112.63862874300003,-7.0833207939999738,0],[112.63860970700011,-7.0832998549999502,0],[112.63858496100011,-7.083282722999968,0],[112.63856967000004,-7.0832702119999453,0],[112.63855445400009,-7.0832655899999395,0],[112.63853737200009,-7.0832655899999395,0],[112.63851262500009,-7.0832713009999679,0],[112.63848597500009,-7.083282722999968,0],[112.63846122900009,-7.0833036609999454,0],[112.63844980800002,-7.0833207939999738,0],[112.63843838600008,-7.0833474439999691,0],[112.63842315800002,-7.0833645759999513,0],[112.63839650800003,-7.0833950329999311,0],[112.63837937500011,-7.0834273929999654,0],[112.63836224300007,-7.0834559479999371,0],[112.63834511100004,-7.0834845009999299,0],[112.63832226800002,-7.083513054999969,0],[112.63829747200009,-7.0835420889999341,0],[112.63828557500005,-7.0835670749999622,0],[112.6382724880001,-7.0836015769999676,0],[112.63825869900006,-7.0836768609999581,0],[112.63824631400007,-7.0837146009999401,0],[112.63824393500011,-7.0837264979999759,0],[112.63824750400011,-7.083744342999978,0],[112.63826427700008,-7.0837634219999472,0],[112.63827962700009,-7.0837955029999762,0],[112.63828557500005,-7.0838181069999564,0],[112.63828438500002,-7.0838300039999353,0],[112.63827310800002,-7.0838588049999771,0],[112.6382754870001,-7.0838730829999577,0],[112.63828738500001,-7.0838802219999479,0],[112.6383157680001,-7.083891155999936,0],[112.63832545600008,-7.0839052059999403,0],[112.63831956500007,-7.083924546999981,0],[112.63830998900005,-7.0839373289999799,0],[112.63828738500001,-7.0839480359999811,0],[112.6382683490001,-7.0839575539999373,0],[112.63823860600007,-7.0839730199999735,0],[112.63822551900012,-7.0840003839999781,0],[112.63823384700004,-7.084024177999936,0],[112.63825764100011,-7.0840444039999397,0],[112.6382683490001,-7.0840729579999788,0],[112.63826121000011,-7.08411340899994,0],[112.63825407200011,-7.0841514799999459,0],[112.63825883100003,-7.0841871709999396,0],[112.63828262600009,-7.0842169149999563,0],[112.63831593800001,-7.0842430889999264,0],[112.6383444920001,-7.0842728319999537,0],[112.63836471700006,-7.0843109029999596,0],[112.63837066600001,-7.0843477849999772,0],[112.63836352700002,-7.0843775289999371,0],[112.63834925100002,-7.0843929939999271,0],[112.63834330200007,-7.0844025119999401,0],[112.63833735300011,-7.0844203589999779,0],[112.63834330200007,-7.0844441529999358,0],[112.63835044000007,-7.0844667589999517,0],[112.6383587680001,-7.0844893639999782,0],[112.63836828600006,-7.0845131579999361,0],[112.63838256300005,-7.0845369529999402,0],[112.63839446000009,-7.0845547989999318,0],[112.63840159900008,-7.0845809729999587,0],[112.63840873700008,-7.0846107159999292,0],[112.63841349600011,-7.0846440289999464,0],[112.6384242040001,-7.0846702029999733,0],[112.63844086000006,-7.0846868589999303,0],[112.63845870600005,-7.0846939969999312,0],[112.63847774100009,-7.0846975649999422,0],[112.63849677700011,-7.0847047039999325,0],[112.63851224400003,-7.08471541199998,0],[112.63852176100011,-7.0847273099999484,0],[112.63851938200003,-7.0847392059999379,0],[112.63850391500011,-7.0847451549999505,0],[112.63848369000004,-7.0847546729999635,0],[112.63845156700006,-7.0847665709999319,0],[112.63844442900006,-7.0847832259999564,0],[112.63845751600002,-7.0848034519999601,0],[112.63847417200009,-7.0848046419999378,0],[112.63849201800008,-7.0848058319999723,0],[112.63850510500004,-7.0848201089999634,0],[112.63851343300007,-7.0848462829999335,0],[112.6385396070001,-7.0848748349999369,0],[112.63856459200008,-7.0848962509999751,0],[112.63858600700007,-7.0849069589999658,0],[112.63860147300011,-7.0849140969999667,0],[112.63861337100002,-7.0849283729999684,0],[112.63862169900005,-7.0849497889999498,0],[112.63862407800002,-7.0849735829999645,0],[112.63863240600006,-7.0850021369999467,0],[112.63866096000004,-7.0850413989999765,0],[112.63868713400007,-7.0850759009999251,0],[112.63870617000009,-7.0850961259999394,0],[112.63872877500012,-7.0851365769999575,0],[112.638735913,-7.085175837999941,0],[112.63873948200001,-7.0852103399999464,0],[112.63875137900004,-7.0852400829999738,0],[112.63876327700007,-7.0852722059999564,0],[112.6387823120001,-7.0853007599999387,0],[112.63879539900006,-7.085320984999953,0],[112.63880673300002,-7.0853697969999416,0],[112.63878061300011,-7.0858540209999319,0],[112.63877198900002,-7.0858831879999684,0],[112.63876327700007,-7.0858932459999551,0],[112.63875256900008,-7.0859063319999791,0],[112.63874662100011,-7.085918228999958,0],[112.63874305100001,-7.0859384549999618,0],[112.63874662100011,-7.0859586799999761,0],[112.63875137900004,-7.0859860449999701,0],[112.63875494900003,-7.0860110279999731,0],[112.63875375900011,-7.0861121549999666,0],[112.63875494900003,-7.086238266999942,0],[112.63875019000011,-7.0862941849999288,0],[112.63874305100001,-7.0864583679999669,0],[112.63873829200008,-7.0866154119999578,0],[112.63873472300008,-7.086711778999927,0],[112.63872877500012,-7.086722487999964,0],[112.63872639500005,-7.0867450929999336,0],[112.63871925700005,-7.0867807849999735,0],[112.63871925700005,-7.0868081469999424,0],[112.63872163600001,-7.0868343219999588,0],[112.63872758500008,-7.0868723929999646,0],[112.63873246700007,-7.0869592979999538,0],[112.63872373100003,-7.0871733269999595,0],[112.63872359200002,-7.0871793669999761,0],[112.63870926300001,-7.0872526319999452,0],[112.63870735900002,-7.0872754739999664,0],[112.63869974500005,-7.0873078349999332,0],[112.63869117900003,-7.0873373399999764,0],[112.63868070900003,-7.0873630389999676,0],[112.63867719600012,-7.0873703359999354,0],[112.63866833600002,-7.0873982539999361,0],[112.63866833600002,-7.0874134829999775,0],[112.63866833600002,-7.0874325189999468,0],[112.63867119200006,-7.0874601199999461,0],[112.63867499900005,-7.0874829629999567,0],[112.63868261300001,-7.087501045999943,0],[112.63868927600004,-7.087519130999965,0],[112.63869117900003,-7.0875467329999537,0],[112.63868261300001,-7.0875676709999311,0],[112.63867404700011,-7.0875933689999329,0],[112.63866986900007,-7.0876050669999699,0],[112.6386659100001,-7.0876352099999735,0],[112.63866738400009,-7.0876514279999583,0],[112.63866833600002,-7.0876847419999649,0],[112.63866770900006,-7.08769446499997,0],[112.63866981800004,-7.0877281629999516,0],[112.63867499900005,-7.0877494619999766,0],[112.63867975800008,-7.0877865829999678,0],[112.63867499900005,-7.0878198939999493,0],[112.6386616740001,-7.0878503519999754,0],[112.63865977000012,-7.0878855679999333,0],[112.63866548100009,-7.0879026989999261,0],[112.6386635770001,-7.0879150739999659,0],[112.63865786700001,-7.0879226879999351,0],[112.63864739700011,-7.0879283979999741,0],[112.63863597600005,-7.0879379149999409,0],[112.63862931300002,-7.0879502899999807,0],[112.63863216800007,-7.0879636149999783,0],[112.63864168600003,-7.087979794999967,0],[112.63864168600003,-7.0880026379999777,0],[112.63863026500007,-7.0880292879999729,0],[112.63862265100011,-7.0880511779999438,0],[112.63861598800008,-7.0880625999999438,0],[112.63860266300003,-7.088079731999926,0],[112.63859600100011,-7.0881025749999367,0],[112.63860837400011,-7.0881139959999473,0],[112.63862741000003,-7.0881158999999343,0],[112.63864739700011,-7.0881178039999782,0],[112.63865596300002,-7.0881273199999555,0],[112.6386493010001,-7.0881454049999775,0],[112.63863407200006,-7.0881482599999686,0],[112.63862265100011,-7.0881520679999426,0],[112.63861979500007,-7.0881711039999686,0],[112.63863502400011,-7.0881891859999655,0],[112.63864359000002,-7.0882072709999306,0],[112.63864549300001,-7.0882405839999478,0],[112.63863883100009,-7.0882615229999715,0],[112.63862360200005,-7.0882729449999715,0],[112.63860266300003,-7.0882748479999691,0],[112.6385855310001,-7.0882710399999382,0],[112.63857030200006,-7.0882710399999382,0],[112.63854936300004,-7.0882900769999537,0],[112.63854079700002,-7.0883205339999336,0],[112.63854174900007,-7.0883500389999767,0],[112.63853984500008,-7.0883890619999761,0],[112.63854016100004,-7.0884017129999393,0],[112.63854079700002,-7.0884271339999714,0],[112.63853794200008,-7.0884566389999577,0],[112.6385341350001,-7.0884785299999749,0],[112.63853794200008,-7.0884966129999611,0],[112.63854555600005,-7.0885185049999677,0],[112.63855412200007,-7.0885394439999345,0],[112.63856935100011,-7.088548009999954,0],[112.63858648300004,-7.0885603829999582,0],[112.63860266300003,-7.0885641909999322,0],[112.638620747,-7.0885689489999777,0],[112.63863121700001,-7.0885879849999469,0],[112.63863312000001,-7.0886212979999641,0],[112.63863883100009,-7.0886450919999788,0],[112.63864739700011,-7.0886765009999522,0],[112.63864834900005,-7.0887041019999515,0],[112.63864359000002,-7.088778341999955,0],[112.63863787900004,-7.0888126059999763,0],[112.63862836100009,-7.0888440149999496,0],[112.6386245540001,-7.0888668569999709,0],[112.63862360200005,-7.088884941999936,0],[112.63862265100011,-7.0889020739999751,0],[112.63862169900005,-7.0889192059999573,0],[112.63862265100011,-7.0889315789999614,0],[112.63862645800009,-7.088944903999959,0],[112.63863216800007,-7.0889629869999453,0],[112.63863121700001,-7.0889801199999738,0],[112.63863216800007,-7.0890105769999536,0],[112.63863121700001,-7.08904008199994,0],[112.63862741000003,-7.0890695879999726,0],[112.63862550600004,-7.0891019489999394,0],[112.6386245540001,-7.0891523929999494,0],[112.638620747,-7.0891980789999707,0],[112.63861313300004,-7.0892456679999327,0],[112.63861027700011,-7.0892694629999369,0],[112.63860456700002,-7.0892942089999451,0],[112.63859980800009,-7.0893180029999598,0],[112.63859600100011,-7.0893494129999794,0],[112.63859695200006,-7.0893713039999398,0],[112.63860266300003,-7.0893836759999544,0],[112.63861027700011,-7.0893950979999545,0],[112.63861503600003,-7.0894103269999391,0],[112.63861122900005,-7.0894312659999628,0],[112.63860647000001,-7.0894445909999604,0],[112.63860076000003,-7.0894569639999645,0],[112.63858933800009,-7.0894683859999645,0],[112.63857982000002,-7.0894836129999703,0],[112.63857601300003,-7.089500745999942,0],[112.6385750610001,-7.0895150219999437,0],[112.6385731580001,-7.0895350099999632,0],[112.63856744700001,-7.089554044999943,0],[112.63856459200008,-7.0895806949999383,0],[112.63856935100011,-7.0896025869999448,0],[112.63857791700002,-7.0896244769999726,0],[112.63858077200007,-7.0896482729999661,0],[112.6385750610001,-7.0896663559999524,0],[112.63856649500008,-7.0896930069999371,0],[112.63856364000003,-7.0897282229999519,0],[112.63856744700001,-7.0897653409999748,0],[112.6385731580001,-7.0898186419999547,0],[112.63857030200006,-7.0898690869999541,0],[112.63856649500008,-7.0899157229999332,0],[112.63856459200008,-7.0899566499999764,0],[112.63855888100011,-7.0899956739999652,0],[112.6385484110001,-7.0900289869999256,0],[112.63854555600005,-7.0900508779999427,0],[112.63854746000004,-7.0900689619999753,0],[112.63854936300004,-7.0900822859999266,0],[112.63854746000004,-7.0901022729999568,0],[112.63854174900007,-7.0901184539999349,0],[112.63853508600005,-7.0901412959999561,0],[112.63853127900006,-7.0901727049999295,0],[112.63853032800012,-7.0902060189999361,0],[112.63853318300005,-7.0902374279999663,0],[112.63853318300005,-7.0902688359999502,0],[112.63853318300005,-7.0902954859999454,0],[112.63853318300005,-7.0903307019999602,0],[112.63853318300005,-7.0903963749999548,0],[112.63853223100011,-7.0904268319999346,0],[112.63852271300004,-7.0904687109999713,0],[112.63852081000005,-7.0904953599999772,0],[112.63852271300004,-7.0905182039999772,0],[112.63851985800011,-7.0905381909999505,0],[112.63851414700002,-7.0905610329999718,0],[112.63851509900007,-7.0905838769999718,0],[112.63851414700002,-7.0906114779999712,0],[112.63851414700002,-7.0906314659999339,0],[112.63851509900007,-7.0906543089999445,0],[112.63851795400001,-7.0906752469999788,0],[112.63852081000005,-7.090705704999948,0],[112.63851890600006,-7.0907247399999278,0],[112.63850462900007,-7.0907409209999628,0],[112.63848654500009,-7.0907475839999279,0],[112.63847702800001,-7.0907466319999344,0],[112.63846370300007,-7.0907513909999693,0],[112.63845608800011,-7.0907647149999775,0],[112.63846275100002,-7.0907980289999273,0],[112.63847131700004,-7.0908180159999574,0],[112.63847893100001,-7.0908389539999348,0],[112.63848940100002,-7.0908560869999633,0],[112.63849891900009,-7.0908703639999544,0],[112.63850272600007,-7.0908960619999561,0],[112.63849606300005,-7.0909131929999489,0],[112.63849130400001,-7.090936036999949,0],[112.63849035300007,-7.0909645909999313,0],[112.63849035300007,-7.0909817229999703,0],[112.63849035300007,-7.0910026619999371,0],[112.63849225600006,-7.0910255049999478,0],[112.63849416000005,-7.0910464429999251,0],[112.63849035300007,-7.0910654799999406,0],[112.63848178700005,-7.0910807079999358,0],[112.63847512400002,-7.0911006959999554,0],[112.63847607600007,-7.0911282979999442,0],[112.63847797900007,-7.091155897999954,0],[112.63848083500011,-7.0911835009999322,0],[112.63849130400001,-7.091218716999947,0],[112.63849511100011,-7.0912491729999374,0],[112.63849796700003,-7.0912748719999286,0],[112.63849987000003,-7.0913034249999782,0],[112.63850082200008,-7.0913414969999735,0],[112.63850082200008,-7.0913748099999339,0],[112.63849796700003,-7.0914071699999681,0],[112.6384970150001,-7.0914347719999569,0],[112.63849416000005,-7.0914623729999562,0],[112.63849130400001,-7.0914785539999343,0],[112.63848369000004,-7.0915023489999385,0],[112.63847988300006,-7.0915204319999248,0],[112.63847797900007,-7.091545177999933,0],[112.63847893100001,-7.0915737329999615,0],[112.63848178700005,-7.0916003819999673,0],[112.63849035300007,-7.0916260809999585,0],[112.63849511100011,-7.0916489229999797,0],[112.63849130400001,-7.0916641519999644,0],[112.63848273800011,-7.0916822349999507,0],[112.63847797900007,-7.0916984169999751,0],[112.63847226900009,-7.0917317279999565,0],[112.63847322000004,-7.0917793179999649,0],[112.63847226900009,-7.0918088239999406,0],[112.638466558,-7.0918459419999635,0],[112.63846465400002,-7.0918792549999807,0],[112.6384703650001,-7.0919059059999654,0],[112.63847417200009,-7.0919296999999801,0],[112.63847797900007,-7.0919496879999429,0],[112.63848844900008,-7.0919658679999316,0],[112.63849710300008,-7.0920192529999326,0],[112.63849351700003,-7.0921429629999579,0],[112.63848321400008,-7.0921793649999358,0],[112.63847893100001,-7.0921943559999363,0],[112.63847821700006,-7.0922093449999579,0],[112.63847893100001,-7.0922300479999763,0],[112.63848178700005,-7.0922450379999304,0],[112.63848321400008,-7.0922664529999793,0],[112.63848250000001,-7.0922835859999509,0],[112.63847679000003,-7.0922964339999339,0],[112.63847250700007,-7.092307855999934,0],[112.6384703650001,-7.0923221329999251,0],[112.63847322000004,-7.0923421199999552,0],[112.63847607600007,-7.092357824999965,0],[112.6384739340001,-7.0923799539999663,0],[112.6384703650001,-7.0923999409999396,0],[112.63846465400002,-7.092422069999941,0],[112.63846536800008,-7.0924456259999715,0],[112.63847107900006,-7.0924634729999525,0],[112.63847607600007,-7.0924927399999547,0],[112.63848287600001,-7.0925100109999448,0],[112.63848773100005,-7.0925223429999278,0],[112.63851819200011,-7.0925484189999679,0],[112.63854888700007,-7.0925698349999493,0],[112.63860813600002,-7.0926048129999799,0],[112.63864849100003,-7.0926215999999727,0],[112.63900629000011,-7.0928425129999368,0],[112.63914194400002,-7.0929404599999657,0],[112.63927614600004,-7.0930251679999401,0],[112.6393656140001,-7.0930679989999703,0],[112.63940558800005,-7.0930794189999347,0],[112.63944074100004,-7.0930775609999728,0],[112.63945888800004,-7.0930727579999484,0],[112.63950838100004,-7.0930489629999443,0],[112.63965781100001,-7.0929556879999609,0],[112.63987577000012,-7.0928195829999368,0],[112.64008482800011,-7.0926781779999715,0],[112.64079868400006,-7.0922355329999505,0],[112.64143369800001,-7.0918660379999778,0],[112.64173351000011,-7.0916911469999491,0],[112.64194497200003,-7.0915483809999387,0],[112.64201360800007,-7.0915150159999598,0],[112.64203216800001,-7.0915093049999314,0],[112.64205358300001,-7.0915093049999314,0],[112.64206643200009,-7.0915107329999501,0],[112.64207642600002,-7.0915164429999322,0],[112.64208641900007,-7.0915292919999615,0],[112.64209498500009,-7.0915478519999624,0],[112.64210640700003,-7.0915764059999447,0],[112.64213067700007,-7.0916021039999464,0],[112.64221633800003,-7.0917034689999809,0],[112.64227487300002,-7.0917777079999382,0],[112.64234768400001,-7.091874789999963,0],[112.6424704640001,-7.0920275509999442,0],[112.64258182300011,-7.0921617529999708,0],[112.642663201,-7.0922545519999289,0],[112.6427431510001,-7.0923444959999529,0],[112.64279454700011,-7.0924273009999297,0],[112.64281310700005,-7.0924558539999794,0],[112.64282881100007,-7.0924858359999803,0],[112.64283452200004,-7.0925072509999723,0],[112.64283737700009,-7.0925457979999464,0],[112.64284166000004,-7.0925786349999385,0],[112.64284737100002,-7.0926128989999597,0],[112.64285450900002,-7.0926443079999331,0],[112.64287449700009,-7.0926785719999543,0],[112.64288734600007,-7.0927042699999561,0],[112.64290162300006,-7.0927242579999756,0],[112.64292018200001,-7.0927342509999676,0],[112.64292874900002,-7.0927342509999676,0],[112.64294873600011,-7.0927214019999383,0],[112.64301869200006,-7.0926671509999437,0],[112.64310578000004,-7.0925814899999295,0],[112.64315860400006,-7.0925286659999642,0],[112.64317288100005,-7.0925200999999447,0],[112.64317716400001,-7.0925015399999438,0],[112.64317430900007,-7.0924829799999429,0],[112.64316717000008,-7.0924672759999794,0],[112.64315289400008,-7.0924472879999598,0],[112.64313005100007,-7.0924287289999484,0],[112.64310435300001,-7.0924173069999483,0],[112.64307865500007,-7.0923887539999555,0],[112.64305438400004,-7.0923716219999733,0],[112.64300869800002,-7.0923402129999431,0],[112.64297729000009,-7.0923230809999609,0],[112.64295159100004,-7.0923202249999804,0],[112.64292803500007,-7.0923161799999548,0],[112.64289472200005,-7.092256693999957,0],[112.64257587400004,-7.0918307699999446,0],[112.64240455300001,-7.0915999619999752,0],[112.64238075900005,-7.0915285789999416,0],[112.64237837900009,-7.0914952659999813,0],[112.64237837900009,-7.0914714709999771,0],[112.64238789700005,-7.0914357799999266,0],[112.64241407100008,-7.0914000879999435,0],[112.64242834800007,-7.0913762929999393,0],[112.64244262500006,-7.0913477389999571,0],[112.64245928100001,-7.0913025299999504,0],[112.64246404000005,-7.0912644579999551,0],[112.64247831700004,-7.091224006999937,0],[112.64250974700008,-7.0911816919999637,0],[112.64270661500007,-7.0910550449999619,0],[112.6431731130001,-7.0907812259999332,0],[112.64448440600006,-7.0899620539999546,0],[112.64601439900002,-7.0889959939999585,0],[112.64617513700011,-7.0889034159999369,0],[112.6462299420001,-7.0888625979999347,0],[112.64632416900008,-7.0888054909999596,0],[112.6463769930001,-7.0887755099999481,0],[112.6464759590001,-7.0887241749999248,0],[112.64673299700007,-7.0885581719999777,0],[112.64698044700003,-7.0884017129999393,0],[112.64723029700008,-7.0882437369999707,0],[112.64747288800004,-7.0881016449999379,0],[112.64761549400009,-7.0880191729999638,0],[112.64781067300009,-7.0878978259999599,0],[112.64785707200008,-7.0878664169999297,0],[112.64788244200008,-7.0878481169999645,0],[112.64790997900002,-7.0878250809999486,0],[112.64798204800002,-7.0877515839999319,0],[112.64800377500001,-7.0877240579999352,0],[112.64801724000006,-7.0877047179999408,0],[112.64825170300003,-7.0872997989999362,0],[112.6482919880001,-7.0872119769999813,0],[112.64832649000004,-7.0871465409999814,0],[112.64835504400003,-7.087097761999928,0],[112.64841809900008,-7.0869811689999551,0],[112.64846878200001,-7.0868914179999365,0],[112.64848415000006,-7.0868537709999373,0],[112.64849424200008,-7.0868241239999747,0],[112.6485008090001,-7.0867959799999767,0],[112.64850299900002,-7.0867777119999573,0],[112.64850376000004,-7.0867586889999643,0],[112.64850138100007,-7.0866896849999534,0],[112.64849781100008,-7.0865873679999254,0],[112.64850171800003,-7.0865337499999441,0],[112.64849981400005,-7.0864319099999307,0],[112.6484953580001,-7.0864029469999537,0],[112.64849410300008,-7.0863947899999289,0],[112.64848839300009,-7.0863900309999508,0],[112.64847792300009,-7.0863862229999768,0],[112.64843389600003,-7.0863831869999672,0],[112.64842479300012,-7.0862585889999536,0],[112.64841719900005,-7.0862357469999324,0],[112.64840720500001,-7.086214330999951,0],[112.6484258370001,-7.0862129439999535,0],[112.64842915800011,-7.086087134999957,0],[112.64873985400004,-7.0860858409999423,0],[112.64874413700011,-7.0860430109999584,0],[112.64873985400004,-7.0860258779999299,0],[112.64872700500007,-7.0860016069999574,0],[112.64870723200011,-7.0859897099999785,0],[112.64869652400012,-7.0859818589999577,0],[112.64868510300005,-7.0859754339999768,0],[112.64867510900001,-7.0859668679999572,0],[112.64866368800006,-7.0859561589999771,0],[112.64865155200005,-7.0859433099999478,0],[112.64864084500005,-7.0859247509999364,0],[112.64863727600004,-7.0858976259999622,0],[112.64864013100009,-7.0858797799999707,0],[112.64864370000009,-7.0858590779999417,0],[112.64864941100006,-7.0858412329999396,0],[112.64865369400002,-7.0858226729999387,0],[112.64866011800007,-7.0858033989999285,0],[112.64866939800004,-7.085776985999928,0],[112.64867439500006,-7.0857534299999543,0],[112.64867510900001,-7.0857270169999538,0],[112.64867510900001,-7.0857027469999707,0],[112.64867225400008,-7.085677048999969,0],[112.64866868400009,-7.0856563479999295,0],[112.64866083200002,-7.085649923999938,0],[112.64864941100006,-7.0856484959999761,0],[112.64863727600004,-7.0856513519999567,0],[112.64862157100004,-7.0856563479999295,0],[112.64860586700001,-7.0856627729999673,0],[112.64859373100001,-7.0856727659999592,0],[112.648590162,-7.0856913249999707,0],[112.64858730700007,-7.0857120269999427,0],[112.64858302400012,-7.0857355829999733,0],[112.64857231600001,-7.0857591409999259,0],[112.64856232200009,-7.085788407999928,0],[112.64855161500009,-7.085814106999976,0],[112.64853805200005,-7.0858340929999599,0],[112.64852163400008,-7.0858462289999693,0],[112.64851449500009,-7.0858640749999608,0],[112.6485159230001,-7.0858833489999711,0],[112.64851021200002,-7.0859119029999533,0],[112.64850664300002,-7.0859368869999457,0],[112.64850021900008,-7.0859447389999559,0],[112.64848380000001,-7.0859447389999559,0],[112.64847023700008,-7.0859425979999742,0],[112.64845524700002,-7.0859347449999746,0],[112.64844453900002,-7.0859247509999364,0],[112.64843009800006,-7.0859106079999492,0],[112.6484202690001,-7.0858961979999435,0],[112.64841170300008,-7.0857412939999449,0],[112.64840313700006,-7.0855314269999781,0],[112.64840740000011,-7.0855238419999296,0],[112.6484130340001,-7.085522598999944,0],[112.64842108200003,-7.0855220579999809,0],[112.6484252460001,-7.0855202729999291,0],[112.64842822000003,-7.0855155139999511,0],[112.64842941000006,-7.0855095649999384,0],[112.64842822000003,-7.0855036169999721,0],[112.64842584100006,-7.0855006419999427,0],[112.64842544200008,-7.0855000469999254,0],[112.6484197100001,-7.085491506999972,0],[112.64841905900005,-7.0854866039999251,0],[112.64842334200011,-7.0854680439999811,0],[112.64844190200006,-7.0854423449999331,0],[112.64848616000006,-7.0853952319999394,0],[112.64850614700003,-7.0853681049999295,0],[112.64850900300007,-7.0853538289999278,0],[112.64850757500005,-7.0852724519999697,0],[112.64851185800001,-7.0851596659999814,0],[112.64851899600001,-7.0851168349999512,0],[112.6485294900001,-7.0851082679999422,0],[112.6485475500001,-7.0851054139999405,0],[112.64857182100002,-7.0851025589999495,0],[112.64867318600011,-7.0850968479999779,0],[112.64867461300003,-7.085111124999969,0],[112.64873600300007,-7.085111124999969,0],[112.64873172000011,-7.0850226089999637,0],[112.6486346370001,-7.0850240359999361,0],[112.64857753100011,-7.085018325999954,0],[112.6485294900001,-7.0850054769999815,0],[112.64850900300007,-7.0849869169999806,0],[112.64850186400008,-7.0849697849999416,0],[112.64849900900003,-7.0849526519999699,0],[112.64850614700003,-7.0849183879999487,0],[112.64850472000001,-7.0847185129999275,0],[112.64850186400008,-7.0845728899999472,0],[112.64849758100002,-7.0843487449999429,0],[112.6484961540001,-7.0840874809999264,0],[112.64849472600008,-7.0838404909999326,0],[112.64849472600008,-7.083774817999938,0],[112.64849329800006,-7.083707717999971,0],[112.64849472600008,-7.0835849379999445,0],[112.64849758100002,-7.0834992779999766,0],[112.64850186400008,-7.083392200999981,0],[112.64850186400008,-7.0833536549999394,0],[112.64849758100002,-7.0832922649999546,0],[112.6484961540001,-7.0831866169999671,0],[112.6484961540001,-7.0831423589999645,0],[112.64849329800006,-7.0830724019999707,0],[112.64849329800006,-7.0828454009999291,0],[112.64849472600008,-7.0826912129999755,0],[112.64848473200004,-7.08242138199995,0],[112.64848187700011,-7.0822229349999475,0],[112.64848044900009,-7.0820473309999556,0],[112.64847473900011,-7.0818189009999628,0],[112.64847045500005,-7.0816061779999586,0],[112.64847473900011,-7.0814077319999456,0],[112.64847331100009,-7.0812478309999278,0],[112.64847616600002,-7.0809894219999592,0]]],[[[112.62429010500011,-7.0361096749999774,0],[112.62411682100003,-7.0359498269999676,0],[112.62406127700001,-7.0358985899999311,0],[112.62387887300008,-7.0358019309999804,0],[112.62382196700003,-7.035664077999968,0],[112.62370619300009,-7.0354261889999634,0],[112.62358189800011,-7.0352170399999636,0],[112.62342587900002,-7.0349749839999731,0],[112.62332202900006,-7.0348605049999264,0],[112.6231694170001,-7.0347720339999569,0],[112.62292168100009,-7.0345991989999561,0],[112.62273607300006,-7.0345251979999261,0],[112.6225835460001,-7.0344611289999648,0],[112.62239344200009,-7.0343340299999682,0],[112.62220911600002,-7.0342155229999435,0],[112.62208675800002,-7.0341499149999436,0],[112.62192421800012,-7.0340988009999705,0],[112.62180490700007,-7.0340834239999595,0],[112.62168273300006,-7.0340709269999593,0],[112.62163958400004,-7.0340581579999366,0],[112.62153202900004,-7.0337039649999724,0],[112.62152983200008,-7.0336159539999699,0],[112.62154450200001,-7.0335718569999699,0],[112.62161990400011,-7.0335152519999724,0],[112.62166196700002,-7.0334695309999802,0],[112.62166323500003,-7.033420719999981,0],[112.62164136400008,-7.033328924999978,0],[112.62155181800006,-7.0331957339999462,0],[112.62148269700003,-7.0331514739999648,0],[112.62145250900005,-7.033147271999951,0],[112.62141085100006,-7.0331502869999554,0],[112.62132618400005,-7.0331807249999656,0],[112.62130923900008,-7.0331940109999778,0],[112.62121584800002,-7.0332672369999614,0],[112.62105978800003,-7.0334271159999275,0],[112.62092094400009,-7.0335797579999735,0],[112.62061285900006,-7.0338203119999321,0],[112.62045876700006,-7.0339261139999394,0],[112.61994525900002,-7.0343178649999345,0],[112.61969549700007,-7.0345215429999257,0],[112.61942855600012,-7.0347392309999464,0],[112.61942229200008,-7.034744337999939,0],[112.61963407600001,-7.0350257699999474,0],[112.61987113700002,-7.0352892739999788,0],[112.61994293300006,-7.0353830879999464,0],[112.61997148700004,-7.0354767749999496,0],[112.62000940700011,-7.0360637099999508,0],[112.62000131400009,-7.036366098999963,0],[112.62001807700005,-7.0367945649999797,0],[112.62002805400004,-7.0370790059999422,0],[112.62000954100006,-7.0372481589999438,0],[112.62000476600008,-7.0373509669999521,0],[112.61981811600003,-7.037436477999961,0],[112.61977753000008,-7.0374725059999719,0],[112.61977402100001,-7.0374964429999523,0],[112.61977799900001,-7.0375606949999678,0],[112.61981011400007,-7.0376687929999662,0],[112.61980014400001,-7.0377786649999621,0],[112.61977170200009,-7.0378636959999312,0],[112.61975873100005,-7.0379211609999288,0],[112.61975528400001,-7.037963040999955,0],[112.61975975600001,-7.0380793809999318,0],[112.61979084900008,-7.0382057539999323,0],[112.61985142700007,-7.0384101019999434,0],[112.61986955100008,-7.0384770709999316,0],[112.61990479500002,-7.0386072959999524,0],[112.61992576000011,-7.03872159499997,0],[112.62004142100011,-7.038988422999978,0],[112.62018955100007,-7.0392343359999359,0],[112.6202941360001,-7.0393535969999448,0],[112.62032551700008,-7.0394252629999414,0],[112.62033762700003,-7.0394646969999712,0],[112.6203595290001,-7.0395651049999515,0],[112.62036818400009,-7.0396440269999516,0],[112.62035388100003,-7.0398250769999322,0],[112.62033564600006,-7.0399288449999631,0],[112.62033698900007,-7.0399707079999416,0],[112.62034942300011,-7.0400255319999587,0],[112.62039280200008,-7.0401822489999404,0],[112.62041250400011,-7.0403388879999511,0],[112.62042036500009,-7.0405338479999386,0],[112.62043318800011,-7.0409471559999588,0],[112.62043555900004,-7.040966153999932,0],[112.62044101400011,-7.0412683209999614,0],[112.6204409720001,-7.0412826829999631,0],[112.62042443500002,-7.0413616309999725,0],[112.62042956100004,-7.0414585089999377,0],[112.62042739500009,-7.0415243089999535,0],[112.62045040200007,-7.0415983959999267,0],[112.62047550900002,-7.0417023029999655,0],[112.62047927600008,-7.0417389119999712,0],[112.62052307500005,-7.041837391999934,0],[112.62059154500002,-7.0419005559999732,0],[112.62065876400004,-7.0419481719999339,0],[112.62079442800007,-7.0420517749999476,0],[112.62085807900007,-7.0421065809999277,0],[112.6209097740001,-7.0421662139999626,0],[112.62094342500006,-7.0422019839999734,0],[112.62096392100011,-7.0422425849999399,0],[112.62097124700006,-7.0422832319999316,0],[112.62097735000009,-7.0423167059999514,0],[112.62096937100011,-7.0424327679999692,0],[112.62095073700004,-7.0425835589999792,0],[112.62091123800008,-7.0426902549999681,0],[112.62078891200008,-7.0428771979999283,0],[112.62073883000005,-7.0429371839999249,0],[112.62071382300007,-7.0429767459999653,0],[112.62070552800003,-7.0430018959999643,0],[112.62070440100001,-7.0430222359999561,0],[112.62070836200007,-7.0430570909999801,0],[112.62074311200001,-7.0431357449999723,0],[112.6207745590001,-7.0432265499999289,0],[112.62078791700003,-7.0432803339999737,0],[112.62079646500001,-7.0433281539999371,0],[112.6207965860001,-7.0433628449999333,0],[112.62078604700002,-7.0434350889999564,0],[112.62073621800005,-7.0435640219999414,0],[112.62070074200005,-7.043700734999959,0],[112.62070583000002,-7.0437782539999603,0],[112.62072638000006,-7.0438344059999736,0],[112.62074694300009,-7.0438941469999463,0],[112.62076459800005,-7.0439450719999286,0],[112.62077718100011,-7.043981366999958,0],[112.62081715500005,-7.0441140109999765,0],[112.62083776400004,-7.0441869099999508,0],[112.62084299600008,-7.0442240329999777,0],[112.62084635800011,-7.0442478879999726,0],[112.62085010800001,-7.0442933319999383,0],[112.62085701500007,-7.0444221219999577,0],[112.62085481800011,-7.0446151039999449,0],[112.6208587210001,-7.0447048089999385,0],[112.62089160500011,-7.044804767999949,0],[112.62090137300004,-7.0449186889999282,0],[112.62088259400002,-7.0450277099999425,0],[112.62087930900009,-7.0451162429999385,0],[112.62087837800004,-7.0452743269999587,0],[112.62087611100003,-7.0452862119999509,0],[112.62087586900009,-7.0453690149999488,0],[112.62087268700009,-7.0454176019999295,0],[112.62089262900008,-7.0455037779999543,0],[112.6209119240001,-7.0455431869999643,0],[112.62094086100001,-7.0456005059999711,0],[112.62096255100005,-7.045639906999952,0],[112.62098904300001,-7.0456828799999585,0],[112.62099750300001,-7.0457055789999572,0],[112.62101086600001,-7.045760558999973,0],[112.62100877000012,-7.0458466959999555,0],[112.62100180600009,-7.0459353079999687,0],[112.62098309300006,-7.0460381829999505,0],[112.62094140900001,-7.0461029239999675,0],[112.62088276000009,-7.046148953999932,0],[112.62088170200002,-7.0461497849999546,0],[112.62087530000008,-7.0461514079999574,0],[112.62083384900006,-7.0461619129999349,0],[112.62078230300006,-7.0461453439999673,0],[112.62055799500001,-7.0460312829999339,0],[112.62041531500006,-7.0459767509999551,0],[112.62031343900003,-7.0459483939999359,0],[112.62013260100002,-7.0459394509999811,0],[112.62000449000004,-7.0459422879999352,0],[112.6199410700001,-7.0459544699999697,0],[112.61977645800005,-7.0459284039999375,0],[112.61947339500011,-7.0458241849999581,0],[112.61939240900006,-7.0458463999999594,0],[112.61938152300002,-7.0458493859999294,0],[112.6193548550001,-7.0458934999999769,0],[112.61932445400009,-7.0459663359999354,0],[112.6192542870001,-7.0461732889999666,0],[112.61920885100005,-7.0462564619999739,0],[112.61919554200006,-7.0462808259999292,0],[112.61902551300011,-7.0464975449999656,0],[112.61878320800008,-7.0467873959999565,0],[112.6186057220001,-7.0469851509999444,0],[112.6183308410001,-7.0472731999999496,0],[112.61804055300001,-7.0475383349999561,0],[112.61770996100006,-7.0477825559999587,0],[112.61761759100011,-7.0478569059999359,0],[112.61747114800005,-7.0479747809999367,0],[112.61715013300011,-7.0482189679999578,0],[112.61703747200011,-7.0483265409999376,0],[112.61700137900004,-7.0484720189999734,0],[112.61700286500002,-7.0485161339999536,0],[112.61700292500007,-7.0485179069999617,0],[112.61690976900002,-7.048531311999966,0],[112.61687918200005,-7.0485357129999784,0],[112.61678910500007,-7.0485264549999442,0],[112.61672318000001,-7.0485193669999262,0],[112.61672010900008,-7.0485190369999486,0],[112.61665316200003,-7.0485498929999721,0],[112.61655300500001,-7.0485873459999766,0],[112.61654984000006,-7.0485885299999609,0],[112.61644457000011,-7.0486176039999577,0],[112.61637474700001,-7.0486303729999804,0],[112.61636989900001,-7.0486312599999792,0],[112.61630676300001,-7.0486563599999386,0],[112.61628833100008,-7.0486630959999275,0],[112.61613687500005,-7.0487184489999777,0],[112.6161138760001,-7.0487268549999271,0],[112.61610585400001,-7.0487297869999566,0],[112.61587606800003,-7.0487631189999433,0],[112.61564329300006,-7.0488225859999716,0],[112.61564062800005,-7.048823266999932,0],[112.61561218100007,-7.048832349999941,0],[112.61546503000011,-7.0488793339999347,0],[112.61545882400003,-7.0488813149999601,0],[112.61543254600008,-7.048888796999961,0],[112.61527508400002,-7.0489336279999293,0],[112.61504151300005,-7.0489803709999705,0],[112.614827848,-7.0490400509999631,0],[112.61481948900007,-7.0490423859999396,0],[112.61476371500009,-7.0490635009999778,0],[112.6146680920001,-7.0490997029999676,0],[112.61466642200003,-7.0491003349999346,0],[112.61449991100005,-7.04914875999998,0],[112.6142465050001,-7.0492120349999254,0],[112.61424341000009,-7.0492128079999361,0],[112.61403636000011,-7.0492800849999639,0],[112.61402907600007,-7.0492824519999431,0],[112.61397591800005,-7.0492965019999474,0],[112.61397336700009,-7.0492858059999435,0],[112.61383540500003,-7.0487073709999777,0],[112.61376079000001,-7.0487245659999758,0],[112.61356907300001,-7.04876874699994,0],[112.61355773600008,-7.0487713599999324,0],[112.61373958600007,-7.0494307209999647,0],[112.61379576900003,-7.0496652549999794,0],[112.61395651200007,-7.0499047479999604,0],[112.61410865100004,-7.0501319869999293,0],[112.61427042800005,-7.0503764189999742,0],[112.6143238410001,-7.050557314999935,0],[112.61434516500003,-7.050602544999947,0],[112.61439146300006,-7.0507898889999296,0],[112.61443468300001,-7.051058692999959,0],[112.6144284720001,-7.0511405619999437,0],[112.61441910700012,-7.0512639949999425,0],[112.61437945800003,-7.0514325619999454,0],[112.61448482200001,-7.0514302839999345,0],[112.61477201800005,-7.0513776139999322,0],[112.61497308700007,-7.0513501229999633,0],[112.61498238600007,-7.0513469909999458,0],[112.61513383200008,-7.0512959749999595,0],[112.6151449570001,-7.0512925919999248,0],[112.61538837300009,-7.0512185369999543,0],[112.61538767000002,-7.0512398419999727,0],[112.6153699030001,-7.0514176539999767,0],[112.61535889300001,-7.051557412999955,0],[112.61537403800003,-7.0516849429999411,0],[112.615383038,-7.0518260349999764,0],[112.61541608300001,-7.0519962629999782,0],[112.6154164940001,-7.0519983819999652,0],[112.61515025600011,-7.0520275399999264,0],[112.61477908800009,-7.0520360009999763,0],[112.6144271280001,-7.0520587499999579,0],[112.61420928400003,-7.0520834279999463,0],[112.6140368340001,-7.0520768459999772,0],[112.61375325200004,-7.0520668209999258,0],[112.6135841250001,-7.0520617269999661,0],[112.6135822440001,-7.0520616699999437,0],[112.6135004460001,-7.052092097999946,0],[112.61342176800008,-7.0521227059999774,0],[112.6132374550001,-7.0522054909999383,0],[112.61323175000007,-7.0522080539999479,0],[112.61300954600006,-7.0522416489999387,0],[112.61282708200008,-7.0522480209999685,0],[112.61258423000004,-7.0522431179999785,0],[112.61247219300003,-7.0522549889999482,0],[112.61234295300005,-7.0522784029999457,0],[112.61210116800009,-7.0523306389999334,0],[112.61209312000005,-7.05233237799996,0],[112.61197407700001,-7.0523959509999372,0],[112.61189096200007,-7.0524608349999767,0],[112.6117018220001,-7.052700902999959,0],[112.61167581400002,-7.052726014999962,0],[112.61164302700001,-7.0527588849999461,0],[112.61134345900007,-7.053059214999962,0],[112.61120944300001,-7.0531680129999472,0],[112.61103772200011,-7.0533724459999689,0],[112.61084580000011,-7.053552543999956,0],[112.61059790400009,-7.0537514979999401,0],[112.61050256200008,-7.053862166999977,0],[112.61044623300006,-7.0539130579999778,0],[112.61040732000004,-7.0539499479999677,0],[112.6103882320001,-7.0539811499999701,0],[112.61038628600011,-7.0540536809999708,0],[112.61040228600007,-7.054109609999955,0],[112.61040668100009,-7.0541339979999407,0],[112.61042461500006,-7.054151951999927,0],[112.61029649400007,-7.0543242809999356,0],[112.61024559800001,-7.0543927379999332,0],[112.61018113700004,-7.0544503799999347,0],[112.6100986890001,-7.0545009069999765,0],[112.61006666900005,-7.0545907349999766,0],[112.60994598500008,-7.0550110329999711,0],[112.60994010000002,-7.0550516819999416,0],[112.60990603900007,-7.0552080379999325,0],[112.60985895800002,-7.0553058139999507,0],[112.60981175900008,-7.0553691379999464,0],[112.60976741400009,-7.0554267109999387,0],[112.60972596300007,-7.0554900159999647,0],[112.60961801300004,-7.0556590509999637,0],[112.60959733700008,-7.0556914279999319,0],[112.60946420700009,-7.0558368719999294,0],[112.60936391700011,-7.0559219119999739,0],[112.60921773100006,-7.0560315129999367,0],[112.608989726,-7.0561657999999738,0],[112.60874444800004,-7.0562915339999677,0],[112.6086369840001,-7.0563794689999781,0],[112.60857551400011,-7.0564715529999376,0],[112.60843278600009,-7.0567505299999311,0],[112.60836144200005,-7.0568957609999643,0],[112.6082885080001,-7.0569964969999432,0],[112.6082056140001,-7.0571259769999415,0],[112.60814434200006,-7.0572754799999302,0],[112.60809738100011,-7.0574077069999248,0],[112.60808645500003,-7.0574508929999524,0],[112.60806902900003,-7.0575197729999672,0],[112.60806108200006,-7.0577150279999614,0],[112.60803272600003,-7.0578256589999455,0],[112.60798267700011,-7.0578961699999354,0],[112.60794398000007,-7.0579250129999309,0],[112.60788516600007,-7.0579539259999251,0],[112.60773308800003,-7.0580219179999517,0],[112.60769302800009,-7.0580722979999564,0],[112.60768457000006,-7.0581196989999739,0],[112.60768042300003,-7.0581670849999796,0],[112.60768773100006,-7.058202946999927,0],[112.60773260700012,-7.058298969999953,0],[112.60783712500006,-7.0586058059999459,0],[112.60789949600007,-7.0587749789999634,0],[112.60789263400011,-7.0588683099999798,0],[112.60785259400006,-7.0589244319999693,0],[112.60778814200012,-7.0589849449999633,0],[112.60764819500002,-7.0590456349999613,0],[112.60764466400008,-7.0590471659999707,0],[112.60745945800011,-7.0590923039999325,0],[112.60728571100003,-7.05912735499993,0],[112.60712063100004,-7.0591752949999318,0],[112.60706458100003,-7.0591726169999447,0],[112.60701657200002,-7.0591692509999575,0],[112.60701577900011,-7.0591691949999813,0],[112.60695256200006,-7.0591902279999772,0],[112.60688666800002,-7.0592493109999737,0],[112.60678347800001,-7.0593271829999367,0],[112.60667159800005,-7.0593849879999766,0],[112.60649809900008,-7.0594918119999761,0],[112.60639630600008,-7.0595581949999655,0],[112.60609844900011,-7.0597486809999737,0],[112.60605561500006,-7.0597736309999277,0],[112.60590011500005,-7.0598220159999414,0],[112.60577174000002,-7.0598714899999777,0],[112.60559062600009,-7.0599617109999713,0],[112.60551662500006,-7.0600313479999386,0],[112.60546103200011,-7.0601046449999671,0],[112.60540887100001,-7.0601264679999645,0],[112.60540081300007,-7.0601298389999556,0],[112.60536489000003,-7.0601299629999517,0],[112.60530493700003,-7.0601062439999396,0],[112.60523529200009,-7.0600502599999686,0],[112.60521446200005,-7.0600302329999636,0],[112.60511875500003,-7.059938213999942,0],[112.60499798100011,-7.0598361539999814,0],[112.60496512200007,-7.0598334729999692,0],[112.60491816800004,-7.0598456209999654,0],[112.60490889200003,-7.0598480209999366,0],[112.60484315300005,-7.0598829379999302,0],[112.604661652,-7.0600307009999597,0],[112.60450754300007,-7.0601353049999602,0],[112.60422807100008,-7.0603468049999378,0],[112.60411939800008,-7.0604321129999335,0],[112.60397981500012,-7.06058212399995,0],[112.60384863800004,-7.0607392829999753,0],[112.60383736400001,-7.0607487959999276,0],[112.60377778000009,-7.0607990689999269,0],[112.60377461200005,-7.0608017419999669,0],[112.6037327140001,-7.0608054749999383,0],[112.60370344100011,-7.0607976069999268,0],[112.60366679400011,-7.0607877579999467,0],[112.60355043800007,-7.0607283459999621,0],[112.60338491300001,-7.0606475699999578,0],[112.60315233600011,-7.0605682209999259,0],[112.60300727000003,-7.0605172809999317,0],[112.6028228350001,-7.0604774989999441,0],[112.6028181260001,-7.0604764829999453,0],[112.60281074400007,-7.0604748909999557,0],[112.6023372090001,-7.0611041999999316,0],[112.60233514100003,-7.0611069479999742,0],[112.60228126900006,-7.0611107209999773,0],[112.6022636560001,-7.0611062929999662,0],[112.60222494100003,-7.0610965599999531,0],[112.60215074500002,-7.0610853369999518,0],[112.60213987800012,-7.0610836929999437,0],[112.60209135500008,-7.0610903259999418,0],[112.60208601800002,-7.0610910559999525,0],[112.6020597160001,-7.0611031089999301,0],[112.60198937700011,-7.0611930689999554,0],[112.60192151000001,-7.0613057489999278,0],[112.60182128000008,-7.0614089709999348,0],[112.60173175700004,-7.0614918199999579,0],[112.60159576000001,-7.0616406209999809,0],[112.60152670000002,-7.0617545019999284,0],[112.60150770600001,-7.0618024169999671,0],[112.60149950900006,-7.0618562769999471,0],[112.60153835400001,-7.0620092629999363,0],[112.60162402200001,-7.0621979759999363,0],[112.60168908700007,-7.0623149849999436,0],[112.60176606400012,-7.0624140089999514,0],[112.60188318500002,-7.0625000259999524,0],[112.60191830300005,-7.0625122729999248,0],[112.60203741200007,-7.0626248129999567,0],[112.60210709000012,-7.0626903669999592,0],[112.60215148100008,-7.0627153359999397,0],[112.60221378900007,-7.0627270849999491,0],[112.60235556400005,-7.0627605099999755,0],[112.60244377600009,-7.0627976059999469,0],[112.60253675200011,-7.0628481269999384,0],[112.60263873000008,-7.0629045979999319,0],[112.60270173900005,-7.0629462499999249,0],[112.60275217500009,-7.0629647149999641,0],[112.60280887600004,-7.0629708349999305,0],[112.60281455100005,-7.0629714469999385,0],[112.60286718900011,-7.0629569109999579,0],[112.60286800400002,-7.0629563759999314,0],[112.6028848410001,-7.0629453239999407,0],[112.60289466800009,-7.0629388729999505,0],[112.60293168500004,-7.0629088399999773,0],[112.60296147700001,-7.0628668689999472,0],[112.60298638800009,-7.0627985969999258,0],[112.6029956750001,-7.0627136309999514,0],[112.60300499900006,-7.062639431999969,0],[112.60303764500009,-7.0623833229999491,0],[112.60304793200009,-7.0623865169999362,0],[112.60314433200006,-7.0624164509999332,0],[112.60329415100011,-7.062456607999934,0],[112.60339006900006,-7.06249216599997,0],[112.60349669800007,-7.0625518699999361,0],[112.60353229000009,-7.0625722209999253,0],[112.60362061900003,-7.0626779879999617,0],[112.60372628500011,-7.0627625579999744,0],[112.60381632000008,-7.0628280419999783,0],[112.60391133100006,-7.0628542899999616,0],[112.6040932730001,-7.0629275739999571,0],[112.60442667000007,-7.0630747619999283,0],[112.60448904400005,-7.0631056489999651,0],[112.60449989100005,-7.0631259479999358,0],[112.60452165900006,-7.0631880779999392,0],[112.60452433700004,-7.0632258469999556,0],[112.60452636600007,-7.0632544539999458,0],[112.60452985000006,-7.0633035929999437,0],[112.60453196100002,-7.0633333639999591,0],[112.6045354150001,-7.0633820759999253,0],[112.60453630800009,-7.0633946709999691,0],[112.6045374680001,-7.0634110369999803,0],[112.60453931600011,-7.0634371009999768,0],[112.60454075600001,-7.063457403999962,0],[112.60454557300011,-7.0635253369999305,0],[112.60452175500006,-7.0636981769999352,0],[112.60451753600012,-7.0637287959999639,0],[112.6046239420001,-7.0638108799999486,0],[112.60469516800003,-7.0638658269999723,0],[112.60498960500001,-7.0641128429999753,0],[112.60499052000011,-7.0641137859999503,0],[112.6050735770001,-7.0641993989999605,0],[112.60515852900005,-7.0642439549999381,0],[112.60519593900005,-7.0642635759999735,0],[112.60528839300002,-7.0643362279999451,0],[112.60531796300006,-7.0643839499999785,0],[112.60532999100008,-7.0644033619999504,0],[112.60533386500003,-7.0644086449999577,0],[112.60536225400006,-7.0644473589999279,0],[112.60536325700002,-7.0645166039999481,0],[112.60535144800008,-7.064564493999967,0],[112.60531929000001,-7.064614846999973,0],[112.60526801100002,-7.0646760319999657,0],[112.60520657500001,-7.0647303249999709,0],[112.60514027300007,-7.064788918999966,0],[112.60503633200005,-7.064857462999953,0],[112.60497748900002,-7.0648961679999616,0],[112.6049408240001,-7.0649202839999248,0],[112.60491033100004,-7.0649366939999254,0],[112.60476548600002,-7.0650146399999585,0],[112.60467756600008,-7.0650797609999358,0],[112.60455049400002,-7.0651738829999431,0],[112.60446663200003,-7.0652116629999568,0],[112.60441532600009,-7.0652347759999543,0],[112.60441001200002,-7.0652371699999321,0],[112.60430230400004,-7.0652554839999766,0],[112.60414800600006,-7.0652576749999412,0],[112.60398745900011,-7.0652319099999659,0],[112.60387059400011,-7.0652049339999508,0],[112.60387001600009,-7.0652047969999785,0],[112.60378617400011,-7.0651991069999553,0],[112.60373466700003,-7.0651944999999614,0],[112.60349409800006,-7.0652288219999377,0],[112.6032785750001,-7.0652343479999331,0],[112.6032304690001,-7.0652289379999615,0],[112.60314440900004,-7.0652192589999459,0],[112.60307133600008,-7.0652111359999594,0],[112.60298835900005,-7.0652194149999445,0],[112.60295806700003,-7.0652272109999785,0],[112.60286879800003,-7.0652537739999275,0],[112.60285835700006,-7.0652568809999252,0],[112.60271035400001,-7.0653164219999667,0],[112.60264493900002,-7.0653427379999698,0],[112.60264430000007,-7.0653429949999804,0],[112.60264321600005,-7.065344176999929,0],[112.6026248500001,-7.0653641909999578,0],[112.6026156690001,-7.0653741959999365,0],[112.6025895140001,-7.0654293139999709,0],[112.60257413700003,-7.0654843939999523,0],[112.60255320600004,-7.0656650989999434,0],[112.60251676100006,-7.0658614089999787,0],[112.60249796300002,-7.0659435849999568,0],[112.60247075300003,-7.0660625369999366,0],[112.60243876400011,-7.0661619359999577,0],[112.60240184500003,-7.0662206789999686,0],[112.60235652400002,-7.0662734689999525,0],[112.60230836500011,-7.066300526999953,0],[112.60224298500009,-7.0663372609999442,0],[112.60216178500002,-7.066390599999977,0],[112.6021294840001,-7.0664118179999491,0],[112.60209969200002,-7.0664537889999792,0],[112.60207348400002,-7.0664933559999668,0],[112.60205204200008,-7.066525727999931,0],[112.6020401830001,-7.0665592639999772,0],[112.60203787800003,-7.066585588999942,0],[112.60207524600003,-7.0666572359999691,0],[112.60214916500001,-7.0667851149999592,0],[112.60217905700006,-7.0668340069999545,0],[112.60222859900011,-7.0670275449999735,0],[112.60225053200008,-7.0671375249999642,0],[112.60226346800005,-7.0671925689999284,0],[112.60226185500005,-7.0673439729999359,0],[112.6022609370001,-7.0674007089999691,0],[112.60223137900005,-7.067486894999945,0],[112.60222364000003,-7.067489501999944,0],[112.60221343800004,-7.0674929379999298,0],[112.60220162300004,-7.0674922409999681,0],[112.60215594800002,-7.0674895469999797,0],[112.60210083700008,-7.0674813619999668,0],[112.60202301900006,-7.0674864149999621,0],[112.60193327000002,-7.0675129919999335,0],[112.60192492800002,-7.0675154619999603,0],[112.60175149200006,-7.0675722819999578,0],[112.60155901200005,-7.0676626619999752,0],[112.6013772230001,-7.0677278839999644,0],[112.6011501370001,-7.0678530739999701,0],[112.60099115600008,-7.0679349659999389,0],[112.60093622200009,-7.0679782189999401,0],[112.60091994300001,-7.0680032279999523,0],[112.60091359,-7.068012987999964,0],[112.60089935600001,-7.068052512999941,0],[112.60090539700002,-7.0680680439999719,0],[112.60093302400003,-7.0681060639999487,0],[112.600957128,-7.0681508409999765,0],[112.60102331700011,-7.0682463129999746,0],[112.60128191100011,-7.0685773839999797,0],[112.60147437800003,-7.0688309249999293,0],[112.60155063000002,-7.0689456399999813,0],[112.60163042600004,-7.0689943319999315,0],[112.6016978560001,-7.0690354779999325,0],[112.6018621290001,-7.0690995099999441,0],[112.6019520530001,-7.0691326959999401,0],[112.60212468800012,-7.0691907189999483,0],[112.60223977500004,-7.0692286029999423,0],[112.6023549360001,-7.0692880189999414,0],[112.60242693500004,-7.0693320329999665,0],[112.60246657100004,-7.0693665879999799,0],[112.60248583300006,-7.0693964279999477,0],[112.60253754500002,-7.0696456419999549,0],[112.60259746500003,-7.0698349019999682,0],[112.60263668200002,-7.06992149499996,0],[112.60267886000008,-7.0699991059999547,0],[112.60281888600002,-7.0701369549999526,0],[112.60289811600001,-7.0701941029999489,0],[112.6029498580001,-7.0702668959999642,0],[112.60296554800004,-7.0703027289999341,0],[112.60302708400002,-7.0704376929999739,0],[112.60306921000006,-7.0704997529999787,0],[112.60310766000009,-7.070537900999966,0],[112.60321456300005,-7.0706332329999668,0],[112.60329630800004,-7.0707250619999513,0],[112.60332285800007,-7.070784782999965,0],[112.60335463400008,-7.0708677189999776,0],[112.60339758600003,-7.0709386769999583,0],[112.60343677100002,-7.0710162989999503,0],[112.60349624000003,-7.0711560449999524,0],[112.60359585900005,-7.0714728819999664,0],[112.60362986200005,-7.0716103329999669,0],[112.60370263300001,-7.0717464519999567,0],[112.60373882800002,-7.0717958099999692,0],[112.60380779500008,-7.0718284689999678,0],[112.60384389800004,-7.0718696569999793,0],[112.60384648600007,-7.0719230039999275,0],[112.60384080000006,-7.0720103489999815,0],[112.60383838500002,-7.0720240919999355,0],[112.60382670700005,-7.0720905459999699,0],[112.60382566400006,-7.0721045049999702,0],[112.60382098400009,-7.0721671259999539,0],[112.6038164040001,-7.072228149999944,0],[112.60379179400002,-7.0723837469999467,0],[112.60375481400001,-7.0724245469999687,0],[112.60372801700009,-7.0724418099999298,0],[112.60372494300009,-7.0724437899999657,0],[112.60367587700011,-7.0724523319999548,0],[112.60366431700004,-7.072452668999972,0],[112.60361237100005,-7.072454180999955,0],[112.60358535700004,-7.0724534559999483,0],[112.60351357100001,-7.072451530999956,0],[112.6034506530001,-7.0724367939999411,0],[112.60344985300003,-7.0724359389999449,0],[112.60341159100005,-7.0723950599999625,0],[112.60335746800001,-7.0723264619999782,0],[112.60331350200011,-7.0723057329999506,0],[112.60325251000006,-7.0722611939999638,0],[112.60319266600004,-7.0722499109999717,0],[112.60319020100007,-7.0722494459999439,0],[112.60315617100002,-7.072264559999951,0],[112.60308976700003,-7.0722940529999505,0],[112.60293259600007,-7.0723944029999757,0],[112.6028806700001,-7.0724275559999796,0],[112.60278034800001,-7.0725044619999267,0],[112.60277415100006,-7.072509656999955,0],[112.6026657220001,-7.0726005559999408,0],[112.60261025400007,-7.0726759459999471,0],[112.60259848600003,-7.0727357989999291,0],[112.60261770600005,-7.0731005879999316,0],[112.60263902300005,-7.0732051859999387,0],[112.60269660300003,-7.0734083499999656,0],[112.60276633400008,-7.073662312999943,0],[112.60279961500009,-7.0737638789999551,0],[112.60283582700004,-7.0738474919999703,0],[112.60289295400003,-7.0739190699999313,0],[112.60298911200005,-7.0740234099999384,0],[112.60296404400003,-7.0741389199999389,0],[112.60290872600001,-7.0742099279999593,0],[112.60285529800001,-7.0742732739999497,0],[112.60279232300002,-7.0743462219999742,0],[112.60278098600008,-7.0743921969999519,0],[112.60279802500008,-7.0744920189999334,0],[112.60279634100004,-7.0745504229999483,0],[112.6029120500001,-7.0751152509999429,0],[112.60291528100004,-7.0751840239999524,0],[112.60289552900008,-7.0752181199999313,0],[112.60289444900002,-7.0752199839999435,0],[112.60285539100005,-7.0752258849999521,0],[112.60284002300011,-7.0752144239999666,0],[112.60277557300003,-7.0751663609999582,0],[112.60264773100005,-7.0750818539999614,0],[112.60257464400001,-7.0750701429999481,0],[112.6025420630001,-7.0750708369999415,0],[112.60250916100006,-7.0750715369999284,0],[112.60250759000007,-7.0750715699999773,0],[112.60244898500002,-7.0750921079999785,0],[112.60232228900009,-7.0751607299999364,0],[112.60214246800001,-7.0753114969999729,0],[112.60209926100003,-7.0753451709999808,0],[112.60206946300002,-7.0753754159999289,0],[112.60206797100011,-7.0753769299999476,0],[112.60204284100007,-7.0753818019999812,0],[112.60198622300004,-7.0753357849999361,0],[112.60197275200005,-7.0753248369999255,0],[112.60193959900005,-7.0753067929999816,0],[112.60190455600002,-7.0753079749999301,0],[112.60190201600005,-7.0753080609999301,0],[112.6019000870001,-7.0753081259999249,0],[112.601866599,-7.0753202029999329,0],[112.60183914400011,-7.0753454189999729,0],[112.60183088100007,-7.0753801389999467,0],[112.60186113600002,-7.0754721459999814,0],[112.60186604500007,-7.07550681999993,0],[112.60186023900008,-7.0755594749999773,0],[112.6018149790001,-7.0756302089999394,0],[112.60166777100005,-7.075730827999962,0],[112.60165684700007,-7.0757386299999325,0],[112.60154331400008,-7.0758048139999801,0],[112.60142690200007,-7.0759039049999615,0],[112.60139922900009,-7.0759587739999574,0],[112.6013572170001,-7.0759991119999768,0],[112.60130374200003,-7.0760490599999457,0],[112.60125791700011,-7.0760951529999261,0],[112.60118339300004,-7.0761528299999554,0],[112.60110499100006,-7.0761971209999501,0],[112.60102010900005,-7.0762294879999672,0],[112.60101888600002,-7.0762299549999739,0],[112.60091233600008,-7.0762613249999617,0],[112.60090125300007,-7.0762645879999582,0],[112.60088124800006,-7.0763203869999529,0],[112.60086993000004,-7.0763721039999723,0],[112.6008586910001,-7.0764467879999415,0],[112.60083982200001,-7.076531068999941,0],[112.60082474500007,-7.0766038529999378,0],[112.6008057570001,-7.0766536819999715,0],[112.60072544600007,-7.0766998939999439,0],[112.60064992700006,-7.0767339829999401,0],[112.60059626900011,-7.0767582039999297,0],[112.60055578000004,-7.0767861439999251,0],[112.60047229800011,-7.0768851209999752,0],[112.60040676700009,-7.076981046999947,0],[112.60035915600008,-7.0770649479999292,0],[112.60029951000001,-7.0771078189999344,0],[112.60029644400004,-7.077110022999932,0],[112.60026615600009,-7.0771144509999431,0],[112.60015563500008,-7.0771096969999689,0],[112.60015557800011,-7.0771096949999333,0],[112.60010414100009,-7.0771254229999272,0],[112.60008148800011,-7.0771542109999359,0],[112.60007222700006,-7.0772005119999335,0],[112.60006423400011,-7.0773600249999618,0],[112.60004315800006,-7.0774988619999704,0],[112.60002667800006,-7.0775814599999762,0],[112.60002347700004,-7.0776951139999369,0],[112.60002253300001,-7.0777459889999363,0],[112.60002145700003,-7.0778039799999419,0],[112.60001101400007,-7.0779009119999614,0],[112.599980114,-7.0779692039999418,0],[112.59994919400003,-7.0780315159999532,0],[112.59989807800002,-7.0781405499999437,0],[112.59983378100003,-7.0782472369999709,0],[112.59979457400004,-7.0783370909999803,0],[112.59976362900011,-7.0783922249999591,0],[112.59969795300003,-7.078446281999959,0],[112.59965972500004,-7.0784727299999304,0],[112.59962043500002,-7.0785386589999462,0],[112.5995992390001,-7.078642805999948,0],[112.59958396000002,-7.0787265959999672,0],[112.59957568900006,-7.0787589229999526,0],[112.59954842700006,-7.0788403609999477,0],[112.59947936300011,-7.0789072049999504,0],[112.5994167020001,-7.0789672329999576,0],[112.59932715900004,-7.0790452969999365,0],[112.59928553600002,-7.0791291769999702,0],[112.59928274800006,-7.079188998999939,0],[112.59926818100007,-7.0793056839999622,0],[112.59922974800008,-7.079450799999961,0],[112.59922839300009,-7.0794559139999365,0],[112.59919969700002,-7.0794508269999596,0],[112.59908939900004,-7.0794312709999758,0],[112.59894320400008,-7.079401867999934,0],[112.59853943400003,-7.0793161279999595,0],[112.59831314600001,-7.0792575719999604,0],[112.59806288200002,-7.0791914409999777,0],[112.59790754700009,-7.079150823999953,0],[112.59781352400012,-7.0791099959999428,0],[112.59774730800007,-7.0790767279999613,0],[112.59769840400008,-7.0790634979999254,0],[112.59764090900001,-7.0790589109999473,0],[112.59757289600009,-7.079060100999925,0],[112.59753170900001,-7.079062156999953,0],[112.59745315500004,-7.0790624259999504,0],[112.59739080700001,-7.0790396719999649,0],[112.59736390800003,-7.0790224659999694,0],[112.59736104300009,-7.07902063399996,0],[112.59735605900005,-7.0790132209999683,0],[112.59733408200009,-7.0789805329999353,0],[112.59731856300004,-7.0789250799999763,0],[112.59728853000001,-7.0788275689999409,0],[112.59727399200005,-7.0787788119999391,0],[112.5972693970001,-7.0787633249999544,0],[112.59726236200004,-7.0787396149999608,0],[112.59724887400012,-7.0787176509999767,0],[112.59722091600008,-7.0786874979999652,0],[112.59713491400009,-7.0786578129999498,0],[112.59709630200007,-7.078644484999927,0],[112.59707324100009,-7.0786244669999405,0],[112.59707220100006,-7.0786005459999615,0],[112.59708073700006,-7.078575634999936,0],[112.59710161200007,-7.0785171859999423,0],[112.59713300500005,-7.0784529589999465,0],[112.59717302900003,-7.0783915739999657,0],[112.59729126200011,-7.0782294349999688,0],[112.59731788800002,-7.0781719239999461,0],[112.59733993200007,-7.0780873829999678,0],[112.59736789100009,-7.0779478139999696,0],[112.59740292800007,-7.0778290259999608,0],[112.5974486340001,-7.0777484809999578,0],[112.59753351600011,-7.0776381339999261,0],[112.59755237600007,-7.0776106639999625,0],[112.59756973800006,-7.0775853749999555,0],[112.59760024900004,-7.0775431619999267,0],[112.59760971300011,-7.0775096349999558,0],[112.59761060500011,-7.0774904919999813,0],[112.59760663800012,-7.0774512679999475,0],[112.5975844300001,-7.07740062299996,0],[112.5975514910001,-7.0773532679999676,0],[112.59747481900001,-7.0772842459999765,0],[112.59743622800011,-7.0772642999999675,0],[112.59738652700003,-7.0772386129999632,0],[112.59729064700002,-7.0772150169999577,0],[112.59720632900007,-7.0772105209999268,0],[112.59714697700008,-7.0772231659999534,0],[112.59703975200011,-7.0772436309999307,0],[112.5969535270001,-7.0772535469999411,0],[112.59688740800004,-7.0772364979999338,0],[112.59686150300001,-7.0772251029999325,0],[112.59682488200008,-7.0771620659999712,0],[112.59679362500003,-7.0770661989999439,0],[112.59672308100005,-7.0768626589999712,0],[112.59657063200007,-7.0766353469999785,0],[112.5965247900001,-7.0765343459999599,0],[112.59650331300008,-7.0764176659999407,0],[112.59647510100001,-7.0762923959999284,0],[112.59644979600012,-7.0761766849999503,0],[112.59641692500009,-7.0760897109999519,0],[112.59637336100002,-7.0760170999999445,0],[112.59615480200011,-7.07585023799993,0],[112.59609511200006,-7.0758314669999436,0],[112.59605892200011,-7.075821011999949,0],[112.59605611200004,-7.0758201999999528,0],[112.59600017700006,-7.07580403999998,0],[112.59589380900002,-7.0757948349999538,0],[112.59581621300003,-7.075795100999926,0],[112.59573875400008,-7.0758151589999443,0],[112.59573007100005,-7.0758174069999313,0],[112.59571941700005,-7.0758223509999425,0],[112.59566981400008,-7.0758453669999426,0],[112.59561720400006,-7.0758685149999678,0],[112.59557557300002,-7.0758851979999804,0],[112.59548231300005,-7.0759225689999425,0],[112.59540293300006,-7.0759611209999775,0],[112.59534870200002,-7.0759824429999298,0],[112.59532926700001,-7.0759900839999545,0],[112.5952688540001,-7.0760140569999521,0],[112.59524412200005,-7.0760238709999612,0],[112.59518384500007,-7.0760460879999414,0],[112.59513998700004,-7.0760603369999444,0],[112.59513025800004,-7.0760634979999395,0],[112.59506227800011,-7.0760742579999487,0],[112.59491964100005,-7.0761044139999285,0],[112.59483201300009,-7.0761185439999394,0],[112.59482868200007,-7.0761190809999448,0],[112.59474926900009,-7.0761480629999483,0],[112.59468616700008,-7.0761846449999553,0],[112.59465949900004,-7.0762140239999667,0],[112.59464608300004,-7.0762288039999248,0],[112.59461653400001,-7.076271970999926,0],[112.59459749300004,-7.0763064879999433,0],[112.59457463600006,-7.0763458029999811,0],[112.59448686300004,-7.0764513739999302,0],[112.59442481200006,-7.0765147489999549,0],[112.59437901600006,-7.0765694549999694,0],[112.5943284010001,-7.0766155639999511,0],[112.5942796920001,-7.076658795999947,0],[112.5942616750001,-7.0766664029999333,0],[112.59424528200009,-7.0766733239999553,0],[112.59423855800003,-7.0766761629999451,0],[112.59419067900001,-7.0766820689999577,0],[112.59414086400011,-7.0766822399999683,0],[112.59406611800011,-7.0766757969999503,0],[112.59378623100008,-7.0766308189999449,0],[112.59342488300001,-7.0765765499999702,0],[112.59316811500003,-7.0765688159999627,0],[112.59302629500007,-7.0765578179999693,0],[112.59283947300003,-7.0765536719999318,0],[112.59265932700009,-7.0765408899999329,0],[112.59246095600008,-7.0765214719999676,0],[112.59239000000002,-7.0765025749999495,0],[112.59232386400004,-7.0764922739999747,0],[112.59229499200001,-7.0764947769999367,0],[112.59228938600006,-7.0764952629999698,0],[112.59224348500004,-7.0765193449999515,0],[112.59220432000006,-7.0765520169999263,0],[112.59218745700002,-7.0765696019999496,0],[112.59207449700011,-7.0766873989999795,0],[112.59202675900008,-7.0767344549999507,0],[112.59199524700011,-7.0767642299999807,0],[112.59197042500011,-7.0767891969999255,0],[112.59196093000003,-7.076814110999976,0],[112.59194492000006,-7.0768945539999777,0],[112.59190396300005,-7.0769635989999529,0],[112.5918744170001,-7.0770077219999621,0],[112.59184863300004,-7.0770317349999345,0],[112.59181261800006,-7.0770490939999604,0],[112.5918046380001,-7.0770529399999305,0],[112.59175995900011,-7.0770682539999257,0],[112.59175105400004,-7.0770713059999366,0],[112.59169168900007,-7.0770801219999271,0],[112.59163903900003,-7.0770917859999258,0],[112.59158844100011,-7.077105678999942,0],[112.59158257100012,-7.0771072909999475,0],[112.59156662000009,-7.0771126629999799,0],[112.59153089900008,-7.0771246939999628,0],[112.59136338100006,-7.0772171489999778,0],[112.59136165400002,-7.0772181019999607,0],[112.59121904000006,-7.0772549559999334,0],[112.59119103100011,-7.077259129999959,0],[112.5910744570001,-7.0772765039999399,0],[112.59098954300009,-7.0772848499999554,0],[112.59092314500003,-7.0772913759999483,0],[112.59077977000004,-7.0773125949999667,0],[112.59077090100004,-7.077313907999951,0],[112.59074249100001,-7.0773399539999673,0],[112.5907108670001,-7.077406941999925,0],[112.59067393800001,-7.0775333929999533,0],[112.59062918800009,-7.0776139339999418,0],[112.59059385100011,-7.0776456359999429,0],[112.59046659700005,-7.0776920069999392,0],[112.59036910900011,-7.0777583739999272,0],[112.59029372000009,-7.0778438049999295,0],[112.59021162500005,-7.0779292589999727,0],[112.59018060100004,-7.0779433329999506,0],[112.59017336500006,-7.0779466149999735,0],[112.59013204300004,-7.0779476739999723,0],[112.59013025900003,-7.0779477199999405,0],[112.59007373800011,-7.0779479129999459,0],[112.59001530700004,-7.0779500259999395,0],[112.58995113600008,-7.0779540739999334,0],[112.58977199300011,-7.0779546859999414,0],[112.58970107200003,-7.0779463149999629,0],[112.58965502900003,-7.0779473239999788,0],[112.58964934500011,-7.0779474489999643,0],[112.58962777300007,-7.0779603619999421,0],[112.58961397100006,-7.0779686239999364,0],[112.58959393600003,-7.0779926169999499,0],[112.58958210600008,-7.078037950999942,0],[112.58952971400004,-7.0781878729999335,0],[112.58952973300006,-7.0782674959999667,0],[112.58954232400004,-7.0783076479999636,0],[112.58955586100001,-7.078343967999956,0],[112.58957995100002,-7.0783850359999292,0],[112.58959055100001,-7.0784031829999776,0],[112.58961086900001,-7.0784614909999277,0],[112.58962159600003,-7.0785169609999343,0],[112.58962295100002,-7.0786327529999653,0],[112.58963555500009,-7.078676732999952,0],[112.58965995400001,-7.0786972139999307,0],[112.58966053500001,-7.0786977009999532,0],[112.58968546900007,-7.0787052719999792,0],[112.58972857500009,-7.0787041679999447,0],[112.58973793700011,-7.0787008309999351,0],[112.58976110700007,-7.0786925729999552,0],[112.58979362900004,-7.0786781059999271,0],[112.58981422600004,-7.0786706409999738,0],[112.58983094500002,-7.0786645809999413,0],[112.58983362400011,-7.0786642599999254,0],[112.58987212200009,-7.0786596549999672,0],[112.59003025800007,-7.0786792119999404,0],[112.59023692100004,-7.0786905459999616,0],[112.59026022,-7.078691823999975,0],[112.59040002000006,-7.0786722059999647,0],[112.59043076700004,-7.0786673449999284,0],[112.59048044800011,-7.07865948999995,0],[112.59058385000003,-7.0786499029999277,0],[112.59070550600006,-7.0786386239999501,0],[112.59087252000006,-7.0786303329999782,0],[112.59097465700006,-7.0786252629999353,0],[112.59102640100002,-7.0786289139999781,0],[112.59111364900002,-7.0786496689999581,0],[112.59123255100008,-7.0786818009999593,0],[112.59131018700009,-7.0786930189999566,0],[112.59145584000009,-7.0787040049999632,0],[112.59155164100002,-7.0787046349999514,0],[112.59163599300007,-7.078718700999957,0],[112.59167534300002,-7.0787396209999542,0],[112.59171661500011,-7.0787624479999636,0],[112.59183083100004,-7.0788252189999525,0],[112.59195361100001,-7.0788707349999527,0],[112.59204184400005,-7.0788991429999442,0],[112.59209842400003,-7.0789161759999502,0],[112.59217915500005,-7.0789673499999708,0],[112.59218817300007,-7.0789706519999527,0],[112.59236174800003,-7.0791593099999659,0],[112.59249542300006,-7.0793091019999679,0],[112.59260107700004,-7.0793891289999351,0],[112.59279025300009,-7.0795205469999587,0],[112.5929447740001,-7.0796032779999791,0],[112.59302037900011,-7.0796532559999719,0],[112.59316085600005,-7.0797585289999461,0],[112.59321278100003,-7.0798148139999739,0],[112.59314794700003,-7.0799049939999463,0],[112.59310218400003,-7.0799692699999355,0],[112.59295702700001,-7.0801027909999448,0],[112.59286536200011,-7.0801911489999725,0],[112.5928242870001,-7.0802257409999356,0],[112.59279088500011,-7.0802631789999282,0],[112.59281108200003,-7.0802860779999719,0],[112.59293106700011,-7.0803545709999298,0],[112.59295991800002,-7.0803870099999813,0],[112.59297635500002,-7.0804309759999455,0],[112.59297941200009,-7.0804845579999665,0],[112.59296135800003,-7.0805276849999359,0],[112.59292702200003,-7.0805718239999464,0],[112.59286488800001,-7.0806112739999776,0],[112.59283524900002,-7.0806286019999334,0],[112.59280675800005,-7.0806377839999755,0],[112.59276922000004,-7.0806498819999319,0],[112.59269760900008,-7.0806807159999607,0],[112.5926840840001,-7.0806865389999416,0],[112.59263440000007,-7.0807249899999647,0],[112.59262332900005,-7.0807346409999354,0],[112.59260574600012,-7.0807499699999426,0],[112.59253426400005,-7.0808573989999672,0],[112.59245240600001,-7.0810117559999526,0],[112.59243440800003,-7.0810711519999359,0],[112.59243355500007,-7.0811017789999369,0],[112.59244430600006,-7.0811639469999363,0],[112.59245699300004,-7.0812318509999272,0],[112.59245339100005,-7.0812988539999537,0],[112.59242865400006,-7.081348701999957,0],[112.59240960300008,-7.0813803489999714,0],[112.59238104400004,-7.0814330819999327,0],[112.59236683100005,-7.0814790659999289,0],[112.59237553200001,-7.0815020049999475,0],[112.59240708000004,-7.0815380449999452,0],[112.59240727000008,-7.0815382619999809,0],[112.59247155700007,-7.0815677089999554,0],[112.59260969800005,-7.0816227419999791,0],[112.59267963500008,-7.0816234599999461,0],[112.59281366300002,-7.0815992259999803,0],[112.59296612900005,-7.0815663529999711,0],[112.59297459600009,-7.0815635439999483,0],[112.59299493200001,-7.0815567979999514,0],[112.59307209800011,-7.0815311999999722,0],[112.59308073900002,-7.0815286419999666,0],[112.593122515,-7.0815162769999347,0],[112.59318897300011,-7.0815307999999391,0],[112.59319055500009,-7.0815313579999497,0],[112.59322925800006,-7.0815450169999394,0],[112.59328764800011,-7.0816268939999532,0],[112.59329495700001,-7.0816371429999663,0],[112.59335741200005,-7.0816907599999581,0],[112.59342696400006,-7.0817192319999549,0],[112.59349408100002,-7.0817357499999503,0],[112.59353843700001,-7.0817499529999282,0],[112.59357444400007,-7.0817737539999257,0],[112.59359609700005,-7.0818023899999503,0],[112.59361131200001,-7.0818378149999717,0],[112.59361661900004,-7.0818501699999388,0],[112.59366602800003,-7.0819409159999509,0],[112.59369727000001,-7.0819719109999255,0],[112.5937352740001,-7.0819907309999621,0],[112.59373805400003,-7.0819921079999517,0],[112.59376570000006,-7.0819927669999743,0],[112.59380003300009,-7.0819935849999638,0],[112.59392747800007,-7.0819798439999317,0],[112.59400190400004,-7.0819718189999321,0],[112.59411149300001,-7.081939388999956,0],[112.59417142100006,-7.0819547349999539,0],[112.59423855400007,-7.0819760369999472,0],[112.59433561600008,-7.0819948449999401,0],[112.59441111100011,-7.0820101369999406,0],[112.59446141800004,-7.0820135529999675,0],[112.59454805600001,-7.0819986569999287,0],[112.5947133090001,-7.0819980909999458,0],[112.5948821180001,-7.0819867449999379,0],[112.59488944600002,-7.0819836179999811,0],[112.5949753860001,-7.0819469489999278,0],[112.59519556000009,-7.0818458079999687,0],[112.59525874600001,-7.0818167819999758,0],[112.59541722800009,-7.0817624069999283,0],[112.59541851000006,-7.0817624029999706,0],[112.59559385700004,-7.0817618009999705,0],[112.59586031800006,-7.0817668689999778,0],[112.59604896300004,-7.0817781839999725,0],[112.59622862700007,-7.0817895299999805,0],[112.5964262220001,-7.0817918419999728,0],[112.59642824400009,-7.081788352999979,0],[112.59646390600005,-7.0817268269999545,0],[112.59654714400006,-7.0816329499999711,0],[112.59657135900011,-7.0815315429999259,0],[112.5965678120001,-7.081472266999981,0],[112.59659346900003,-7.0810983509999801,0],[112.59662860100002,-7.0808679519999487,0],[112.59666981400005,-7.0806644479999363,0],[112.59667939100007,-7.0806687129999659,0],[112.59678776100009,-7.0807169659999545,0],[112.59743136500003,-7.0811118289999513,0],[112.59747832900007,-7.0811406429999693,0],[112.59774648900009,-7.0812229889999685,0],[112.59797718900006,-7.0812760279999338,0],[112.59876251900005,-7.0815574379999475,0],[112.59919415800005,-7.0817144569999755,0],[112.59937268700003,-7.0817659399999684,0],[112.59943611500012,-7.0817842309999719,0],[112.59949362900011,-7.0818008159999408,0],[112.59961457400004,-7.081795839999927,0],[112.59977318900008,-7.081780341999945,0],[112.59989289600003,-7.0817679679999515,0],[112.59997670900009,-7.0817646889999537,0],[112.60011022800006,-7.0817908869999542,0],[112.60014147700008,-7.0817970189999642,0],[112.60020844700011,-7.0818220699999301,0],[112.60025238800006,-7.08183850599994,0],[112.60027064300004,-7.0818566169999713,0],[112.60028242800001,-7.0818683089999581,0],[112.6003451250001,-7.0818750489999616,0],[112.60039024300011,-7.0818798999999331,0],[112.60045617700007,-7.0819006079999554,0],[112.6004774810001,-7.0819497969999361,0],[112.60048333700001,-7.0819633169999747,0],[112.60051930200007,-7.0819751559999418,0],[112.60052798600009,-7.0819709699999294,0],[112.60058804400001,-7.0819420219999643,0],[112.60063892700009,-7.0818865739999524,0],[112.60065962500005,-7.081864019999955,0],[112.60075817000006,-7.0817919059999781,0],[112.60076554900002,-7.0817912659999251,0],[112.60082999800011,-7.0817856769999707,0],[112.60085097500007,-7.0817915859999516,0],[112.60103693500002,-7.0818926269999452,0],[112.60116296000001,-7.0819759309999313,0],[112.60128298600011,-7.0820562639999594,0],[112.60144785700004,-7.0821184999999787,0],[112.6015348090001,-7.0821570779999661,0],[112.60163676000002,-7.0822045769999704,0],[112.60173578900003,-7.0822730199999455,0],[112.60189493100006,-7.082410040999946,0],[112.60197597800004,-7.0824725649999323,0],[112.60206894800001,-7.0825200939999604,0],[112.60214985000005,-7.0825407499999642,0],[112.60225760300011,-7.0825343969999608,0],[112.60226455600002,-7.0825312609999287,0],[112.60237118800001,-7.0824831649999282,0],[112.60251757000003,-7.0823929429999453,0],[112.60261313100011,-7.0823238289999608,0],[112.60271769400003,-7.0822606659999678,0],[112.60272721600006,-7.0822582529999636,0],[112.60281341000007,-7.0822364109999398,0],[112.60322656200003,-7.082240967999951,0],[112.60323097100002,-7.0826506669999389,0],[112.6032550650001,-7.082692452999936,0],[112.6033481390001,-7.082769887999973,0],[112.60343224200005,-7.0828503449999403,0],[112.60352518100001,-7.0828889019999792,0],[112.60360309000009,-7.0829095679999341,0],[112.60367194500009,-7.0829093299999499,0],[112.6036839410001,-7.082915269999944,0],[112.60367914200003,-7.0832592079999586,0],[112.60366429700002,-7.0832951459999549,0],[112.60350605400004,-7.0834183069999312,0],[112.60347923500001,-7.0834542869999382,0],[112.60346445200003,-7.0835081689999697,0],[112.60348262100001,-7.083567918999961,0],[112.60352468800011,-7.0836126329999729,0],[112.60361456200008,-7.0836302669999327,0],[112.60365653600002,-7.0836480659999665,0],[112.60367159700002,-7.0836749289999261,0],[112.60381038300011,-7.0839854749999631,0],[112.60385551600007,-7.08405111299993,0],[112.60393046200011,-7.0840807599999494,0],[112.60401424500003,-7.0840685089999624,0],[112.60405620900008,-7.0840833169999655,0],[112.60411938700008,-7.0841728169999669,0],[112.60417956100002,-7.0842593379999812,0],[112.6042533320001,-7.0843981899999449,0],[112.6042699620001,-7.0844294909999803,0],[112.60430609400009,-7.0844891779999557,0],[112.60436310900002,-7.0845278599999801,0],[112.60440807600003,-7.0845456479999598,0],[112.60453971700008,-7.0845212689999357,0],[112.60454957400009,-7.0845181219999631,0],[112.60459653600003,-7.084503128999927,0],[112.60459674500009,-7.0845032319999746,0],[112.60463852000009,-7.0845239189999347,0],[112.60466864400007,-7.084577645999957,0],[112.60469881900008,-7.0846463259999268,0],[112.60476476300005,-7.0846700229999442,0],[112.60485159100006,-7.0846727139999643,0],[112.60493855400011,-7.0847142819999362,0],[112.60501661800004,-7.0847798059999718,0],[112.60507076400006,-7.0848543849999714,0],[112.60503503600012,-7.0849113299999544,0],[112.60492739600011,-7.0851444159999346,0],[112.60487457500005,-7.0852587949999588,0],[112.60480605100008,-7.0853547309999385,0],[112.60479432400007,-7.085426545999951,0],[112.60481877000007,-7.0855700109999589,0],[112.60483137600011,-7.085752394999929,0],[112.60480483600008,-7.0858691209999733,0],[112.60476613500009,-7.0859320569999795,0],[112.60476937700003,-7.086003820999963,0],[112.60477257800005,-7.0860636219999265,0],[112.60474300300007,-7.0861683959999482,0],[112.60467495400007,-7.0864018989999522,0],[112.60465447400009,-7.0865395369999646,0],[112.60462204000009,-7.0866831989999355,0],[112.60461350300011,-7.086811824999927,0],[112.60460487400007,-7.086913534999951,0],[112.60454577500002,-7.0871380359999421,0],[112.60449816500011,-7.0872219369999812,0],[112.60443258200007,-7.0873029099999485,0],[112.60439689500004,-7.087371816999962,0],[112.60440004400004,-7.0874166659999673,0],[112.60447230800003,-7.0875360409999644,0],[112.60453841800006,-7.0876075869999795,0],[112.60455657700004,-7.08766434599994,0],[112.60462554700007,-7.0876970049999386,0],[112.60473343600006,-7.0877295289999438,0],[112.60483540900009,-7.087783007999974,0],[112.60488173100009,-7.0878008189999377,0],[112.6049433280001,-7.0878245039999683,0],[112.60505432400009,-7.0878899139999589,0],[112.60516223400009,-7.0879284189999794,0],[112.60523118300011,-7.0879550969999627,0],[112.6053122830001,-7.0880325719999746,0],[112.60542024400002,-7.0880860309999321,0],[112.60550420300001,-7.088124617999938,0],[112.60556424400011,-7.0881722609999542,0],[112.60562737100008,-7.0882468079999512,0],[112.60568746300009,-7.0883094029999256,0],[112.605771516,-7.0883749059999559,0],[112.60590633800007,-7.0884043459999475,0],[112.60602310400009,-7.0884069329999306,0],[112.60615190700003,-7.0884274229999278,0],[112.60625984800004,-7.088474898999948,0],[112.60640679000005,-7.0885461659999578,0],[112.60659882400012,-7.0886711079999714,0],[112.60668886400003,-7.0887365899999395,0],[112.60678186700011,-7.0887930899999674,0],[112.60682391400007,-7.0888318219999746,0],[112.60683603400003,-7.088873648999936,0],[112.60680333100004,-7.0889395549999676,0],[112.60674958900006,-7.0889816099999621,0],[112.60670782200009,-7.0890236229999459,0],[112.60657961900006,-7.0891765869999404,0],[112.60646327400002,-7.0892157749999569,0],[112.60645402700004,-7.0892188899999269,0],[112.60635315200011,-7.0892332419999775,0],[112.60634630400011,-7.0892342159999657,0],[112.60624471400001,-7.0892913879999355,0],[112.60620006600004,-7.0893663079999669,0],[112.60617633400011,-7.089429192999944,0],[112.60616759100003,-7.0894980069999747,0],[112.6061743250001,-7.0897133079999435,0],[112.60621653700002,-7.0897998899999379,0],[112.60623782500011,-7.0898955159999559,0],[112.60627414400005,-7.0900090329999443,0],[112.6063192580001,-7.0900686899999528,0],[112.60645747800004,-7.0902147519999517,0],[112.60652952500004,-7.0902713239999571,0],[112.60658963800006,-7.0903398999999467,0],[112.60664974100007,-7.0904054859999519,0],[112.60667087400009,-7.0904562529999566,0],[112.60668003100011,-7.0905070619999719,0],[112.60652283500008,-7.0905551559999367,0],[112.60651195800006,-7.0905584839999278,0],[112.60639700400009,-7.0905835069999625,0],[112.60638631400002,-7.0905858339999668,0],[112.6063566250001,-7.0906577109999489,0],[112.60636584500003,-7.0907264629999531,0],[112.60638442900006,-7.0909058349999441,0],[112.60637519500006,-7.0909496199999467,0],[112.60635977900006,-7.0910227209999448,0],[112.60635792100004,-7.0910315329999776,0],[112.60635000000002,-7.0910899999999515,0],[112.60611239100001,-7.0908901439999568,0],[112.60607938900012,-7.0908655969999472,0],[112.60593230000006,-7.0907561889999329,0],[112.60575530500012,-7.0906521289999773,0],[112.6055272210001,-7.0904914239999357,0],[112.6053440710001,-7.0902963559999534,0],[112.60525667100001,-7.0901273419999598,0],[112.60521748500003,-7.0900515639999639,0],[112.60500349900008,-7.0896395979999625,0],[112.60491783900011,-7.0895093239999483,0],[112.60470183600012,-7.0888391669999464,0],[112.60454277300005,-7.0885526179999374,0],[112.60437662400011,-7.0882948019999503,0],[112.60396551600002,-7.0878440399999363,0],[112.60375645700003,-7.087643792999927,0],[112.6034396980001,-7.0874654489999784,0],[112.60298635000004,-7.0872660429999428,0],[112.60266976500009,-7.0871379399999341,0],[112.60182936600006,-7.0868554589999349,0],[112.60173465300011,-7.0868325319999599,0],[112.60133172400003,-7.0866688389999695,0],[112.60090003200003,-7.0864980659999333,0],[112.60059038500003,-7.0862981629999808,0],[112.6004461660001,-7.0861479319999603,0],[112.60036666000008,-7.0860118339999758,0],[112.60035182000001,-7.0858755119999728,0],[112.60035848500002,-7.0857247619999271,0],[112.60044406100008,-7.0855378529999484,0],[112.60054417900005,-7.0854011359999731,0],[112.60064427300006,-7.0852572409999652,0],[112.60079466200011,-7.0851131739999573,0],[112.60098818500001,-7.0849761349999767,0],[112.6012031140001,-7.0847959579999724,0],[112.60148996600003,-7.0846370649999812,0],[112.60186298800011,-7.0844635199999288,0],[112.6022909620001,-7.0843153529999654,0],[112.60235040000009,-7.0842656449999595,0],[112.60267286400006,-7.0840163129999496,0],[112.6027712020001,-7.0838843859999656,0],[112.6028335850001,-7.0837436119999779,0],[112.60283318200004,-7.0836269799999627,0],[112.60279993100005,-7.0835343849999504,0],[112.6027093240001,-7.0833044199999335,0],[112.6025980500001,-7.083158262999973,0],[112.60234600000001,-7.0829916569999796,0],[112.60207016600009,-7.0828729829999588,0],[112.60159960600004,-7.08271610099996,0],[112.60118898300004,-7.0825769559999685,0],[112.60082047800006,-7.0824974779999366,0],[112.60055394700009,-7.0824345459999449,0],[112.60037105000004,-7.082391361999953,0],[112.59984383800008,-7.082300466999925,0],[112.59964317700008,-7.0822662439999249,0],[112.59921624600008,-7.08219343199994,0],[112.59918267800003,-7.0821767819999764,0],[112.59917374700001,-7.0821723519999296,0],[112.59902223900008,-7.0820971999999642,0],[112.59874945100012,-7.0819934659999717,0],[112.59847073700007,-7.0819076959999734,0],[112.59827594000001,-7.0818485529999293,0],[112.59813513300003,-7.0818191299999285,0],[112.59795843200004,-7.0817988029999697,0],[112.59778783200011,-7.0818113519999315,0],[112.59760226300011,-7.0818239519999793,0],[112.59738891300003,-7.0818802069999265,0],[112.59738391800011,-7.0818815239999253,0],[112.59709685100006,-7.0819782089999421,0],[112.59675308800001,-7.082128920999935,0],[112.59644444200001,-7.0822648549999485,0],[112.59604141200009,-7.0824423579999802,0],[112.59574586200006,-7.0826138689999425,0],[112.59553063300007,-7.0827073169999721,0],[112.59523494700011,-7.0828177619999337,0],[112.59523164200004,-7.0828189959999577,0],[112.59505517700006,-7.0828674509999701,0],[112.59487271400008,-7.0829129369999464,0],[112.59465430600005,-7.0829525639999815,0],[112.59445676100006,-7.0829652039999473,0],[112.59421734600005,-7.0829899499999556,0],[112.59394794100001,-7.0829998449999607,0],[112.59366953500012,-7.0830037899999638,0],[112.59343595300004,-7.0829836559999535,0],[112.59322331600004,-7.0829604589999349,0],[112.59298667900009,-7.0829223919999436,0],[112.59296602400002,-7.0829186699999696,0],[112.59272606100001,-7.0828754339999591,0],[112.59243240900003,-7.0827986839999539,0],[112.59221363100005,-7.0827306479999379,0],[112.5919977850001,-7.082644658999925,0],[112.59172801200009,-7.0825468909999358,0],[112.59150316400007,-7.0824549509999315,0],[112.59134122600005,-7.0823747579999576,0],[112.59110732600004,-7.0822619149999468,0],[112.59092433000001,-7.0821518869999522,0],[112.59076529400011,-7.0820447679999461,0],[112.59060616500005,-7.0819107339999618,0],[112.59039297600009,-7.0817260439999359,0],[112.59018855200009,-7.0814785199999619,0],[112.59008634600002,-7.0813562529999672,0],[112.58992689000002,-7.0811265189999517,0],[112.58981533400004,-7.0808966219999547,0],[112.5897579760001,-7.0807574539999791,0],[112.58974725600001,-7.0807208019999734,0],[112.58971842400001,-7.0806222219999313,0],[112.58970345000012,-7.0805710249999265,0],[112.58962102900011,-7.080125093999925,0],[112.58961926300003,-7.0801155399999516,0],[112.58957194700008,-7.0799362629999791,0],[112.58950669300009,-7.0797642249999626,0],[112.58946680700001,-7.0796566989999405,0],[112.58939447900002,-7.0795169839999517,0],[112.58933254700003,-7.0793949679999741,0],[112.58931070100004,-7.0793519269999479,0],[112.58931486600011,-7.0793057709999516,0],[112.58932163100008,-7.0792308159999493,0],[112.58934494000005,-7.078972533999945,0],[112.58935332600004,-7.078879613999959,0],[112.58934817700003,-7.0787773679999759,0],[112.58933019900007,-7.0784203319999506,0],[112.58931380900003,-7.0783557779999455,0],[112.58928111600005,-7.0782270129999461,0],[112.58925736800006,-7.0781334789999732,0],[112.58920619600008,-7.077925716999971,0],[112.58918863800011,-7.0778313869999465,0],[112.58917879800003,-7.0777844549999713,0],[112.58917159500004,-7.0777500999999461,0],[112.58914980700001,-7.0776819869999485,0],[112.58911826400004,-7.0775624699999753,0],[112.58907709900006,-7.0774310219999279,0],[112.58905762400002,-7.077338976999954,0],[112.58905170300011,-7.077318332999937,0],[112.58902369000009,-7.0772206639999808,0],[112.58898019600008,-7.0771083639999688,0],[112.58894634700005,-7.0770151719999603,0],[112.5889065770001,-7.076941139999974,0],[112.58883074700009,-7.0768277539999644,0],[112.58881032000011,-7.076807487999929,0],[112.58872076500006,-7.0767377119999537,0],[112.58861463300002,-7.0766622129999632,0],[112.5885197990001,-7.0765943499999366,0],[112.58834452100007,-7.0764645559999622,0],[112.58828013600009,-7.0764134599999693,0],[112.58821844300007,-7.0763645009999436,0],[112.58812468800011,-7.0762619429999631,0],[112.58806099300011,-7.0761951699999486,0],[112.58801408700003,-7.0761355169999547,0],[112.58794440100007,-7.0760004319999439,0],[112.58790387500005,-7.0759369889999562,0],[112.58785543600004,-7.075779248999936,0],[112.58784530000003,-7.0756165929999497,0],[112.5878542910001,-7.0754443009999477,0],[112.58787802900008,-7.0753426329999343,0],[112.58789677900006,-7.0752623259999723,0],[112.5879869040001,-7.0750769089999608,0],[112.58801093500006,-7.0750274699999522,0],[112.5880214340001,-7.0750185619999684,0],[112.58806397400008,-7.0749654089999581,0],[112.58810815800007,-7.0749293709999392,0],[112.58816073600008,-7.0748968919999697,0],[112.5882444240001,-7.0748571299999412,0],[112.58825129000002,-7.0748557719999781,0],[112.58828750400005,-7.0748486099999468,0],[112.58834855100008,-7.0748412239999539,0],[112.58844794100003,-7.0748408849999578,0],[112.5885629390001,-7.0748524549999274,0],[112.58872899300002,-7.0749006099999292,0],[112.58919902300011,-7.0750808359999269,0],[112.58965906800006,-7.0752941199999668,0],[112.59003203500004,-7.0754886319999741,0],[112.59037992900005,-7.0756704709999667,0],[112.59054064000009,-7.0757428929999264,0],[112.59072648600011,-7.075811640999973,0],[112.59113761600008,-7.0759262719999469,0],[112.59143490500003,-7.0760173669999631,0],[112.59172139600003,-7.0761025179999706,0],[112.59186043400007,-7.0761403229999473,0],[112.59203002200002,-7.0761643919999528,0],[112.59204972900011,-7.076167188999932,0],[112.59223444500003,-7.0761721929999339,0],[112.59240777800005,-7.0761671609999439,0],[112.59272387300007,-7.0761553129999584,0],[112.59305318700001,-7.0761565779999387,0],[112.59316693400001,-7.0761525999999435,0],[112.59348785700001,-7.0761515019999592,0],[112.59373340000002,-7.0761686049999639,0],[112.59383828600005,-7.076174402999925,0],[112.59418742600008,-7.0761937009999656,0],[112.59426341000005,-7.0761806699999283,0],[112.5942700810001,-7.076178051999932,0],[112.5944044790001,-7.0761253089999627,0],[112.59463390100007,-7.0759809729999574,0],[112.59493026600001,-7.0758029119999719,0],[112.59543697400011,-7.0755045049999694,0],[112.59552353300001,-7.0754399359999525,0],[112.5956535680001,-7.07529713699995,0],[112.59581100500009,-7.0751135699999281,0],[112.59604860800005,-7.0748556269999767,0],[112.59609984500003,-7.0748068569999418,0],[112.59611947200005,-7.074790074999953,0],[112.59613723700011,-7.0747748849999539,0],[112.59648191200006,-7.0743238119999319,0],[112.59670603200004,-7.0740311579999684,0],[112.59681089900005,-7.0738824629999613,0],[112.59687556000006,-7.0738427709999314,0],[112.59700687200007,-7.0737621659999377,0],[112.59701547400005,-7.0737603329999388,0],[112.59726746400008,-7.0737066479999271,0],[112.59730362900007,-7.0736989429999539,0],[112.59743830100001,-7.0736915809999346,0],[112.59764148500005,-7.0736804729999676,0],[112.59767717200009,-7.0736785219999661,0],[112.59775236600001,-7.0736804729999676,0],[112.59797447900007,-7.0736862359999577,0],[112.5981657860001,-7.0736911999999279,0],[112.59843419900005,-7.0737429129999327,0],[112.59862511100005,-7.0738255719999756,0],[112.59868734500003,-7.073867403999941,0],[112.59896215300012,-7.0740521259999696,0],[112.59899729500012,-7.0740730259999509,0],[112.59908214600011,-7.0741234879999411,0],[112.59918775300002,-7.0741901159999543,0],[112.59930193100001,-7.0742229579999503,0],[112.59930282500011,-7.0742232149999609,0],[112.59930434500006,-7.0742230199999767,0],[112.59941773200001,-7.0742084659999591,0],[112.59953959300003,-7.0741801989999544,0],[112.5995561310001,-7.0741763629999355,0],[112.59958524500007,-7.0741696099999558,0],[112.59958739800004,-7.0741683089999583,0],[112.59964818100002,-7.0741315929999473,0],[112.59971079400009,-7.0740439169999263,0],[112.59971886700009,-7.0740256009999598,0],[112.59976628800007,-7.0738866729999472,0],[112.59977573600008,-7.0738189419999458,0],[112.5997803890001,-7.0735855599999695,0],[112.59977882500004,-7.0735630279999668,0],[112.59976656400011,-7.0733864069999299,0],[112.59974946500006,-7.0729809239999781,0],[112.59974601800002,-7.0729471899999794,0],[112.59973052800001,-7.072480637999945,0],[112.59972300200002,-7.0722539359999814,0],[112.59971206400007,-7.0721276809999267,0],[112.59969939600001,-7.0720402439999361,0],[112.59964048900008,-7.071742158999939,0],[112.59959287900006,-7.0715012439999327,0],[112.59955039400006,-7.0712753549999547,0],[112.59937427700004,-7.0706477339999765,0],[112.59927083900004,-7.0703233509999563,0],[112.59923632200002,-7.0701998739999681,0],[112.59921070500002,-7.0701082329999281,0],[112.59919898700002,-7.07004638199993,0],[112.59919802100001,-7.0700412859999346,0],[112.59917268900006,-7.0699179199999662,0],[112.59915592700008,-7.069779212999947,0],[112.59913898000002,-7.0695869139999559,0],[112.59912310900006,-7.0694290639999622,0],[112.59911379000005,-7.0692262119999327,0],[112.59910644200011,-7.0690396219999343,0],[112.59910537300004,-7.0689348879999443,0],[112.59910499700004,-7.0688979909999716,0],[112.59911592200001,-7.0687036819999776,0],[112.59911540600001,-7.0686516869999423,0],[112.59914377500002,-7.06854392799994,0],[112.59918399500009,-7.0684002399999599,0],[112.5992188350001,-7.0683123209999508,0],[112.59926254300001,-7.0682020239999588,0],[112.59928954200007,-7.068136582999955,0],[112.59931942200001,-7.0680503499999645,0],[112.59934975800002,-7.0678880349999531,0],[112.59935894500006,-7.0678435029999491,0],[112.5993623600001,-7.0677918129999284,0],[112.59936192900011,-7.067734555999948,0],[112.59935009600008,-7.0675482499999589,0],[112.59933189900005,-7.0674828069999762,0],[112.59931239500008,-7.0673823889999312,0],[112.59929526000008,-7.0672747849999382,0],[112.59926497900005,-7.0671744039999567,0],[112.59921064100001,-7.0670430029999807,0],[112.59915149300002,-7.0669056369999339,0],[112.59909202100005,-7.0667521059999672,0],[112.5990499830001,-7.0666368289999468,0],[112.59901742500006,-7.0665711469999337,0],[112.59900288300003,-7.0665209549999304,0],[112.59898961300007,-7.0664922899999283,0],[112.59897155300007,-7.0664636419999738,0],[112.59894389600004,-7.0664302419999672,0],[112.59892107500002,-7.0664099839999608,0],[112.59888148100003,-7.0663873909999779,0],[112.59882868300008,-7.0663552739999318,0],[112.59868007700004,-7.0662770429999568,0],[112.59859031600001,-7.066210787999978,0],[112.59856278700011,-7.066196176999938,0],[112.59835830800012,-7.0660599029999389,0],[112.59832146400004,-7.0660298799999737,0],[112.59823910300008,-7.0659710679999534,0],[112.59809064700005,-7.0659040149999441,0],[112.59794085200008,-7.0658570889999623,0],[112.59784140300007,-7.0658394869999483,0],[112.5977467350001,-7.0658194749999552,0],[112.5976581000001,-7.0658126009999478,0],[112.59757307700011,-7.0658116959999688,0],[112.59749287300008,-7.0658191489999354,0],[112.59744174100001,-7.0658307999999579,0],[112.59743424400006,-7.0658325079999713,0],[112.59736370500002,-7.0658650489999673,0],[112.59729083000002,-7.0659143449999533,0],[112.59726385400006,-7.0659334709999371,0],[112.59724930000004,-7.0659437889999595,0],[112.59723827000005,-7.065951608999967,0],[112.59719171300003,-7.0659936369999627,0],[112.59714519400006,-7.0660464309999611,0],[112.59709751800006,-7.0661111919999371,0],[112.5970894620001,-7.0661236929999518,0],[112.59706893100008,-7.0661555519999411,0],[112.59699847600007,-7.0663060939999696,0],[112.59698154200009,-7.066340744999934,0],[112.59695302200009,-7.0664222059999702,0],[112.59690493100004,-7.066621133999945,0],[112.59684268500007,-7.0669588389999376,0],[112.59677875500006,-7.0674705149999681,0],[112.59676592100004,-7.067562445999954,0],[112.59662836300004,-7.068525766999926,0],[112.59656282200001,-7.0688982909999254,0],[112.59655324500011,-7.0689375189999737,0],[112.59645207200003,-7.0693221739999785,0],[112.59639149400004,-7.069472631999929,0],[112.59630277000008,-7.0695824869999342,0],[112.59624545700001,-7.0696305329999518,0],[112.59608172600008,-7.0697153629999434,0],[112.59607810900002,-7.0697172369999635,0],[112.59597024600009,-7.0697388969999793,0],[112.59595299900002,-7.0697435819999441,0],[112.59586871100009,-7.0697476989999473,0],[112.59574605300008,-7.0697366349999697,0],[112.59564062400011,-7.0697216839999442,0],[112.59553237900002,-7.0696988139999348,0],[112.59534758200004,-7.0696597709999764,0],[112.59500916000002,-7.0695981499999334,0],[112.59462254500011,-7.0695146299999578,0],[112.59429668000007,-7.0694698089999406,0],[112.59401493400003,-7.069440148999945,0],[112.59374667100008,-7.0694314969999255,0],[112.59346310700005,-7.069430552999961,0],[112.59331235700006,-7.0694470759999604,0],[112.59322125500012,-7.0694570609999801,0],[112.59307381400004,-7.0694808339999327,0],[112.59276742400004,-7.0695302369999808,0],[112.59276646800004,-7.0695303909999438,0],[112.59235498600003,-7.0696609929999568,0],[112.59188434400005,-7.0698770299999296,0],[112.59170483300011,-7.0699727419999476,0],[112.59159833700005,-7.0700526729999638,0],[112.59157779800012,-7.0700680889999603,0],[112.59135689800007,-7.0701990649999402,0],[112.5910942380001,-7.0703111009999589,0],[112.59047710200002,-7.0705445159999272,0],[112.59047480400011,-7.0705453849999458,0],[112.59030279700005,-7.0705943469999397,0],[112.59022192000009,-7.0706173679999438,0],[112.59018769000011,-7.0706271119999542,0],[112.5900104860001,-7.0706606729999635,0],[112.58993040000007,-7.0706758409999679,0],[112.58958024500009,-7.0707069419999584,0],[112.58926290800002,-7.0707050339999569,0],[112.58878082800004,-7.0706767729999456,0],[112.58852926900011,-7.0706507149999425,0],[112.58831966300011,-7.0706364759999474,0],[112.58812189800005,-7.0705833189999794,0],[112.58783097200001,-7.0704258069999355,0],[112.58747080500007,-7.0701548859999548,0],[112.58720655700006,-7.0699195259999783,0],[112.5870106970001,-7.0697228109999628,0],[112.58690856600003,-7.0696214769999415,0],[112.58686632800004,-7.0695259199999327,0],[112.58682980300011,-7.0693495969999276,0],[112.5868173990001,-7.0692240319999655,0],[112.58684384200001,-7.0690774009999586,0],[112.58686143600005,-7.0689696779999736,0],[112.58699836800008,-7.0687419229999477,0],[112.58709963100011,-7.0685890549999613,0],[112.58724565600005,-7.0683941659999618,0],[112.58748023600003,-7.0681373069999722,0],[112.58748127600006,-7.0681361679999668,0],[112.58748273700007,-7.0681351109999468,0],[112.58774705600001,-7.067943861999936,0],[112.5881293220001,-7.0676734009999791,0],[112.58844489700004,-7.0674515929999302,0],[112.58867544500004,-7.0672895479999625,0],[112.58872363500006,-7.0672556769999346,0],[112.58901049200006,-7.0670991859999504,0],[112.58931516000007,-7.0669331859999716,0],[112.58937504000005,-7.066900559999965,0],[112.5895658280001,-7.0667941079999537,0],[112.58981725900003,-7.0666538199999422,0],[112.59005340700003,-7.0665513329999499,0],[112.59042720100001,-7.0664304319999474,0],[112.59090252200008,-7.066234417999965,0],[112.59120728800008,-7.0660629119999498,0],[112.59127438200005,-7.0660092199999553,0],[112.59133864900002,-7.0659577909999598,0],[112.59146391000002,-7.0658197939999354,0],[112.59156221900002,-7.0656788989999768,0],[112.59163657800002,-7.0655380849999574,0],[112.59168232800005,-7.0654243849999716,0],[112.5917582830001,-7.0652356149999491,0],[112.59178164900004,-7.0650650689999566,0],[112.59177909200002,-7.0650257479999254,0],[112.59176900900002,-7.064870720999977,0],[112.5917291510001,-7.0645957189999535,0],[112.59165923400008,-7.0642849319999641,0],[112.59158967500002,-7.0640788149999594,0],[112.59149010900001,-7.0638518669999257,0],[112.5910894750001,-7.0631265099999609,0],[112.59083385400004,-7.0627864489999297,0],[112.59071045200005,-7.0625924789999317,0],[112.59047282300003,-7.0622613289999663,0],[112.59023839300005,-7.0619899799999644,0],[112.58968245400001,-7.0613698219999605,0],[112.58951712200007,-7.0611700129999804,0],[112.5889555550001,-7.0606545459999666,0],[112.58882938500005,-7.0605263779999632,0],[112.58873322300008,-7.0604190429999676,0],[112.58863694900003,-7.060278809999943,0],[112.58855285900006,-7.0601090229999386,0],[112.58853302800003,-7.0600247589999299,0],[112.58852386300009,-7.0599709579999512,0],[112.58849019900003,-7.0597557469999401,0],[112.58847114600007,-7.0594358129999364,0],[112.58850520200008,-7.0588884099999518,0],[112.58854516300005,-7.0583170619999578,0],[112.58855604600001,-7.0579970259999527,0],[112.58855022500006,-7.0577603159999285,0],[112.58846285100003,-7.0574208759999806,0],[112.58837129200003,-7.0572584969999639,0],[112.58814601300003,-7.0572114139999371,0],[112.58771014900003,-7.0572128969999426,0],[112.58725020700001,-7.0571761809999316,0],[112.58720012700007,-7.0571694869999533,0],[112.58719138800006,-7.0571683189999703,0],[112.58712005500001,-7.0573043279999297,0],[112.58706299400001,-7.0574265399999376,0],[112.5869701580001,-7.057591939999952,0],[112.5869523770001,-7.0576294079999684,0],[112.58689169000002,-7.0577572899999268,0],[112.58679939100011,-7.0580805929999428,0],[112.58669262500007,-7.0583752359999608,0],[112.58647168800007,-7.0588999469999294,0],[112.58623910100005,-7.059612192999964,0],[112.58623704100012,-7.0596184989999529,0],[112.58566353200001,-7.0604569769999443,0],[112.58564672700004,-7.0604815459999486,0],[112.58564483300006,-7.0604843149999397,0],[112.58547923800006,-7.0607264179999447,0],[112.58544143400002,-7.0607676119999496,0],[112.58504974900006,-7.0611944179999568,0],[112.58457667800008,-7.0617280169999503,0],[112.58446030500011,-7.0618592799999647,0],[112.58435191900003,-7.0619815329999369,0],[112.58387449100007,-7.0622596519999661,0],[112.58351535800011,-7.0624688599999672,0],[112.58321415000012,-7.0626205939999522,0],[112.58320613300009,-7.0626248069999633,0],[112.58219788800011,-7.0631547039999418,0],[112.58190124700002,-7.0632514119999428,0],[112.58156632000009,-7.0633578189999753,0],[112.5811068910001,-7.0634742179999535,0],[112.58076470000003,-7.0635401909999587,0],[112.58072282700005,-7.0635482639999623,0],[112.58065215400006,-7.0635618899999599,0],[112.58008537700005,-7.0636233629999765,0],[112.57945111400011,-7.0636254819999635,0],[112.57884012300008,-7.0635414199999786,0],[112.57866477500011,-7.0634646289999523,0],[112.57832292900002,-7.0633149239999398,0],[112.57814069000005,-7.0632485499999689,0],[112.57781947600006,-7.063129986999968,0],[112.57778100200005,-7.0631157859999689,0],[112.57757463500002,-7.0629968579999627,0],[112.57732501500004,-7.0628350109999474,0],[112.57708008700001,-7.0626444379999498,0],[112.57689744300001,-7.0624584379999646,0],[112.57669564000003,-7.0622725039999636,0],[112.57650322200004,-7.0620291159999624,0],[112.57626259800008,-7.0616949759999557,0],[112.57611686500002,-7.0613786009999444,0],[112.57607646500003,-7.0612908949999564,0],[112.57605598300006,-7.0611279059999674,0],[112.57603967500006,-7.0609981379999454,0],[112.5760295120001,-7.0608259099999486,0],[112.57603812000002,-7.060538777999966,0],[112.57606578900004,-7.0602228709999508,0],[112.57607394400009,-7.0598017589999813,0],[112.57603380500007,-7.0595583809999312,0],[112.57602504200008,-7.0595052509999618,0],[112.57587024700001,-7.0590559789999361,0],[112.5756769730001,-7.05855898599998,0],[112.5754488450001,-7.0582907239999599,0],[112.57541729100001,-7.0582536199999595,0],[112.57535113500001,-7.058211771999936,0],[112.57486048300007,-7.0579014049999387,0],[112.57465014900004,-7.0578140379999468,0],[112.57412283200006,-7.0575950029999603,0],[112.5740925020001,-7.0575824049999483,0],[112.57408344500004,-7.0575786429999425,0],[112.57407386200009,-7.0575765189999515,0],[112.57255855500011,-7.0572406199999591,0],[112.57242493400008,-7.0572109999999384,0],[112.57199023300007,-7.0571257329999639,0],[112.57194639000011,-7.0571171329999629,0],[112.57167337500005,-7.0571180519999643,0],[112.57135726800004,-7.0571239019999439,0],[112.57105566000007,-7.0571679829999425,0],[112.57082589700008,-7.0572118219999425,0],[112.57076145300005,-7.0572302689999447,0],[112.57009854900002,-7.0574200269999778,0],[112.56991322900001,-7.0575044249999337,0],[112.56934152400004,-7.057764787999929,0],[112.56851076900011,-7.0581431269999371,0],[112.56795578500009,-7.0583316099999251,0],[112.56690204000006,-7.0585598259999642,0],[112.56671968100011,-7.0586009529999387,0],[112.56595437400006,-7.0587735499999553,0],[112.56569228700005,-7.0588093559999265,0],[112.56520602100011,-7.0589104919999386,0],[112.56494990200008,-7.0589637609999727,0],[112.56455243100004,-7.0589890189999664,0],[112.56440878600006,-7.0590038559999471,0],[112.56417411900009,-7.0590142129999549,0],[112.56385792900005,-7.0589961319999475,0],[112.56353212800002,-7.0589685139999574,0],[112.56326851300003,-7.0589167609999777,0],[112.56320482500007,-7.0588963929999409,0],[112.56295040600003,-7.0588150279999695,0],[112.56286990700005,-7.0587828909999644,0],[112.56260867300011,-7.05867860099994,0],[112.56232568600001,-7.0585632839999448,0],[112.56200201400009,-7.058456701999944,0],[112.56179970000005,-7.0582946749999564,0],[112.56121996800005,-7.0578176279999525,0],[112.56093159500006,-7.0575243089999731,0],[112.56047771100009,-7.0571525909999764,0],[112.559677523,-7.0563513699999589,0],[112.55875921900008,-7.0555363209999769,0],[112.55870555200011,-7.0554885829999421,0],[112.55861678100007,-7.0554096189999314,0],[112.55838967200009,-7.0551735149999786,0],[112.55765637500008,-7.0544809529999384,0],[112.55682511100008,-7.0536941849999266,0],[112.55662159100007,-7.0535122209999486,0],[112.5546053600001,-7.0517475369999261,0],[112.55444539100006,-7.0515918579999379,0],[112.5537825670001,-7.0510413839999728,0],[112.55247706500006,-7.0505307939999398,0],[112.55247692000012,-7.0505307369999741,0],[112.55238410000004,-7.0509450849999666,0],[112.5522971150001,-7.0512970579999319,0],[112.55221677200007,-7.0514811879999684,0],[112.55210245000001,-7.0515205699999797,0],[112.55186293600002,-7.0515969909999399,0],[112.55168936400003,-7.0516595049999751,0],[112.55148362300008,-7.0517543329999626,0],[112.55140882800004,-7.0517929499999354,0],[112.5512952680001,-7.0518515809999371,0],[112.55121342600012,-7.0518766279999454,0],[112.55116381700009,-7.0518891799999324,0],[112.55111927700011,-7.0519339229999787,0],[112.55108218900011,-7.0519786409999483,0],[112.5510625170001,-7.0520356879999326,0],[112.55105973800005,-7.052055045999964,0],[112.55103582800007,-7.0522215889999416,0],[112.55101855800001,-7.0522538549999467,0],[112.55097706400011,-7.0523152999999752,0],[112.55092511300006,-7.0523699779999447,0],[112.55088542500005,-7.0523800179999512,0],[112.55080343900011,-7.052362948999928,0],[112.5505822450001,-7.0522893589999285,0],[112.54982677600003,-7.0520614599999476,0],[112.54970254700004,-7.0520321409999269,0],[112.54966034400002,-7.0520322809999811,0],[112.54959583000004,-7.0520424059999414,0],[112.54952893100005,-7.0520822669999461,0],[112.54945215400005,-7.0521370269999579,0],[112.54938283800004,-7.0521967169999584,0],[112.54930602000002,-7.0522390889999542,0],[112.54925390100004,-7.0522442179999416,0],[112.54917438400003,-7.0522221839999588,0],[112.5490849790001,-7.0522125699999378,0],[112.54902788900006,-7.0522152369999276,0],[112.54898574300012,-7.0522327199999495,0],[112.54892449100009,-7.0523100319999799,0],[112.5488480570001,-7.0524688449999644,0],[112.54875677100006,-7.0526400939999689,0],[112.54868259600005,-7.052732007999964,0],[112.54862567000009,-7.0527842239999359,0],[112.54836070900001,-7.0529882569999813,0],[112.54824690600003,-7.0531075539999506,0],[112.54818256500005,-7.0531697049999593,0],[112.54816537700003,-7.0532267449999608,0],[112.54817543800004,-7.0532663509999338,0],[112.5482624230001,-7.0533351759999618,0],[112.5483421130001,-7.0534092359999363,0],[112.54837702500004,-7.0534561929999313,0],[112.54841441300005,-7.0535006639999551,0],[112.5484294900001,-7.0535551179999629,0],[112.54842963800002,-7.0535997129999259,0],[112.54841739700009,-7.0536517809999282,0],[112.54838287200005,-7.0537212649999788,0],[112.54829396000002,-7.0538602999999398,0],[112.54813321800009,-7.0540491219999808,0],[112.54805003100012,-7.0541565849999301,0],[112.54821046200004,-7.0542500469999254,0],[112.54814495800008,-7.0543787229999566,0],[112.54805747600005,-7.0545074719999548,0],[112.54800752300002,-7.0545922329999371,0],[112.54795006100005,-7.0546584709999252,0],[112.54786627100009,-7.0546503899999493,0],[112.54774894600007,-7.0546340599999553,0],[112.54767074900008,-7.0546287469999811,0],[112.54761771800008,-7.0546344949999593,0],[112.54759266100007,-7.0546568699999739,0],[112.54752628000006,-7.0548465639999449,0],[112.54754318200003,-7.0548910889999661,0],[112.54756853200001,-7.0549578789999714,0],[112.54756869800008,-7.0550080319999324,0],[112.547560481,-7.0550554289999354,0],[112.54750771800002,-7.0551419809999629,0],[112.54743731300005,-7.0552227299999686,0],[112.54739844400001,-7.0552897329999382,0],[112.54737911300003,-7.0553538829999525,0],[112.54737105300001,-7.0554486459999453,0],[112.54736862900006,-7.0555601089999413,0],[112.54736875900005,-7.0555991179999751,0],[112.54733822200001,-7.0556521619999444,0],[112.54728256600004,-7.0557080729999484,0],[112.54724071800001,-7.0557193569999299,0],[112.54716524100002,-7.0556917429999544,0],[112.54702826200003,-7.0556420429999775,0],[112.54695843000002,-7.0556339149999303,0],[112.54686907400003,-7.0556314249999446,0],[112.54680771000005,-7.0556511329999694,0],[112.54676335300007,-7.0557460169999331,0],[112.54672456700007,-7.055838094999956,0],[112.54667748100007,-7.0559524929999498,0],[112.54666381700008,-7.0560417019999591,0],[112.54665600300007,-7.0562116969999806,0],[112.54665891200011,-7.0562787149999622,0],[112.54666205000001,-7.0563509959999351,0],[112.54668766200007,-7.0564142229999334,0],[112.54674649100002,-7.0564725429999271,0],[112.54679967100003,-7.0565113749999568,0],[112.54684166400011,-7.0565446719999727,0],[112.54688086200008,-7.0565779789999397,0],[112.54688659500005,-7.0566225409999674,0],[112.54688962000012,-7.0566921919999572,0],[112.54688144500005,-7.0567535179999368,0],[112.54685922200008,-7.0567870289999632,0],[112.54682294300005,-7.0567927219999547,0],[112.54675589300007,-7.0567817989999639,0],[112.54664964500012,-7.05673756799996,0],[112.54654905400002,-7.0567156119999481,0],[112.54647646000001,-7.056715851999968,0],[112.5463788080001,-7.0567384659999561,0],[112.54629813700001,-7.056757690999973,0],[112.54618909200008,-7.0567836769999417,0],[112.54608305600004,-7.0568035329999361,0],[112.54601336400003,-7.0568372009999507,0],[112.54596045200003,-7.0568791709999346,0],[112.54592372700006,-7.0569230959999345,0],[112.54590204800002,-7.0569490239999482,0],[112.54585214300005,-7.0570550719999687,0],[112.54583292300003,-7.0571526589999394,0],[112.5458415380001,-7.0572250749999625,0],[112.5458668980001,-7.0572946519999391,0],[112.54591075300004,-7.0573501789999682,0],[112.54598411800009,-7.0574430699999766,0],[112.54602826200005,-7.0574962019999248,0],[112.54609758300001,-7.057564923999962,0],[112.54613856500009,-7.057611799999961,0],[112.54617023300011,-7.0576900459999479,0],[112.54624627100009,-7.0578903759999321,0],[112.54626212100004,-7.0579342019999558,0],[112.54626226700009,-7.0579780779999624,0],[112.54627813400009,-7.0580281709999326,0],[112.54630652500009,-7.0580656859999635,0],[112.54633178600011,-7.0581063459999314,0],[112.54636017400003,-7.0581438609999623,0],[112.54636660300002,-7.058187716999953,0],[112.54636047600002,-7.0582347479999612,0],[112.54634330200008,-7.0582693119999362,0],[112.54634175800004,-7.0582724199999802,0],[112.54633247300001,-7.0583131939999362,0],[112.54633569400005,-7.0583382559999563,0],[112.54637085400009,-7.0584250619999693,0],[112.54643708600008,-7.0585094629999503,0],[112.5464811920001,-7.0585500609999485,0],[112.54651587400008,-7.0585906889999706,0],[112.54654114100003,-7.0586344829999348,0],[112.54654864800011,-7.0586559739999757,0],[112.54657285100006,-7.0587252659999535,0],[112.5465920470001,-7.0588317619999543,0],[112.54662369200003,-7.0589037409999378,0],[112.54666470800009,-7.0589600179999366,0],[112.54680658400002,-7.0591256549999457,0],[112.54686014200001,-7.0591756239999768,0],[112.54689483400011,-7.0592193849999489,0],[112.54690751100009,-7.0592538179999451,0],[112.54690459900007,-7.0593227779999665,0],[112.54689229600001,-7.0594011719999799,0],[112.54687413600004,-7.0595135649999747,0],[112.5468743130001,-7.0595668449999494,0],[112.54687759000001,-7.059607577999941,0],[112.546871495,-7.0596640119999279,0],[112.54684658100007,-7.059726775999934,0],[112.54682791200003,-7.0597801179999351,0],[112.54681877200005,-7.0598647689999439,0],[112.54680978800002,-7.0599964289999662,0],[112.5467883770001,-7.0601688749999312,0],[112.546735506,-7.0603257559999406,0],[112.54668249200006,-7.0604387589999646,0],[112.54662309100001,-7.0605204429999731,0],[112.54658880500006,-7.0605989079999745,0],[112.54653529300003,-7.0607014719999484,0],[112.54650117300002,-7.0608300819999386,0],[112.54649514000005,-7.0609053209999502,0],[112.54649221000011,-7.0609680119999325,0],[112.54650500200012,-7.0610369209999249,0],[112.54653041600011,-7.0611245909999525,0],[112.54656220900006,-7.0612404469999319,0],[112.5465750940001,-7.0613375599999699,0],[112.54659147200005,-7.0615412219999598,0],[112.54659801500009,-7.0616195529999572,0],[112.54659803600009,-7.0617129819999604,0],[112.5466140420001,-7.0618038179999303,0],[112.54663642200001,-7.0619228389999762,0],[112.54665250800008,-7.0620387469999741,0],[112.54666577900002,-7.0622518219999506,0],[112.54665057800003,-7.0624023079999461,0],[112.54662906300007,-7.062543413999947,0],[112.54658872300001,-7.0626908499999672,0],[112.54657012000007,-7.0627629949999573,0],[112.54656017000002,-7.0629061389999492,0],[112.54655500800004,-7.0630343819999553,0],[112.54654979400004,-7.0631459009999276,0],[112.54655582400005,-7.0632796809999263,0],[112.54657023400011,-7.0634134339999264,0],[112.54656775500007,-7.0635082189999707,0],[112.54652639000005,-7.0637675259999355,0],[112.54649064200009,-7.0639376839999386,0],[112.54646871400007,-7.0640631949999602,0],[112.54645779800001,-7.0641412809999338,0],[112.54645247300004,-7.0642193489999272,0],[112.54645329700008,-7.0644674359999726,0],[112.54646229600007,-7.0646541689999367,0],[112.54645430700009,-7.0647712709999269,0],[112.54641106500003,-7.065294741999935,0],[112.54640609800003,-7.0654815219999705,0],[112.54640944800008,-7.0656487609999772,0],[112.54641258400011,-7.0657518889999551,0],[112.54641294100009,-7.0658679259999531,0],[112.54643850600007,-7.0659960649999789,0],[112.54645263300006,-7.0660501419999378,0],[112.54646397200008,-7.0660935449999442,0],[112.54647260000002,-7.0661687779999625,0],[112.5464757740001,-7.0662830569999642,0],[112.54647282900009,-7.0663667239999768,0],[112.54647067100007,-7.0664280229999576,0],[112.54643878800005,-7.0665398879999657,0],[112.54622102500002,-7.0664806819999626,0],[112.54607684900009,-7.0664404799999261,0],[112.54597626100008,-7.0664324509999688,0],[112.54584498400004,-7.0664356749999797,0],[112.54569420200005,-7.0664528999999447,0],[112.54547093300005,-7.0665206239999634,0],[112.54537343000004,-7.066528438999967,0],[112.54514833900009,-7.0665216929999701,0],[112.54478058200004,-7.0664779669999689,0],[112.54459300200006,-7.066471096999976,0],[112.54423960500003,-7.0664508349999551,0],[112.54398415100002,-7.0664320769999449,0],[112.54390601200009,-7.0664213749999476,0],[112.54373257100008,-7.0663976209999646,0],[112.54349202000003,-7.0663617079999312,0],[112.54337288000011,-7.066343920999941,0],[112.54306474100008,-7.0663146769999798,0],[112.54257947500003,-7.0663084419999791,0],[112.54253100700009,-7.0663070749999406,0],[112.54239282200001,-7.066303176999952,0],[112.54195643300011,-7.0662262029999283,0],[112.54183319100002,-7.0664507669999352,0],[112.54181398700007,-7.0664857579999421,0],[112.54169139800001,-7.0667727249999643,0],[112.54160528200009,-7.0669743139999355,0],[112.54148677500007,-7.067270591999943,0],[112.54141518500001,-7.0674977289999674,0],[112.54133636500001,-7.0677478039999642,0],[112.54123238000011,-7.0680777229999308,0],[112.54108474200007,-7.0685461409999562,0],[112.54105613500008,-7.068726574999971,0],[112.54103279100002,-7.0688936849999777,0],[112.54102493500011,-7.0689164799999276,0],[112.54099491800002,-7.0690035739999644,0],[112.54089727400003,-7.0691508739999449,0],[112.54083322200006,-7.069247498999971,0],[112.54131275400005,-7.06972314799998,0],[112.54133199900002,-7.0697612639999647,0],[112.54123264200007,-7.0700670229999787,0],[112.54102000000012,-7.0708026689999315,0],[112.5409343550001,-7.0710929989999727,0],[112.54090126300002,-7.0712028729999474,0],[112.54088236600001,-7.0712697479999633,0],[112.54079199800003,-7.0714036729999634,0],[112.54064579400006,-7.0719959289999679,0],[112.54048939800009,-7.0723973239999509,0],[112.54039016700006,-7.0727412619999654,0],[112.54039086300008,-7.0729512429999772,0],[112.54037754500007,-7.0731790249999449,0],[112.54033147400003,-7.0736993639999355,0],[112.54031294200001,-7.0738760019999631,0],[112.54030237400002,-7.0747844829999735,0],[112.54030178300002,-7.0748352829999703,0],[112.54028658200002,-7.0749916479999797,0],[112.54009242400002,-7.0755363389999388,0],[112.54001655200011,-7.0757179389999578,0],[112.53982791600004,-7.0764869119999503,0],[112.53967607700008,-7.0768214799999782,0],[112.53948589000004,-7.0771227669999348,0],[112.53937039000004,-7.0773134409999443,0],[112.53928017800001,-7.0774950889999673,0],[112.53914207600008,-7.0776482609999789,0],[112.53902302900008,-7.0777822809999407,0],[112.53896362700004,-7.0778968859999623,0],[112.53890904700006,-7.0780021859999351,0],[112.53866001800009,-7.0782713809999791,0],[112.53865662900012,-7.0782750449999412,0],[112.53857564500004,-7.0783564429999615,0],[112.53851844700011,-7.0784043559999645,0],[112.53845847400009,-7.0785228689999258,0],[112.53839023600005,-7.078657714999963,0],[112.538323891,-7.078829738999957,0],[112.53822915300009,-7.0790877599999362,0],[112.53817235000008,-7.0792549799999733,0],[112.53815854900006,-7.0794172859999662,0],[112.53810385800011,-7.0797961229999373,0],[112.53806920500006,-7.0800361549999593,0],[112.53803418700011,-7.0800305819999494,0],[112.5379822750001,-7.080022319999955,0],[112.53786357100012,-7.0800034289999303,0],[112.53754364100007,-7.0810007679999671,0],[112.53753714400011,-7.0810210199999801,0],[112.53752335800004,-7.0810391809999373,0],[112.5374008870001,-7.0810246789999383,0],[112.53714082900001,-7.0809390799999505,0],[112.53692250400002,-7.0808324729999299,0],[112.53668034100008,-7.0807408509999732,0],[112.5366528510001,-7.0807226829999763,0],[112.53655465800011,-7.0806577889999289,0],[112.53640200200005,-7.0805450019999512,0],[112.53633310000009,-7.0804766579999523,0],[112.53627843900006,-7.0803826689999596,0],[112.53623099800006,-7.080301095999971,0],[112.53615581800011,-7.080140351999944,0],[112.53604985800007,-7.0800122699999406,0],[112.53591415100004,-7.0798482329999501,0],[112.53578275400002,-7.0796894029999748,0],[112.53578236200008,-7.0796889299999748,0],[112.5354077070001,-7.079260852999937,0],[112.53538343100001,-7.0791923269999302,0],[112.53535322300002,-7.0791070519999266,0],[112.53534441200009,-7.0790821809999329,0],[112.53531114900011,-7.0790822899999739,0],[112.53529365200006,-7.079082347999929,0],[112.53517446400008,-7.0791572749999432,0],[112.53496902000006,-7.0793338519999338,0],[112.53482324400011,-7.0794953259999716,0],[112.53476828800001,-7.0795565669999405,0],[112.53475935300003,-7.0795665239999721,0],[112.53472780600009,-7.0796016779999604,0],[112.53471619300001,-7.0796146199999725,0],[112.5346863960001,-7.0796478259999276,0],[112.53464613600011,-7.0796876369999495,0],[112.53461402500011,-7.0797193899999797,0],[112.53460482800006,-7.0797284839999293,0],[112.53458303800005,-7.0797500309999464,0],[112.53451815400001,-7.0798141909999686,0],[112.5343633220001,-7.0799458809999578,0],[112.53429123500007,-7.0799842109999531,0],[112.53420534600002,-7.0800298799999268,0],[112.53409522000004,-7.0800766059999773,0],[112.53403538800001,-7.0801019929999711,0],[112.53402232900009,-7.080107294999948,0],[112.53382068900009,-7.0801891599999749,0],[112.53367457800005,-7.0802492679999318,0],[112.53348086000005,-7.0803602169999635,0],[112.5333855770001,-7.0804410279999388,0],[112.53333404600005,-7.0805008229999657,0],[112.53332534700007,-7.0805109169999696,0],[112.53331699600005,-7.0805206069999258,0],[112.5331691450001,-7.080692168999974,0],[112.53305267700011,-7.0808191039999429,0],[112.53292220200001,-7.0809613039999704,0],[112.53289632500002,-7.0809821139999372,0],[112.53283764600008,-7.0810293029999798,0],[112.53278819100001,-7.0810690749999594,0],[112.53264522300003,-7.0811768739999366,0],[112.53259145900006,-7.0812211449999722,0],[112.53246072400009,-7.0813287979999586,0],[112.53228497900011,-7.0814575749999449,0],[112.53226816300003,-7.0814711709999756,0],[112.53223642100011,-7.0814968369999747,0],[112.53214799200009,-7.0815683369999647,0],[112.53199622300008,-7.0817238669999369,0],[112.5318356140001,-7.0819152019999478,0],[112.53174341500005,-7.0820258159999412,0],[112.53171094000004,-7.0821531969999683,0],[112.53169625100008,-7.0822108149999394,0],[112.5316640850001,-7.0824166339999692,0],[112.5316440150001,-7.0824953579999601,0],[112.53162050900005,-7.082587559999979,0],[112.53161692100002,-7.0826016329999675,0],[112.53158368400011,-7.0827498739999442,0],[112.53156971900012,-7.083042091999971,0],[112.53157009300003,-7.0831553819999726,0],[112.53158519900001,-7.0832089969999288,0],[112.5316989590001,-7.0832980629999724,0],[112.53181268900005,-7.0833781839999688,0],[112.53182547100005,-7.0833879339999726,0],[112.53189052000005,-7.0834375549999322,0],[112.53193246000001,-7.083479155999953,0],[112.53197319500009,-7.0836074779999763,0],[112.53200004100006,-7.0837017749999518,0],[112.53202511500001,-7.0837613039999496,0],[112.53206180200004,-7.0838224509999463,0],[112.53213004300005,-7.0838967409999327,0],[112.53219157900003,-7.0839495259999694,0],[112.53224312700002,-7.0839907529999664,0],[112.53230966100011,-7.0840501459999814,0],[112.53237621100004,-7.0841145059999349,0],[112.53241119100005,-7.0841607559999602,0],[112.53242954300003,-7.0841938129999562,0],[112.53243796600009,-7.0842335259999345,0],[112.53242827200006,-7.0843113849999781,0],[112.53241515800005,-7.084357792999981,0],[112.53236298100001,-7.0845118819999584,0],[112.53231532500001,-7.0846445099999755,0],[112.53228906300001,-7.0847273909999444,0],[112.53225441200004,-7.0847804929999256,0],[112.53213848600001,-7.0848305519999712,0],[112.53203749200009,-7.0848822169999721,0],[112.53195801400011,-7.0849205639999582,0],[112.53189682700008,-7.0849737539999751,0],[112.53184891900003,-7.0850302119999355,0],[112.53182639800002,-7.0850593199999707,0],[112.53181424000002,-7.0850750349999316,0],[112.53173308600003,-7.0851084199999264,0],[112.53163448900011,-7.085135864999927,0],[112.53159185900006,-7.0851477309999495,0],[112.53155248200005,-7.0851586919999363,0],[112.53141323500006,-7.0852241139999705,0],[112.5313973850001,-7.0852315609999437,0],[112.53125996000006,-7.0852999049999426,0],[112.53120860900003,-7.0853182889999289,0],[112.53120511600002,-7.08531781399995,0],[112.53114853000011,-7.0853101209999636,0],[112.53113726400011,-7.0853085889999647,0],[112.53107092200003,-7.0853071509999381,0],[112.53103947200009,-7.0853254699999297,0],[112.5310229480001,-7.0853437389999385,0],[112.53100976200005,-7.0853686209999296,0],[112.53100168900005,-7.0854348829999481,0],[112.53102846400009,-7.0855076529999792,0],[112.53108672200005,-7.0855720409999776,0],[112.53111254500004,-7.0856160209999643,0],[112.5311375980001,-7.0856586909999351,0],[112.5311400920001,-7.0856629389999739,0],[112.53114492700001,-7.0856777909999664,0],[112.53114822700002,-7.0856879259999346,0],[112.5311512510001,-7.0856972149999251,0],[112.53118366700005,-7.0857967789999634,0],[112.53118390100008,-7.0857974969999304,0],[112.53118450200009,-7.0857993429999624,0],[112.5311853290001,-7.0858018839999772,0],[112.53121883600011,-7.0859044389999326,0],[112.53124433500011,-7.0860166069999764,0],[112.53124962100003,-7.0860522449999621,0],[112.53126299300004,-7.0861423929999319,0],[112.53127495700005,-7.0862499859999275,0],[112.53128038000011,-7.0863857499999767,0],[112.53127778400005,-7.0865227509999613,0],[112.53127755600008,-7.0865347889999271,0],[112.53127308300009,-7.086663132999945,0],[112.53127149600004,-7.0867086769999332,0],[112.53126886900009,-7.0868110479999586,0],[112.53128742900003,-7.0869070279999278,0],[112.53129402500008,-7.0869367749999697,0],[112.53129546700006,-7.0869432769999321,0],[112.53130445600004,-7.086983815999929,0],[112.53130556100007,-7.0869888009999613,0],[112.53131604800001,-7.0870360929999379,0],[112.53134004200001,-7.0871062779999647,0],[112.53134571600003,-7.087122873999931,0],[112.5313595880001,-7.0871634519999702,0],[112.53135988300005,-7.0871643969999809,0],[112.53136371000005,-7.0871766729999308,0],[112.53137506200005,-7.0872130809999589,0],[112.53137970300008,-7.0872279649999541,0],[112.53138028800004,-7.0872306769999796,0],[112.53138681500002,-7.087260907999962,0],[112.53139149200001,-7.0872825709999461,0],[112.5313914620001,-7.0872844609999675,0],[112.5313911400001,-7.0873046449999606,0],[112.53139096700011,-7.0873154529999738,0],[112.53139089000001,-7.0873202929999479,0],[112.53139088100011,-7.0873208879999652,0],[112.5313901180001,-7.0873686809999299,0],[112.53136559100005,-7.0874747389999584,0],[112.53129595900009,-7.0876685649999445,0],[112.53121197500002,-7.0878493329999515,0],[112.53109309300009,-7.088008689999981,0],[112.53098757100008,-7.0881961519999663,0],[112.53092005100007,-7.0883404369999425,0],[112.53087889100004,-7.0884316459999468,0],[112.53080402500007,-7.0885808479999355,0],[112.53074952100008,-7.0886489189999793,0],[112.53067848600006,-7.0887336029999801,0],[112.53060913800005,-7.0888265609999621,0],[112.53055807700002,-7.08893270599998,0],[112.53052205600011,-7.0890735749999294,0],[112.53050928000005,-7.0892226459999392,0],[112.53051964600002,-7.0893484589999503,0],[112.5305770650001,-7.0895633059999454,0],[112.53069711700005,-7.0897583049999753,0],[112.5308470440001,-7.0899598289999517,0],[112.53099856300003,-7.0901414769999747,0],[112.53111970300006,-7.0903215209999644,0],[112.5311305670001,-7.090337667999961,0],[112.53118393800003,-7.0904285659999573,0],[112.53120908300002,-7.090509620999967,0],[112.53121929100007,-7.0905874139999696,0],[112.53121523400011,-7.0906266129999267,0],[112.53120857300007,-7.0906909719999476,0],[112.53119357600008,-7.0908358809999754,0],[112.53119402900006,-7.0909250709999583,0],[112.53121075000001,-7.0909664129999328,0],[112.53122957300002,-7.0909805249999636,0],[112.53127891600002,-7.0910175209999693,0],[112.53138348000004,-7.0910420139999815,0],[112.5315294720001,-7.0910564359999739,0],[112.53158924700006,-7.0910777649999659,0],[112.53174393100005,-7.091213037999978,0],[112.53178997200007,-7.091264075999959,0],[112.53185502100007,-7.0913361839999425,0],[112.53191371600008,-7.0914012489999436,0],[112.53201854300005,-7.0915052239999454,0],[112.5321330810001,-7.0915932999999427,0],[112.53219448300001,-7.0916253669999492,0],[112.53222445400002,-7.091641018999951,0],[112.53230745300004,-7.0916639279999458,0],[112.53246092300003,-7.0916683239999543,0],[112.53251478000004,-7.0916698669999505,0],[112.5327469020001,-7.0916508859999681,0],[112.53286132400001,-7.0916471969999293,0],[112.53292106600009,-7.0916585909999412,0],[112.53298422400007,-7.0916997799999422,0],[112.53304174900006,-7.0917444239999554,0],[112.53309895300004,-7.0917888189999303,0],[112.53318216500008,-7.0918763059999606,0],[112.5332105010001,-7.0919192649999445,0],[112.53332284500004,-7.0919398199999364,0],[112.53334136300009,-7.0919416789999445,0],[112.53352712100002,-7.09196032899996,0],[112.53367565200006,-7.0919651339999632,0],[112.53376322200006,-7.0919807329999571,0],[112.53388809500007,-7.0920491669999706,0],[112.53400226300005,-7.0920885079999607,0],[112.53418826500001,-7.0921964589999789,0],[112.53436090100001,-7.0922726789999615,0],[112.53450970400002,-7.0923595689999388,0],[112.53466903600008,-7.0924225929999807,0],[112.53470650300005,-7.0924473529999545,0],[112.53479661400002,-7.0925069049999365,0],[112.53487910800004,-7.0925913659999651,0],[112.53491647300007,-7.0926627359999657,0],[112.53492729100003,-7.0927262509999309,0],[112.53493804900006,-7.0927712299999257,0],[112.53480997600002,-7.0929620289999775,0],[112.53479554,-7.0929835349999735,0],[112.53470908000008,-7.0931184589999248,0],[112.53470981700002,-7.0933408819999499,0],[112.53472127600003,-7.093597693999925,0],[112.53470901600008,-7.0938995979999504,0],[112.53470706400003,-7.0940219649999676,0],[112.53470681900001,-7.094037296999943,0],[112.5347017790001,-7.094116751999934,0],[112.53478554500009,-7.0942351439999811,0],[112.53494423000006,-7.0944441619999452,0],[112.53503419500009,-7.0945521669999607,0],[112.53507208800011,-7.0946014839999521,0],[112.53521908300002,-7.0948411479999436,0],[112.53534923000007,-7.0949772729999268,0],[112.53537519600002,-7.0950027699999509,0],[112.53540324200003,-7.0950303099999701,0],[112.53551562400003,-7.0951406629999383,0],[112.53560550400005,-7.0952227699999639,0],[112.53563631500003,-7.0952697559999365,0],[112.53565294600003,-7.0953073719999793,0],[112.53565645800006,-7.0953218859999652,0],[112.53566490000003,-7.0953567739999812,0],[112.53568622300008,-7.0953990019999651,0],[112.53569813200011,-7.0954225879999626,0],[112.53574072600009,-7.0954671809999468,0],[112.53579743600005,-7.0955023089999258,0],[112.53582381500007,-7.095515938999938,0],[112.53602784200007,-7.0955522109999265,0],[112.53605632600011,-7.095557274999976,0],[112.53616909700008,-7.0955499999999461,0],[112.53619845300011,-7.0955499999999461,0],[112.5363627700001,-7.0955879199999572,0],[112.53654877800011,-7.0956528059999755,0],[112.5365646140001,-7.0956616449999501,0],[112.53678741600004,-7.0957936749999249,0],[112.53694063800003,-7.0958987439999532,0],[112.53706759200008,-7.0959862969999676,0],[112.53715952700009,-7.0960782299999323,0],[112.53729961500005,-7.0962358299999551,0],[112.5374440810001,-7.0963233849999483,0],[112.53760037200004,-7.0964036449999526,0],[112.53762000000006,-7.0964199999999664,0],[112.53777093200006,-7.0964786969999523,0],[112.53781619300003,-7.0964984969999705,0],[112.53792563700006,-7.096577295999964,0],[112.53809636900007,-7.0966867399999387,0],[112.53821894700002,-7.0968180749999306,0],[112.53833714700011,-7.0969450289999259,0],[112.53843345900009,-7.0970457179999471,0],[112.53855165800007,-7.0970982509999772,0],[112.53880119000007,-7.0972602289999713,0],[112.53898505900008,-7.0974046949999661,0],[112.53910911800006,-7.0974949209999636,0],[112.53926000000001,-7.0976399999999558,0],[112.53928000000008,-7.0977100019999284,0],[112.5392700000001,-7.0981000019999669,0],[112.53937999900006,-7.098389999999938,0],[112.53956000100004,-7.0986699999999701,0],[112.53982000000008,-7.099049999999977,0],[112.53995457700012,-7.0992577189999793,0],[112.54020529400009,-7.0996446929999593,0],[112.54028000100004,-7.0997599999999466,0],[112.54033060300003,-7.0999398469999733,0],[112.54033194700003,-7.0999446109999553,0],[112.54033357000003,-7.0999439259999804,0],[112.54036356900008,-7.1001839259999429,0],[112.54041331200006,-7.1001857689999497,0],[112.54064694800002,-7.1001944219999586,0],[112.54080820200011,-7.1002003939999554,0],[112.54081064900004,-7.1002004849999594,0],[112.54081235100011,-7.1002005479999752,0],[112.54083025800003,-7.1002617319999786,0],[112.54087900700006,-7.1003348549999714,0],[112.54102603600006,-7.1004443459999607,0],[112.54110608700012,-7.1005019819999688,0],[112.54110812100009,-7.1005041119999532,0],[112.54117332900012,-7.100572427999964,0],[112.54117396800007,-7.1005731699999615,0],[112.54117927800007,-7.1005787309999278,0],[112.54131234300007,-7.1007334589999687,0],[112.54146151100008,-7.1008381939999481,0],[112.54164402600009,-7.1009278499999482,0],[112.54176844900007,-7.1009654519999685,0],[112.54191574100003,-7.1009622499999523,0],[112.54208341600008,-7.1009842439999602,0],[112.5422711650001,-7.1010070779999523,0],[112.5424253430001,-7.101013370999965,0],[112.54245546700008,-7.1010143679999373,0],[112.54246946900003,-7.1010145429999625,0],[112.54254296900001,-7.1010166849999337,0],[112.54282951800008,-7.101052058999926,0],[112.54296725300003,-7.1010646649999671,0],[112.5429952720001,-7.1010669059999714,0],[112.54303608000009,-7.1010711179999362,0],[112.54337317600005,-7.1011088739999764,0],[112.54357118300004,-7.1011287539999444,0],[112.54380172900005,-7.1011255519999281,0],[112.54396548300008,-7.1011533819999499,0],[112.54411515800007,-7.1011895949999371,0],[112.54429163700001,-7.1012632389999339,0],[112.54444533300011,-7.1012952589999259,0],[112.54461504100004,-7.1012952589999259,0],[112.54473955100002,-7.1012568349999583,0],[112.54489965300002,-7.1011575719999769,0],[112.54502773400009,-7.1011031379999281,0],[112.54520384400007,-7.1010551079999686,0],[112.54535113700001,-7.1009846629999629,0],[112.54547281500004,-7.1008918069999254,0],[112.54554646000008,-7.1008181589999708,0],[112.54573870800004,-7.1009199469999658,0],[112.54573901800006,-7.1009201139999618,0],[112.54577142500011,-7.1009374569999295,0],[112.54597955600002,-7.1010623349999378,0],[112.54608842400012,-7.1011263749999785,0],[112.54608933000009,-7.1011278839999363,0],[112.54609101800008,-7.1011307019999776,0],[112.5460928980001,-7.1011318099999698,0],[112.54609437200008,-7.1011326799999779,0],[112.5461424020001,-7.1012127309999755,0],[112.54613599800007,-7.101283174999935,0],[112.54610313300009,-7.1013280479999707,0],[112.54601589100002,-7.101447167999936,0],[112.54596949400002,-7.1015105179999409,0],[112.54588303900005,-7.1017122449999306,0],[112.54574533300001,-7.1018801439999493,0],[112.5457357460001,-7.1018915589999665,0],[112.5457357460001,-7.1019697649999785,0],[112.54578103000006,-7.1020037279999428,0],[112.54592191900008,-7.1019941209999615,0],[112.54608039300001,-7.1019700499999772,0],[112.54608791200008,-7.1019689069999572,0],[112.5461748780001,-7.1019556979999265,0],[112.546289892,-7.1019491869999456,0],[112.54634458500004,-7.1019460929999809,0],[112.54659434300004,-7.101962101999959,0],[112.54680247400006,-7.1020197379999672,0],[112.54699139200011,-7.1021125979999624,0],[112.5472635640001,-7.1022310719999382,0],[112.54739484700008,-7.1023047179999708,0],[112.54748770500009,-7.1023399399999789,0],[112.54755494800008,-7.1023559499999465,0],[112.54766061400005,-7.1023815659999627,0],[112.54772785700004,-7.1024199899999303,0],[112.54779434900001,-7.1024832759999299,0],[112.54788606300008,-7.102543361999949,0],[112.54788713500011,-7.1025440449999451,0],[112.54799920400001,-7.1025760659999264,0],[112.54811447700001,-7.102553650999937,0],[112.54830382300008,-7.1023981759999515,0],[112.54832901200007,-7.1023775399999636,0],[112.54850148100002,-7.1022524559999738,0],[112.54870044500001,-7.1021085709999738,0],[112.54873887000008,-7.1020349249999413,0],[112.54878049600006,-7.1019356619999598,0],[112.54884453800003,-7.1018620159999273,0],[112.5488797590001,-7.1018460059999597,0],[112.54904626400003,-7.1018972399999711,0],[112.54913787900011,-7.1019219789999397,0],[112.54918767000004,-7.1019353779999506,0],[112.54958740500001,-7.1020413289999738,0],[112.54968786100005,-7.1020864189999315,0],[112.54969048700002,-7.1020877319999727,0],[112.5496947580001,-7.1020896619999689,0],[112.54976092800007,-7.1021192929999302,0],[112.54986371900009,-7.1021992439999622,0],[112.54987463500004,-7.102209289999962,0],[112.54991967300009,-7.1022513929999604,0],[112.54996623000011,-7.1022942489999537,0],[112.54999292100001,-7.1023181779999618,0],[112.55000079900003,-7.1023252419999494,0],[112.5500038460001,-7.1023279729999444,0],[112.55008691500007,-7.1024024489999533,0],[112.55021421900005,-7.1024851119999539,0],[112.55035111600012,-7.1025966589999712,0],[112.55060087800007,-7.1027546089999305,0],[112.55083882500003,-7.1028640639999594,0],[112.55097207500012,-7.1029402089999394,0],[112.55111484200006,-7.1030591799999456,0],[112.55120199700002,-7.1031318099999794,0],[112.55120434800006,-7.103133770999932,0],[112.55125761000011,-7.103178153999977,0],[112.55125936700006,-7.1031800159999534,0],[112.55120437700009,-7.1031341899999347,0],[112.55120444500005,-7.1031351999999401,0],[112.55123000000003,-7.1035099999999716,0],[112.55089000100008,-7.1038900009999679,0],[112.55065000000002,-7.1040699999999788,0],[112.55045000000007,-7.1042699999999286,0],[112.55033999900002,-7.104440001999933,0],[112.55052000100011,-7.104919999999936,0],[112.55052294000006,-7.1049222499999587,0],[112.55052356900001,-7.1049239259999695,0],[112.55069356900003,-7.1050539259999255,0],[112.5510735690001,-7.1054539259999387,0],[112.55135357000006,-7.1055939259999263,0],[112.55166110700009,-7.1057408399999531,0],[112.55168000000003,-7.1057499999999436,0],[112.55207000000007,-7.1059699999999566,0],[112.55250000000001,-7.106179999999938,0],[112.55285669300008,-7.1063484449999805,0],[112.55285696400006,-7.1063485659999515,0],[112.55294809100008,-7.1063869409999256,0],[112.55295057000001,-7.1063886569999681,0],[112.55318522700009,-7.1065512929999386,0],[112.55330691100005,-7.1065969269999414,0],[112.55368464700007,-7.10667551399996,0],[112.55373531900011,-7.1066704759999766,0],[112.55374350800003,-7.106669907999958,0],[112.5537700000001,-7.1066800009999724,0],[112.55411000100003,-7.1068999999999392,0],[112.55439000000001,-7.1068299999999454,0],[112.55447049500003,-7.1067916689999606,0],[112.55473687900007,-7.1068864029999759,0],[112.55477811200001,-7.1068464749999407,0],[112.55481380600008,-7.106810783999947,0],[112.55485663500008,-7.1066680149999684,0],[112.55486236000002,-7.1065420659999745,0],[112.55497999900001,-7.1064499999999384,0],[112.55520000100012,-7.1062999999999761,0],[112.55542999900001,-7.1062700009999276,0],[112.55563750800002,-7.1063132299999552,0],[112.55564185700007,-7.1063610649999305,0],[112.55569896400004,-7.1064110339999615,0],[112.55593453100005,-7.1064681409999366,0],[112.55601613400006,-7.1064885419999655,0],[112.55616999900008,-7.1065699999999765,0],[112.55621030000009,-7.106586790999927,0],[112.55623434100005,-7.1066180469999267,0],[112.55630572700011,-7.1067322609999337,0],[112.55637865200003,-7.1067300429999705,0],[112.55663017300003,-7.1066686849999314,0],[112.55682000100001,-7.1066499999999451,0],[112.55707000000007,-7.1066400009999597,0],[112.55742000000009,-7.1065799999999513,0],[112.55768,-7.1065399999999386,0],[112.55796922800005,-7.106531236999956,0],[112.55803626400007,-7.1066095269999323,0],[112.55825643500009,-7.1067071299999611,0],[112.55834722500003,-7.1067093989999535,0],[112.55845912600012,-7.1066704019999634,0],[112.55849703100012,-7.1066571919999433,0],[112.55864456900008,-7.1066140659999633,0],[112.55872683500002,-7.1066099809999628,0],[112.55881480300002,-7.1066662719999272,0],[112.55891013400003,-7.1067979209999521,0],[112.55897595800002,-7.1068569339999499,0],[112.55927784100004,-7.1069386469999358,0],[112.56003141200006,-7.1070998019999365,0],[112.56054089000008,-7.1071407519999639,0],[112.56075320600007,-7.1071429279999734,0],[112.56089620300008,-7.1071134229999302,0],[112.56105735900007,-7.1070816439999476,0],[112.56128206800008,-7.1070702959999608,0],[112.56146138200006,-7.1070998019999365,0],[112.56154536400004,-7.1071066109999492,0],[112.56161540300002,-7.1070614349999346,0],[112.5617396130001,-7.1069953869999267,0],[112.5617838070001,-7.1069780559999458,0],[112.56155000000001,-7.1072599999999397,0],[112.56162356900006,-7.1074039259999608,0],[112.56159357000001,-7.1075039259999357,0],[112.56154477500002,-7.107611272999975,0],[112.56168999900001,-7.1076499999999783,0],[112.56191000100011,-7.1076799999999594,0],[112.56207999900005,-7.1077199999999721,0],[112.56294000000003,-7.1080199999999536,0],[112.56369000000007,-7.1087399999999548,0],[112.56400000000008,-7.1090400009999257,0],[112.56422000000009,-7.1092399999999429,0],[112.56422115300006,-7.1092417299999511,0],[112.56422357000008,-7.1092439259999765,0],[112.56430357000011,-7.1093639269999471,0],[112.56433356900004,-7.1096739259999708,0],[112.56437356900005,-7.1099239259999649,0],[112.56442311300009,-7.1100527389999684,0],[112.56467000000009,-7.1102700019999361,0],[112.56483000000003,-7.1104099999999448,0],[112.56483107100007,-7.1104117399999609,0],[112.56483356900003,-7.1104139259999783,0],[112.56491356900005,-7.1105439259999343,0],[112.564933569,-7.1110039269999561,0],[112.56494356900009,-7.1111439259999543,0],[112.56515294500002,-7.1113832119999643,0],[112.56526000000008,-7.1114999999999782,0],[112.56526000500003,-7.1115000379999742,0],[112.56526356900008,-7.1115039259999548,0],[112.56531356900007,-7.1118839279999406,0],[112.56540356900007,-7.1120539259999305,0],[112.5658835700001,-7.1128939269999591,0],[112.56599356800007,-7.1131739259999449,0],[112.56616356900008,-7.1136339259999772,0],[112.5662317120001,-7.1137410069999305,0],[112.56657000100006,-7.1139399999999569,0],[112.56667000000004,-7.1140099999999507,0],[112.56667166900002,-7.1140125959999523,0],[112.56667356900005,-7.1140139259999273,0],[112.56676356900005,-7.1141539259999718,0],[112.56691357000011,-7.1145739279999702,0],[112.56702356900007,-7.1151139259999354,0],[112.56707357000005,-7.115533925999955,0],[112.56707357000005,-7.1155939259999741,0],[112.56711356900007,-7.1158639259999745,0],[112.56718356800002,-7.1162139259999435,0],[112.56681356800004,-7.1164339259999565,0],[112.56667356900005,-7.1165239279999355,0],[112.56667356900005,-7.1168539269999656,0],[112.56671356900006,-7.1172539259999326,0],[112.56672356900003,-7.1176139269999794,0],[112.56672356900003,-7.117673927999931,0],[112.56672356900003,-7.1179239259999463,0],[112.56664357000011,-7.1186739259999285,0],[112.56663356900003,-7.1191139259999545,0],[112.5666535690001,-7.1193439259999423,0],[112.56682356900001,-7.1198139259999493,0],[112.56688356900008,-7.1200039259999812,0],[112.56688356900008,-7.1201339259999372,0],[112.56679356800009,-7.1203039259999628,0],[112.56658357000003,-7.1206239259999506,0],[112.56644356900006,-7.1208839259999763,0],[112.56639356900007,-7.1210339259999387,0],[112.56639356900007,-7.1211339259999704,0],[112.56644277800001,-7.1212323439999636,0],[112.56675999900006,-7.1215000009999585,0],[112.56698000100005,-7.1216899999999441,0],[112.56698267900003,-7.1216931569999815,0],[112.56698356900006,-7.1216939259999776,0],[112.56726356900003,-7.122023927999976,0],[112.56741356900011,-7.122253925999928,0],[112.56614356900002,-7.1242639269999586,0],[112.56603356800008,-7.1243839279999293,0],[112.56598356900008,-7.1245439259999443,0],[112.56591434600011,-7.1246032609999475,0],[112.56603000000007,-7.12468999999993,0],[112.56614000100001,-7.1247200019999468,0],[112.56623000000002,-7.1247800019999659,0],[112.56623115900004,-7.1247823199999516,0],[112.56628000000001,-7.1248799999999619,0],[112.56634000000008,-7.1249999999999432,0],[112.56636999900002,-7.1250799999999685,0],[112.56640000000004,-7.1252299999999309,0],[112.56636999900002,-7.1252899999999499,0],[112.56632000000002,-7.1254000009999459,0],[112.56631000000004,-7.1255799999999567,0],[112.56632000000002,-7.1257799999999634,0],[112.56626014900007,-7.1259994529999631,0],[112.56626000000006,-7.1259999999999764,0],[112.56597999900009,-7.1266199999999458,0],[112.5657900010001,-7.1270499999999402,0],[112.56567000000007,-7.1272599999999784,0],[112.56560000000002,-7.1274300009999365,0],[112.56573000100002,-7.1276799999999412,0],[112.56615000000011,-7.1288899999999558,0],[112.5662400010001,-7.1291299999999751,0],[112.56640000000004,-7.1293400009999459,0],[112.56654000000003,-7.1294800019999798,0],[112.56664000000001,-7.1295399999999631,0],[112.56670000000008,-7.1295399999999631,0],[112.56653000100005,-7.1316600009999433,0],[112.56657000100006,-7.1331599999999753,0],[112.56656000000009,-7.133329999999944,0],[112.56662000000006,-7.1340499999999452,0],[112.56663000100002,-7.1342899999999645,0],[112.566779999,-7.1344399999999268,0],[112.56692000100008,-7.1345199999999522,0],[112.56716999900004,-7.1346799999999462,0],[112.56742000000008,-7.1348800019999317,0],[112.56788000000006,-7.1352599999999597,0],[112.57092000000011,-7.1367099989999474,0],[112.57089000000008,-7.1368199999999433,0],[112.57089000000008,-7.1370099999999752,0],[112.57094000000006,-7.137209999999925,0],[112.57096000000001,-7.1374099999999316,0],[112.5710600000001,-7.1378799999999387,0],[112.57123000000001,-7.1384900009999797,0],[112.57134000000008,-7.1388800009999613,0],[112.57148000000007,-7.1391999999999598,0],[112.57175000000007,-7.1398299999999608,0],[112.5718700000001,-7.1401799999999298,0],[112.5718700000001,-7.140389999999968,0],[112.57184000000007,-7.1405599999999367,0],[112.5717800000001,-7.1406799999999748,0],[112.57165000000009,-7.1407999999999561,0],[112.57149000000004,-7.1409199999999373,0],[112.57132000000001,-7.1410199999999691,0],[112.57112000000006,-7.1411400009999397,0],[112.57067000000006,-7.1413899999999444,0],[112.57023000000004,-7.1416299999999637,0],[112.56978000000004,-7.1418699999999262,0],[112.56950000000006,-7.1420799999999645,0],[112.56932000000006,-7.1422500009999794,0],[112.56916000000001,-7.142439999999965,0],[112.56891000000007,-7.1427000009999801,0],[112.56877000000009,-7.1428599989999384,0],[112.5688100000001,-7.1429899999999407,0],[112.56886000000009,-7.143289999999979,0],[112.56894000000011,-7.1438300009999693,0],[112.56894000000011,-7.1444499999999493,0],[112.5689000000001,-7.1453900009999529,0],[112.56893000000002,-7.1455699999999638,0],[112.5691700000001,-7.1462799999999334,0],[112.56918000000007,-7.1465099999999779,0],[112.56939000000011,-7.146759999999972,0],[112.56991000000005,-7.1470199999999409,0],[112.5706599990001,-7.1474400009999499,0],[112.57091000000003,-7.1475899999999797,0],[112.57113000000004,-7.1477900009999757,0],[112.57121000000006,-7.1478899999999612,0],[112.5716000000001,-7.1482899999999745,0],[112.57184000000007,-7.148809999999969,0],[112.5721400000001,-7.1492900009999403,0],[112.57221999900003,-7.149390000999972,0],[112.5723200000001,-7.1494499999999448,0],[112.57235000000003,-7.1498200009999664,0],[112.57249000000002,-7.1504099999999653,0],[112.57264000000009,-7.1506499999999278,0],[112.57281000000012,-7.1509700009999619,0],[112.57280000000003,-7.1510499999999411,0],[112.57282000000009,-7.1511699999999792,0],[112.57283000000007,-7.1517399999999611,0],[112.57291000000009,-7.1518299999999613,0],[112.57307000000003,-7.1520400009999321,0],[112.57309000000009,-7.1521699999999555,0],[112.57314000000008,-7.152279999999962,0],[112.57324000000006,-7.1523599999999306,0],[112.57345000000009,-7.1524300009999706,0],[112.57363000000009,-7.1525100009999392,0],[112.57362000000001,-7.1527199999999311,0],[112.57361000000003,-7.153479999999945,0],[112.57364000000007,-7.1540100009999605,0],[112.57364000000007,-7.1546199999999658,0],[112.57359000000008,-7.1547700009999744,0],[112.57355000000007,-7.1549499999999284,0],[112.57359000000008,-7.1552899999999795,0],[112.57363000000009,-7.1553399999999669,0],[112.57342000000006,-7.1557599999999297,0],[112.57328000000007,-7.1559299999999553,0],[112.57319000000007,-7.1561499999999683,0],[112.57316000000003,-7.1562499999999432,0],[112.57306000000005,-7.1567499999999313,0],[112.57295000000011,-7.1571100009999782,0],[112.57284000000004,-7.1574899999999388,0],[112.57280000000003,-7.1577199999999266,0],[112.57314000000008,-7.1582699999999591,0],[112.57381000000009,-7.1592099999999732,0],[112.57424000000003,-7.1597499999999741,0],[112.57452000000001,-7.1599000009999259,0],[112.57486000000006,-7.1600899999999683,0],[112.57519000000002,-7.1604099999999562,0],[112.57540000000006,-7.1608299999999758,0],[112.5761500000001,-7.1613499999999704,0],[112.57656000000009,-7.1617499999999268,0],[112.57706000000007,-7.1624899999999343,0],[112.57744116300012,-7.1622670559999619,0],[112.57742287200006,-7.1622438169999327,0],[112.57770537100009,-7.1620501009999771,0],[112.57819396400009,-7.1615883419999591,0],[112.57850812600009,-7.1612889199999472,0],[112.57894433000001,-7.1606157889999622,0],[112.57908755300002,-7.160387562999972,0],[112.5793549980001,-7.1599418419999665,0],[112.57944434000001,-7.1598276209999767,0],[112.57949309700007,-7.1597867709999718,0],[112.57956905700007,-7.1597539639999468,0],[112.57963427600009,-7.1597456029999762,0],[112.57970494400001,-7.1597589219999804,0],[112.57970769700012,-7.1597778979999589,0],[112.57972704200006,-7.1598673349999444,0],[112.57977619200005,-7.1599403949999783,0],[112.57983587600006,-7.1599936379999463,0],[112.57988522300002,-7.160037660999933,0],[112.58005956700003,-7.1601536879999799,0],[112.58032925200007,-7.160337191999929,0],[112.58089162300007,-7.1607276259999253,0],[112.58096848600007,-7.1607837759999597,0],[112.58107762800012,-7.1608263449999754,0],[112.5812082330001,-7.1608580799999686,0],[112.58137533800004,-7.1609313679999786,0],[112.58148573100004,-7.1609471709999752,0],[112.58192668600009,-7.1609606639999583,0],[112.58211513000003,-7.1609654389999378,0],[112.58236678500009,-7.1609859999999799,0],[112.5825606730001,-7.1610323449999669,0],[112.58280868200006,-7.1611429639999642,0],[112.58299601800002,-7.1612376989999689,0],[112.58314120600005,-7.161255189999963,0],[112.58326507900006,-7.1612829709999346,0],[112.58344698300004,-7.1613615409999625,0],[112.58355740400009,-7.161385389999964,0],[112.58363275300007,-7.1613918209999383,0],[112.5838157280001,-7.1613911919999396,0],[112.58395300500001,-7.1613880059999815,0],[112.5840767630001,-7.1613822459999597,0],[112.58437245400012,-7.161356274999946,0],[112.58447193500001,-7.1613251039999568,0],[112.58452842700001,-7.1612969289999455,0],[112.58459952300007,-7.1612614699999426,0],[112.58474835700008,-7.161123990999954,0],[112.58484894900005,-7.1610256429999595,0],[112.5849549080001,-7.1609245649999593,0],[112.58505838600001,-7.1608838879999439,0],[112.58510894100004,-7.1608805309999752,0],[112.5851431000001,-7.1608782619999261,0],[112.58539713500011,-7.1608961909999493,0],[112.58548330800011,-7.1609025849999739,0],[112.58559766300004,-7.1608981209999456,0],[112.58580617400003,-7.1608987589999629,0],[112.58591248000005,-7.1608983919999787,0],[112.58596502600005,-7.160917015999928,0],[112.5859918000001,-7.1608777349999286,0],[112.5859998630001,-7.160865906999959,0],[112.58603734300004,-7.1608240999999566,0],[112.58607216600001,-7.1607689219999315,0],[112.58608401900005,-7.1606993579999312,0],[112.58607447800011,-7.1606604259999358,0],[112.58605550800007,-7.1606148369999687,0],[112.58599329100002,-7.1605196709999746,0],[112.58600392900007,-7.1600768229999403,0],[112.58600717700006,-7.1598498889999291,0],[112.58600967900009,-7.1597961789999545,0],[112.58602287000008,-7.1597248939999645,0],[112.58602518200007,-7.1596161259999462,0],[112.586043485,-7.1594471829999407,0],[112.58605134400011,-7.1593880289999561,0],[112.58612450800001,-7.1591299369999319,0],[112.58613505000005,-7.1590695089999485,0],[112.58613757500007,-7.1590224889999377,0],[112.58612804800009,-7.1589876239999626,0],[112.58611857700009,-7.1589688519999299,0],[112.58609823400002,-7.1589366479999512,0],[112.58607661400004,-7.1589018249999299,0],[112.58604544700006,-7.158848230999979,0],[112.58602919200007,-7.1588106769999627,0],[112.58602609100001,-7.1587557209999773,0],[112.58601654400002,-7.158326049999971,0],[112.5860966780001,-7.1581619569999475,0],[112.58614886900011,-7.1581432849999374,0],[112.58615714700011,-7.1581403219999515,0],[112.58631018400001,-7.1579450579999389,0],[112.58636049000006,-7.1577382539999803,0],[112.58646542300005,-7.1573068849999686,0],[112.58650654700011,-7.1571308099999555,0],[112.58652244400002,-7.1570649399999411,0],[112.58642551200001,-7.1570344449999652,0],[112.58645176200002,-7.1568530889999806,0],[112.58655069200006,-7.1565545859999702,0],[112.58660932100008,-7.1563893009999333,0],[112.58664532900002,-7.1562884639999425,0],[112.58672276400011,-7.1561216679999688,0],[112.58680857400009,-7.155893275999972,0],[112.58689393400005,-7.1556862209999395,0],[112.58693395400007,-7.1555799459999321,0],[112.58695511500002,-7.1554818719999389,0],[112.58697649300007,-7.155338593999943,0],[112.58721655900001,-7.1547281529999509,0],[112.58725558800006,-7.1547239499999478,0],[112.58729465900001,-7.1547318619999487,0],[112.58731535600009,-7.1547377279999296,0],[112.58748184800004,-7.1547849179999616,0],[112.58758813300005,-7.1547792189999768,0],[112.58763388200009,-7.1547749929999327,0],[112.58767325800011,-7.1548930179999388,0],[112.58772526900009,-7.1549080279999657,0],[112.58800819400005,-7.1550131879999412,0],[112.58844459400007,-7.1551580529999796,0],[112.58872733300007,-7.1552094219999276,0],[112.58884956600002,-7.1552383819999363,0],[112.58945973300001,-7.1554188969999473,0],[112.58953337900004,-7.1553219079999621,0],[112.58954411500008,-7.155296375999967,0],[112.58954134400005,-7.1552722479999602,0],[112.58954377000009,-7.1551970209999354,0],[112.58955034600001,-7.1551553199999489,0],[112.58956232300011,-7.1551217379999343,0],[112.58959166700004,-7.155058533999977,0],[112.5896521200001,-7.1549459489999663,0],[112.5896828540001,-7.1548746929999538,0],[112.58970406600008,-7.1547913549999294,0],[112.58970931900001,-7.1547564409999609,0],[112.58969837000006,-7.1546987089999448,0],[112.58982003700009,-7.1544780569999489,0],[112.58982264300005,-7.1544311139999763,0],[112.58982537800011,-7.1543818459999784,0],[112.5898903100001,-7.1540969309999696,0],[112.58992132800006,-7.1541075819999378,0],[112.59020820800004,-7.1541911219999292,0],[112.59031995300006,-7.1542308779999644,0],[112.59049977800009,-7.1542486089999784,0],[112.59052185500002,-7.1543073869999603,0],[112.59056787300005,-7.1543595729999652,0],[112.59060296700011,-7.1543834099999799,0],[112.59059867600001,-7.1544161519999534,0],[112.59056834900002,-7.1544969909999736,0],[112.59054466500004,-7.154599502999929,0],[112.59054923600002,-7.154647491999981,0],[112.59057169100004,-7.1546860179999499,0],[112.5907904610001,-7.154770459999952,0],[112.59082000000001,-7.1547999999999661,0],[112.59080000000006,-7.1548799999999346,0],[112.59114000000011,-7.1550899999999729,0],[112.59278000000006,-7.1560000009999385,0],[112.59347000000002,-7.156189999999981,0],[112.59405000000004,-7.1562999999999306,0],[112.59440000000006,-7.1563599999999497,0],[112.59548000000007,-7.1565399999999499,0],[112.59603000000004,-7.1566399999999248,0],[112.59671611900001,-7.1567819569999642,0],[112.59672192200003,-7.1568219189999809,0],[112.59681287500007,-7.1568293779999408,0],[112.59688685100002,-7.1569353489999799,0],[112.59693922200006,-7.1569679849999375,0],[112.59701074600002,-7.1569484799999259,0],[112.59705142400003,-7.1569675959999586,0],[112.59710967100011,-7.1570157609999683,0],[112.59711550800012,-7.1570195389999753,0],[112.59714643500001,-7.1570039709999378,0],[112.59721032300001,-7.1570211979999385,0],[112.59725694400004,-7.1570538539999689,0],[112.59741194200001,-7.1571015939999256,0],[112.59762139800011,-7.1572245429999271,0],[112.5980151870001,-7.1574587749999523,0],[112.59828418000006,-7.1575711189999538,0],[112.59861352200005,-7.1576491709999459,0],[112.59856931200011,-7.1577517549999357,0],[112.59901927400006,-7.1579955539999673,0],[112.59914951000007,-7.1581572919999417,0],[112.60004790800008,-7.1585491529999672,0],[112.59998508300009,-7.1588372249999566,0],[112.60023502400009,-7.1589233269999681,0],[112.60089502900007,-7.1591578949999644,0],[112.6008445110001,-7.1596564799999669,0],[112.60082428700002,-7.1598726229999556,0],[112.60102352900003,-7.1598486939999475,0],[112.60119954700008,-7.159801702999971,0],[112.60116188000006,-7.1601109329999417,0],[112.60152809600004,-7.1602082009999322,0],[112.60204125600001,-7.1602701519999528,0],[112.60201148200008,-7.1606160579999596,0],[112.60198072900005,-7.1609168559999716,0],[112.60299704200008,-7.1609539079999536,0],[112.603174491,-7.1613164519999373,0],[112.60367551900003,-7.1614528459999747,0],[112.60370476500009,-7.1614475899999661,0],[112.60484281800007,-7.1613507739999704,0],[112.60488091700006,-7.1609315189999734,0],[112.60545253000009,-7.1609075559999269,0],[112.60604486400007,-7.1611731819999704,0],[112.60590211600004,-7.1605943579999689,0],[112.60590287700006,-7.1602566909999723,0],[112.60590595100007,-7.1599138679999328,0],[112.6059060450001,-7.1599033709999276,0],[112.60593175200006,-7.1597189449999519,0],[112.60602804600001,-7.1597163479999608,0],[112.60684799300009,-7.15968283899997,0],[112.6076859100001,-7.1597281869999279,0],[112.60789647400009,-7.1597403799999597,0],[112.6082637830001,-7.1597872819999679,0],[112.60827770600008,-7.1593505729999265,0],[112.60842253200008,-7.1592865119999374,0],[112.60854122600006,-7.15926412999994,0],[112.60885537900003,-7.1592037239999513,0],[112.60884271200007,-7.1591052649999369,0],[112.60883343000012,-7.1590331139999535,0],[112.60877942800005,-7.1586843379999436,0],[112.60866531700003,-7.1581186139999318,0],[112.60994213200001,-7.1579562109999415,0],[112.6104044440001,-7.1589743719999319,0],[112.61055286200008,-7.1592744499999412,0],[112.61276265400011,-7.1593995169999403,0],[112.61280472800001,-7.1593909629999644,0],[112.61259757500011,-7.1584159389999513,0],[112.61258459100009,-7.1583960949999437,0],[112.6128782290001,-7.1583832229999302,0],[112.61325332700005,-7.1583739539999556,0],[112.61330775300007,-7.1583804159999431,0],[112.61416058500004,-7.1584816999999248,0],[112.61430851600005,-7.1574746949999621,0],[112.6141924100001,-7.1574261929999352,0],[112.61430847100007,-7.156824859999972,0],[112.61510547300009,-7.1570623629999659,0],[112.61540685400007,-7.1563856139999302,0],[112.61565069100004,-7.155840153999975,0],[112.61622949400009,-7.156165299999941,0],[112.61684473900004,-7.1564935719999312,0],[112.6169003230001,-7.1564421169999264,0],[112.6170536620001,-7.1562947609999696,0],[112.61731380800006,-7.1560779579999689,0],[112.61737159100005,-7.1560153749999813,0],[112.6173937960001,-7.1559819369999786,0],[112.61756005500001,-7.1555394509999815,0],[112.61767072800001,-7.1552964139999631,0],[112.61777023000002,-7.1550601959999653,0],[112.61777904700011,-7.155020115999946,0],[112.61778894300005,-7.1549469429999704,0],[112.61777301000006,-7.1549382299999706,0],[112.61772376500005,-7.154945363999957,0],[112.61713301200007,-7.1547031629999651,0],[112.61678298200002,-7.1545158069999388,0],[112.61692605200005,-7.1541445509999448,0],[112.61696064500006,-7.1540451239999356,0],[112.61713501700001,-7.1538399799999297,0],[112.61722000000009,-7.1537400009999601,0],[112.61739000000011,-7.153479999999945,0],[112.61758000000009,-7.1531099999999697,0],[112.61761999900011,-7.1530499999999506,0],[112.61774000100002,-7.152849999999944,0],[112.61783241700005,-7.152761600999952,0],[112.61797000000001,-7.152629999999931,0],[112.6180700000001,-7.1525700009999582,0],[112.61814000000004,-7.1524100009999643,0],[112.61847337500001,-7.1517958889999704,0],[112.6185200000001,-7.1517100009999695,0],[112.61873000000003,-7.1517599999999675,0],[112.61889000000008,-7.1517500009999253,0],[112.61925000000008,-7.1516599999999357,0],[112.61940000000004,-7.1515799999999672,0],[112.61972000000003,-7.1509100009999429,0],[112.61976511900002,-7.150873904999969,0],[112.61982000000012,-7.1508300009999743,0],[112.61991,-7.1507399999999279,0],[112.61992000000009,-7.1506499999999278,0],[112.61997000000008,-7.1504699999999275,0],[112.62015000000008,-7.1500999999999522,0],[112.62025413300012,-7.1498301999999399,0],[112.6203699990001,-7.1495299999999702,0],[112.62040000000002,-7.1494100009999784,0],[112.62045781600011,-7.1492943659999355,0],[112.62049000100001,-7.1492299999999318,0],[112.6205133090001,-7.1490979159999597,0],[112.62055469800009,-7.14901331599998,0],[112.62128314200004,-7.1494154979999394,0],[112.62152358700007,-7.1495408579999662,0],[112.62215640600004,-7.1498592079999526,0],[112.62219770600007,-7.1498642149999796,0],[112.62284409100005,-7.1501761879999322,0],[112.62307830200007,-7.1502697459999354,0],[112.62321013000007,-7.1503105059999257,0],[112.62343494200002,-7.150384388999953,0],[112.62371679700004,-7.1505456739999431,0],[112.62402967900005,-7.1506991639999455,0],[112.62462672800007,-7.1509494689999542,0],[112.62466042800008,-7.1509802689999447,0],[112.62520068000003,-7.151212783999938,0],[112.62554152500002,-7.1513571349999552,0],[112.62563402500007,-7.1512537449999627,0],[112.62641999500011,-7.1516245249999315,0],[112.62699863500006,-7.1517563719999657,0],[112.62721058800003,-7.1518458479999367,0],[112.62773781600004,-7.152047396999933,0],[112.62948564100009,-7.1528177819999428,0],[112.62967414800005,-7.1523929479999424,0],[112.62963751900008,-7.1522650229999272,0],[112.62947769600009,-7.1517068359999598,0],[112.62928873700002,-7.1515334749999511,0],[112.62881863100006,-7.1511039959999607,0],[112.62956301000008,-7.1504568179999524,0],[112.62983232600004,-7.1502226689999588,0],[112.62993821400005,-7.1502532129999281,0],[112.62999388000003,-7.1502118749999681,0],[112.63027288800004,-7.1500046809999276,0],[112.6305717680001,-7.1498516529999279,0],[112.63061048400004,-7.1498644439999453,0],[112.63108657500004,-7.1501924659999645,0],[112.63143260200002,-7.1504086649999294,0],[112.63155124100001,-7.1503927839999619,0],[112.63166101400009,-7.150449392999974,0],[112.63180561500008,-7.1505239619999656,0],[112.63191844700009,-7.1505821479999554,0],[112.63212767200002,-7.1504477399999473,0],[112.63244695600008,-7.150242627999944,0],[112.63248774300007,-7.150216425999929,0],[112.63263325000003,-7.150122951999947,0],[112.63265230700006,-7.1501107079999429,0],[112.63266031900002,-7.1500918179999644,0],[112.63267903200006,-7.1500476919999301,0],[112.63269958100011,-7.150032160999956,0],[112.63275888300006,-7.1499984089999771,0],[112.63284387500005,-7.1499465779999696,0],[112.63287902700006,-7.149927416999958,0],[112.6329056400001,-7.149912909999955,0],[112.63292882200005,-7.1498819079999407,0],[112.63294670400001,-7.149830313999928,0],[112.63294665700005,-7.1498170899999423,0],[112.63294649300008,-7.1497710999999526,0],[112.63292823600011,-7.1497171019999541,0],[112.63292553200006,-7.1496913459999405,0],[112.63293830900011,-7.1496526079999398,0],[112.63296130500009,-7.1495906909999576,0],[112.6330048420001,-7.149490094999976,0],[112.63306906500009,-7.1494125719999602,0],[112.63310509500002,-7.1493841469999779,0],[112.63315666100004,-7.1493581989999484,0],[112.63315988200009,-7.149355499999956,0],[112.63316049600007,-7.1493491409999592,0],[112.63316218000011,-7.1493429789999254,0],[112.63316488400005,-7.1493371889999366,0],[112.63316853200001,-7.1493319419999466,0],[112.63317301800009,-7.1493273879999606,0],[112.63317821200008,-7.1493236599999364,0],[112.63318396300008,-7.149320864999936,0],[112.63319010500004,-7.1493190849999451,0],[112.63319646100001,-7.1493183699999463,0],[112.63321063700005,-7.1492961719999357,0],[112.63323362400001,-7.1492317209999783,0],[112.63324673400007,-7.149168053999972,0],[112.63325644700001,-7.1491208959999426,0],[112.63325626400001,-7.1490693639999563,0],[112.63326112400011,-7.1490344379999442,0],[112.63326228500011,-7.1490333929999679,0],[112.63341323000009,-7.1490512269999726,0],[112.63347300900011,-7.1490582899999708,0],[112.63350827600004,-7.14906218699997,0],[112.63356337200003,-7.14906827599998,0],[112.63356986400004,-7.1490712629999393,0],[112.63360217900004,-7.1490861299999438,0],[112.63361115800001,-7.1490936219999526,0],[112.63372479700001,-7.1492141529999458,0],[112.63375240900007,-7.1492427199999611,0],[112.63379129000009,-7.1492812749999644,0],[112.63380937300008,-7.1492863649999663,0],[112.63387131400009,-7.1492809909999551,0],[112.63396926600001,-7.1492419519999544,0],[112.63399760600009,-7.1492341659999283,0],[112.6340879490001,-7.1492389989999765,0],[112.63420925500009,-7.1492385679999302,0],[112.63426084000002,-7.1492177729999753,0],[112.6343019740001,-7.1491764039999453,0],[112.63434313700009,-7.149142807999965,0],[112.63461127400001,-7.1490567859999601,0],[112.63467931000002,-7.1490351339999734,0],[112.63538270900006,-7.1488112999999771,0],[112.63542082200001,-7.1488250829999629,0],[112.63547638200009,-7.1488451759999521,0],[112.63552417200003,-7.148951479999937,0],[112.6355809690001,-7.1489692679999735,0],[112.63559135500009,-7.1489718539999672,0],[112.63574998000001,-7.1489441249999572,0],[112.63577189700004,-7.1489402929999528,0],[112.63595009200003,-7.1489628059999291,0],[112.63605868500008,-7.1490191029999437,0],[112.63629606300003,-7.1489951159999805,0],[112.63649216600004,-7.1489944199999513,0],[112.63670896700012,-7.148998803999973,0],[112.6367030780001,-7.1487914359999536,0],[112.63669829600008,-7.1486230649999811,0],[112.63669718800008,-7.1485840689999804,0],[112.6367069580001,-7.148434684999927,0],[112.63671178000004,-7.1483212999999637,0],[112.63733459400009,-7.1484572269999376,0],[112.63789522800005,-7.1485795809999786,0],[112.63824799700001,-7.1486591419999286,0],[112.63847444300006,-7.148713933999943,0],[112.63873957200008,-7.1487876419999452,0],[112.63918864200002,-7.1489408989999674,0],[112.63994867600002,-7.1491937439999447,0],[112.64014126500001,-7.1492578129999629,0],[112.64014493100001,-7.149249101999942,0],[112.64016951000008,-7.1491907049999668,0],[112.6403562270001,-7.1487470759999496,0],[112.64043932300001,-7.1486097629999676,0],[112.64053589500008,-7.1484501809999301,0],[112.64073462900001,-7.1481615349999288,0],[112.64097884000012,-7.1478772479999293,0],[112.64102003800008,-7.1478539579999278,0],[112.64150821300007,-7.1481532749999701,0],[112.6419122850001,-7.1483999109999559,0],[112.64196296200009,-7.1484293769999567,0],[112.64197410300005,-7.1484358549999456,0],[112.64226203800001,-7.1486032709999563,0],[112.64234650900005,-7.1486523859999807,0],[112.64251213900002,-7.1487518729999806,0],[112.64258463400006,-7.1488384019999671,0],[112.64279976800003,-7.1489613989999725,0],[112.6428337750001,-7.1489386739999645,0],[112.6429121000001,-7.1488863339999398,0],[112.64305818700007,-7.1487887089999731,0],[112.643084509,-7.1487987099999373,0],[112.64318408000008,-7.1488365419999695,0],[112.64356914900009,-7.1489828419999526,0],[112.64369372500005,-7.1490301729999715,0],[112.64379021500008,-7.1490721839999765,0],[112.6440494740001,-7.1491850619999582,0],[112.64425103400004,-7.1492728189999752,0],[112.64437497200004,-7.1493739579999556,0],[112.64439151200008,-7.1493874549999532,0],[112.6444206000001,-7.149411190999956,0],[112.64443248200007,-7.1494208869999625,0],[112.64473791400007,-7.1496701299999472,0],[112.64480199900004,-7.1497224249999363,0],[112.6448525720001,-7.1497636949999333,0],[112.64494602600007,-7.1498399569999265,0],[112.64501547300006,-7.1498966269999755,0],[112.64505078100001,-7.1499254399999472,0],[112.64538410600005,-7.1501974429999677,0],[112.64545560300007,-7.150255786999935,0],[112.64552856600005,-7.1503153269999302,0],[112.64555337700006,-7.1503355729999498,0],[112.64552895100007,-7.1504000719999681,0],[112.64551763800011,-7.1504299419999597,0],[112.64554158200008,-7.1504393229999437,0],[112.64552932600009,-7.1504753579999374,0],[112.64550417200007,-7.1504655019999745,0],[112.64538618100005,-7.1507770569999707,0],[112.64538639900002,-7.1508380599999555,0],[112.64536516600003,-7.1508325459999469,0],[112.64534616600008,-7.1508827169999449,0],[112.64538660000005,-7.1508941639999648,0],[112.64541275600004,-7.1509015689999273,0],[112.64580061200002,-7.1510113659999774,0],[112.6461871350001,-7.1511207859999786,0],[112.64644640600011,-7.1511881289999337,0],[112.64644784900008,-7.1511886369999615,0],[112.64644918700003,-7.1511893799999484,0],[112.64645038000003,-7.1511903389999816,0],[112.64645139300001,-7.1511914839999804,0],[112.64645220000011,-7.1511927839999316,0],[112.64645277500006,-7.1511942019999424,0],[112.64645310200001,-7.1511956949999558,0],[112.64647170800004,-7.1512009249999551,0],[112.64647257400009,-7.1511998379999682,0],[112.64647359600008,-7.1511988939999469,0],[112.64647475100003,-7.1511981199999468,0],[112.646476011,-7.1511975309999798,0],[112.64647734700009,-7.1511971419999441,0],[112.64647872600005,-7.1511969619999718,0],[112.64648011700001,-7.1511969939999744,0],[112.64648148600008,-7.1511972399999308,0],[112.64655696600005,-7.1512168439999755,0],[112.6466281910001,-7.1512449189999643,0],[112.64672403700001,-7.151271865999945,0],[112.64672617200006,-7.1512663959999259,0],[112.64674476700009,-7.1512187579999704,0],[112.64674590700008,-7.1512190119999559,0],[112.64676104300008,-7.1511801429999764,0],[112.64678242800005,-7.1511252249999302,0],[112.64681283700008,-7.1510471359999315,0],[112.64681401500002,-7.1510441069999615,0],[112.64683898600003,-7.1509799809999777,0],[112.64684808700008,-7.150956611999959,0],[112.64688458500007,-7.1508628779999412,0],[112.64690437600007,-7.1508120579999286,0],[112.64692003900007,-7.1507718329999648,0],[112.64692332200002,-7.1507634029999281,0],[112.64694071300005,-7.1507187429999703,0],[112.64695231200005,-7.1506889529999285,0],[112.64696737100007,-7.1506502849999265,0],[112.64696827800003,-7.1506479559999434,0],[112.64697342900001,-7.1506347259999643,0],[112.64697886300007,-7.1506207759999256,0],[112.64702424500001,-7.1505042289999778,0],[112.64704168500009,-7.1504594469999461,0],[112.64704425600007,-7.1504528369999321,0],[112.64706134900007,-7.1504089499999282,0],[112.64710648100004,-7.1502930459999448,0],[112.64719425400006,-7.1500676389999285,0],[112.64726196300001,-7.1498937609999302,0],[112.64726698600009,-7.1498808629999644,0],[112.64731548400005,-7.1497608669999408,0],[112.64734963300009,-7.1496763769999347,0],[112.64737738400004,-7.1496077109999305,0],[112.64741711900001,-7.1495093979999638,0],[112.64754649700001,-7.1492527309999332,0],[112.64760273500008,-7.1491672049999693,0],[112.64761776400007,-7.1491443489999256,0],[112.64760112400006,-7.1491443559999652,0],[112.64762391900001,-7.1490991339999255,0],[112.64773992300002,-7.1488689959999761,0],[112.64797303100011,-7.1485828829999605,0],[112.64822547600011,-7.1482730349999315,0],[112.6482964600001,-7.1481863299999304,0],[112.64842674500005,-7.1480271899999366,0],[112.64869446200009,-7.1477001829999267,0],[112.64899506900008,-7.1473360819999812,0],[112.64913276700008,-7.1471692989999269,0],[112.64927780300002,-7.147067854999932,0],[112.6497061770001,-7.146768232999932,0],[112.64980963200003,-7.1466958699999736,0],[112.65000157000009,-7.1465329079999265,0],[112.65041044100008,-7.1463600339999402,0],[112.6506440930001,-7.1462612429999695,0],[112.65066143900003,-7.1462539099999276,0],[112.65074237300007,-7.146243032999962,0],[112.65078404600001,-7.146237431999964,0],[112.65080169500004,-7.1462298869999472,0],[112.65087558700009,-7.1461982999999805,0],[112.65091161400005,-7.1461893329999384,0],[112.6509283260001,-7.146185174999971,0],[112.65094718900002,-7.1461836169999629,0],[112.65101084000003,-7.1461783649999688,0],[112.65106627600005,-7.1461970669999459,0],[112.65112102500007,-7.1462273969999615,0],[112.65116408400002,-7.1462483219999626,0],[112.65126782100003,-7.1462953179999431,0],[112.6513532570001,-7.1463247579999347,0],[112.6514129200001,-7.1463347989999306,0],[112.65146332000006,-7.1463417989999698,0],[112.6515116060001,-7.1463323959999343,0],[112.65155773100003,-7.1462942789999602,0],[112.65157713500003,-7.14625831099994,0],[112.65163053700007,-7.1461667219999754,0],[112.65164909700002,-7.146141727999975,0],[112.65166409800008,-7.1461215319999383,0],[112.65169896300006,-7.1460858579999353,0],[112.65182913900003,-7.145983107999939,0],[112.65182983800003,-7.1459826689999772,0],[112.65205769300007,-7.1457755149999684,0],[112.65224855500003,-7.1455642969999644,0],[112.65233408000006,-7.1454593579999255,0],[112.65237329800004,-7.145403607999981,0],[112.65238129800002,-7.1453922359999638,0],[112.65238087900002,-7.1453910259999702,0],[112.652380859,-7.1453910059999544,0],[112.65236945800007,-7.1453796049999596,0],[112.65234566300001,-7.1453729429999271,0],[112.65232592000007,-7.145374009999955,0],[112.6523104470001,-7.1453748459999815,0],[112.65228950800008,-7.1453767499999685,0],[112.65227047200005,-7.1453719909999336,0],[112.65226571300002,-7.1453624729999774,0],[112.65226952,-7.1453491479999798,0],[112.65229362400009,-7.145331520999946,0],[112.6523351940001,-7.1453205939999407,0],[112.65236279500004,-7.1453091729999301,0],[112.65237897600002,-7.145296799999926,0],[112.65240372200003,-7.1452863299999763,0],[112.65243417900001,-7.1452749089999656,0],[112.65244845600012,-7.1452653909999526,0],[112.65245892600001,-7.145253969999942,0],[112.6524646360001,-7.1452415959999485,0],[112.65246368400005,-7.1452349339999728,0],[112.65245987700007,-7.1452282709999508,0],[112.65244940800005,-7.1452216089999752,0],[112.65244274500003,-7.1452178019999337,0],[112.65243227600001,-7.1452082839999775,0],[112.65242371000011,-7.1451930549999361,0],[112.65241990200002,-7.1451806819999319,0],[112.65241990200002,-7.1451683089999278,0],[112.6524192710001,-7.1451316499999393,0],[112.65242180600001,-7.1451083469999617,0],[112.65242656500004,-7.1450702749999664,0],[112.65243417900001,-7.1450341069999581,0],[112.65244369700008,-7.1450026979999279,0],[112.65245511800003,-7.1449893729999303,0],[112.65247796100005,-7.14497890399997,0],[112.65250556300009,-7.144969385999957,0],[112.6525262780001,-7.1449613669999508,0],[112.65253506800002,-7.1449579649999464,0],[112.65256552500011,-7.1449370249999333,0],[112.65258265800003,-7.14491703799996,0],[112.65259883800002,-7.1448951469999429,0],[112.65262548800001,-7.1448447019999435,0],[112.65263215000004,-7.1448170999999547,0],[112.65263281800003,-7.1447950639999362,0],[112.6526331020001,-7.1447856919999708,0],[112.65262548800001,-7.1447514269999601,0],[112.65262168100003,-7.1447323919999803,0],[112.65261977700004,-7.1447095489999697,0],[112.65262739100001,-7.144688609999946,0],[112.65265118600007,-7.1446686219999265,0],[112.65266070400003,-7.1446572009999727,0],[112.65266736600006,-7.1446400689999336,0],[112.65267783600007,-7.1446238879999555,0],[112.65268830600007,-7.1446172259999798,0],[112.65269687200009,-7.1446143699999425,0],[112.65271606600004,-7.1446156979999387,0],[112.65274922000003,-7.1446086599999603,0],[112.65276444800008,-7.1446010449999449,0],[112.65279585700011,-7.1445905759999278,0],[112.65284535000001,-7.1445772509999301,0],[112.65287771100009,-7.1445743949999496,0],[112.65289960200005,-7.144572491999952,0],[112.65293196200003,-7.144572491999952,0],[112.65296813000009,-7.1445715399999585,0],[112.65300810500003,-7.1445762989999366,0],[112.65304522500003,-7.1445839129999626,0],[112.65307092300009,-7.1445962859999668,0],[112.65310138000007,-7.1446115149999514,0],[112.65313659600008,-7.1446181779999733,0],[112.6532108350001,-7.1446134189999384,0],[112.65325652100012,-7.1446039009999254,0],[112.65328031600006,-7.1445905759999278,0],[112.65330411000002,-7.1445782029999805,0],[112.65332790500008,-7.1445667809999804,0],[112.65336026500006,-7.1445658289999301,0],[112.65340785500007,-7.1445601189999479,0],[112.65347352800006,-7.1445553599999698,0],[112.65350493700009,-7.1445572629999674,0],[112.65354967000007,-7.1445601189999479,0],[112.6535953560001,-7.1445639259999325,0],[112.65366388500001,-7.1445667809999804,0],[112.65370576300006,-7.1445677329999739,0],[112.65377334000004,-7.144564877999926,0],[112.65382473600005,-7.144564877999926,0],[112.65386375900005,-7.1445601189999479,0],[112.65389802400011,-7.1445525039999325,0],[112.65394537500003,-7.1445553599999698,0],[112.65399177400002,-7.1445639259999325,0],[112.65403460500011,-7.1445646399999418,0],[112.65407672100002,-7.1445603569999321,0],[112.65409885000008,-7.1445546459999605,0],[112.65412883100009,-7.1445482209999795,0],[112.6541695200001,-7.1445503629999507,0],[112.65420307000011,-7.1445510769999601,0],[112.65423804900001,-7.1445560739999792,0],[112.65427588200009,-7.1445596429999796,0],[112.65431014600006,-7.144561069999952,0],[112.65434798000001,-7.1445674949999329,0],[112.65436653900008,-7.1445746329999338,0],[112.65439866200006,-7.1445796299999529,0],[112.65444220600011,-7.1445739199999707,0],[112.65447004600003,-7.1445653539999512,0],[112.65448860600009,-7.1445546459999605,0],[112.65451573200005,-7.1445417969999312,0],[112.65454357100009,-7.1445332309999685,0],[112.65455999000005,-7.1445353719999503,0],[112.65458354600003,-7.1445403689999694,0],[112.65461923800001,-7.1445439379999698,0],[112.65464279500009,-7.1445417969999312,0],[112.65466064100008,-7.1445332309999685,0],[112.65468348400009,-7.1445268059999307,0],[112.65472345900002,-7.1445210959999486,0],[112.65480697800001,-7.1445168119999494,0],[112.65485908800008,-7.1445175259999587,0],[112.65493118600011,-7.1445118159999765,0],[112.65503606000004,-7.1444994729999394,0],[112.65504292700007,-7.1444992969999248,0],[112.65516463300003,-7.1444934079999598,0],[112.65525084800004,-7.1445133809999675,0],[112.65528059100006,-7.1445282519999296,0],[112.65530438500002,-7.1445401489999654,0],[112.65532520600004,-7.1445520459999443,0],[112.65535197500003,-7.1445817909999505,0],[112.65536684600011,-7.1446204559999273,0],[112.65539659000001,-7.1446561479999673,0],[112.65545607600006,-7.1446739949999483,0],[112.65550366500008,-7.1446918409999398,0],[112.65555422900002,-7.144697788999963,0],[112.65560181800004,-7.1447067119999588,0],[112.65571186800003,-7.1447364559999755,0],[112.65578622600003,-7.1447334799999567,0],[112.6558843790001,-7.1447126599999251,0],[112.65596468600006,-7.1447037369999293,0],[112.65597616500008,-7.1447031629999742,0],[112.65601898600005,-7.1447201079999445,0],[112.65604040100004,-7.1447272459999454,0],[112.6560660990001,-7.1447272459999454,0],[112.65609179700004,-7.1447258179999267,0],[112.65611892300001,-7.1447143969999729,0],[112.65613177200009,-7.1447044029999347,0],[112.65614462100007,-7.1446972649999339,0],[112.65615604300001,-7.1446944099999428,0],[112.65617737600007,-7.1446841199999653,0],[112.65620263200003,-7.144682917999944,0],[112.65627104100008,-7.1447037369999293,0],[112.65633052800001,-7.1447245579999503,0],[112.65639001500006,-7.1447334799999567,0],[112.6564272060001,-7.1447267179999585,0],[112.6564844080001,-7.144717251999964,0],[112.65650296800004,-7.1447058309999534,0],[112.65651724500003,-7.1446886989999712,0],[112.65652438300003,-7.14467442199998,0],[112.65653977500006,-7.1446481049999306,0],[112.65656150300003,-7.1446387299999401,0],[112.65658434600005,-7.1446258809999676,0],[112.65659576700011,-7.1446173149999481,0],[112.65660861600009,-7.1446044659999757,0],[112.65664145300002,-7.1445830509999269,0],[112.6566757170001,-7.1445659189999446,0],[112.65670855400003,-7.1445445029999632,0],[112.65672283000004,-7.1445245159999331,0],[112.65673425200009,-7.1445016729999793,0],[112.65675423900007,-7.1444788299999686,0],[112.65678422100007,-7.1444645539999669,0],[112.65680420800004,-7.1444588429999385,0],[112.6568227680001,-7.1444574149999767,0],[112.65683847200012,-7.1444545599999287,0],[112.65685995700005,-7.1444390229999613,0],[112.65687440200008,-7.1444315269999379,0],[112.65688273000001,-7.1441126789999316,0],[112.65687916100001,-7.1441007819999527,0],[112.65686964300005,-7.1440936429999624,0],[112.65685893600005,-7.1440876949999392,0],[112.65685009900005,-7.1440856709999707,0],[112.65682404300003,-7.1440797019999422,0],[112.65678874200012,-7.1440627099999574,0],[112.6567625670001,-7.1440531919999444,0],[112.65672449600004,-7.144047243999978,0],[112.65668999400009,-7.1440496229999439,0],[112.65659838500005,-7.1440555719999566,0],[112.65656388200011,-7.1440615199999797,0],[112.65653770800009,-7.1440650899999696,0],[112.65650677500003,-7.1440722279999704,0],[112.65647108300004,-7.1440746079999258,0],[112.65642587100001,-7.1440840629999798,0],[112.65636376700002,-7.1440866289999576,0],[112.65627358800009,-7.144099591999975,0],[112.6561546150001,-7.1441019709999409,0],[112.65609287300003,-7.1440978209999457,0],[112.65586437100001,-7.1441072619999773,0],[112.65580460800004,-7.1441102989999763,0],[112.65575962500009,-7.1441150579999544,0],[112.65572988100007,-7.1441150579999544,0],[112.65563827200003,-7.144111488999954,0],[112.65563113400003,-7.1439211319999458,0],[112.6557203640001,-7.1439223219999803,0],[112.65578747600011,-7.1439204189999259,0],[112.65580460800004,-7.1439204189999259,0],[112.65582458400002,-7.1439168489999361,0],[112.6558302950001,-7.1439073309999799,0],[112.6558302950001,-7.1438968619999628,0],[112.65582458400002,-7.1438835369999651,0],[112.65581792100011,-7.1438740189999521,0],[112.65580935500009,-7.1438645009999391,0],[112.65579032000005,-7.1438511759999415,0],[112.65571798400003,-7.1438140569999291,0],[112.65554666300011,-7.1437236369999368,0],[112.65537153500009,-7.1436398799999665,0],[112.65524399500009,-7.1435684959999435,0],[112.65516214200011,-7.1435218589999749,0],[112.65500033900003,-7.1434514269999454,0],[112.65482330700002,-7.1433619589999466,0],[112.65470528500009,-7.1432972379999455,0],[112.65454538600011,-7.1432191909999574,0],[112.65437882300012,-7.1431354339999302,0],[112.6542141650001,-7.1430516769999599,0],[112.65403237400005,-7.1429574509999725,0],[112.65380584900004,-7.1428403809999281,0],[112.65368116500008,-7.14277375599994,0],[112.65354315700006,-7.1427023719999738,0],[112.65342608700007,-7.1426405059999638,0],[112.65328236800008,-7.1425719779999781,0],[112.65315007000004,-7.142507256999977,0],[112.65301206100003,-7.1424377759999516,0],[112.65290546100005,-7.1423787659999789,0],[112.65283122200003,-7.1423473569999487,0],[112.65279029500005,-7.1423188029999665,0],[112.65275317600003,-7.1422931049999647,0],[112.65253312300001,-7.1421867589999692,0],[112.65232563400002,-7.1420744479999598,0],[112.65208927600008,-7.1419627599999558,0],[112.6519767100001,-7.1419024129999684,0],[112.6518632100001,-7.1418445929999734,0],[112.65177398000003,-7.1417989069999521,0],[112.65168332200005,-7.1417532209999308,0],[112.65164477500002,-7.1417339479999669,0],[112.6516240740001,-7.141724667999938,0],[112.65160438300006,-7.1417190609999466,0],[112.65158878500006,-7.1417206519999468,0],[112.6515617550001,-7.1417310439999255,0],[112.65155869700004,-7.1417333369999483,0],[112.65155203500001,-7.1417447589999483,0],[112.65150700400011,-7.1417635479999717,0],[112.65142705400001,-7.1416604219999726,0],[112.65145695400008,-7.1416505039999265,0],[112.65148202000012,-7.1416390069999807,0],[112.65148844500004,-7.1416268719999607,0],[112.65148958700001,-7.1415840419999768,0],[112.65148387600004,-7.1415583429999288,0],[112.65146246100005,-7.1415383559999555,0],[112.65142534100005,-7.1415026639999724,0],[112.65129399500006,-7.1413813109999751,0],[112.65116264900007,-7.1412299779999557,0],[112.65112267400002,-7.1411871469999255,0],[112.65108698200004,-7.1411400339999318,0],[112.651004177,-7.1410729329999754,0],[112.65097562300002,-7.1410500899999647,0],[112.65094135900006,-7.1410229649999337,0],[112.65090995000003,-7.1410015489999523,0],[112.65088710700002,-7.1409858449999319,0],[112.65087568600006,-7.1409758509999506,0],[112.65086569200002,-7.1409672849999311,0],[112.65085141500003,-7.1409587189999684,0],[112.65083571100001,-7.1409601469999302,0],[112.65081963700004,-7.1409700529999327,0],[112.6507828870001,-7.1409758509999506,0],[112.6507671820001,-7.1409787069999311,0],[112.6507457670001,-7.1409273099999382,0],[112.65077574800011,-7.1409158889999276,0],[112.65079701900004,-7.1409130609999352,0],[112.65085141500003,-7.1409087509999267,0],[112.65089139000008,-7.1408944739999356,0],[112.65091708800003,-7.1408759139999347,0],[112.65094421400011,-7.1408459329999801,0],[112.65095420800003,-7.1408230899999694,0],[112.65095278000001,-7.1407973919999677,0],[112.65095563600005,-7.1407873979999295,0],[112.65096134600003,-7.1407802599999286,0],[112.65097705100004,-7.1407802599999286,0],[112.65099418300008,-7.1407859699999676,0],[112.65102416400009,-7.1407916809999392,0],[112.65106128400009,-7.1407945359999303,0],[112.65109554800006,-7.1407859699999676,0],[112.65112124600012,-7.1407702659999472,0],[112.65116511600002,-7.140744973999972,0],[112.65119730200001,-7.1407327429999441,0],[112.65130969900008,-7.1407131589999722,0],[112.6513553850001,-7.1406974539999624,0],[112.65139393200002,-7.1406803219999802,0],[112.6514139200001,-7.1406646179999598,0],[112.65143961800004,-7.1406589069999313,0],[112.65146103300003,-7.1406574789999695,0],[112.65147673800004,-7.1406531959999597,0],[112.65149958000006,-7.1406417749999491,0],[112.65152813400005,-7.1406232149999482,0],[112.65154812100002,-7.1406103659999758,0],[112.65157953000005,-7.1405960889999278,0],[112.65161379500012,-7.1405803849999643,0],[112.65163235400007,-7.1405632529999252,0],[112.6516637630001,-7.1405603969999447,0],[112.65169374400011,-7.1405575419999536,0],[112.65171230400006,-7.1405475479999723,0],[112.65172800900007,-7.1405304159999332,0],[112.65174942400006,-7.1405147119999697,0],[112.65180510300002,-7.1405018629999404,0],[112.65184222300002,-7.1405018629999404,0],[112.65187220400003,-7.1405004349999786,0],[112.65189076400009,-7.1404904409999403,0],[112.65190504100008,-7.1404733089999581,0],[112.6519207450001,-7.1404504659999475,0],[112.65194073300006,-7.1404347619999271,0],[112.65202924800008,-7.1404119189999733,0],[112.65205494700001,-7.1404004979999627,0],[112.65208635600004,-7.1403847929999529,0],[112.65210491500011,-7.1403762269999334,0],[112.65212490300007,-7.1403676609999707,0],[112.65214489000005,-7.1403590949999511,0],[112.6521705880001,-7.1403519569999503,0],[112.65219057600007,-7.1403491009999698,0],[112.65221484600011,-7.1403481489999763,0],[112.65224340000009,-7.140354097999932,0],[112.65226719500004,-7.1403612369999792,0],[112.65230050700006,-7.1403659949999678,0],[112.65231478400005,-7.1403636159999451,0],[112.65233500900001,-7.1403564779999442,0],[112.65235285500012,-7.1403493389999539,0],[112.65237427000011,-7.1403445799999758,0],[112.6523849780001,-7.140337441999975,0],[112.65238973700002,-7.1403326829999401,0],[112.65240044400002,-7.140327923999962,0],[112.65240401400001,-7.1403243549999615,0],[112.65240877200006,-7.1403112679999481,0],[112.65240401400001,-7.140285093999978,0],[112.65223983100009,-7.1398556009999652,0],[112.65219343100011,-7.1398413239999741,0],[112.65218153400008,-7.1398448929999745,0],[112.65217201600001,-7.1398544109999307,0],[112.65216593600007,-7.139882163999971,0],[112.65216450800006,-7.1398964409999621,0],[112.65216165300001,-7.1399135739999338,0],[112.6521530870001,-7.1399292779999541,0],[112.65214452100008,-7.1399464099999363,0],[112.65214166500004,-7.1399749639999754,0],[112.65213881000011,-7.1399978059999398,0],[112.65212881600007,-7.1400206479999611,0],[112.65210740100008,-7.1400492019999433,0],[112.65208598600009,-7.1400663339999255,0],[112.65205457700006,-7.1400848939999264,0],[112.65199175900011,-7.1401148749999379,0],[112.65172432100007,-7.1402206489999571,0],[112.65105546100006,-7.1404584659999273,0],[112.65096101600011,-7.14047004899993,0],[112.65094198100007,-7.1404736189999767,0],[112.65092056600008,-7.1404807569999775,0],[112.65087297600007,-7.1404938449999804,0],[112.65084680200005,-7.1405045519999248,0],[112.65082538700005,-7.1405176389999383,0],[112.65080635200002,-7.1405331059999639,0],[112.65079176100005,-7.1405522259999543,0],[112.65077541900007,-7.140572365999958,0],[112.65076471100008,-7.1405818839999711,0],[112.65075162400001,-7.1405854529999715,0],[112.65073377800002,-7.1405818839999711,0],[112.65072450100001,-7.14057614099994,0],[112.65070879400002,-7.1405664179999349,0],[112.65068975800011,-7.1405557099999442,0],[112.65067072200009,-7.1405509519999555,0],[112.65064216900009,-7.1405569009999681,0],[112.65061837400003,-7.1405652279999572,0],[112.65059576900001,-7.1405783159999601,0],[112.65057435400001,-7.1405973509999399,0],[112.6505410420001,-7.1406211449999546,0],[112.65051079000011,-7.1406317649999664,0],[112.65048631400009,-7.1406378009999685,0],[112.65047441700005,-7.1406330429999798,0],[112.65043872500007,-7.1406151969999314,0],[112.65034354600004,-7.1405271559999619,0],[112.65024360900009,-7.1404295989999582,0],[112.65018055300004,-7.1403713019999486,0],[112.65012416400009,-7.1403151159999538,0],[112.65005578300008,-7.1402359699999352,0],[112.64997297800005,-7.1401560199999494,0],[112.64991491900003,-7.1400951059999329,0],[112.6498854140001,-7.1400665519999507,0],[112.64981688500006,-7.1400065899999277,0],[112.64975800100001,-7.1399537659999623,0],[112.64971326700004,-7.1399042729999564,0],[112.64970137000012,-7.1398909479999588,0],[112.64969137600008,-7.1398814299999458,0],[112.64968328600003,-7.1398733399999514,0],[112.64967805100002,-7.1398704849999604,0],[112.64967186500007,-7.1398695329999669,0],[112.6496609190001,-7.1398700089999352,0],[112.64965092600005,-7.1398714359999644,0],[112.64964521500008,-7.1398728639999263,0],[112.64963645500006,-7.1398750639999662,0],[112.64962067700003,-7.1398790279999389,0],[112.64961438900002,-7.1398814519999405,0],[112.64957032100006,-7.1398912449999443,0],[112.64956316500002,-7.1398934319999512,0],[112.64954759800003,-7.1398931009999274,0],[112.64953867500003,-7.1398889369999665,0],[112.64952975200003,-7.1398752549999358,0],[112.64952439800004,-7.139865737999969,0],[112.64951904400004,-7.1398544349999611,0],[112.64946916100007,-7.1397726609999381,0],[112.6494700400001,-7.1397482599999762,0],[112.64954164900007,-7.1397111719999771,0],[112.64950663100001,-7.1396326349999413,0],[112.64952749000008,-7.1396187969999687,0],[112.64954176700007,-7.1396080909999569,0],[112.64954652600011,-7.1395926229999418,0],[112.64954533600007,-7.1395783469999401,0],[112.64954176700007,-7.1395545519999359,0],[112.64953700800004,-7.139521239999965,0],[112.64953492600011,-7.1395116239999652,0],[112.64947502400003,-7.1393792369999574,0],[112.64948335200006,-7.1393625809999435,0],[112.64949856900012,-7.1393536199999517,0],[112.64954869300004,-7.1393210359999557,0],[112.64960102900011,-7.1393015969999283,0],[112.64963990700005,-7.1392866439999807,0],[112.64967728900001,-7.1392686999999455,0],[112.64974906400005,-7.1392358029999627,0],[112.64983878200007,-7.1392044019999616,0],[112.64988663200006,-7.1391849629999342,0],[112.64993448200005,-7.1391595429999484,0],[112.65002868600004,-7.1391281419999473,0],[112.6500777870001,-7.139108705999945,0],[112.65028880000011,-7.1390258869999457,0],[112.65033044000006,-7.1390139899999667,0],[112.65035185500005,-7.1390056619999314,0],[112.65036018300009,-7.1390020919999415,0],[112.65036018300009,-7.1389925749999747,0],[112.65051841800005,-7.1389259499999298,0],[112.65051484800006,-7.138900964999948,0],[112.65039653100007,-7.1386108819999663,0],[112.65037410100001,-7.1385539449999555,0],[112.65032326100004,-7.1384163769999418,0],[112.65026494400001,-7.1382503979999683,0],[112.65024101600011,-7.1381860919999554,0],[112.65000953600008,-7.1375742199999763,0],[112.64998083600005,-7.1374997559999542,0],[112.64992551000012,-7.1373681689999557,0],[112.64989086900005,-7.1372744359999274,0],[112.64967575200001,-7.1367236909999292,0],[112.64966981300006,-7.1367072449999682,0],[112.64961598200011,-7.1365906109999742,0],[112.64957710400006,-7.136481453999977,0],[112.64954869300004,-7.1364111749999779,0],[112.64951579700005,-7.1363438859999633,0],[112.64947093700005,-7.1361958509999681,0],[112.64944817900005,-7.1361339759999396,0],[112.64914656400003,-7.1353347079999594,0],[112.64914547600006,-7.1353317289999723,0],[112.6490304460001,-7.1350168119999466,0],[112.6490103860001,-7.1350237159999779,0],[112.64887678500008,-7.1350696989999278,0],[112.6448827590001,-7.1364828429999534,0],[112.6443926180001,-7.1365482029999612,0],[112.64423329900001,-7.1365646889999539,0],[112.64414181300003,-7.1365988299999685,0],[112.64114289800011,-7.1376684509999677,0],[112.64108357000009,-7.1377088789999448,0],[112.64102304700009,-7.1377111979999768,0],[112.6409607810001,-7.1377334059999384,0],[112.6408609770001,-7.1377690029999599,0],[112.6406829340001,-7.1378325049999489,0],[112.64060212800007,-7.1378613269999391,0],[112.6405392580001,-7.1378837499999577,0],[112.64047684500008,-7.1379060109999273,0],[112.64045272400006,-7.1379146139999534,0],[112.64040780300002,-7.1379306359999646,0],[112.64031418400009,-7.1379640269999527,0],[112.64025551800012,-7.1380063119999591,0],[112.6402079290001,-7.1380253469999388,0],[112.64015796000001,-7.1380467629999771,0],[112.64009609400011,-7.1380562799999439,0],[112.64006040200002,-7.1380539009999779,0],[112.64001519200008,-7.138049141999943,0],[112.63997474100006,-7.138049141999943,0],[112.63994615800004,-7.1380370489999336,0],[112.63991287500005,-7.1380229679999729,0],[112.63988908100009,-7.138018208999938,0],[112.63986052700011,-7.138018208999938,0],[112.63972013900002,-7.1380562799999439,0],[112.63966779100008,-7.138058659999956,0],[112.63962734000006,-7.1380610389999788,0],[112.63959640700011,-7.1380634189999341,0],[112.63956071500002,-7.1380610389999788,0],[112.63951312600011,-7.1380634189999341,0],[112.63945601900002,-7.1380324859999291,0],[112.63940843000012,-7.1379944139999338,0],[112.63938225600009,-7.1379587229999402,0],[112.63937273800002,-7.1379277899999352,0],[112.63936322000006,-7.1378992359999529,0],[112.63936084000011,-7.1378611649999471,0],[112.63936322000006,-7.1378421289999778,0],[112.63938463500006,-7.137830231999942,0],[112.63941556800012,-7.1378183339999737,0],[112.6395925600001,-7.13772900999993,0],[112.64337448700007,-7.1362137489999782,0],[112.64523200800011,-7.1355124889999502,0],[112.64710251100007,-7.1347873879999497,0],[112.64765430000011,-7.1345987759999616,0],[112.64798742400001,-7.1344726639999294,0],[112.64871554000001,-7.1341847499999744,0],[112.64917239600004,-7.1340039109999793,0],[112.64993382300008,-7.1337112369999431,0],[112.64996049700005,-7.1337019459999738,0],[112.65012022300004,-7.1336348439999711,0],[112.65013806900004,-7.1336241379999592,0],[112.6501521130001,-7.1336124889999724,0],[112.6501618640001,-7.1336015319999433,0],[112.6501646800001,-7.1335947739999597,0],[112.65016613200009,-7.1335802549999698,0],[112.65016067400006,-7.1335575119999248,0],[112.65015140500009,-7.1335337609999669,0],[112.65014046800002,-7.1335064529999386,0],[112.65004259800003,-7.133262062999961,0],[112.65004117000001,-7.1332463589999406,0],[112.65004688100009,-7.1332306539999308,0],[112.6499812080001,-7.1330707539999594,0],[112.64995265400012,-7.1330821759999594,0],[112.64994438600002,-7.1330854829999453,0],[112.64993123900001,-7.1330907419999789,0],[112.64991696200002,-7.1330736099999399,0],[112.64991267900007,-7.1330536219999772,0],[112.64991267900007,-7.133033634999947,0],[112.64991551200001,-7.1330211709999389,0],[112.64991981800006,-7.1330022259999737,0],[112.64989126400008,-7.1329336969999417,0],[112.64983272900008,-7.1328023509999525,0],[112.64971423200006,-7.132532519999927,0],[112.64962000600008,-7.1323269349999805,0],[112.64951738200011,-7.1320988839999586,0],[112.64951735600005,-7.1320988229999784,0],[112.64929136900003,-7.131562583999937,0],[112.64907721700001,-7.131036723999955,0],[112.64886782400004,-7.1305655889999571,0],[112.64858704800008,-7.1299231349999559,0],[112.64839193300008,-7.1294853159999434,0],[112.64813257100002,-7.1288809319999586,0],[112.64787295100007,-7.1282788809999715,0],[112.64785421500005,-7.1282249019999426,0],[112.64784279300011,-7.1282120539999596,0],[112.64783137200004,-7.1282006309999701,0],[112.6478199500001,-7.1281906379999782,0],[112.64779996300001,-7.1281834989999311,0],[112.64778283100009,-7.1281834989999311,0],[112.64776998200011,-7.1281877819999409,0],[112.6477471390001,-7.1281963489999498,0],[112.64769951000005,-7.1282170629999655,0],[112.64682236500005,-7.1286281889999259,0],[112.64677530600011,-7.1286474689999295,0],[112.64578166400008,-7.129111739999928,0],[112.64545567800008,-7.1292307119999805,0],[112.64537715500001,-7.1292830609999669,0],[112.64462048700011,-7.1296233229999757,0],[112.64445392500011,-7.1297018449999428,0],[112.6442040820001,-7.1298089209999489,0],[112.64333795700009,-7.130144424999969,0],[112.64273119500001,-7.1303609569999367,0],[112.64161681100006,-7.1307608589999631,0],[112.64152483900011,-7.1307985389999544,0],[112.64138832700007,-7.1308392159999698,0],[112.64134549700009,-7.1308577749999813,0],[112.64131266000004,-7.1308749079999529,0],[112.64127621000011,-7.130900401999952,0],[112.64126408300001,-7.1309095259999253,0],[112.6412551840001,-7.1309242129999575,0],[112.64124437800001,-7.1309449359999348,0],[112.64117965700007,-7.1310572469999443,0],[112.64113206800005,-7.1311457629999495,0],[112.64100833600003,-7.1311114979999388,0],[112.64106639400006,-7.1310277409999685,0],[112.64107781600001,-7.1310077539999384,0],[112.64108352700009,-7.1309953809999342,0],[112.64108352700009,-7.1309906219999561,0],[112.64107977300011,-7.1309808789999352,0],[112.64107436900008,-7.1309721089999698,0],[112.64105914000004,-7.1309663979999414,0],[112.6410458150001,-7.1309683009999389,0],[112.64103058700005,-7.1309740129999568,0],[112.64100013000007,-7.1309835299999804,0],[112.64096586500011,-7.1309987579999756,0],[112.64092589100005,-7.1310158909999473,0],[112.64067604700006,-7.1311091659999306,0],[112.64054517700004,-7.1311543759999267,0],[112.64035244000002,-7.1312305179999385,0],[112.64010021800004,-7.1313161799999421,0],[112.63991462000001,-7.1313899419999416,0],[112.63974805700002,-7.1314494289999288,0],[112.63961718700011,-7.1314970179999477,0],[112.63942921000012,-7.1315588839999577,0],[112.63929120100011,-7.1316040929999645,0],[112.63908567600004,-7.1316965869999649,0],[112.63887726100006,-7.1317662259999679,0],[112.63826417600001,-7.1319920169999591,0],[112.63809433200004,-7.1320347769999444,0],[112.63806101900002,-7.132044293999968,0],[112.6380205690001,-7.1320538109999347,0],[112.63798011800009,-7.132070467999938,0],[112.63792539000008,-7.1320918839999763,0],[112.63785638600007,-7.1321156779999342,0],[112.6377778640001,-7.132144230999927,0],[112.63770648000002,-7.1321680259999312,0],[112.63766364900005,-7.1321846829999345,0],[112.6376184400001,-7.1321918209999353,0],[112.63756133300001,-7.1322251329999631,0],[112.63748043100009,-7.1322655839999811,0],[112.63734004300011,-7.1323012749999748,0],[112.63723534700011,-7.1323393469999701,0],[112.63715682400004,-7.1323750399999426,0],[112.63703785100006,-7.1324178689999371,0],[112.63691411900004,-7.1324583209999446,0],[112.63675231600007,-7.132517805999953,0],[112.63664999900004,-7.1325534979999361,0],[112.6365905130001,-7.1325844309999411,0],[112.63654768200001,-7.1325987079999322,0],[112.63647629800005,-7.1326225029999364,0],[112.63640491500007,-7.1326462979999405,0],[112.63634066900011,-7.1326724719999675,0],[112.63624073200003,-7.1327129219999392,0],[112.63613127700012,-7.13275575199998,0],[112.63600278600006,-7.1327985829999534,0],[112.63588143300001,-7.1328485519999276,0],[112.63576721900006,-7.1328866239999797,0],[112.63565538400007,-7.1329389709999305,0],[112.63551261700002,-7.1329889399999615,0],[112.63537936700004,-7.1330341489999682,0],[112.6352580140001,-7.1330841179999425,0],[112.63519139000005,-7.1331055339999807,0],[112.63513288600006,-7.1331139719999328,0],[112.6350986220001,-7.1331253949999791,0],[112.63506435800002,-7.1331387199999767,0],[112.63503009400006,-7.1331577559999459,0],[112.63499583000009,-7.1331729829999517,0],[112.63495014400007,-7.1331958269999518,0],[112.63488732600001,-7.1332148629999779,0],[112.63477501600005,-7.1332510299999399,0],[112.63468935500009,-7.1332833899999741,0],[112.63454849100003,-7.1333309799999256,0],[112.63441714500004,-7.133370953999929,0],[112.63435623000009,-7.1333995079999681,0],[112.63431815900003,-7.1334166399999503,0],[112.6342762810001,-7.133428060999961,0],[112.63424011300003,-7.1334356759999764,0],[112.63418681300004,-7.133449000999974,0],[112.63415635600006,-7.1334680359999538,0],[112.63412589900008,-7.1334908799999539,0],[112.63410686300006,-7.1335099149999337,0],[112.63408592400003,-7.1335327579999444,0],[112.63405737000005,-7.1335536979999574,0],[112.63402691300007,-7.1335689249999632,0],[112.63392412000007,-7.1336165149999715,0],[112.63388985600011,-7.1336336469999537,0],[112.63386320600011,-7.1336431659999562,0],[112.63383846000011,-7.1336450679999643,0],[112.63382132800007,-7.1336431659999562,0],[112.63380609900003,-7.1336507789999359,0],[112.63379658100007,-7.1336641049999798,0],[112.63376993100007,-7.1336850429999572,0],[112.63373947400009,-7.1336964649999572,0],[112.63372043800007,-7.1337021749999394,0],[112.63370140300003,-7.1337174049999703,0],[112.63364659000001,-7.1337507699999492,0],[112.63347881100003,-7.1338159069999278,0],[112.63343300000008,-7.1338144859999488,0],[112.63339683200002,-7.133820195999931,0],[112.63335114600011,-7.1338354249999725,0],[112.63331878500003,-7.1338544609999417,0],[112.63329495800008,-7.1338872839999681,0],[112.63325406400008,-7.1339153749999582,0],[112.63323122100007,-7.1339248939999607,0],[112.63315355000009,-7.133942182999931,0],[112.63309517100004,-7.1339648489999377,0],[112.63303896100001,-7.1339896139999723,0],[112.6330199250001,-7.1340010359999724,0],[112.6329685290001,-7.1340353009999262,0],[112.63293236100003,-7.134060045999945,0],[112.63289238600009,-7.1340828889999557,0],[112.63284479700008,-7.1340981169999509,0],[112.63280862900001,-7.1341095389999509,0],[112.63276675000009,-7.1341323819999616,0],[112.63272106500006,-7.1341609359999438,0],[112.63267157200005,-7.1341856819999521,0],[112.63262207900004,-7.1342104279999603,0],[112.63256877900005,-7.134233270999971,0],[112.63254022600006,-7.1342427899999734,0],[112.63250215400001,-7.134256114999971,0],[112.63247169700003,-7.1342770539999378,0],[112.63244695100002,-7.1342922829999793,0],[112.63241839700004,-7.1343017989999566,0],[112.63239365100003,-7.1343094149999615,0],[112.63237461500012,-7.1343113169999697,0],[112.63234415800002,-7.1343017989999566,0],[112.632296569,-7.1342865709999614,0],[112.63225659400007,-7.1342827639999769,0],[112.63222994400007,-7.1342846669999744,0],[112.63221090800005,-7.1342903789999355,0],[112.63218616200004,-7.1343056059999412,0],[112.63215570500006,-7.1343227389999697,0],[112.63212905500006,-7.134347484999978,0],[112.63210811600004,-7.1343855569999732,0],[112.63208717600003,-7.1344255319999661,0],[112.63207956200006,-7.1344693129999541,0],[112.6320681410001,-7.1344997709999802,0],[112.63204968400009,-7.1345500419999439,0],[112.63203649400009,-7.1345773009999789,0],[112.63202935600009,-7.1346082339999271,0],[112.63202697600002,-7.134622510999975,0],[112.63201269900003,-7.134634407999954,0],[112.63199366400011,-7.1346201319999523,0],[112.63195663700003,-7.1346015199999329,0],[112.63192228000003,-7.1346058559999506,0],[112.63188896700001,-7.1346058559999506,0],[112.63184613700003,-7.1346058559999506,0],[112.63180806600008,-7.1346010969999725,0],[112.63175571700003,-7.1345796819999805,0],[112.63172954300001,-7.1345535069999642,0],[112.63170336900009,-7.134539229999973,0],[112.63166291900006,-7.1345344709999381,0],[112.63162484700001,-7.1345487489999755,0],[112.6315915350001,-7.1345773009999789,0],[112.63158201700003,-7.134622510999975,0],[112.6316058110001,-7.1346629619999362,0],[112.63160861200004,-7.1347126709999316,0],[112.6315986730001,-7.134748621999961,0],[112.63158201700003,-7.1347652789999643,0],[112.63153918700004,-7.1347628999999415,0],[112.63146800600009,-7.134721992999971,0],[112.63142259300002,-7.1346772389999273,0],[112.63142021300007,-7.1346582039999475,0],[112.63142259300002,-7.1346272699999531,0],[112.63144162900005,-7.1345987159999709,0],[112.63146066400009,-7.1345416099999284,0],[112.63144876700005,-7.1344821229999411,0],[112.63143449000006,-7.134394082999961,0],[112.63143211100009,-7.1343369759999291,0],[112.6314178340001,-7.1342989049999801,0],[112.63140117800003,-7.1342822479999768,0],[112.63137738300009,-7.1342870069999549,0],[112.63135834700006,-7.1343036639999582,0],[112.63134407100006,-7.1343512519999308,0],[112.63133217300003,-7.134394082999961,0],[112.63131789700003,-7.1344416729999693,0],[112.63132027600011,-7.1344845019999639,0],[112.63131789700003,-7.1345439889999511,0],[112.63132027600011,-7.1345891989999473,0],[112.63130362000004,-7.1346415469999442,0],[112.63127506600006,-7.1346938949999412,0],[112.63125365100007,-7.1347438649999617,0],[112.63123699500011,-7.1347914529999343,0],[112.63122271800012,-7.134841420999976,0],[112.63119892400005,-7.1348866309999721,0],[112.63117275000002,-7.1349128049999422,0],[112.63116085200011,-7.1349461189999488,0],[112.6311679910001,-7.1349746709999522,0],[112.63110850400005,-7.1349746709999522,0],[112.63110374500002,-7.1349437379999472,0],[112.6310918480001,-7.1349223239999446,0],[112.63107757100011,-7.1349056669999413,0],[112.63105139700008,-7.1348866309999721,0],[112.63103712000009,-7.1348604569999452,0],[112.63099904900002,-7.1348176269999612,0],[112.63096335700004,-7.1347938329999465,0],[112.6309181470001,-7.1347747979999667,0],[112.63088007600004,-7.1347652789999643,0],[112.63084438400006,-7.1347533809999391,0],[112.63079679500004,-7.1347200699999576,0],[112.63074920500003,-7.1347010339999315,0],[112.63071827200008,-7.1346772389999273,0],[112.63058769400004,-7.1346306699999786,0],[112.63049901900001,-7.1345673139999803,0],[112.63039111900002,-7.1345037399999569,0],[112.6303910690001,-7.1345037109999794,0],[112.63035596300006,-7.1344852169999626,0],[112.63034231800009,-7.1344440519999353,0],[112.63031614400006,-7.1344083599999522,0],[112.63029948700012,-7.134384564999948,0],[112.63028521100011,-7.1343726679999691,0],[112.6302233450001,-7.1343369759999291,0],[112.63019479100001,-7.1343179399999599,0],[112.6301757550001,-7.1343179399999599,0],[112.63013025100008,-7.1342951529999254,0],[112.63009961300008,-7.134248935999949,0],[112.63005440300003,-7.1341989669999748,0],[112.63001871100005,-7.134165654999947,0],[112.6299877780001,-7.134139480999977,0],[112.62995208600012,-7.1341061679999598,0],[112.62992829100006,-7.1340918909999687,0],[112.62990687600006,-7.1340942719999703,0],[112.62986981600011,-7.1340937129999702,0],[112.62981947900005,-7.134055875999934,0],[112.62980626300009,-7.1340466279999646,0],[112.62975697000002,-7.1339848149999625,0],[112.62973793500009,-7.1339729179999267,0],[112.62970700200003,-7.1339419849999786,0],[112.62968320700008,-7.1339229499999419,0],[112.62964513600002,-7.1338920179999263,0],[112.62960944400004,-7.1338563259999432,0],[112.62957851100009,-7.1338277709999716,0],[112.62954757800003,-7.1337968379999666,0],[112.62952854200012,-7.1337754229999746,0],[112.62945183400006,-7.1337277609999319,0],[112.62940956900002,-7.1337016599999288,0],[112.62939529200003,-7.133692142999962,0],[112.6293833950001,-7.1336683479999579,0],[112.62937538200003,-7.1336301299999718,0],[112.62937149800007,-7.1335826869999437,0],[112.62936911800011,-7.1335398569999597,0],[112.62936673900003,-7.1334946469999636,0],[112.62934056500001,-7.1334684719999473,0],[112.62931677000006,-7.133463714999948,0],[112.62929059600003,-7.1334660929999814,0],[112.62925717100006,-7.1334791729999552,0],[112.62923586800002,-7.1334875079999733,0],[112.62919065900007,-7.13348512999994,0],[112.62915734600006,-7.1334684719999473,0],[112.62915258700002,-7.1334446779999325,0],[112.62917162300005,-7.1334232629999406,0],[112.62919603700004,-7.1334033089999593,0],[112.62920493500008,-7.1333780529999444,0],[112.629188279,-7.1333637769999427,0],[112.62915321700007,-7.133351758999936,0],[112.62910975700004,-7.1333494989999622,0],[112.62908120300006,-7.1333376019999264,0],[112.62905027000011,-7.1333114279999563,0],[112.62905027000011,-7.1332947729999319,0],[112.62908333700011,-7.1332676319999564,0],[112.62908448700011,-7.1332690169999751,0],[112.62910023900008,-7.1332329069999787,0],[112.62908596200009,-7.1332114909999405,0],[112.62905978800006,-7.1331924549999712,0],[112.62902885500012,-7.1331829379999476,0],[112.62901058900002,-7.1331800529999327,0],[112.62898364500006,-7.1331757999999468,0],[112.6289598510001,-7.1331615229999557,0],[112.62890274400002,-7.1331091739999692,0],[112.62887419000003,-7.1330687229999512,0],[112.62884325700009,-7.1330258929999673,0],[112.62881946300001,-7.1330020979999631,0],[112.62879090900003,-7.1329759239999362,0],[112.62875759700012,-7.132952128999932,0],[112.62872904300002,-7.1329378529999303,0],[112.62870762800003,-7.1329164379999384,0],[112.62869097200007,-7.1328807459999553,0],[112.62867193600005,-7.1328498129999502,0],[112.62865052100005,-7.1328093619999322,0],[112.6286338650001,-7.1327831889999516,0],[112.62860055200008,-7.1327332189999311,0],[112.62858151700004,-7.1327189419999399,0],[112.62855296300006,-7.1326784919999682,0],[112.62853868600007,-7.1326499379999291,0],[112.62851490200001,-7.1325833059999582,0],[112.62849585600009,-7.132519067999965,0],[112.62848395900005,-7.1324690999999802,0],[112.62847206100002,-7.132438165999929,0],[112.62845540500007,-7.132416750999937,0],[112.6284218940001,-7.1323724329999436,0],[112.6284147560001,-7.1323510189999411,0],[112.6284076180001,-7.1323310309999783,0],[112.62839905200008,-7.1323153259999685,0],[112.62838905800004,-7.1323039049999579,0],[112.62836764300005,-7.1322881999999481,0],[112.62834337200002,-7.1322839179999278,0],[112.62831910200009,-7.1322824909999554,0],[112.62829768600011,-7.1322839179999278,0],[112.62827912700004,-7.1322724959999277,0],[112.62826913300012,-7.132252507999965,0],[112.62827198800005,-7.1322410869999544,0],[112.62828483700002,-7.1322239549999722,0],[112.62829625900008,-7.1321996839999429,0],[112.62829340300004,-7.1321754149999492,0],[112.62828341000011,-7.1321497159999581,0],[112.62827912700004,-7.1321254449999287,0],[112.62826627800007,-7.1321068849999278,0],[112.62822487500011,-7.1320983189999652,0],[112.62820346000001,-7.132099746999927,0],[112.62816634000001,-7.132099746999927,0],[112.62814064200006,-7.1320883259999732,0],[112.62810495000008,-7.1320540609999625,0],[112.62807211400002,-7.1320397859999503,0],[112.62806066600001,-7.1320436009999639,0],[112.62803784900007,-7.1320512059999714,0],[112.62801357900003,-7.1320640559999333,0],[112.62798788100008,-7.1320583439999723,0],[112.62797074900004,-7.1320426399999519,0],[112.62796920500011,-7.1320287459999463,0],[112.62797647500008,-7.1320099689999665,0],[112.62799073600002,-7.1319983829999387,0],[112.62800901000003,-7.1319935089999262,0],[112.62801215100001,-7.1319926709999777,0],[112.62801881400003,-7.1319860089999452,0],[112.62802357300006,-7.1319774429999256,0],[112.62802547600006,-7.1319660209999256,0],[112.62802048100002,-7.1319427979999546,0],[112.62801513300008,-7.131932767999956,0],[112.6280035850001,-7.1319070119999424,0],[112.62799406700003,-7.1319003489999773,0],[112.62798550100001,-7.1318965419999358,0],[112.62797598300006,-7.1318955899999423,0],[112.62796218200003,-7.1318955899999423,0],[112.62793648400009,-7.1318984449999334,0],[112.62792187800005,-7.1318969839999795,0],[112.62790574200005,-7.1318869719999611,0],[112.6279007920001,-7.1318684629999325,0],[112.62790364800003,-7.1318356269999299,0],[112.62792220800009,-7.1318056459999752,0],[112.62794505000011,-7.1317885129999468,0],[112.62797074900004,-7.1317756649999637,0],[112.6279964470001,-7.1317585329999815,0],[112.62800644000004,-7.1317428289999611,0],[112.62801357900003,-7.1317128469999602,0],[112.6280035850001,-7.1316842939999674,0],[112.62799501900008,-7.1316728719999674,0],[112.6279664650001,-7.1316585949999762,0],[112.62794647800001,-7.1316585949999762,0],[112.62792220800009,-7.1316657339999665,0],[112.62789079900006,-7.1316857219999292,0],[112.62785939000003,-7.131707136999978,0],[112.62783940200006,-7.1317328339999335,0],[112.62782798100011,-7.1317513939999344,0],[112.62781513200002,-7.1317528219999531,0],[112.6277980000001,-7.1317299789999424,0],[112.62779086100011,-7.1317028529999789,0],[112.62780085500003,-7.1316471739999656,0],[112.62780799300003,-7.1316157649999354,0],[112.62780371000008,-7.1315943499999435,0],[112.62779228900001,-7.1315786449999337,0],[112.62777801200002,-7.1315715069999328,0],[112.6277537420001,-7.1315600849999328,0],[112.62772233300007,-7.1315415249999319,0],[112.62771091100001,-7.1315301039999781,0],[112.62769949000005,-7.1315115449999666,0],[112.62768949600002,-7.1314958409999463,0],[112.62767093600007,-7.1314915569999471,0],[112.62765666000007,-7.1314972669999293,0],[112.62763952800003,-7.1315115449999666,0],[112.62761954000007,-7.1315315319999399,0],[112.62758955900006,-7.1315415249999319,0],[112.62754925700006,-7.1315476639999815,0],[112.62751246400001,-7.1315301039999781,0],[112.6274896220001,-7.1315029789999471,0],[112.62747815400007,-7.1314787119999323,0],[112.62747391700009,-7.131455864999964,0],[112.62746820600012,-7.1314330219999533,0],[112.62746106800012,-7.1314158899999711,0],[112.6274525020001,-7.1314058959999329,0],[112.62743251400002,-7.1313830529999791,0],[112.62741823800002,-7.1313545009999757,0],[112.62737398000002,-7.1312945379999633,0],[112.62734685400005,-7.1312574189999509,0],[112.62733400500008,-7.1312331469999322,0],[112.62732972200001,-7.131206021999958,0],[112.62733400500008,-7.1311831799999368,0],[112.62733828800003,-7.1311603359999367,0],[112.62733257700006,-7.1311389209999447,0],[112.62731972800009,-7.1311217889999625,0],[112.62729974100012,-7.1310860969999794,0],[112.62727547000009,-7.1310361279999483,0],[112.62726404900002,-7.1310118569999759,0],[112.62724834400001,-7.1309975809999742,0],[112.62723406700002,-7.1309890149999546,0],[112.62721122500011,-7.1309861589999741,0],[112.62720123100007,-7.130987586999936,0],[112.62719123700003,-7.1309947249999368,0],[112.62717279900005,-7.1310108549999427,0],[112.62715970900001,-7.1310145949999537,0],[112.62713591500005,-7.1310169739999765,0],[112.62710736100007,-7.1310193529999424,0],[112.62708356600001,-7.1310169739999765,0],[112.62706215100002,-7.1309979379999504,0],[112.6270573920001,-7.1309598659999551,0],[112.62706215100002,-7.1309313129999623,0],[112.62706453100009,-7.1309051389999354,0],[112.62705263300006,-7.1308789649999653,0],[112.62702170000011,-7.1308646889999636,0],[112.62699314700001,-7.1308742059999304,0],[112.62695745500002,-7.1308979999999451,0],[112.62692176300004,-7.1309194159999265,0],[112.62691081700007,-7.1309285369999316,0],[112.62689321000005,-7.1309432099999412,0],[112.62686703600002,-7.1309527279999543,0],[112.62684562000004,-7.1309479689999762,0],[112.62683134400004,-7.1309051389999354,0],[112.62684776100002,-7.130867387999956,0],[112.62687417400002,-7.13084089299997,0],[112.62690034800005,-7.1308194779999781,0],[112.62690510700008,-7.1307933049999406,0],[112.62688845100001,-7.1307837859999381,0],[112.62686465600007,-7.1307695099999364,0],[112.62684086100001,-7.1307552339999347,0],[112.62680754900009,-7.1307242999999403,0],[112.6267861340001,-7.1307124019999719,0],[112.62674568300008,-7.1306933679999815,0],[112.62669333500003,-7.1306695729999774,0],[112.62664812500009,-7.1306386399999724,0],[112.62660449500004,-7.1306147839999312,0],[112.62655532600002,-7.1305886709999413,0],[112.62651249600003,-7.1305648759999372,0],[112.62645776800002,-7.1305387019999671,0],[112.626417317,-7.1305172869999751,0],[112.62638162500002,-7.1305053899999393,0],[112.62635069200007,-7.1304863529999807,0],[112.62631976000011,-7.130441143999974,0],[112.62631500100008,-7.130405451999934,0],[112.62633165700004,-7.1303245499999548,0],[112.62635407000005,-7.130271473999926,0],[112.62635545100011,-7.1302317509999398,0],[112.62634831300011,-7.1301960599999461,0],[112.62634593400003,-7.1301675059999639,0],[112.62635307200003,-7.1301389519999248,0],[112.62635307200003,-7.1301222969999571,0],[112.62634117500011,-7.1300961229999302,0],[112.62632213900008,-7.1300747079999383,0],[112.62629834400002,-7.1300580509999349,0],[112.6262793090001,-7.1300437739999438,0],[112.6262578940001,-7.1300057019999485,0],[112.62624123700004,-7.129974769999933,0],[112.62621744300009,-7.1299509759999751,0],[112.62618651000003,-7.1299295609999263,0],[112.62615557700008,-7.1299081439999554,0],[112.62611988500009,-7.1298891089999756,0],[112.62607199000001,-7.1298847689999434,0],[112.6260294650001,-7.1298843499999407,0],[112.62601043000006,-7.129870073999939,0],[112.62600329100007,-7.1298605549999365,0],[112.62600567100003,-7.1298367609999787,0],[112.62601611800005,-7.1298081729999581,0],[112.62601518800011,-7.1297629969999434,0],[112.62601518800011,-7.1297177889999261,0],[112.62600091200011,-7.1296939929999326,0],[112.62598187600008,-7.1296773369999755,0],[112.62596522000001,-7.1296701979999284,0],[112.62594856400005,-7.1296630599999276,0],[112.62592714800007,-7.1296535419999714,0],[112.625901795,-7.1296475019999548,0],[112.62588658800007,-7.1296259159999522,0],[112.62587314500001,-7.129574985999966,0],[112.62587732800012,-7.1295470609999256,0],[112.62587732800012,-7.1295054209999762,0],[112.62585948300011,-7.1294756779999489,0],[112.6258297390001,-7.1294489079999721,0],[112.62580891900006,-7.129416191999951,0],[112.62579107300007,-7.1293507559999512,0],[112.62576727800001,-7.1293150639999681,0],[112.62573456100006,-7.1292912699999533,0],[112.62566317700009,-7.1292823459999681,0],[112.62564529500003,-7.1292833979999273,0],[112.62561261300004,-7.1292853209999407,0],[112.62557394700002,-7.1293001929999491,0],[112.62551743500001,-7.1293001929999491,0],[112.62549661500009,-7.1292615259999366,0],[112.62549958900001,-7.1292258339999535,0],[112.62552933200004,-7.1292109619999451,0],[112.62555907600006,-7.1292198849999409,0],[112.62562307600001,-7.1292518559999394,0],[112.62566615100002,-7.1292407059999618,0],[112.62570184300012,-7.1292020389999493,0],[112.62570481800003,-7.129175269999962,0],[112.62569589500004,-7.1291395789999683,0],[112.62566020300005,-7.1291009119999558,0],[112.62562451100007,-7.1290711699999747,0],[112.62558584400006,-7.1290503489999537,0],[112.62555015300006,-7.1290295279999327,0],[112.62547579400007,-7.1289819399999601,0],[112.6254452610001,-7.1289619509999511,0],[112.62540441100009,-7.1289730159999749,0],[112.6253776420001,-7.1290057339999748,0],[112.62535979600011,-7.1290265539999496,0],[112.62531815500006,-7.1290473739999811,0],[112.62528246300008,-7.1290444009999305,0],[112.62527056600004,-7.1290116829999306,0],[112.62528543800011,-7.1289670689999411,0],[112.62530625800002,-7.1289194779999434,0],[112.62533600100005,-7.1288718899999708,0],[112.62539961400012,-7.1288312039999369,0],[112.62542820500005,-7.1287975309999752,0],[112.62544010300007,-7.1287677889999372,0],[112.62543118000008,-7.1287172249999458,0],[112.62540930700004,-7.1286987169999634,0],[112.62539251300007,-7.1286845069999458,0],[112.62535682100008,-7.1286607119999417,0],[112.62533302700001,-7.1286279949999312,0],[112.62532410400001,-7.1285833799999523,0],[112.62534492400005,-7.1285506629999418,0],[112.62537169300003,-7.1285119959999292,0],[112.62542661500004,-7.1284621869999683,0],[112.62546092300011,-7.1284227659999715,0],[112.6254787690001,-7.1283959969999273,0],[112.62547282000003,-7.1283632789999274,0],[112.62545200000011,-7.1283513829999379,0],[112.62543456200001,-7.1283535629999619,0],[112.62540441100009,-7.1283573309999611,0],[112.62537466700007,-7.1283751769999526,0],[112.62532410400001,-7.1283989719999568,0],[112.62529138600007,-7.1284049209999694,0],[112.62526759200011,-7.1283840999999484,0],[112.62526164300004,-7.1283573309999611,0],[112.62527948900004,-7.1283216389999779,0],[112.62528932400005,-7.1282808909999744,0],[112.6252921790001,-7.1282494819999442,0],[112.62530645600009,-7.1282223559999807,0],[112.62533501000007,-7.12819951299997,0],[112.62535071400009,-7.1281752429999301,0],[112.62536784600002,-7.1281495439999389,0],[112.62538355100003,-7.1281181349999656,0],[112.62540639300005,-7.1280924379999533,0],[112.62542780900003,-7.1280724499999337,0],[112.62545882100005,-7.1280220339999687,0],[112.62547920500003,-7.1279967839999472,0],[112.62550490300009,-7.1279639469999552,0],[112.62550633100011,-7.1279425309999738,0],[112.62550062000003,-7.1279239709999729,0],[112.62547777700001,-7.1279011289999517,0],[112.62545921800006,-7.1278640099999393,0],[112.62544922400002,-7.1278440209999303,0],[112.62543494700003,-7.1277897709999252,0],[112.62542495300011,-7.127752649999934,0],[112.62542638100001,-7.1277355179999518,0],[112.62541353200004,-7.1277169579999509,0],[112.62540472500007,-7.1277169579999509,0],[112.62538783400009,-7.1277169579999509,0],[112.62536784600002,-7.1277055379999297,0],[112.62536356300006,-7.1276784109999767,0],[112.62537070200005,-7.1276612789999376,0],[112.62538957800007,-7.1276491989999613,0],[112.62540639300005,-7.127638435999927,0],[112.62542067000004,-7.1276241589999358,0],[112.62542067000004,-7.1276070269999536,0],[112.62540639300005,-7.1275884669999527,0],[112.62539354400008,-7.12758275799996,0],[112.62537533600005,-7.127585488999955,0],[112.62536499100008,-7.1275870399999803,0],[112.62535356900003,-7.1275770459999421,0],[112.62535642500006,-7.1275570589999688,0],[112.62536041300007,-7.1275187289999735,0],[112.62535270100011,-7.1274842339999509,0],[112.62536451500011,-7.1274547429999302,0],[112.6253683220001,-7.1274395129999562,0],[112.62536451500011,-7.1274299949999431,0],[112.62535119000006,-7.1274109599999633,0],[112.62533116900011,-7.1273879109999712,0],[112.62532794800006,-7.1273735019999549,0],[112.62533652700006,-7.1273348569999371,0],[112.62534842400009,-7.1273110619999329,0],[112.62535080300006,-7.1272920269999531,0],[112.62533652700006,-7.1272801289999279,0],[112.62530610500005,-7.1272757879999631,0],[112.62528417800002,-7.1272610939999481,0],[112.62527704000001,-7.127234919999978,0],[112.6252862880001,-7.1271871389999433,0],[112.62530797300008,-7.1271516379999298,0],[112.62531987000011,-7.1271254639999597,0],[112.62532938800007,-7.1271040489999677,0],[112.62533652700006,-7.1270659779999619,0],[112.62533652700006,-7.1270374249999691,0],[112.62532938800007,-7.1270017329999291,0],[112.62532225000007,-7.1269826969999599,0],[112.62530281000011,-7.1269716799999401,0],[112.62528831800012,-7.1269634679999285,0],[112.62527228100009,-7.1269470039999305,0],[112.62524610700007,-7.1268904929999621,0],[112.62523421000003,-7.1268666989999474,0],[112.62522945100011,-7.126854800999979,0],[112.62522826100007,-7.1268417139999656,0],[112.62523539900008,-7.1268262479999294,0],[112.62524967600007,-7.1268119699999488,0],[112.62526395300006,-7.126804831999948,0],[112.62527585000009,-7.1267965039999694,0],[112.62528562200009,-7.1267747779999695,0],[112.62529361700001,-7.1267501319999269,0],[112.62529391200007,-7.1267382719999546,0],[112.62530036500004,-7.1267220959999804,0],[112.62532633900003,-7.1267011989999673,0],[112.62533918800011,-7.1266897779999567,0],[112.62535632000004,-7.1266769289999274,0],[112.62538487400002,-7.1266583689999266,0],[112.62540343400008,-7.1266469469999265,0],[112.62542056600012,-7.1266369539999346,0],[112.62545054700001,-7.1266212489999248,0],[112.62547910100011,-7.1266169659999719,0],[112.62551050900004,-7.1266226769999435,0],[112.62553620800009,-7.1266340979999541,0],[112.62555905000011,-7.1266483749999452,0],[112.62558189300012,-7.126655512999946,0],[112.62560188100008,-7.1266569409999647,0],[112.62563043400007,-7.1266412369999443,0],[112.62564756600011,-7.1266126829999621,0],[112.62566469900003,-7.1265912679999701,0],[112.62566755400007,-7.1265684249999595,0],[112.6256547050001,-7.126541298999939,0],[112.62563900000009,-7.1265370159999293,0],[112.625619013,-7.126538443999948,0],[112.62560045300006,-7.1265484379999293,0],[112.62557761000005,-7.1265541479999683,0],[112.62555334000001,-7.1265541479999683,0],[112.62552050300008,-7.1265598589999399,0],[112.62544340900001,-7.1265598589999399,0],[112.62540343400008,-7.1265598589999399,0],[112.62538772900007,-7.1265484379999293,0],[112.62535774800006,-7.126541298999939,0],[112.62533205000011,-7.126541298999939,0],[112.62525067200011,-7.1265755629999603,0],[112.62524336500007,-7.1265129319999687,0],[112.62523068500002,-7.1264042419999782,0],[112.62524646300005,-7.1263944529999321,0],[112.62531218100003,-7.1263536789999762,0],[112.62534549400004,-7.126329883999972,0],[112.62538118600003,-7.126298950999967,0],[112.62539546300002,-7.126277535999975,0],[112.62540260100002,-7.1262513619999481,0],[112.62540260100002,-7.1262299469999562,0],[112.6254049800001,-7.1262132909999423,0],[112.6253979170001,-7.1261764079999352,0],[112.62541124200004,-7.1261421439999708,0],[112.62542647000009,-7.1261307219999708,0],[112.62545121700009,-7.126140239999927,0],[112.62546621800004,-7.1261540879999643,0],[112.62547874400002,-7.1261918749999609,0],[112.62550253800009,-7.1262180489999309,0],[112.62553823000007,-7.1262251879999781,0],[112.62558344000001,-7.1262204289999431,0],[112.62563816800002,-7.126196633999939,0],[112.62570003400003,-7.1261704599999689,0],[112.62576190000004,-7.1261490449999769,0],[112.62582614500002,-7.1261395269999639,0],[112.6259046670001,-7.126132388999963,0],[112.62595225600001,-7.1261300089999509,0],[112.62601174300005,-7.1261300089999509,0],[112.6260569530001,-7.1261276299999281,0],[112.62609264500009,-7.1261157329999492,0],[112.62611881900011,-7.1261085939999589,0],[112.62619463700003,-7.1260520119999455,0],[112.62620693300005,-7.1260450629999355,0],[112.62625071500008,-7.1260317369999484,0],[112.62629259400001,-7.126024121999933,0],[112.62634399000001,-7.1260184129999402,0],[112.62646014300003,-7.1260070179999389,0],[112.6267418970001,-7.1260044449999782,0],[112.62695360800001,-7.1260263129999544,0],[112.62703926900008,-7.1260286909999309,0],[112.62710589400001,-7.1260239319999528,0],[112.62715586200011,-7.1260239319999528,0],[112.62721297000007,-7.1260239319999528,0],[112.62729625100008,-7.1260191729999747,0],[112.6274199830001,-7.1260239319999528,0],[112.62770075900005,-7.1260239319999528,0],[112.62781973200003,-7.12602155299993,0],[112.62792918700006,-7.1260239319999528,0],[112.62813620000009,-7.1260334499999658,0],[112.62841368500006,-7.1260182129999521,0],[112.62847364800007,-7.1260125029999699,0],[112.62851505000003,-7.1260067929999309,0],[112.62854931400011,-7.1260053649999691,0],[112.62860499400006,-7.1259953709999309,0],[112.62862562800001,-7.1259913559999291,0],[112.62867835700001,-7.1259918629999675,0],[112.62870064800006,-7.1259953709999309,0],[112.62873062900007,-7.1259982259999788,0],[112.62874918900002,-7.1259982259999788,0],[112.62878771400005,-7.1259857709999324,0],[112.62882342800003,-7.1259739569999283,0],[112.6288576930001,-7.1259711009999478,0],[112.62887482500003,-7.1259711009999478,0],[112.62888339100004,-7.1259639619999575,0],[112.62888767400011,-7.1259511129999282,0],[112.62888481800007,-7.125943973999938,0],[112.62887910800009,-7.125933980999946,0],[112.62887054200007,-7.1259239869999647,0],[112.62885911900003,-7.125912565999954,0],[112.62910339000007,-7.1258263999999372,0],[112.62916464300008,-7.1259043569999676,0],[112.62923891900004,-7.1259816519999504,0],[112.62927766700011,-7.1260144069999569,0],[112.62931930800005,-7.1260203549999801,0],[112.62936689700007,-7.1260263049999253,0],[112.6294620760001,-7.126032251999959,0],[112.62950669100007,-7.1260590219999358,0],[112.6295364340001,-7.1260857899999337,0],[112.62957807400005,-7.1261036359999252,0],[112.62974463700004,-7.1261036359999252,0],[112.62983684100004,-7.1260976869999695,0],[112.62996473700002,-7.1260887639999737,0],[112.6300361210001,-7.1260887639999737,0],[112.63018781100004,-7.1261036359999252,0],[112.6303127330001,-7.1261066099999653,0],[112.63050309000005,-7.1260917389999463,0],[112.63069642100004,-7.1260887639999737,0],[112.63085406000005,-7.1260798429999568,0],[112.63110687800008,-7.1260798429999568,0],[112.63130615800003,-7.1260738929999548,0],[112.63145784900007,-7.1260292789999653,0],[112.6315708730001,-7.1260084579999443,0],[112.63168389700002,-7.1259995349999485,0],[112.63183558800006,-7.1259995349999485,0],[112.63196348400004,-7.1260025089999317,0],[112.63214194400007,-7.1259876369999802,0],[112.63237691500001,-7.1259727659999612,0],[112.63275168100006,-7.1259400479999613,0],[112.63311752300001,-7.1259608689999254,0],[112.63323947000003,-7.1259370739999781,0],[112.63340008400007,-7.1259549199999697,0],[112.63361126100006,-7.1259489719999465,0],[112.63369093300003,-7.1259206599999629,0],[112.63370148200011,-7.1259200219999457,0],[112.63376334800012,-7.1259009849999302,0],[112.63381331700009,-7.1258795699999382,0],[112.63386090600011,-7.1258629139999812,0],[112.63392515100008,-7.1258533959999681,0],[112.63423448100002,-7.1258533959999681,0],[112.63464374900002,-7.1258486369999332,0],[112.63495545800004,-7.1258605349999584,0],[112.63526716700005,-7.1258533959999681,0],[112.63566929600006,-7.1258438789999445,0],[112.63589534500011,-7.1258486369999332,0],[112.63619039800005,-7.1258438789999445,0],[112.63642834400002,-7.1258486369999332,0],[112.63663456400002,-7.1258607339999571,0],[112.63679160900006,-7.1258678709999685,0],[112.6372020660001,-7.1258750109999482,0],[112.63767319900001,-7.1258821479999597,0],[112.63825497700009,-7.1258857169999601,0],[112.63885999500008,-7.1258888909999314,0],[112.63895279400003,-7.1258888909999314,0],[112.63927640100007,-7.1258865099999298,0],[112.63949293200005,-7.1258912699999541,0],[112.63988316300004,-7.1258888909999314,0],[112.64027815400004,-7.125898407999955,0],[112.64071835400011,-7.125898407999955,0],[112.64121566100005,-7.1259031679999794,0],[112.64186525400009,-7.1259007869999778,0],[112.64216982500011,-7.1259103049999339,0],[112.64224834700008,-7.1259103049999339,0],[112.6426076460001,-7.1259126839999567,0],[112.64305022600001,-7.1259150649999583,0],[112.64348566700005,-7.1259222029999592,0],[112.64393776500003,-7.1259245819999251,0],[112.64447790200006,-7.1259174429999348,0],[112.64481816500006,-7.1259245819999251,0],[112.64529167800004,-7.1259436169999617,0],[112.64571284300007,-7.1259483769999292,0],[112.64611259200001,-7.1259459979999633,0],[112.64646951100008,-7.1259483769999292,0],[112.64661550900007,-7.1259546339999815,0],[112.64668638400008,-7.1259724589999678,0],[112.64671910100003,-7.1259754339999404,0],[112.64673694700002,-7.125963535999972,0],[112.64673992200005,-7.1259367669999278,0],[112.64672207600006,-7.1257910249999554,0],[112.64666258900002,-7.1253597479999371,0],[112.64662987200006,-7.125005802999965,0],[112.64660607700011,-7.1246756529999402,0],[112.64657336000005,-7.1242592469999408,0],[112.64656518900006,-7.123967825999955,0],[112.64655755100011,-7.1237545129999376,0],[112.64657896600011,-7.1237235809999788,0],[112.64659086400002,-7.1236997859999747,0],[112.64660276100005,-7.1236664729999575,0],[112.64713576000008,-7.1236712319999356,0],[112.647564063,-7.1236664729999575,0],[112.64757596100003,-7.1236545759999785,0],[112.64758547800011,-7.1236355409999419,0],[112.64758547800011,-7.1236069879999491,0],[112.64758309900003,-7.1234903929999405,0],[112.64757834000011,-7.1234761159999493,0],[112.64756882200004,-7.123457081999959,0],[112.64753551000001,-7.1234475629999565,0],[112.6466622480001,-7.1234428039999784,0],[112.64659135400007,-7.1234443069999429,0],[112.64656042100012,-7.1234240809999392,0],[112.64655804200004,-7.1233895789999337,0],[112.64655685200012,-7.1233503179999502,0],[112.64655209300008,-7.1233158159999448,0],[112.64655328300012,-7.1232230169999298,0],[112.64655209300008,-7.1231730479999555,0],[112.64654257500001,-7.1231290279999371,0],[112.64653543700001,-7.1230980949999321,0],[112.64652472900002,-7.123071920999962,0],[112.64651521100006,-7.1230421779999347,0],[112.64652065500002,-7.1230274019999342,0],[112.64653171200007,-7.1230167439999263,0],[112.64653552100003,-7.1230154259999381,0],[112.64655447300004,-7.1230088649999743,0],[112.64663061500005,-7.1230076759999292,0],[112.64668177400006,-7.1230088649999743,0],[112.64668874100005,-7.1230245399999603,0],[112.64669843000001,-7.1230885769999759,0],[112.64670318900005,-7.1231135619999577,0],[112.64670556800002,-7.1231385459999501,0],[112.64670911100006,-7.1231931609999606,0],[112.64670437900008,-7.1232444319999786,0],[112.6467040980001,-7.1232468209999524,0],[112.64669652600003,-7.1232757219999598,0],[112.64669260000005,-7.1232860729999743,0],[112.64668867400007,-7.1232974939999281,0],[112.64668724600006,-7.1233071309999332,0],[112.64669010200009,-7.1233167679999383,0],[112.64669724000009,-7.1233239059999391,0],[112.64670223700011,-7.1233317579999493,0],[112.64672044000008,-7.1233371119999447,0],[112.64673543100002,-7.123335683999926,0],[112.64674613800003,-7.12333104399994,0],[112.64675684600002,-7.1233224779999773,0],[112.64676219900002,-7.123311770999976,0],[112.64676862400006,-7.1232974939999281,0],[112.6467767470001,-7.1232706879999341,0],[112.64677807600003,-7.1232675869999298,0],[112.64678273700008,-7.1232507419999251,0],[112.64678171100002,-7.1232158789999289,0],[112.64676981400009,-7.1231778069999336,0],[112.64675672700002,-7.1231373559999724,0],[112.64675077800007,-7.1230945259999316,0],[112.6467483990001,-7.1230445569999574,0],[112.6467483990001,-7.1230041069999288,0],[112.6467519680001,-7.1229719839999461,0],[112.64675434700007,-7.1229505689999542,0],[112.64674720900007,-7.122936291999963,0],[112.64672817300004,-7.1229232049999496,0],[112.64670437900008,-7.1229184459999715,0],[112.64668177400006,-7.1229291539999622,0],[112.64665916900003,-7.1229493789999765,0],[112.64663894300008,-7.1229612759999554,0],[112.6465996820001,-7.1229600869999672,0],[112.64654614400001,-7.1229612759999554,0],[112.6465164010001,-7.1229458099999761,0],[112.64649736500007,-7.1229160659999593,0],[112.64648308900007,-7.12286490799994,0],[112.6464521040001,-7.122674639999957,0],[112.64644448900003,-7.1224424049999584,0],[112.64644258600003,-7.1222882159999585,0],[112.64642545400011,-7.1221302199999741,0],[112.64641974300002,-7.121987451999928,0],[112.64642402600009,-7.1219134509999549,0],[112.64642640500006,-7.1218753789999596,0],[112.64642878500001,-7.1218396879999659,0],[112.64642997500005,-7.1218218419999744,0],[112.64643830300008,-7.1217944779999698,0],[112.64643830300008,-7.1217778219999559,0],[112.64643949300012,-7.1217659239999307,0],[112.64644068200005,-7.1217564059999745,0],[112.64643949300012,-7.1217480779999391,0],[112.64643235400001,-7.1217421299999728,0],[112.64642164700001,-7.1217373709999379,0],[112.64641093900002,-7.1217361809999602,0],[112.64634074500009,-7.1217338019999374,0],[112.64613016300007,-7.1217254729999695,0],[112.64598033000004,-7.1217241019999733,0],[112.64596003100007,-7.1217064379999329,0],[112.64594813400004,-7.1216981099999543,0],[112.64592552900001,-7.1216862119999291,0],[112.6459100620001,-7.1216838329999632,0],[112.64588626800003,-7.1216826429999287,0],[112.64585176600008,-7.1216838329999632,0],[112.64560549100008,-7.1216826429999287,0],[112.64537944300002,-7.1216755049999279,0],[112.64508676900005,-7.1216647969999372,0],[112.64482145900001,-7.1216457609999679,0],[112.64462753300006,-7.1216338639999321,0],[112.64439196600006,-7.1216255359999536,0],[112.64419447100011,-7.1216172079999751,0],[112.64410167200003,-7.1216136389999747,0],[112.64399935500001,-7.1216076899999621,0],[112.64396961200009,-7.1216076899999621,0],[112.64394224800003,-7.1216064999999276,0],[112.64392797100004,-7.1216059059999566,0],[112.64391191000004,-7.1216064999999276,0],[112.64389584900005,-7.1216070949999448,0],[112.64388276200009,-7.1216082849999793,0],[112.64387145900002,-7.1216130439999574,0],[112.64385480300007,-7.12161899299997,0],[112.64383338800008,-7.1216225619999705,0],[112.64378579900006,-7.12161899299997,0],[112.64363291800009,-7.1216100699999743,0],[112.64347527900009,-7.1216029309999271,0],[112.64337058300009,-7.1215975769999318,0],[112.64332418300012,-7.1215940079999314,0],[112.64327897300006,-7.1215940079999314,0],[112.64316832700001,-7.1215970289999291,0],[112.64284083300004,-7.1215880139999399,0],[112.64247320600009,-7.1215701679999484,0],[112.64188785900001,-7.1215558909999572,0],[112.64133820400002,-7.1215273379999644,0],[112.64059938100002,-7.1214916459999813,0],[112.64012824800011,-7.1214666619999321,0],[112.63945367000008,-7.1214381079999498,0],[112.63919888500004,-7.1214333309999347,0],[112.63911703800011,-7.1214177499999778,0],[112.63905041300006,-7.1214044249999802,0],[112.63895333100004,-7.1214025209999363,0],[112.63862591800012,-7.1213987139999517,0],[112.63849618900008,-7.1213887199999704,0],[112.63843265800006,-7.1213851509999699,0],[112.63840481800003,-7.1213830089999419,0],[112.63838625800008,-7.1213822959999789,0],[112.63835984600007,-7.1213801539999508,0],[112.63833200700003,-7.1213708739999788,0],[112.63831487400012,-7.1213587389999589,0],[112.6383063080001,-7.1213523139999779,0],[112.63829774200008,-7.1213466039999389,0],[112.6382848930001,-7.1213430349999385,0],[112.6382442040001,-7.1213408929999673,0],[112.6381521190001,-7.1213394649999486,0],[112.63795103100006,-7.1213411789999554,0],[112.63772117500002,-7.1213311849999741,0],[112.63751844500007,-7.1213211909999359,0],[112.63727716800008,-7.1213111969999545,0],[112.63705159500012,-7.1212997759999439,0],[112.63690882700007,-7.1212954929999341,0],[112.63676320400009,-7.1212926379999431,0],[112.63657046800006,-7.1212840719999804,0],[112.63640628500002,-7.1212755049999714,0],[112.63625780700011,-7.1212683669999706,0],[112.63623210800006,-7.1212655119999795,0],[112.63619213400011,-7.1212640839999608,0],[112.63612075000003,-7.1212655119999795,0],[112.63597247100006,-7.1212640179999767,0],[112.63569366600007,-7.1212449549999519,0],[112.63557469300008,-7.1212425759999292,0],[112.6352058760001,-7.121228298999938,0],[112.63465384200003,-7.1212068839999461,0],[112.6339281060001,-7.1211949869999671,0],[112.63332848200002,-7.1211616739999499,0],[112.63315691600008,-7.1211537549999662,0],[112.63301915200009,-7.1211473969999588,0],[112.63275741100006,-7.121145017999936,0],[112.63224344800005,-7.1211117049999757,0],[112.63186987200004,-7.1211069459999408,0],[112.63167475500006,-7.1211140859999773,0],[112.63167237700009,-7.1210141469999257,0],[112.63169379200008,-7.121004629999959,0],[112.63172472500003,-7.1209903539999573,0],[112.63176279600009,-7.1209879729999557,0],[112.63180324700011,-7.1209855939999329,0],[112.63185797500012,-7.1209784569999783,0],[112.63192222000009,-7.120973696999954,0],[112.63196029200003,-7.1209713169999418,0],[112.63207212600003,-7.1209570399999507,0],[112.63213875100007,-7.1209475239999733,0],[112.63220061700008,-7.1209475239999733,0],[112.63237907700011,-7.1209499019999498,0],[112.63244570200004,-7.1209499019999498,0],[112.63250756800005,-7.1209546609999279,0],[112.63255277700011,-7.1209665579999637,0],[112.63260036700001,-7.1209784569999783,0],[112.63264081700004,-7.12099273299998,0],[112.63268126800006,-7.1210117679999598,0],[112.63271934000011,-7.1210236659999282,0],[112.63278120600012,-7.121026044999951,0],[112.63283593300002,-7.1210117679999598,0],[112.63288114300008,-7.1209974919999581,0],[112.63293825000005,-7.1209974919999581,0],[112.63296680400003,-7.121004629999959,0],[112.63306436200003,-7.1210093899999265,0],[112.63313098600008,-7.1209998709999809,0],[112.63318809400005,-7.1209903539999573,0],[112.63325709800006,-7.12099273299998,0],[112.63328803100001,-7.1209974919999581,0],[112.6333451380001,-7.1209855939999329,0],[112.63341890100003,-7.1209713169999418,0],[112.6335045620001,-7.1209689379999759,0],[112.63356166900007,-7.1209689379999759,0],[112.63367350400006,-7.1209998709999809,0],[112.63372585200011,-7.121030803999929,0],[112.63376154400009,-7.1210688749999349,0],[112.63378123000007,-7.1210852799999316,0],[112.63379009700009,-7.1210926709999285,0],[112.63381627100011,-7.1211093269999424,0],[112.63387099900001,-7.1211164639999538,0],[112.63395428000001,-7.121114084999931,0],[112.6340113870001,-7.1211117049999757,0],[112.63409704800006,-7.1210950489999618,0],[112.63416843100003,-7.1210902909999731,0],[112.63421364100009,-7.1210855319999382,0],[112.63427312800002,-7.1210712559999365,0],[112.63432547600007,-7.1210641159999568,0],[112.63437068600001,-7.1210712559999365,0],[112.63442065400011,-7.1210855319999382,0],[112.63447062300008,-7.1211045679999643,0],[112.63450155600003,-7.121114084999931,0],[112.63459776700006,-7.121113452999964,0],[112.63461154000004,-7.1211125859999811,0],[112.63471198100001,-7.121122970999977,0],[112.63475957000003,-7.121122970999977,0],[112.63481905600008,-7.1211182109999527,0],[112.63488568100001,-7.1211158329999762,0],[112.63492375300007,-7.121122970999977,0],[112.63499989500008,-7.1211277299999551,0],[112.63504748500009,-7.1211324889999332,0],[112.63508793500012,-7.1211324889999332,0],[112.63514028400004,-7.121125349999943,0],[112.63523546200008,-7.1210991759999729,0],[112.63529970800005,-7.1210944179999274,0],[112.63536157400006,-7.1211086939999291,0],[112.63545199300006,-7.1211063139999737,0],[112.63549720300011,-7.1210967969999501,0],[112.63554241300005,-7.1210777609999809,0],[112.63560903700011,-7.1210658639999451,0],[112.63567084900001,-7.1210459679999758,0],[112.63572325200005,-7.1210301709999726,0],[112.63579463500002,-7.1210206529999596,0],[112.63584698400007,-7.1210182739999368,0],[112.63591360800001,-7.1210135159999481,0],[112.63601116600012,-7.1210039969999457,0],[112.63605629200003,-7.120993020999947,0],[112.63609920600004,-7.1209825829999431,0],[112.63623483600009,-7.1209611669999617,0],[112.63631811700009,-7.1209587869999496,0],[112.63640615700001,-7.1209587869999496,0],[112.63647278200006,-7.1209540279999715,0],[112.63654178600007,-7.1209468899999706,0],[112.63658223700008,-7.1209492709999722,0],[112.63663458500002,-7.1209611669999617,0],[112.63667330600003,-7.120967999999948,0],[112.63667503600004,-7.1209683049999626,0],[112.63677015200005,-7.1209768329999292,0],[112.63734148100002,-7.1209409039999514,0],[112.63748261500007,-7.1209359359999667,0],[112.63755102500011,-7.1209359359999667,0],[112.63759861400001,-7.1209299869999541,0],[112.6376521520001,-7.1209210629999689,0],[112.63775030500005,-7.1209299869999541,0],[112.63778897100008,-7.1209389089999604,0],[112.63783953400002,-7.120941883999933,0],[112.63789307200011,-7.1209478329999456,0],[112.63796148200004,-7.1209508059999393,0],[112.63800907100006,-7.1209508059999393,0],[112.63804773700008,-7.1209508059999393,0],[112.63810925100006,-7.1209542779999424,0],[112.63813995900011,-7.1209511549999434,0],[112.63819195700012,-7.1209458659999427,0],[112.63822619700011,-7.1209389089999604,0],[112.63836301600008,-7.1209270129999709,0],[112.63849848400002,-7.1209127519999811,0],[112.63857145600002,-7.1209091659999331,0],[112.63871696100011,-7.1209091659999331,0],[112.63887757400005,-7.1209091659999331,0],[112.63897275300008,-7.1209061909999605,0],[112.63902292900002,-7.1208935229999497,0],[112.63908732400012,-7.1208940559999405,0],[112.63912539500006,-7.1208883449999689,0],[112.63925483800006,-7.1208750199999713,0],[112.63931384800003,-7.1208655039999371,0],[112.63941664100003,-7.1208445629999346,0],[112.63949278400003,-7.1208312389999264,0],[112.63954037300005,-7.1208255279999548,0],[112.63956321600006,-7.1208236249999572,0],[112.6396050940001,-7.1208141059999548,0],[112.63962603400012,-7.120806492999975,0],[112.63966029800008,-7.1207931669999311,0],[112.63969646600003,-7.1207741309999619,0],[112.63973453700009,-7.1207589029999667,0],[112.63977451200003,-7.1207493849999537,0],[112.63981829400007,-7.1207436739999252,0],[112.63987159400006,-7.1207322539999609,0],[112.63990585800002,-7.1207170249999763,0],[112.63994202600009,-7.1206960859999526,0],[112.63998009700003,-7.120680856999968,0],[112.6400143620001,-7.120673242999942,0],[112.64004481900008,-7.1206770499999266,0],[112.64007908300005,-7.1206903739999348,0],[112.64012096200008,-7.1206960859999526,0],[112.64017011300007,-7.1206910009999547,0],[112.64020946200003,-7.1206875659999582,0],[112.64022659400007,-7.1206832829999485,0],[112.64024515400001,-7.1206754319999277,0],[112.64025728900003,-7.1206640099999277,0],[112.64028282200002,-7.1206377579999298,0],[112.64031862900003,-7.120626078999976,0],[112.64036669900008,-7.1206217589999596,0],[112.64038580600004,-7.1206200409999383,0],[112.64041147800003,-7.1206240359999811,0],[112.64042147200007,-7.1206297459999632,0],[112.64042432700001,-7.1206340299999624,0],[112.64042504100007,-7.1206433079999556,0],[112.64042575500002,-7.1206504479999353,0],[112.64043075100005,-7.1206590129999654,0],[112.64044003100003,-7.1206668649999756,0],[112.64045502200008,-7.1206740049999553,0],[112.64046858500001,-7.1206768589999569,0],[112.64047786500009,-7.120676145999937,0],[112.64049000000011,-7.1206661519999557,0],[112.64050288400006,-7.120642653999937,0],[112.64052093300006,-7.1206321249999291,0],[112.64055710100001,-7.1206302209999421,0],[112.64057994400002,-7.120637836999947,0],[112.64062753300004,-7.1206340299999624,0],[112.64065608600004,-7.1206302209999421,0],[112.64069986900006,-7.1206226079999624,0],[112.64075126500006,-7.1206254629999535,0],[112.64076744500005,-7.12062451099996,0],[112.64078648100008,-7.120619751999925,0],[112.64080932400009,-7.1206111859999623,0],[112.64082720200008,-7.1205992679999781,0],[112.6408321670001,-7.1205959579999671,0],[112.64084813300008,-7.120579629999952,0],[112.64085500900001,-7.1205616929999564,0],[112.6408588160001,-7.1205483689999483,0],[112.6408588160001,-7.1205331389999742,0],[112.64085691300011,-7.1205198139999766,0],[112.64085234200002,-7.1204837629999815,0],[112.64084827200008,-7.1204735879999248,0],[112.64082864500006,-7.1204561759999478,0],[112.64081884200004,-7.1204474789999495,0],[112.64079790200003,-7.1204332019999583,0],[112.64077791500006,-7.1204217809999477,0],[112.64074079500006,-7.120415118999972,0],[112.6407189040001,-7.120417022999959,0],[112.64068559200007,-7.1204236849999347,0],[112.64065608600004,-7.1204293949999737,0],[112.64062372600006,-7.1204312989999607,0],[112.64055805300006,-7.1204265409999721,0],[112.64052949900008,-7.1204255879999323,0],[112.64050665600007,-7.1204255879999323,0],[112.64047334400004,-7.1204274919999762,0],[112.64044383800001,-7.1204303479999567,0],[112.64038863500002,-7.1204255879999323,0],[112.64036484000007,-7.1204255879999323,0],[112.64034104600012,-7.1204236849999347,0],[112.6403077330001,-7.1204246359999388,0],[112.64028489100008,-7.1204274919999762,0],[112.64026395100007,-7.1204265409999721,0],[112.64025157800006,-7.1204284429999802,0],[112.64023809100001,-7.1204336769999372,0],[112.64022866100004,-7.120438791999959,0],[112.64022492800007,-7.1204408169999738,0],[112.640220881,-7.1204387929999484,0],[112.64021350700011,-7.1204351069999348,0],[112.64020999700006,-7.1204239909999387,0],[112.64020400700008,-7.1204144959999667,0],[112.6401906640001,-7.1204055999999696,0],[112.64018114600003,-7.1204017929999281,0],[112.64017258000001,-7.1203970339999501,0],[112.64015925500007,-7.1203951309999525,0],[112.64014402600003,-7.1203951309999525,0],[112.64013070100009,-7.1203989379999371,0],[112.64011715400011,-7.1204124529999717,0],[112.64009431200009,-7.1204295849999539,0],[112.64006766200009,-7.120454332999941,0],[112.64004672200008,-7.1204676569999492,0],[112.64001245800011,-7.1204771749999622,0],[112.63997248300007,-7.1204904999999599,0],[112.63987243800011,-7.1204987609999648,0],[112.63980515500009,-7.1204807799999799,0],[112.6397412450001,-7.1204727979999802,0],[112.63970952400007,-7.1204793669999731,0],[112.63966029800008,-7.1204657529999622,0],[112.6396317440001,-7.1204619459999776,0],[112.63959938400001,-7.1204581399999256,0],[112.63956321600006,-7.1204619459999776,0],[112.63953656600006,-7.1204771749999622,0],[112.63951943400002,-7.1204847889999314,0],[112.63946613400003,-7.1204809819999468,0],[112.63943758000005,-7.1204924039999469,0],[112.63940902700006,-7.120498113999929,0],[112.63938047300007,-7.1205038239999681,0],[112.63935572700007,-7.1205133429999705,0],[112.63933288400005,-7.1205266669999787,0],[112.63927387300009,-7.1205399919999763,0],[112.63923580200003,-7.1205399919999763,0],[112.63919011600001,-7.1205437999999504,0],[112.6391425270001,-7.120553316999974,0],[112.63911016600002,-7.120564738999974,0],[112.63904925200006,-7.1205742569999302,0],[112.63902260200007,-7.1205723529999432,0],[112.63899595200007,-7.120566642999961,0],[112.63896739900008,-7.1205761599999278,0],[112.63895217000004,-7.1205951959999538,0],[112.6389121950001,-7.1206066179999539,0],[112.63887793100002,-7.1206028109999693,0],[112.63882843800002,-7.1205990039999278,0],[112.6387827530001,-7.1205970989999514,0],[112.63872374200002,-7.1206028109999693,0],[112.63868376700009,-7.120610423999949,0],[112.63863617800007,-7.1206180399999539,0],[112.63857716700011,-7.1206256539999799,0],[112.63851625300003,-7.1206313639999621,0],[112.63846485700003,-7.1206469949999587,0],[112.63842868900008,-7.1206370749999337,0],[112.63832970300007,-7.1206469949999587,0],[112.63818503200002,-7.1206469949999587,0],[112.63814505700009,-7.1206351719999361,0],[112.63812221400008,-7.1206275569999775,0],[112.63809746800007,-7.1206256539999799,0],[112.63807843200004,-7.1206313639999621,0],[112.63805558900003,-7.1206370749999337,0],[112.63800228900004,-7.1206469949999587,0],[112.63792805000003,-7.1206580149999468,0],[112.63788236500011,-7.1206637239999395,0],[112.63782525800002,-7.1206637239999395,0],[112.63776053600009,-7.1206599169999549,0],[112.63770914000008,-7.1206469949999587,0],[112.63766535800005,-7.1206370749999337,0],[112.6376291900001,-7.1206351719999361,0],[112.637598733,-7.1206332669999597,0],[112.6375511440001,-7.1206469949999587,0],[112.63723225000001,-7.1206469949999587,0],[112.63716590900003,-7.1206370789999482,0],[112.63712925700008,-7.1206316009999568,0],[112.6370540050001,-7.1206316359999278,0],[112.637024569,-7.1206414759999461,0],[112.63699482600009,-7.1206444509999756,0],[112.63695772300002,-7.1206499479999366,0],[112.63691451900002,-7.1206563479999545,0],[112.63686395500008,-7.1206682449999334,0],[112.63681339200002,-7.1206741939999461,0],[112.6367360590001,-7.1206741939999461,0],[112.63664682900003,-7.1206652709999503,0],[112.63660364300006,-7.120653754999978,0],[112.63660221500004,-7.1206533739999713,0],[112.63658436900005,-7.1206325529999503,0],[112.63657544600005,-7.1205998369999293,0],[112.63655462500003,-7.1205879389999609,0],[112.63651893300005,-7.1205879389999609,0],[112.63648026700002,-7.1205849649999777,0],[112.63644160100012,-7.1205760409999357,0],[112.63640293500009,-7.1205819909999377,0],[112.6363940120001,-7.1205998369999293,0],[112.6363940120001,-7.1206206569999608,0],[112.6363761660001,-7.1206414759999461,0],[112.63634344800005,-7.1206355289999692,0],[112.63631073100009,-7.1206206569999608,0],[112.6363018080001,-7.1205968609999672,0],[112.63628098700008,-7.1205849649999777,0],[112.63624827000001,-7.1205938869999272,0],[112.63622447500006,-7.1206087589999356,0],[112.63616498900001,-7.1206087589999356,0],[112.63609955300001,-7.1206057849999524,0],[112.63605493900002,-7.1205938869999272,0],[112.63598355500005,-7.1205909139999335,0],[112.63590027400005,-7.1205879389999609,0],[112.63582294100001,-7.1205909139999335,0],[112.63574263400005,-7.1205909139999335,0],[112.63565637900001,-7.1206057849999524,0],[112.63560879000011,-7.1206266049999272,0],[112.6355612000001,-7.120638501999963,0],[112.63549874000012,-7.120638501999963,0],[112.63545115000011,-7.1206355289999692,0],[112.63540951000004,-7.1206206569999608,0],[112.63535894600011,-7.1206117329999756,0],[112.63532920300008,-7.120623630999944,0],[112.63530838300005,-7.1206444509999756,0],[112.63528594500008,-7.1206556709999518,0],[112.63527269100007,-7.1206622969999671,0],[112.63521320400002,-7.1206712199999629,0],[112.63517156400007,-7.1206741939999461,0],[112.63507638500005,-7.1206801429999587,0],[112.63498715500009,-7.1206920399999376,0],[112.63492172000008,-7.1206950139999776,0],[112.63483843900008,-7.1206950139999776,0],[112.63474623500008,-7.1206801429999587,0],[112.6346926970001,-7.1206682449999334,0],[112.63463023600002,-7.1206622969999671,0],[112.63455255600002,-7.1206494579999458,0],[112.63450972600003,-7.1206542169999807,0],[112.63448831100004,-7.1206518369999685,0],[112.63446689600005,-7.1206446989999677,0],[112.63444072200002,-7.1206328009999424,0],[112.63441454800011,-7.1206280419999644,0],[112.63439075300005,-7.1206209039999635,0],[112.6343598200001,-7.1206161449999286,0],[112.63433364600007,-7.1206185249999407,0],[112.63429557500001,-7.1206232839999757,0],[112.6342622630001,-7.1206232839999757,0],[112.63423133000003,-7.1206137659999627,0],[112.63420446300006,-7.1205933979999259,0],[112.63412127900006,-7.1205619539999248,0],[112.63409153600003,-7.120550054999967,0],[112.6340322640001,-7.1205404049999288,0],[112.63399338300007,-7.1205441079999332,0],[112.63395471700005,-7.1205441079999332,0],[112.63391010200007,-7.1205381589999774,0],[112.63385359000006,-7.1205232869999691,0],[112.63380302700011,-7.1205173379999565,0],[112.63374056600003,-7.1205024659999481,0],[112.63367810500006,-7.120466773999965,0],[112.63363349000008,-7.1204489279999734,0],[112.63359482400006,-7.1204370309999376,0],[112.63355913200007,-7.1204251339999587,0],[112.63351451700009,-7.1204310829999713,0],[112.63345800500008,-7.1204638009999712,0],[112.63340149300006,-7.1204697489999376,0],[112.63334795500009,-7.120466773999965,0],[112.63330631400004,-7.1204697489999376,0],[112.63325575100009,-7.120472723999967,0],[112.63321708400008,-7.1204608269999312,0],[112.6331906150001,-7.120456155999932,0],[112.63314993800009,-7.12045944099998,0],[112.63313380300008,-7.120466773999965,0],[112.63309811100009,-7.1204846199999565,0],[112.63306241900011,-7.1204786729999796,0],[112.63301780400002,-7.1204608269999312,0],[112.63298806100011,-7.1204548769999292,0],[112.63295831800008,-7.1204638009999712,0],[112.63291639700003,-7.1205192299999567,0],[112.63288396000007,-7.1205381589999774,0],[112.63283339600002,-7.1205411329999606,0],[112.63278283300008,-7.120535183999948,0],[112.63270768700011,-7.1205072129999394,0],[112.63264577400003,-7.1205036469999641,0],[112.63263984500009,-7.1205033059999323,0],[112.63247052800011,-7.1204756979999502,0],[112.63239617000011,-7.1204756979999502,0],[112.63232478600003,-7.1204756979999502,0],[112.63223555700006,-7.1204756979999502,0],[112.63203333600006,-7.1205007619999492,0],[112.63197987400008,-7.1205011909999598,0],[112.63189661700005,-7.1204899649999334,0],[112.63188062000006,-7.1204845009999644,0],[112.63184968700011,-7.1204773629999636,0],[112.63182351300009,-7.1204630869999619,0],[112.6317878210001,-7.1204630869999619,0],[112.63175450900007,-7.1204773629999636,0],[112.63173547300005,-7.1204892599999425,0],[112.63169496500007,-7.1205034739999746,0],[112.6316640340001,-7.1205037219999667,0],[112.63164741700007,-7.1205038549999813,0],[112.63160647900008,-7.1205118159999756,0],[112.63158556700012,-7.1205249519999256,0],[112.63155463400005,-7.1205273319999378,0],[112.63151894200007,-7.1205225729999597,0],[112.63141662500004,-7.1205320919999622,0],[112.63138093400005,-7.1205320919999622,0],[112.63135238000007,-7.1205225729999597,0],[112.63133104500002,-7.1205063909999353,0],[112.63131668800008,-7.1204773629999636,0],[112.63130003200001,-7.1204702259999522,0],[112.63126909900006,-7.1204702259999522,0],[112.63124530400012,-7.1204749829999514,0],[112.63119295600006,-7.1204797419999295,0],[112.63113822900004,-7.1204821229999311,0],[112.63110015700011,-7.1204726039999287,0],[112.63107636300003,-7.1204583269999375,0],[112.63105256800009,-7.1204440499999464,0],[112.63102877300003,-7.1204321539999569,0],[112.63099784000008,-7.1204202559999317,0],[112.63096452800005,-7.1204154969999536,0],[112.63093597400007,-7.1204131179999308,0],[112.63090028200008,-7.1204083589999527,0],[112.63088600600008,-7.1203964609999275,0],[112.63086697000006,-7.1203798059999599,0],[112.6308503140001,-7.1203607689999444,0],[112.63082651900004,-7.120353631999933,0],[112.63080034500001,-7.1203607689999444,0],[112.63077893000002,-7.120367908999981,0],[112.63075037600004,-7.120363149999946,0],[112.63071706400001,-7.120367908999981,0],[112.63068851000003,-7.1203798059999599,0],[112.63066471600007,-7.1203869439999607,0],[112.63060998800006,-7.1203964609999275,0],[112.6305861940001,-7.1204059789999405,0],[112.63054574300008,-7.1204226349999544,0],[112.63051243000007,-7.120436912999935,0],[112.63047673800008,-7.1204488099999708,0],[112.63041963100011,-7.1204654659999278,0],[112.63036966300001,-7.12046784599994,0],[112.63029827900004,-7.1204702259999522,0],[112.63024355100004,-7.1204749829999514,0],[112.63019358200006,-7.1204749829999514,0],[112.63015313200003,-7.1204749829999514,0],[112.63011268100001,-7.1204749829999514,0],[112.63004843500005,-7.1204797419999295,0],[112.63000798500002,-7.12046784599994,0],[112.62998419000007,-7.1204654659999278,0],[112.62995325700001,-7.12046784599994,0],[112.62992470300003,-7.1204797419999295,0],[112.62989377000008,-7.1204845009999644,0],[112.62986045800005,-7.1204845009999644,0],[112.62983428400003,-7.1204773629999636,0],[112.62982000700003,-7.1204654659999278,0],[112.62980335100008,-7.1204607069999497,0],[112.6297747970001,-7.1204607069999497,0],[112.62974386400003,-7.12046784599994,0],[112.62972244900004,-7.1204773629999636,0],[112.62969627500001,-7.1204702259999522,0],[112.6296772390001,-7.1204583269999375,0],[112.62966058300003,-7.1204464299999586,0],[112.62962965000008,-7.1204488099999708,0],[112.62960585600001,-7.1204607069999497,0],[112.6295796820001,-7.1204702259999522,0],[112.62954636900008,-7.1204726039999287,0],[112.62948926200011,-7.1204702259999522,0],[112.6294345340001,-7.1204630869999619,0],[112.62937980700008,-7.120455948999961,0],[112.62936553000009,-7.1204416709999805,0],[112.6293512530001,-7.1204250149999666,0],[112.62933221800006,-7.1204131179999308,0],[112.62930842300011,-7.1204154969999536,0],[112.62927986900002,-7.1204178769999658,0],[112.62923228000011,-7.1204131179999308,0],[112.62919658800001,-7.1204059789999405,0],[112.62916089600003,-7.1203988419999291,0],[112.62911330700001,-7.1203917019999494,0],[112.62906571800011,-7.1203845639999486,0],[112.6290109900001,-7.1203774259999477,0],[112.62889439700007,-7.120367908999981,0],[112.62883966900006,-7.1203702869999574,0],[112.62877066500005,-7.1203702869999574,0],[112.62869928100008,-7.1203750459999355,0],[112.62866121000002,-7.1203893229999267,0],[112.62862075900011,-7.1203940819999616,0],[112.62856841100006,-7.1203845639999486,0],[112.62854223700003,-7.120367908999981,0],[112.62851368300005,-7.1203512519999776,0],[112.62849464700002,-7.1203464929999427,0],[112.62844943800008,-7.1203441129999305,0],[112.62841136600002,-7.1203345949999743,0],[112.62835901800008,-7.1203345949999743,0],[112.62830429000007,-7.1203322159999516,0],[112.62827811600005,-7.1203345949999743,0],[112.62825194200002,-7.1203345949999743,0],[112.62822814800006,-7.1203274569999735,0],[112.62820197400004,-7.120322698999928,0],[112.62816152300002,-7.1203250769999613,0],[112.62809013900005,-7.1203369759999759,0],[112.62800685800005,-7.1203417339999646,0],[112.62795926900003,-7.1203560099999663,0],[112.62791881800001,-7.120363149999946,0],[112.62786647000007,-7.1203750459999355,0],[112.62780222400011,-7.1203845639999486,0],[112.62772370200003,-7.1203940819999616,0],[112.62765469800001,-7.1204035999999746,0],[112.62755699900003,-7.1204244589999348,0],[112.62751659300011,-7.1204231049999294,0],[112.62746672000003,-7.1204083589999527,0],[112.62744292600007,-7.1204012209999519,0],[112.62741199300001,-7.1203821849999258,0],[112.6273858190001,-7.1203750459999355,0],[112.62734060900004,-7.1203655279999793,0],[112.6272953990001,-7.1203583899999785,0],[112.62723829200002,-7.1203607689999444,0],[112.62713359600002,-7.120353631999933,0],[112.62707648900005,-7.1203488729999549,0],[112.62702176100004,-7.1203393539999524,0],[112.62697417200002,-7.1203298369999288,0],[112.62692420300004,-7.1203298369999288,0],[112.62687423400007,-7.1203274569999735,0],[112.62680118500009,-7.1203229359999796,0],[112.62675930600005,-7.1203248389999771,0],[112.62672313900009,-7.1203248389999771,0],[112.62669458500011,-7.1203229359999796,0],[112.62666032100003,-7.120315322999943,0],[112.62662796000006,-7.1203038999999535,0],[112.62659179200011,-7.1202791549999347,0],[112.62655943200002,-7.1202334679999808,0],[112.62653849200001,-7.1201858799999513,0],[112.62652707100006,-7.1201516159999301,0],[112.62652516700007,-7.12011734999993,0],[112.62651945700009,-7.1200906999999347,0],[112.62650993900002,-7.1200621469999419,0],[112.62649280700009,-7.1200374019999799,0],[112.62647377100006,-7.1200183659999539,0],[112.62645473500004,-7.1199955229999432,0],[112.62643570000012,-7.119978390999961,0],[112.62642047100007,-7.1199631619999764,0],[112.62637478600004,-7.1199308009999527,0],[112.62635384600003,-7.1199136689999705,0],[112.62632529300004,-7.119896535999942,0],[112.62629293200007,-7.1198813089999362,0],[112.62625105400002,-7.1198698879999256,0],[112.62619775400003,-7.119862272999967,0],[112.62606640700005,-7.1198375259999693,0],[112.62596742200003,-7.1198108769999635,0],[112.62591983300001,-7.1198013579999611,0],[112.62587034000001,-7.1197956479999789,0],[112.62580942600005,-7.1197899369999504,0],[112.62576183600004,-7.119782321999935,0],[112.6257218610001,-7.1197766129999422,0],[112.62568188600005,-7.1197689969999374,0],[112.62563049000005,-7.1197556729999292,0],[112.62558290100003,-7.1197385399999575,0],[112.62554863700007,-7.1197233119999623,0],[112.62550485500003,-7.1197118899999623,0],[112.62548391500002,-7.1197099869999647,0],[112.62546681700007,-7.1197148919999336,0],[112.62544655500005,-7.1197127989999558,0],[112.6254278020001,-7.1196994049999489,0],[112.62539924800001,-7.1196822719999773,0],[112.62536688700004,-7.1196632359999512,0],[112.62534594800002,-7.1196442019999608,0],[112.62533643000006,-7.1196232619999478,0],[112.62532500900011,-7.1196023219999347,0],[112.62531358800004,-7.1195870949999289,0],[112.62528693800004,-7.1195661539999264,0],[112.62527170900012,-7.1195376019999799,0],[112.6252736130001,-7.1195033359999798,0],[112.6253021660001,-7.1194766869999739,0],[112.62533643000006,-7.1194652649999739,0],[112.62536117700006,-7.1194481329999348,0],[112.62536688700004,-7.1194329039999502,0],[112.62539734500001,-7.1194043519999468,0],[112.62543160900009,-7.1193910259999598,0],[112.62546016200008,-7.1193834119999337,0],[112.62548300500009,-7.1193700879999255,0],[112.62548681200008,-7.1193567619999385,0],[112.62548300500009,-7.1193434369999409,0],[112.62546016200008,-7.1193244009999717,0],[112.62544112700004,-7.1193110769999635,0],[112.6254297050001,-7.1192844259999788,0],[112.62543732000006,-7.1192349329999729,0],[112.62544874100001,-7.1192025739999281,0],[112.62544303000004,-7.119187343999954,0],[112.62543541600007,-7.1191759239999328,0],[112.62541447700005,-7.1191645019999328,0],[112.62541191700006,-7.1191585279999572,0],[112.6254117630001,-7.1191457819999755,0],[112.62541828400003,-7.1191340439999635,0],[112.62542612300001,-7.1191296899999656,0],[112.62544231600009,-7.1191257169999744,0],[112.62544588600008,-7.1191207199999553,0],[112.62544588600008,-7.1191142949999744,0],[112.62544303000004,-7.1190978759999552,0],[112.62544303000004,-7.1190826489999495,0],[112.62543541600007,-7.1190693229999624,0],[112.62542589800012,-7.1190540949999672,0],[112.62542399500001,-7.1190388659999257,0],[112.62543351200009,-7.119027444999972,0],[112.62545064500011,-7.1190141189999281,0],[112.6254563550001,-7.1190007939999305,0],[112.62545825900008,-7.1189855659999353,0],[112.62545516500006,-7.1189722409999376,0],[112.62545231000001,-7.1189672439999754,0],[112.62544874100001,-7.1189622479999457,0],[112.62544231600009,-7.1189601059999745,0],[112.62543732000006,-7.1189572499999372,0],[112.62543303700011,-7.1189558239999542,0],[112.62542875300005,-7.1189529669999274,0],[112.62542518400005,-7.1189479699999652,0],[112.62542517700001,-7.1189377999999692,0],[112.62542810400009,-7.1189311369999473,0],[112.62543405300005,-7.1189239969999676,0],[112.62543643200001,-7.1189109109999436,0],[112.62543530400001,-7.1188952909999443,0],[112.62542691400006,-7.1188799779999385,0],[112.62542453500009,-7.1188645109999698,0],[112.62543524200009,-7.1188419069999327,0],[112.62545546800004,-7.1188276299999416,0],[112.62547807300007,-7.1188228709999635,0],[112.62550186700003,-7.1188085929999261,0],[112.62551971300002,-7.1187883679999686,0],[112.62553825500004,-7.1187679319999688,0],[112.62555778500007,-7.1187526769999749,0],[112.62557087200003,-7.1187324509999712,0],[112.62557920000006,-7.1187122249999675,0],[112.62558871800002,-7.1186872409999751,0],[112.6255910970001,-7.1186705859999506,0],[112.62559823600009,-7.1186515499999814,0],[112.62561013300001,-7.1186289449999549,0],[112.62562322000008,-7.1186051489999613,0],[112.62563035800008,-7.1185861139999815,0],[112.62563868600012,-7.1185694579999677,0],[112.62564225600011,-7.118553990999942,0],[112.62565058400003,-7.1185290069999496,0],[112.62565727900005,-7.1184887549999303,0],[112.62565942200001,-7.1184758719999763,0],[112.62566776000006,-7.1184405949999814,0],[112.62567489900005,-7.1184156119999784,0],[112.62568441700012,-7.1183989549999751,0],[112.62573373000009,-7.1183094449999658,0],[112.62576769800012,-7.1182454799999277,0],[112.62579387200003,-7.1182121669999674,0],[112.62580933800007,-7.1181836129999283,0],[112.62582599500001,-7.1181586299999253,0],[112.62584265100008,-7.1181312649999313,0],[112.62585930700004,-7.1180991419999486,0],[112.62587239400011,-7.1180682089999436,0],[112.62588072200003,-7.1180432249999512,0],[112.62588548100007,-7.1179908769999543,0],[112.62589143000002,-7.1179635139999391,0],[112.62589975800006,-7.1179397189999349,0],[112.62590689600006,-7.117909974999975,0],[112.62590927600002,-7.1178826119999599,0],[112.62590808600009,-7.1178504899999666,0],[112.62590808600009,-7.11781717599996,0],[112.62591046500006,-7.1177838639999322,0],[112.62590689600006,-7.1177469819999715,0],[112.62590332700006,-7.1177112899999315,0],[112.62589856800003,-7.1176851169999509,0],[112.62589975800006,-7.1176625119999812,0],[112.62590451700009,-7.1176494249999678,0],[112.62590927600002,-7.1176375269999426,0],[112.62590778900005,-7.1176184909999733,0],[112.62590065000006,-7.1175732819999666,0],[112.62589927400006,-7.1175567649999607,0],[112.62590332700006,-7.1175161749999347,0],[112.62590213700003,-7.1175042769999664,0],[112.62589856800003,-7.1174816719999399,0],[112.62589618900006,-7.1174709649999386,0],[112.62588786100002,-7.1174602579999373,0],[112.62588094400007,-7.1174498049999784,0],[112.62587447600004,-7.1174305139999774,0],[112.62587447600004,-7.1174138569999741,0],[112.62587447600004,-7.1173948219999374,0],[112.62586733800003,-7.1173710269999333,0],[112.62585068100009,-7.1173400949999746,0],[112.62584116400001,-7.1173091619999695,0],[112.62582688700002,-7.1172782279999751,0],[112.62581499000009,-7.1172449159999474,0],[112.6258007130001,-7.1172211209999432,0],[112.62578881500008,-7.1171949479999626,0],[112.62577929800011,-7.1171759119999365,0],[112.62577691800004,-7.1171616359999348,0],[112.62577691800004,-7.1171235639999395,0],[112.62577453900008,-7.1171021479999581,0],[112.62576502100001,-7.1170807339999556,0],[112.62575312400008,-7.1170640769999522,0],[112.62573884700009,-7.1170450409999262,0],[112.6257245700001,-7.1170212459999789,0],[112.62571267300007,-7.1169998319999763,0],[112.62570077500004,-7.1169546209999339,0],[112.62569125800007,-7.1169284479999533,0],[112.62567698100008,-7.1169022729999369,0],[112.62566746300001,-7.1168879969999352,0],[112.62566746300001,-7.116868960999966,0],[112.62566270400009,-7.1168475469999635,0],[112.62565556600009,-7.116818991999935,0],[112.6256484270001,-7.1167999559999657,0],[112.62563177100003,-7.1167832999999519,0],[112.62561749400004,-7.1167737829999282,0],[112.62560559700012,-7.1167642649999721,0],[112.62559845900012,-7.1167499879999809,0],[112.6255970310001,-7.1167233389999751,0],[112.62559132000001,-7.1166966879999336,0],[112.62558370600004,-7.1166890749999538,0],[112.62557418800009,-7.1166681339999514,0],[112.62556657400012,-7.116647195999974,0],[112.62556276700002,-7.1166205449999325,0],[112.62556086300003,-7.1165977029999681,0],[112.62555324900006,-7.116578666999942,0],[112.62554373100011,-7.1165520179999362,0],[112.62552469500008,-7.1165177529999255,0],[112.62551137000003,-7.1164987179999457,0],[112.62549043100012,-7.1164815849999741,0],[112.62547139500009,-7.1164663559999326,0],[112.62545997400002,-7.1164435129999788,0],[112.62545426300005,-7.1164206709999576,0],[112.6254447450001,-7.1163940199999729,0],[112.62542380600007,-7.1163369139999304,0],[112.62541238500012,-7.1163178779999612,0],[112.62539144600009,-7.11629503599994,0],[112.62537050600008,-7.1162836129999505,0],[112.62534195300009,-7.1162588669999423,0],[112.62531339900011,-7.1162112779999802,0],[112.62530197800004,-7.1161846289999744,0],[112.62528674900011,-7.1161655929999483,0],[112.62527342400006,-7.1161560739999459,0],[112.62526581000009,-7.1161446539999815,0],[112.6252620030001,-7.1161294249999401,0],[112.62524892700003,-7.1161088759999416,0],[112.62524867800005,-7.116108484999927,0],[112.62524106400008,-7.1160875469999496,0],[112.62523344900001,-7.1160685109999804,0],[112.62522393100005,-7.1160437639999259,0],[112.62521441400008,-7.1160209209999721,0],[112.6252125100001,-7.116001884999946,0],[112.62521742800004,-7.1159822169999529,0],[112.62521822100007,-7.1159790419999354,0],[112.62521822100007,-7.1159619109999426,0],[112.62520873100004,-7.115954841999951,0],[112.62520672000005,-7.1159533449999799,0],[112.62519482300002,-7.1159295499999757,0],[112.62519482300002,-7.1159268849999648,0],[112.62519482300002,-7.1159081349999269,0],[112.62518768400003,-7.1158795809999447,0],[112.62518054600002,-7.1158653039999535,0],[112.62514800800011,-7.1158327649999364,0],[112.62514485400004,-7.1158296119999704,0],[112.62512343900005,-7.1158105769999338,0],[112.62511630100005,-7.1157891619999418,0],[112.62511556900006,-7.1157840399999372,0],[112.62511154200001,-7.1157558499999709,0],[112.62509726500002,-7.1157272949999424,0],[112.62508774700007,-7.1157082599999626,0],[112.62505205500008,-7.1156844649999584,0],[112.62504253700001,-7.1156749479999348,0],[112.62501874300006,-7.1156463939999526,0],[112.6249866070001,-7.1156271129999595,0],[112.62498305100007,-7.1156249789999606,0],[112.62495925600001,-7.1155964249999784,0],[112.62495322700011,-7.1155883859999562,0],[112.62494497900002,-7.1155773889999523,0],[112.62491166700011,-7.1155559739999603,0],[112.62488311300001,-7.1155369389999805,0],[112.62485456000002,-7.115510765999943,0],[112.62482124700011,-7.1154941079999503,0],[112.62479269400001,-7.1154750729999705,0],[112.62475700200002,-7.1154607959999794,0],[112.62472368900001,-7.1154417609999427,0],[112.62467848000006,-7.1154251039999394,0],[112.62462375200005,-7.1153965499999572,0],[112.62457412800006,-7.1153841449999504,0],[112.62456664500007,-7.1153822739999555,0],[112.62456624400011,-7.1153821399999515,0],[112.62452381500009,-7.1153679969999644,0],[112.62449288200003,-7.1153537199999732,0],[112.62446908700008,-7.1153394439999715,0],[112.62444767200009,-7.1153323049999813,0],[112.62442863600006,-7.1153275469999357,0],[112.6244048420001,-7.1153156489999674,0],[112.62439770300011,-7.1153061309999543,0],[112.62436915000001,-7.1153013729999657,0],[112.6243215610001,-7.1153061309999543,0],[112.62429776600004,-7.1153156489999674,0],[112.62428598300005,-7.1153274319999582,0],[112.62428348900005,-7.1153299249999691,0],[112.62426683300009,-7.1153299249999691,0],[112.62425731500002,-7.1153180279999333,0],[112.6242525560001,-7.1152870949999283,0],[112.6242454180001,-7.1152537829999574,0],[112.62424303800003,-7.1152085729999612,0],[112.62424914700011,-7.1151719249999701,0],[112.62425017700002,-7.1151657429999773,0],[112.62425493600006,-7.1151229119999471,0],[112.62426207400006,-7.1150967389999664,0],[112.62426683300009,-7.1150586679999606,0],[112.62426921200006,-7.1150324939999336,0],[112.62427397100009,-7.1149944219999384,0],[112.62428348900005,-7.1149706269999342,0],[112.62429300700001,-7.1149563499999431,0],[112.62430252500008,-7.1149444539999536,0],[112.62430014500001,-7.1149063819999583,0],[112.62430252500008,-7.1148802079999314,0],[112.62431442200011,-7.1148611729999516,0],[112.62433345800002,-7.1148207209999441,0],[112.62433345800002,-7.1147731329999715,0],[112.62433345800002,-7.1147255419999738,0],[112.62433345800002,-7.1146850919999451,0],[112.62432394000007,-7.1146636759999637,0],[112.62431204300003,-7.1146279849999701,0],[112.62429776600004,-7.1146065689999318,0],[112.62428111000008,-7.1145732569999609,0],[112.62427159200001,-7.1145518419999689,0],[112.62427159200001,-7.1145375649999778,0],[112.62426921200006,-7.1145066319999728,0],[112.62426207400006,-7.1144875959999467,0],[112.6242454180001,-7.1144590439999433,0],[112.62423114100011,-7.1144400079999741,0],[112.62422192400004,-7.1144268399999646,0],[112.62421448500004,-7.11441621299997,0],[112.62419782900008,-7.1143757629999413,0],[112.62418831100001,-7.1143519679999372,0],[112.62418286400009,-7.1143114969999601,0],[112.62417481300008,-7.1142877249999401,0],[112.62417382000001,-7.1142803699999604,0],[112.62417310600006,-7.1142763249999348,0],[112.62417191600002,-7.1142706129999738,0],[112.62417167800004,-7.1142665679999482,0],[112.62417167800004,-7.1142637139999465,0],[112.6241723920001,-7.1142618089999701,0],[112.62417405800011,-7.1142601439999567,0],[112.62417805500002,-7.1142603349999263,0],[112.62418524100008,-7.1142632369999319,0],[112.62419071400006,-7.1142637139999465,0],[112.6241990420001,-7.1142634749999729,0],[112.6242007080001,-7.1142629989999477,0],[112.62420665600007,-7.1142603819999408,0],[112.62421260500003,-7.1142575259999603,0],[112.62422164700001,-7.1142530049999664,0],[112.62422878500001,-7.1142465809999749,0],[112.62423068900011,-7.1142420609999704,0],[112.62423211700002,-7.1142377769999712,0],[112.62423306800008,-7.1142330179999362,0],[112.6242328300001,-7.114228020999974,0],[112.62423116500008,-7.1142237389999536,0],[112.62422830900005,-7.114219931999969,0],[112.6242221230001,-7.114213981999967,0],[112.62421624700005,-7.1142110819999402,0],[112.62421295000001,-7.1142087609999294,0],[112.62420089800003,-7.1142060819999529,0],[112.62418662100004,-7.1142060819999529,0],[112.62417234500003,-7.1142003729999601,0],[112.62416520600004,-7.114186095999969,0],[112.62415949500007,-7.1141675359999681,0],[112.62415806800004,-7.1141561139999681,0],[112.624148074,-7.1141389809999396,0],[112.62413665300005,-7.114117566999937,0],[112.62412665900001,-7.1141004339999654,0],[112.62411809300011,-7.1140847309999344,0],[112.62411238200002,-7.1140690249999352,0],[112.62409667800011,-7.1140533219999611,0],[112.62407811800006,-7.1140418989999716,0],[112.62405670300006,-7.1140304789999504,0],[112.62404099800005,-7.1140176289999317,0],[112.62402529400003,-7.1139990689999308,0],[112.62401387200009,-7.1139805099999762,0],[112.62400673400009,-7.1139548119999745,0],[112.62400102300001,-7.1139376799999354,0],[112.62400019100005,-7.1139203489999545,0],[112.62399126800005,-7.1139084519999756,0],[112.62398293900003,-7.113897743999928,0],[112.62397342200006,-7.1138870359999373,0],[112.62396033500011,-7.1138656219999348,0],[112.62395260100004,-7.113850154999966,0],[112.62394724800004,-7.1138370689999419,0],[112.62394129900008,-7.1138210059999665,0],[112.62393951400009,-7.1138091089999307,0],[112.62393773000008,-7.1137972129999412,0],[112.62393297100004,-7.1137894789999336,0],[112.62392226300005,-7.1137835299999779,0],[112.62390739200009,-7.1137811499999657,0],[112.62389014000007,-7.1137811499999657,0],[112.6238807740001,-7.1137779859999455,0],[112.62387229400008,-7.1137740129999543,0],[112.62387110500003,-7.1137662799999362,0],[112.62387450900007,-7.1137577699999497,0],[112.62387824300004,-7.1137484339999446,0],[112.62387526900011,-7.1137383199999249,0],[112.62387467400004,-7.1137282079999409,0],[112.62386210900002,-7.1137177479999423,0],[112.62385147400005,-7.1137067919999595,0],[112.62384493100001,-7.1136966789999292,0],[112.62384076700005,-7.1136770499999784,0],[112.62384076700005,-7.1136609879999355,0],[112.62384332900001,-7.1136571449999337,0],[112.62385147400005,-7.1136449259999495,0],[112.62385206900001,-7.113631244999965,0],[112.62384850000001,-7.1136163729999566,0],[112.62384017200009,-7.1136062599999264,0],[112.62382886900002,-7.1135949579999647,0],[112.62382032500011,-7.1135829019999619,0],[112.62380864400006,-7.1135592649999353,0],[112.62379674700003,-7.1135402299999555,0],[112.62378841800012,-7.1135271439999315,0],[112.62378722900007,-7.1135116759999732,0],[112.62379409900007,-7.1134982629999399,0],[112.62379972100007,-7.113489665999964,0],[112.62379853100003,-7.1134765789999506,0],[112.62379377200011,-7.1134634919999371,0],[112.62378425400004,-7.1134527859999253,0],[112.62377832000004,-7.1134473449999405,0],[112.62376997800004,-7.1134396989999686,0],[112.62376700300001,-7.1134295849999489,0],[112.62376979200008,-7.1134198249999372,0],[112.62377176200005,-7.1134129299999813,0],[112.62377116700009,-7.1133998419999784,0],[112.62376759800009,-7.1133921089999603,0],[112.62375986500001,-7.1133843749999528,0],[112.62375864000001,-7.1133838309999646,0],[112.62375451100002,-7.1133819969999763,0],[112.62374665900006,-7.1133811639999749,0],[112.62373809300004,-7.1133740239999383,0],[112.62373238200007,-7.1133626029999277,0],[112.62372952700002,-7.1133497539999553,0],[112.623728099,-7.1133369059999723,0],[112.62372381600005,-7.1133169169999633,0],[112.6237090190001,-7.1132706029999326,0],[112.62369811800011,-7.1132426779999491,0],[112.62369098000011,-7.1132212629999572,0],[112.62368241400009,-7.1131969929999741,0],[112.62367384700008,-7.1131770049999545,0],[112.62365957100008,-7.1131555899999626,0],[112.62365100500006,-7.1131398859999422,0],[112.62363530000005,-7.1131213259999413,0],[112.62361103000001,-7.1131027659999404,0],[112.62358675900009,-7.1130884889999493,0],[112.62356248900005,-7.1130627909999475,0],[112.62354250100009,-7.113041376999945,0],[112.62351537500001,-7.113019961999953,0],[112.6234996710001,-7.1130056839999725,0],[112.62348967700007,-7.1129942619999724,0],[112.62346112400007,-7.1129814129999431,0],[112.62341543800005,-7.1129771309999796,0],[112.62338831200009,-7.1129714199999512,0],[112.62336118600001,-7.1129585719999682,0],[112.62333406000005,-7.1129485769999405,0],[112.62330693500007,-7.1129343009999388,0],[112.62327267000001,-7.112918595999929,0],[112.62323269500007,-7.1129000359999281,0],[112.62320128600004,-7.1128786209999362,0],[112.62317198300002,-7.1128692809999734,0],[112.62312439400011,-7.1128597629999604,0],[112.62309774400001,-7.1128559559999758,0],[112.62305586600007,-7.1128445349999652,0],[112.62303873400003,-7.1128407279999806,0],[112.62300446900008,-7.1128407279999806,0],[112.62298162700006,-7.1128426319999676,0],[112.62296259100003,-7.1128426319999676,0],[112.62294545900011,-7.1128388239999367,0],[112.6229273130001,-7.1128366889999484,0],[112.62291309800003,-7.1128350169999521,0],[112.62288835200002,-7.1128369209999391,0],[112.62287502700008,-7.1128426319999676,0],[112.62285599100005,-7.1128483419999498,0],[112.62283314800004,-7.1128502459999368,0],[112.62281030500003,-7.1128331129999651,0],[112.62280840200003,-7.1128121739999415,0],[112.62280840200003,-7.1127874289999795,0],[112.62282743700007,-7.1127455489999534,0],[112.62283885900001,-7.1127208029999451,0],[112.62284837700008,-7.1126827309999499,0],[112.62286931600011,-7.112646563999931,0],[112.62288141700003,-7.112618733999966,0],[112.62288835200002,-7.1126027819999535,0],[112.62290167700007,-7.1125532889999477,0],[112.62292832700007,-7.112425749999943,0],[112.62293974800002,-7.1123952939999526,0],[112.62294545900011,-7.1123553189999598,0],[112.62295116900009,-7.1123267649999775,0],[112.62295878400005,-7.1122886929999254,0],[112.62296639800002,-7.1122563319999585,0],[112.62296830200012,-7.1122125509999705,0],[112.6229721090001,-7.11214782899998,0],[112.6229721090001,-7.1121249859999693,0],[112.62296830200012,-7.1120831079999789,0],[112.62296068700005,-7.1120507469999552,0],[112.62295307300008,-7.1120202909999648,0],[112.62294926600009,-7.1119746039999541,0],[112.62294355500001,-7.1119460499999718,0],[112.62294103300007,-7.1119156409999391,0],[112.62294174700003,-7.1119063609999671,0],[112.62294959900009,-7.1118935129999272,0],[112.62295531000007,-7.1118878009999662,0],[112.62296102000005,-7.111877806999928,0],[112.62295887900007,-7.1118656719999649,0],[112.62295031300005,-7.111858533999964,0],[112.62294468500011,-7.1118582779999429,0],[112.62293460800004,-7.1118578199999547,0],[112.62292532800006,-7.111856391999936,0],[112.62292247300002,-7.1118421149999449,0],[112.62292390100004,-7.1118235569999797,0],[112.62293318100001,-7.1118014269999321,0],[112.62294110400001,-7.1117921739999588,0],[112.62295031300005,-7.1117807259999495,0],[112.62294817100008,-7.1117735879999486,0],[112.62294674400005,-7.1117628789999685,0],[112.62295245400003,-7.1117493179999656,0],[112.62295887900007,-7.1117300429999659,0],[112.62295959300002,-7.1117171939999366,0],[112.62295602400002,-7.1117064859999459,0],[112.62294342000007,-7.1117013989999691,0],[112.62293318100001,-7.1117000619999544,0],[112.62292390100004,-7.1116964919999646,0],[112.62291676200005,-7.1116836429999353,0],[112.62291747600011,-7.1116650839999807,0],[112.62292889800005,-7.1116579449999335,0],[112.62294364100001,-7.1116500929999802,0],[112.62295245400003,-7.1116322479999781,0],[112.62295531000007,-7.1116222539999399,0],[112.62295459600011,-7.1116108319999398,0],[112.62295459600011,-7.1116008389999479,0],[112.62295256400012,-7.1115896919999386,0],[112.62295031300005,-7.1115837069999657,0],[112.62295602400002,-7.1115772809999385,0],[112.62296387600009,-7.1115758549999555,0],[112.62297467900009,-7.1115737329999433,0],[112.62298743200006,-7.1115758549999555,0],[112.62298790300008,-7.1115754839999568,0],[112.6229974260001,-7.1115680019999559,0],[112.62300170900005,-7.1115594369999258,0],[112.62300385100002,-7.1115458729999546,0],[112.62299935600004,-7.1115323719999424,0],[112.62299502700012,-7.1115288689999261,0],[112.62298957400003,-7.1115244579999626,0],[112.62298886000008,-7.1115158919999431,0],[112.62299836900002,-7.1115069999999605,0],[112.62300021700003,-7.1115052729999775,0],[112.62300527800005,-7.111495189999971,0],[112.62300813400009,-7.1114859099999421,0],[112.62300813400009,-7.1114787719999413,0],[112.62300599200012,-7.111471632999951,0],[112.62300401500011,-7.1114700519999587,0],[112.62300242300012,-7.1114687789999493,0],[112.62299814000005,-7.1114644949999501,0],[112.62299457100005,-7.1114594989999773,0],[112.62298360000011,-7.1114483559999258,0],[112.62298207000003,-7.1114429989999621,0],[112.62298207000003,-7.1114330049999808,0],[112.62298920800004,-7.111428721999971,0],[112.62301076200004,-7.1114259069999548,0],[112.62304060400004,-7.1114215829999807,0],[112.62305239200009,-7.1114173829999459,0],[112.62306024400004,-7.1114066739999657,0],[112.62306738200004,-7.1113945389999458,0],[112.62307095200003,-7.1113852599999632,0],[112.62307309300002,-7.111378833999936,0],[112.62308221100011,-7.1113593779999746,0],[112.62308771800008,-7.1113544829999569,0],[112.62309342800006,-7.1113530549999382,0],[112.6231034220001,-7.1113559099999293,0],[112.62312829100006,-7.1113737929999274,0],[112.62313711900003,-7.1113866009999356,0],[112.62313994700003,-7.1113933869999642,0],[112.6231476800001,-7.1114101619999701,0],[112.62315481900009,-7.1114158739999311,0],[112.62316624000005,-7.1114158739999311,0],[112.62319051100008,-7.1114112329999557,0],[112.62320336000005,-7.1113987419999489,0],[112.62321049800005,-7.1113887469999781,0],[112.62321192600007,-7.1113758989999383,0],[112.62319497500005,-7.1113330209999503,0],[112.62319051100008,-7.1113160539999285,0],[112.62317861300005,-7.111271439999939,0],[112.62318158800008,-7.1112446719999411,0],[112.62319645900004,-7.1112297989999433,0],[112.6232063220001,-7.1112265109999271,0],[112.62324218400011,-7.1112258329999349,0],[112.6232564610001,-7.1112222639999345,0],[112.62327073800009,-7.1112127459999783,0],[112.62329096300004,-7.1111865729999408,0],[112.62329810200004,-7.1111782449999623,0],[112.62330762000011,-7.1111746749999725,0],[112.62339922900003,-7.1111818129999733,0],[112.62343730000009,-7.111183002999951,0],[112.62345990500012,-7.1111853829999632,0],[112.62348132000011,-7.1111948999999299,0],[112.62350630500009,-7.1112008489999425,0],[112.62356460100011,-7.1112210739999568,0],[112.62362884700008,-7.1112305929999593,0],[112.6236692980001,-7.1112377309999601,0],[112.62372640500007,-7.1112401099999261,0],[112.62378827100008,-7.1112401099999261,0],[112.62385727500009,-7.1112353519999374,0],[112.62397624800008,-7.1112401099999261,0],[112.62403097600009,-7.1112472479999269,0],[112.62406666800007,-7.1112567659999399,0],[112.6240928420001,-7.1112805619999335,0],[112.6240999800001,-7.1113138729999719,0],[112.6240999800001,-7.111359082999968,0],[112.62410711900009,-7.1113876369999502,0],[112.62414994900007,-7.1114328469999464,0],[112.62420229700001,-7.1114447449999716,0],[112.62424274800003,-7.1114542609999489,0],[112.62428081900009,-7.1114542609999489,0],[112.62431889100003,-7.1114471229999481,0],[112.62434506500006,-7.111420948999978,0],[112.62435934100006,-7.1113995339999292,0],[112.62436172100001,-7.1113662209999688,0],[112.62436172100001,-7.1113210119999621,0],[112.62436410000009,-7.1112781809999319,0],[112.62438075700004,-7.1112615259999643,0],[112.62455921600008,-7.1112710429999311,0],[112.62528971100005,-7.1113257699999508,0],[112.62576084400007,-7.1113519449999671,0],[112.62582746900011,-7.1113519449999671,0],[112.62587267900005,-7.1113567039999452,0],[112.62589647300001,-7.1113781189999372,0],[112.62590123200005,-7.1114019129999519,0],[112.62588219600002,-7.1114376059999813,0],[112.6258631610001,-7.1114709179999522,0],[112.62586792000002,-7.1115185079999605,0],[112.62587505800002,-7.1115565789999664,0],[112.62588933500001,-7.1115827529999365,0],[112.62591550900004,-7.1116017879999731,0],[112.6259535800001,-7.1116208249999318,0],[112.62599879000004,-7.1116232029999651,0],[112.62605827700008,-7.1116208249999318,0],[112.62611062500002,-7.1116136859999415,0],[112.62614393700005,-7.1115994079999609,0],[112.62616297300008,-7.1115803729999811,0],[112.6261820090001,-7.1115589579999323,0],[112.62619390600003,-7.1115351629999282,0],[112.62620104400003,-7.1114923339999336,0],[112.62619390600003,-7.111459019999927,0],[112.62620104400003,-7.1114233279999439,0],[112.6262105620001,-7.1113995339999292,0],[112.62622959800001,-7.1113686019999705,0],[112.62743265300003,-7.111443870999949,0],[112.62751260300001,-7.1114514859999645,0],[112.62757732400007,-7.1114552929999491,0],[112.62761158900003,-7.1114629069999751,0],[112.62763062400006,-7.1114762319999727,0],[112.62764014200002,-7.111506689999942,0],[112.62764394900012,-7.1115447599999584,0],[112.62765537100006,-7.1115999649999253,0],[112.62771057400005,-7.1116799149999679,0],[112.62774103100003,-7.1117103719999477,0],[112.62778862100004,-7.1117275039999299,0],[112.62784192100003,-7.1117275039999299,0],[112.62794090600005,-7.1117046599999298,0],[112.62799801300002,-7.1116875279999476,0],[112.62807605900002,-7.1116761059999476,0],[112.62817314200004,-7.1116703959999654,0],[112.62827974100003,-7.1116780109999809,0],[112.62836159500011,-7.111683720999963,0],[112.62840728000003,-7.1116951429999631,0],[112.62848152000004,-7.1116970459999607,0],[112.62855956600004,-7.1116799149999679,0],[112.62865284100008,-7.1116494559999524,0],[112.62871756200002,-7.1116380359999312,0],[112.62878609100005,-7.1116285169999287,0],[112.62884890800001,-7.1116247099999441,0],[112.62889269100003,-7.1116132889999335,0],[112.62892505100001,-7.1115714099999536,0],[112.62893647300007,-7.1115352419999454,0],[112.62894599000003,-7.1113391759999445,0],[112.62894028000005,-7.111329656999942,0],[112.62893587800011,-7.1113101849999794,0],[112.62892873900012,-7.1112935299999549,0],[112.62891446300011,-7.1112721139999735,0],[112.62888590900002,-7.1112554569999702,0],[112.62886211400007,-7.1112411809999685,0],[112.62881690500001,-7.1112364229999798,0],[112.62875979800003,-7.1112292829999433,0],[112.62868127500008,-7.1112292829999433,0],[112.6286098920001,-7.1112221449999424,0],[112.62851709300003,-7.1112173869999538,0],[112.62839098100005,-7.1112269039999774,0],[112.62832435600001,-7.1112292829999433,0],[112.62827914600007,-7.1112221449999424,0],[112.62821728100005,-7.1112031089999732,0],[112.62814351700001,-7.1111935919999496,0],[112.62806737400001,-7.1111888329999715,0],[112.62798647300008,-7.1111816939999812,0],[112.62786512000002,-7.1111697979999349,0],[112.6277699420001,-7.1111721759999682,0],[112.6277009370001,-7.1111650379999674,0],[112.62764621000008,-7.1111578999999665,0],[112.62753913400002,-7.1111602799999787,0],[112.62735591600006,-7.1111436239999648,0],[112.62718221500006,-7.1111269669999615,0],[112.62707989800003,-7.1111245869999493,0],[112.62698709900008,-7.1111222089999728,0],[112.6269299920001,-7.1111222089999728,0],[112.62686812600009,-7.1111293459999274,0],[112.62678484500009,-7.1111150689999363,0],[112.62671584100008,-7.1111079309999354,0],[112.62664445700011,-7.1111031719999573,0],[112.62657545200011,-7.1110960339999565,0],[112.6265064480001,-7.1111126909999598,0],[112.62646837700004,-7.1111198289999606,0],[112.62643268500005,-7.1111103109999476,0],[112.62639937200004,-7.1110817579999548,0],[112.62636606000001,-7.1110698589999402,0],[112.62631371200007,-7.1110627219999287,0],[112.62621615400008,-7.1110627219999287,0],[112.62618760000009,-7.1110698589999402,0],[112.62610431900009,-7.1110769979999304,0],[112.62606148900011,-7.1110984129999792,0],[112.62602293900011,-7.1111093489999462,0],[112.62597582800004,-7.1110817579999548,0],[112.62594251600001,-7.1110651009999515,0],[112.62590444400007,-7.1110627219999287,0],[112.62586875200009,-7.1110769979999304,0],[112.62583804600001,-7.1111010839999267,0],[112.6258020790001,-7.111099893999949,0],[112.62573312300003,-7.1110793779999426,0],[112.62570457000004,-7.1110627219999287,0],[112.6256664980001,-7.1110508239999604,0],[112.62559511400002,-7.1110460649999254,0],[112.62554038700011,-7.1110413069999368,0],[112.62548565900011,-7.1110508239999604,0],[112.62545472600004,-7.1110579619999612,0],[112.62536157300008,-7.1110853309999698,0],[112.62535300400009,-7.1110850479999499,0],[112.62515986400001,-7.1110718329999258,0],[112.62510970400001,-7.1110413069999368,0],[112.62507163300006,-7.1110127529999545,0],[112.62505671100007,-7.1110010269999293,0],[112.6250077410001,-7.110980139999981,0],[112.62499311100009,-7.1109770599999251,0],[112.62492886500002,-7.1109675429999584,0],[112.62487413800011,-7.1109723019999365,0],[112.6248194100001,-7.1109889579999503,0],[112.62478133900004,-7.1110079929999301,0],[112.62475278500006,-7.1110222699999781,0],[112.62471707800012,-7.1110415369999487,0],[112.62444880900011,-7.1110231819999399,0],[112.62335112400001,-7.1109621109999352,0],[112.62325022700009,-7.110958357999948,0],[112.62297611300005,-7.1109393229999682,0],[112.62281811700007,-7.1109374189999812,0],[112.62279770300006,-7.1109346969999478,0],[112.62276101000009,-7.1109298039999658,0],[112.62270390300012,-7.110924094999973,0],[112.62267534900002,-7.1109050579999575,0],[112.6226810600001,-7.1108746009999777,0],[112.62270199900001,-7.1108612759999801,0],[112.62273436000009,-7.1108612759999801,0],[112.6227591060001,-7.1108517589999565,0],[112.62277243100004,-7.1108232049999742,0],[112.62277243100004,-7.11079084499994,0],[112.6227591060001,-7.1107660969999529,0],[112.62274768500004,-7.1107451579999292,0],[112.62274958800003,-7.110729929999934,0],[112.62277433500003,-7.1107147019999388,0],[112.62280715500003,-7.1107033789999718,0],[112.62283905600009,-7.1106861479999566,0],[112.62286380300009,-7.1106671119999305,0],[112.62286761000007,-7.1106366549999507,0],[112.62285999500011,-7.1106081019999579,0],[112.62284857400005,-7.1105947759999708,0],[112.62282969300009,-7.1105990279999673,0],[112.62280288800002,-7.1106061989999603,0],[112.62278956300008,-7.1105909689999294,0],[112.62279717800004,-7.110568126999965,0],[112.62281811700007,-7.1105471869999519,0],[112.62284844100009,-7.1105122239999332,0],[112.62287141700006,-7.1104691409999532,0],[112.62289997000005,-7.1104196489999367,0],[112.62291519900009,-7.110385383999926,0],[112.62293613800011,-7.1103454099999794,0],[112.62295898100001,-7.1103263739999534,0],[112.62298182400002,-7.1102730739999629,0],[112.62299324500009,-7.1102502309999522,0],[112.62301228100011,-7.11022167699997,0],[112.62303131700003,-7.1102026409999439,0],[112.62305225600005,-7.1101931239999772,0],[112.62306558100011,-7.1101778949999357,0],[112.62307319500007,-7.110153147999938,0],[112.62307129200008,-7.1101150769999322,0],[112.62307319500007,-7.1100846199999523,0],[112.62308461700002,-7.1100579699999571,0],[112.62310174900006,-7.1100446449999595,0],[112.62311507400011,-7.1100256099999797,0],[112.62312649500007,-7.1100008629999252,0],[112.62313601300002,-7.1099627909999299,0],[112.62314743400009,-7.1099190099999419,0],[112.62315504900005,-7.109879034999949,0],[112.62315504900005,-7.1098066999999787,0],[112.62314743400009,-7.1097781449999502,0],[112.62313364900001,-7.1097634409999273,0],[112.6231188810001,-7.1097476879999704,0],[112.62309603800009,-7.1097305559999313,0],[112.62307700200006,-7.1097172309999337,0],[112.62306558100011,-7.1096943879999799,0],[112.62304464200008,-7.1096620279999456,0],[112.62303131700003,-7.1096334739999634,0],[112.62304083400011,-7.1095915959999729,0],[112.62305415900005,-7.1095287789999588,0],[112.62306177400001,-7.1094811899999399,0],[112.62308080900004,-7.1094431169999552,0],[112.6230922310001,-7.1094107569999778,0],[112.62310936300003,-7.1093802989999517,0],[112.6231188810001,-7.1093517459999589,0],[112.62313982000001,-7.1093327099999328,0],[112.62317366900004,-7.1093309449999538,0],[112.62320263800007,-7.10931557899994,0],[112.623217866,-7.10929273499994,0],[112.62321405900002,-7.109260375999952,0],[112.62320857400005,-7.1092475769999623,0],[112.62320263800007,-7.1092337249999673,0],[112.62320073400008,-7.1092184959999258,0],[112.62320834900004,-7.1092127849999542,0],[112.62323109500005,-7.1092049089999705,0],[112.62326355200003,-7.109188038999946,0],[112.62327687700008,-7.1091613889999508,0],[112.62329400900001,-7.1091195109999603,0],[112.62330930300004,-7.1090567269999383,0],[112.62335644100006,-7.10896741199997,0],[112.62335734500004,-7.1089381919999255,0],[112.62334171700002,-7.1088785899999607,0],[112.62333576900005,-7.1088518219999628,0],[112.62334171700002,-7.1088101809999671,0],[112.62334469200005,-7.1087655659999314,0],[112.62334171700002,-7.1087179759999799,0],[112.62333576900005,-7.1086674129999778,0],[112.62335064000001,-7.1086168499999758,0],[112.62336996800002,-7.1085301799999456,0],[112.62341012700006,-7.108503824999957,0],[112.62342797300005,-7.1084770559999697,0],[112.62343094700009,-7.1084592099999782,0],[112.62343392100001,-7.108420543999955,0],[112.62342797300005,-7.1083937759999571,0],[112.62341905000005,-7.1083610569999678,0],[112.62340715200003,-7.1083223909999447,0],[112.62337935000005,-7.1082269049999809,0],[112.6234041780001,-7.1081706999999597,0],[112.62342202400009,-7.1081141889999344,0],[112.62342797300005,-7.1079981899999325,0],[112.62344581900004,-7.107947625999941,0],[112.62347556200007,-7.1079268059999663,0],[112.62351125400005,-7.1079178829999705,0],[112.62352612600012,-7.1078940889999558,0],[112.62352612600012,-7.107879215999958,0],[112.62351720300001,-7.1078643459999284,0],[112.62348151100002,-7.1078524479999601,0],[112.62345771600008,-7.1078256789999728,0],[112.62345474200004,-7.1077989109999749,0],[112.62345176700001,-7.1077542949999497,0],[112.62344581900004,-7.1077245509999329,0],[112.62342797300005,-7.1076829109999267,0],[112.62341607500002,-7.107635322999954,0],[112.62341115600009,-7.1075736979999533,0],[112.62344581900004,-7.1075133739999501,0],[112.62347556200007,-7.107477681999967,0],[112.62350233100005,-7.1074598369999649,0],[112.62354099700008,-7.1074360429999501,0],[112.62358237100011,-7.1073687189999646,0],[112.62357344800012,-7.107330051999952,0],[112.62357047400008,-7.1072646169999416,0],[112.62356452500001,-7.1072229769999353,0],[112.62357642200004,-7.1071872849999522,0],[112.62359129400011,-7.1071664649999775,0],[112.62362401100006,-7.1071367209999607,0],[112.62364780600001,-7.1071040049999397,0],[112.62364780600001,-7.1070802089999461,0],[112.62363293400006,-7.1070474909999461,0],[112.62361211400003,-7.1069969289999335,0],[112.6236002170001,-7.1069642109999336,0],[112.62359650500002,-7.1068890939999392,0],[112.62361327600001,-7.1068271469999331,0],[112.62361635200011,-7.106815787999949,0],[112.62362704600002,-7.1067762849999667,0],[112.62366862600004,-7.1067203149999614,0],[112.62371919000009,-7.1066400099999782,0],[112.62373406200004,-7.1065864709999573,0],[112.62375190700004,-7.1065091379999785,0],[112.62375785600011,-7.1064645239999322,0],[112.62376083000004,-7.1063871909999534,0],[112.62378165100006,-7.1063306799999282,0],[112.62380544500002,-7.1063039099999514,0],[112.62382626600004,-7.1062920129999725,0],[112.62384708600007,-7.1063009349999788,0],[112.62385303500002,-7.1063247309999724,0],[112.62386493200006,-7.1063604229999555,0],[112.62388872600002,-7.1063782679999576,0],[112.62392739300003,-7.1063812419999408,0],[112.62394821300006,-7.106372318999945,0],[112.62398390500005,-7.1063425759999745,0],[112.62400472500008,-7.1063068839999346,0],[112.62402257100007,-7.1062682179999683,0],[112.62401959700003,-7.1062354999999684,0],[112.62401067400003,-7.1062027829999579,0],[112.62399877700011,-7.1061730389999411,0],[112.62396903300009,-7.1061462719999327,0],[112.62394821300006,-7.1061254509999685,0],[112.62393036700007,-7.1060957069999517,0],[112.62393334100011,-7.1060838099999728,0],[112.62395713600006,-7.1060659639999812,0],[112.62399877700011,-7.1060629889999518,0],[112.62403149400006,-7.1060600149999686,0],[112.62407908300008,-7.1060570419999749,0],[112.6241177500001,-7.1060570419999749,0],[112.62413559600009,-7.1060451429999603,0],[112.62414451900008,-7.1060183759999518,0],[112.62413559600009,-7.1059886309999456,0],[112.62411180100003,-7.105970784999954,0],[112.62409098100011,-7.1059678109999709,0],[112.62407610900004,-7.1059469919999287,0],[112.62408800600008,-7.1059202229999414,0],[112.62410585200007,-7.1058845299999689,0],[112.62412072400002,-7.1058309929999268,0],[112.62412072400002,-7.1057744799999796,0],[112.6241177500001,-7.1057328399999733,0],[112.6241177500001,-7.105691199999967,0],[112.62411314700012,-7.1056503919999727,0],[112.62412837500005,-7.1056275479999726,0],[112.62413218300003,-7.1056104159999336,0],[112.62413979700011,-7.1055723449999277,0],[112.62415312200005,-7.1055285629999503,0],[112.62418167500005,-7.1054790699999444,0],[112.62420642200004,-7.1054371909999645,0],[112.62422355400008,-7.1053991199999587,0],[112.62423116800005,-7.1052982319999387,0],[112.62423878200002,-7.1052582559999564,0],[112.62424734900003,-7.105199693999964,0],[112.62426398200012,-7.105167043999927,0],[112.6242977930001,-7.1051211989999388,0],[112.62431873200001,-7.1050755129999743,0],[112.62433586400005,-7.1050374419999685,0],[112.62436441800003,-7.1049860449999755,0],[112.62441010400005,-7.1048604099999579,0],[112.62444056100003,-7.1048071099999675,0],[112.62446150000005,-7.1047480989999485,0],[112.62449766800012,-7.1046148499999617,0],[112.6245122250001,-7.1045389449999448,0],[112.62451223000005,-7.1045389199999249,0],[112.62452431800011,-7.1044758889999571,0],[112.62452601300004,-7.1044158669999433,0],[112.62453172400001,-7.1043930249999789,0],[112.62454124200008,-7.1043720859999553,0],[112.6245640840001,-7.1043435309999268,0],[112.6245963990001,-7.1043187669999384,0],[112.62460511000006,-7.1043092169999795,0],[112.62462144300002,-7.1042754189999755,0],[112.62463122400004,-7.1042386229999579,0],[112.62463140700004,-7.1042302559999371,0],[112.62463212200009,-7.1041976099999715,0],[112.62463070900003,-7.1041893419999269,0],[112.62463451600001,-7.1041684029999601,0],[112.62464784100007,-7.1041512709999779,0],[112.62465545600003,-7.1041455609999389,0],[112.62468244400009,-7.1041228779999415,0],[112.62469157800001,-7.1041036599999643,0],[112.6247047170001,-7.1040760169999544,0],[112.62473350200003,-7.1040541899999425,0],[112.6247677660001,-7.1040370579999603,0],[112.6247925130001,-7.1040237319999733,0],[112.62482487300008,-7.1040027929999496,0],[112.62485533000006,-7.1039761439999438,0],[112.62487627000007,-7.1039513959999567,0],[112.62488198000005,-7.1039266499999485,0],[112.62487627000007,-7.1038961929999687,0],[112.62486294500002,-7.1038562179999758,0],[112.62486484800002,-7.1038124369999309,0],[112.62488388400004,-7.1037743649999356,0],[112.62490863000005,-7.1037439069999664,0],[112.62493337700005,-7.1037248719999297,0],[112.62495431600007,-7.1037039329999629,0],[112.62496573700003,-7.1036810889999629,0],[112.62496764100001,-7.1036563429999546,0],[112.62496193000004,-7.103635403999931,0],[112.62495431600007,-7.1036125609999772,0],[112.62495812300006,-7.1035840079999275,0],[112.62496383400003,-7.1035668759999453,0],[112.62497715900008,-7.1035459369999785,0],[112.62499809800011,-7.1035154799999418,0],[112.62501523000003,-7.1034964439999726,0],[112.62503807300004,-7.1034697929999311,0],[112.62506091600005,-7.1034317219999252,0],[112.62506853000002,-7.1034031689999324,0],[112.62507043400001,-7.1033593859999655,0],[112.62507804800009,-7.1033156039999312,0],[112.62508756600005,-7.1032927619999668,0],[112.62511995800003,-7.1032401869999262,0],[112.62515093100001,-7.103216730999975,0],[112.62517132300002,-7.1031728379999777,0],[112.62520939400008,-7.103138572999967,0],[112.62523223700009,-7.1031309579999515,0],[112.62526720000005,-7.1031286829999658,0],[112.62531218700008,-7.1031100189999279,0],[112.6253578730001,-7.1030852729999765,0],[112.62539784800003,-7.1030567189999374,0],[112.62544308800011,-7.1029958019999526,0],[112.625481605,-7.1029406019999328,0],[112.62550064000004,-7.102908240999966,0],[112.62552348300005,-7.1028853979999553,0],[112.6255634580001,-7.1028587489999495,0],[112.6256148540001,-7.1028378089999364,0],[112.62567301500007,-7.102824648999956,0],[112.62575000800007,-7.1027959299999566,0],[112.62578807900002,-7.1027787979999744,0],[112.6258223430001,-7.1027464379999401,0],[112.62587670400001,-7.1026730269999803,0],[112.62589467900011,-7.1026246089999745,0],[112.62593655800003,-7.1025751159999686,0],[112.6259765320001,-7.1025332369999319,0],[112.62602031500001,-7.1024932629999284,0],[112.62606790400002,-7.1024589979999746,0],[112.62611739700003,-7.1024475779999534,0],[112.6261949420001,-7.1024361359999375,0],[112.6262563570001,-7.1024323479999794,0],[112.62629633200004,-7.1024266389999298,0],[112.62634011400007,-7.1024095059999581,0],[112.62637628200002,-7.1023771449999344,0],[112.62639722100005,-7.1023485909999522,0],[112.62640673900012,-7.1023067129999617,0],[112.62640795300001,-7.1022775739999702,0],[112.6264086430001,-7.1022610279999299,0],[112.62641625700007,-7.1022419919999606,0],[112.62643148500001,-7.1022343769999452,0],[112.62645242500002,-7.102228666999963,0],[112.62649577400009,-7.1022122019999756,0],[112.62653762200011,-7.1021810509999455,0],[112.62655721500005,-7.1021620249999273,0],[112.62657996400003,-7.102114452999956,0],[112.62658567500011,-7.10209541699993,0],[112.62659709600007,-7.1020763819999502,0],[112.62661422800011,-7.1020611519999761,0],[112.62663516700002,-7.1020478269999785,0],[112.62665420300004,-7.1020402139999419,0],[112.62667359400007,-7.1020201429999474,0],[112.62669988900007,-7.102000238999949,0],[112.62672273100009,-7.1019240949999585,0],[112.62672463500007,-7.1018955429999551,0],[112.62672273100009,-7.1018574719999492,0],[112.62671103100001,-7.1018268979999561,0],[112.62669608200008,-7.1017870379999408,0],[112.62668846700001,-7.1017641969999659,0],[112.62669227400011,-7.1017546779999634,0],[112.62670921200004,-7.1017414379999764,0],[112.62673034600004,-7.1017451609999398,0],[112.62673986400011,-7.1017413539999552,0],[112.62675128500007,-7.101724221999973,0],[112.62675128500007,-7.1017051859999469,0],[112.6267455740001,-7.1016899559999729,0],[112.62673605600003,-7.1016633079999565,0],[112.62673422300008,-7.1016351539999505,0],[112.62672273100009,-7.1015890669999635,0],[112.62672653900006,-7.1015509969999471,0],[112.6267436710001,-7.1015262499999494,0],[112.62677032100009,-7.1015091169999778,0],[112.62679697100009,-7.1014938889999257,0],[112.62682742800007,-7.1014653349999435,0],[112.62685978800005,-7.1014367819999507,0],[112.62688453500004,-7.101412034999953,0],[112.62690929300004,-7.1013788599999543,0],[112.62693189800007,-7.1013693429999307,0],[112.6269473640001,-7.1013681519999636,0],[112.62696996900002,-7.1013752909999539,0],[112.62699019500008,-7.1013859979999552,0],[112.62704249100011,-7.1014049149999323,0],[112.62708418300008,-7.1014014659999702,0],[112.62711154700003,-7.1014014659999702,0],[112.62713891100009,-7.1014050339999812,0],[112.62716389500008,-7.1014157419999719,0],[112.62718293100011,-7.1014312079999513,0],[112.62720910500002,-7.1014431049999303,0],[112.62723884800005,-7.1014454849999424,0],[112.62725907400011,-7.1014466739999307,0],[112.6272876270001,-7.1014550029999555,0],[112.62731499100005,-7.1014597619999336,0],[112.62733997600003,-7.1014561919999437,0],[112.62737447800009,-7.101441915999942,0],[112.62739827200005,-7.1014252589999387,0],[112.62741968700004,-7.1014002759999357,0],[112.62744110300002,-7.10135863499994,0],[112.62746251800002,-7.1013158039999666,0],[112.62748155300005,-7.1012313339999764,0],[112.62750653800003,-7.1011742269999445,0],[112.62751724500004,-7.1011385349999614,0],[112.62753033200011,-7.1010885659999303,0],[112.6275410400001,-7.1010612019999257,0],[112.62755027600008,-7.101036573999977,0],[112.62755029000004,-7.1010365349999347,0],[112.62756245500009,-7.1010040949999507,0],[112.62756721400001,-7.1009767309999461,0],[112.62757316300008,-7.1009493679999309,0],[112.62757265500011,-7.1009463209999808,0],[112.62756721400001,-7.1009136749999584,0],[112.62755769600005,-7.1008767939999302,0],[112.6275476400001,-7.1008477419999281,0],[112.62754698900005,-7.1008458619999715,0],[112.62752676300011,-7.1008042199999295,0],[112.62748631200009,-7.1007780469999489,0],[112.62745537900003,-7.1007578209999451,0],[112.62743158500007,-7.1007292669999629,0],[112.62740898000004,-7.1006935749999798,0],[112.6273673390001,-7.1006102939999778,0],[112.62734592400011,-7.1005698429999597,0],[112.62733164700001,-7.1005305829999656,0],[112.627324509,-7.1005020279999371,0],[112.62731023200001,-7.1004782339999792,0],[112.62729476600009,-7.1004484909999519,0],[112.62729000700006,-7.1004318339999486,0],[112.62728881700002,-7.1004151779999347,0],[112.62727477800001,-7.100390177999941,0],[112.6272538390001,-7.1003730459999588,0],[112.62723480300008,-7.1003540099999327,0],[112.62721576800004,-7.1003292639999813,0],[112.62719292500003,-7.1003083249999577,0],[112.62715866100007,-7.1002873849999446,0],[112.62712439600011,-7.1002626399999258,0],[112.62709203600002,-7.1002264719999744,0],[112.62707871100008,-7.1002074349999589,0],[112.62704444600001,-7.1001807849999636,0],[112.62702160400011,-7.100157941999953,0],[112.62700827900005,-7.1001293889999602,0],[112.6269987610001,-7.1001046429999519,0],[112.62697972500007,-7.1000760899999591,0],[112.6269454610001,-7.100053245999959,0],[112.62690929300004,-7.1000323069999354,0],[112.62685218600006,-7.0999923319999425,0],[112.62680079000006,-7.0999656819999473,0],[112.62676462200011,-7.0999428389999366,0],[112.62673606800001,-7.0999218999999698,0],[112.62669364700002,-7.0998992759999737,0],[112.62667896100004,-7.0998914439999794,0],[112.62664469700007,-7.099883828999964,0],[112.62660662600001,-7.0998857319999615,0],[112.6265875900001,-7.099883828999964,0],[112.62656474700009,-7.0998819249999769,0],[112.62653809700009,-7.0998590829999557,0],[112.62652477200004,-7.099824817999945,0],[112.62652667600003,-7.0997981689999392,0],[112.62653429000011,-7.0997810359999676,0],[112.62655332600002,-7.0997562889999699,0],[112.62655332600002,-7.0997296409999535,0],[112.62654380800006,-7.0997144109999795,0],[112.62652477200004,-7.0997048929999664,0],[112.62650192900003,-7.0996953749999534,0],[112.62648099,-7.0996687249999582,0],[112.62647147200005,-7.0996458819999475,0],[112.62645434000001,-7.0996230399999263,0],[112.62641351200011,-7.0996012689999475,0],[112.626590136,-7.0991289939999547,0],[112.62682396900004,-7.0985037419999344,0],[112.62686680000002,-7.0985114739999631,0],[112.62688702500009,-7.0985150439999529,0],[112.62690487100008,-7.0985221819999538,0],[112.62691914800007,-7.0985293199999546,0],[112.62693342500006,-7.0985352689999672,0],[112.62695484000005,-7.0985316999999668,0],[112.62695579300009,-7.0985312239999416,0],[112.62696911700004,-7.0985245609999765,0],[112.62698337500001,-7.0985168839999346,0],[112.62698458300008,-7.0985162329999412,0],[112.62699529100007,-7.0985150439999529,0],[112.62700956800006,-7.0985209919999761,0],[112.62702384400006,-7.0985281309999664,0],[112.62703812100006,-7.0985352689999672,0],[112.62706072600008,-7.0985459779999474,0],[112.62708809000003,-7.0985566839999592,0],[112.62710950500002,-7.0985578739999369,0],[112.62713805800001,-7.0985578739999369,0],[112.62716185300008,-7.0985614439999267,0],[112.62723087500001,-7.0985622099999546,0],[112.62727392500005,-7.098568557999954,0],[112.62727965700003,-7.0985696789999793,0],[112.62731647800001,-7.0985776829999736,0],[112.62736406800002,-7.0985910079999712,0],[112.62744401700002,-7.098602428999925,0],[112.62748970300004,-7.0985967199999322,0],[112.62751247100005,-7.0985903939999275,0],[112.62753246400007,-7.0985787039999764,0],[112.62754681000001,-7.098564357999976,0],[112.62756965300002,-7.0985339019999287,0],[112.62759059200005,-7.0985072509999441,0],[112.62759517000006,-7.0985038179999265,0],[112.62761343500006,-7.0984901189999619,0],[112.62763437400008,-7.0984672759999512,0],[112.62765341000011,-7.0984387219999689,0],[112.62767434900002,-7.0983949399999346,0],[112.62770099900001,-7.0983587729999726,0],[112.62773336000009,-7.0983187979999798,0],[112.62774247700008,-7.0983123629999341,0],[112.62776572100006,-7.0982959559999586,0],[112.62779427400005,-7.0982826299999715,0],[112.62780424000005,-7.0982813309999528,0],[112.62783805600009,-7.0982769199999325,0],[112.62789326000006,-7.0982807259999277,0],[112.62790305300007,-7.0982816589999516,0],[112.62797321000005,-7.0982883399999537,0],[112.6280131850001,-7.0983054729999253,0],[112.62803222000002,-7.0983302189999335,0],[112.62803602700001,-7.0983625799999572,0],[112.6280396300001,-7.0983931969999503,0],[112.6280398350001,-7.0983949399999346,0],[112.62806077400001,-7.0984311079999429,0],[112.62808361700002,-7.098461565999969,0],[112.62811407400011,-7.0984939259999464,0],[112.62812757200004,-7.0985021209999672,0],[112.6281673740001,-7.0985262869999701,0],[112.62819212000011,-7.0985453219999499,0],[112.62821305900002,-7.0985776829999736,0],[112.62823015300012,-7.0985947759999704,0],[112.62823970900001,-7.0986043329999688,0],[112.62828158800005,-7.0986385969999333,0],[112.62832248500001,-7.098656124999934,0],[112.62833488800004,-7.0986614399999439,0],[112.62838818800003,-7.098684283999944,0],[112.62848146200008,-7.0987033189999806,0],[112.62852905200009,-7.0987185469999758,0],[112.62856712300004,-7.0987299689999759,0],[112.6285968740001,-7.0987452559999724,0],[112.62860876000002,-7.098751363999952,0],[112.62865911900008,-7.0987780629999406,0],[112.62868053400007,-7.0987909119999699,0],[112.62869909400001,-7.0988009059999513,0],[112.62872907500002,-7.0988194659999522,0],[112.62874763500008,-7.0988323159999709,0],[112.62877904400011,-7.0988465919999726,0],[112.62881901900005,-7.0988565869999434,0],[112.62885613800006,-7.0988622959999361,0],[112.62892466700009,-7.0988794289999646,0],[112.62897035200001,-7.0988951339999744,0],[112.62900747200001,-7.0989065539999388,0],[112.62904887500008,-7.0989236859999778,0],[112.62909741600004,-7.0989479579999397,0],[112.62912596900003,-7.0989622339999414,0],[112.62920020800004,-7.0989779379999618,0],[112.62922876200003,-7.0989836489999334,0],[112.62928586900011,-7.0989907869999342,0],[112.62933012700012,-7.0989922149999529,0],[112.6293729570001,-7.0989964989999521,0],[112.62941864300001,-7.0990007809999724,0],[112.62948574400002,-7.0990150579999636,0],[112.62951429700001,-7.0990207689999352,0],[112.62954856200008,-7.0990293339999653,0],[112.62959139200007,-7.0990393279999466,0],[112.62968188500008,-7.0990545329999577,0],[112.62983181800007,-7.0990972709999483,0],[112.62988977600003,-7.0991035749999583,0],[112.62992546800001,-7.0991035749999583,0],[112.62995830500006,-7.0991064289999599,0],[112.63000256300006,-7.09911785099996,0],[112.63002255000004,-7.0991235609999421,0],[112.63005110400002,-7.0991364109999608,0],[112.63007537400006,-7.0991592539999715,0],[112.63008179400003,-7.0991685259999713,0],[112.63008822300003,-7.0991778129999261,0],[112.63010250000002,-7.099202082999966,0],[112.63012391500001,-7.0992392029999678,0],[112.63013962000002,-7.0992706119999411,0],[112.63015675200006,-7.0992905999999607,0],[112.63018673300007,-7.0993091589999722,0],[112.63021385900004,-7.0993177249999349,0],[112.6302466950001,-7.0993220079999446,0],[112.63027524900008,-7.0993248629999357,0],[112.63032379000003,-7.0993291459999455,0],[112.63037375900001,-7.0993220079999446,0],[112.63040374000002,-7.0993148699999438,0],[112.6304751240001,-7.0992905999999607,0],[112.63053225500005,-7.0992798299999436,0],[112.63055934600004,-7.0992799619999687,0],[112.6306064580001,-7.0992801899999449,0],[112.63067214300008,-7.0992877439999802,0],[112.63077350800006,-7.099294881999981,0],[112.63088058400001,-7.0993005929999526,0],[112.63103612400005,-7.0993085839999708,0],[112.63104438000005,-7.0993082669999694,0],[112.63107293300004,-7.0993094559999577,0],[112.63111219500001,-7.0993142149999358,0],[112.63115145600011,-7.0993225429999711,0],[112.63119309600006,-7.0993273029999386,0],[112.63124306500004,-7.0993403899999521,0],[112.63127994700005,-7.0993499069999757,0],[112.63136917600002,-7.0993689439999343,0],[112.63139892000004,-7.0993760819999352,0],[112.63143461200002,-7.0993844089999811,0],[112.63147268300008,-7.0993939269999373,0],[112.63150718500003,-7.0994058249999625,0],[112.63156905100004,-7.0994141529999411,0],[112.63160474300003,-7.0994153429999756,0],[112.63163633600004,-7.0994139279999331,0],[112.63168945900009,-7.0994273959999532,0],[112.63173323400008,-7.0994272409999439,0],[112.63176773600003,-7.0994308089999549,0],[112.63180223800009,-7.0994367579999675,0],[112.63182484300012,-7.0994462759999806,0],[112.63184387900003,-7.099456982999925,0],[112.63187600200001,-7.0994641219999721,0],[112.6319402470001,-7.0994709299999386,0],[112.63200211300011,-7.0994795879999515,0],[112.6320163900001,-7.0994831569999519,0],[112.6320413740001,-7.09948791599993,0],[112.63207468700011,-7.099497433999943,0],[112.63209610200011,-7.0995069519999561,0],[112.63211037800011,-7.0995140909999463,0],[112.63213893200009,-7.099520039999959,0],[112.63216867500012,-7.099518848999935,0],[112.63219128000003,-7.0995176599999468,0],[112.63221745400006,-7.0995128999999793,0],[112.63224838700012,-7.0995128999999793,0],[112.63227575100007,-7.0995128999999793,0],[112.63230430500005,-7.0995128999999793,0],[112.63233285800004,-7.0995105219999459,0],[112.63235546300007,-7.0995057619999784,0],[112.63238996500002,-7.0994962439999654,0],[112.63242208800011,-7.0994795879999515,0],[112.63246729800005,-7.0994510339999692,0],[112.63248752300001,-7.0994403279999574,0],[112.6325160770001,-7.0994201019999537,0],[112.63253351100002,-7.0993977959999484,0],[112.63257794300011,-7.0993570469999554,0],[112.63259340900004,-7.0993392009999639,0],[112.63261482400003,-7.099321353999926,0],[112.63263267000002,-7.0993106459999353,0],[112.63266955200004,-7.0992963689999442,0],[112.63269096700003,-7.0992904219999673,0],[112.63271000300006,-7.0992856619999429,0],[112.63272784900005,-7.0992844729999547,0],[112.63274688400008,-7.0992844729999547,0],[112.63276235100011,-7.099283282999977,0],[112.6327769940001,-7.099285264999935,0],[112.63281148700003,-7.0992881599999578,0],[112.63282183700005,-7.0992916099999661,0],[112.63283730400008,-7.0992963689999442,0],[112.63285752900003,-7.0993035079999345,0],[112.63288013400006,-7.0993070769999349,0],[112.63291463600001,-7.0993058869999572,0],[112.63293724100004,-7.0992987489999564,0],[112.63297055400005,-7.0992809039999543,0],[112.63300148700012,-7.0992594879999729,0],[112.63302171200007,-7.0992452119999712,0],[112.6330514550001,-7.0992273649999333,0],[112.63308357800008,-7.0992023809999409,0],[112.63311689000011,-7.0991738279999481,0],[112.63317518700001,-7.0991214789999617,0],[112.63320968900007,-7.099089355999979,0],[112.63324895100004,-7.0990477159999728,0],[112.63329654000006,-7.0990001279999433,0],[112.63334056000008,-7.0989608659999703,0],[112.6333810110001,-7.098925172999941,0],[112.63342265100005,-7.0988871029999814,0],[112.63345001500011,-7.0988609289999545,0],[112.63347856900009,-7.0988335639999605,0],[112.63350474300012,-7.0988061999999559,0],[112.63352615800011,-7.0987812159999635,0],[112.63358207500005,-7.0987407649999454,0],[112.6336278550001,-7.0986936479999372,0],[112.63366711600008,-7.0986603359999663,0],[112.63369804900003,-7.0986317809999377,0],[112.63373374100001,-7.0985960889999546,0],[112.63377419200003,-7.098555638999926,0],[112.63380750400006,-7.098528273999932,0],[112.63385985200011,-7.0984783069999366,0],[112.63391577000004,-7.0984235779999381,0],[112.63394670300011,-7.0983950249999452,0],[112.63404188100003,-7.098323640999979,0],[112.63408947000005,-7.0982867589999614,0],[112.63412516200003,-7.098261774999969,0],[112.63415371600001,-7.0982415489999653,0],[112.63417989000004,-7.0982237029999737,0],[112.6342375370001,-7.0981757639999614,0],[112.63428553800009,-7.0981175799999505,0],[112.63430267000001,-7.0980909289999659,0],[112.63432551300002,-7.09806427999996,0],[112.63435025900003,-7.0980414369999494,0],[112.63437119900004,-7.0980204979999257,0],[112.63438412300002,-7.0980079179999507,0],[112.63440445900005,-7.097977794999963,0],[112.63440763700009,-7.0979699859999528,0],[112.63442109900006,-7.097936906999962,0],[112.63443299200003,-7.0978701739999792,0],[112.63443299700009,-7.0978701459999343,0],[112.63443715300002,-7.097746552999979,0],[112.63443907600004,-7.0976893829999312,0],[112.63444081300008,-7.0976377259999595,0],[112.6344625700001,-7.097552220999944,0],[112.63447018400007,-7.097489401999951,0],[112.63447018400007,-7.0974608489999582,0],[112.63446637700008,-7.097432294999976,0],[112.63446066600011,-7.0973675739999749,0],[112.63445649200003,-7.0971714939999515,0],[112.63445898900011,-7.0970972399999255,0],[112.63451468700009,-7.0954410369999437,0],[112.63456195100002,-7.0940356279999719,0],[112.63456520200009,-7.0939389539999524,0],[112.63456935000011,-7.0938154179999628,0],[112.63459412200007,-7.0930776139999807,0],[112.63459647200011,-7.0930053569999814,0],[112.63459657300007,-7.0930045219999442,0],[112.63459657800001,-7.0930044809999799,0],[112.63460572000008,-7.0929287469999736,0],[112.63461711600007,-7.0928835189999404,0],[112.63462092300006,-7.0928416399999605,0],[112.63462663400003,-7.0928035689999547,0],[112.63462853700003,-7.0927635939999618,0],[112.63462853700003,-7.0927179079999405,0],[112.63462092300006,-7.0926588979999678,0],[112.63462282700004,-7.0925751419999301,0],[112.63463234400001,-7.092436179999936,0],[112.63463044100001,-7.0923981099999764,0],[112.63463044100001,-7.0923467129999267,0],[112.63463044100001,-7.0922553409999409,0],[112.63464344400006,-7.0921290059999365,0],[112.63466125100001,-7.0919885779999277,0],[112.63466422500005,-7.0919350409999424,0],[112.63467017400001,-7.0918963749999762,0],[112.63467612300008,-7.09186662999997,0],[112.63468802000011,-7.0918339129999595,0],[112.6347058660001,-7.09178929899997,0],[112.63470884000003,-7.0917655029999764,0],[112.6347058660001,-7.0917149399999744,0],[112.63469991700003,-7.0916732989999787,0],[112.63468802000011,-7.0916138139999703,0],[112.63468802000011,-7.0915840699999535,0],[112.6347058660001,-7.0915186339999536,0],[112.63471776300003,-7.0914859179999326,0],[112.63472503600008,-7.0914204569999697,0],[112.63472390100003,-7.0913953969999284,0],[112.63471776300003,-7.0913728929999706,0],[112.63471776300003,-7.0913431489999539,0],[112.63473263500009,-7.0913015079999582,0],[112.63475393500005,-7.0912838079999574,0],[112.63476107300005,-7.0912683409999318,0],[112.63476226300008,-7.0912552539999751,0],[112.63475869400008,-7.0912385969999718,0],[112.63475512500008,-7.0912255109999478,0],[112.63475155500009,-7.0912171819999799,0],[112.63473357600003,-7.0911926859999426,0],[112.63472668600002,-7.0911706389999267,0],[112.63471776300003,-7.0911230489999753,0],[112.63471776300003,-7.091078434999929,0],[112.63473560900002,-7.0909743329999628,0],[112.63474453200001,-7.0909237699999608,0],[112.63474453200001,-7.0908791539999356,0],[112.63474453200001,-7.0908256169999504,0],[112.63473858300006,-7.0907720779999295,0],[112.63473263500009,-7.0907155669999611,0],[112.6347237120001,-7.0906798739999317,0],[112.63471181400007,-7.0906650019999802,0],[112.63469612900008,-7.0906587279999371,0],[112.63468207100004,-7.0906531049999444,0],[112.63467017400001,-7.0906203889999802,0],[112.63467017400001,-7.0905787469999382,0],[112.63467314800005,-7.0905400809999719,0],[112.63468504500008,-7.0905014159999382,0],[112.63469991700003,-7.0904686969999489,0],[112.6347058660001,-7.0904359789999489,0],[112.63469991700003,-7.0904032629999278,0],[112.63469396800008,-7.0903794669999343,0],[112.63469099400004,-7.0903437749999512,0],[112.63469099400004,-7.090329765999968,0],[112.63470318900011,-7.0902583829999344,0],[112.63470604400004,-7.0902298289999521,0],[112.63470890000008,-7.0901869999999576,0],[112.63471318300003,-7.0901584459999754,0],[112.63471318300003,-7.0901241809999647,0],[112.63472174900005,-7.0900984829999629,0],[112.63472509500002,-7.090088446999971,0],[112.63472888700005,-7.0900770669999815,0],[112.6347317420001,-7.0900228159999301,0],[112.63473317000012,-7.0899914069999568,0],[112.63473101200009,-7.0899719809999624,0],[112.63473100900001,-7.089971951999928,0],[112.63473031500007,-7.089965708999955,0],[112.63471889300001,-7.0899043189999702,0],[112.63471889300001,-7.0898643439999773,0],[112.63471889300001,-7.0898243689999276,0],[112.63471889300001,-7.089785820999964,0],[112.63471461000006,-7.0897429909999801,0],[112.63471603800008,-7.0897001619999287,0],[112.63472174900005,-7.0896687529999554,0],[112.6347317420001,-7.089611644999934,0],[112.63473031500007,-7.0895888019999802,0],[112.63473031500007,-7.0895702419999793,0],[112.63472942100009,-7.0895345019999354,0],[112.63474369900007,-7.0895159419999345,0],[112.63475478400005,-7.0895039329999463,0],[112.63476083100011,-7.0894973819999336,0],[112.6347751080001,-7.08947025599997,0],[112.63477796300003,-7.0894288529999585,0],[112.63477225300005,-7.0893903059999275,0],[112.63477368000008,-7.0893574699999249,0],[112.634783674,-7.0893203489999337,0],[112.63479509600006,-7.0892561039999578,0],[112.63479652300009,-7.0892104179999365,0],[112.63479509600006,-7.0891618779999703,0],[112.63480080600004,-7.0891276139999491,0],[112.63480223400006,-7.0890862099999481,0],[112.63480223400006,-7.0890505189999544,0],[112.63480223400006,-7.0890162539999437,0],[112.63480080600004,-7.0889834179999411,0],[112.63479937900001,-7.0889505809999491,0],[112.63480366200008,-7.0889263109999661,0],[112.63480508900011,-7.0889091779999376,0],[112.63480651700002,-7.0888849079999545,0],[112.63480362200005,-7.088853419999964,0],[112.63480362200005,-7.0888337889999775,0],[112.63480362200005,-7.0888183239999307,0],[112.63480659600009,-7.0887980969999376,0],[112.63480897600004,-7.0887766819999456,0],[112.63481016500009,-7.0887564569999313,0],[112.63480957100001,-7.0887344469999789,0],[112.63480897600004,-7.0887058929999398,0],[112.63480838100008,-7.0886838839999768,0],[112.63480719100005,-7.0886618739999676,0],[112.63480659600009,-7.0886392679999517,0],[112.63480540700004,-7.0886279659999332,0],[112.63480007100009,-7.0886123489999591,0],[112.63480051400006,-7.088603629999966,0],[112.63480093600003,-7.0885953239999253,0],[112.63480133700011,-7.088587428999972,0],[112.63480187900007,-7.0885767489999694,0],[112.63480224600005,-7.0885695269999474,0],[112.63479707800002,-7.0885637199999678,0],[112.63479350900002,-7.0885625309999796,0],[112.63478934500006,-7.0885619359999623,0],[112.63477975800004,-7.0885631339999691,0],[112.63476852500003,-7.0885655049999627,0],[112.63476436100007,-7.0885643149999282,0],[112.63476198100011,-7.0885601509999674,0],[112.63476138700003,-7.0885571769999274,0],[112.63476208100008,-7.0885429009999257,0],[112.63476208100008,-7.0885301609999374,0],[112.63476565000008,-7.088518262999969,0],[112.63477754700011,-7.0885063649999438,0],[112.63479063400007,-7.0885016059999657,0],[112.63480605600012,-7.0884945259999768,0],[112.6348132390001,-7.0884837609999636,0],[112.63482156700002,-7.0884730539999623,0],[112.63482513600002,-7.0884528279999586,0],[112.63482513600002,-7.0884373609999329,0],[112.63482156700002,-7.0884099979999746,0],[112.63481889200011,-7.0884017129999393,0],[112.63481400800003,-7.0883865869999454,0],[112.6348132390001,-7.0883683569999789,0],[112.63481799800002,-7.0883576489999314,0],[112.63483447400006,-7.0883456619999379,0],[112.63484095100011,-7.088321561999976,0],[112.63484096200011,-7.088321518999976,0],[112.63485016200002,-7.0882541479999759,0],[112.63484179200009,-7.0882041749999303,0],[112.63484536200008,-7.0881768109999257,0],[112.63485131000004,-7.0881649129999573,0],[112.63486452500001,-7.0881489759999567,0],[112.63488105400006,-7.0881387399999767,0],[112.63489057100003,-7.0881244619999393,0],[112.6348965200001,-7.0881089949999705,0],[112.6348965200001,-7.0880947189999688,0],[112.63489176100006,-7.0880780629999549,0],[112.63488819200006,-7.0880673549999642,0],[112.63488819200006,-7.0880590279999751,0],[112.63488819200006,-7.0880471299999499,0],[112.6348815020001,-7.0880246399999578,0],[112.63487973200006,-7.0880186889999663,0],[112.63487738900005,-7.087991021999926,0],[112.6348783410001,-7.0879729379999503,0],[112.63488349200009,-7.087947220999979,0],[112.63489452100009,-7.0879186859999663,0],[112.63489737700002,-7.0879015549999735,0],[112.63489547300003,-7.087885374999928,0],[112.63489928000001,-7.0878634839999677,0],[112.63490213600005,-7.0878282679999529,0],[112.63490118400011,-7.0878073269999504,0],[112.63490118400011,-7.0877892429999747,0],[112.63489928000001,-7.0877711609999778,0],[112.63488031800011,-7.087718797999969,0],[112.63486406400011,-7.0876931129999434,0],[112.63484502900008,-7.0876759809999612,0],[112.63483455900007,-7.0876674149999417,0],[112.63482504100011,-7.0876559939999311,0],[112.63482028200008,-7.0876455239999814,0],[112.63482123400001,-7.0876360059999683,0],[112.6348269450001,-7.0876236339999537,0],[112.63483075200008,-7.0876169699999423,0],[112.6348412210001,-7.0876084039999796,0],[112.63485454600004,-7.0876017419999471,0],[112.63486311200006,-7.0875950789999251,0],[112.63487842600011,-7.0875826519999805,0],[112.63488595500007,-7.0875684289999299,0],[112.63489261800009,-7.0875512969999477,0],[112.63490213600005,-7.0875275029999329,0],[112.63491641200005,-7.0875018049999312,0],[112.63492783400011,-7.0874827699999514,0],[112.63494020700011,-7.0874703959999579,0],[112.63494782100008,-7.0874513599999318,0],[112.6349544840001,-7.0874266149999698,0],[112.63495220300001,-7.0874072459999411,0],[112.63495339300005,-7.0873870209999268,0],[112.63496053200004,-7.0873548979999441,0],[112.63496291100012,-7.0873358619999749,0],[112.63496172100008,-7.0873049299999593,0],[112.63495339300005,-7.087275186999932,0],[112.63494625500005,-7.0872502019999501,0],[112.63492721900002,-7.0872073719999662,0],[112.63491294200003,-7.087195473999941,0],[112.63489985500007,-7.0871811969999499,0],[112.63487963000011,-7.0871764379999718,0],[112.63487279100002,-7.0871771979999494,0],[112.63485821500001,-7.0871788169999377,0],[112.63484155900005,-7.0871847659999503,0],[112.6348213330001,-7.08719190599993,0],[112.63480586700007,-7.0871930949999751,0],[112.63479515900008,-7.0871859569999742,0],[112.63479515900008,-7.0871716789999368,0],[112.63480348700011,-7.087160972999925,0],[112.63481657400007,-7.0871526429999676,0],[112.63483442000006,-7.0871443159999785,0],[112.63485345600009,-7.0871371779999777,0],[112.63486297400004,-7.0871312289999651,0],[112.63487545300006,-7.0871097269999268,0],[112.63487665600007,-7.0871012319999522,0],[112.6348791800001,-7.087083406999966,0],[112.63488047800001,-7.0870742409999252,0],[112.63488887300002,-7.0870496799999501,0],[112.63489271700007,-7.0870431889999281,0],[112.63489985500007,-7.0870312909999598,0],[112.6349153220001,-7.087011064999956,0],[112.63492840900005,-7.0869932199999539,0],[112.63494149600001,-7.0869765629999506,0],[112.63494982400005,-7.0869599079999261,0],[112.63496172100008,-7.0869396819999793,0],[112.63496529000008,-7.0869206469999426,0],[112.63496529000008,-7.086896850999949,0],[112.63496529000008,-7.0868754359999571,0],[112.63497004900012,-7.0868587809999326,0],[112.63497480800004,-7.0868385549999289,0],[112.63497480800004,-7.0868266569999605,0],[112.63497666400008,-7.0868008459999601,0],[112.6349780920001,-7.0867822859999592,0],[112.6349780920001,-7.0867565879999574,0],[112.63497952000012,-7.0867366019999736,0],[112.63497952000012,-7.0866866329999425,0],[112.63497952000012,-7.0866466579999496,0],[112.63497380900003,-7.0866166769999381,0],[112.63496667100003,-7.0865909789999364,0],[112.63495350300002,-7.0865718739999579,0],[112.63493811700005,-7.0865495749999354,0],[112.63493954500007,-7.0865338719999613,0],[112.63494668300007,-7.0865210219999426,0],[112.63495524900009,-7.0865138839999418,0],[112.63497204300006,-7.0864887459999295,0],[112.63498205500002,-7.0864438559999599,0],[112.63499236900009,-7.0863154359999498,0],[112.63501131500004,-7.0863126669999588,0],[112.63509801700002,-7.0863040149999392,0],[112.63509230600005,-7.0861169889999474,0],[112.63509373400007,-7.0860698769999431,0],[112.63506564900001,-7.0860690509999813,0],[112.63504519300011,-7.0860684489999812,0],[112.63504091000004,-7.0860613109999804,0],[112.63503377100005,-7.0860384679999697,0],[112.63503249700011,-7.0860211569999478,0],[112.63502892800011,-7.0859854639999753,0],[112.63502654900003,-7.0859450129999573,0],[112.63501941000004,-7.0859354959999337,0],[112.635003944,-7.0859331159999783,0],[112.63489210900002,-7.0859569119999719,0],[112.63488973000005,-7.0859426339999345,0],[112.63490400600006,-7.0859295469999779,0],[112.63491709300001,-7.0859188399999766,0],[112.63492780100012,-7.0859105109999518,0],[112.63494326800003,-7.0858974239999384,0],[112.63496825200002,-7.0858783889999586,0],[112.63499323600001,-7.0858653019999451,0],[112.63501822100011,-7.0858486449999418,0],[112.63504201500007,-7.0858248519999734,0],[112.63505153300002,-7.0858034349999457,0],[112.63506343000006,-7.0857665539999743,0],[112.63507413800005,-7.0857225339999559,0],[112.63508960400009,-7.0856868419999728,0],[112.63511577800011,-7.0856582879999337,0],[112.63513124500003,-7.085644011999932,0],[112.63514909100002,-7.08562259699994,0],[112.63516217800009,-7.0855928529999801,0],[112.63517169600004,-7.0855393149999486,0],[112.63519398500011,-7.0854936419999603,0],[112.63520482900003,-7.0854450209999413,0],[112.6352276130001,-7.0853596659999312,0],[112.63523604700003,-7.085326982999959,0],[112.6352361160001,-7.0853267139999616,0],[112.63523713100005,-7.0853227849999598,0],[112.63524260600002,-7.0852384479999273,0],[112.63527549500009,-7.0850754339999753,0],[112.63528342100005,-7.084985870999958,0],[112.63529780700003,-7.0849396909999314,0],[112.6353001870001,-7.0849170869999512,0],[112.63530256600006,-7.0848921019999693,0],[112.6353037560001,-7.0848659289999318,0],[112.63530613500006,-7.0848421339999277,0],[112.63530851500002,-7.0848230989999479,0],[112.63531327400005,-7.0847969229999421,0],[112.63531922200002,-7.0847802679999745,0],[112.63532636100001,-7.0847683699999493,0],[112.63533468900005,-7.0847564729999704,0],[112.63534063800012,-7.0847457649999797,0],[112.63534420700012,-7.0847338689999333,0],[112.63534539600005,-7.0847160219999523,0],[112.63534539600005,-7.0846993659999384,0],[112.63534475300003,-7.0846441979999781,0],[112.63535511800001,-7.0845729379999511,0],[112.63537038100003,-7.0845185269999433,0],[112.63537395000003,-7.0844935419999615,0],[112.63536989300007,-7.0844713639999668,0],[112.63538227800007,-7.0844435749999661,0],[112.63538822700002,-7.0844257289999746,0],[112.63539536500002,-7.0844043119999469,0],[112.63539774500009,-7.0843852769999671,0],[112.63539774500009,-7.0843626729999301,0],[112.63539893400002,-7.0843555329999504,0],[112.63540250400001,-7.0843317389999356,0],[112.63540369300006,-7.0843198429999461,0],[112.63540318700007,-7.0842779109999583,0],[112.63540369300006,-7.084270824999976,0],[112.63540797600001,-7.0842408439999645,0],[112.63541225900008,-7.0842080069999724,0],[112.63540940400003,-7.0841837359999431,0],[112.63540654900009,-7.0841509009999299,0],[112.63540083800001,-7.0841166359999761,0],[112.63539370000001,-7.0840866539999752,0],[112.6353922720001,-7.0840595289999442,0],[112.6353922720001,-7.0840238369999611,0],[112.63539370000001,-7.0839938549999601,0],[112.63538513300011,-7.0838610809999523,0],[112.63538085000005,-7.0838153969999667,0],[112.63537799500011,-7.0837882699999568,0],[112.63537799500011,-7.0837625719999551,0],[112.63538085000005,-7.0837354459999347,0],[112.63538513300011,-7.0837068929999418,0],[112.63538085000005,-7.083576973999925,0],[112.63537942300002,-7.0835398539999801,0],[112.63537799500011,-7.0834898859999385,0],[112.63537371200005,-7.0834470549999651,0],[112.63536086300007,-7.0834013699999332,0],[112.63534959700007,-7.0833732049999298,0],[112.63533802000006,-7.0833442639999475,0],[112.63533516500001,-7.0833199929999751,0],[112.63533802000006,-7.083302860999936,0],[112.63534462200005,-7.0832785419999595,0],[112.63534505000007,-7.0832607299999495,0],[112.63533919000008,-7.0832323729999302,0],[112.63533681100012,-7.0832085789999724,0],[112.63533919000008,-7.0831776459999674,0],[112.63534038000012,-7.0831502819999628,0],[112.63534038000012,-7.0831264869999586,0],[112.63533800000005,-7.0830884159999528,0],[112.63533800000005,-7.0830634319999604,0],[112.63533800000005,-7.0830313089999777,0],[112.63533800000005,-7.0830051349999508,0],[112.63534513900004,-7.0829789619999701,0],[112.63535683100008,-7.0829610189999812,0],[112.6353608710001,-7.0829295989999537,0],[112.63535465700011,-7.08290638699998,0],[112.63535346700007,-7.0828944909999336,0],[112.63536060500007,-7.0828802129999531,0],[112.63537012300003,-7.0828659369999514,0],[112.63537781500008,-7.0828410689999259,0],[112.63536536400011,-7.08280882899993,0],[112.63536298500003,-7.0828005019999409,0],[112.63536417400007,-7.0827743269999814,0],[112.63537131300006,-7.0827552909999554,0],[112.63538559000006,-7.0827267379999626,0],[112.63539702000003,-7.0827044519999731,0],[112.63540055700003,-7.0826832299999296,0],[112.63539272800006,-7.0826624919999404,0],[112.63539153800002,-7.0826494059999732,0],[112.6353903480001,-7.0826279899999349,0],[112.6353903480001,-7.0826065759999324,0],[112.63539153800002,-7.0825815909999505,0],[112.63540224600001,-7.0825435199999447,0],[112.63540462500009,-7.0825280529999759,0],[112.63540938400001,-7.0825137759999279,0],[112.63542128100005,-7.0824935519999599,0],[112.63544046300001,-7.0824697839999544,0],[112.63545340400003,-7.0824388229999613,0],[112.63545159300008,-7.0824104499999407,0],[112.63545598600001,-7.082387032999975,0],[112.63546283000005,-7.0823505429999614,0],[112.63546920400006,-7.0823165659999745,0],[112.6354816270001,-7.0822503369999481,0],[112.63549742400005,-7.0822092059999591,0],[112.63550575200009,-7.0821723239999415,0],[112.63550932200008,-7.0821473399999491,0],[112.63551670000004,-7.0820633599999496,0],[112.63558057200009,-7.0817228529999738,0],[112.63557792900008,-7.0816600459999677,0],[112.63557317000004,-7.0816291119999732,0],[112.63556603200004,-7.0816124559999594,0],[112.63556841100001,-7.0815815239999438,0],[112.63557317000004,-7.0815458319999607,0],[112.63558744700003,-7.0815196579999338,0],[112.6355969650001,-7.0814887249999288,0],[112.6355969650001,-7.0814625509999587,0],[112.63558744700003,-7.0814173399999731,0],[112.6355898270001,-7.0813840279999454,0],[112.63560410300011,-7.0813388179999492,0],[112.6356183800001,-7.0813055059999783,0],[112.63562563700009,-7.0812837339999533,0],[112.63564098500001,-7.0812293639999666,0],[112.6356608320001,-7.0812089739999351,0],[112.63567667700011,-7.0812031889999503,0],[112.63567850700008,-7.0812007489999473,0],[112.63568381500011,-7.0811936719999267,0],[112.63568381500011,-7.0811841539999705,0],[112.63568278200012,-7.0811779509999724,0],[112.63568262600006,-7.0811770149999802,0],[112.63567056700003,-7.0811426619999338,0],[112.63566596900012,-7.0811008719999791,0],[112.63567310800011,-7.0810580429999277,0],[112.63567310800011,-7.081019969999943,0],[112.63567310800011,-7.0809747609999363,0],[112.63568024600011,-7.080927170999928,0],[112.63570880000009,-7.0808581669999739,0],[112.63573021500008,-7.0807986799999298,0],[112.63574687100004,-7.0807201589999522,0],[112.63575163000007,-7.0806773279999788,0],[112.63575400900004,-7.0806273589999478,0],[112.63575400900004,-7.0805892879999419,0],[112.63576114800003,-7.0804869709999707,0],[112.63576114800003,-7.0804370029999291,0],[112.63576055300007,-7.0803204089999667,0],[112.63577007100002,-7.0802299899999639,0],[112.63578434800002,-7.080172882999932,0],[112.63581766000004,-7.0801157749999675,0],[112.6358700080001,-7.0800491499999794,0],[112.63589802600006,-7.0800304719999758,0],[112.63592711500007,-7.0800110789999735,0],[112.63597946300001,-7.0799872849999588,0],[112.63600801700011,-7.0799492139999529,0],[112.63602705300002,-7.0799206599999707,0],[112.63628403400003,-7.0799730069999782,0],[112.63631258800001,-7.0797969269999612,0],[112.63595413300004,-7.0797313569999574,0],[112.63592235600004,-7.0797255439999276,0],[112.63582717800011,-7.0797017489999803,0],[112.63582717800011,-7.0796684369999525,0],[112.6358414550001,-7.0796446419999484,0],[112.63586524900006,-7.0796303659999467,0],[112.63589380300004,-7.0796208469999442,0],[112.63592235600004,-7.0796065699999531,0],[112.63593187400011,-7.0795875349999733,0],[112.6359461510001,-7.0795494639999674,0],[112.63595091000002,-7.079487596999968,0],[112.63596518700001,-7.0793876599999521,0],[112.63597946300001,-7.0792924819999712,0],[112.63600801700011,-7.07921633899997,0],[112.63608017100012,-7.0790594389999342,0],[112.63608583000007,-7.0790292689999319,0],[112.63612371700003,-7.078877423999927,0],[112.63617296900009,-7.0787211629999547,0],[112.63617960200008,-7.0786928259999513,0],[112.63617960900001,-7.0786927959999275,0],[112.63620202700008,-7.0785970179999254,0],[112.63623570100003,-7.0782981389999691,0],[112.63623574000007,-7.0782977969999479,0],[112.63648768700011,-7.0757873629999608,0],[112.63654153100003,-7.075344791999953,0],[112.63655470700007,-7.0752364919999309,0],[112.63656039900002,-7.075189709999961,0],[112.63656692000006,-7.0751361189999784,0],[112.63660250700002,-7.075016585999947,0],[112.63660631400001,-7.0749861289999671,0],[112.63660821800011,-7.0749556719999305,0],[112.63660821800011,-7.0749233119999531,0],[112.63660441100001,-7.0749061789999814,0],[112.63658036300001,-7.0748862349999513,0],[112.63654920700003,-7.0748776259999318,0],[112.63649019700006,-7.0748700119999626,0],[112.63642928200011,-7.0748585899999625,0],[112.63643499300008,-7.074795771999959,0],[112.63645974000008,-7.0747900619999768,0],[112.63646925700004,-7.0747805439999638,0],[112.63648448600009,-7.074681557999952,0],[112.63649681100003,-7.0746806099999731,0],[112.63653397900009,-7.0746777509999674,0],[112.63655491800012,-7.0746625229999722,0],[112.63656443600007,-7.0746434869999462,0],[112.63657395400003,-7.0746187409999379,0],[112.6365903410001,-7.0745873069999448,0],[112.63662203600006,-7.0745190639999578,0],[112.63665200000003,-7.0744854909999617,0],[112.63666722900007,-7.074443611999925,0],[112.63667293900005,-7.0744150589999322,0],[112.63668245700001,-7.0743579519999571,0],[112.63668460500003,-7.0741688329999306,0],[112.63678986600007,-7.0733036709999624,0],[112.63679931700005,-7.0732259909999584,0],[112.63688777300001,-7.0724989469999286,0],[112.63692107200006,-7.0723078039999336,0],[112.63696431800008,-7.0721212519999312,0],[112.6370039950001,-7.0719668559999604,0],[112.63710625700003,-7.0717115599999261,0],[112.63713481100001,-7.0716639689999283,0],[112.63716336400012,-7.0716021029999752,0],[112.63717288200007,-7.0715497549999782,0],[112.63718240000003,-7.0714831299999332,0],[112.63722523000001,-7.0713784349999287,0],[112.63733468500004,-7.071069103999946,0],[112.63742986400007,-7.0708121219999498,0],[112.63747745300009,-7.0707026669999777,0],[112.63753456000006,-7.0705313459999388,0],[112.63755835500001,-7.0704694799999288,0],[112.63757263100001,-7.0704218919999562,0],[112.63757919900002,-7.0703606129999343,0],[112.63756658600005,-7.0703226439999298,0],[112.63747269400005,-7.0702838819999556,0],[112.63748221200001,-7.0702315349999481,0],[112.63759151500005,-7.0702535559999546,0],[112.63762022100002,-7.0702553279999734,0],[112.63764401500009,-7.0702410519999717,0],[112.63767256900007,-7.0701756169999612,0],[112.63771064000002,-7.0700994749999495,0],[112.63773443500008,-7.0700280909999265,0],[112.63779630100009,-7.0699043579999739,0],[112.63784389000011,-7.0697711089999302,0],[112.63788196100006,-7.069647376999967,0],[112.63800093400005,-7.0692428679999466,0],[112.63806755100006,-7.0690314799999783,0],[112.63815321200002,-7.0688649179999743,0],[112.63820080100004,-7.0687744989999715,0],[112.63824363200001,-7.0686840789999792,0],[112.63828170300008,-7.0685889009999414,0],[112.63833405100002,-7.0684746869999344,0],[112.63836736400003,-7.0684080619999463,0],[112.63840067600006,-7.0683176429999435,0],[112.63842447100001,-7.0682510169999659,0],[112.63845778300004,-7.0681510799999501,0],[112.63847206000003,-7.0680701789999603,0],[112.63851489000001,-7.0679416869999727,0],[112.63853392600004,-7.0678940989999433,0],[112.63856723800006,-7.067813196999964,0],[112.63861006900004,-7.0677322949999279,0],[112.63864338100007,-7.0676561529999731,0],[112.63866634300007,-7.0676091179999503,0],[112.63869906000002,-7.0675704529999734,0],[112.63872582900001,-7.0675317849999715,0],[112.63874962400007,-7.0674901459999546,0],[112.63876152100011,-7.0674425559999463,0],[112.6387704440001,-7.0673949669999274,0],[112.63877341900002,-7.0673503519999485,0],[112.63877341900002,-7.0672908649999613,0],[112.6387793670001,-7.067228403999934,0],[112.63878829000009,-7.0671837889999551,0],[112.63879721300009,-7.0671302509999805,0],[112.63881505900008,-7.0670677909999426,0],[112.63882993100003,-7.0670231759999638,0],[112.63889536600004,-7.0668536389999304,0],[112.63893105800003,-7.0667941529999325,0],[112.63896377500009,-7.0667257429999495,0],[112.63899946700008,-7.0666573349999453,0],[112.63903515900006,-7.0665889239999728,0],[112.63906490300008,-7.0665026689999308,0],[112.63909167100007,-7.0664223629999583,0],[112.63912736300006,-7.0663033899999732,0],[112.63914818400008,-7.0662409289999459,0],[112.63917197800004,-7.0661635949999777,0],[112.63920767000002,-7.0660862639999777,0],[112.63924336200012,-7.0660148799999547,0],[112.63926418200003,-7.0659613409999338,0],[112.63927310500003,-7.0658959069999696,0],[112.63927310500003,-7.0658542649999276,0],[112.63928470500002,-7.0657695959999387,0],[112.63931325900001,-7.0657053509999628,0],[112.63934181200011,-7.0656173109999258,0],[112.63935846900006,-7.065557824999928,0],[112.63938464300008,-7.0654864399999724,0],[112.63940843700004,-7.0654459899999438,0],[112.63946554400002,-7.065343673999962,0],[112.63948220000009,-7.0652580119999584,0],[112.63949885700004,-7.06519852699995,0],[112.63951313300004,-7.0651342799999384,0],[112.63953454900002,-7.0650652769999738,0],[112.63955834300009,-7.0650057889999403,0],[112.63958689700007,-7.0649391639999521,0],[112.63961069100003,-7.0648868159999552,0],[112.63962972700006,-7.0648320899999248,0],[112.63966973400011,-7.064708990999975,0],[112.63969257700001,-7.0646461739999609,0],[112.63972684100008,-7.0645643199999313,0],[112.63974968400009,-7.0645167309999692,0],[112.63978014100007,-7.0644482019999373,0],[112.6398010800001,-7.0643891919999646,0],[112.63982011600001,-7.0643339889999766,0],[112.63983534400006,-7.06427307499996,0],[112.63985628300009,-7.0642102559999671,0],[112.63989054800004,-7.0641493419999506,0],[112.63991910100003,-7.0640789099999779,0],[112.63993433000007,-7.0640370309999412,0],[112.63994575100003,-7.0639932499999532,0],[112.63996288300007,-7.0639399499999627,0],[112.64000105000002,-7.0638240229999383,0],[112.6400248440001,-7.0637502589999599,0],[112.64005577700004,-7.0636717379999254,0],[112.64009146900003,-7.063588455999934,0],[112.64012954100008,-7.06351945199998,0],[112.64016047400003,-7.0634552059999578,0],[112.64018902700002,-7.0633719239999664,0],[112.64020092500004,-7.0633124379999686,0],[112.64022234000004,-7.0632410539999455,0],[112.6402532730001,-7.0631696699999793,0],[112.64028658500001,-7.063084010999944,0],[112.64031275900004,-7.0630054879999307,0],[112.64031751800007,-7.0629460009999434,0],[112.6403294160001,-7.0628960329999586,0],[112.6403436920001,-7.0628294069999811,0],[112.64036272800001,-7.0627699219999727,0],[112.64038414300001,-7.062705674999961,0],[112.64039366100008,-7.0626485679999291,0],[112.64041730700001,-7.0625784729999737,0],[112.64045894700007,-7.0624713979999569,0],[112.64049166500001,-7.0623791929999697,0],[112.64051843400011,-7.062284014999932,0],[112.64053628000011,-7.06220370799997,0],[112.64055710000002,-7.0621442229999616,0],[112.64058684300005,-7.0620847349999281,0],[112.6406463300001,-7.0619836089999808,0],[112.64066417600009,-7.0619449419999683,0],[112.64068797100003,-7.0618765329999746,0],[112.64070284200011,-7.0618319169999495,0],[112.64071473900003,-7.0617873039999495,0],[112.6407206880001,-7.0617426879999812,0],[112.64071176500011,-7.0617159199999264,0],[112.64069094500007,-7.0616802279999433,0],[112.64066120200005,-7.0616564319999497,0],[112.6406284840001,-7.0616445349999708,0],[112.64057792000006,-7.0616207399999666,0],[112.64051248500004,-7.0615820739999435,0],[112.64046787000007,-7.0615434079999773,0],[112.64042920400004,-7.0615106899999773,0],[112.64039351200006,-7.0614779729999668,0],[112.6403697180001,-7.0614541789999521,0],[112.64032510300001,-7.0614303829999585,0],[112.64017638600001,-7.0613798209999459,0],[112.64008358700005,-7.0613352049999776,0],[112.64004075700007,-7.0613066509999385,0],[112.64000506500008,-7.0612757189999797,0],[112.63995985500003,-7.0612376479999739,0],[112.63993844000004,-7.06122099199996,0],[112.63987181500011,-7.0611924369999315,0],[112.63973380700008,-7.061121251999964,0],[112.63967134600011,-7.0610825859999409,0],[112.6396148340001,-7.0610409449999452,0],[112.63954642400006,-7.0610141759999578,0],[112.63946314300006,-7.0609725359999516,0],[112.6393739130001,-7.0609011519999285,0],[112.63929955500009,-7.0608565379999391,0],[112.63920437700006,-7.0607970499999624,0],[112.63904673700006,-7.0606780769999773,0],[112.63899319900008,-7.0606423859999268,0],[112.63894263600002,-7.0605680279999774,0],[112.63890099500009,-7.0605293619999543,0],[112.63882961100001,-7.060481771999946,0],[112.63876715100002,-7.0604401319999397,0],[112.63871956100002,-7.0604074129999503,0],[112.63865412600001,-7.0603627999999503,0],[112.63859464000006,-7.060336030999963,0],[112.63853515300002,-7.0603092619999757,0],[112.63841320600011,-7.06023192899994,0],[112.63837454000009,-7.0602111089999653,0],[112.63832397600004,-7.0601873129999717,0],[112.63824664400011,-7.0601664929999401,0],[112.6381813270001,-7.0601394469999263,0],[112.63812778900001,-7.0601364729999432,0],[112.63807127700011,-7.0601394469999263,0],[112.63802071400005,-7.0601453949999495,0],[112.63796122700001,-7.0601543179999453,0],[112.63791066400006,-7.0601721639999369,0],[112.63783630500006,-7.0602138059999788,0],[112.63778276800008,-7.0602643679999346,0],[112.63774112700003,-7.0603208809999387,0],[112.63771435800004,-7.0603863159999491,0],[112.63767271800009,-7.0604785199999469,0],[112.63763405100008,-7.0605320579999784,0],[112.63757753900006,-7.0605677489999721,0],[112.63754184700008,-7.0605945179999594,0],[112.6374972320001,-7.0606361589999551,0],[112.63744964300008,-7.0606956459999424,0],[112.6374050280001,-7.0607462099999339,0],[112.63735743900008,-7.0607759519999718,0],[112.63730687500004,-7.0608116439999549,0],[112.63728605500012,-7.0608443629999442,0],[112.63724144000003,-7.0609127709999484,0],[112.63719980000008,-7.0609960519999504,0],[112.63716708200002,-7.0610317439999335,0],[112.63713139000004,-7.0610555399999271,0],[112.63707487800002,-7.061085281999965,0],[112.63703323700008,-7.0611120509999523,0],[112.6369975450001,-7.0611447699999417,0],[112.63695887900008,-7.0612072299999795,0],[112.63694400800011,-7.0612786129999563,0],[112.63693805900004,-7.061320253999952,0],[112.63692214600007,-7.0613582259999248,0],[112.6369251210001,-7.061382020999929,0],[112.63693999200007,-7.0614236619999815,0],[112.6369340440001,-7.0614742249999267,0],[112.63691917200003,-7.0615009949999603,0],[112.63688348000005,-7.0615158669999687,0],[112.63684778800007,-7.0615099169999667,0],[112.63680614800001,-7.0615039689999435,0],[112.63678235300006,-7.0615099169999667,0],[112.63675558400007,-7.0615396609999266,0],[112.63672286600001,-7.061587248999956,0],[112.63671394300002,-7.0616140179999434,0],[112.6366931230001,-7.0616616089999411,0],[112.6366931230001,-7.0616943249999622,0],[112.63671394300002,-7.06170919799996,0],[112.63673773800008,-7.061724068999979,0],[112.63674963500011,-7.0617567859999326,0],[112.63674666100007,-7.0617984269999283,0],[112.63671989200009,-7.061843041999964,0],[112.63668717500002,-7.0618579139999724,0],[112.63666040600003,-7.0618668369999682,0],[112.63663958500001,-7.0618906309999261,0],[112.63662173900002,-7.0619263239999555,0],[112.63660686800006,-7.0619798599999513,0],[112.63658604700004,-7.0620155519999344,0],[112.63655630400001,-7.0620661169999721,0],[112.6365176380001,-7.0621285769999531,0],[112.63647302300001,-7.0621761669999614,0],[112.6364343570001,-7.0622267299999635,0],[112.63640758800011,-7.0622624209999572,0],[112.63637784500008,-7.0623040619999529,0],[112.63633620400003,-7.0623457029999486,0],[112.63631240800009,-7.062348677999978,0],[112.63629158900005,-7.062327856999957,0],[112.63628861500001,-7.062307035999936,0],[112.63630051200005,-7.0622624209999572,0],[112.63630348600009,-7.0622475499999382,0],[112.63629456300009,-7.0622297039999467,0],[112.63627374300006,-7.0622178069999677,0],[112.63623210300011,-7.0622178069999677,0],[112.63621723100005,-7.0622356529999593,0],[112.6361934360001,-7.0622683709999592,0],[112.63616964200003,-7.0622921649999739,0],[112.63615179600004,-7.0623219079999444,0],[112.63612205300001,-7.062360574999957,0],[112.63610718100006,-7.0623694969999633,0],[112.63608338600011,-7.0623873439999443,0],[112.63606256600008,-7.0624051889999464,0],[112.63603877100002,-7.062426008999978,0],[112.6360179510001,-7.0624468299999421,0],[112.63598523400003,-7.0624854969999546,0],[112.63597036200008,-7.0624884709999378,0],[112.63594369400005,-7.062485335999952,0],[112.63593022000009,-7.0624718609999491,0],[112.63594211800012,-7.0624450919999617,0],[112.63595698900008,-7.062406426999928,0],[112.63597780900011,-7.0623766829999681,0],[112.63604344100008,-7.0623050899999384,0],[112.63606357800006,-7.0622687029999724,0],[112.63610570500009,-7.0622398639999346,0],[112.63614139700007,-7.0621892999999432,0],[112.63617411500002,-7.0621387379999305,0],[112.63619493500005,-7.0621089939999706,0],[112.6362365760001,-7.0620554559999391,0],[112.63627226800008,-7.0619632519999413,0],[112.63629903700007,-7.0619067399999267,0],[112.63633770300009,-7.0618472529999394,0],[112.63636744600001,-7.0617788429999564,0],[112.63640016400007,-7.061713407999946,0],[112.63643288100002,-7.061650947999965,0],[112.6365016960001,-7.0614770149999799,0],[112.63652094400004,-7.0614422339999692,0],[112.63654629900009,-7.0614078289999611,0],[112.63656814600006,-7.0613730979999332,0],[112.63658694800006,-7.0613366459999725,0],[112.63660344500011,-7.0612992319999535,0],[112.63662006200002,-7.0612610259999542,0],[112.63663901900009,-7.0612219089999257,0],[112.63666256800002,-7.0611812089999262,0],[112.63669095200009,-7.0611399059999371,0],[112.63672401400004,-7.0610978389999559,0],[112.63681829100005,-7.0609587639999631,0],[112.63697173200001,-7.0607324099999573,0],[112.63713602000007,-7.0604900539999562,0],[112.63716808300001,-7.06044275499994,0],[112.63724829600005,-7.060324426999955,0],[112.6372515600001,-7.060312516999943,0],[112.63732868900001,-7.0603498099999342,0],[112.6373344000001,-7.0603226859999495,0],[112.63735153200003,-7.060286992999977,0],[112.63736295300009,-7.0602584389999379,0],[112.63737437500004,-7.0602341689999548,0],[112.63738151300004,-7.060205615999962,0],[112.6373786580001,-7.0601813459999789,0],[112.63737151900011,-7.0601585029999683,0],[112.63736295300009,-7.0601413709999292,0],[112.63734439300003,-7.06012566499993,0],[112.63732583400008,-7.0601213819999771,0],[112.63730407700007,-7.0601208969999334,0],[112.63728157600008,-7.0601385139999593,0],[112.63727301000006,-7.0601527909999504,0],[112.63726444300005,-7.0601570739999602,0],[112.63725445000011,-7.0601499369999487,0],[112.63725730500005,-7.0601228109999283,0],[112.63727301000006,-7.0600942559999567,0],[112.63728871400008,-7.0600542809999638,0],[112.63730156300005,-7.0600200169999425,0],[112.63731869500009,-7.059990035999931,0],[112.6373480960001,-7.0599602869999671,0],[112.63738436800008,-7.0599486329999763,0],[112.63741863300004,-7.0599372129999551,0],[112.63744861400005,-7.0599172239999461,0],[112.63749001600002,-7.0598843879999436,0],[112.63752428100008,-7.05985726199998,0],[112.63754569600007,-7.0598201429999676,0],[112.63755140600006,-7.0597815949999472,0],[112.6375471230001,-7.0597459039999535,0],[112.63754141300001,-7.0597244879999721,0],[112.63753855700008,-7.0597016449999614,0],[112.63754284000004,-7.0596816589999776,0],[112.63755283400008,-7.0596659539999678,0],[112.63756568300005,-7.0596516769999766,0],[112.63758643100005,-7.0596135349999258,0],[112.63759347500002,-7.0596003279999309,0],[112.63760918000003,-7.0595732019999673,0],[112.63762060100009,-7.0595503589999566,0],[112.63763916100004,-7.0595118129999719,0],[112.63765486500006,-7.0594718369999327,0],[112.63767770800007,-7.0593818929999657,0],[112.63767770800007,-7.0593519119999542,0],[112.63766914200005,-7.0593262139999524,0],[112.63765486500006,-7.0593090819999702,0],[112.63760775200001,-7.0592890939999506,0],[112.63757634300009,-7.0592919499999311,0],[112.63754350700003,-7.0593047999999499,0],[112.63752930400005,-7.0592991079999479,0],[112.63752066400002,-7.0592833839999685,0],[112.63752780200002,-7.05926625099994,0],[112.63754742600008,-7.0592347809999296,0],[112.63757494200001,-7.0591622889999712,0],[112.6375749880001,-7.059162166999954,0],[112.63760918000003,-7.0590720869999473,0],[112.63763487800009,-7.0590206909999438,0],[112.63767485300002,-7.0589364579999483,0],[112.63775948800003,-7.0587619889999473,0],[112.63776175700002,-7.0587540719999424,0],[112.63777595900001,-7.0587247979999574,0],[112.63778478400002,-7.058709457999953,0],[112.6377976330001,-7.05869660999997,0],[112.6378119100001,-7.0586908979999521,0],[112.63784046300009,-7.0586637719999317,0],[112.63785045700001,-7.0586437849999584,0],[112.63787668900011,-7.0585941909999406,0],[112.63787615500007,-7.0585524129999726,0],[112.63787330000002,-7.0585367099999416,0],[112.63787258600007,-7.0585281359999499,0],[112.63787044500009,-7.0585024439999415,0],[112.63789359200007,-7.0584939399999485,0],[112.63789090600005,-7.0584854709999263,0],[112.63788236100004,-7.0584468839999772,0],[112.63788104100001,-7.0584409229999778,0],[112.63787105800009,-7.0583958459999394,0],[112.63785750000011,-7.0583346249999295,0],[112.6378215520001,-7.0581723029999353,0],[112.63781103400004,-7.0581424879999304,0],[112.63779373400007,-7.0580934499999444,0],[112.63776967800004,-7.0580406249999328,0],[112.63775511900008,-7.0580086529999448,0],[112.63769487000002,-7.0579012039999611,0],[112.63758631000007,-7.0576754979999805,0],[112.63753795500008,-7.0575452789999531,0],[112.63749431000008,-7.0573923149999587,0],[112.63746739600003,-7.0572297219999314,0],[112.63746238300007,-7.0571663399999807,0],[112.63746177400003,-7.0571582189999731,0],[112.63745484600008,-7.0570658829999502,0],[112.63744967300011,-7.0569570439999438,0],[112.63743980000004,-7.0568733429999497,0],[112.63742748100003,-7.0567752949999658,0],[112.63740430200005,-7.0566533619999632,0],[112.63737285000002,-7.0565625589999286,0],[112.63734509500011,-7.0565016479999372,0],[112.63730537100002,-7.0564419759999737,0],[112.63727169300012,-7.0563990299999659,0],[112.63716732600005,-7.0563443699999766,0],[112.63709095800004,-7.0563005609999436,0],[112.63719665500003,-7.0561720099999548,0],[112.63733393900009,-7.0560531019999644,0],[112.6373721970001,-7.0560127859999398,0],[112.63748178000003,-7.055897305999963,0],[112.63750567500006,-7.0558584429999769,0],[112.63753425600009,-7.0558119569999462,0],[112.63758422300009,-7.0557196719999524,0],[112.63760549900007,-7.0556406469999615,0],[112.63763245000007,-7.0554730799999561,0],[112.63763576500003,-7.0553941179999811,0],[112.63762691600004,-7.0552613669999573,0],[112.63763126400011,-7.055135747999941,0],[112.6376220730001,-7.055030980999959,0],[112.63762003800002,-7.05500779099998,0],[112.63761452500012,-7.0548020589999396,0],[112.63761422200002,-7.0547159319999651,0],[112.63761291100002,-7.0546836379999718,0],[112.63759241300011,-7.0546430379999379,0],[112.63756834700007,-7.0546096279999801,0],[112.63753110200003,-7.0545738719999349,0],[112.63747114000012,-7.0545477649999384,0],[112.63732365900012,-7.0544908639999448,0],[112.63731756300001,-7.0544884009999578,0],[112.63723852300006,-7.0544564719999698,0],[112.63740196400011,-7.0542848379999441,0],[112.63749495700006,-7.0541696739999793,0],[112.63767969500009,-7.0539249949999316,0],[112.63791428600007,-7.0536459249999552,0],[112.63794034800003,-7.0536149209999621,0],[112.63796231600008,-7.0535912879999501,0],[112.63796339100008,-7.0535901309999645,0],[112.63791149600002,-7.0535424639999746,0],[112.63765198600004,-7.0532945589999372,0],[112.63762289300007,-7.0532650419999641,0],[112.63731359200005,-7.0529512319999412,0],[112.63707691700006,-7.0526592249999567,0],[112.63675354100008,-7.0522278019999476,0],[112.63655730800008,-7.0519949859999542,0],[112.63643988600006,-7.0518365389999644,0],[112.63629578900009,-7.0516371509999658,0],[112.63627431900011,-7.0516074429999662,0],[112.63624810200008,-7.051579123999943,0],[112.63618777900001,-7.0515139619999445,0],[112.63601858900006,-7.0513442109999573,0],[112.63596562600003,-7.0512892819999706,0],[112.63589168200008,-7.0512125919999562,0],[112.63585733400009,-7.0511907329999417,0],[112.63573615200005,-7.051113609999959,0],[112.63559209000005,-7.0510069329999396,0],[112.63542688700011,-7.0508811889999379,0],[112.63541258600003,-7.0508693039999457,0],[112.63528470100005,-7.0507630209999661,0],[112.63510221600006,-7.0506258539999749,0],[112.63497545000007,-7.0505344279999349,0],[112.63493335900012,-7.0504782019999652,0],[112.63488113200003,-7.050408435999941,0],[112.63480017800009,-7.0502689999999575,0],[112.63473267500001,-7.0501409999999396,0],[112.63468051900009,-7.0500186889999554,0],[112.63458632200002,-7.0499271479999379,0],[112.63443961500002,-7.0498228839999797,0],[112.6343682700001,-7.0497721809999803,0],[112.63424061100011,-7.0496814549999272,0],[112.63403898200011,-7.0495481829999562,0],[112.63381997700003,-7.0493766909999636,0],[112.63352243000008,-7.049207388999946,0],[112.63343027000008,-7.0491502919999789,0],[112.63337647300011,-7.0491064589999723,0],[112.63335138700006,-7.0490548689999741,0],[112.63334351600008,-7.048995563999938,0],[112.63335583500009,-7.0489250459999653,0],[112.63348080500009,-7.0488255739999772,0],[112.63375044200006,-7.0486687659999347,0],[112.63361195500011,-7.0485123049999743,0],[112.6335581510001,-7.0484665579999728,0],[112.63346978300001,-7.0483979639999461,0],[112.63305458900004,-7.0480051369999615,0],[112.63298936400008,-7.047980483999936,0],[112.63291951400004,-7.047939577999955,0],[112.63290489500002,-7.04793101599995,0],[112.6328012140001,-7.047866302999978,0],[112.63267635800003,-7.0477729549999708,0],[112.63250527600007,-7.0476089509999724,0],[112.63232383400009,-7.0474262199999771,0],[112.63225149300001,-7.0473533649999354,0],[112.63206894900009,-7.0471989709999434,0],[112.63199228700012,-7.0471720599999799,0],[112.63197823600001,-7.0471733419999509,0],[112.63176658900011,-7.0471926549999466,0],[112.63134796700001,-7.0467377189999638,0],[112.63128704000007,-7.0466719339999599,0],[112.63110467500007,-7.0464750289999643,0],[112.6308989150001,-7.0462556399999698,0],[112.63065492600003,-7.0460612659999811,0],[112.63049625000008,-7.0459373859999346,0],[112.63048081200009,-7.0459253329999569,0],[112.63045950100002,-7.0459086959999695,0],[112.6304948610001,-7.0458445519999486,0],[112.63050276900003,-7.0458302059999482,0],[112.63052934900008,-7.0457612109999559,0],[112.63054633700006,-7.0456884199999763,0],[112.63055941300001,-7.0455926759999556,0],[112.63055536800005,-7.0455314429999589,0],[112.63053791800007,-7.0454721709999717,0],[112.63053009100008,-7.0454609169999571,0],[112.63052869900002,-7.0454589159999728,0],[112.63049940800011,-7.0454167999999413,0],[112.63043029300002,-7.0453749339999376,0],[112.63035437600001,-7.0453299499999389,0],[112.63025367200009,-7.0452702809999437,0],[112.63012494600002,-7.0451654619999431,0],[112.63008665100006,-7.0451066509999691,0],[112.63002671200002,-7.0450145999999449,0],[112.62998839400007,-7.0449631839999256,0],[112.6299285450001,-7.0448828779999531,0],[112.62983404300007,-7.0447032939999303,0],[112.6297483730001,-7.0444080819999613,0],[112.62977074500009,-7.0443870179999521,0],[112.6298250960001,-7.0443358429999421,0],[112.62985359300001,-7.0442668409999669,0],[112.62987819000011,-7.0441787119999617,0],[112.62991364100003,-7.0439068039999597,0],[112.62992444000008,-7.0437077129999466,0],[112.62991620200012,-7.0435431399999402,0],[112.62984621800001,-7.0432524609999518,0],[112.62976274300001,-7.0429388599999356,0],[112.62973562100001,-7.0428528259999439,0],[112.62968360100001,-7.0427687919999471,0],[112.62966527000003,-7.042745823999951,0],[112.6296104810001,-7.0426771759999269,0],[112.62957139000002,-7.0426291679999622,0],[112.62952967000001,-7.0425779309999257,0],[112.62950708700009,-7.0425254669999617,0],[112.62948524700005,-7.0424747309999702,0],[112.62940406900009,-7.0422702189999313,0],[112.6293289460001,-7.0421537279999598,0],[112.62923554700001,-7.0420510919999515,0],[112.62914842500004,-7.0419553539999811,0],[112.62910380900007,-7.0419063249999567,0],[112.62907893200008,-7.0418789869999614,0],[112.62896736900007,-7.0417511399999739,0],[112.6292132320001,-7.0414981829999306,0],[112.62922779600001,-7.0414831989999698,0],[112.62923659900002,-7.0414561219999428,0],[112.62929535900003,-7.0412753829999701,0],[112.62920592900002,-7.0412467169999786,0],[112.62909867300004,-7.0411358199999654,0],[112.62905587700004,-7.0409534789999384,0],[112.62903229900007,-7.0408391809999671,0],[112.62899171200002,-7.0406424339999489,0],[112.62890239600006,-7.0404672069999492,0],[112.62873795400003,-7.0402740479999579,0],[112.62862712600008,-7.0401559989999782,0],[112.62858068900005,-7.0400558719999253,0],[112.62849506500004,-7.0397340869999425,0],[112.62836286200002,-7.0394944819999523,0],[112.62813767700004,-7.0391940359999694,0],[112.6280197100001,-7.0390545329999554,0],[112.62795178200008,-7.0389829869999403,0],[112.62787667600003,-7.0389400329999603,0],[112.62777292400006,-7.0389256539999678,0],[112.62754032300006,-7.038961219999976,0],[112.62736859800009,-7.038932488999933,0],[112.62727921600003,-7.0388430529999368,0],[112.62709689400003,-7.0386391559999311,0],[112.62701821300004,-7.0385926239999321,0],[112.62691803300004,-7.038585396999963,0],[112.62676059100011,-7.0385959979999484,0],[112.62664968500007,-7.0385780389999582,0],[112.62638858700006,-7.0384491469999375,0],[112.62629559400011,-7.0384026039999412,0],[112.62624198800006,-7.0383203449999314,0],[112.62619941700007,-7.0382486429999744,0],[112.62609548000012,-7.0380735789999562,0],[112.62593457100002,-7.037941190999959,0],[112.62584514000002,-7.0379160989999718,0],[112.62563761300009,-7.0379159369999797,0],[112.62551599000005,-7.0378765199999407,0],[112.62542301600001,-7.0378049539999665,0],[112.62534792200006,-7.0377477009999438,0],[112.62524420900002,-7.0376832759999388,0],[112.62517502000003,-7.0376217359999487,0],[112.62514766900006,-7.0375974089999431,0],[112.62503690300002,-7.0374007149999329,0],[112.62482601200009,-7.0371288749999508,0],[112.62479391300008,-7.0369965879999654,0],[112.6248083370001,-7.036853611999959,0],[112.62484786700008,-7.0366355879999674,0],[112.62477638700011,-7.036531866999951,0],[112.62471918900007,-7.0364674779999632,0],[112.62469065700009,-7.0363494919999425,0],[112.62470821600004,-7.0362760719999642,0],[112.62472655600004,-7.0361993839999286,0],[112.62471228800007,-7.0361421779999773,0],[112.62468010900011,-7.036113554999929,0],[112.62456574800001,-7.0361312359999602,0],[112.62451907700006,-7.0361384519999319,0],[112.62437237200004,-7.0361454859999526,0],[112.62429010500011,-7.0361096749999774,0]]]]},"properties":{"OBJECTID":3966,"NAMOBJ":"Manyar","FCODE":"BA03070040","REMARK":null,"METADATA":"TASWIL1000020260612KECAMATAN_AR","SRS_ID":"4326","KDBBPS":null,"KDCBPS":null,"KDCPUM":"35.25.10","KDEBPS":null,"KDEPUM":null,"KDPBPS":null,"KDPKAB":"35.25","KDPPUM":"35","LUASWH":101.89414967946982,"TIPADM":3,"WADMKC":"Manyar","WADMKD":null,"WADMKK":"Gresik","WADMPR":"Jawa Timur","WIADKC":null,"WIADKK":null,"WIADPR":null,"WIADKD":null,"UUPP":null,"SHAPE_Length":0.93580735838080198,"SHAPE_Area":0.0083402677269461788}}]}