{"type":"FeatureCollection","features":[{"type":"Feature","id":3940,"geometry":{"type":"MultiPolygon","coordinates":[[[[112.32929746600007,-7.3459577019999642,0],[112.32890989300006,-7.3459052619999738,0],[112.32884062300002,-7.3460232319999363,0],[112.32864501500001,-7.3463941399999726,0],[112.32852073100003,-7.3468565729999682,0],[112.32860210800004,-7.347454225999968,0],[112.32869919100006,-7.3476655889999734,0],[112.32917508300011,-7.3475347189999525,0],[112.32928292000008,-7.3480557909999789,0],[112.32929000000001,-7.3480899999999565,0],[112.32978184600006,-7.3481771729999537,0],[112.32989969900007,-7.3480539629999271,0],[112.33004358700009,-7.3479035349999435,0],[112.3302101490001,-7.3476893839999775,0],[112.33036481400006,-7.3479273299999477,0],[112.33032945600007,-7.3480526889999283,0],[112.33023394300005,-7.3483913249999659,0],[112.3303767110001,-7.3488672169999631,0],[112.33018635400003,-7.3489504979999651,0],[112.32961528400006,-7.34852219499993,0],[112.32952010500003,-7.3487244499999633,0],[112.33015248800007,-7.3499029899999755,0],[112.33027481100009,-7.3501309559999299,0],[112.33043387500004,-7.3504273949999401,0],[112.33046375600009,-7.3504830829999719,0],[112.33046562100003,-7.3504865589999326,0],[112.33046601800004,-7.3504872989999512,0],[112.33053212400011,-7.3506104969999342,0],[112.3305556900001,-7.3506544149999513,0],[112.33062730900008,-7.3507878869999672,0],[112.33078053200006,-7.3507090259999472,0],[112.33115835300009,-7.3503826929999718,0],[112.33143078800003,-7.3501275259999375,0],[112.33147455800008,-7.3500865309999313,0],[112.3316205750001,-7.35010073899997,0],[112.33167950000006,-7.3501267869999651,0],[112.33186030200011,-7.3502067129999773,0],[112.33204682100006,-7.3502731619999508,0],[112.33212340700004,-7.3502359099999808,0],[112.33217986600005,-7.3501253019999808,0],[112.33220646700011,-7.3500731889999429,0],[112.33222047300001,-7.3498610059999692,0],[112.33224803600001,-7.3497149089999425,0],[112.33230185800005,-7.3495224489999487,0],[112.33265058200004,-7.3483908919999408,0],[112.33258231200011,-7.3481179739999334,0],[112.33251246600003,-7.3480462109999394,0],[112.33248758900004,-7.3480206499999667,0],[112.33235892000005,-7.3480005389999405,0],[112.33209834800005,-7.3479787589999432,0],[112.33092630600004,-7.3477355409999632,0],[112.33069727400004,-7.3475428889999534,0],[112.33054634200005,-7.3473074289999545,0],[112.33030873700011,-7.347087945999931,0],[112.33036227500008,-7.3469868189999374,0],[112.33054668300008,-7.3466417969999611,0],[112.33062651400007,-7.3465756439999268,0],[112.33071455400011,-7.3466065769999318,0],[112.33084066600009,-7.3465756439999268,0],[112.33099771000002,-7.3464923629999248,0],[112.33113096000011,-7.3464495329999409,0],[112.3311452370001,-7.3463852869999755,0],[112.33117022100009,-7.3462318119999281,0],[112.33112858100003,-7.3461639979999518,0],[112.33093822400008,-7.3461068899999304,0],[112.33070027800011,-7.3460830959999726,0],[112.33050040300009,-7.3460212299999625,0],[112.33043853700008,-7.3460640599999465,0],[112.33031004600002,-7.3460497829999554,0],[112.33002915100008,-7.3460231369999747,0],[112.32987448600011,-7.3460112399999389,0],[112.32977335900011,-7.3459577019999642,0],[112.3295592070001,-7.3459636509999768,0],[112.32929746600007,-7.3459577019999642,0]]],[[[112.30153959400002,-7.2207320259999506,0],[112.30036392600005,-7.2203966489999516,0],[112.29936455300003,-7.2197303999999463,0],[112.29836518000002,-7.2185406709999711,0],[112.29772272500009,-7.2181361609999612,0],[112.29715165200003,-7.2178982159999805,0],[112.29684232400007,-7.2174461169999518,0],[112.29662817100007,-7.2166846899999655,0],[112.29662817100007,-7.2158042899999373,0],[112.29696129700005,-7.2151856289999614,0],[112.29724683300003,-7.2148287119999281,0],[112.29736580500003,-7.2143528179999521,0],[112.29767513500008,-7.2138769279999337,0],[112.29784169700008,-7.2132820609999726,0],[112.29784169700008,-7.2128537579999374,0],[112.29774651900004,-7.2126396059999252,0],[112.29743718900011,-7.2125206329999401,0],[112.29634263800006,-7.2122826889999487,0],[112.29455804100007,-7.2121161249999659,0],[112.29384567900001,-7.2118786709999654,0],[112.2937014370001,-7.2118305899999768,0],[112.29277344500008,-7.2112357239999483,0],[112.29234514300003,-7.2108312159999741,0],[112.29179786700001,-7.2105456799999388,0],[112.29129818000001,-7.2099032259999376,0],[112.29063193000002,-7.2093083629999342,0],[112.28981899600001,-7.2088782909999622,0],[112.28970300000003,-7.2092200019999382,0],[112.28955200000007,-7.2097369999999614,0],[112.28946900000005,-7.2102279999999723,0],[112.28948949200003,-7.2104258519999576,0],[112.28952700000002,-7.2107879999999795,0],[112.28960199900007,-7.211140999999941,0],[112.28977100000009,-7.2116849999999317,0],[112.28998026400006,-7.2121265819999394,0],[112.29000700000006,-7.2121830009999712,0],[112.29000725100002,-7.2121833759999276,0],[112.29025200100011,-7.2125489989999778,0],[112.29048119900006,-7.2127894239999364,0],[112.29078700000002,-7.2133479999999395,0],[112.29092600000001,-7.2137620009999637,0],[112.29110700000001,-7.2140989989999298,0],[112.29123400000003,-7.2143199999999297,0],[112.29159000000004,-7.2146689989999686,0],[112.29174500000011,-7.2148009999999658,0],[112.29187100100012,-7.2150089999999523,0],[112.29201293000006,-7.2157276059999731,0],[112.29207700000006,-7.2160519999999337,0],[112.29231200000004,-7.2165179999999509,0],[112.29250400000001,-7.2168179999999325,0],[112.29250409500003,-7.2168185219999259,0],[112.29255000000001,-7.2170659999999316,0],[112.29260011300005,-7.2174901029999319,0],[112.29265800000007,-7.2179799989999651,0],[112.29270313300003,-7.21814033499993,0],[112.29280099900006,-7.2184879999999794,0],[112.29295200000001,-7.2188819999999509,0],[112.29295206800009,-7.2188824519999457,0],[112.2929680850001,-7.2189880089999292,0],[112.29301800000007,-7.2193169999999327,0],[112.29303000000004,-7.2198349999999323,0],[112.29306583500011,-7.2201568439999733,0],[112.29308400000002,-7.2203199999999583,0],[112.29308430700007,-7.2203208869999571,0],[112.29318689600007,-7.2206173279999462,0],[112.29247574600004,-7.2207605459999513,0],[112.29126936000011,-7.2209104519999414,0],[112.29088594400002,-7.220935347999955,0],[112.29071970400003,-7.2209461439999814,0],[112.29043416900004,-7.2208747599999583,0],[112.28978000000006,-7.2206239999999298,0],[112.28838300000007,-7.2193359999999416,0],[112.28802400000006,-7.2187909999999533,0],[112.28788400000008,-7.2182870009999647,0],[112.28781200100002,-7.2181520019999539,0],[112.28753000000006,-7.2179029999999784,0],[112.28676200100006,-7.2174059999999258,0],[112.28653800000006,-7.2173150019999639,0],[112.28623800000003,-7.2172829999999522,0],[112.28613700100004,-7.2173189999999749,0],[112.28586300100005,-7.2174149999999599,0],[112.28568700100004,-7.2174949999999285,0],[112.28538900000001,-7.217444999999941,0],[112.28524600000003,-7.2173969999999485,0],[112.28519300000005,-7.2174029999999334,0],[112.28501899900004,-7.21736599999997,0],[112.28466100000003,-7.2172019999999293,0],[112.28441726700009,-7.2172405919999392,0],[112.28411886900005,-7.2172878379999474,0],[112.2838210000001,-7.2173350019999702,0],[112.28347300000007,-7.2175719999999615,0],[112.28330431800009,-7.2176557479999701,0],[112.28276200100004,-7.2179249999999797,0],[112.28226100000006,-7.2182159999999271,0],[112.28219900100009,-7.2182739999999512,0],[112.28207100000009,-7.2183109999999715,0],[112.28192300100011,-7.2182599999999297,0],[112.28187842900002,-7.2181827499999258,0],[112.28187800000001,-7.2181819999999561,0],[112.28184120900005,-7.2180536099999699,0],[112.28173300000003,-7.2176759999999263,0],[112.28154200000006,-7.2175850009999749,0],[112.2812159230001,-7.217460765999931,0],[112.28054200000008,-7.2172039999999811,0],[112.28025300000002,-7.2172140009999453,0],[112.2796780000001,-7.2174429999999461,0],[112.27951200000007,-7.217523999999969,0],[112.27939600000002,-7.2176579989999254,0],[112.27931500000011,-7.2178980009999805,0],[112.27931474400009,-7.2178994349999357,0],[112.27931295800011,-7.2179093299999408,0],[112.27922799900011,-7.2183809999999653,0],[112.27919753600008,-7.21890609299993,0],[112.27919000000009,-7.21903599999996,0],[112.27911900000004,-7.2191709999999603,0],[112.27902600000004,-7.2191999999999439,0],[112.2788630010001,-7.2191860019999581,0],[112.27862800100002,-7.2190909999999349,0],[112.27839900000004,-7.2189059999999472,0],[112.27762400000006,-7.2182269999999562,0],[112.27737499900002,-7.2181540019999488,0],[112.27673900000002,-7.218078999999932,0],[112.27625100100011,-7.2181340019999425,0],[112.27614800000003,-7.2180219999999622,0],[112.27610821000007,-7.2178608499999655,0],[112.27610799900003,-7.2178600019999521,0],[112.2760998440001,-7.217818824999938,0],[112.27600300000006,-7.2173299999999472,0],[112.27585800100007,-7.2171899989999702,0],[112.2756730000001,-7.2171259999999506,0],[112.27558477300011,-7.2170922589999691,0],[112.27532000000008,-7.2169909999999504,0],[112.27517500100009,-7.2168009999999754,0],[112.27511000000004,-7.2166120019999767,0],[112.27499400000011,-7.2160599999999704,0],[112.27484100000004,-7.2159080009999457,0],[112.27458100000001,-7.2157399989999362,0],[112.27382499900011,-7.2153569999999263,0],[112.27328200000011,-7.2152509999999666,0],[112.27285420900012,-7.2153190749999681,0],[112.27272900000003,-7.2153389999999717,0],[112.27245300000004,-7.2154859999999417,0],[112.27213600100004,-7.21574099999998,0],[112.27194900000006,-7.215982998999948,0],[112.27194867200001,-7.2159837629999402,0],[112.27186400000005,-7.2161810009999385,0],[112.27186401200004,-7.2161824949999414,0],[112.27186407600004,-7.2161941499999784,0],[112.27186700000004,-7.2166979999999512,0],[112.27188300000012,-7.2170729999999708,0],[112.27187300000003,-7.2180530009999302,0],[112.27191000000005,-7.2181920019999666,0],[112.27208600000006,-7.218410998999957,0],[112.27224300000012,-7.2186559999999531,0],[112.27224300000012,-7.2186571669999466,0],[112.27224300000012,-7.2188269999999761,0],[112.27217300100006,-7.2190989999999715,0],[112.27206100000001,-7.21922799999993,0],[112.27195200000006,-7.2193869999999265,0],[112.2719520070001,-7.2193872309999279,0],[112.27195435700003,-7.219477693999977,0],[112.27195600000005,-7.2195409999999356,0],[112.27195630400001,-7.219541807999974,0],[112.2720250000001,-7.2197239999999283,0],[112.27217200100006,-7.21992199999994,0],[112.27233100100011,-7.219981999999959,0],[112.27283300000011,-7.2201139999999668,0],[112.27312600000005,-7.2202570009999363,0],[112.27348000100005,-7.2204330009999467,0],[112.27355600100009,-7.2205359999999814,0],[112.27355597600001,-7.220536673999959,0],[112.27355339200005,-7.2206096849999426,0],[112.27355199900001,-7.2206490019999592,0],[112.27355182300005,-7.2206494369999632,0],[112.27345900300008,-7.2208780019999494,0],[112.27334800000006,-7.2209819999999354,0],[112.27312000000006,-7.2210619999999608,0],[112.27286100000003,-7.2210739999999305,0],[112.27185500000007,-7.2210699999999406,0],[112.27180200100008,-7.2211889999999812,0],[112.27180183300004,-7.2211901339999258,0],[112.27180057100009,-7.2211984989999678,0],[112.27177400000005,-7.2213749999999663,0],[112.27176200100007,-7.2218399989999398,0],[112.27176182200003,-7.2218402819999596,0],[112.27169800000001,-7.2219409999999584,0],[112.27123100000006,-7.2223809999999276,0],[112.27087700000004,-7.2226519999999255,0],[112.2704519990001,-7.2227989999999522,0],[112.27043299900004,-7.2229149999999436,0],[112.27043307000008,-7.2229155569999648,0],[112.27045817800001,-7.2231164299999477,0],[112.27047099900005,-7.2232189999999719,0],[112.27044774100011,-7.223359304999974,0],[112.27044000000001,-7.2234059999999545,0],[112.27043983200008,-7.2234061389999624,0],[112.27035399900001,-7.2234760019999271,0],[112.27021000000002,-7.2234999999999445,0],[112.27007100000003,-7.2234619999999268,0],[112.2698669990001,-7.2233289999999784,0],[112.26950500000009,-7.2230569999999261,0],[112.26924000000008,-7.2229700019999541,0],[112.26899500100001,-7.2229529999999613,0],[112.26883200000009,-7.2230019999999513,0],[112.26781800000003,-7.2233319999999708,0],[112.26735099900009,-7.2235209999999483,0],[112.26712300100007,-7.2235740019999639,0],[112.26704600100004,-7.2237159999999676,0],[112.26704589500002,-7.2237164829999756,0],[112.26704090700002,-7.2237391219999267,0],[112.26699600000006,-7.2239430009999523,0],[112.26697317000003,-7.2240719259999651,0],[112.26696199900005,-7.2241349999999329,0],[112.26696159100004,-7.2241357099999277,0],[112.26695877700001,-7.2241406499999812,0],[112.26688500000012,-7.2242699999999331,0],[112.26672000000008,-7.2245039999999676,0],[112.26660999900002,-7.2245779999999513,0],[112.26624200000003,-7.2247159989999545,0],[112.26624192000008,-7.224716050999973,0],[112.26610400000004,-7.2248020019999331,0],[112.26580500000011,-7.2249970019999523,0],[112.2657640000001,-7.2250170019999587,0],[112.26556400100003,-7.2252890009999646,0],[112.26551100000006,-7.2254240009999648,0],[112.26551102400003,-7.2254240299999424,0],[112.26570000100003,-7.2256549999999606,0],[112.26600000000008,-7.2261879989999329,0],[112.26610299900005,-7.2264619999999695,0],[112.26611714500007,-7.2266506029999391,0],[112.2661240000001,-7.2267419999999447,0],[112.26606100000004,-7.2269129999999677,0],[112.26592200000005,-7.2270339999999464,0],[112.26561499900004,-7.2272590019999257,0],[112.26537400000007,-7.2279410009999765,0],[112.26525200100002,-7.2281380019999801,0],[112.26453700000002,-7.2292579999999589,0],[112.26453696600004,-7.2292581769999629,0],[112.26449402100002,-7.2294818229999578,0],[112.26448399900005,-7.2295339999999442,0],[112.2644840050001,-7.2295343059999482,0],[112.26449900000011,-7.230671000999962,0],[112.26458873800004,-7.2312236409999286,0],[112.26461900000004,-7.2314099999999257,0],[112.26470300100004,-7.2318379999999252,0],[112.26485300000002,-7.232195001999969,0],[112.2651810000001,-7.2328079999999773,0],[112.26534800100001,-7.2331019999999739,0],[112.26548500100012,-7.2334539999999379,0],[112.26572500000009,-7.2343950009999389,0],[112.26578100000006,-7.2347429999999804,0],[112.26581799100006,-7.2352771419999726,0],[112.26583100000005,-7.2354649999999765,0],[112.26583600100003,-7.2357899999999518,0],[112.26586300000008,-7.2362009999999373,0],[112.2658810580001,-7.2364380009999536,0],[112.26591100000007,-7.2368309999999383,0],[112.26594285800002,-7.2372095989999252,0],[112.26595400100007,-7.2373420019999344,0],[112.26596800000004,-7.2375719999999433,0],[112.26596794900001,-7.2375725399999737,0],[112.26595932200007,-7.2376645649999318,0],[112.26594100000011,-7.2378599989999657,0],[112.2659406570001,-7.237861134999946,0],[112.26585100000011,-7.2381569999999442,0],[112.26578170900007,-7.2384173699999792,0],[112.26575199900003,-7.2385290009999608,0],[112.26575174800007,-7.2385294119999344,0],[112.26547300000004,-7.238982999999962,0],[112.2651370000001,-7.2393629999999689,0],[112.26489399900004,-7.2395959999999491,0],[112.26474620800002,-7.2400224019999655,0],[112.26474600000006,-7.240022999999951,0],[112.26474613700009,-7.2400233809999577,0],[112.26474624400009,-7.2400236729999392,0],[112.26481709800009,-7.2402194769999255,0],[112.26486846300008,-7.2402538349999759,0],[112.26490500800003,-7.2402977609999652,0],[112.26493401200003,-7.2403876499999456,0],[112.26493612000002,-7.240456556999959,0],[112.26496470900008,-7.2405229069999564,0],[112.26498562100005,-7.2405714449999437,0],[112.2650094390001,-7.2406267229999344,0],[112.26504438000006,-7.2407835949999253,0],[112.26506580900002,-7.2409060479999425,0],[112.2650602650001,-7.2409807209999713,0],[112.26502825900002,-7.2410141979999594,0],[112.26502607300006,-7.2410302079999269,0],[112.26502583800004,-7.241030172999956,0],[112.26501300000007,-7.2411230009999485,0],[112.26501221900003,-7.2411315899999522,0],[112.26501189200008,-7.2411347789999354,0],[112.26496300000008,-7.241491999999937,0],[112.26495449400011,-7.2416289909999705,0],[112.26494400000001,-7.2417979989999708,0],[112.26493299900005,-7.2419779999999605,0],[112.26493579100008,-7.2420563839999659,0],[112.26486528000009,-7.2431141999999795,0],[112.2648650000001,-7.243116999999927,0],[112.26486504800005,-7.2431188029999589,0],[112.2648617100001,-7.2437006359999714,0],[112.26488893300007,-7.2437687029999438,0],[112.26486307000005,-7.2439120629999252,0],[112.26478100100007,-7.2443669999999543,0],[112.26463700000011,-7.2445409999999697,0],[112.26468514700002,-7.2451844019999498,0],[112.26512249700011,-7.2467809659999602,0],[112.26513213400005,-7.247228396999958,0],[112.26523595300011,-7.2476042179999354,0],[112.26541265500009,-7.2481464599999299,0],[112.26575251000008,-7.2489889599999628,0],[112.26577892800003,-7.2490396379999424,0],[112.26565074300004,-7.2493448039999748,0],[112.26566026100011,-7.2496113039999273,0],[112.26580302800005,-7.2498873209999601,0],[112.26601242200002,-7.2501728579999281,0],[112.26616470600004,-7.2510484999999676,0],[112.26638361800008,-7.2523619599999734,0],[112.26639313500004,-7.2533708519999323,0],[112.26643120600011,-7.2536087979999593,0],[112.26665963400001,-7.2537801189999414,0],[112.26682143800008,-7.2539324049999436,0],[112.26686902800009,-7.2541893869999399,0],[112.26690019400007,-7.2544342789999519,0],[112.26708477500006,-7.2557158979999485,0],[112.26691500000004,-7.2558639999999741,0],[112.26642700000002,-7.2563499999999408,0],[112.26606600000002,-7.2566589999999564,0],[112.26568100100008,-7.257005999999933,0],[112.2645030000001,-7.2578529999999546,0],[112.26415200000008,-7.2580549999999562,0],[112.26344900000004,-7.2584469999999328,0],[112.26289400000007,-7.2587599999999384,0],[112.26210300000002,-7.2591109999999617,0],[112.26097200000004,-7.2595950019999691,0],[112.25917300000003,-7.260120001999951,0],[112.25858600000004,-7.2601600019999637,0],[112.25603999900011,-7.2600359999999569,0],[112.25525300000004,-7.2600749999999721,0],[112.25281400000006,-7.2602550009999618,0],[112.25174999900003,-7.2604059999999322,0],[112.25033600000006,-7.2609010019999687,0],[112.2500000010001,-7.2608629999999721,0],[112.2499997650001,-7.2608630859999721,0],[112.24955900000009,-7.2610239999999635,0],[112.24913800000002,-7.2612720019999415,0],[112.24893700000007,-7.2615519999999378,0],[112.24861200000009,-7.2618399999999497,0],[112.2483800010001,-7.2619459999999663,0],[112.2481600000001,-7.2619959999999537,0],[112.24798700000008,-7.2620529999999803,0],[112.2477100000001,-7.2620939999999337,0],[112.24748700000009,-7.2621569999999451,0],[112.24687000000006,-7.2622630009999511,0],[112.24476200000004,-7.2626279999999497,0],[112.24440500100002,-7.2625819999999521,0],[112.24398500000007,-7.262442999999962,0],[112.24365200000011,-7.2622709999999415,0],[112.24313900000004,-7.2622270019999746,0],[112.24291000000005,-7.2623479999999745,0],[112.2426239990001,-7.262506999999971,0],[112.2423060000001,-7.2625719999999774,0],[112.24203100000011,-7.2626069999999459,0],[112.24192500100003,-7.2626079999999433,0],[112.24166900000012,-7.2626540009999303,0],[112.24134600000002,-7.2628129999999373,0],[112.24108000000001,-7.2630469999999718,0],[112.24074500000006,-7.2632689999999798,0],[112.24039700000003,-7.2634409999999434,0],[112.24003600100002,-7.2636069999999791,0],[112.23966300100005,-7.263753999999949,0],[112.23912700000005,-7.2638909999999441,0],[112.238741,-7.2639820019999775,0],[112.23834375400008,-7.2648202669999478,0],[112.2375335370001,-7.2653851089999648,0],[112.23699815800001,-7.2660989469999322,0],[112.23667098200008,-7.2666938109999251,0],[112.23595714400005,-7.2676158529999384,0],[112.23506484600011,-7.2688948139999638,0],[112.23399408800003,-7.2704712059999679,0],[112.23390251500007,-7.2705758619999301,0],[112.2335740530001,-7.2705903349999517,0],[112.23329974100011,-7.2706832759999429,0],[112.23289845700003,-7.2709054689999562,0],[112.23263141100006,-7.2710751159999631,0],[112.23180687900003,-7.2713696079999295,0],[112.23175380100008,-7.2713885639999489,0],[112.23124778700003,-7.2717062369999326,0],[112.23087537300012,-7.2720103249999397,0],[112.230109201,-7.2728305189999674,0],[112.23001511100006,-7.2729349349999666,0],[112.22996384800001,-7.2729918209999482,0],[112.22970637100002,-7.2731249579999258,0],[112.22945506000008,-7.273279764999927,0],[112.2291288020001,-7.2735733219999474,0],[112.22904100000005,-7.2741559999999481,0],[112.22892500000012,-7.2747169999999528,0],[112.22891973900005,-7.2747413339999412,0],[112.22890936200008,-7.2747922969999763,0],[112.22883771900001,-7.275137597999958,0],[112.22866290600007,-7.2752432149999322,0],[112.22832978200006,-7.2753764649999653,0],[112.22773967600006,-7.2756715179999674,0],[112.22706391000008,-7.2761949989999266,0],[112.22669271200004,-7.2768231769999261,0],[112.22658801500006,-7.2772419629999376,0],[112.22673078500009,-7.2776417109999443,0],[112.22725426600005,-7.2780033889999345,0],[112.22778360400002,-7.2782998719999341,0],[112.22778700100002,-7.2783019999999397,0],[112.22794900000008,-7.2783869999999524,0],[112.22806500000002,-7.2784759999999551,0],[112.22830800000008,-7.279073000999972,0],[112.22837600000003,-7.2796249999999532,0],[112.22842900000001,-7.2799499999999284,0],[112.22846700000002,-7.2802319999999554,0],[112.22854100000006,-7.2806649999999422,0],[112.22863100000006,-7.2808839999999577,0],[112.22882500000003,-7.2812059989999511,0],[112.22799100000009,-7.2814879999999675,0],[112.22717300000011,-7.2816209999999728,0],[112.22692800100003,-7.2815819999999576,0],[112.2266820000001,-7.2815409999999474,0],[112.22649700000011,-7.2816310019999264,0],[112.22624600100005,-7.2818569999999454,0],[112.22591900000009,-7.2820939999999723,0],[112.22570200100006,-7.2821469999999522,0],[112.22528599900011,-7.2820879999999306,0],[112.22484647900001,-7.282020073999945,0],[112.22487136600012,-7.2819159509999736,0],[112.22470752200002,-7.2818429889999265,0],[112.22461560200009,-7.2818020549999574,0],[112.22371595000004,-7.2814014239999665,0],[112.22323798400009,-7.2813198649999435,0],[112.22321502000011,-7.2813153509999324,0],[112.22264701800009,-7.2812449779999611,0],[112.22195312400004,-7.2811935339999536,0],[112.2216686590001,-7.2811916769999812,0],[112.22105539600011,-7.2812222259999544,0],[112.22039228500012,-7.2812564819999466,0],[112.21956408500012,-7.2812666969999782,0],[112.21911976400008,-7.2812419449999766,0],[112.21907444500005,-7.2814635059999659,0],[112.21904470100003,-7.2816538609999384,0],[112.21909229100004,-7.281826371999955,0],[112.21924695700011,-7.282004833999963,0],[112.21939567200002,-7.2822368299999312,0],[112.21940162100009,-7.2823617509999394,0],[112.21932428700006,-7.2825045189999287,0],[112.21917557200004,-7.282641339999941,0],[112.21914583000012,-7.282706773999962,0],[112.21916962300008,-7.2828554909999639,0],[112.21916962300008,-7.2830220519999784,0],[112.21914582800002,-7.2831588709999551,0],[112.2190506500001,-7.2833432789999506,0],[112.21897926600002,-7.2835098409999546,0],[112.21897331800005,-7.2836169169999607,0],[112.21900306000009,-7.2837715819999289,0],[112.21900306000009,-7.2838489149999646,0],[112.21899116400004,-7.2839738359999728,0],[112.21892573000002,-7.2840749629999664,0],[112.21880080700009,-7.2842534229999387,0],[112.21880080700009,-7.2843367049999301,0],[112.21890788200005,-7.2844259339999553,0],[112.21906254700002,-7.2845092149999573,0],[112.21930049400009,-7.2846995719999654,0],[112.21942541400006,-7.2847947499999464,0],[112.21950869600005,-7.2849553639999272,0],[112.21957413300004,-7.2851457209999353,0],[112.21960982400003,-7.2854550499999391,0],[112.21957413300004,-7.2857881759999259,0],[112.21962172100007,-7.2862283749999506,0],[112.21962172100007,-7.2864782209999248,0],[112.21960387400009,-7.2866983189999814,0],[112.21949679900001,-7.2868648809999286,0],[112.21952028100009,-7.2870333999999275,0],[112.21959792600001,-7.287590616999978,0],[112.21958008000001,-7.2877809739999293,0],[112.21962172000008,-7.2879237409999291,0],[112.21969310400004,-7.2880189199999563,0],[112.21983587300008,-7.2881378929999414,0],[112.21985966600005,-7.2882687639999517,0],[112.21985966600005,-7.2883639419999326,0],[112.21979423100004,-7.288482915999964,0],[112.2197168990001,-7.288560246999964,0],[112.21959792600001,-7.2886970679999763,0],[112.21951464500012,-7.2888933719999613,0],[112.21949085000006,-7.2891313199999672,0],[112.21950274800008,-7.2893633159999354,0],[112.21956818400008,-7.2894941849999668,0],[112.21970500200007,-7.2895001339999794,0],[112.21982397500005,-7.289535826999952,0],[112.21987156500006,-7.2896072099999287,0],[112.21988346300009,-7.2896845429999644,0],[112.21989536000001,-7.2900176669999723,0],[112.21988941100005,-7.2901961289999804,0],[112.21984182100005,-7.2903388949999339,0],[112.21972284800006,-7.2904578669999296,0],[112.21967526000003,-7.290493559999959,0],[112.21970500200007,-7.2905887379999399,0],[112.21976448900011,-7.2907255589999522,0],[112.2198180260001,-7.2909099649999689,0],[112.2198180260001,-7.2911419639999622,0],[112.21981207800002,-7.2913918059999787,0],[112.21977043800007,-7.2915940599999658,0],[112.21953249000001,-7.2918736469999317,0],[112.21945516000005,-7.2920937479999566,0],[112.21942541400006,-7.2926648179999347,0],[112.21938972300006,-7.2929325069999322,0],[112.21933618600008,-7.2931942479999634,0],[112.21932428700006,-7.2934262449999778,0],[112.21930644200006,-7.2936820369999396,0],[112.21925885300004,-7.2938842909999266,0],[112.21911013600004,-7.2940449049999643,0],[112.21883055100011,-7.2942590559999303,0],[112.21864614200001,-7.29446725899993,0],[112.2186360610001,-7.2945327889999589,0],[112.21862234700006,-7.294621923999955,0],[112.21856286000002,-7.295008586999927,0],[112.21847363000006,-7.2953655059999392,0],[112.21830706900005,-7.2955737089999388,0],[112.21791445700001,-7.2957224269999301,0],[112.21762297300006,-7.2958830389999321,0],[112.21742071900007,-7.2960436539999591,0],[112.21726605400011,-7.2963886739999566,0],[112.21723036300011,-7.2966563639999436,0],[112.21726010500004,-7.2968645659999538,0],[112.21732554200003,-7.2970549229999619,0],[112.21741477,-7.2971679469999344,0],[112.21741477,-7.2973404589999404,0],[112.21742071900007,-7.2975427119999381,0],[112.21755753800005,-7.2976973779999526,0],[112.21770625400006,-7.297810401999925,0],[112.21774194700004,-7.2979115289999754,0],[112.21780143300009,-7.298149475999935,0],[112.2177835870001,-7.2982862939999791,0],[112.21762297300006,-7.2983398319999537,0],[112.21743856600006,-7.2983576779999453,0],[112.2174310690001,-7.2983869149999805,0],[112.21737907800002,-7.2985896769999385,0],[112.21723631100008,-7.2986908039999321,0],[112.21697696400008,-7.2987897959999373,0],[112.2169161270001,-7.2990351689999784,0],[112.21683419600004,-7.2993656249999503,0],[112.21696744600001,-7.2994322499999384,0],[112.21695317000001,-7.2999224209999625,0],[112.21682943700011,-7.2999366959999747,0],[112.2167532950001,-7.3004221059999281,0],[112.21666287500011,-7.3009836589999395,0],[112.21653438500005,-7.3014119619999747,0],[112.21659863200011,-7.3017355869999392,0],[112.21656049500007,-7.3023234609999577,0],[112.21635229300011,-7.3027993549999337,0],[112.2163336320001,-7.3032161119999728,0],[112.21631660100002,-7.3035964729999705,0],[112.21634039600008,-7.3042984159999378,0],[112.21672000000001,-7.3046469989999423,0],[112.21702610300008,-7.306387453999946,0],[112.21670280100011,-7.3067659159999607,0],[112.21601088600005,-7.3073703459999706,0],[112.21500880600001,-7.308189509999977,0],[112.21463360400003,-7.3083320839999715,0],[112.21466929000007,-7.3086319939999385,0],[112.21467293400008,-7.3086626029999593,0],[112.2147190500001,-7.3090501719999565,0],[112.21474777200001,-7.3092055049999658,0],[112.21475425300002,-7.3092405639999356,0],[112.21479482100005,-7.309459980999975,0],[112.21479745600004,-7.3094742319999568,0],[112.21480156500002,-7.3094746699999291,0],[112.21488433500008,-7.3099051339999619,0],[112.21490320700002,-7.3100032749999286,0],[112.21491653400005,-7.3100725859999329,0],[112.21510398900011,-7.3107091809999361,0],[112.21517845800008,-7.3108783209999615,0],[112.21520229900011,-7.3109324739999693,0],[112.21524867400001,-7.3110378079999805,0],[112.21548343100005,-7.3114409719999571,0],[112.21563666600002,-7.3116935079999621,0],[112.21566029900009,-7.3117324569999482,0],[112.21591620200002,-7.3121541959999377,0],[112.21593817100006,-7.3121999809999352,0],[112.21601766600008,-7.3123210719999747,0],[112.21608145800008,-7.3124232349999261,0],[112.21611207900003,-7.3124722739999584,0],[112.21657524000011,-7.3132140159999608,0],[112.2166246490001,-7.3132868109999549,0],[112.21665464500006,-7.3133310069999311,0],[112.21712272100001,-7.3140206619999617,0],[112.21714715600001,-7.3140566609999382,0],[112.21722139200006,-7.3141645409999683,0],[112.21730131600009,-7.3142816219999531,0],[112.21731551100004,-7.3143013129999304,0],[112.21621000000005,-7.3150129999999649,0],[112.21586869800001,-7.3173479889999271,0],[112.22045112700005,-7.3191861369999742,0],[112.22101953700007,-7.3184159879999697,0],[112.22141845400006,-7.3181705009999405,0],[112.22218913000006,-7.3181439269999373,0],[112.22224228000005,-7.3184096799999452,0],[112.22261433100005,-7.3184761149999531,0],[112.22273391900001,-7.3189146029999392,0],[112.22305281900003,-7.3190209029999664,0],[112.22325213000011,-7.319366377999927,0],[112.22363747000009,-7.3194726789999436,0],[112.22539142200003,-7.3196985659999427,0],[112.22604251100006,-7.3194726779999542,0],[112.22679989900007,-7.3196055539999634,0],[112.22683976300004,-7.3194726789999436,0],[112.22709222500009,-7.3194328179999388,0],[112.22713208700009,-7.3192600779999566,0],[112.2276299560001,-7.3192277059999356,0],[112.22729400000003,-7.3197019999999497,0],[112.22690499900011,-7.3201860019999572,0],[112.22654200000011,-7.3206889999999589,0],[112.22626000000002,-7.3211970009999732,0],[112.22597600100005,-7.3215749999999389,0],[112.22555800000009,-7.3222279999999387,0],[112.22533800000008,-7.3225119999999606,0],[112.22536157800005,-7.3228956949999429,0],[112.22535536900011,-7.3232546399999592,0],[112.22541308400002,-7.3233262699999386,0],[112.22536434200003,-7.3239078629999312,0],[112.22553709600004,-7.323979177999945,0],[112.22545201300011,-7.3244173019999721,0],[112.22536716500008,-7.3249415659999499,0],[112.2253325690001,-7.3254369809999389,0],[112.22516609200011,-7.3259088249999422,0],[112.22515220900004,-7.3260907199999679,0],[112.22518599800003,-7.3261767719999398,0],[112.22526771800005,-7.3262626899999646,0],[112.22525369100003,-7.3263919419999297,0],[112.22524445800002,-7.3265211809999755,0],[112.22536289100003,-7.3266298859999779,0],[112.22532980500011,-7.3268047589999696,0],[112.22532028800003,-7.3270522229999528,0],[112.22530125300011,-7.3273758299999372,0],[112.22530125200001,-7.327670884999975,0],[112.22534884200002,-7.3279088289999663,0],[112.22554871700004,-7.3281087039999306,0],[112.22563437700001,-7.3282895429999257,0],[112.22563437700001,-7.3284703809999314,0],[112.22550112800002,-7.3286512209999728,0],[112.22539643100004,-7.3287844699999596,0],[112.22527269800003,-7.328889166999943,0],[112.22505378900007,-7.3289367559999619,0],[112.22476825300009,-7.3289938649999726,0],[112.22455886200009,-7.3291842199999451,0],[112.22462548600004,-7.3293555409999271,0],[112.22477777100005,-7.3295363809999685,0],[112.22489198500011,-7.3297362549999434,0],[112.2249205390001,-7.3299266139999304,0],[112.22489198500011,-7.3302311829999667,0],[112.22471114700011,-7.3304786469999499,0],[112.22459693300004,-7.3307356289999461,0],[112.22438278200002,-7.3310306819999482,0],[112.22438278100003,-7.3311401369999771,0],[112.22443988800001,-7.3311829679999505,0],[112.22452078900005,-7.3312210389999564,0],[112.22463976200004,-7.3312257979999345,0],[112.22476349500005,-7.3311829669999611,0],[112.22483012000009,-7.3311353779999422,0],[112.22486343200001,-7.3311068249999494,0],[112.22491578000006,-7.3310687529999541,0],[112.2249681290001,-7.3310354399999369,0],[112.22502523600008,-7.331016406999936,0],[112.22505854700012,-7.3310497179999743,0],[112.22505854700012,-7.331116341999973,0],[112.22503951100009,-7.3313400119999415,0],[112.22501571800001,-7.331482780999977,0],[112.2250442720001,-7.3315018169999462,0],[112.22511089500006,-7.3315018169999462,0],[112.22524414500003,-7.3315018169999462,0],[112.22539643100004,-7.3314970559999324,0],[112.22552968200011,-7.3315065739999454,0],[112.22561058400004,-7.3314732609999282,0],[112.22568196600002,-7.331454224999959,0],[112.22578190500008,-7.3314494659999809,0],[112.22584376900011,-7.3314685019999501,0],[112.22591991400009,-7.3314542259999484,0],[112.22614006600008,-7.3314975509999272,0],[112.22628283300003,-7.3315641759999721,0],[112.22635897600003,-7.3316593539999531,0],[112.22653029700007,-7.3319544079999446,0],[112.22666354800003,-7.332116209999981,0],[112.2268824570001,-7.3321447639999633,0],[112.22702522400004,-7.3320781389999752,0],[112.22725365300005,-7.3319829609999374,0],[112.22760581400007,-7.3320305499999563,0],[112.22788183000011,-7.3320495859999255,0],[112.22817688500004,-7.3321733169999561,0],[112.22841762900009,-7.3323204059999512,0],[112.2284429660001,-7.3323335459999726,0],[112.22841847800009,-7.3324898179999423,0],[112.22840607900002,-7.3326236099999278,0],[112.22840188100008,-7.332635550999953,0],[112.22868127700008,-7.3326570439999728,0],[112.22900845300001,-7.3327165299999706,0],[112.22934752700007,-7.3327224779999369,0],[112.22965090800005,-7.3327700669999558,0],[112.22995983900012,-7.3328224169999316,0],[112.23038700000006,-7.3328519999999457,0],[112.23154355600002,-7.3325445469999408,0],[112.23224741200011,-7.3323574409999424,0],[112.23266143800004,-7.3325144859999796,0],[112.23267571500003,-7.3328000189999329,0],[112.23267571500003,-7.3330855539999789,0],[112.23260433200005,-7.3334567509999715,0],[112.23237590300005,-7.3337565639999411,0],[112.23179055700007,-7.3338850539999498,0],[112.23157640500006,-7.3341277599999444,0],[112.23139080600004,-7.3348415969999792,0],[112.23139080600004,-7.3360551209999585,0],[112.23147646700011,-7.3370259439999472,0],[112.23186193800007,-7.3383536809999441,0],[112.23189049300004,-7.3390817959999595,0],[112.23190477000003,-7.3395529319999468,0],[112.23213319800004,-7.3400383409999677,0],[112.23213319800004,-7.3402524929999799,0],[112.23203326100008,-7.3404095379999603,0],[112.23186194000004,-7.3405951329999652,0],[112.23184428000002,-7.3407893919999765,0],[112.23183338600006,-7.3409092219999366,0],[112.23183147800012,-7.3409686829999714,0],[112.2318630850001,-7.3409921639999425,0],[112.23198443800004,-7.3410921009999583,0],[112.23209554000005,-7.3411513559999548,0],[112.23219858900006,-7.3412063149999653,0],[112.23224141900005,-7.3412634219999404,0],[112.23227354200003,-7.3413383749999639,0],[112.23227354200003,-7.3414632969999616,0],[112.23231280400012,-7.3417702469999426,0],[112.23232351100012,-7.3420129519999477,0],[112.23232351100012,-7.3421735659999285,0],[112.23230923400001,-7.342384147999951,0],[112.23228516400002,-7.3425178719999735,0],[112.23227711100003,-7.3425626079999802,0],[112.23223785100004,-7.342780328999936,0],[112.23219501900007,-7.3429552209999542,0],[112.23215219000008,-7.3431550939999397,0],[112.2321022210001,-7.3433549679999714,0],[112.23207366800011,-7.3434620439999776,0],[112.23200942200003,-7.3437190269999633,0],[112.2318566560001,-7.3440032649999694,0],[112.23182447000011,-7.344114382999976,0],[112.23163462200012,-7.3447698199999536,0],[112.23163669200005,-7.3448216619999585,0],[112.23164289200008,-7.3449768909999307,0],[112.23165669800005,-7.3451145169999563,0],[112.23166182900002,-7.3451656549999598,0],[112.23164315000008,-7.3452346579999812,0],[112.23153181300006,-7.3455018799999721,0],[112.23133510100001,-7.3458131199999457,0],[112.23126139200008,-7.3458984209999585,0],[112.23111720300005,-7.3460652889999665,0],[112.23107383600006,-7.3461536319999254,0],[112.23105390800004,-7.3462201859999254,0],[112.23103753800001,-7.3462748529999544,0],[112.2310306280001,-7.3464133229999788,0],[112.23105602500004,-7.3465272319999713,0],[112.23107911800003,-7.3466308109999545,0],[112.23116788700008,-7.3467785349999417,0],[112.23118702200009,-7.3468103789999759,0],[112.23146150700006,-7.3472717089999264,0],[112.23146416700001,-7.3474117349999801,0],[112.23141265100003,-7.3475235309999789,0],[112.23140897600001,-7.347531508999964,0],[112.2313464340001,-7.3476718009999331,0],[112.23132526600011,-7.3477192799999784,0],[112.2313209670001,-7.3477570769999261,0],[112.23131471500005,-7.3479402759999743,0],[112.23133261600003,-7.3482601779999754,0],[112.23133201000007,-7.3483447869999736,0],[112.231331092,-7.3484729559999664,0],[112.2312906090001,-7.3486045639999702,0],[112.23125253800004,-7.3487042759999781,0],[112.2311263360001,-7.3490532199999734,0],[112.23111102300004,-7.3490955599999666,0],[112.23098977300003,-7.3493683729999475,0],[112.23094252600004,-7.349474675999943,0],[112.23091822300012,-7.3495293589999733,0],[112.23023812300005,-7.3499323799999274,0],[112.22945727100011,-7.3501087019999432,0],[112.22898000000009,-7.3500179999999773,0],[112.22859600000004,-7.3502269999999612,0],[112.22849800000006,-7.3502970019999339,0],[112.22844700000007,-7.3504100009999433,0],[112.22844000000009,-7.3505119999999806,0],[112.22854200000006,-7.3506119999999555,0],[112.22872300100005,-7.3507139999999254,0],[112.22889600000008,-7.3508569999999622,0],[112.22901400000001,-7.3509729999999536,0],[112.2290699990001,-7.351024999999936,0],[112.22910400000001,-7.3511599999999362,0],[112.22910200000001,-7.3511849999999299,0],[112.22913300100004,-7.3513599999999428,0],[112.22913309600006,-7.3513608469999667,0],[112.2291331780001,-7.3513609019999535,0],[112.22913324900003,-7.3513609499999575,0],[112.22913356200002,-7.3513611619999324,0],[112.22913361700012,-7.3513612189999549,0],[112.22913367100011,-7.3513612759999774,0],[112.22913806300005,-7.351365856999962,0],[112.22913874500011,-7.3513665689999357,0],[112.22913948100006,-7.3513673369999424,0],[112.22915411300005,-7.3513826019999442,0],[112.22917053500009,-7.3513997349999727,0],[112.2292034620001,-7.3514340859999265,0],[112.22925991200009,-7.3514929779999534,0],[112.22927640600005,-7.3515101859999277,0],[112.22933193300003,-7.3515681159999531,0],[112.22936286900006,-7.3515846569999326,0],[112.22936718900007,-7.3515869669999461,0],[112.22950708300004,-7.3516617659999497,0],[112.2295114420001,-7.3516640969999685,0],[112.2295379200001,-7.3516782539999781,0],[112.2296257590001,-7.3516816979999362,0],[112.22966210700008,-7.3516831229999298,0],[112.22976168600007,-7.351687027999958,0],[112.22983271700002,-7.3516898129999504,0],[112.22993717200006,-7.3516939089999482,0],[112.22998732400004,-7.3516958759999511,0],[112.23004910300006,-7.3516982989999633,0],[112.23010700500004,-7.351698492999958,0],[112.23021482000001,-7.3516988529999594,0],[112.23026434700012,-7.3516990179999766,0],[112.23042655800009,-7.3516995599999291,0],[112.23047633400006,-7.3516997259999357,0],[112.23050110300005,-7.3517060179999589,0],[112.23061665000012,-7.35173537299994,0],[112.23068194300004,-7.351751960999934,0],[112.2308144110001,-7.3517856149999261,0],[112.2308901450001,-7.3518048549999548,0],[112.23094936200005,-7.3518198989999632,0],[112.23098069900004,-7.3518265199999746,0],[112.23108496400005,-7.351848547999964,0],[112.23114989800001,-7.3518622669999445,0],[112.23126134200004,-7.3518858119999777,0],[112.23135291300002,-7.3519051579999655,0],[112.23141868200003,-7.3519190529999605,0],[112.23158573900002,-7.3519543469999462,0],[112.23162034200004,-7.3519616579999365,0],[112.2316512750001,-7.3519681929999479,0],[112.23174320400005,-7.35200482099998,0],[112.23183300800008,-7.3520406029999776,0],[112.23195974700002,-7.3520911009999281,0],[112.23199124200005,-7.3521036499999468,0],[112.23201745200004,-7.3521140929999547,0],[112.23218422800005,-7.352176419999978,0],[112.23222651000003,-7.3521922209999389,0],[112.23237748800011,-7.3522486439999284,0],[112.2323793270001,-7.352249330999939,0],[112.23238993900009,-7.3522532969999475,0],[112.23239129500007,-7.352253803999929,0],[112.2324177910001,-7.3522622709999723,0],[112.23243743400008,-7.3522685489999731,0],[112.23244575500007,-7.3522712079999337,0],[112.23245365500009,-7.3522737329999472,0],[112.23254332200008,-7.3523023889999308,0],[112.23259292900002,-7.3523182419999671,0],[112.23272823800005,-7.3523614839999709,0],[112.23280767500012,-7.3523868709999647,0],[112.23286432300006,-7.3524049749999563,0],[112.23294481100004,-7.3524304919999395,0],[112.23301468900002,-7.3524526449999712,0],[112.23315530700006,-7.3524972249999792,0],[112.23321783600011,-7.3525170479999815,0],[112.23328396200009,-7.3525380119999681,0],[112.23337395100009,-7.3525669369999491,0],[112.2334183050001,-7.352581192999935,0],[112.23359347600001,-7.3526374969999324,0],[112.23361936800006,-7.3526458189999744,0],[112.23382703000004,-7.3527125659999797,0],[112.23385761300005,-7.3527223959999333,0],[112.23397823400001,-7.3527611659999366,0],[112.23404057500011,-7.3527831999999762,0],[112.23409555900002,-7.3528026339999428,0],[112.23423781700001,-7.3528529149999713,0],[112.23431387500011,-7.3528797969999573,0],[112.23442270600003,-7.3529182629999355,0],[112.23449649800011,-7.352944344999969,0],[112.23459619400001,-7.3529795819999322,0],[112.23461904300007,-7.3529900259999295,0],[112.23468745000002,-7.3530212929999266,0],[112.23477848000005,-7.3530629009999302,0],[112.23487304900004,-7.3531061269999327,0],[112.23496778800006,-7.3531494299999736,0],[112.23502741400011,-7.3531766839999477,0],[112.23513027600006,-7.3532236989999546,0],[112.23518609000007,-7.3532475629999681,0],[112.23523591500009,-7.3532688649999614,0],[112.23532431100011,-7.3533066579999513,0],[112.2354384680001,-7.353355464999936,0],[112.2354735880001,-7.3533704799999668,0],[112.23556071200005,-7.3534077289999686,0],[112.23561378400007,-7.3534304199999383,0],[112.23565669200002,-7.3534487649999392,0],[112.23572251500002,-7.3534780199999545,0],[112.23574814800008,-7.353489412999977,0],[112.2358423820001,-7.3535312949999252,0],[112.2359466800001,-7.353577649999977,0],[112.23601608100012,-7.3536084949999463,0],[112.2360973320001,-7.3536446069999784,0],[112.23619573100007,-7.3536883399999624,0],[112.23620600700008,-7.3536929069999815,0],[112.23628518300006,-7.3537297389999594,0],[112.23632957500001,-7.3537503899999592,0],[112.23646818000009,-7.3538148689999616,0],[112.23656157200003,-7.3538583149999681,0],[112.23664850900002,-7.3538987579999571,0],[112.23673914100004,-7.3539409199999568,0],[112.23680623700011,-7.3539721329999566,0],[112.23680873500007,-7.3539732949999461,0],[112.23683526000002,-7.3539883079999413,0],[112.23684112900003,-7.3539916299999391,0],[112.23685922900006,-7.3540018739999482,0],[112.23699736300011,-7.354080056999976,0],[112.23707821300002,-7.3541258179999431,0],[112.23717749700006,-7.3541820129999564,0],[112.23724031400002,-7.3542175669999779,0],[112.23733711700004,-7.3542723569999566,0],[112.23735043300007,-7.3542798939999443,0],[112.23743305100004,-7.3543102289999638,0],[112.23751417800008,-7.3543400159999806,0],[112.23756749000006,-7.3543595899999445,0],[112.23769000800007,-7.3544045739999433,0],[112.23778253300009,-7.3544385459999262,0],[112.23790710800006,-7.3544842849999554,0],[112.23795207100011,-7.3545007939999323,0],[112.23796077700001,-7.3545039909999446,0],[112.23807074700005,-7.3545378489999393,0],[112.23815551500002,-7.3545639469999742,0],[112.23823934300003,-7.3545897559999389,0],[112.23830780000003,-7.3546108329999811,0],[112.23837277500002,-7.3546308379999346,0],[112.23841188900008,-7.3546493569999711,0],[112.23847406400012,-7.354678794999927,0],[112.23861632000001,-7.3547461489999364,0],[112.2386745340001,-7.3547737119999397,0],[112.23879372400006,-7.3548301449999371,0],[112.23887262500011,-7.3548675019999337,0],[112.2389878780001,-7.3549220709999759,0],[112.23906684800011,-7.3549594609999644,0],[112.23919188800005,-7.3550186639999424,0],[112.2392378720001,-7.3550404359999675,0],[112.23928829200008,-7.3550643079999531,0],[112.23935793400005,-7.3550955909999516,0],[112.23944161400004,-7.3551331789999495,0],[112.23954304400002,-7.3551787399999284,0],[112.23957962300005,-7.3551951709999344,0],[112.2396544930001,-7.3552288019999423,0],[112.23973105200002,-7.3552721909999264,0],[112.239807455,-7.3553154909999421,0],[112.23986087800006,-7.3553457679999497,0],[112.23998782800004,-7.3554177149999305,0],[112.23999018000006,-7.3554190479999306,0],[112.24006192500008,-7.3554806639999697,0],[112.24006555400001,-7.3554837809999754,0],[112.24022670600004,-7.3556221819999337,0],[112.24028973800011,-7.3556975989999387,0],[112.24032196700011,-7.355736161999971,0],[112.24036353400004,-7.3557858969999756,0],[112.24038692100009,-7.3558138789999248,0],[112.24042162700005,-7.3558668379999403,0],[112.24043975400002,-7.3558944989999304,0],[112.24047932300005,-7.3559548789999667,0],[112.24051940700008,-7.3560160439999436,0],[112.24055066300002,-7.3560637379999321,0],[112.24058340200008,-7.3561136949999764,0],[112.24060582600009,-7.3561479129999725,0],[112.24064926800008,-7.3562142029999791,0],[112.24067580100007,-7.3562546899999575,0],[112.24069973400003,-7.356291209999938,0],[112.24070781600005,-7.3563030609999487,0],[112.24074582600008,-7.3563587919999804,0],[112.2407816430001,-7.3564113089999523,0],[112.24081053500004,-7.3564536709999402,0],[112.24084911000011,-7.3565102309999588,0],[112.24088680900002,-7.3565655069999707,0],[112.24089810400005,-7.3565820679999661,0],[112.2409162670001,-7.3566121959999577,0],[112.24094818800006,-7.3566651469999442,0],[112.24098064100008,-7.3567189779999467,0],[112.24098649400003,-7.3567286869999293,0],[112.24099078300003,-7.356735801999946,0],[112.24100323900007,-7.3567564629999538,0],[112.24101092300009,-7.3567692089999355,0],[112.24101811900005,-7.3567811459999461,0],[112.24101847600002,-7.3567817379999383,0],[112.24102016500001,-7.3567845399999783,0],[112.24102576900009,-7.3567938359999516,0],[112.24103282600004,-7.356805541999961,0],[112.24103953500003,-7.3568166709999332,0],[112.2410964500001,-7.3569110809999643,0],[112.24118166800008,-7.3570740029999797,0],[112.24118329700002,-7.3570771169999603,0],[112.24118515000009,-7.357080658999962,0],[112.24119083300002,-7.3570915239999408,0],[112.24119139200002,-7.3570925929999476,0],[112.24119469700008,-7.35709891099998,0],[112.24119880700005,-7.3571067689999268,0],[112.24120145500001,-7.3571118309999406,0],[112.24120502000005,-7.3571186459999467,0],[112.24120776600012,-7.3571238959999619,0],[112.24121091100005,-7.3571299089999798,0],[112.2412143360001,-7.3571364579999567,0],[112.2412175820001,-7.35714266399998,0],[112.24122087100011,-7.3571489519999318,0],[112.24122379400001,-7.3571545399999536,0],[112.2412261500001,-7.3571590439999568,0],[112.2412263540001,-7.3571593369999277,0],[112.2412325040001,-7.3571681769999486,0],[112.24123579100001,-7.3571729009999558,0],[112.24124121700004,-7.3571806999999581,0],[112.24124594500006,-7.3571874969999271,0],[112.24125099100002,-7.3571947499999624,0],[112.24125426400008,-7.3571994539999537,0],[112.24126028000001,-7.3572081009999692,0],[112.24126031900005,-7.357208155999956,0],[112.2412603570001,-7.3572082109999428,0],[112.2412634530001,-7.3572126599999592,0],[112.24126956000009,-7.3572214379999537,0],[112.24127378300011,-7.3572275069999478,0],[112.24127673400005,-7.3572317489999364,0],[112.24128307000001,-7.3572408569999652,0],[112.24128456100004,-7.3572430009999721,0],[112.2412868130001,-7.3572462379999592,0],[112.24132533600005,-7.3573016079999434,0],[112.24145927500001,-7.3575811419999582,0],[112.2414721240001,-7.35760795799996,0],[112.2414798420001,-7.3576240649999249,0],[112.24149590100001,-7.3576575799999659,0],[112.24150457400003,-7.3576756809999324,0],[112.24151690200006,-7.3577014099999474,0],[112.24152486700007,-7.3577180329999692,0],[112.24154077700007,-7.3577512369999454,0],[112.24155639700007,-7.3577838369999427,0],[112.24156054700006,-7.3577924969999344,0],[112.24158586300007,-7.3578453329999434,0],[112.24160432000008,-7.3578838519999294,0],[112.24161233200005,-7.357900572999938,0],[112.24162145700006,-7.3579196169999364,0],[112.24163203300009,-7.357941688999972,0],[112.24165178600003,-7.3579829139999333,0],[112.24165768500006,-7.3579952259999573,0],[112.24167628000009,-7.358034034999946,0],[112.24169548900011,-7.3580445509999777,0],[112.24171544100011,-7.3580554739999684,0],[112.24174454000001,-7.3580714049999756,0],[112.24180012200009,-7.3581018339999673,0],[112.24185061500009,-7.3581294769999772,0],[112.24186741500012,-7.3581386749999638,0],[112.24192071400012,-7.3581678539999302,0],[112.24195564600006,-7.3581869779999352,0],[112.24198867200005,-7.3582050579999532,0],[112.24203837500011,-7.3582322679999379,0],[112.24206958000002,-7.358249351999973,0],[112.24211511100009,-7.3582742779999535,0],[112.24214990000007,-7.3582933239999306,0],[112.24217211400003,-7.3583054859999493,0],[112.24222135400009,-7.3583324429999379,0],[112.24224435400004,-7.3583450349999566,0],[112.24227492000011,-7.3583617689999414,0],[112.24230981100004,-7.3583808699999622,0],[112.24235826200004,-7.358407394999972,0],[112.24239485600003,-7.3584274289999598,0],[112.24243739000008,-7.3584507149999467,0],[112.2424584260001,-7.3584622319999653,0],[112.24246973700008,-7.358468423999966,0],[112.24252861800005,-7.3584888999999407,0],[112.2425365580001,-7.3584916609999595,0],[112.24258501200006,-7.3585085109999682,0],[112.24263225200002,-7.3585249379999595,0],[112.24266439000007,-7.3585361139999463,0],[112.24271275900003,-7.3585529339999312,0],[112.24272112100005,-7.3585558419999302,0],[112.24272372400003,-7.358556746999966,0],[112.24273548100007,-7.3585608349999347,0],[112.24274934800007,-7.3585656569999287,0],[112.24275614200008,-7.3585680199999501,0],[112.2427657290001,-7.3585713539999347,0],[112.24276704900001,-7.3585718129999691,0],[112.2427671590001,-7.3585718509999651,0],[112.24276726800008,-7.3585718889999612,0],[112.24276917100008,-7.3585722649999639,0],[112.24277322400008,-7.3585730649999732,0],[112.2427758120001,-7.3585735749999799,0],[112.24278523100008,-7.3585754339999312,0],[112.24281354600009,-7.358581021999953,0],[112.24284119700008,-7.3585864789999391,0],[112.24294312800009,-7.3586065949999693,0],[112.2430091220001,-7.3586196189999669,0],[112.2431132590001,-7.3586401699999442,0],[112.24314291500002,-7.3586460229999489,0],[112.24315639300005,-7.3586486829999558,0],[112.2432423460001,-7.358683330999952,0],[112.24329233800006,-7.3587034829999425,0],[112.24336125700006,-7.3587312649999603,0],[112.24337113400009,-7.3587352469999701,0],[112.24347254800011,-7.3587761279999313,0],[112.24353323500009,-7.3588005909999765,0],[112.24363098400011,-7.3588399939999363,0],[112.24371496600008,-7.3588738479999733,0],[112.2437897210001,-7.3589039819999584,0],[112.24383540700001,-7.3589223979999474,0],[112.24387141500006,-7.3589448389999461,0],[112.24392731500006,-7.3589796769999793,0],[112.24400290800008,-7.3590267879999374,0],[112.24403365400008,-7.3590459489999489,0],[112.24416994700005,-7.3591308889999709,0],[112.24417326100001,-7.35913295499995,0],[112.24428353200005,-7.3592016779999767,0],[112.24429233800004,-7.359207165999976,0],[112.24437710500001,-7.3592599949999453,0],[112.24438332900002,-7.3592614009999693,0],[112.24441333900006,-7.3592681789999688,0],[112.24442192000004,-7.3592701169999373,0],[112.24448650600004,-7.3592847039999469,0],[112.24460168700011,-7.3593107179999606,0],[112.24467448300004,-7.3593271589999745,0],[112.24478962700005,-7.3593531649999591,0],[112.24487346700005,-7.3593721009999626,0],[112.2449870800001,-7.3593977609999683,0],[112.24505609000005,-7.3594133469999292,0],[112.24514528500004,-7.3594334919999369,0],[112.24524632500004,-7.3594563119999634,0],[112.24524685000006,-7.3594564309999555,0],[112.24567410500003,-7.3595146069999373,0],[112.24597143800008,-7.3595427339999446,0],[112.24597153800005,-7.3595427429999631,0],[112.24597163600004,-7.3595427519999248,0],[112.24609952800006,-7.3596079079999299,0],[112.24622342000009,-7.359671025999944,0],[112.24633800700008,-7.3598340039999357,0],[112.2463514100001,-7.3598530679999499,0],[112.24652929800004,-7.36010607999998,0],[112.24653130600007,-7.3601089359999605,0],[112.24653620800007,-7.3601159079999547,0],[112.2467337380001,-7.3603211829999395,0],[112.2468032490001,-7.3603934189999336,0],[112.24686340000005,-7.3604996019999476,0],[112.24694726400003,-7.3606476459999612,0],[112.24706756800003,-7.3608600179999257,0],[112.24708552300001,-7.3608917139999335,0],[112.24714780500005,-7.3609807699999692,0],[112.24715422400004,-7.3609899489999293,0],[112.24719018500002,-7.3610413679999738,0],[112.24726861200008,-7.3611535079999726,0],[112.24727748700002,-7.3611673719999544,0],[112.24732022500007,-7.3612341319999359,0],[112.24734492300001,-7.3612727139999379,0],[112.24744728700011,-7.3614012199999479,0],[112.24765597200008,-7.3616631999999527,0],[112.24769589200002,-7.3617133159999639,0],[112.24772043700011,-7.3617366949999337,0],[112.24772640600008,-7.3617423799999528,0],[112.24808485000005,-7.3620079089999422,0],[112.24808490900011,-7.3620079519999422,0],[112.24808496700007,-7.3620079949999422,0],[112.24813724100011,-7.3620247869999389,0],[112.24814241400009,-7.3620264489999272,0],[112.24825633000012,-7.3620630439999672,0],[112.2482991600001,-7.3620768029999795,0],[112.24834109900007,-7.3620902759999467,0],[112.24846642600005,-7.3621305369999277,0],[112.24866504700003,-7.3622064499999738,0],[112.24868120700012,-7.3622126259999732,0],[112.24873346700008,-7.3622325999999703,0],[112.24885868500007,-7.3623332979999532,0],[112.24893165500009,-7.3623919799999271,0],[112.24902340600011,-7.3624657649999676,0],[112.24909226300008,-7.3625240419999614,0],[112.24910600100009,-7.3625356689999535,0],[112.24929131200008,-7.3626925069999629,0],[112.24934731700012,-7.3627399069999342,0],[112.24938960800012,-7.3627756999999292,0],[112.24964136700009,-7.3629020629999786,0],[112.24966146500003,-7.3629164679999803,0],[112.24967566500004,-7.3629266449999591,0],[112.24990972100011,-7.3630943989999764,0],[112.24995655300006,-7.3631279639999434,0],[112.24999995200005,-7.3631590689999484,0],[112.25001056600001,-7.3631610669999645,0],[112.25002939500007,-7.3631646119999346,0],[112.2501297770001,-7.3631835079999632,0],[112.25019557500002,-7.3631958939999436,0],[112.2502857930001,-7.3632128769999667,0],[112.25040923100005,-7.3632361139999603,0],[112.2505392060001,-7.3632605809999632,0],[112.25061692700001,-7.3632752119999623,0],[112.25067135000006,-7.3632854569999608,0],[112.2507412220001,-7.363295328999925,0],[112.25083816800009,-7.363309026999957,0],[112.2509414540001,-7.3633236199999601,0],[112.25109399600001,-7.3633451719999812,0],[112.2511399010001,-7.3633516579999423,0],[112.25119776700001,-7.3633598339999367,0],[112.25132513000005,-7.3633706419999498,0],[112.25139045900005,-7.3633761859999254,0],[112.25153342300007,-7.3633883179999771,0],[112.25165136600003,-7.3633983269999703,0],[112.25170892600011,-7.3634032119999802,0],[112.25174797000011,-7.3634047429999328,0],[112.25187337000011,-7.3634096599999452,0],[112.25198065100005,-7.3634138659999735,0],[112.25208930600002,-7.3634181259999423,0],[112.25209710500008,-7.3634184319999463,0],[112.25209805000009,-7.3634184689999529,0],[112.25223174300004,-7.3634181209999383,0],[112.25226770000006,-7.3634180289999449,0],[112.25231595000002,-7.3634179039999594,0],[112.25245791200007,-7.3634175349999396,0],[112.25259862900009,-7.3634171699999342,0],[112.25264736400004,-7.3634170429999699,0],[112.25266972100007,-7.3634164769999302,0],[112.25277601900007,-7.3634137859999669,0],[112.25289533900002,-7.3634107649999692,0],[112.25300694500004,-7.363407939999945,0],[112.25310836500012,-7.3634053729999778,0],[112.25322573700009,-7.3634024019999629,0],[112.25325009200003,-7.3634017849999509,0],[112.25333125400005,-7.3633918969999286,0],[112.25341526200009,-7.3633816619999379,0],[112.25354459700009,-7.3633659049999665,0],[112.25368509200007,-7.3633487879999393,0],[112.25370022200002,-7.3633469449999325,0],[112.25376504200005,-7.3633342049999442,0],[112.2538724740001,-7.3633130899999628,0],[112.25400680600001,-7.3632866879999597,0],[112.25412446000007,-7.3632635629999754,0],[112.25417324900002,-7.3632539739999743,0],[112.25423833400009,-7.3632420129999332,0],[112.2543471780001,-7.3632220099999586,0],[112.25444805800009,-7.363203470999963,0],[112.25456739600008,-7.3631815399999709,0],[112.25465671100005,-7.3631651259999558,0],[112.25468440800012,-7.3631600359999538,0],[112.25468702800003,-7.3631591769999432,0],[112.25476222500004,-7.3631345149999561,0],[112.25478654400001,-7.3631265389999498,0],[112.25485311600005,-7.3631047059999446,0],[112.25498035300006,-7.3630629759999806,0],[112.25498499100001,-7.3630614549999791,0],[112.25502062200007,-7.3630497689999288,0],[112.2551762810001,-7.3629987179999716,0],[112.25517915500006,-7.3629977749999398,0],[112.25530514800005,-7.3629564529999811,0],[112.25536342300006,-7.362937340999963,0],[112.25538666300008,-7.3629290259999607,0],[112.2555028810001,-7.3628874469999346,0],[112.25558478400001,-7.3628581449999615,0],[112.25571381900011,-7.3628119799999467,0],[112.2557488330001,-7.3627994529999796,0],[112.25588984000001,-7.3627490049999551,0],[112.25593082700004,-7.3627390779999473,0],[112.25594487500007,-7.3627356759999429,0],[112.25608287600005,-7.3627022519999628,0],[112.25617871400004,-7.3626790399999322,0],[112.2562595500001,-7.3626594609999643,0],[112.25637812500008,-7.3626307419999648,0],[112.25641342600011,-7.3626231559999269,0],[112.25647976900007,-7.3626088989999516,0],[112.25659713300001,-7.3625836769999751,0],[112.25670212900002,-7.3625611129999697,0],[112.25681743500002,-7.3625363339999694,0],[112.25691806500004,-7.3625147089999814,0],[112.2569200050001,-7.3625142919999575,0],[112.25693508000006,-7.3625110519999453,0],[112.25704197300001,-7.3624922379999589,0],[112.25716755100007,-7.3624701359999563,0],[112.25731096100003,-7.3624448949999532,0],[112.25735493400009,-7.3624371549999523,0],[112.25739282600011,-7.362430485999937,0],[112.25752029500006,-7.3624142509999615,0],[112.25760227900003,-7.3624038089999431,0],[112.25774575600008,-7.3623855359999766,0],[112.25780572300005,-7.362377897999977,0],[112.25797253900009,-7.3623566519999599,0],[112.25800319500001,-7.362352747999978,0],[112.25807626800008,-7.3623426309999331,0],[112.25822974000005,-7.3623213839999266,0],[112.25829827300004,-7.3623118959999374,0],[112.25845411500006,-7.3622903209999322,0],[112.25856738800007,-7.3622746389999634,0],[112.25860592200002,-7.3622693039999376,0],[112.25868506900008,-7.3622585769999773,0],[112.25880866700004,-7.3622418249999555,0],[112.25886334500001,-7.3622344139999427,0],[112.25900747000003,-7.3622148789999642,0],[112.25904576400001,-7.3622096889999398,0],[112.25919985000007,-7.3621888039999703,0],[112.2592849130001,-7.362177274999965,0],[112.25932902300008,-7.3621757189999357,0],[112.25939294400007,-7.3621734649999553,0],[112.2595945270001,-7.362166355999932,0],[112.25967348100005,-7.3621635709999396,0],[112.2598475100001,-7.3621574339999256,0],[112.25988002400004,-7.362156286999948,0],[112.25993260500002,-7.3621543509999583,0],[112.26008113700004,-7.3621488829999748,0],[112.26020422000011,-7.362144351999973,0],[112.26035719600009,-7.3621387189999723,0],[112.26035723300004,-7.362138717999926,0],[112.2603572700001,-7.3621387169999366,0],[112.26037247300007,-7.3621381569999471,0],[112.26038480200009,-7.3621377029999735,0],[112.26043029400012,-7.3621360279999521,0],[112.26043695500005,-7.3621357829999283,0],[112.2605573080001,-7.3621338639999294,0],[112.26057957700004,-7.362133508999932,0],[112.26078367900004,-7.3621302539999647,0],[112.26083804600012,-7.3621293869999249,0],[112.26099561000001,-7.362126873999955,0],[112.26107986000011,-7.3621255299999575,0],[112.26115412500008,-7.3621243459999732,0],[112.26120005400003,-7.362125055999968,0],[112.26127527100004,-7.3621262199999364,0],[112.26135177800006,-7.3621274029999313,0],[112.26149091100001,-7.3621295549999672,0],[112.26151602700008,-7.3621299439999461,0],[112.2616348680001,-7.362131781999949,0],[112.26176221000003,-7.362133751999977,0],[112.26180232400009,-7.3621343729999467,0],[112.26190355300002,-7.362135938999927,0],[112.26192470900003,-7.3621362659999363,0],[112.26202748000003,-7.3621300259999316,0],[112.26208679400008,-7.3621264249999285,0],[112.26216994800006,-7.3621213759999478,0],[112.26223033200006,-7.36211770999995,0],[112.26237726000011,-7.362108788999933,0],[112.26243684700012,-7.3621051709999392,0],[112.26245874200004,-7.3621038409999642,0],[112.26252092100003,-7.3621023129999799,0],[112.26263055200002,-7.3620996189999346,0],[112.26271633200008,-7.3620975109999449,0],[112.2628580810001,-7.3620940279999445,0],[112.26291293600002,-7.3620926799999324,0],[112.26292415300009,-7.3620924039999522,0],[112.26309877500012,-7.3620880319999742,0],[112.26314047300002,-7.3620869879999304,0],[112.26334046600005,-7.3620819809999603,0],[112.26337812100007,-7.3620810379999284,0],[112.26338192300011,-7.3620809429999667,0],[112.26354532800008,-7.3620718699999657,0],[112.26359911300005,-7.3620688839999389,0],[112.26373602400008,-7.3620612819999565,0],[112.26379389700003,-7.3620580689999429,0],[112.26384211600009,-7.3620469979999257,0],[112.26391802000001,-7.3620295709999368,0],[112.26401849300009,-7.3620065029999751,0],[112.26409261900005,-7.3619894839999347,0],[112.26418862500009,-7.3619674409999334,0],[112.26419061400009,-7.3619669839999347,0],[112.26425897500008,-7.3619385899999656,0],[112.26434834700001,-7.3619014679999282,0],[112.26440017000004,-7.3618799429999626,0],[112.26450387700004,-7.3618368669999654,0],[112.26454979400012,-7.361817794999979,0],[112.2646606510001,-7.3617717499999458,0],[112.26468653900008,-7.3617609969999762,0],[112.26471900700005,-7.3617460939999546,0],[112.26473212900009,-7.3617400709999288,0],[112.26473457700001,-7.3617389469999353,0],[112.26473589000011,-7.3617383439999458,0],[112.26476618300001,-7.3617244399999322,0],[112.26480800600007,-7.3617052429999603,0],[112.26485669200008,-7.3616828959999339,0],[112.26489949300003,-7.3616632509999249,0],[112.26497395100012,-7.3616290749999393,0],[112.26502336700003,-7.3616063929999314,0],[112.26506913000003,-7.3615853879999804,0],[112.2651350320001,-7.3615551389999609,0],[112.26517482400004,-7.3615368749999561,0],[112.26518984000006,-7.361531470999978,0],[112.26523202700002,-7.3615162899999405,0],[112.26530929600005,-7.361488483999949,0],[112.26531050200003,-7.3614880499999344,0],[112.26538969000001,-7.3614595539999641,0],[112.26542557200003,-7.3614466419999758,0],[112.2654865830001,-7.3614246869999533,0],[112.26554797600011,-7.3614025939999692,0],[112.26561183700005,-7.36137961299994,0],[112.26567071500006,-7.3613584259999811,0],[112.26567836700008,-7.3613556719999451,0],[112.26572091300011,-7.3613366549999455,0],[112.26577801400003,-7.3613111329999583,0],[112.26583785000003,-7.361284388999934,0],[112.26586734300008,-7.3612712069999588,0],[112.26593049600001,-7.361242979999929,0],[112.26597994200006,-7.3612208789999727,0],[112.26605156200003,-7.3611888679999424,0],[112.26609741900006,-7.3611683719999519,0],[112.26611904200001,-7.3611587069999587,0],[112.26613842600011,-7.3611500429999523,0],[112.26615378300005,-7.3611431789999529,0],[112.26616451500001,-7.3611383819999787,0],[112.26617257600003,-7.36113477899994,0],[112.26618190900001,-7.3611306079999395,0],[112.26619657000003,-7.3611211809999304,0],[112.26620848400012,-7.3611135199999467,0],[112.26621688600005,-7.3611081169999579,0],[112.26624041300011,-7.3610929889999284,0],[112.26626606500008,-7.361076493999974,0],[112.26627928900007,-7.3610679909999703,0],[112.26629060000005,-7.3610607179999761,0],[112.26631849300009,-7.36104278199997,0],[112.26633056600008,-7.3610350189999281,0],[112.26636038800007,-7.3610158429999615,0],[112.26637208600005,-7.3610083209999289,0],[112.26639987900001,-7.3609904499999743,0],[112.26641338100001,-7.360981767999931,0],[112.26642981900011,-7.3609711979999588,0],[112.26644856900009,-7.360959141999956,0],[112.26645264000001,-7.3609565239999597,0],[112.26724238300005,-7.3604487149999613,0],[112.26742063400002,-7.360346131999961,0],[112.26748775500005,-7.3603075039999339,0],[112.26780287200006,-7.3601261539999427,0],[112.26801294200004,-7.3600052589999336,0],[112.26801421200003,-7.3600045389999309,0],[112.2682210480001,-7.359887285999946,0],[112.26830383200002,-7.3598403569999391,0],[112.26844887400011,-7.3597581339999465,0],[112.26855464000005,-7.3596981769999275,0],[112.26865119200011,-7.3596444889999475,0],[112.26929470900006,-7.3592866619999313,0],[112.26973340400002,-7.3590581789999305,0],[112.26973529700001,-7.3590571929999555,0],[112.26976808400002,-7.3590401169999495,0],[112.269792585,-7.3590273559999559,0],[112.26979951400006,-7.3590237469999806,0],[112.26982287500005,-7.359011579999958,0],[112.26983403800011,-7.3590057659999388,0],[112.26985261600009,-7.3589960899999483,0],[112.26986331500007,-7.3589905179999278,0],[112.26988684800006,-7.3589782619999369,0],[112.26989140700005,-7.3589758869999287,0],[112.26991954700009,-7.3589612309999666,0],[112.26992265500007,-7.3589596119999783,0],[112.26994718900005,-7.3589468339999371,0],[112.26995525300003,-7.3589426339999591,0],[112.26997947600012,-7.3589300179999668,0],[112.26999435100004,-7.3589222709999262,0],[112.27001445200005,-7.358911801999966,0],[112.27003144800005,-7.3589029499999583,0],[112.27005001000009,-7.3588932829999294,0],[112.27005271700011,-7.3588915799999768,0],[112.27005896200001,-7.358887650999975,0],[112.27008618500008,-7.3588705249999293,0],[112.27008755100007,-7.3588696659999755,0],[112.27008804200011,-7.3588693569999464,0],[112.27009629200006,-7.3588641669999788,0],[112.27010237900004,-7.3588603379999427,0],[112.2701077910001,-7.3588569339999594,0],[112.27011472400011,-7.3588525719999325,0],[112.27011568800003,-7.3588519649999284,0],[112.27012133200003,-7.3588484149999545,0],[112.27012723500002,-7.3588447009999527,0],[112.27013271700002,-7.3588412519999338,0],[112.27014072500003,-7.3588362139999504,0],[112.27014603000009,-7.3588328769999407,0],[112.27015261100007,-7.3588287369999534,0],[112.27015843600009,-7.3588250729999345,0],[112.27016451100008,-7.358821250999938,0],[112.27016952100007,-7.3588180989999614,0],[112.27017924000006,-7.3588119849999316,0],[112.27018188800002,-7.3588103189999288,0],[112.27019037100001,-7.358804981999981,0],[112.27019632400004,-7.358801236999966,0],[112.27020313600008,-7.3587969519999774,0],[112.27020995400005,-7.3587926629999743,0],[112.27021669800001,-7.3587884199999394,0],[112.27022178700008,-7.3587852189999694,0],[112.27022394700009,-7.35878385999996,0],[112.27022705100001,-7.3587819069999796,0],[112.27051539700005,-7.3586005149999778,0],[112.27092739500006,-7.3583592249999583,0],[112.27144892400008,-7.3580857629999628,0],[112.27144896600009,-7.358085740999968,0],[112.2714490080001,-7.3580857189999733,0],[112.27146270300011,-7.3580785379999725,0],[112.27146696400007,-7.3580763039999511,0],[112.27146792000008,-7.3580758029999629,0],[112.27149840900006,-7.3580598159999795,0],[112.27150812400009,-7.358054721999963,0],[112.27151484100011,-7.3580511999999771,0],[112.27152721900006,-7.3580448179999394,0],[112.27153457500003,-7.3580410249999773,0],[112.27155809100009,-7.3580288989999758,0],[112.27156219500012,-7.358026782999957,0],[112.27158093300011,-7.3580171209999321,0],[112.27158864800003,-7.3580131429999369,0],[112.2716115290001,-7.3580013449999342,0],[112.27161883600002,-7.3579975769999351,0],[112.27163963200007,-7.3579868539999325,0],[112.27164803300002,-7.3579825219999293,0],[112.27166856500003,-7.3579719349999664,0],[112.27168010600008,-7.3579659839999749,0],[112.27170871200008,-7.3579512339999269,0],[112.27172063800003,-7.3579450839999367,0],[112.2717429700001,-7.3579335689999539,0],[112.27176186800011,-7.3579238249999435,0],[112.27178729800005,-7.3579107119999776,0],[112.27180578700006,-7.3579011779999632,0],[112.27182606100007,-7.357890723999958,0],[112.27183581100007,-7.357885696999972,0],[112.27186873700009,-7.3578687189999528,0],[112.27186902300002,-7.3578685709999263,0],[112.27189865000003,-7.3578532939999377,0],[112.27190405200008,-7.3578505089999453,0],[112.27192952300004,-7.3578373749999741,0],[112.27194398100005,-7.3578299199999719,0],[112.2719606710001,-7.3578213139999775,0],[112.27197261200001,-7.3578151569999477,0],[112.27197803700005,-7.3578129089999607,0],[112.27200923200007,-7.357799980999971,0],[112.2720197320001,-7.357795628999952,0],[112.27204670800006,-7.3577844489999507,0],[112.27206090900006,-7.3577785639999433,0],[112.2720673770001,-7.3577758829999311,0],[112.27207118700005,-7.3577743039999746,0],[112.27207768300002,-7.357771611999965,0],[112.27207822300011,-7.3577713879999465,0],[112.27208318500004,-7.3577693319999753,0],[112.27208486900008,-7.3577686339999673,0],[112.27208620100009,-7.35776808199995,0],[112.2720916080001,-7.3577658409999458,0],[112.2720970260001,-7.357763595999927,0],[112.27210305400001,-7.357761097999969,0],[112.27210767300005,-7.3577591839999741,0],[112.2721183320001,-7.3577547669999603,0],[112.27212360600004,-7.3577525809999429,0],[112.27213136900002,-7.3577493639999716,0],[112.27214018000006,-7.3577457129999289,0],[112.27214643100001,-7.3577431219999312,0],[112.27215713900011,-7.357738683999969,0],[112.27216225500001,-7.3577365639999357,0],[112.2721736530001,-7.3577318399999285,0],[112.27217943300002,-7.3577294449999613,0],[112.2721890790001,-7.3577254479999397,0],[112.2721958300001,-7.3577226499999711,0],[112.27220438200004,-7.3577191059999336,0],[112.27221013200005,-7.3577167229999532,0],[112.27221465800005,-7.3577148469999543,0],[112.27221667900005,-7.3577140089999489,0],[112.27221719000011,-7.357713796999974,0],[112.27222500300002,-7.3577105589999405,0],[112.27222722200008,-7.3577096389999497,0],[112.27223687500009,-7.3577056389999598,0],[112.27224389300011,-7.3577027299999713,0],[112.27225787400005,-7.357696935999968,0],[112.27228863000005,-7.3576841899999295,0],[112.27230118000011,-7.3576789889999645,0],[112.27233270600004,-7.3576659239999458,0],[112.27234139100005,-7.3576623249999784,0],[112.27236898400008,-7.3576508899999453,0],[112.27238196300004,-7.3576455109999301,0],[112.27240128300002,-7.3576375039999675,0],[112.27240293700004,-7.3576368189999357,0],[112.27240656900005,-7.3576353139999355,0],[112.27241580800001,-7.3576314849999562,0],[112.27241676400001,-7.3576310889999377,0],[112.27242000700005,-7.3576297449999402,0],[112.27242802900003,-7.3576264199999741,0],[112.27243394200002,-7.3576239689999738,0],[112.27244078400008,-7.3576211339999418,0],[112.27244582200001,-7.357619045999968,0],[112.27245438000011,-7.3576154989999623,0],[112.27245931700008,-7.3576134529999422,0],[112.27246713500006,-7.3576102129999299,0],[112.2724721190001,-7.3576081479999402,0],[112.2724803860001,-7.3576047219999623,0],[112.2724843100001,-7.3576030959999343,0],[112.27249550500005,-7.3575984559999483,0],[112.27249877700001,-7.357597099999964,0],[112.27250851200006,-7.3575930659999358,0],[112.2725130550001,-7.3575911829999541,0],[112.27252028900011,-7.3575881849999405,0],[112.27252577100001,-7.3575859129999799,0],[112.27253344400003,-7.3575827329999584,0],[112.27253467600008,-7.3575822219999623,0],[112.27254000100004,-7.3575800149999395,0],[112.27254068800005,-7.3575797299999408,0],[112.27254359600011,-7.3575785249999512,0],[112.27254905400002,-7.3575762629999417,0],[112.27255455700003,-7.357573982999952,0],[112.2725650750001,-7.3575696239999502,0],[112.27258880300008,-7.3575597899999252,0],[112.27261347100011,-7.3575495669999782,0],[112.27267884000003,-7.3575298169999428,0],[112.27268763500001,-7.357527159999961,0],[112.27268893400003,-7.357526767999957,0],[112.27269311300006,-7.3575255049999555,0],[112.27269617800005,-7.3575245789999713,0],[112.27270042100008,-7.3575232969999433,0],[112.27270527600001,-7.3575218299999392,0],[112.27273047800008,-7.35751421599997,0],[112.27273310800001,-7.3575134209999646,0],[112.27282296200008,-7.3574862739999389,0],[112.27291198800003,-7.357459376999941,0],[112.27292591700007,-7.3574551689999339,0],[112.27293986500001,-7.3574509549999334,0],[112.27296020800009,-7.3574448089999578,0],[112.27296115200011,-7.3574445239999591,0],[112.27297119200011,-7.3574414909999746,0],[112.2729766220001,-7.3574398499999347,0],[112.27297724500011,-7.3574396619999334,0],[112.2729796970001,-7.3574389209999254,0],[112.27297973200007,-7.3574389039999346,0],[112.27299321500004,-7.3574325589999603,0],[112.27300581000009,-7.357426630999953,0],[112.27306578700006,-7.35739840399998,0],[112.27309171500008,-7.3573862009999402,0],[112.27317276800011,-7.3573480539999423,0],[112.2732169840001,-7.3573272449999649,0],[112.27322383900002,-7.3573240189999751,0],[112.27326317600011,-7.3573070479999387,0],[112.27332777100003,-7.3572791799999777,0],[112.27339796000001,-7.3572488989999556,0],[112.27344373400001,-7.3572291509999559,0],[112.27349485200011,-7.3572070979999467,0],[112.27354813900001,-7.3571841089999452,0],[112.27361291500006,-7.3571561629999565,0],[112.27362239100012,-7.357153903999972,0],[112.27366248400006,-7.3571443449999379,0],[112.27371528500009,-7.3571317559999443,0],[112.27380113400011,-7.3571112879999419,0],[112.27385367500005,-7.3570987609999747,0],[112.27391671800001,-7.3570837299999425,0],[112.27397055500001,-7.3570708939999463,0],[112.27404486700004,-7.3570531769999548,0],[112.27408476900007,-7.3570436629999563,0],[112.27410884100004,-7.3570379239999397,0],[112.27417988400009,-7.3570286819999637,0],[112.27421725600004,-7.357023819999938,0],[112.27432697000006,-7.3570095469999615,0],[112.27435926300006,-7.3570053459999372,0],[112.27444606500001,-7.3569940539999266,0],[112.27450964500008,-7.3569857829999705,0],[112.27459671700001,-7.3569744559999322,0],[112.27461544400001,-7.3569720199999438,0],[112.27469804500004,-7.3569612749999465,0],[112.27476495700012,-7.3569525699999758,0],[112.27478337800005,-7.356951113999969,0],[112.27482357400004,-7.3569479379999621,0],[112.27488293400006,-7.356943246999947,0],[112.27493908800011,-7.3569388099999742,0],[112.27500171600002,-7.3569338609999591,0],[112.27506890400002,-7.3569285509999531,0],[112.27507720600011,-7.3569278949999557,0],[112.27508832900003,-7.3569270159999292,0],[112.27508839200004,-7.3569270109999252,0],[112.27508845600005,-7.3569270059999781,0],[112.27511082800004,-7.3569252379999739,0],[112.27515708500005,-7.3569215829999735,0],[112.27517509400002,-7.3569201599999587,0],[112.27525786900003,-7.356913618999954,0],[112.27528531000007,-7.3569114499999273,0],[112.27536073800002,-7.3569054889999279,0],[112.27538539200009,-7.3569035409999515,0],[112.27544430000012,-7.3568988859999536,0],[112.27545922900003,-7.356897705999927,0],[112.27548989700006,-7.3569000809999352,0],[112.27555010100002,-7.3569047419999265,0],[112.27557141700004,-7.3569063929999743,0],[112.27564012700009,-7.3569117129999313,0],[112.27568292000001,-7.3569150269999568,0],[112.27573689500002,-7.3569192059999295,0],[112.27577357700011,-7.3569220459999656,0],[112.2758164280001,-7.3569253639999488,0],[112.27586166300011,-7.3569288669999651,0],[112.27592538900001,-7.3569338009999683,0],[112.27594361200011,-7.3569352119999394,0],[112.27601479200007,-7.3569407229999797,0],[112.27605168800005,-7.3569435799999496,0],[112.27610354600006,-7.3569475949999514,0],[112.27613062700004,-7.3569496919999438,0],[112.27614934000007,-7.3569512889999373,0],[112.27621670600001,-7.3569570359999261,0],[112.276229005,-7.3569580849999738,0],[112.27632412900005,-7.3569661999999312,0],[112.27634778800007,-7.3569682179999631,0],[112.27642323300006,-7.3569746539999414,0],[112.27645800400001,-7.3569776199999524,0],[112.27651798500005,-7.356982736999953,0],[112.27655651400005,-7.3569860239999798,0],[112.27663464400007,-7.3569926889999806,0],[112.27665216800006,-7.3569941839999728,0],[112.27673569000001,-7.3570013089999406,0],[112.27677366400007,-7.3570045479999635,0],[112.27685852600007,-7.3570117869999763,0],[112.27686305500004,-7.35701217299993,0],[112.27687303000005,-7.3570129049999764,0],[112.27696744800005,-7.3570198299999561,0],[112.27698852900005,-7.3570213759999774,0],[112.27706690700006,-7.3570271239999556,0],[112.27709760400001,-7.3570293749999678,0],[112.27718929100001,-7.3570360989999699,0],[112.27720296500001,-7.3570371019999357,0],[112.27731398900005,-7.3570452449999379,0],[112.27733074300011,-7.3570464739999579,0],[112.27741665200006,-7.3570527749999428,0],[112.27745223900001,-7.3570553849999669,0],[112.27752229000009,-7.3570605229999728,0],[112.2775428970001,-7.3570620339999664,0],[112.27756494400001,-7.3570636509999758,0],[112.27763857900004,-7.3570699329999343,0],[112.27765639600011,-7.3570714529999464,0],[112.27771421600005,-7.3570763849999707,0],[112.27776461500002,-7.357080683999925,0],[112.2777746810001,-7.3570815429999357,0],[112.27783442700002,-7.3570866399999773,0],[112.27787013600005,-7.357089685999938,0],[112.2779006720001,-7.3570922909999581,0],[112.27796565600011,-7.3570978339999442,0],[112.2780106030001,-7.3571016679999275,0],[112.27806206000002,-7.3571060569999531,0],[112.27810226000008,-7.3571094859999562,0],[112.27815167600011,-7.3571137009999461,0],[112.27815228800011,-7.3571137529999646,0],[112.27816182600009,-7.3571145669999396,0],[112.27816502300004,-7.3571148399999515,0],[112.27818096300007,-7.3571161999999504,0],[112.27818746500009,-7.3571167549999359,0],[112.27820629900009,-7.3571183619999374,0],[112.27820721500007,-7.3571184399999652,0],[112.27822948200003,-7.3571203389999482,0],[112.27823335900007,-7.3571206699999721,0],[112.27825074200007,-7.3571221529999775,0],[112.2782558450001,-7.3571225879999815,0],[112.27827179900009,-7.3571239489999698,0],[112.27827916300009,-7.3571245769999791,0],[112.27828705100001,-7.3571252499999673,0],[112.27829739600008,-7.3571261319999621,0],[112.27829989600002,-7.3571268539999437,0],[112.27830279200009,-7.3571276899999702,0],[112.2783037480001,-7.3571279659999504,0],[112.27830795500006,-7.3571291799999585,0],[112.27831174300002,-7.3571302729999388,0],[112.27831510200008,-7.3571312419999799,0],[112.27832063700009,-7.3571328389999735,0],[112.27832363500011,-7.3571337039999776,0],[112.27832770500004,-7.3571348779999539,0],[112.27832942300006,-7.3571353739999381,0],[112.27833627100006,-7.3571373499999595,0],[112.27833787600002,-7.3571378129999516,0],[112.27834162400006,-7.3571388939999451,0],[112.27834638200011,-7.357140266999977,0],[112.27835070500009,-7.3571415139999772,0],[112.27835338900002,-7.3571422889999667,0],[112.27835702900006,-7.357143338999947,0],[112.27836189700008,-7.3571447439999815,0],[112.27836640800001,-7.3571460459999685,0],[112.27837042400006,-7.3571472049999329,0],[112.27837590400009,-7.3571487859999252,0],[112.27837696600011,-7.3571490919999292,0],[112.27838202500004,-7.3571505519999505,0],[112.27838288400005,-7.3571507999999426,0],[112.27838885200003,-7.3571525219999785,0],[112.27839055300001,-7.3571530129999587,0],[112.27839537700004,-7.3571544049999602,0],[112.27839803900008,-7.3571551729999669,0],[112.27840221500003,-7.3571563779999565,0],[112.27840593500002,-7.3571574509999778,0],[112.27841056500006,-7.3571587869999462,0],[112.27841488600006,-7.3571600339999463,0],[112.27841803400008,-7.3571609419999504,0],[112.27842303500006,-7.357162384999981,0],[112.27842708500009,-7.3571635539999534,0],[112.27842746800002,-7.3571636649999732,0],[112.27865595600008,-7.3572295959999678,0],[112.27892871000006,-7.3573103559999709,0],[112.27892959500002,-7.3573106179999286,0],[112.27894144200002,-7.3573141259999488,0],[112.27894422600002,-7.3573149499999317,0],[112.27894973800005,-7.3573165819999531,0],[112.27895528500005,-7.3573182239999255,0],[112.278961159,-7.3573199629999522,0],[112.27896550900005,-7.3573212509999735,0],[112.27897053700008,-7.3573227399999723,0],[112.27897668800006,-7.3573245609999276,0],[112.27897923400008,-7.3573253149999687,0],[112.27898232000007,-7.3573262289999661,0],[112.27898318100006,-7.357326483999941,0],[112.27898442700007,-7.3573268529999609,0],[112.2789871120001,-7.3573276479999663,0],[112.27899018400001,-7.3573285579999492,0],[112.27899351600001,-7.3573295449999705,0],[112.27901811700008,-7.3573368289999621,0],[112.27903919400001,-7.3573430699999562,0],[112.27907338400007,-7.357353193999927,0],[112.27910068100005,-7.3573612769999386,0],[112.27913133000004,-7.3573703519999754,0],[112.27916083200012,-7.3573790869999698,0],[112.27918495000006,-7.3573862279999389,0],[112.27921422700001,-7.3573948969999492,0],[112.27923873800012,-7.3574021549999316,0],[112.27926630100001,-7.3574103159999709,0],[112.27927466600011,-7.3574119339999697,0],[112.27927923900006,-7.3574128189999328,0],[112.27928896600008,-7.3574146999999357,0],[112.27929496600007,-7.3574158599999464,0],[112.27929522700003,-7.3574159109999755,0],[112.27931866000006,-7.3574204439999562,0],[112.27933101300005,-7.3574228339999763,0],[112.27938315900008,-7.3574329219999299,0],[112.27939408400005,-7.3574350349999804,0],[112.27942654000003,-7.3574413139999706,0],[112.27943522400005,-7.3574402959999361,0],[112.2794655030001,-7.3574367469999515,0],[112.27948293200006,-7.3574347039999566,0],[112.27955221800005,-7.357426582999949,0],[112.27957585000001,-7.3574238129999685,0],[112.27963917000011,-7.3574163919999478,0],[112.27966210500006,-7.3574137039999528,0],[112.27971825200007,-7.3574071229999731,0],[112.27972029200009,-7.3574068839999427,0],[112.27972654000007,-7.3574061519999532,0],[112.27974207300008,-7.3574043309999411,0],[112.27976246300011,-7.3574019409999778,0],[112.27976355400006,-7.3574018129999672,0],[112.27978810400009,-7.3573989359999814,0],[112.27979271700008,-7.3573983949999615,0],[112.27979399900005,-7.3573978619999707,0],[112.27981035900007,-7.357391057999962,0],[112.27981801900012,-7.357387871999947,0],[112.27983650100009,-7.3573801849999541,0],[112.27984318300003,-7.357377405999955,0],[112.27985882000007,-7.3573709019999569,0],[112.27986802400005,-7.357367073999967,0],[112.27987326800007,-7.3573648929999536,0],[112.27996226200003,-7.3573278799999571,0],[112.2799769400001,-7.3573217749999458,0],[112.28001398600009,-7.3573063669999783,0],[112.28005749700003,-7.3572968529999798,0],[112.28009315400004,-7.3572890559999564,0],[112.28014933100008,-7.3572767719999774,0],[112.28015132700011,-7.3572763359999271,0],[112.28023523000002,-7.357387924999955,0],[112.2803242120001,-7.3574810649999449,0],[112.28032450100011,-7.3574813679999806,0],[112.28032523800005,-7.3574821389999556,0],[112.28032605600004,-7.3574829949999412,0],[112.28032679900002,-7.3574837729999558,0],[112.28033383000002,-7.3574837399999637,0],[112.28033820000007,-7.3574837189999585,0],[112.28033861200004,-7.3574837169999796,0],[112.28034234900008,-7.3574836989999426,0],[112.28036695700007,-7.357483583999965,0],[112.28043804400011,-7.3574832499999729,0],[112.28043811600003,-7.3574832499999729,0],[112.28043818700007,-7.3574832499999729,0],[112.28045125100004,-7.3574831879999465,0],[112.28045465300011,-7.3574831719999452,0],[112.28050305600004,-7.3574829449999584,0],[112.28050409700006,-7.3574829399999544,0],[112.28050866600006,-7.3574829189999491,0],[112.28053278600009,-7.3574828059999504,0],[112.28053411700012,-7.3574820089999662,0],[112.28054095300001,-7.3574779159999366,0],[112.28054881500009,-7.357473208999977,0],[112.28065504000006,-7.3574096159999272,0],[112.28067774300007,-7.3573960249999573,0],[112.28067855800009,-7.3573964649999652,0],[112.28074408100008,-7.3574318219999668,0],[112.28076167100005,-7.3574413139999706,0],[112.28082548100008,-7.3575035559999264,0],[112.28083396700004,-7.357511833999979,0],[112.28087524400007,-7.3575520969999388,0],[112.28090173100009,-7.3575779329999591,0],[112.28095671900007,-7.3576315709999562,0],[112.28097529900003,-7.3576496949999637,0],[112.28099556100005,-7.3576570399999355,0],[112.28100990600001,-7.3576622409999572,0],[112.2810279250001,-7.3576687739999329,0],[112.281045242,-7.3576750519999337,0],[112.2810552840001,-7.3576786929999685,0],[112.28107611300004,-7.3576862439999786,0],[112.28107950600008,-7.3576874739999312,0],[112.28110255600006,-7.3576958299999546,0],[112.28110883300008,-7.3576981059999298,0],[112.28112113700001,-7.357702566999933,0],[112.28112456800011,-7.3577038109999648,0],[112.28112724100004,-7.3577047799999491,0],[112.28112789700003,-7.3577050179999333,0],[112.28114046400003,-7.3577003489999697,0],[112.28115398200009,-7.3576953259999414,0],[112.28118324900004,-7.357684451999944,0],[112.28120303700007,-7.3576770999999326,0],[112.28124214100001,-7.3576625709999348,0],[112.2812652130001,-7.3576539979999325,0],[112.28128661900007,-7.3576495709999676,0],[112.28130353000006,-7.3576460729999553,0],[112.28137628100001,-7.3576310249999324,0],[112.28140108900004,-7.3576258939999661,0],[112.28145705200006,-7.3576143189999357,0],[112.28146433300003,-7.3576128129999461,0],[112.28146804300002,-7.3576120459999288,0],[112.28148865900005,-7.3576077819999455,0],[112.28149091400007,-7.3576073159999282,0],[112.28149838200011,-7.3576057709999532,0],[112.28150985800005,-7.3576033969999344,0],[112.28151969400005,-7.3576013629999579,0],[112.28153353700009,-7.3575984999999378,0],[112.28154435400006,-7.3575962629999481,0],[112.28155608300005,-7.3575938369999676,0],[112.28156698100008,-7.3575915829999303,0],[112.28157761600005,-7.3575893829999472,0],[112.28158564300008,-7.3575877219999484,0],[112.2815901460001,-7.3575905919999514,0],[112.28159733700011,-7.3575951739999255,0],[112.2816106570001,-7.3576036619999741,0],[112.28162333700004,-7.3576117429999499,0],[112.28162850900003,-7.3576150389999384,0],[112.28165272800004,-7.357630472999972,0],[112.28166519400008,-7.3576384169999756,0],[112.28168979300006,-7.357654092999951,0],[112.28170019900006,-7.3576607239999703,0],[112.28171653300001,-7.3576711329999398,0],[112.28172997600007,-7.3576796989999593,0],[112.28174444700005,-7.3576889209999763,0],[112.28176087300005,-7.3576993889999471,0],[112.28177281700005,-7.3577070009999375,0],[112.28179065200004,-7.3577183669999613,0],[112.28179917600005,-7.3577237989999276,0],[112.28181637200009,-7.3577347569999461,0],[112.28182971900003,-7.3577432629999748,0],[112.28184853400001,-7.3577552529999366,0],[112.28185045300006,-7.3577564759999632,0],[112.28186747100006,-7.3577673209999261,0],[112.28187034200005,-7.3577691499999673,0],[112.28208918500002,-7.3579086109999707,0],[112.28228344000001,-7.3580066119999401,0],[112.28230145600003,-7.3580157009999425,0],[112.28230735900001,-7.3580186789999402,0],[112.28231089200005,-7.3580204619999563,0],[112.28232167100009,-7.3580258999999728,0],[112.28234703900011,-7.358038697999973,0],[112.28236888000004,-7.3580497169999717,0],[112.2824002320001,-7.3580655339999339,0],[112.28240806200006,-7.358069483999941,0],[112.28245145300002,-7.3580913749999581,0],[112.28246784500004,-7.3580996449999816,0],[112.28250692000006,-7.3581193579999535,0],[112.28251641700001,-7.3581241489999343,0],[112.28254947000005,-7.3581355859999462,0],[112.28258531600011,-7.3581479889999741,0],[112.28262226000004,-7.3581607719999624,0],[112.28266472500002,-7.3581754649999311,0],[112.28271223900003,-7.3581919049999556,0],[112.282730044,-7.3581980659999431,0],[112.28275121200011,-7.3582037859999332,0],[112.28279594000003,-7.3582158739999386,0],[112.28280795700005,-7.3582191209999337,0],[112.28282049600011,-7.3582225089999724,0],[112.28282160900005,-7.3582228099999725,0],[112.28284850400007,-7.3582300779999628,0],[112.28287248200002,-7.3582365579999305,0],[112.28289097000004,-7.3582415539999602,0],[112.28294945700009,-7.3582573589999356,0],[112.28297579700006,-7.3582644769999774,0],[112.28301234200001,-7.3582743529999561,0],[112.28302209800006,-7.3582807569999318,0],[112.28305199500005,-7.3583003819999249,0],[112.28307220200008,-7.3583136459999423,0],[112.28309839500002,-7.358330839999951,0],[112.2831147930001,-7.3583416039999747,0],[112.28314243600005,-7.3583597489999306,0],[112.28316491600003,-7.358374504999972,0],[112.28318396500003,-7.3583865099999457,0],[112.28319945900012,-7.358396273999972,0],[112.28322170300009,-7.3584102919999737,0],[112.28323684000009,-7.3584198309999351,0],[112.2832488680001,-7.3584274109999797,0],[112.28327235500001,-7.358443561999934,0],[112.28329130700001,-7.3584565939999607,0],[112.28330987400011,-7.3584693619999371,0],[112.28332509300003,-7.3584731669999428,0],[112.28334163900001,-7.3584773039999618,0],[112.28342273400006,-7.3584975799999484,0],[112.28343634100008,-7.3585009819999527,0],[112.28350652000006,-7.3585185279999337,0],[112.28353080600004,-7.3585245999999529,0],[112.28359800200008,-7.3585413999999787,0],[112.28361230100006,-7.3585449749999725,0],[112.28369276000001,-7.3585650909999458,0],[112.28370165100011,-7.3585673139999699,0],[112.28376884600004,-7.3585841139999388,0],[112.28379671100004,-7.3585910809999291,0],[112.28385330100002,-7.3586052299999665,0],[112.2838573790001,-7.3586062499999798,0],[112.28386278200003,-7.3586075999999707,0],[112.28386287600006,-7.3586076239999443,0],[112.2838629690001,-7.3586076469999284,0],[112.28387494800006,-7.3586106419999737,0],[112.28388435400007,-7.358612993999941,0],[112.28390109700001,-7.3586171799999534,0],[112.2839282760001,-7.3586239749999436,0],[112.2839355000001,-7.3586257809999438,0],[112.28393952500005,-7.3586273609999466,0],[112.2839673520001,-7.3586382879999519,0],[112.28398283100012,-7.3586443659999645,0],[112.28400252100005,-7.3586520969999469,0],[112.28402001000006,-7.3586589639999715,0],[112.28402218100007,-7.3586598159999426,0],[112.28402981500005,-7.3586628139999561,0],[112.28403294300006,-7.3586640419999299,0],[112.28404168000009,-7.3586674729999686,0],[112.28404510600001,-7.3586688179999555,0],[112.28405292800005,-7.3586718889999361,0],[112.28405660300007,-7.3586733319999666,0],[112.28405879700006,-7.3586741939999456,0],[112.28406371800008,-7.3586761259999776,0],[112.28406764600004,-7.3586776679999275,0],[112.28407483700005,-7.3586804919999622,0],[112.28407811500006,-7.3586817789999373,0],[112.28408423000008,-7.3586841799999547,0],[112.28408505200002,-7.3586845029999495,0],[112.2842840190001,-7.3587626289999548,0],[112.28428644400003,-7.3587635809999483,0],[112.28430559200001,-7.3587749599999484,0],[112.28433221600005,-7.3587907829999608,0],[112.28433363500005,-7.3587898069999369,0],[112.28433807100009,-7.3587867559999722,0],[112.28440273700005,-7.3587422859999378,0],[112.28441614400003,-7.3587330659999566,0],[112.28442604200006,-7.3587279719999401,0],[112.28444668300006,-7.35871734899996,0],[112.28449553700011,-7.3586842639999759,0],[112.28459207100002,-7.3586188879999668,0],[112.28462329900003,-7.3585977389999471,0],[112.28464360100008,-7.3585839899999428,0],[112.28465369000003,-7.3585771579999459,0],[112.28467554400004,-7.3585623569999257,0],[112.28467705700007,-7.3585622819999799,0],[112.28477491800004,-7.3585574139999608,0],[112.28483424500007,-7.3585544629999617,0],[112.2849564170001,-7.358548386999928,0],[112.28502489900006,-7.3585449809999659,0],[112.28512569800012,-7.3585399669999561,0],[112.2851619700001,-7.3585465629999476,0],[112.2852087120001,-7.3585550629999261,0],[112.28540046800003,-7.358589932999962,0],[112.28545082100004,-7.358599088999938,0],[112.28546902500011,-7.3586023989999489,0],[112.28556054600006,-7.3586195909999788,0],[112.28560850600002,-7.358636272999945,0],[112.28564028700009,-7.3586473279999609,0],[112.28580337300002,-7.3587040569999544,0],[112.2858499780001,-7.3587202679999564,0],[112.28596490300004,-7.3587602439999387,0],[112.2860290320001,-7.3587586079999596,0],[112.28617719300007,-7.3587548269999274,0],[112.28621998300002,-7.3587537349999366,0],[112.28639722500009,-7.3587492129999532,0],[112.28646001100003,-7.3587476109999557,0],[112.28661949000002,-7.3587435419999565,0],[112.28668278700002,-7.3587419269999259,0],[112.28671258800011,-7.3587411659999589,0],[112.2868682080001,-7.3587373849999267,0],[112.28687548900007,-7.3587372079999795,0],[112.28688189500008,-7.3587370519999808,0],[112.28691091900009,-7.3587363469999332,0],[112.28693230300007,-7.3587358269999754,0],[112.28696517600008,-7.3587350279999555,0],[112.28698724500009,-7.3587344919999396,0],[112.2869888140001,-7.3587340259999792,0],[112.28699447100007,-7.358732343999975,0],[112.28707046500006,-7.3587097469999776,0],[112.28707126900008,-7.3587095079999472,0],[112.28708086400002,-7.3587066549999349,0],[112.28710435500011,-7.3586996699999645,0],[112.28711010800009,-7.358697958999926,0],[112.28712368000004,-7.3586939239999651,0],[112.28715549500009,-7.358684463999964,0],[112.28718196200009,-7.3586765939999736,0],[112.2872085140001,-7.3586686989999635,0],[112.28721849600004,-7.3586632859999668,0],[112.28723138800001,-7.3586562949999461,0],[112.28724146800005,-7.3586521009999615,0],[112.28725428600001,-7.3586467679999714,0],[112.28732128900003,-7.3586497569999665,0],[112.28735482700006,-7.3586512529999482,0],[112.28736108800001,-7.3586515319999535,0],[112.28739629000006,-7.3586665659999539,0],[112.28745370400009,-7.3586910859999648,0],[112.28748670900006,-7.358705180999948,0],[112.28757711100002,-7.3587437889999592,0],[112.28762395700005,-7.3587637959999483,0],[112.28766044200006,-7.3587793779999515,0],[112.2876815410001,-7.3587883889999262,0],[112.28774323900006,-7.3588111119999553,0],[112.2877459880001,-7.358812124999929,0],[112.28776114300001,-7.3588177069999574,0],[112.28777853700001,-7.3588241139999582,0],[112.28778170100009,-7.3588252789999729,0],[112.28780278000011,-7.3588330429999473,0],[112.28781463000007,-7.3588374069999531,0],[112.28781582000011,-7.3588378449999254,0],[112.28781697700003,-7.3588382709999678,0],[112.28781962900007,-7.3588392479999811,0],[112.28782442500005,-7.3588410139999496,0],[112.28782649900006,-7.3588417779999418,0],[112.28782693500011,-7.3588417929999537,0],[112.28786718200001,-7.3588431319999472,0],[112.2878991120001,-7.3588441939999711,0],[112.28791724500002,-7.3588447969999606,0],[112.28796050800008,-7.3588462369999661,0],[112.28798853400008,-7.3588471699999332,0],[112.28802695200011,-7.3588484479999465,0],[112.28804640300007,-7.3588490949999255,0],[112.2880706410001,-7.3588499019999745,0],[112.28808463400003,-7.3588529109999286,0],[112.28810360600005,-7.3588569899999356,0],[112.28815212000006,-7.3588674209999567,0],[112.28815579400009,-7.3588682109999581,0],[112.28816404300005,-7.3588699849999557,0],[112.28818477300001,-7.3588744419999443,0],[112.28819036300001,-7.3588756439999656,0],[112.28821002200004,-7.3588798709999423,0],[112.28821731100004,-7.358881437999969,0],[112.28823108000006,-7.3588843989999759,0],[112.28824104500006,-7.3588865419999365,0],[112.2882508130001,-7.358888641999954,0],[112.28826356700006,-7.3588913839999464,0],[112.28826810700002,-7.3588923599999703,0],[112.288283234,-7.3588956119999693,0],[112.28829658500001,-7.3588984829999617,0],[112.28830129500011,-7.3588994959999354,0],[112.28831974200011,-7.3589034619999438,0],[112.2883304180001,-7.3589057569999454,0],[112.28834325600008,-7.3589085169999748,0],[112.28834972900006,-7.3589099089999763,0],[112.28836727700002,-7.3589136819999794,0],[112.28837292700007,-7.3589148969999769,0],[112.2883896940001,-7.3589185019999377,0],[112.28840083800003,-7.3589208979999512,0],[112.28841426800011,-7.3589237859999344,0],[112.28842046900002,-7.3589251189999345,0],[112.28843762600002,-7.3589288079999733,0],[112.28844788100002,-7.3589310129999603,0],[112.28845210000009,-7.358931919999975,0],[112.28845686200009,-7.3589310619999537,0],[112.28847029500002,-7.358928639999931,0],[112.28847829000006,-7.3589271989999361,0],[112.28852117000008,-7.3589194689999431,0],[112.28857148600002,-7.3589103979999777,0],[112.28863200600006,-7.3588994869999738,0],[112.2886504710001,-7.3588961579999363,0],[112.28869388700002,-7.3588962769999284,0],[112.28876101800006,-7.3588964609999721,0],[112.28878597900007,-7.3588965299999813,0],[112.28880200800006,-7.3588965739999708,0],[112.28886083400005,-7.3588967359999629,0],[112.28887163900004,-7.3588967659999298,0],[112.28897147300006,-7.3588970409999774,0],[112.28897288500002,-7.3588970449999351,0],[112.28901951900002,-7.3588971729999457,0],[112.28905655300002,-7.3588972749999471,0],[112.28908281700001,-7.3588973469999814,0],[112.28915576700001,-7.358897547999959,0],[112.28917050000007,-7.3588975879999339,0],[112.2892122610001,-7.3588977029999683,0],[112.2892170240001,-7.3588977159999445,0],[112.28922648800005,-7.3588977419999537,0],[112.28924676500003,-7.3588977979999299,0],[112.28924783200011,-7.3588978009999551,0],[112.28925927800003,-7.3588978329999577,0],[112.28928183900007,-7.3588978949999273,0],[112.28929235200007,-7.3588979239999617,0],[112.2893094850001,-7.3588979709999762,0],[112.28932257100007,-7.3588980069999366,0],[112.28933904200005,-7.3588980519999723,0],[112.28934474300002,-7.3588980679999736,0],[112.28935440800001,-7.3588967019999814,0],[112.28937078900003,-7.3588943869999639,0],[112.28938101100005,-7.3588929419999545,0],[112.28940835300011,-7.3588890779999474,0],[112.28941598900008,-7.3588879989999327,0],[112.28944616500007,-7.35888373399996,0],[112.28945510700009,-7.3588824699999691,0],[112.28947870100001,-7.3588791359999277,0],[112.28948856300008,-7.3588777419999474,0],[112.28950399500002,-7.3588755609999339,0],[112.28952078000009,-7.3588731889999508,0],[112.28953291400001,-7.3588714739999546,0],[112.28953504300011,-7.3588711729999545,0],[112.28955073000009,-7.3588689559999807,0],[112.29058578600007,-7.3590451839999673,0],[112.29102014900002,-7.3590451839999673,0],[112.29105172200002,-7.3590481909999426,0],[112.29139014500004,-7.3590804219999768,0],[112.29167169400012,-7.359107235999943,0],[112.29208234200007,-7.3591528639999524,0],[112.29223016000003,-7.3591692879999755,0],[112.29229443700001,-7.3591853559999549,0],[112.29281016800007,-7.3593142889999399,0],[112.29312668400007,-7.3593934179999678,0],[112.29421200900003,-7.3594160499999361,0],[112.29455465100011,-7.3594588799999769,0],[112.29482863600003,-7.3595086949999313,0],[112.29504840900006,-7.360073831999955,0],[112.29530539100006,-7.3603665059999344,0],[112.29565517200001,-7.3607162869999456,0],[112.29591929200001,-7.3607948089999695,0],[112.29631190300006,-7.3608305009999526,0],[112.29625479600008,-7.3611231739999425,0],[112.2959692610001,-7.3612302499999487,0],[112.29556237300005,-7.3613016339999717,0],[112.29539105200001,-7.3611374509999337,0],[112.29507696300004,-7.3612302499999487,0],[112.29472004400009,-7.3613872949999291,0],[112.29483425800004,-7.361558615999968,0],[112.29463438300002,-7.3617013829999678,0],[112.29441309300012,-7.3617799059999811,0],[112.29432743300003,-7.361522923999928,0],[112.29420608000009,-7.361522923999928,0],[112.29384916100003,-7.3616442759999359,0],[112.2936778400001,-7.3620868559999622,0],[112.29324953700007,-7.3621939319999683,0],[112.29302824700005,-7.3623866679999423,0],[112.29302116400004,-7.3624225279999678,0],[112.29298294700004,-7.3626159999999459,0],[112.2929140330001,-7.3629648769999676,0],[112.29289890400003,-7.362985986999945,0],[112.29260708200002,-7.3633931799999459,0],[112.292385792,-7.3636715769999341,0],[112.29202173500005,-7.3642355089999683,0],[112.29202656400003,-7.3642378839999765,0],[112.29245717600008,-7.3644496609999806,0],[112.29272843500007,-7.3645495979999396,0],[112.29336375100002,-7.3646995039999297,0],[112.29397051300009,-7.3645353209999485,0],[112.29431315600004,-7.3644211069999415,0],[112.29435598600003,-7.3641998169999283,0],[112.29451303100006,-7.3638928669999473,0],[112.29462724500002,-7.363657299999943,0],[112.29452016900007,-7.3635002559999521,0],[112.29441309300012,-7.3633360729999708,0],[112.29464866000001,-7.3631147829999577,0],[112.29479142800005,-7.3630648149999729,0],[112.29496988700009,-7.3632075819999727,0],[112.29506268600005,-7.3631647519999319,0],[112.29554809600006,-7.3630362609999338,0],[112.29586218500003,-7.3630838499999527,0],[112.29623338100009,-7.3629696359999457,0],[112.29632855900002,-7.3629505999999765,0],[112.2965665050001,-7.3631790289999799,0],[112.29690914800005,-7.3633789029999548,0],[112.29705191500011,-7.3631124039999349,0],[112.29732793300002,-7.3624366369999734,0],[112.29787996800007,-7.3626269939999816,0],[112.29794893700011,-7.3623787049999692,0],[112.29802273600001,-7.3621130299999322,0],[112.29845426700001,-7.3615105609999318,0],[112.29860084500001,-7.3616396169999803,0],[112.29860558900009,-7.3616385999999352,0],[112.29886734500008,-7.3615825099999483,0],[112.29904806400009,-7.3614989509999305,0],[112.2990962770001,-7.3609806079999771,0],[112.2994907640001,-7.3609733669999287,0],[112.29988575400012,-7.3608496359999549,0],[112.29987623700003,-7.3603261539999494,0],[112.2998182020001,-7.3601591259999282,0],[112.29980076800007,-7.3601089489999367,0],[112.29980314700003,-7.3597886739999581,0],[112.29986270200004,-7.3593545239999685,0],[112.29990165700008,-7.3590705519999347,0],[112.29995876400005,-7.3586279719999652,0],[112.29997513500007,-7.3585820009999452,0],[112.30010189800009,-7.3582260479999491,0],[112.30010882100009,-7.3582066099999679,0],[112.30036688100006,-7.3580290219999256,0],[112.30079518400009,-7.3577863169999773,0],[112.30100219800011,-7.3576506879999783,0],[112.30130201000009,-7.3577077949999534,0],[112.30170175900003,-7.3572437999999352,0],[112.30227283000011,-7.3571081709999362,0],[112.30250125800001,-7.3571295859999282,0],[112.30278679300011,-7.357172415999969,0],[112.30310088200008,-7.3572295239999335,0],[112.30335072600008,-7.3572652149999271,0],[112.30346494000003,-7.3574508129999572,0],[112.30389324300006,-7.3575578889999633,0],[112.30407517600008,-7.3575974939999469,0],[112.30445437500009,-7.3576800429999594,0],[112.30480054600002,-7.3578159609999716,0],[112.30485295100004,-7.3577203999999483,0],[112.30565122300004,-7.3578418439999496,0],[112.30577496000001,-7.358637291999969,0],[112.30543231800004,-7.3592083629999365,0],[112.30538162300002,-7.3595994099999302,0],[112.30558149800004,-7.3599706059999335,0],[112.30586703300003,-7.3603703549999295,0],[112.30613829100002,-7.3610270869999681,0],[112.30626678200008,-7.3615124969999783,0],[112.30618112200011,-7.3621549509999795,0],[112.30615551700009,-7.3622815519999563,0],[112.30592414000012,-7.3634255829999802,0],[112.30618112200011,-7.3636682879999285,0],[112.3064666570001,-7.3639395469999727,0],[112.30650948700008,-7.3642250819999617,0],[112.30632388900005,-7.364482063999958,0],[112.30670936200011,-7.364710491999972,0],[112.30738037000003,-7.3647247689999631,0],[112.30769445900012,-7.3649960279999505,0],[112.30827980600009,-7.3647961529999293,0],[112.30983597400007,-7.3649531969999771,0],[112.31044987500002,-7.3649960279999505,0],[112.31116371300004,-7.3650245809999433,0],[112.3112922040001,-7.364824705999979,0],[112.31174906000001,-7.3650103039999522,0],[112.31189182800006,-7.3652815629999395,0],[112.31210598000007,-7.3651816249999342,0],[112.31226302400012,-7.3651530719999414,0],[112.31250572900001,-7.3649531969999771,0],[112.31404762000011,-7.365038856999945,0],[112.31403334300001,-7.364824705999979,0],[112.31363359400007,-7.364710491999972,0],[112.31277698800011,-7.364710491999972,0],[112.31297686200003,-7.3640965909999636,0],[112.31336233500008,-7.3635397969999303,0],[112.3138191920001,-7.3630258339999273,0],[112.31409045000009,-7.3625261469999259,0],[112.31424915100001,-7.3623624869999276,0],[112.31454730700011,-7.3620550139999636,0],[112.31496133300004,-7.3617552019999266,0],[112.31476145800002,-7.3615696039999534,0],[112.3143331550001,-7.361012809999977,0],[112.31446164600004,-7.3605559529999596,0],[112.31454407500007,-7.360382852999976,0],[112.31460441400009,-7.3602561409999794,0],[112.31447996300005,-7.3602353989999756,0],[112.31361149100007,-7.3600906539999755,0],[112.3135764860001,-7.3600848199999405,0],[112.31361149100007,-7.3598339539999529,0],[112.31366214700006,-7.3594709189999321,0],[112.31361149100007,-7.3594340779999357,0],[112.31350510300001,-7.3593567049999251,0],[112.31350978400008,-7.3592209629999275,0],[112.31351937900001,-7.3589426789999379,0],[112.3128055410001,-7.3587570809999647,0],[112.31234868500007,-7.3586428669999577,0],[112.31232013100009,-7.3584429919999366,0],[112.31205673700003,-7.3583327209999538,0],[112.31158084500009,-7.3585992209999631,0],[112.31118109500005,-7.3586753629999748,0],[112.31080038200002,-7.358922826999958,0],[112.31043870400003,-7.3590751129999603,0],[112.30990570400002,-7.3588276489999771,0],[112.30956306200005,-7.3585421139999312,0],[112.30908717000011,-7.3586753629999748,0],[112.308497063,-7.3587895779999712,0],[112.30842092100011,-7.3585611489999678,0],[112.30817345700007,-7.3581233279999765,0],[112.30786888600005,-7.3578758639999364,0],[112.30731685100011,-7.3577426149999496,0],[112.30727877900006,-7.3575332219999723,0],[112.30743106500006,-7.3572096149999311,0],[112.30754527900001,-7.3569431159999681,0],[112.30720263700005,-7.3566195089999269,0],[112.30695517300001,-7.3565052949999767,0],[112.3064221730001,-7.3567146879999541,0],[112.30626988800009,-7.356524330999946,0],[112.30629768800009,-7.3563297329999386,0],[112.30634603100009,-7.3559913309999274,0],[112.30647844000009,-7.3556542889999719,0],[112.30655428500006,-7.3554612289999568,0],[112.30655542300008,-7.3554583319999551,0],[112.30652240400002,-7.3550139639999657,0],[112.30665721600008,-7.3548566839999694,0],[112.30699850100007,-7.3542361649999748,0],[112.30733978600006,-7.3532743619999792,0],[112.30765225900006,-7.3522645469999475,0],[112.30778498800009,-7.3518356069999413,0],[112.3078604000001,-7.3517965339999591,0],[112.30796786200005,-7.3517408549999459,0],[112.30797227100004,-7.3517385699999522,0],[112.30800329500005,-7.3517224949999331,0],[112.30803692100005,-7.3517050729999482,0],[112.30808044700007,-7.3516825209999297,0],[112.30810325900006,-7.3516707009999323,0],[112.30813757700002,-7.3516529199999354,0],[112.30814127200006,-7.3516510059999405,0],[112.30817095900011,-7.3516356239999254,0],[112.30820242300001,-7.3516193219999764,0],[112.30822758600004,-7.3516062839999563,0],[112.30827585400004,-7.3515812749999441,0],[112.30828994500007,-7.3515739739999617,0],[112.30832683000006,-7.351554862999933,0],[112.30834957100001,-7.3515430799999422,0],[112.30849451800009,-7.3514679789999491,0],[112.30849514600004,-7.3514678329999583,0],[112.3084973870001,-7.3514673139999331,0],[112.30850038500012,-7.3514666189999502,0],[112.30851750700003,-7.3514626519999524,0],[112.30852142400011,-7.3514617439999483,0],[112.30855922700005,-7.3514529849999803,0],[112.30859013000008,-7.3514458249999279,0],[112.30862716000001,-7.3514372449999428,0],[112.30865611900003,-7.3514305349999631,0],[112.30869806800001,-7.3514208149999263,0],[112.30872876400008,-7.3514137029999347,0],[112.30876873800003,-7.3514044409999428,0],[112.30880964100004,-7.351394963999951,0],[112.30884857000001,-7.3513859439999578,0],[112.30887786200003,-7.3513791569999398,0],[112.30891733500005,-7.3513700109999718,0],[112.30897993000008,-7.351355506999937,0],[112.30898979000006,-7.3513532219999433,0],[112.30907315500008,-7.3513339059999794,0],[112.30909282100004,-7.3513293489999683,0],[112.3091698070001,-7.351311510999949,0],[112.3091857390001,-7.3513078189999419,0],[112.30924984400008,-7.35129296599996,0],[112.30925030000003,-7.3512928169999441,0],[112.30927960800011,-7.3512832299999786,0],[112.30930448700008,-7.351275090999934,0],[112.30934386100012,-7.3512622109999484,0],[112.30935527500003,-7.3512584769999307,0],[112.3094144690001,-7.3512391129999628,0],[112.30941500000006,-7.3512389389999271,0],[112.30945592700004,-7.3512255509999704,0],[112.30948137700011,-7.3512172259999602,0],[112.30951696000011,-7.351205585999935,0],[112.30954331300006,-7.3511969649999287,0],[112.30957823100005,-7.3511855419999392,0],[112.3096268810001,-7.3511696269999334,0],[112.30965080300007,-7.3511618009999324,0],[112.30968367100002,-7.3511510489999523,0],[112.30973087300003,-7.3511356079999359,0],[112.30975816000011,-7.3511266819999719,0],[112.30978928900004,-7.3511164989999429,0],[112.30983101000004,-7.3511028509999505,0],[112.30986412400011,-7.3510920179999744,0],[112.30990739700007,-7.3510778619999542,0],[112.30994002800003,-7.351067187999945,0],[112.30997516100001,-7.3510556949999568,0],[112.31002699700002,-7.3510387379999429,0],[112.31003379000003,-7.3510365159999651,0],[112.31007869700011,-7.3510218249999753,0],[112.31009669000002,-7.3510159389999785,0],[112.31011336900008,-7.351011658999937,0],[112.31014677000007,-7.351003086999981,0],[112.31014882600005,-7.3510025589999373,0],[112.31019316000004,-7.3509911809999267,0],[112.31022151900004,-7.3509839029999284,0],[112.3102946680001,-7.3509651299999632,0],[112.31030481700009,-7.3509625249999431,0],[112.31040578700004,-7.3509366129999307,0],[112.31042430800005,-7.350931859999946,0],[112.31051334000006,-7.350909010999942,0],[112.31054660600012,-7.3509004739999568,0],[112.31064516000004,-7.3508751809999353,0],[112.31065166300004,-7.3508735119999642,0],[112.31074519000003,-7.3508495099999323,0],[112.31076151700006,-7.3508463459999689,0],[112.31081097100002,-7.3508367629999611,0],[112.31087121000007,-7.3508250899999439,0],[112.31095320200006,-7.3508092019999367,0],[112.31103777200008,-7.3507928139999308,0],[112.31109282000011,-7.3507821469999612,0],[112.31118553700003,-7.3507641799999419,0],[112.31121512100003,-7.3507584469999756,0],[112.31131450400005,-7.3507391889999667,0],[112.31138155100007,-7.3507261969999718,0],[112.3114344280001,-7.3507159509999269,0],[112.31155419100003,-7.3506927429999678,0],[112.31160456000009,-7.350682982999956,0],[112.31173136900009,-7.3506584099999372,0],[112.3117675530001,-7.3506513979999681,0],[112.31188997100003,-7.3506276759999309,0],[112.31194458500011,-7.3506170929999257,0],[112.31205227200007,-7.350596224999947,0],[112.31211114700011,-7.35058481599998,0],[112.31218714700003,-7.350570088999973,0],[112.31219783000006,-7.3505676519999383,0],[112.31227199900002,-7.3505507339999667,0],[112.3123570780001,-7.3505313279999314,0],[112.31241048300001,-7.3505191459999537,0],[112.31249146700009,-7.3505006739999317,0],[112.31256205500006,-7.3504845729999602,0],[112.31263086700005,-7.3504688769999689,0],[112.31265897700007,-7.3504624649999641,0],[112.31267924300005,-7.3504578419999689,0],[112.31272385800003,-7.3504476649999333,0],[112.31273699700012,-7.350444667999966,0],[112.31277121000005,-7.3504368639999598,0],[112.31281729700004,-7.3504263519999427,0],[112.31285520500001,-7.3504177049999271,0],[112.31289554900002,-7.350408502999926,0],[112.31291956900009,-7.3504030239999452,0],[112.31298356900004,-7.3503884259999381,0],[112.31300820500007,-7.3503828069999599,0],[112.31307088700009,-7.3503685089999635,0],[112.31309505400009,-7.3503629969999338,0],[112.31314781500009,-7.3503509619999363,0],[112.31317619400011,-7.3503444889999514,0],[112.31322647600007,-7.3503330199999368,0],[112.31323236300011,-7.3503316769999287,0],[112.31325281300008,-7.3503293119999284,0],[112.31330369900002,-7.350323426999978,0],[112.31333074000008,-7.3503202999999644,0],[112.31339420100005,-7.3503129609999291,0],[112.31341342700011,-7.3503107379999619,0],[112.31348235200005,-7.3503027669999597,0],[112.31349813600002,-7.350300941999933,0],[112.31357270000001,-7.3502923189999478,0],[112.31359521600007,-7.350289714999974,0],[112.31361267500006,-7.3502876959999526,0],[112.31361602900006,-7.3502873079999631,0],[112.31363056800001,-7.3502856269999484,0],[112.31363999500002,-7.3502845369999363,0],[112.31365792300005,-7.3502824639999744,0],[112.31366498000011,-7.3502816479999638,0],[112.31368817700002,-7.3502789649999727,0],[112.3136921790001,-7.3502785019999806,0],[112.31371485500006,-7.3502758799999697,0],[112.31372269400003,-7.350274972999955,0],[112.31373857300002,-7.350273136999931,0],[112.31374692800011,-7.3502721709999719,0],[112.31376304800006,-7.3502703069999598,0],[112.31377209200002,-7.3502692609999372,0],[112.31378698200001,-7.3502675389999581,0],[112.31379643300011,-7.3502664459999778,0],[112.31381144000011,-7.3502647109999657,0],[112.31381913400003,-7.3502638209999418,0],[112.31383822000009,-7.3502616139999759,0],[112.31384511800002,-7.3502608159999454,0],[112.31386368700009,-7.3502586689999703,0],[112.31387249500006,-7.3502576499999464,0],[112.31388835500002,-7.350255815999958,0],[112.31389726500004,-7.3502547859999368,0],[112.31390258900001,-7.3502541699999711,0],[112.31391872500001,-7.3502523039999801,0],[112.31392128500011,-7.3502520079999272,0],[112.3139337450001,-7.3502505669999323,0],[112.3139505470001,-7.3502486239999598,0],[112.31397372000004,-7.350245943999937,0],[112.31397883200009,-7.3502453529999343,0],[112.31399533000001,-7.3502434449999328,0],[112.31399800200006,-7.3502430139999433,0],[112.31400310800007,-7.3502421899999604,0],[112.31401665300007,-7.3502400049999324,0],[112.31403606100002,-7.3502368739999611,0],[112.31405381600007,-7.3502340099999515,0],[112.31406788700008,-7.3502317399999697,0],[112.31408817100009,-7.3502284679999548,0],[112.31410732500001,-7.3502253779999478,0],[112.31411511400006,-7.3502241209999397,0],[112.31411802700006,-7.3502236509999648,0],[112.31414277900001,-7.3502196579999577,0],[112.31420228200011,-7.3502100589999486,0],[112.31421339500002,-7.3502082659999814,0],[112.31427499900008,-7.3501983279999763,0],[112.31434873100011,-7.3501864329999762,0],[112.31439454200006,-7.3501790429999687,0],[112.31448272400007,-7.3501648169999498,0],[112.31453616800002,-7.3501561949999541,0],[112.31463066300012,-7.3501409509999576,0],[112.31466142300008,-7.3501359889999662,0],[112.31476423300001,-7.350119402999951,0],[112.31480381000006,-7.350113017999945,0],[112.31489601200008,-7.3500981439999578,0],[112.31494238900007,-7.3500906619999569,0],[112.31504315600012,-7.3500744059999761,0],[112.31507830500004,-7.3500687359999688,0],[112.31517625200001,-7.350052934999951,0],[112.31521954900006,-7.3500459499999806,0],[112.31530956300003,-7.3500314289999551,0],[112.31535698700009,-7.3500237789999687,0],[112.31544506600005,-7.3500095699999406,0],[112.31549899300001,-7.3500008699999739,0],[112.3155406730001,-7.3499941459999718,0],[112.31557297300003,-7.3499889349999421,0],[112.31562272500003,-7.349980908999953,0],[112.31568902200002,-7.3499702139999386,0],[112.31569519800007,-7.3499681419999661,0],[112.31573712800002,-7.3499540759999604,0],[112.31579391900004,-7.3499350249999793,0],[112.31580287300005,-7.3499320209999723,0],[112.31581393900001,-7.3499283089999494,0],[112.3158155540001,-7.3499277669999401,0],[112.31581643700008,-7.349927470999944,0],[112.31584550900004,-7.3499177189999614,0],[112.31585638000001,-7.3499140719999332,0],[112.31588855400003,-7.3499032789999319,0],[112.31594808700004,-7.3498833079999599,0],[112.31597219200012,-7.3498752219999801,0],[112.31603383200002,-7.3498545439999248,0],[112.31604750100007,-7.3498499589999255,0],[112.31611394100003,-7.3498276709999573,0],[112.31614577300002,-7.3498169929999335,0],[112.31618656100011,-7.3498033099999702,0],[112.31621799000004,-7.3497927669999399,0],[112.31626111000003,-7.3497783019999474,0],[112.31629675000011,-7.3497663459999671,0],[112.31632075500011,-7.3497582939999688,0],[112.31635280300009,-7.3497475429999781,0],[112.31636313700005,-7.3497447439999632,0],[112.31638217500006,-7.3497395879999772,0],[112.31641941100008,-7.3497295039999813,0],[112.31645863400001,-7.3497188809999443,0],[112.31649733900008,-7.349708398999951,0],[112.31654027800005,-7.34969676999998,0],[112.31657253000003,-7.3496880349999287,0],[112.31660673700003,-7.349678770999958,0],[112.31664641200007,-7.3496680259999607,0],[112.31668420500012,-7.3496577909999701,0],[112.31671339400009,-7.3496498859999519,0],[112.31675502200005,-7.3496386119999784,0],[112.31678489700005,-7.3496305209999377,0],[112.31681054900002,-7.3496235739999634,0],[112.31682194900009,-7.3496186809999813,0],[112.31685556600007,-7.3496042519999492,0],[112.3168894690001,-7.3495897009999567,0],[112.31689791300005,-7.3495860769999695,0],[112.31690105100006,-7.3495847299999468,0],[112.31690839700002,-7.3495815769999808,0],[112.31690951000007,-7.3495810989999768,0],[112.31693131700001,-7.3495717389999413,0],[112.31693447400005,-7.3495703839999464,0],[112.31698040000003,-7.3495506719999639,0],[112.31699837000008,-7.3495429589999617,0],[112.31704012400007,-7.3495250379999675,0],[112.31708167700003,-7.3495072029999733,0],[112.31711055700009,-7.3494948069999282,0],[112.31715943900008,-7.3494738259999508,0],[112.31718896000007,-7.3494611549999718,0],[112.31722576000004,-7.3494453599999474,0],[112.31726294800001,-7.3494293989999733,0],[112.31729282200001,-7.3494165769999427,0],[112.31732531700004,-7.3494026299999291,0],[112.31736972700003,-7.3493835689999401,0],[112.31740265300004,-7.3493694369999503,0],[112.31744119300004,-7.3493528949999813,0],[112.31744381600004,-7.3493517689999521,0],[112.3174802310001,-7.3493323169999485,0],[112.31749022700001,-7.349326977999965,0],[112.31752388600012,-7.3493089979999695,0],[112.31755440100005,-7.3492926979999424,0],[112.31758491100004,-7.3492763999999511,0],[112.31761913600008,-7.3492581179999661,0],[112.31765907800002,-7.3492367819999345,0],[112.31767336300004,-7.3492291509999745,0],[112.31771631600009,-7.349206206999952,0],[112.31774034200009,-7.3491933729999346,0],[112.31778168200003,-7.3491712899999584,0],[112.31780992100005,-7.3491562059999751,0],[112.31784390500002,-7.3491380519999439,0],[112.31784817300002,-7.3491357719999542,0],[112.31787709300011,-7.3491136759999449,0],[112.31788756800006,-7.34910567299994,0],[112.31793024700005,-7.3490730649999705,0],[112.31795499500004,-7.349054156999955,0],[112.31798294800001,-7.3490327999999749,0],[112.31800171000009,-7.3490184659999613,0],[112.31803697800001,-7.3489915209999594,0],[112.31806337500007,-7.3489713529999676,0],[112.31808585200008,-7.3489541799999643,0],[112.31811071300001,-7.3489351859999488,0],[112.31814326300002,-7.3489103169999339,0],[112.31816132300003,-7.3488965179999468,0],[112.31820382700005,-7.3488640439999813,0],[112.31822392100003,-7.3488486909999438,0],[112.31826686800002,-7.3488158779999253,0],[112.31828605200008,-7.3488012209999738,0],[112.31832679000001,-7.3487700959999529,0],[112.3183418000001,-7.3487586279999277,0],[112.31838862500001,-7.3487228529999697,0],[112.31840439900009,-7.3487108009999815,0],[112.31845333700005,-7.3486734109999361,0],[112.31846559600001,-7.3486640449999641,0],[112.31851590000008,-7.348625611999978,0],[112.31853520200002,-7.3486108649999551,0],[112.31857059300012,-7.3485838259999809,0],[112.31858939200004,-7.348569462999933,0],[112.31861507700012,-7.3485498389999293,0],[112.31864778700003,-7.3485248469999647,0],[112.31866890600008,-7.3485087119999548,0],[112.31868609300011,-7.3484955799999625,0],[112.31872021900006,-7.3484695069999475,0],[112.31873950500005,-7.3484547719999682,0],[112.31877543900009,-7.3484273179999491,0],[112.31880288200011,-7.3484063509999373,0],[112.31882767500008,-7.3483874079999509,0],[112.3188542690001,-7.3483670889999644,0],[112.3188704910001,-7.348354694999955,0],[112.31887384300001,-7.3483531059999336,0],[112.3189039560001,-7.3483388299999319,0],[112.31895328500002,-7.3483154439999794,0],[112.31899104400009,-7.3482975429999442,0],[112.31903159300009,-7.3482783199999631,0],[112.31905659900008,-7.3482664649999379,0],[112.31910753700004,-7.348242316999972,0],[112.31914428200002,-7.3482248969999659,0],[112.31918116100007,-7.3482074129999546,0],[112.31920995500002,-7.3481937629999265,0],[112.31925276200002,-7.3481734689999598,0],[112.31926544300006,-7.3481674569999313,0],[112.31927966700005,-7.3481607139999596,0],[112.31928383700006,-7.3481587369999488,0],[112.31929672500007,-7.3481526269999335,0],[112.31931044300006,-7.3481461239999248,0],[112.31932335900001,-7.3481400009999334,0],[112.31933630900005,-7.3481338619999406,0],[112.31935295900007,-7.3481259689999661,0],[112.31936011800008,-7.3481225749999339,0],[112.31937236700003,-7.3481167679999544,0],[112.31938609400004,-7.3481102599999417,0],[112.31938975600008,-7.3481085239999402,0],[112.3194242080001,-7.3480921909999779,0],[112.3194292070001,-7.3480898209999737,0],[112.31946064600004,-7.3480749169999626,0],[112.31947063400003,-7.3480701819999581,0],[112.31949454800008,-7.3480588449999686,0],[112.31950444600011,-7.3480541519999747,0],[112.31953561400007,-7.3480393759999743,0],[112.31954246800001,-7.3480361269999435,0],[112.31957164200003,-7.3480222959999537,0],[112.31958296800008,-7.3480169269999465,0],[112.31960323500005,-7.3480073189999757,0],[112.31961920100002,-7.3479997499999286,0],[112.3196397910001,-7.3479899889999274,0],[112.31964859400011,-7.347985815999948,0],[112.31967173100008,-7.3479748469999322,0],[112.31967557200005,-7.3479730259999769,0],[112.31967918000009,-7.3479713149999384,0],[112.3196871880001,-7.3479675179999617,0],[112.31968937200008,-7.3479664829999365,0],[112.31969647800008,-7.347963113999981,0],[112.31970145800005,-7.3479607529999384,0],[112.31970778900006,-7.3479577519999566,0],[112.31971502600004,-7.3479543209999747,0],[112.3197218900001,-7.3479510669999399,0],[112.31972527300002,-7.3479494629999635,0],[112.31973303500001,-7.3479457829999433,0],[112.31973386600009,-7.3479453889999604,0],[112.31974247100004,-7.3479413089999639,0],[112.31974466300005,-7.347940269999981,0],[112.31975200800002,-7.34793678799997,0],[112.31975733500008,-7.3479342629999564,0],[112.31976360200008,-7.3479312919999415,0],[112.31976820600005,-7.3479291089999492,0],[112.31977866300008,-7.3479241519999619,0],[112.31978225000012,-7.3479224509999312,0],[112.31978887300011,-7.3479193109999414,0],[112.31979287400009,-7.3479174139999373,0],[112.31980149500009,-7.3479133269999579,0],[112.31980454400002,-7.3479118819999485,0],[112.31981126300002,-7.3479086969999798,0],[112.31981272500002,-7.3479080039999758,0],[112.31982316600011,-7.3479030539999712,0],[112.31982467400007,-7.3479023389999725,0],[112.31982677700012,-7.3479013419999433,0],[112.3198281980001,-7.3479006679999657,0],[112.31982914700006,-7.3479002179999497,0],[112.31983281500004,-7.3478984789999799,0],[112.31983398300008,-7.347897924999927,0],[112.31983617000003,-7.3478968879999798,0],[112.31983828800003,-7.3478958839999677,0],[112.319840623,-7.347894776999965,0],[112.31984341900011,-7.3478934509999476,0],[112.31984626300004,-7.3478921029999356,0],[112.31984787200008,-7.3478913399999328,0],[112.3198510850001,-7.3478898169999525,0],[112.3198538800001,-7.3478884919999814,0],[112.31985601500003,-7.3478874799999403,0],[112.31985749900002,-7.3478867759999389,0],[112.31986275600002,-7.3478842839999743,0],[112.31986686300002,-7.3478823369999304,0],[112.31987323800001,-7.3478793149999433,0],[112.31987561700009,-7.3478781869999352,0],[112.31988075600009,-7.3478757509999468,0],[112.31988547700007,-7.3478735129999677,0],[112.31988816500007,-7.3478722389999689,0],[112.31989359000011,-7.3478696669999408,0],[112.31989424700009,-7.3478693559999328,0],[112.3199000730001,-7.3478665939999814,0],[112.31990273800011,-7.34786533099998,0],[112.31990523200011,-7.3478641489999745,0],[112.31990746100007,-7.3478630919999546,0],[112.31990986900007,-7.3478619499999809,0],[112.3199150800001,-7.3478594799999541,0],[112.31991870000002,-7.3478577639999685,0],[112.31992220200004,-7.347856103999959,0],[112.31992639100008,-7.3478541179999297,0],[112.31993149200002,-7.3478516999999783,0],[112.31993369800011,-7.3478506539999557,0],[112.31993820900004,-7.3478485149999528,0],[112.31994143200006,-7.3478469869999685,0],[112.31994528400003,-7.3478451609999524,0],[112.31995043300003,-7.3478427199999601,0],[112.31995398900006,-7.3478410339999414,0],[112.31995751600004,-7.3478393619999451,0],[112.31996178800011,-7.3478373369999304,0],[112.31996437900011,-7.3478361089999567,0],[112.31996829500008,-7.3478342529999736,0],[112.31997284300007,-7.34783209699998,0],[112.31997752400002,-7.3478298779999704,0],[112.31997910100006,-7.3478291299999796,0],[112.31998353300003,-7.3478270289999728,0],[112.31998577600007,-7.3478259659999594,0],[112.31998620600007,-7.3478257619999567,0],[112.31998733400007,-7.3478252269999302,0],[112.31998891800004,-7.3478244759999711,0],[112.31998967600009,-7.3478241169999592,0],[112.3199947920001,-7.3478216909999787,0],[112.32000880700002,-7.3478150469999264,0],[112.32001299500007,-7.3478130619999433,0],[112.3201217190001,-7.3477615179999702,0],[112.32013463100009,-7.3477539419999403,0],[112.32014946700008,-7.3477452369999696,0],[112.3201949700001,-7.3477185369999347,0],[112.32021928400002,-7.3477042709999409,0],[112.32023768500005,-7.3476934739999251,0],[112.32027180000011,-7.347673456999928,0],[112.32029037900008,-7.3476625549999426,0],[112.32032694500003,-7.3476410989999295,0],[112.32034121100003,-7.3476327279999509,0],[112.3203773890001,-7.3476115009999603,0],[112.32038267100006,-7.3476084019999348,0],[112.32038529800002,-7.347606859999928,0],[112.32039583500011,-7.3476006769999458,0],[112.32039637600008,-7.3476003599999444,0],[112.32039721100011,-7.3475998619999814,0],[112.32039939300012,-7.3475985599999376,0],[112.32041818500011,-7.3475873439999759,0],[112.32045155500009,-7.3475674269999445,0],[112.32048482000005,-7.3475475729999289,0],[112.32049923800002,-7.3475389669999345,0],[112.32050924800001,-7.3475329929999589,0],[112.32055305800009,-7.3475068449999412,0],[112.32057151700008,-7.3474958279999782,0],[112.32060592300002,-7.3474752929999454,0],[112.32061844000009,-7.3474678219999419,0],[112.32067050600006,-7.3474367469999606,0],[112.32068913900002,-7.3474256259999606,0],[112.32073030900006,-7.3474010539999313,0],[112.32073817200001,-7.3473963609999373,0],[112.3207860010001,-7.3473678139999379,0],[112.32079561,-7.3473620789999359,0],[112.32081918300003,-7.347348009999962,0],[112.32082537000008,-7.3473443169999655,0],[112.32083135800008,-7.3473407429999611,0],[112.32085216200005,-7.3473283259999675,0],[112.32086433900008,-7.3473210579999773,0],[112.32088612500002,-7.3473080549999281,0],[112.32089942200002,-7.3473001189999536,0],[112.32091724800011,-7.3472894799999722,0],[112.32093111600011,-7.3472812029999659,0],[112.32094298300001,-7.3472741199999518,0],[112.32096330800005,-7.3472619889999464,0],[112.32097531900001,-7.3472548199999324,0],[112.32098892400006,-7.347246699999971,0],[112.32100594000008,-7.3472365439999407,0],[112.32101492100003,-7.347231183999952,0],[112.32102039300003,-7.3472279179999305,0],[112.32102259700002,-7.3472266029999673,0],[112.32103601600011,-7.347218593999969,0],[112.32104101000004,-7.3472156129999462,0],[112.32105107600012,-7.3472096049999323,0],[112.32106277000003,-7.3472026249999658,0],[112.32107098800009,-7.3471977199999401,0],[112.32108309800003,-7.3471904919999815,0],[112.32108976600011,-7.3471865119999507,0],[112.32110220300001,-7.3471790889999511,0],[112.3211109340001,-7.3471738779999782,0],[112.32112302200005,-7.347166662999939,0],[112.32113060900008,-7.3471621339999729,0],[112.32114118300001,-7.34715582299998,0],[112.32115151400001,-7.3471496569999317,0],[112.32115961800002,-7.3471448199999259,0],[112.32116654900005,-7.3471406829999637,0],[112.32117457600009,-7.3471358919999261,0],[112.32117513900005,-7.3471355109999763,0],[112.32118274800007,-7.3471303679999664,0],[112.32118366300006,-7.3471297489999756,0],[112.32119391900005,-7.3471228159999669,0],[112.32121560900009,-7.3471081539999545,0],[112.32123941900011,-7.3470920599999658,0],[112.32126219300005,-7.3470766649999746,0],[112.32129032100011,-7.3470576519999327,0],[112.32130936200008,-7.3470447809999655,0],[112.32135072600011,-7.3470168209999542,0],[112.3213592620001,-7.3470110509999813,0],[112.32140331800008,-7.3469812709999474,0],[112.32140815000002,-7.3469780049999258,0],[112.32145252900011,-7.3469480069999804,0],[112.32146547000002,-7.3469392589999529,0],[112.32146551900007,-7.3469392259999609,0],[112.32146556700002,-7.3469391929999688,0],[112.32147648400007,-7.3469318139999586,0],[112.32148652500007,-7.3469250269999407,0],[112.32149730600008,-7.3469177389999345,0],[112.32150148700009,-7.3469149129999778,0],[112.32153632500001,-7.34689136399993,0],[112.32156544800011,-7.3468716779999568,0],[112.32162383600007,-7.3468322099999455,0],[112.32163215000003,-7.3468265899999778,0],[112.32169621100002,-7.3467832879999264,0],[112.32171284900005,-7.3467720409999515,0],[112.32172499800004,-7.34676382899994,0],[112.32172791700009,-7.3467618559999437,0],[112.32172855900001,-7.3467614219999291,0],[112.32175844000005,-7.3467412229999809,0],[112.32177996900009,-7.3467266709999421,0],[112.32181023900011,-7.3467062099999794,0],[112.32184021400008,-7.3466859479999584,0],[112.32187170100008,-7.3466646639999453,0],[112.32189870400009,-7.3466464109999379,0],[112.3219304160001,-7.3466249749999406,0],[112.3219575280001,-7.3466066479999768,0],[112.32196039200005,-7.3466047119999303,0],[112.32199207800011,-7.34658692499994,0],[112.32200095700011,-7.346581940999954,0],[112.32204701500007,-7.3465560849999747,0],[112.32207050800002,-7.3465428969999493,0],[112.32210057900011,-7.3465260159999275,0],[112.32212236100008,-7.3465137879999816,0],[112.3221466760001,-7.3465001379999535,0],[112.32217491900008,-7.3464842829999384,0],[112.32219793700006,-7.3464713619999316,0],[112.32222256200009,-7.3464575379999815,0],[112.32223675300008,-7.3464495709999369,0],[112.32224670400001,-7.3464439849999508,0],[112.32224837400008,-7.3464430469999797,0],[112.32225780600004,-7.3464377519999289,0],[112.32225943300011,-7.3464368389999777,0],[112.32226053300008,-7.3464362219999657,0],[112.32226056100001,-7.3464362059999644,0],[112.32226059000004,-7.3464361899999631,0],[112.32226779400003,-7.3464321459999269,0],[112.32227092900007,-7.3464303859999518,0],[112.32228874600003,-7.3464203839999414,0],[112.32229516200005,-7.3464167819999489,0],[112.32230658800006,-7.3464103679999653,0],[112.32232107100003,-7.3464022379999392,0],[112.32232930600003,-7.3463976149999439,0],[112.322348035,-7.346387100999948,0],[112.32235287300011,-7.3463843849999648,0],[112.32237008100003,-7.3463747249999756,0],[112.32237796600009,-7.3463702989999433,0],[112.32238000700011,-7.3463691529999551,0],[112.32238038100002,-7.3463688989999696,0],[112.32238544500001,-7.3463654619999375,0],[112.32256555400011,-7.346243220999952,0],[112.3225667260001,-7.3462424249999572,0],[112.32257499600007,-7.3462368119999724,0],[112.32257743800005,-7.3462351539999418,0],[112.3225828410001,-7.3462314869999545,0],[112.32258843700004,-7.3462276889999316,0],[112.32259135900006,-7.3462257059999274,0],[112.32259525000006,-7.3462230649999469,0],[112.32259643100008,-7.3462222629999587,0],[112.32260419800002,-7.3462169919999383,0],[112.32261301200003,-7.3462110099999336,0],[112.32261863800011,-7.3462071919999516,0],[112.32263208000006,-7.3461980689999677,0],[112.32265099000006,-7.3461852349999504,0],[112.32265890000008,-7.3461798659999431,0],[112.32268365300001,-7.3461630659999742,0],[112.32269423800005,-7.3461558819999482,0],[112.32271638800012,-7.3461408489999371,0],[112.32272968400002,-7.34613182399994,0],[112.32274798800006,-7.3461194009999531,0],[112.32275997400006,-7.3461112659999799,0],[112.32276149000006,-7.346110236999948,0],[112.32277972500003,-7.346100493999927,0],[112.32279938600004,-7.3460899889999496,0],[112.32281543200008,-7.3460814149999578,0],[112.3228329100001,-7.3460720759999276,0],[112.32285076500011,-7.3460625359999767,0],[112.3228655580001,-7.346054631999948,0],[112.32289387700007,-7.3460395009999502,0],[112.32290492000004,-7.3460335999999415,0],[112.32294062100004,-7.3460145239999406,0],[112.3229566230001,-7.3460059739999792,0],[112.32298586100001,-7.3459903519999443,0],[112.32299777100002,-7.3459839879999436,0],[112.32302326900003,-7.3459703639999816,0],[112.32304239400003,-7.3459601449999354,0],[112.32306854300009,-7.3459461729999589,0],[112.32308613500004,-7.3459367739999379,0],[112.32311127200001,-7.3459233429999813,0],[112.32313232000001,-7.345912096999939,0],[112.32314834900001,-7.3459035329999551,0],[112.32316437300005,-7.3458949709999501,0],[112.32319904700012,-7.3458764439999413,0],[112.32321291400001,-7.3458690349999642,0],[112.32325519500012,-7.3458464439999602,0],[112.32326288100001,-7.345842336999965,0],[112.32330676900006,-7.3458188869999503,0],[112.32331106600009,-7.3458165909999593,0],[112.32336197600011,-7.3457893889999468,0],[112.32337245500003,-7.3457837899999276,0],[112.32341043300005,-7.3457634979999398,0],[112.32341097800008,-7.3457632069999477,0],[112.32341967700006,-7.3457585589999326,0],[112.32342827900004,-7.345753962999936,0],[112.32343194800001,-7.3457520019999265,0],[112.32344138700012,-7.3457469579999497,0],[112.32345418400007,-7.3457401199999595,0],[112.32346297000004,-7.3457354259999761,0],[112.32347641900003,-7.3457282399999713,0],[112.32348502800005,-7.3457236399999601,0],[112.32349844500004,-7.3457164709999461,0],[112.323505479,-7.3457127129999549,0],[112.32352065200007,-7.3457046059999698,0],[112.32353064200004,-7.3456992679999757,0],[112.32354002500006,-7.3456942549999553,0],[112.32354788000009,-7.3456900579999456,0],[112.32356478000008,-7.3456810279999445,0],[112.32357065300005,-7.3456778899999335,0],[112.32358530800002,-7.3456700589999286,0],[112.32359582900006,-7.3456644379999716,0],[112.3236012210001,-7.3456615569999713,0],[112.32361620200004,-7.3456535519999306,0],[112.32362497100007,-7.3456488659999764,0],[112.32363561200009,-7.3456431809999572,0],[112.3236473720001,-7.345636896999963,0],[112.32365627800004,-7.3456321389999744,0],[112.32366672800003,-7.3456265559999565,0],[112.32367779100002,-7.3456206449999399,0],[112.32368353000004,-7.3456175779999739,0],[112.32369629400011,-7.3456107579999639,0],[112.3237018850001,-7.3456077709999477,0],[112.32371574000001,-7.345600367999964,0],[112.32372900100006,-7.3455932819999248,0],[112.3237353720001,-7.3455898779999416,0],[112.32375351900009,-7.3455801819999351,0],[112.3237611400001,-7.3455761099999677,0],[112.3237783080001,-7.3455669369999441,0],[112.32378409000012,-7.3455638469999371,0],[112.32379811400006,-7.3455563539999389,0],[112.3238079680001,-7.3455510889999687,0],[112.32382027800008,-7.3455445109999573,0],[112.32382606400006,-7.3455414189999715,0],[112.32383986100001,-7.3455340469999442,0],[112.32385115400007,-7.3455280129999778,0],[112.32385951600008,-7.345523544999935,0],[112.3238709740001,-7.3455174229999329,0],[112.32387599900005,-7.345514737999963,0],[112.3238900130001,-7.3455072499999687,0],[112.32389342100009,-7.3455054289999566,0],[112.32390457500003,-7.3454994689999467,0],[112.32391386900008,-7.3454945029999408,0],[112.32392475200004,-7.3454886879999322,0],[112.32393306100005,-7.3454842489999805,0],[112.32393734900006,-7.3454819579999366,0],[112.32393947900005,-7.3454808199999775,0],[112.32394425300004,-7.3454782689999547,0],[112.32395170400002,-7.3454742879999344,0],[112.3239561800001,-7.3454718969999249,0],[112.32396421200008,-7.3454676059999429,0],[112.32397118900008,-7.3454638779999755,0],[112.32397788900005,-7.3454602979999777,0],[112.32398343500006,-7.345457334999935,0],[112.32399104100011,-7.3454532709999398,0],[112.32399831700002,-7.3454493829999592,0],[112.32400420700003,-7.3454462359999297,0],[112.32401149000009,-7.3454423439999346,0],[112.32401583500007,-7.3454400229999806,0],[112.32402489300011,-7.3454351829999496,0],[112.32402902500007,-7.3454329749999374,0],[112.32403482600012,-7.3454298759999688,0],[112.32403671100008,-7.3454288689999316,0],[112.32404756300002,-7.3454230699999812,0],[112.32405014300002,-7.3454216909999559,0],[112.32405691500003,-7.3454180729999621,0],[112.32406321400003,-7.3454147069999749,0],[112.32406834300002,-7.3454119669999614,0],[112.32407596900009,-7.3454078919999688,0],[112.324082954,-7.34540415999993,0],[112.32408967700007,-7.3454005679999455,0],[112.32409570200002,-7.3453973489999385,0],[112.32410166200009,-7.3453941639999698,0],[112.32411110100009,-7.3453891209999256,0],[112.3241158400001,-7.3453865889999292,0],[112.32412073000012,-7.3453839759999369,0],[112.32412605200011,-7.3453811319999431,0],[112.32413404500005,-7.345376860999977,0],[112.32413874000008,-7.3453743529999542,0],[112.32414557900006,-7.3453706989999432,0],[112.3241464570001,-7.3453702299999577,0],[112.32415509600003,-7.3453656139999453,0],[112.32415747000005,-7.3453643449999504,0],[112.3241660650001,-7.3453597529999684,0],[112.32416650900007,-7.3453595159999736,0],[112.32417443700001,-7.3453552799999784,0],[112.32417879400009,-7.3453529519999279,0],[112.32418489000008,-7.3453496949999248,0],[112.32419179200008,-7.3453460069999323,0],[112.3242004440001,-7.3453413839999371,0],[112.32420386000001,-7.3453395589999673,0],[112.32421099800001,-7.345335744999943,0],[112.32421805600006,-7.3453319739999756,0],[112.32422431800001,-7.3453286279999475,0],[112.3242313180001,-7.3453248879999364,0],[112.32423856500009,-7.3453210159999571,0],[112.32424591000006,-7.3453170919999593,0],[112.32425163300002,-7.345314033999955,0],[112.32426015300007,-7.3453094819999478,0],[112.32426691000001,-7.3453058719999262,0],[112.32427326600009,-7.3453024759999721,0],[112.32428052000012,-7.3452985999999783,0],[112.32428739800002,-7.3452949249999619,0],[112.32429448800008,-7.345291136999947,0],[112.32430320000003,-7.345286481999949,0],[112.32430745600004,-7.3452842079999527,0],[112.32431803700001,-7.3452785539999468,0],[112.3243232530001,-7.3452757669999755,0],[112.32432413700008,-7.3452752949999649,0],[112.32433140900002,-7.3452714089999631,0],[112.32433202200002,-7.3452710819999538,0],[112.3243348530001,-7.3452695689999814,0],[112.32433781800012,-7.345267984999964,0],[112.32434374000002,-7.3452648209999438,0],[112.32434793800007,-7.3452625779999607,0],[112.32435758100007,-7.3452574249999429,0],[112.32436076200008,-7.3452557249999586,0],[112.32436913700008,-7.345251249999933,0],[112.32437343900006,-7.3452489509999737,0],[112.32437974800007,-7.3452455799999257,0],[112.32438438400004,-7.345243102999973,0],[112.32438920600009,-7.3452405269999304,0],[112.32439535700007,-7.3452372399999604,0],[112.32439737400011,-7.3452361619999351,0],[112.32440486600001,-7.3452321589999769,0],[112.32440761500004,-7.3452306899999371,0],[112.32441284800007,-7.3452278939999474,0],[112.32441635400005,-7.3452260209999736,0],[112.32442425000011,-7.3452218019999691,0],[112.32442868800001,-7.3452194309999754,0],[112.32443422400002,-7.3452164729999367,0],[112.3244383550001,-7.3452142659999708,0],[112.32444484100006,-7.3452108009999506,0],[112.3244478260001,-7.3452092059999359,0],[112.32445342900007,-7.3452062119999368,0],[112.32445958900007,-7.3452029199999629,0],[112.32446418600011,-7.3452004639999586,0],[112.32447015100001,-7.3451972769999543,0],[112.32447514600005,-7.3451946079999288,0],[112.32448275700006,-7.3451905409999654,0],[112.32448746200009,-7.3451880269999492,0],[112.32449699900008,-7.3451829309999539,0],[112.32450098900006,-7.3451807989999338,0],[112.32450664700002,-7.3451777759999572,0],[112.32451241700005,-7.3451746929999331,0],[112.3245182170001,-7.3451715939999644,0],[112.32452176300001,-7.3451696989999391,0],[112.32453311100005,-7.3451636359999384,0],[112.32453609900006,-7.3451620389999448,0],[112.32454662500004,-7.3451564149999626,0],[112.32455132900009,-7.3451539009999465,0],[112.32455703500011,-7.3451508519999607,0],[112.32456213800003,-7.3451481249999802,0],[112.32456670300007,-7.3451456859999666,0],[112.3245725270001,-7.345142573999965,0],[112.32457657900011,-7.3451404089999528,0],[112.32458332600004,-7.3451368039999352,0],[112.3245851800001,-7.3451358129999562,0],[112.3245915870001,-7.3451323899999466,0],[112.32459384500009,-7.3451311829999781,0],[112.32459992400004,-7.3451279349999368,0],[112.32460141800004,-7.3451271369999631,0],[112.32460704300001,-7.3451241309999773,0],[112.32461201000001,-7.3451214769999638,0],[112.32461770400005,-7.3451184349999608,0],[112.32462191100001,-7.3451161869999737,0],[112.32462749800004,-7.3451132019999363,0],[112.32463284100004,-7.3451103469999452,0],[112.32463896600007,-7.3451070739999409,0],[112.32464426600006,-7.3451042419999339,0],[112.32464894500004,-7.3451017419999403,0],[112.32465579800009,-7.3450980809999464,0],[112.32465948600009,-7.345096109999929,0],[112.32466628000009,-7.3450924799999484,0],[112.32467206600006,-7.345089388999952,0],[112.32467482400011,-7.3450879159999545,0],[112.32468141700008,-7.3450843929999792,0],[112.32468446200005,-7.3450827659999618,0],[112.32469143000003,-7.3450790429999415,0],[112.32469545600009,-7.3450768919999518,0],[112.32469942800003,-7.3450747699999397,0],[112.32470651000006,-7.3450709859999392,0],[112.32471111200005,-7.3450685269999667,0],[112.32471532500006,-7.3450662759999545,0],[112.32472308600006,-7.3450621289999276,0],[112.32472445600001,-7.3450613969999381,0],[112.32473138600005,-7.3450576939999337,0],[112.32473700900005,-7.3450546889999373,0],[112.32474093200005,-7.3450525929999344,0],[112.32474682700001,-7.3450494429999367,0],[112.32475268900009,-7.345046310999976,0],[112.32475709100004,-7.3450439589999519,0],[112.32476191700005,-7.345041379999941,0],[112.32476659700001,-7.3450388789999579,0],[112.3247707160001,-7.3450366779999285,0],[112.32477407800002,-7.3450348819999363,0],[112.32478295300007,-7.3450301399999489,0],[112.32479016700006,-7.3450262859999498,0],[112.32479457900001,-7.3450239279999323,0],[112.32479736400001,-7.3450224399999797,0],[112.3248053750001,-7.3450181599999382,0],[112.3248100830001,-7.3450156439999432,0],[112.32481427100004,-7.3450134059999641,0],[112.32482210900002,-7.3450092179999729,0],[112.32482521500003,-7.3450075589999528,0],[112.32482992600001,-7.3450050419999684,0],[112.32483666400003,-7.3450014419999547,0],[112.32484086500006,-7.3449991979999254,0],[112.32484668900008,-7.3449960859999806,0],[112.32485123100003,-7.3449936589999538,0],[112.32485609800005,-7.3449910579999482,0],[112.32486120700003,-7.3449883279999426,0],[112.32486585800007,-7.3449858429999608,0],[112.32487029100002,-7.344983473999946,0],[112.32487585300009,-7.3449805019999417,0],[112.32488033800007,-7.3449781059999282,0],[112.32488573300009,-7.344975222999949,0],[112.3248907410001,-7.3449725469999407,0],[112.32489599900009,-7.3449697379999748,0],[112.32490025300001,-7.3449674649999679,0],[112.32490137400009,-7.3449668659999361,0],[112.32490594800004,-7.3449644219999755,0],[112.3249081460001,-7.3449632479999423,0],[112.32491968900001,-7.3449570809999614,0],[112.32492667400004,-7.3449533489999794,0],[112.32493811000006,-7.3449472389999642,0],[112.3249388480001,-7.344946843999935,0],[112.3249434920001,-7.3449443629999678,0],[112.32494550600006,-7.3449438889999783,0],[112.32494961700002,-7.3449429209999266,0],[112.32495142300002,-7.3449424959999305,0],[112.32497238000008,-7.344937563999963,0],[112.32499352000002,-7.3449325879999492,0],[112.32502534500009,-7.3449250979999761,0],[112.32503474300006,-7.3449228859999494,0],[112.32507774100009,-7.3449127659999363,0],[112.32508844400002,-7.344910246999973,0],[112.32512335500007,-7.3449020299999574,0],[112.32513962600001,-7.3448981999999319,0],[112.32516768400001,-7.3448915959999681,0],[112.3251882940001,-7.3448867449999398,0],[112.32521279900004,-7.3448809779999351,0],[112.32523007400005,-7.3448769119999611,0],[112.32524626800011,-7.3448731009999619,0],[112.32526328100005,-7.3448690969999575,0],[112.32527440700005,-7.3448664779999717,0],[112.32528358800005,-7.3448643169999741,0],[112.32534850800005,-7.3448490379999498,0],[112.3254190350001,-7.3448324389999584,0],[112.32550674300001,-7.3448117959999308,0],[112.32556782500001,-7.3447974199999635,0],[112.32565902800002,-7.3447759549999319,0],[112.325719746,-7.3447616649999645,0],[112.32581179100009,-7.3447400009999342,0],[112.32586164000008,-7.3447282689999724,0],[112.32592933600006,-7.3447123359999296,0],[112.32600934300001,-7.3446935059999419,0],[112.32608114600009,-7.3446766069999398,0],[112.32614503000002,-7.3446615709999605,0],[112.32624271100008,-7.3446385809999697,0],[112.32627864700009,-7.3446301229999449,0],[112.32628828300005,-7.3446275459999697,0],[112.32641855300005,-7.3445927039999788,0],[112.32644685000002,-7.3445851359999779,0],[112.32654575800007,-7.3445586819999562,0],[112.32654606700009,-7.3445585989999813,0],[112.32656297500012,-7.3445540769999411,0],[112.32658152500005,-7.3445491159999392,0],[112.32663927900001,-7.3445336689999294,0],[112.32668596100007,-7.3445211839999729,0],[112.32675382400009,-7.3445030339999562,0],[112.32680855100011,-7.3444883969999637,0],[112.32689780600003,-7.344464524999978,0],[112.32692885600011,-7.3444562199999268,0],[112.32701314500002,-7.3444336759999373,0],[112.32706058300005,-7.3444209879999676,0],[112.32712800100001,-7.3444029569999429,0],[112.3271904070001,-7.3443862659999581,0],[112.32724431500003,-7.3443718479999802,0],[112.32730823800011,-7.3443547509999689,0],[112.3273502400001,-7.3443435169999702,0],[112.32741750200012,-7.3443255279999562,0],[112.32744789800006,-7.3443173979999301,0],[112.32751039800007,-7.3443006819999255,0],[112.32754908600009,-7.3442903349999256,0],[112.32756358300003,-7.3442864579999423,0],[112.32761071500011,-7.344273851999958,0],[112.32764431700002,-7.3442648649999569,0],[112.32764701500003,-7.3442642619999674,0],[112.32765006900001,-7.3442635789999713,0],[112.32770741700006,-7.3442507619999446,0],[112.32778858900008,-7.3442326209999464,0],[112.32780830500008,-7.3442282149999301,0],[112.32788303000007,-7.3442115149999267,0],[112.32794212500005,-7.3441983079999318,0],[112.32798513500006,-7.3441886959999465,0],[112.32804758300006,-7.3441747399999713,0],[112.32809272300005,-7.3441646509999714,0],[112.32814428500001,-7.3441531279999595,0],[112.32814980900002,-7.3441518929999461,0],[112.32819621900001,-7.3441415209999263,0],[112.3282554540001,-7.344128282999975,0],[112.32829312400008,-7.3441198639999357,0],[112.32835425000007,-7.3441062029999671,0],[112.32837904400003,-7.3441006619999598,0],[112.32844238400003,-7.3440865059999396,0],[112.32849901800012,-7.3440738489999262,0],[112.32852062100005,-7.3440690209999389,0],[112.32861324700002,-7.3440483199999562,0],[112.32867214600003,-7.3440351569999507,0],[112.32875431700006,-7.3440167929999802,0],[112.3287928310001,-7.3440081849999501,0],[112.32887147700001,-7.3439906089999454,0],[112.32890313700011,-7.343983532999971,0],[112.32890647500005,-7.3439831049999498,0],[112.32900382100001,-7.3439706249999404,0],[112.32902259200011,-7.3439682189999758,0],[112.32914262000008,-7.3439528309999673,0],[112.32918839100012,-7.3439469629999508,0],[112.32927838100011,-7.3439354259999732,0],[112.32931859700011,-7.3439302699999303,0],[112.32940351600007,-7.3439193829999567,0],[112.32945527200002,-7.3439127479999797,0],[112.32954051500008,-7.3439018199999282,0],[112.32958509600007,-7.3438961049999421,0],[112.32968575600012,-7.3438831999999366,0],[112.32970578300001,-7.3438806329999693,0],[112.32984078400011,-7.3438633259999619,0],[112.32986625400008,-7.3438600609999298,0],[112.32998201700002,-7.3438452199999347,0],[112.33001625500003,-7.3438408309999659,0],[112.33009879200006,-7.3438302489999501,0],[112.33015597700012,-7.3438229179999439,0],[112.33020033600008,-7.3438172309999459,0],[112.3302382920001,-7.3438123649999625,0],[112.33025591500007,-7.3438112639999531,0],[112.33032879400002,-7.3438067089999777,0],[112.3303376340001,-7.343806155999971,0],[112.33035002500003,-7.3438053819999709,0],[112.33035146300006,-7.3438052919999564,0],[112.33038298700001,-7.3438033219999284,0],[112.3304204100001,-7.3438009829999373,0],[112.33044788400002,-7.3437992659999622,0],[112.3305225790001,-7.3437945969999419,0],[112.33053854200011,-7.3437935989999801,0],[112.33061798600011,-7.3437886339999636,0],[112.33065432600006,-7.3437863629999356,0],[112.33073795100006,-7.3437811359999614,0],[112.33075212200004,-7.343780249999952,0],[112.33085849400004,-7.3437736009999526,0],[112.33086548000006,-7.3437731639999697,0],[112.33097067100005,-7.3437665889999266,0],[112.33098926000002,-7.3437654269999371,0],[112.33107351800004,-7.3437601609999774,0],[112.33110218800005,-7.3437583689999428,0],[112.3311577610001,-7.3437548959999503,0],[112.33119998400002,-7.3437522569999487,0],[112.33127123700001,-7.3437478029999284,0],[112.3312846450001,-7.3437469649999798,0],[112.33137202100011,-7.3437415039999792,0],[112.33140143000003,-7.3437396659999763,0],[112.33144374800008,-7.3437370209999813,0],[112.33144537700002,-7.3437370539999733,0],[112.3314983680001,-7.343738119999955,0],[112.33155956600001,-7.3437393509999538,0],[112.33157446500002,-7.3437396509999644,0],[112.33167621900009,-7.3437416989999633,0],[112.33169096200004,-7.3437419959999488,0],[112.33177945600005,-7.3437437769999292,0],[112.33180232000007,-7.343744236999953,0],[112.33185312500007,-7.3437452589999452,0],[112.33187009200003,-7.343745599999977,0],[112.3318910160001,-7.3437460209999585,0],[112.33190293000007,-7.3437462609999784,0],[112.33193811400008,-7.3437469689999375,0],[112.33194486700006,-7.3437471049999772,0],[112.33197877100008,-7.343747786999927,0],[112.33198543900005,-7.343747920999931,0],[112.33202010100001,-7.343748618999939,0],[112.33202624600005,-7.3437487429999351,0],[112.3320579760001,-7.3437493809999523,0],[112.33207270500009,-7.3437496769999484,0],[112.33209625200004,-7.3437501509999379,0],[112.33211036000012,-7.3437504349999472,0],[112.3321451170001,-7.3437511339999446,0],[112.33215331000008,-7.3437512989999618,0],[112.33217945700005,-7.3437518249999698,0],[112.33219744700011,-7.34375218699995,0],[112.3322153360001,-7.3437525469999514,0],[112.33223397300003,-7.3437529219999647,0],[112.33226518300012,-7.343753549999974,0],[112.33227014100009,-7.3437536499999396,0],[112.33230592500001,-7.3437543699999424,0],[112.33231481500002,-7.3437545489999252,0],[112.3323433380001,-7.3437551229999372,0],[112.3323692030001,-7.3437556429999518,0],[112.33238042900007,-7.3437558689999491,0],[112.3323996580001,-7.3437562559999492,0],[112.33241850000002,-7.343756634999977,0],[112.33243686000003,-7.34375700399994,0],[112.33245187200009,-7.3437573059999295,0],[112.33247153600007,-7.343757701999948,0],[112.33248667200007,-7.3437580069999626,0],[112.33250694900005,-7.343758414999968,0],[112.33252170900005,-7.3437587119999534,0],[112.33254611100006,-7.3437592029999337,0],[112.33256162500004,-7.3437595149999311,0],[112.33258002600007,-7.3437598849999404,0],[112.33258050800009,-7.3437598949999483,0],[112.33259904200008,-7.3437614029999736,0],[112.33261692500002,-7.3437628579999341,0],[112.33263342500004,-7.3437641999999528,0],[112.33265357100004,-7.3437658389999569,0],[112.33266953300006,-7.3437671379999756,0],[112.33269115700011,-7.3437688969999613,0],[112.33270742600007,-7.3437702209999429,0],[112.33272904900002,-7.3437719799999286,0],[112.33274466500006,-7.3437732499999697,0],[112.33276899600003,-7.3437752299999488,0],[112.33278398500011,-7.3437764489999608,0],[112.3328050130001,-7.3437781599999425,0],[112.33282419800003,-7.3437797209999758,0],[112.33283551900001,-7.3437806419999561,0],[112.3328574410001,-7.3437824259999616,0],[112.33287577400006,-7.3437839179999287,0],[112.33289972300008,-7.343785865999962,0],[112.33290754000006,-7.3437865019999435,0],[112.33294416400008,-7.3437894819999769,0],[112.33295048800005,-7.3437899969999307,0],[112.33299038600001,-7.3437932429999364,0],[112.3329992670001,-7.3437939659999643,0],[112.33302736600001,-7.3437962519999473,0],[112.33304370400003,-7.343797580999933,0],[112.33304671600001,-7.3437978259999568,0],[112.33307670000011,-7.3438002649999703,0],[112.33307728600005,-7.3438003129999743,0],[112.33311423700002,-7.3438033189999601,0],[112.33312263800008,-7.3438040019999562,0],[112.33313746400006,-7.3438052079999352,0],[112.33313910000004,-7.3438053339999669,0],[112.33314000000007,-7.3438099999999622,0],[112.33329000000003,-7.344069999999931,0],[112.33345000000008,-7.3442799999999693,0],[112.33377000000007,-7.344669999999951,0],[112.33423000000005,-7.3450999999999453,0],[112.33459000000005,-7.3453399999999647,0],[112.33482000000004,-7.3455799999999272,0],[112.33511802500004,-7.3456238529999496,0],[112.33530362300007,-7.3456000589999348,0],[112.33536447300003,-7.3457523849999689,0],[112.33546733700007,-7.3457505749999541,0],[112.33550000000002,-7.3457499999999527,0],[112.33569000000011,-7.3456999999999653,0],[112.33598000000006,-7.3457199999999716,0],[112.33651000000009,-7.345739999999978,0],[112.3370900000001,-7.345739999999978,0],[112.33766000000003,-7.3457499999999527,0],[112.3380800000001,-7.3457599999999275,0],[112.33853000000011,-7.3458299999999781,0],[112.33913000000007,-7.345929999999953,0],[112.33953000000008,-7.3459499999999593,0],[112.33981000000006,-7.345929999999953,0],[112.34006000000011,-7.3458899999999403,0],[112.34015000000011,-7.3456599999999526,0],[112.34028000000001,-7.3453699999999458,0],[112.34063000000003,-7.3453399999999647,0],[112.34080508000011,-7.3453077479999251,0],[112.3410100000001,-7.3452699999999709,0],[112.34205000000009,-7.3448899999999639,0],[112.34224963800011,-7.3448234539999362,0],[112.34225715400009,-7.344823617999964,0],[112.34225810700002,-7.3448236389999693,0],[112.3422600560001,-7.3448236819999693,0],[112.34226221000006,-7.344823728999927,0],[112.34226312400006,-7.3448231209999335,0],[112.34226362300001,-7.3448227889999771,0],[112.34226809300003,-7.3448198129999582,0],[112.34227273900001,-7.3448167199999261,0],[112.34227330100009,-7.3448163459999591,0],[112.34227564300011,-7.3448147859999722,0],[112.34227914300004,-7.3448124559999428,0],[112.3422857380001,-7.3448080649999383,0],[112.3422977460001,-7.3448000699999625,0],[112.34233173400003,-7.3447774409999624,0],[112.34235682500002,-7.3447607359999552,0],[112.34241213200005,-7.3447239139999283,0],[112.34246058000008,-7.3446916589999773,0],[112.34247112900005,-7.3446846689999461,0],[112.34250805200008,-7.3446602039999789,0],[112.34255096700008,-7.3446317689999319,0],[112.34259141100006,-7.344604970999967,0],[112.34261315400011,-7.3445905639999296,0],[112.34267715600004,-7.3445721639999419,0],[112.34277937200011,-7.3445427779999477,0],[112.34282631300005,-7.3445292829999289,0],[112.34288019500002,-7.344513792999976,0],[112.34292596700004,-7.3445099479999385,0],[112.34292637600004,-7.3445097279999345,0],[112.34296412300012,-7.3444894679999493,0],[112.34301339800004,-7.3444926369999735,0],[112.34315514600007,-7.344501753999964,0],[112.34320672900003,-7.3445050719999472,0],[112.34337538900002,-7.3445159199999352,0],[112.34342355700005,-7.3445190179999713,0],[112.34348292300001,-7.3445228359999533,0],[112.34358642800009,-7.3445397759999764,0],[112.34362432400007,-7.3445459779999283,0],[112.34381200600001,-7.3445766939999544,0],[112.34385275200009,-7.3445833629999697,0],[112.34401046400001,-7.3446091739999702,0],[112.3440677960001,-7.3446185569999329,0],[112.3441939920001,-7.3446392099999684,0],[112.34422296700006,-7.3446439519999558,0],[112.34425398900009,-7.3446525089999568,0],[112.34441848500001,-7.3446978829999807,0],[112.34444613000005,-7.3447055079999473,0],[112.34462592800003,-7.3447551019999651,0],[112.34469657000011,-7.3447745879999502,0],[112.34480760000008,-7.3448052139999618,0],[112.34487770500004,-7.344824550999931,0],[112.34498964300008,-7.3448554269999704,0],[112.34508620500003,-7.3448820619999537,0],[112.34510834300011,-7.3448881679999545,0],[112.34514612400005,-7.3448985889999676,0],[112.34516466200012,-7.3449031739999668,0],[112.34527507600001,-7.3449304819999384,0],[112.3453292370001,-7.3449438769999347,0],[112.34538185400004,-7.3449572809999495,0],[112.34562456800006,-7.3450191099999529,0],[112.34573359400008,-7.3450468829999522,0],[112.34579620700003,-7.345062832999929,0],[112.34588228300004,-7.3449417999999582,0],[112.34593396900004,-7.3448640299999397,0],[112.34598097300011,-7.3447933059999286,0],[112.34599361900007,-7.3447742779999317,0],[112.34602534300006,-7.3447265439999683,0],[112.34606084400002,-7.3447131559999548,0],[112.34621626400008,-7.3446545429999333,0],[112.34667062100004,-7.3445814799999312,0],[112.34698150400004,-7.3444374199999629,0],[112.34712226600004,-7.3442013099999599,0],[112.34712411800001,-7.3441982039999516,0],[112.34710491100009,-7.3441223459999492,0],[112.34705162600005,-7.3439118949999624,0],[112.34698304800008,-7.3436956679999525,0],[112.3469306720001,-7.3435305239999593,0],[112.34688164800002,-7.3431248859999414,0],[112.3469041840001,-7.3426712029999521,0],[112.34699865100004,-7.3421937059999323,0],[112.34721218900006,-7.3415963229999761,0],[112.34728317400004,-7.3413575039999728,0],[112.34773879000011,-7.3409346189999383,0],[112.34777100500003,-7.3408002079999619,0],[112.34782369800007,-7.3405803579999542,0],[112.34786795200012,-7.3403957169999785,0],[112.34789703300009,-7.3402806209999767,0],[112.34793450600012,-7.3402484109999477,0],[112.34801486000003,-7.3402187849999336,0],[112.34815946500009,-7.3401701589999675,0],[112.34826390300009,-7.3401270789999558,0],[112.34834680900008,-7.3400519659999759,0],[112.34841592300006,-7.3398618859999374,0],[112.34842902100002,-7.339746747999925,0],[112.34842225700004,-7.3397080699999719,0],[112.34829342100011,-7.3396357629999329,0],[112.34828210000001,-7.339629069999944,0],[112.34804859500002,-7.3394910189999791,0],[112.34804845300005,-7.3394440029999259,0],[112.34849351100002,-7.3383934859999727,0],[112.3486032190001,-7.3380913499999565,0],[112.34857639100005,-7.3380620449999583,0],[112.34856027700005,-7.3380433769999627,0],[112.34855476200005,-7.3379980049999745,0],[112.34859468000002,-7.3379096399999639,0],[112.34864535100007,-7.3378453829999444,0],[112.34870960300009,-7.3378264739999395,0],[112.34877634200006,-7.3377407409999478,0],[112.34887469000012,-7.3375106999999389,0],[112.34894405300008,-7.3374035299999605,0],[112.34898963100011,-7.3374087279999571,0],[112.3490217960001,-7.3374247249999485,0],[112.34905669000011,-7.3374540049999268,0],[112.34911294000005,-7.3374564589999522,0],[112.34913436000011,-7.337451059999978,0],[112.34916647900002,-7.3374269129999448,0],[112.34920657900011,-7.3374241699999629,0],[112.34922807200007,-7.3374428219999572,0],[112.34924959700004,-7.3374721419999673,0],[112.34932994700011,-7.3374665659999323,0],[112.34939766800005,-7.3374339039999654,0],[112.34944834500004,-7.3373965909999583,0],[112.34959710800001,-7.3373150409999539,0],[112.34972225100012,-7.3372775049999746,0],[112.34986431900006,-7.3372297899999808,0],[112.35001250500011,-7.3372296159999451,0],[112.35011958100006,-7.3372441229999481,0],[112.35026986800005,-7.3372718809999355,0],[112.350421729,-7.3373263069999552,0],[112.35052449200009,-7.337372018999929,0],[112.35073475200011,-7.3374975169999743,0],[112.35080849300005,-7.3375044379999395,0],[112.35094649600001,-7.3375206589999493,0],[112.35100591300011,-7.3375086359999386,0],[112.35106761000009,-7.3374846709999701,0],[112.35108654200008,-7.3374466399999392,0],[112.35109356900011,-7.3373992409999573,0],[112.35109332500008,-7.3373185009999702,0],[112.35114777000001,-7.33724247899994,0],[112.35120221400007,-7.3371663659999626,0],[112.35131844400007,-7.3370711699999447,0],[112.35138490300005,-7.3370163599999501,0],[112.3515011830001,-7.3369377099999724,0],[112.35158672800003,-7.3369208159999744,0],[112.35172217600007,-7.3368825249999645,0],[112.35184442900004,-7.3368772749999493,0],[112.3519608150001,-7.3368337959999508,0],[112.35208281000007,-7.3367677879999746,0],[112.35224803900007,-7.3366979419999439,0],[112.3522836840001,-7.336679027999935,0],[112.3522930040001,-7.3366489819999288,0],[112.35228718600001,-7.3366021649999311,0],[112.35229463300004,-7.3365696799999682,0],[112.35229831700008,-7.3365533969999319,0],[112.35233206700002,-7.3365251759999524,0],[112.35236960200007,-7.3365137609999351,0],[112.3524128250001,-7.3365061269999501,0],[112.35247863200004,-7.3365078279999807,0],[112.35253500600004,-7.3365020519999575,0],[112.35259690400005,-7.3364705819999472,0],[112.35262857200007,-7.3364452609999375,0],[112.35267289300009,-7.3364302989999715,0],[112.35270883100009,-7.3364344409999376,0],[112.35273849100008,-7.3364617469999303,0],[112.35276398300005,-7.3365186319999793,0],[112.35279399800004,-7.3366387039999381,0],[112.3528131920001,-7.3367124249999733,0],[112.35282594000012,-7.336729203999937,0],[112.35285260000001,-7.3367462049999403,0],[112.35288520900008,-7.3367669999999521,0],[112.35291435300007,-7.3367696709999564,0],[112.35297404100004,-7.3367751409999755,0],[112.35305859200002,-7.3368002029999388,0],[112.35310098100001,-7.3368380489999367,0],[112.35316035200003,-7.336909569999932,0],[112.35320491400012,-7.3369494899999381,0],[112.35325348900005,-7.3369527579999385,0],[112.35326408100002,-7.3369534709999584,0],[112.35328838800001,-7.3369393829999581,0],[112.35332628300011,-7.3368989439999268,0],[112.35338544700005,-7.3368276989999686,0],[112.35346819300003,-7.3366757329999359,0],[112.35353688500004,-7.3366186549999384,0],[112.35362707800005,-7.3365827589999526,0],[112.35368162900011,-7.3365423599999531,0],[112.35370281900009,-7.336485424999978,0],[112.3536932400001,-7.3364546219999625,0],[112.35367651900003,-7.3364333349999811,0],[112.35361932300009,-7.3363647909999372,0],[112.35356689000002,-7.3363151299999458,0],[112.35352633900004,-7.3362678749999759,0],[112.35350954,-7.3362204569999676,0],[112.35350942600007,-7.3361825739999631,0],[112.35353078300011,-7.3361564699999349,0],[112.35359004700001,-7.3361183169999435,0],[112.35363990400003,-7.3361063219999778,0],[112.35370406200002,-7.3361061289999725,0],[112.35378013200011,-7.3361177439999778,0],[112.35384442000009,-7.3361602269999366,0],[112.35392067600003,-7.3362335039999493,0],[112.35398268900008,-7.3363138779999417,0],[112.35400671200011,-7.3364038589999723,0],[112.35403059300006,-7.3364464629999588,0],[112.35408046400005,-7.3364392599999633,0],[112.35414441500006,-7.3363702619999458,0],[112.35425630700001,-7.3363227279999705,0],[112.35434183500001,-7.3363251819999391,0],[112.35440857500009,-7.3363143119999563,0],[112.35444325000003,-7.3362955819999343,0],[112.35446709000007,-7.3362261619999458,0],[112.35451194600012,-7.3360422119999384,0],[112.35454091200006,-7.3359141869999576,0],[112.35457016000009,-7.3358794699999521,0],[112.35459412200009,-7.3358501029999275,0],[112.35460464100004,-7.3357967259999555,0],[112.35459921000006,-7.3357541569999398,0],[112.35462050600006,-7.3357327549999809,0],[112.35471132900011,-7.3357324809999795,0],[112.35473806800007,-7.3357323999999267,0],[112.35479677400008,-7.3357322229999795,0],[112.35493011400001,-7.3357379699999683,0],[112.35498620600004,-7.3357378009999366,0],[112.35505025700002,-7.3357269379999366,0],[112.35511960400004,-7.3357134379999707,0],[112.3551890010001,-7.3356918909999536,0],[112.35522363500002,-7.3356597799999577,0],[112.35524750500008,-7.3356250789999535,0],[112.35525001700012,-7.3355664819999333,0],[112.35525773500001,-7.3354759529999569,0],[112.35529759300005,-7.335393192999959,0],[112.3553145090001,-7.3352569769999718,0],[112.35535005700001,-7.3351071419999698,0],[112.35544581800002,-7.335011012999928,0],[112.35550199800002,-7.3349257329999773,0],[112.35556834400006,-7.3348250209999719,0],[112.35563688600007,-7.3346690279999507,0],[112.35574447300007,-7.334507040999938,0],[112.35588897800005,-7.3342783069999768,0],[112.35594966000008,-7.3342894259999412,0],[112.35600277100002,-7.3342665709999437,0],[112.35605955800008,-7.3342248089999771,0],[112.35616947300002,-7.334190390999936,0],[112.35653342300009,-7.3340870329999461,0],[112.35676138400004,-7.334027530999947,0],[112.35676306800008,-7.3340270899999496,0],[112.35659300000009,-7.3339479999999639,0],[112.35608100000002,-7.3337180009999656,0],[112.35565800100005,-7.3335220009999489,0],[112.35519300100009,-7.3332100009999408,0],[112.35474300100009,-7.332952999999975,0],[112.35422200000005,-7.3326099999999315,0],[112.35373600000003,-7.3321859999999788,0],[112.35324600000001,-7.3318480019999583,0],[112.35289400000011,-7.3315019999999436,0],[112.35244658100009,-7.331113711999933,0],[112.3524400010001,-7.331107999999972,0],[112.35198899900001,-7.3305889999999749,0],[112.35159400000009,-7.3300369999999475,0],[112.35095900100009,-7.3288989999999785,0],[112.35060700100007,-7.3283209999999599,0],[112.35020600000007,-7.3277759999999716,0],[112.35007500000006,-7.3276649999999677,0],[112.35000200000002,-7.3276009999999587,0],[112.34987100000001,-7.3275459999999271,0],[112.34986542600006,-7.3275453219999349,0],[112.3498547160001,-7.3275472739999259,0],[112.34983241400005,-7.3275513399999568,0],[112.34978332200001,-7.3275760219999597,0],[112.34978301100011,-7.3275774709999268,0],[112.34977411000011,-7.3275806559999523,0],[112.34975217100009,-7.3275916839999695,0],[112.34972101900007,-7.3276073469999687,0],[112.34962646500003,-7.3276548869999374,0],[112.34960504800006,-7.3276649209999505,0],[112.34954453700004,-7.3276932699999406,0],[112.34952905200009,-7.3277005239999653,0],[112.34931646700011,-7.32780011899996,0],[112.34928474300011,-7.3278149819999499,0],[112.3492593200001,-7.3278224649999402,0],[112.34912138300001,-7.3278630709999675,0],[112.34905993100006,-7.3278811589999577,0],[112.34901536300003,-7.3278859349999266,0],[112.34899724100001,-7.3278878769999665,0],[112.348851964,-7.3279034489999617,0],[112.34821721000003,-7.3279714859999672,0],[112.3481939620001,-7.327973978999978,0],[112.34784331600008,-7.3280115619999719,0],[112.34752942200009,-7.3280733249999344,0],[112.34730918200012,-7.3282264789999658,0],[112.34727288900001,-7.3282605029999672,0],[112.34725405400002,-7.3282848319999516,0],[112.34717262400011,-7.3283900109999536,0],[112.34706155100002,-7.3285123729999668,0],[112.34695037100005,-7.3285988449999309,0],[112.34680675200002,-7.3286567019999325,0],[112.34672106500011,-7.3286569569999642,0],[112.34664000000009,-7.3287109999999416,0],[112.34661294200009,-7.3287231299999576,0],[112.34646600000008,-7.328788999999972,0],[112.34629100000006,-7.3287989999999468,0],[112.34623186500005,-7.3287924029999658,0],[112.34603999900003,-7.3287709999999606,0],[112.34576799900003,-7.3287329999999429,0],[112.34563300000002,-7.3286850009999398,0],[112.34552600000006,-7.3286369999999579,0],[112.34547700000007,-7.328531001999977,0],[112.3454670000001,-7.3284049999999752,0],[112.34551500000009,-7.3282409999999345,0],[112.34557952000011,-7.3281011839999337,0],[112.34524091200001,-7.3279615089999766,0],[112.34497814700001,-7.3278474439999286,0],[112.34469721500011,-7.3276688299999364,0],[112.34442351500002,-7.3275045489999684,0],[112.34429381100006,-7.3274080289999688,0],[112.34408506500006,-7.3273261019999723,0],[112.34392320300003,-7.3272942839999473,0],[112.34383877300002,-7.3272995949999427,0],[112.34374349500001,-7.3273055889999341,0],[112.34357832900002,-7.3273706849999485,0],[112.3435320960001,-7.3274171219999289,0],[112.34346722300006,-7.3274822799999697,0],[112.3434226820001,-7.3275601569999367,0],[112.34338497300007,-7.327626089999967,0],[112.34332059900009,-7.327737544999934,0],[112.34325988600006,-7.327870523999934,0],[112.34314170800008,-7.3280216179999798,0],[112.34288389300002,-7.3283597649999592,0],[112.34264023100002,-7.3286224989999482,0],[112.34251123700005,-7.3287628589999372,0],[112.34240004600008,-7.3288457399999629,0],[112.34223837500008,-7.328878523999947,0],[112.34205139100004,-7.328861136999933,0],[112.34190026900001,-7.3288149289999751,0],[112.34187701700012,-7.3287982669999678,0],[112.34177057700003,-7.3287219999999706,0],[112.34166231500001,-7.3285823459999619,0],[112.34155397500001,-7.3284175699999423,0],[112.34142684700009,-7.3279800799999748,0],[112.34141503000001,-7.3278722389999302,0],[112.34138989000007,-7.3276428099999293,0],[112.3413315040001,-7.3273522669999807,0],[112.34124811400011,-7.3271156339999379,0],[112.3410454970001,-7.3266783649999638,0],[112.3409731700001,-7.3265350159999798,0],[112.34091540800011,-7.3264526389999673,0],[112.34079294900005,-7.3263740429999302,0],[112.34062375700012,-7.3262955859999579,0],[112.34057832500002,-7.326277599999969,0],[112.34047979400009,-7.3262385899999458,0],[112.34040515100003,-7.3262239179999256,0],[112.34028196100007,-7.3261996989999716,0],[112.34011658100007,-7.3261930129999655,0],[112.33994402900009,-7.3261935289999656,0],[112.33967441000004,-7.3261907429999269,0],[112.33949175100008,-7.3261667439999769,0],[112.3394874060001,-7.3261661739999795,0],[112.33941869600005,-7.3261538449999648,0],[112.33941696200009,-7.3261539959999595,0],[112.33927256900006,-7.3261444269999743,0],[112.33900221400006,-7.3261265119999734,0],[112.33844850700007,-7.3259410149999553,0],[112.33836731600002,-7.3258747899999435,0],[112.33823704400004,-7.3257685359999414,0],[112.33817306300011,-7.3257272359999774,0],[112.33789785600004,-7.3255495859999655,0],[112.33781737600009,-7.3254976349999765,0],[112.33743717000004,-7.3253303359999791,0],[112.33737387400004,-7.3253139129999454,0],[112.33735346800006,-7.3253086179999514,0],[112.33716976200003,-7.325260951999951,0],[112.33715928900006,-7.3252596779999521,0],[112.33715700000005,-7.32525899999996,0],[112.33702200000005,-7.3252409999999486,0],[112.33701047400007,-7.3252415599999381,0],[112.33694467000009,-7.3252335489999609,0],[112.33684463700001,-7.3252472629999374,0],[112.33666628300011,-7.3252342149999663,0],[112.33635376100005,-7.3253105139999661,0],[112.33598016000008,-7.3253977629999554,0],[112.33594986100002,-7.3254105299999424,0],[112.3358257750001,-7.325462823999942,0],[112.33564978000004,-7.3255135939999718,0],[112.33548806700003,-7.3255320209999581,0],[112.33535145400003,-7.3255288359999327,0],[112.33522557400011,-7.3255076749999262,0],[112.33517748400004,-7.3254830209999682,0],[112.33512116400004,-7.3254541479999489,0],[112.33505260600009,-7.3253682139999796,0],[112.33498032500006,-7.3252392179999788,0],[112.33493303800003,-7.3250527239999315,0],[112.33490369200001,-7.3248554089999516,0],[112.33488842300005,-7.3247790029999464,0],[112.33488339100006,-7.3247538199999553,0],[112.33486355200012,-7.3246545389999369,0],[112.33481271100004,-7.3244824099999732,0],[112.33470094100005,-7.3243714779999323,0],[112.33457141200006,-7.3243323829999554,0],[112.33426500100006,-7.323716999999931,0],[112.33414081900003,-7.3226028709999582,0],[112.33413924100012,-7.3212024969999447,0],[112.33409286100004,-7.3192443679999428,0],[112.33352431000003,-7.3174260169999457,0],[112.33263053500002,-7.316693761999943,0],[112.33188050900003,-7.3163100759999793,0],[112.33075026600011,-7.3155070049999722,0],[112.32973899400008,-7.3146147069999756,0],[112.32902515500007,-7.3137818959999663,0],[112.32851952100009,-7.3128895989999592,0],[112.32822809100003,-7.31219017199993,0],[112.32792465400007,-7.3114619219999781,0],[112.32765500100004,-7.310199000999944,0],[112.32814646700001,-7.3075809499999309,0],[112.32837406500005,-7.3068455279999398,0],[112.32896893000009,-7.3048229859999765,0],[112.32911764700009,-7.3027112159999774,0],[112.32938533700008,-7.3000938069999393,0],[112.32933654200008,-7.296983584999964,0],[112.32926946600003,-7.2961798159999489,0],[112.32919468300008,-7.2947809409999422,0],[112.32966751700008,-7.2931382849999409,0],[112.32957436700008,-7.2907776479999598,0],[112.32985553100002,-7.2901942739999299,0],[112.32989058600003,-7.2901673069999333,0],[112.33024120300001,-7.289972450999926,0],[112.33047447100012,-7.2898499849999325,0],[112.33064105500011,-7.289783315999955,0],[112.33061097300003,-7.2896131129999731,0],[112.33038254500002,-7.2889421049999328,0],[112.33011128600003,-7.2885851859999775,0],[112.32984002800004,-7.287842793999971,0],[112.32902625300005,-7.28779282499994,0],[112.32898342200008,-7.2866578229999277,0],[112.32908336000003,-7.2864722239999651,0],[112.32921185000009,-7.2862580729999422,0],[112.32938317100002,-7.2857583859999409,0],[112.32955449200006,-7.2850302729999612,0],[112.32964015300001,-7.2842022189999511,0],[112.32932606300005,-7.2840594529999407,0],[112.32928323300007,-7.2838167459999568,0],[112.32916901900001,-7.2821320889999583,0],[112.32889776100001,-7.280647303999956,0],[112.32854084100006,-7.2797335909999674,0],[112.32788411100012,-7.2790340289999449,0],[112.32691329000011,-7.2779918269999371,0],[112.32658686000002,-7.2777910229999634,0],[112.3265647820001,-7.2777450039999394,0],[112.32645300000001,-7.2775119999999447,0],[112.32625100100006,-7.2769120019999605,0],[112.32603000000006,-7.2763250009999751,0],[112.32589200000007,-7.275810999999976,0],[112.32578000000001,-7.275338999999974,0],[112.32568700100001,-7.2746239999999602,0],[112.32564907400001,-7.274384553999937,0],[112.32562000000007,-7.274201001999927,0],[112.32548200000008,-7.2736930019999591,0],[112.32544699800007,-7.2735975559999702,0],[112.32532100000003,-7.2732539999999517,0],[112.32512900000006,-7.2728530009999304,0],[112.32488000000001,-7.2723670019999531,0],[112.32467400000007,-7.2718849999999406,0],[112.32434000100011,-7.2712689999999611,0],[112.32423238000001,-7.2709638699999459,0],[112.32372700000008,-7.2695309999999722,0],[112.32366646700007,-7.2693526509999629,0],[112.3235780010001,-7.2690920019999794,0],[112.32342800000004,-7.2685840019999546,0],[112.32325600000001,-7.2679519999999798,0],[112.32313900000008,-7.2675310019999415,0],[112.32302100000004,-7.2670529999999758,0],[112.3229530000001,-7.2665989999999283,0],[112.32280500000002,-7.2661660019999772,0],[112.32266100100003,-7.2656709999999407,0],[112.32257500000003,-7.2652239999999324,0],[112.32230100000004,-7.2637829999999326,0],[112.32222500000012,-7.2632539999999608,0],[112.3221860000001,-7.2629490019999707,0],[112.32215300000007,-7.2624069999999392,0],[112.32210000000009,-7.2617719999999508,0],[112.32210800000007,-7.2613349999999741,0],[112.32209900100008,-7.2607679999999277,0],[112.32205900100007,-7.2601449999999659,0],[112.32198800000003,-7.2595789999999738,0],[112.32193400000006,-7.258899999999926,0],[112.32174700100006,-7.258406999999977,0],[112.3215550000001,-7.2572619999999688,0],[112.32130600000005,-7.2565880009999546,0],[112.32114100100011,-7.2559809999999629,0],[112.32102100000009,-7.255427999999938,0],[112.32091800000001,-7.2548069999999711,0],[112.32082700000001,-7.2541730019999591,0],[112.32078400000012,-7.2537309999999593,0],[112.32084700000007,-7.2532550019999462,0],[112.32094900100003,-7.2525849999999537,0],[112.32102800000007,-7.2519769999999539,0],[112.32104200000003,-7.2513220009999486,0],[112.32103100000006,-7.2508729999999559,0],[112.32095300000003,-7.2505250019999608,0],[112.32082100000002,-7.2502229999999486,0],[112.32079700000008,-7.2501350019999791,0],[112.32074892000003,-7.2500042229999622,0],[112.32074699900011,-7.2499990019999814,0],[112.3206120000001,-7.2496359999999527,0],[112.32011377100002,-7.2488646739999467,0],[112.32010299900003,-7.2488480019999315,0],[112.31978200000003,-7.2484409999999571,0],[112.31946600100002,-7.2479959999999437,0],[112.31923500000005,-7.2474789999999416,0],[112.31884682200007,-7.2463545579999504,0],[112.31880910600012,-7.246245306999981,0],[112.3188090000001,-7.2462449999999308,0],[112.31863788100009,-7.2458614709999551,0],[112.31843600000002,-7.2454089999999383,0],[112.31792800000005,-7.2446579999999585,0],[112.31753400100001,-7.2443099999999276,0],[112.31702700100004,-7.2439589999999612,0],[112.31657700100004,-7.2436249999999518,0],[112.31596522900008,-7.243364584999938,0],[112.31465300000002,-7.2428059999999732,0],[112.31394900000009,-7.2425249999999437,0],[112.31349199900001,-7.242178001999946,0],[112.31304299900012,-7.2418509999999401,0],[112.31296158300006,-7.2417598989999306,0],[112.31246300100008,-7.2412020009999765,0],[112.31198100000006,-7.2406570019999776,0],[112.31161400000008,-7.2401949999999715,0],[112.31120900000008,-7.2396969999999783,0],[112.31078500100011,-7.2390319999999519,0],[112.31077609100009,-7.2390181629999688,0],[112.3104740010001,-7.2385490009999671,0],[112.31018343100004,-7.2379784119999613,0],[112.31017129100007,-7.2379545699999426,0],[112.31017100000008,-7.2379539999999452,0],[112.30981500000007,-7.2374159999999392,0],[112.30913600000008,-7.2368029989999627,0],[112.30831200000011,-7.2361510009999392,0],[112.30814585500002,-7.2359322409999436,0],[112.30795200000011,-7.2356769999999528,0],[112.30772300100011,-7.2354159989999403,0],[112.30750108300003,-7.234974164999926,0],[112.30750100000012,-7.2349739999999656,0],[112.3074915520001,-7.2349354569999491,0],[112.30736300000001,-7.234410999999966,0],[112.30722900000001,-7.2338029999999662,0],[112.30708026200011,-7.2332816919999345,0],[112.3069220000001,-7.2327269999999544,0],[112.30672462300004,-7.2315880469999456,0],[112.30672462300004,-7.2306600589999448,0],[112.30645775200003,-7.2297453999999561,0],[112.3060821680001,-7.2279712659999404,0],[112.3052017660001,-7.224973145999968,0],[112.30432136600007,-7.223259933999941,0],[112.30365511700006,-7.2219750249999493,0],[112.30308404600009,-7.2213563649999628,0],[112.30284211900005,-7.221205159999954,0],[112.30251297600012,-7.2209994479999295,0],[112.30153959400002,-7.2207320259999506,0]]]]},"properties":{"OBJECTID":3940,"NAMOBJ":"Sambeng","FCODE":"BA03070040","REMARK":null,"METADATA":"TASWIL1000020260612KECAMATAN_AR","SRS_ID":"4326","KDBBPS":null,"KDCBPS":null,"KDCPUM":"35.24.11","KDEBPS":null,"KDEPUM":null,"KDPBPS":null,"KDPKAB":"35.24","KDPPUM":"35","LUASWH":150.82946812620503,"TIPADM":3,"WADMKC":"Sambeng","WADMKD":null,"WADMKK":"Lamongan","WADMPR":"Jawa Timur","WIADKC":null,"WIADKK":null,"WIADPR":null,"WIADKD":null,"UUPP":null,"SHAPE_Length":0.64563396964810615,"SHAPE_Area":0.012350965355490887}}]}