{"type":"FeatureCollection","features":[{"type":"Feature","id":3819,"geometry":{"type":"Polygon","coordinates":[[[112.05202147500006,-7.5446434009999734,0],[112.05194057400001,-7.5445958109999651,0],[112.05177828000001,-7.5446364169999356,0],[112.05170557800011,-7.5451188859999547,0],[112.05153816800009,-7.5453047429999742,0],[112.05143980100001,-7.5454097849999471,0],[112.05130795600007,-7.5455505769999718,0],[112.05094316700001,-7.5459253549999517,0],[112.05085056400003,-7.5461059889999547,0],[112.05028830200001,-7.546549028999948,0],[112.05028768800003,-7.5465489929999308,0],[112.05028522800001,-7.5465514519999601,0],[112.04996092800002,-7.5468907719999265,0],[112.04988021800011,-7.5470070319999536,0],[112.04978626100001,-7.5471248119999359,0],[112.04951233500003,-7.5475173209999298,0],[112.04939829500006,-7.5476446209999608,0],[112.04922271900011,-7.5477938499999482,0],[112.04910107500007,-7.5478972399999407,0],[112.04886146900003,-7.5481008909999332,0],[112.04844546300001,-7.5482246189999387,0],[112.04834914000003,-7.54825326699995,0],[112.04814887600003,-7.548243270999933,0],[112.04811849400005,-7.548241753999946,0],[112.04809183700002,-7.5482391489999259,0],[112.04768823900008,-7.5481996889999436,0],[112.04752125000005,-7.5481833629999642,0],[112.04693889100008,-7.548135446999936,0],[112.04687126100009,-7.5481298819999552,0],[112.04666510300001,-7.5481590919999348,0],[112.04654768000012,-7.5481919169999401,0],[112.04616480700008,-7.5476897169999688,0],[112.04615797500003,-7.5476807549999307,0],[112.04606925900009,-7.5476339949999556,0],[112.0458986320001,-7.547544061999929,0],[112.04585064100002,-7.5475187679999749,0],[112.04552879400001,-7.5473041699999612,0],[112.0453989340001,-7.5471513309999523,0],[112.04533144600009,-7.5470079149999378,0],[112.04533082600005,-7.546749474999956,0],[112.04529944400008,-7.5466123229999766,0],[112.04529689700007,-7.5466011919999687,0],[112.04526985000007,-7.546561234999956,0],[112.04526722100002,-7.5465491309999493,0],[112.04525354600003,-7.5465371489999598,0],[112.04519582300009,-7.5464518729999668,0],[112.04512355300005,-7.546314448999965,0],[112.04513230200007,-7.5462127269999542,0],[112.04518882200011,-7.5460331189999579,0],[112.04519147600001,-7.545889534999958,0],[112.04514026700008,-7.5457849649999389,0],[112.0451298270001,-7.5457759349999378,0],[112.04509626700008,-7.5457469069999661,0],[112.04504715100006,-7.5457044239999504,0],[112.04499525200004,-7.5456847639999296,0],[112.04494514400005,-7.5456657829999472,0],[112.04480726700001,-7.5456691029999661,0],[112.04474738700003,-7.5456937159999597,0],[112.04474138800003,-7.5456961819999719,0],[112.04463798000006,-7.5457218439999565,0],[112.04458468200005,-7.5457350719999567,0],[112.04454666700008,-7.5457445059999486,0],[112.04437282000004,-7.545747912999957,0],[112.04432860600002,-7.5457420579999734,0],[112.04427731700002,-7.5457450649999487,0],[112.04425498000001,-7.545744003999971,0],[112.04416079700002,-7.5457395299999348,0],[112.04405116300006,-7.5457463719999396,0],[112.04403759900003,-7.5457472179999741,0],[112.04397342200002,-7.5457699939999543,0],[112.0438664080001,-7.5458025109999767,0],[112.04372601200009,-7.5458107769999287,0],[112.04370995000011,-7.5458088119999616,0],[112.04364819600005,-7.5458012589999726,0],[112.04360607800004,-7.5457961079999336,0],[112.04358478200004,-7.545786393999947,0],[112.04345603900003,-7.5457276679999268,0],[112.04329993400006,-7.5456293299999402,0],[112.04321529100002,-7.5455926169999543,0],[112.04320391400006,-7.5455876829999511,0],[112.0430697700001,-7.5455770399999551,0],[112.0430480010001,-7.5455885389999366,0],[112.04303881800001,-7.5456008189999579,0],[112.04295937600011,-7.5456618489999414,0],[112.04285799100001,-7.5457826979999254,0],[112.04273040800001,-7.5459788259999527,0],[112.0425943250001,-7.5462304139999787,0],[112.04255169200007,-7.5463071729999456,0],[112.04247255200005,-7.5464496609999401,0],[112.04236863500012,-7.5466150239999479,0],[112.04236626700003,-7.5466193269999735,0],[112.04223612200008,-7.5468558339999277,0],[112.04208748700012,-7.5471355189999372,0],[112.04201876400009,-7.5472648329999288,0],[112.04198785900007,-7.547377375999929,0],[112.04193312400002,-7.5475521939999339,0],[112.04193050600009,-7.5476157599999283,0],[112.0419285910001,-7.5476622809999299,0],[112.04183285200008,-7.5476582449999796,0],[112.04182142200011,-7.5476577629999611,0],[112.04179428900011,-7.5476566189999517,0],[112.04179157700003,-7.5476692539999704,0],[112.04173262900008,-7.5479439229999343,0],[112.04169948600008,-7.5481234749999544,0],[112.04169482300006,-7.5481785249999689,0],[112.04169626800001,-7.5481955189999326,0],[112.04171456100005,-7.5484105959999397,0],[112.04172495000012,-7.5487431939999396,0],[112.04188322900006,-7.5487476029999812,0],[112.04188866300001,-7.5487575349999361,0],[112.04190292100009,-7.5487835949999749,0],[112.04192899200007,-7.5488312479999422,0],[112.04193839100003,-7.5488803139999732,0],[112.04195327500008,-7.5489580179999507,0],[112.04196726300006,-7.5489590419999786,0],[112.04211157200007,-7.5489696049999679,0],[112.04227217800008,-7.5490126949999308,0],[112.0422795400001,-7.5490146709999522,0],[112.04227368900001,-7.5491293169999381,0],[112.04227037900012,-7.5491941659999497,0],[112.04226592000009,-7.5493353619999652,0],[112.04226167700006,-7.5494012559999533,0],[112.04224577000002,-7.5496482599999695,0],[112.04259427900001,-7.5495312009999793,0],[112.04259827200008,-7.5499469709999403,0],[112.04255095700012,-7.5502162929999486,0],[112.04250924300004,-7.5503210859999399,0],[112.04242751300001,-7.5504887889999281,0],[112.04229849100011,-7.5506853199999568,0],[112.04210277100003,-7.5510686629999668,0],[112.04187867600001,-7.5516195809999545,0],[112.04172601700009,-7.5519597479999447,0],[112.04150169200011,-7.5524149479999778,0],[112.04138221500011,-7.5525923119999447,0],[112.04103287100008,-7.5529138029999672,0],[112.04070711800011,-7.5530725159999292,0],[112.04010921400004,-7.5531418999999573,0],[112.03959821300009,-7.5530497919999675,0],[112.03936772800012,-7.5529354769999486,0],[112.03906490800011,-7.5526562189999709,0],[112.03891319800005,-7.5523909599999683,0],[112.03879438600006,-7.5518432509999798,0],[112.03933279700004,-7.5513633759999266,0],[112.03969169800007,-7.5510275049999791,0],[112.03991217400005,-7.550800684999956,0],[112.03986121500009,-7.5505495439999777,0],[112.03985569300005,-7.5502456479999296,0],[112.03984729900003,-7.5501400439999315,0],[112.03984085900004,-7.5500590319999787,0],[112.03994409600011,-7.5496886479999716,0],[112.0400000730001,-7.5494508379999274,0],[112.04010271800007,-7.5492543689999252,0],[112.04016479100005,-7.5491393589999802,0],[112.04022440400001,-7.5489980309999396,0],[112.04032699100003,-7.5487776329999292,0],[112.0403376480001,-7.5487175539999498,0],[112.04036393300009,-7.5485693559999731,0],[112.04031978900002,-7.5483897849999266,0],[112.04021062700008,-7.5482502589999285,0],[112.04006733900007,-7.5481203679999567,0],[112.03984809400004,-7.5480692559999625,0],[112.03965947400002,-7.5480719589999694,0],[112.03960638500007,-7.5480727199999365,0],[112.03928592500006,-7.5481187979999618,0],[112.03909953900006,-7.548162566999963,0],[112.03883901300003,-7.5482708709999429,0],[112.03856641300001,-7.5483433079999713,0],[112.03846383700011,-7.5483885379999265,0],[112.03832087400008,-7.5484515749999446,0],[112.03809022400003,-7.5485179309999353,0],[112.03801656300004,-7.5485467879999533,0],[112.03791353600002,-7.5485871479999673,0],[112.0378707970001,-7.5485943599999814,0],[112.03780566900002,-7.5486053509999351,0],[112.03765275300009,-7.5485877679999476,0],[112.0375657190001,-7.5485431049999647,0],[112.03751178500011,-7.5485083039999381,0],[112.03744563300006,-7.5484656189999555,0],[112.03708726700006,-7.5484490359999654,0],[112.03704392200007,-7.5484470299999771,0],[112.03679936000003,-7.5484619679999696,0],[112.03676871500011,-7.5484685969999532,0],[112.03645869900004,-7.5485748979999698,0],[112.03631794500006,-7.5486290739999617,0],[112.0361892090001,-7.5486951859999749,0],[112.03612637500009,-7.5487431939999396,0],[112.03608453100003,-7.5487941439999418,0],[112.03604868900004,-7.5488480709999521,0],[112.03603679900004,-7.5488899769999307,0],[112.03602792000004,-7.5489378569999417,0],[112.03601318900007,-7.5490455759999691,0],[112.03601938400004,-7.5491293159999486,0],[112.03604652500007,-7.5491980489999264,0],[112.03605873600009,-7.5492907479999758,0],[112.03603198600001,-7.5493865309999251,0],[112.03598725800009,-7.5494853469999725,0],[112.03579643,-7.5497014549999335,0],[112.03562541400004,-7.5498451519999321,0],[112.03556868900012,-7.5499410049999369,0],[112.03554191100011,-7.5500248229999443,0],[112.03553009900008,-7.5500996319999558,0],[112.03553647900003,-7.5502611419999539,0],[112.03553664900005,-7.5503329309999572,0],[112.03553380900007,-7.5503987449999386,0],[112.03551892100006,-7.5504406569999674,0],[112.0354861190001,-7.550512524999931,0],[112.03547048500002,-7.5506394529999739,0],[112.0355026850001,-7.5507139409999695,0],[112.03550822400007,-7.5507267519999459,0],[112.03548438100006,-7.5507986969999479,0],[112.03548180000007,-7.5508064849999528,0],[112.03546953300008,-7.5508435019999638,0],[112.03544976700005,-7.550886921999961,0],[112.0354218220001,-7.5509483079999313,0],[112.03538672700006,-7.5509910399999285,0],[112.03533813400009,-7.5510502069999461,0],[112.03532719200007,-7.5510631739999781,0],[112.03523949300006,-7.5511670989999402,0],[112.03511783400006,-7.5512890789999574,0],[112.03500923200011,-7.551397968999936,0],[112.03492550100009,-7.5514819209999473,0],[112.03472964800005,-7.5516669089999482,0],[112.03470586500009,-7.5516987109999718,0],[112.03468555300003,-7.5517321889999494,0],[112.03459372900011,-7.5518835309999304,0],[112.03454312000008,-7.5520302209999386,0],[112.0345139420001,-7.5523653069999455,0],[112.03451704300005,-7.5523805959999777,0],[112.03453517300011,-7.5524699499999315,0],[112.03454318600006,-7.5525745199999506,0],[112.0345475470001,-7.5526314469999534,0],[112.03457473900005,-7.5527211189999548,0],[112.03461695300007,-7.552825711999958,0],[112.03461713800004,-7.5529034829999659,0],[112.03454828700001,-7.5529425319999746,0],[112.03454563300011,-7.5529520319999506,0],[112.03454444700003,-7.5529562799999326,0],[112.03452153700005,-7.5530383139999344,0],[112.0345211880001,-7.5530567389999419,0],[112.03451972500011,-7.5531339669999511,0],[112.03451887400001,-7.5531789079999498,0],[112.03453793800008,-7.5532255889999647,0],[112.03457013100001,-7.5533044179999251,0],[112.03459129100008,-7.5533791479999763,0],[112.03464637600007,-7.5533295789999784,0],[112.03469327500011,-7.5532873759999575,0],[112.03476918100012,-7.5532190699999546,0],[112.03478077300008,-7.5532652799999482,0],[112.0347563900001,-7.5534774679999259,0],[112.03476043600006,-7.5535329209999418,0],[112.03477188400007,-7.5536898079999446,0],[112.03477224700009,-7.553842359999976,0],[112.03472317100011,-7.5539615269999558,0],[112.03467290600008,-7.5540011299999605,0],[112.0345980940001,-7.5543064119999599,0],[112.03452329000004,-7.5546152829999755,0],[112.03444834100003,-7.5548631339999588,0],[112.03439089900007,-7.5549099329999763,0],[112.0343388550001,-7.5550775199999407,0],[112.03433735300007,-7.5550823549999677,0],[112.03433728900006,-7.5550840749999679,0],[112.03433058600001,-7.5552618439999719,0],[112.03426684700003,-7.5556855519999431,0],[112.03418944100008,-7.5557546459999685,0],[112.03417756900001,-7.5557652429999393,0],[112.0336781740001,-7.5562110079999343,0],[112.03348273200004,-7.5563929699999335,0],[112.03307519700002,-7.5567723929999602,0],[112.03302598400001,-7.556808038999975,0],[112.03257188700002,-7.5571369389999745,0],[112.03255810600001,-7.5571469219999585,0],[112.03196586400009,-7.5574923929999613,0],[112.03194026100005,-7.557507328999975,0],[112.03168326500008,-7.5575801119999255,0],[112.03148014100009,-7.5576376379999601,0],[112.03091950700002,-7.557854329999941,0],[112.03081626900007,-7.5578755369999726,0],[112.03011228800005,-7.5580201479999687,0],[112.0300710030001,-7.5580286279999314,0],[112.02872344100001,-7.5580940239999563,0],[112.02776879100009,-7.5581781769999452,0],[112.02761554800009,-7.5581916849999402,0],[112.02760976700006,-7.5581921949999469,0],[112.02760796400003,-7.5581923539999707,0],[112.02760777100002,-7.5581923709999614,0],[112.02743502400006,-7.5582125799999744,0],[112.02716319800004,-7.5582468289999269,0],[112.02689957900009,-7.5582800429999679,0],[112.02663823900002,-7.5583129699999745,0],[112.02593536600011,-7.5584880779999253,0],[112.02572379800006,-7.5585427219999701,0],[112.02554623900005,-7.5585885809999809,0],[112.02539641900012,-7.5586272769999709,0],[112.0250264120001,-7.5587403019999329,0],[112.02421739500005,-7.5591114969999467,0],[112.02307290200008,-7.5597241729999496,0],[112.02258389500003,-7.5599859499999411,0],[112.02240227200002,-7.560081175999926,0],[112.02201268100009,-7.5602854409999622,0],[112.02155596800003,-7.560524897999926,0],[112.02153032100011,-7.5605375479999566,0],[112.02102772700005,-7.5607854479999332,0],[112.02095965400008,-7.560811843999943,0],[112.02067794700008,-7.5609210779999785,0],[112.02035029600006,-7.5609721789999753,0],[112.02028890500003,-7.560981753999954,0],[112.01995697000007,-7.5611031059999618,0],[112.01962860500009,-7.5612815659999342,0],[112.01925383900004,-7.5615671009999801,0],[112.01922222500002,-7.5615997139999536,0],[112.01891476600008,-7.5619168819999345,0],[112.01879762100009,-7.562076144999935,0],[112.01859710800011,-7.5623487539999701,0],[112.01826874300002,-7.5631375449999609,0],[112.01821259500002,-7.5632616609999559,0],[112.01806529800001,-7.5635872639999775,0],[112.01789147000011,-7.5639919569999279,0],[112.01783687000011,-7.5641190729999721,0],[112.01783088200011,-7.5642687769999384,0],[112.01782259400011,-7.5644759919999274,0],[112.01771610600008,-7.5650004829999489,0],[112.01761226800011,-7.5655119259999424,0],[112.0175834580001,-7.5656538259999593,0],[112.01742641300007,-7.5661463739999704,0],[112.01726579900003,-7.5664711709999324,0],[112.01698822000003,-7.5668239279999625,0],[112.01692315800005,-7.5669066119999684,0],[112.01682564000009,-7.5669814749999773,0],[112.01678036200008,-7.5670162329999471,0],[112.01670762800006,-7.5670720689999484,0],[112.01657586300007,-7.5671732219999512,0],[112.0165698080001,-7.5671778699999663,0],[112.01657059000001,-7.5672810509999522,0],[112.0165716030001,-7.5674145449999628,0],[112.01657199200008,-7.5674658789999398,0],[112.01657794100004,-7.5676233199999388,0],[112.01657199200008,-7.5677680709999322,0],[112.01655216400002,-7.5678573009999468,0],[112.01656802600007,-7.5679544619999319,0],[112.01658587200006,-7.5680674859999613,0],[112.01659664800002,-7.5682165569999711,0],[112.0165977690001,-7.5682320659999505,0],[112.01659060500003,-7.5685135869999272,0],[112.01676509900005,-7.5687039429999459,0],[112.0165877500001,-7.5692144169999551,0],[112.01651474900007,-7.5693392049999488,0],[112.01603095600001,-7.5701662009999495,0],[112.01577877400007,-7.5705075699999611,0],[112.01570576300003,-7.5706064019999531,0],[112.01573691700003,-7.5706173679999438,0],[112.01583969800004,-7.5706535489999283,0],[112.01604537000003,-7.5707259499999395,0],[112.0160595100001,-7.5707309269999428,0],[112.01613140200004,-7.5707816739999316,0],[112.01655508200008,-7.5710807419999355,0],[112.01666627200007,-7.5711592299999779,0],[112.016642477,-7.5712210959999311,0],[112.01670672200009,-7.5713353099999381,0],[112.0168661460001,-7.571466179999959,0],[112.01731824400008,-7.5715375639999252,0],[112.01785600200003,-7.5717874069999311,0],[112.01806063600009,-7.5718611709999664,0],[112.01801877100002,-7.5719987239999682,0],[112.01799401100004,-7.5720800809999673,0],[112.01799993700001,-7.5720824319999451,0],[112.01844372900007,-7.5722585399999502,0],[112.01827954700002,-7.5727011199999765,0],[112.01827579700011,-7.5727331369999433,0],[112.01823150600001,-7.5731113119999804,0],[112.01822273800008,-7.5731861709999748,0],[112.01821768000002,-7.5732293609999601,0],[112.01822621200006,-7.5732309449999775,0],[112.01838424200002,-7.5732602939999651,0],[112.01838209200002,-7.5736625969999523,0],[112.01838186300006,-7.5737052529999573,0],[112.01842176100001,-7.5740389919999416,0],[112.01843083500012,-7.574114897999948,0],[112.01843242600012,-7.5741282029999297,0],[112.01846997000007,-7.5741635679999604,0],[112.01849078300006,-7.5741831729999376,0],[112.01855750900006,-7.5742460249999795,0],[112.0186397440001,-7.5743234859999689,0],[112.01869764100002,-7.5743517049999696,0],[112.01882558000011,-7.5744140609999704,0],[112.0188083810001,-7.5744779829999516,0],[112.01887976500007,-7.5745374689999494,0],[112.01882268400004,-7.5747455429999491,0],[112.01881898000011,-7.5747590429999718,0],[112.01912402400001,-7.5748596349999389,0],[112.01935979900009,-7.5749669839999569,0],[112.01948664300005,-7.5750604919999773,0],[112.01962317300001,-7.5751941799999258,0],[112.01980974800006,-7.5753966679999394,0],[112.01988670900005,-7.575490292999973,0],[112.01993796400006,-7.5755949819999273,0],[112.01999902900002,-7.5757587599999283,0],[112.02000099000009,-7.5757640199999514,0],[112.02003309000008,-7.5758501119999551,0],[112.0201145310001,-7.5758335699999293,0],[112.0201599940001,-7.5758243349999361,0],[112.02028293300009,-7.5757846769999446,0],[112.02032220600006,-7.5757587599999283,0],[112.02033908600004,-7.5757476209999481,0],[112.02044541700002,-7.5756620269999644,0],[112.02050470500001,-7.5756143019999627,0],[112.02065349300005,-7.5754945299999576,0],[112.02070080500005,-7.5755782169999293,0],[112.02077627500012,-7.5757117069999254,0],[112.02077786700011,-7.5757587599999283,0],[112.0207834680001,-7.5759242989999507,0],[112.02079769000011,-7.5763446439999598,0],[112.02072288200009,-7.5765715149999551,0],[112.02056968500005,-7.5770361149999417,0],[112.0205374520001,-7.5770259889999352,0],[112.02042620600002,-7.577325928999926,0],[112.0203919060001,-7.5773162839999486,0],[112.02017093600011,-7.5772541479999518,0],[112.0201121020001,-7.5773943129999566,0],[112.02023583300002,-7.5774355569999443,0],[112.0201293450001,-7.5777550199999268,0],[112.02006768500007,-7.5779400019999343,0],[112.01986758500004,-7.5783248089999802,0],[112.01986146500008,-7.578336578999938,0],[112.01981226400005,-7.5783799919999524,0],[112.01980459000004,-7.5783867629999691,0],[112.01969966200011,-7.5784793469999272,0],[112.01956372200004,-7.5785717969999382,0],[112.01951413300003,-7.5786385389999396,0],[112.01949414500007,-7.5786813689999804,0],[112.01948129500011,-7.5787299099999359,0],[112.01948272300001,-7.5787541809999652,0],[112.01947701200004,-7.5787898719999589,0],[112.0194670190001,-7.578836985999942,0],[112.0194623540001,-7.5788751849999585,0],[112.01945230800004,-7.5789574559999551,0],[112.01929526300012,-7.5789431789999639,0],[112.01929002000008,-7.5789716389999739,0],[112.01923318000001,-7.5792802029999393,0],[112.01922958400007,-7.5792997239999522,0],[112.01921868800002,-7.5793588739999791,0],[112.01919532600004,-7.5794856959999493,0],[112.01918544800003,-7.579539322999949,0],[112.01917534400002,-7.5795941699999503,0],[112.01916664700002,-7.5796413859999348,0],[112.01914945500005,-7.5797347109999578,0],[112.01916662000008,-7.5797547379999628,0],[112.01915611900006,-7.5797997329999589,0],[112.01915322400009,-7.5798121389999551,0],[112.01914543400005,-7.5798455199999353,0],[112.01913309300005,-7.5798984009999799,0],[112.01913015700006,-7.5799109839999801,0],[112.01911697500009,-7.5799674679999498,0],[112.01910649800004,-7.5800123639999697,0],[112.01909781400002,-7.5800719679999702,0],[112.01909398600003,-7.5800982459999773,0],[112.01908705300002,-7.5801458279999565,0],[112.01907570700007,-7.5803132549999646,0],[112.0190572140001,-7.5805861279999363,0],[112.01905547500007,-7.5806117839999274,0],[112.01904905000004,-7.5807003019999684,0],[112.01904892300001,-7.5807020419999276,0],[112.01902402700011,-7.5810450659999447,0],[112.0190455290001,-7.5810534689999258,0],[112.01929272200005,-7.581150073999936,0],[112.01930004500002,-7.5811529359999668,0],[112.01918597100007,-7.5817211279999697,0],[112.01913578600011,-7.5819710949999717,0],[112.01910755600011,-7.5821117029999527,0],[112.01902645700011,-7.582515649999948,0],[112.0190250600001,-7.5825226069999303,0],[112.01899123600003,-7.5826910819999398,0],[112.01898892700001,-7.5827025849999359,0],[112.01896771300005,-7.5828082469999458,0],[112.01903990400001,-7.5828279869999733,0],[112.01916677600002,-7.5828626789999589,0],[112.01911164600006,-7.5831585629999267,0],[112.01908095500005,-7.583295307999947,0],[112.01898505000008,-7.5837226229999715,0],[112.0189831560001,-7.5837310609999804,0],[112.018903206,-7.5842193259999249,0],[112.01888511300001,-7.584324057999936,0],[112.01882214300008,-7.5846885739999266,0],[112.01880184000004,-7.5848061019999591,0],[112.01873996900008,-7.5851853679999408,0],[112.01869190900004,-7.5854799649999336,0],[112.01865233800004,-7.5856545419999293,0],[112.01861909700006,-7.5858011919999626,0],[112.01865479000003,-7.5858168959999261,0],[112.01893975000007,-7.5859297359999687,0],[112.01925298700007,-7.586053771999957,0],[112.01944463200005,-7.5861234209999679,0],[112.01953862000005,-7.5861650609999742,0],[112.01968019800006,-7.5862435829999413,0],[112.0197575310001,-7.5862935519999724,0],[112.01987055500001,-7.5863768329999743,0],[112.02010493300008,-7.586575517999961,0],[112.02011916800006,-7.5865879579999387,0],[112.02017040600003,-7.5866327339999771,0],[112.02023699200004,-7.5866909229999351,0],[112.02041902200006,-7.5868503459999488,0],[112.02079036000009,-7.5871674909999456,0],[112.02073667000002,-7.5872505629999409,0],[112.02057659700006,-7.5874982389999559,0],[112.02047903900007,-7.5874763029999599,0],[112.02046044400004,-7.5874721219999515,0],[112.02043851600001,-7.5874671909999734,0],[112.02014373300005,-7.5874009079999496,0],[112.02000417900001,-7.5873695299999326,0],[112.01883331500005,-7.5871062579999489,0],[112.01870244400004,-7.587709054999948,0],[112.01860330000011,-7.5879192409999519,0],[112.01852398500012,-7.5880033149999804,0],[112.01848398000004,-7.588086058999977,0],[112.01815278900006,-7.5887710879999304,0],[112.01800684800003,-7.5891137309999408,0],[112.01795546800008,-7.5892790399999512,0],[112.01794560600001,-7.5893107669999722,0],[112.01791830400009,-7.5893986109999787,0],[112.01789878500006,-7.589468290999946,0],[112.01789501400003,-7.5894817529999727,0],[112.01780792000011,-7.5894764749999695,0],[112.01776212400011,-7.5894736999999282,0],[112.01775303600004,-7.5894731489999572,0],[112.01773473100002,-7.5894720399999756,0],[112.01765944700003,-7.589467476999971,0],[112.01762061400007,-7.5894912429999408,0],[112.01755574800006,-7.5895309409999641,0],[112.01752569200005,-7.5895493359999477,0],[112.01744281500009,-7.5896000559999379,0],[112.01730759700001,-7.5896828119999782,0],[112.01704175300006,-7.5898455109999645,0],[112.01690954100002,-7.5899191299999416,0],[112.0166412210001,-7.5900685379999686,0],[112.01660695600003,-7.5900756759999695,0],[112.01610811500007,-7.5900026589999356,0],[112.01608636300011,-7.5899994749999564,0],[112.01607045500009,-7.5899971459999733,0],[112.01603956700001,-7.5899926249999794,0],[112.01592423000011,-7.5899757419999787,0],[112.01587476900011,-7.5899685019999765,0],[112.01585497400004,-7.5899656049999749,0],[112.01585185300007,-7.5899651479999761,0],[112.01584694100006,-7.5899644289999628,0],[112.01584626100009,-7.5899643289999403,0],[112.01584350600001,-7.589963925999939,0],[112.01584155900002,-7.5899636409999403,0],[112.01581288200009,-7.5899592039999675,0],[112.01581092600009,-7.589958767999974,0],[112.0158077750001,-7.5899580639999726,0],[112.01580686200009,-7.5899578609999594,0],[112.01580675200012,-7.5899578359999396,0],[112.01580311700002,-7.5899570249999329,0],[112.01576067200006,-7.5899475549999806,0],[112.01572932300007,-7.5899405609999349,0],[112.01567326700001,-7.5899280539999268,0],[112.01563572800001,-7.5899196789999337,0],[112.01542626800006,-7.5898729459999572,0],[112.01538629300001,-7.5898586689999661,0],[112.01536773300006,-7.5899129209999501,0],[112.0152306760001,-7.5902926829999728,0],[112.0151686260001,-7.5905211379999287,0],[112.01516785800004,-7.5905239659999779,0],[112.01514787100007,-7.5906338969999751,0],[112.0151310760001,-7.5907077939999681,0],[112.01512792000005,-7.5907216819999803,0],[112.01509790200009,-7.590853759999959,0],[112.01509281600011,-7.590872400999956,0],[112.01502130800009,-7.5911344819999726,0],[112.01498758500009,-7.5911934979999387,0],[112.01497161100008,-7.5912214519999566,0],[112.01493749000008,-7.5912811649999412,0],[112.01493684100001,-7.5912823009999784,0],[112.01488609500007,-7.59137110599994,0],[112.01486575000001,-7.5914067089999548,0],[112.01482101400006,-7.5914849959999628,0],[112.01480824200007,-7.591511708999974,0],[112.01475678800011,-7.5916193199999498,0],[112.01474667800005,-7.5916404639999655,0],[112.01462819700009,-7.5918474229999333,0],[112.01455878800004,-7.5919910819999359,0],[112.0144265030001,-7.5922648819999381,0],[112.01438263600005,-7.5923556749999648,0],[112.01435591000006,-7.5924234239999464,0],[112.01435007200007,-7.592438222999931,0],[112.01432124600001,-7.5925112919999265,0],[112.01425700100003,-7.5926954629999273,0],[112.01418566700011,-7.5928995859999304,0],[112.01411309900004,-7.5931072429999631,0],[112.01407140300012,-7.5932265589999588,0],[112.01406036100002,-7.5932587529999296,0],[112.01405928500003,-7.5932618899999511,0],[112.01395869000009,-7.5935551969999437,0],[112.01389268700007,-7.5937476439999614,0],[112.01386448000005,-7.5938246279999362,0],[112.01384052300011,-7.5938900129999638,0],[112.01378822300001,-7.5940327539999544,0],[112.01393031400005,-7.5941040799999655,0],[112.01412009000001,-7.594199342999957,0],[112.01417065700002,-7.5942247259999363,0],[112.0141941820001,-7.5942473469999641,0],[112.01420703200006,-7.5943015989999481,0],[112.01418742500005,-7.5945260969999708,0],[112.01417847800008,-7.5946285369999487,0],[112.01422116600008,-7.5946372339999471,0],[112.01422098600005,-7.5946428939999464,0],[112.01421948800009,-7.5946898719999467,0],[112.01421938300007,-7.5946931729999392,0],[112.01421797800003,-7.5947372429999405,0],[112.01421796000011,-7.594737810999959,0],[112.01420254000004,-7.5952214149999691,0],[112.01418986100009,-7.5956191059999583,0],[112.01418756500004,-7.5956911229999378,0],[112.01418368900011,-7.5958126789999483,0],[112.01424714100006,-7.5958348879999562,0],[112.01454285200009,-7.595869473999926,0],[112.01506382100001,-7.5959304059999795,0],[112.01518898600011,-7.5959450449999508,0],[112.01587469300011,-7.5960252449999643,0],[112.01665613200009,-7.596108681999965,0],[112.01681096900006,-7.5961252149999723,0],[112.01744947400005,-7.5961933899999394,0],[112.01815986200006,-7.5962692419999485,0],[112.0184687950001,-7.5963022279999564,0],[112.01863804000004,-7.5963202979999664,0],[112.02080451400002,-7.5965634379999756,0],[112.0214206280001,-7.5966325829999732,0],[112.0214898910001,-7.5966403569999557,0],[112.02150605200006,-7.5966421709999281,0],[112.02174647800007,-7.5966691529999366,0],[112.02179508500001,-7.5966746079999439,0],[112.02184701400006,-7.5966804359999287,0],[112.02186439900004,-7.5966822009999646,0],[112.02190380000002,-7.5966892889999258,0],[112.02190480400009,-7.5966863029999558,0],[112.02191233300005,-7.5966639139999756,0],[112.02192266200007,-7.5966240819999484,0],[112.02285808800002,-7.5967381439999713,0],[112.02338118500006,-7.5968019279999339,0],[112.02389677800011,-7.5968570269999418,0],[112.02532811500009,-7.5970099859999323,0],[112.02545845000009,-7.5970235729999445,0],[112.02546983100001,-7.5970247599999539,0],[112.02572217500006,-7.5970510659999491,0],[112.0259033320001,-7.5970702189999315,0],[112.02637034100007,-7.5971195939999348,0],[112.02645097700008,-7.5971281699999622,0],[112.02686502400002,-7.5971722029999569,0],[112.02689776000011,-7.59710845099994,0],[112.02693080100005,-7.5970441049999522,0],[112.0270601090001,-7.596792283999946,0],[112.02720894600009,-7.59650242999993,0],[112.02827324200007,-7.594429765999962,0],[112.02851350100002,-7.5939618709999763,0],[112.02857734700001,-7.5938375339999311,0],[112.02859042600005,-7.5938120649999519,0],[112.02859082400005,-7.5938112899999624,0],[112.02866263600004,-7.5938728779999565,0],[112.02868209400003,-7.5938895669999624,0],[112.02872409700001,-7.5939255909999588,0],[112.02888512300001,-7.5940636949999316,0],[112.02921443100001,-7.5943461259999481,0],[112.02990768500001,-7.594940691999966,0],[112.03040444600003,-7.5953667349999705,0],[112.03102855400005,-7.5959019919999378,0],[112.0311264180001,-7.5959859239999332,0],[112.03134110700012,-7.5961700489999657,0],[112.03215733700006,-7.5968700729999341,0],[112.03232561300001,-7.5970143909999592,0],[112.0326750700001,-7.5973140949999447,0],[112.03303383000002,-7.5976217769999721,0],[112.03368435800007,-7.5981796819999659,0],[112.03378833500005,-7.5982688559999474,0],[112.03426488100001,-7.5986775499999339,0],[112.03437978800002,-7.5987760959999378,0],[112.0346699590001,-7.5990249499999436,0],[112.03482229800011,-7.5991555979999816,0],[112.03494232300011,-7.5992585339999437,0],[112.03566280500002,-7.5998874049999472,0],[112.03582302200005,-7.6000272489999361,0],[112.03586537700005,-7.6000642189999326,0],[112.03617595000003,-7.6003352999999265,0],[112.03656699600003,-7.6006931129999771,0],[112.03674432900004,-7.6008553739999343,0],[112.03691813500006,-7.6010144089999585,0],[112.03705598800002,-7.6011120579999556,0],[112.03772241900003,-7.6015841269999669,0],[112.0378406530001,-7.6016678779999438,0],[112.03795295300006,-7.6017190839999671,0],[112.03828962800003,-7.6018725989999325,0],[112.03837980300011,-7.6020514749999393,0],[112.03846535900004,-7.602221186999941,0],[112.03849084600006,-7.6022717439999496,0],[112.03849759900004,-7.6023214019999727,0],[112.03869664300009,-7.602314243999956,0],[112.04045337200012,-7.602171708999947,0],[112.04061154700003,-7.6021911939999427,0],[112.04069982800002,-7.6022092199999634,0],[112.04079288600008,-7.602243514999941,0],[112.04091521400005,-7.6023012939999717,0],[112.04108202800001,-7.6024468349999665,0],[112.04124200300009,-7.6025864089999686,0],[112.04132855000012,-7.6026566849999426,0],[112.04145319800011,-7.6027701129999627,0],[112.04148010000006,-7.602787277999937,0],[112.04202933100009,-7.6030198889999383,0],[112.04206026400004,-7.6030329759999518,0],[112.04203765900002,-7.6030639089999568,0],[112.04183659400007,-7.6030460629999652,0],[112.04171643100005,-7.6030484429999774,0],[112.04162748700003,-7.6030674259999387,0],[112.04167305500005,-7.6031117909999466,0],[112.04177218100006,-7.6032042549999801,0],[112.04214899200008,-7.6035557409999797,0],[112.04226698400009,-7.6036586269999589,0],[112.04230355600009,-7.6036905169999613,0],[112.04309592100003,-7.6043814319999683,0],[112.04366754500006,-7.6047988009999585,0],[112.04375747600011,-7.6048644629999558,0],[112.04384071400011,-7.6049252379999643,0],[112.04402355200011,-7.6051593079999407,0],[112.04439423400004,-7.6057135839999432,0],[112.04454971100006,-7.6058015029999524,0],[112.04491506300008,-7.60600809999994,0],[112.04510782200009,-7.6061297889999651,0],[112.04548625200005,-7.6063686939999684,0],[112.04550143800009,-7.6063782809999338,0],[112.0457253620001,-7.6065196419999666,0],[112.04576815900009,-7.6065466609999248,0],[112.04579686400007,-7.606564781999964,0],[112.04589819600005,-7.6066287519999491,0],[112.0459398160001,-7.6066550279999774,0],[112.04594417500005,-7.6066577789999315,0],[112.04595027200003,-7.6066616279999266,0],[112.04617251000002,-7.6068019269999354,0],[112.04635970600009,-7.6068541209999694,0],[112.04655644900004,-7.6068871479999416,0],[112.04683972000009,-7.6070612949999372,0],[112.04711827100004,-7.6072325409999735,0],[112.04731663300004,-7.6073544889999312,0],[112.04770607600005,-7.6075939079999557,0],[112.04776746700009,-7.6076316499999734,0],[112.04790338900011,-7.6077152109999702,0],[112.04800992600008,-7.6077807069999608,0],[112.04808406600011,-7.6078262859999768,0],[112.04839508600003,-7.6080078199999548,0],[112.04839839500005,-7.6080097519999299,0],[112.04889720800008,-7.6082283149999625,0],[112.04917562800006,-7.6083503089999454,0],[112.05010593000009,-7.6088407969999707,0],[112.05013804400005,-7.6088799679999397,0],[112.05027431400003,-7.6090461839999648,0],[112.05031431800001,-7.6097161159999587,0],[112.05030872500004,-7.6099674189999291,0],[112.05030633500007,-7.6100748849999604,0],[112.05029269800002,-7.6106877109999687,0],[112.05028638500005,-7.6107722839999497,0],[112.05027868800005,-7.6108753979999619,0],[112.05026248900003,-7.6117556859999809,0],[112.05025847200011,-7.6118766229999437,0],[112.05034372200009,-7.6118869979999317,0],[112.05048809800007,-7.6119045669999537,0],[112.05060167700003,-7.6119183879999355,0],[112.0505911350001,-7.6121549549999372,0],[112.05059025300011,-7.612174748999962,0],[112.05058916600001,-7.6121991399999729,0],[112.0505865770001,-7.6122572289999653,0],[112.05052564300001,-7.6129194769999344,0],[112.05041971900005,-7.6132303989999741,0],[112.05019277400004,-7.614060406999954,0],[112.05016747400009,-7.6141529359999254,0],[112.05012649200012,-7.6143536289999361,0],[112.04994247100001,-7.6151160129999766,0],[112.04990003400007,-7.6152765129999693,0],[112.04973878900012,-7.6158863489999362,0],[112.0497220630001,-7.6160891069999366,0],[112.04956529600008,-7.6160669349999353,0],[112.04937972900007,-7.6160406899999771,0],[112.04937223600007,-7.6160914369999659,0],[112.04903653500003,-7.6160662749999801,0],[112.04902836800011,-7.6161559129999432,0],[112.04895396500001,-7.6169725609999546,0],[112.0489698770001,-7.6172789589999752,0],[112.04898517300001,-7.6175735099999429,0],[112.04894403100002,-7.6183781499999554,0],[112.04900675400006,-7.6183773819999487,0],[112.04911830900005,-7.6183760139999777,0],[112.0490954500001,-7.618514953999977,0],[112.04907674500009,-7.6186538559999804,0],[112.04904756100007,-7.6188705709999454,0],[112.0490358190001,-7.6189734969999563,0],[112.04922140500003,-7.6189874629999395,0],[112.04950755300001,-7.6190089959999341,0],[112.04954026200005,-7.6190176709999378,0],[112.04966931800004,-7.6190518989999418,0],[112.04964005300008,-7.6191749059999552,0],[112.04963482800008,-7.6191968679999604,0],[112.0496107570001,-7.6192511459999537,0],[112.04955614700009,-7.6193742849999353,0],[112.04955638300009,-7.6193904799999359,0],[112.04955782100001,-7.619489357999953,0],[112.04979899600005,-7.6195204939999712,0],[112.04999446600004,-7.6195457299999703,0],[112.05039078300001,-7.6198277279999616,0],[112.05083877400011,-7.6201464939999255,0],[112.05085441100005,-7.6203024859999573,0],[112.05085843900008,-7.6203426689999674,0],[112.05088958200008,-7.6203503569999498,0],[112.05088765200003,-7.6204892099999597,0],[112.0509452120001,-7.6205195379999395,0],[112.05098461700004,-7.6205357999999705,0],[112.05119273700006,-7.6206216869999253,0],[112.05124511400004,-7.6206849219999526,0],[112.05126922600004,-7.6207140319999667,0],[112.0513450740001,-7.6207620419999671,0],[112.05136059100005,-7.6207718639999484,0],[112.05212995200009,-7.6216955909999342,0],[112.05213770700004,-7.6217511479999303,0],[112.05213962100004,-7.6217648559999702,0],[112.05230089500003,-7.62211687599995,0],[112.05240527000001,-7.6223446999999283,0],[112.05244091400004,-7.6223979999999756,0],[112.05281752100007,-7.6229611559999739,0],[112.05296880700007,-7.623187378999944,0],[112.05301120900003,-7.6232507849999251,0],[112.0532097900001,-7.623472794999941,0],[112.05323561200009,-7.6234981429999493,0],[112.05335728400007,-7.6236164179999264,0],[112.05338863800011,-7.6236495439999317,0],[112.05343423600004,-7.6236977189999493,0],[112.053436336,-7.6236999379999588,0],[112.0535565670001,-7.6238269629999422,0],[112.05357216500011,-7.6238434419999521,0],[112.05364334700005,-7.6239242559999525,0],[112.05397546200004,-7.6242444029999774,0],[112.05425598800002,-7.6245265769999264,0],[112.05433843800006,-7.6243970649999255,0],[112.05437606300006,-7.6244430789999456,0],[112.05454592300009,-7.6246508119999703,0],[112.05461234400002,-7.6247018689999777,0],[112.05471787900001,-7.6247829939999292,0],[112.05476329900011,-7.6248179079999545,0],[112.05486836900002,-7.6248483699999383,0],[112.05495483000004,-7.624873435999973,0],[112.05518433700001,-7.6249065759999439,0],[112.05524825000009,-7.6249148279999304,0],[112.05541546800009,-7.6249311799999759,0],[112.05548130400007,-7.6249421799999482,0],[112.05547283800001,-7.6254593089999503,0],[112.05547863300001,-7.6258361969999555,0],[112.05548908500009,-7.6258365309999476,0],[112.05557092000004,-7.6258391469999651,0],[112.05566279200002,-7.6258420829999523,0],[112.05575687200007,-7.6258450899999275,0],[112.05576349900002,-7.6258524919999786,0],[112.05614167400006,-7.6262748829999509,0],[112.05625762200009,-7.6263562829999501,0],[112.05653044200005,-7.6265478139999345,0],[112.05653569600008,-7.6265515029999733,0],[112.05654714600007,-7.6265826799999559,0],[112.05658265900001,-7.626679380999974,0],[112.05664882100007,-7.6268595379999624,0],[112.05665159500006,-7.626867089999962,0],[112.05674922000003,-7.626931974999934,0],[112.05681284500008,-7.6269742629999655,0],[112.05686651300005,-7.6270099329999539,0],[112.05689055700009,-7.6270259139999439,0],[112.05697896800007,-7.6270846759999813,0],[112.0570481850001,-7.6271306799999365,0],[112.05705758700003,-7.6274326879999421,0],[112.05705452400002,-7.6274499869999772,0],[112.05702430300005,-7.6275774539999475,0],[112.05700229800004,-7.6276702669999281,0],[112.05706910000004,-7.6276764929999672,0],[112.05727141800003,-7.6276953499999536,0],[112.05735255100001,-7.6277029119999611,0],[112.05740977200003,-7.6275639809999802,0],[112.05752748900011,-7.6276124349999463,0],[112.0575395840001,-7.627617412999939,0],[112.05755013700002,-7.6276955699999576,0],[112.05756051500009,-7.627772431999972,0],[112.05769978400008,-7.6278013239999609,0],[112.05778481600009,-7.6278189639999709,0],[112.05780548500002,-7.62785071899998,0],[112.05792233700004,-7.6280302479999591,0],[112.05800062600008,-7.6281505289999814,0],[112.05804064000006,-7.6282120059999556,0],[112.05810727100004,-7.6283143759999348,0],[112.0581769800001,-7.6284214739999356,0],[112.05820485900006,-7.6284856969999737,0],[112.05859699400003,-7.6287712329999522,0],[112.05870649500002,-7.6288360209999269,0],[112.05870625000011,-7.6288816599999336,0],[112.05870619200005,-7.6288924579999389,0],[112.05870605400003,-7.6289179619999459,0],[112.05870545500011,-7.6290295329999367,0],[112.05870503100004,-7.6291084369999567,0],[112.05870495800002,-7.6291220219999332,0],[112.05870493300006,-7.6291266609999298,0],[112.05870481800002,-7.6291481389999376,0],[112.05870454000001,-7.629199979999953,0],[112.05870427500008,-7.6292493419999801,0],[112.05867540700001,-7.6292595019999681,0],[112.05863238400002,-7.6292746439999632,0],[112.0585754760001,-7.6294792769999731,0],[112.05856186100004,-7.6295282319999274,0],[112.05855165700007,-7.6295649239999648,0],[112.05853091200004,-7.6298911089999706,0],[112.05852937700001,-7.6299152509999431,0],[112.0587519290001,-7.629917746999979,0],[112.05900341800009,-7.6299205649999635,0],[112.05900384300003,-7.6298668479999492,0],[112.05900480900004,-7.6297448839999333,0],[112.05900778300008,-7.6297449359999518,0],[112.05903790200011,-7.6297454589999347,0],[112.05905219400006,-7.6297459489999255,0],[112.05934364500001,-7.6297524989999488,0],[112.05951306200006,-7.6297829549999392,0],[112.0596348900001,-7.6298457729999427,0],[112.05972245500004,-7.6298952659999486,0],[112.05980240500003,-7.6300247089999402,0],[112.05984843600004,-7.6301985439999385,0],[112.05989013700002,-7.6306664149999506,0],[112.05990093800006,-7.6307185829999753,0],[112.06004007500007,-7.6307294609999303,0],[112.06005053400008,-7.6307319379999399,0],[112.0601344260001,-7.6307518079999568,0],[112.0602161700001,-7.6307711699999459,0],[112.06033006900009,-7.6307981479999398,0],[112.06050980000009,-7.6308407179999449,0],[112.0606035830001,-7.6306330199999479,0],[112.06062658700012,-7.6305820729999709,0],[112.06064470500007,-7.6305880409999531,0],[112.06073028500009,-7.6306162289999406,0],[112.06117419400005,-7.6307624429999805,0],[112.06126809000011,-7.6307933699999353,0],[112.06127202000005,-7.6308256419999339,0],[112.0613849340001,-7.6308804859999668,0],[112.0616858730001,-7.631026654999971,0],[112.06171401200004,-7.6310387399999513,0],[112.06188787500002,-7.6310988889999294,0],[112.0619080460001,-7.6311058669999738,0],[112.06192641700011,-7.6311154929999816,0],[112.06196183300005,-7.6311340489999679,0],[112.06203532800009,-7.6311725569999567,0],[112.06213622300004,-7.6312369189999458,0],[112.06219872400004,-7.6312941959999421,0],[112.0623140670001,-7.6313839119999329,0],[112.06252073500002,-7.6315446639999323,0],[112.06285039900001,-7.6317877409999255,0],[112.0628571310001,-7.6317927049999525,0],[112.06288683900004,-7.6318123599999694,0],[112.06289316700008,-7.631816545999925,0],[112.0629354670001,-7.6317793609999285,0],[112.06297333700002,-7.6317460709999523,0],[112.06298555800004,-7.6317353279999338,0],[112.06298585700006,-7.6317350649999298,0],[112.06298646200003,-7.631734531999939,0],[112.06302902500011,-7.6317113189999759,0],[112.0631398700001,-7.6316767749999599,0],[112.06318914800011,-7.6316693849999524,0],[112.06321868200007,-7.6316649569999413,0],[112.06328570900007,-7.6316549059999375,0],[112.0633301690001,-7.6316555229999494,0],[112.06346256800009,-7.6316429099999255,0],[112.06353023300005,-7.6316542289999347,0],[112.06358933400008,-7.6316942849999805,0],[112.06363452100004,-7.6317337539999812,0],[112.06364024700008,-7.6317387559999474,0],[112.06377096500012,-7.6318187509999689,0],[112.06382424600008,-7.6318329769999309,0],[112.063871672,-7.631841713999961,0],[112.06389837800009,-7.6318466339999418,0],[112.06395813200004,-7.6318541839999625,0],[112.06401074500002,-7.6318293469999503,0],[112.06414214100005,-7.6317761999999334,0],[112.06426721900004,-7.6317270759999474,0],[112.0642849300001,-7.631715086999975,0],[112.06437771500009,-7.6316522879999411,0],[112.06447592200004,-7.6315858179999623,0],[112.06462063800006,-7.6314878679999651,0],[112.0646493160001,-7.631446159999939,0],[112.06464783200011,-7.6314274979999368,0],[112.06464180000012,-7.631417522999925,0],[112.06462615600003,-7.6313916579999272,0],[112.06461823100005,-7.6313868179999531,0],[112.06460742100001,-7.631380217999947,0],[112.06459516500001,-7.6313663129999441,0],[112.06455154000002,-7.6313168179999593,0],[112.06452371400007,-7.6312827909999328,0],[112.06452213700004,-7.6312175799999409,0],[112.06453887600003,-7.6310948259999805,0],[112.06455021200009,-7.6310116969999626,0],[112.06454424500009,-7.6309522349999384,0],[112.06454363300008,-7.6309461269999588,0],[112.06454153700008,-7.6309252409999431,0],[112.06452854000008,-7.6309066079999752,0],[112.06449103900002,-7.6308722419999526,0],[112.06446798600007,-7.6308608119999803,0],[112.06443054800002,-7.6308522899999502,0],[112.0643917220001,-7.6308638719999635,0],[112.06433276600001,-7.6308826819999354,0],[112.06430645600005,-7.6309074639999608,0],[112.06430600400006,-7.6309078889999569,0],[112.06428538800003,-7.6309273079999684,0],[112.06424228000003,-7.6309532579999768,0],[112.0642164190001,-7.6309705509999617,0],[112.06419191600003,-7.6309548169999744,0],[112.06416021100006,-7.6309362309999642,0],[112.06414858500011,-7.6308903139999416,0],[112.06413385600001,-7.6308355209999377,0],[112.06410311800005,-7.630781729999967,0],[112.06406947000005,-7.6307228459999692,0],[112.06398964500011,-7.6306308309999622,0],[112.06395362900003,-7.6305680349999534,0],[112.06394195100006,-7.6305476739999563,0],[112.06392727200011,-7.6304739989999462,0],[112.06389103400011,-7.6303443059999267,0],[112.06388820400002,-7.6303341789999308,0],[112.06386528500002,-7.6302521509999792,0],[112.06382734200008,-7.6301746549999621,0],[112.06380419300001,-7.6301244609999799,0],[112.06380080400004,-7.630112022999981,0],[112.06379402800007,-7.630087155999945,0],[112.06382342100005,-7.6300065879999579,0],[112.06382541700009,-7.6299928979999549,0],[112.06384696200007,-7.629949321999959,0],[112.06385205600009,-7.629939019999938,0],[112.06385307900007,-7.6299277619999657,0],[112.06385754200005,-7.6298786369999334,0],[112.06386294300012,-7.6298191919999567,0],[112.06386890600004,-7.6297535599999264,0],[112.06387144300004,-7.629725629999939,0],[112.06386838100002,-7.6296509779999724,0],[112.06385025000009,-7.6295935919999351,0],[112.06384523500003,-7.6295875749999595,0],[112.0638329300001,-7.6295728149999604,0],[112.06383000100004,-7.6295520039999474,0],[112.06383207600004,-7.6295182579999619,0],[112.06385217700006,-7.6294995439999411,0],[112.06387516500001,-7.6294844109999644,0],[112.06389003200002,-7.6294816769999443,0],[112.06389098700004,-7.6294815009999297,0],[112.06392478300006,-7.6294735179999407,0],[112.06396364900002,-7.6294770149999636,0],[112.06400315800011,-7.6294463089999454,0],[112.06402110100009,-7.6294323649999569,0],[112.06407496300005,-7.6293905949999612,0],[112.06409362200009,-7.6293711659999417,0],[112.064093662,-7.6293707019999601,0],[112.06409711900005,-7.6293302389999553,0],[112.06410573200003,-7.6290998599999398,0],[112.06413455600011,-7.6290326019999384,0],[112.06417164900006,-7.6290077639999367,0],[112.06417727000007,-7.6290061239999432,0],[112.06424342900004,-7.6289868279999382,0],[112.06430326600002,-7.6289908899999546,0],[112.06436070700011,-7.6289416929999447,0],[112.06439066100006,-7.6288958679999723,0],[112.06439902800003,-7.6288830689999259,0],[112.06440993300009,-7.6288593059999812,0],[112.06442831800007,-7.6288192479999566,0],[112.06442792500002,-7.6288161039999522,0],[112.06444290000002,-7.6287836529999709,0],[112.06444902500004,-7.6287703799999349,0],[112.06445488600002,-7.6287153269999521,0],[112.06444041500004,-7.6286830589999681,0],[112.06440316300007,-7.62861801899993,0],[112.06425842700003,-7.6284732829999484,0],[112.06425077100005,-7.6284545049999792,0],[112.06424509800001,-7.6284405919999472,0],[112.06424961200003,-7.6283872969999607,0],[112.06425100100012,-7.6283671919999279,0],[112.06425960400009,-7.6283542489999263,0],[112.06427681900004,-7.6283326699999634,0],[112.06430268000008,-7.628315377999968,0],[112.06434044800005,-7.6282929449999415,0],[112.06439267500002,-7.6282651719999421,0],[112.06461813600004,-7.6282937669999455,0],[112.06469779500003,-7.6283062529999484,0],[112.06480053500002,-7.6283356089999756,0],[112.06487349600002,-7.6283610979999708,0],[112.06491670300011,-7.628375349999942,0],[112.06493256100009,-7.6283867969999619,0],[112.06502045700006,-7.628432524999937,0],[112.06506299000011,-7.6284654419999356,0],[112.06525040300005,-7.6286006609999504,0],[112.06624928700001,-7.6293420559999277,0],[112.06670815700011,-7.6296826379999629,0],[112.06670872800009,-7.6296820789999629,0],[112.06715695000003,-7.6300131439999745,0],[112.06755343200007,-7.6303110899999638,0],[112.06766379800001,-7.6304009929999665,0],[112.06796359700002,-7.6306452089999652,0],[112.06803611300006,-7.6304959749999739,0],[112.06864578800003,-7.6292413129999659,0],[112.06874978200005,-7.629027300999951,0],[112.06840232500008,-7.6288804919999507,0],[112.0683429930001,-7.6288554229999477,0],[112.06836233800004,-7.6288163269999814,0],[112.06823408100001,-7.6287519639999459,0],[112.06815633600002,-7.6287292539999498,0],[112.06813298300005,-7.6287666879999279,0],[112.06804355500003,-7.6287289019999776,0],[112.06788699200001,-7.6286627499999327,0],[112.06766592200006,-7.6284957889999419,0],[112.06744028100002,-7.6284197709999262,0],[112.06743717600011,-7.6282121739999411,0],[112.06743663900011,-7.6281762249999474,0],[112.06743594500006,-7.6278241119999279,0],[112.06742266200001,-7.6274164789999759,0],[112.06739875900007,-7.6271136979999596,0],[112.06741108200004,-7.6270610989999454,0],[112.06742961200007,-7.6269820099999492,0],[112.06742315400004,-7.626795374999972,0],[112.06741318200011,-7.6265506639999785,0],[112.06732157200008,-7.6260557369999447,0],[112.06767254300007,-7.6251039519999608,0],[112.06783910600006,-7.6245983169999363,0],[112.06786290000002,-7.6243901139999366,0],[112.06795807800006,-7.6242651919999389,0],[112.06797592500004,-7.6241462189999538,0],[112.06802351400006,-7.6240272459999687,0],[112.0681186920001,-7.6238071459999333,0],[112.06813059000001,-7.6236822239999356,0],[112.0682019730001,-7.62349781599994,0],[112.06826801800003,-7.6231777529999363,0],[112.06826903800004,-7.6231728119999502,0],[112.06827827000006,-7.6231491719999553,0],[112.06828274200006,-7.6231389899999726,0],[112.06828662500004,-7.6231329989999495,0],[112.06829110700005,-7.6231267059999368,0],[112.06829709400006,-7.6231234009999298,0],[112.06832330400005,-7.6231118849999575,0],[112.06836344700002,-7.6231016979999708,0],[112.06840149600009,-7.6230794719999722,0],[112.06841298900008,-7.6230717859999686,0],[112.06842828600008,-7.6230506909999463,0],[112.06843302400011,-7.6230267489999619,0],[112.06844064400002,-7.6230047159999685,0],[112.06844536000006,-7.6229721599999607,0],[112.06846327800008,-7.6228837959999396,0],[112.06852276500001,-7.6225744659999464,0],[112.06861199400009,-7.6222829819999447,0],[112.06873691600003,-7.6216048359999604,0],[112.06888563200005,-7.6210575599999402,0],[112.06920091100005,-7.6206352059999745,0],[112.0692704920001,-7.6205414219999739,0],[112.06932599700008,-7.6204857689999699,0],[112.06940842400002,-7.6204549349999411,0],[112.06949971900008,-7.6204289769999605,0],[112.06975544800002,-7.6204491709999616,0],[112.06978158600009,-7.6204439159999424,0],[112.06978732800007,-7.6204381579999563,0],[112.06979449800008,-7.6204280899999617,0],[112.0698011290001,-7.6204080139999633,0],[112.06976127400003,-7.6202295069999764,0],[112.06977198100003,-7.6200189249999539,0],[112.06980975500005,-7.6198999509999794,0],[112.06974788900004,-7.6197857379999618,0],[112.06994300500003,-7.6196572469999637,0],[112.07013455200001,-7.6193586239999718,0],[112.07016229200008,-7.6192738199999326,0],[112.07020892700007,-7.6191519699999617,0],[112.07023137200008,-7.6190933259999269,0],[112.07027227600008,-7.6189864509999552,0],[112.07036056600009,-7.6187854299999458,0],[112.07046367400005,-7.6187894469999264,0],[112.07053683200002,-7.618792295999981,0],[112.07058066200011,-7.6187940029999481,0],[112.07058445500002,-7.6187941929999283,0],[112.0707809160001,-7.618804048999948,0],[112.07116665300009,-7.6188233999999397,0],[112.07117351400007,-7.6188237439999398,0],[112.07150205300002,-7.6188402249999285,0],[112.07407552500001,-7.6190908189999504,0],[112.0744778720001,-7.6191684289999557,0],[112.0745240760001,-7.6189046279999388,0],[112.0749514470001,-7.6186455919999503,0],[112.07499978300007,-7.6183295429999589,0],[112.0750364270001,-7.6180997899999738,0],[112.07507465800006,-7.6180422639999392,0],[112.07520863200011,-7.6179079269999761,0],[112.07525607300011,-7.6176972309999655,0],[112.07523175600011,-7.617563286999939,0],[112.07519066500004,-7.6174661989999777,0],[112.0751398970001,-7.6173541949999617,0],[112.07511115800003,-7.61729078999997,0],[112.07506755800011,-7.6171186069999521,0],[112.07504318200006,-7.616960732999928,0],[112.07501885200008,-7.6168220029999816,0],[112.07503753800006,-7.6166209489999801,0],[112.07504194100011,-7.6164630039999679,0],[112.07503207200011,-7.6163529529999323,0],[112.07488990800005,-7.6163214089999656,0],[112.07489837000003,-7.6159369239999251,0],[112.07490001100007,-7.6158169519999319,0],[112.07490976800011,-7.6157145839999316,0],[112.07492357300009,-7.6155697559999567,0],[112.07498237400011,-7.6151053789999423,0],[112.07490777400005,-7.6147611639999582,0],[112.0745476300001,-7.6147429869999428,0],[112.074542941,-7.6147860719999585,0],[112.07427431500003,-7.6147819519999302,0],[112.07397198100011,-7.6147252709999407,0],[112.07379461100004,-7.6147687839999776,0],[112.07358340200005,-7.614707090999957,0],[112.07357830800004,-7.6145874559999811,0],[112.07296888100007,-7.6144884619999402,0],[112.07299482000008,-7.614330764999977,0],[112.07301140800007,-7.6142299179999782,0],[112.07284823800001,-7.6141968209999504,0],[112.07288800200001,-7.6139115479999759,0],[112.07290318900004,-7.6138025929999458,0],[112.07290915500005,-7.613722609999968,0],[112.07291421600007,-7.6136606869999355,0],[112.07295095400002,-7.6132111929999269,0],[112.07202992600003,-7.613145693999968,0],[112.07202758300002,-7.6131454149999627,0],[112.07192136200001,-7.6131327569999598,0],[112.07192033300009,-7.6131326339999532,0],[112.07183320400009,-7.6131222509999361,0],[112.07183493700006,-7.6131106689999797,0],[112.07158502900006,-7.6130875859999492,0],[112.07161685300002,-7.6128759129999253,0],[112.0716509020001,-7.6126494379999485,0],[112.07164255900011,-7.6126489199999696,0],[112.07166481900003,-7.6124465159999772,0],[112.0716671460001,-7.6124061429999301,0],[112.07167072200002,-7.6124065079999355,0],[112.07180626700006,-7.6124203419999503,0],[112.07180630500011,-7.6124199699999622,0],[112.07188587900009,-7.6116350739999348,0],[112.07177550900008,-7.6116162039999722,0],[112.07181134900009,-7.6106625929999723,0],[112.07155984000008,-7.6106492689999641,0],[112.07153862200005,-7.6106481449999706,0],[112.07137855800011,-7.6106396659999405,0],[112.071416279,-7.6102970519999644,0],[112.07143719400005,-7.6101070909999748,0],[112.07103534300006,-7.6100542429999791,0],[112.07115910200002,-7.6091864939999709,0],[112.07092520700007,-7.6091631429999325,0],[112.07082921500012,-7.6091394509999759,0],[112.07082304200003,-7.609067677999974,0],[112.07083042000011,-7.6090048369999295,0],[112.07085936100009,-7.6087583439999662,0],[112.07090524600005,-7.6083675379999249,0],[112.07103346400004,-7.6078141239999582,0],[112.07107639200001,-7.6076288399999612,0],[112.07113268300009,-7.6073858759999666,0],[112.07115109200004,-7.6070171439999399,0],[112.07115218900003,-7.6069194279999692,0],[112.07131635600001,-7.6068816049999555,0],[112.07404497900006,-7.6062529149999705,0],[112.07435506600007,-7.6061814679999316,0],[112.07468576600002,-7.6061052719999793,0],[112.0747207710001,-7.6060977919999573,0],[112.07455884400008,-7.6048513059999436,0],[112.07457614200007,-7.6045176849999621,0],[112.07456750200004,-7.6042440609999744,0],[112.0745501020001,-7.6036929669999722,0],[112.07463084000005,-7.6036072439999316,0],[112.07472229900009,-7.6031121869999652,0],[112.07481375700002,-7.6030963979999342,0],[112.07485134800004,-7.6027054099999418,0],[112.07489144600004,-7.6024349079999638,0],[112.07495546100006,-7.6021380249999311,0],[112.07503364000002,-7.6017501749999496,0],[112.07511882800009,-7.601288125999929,0],[112.07515888600005,-7.6010485129999665,0],[112.07517973200004,-7.6008810989999347,0],[112.07520886100008,-7.6006471789999637,0],[112.07526581800005,-7.6001897839999515,0],[112.07530088600004,-7.5998220429999606,0],[112.07519730200011,-7.5998061979999534,0],[112.07516925700008,-7.5998019079999608,0],[112.07542582600001,-7.5995906939999713,0],[112.07557313500001,-7.5994199509999589,0],[112.07573732600008,-7.5991746709999575,0],[112.07485787200005,-7.5988566499999592,0],[112.07499156600011,-7.5985001719999445,0],[112.07510922900008,-7.5983515869999678,0],[112.07520396200005,-7.5982319609999536,0],[112.07531986200001,-7.598022761999971,0],[112.07556676900003,-7.5973836349999715,0],[112.07556840600012,-7.5972138029999314,0],[112.07558202000007,-7.5958018609999272,0],[112.07553795600006,-7.5956581369999299,0],[112.0756195460001,-7.5956412869999781,0],[112.07561573600003,-7.5956061209999461,0],[112.07561246100011,-7.5955758869999386,0],[112.07553871400012,-7.5955862359999742,0],[112.07553420600004,-7.5955272699999341,0],[112.07549199100004,-7.5949328239999545,0],[112.07543907700006,-7.5940549439999359,0],[112.07542669300005,-7.5938494899999682,0],[112.0754119610001,-7.5936050799999748,0],[112.07536676400002,-7.592996123999967,0],[112.07533881100005,-7.592749241999968,0],[112.07566694700006,-7.5927728369999272,0],[112.0759720210001,-7.5927806969999665,0],[112.07604873600008,-7.592788450999933,0],[112.07602163500007,-7.5915346159999331,0],[112.07612719200006,-7.5915487119999625,0],[112.07643417500003,-7.5915527379999617,0],[112.07649657600007,-7.5915717269999732,0],[112.07650763100003,-7.5915736339999285,0],[112.07651082700011,-7.5915520879999576,0],[112.07652852600006,-7.5914803099999517,0],[112.07663678200004,-7.5911705649999703,0],[112.07662488500011,-7.5910307709999643,0],[112.0768271390001,-7.5904121109999778,0],[112.07690447100003,-7.5904269829999294,0],[112.07721677500001,-7.5897339649999367,0],[112.07728221100001,-7.5897458619999725,0],[112.07746792800003,-7.5893798219999553,0],[112.07766780200006,-7.5890895279999313,0],[112.07777249900005,-7.5891275989999372,0],[112.07803423900009,-7.5886992959999588,0],[112.07838164100008,-7.5888325459999351,0],[112.07881946100008,-7.5889705549999462,0],[112.07899078300011,-7.5886279119999358,0],[112.0793667370001,-7.5887992329999747,0],[112.07907644300008,-7.5895654199999285,0],[112.07921445200009,-7.5896272859999385,0],[112.07916686300007,-7.5897367409999674,0],[112.07958564800003,-7.5899033029999714,0],[112.07980455800009,-7.5899604099999465,0],[112.07991877200004,-7.5895321069999682,0],[112.08048508400009,-7.5897462589999805,0],[112.0804708070001,-7.5898176429999467,0],[112.08101332500007,-7.5899984819999418,0],[112.08123041900001,-7.5900638649999337,0],[112.08121404300005,-7.5898995459999696,0],[112.08115470900009,-7.5893041999999582,0],[112.08114848600007,-7.5892705279999291,0],[112.08146039600001,-7.5892804469999646,0],[112.08201437900004,-7.5893652349999456,0],[112.08243684100012,-7.5894443879999471,0],[112.0830628110001,-7.5897146029999476,0],[112.08340039500001,-7.5892501299999253,0],[112.0831450710001,-7.5890443749999577,0],[112.08364664200008,-7.5882247409999763,0],[112.08317397600001,-7.5877059369999529,0],[112.08350703700012,-7.5871267699999407,0],[112.08396423500005,-7.5873591809999539,0],[112.08404000500002,-7.5872052449999501,0],[112.0846279540001,-7.5874716229999422,0],[112.08468637400006,-7.587480859999971,0],[112.08532880200005,-7.5878441809999799,0],[112.08535273400003,-7.5878571649999458,0],[112.08579531200007,-7.5872358449999524,0],[112.08584272700011,-7.5871752729999571,0],[112.08592015000011,-7.5872366729999499,0],[112.08626227500008,-7.5875079949999531,0],[112.08655395800008,-7.5871507179999753,0],[112.08639752600004,-7.5870354809999299,0],[112.08691763900003,-7.5863366899999392,0],[112.08701555900006,-7.5863665969999374,0],[112.08707178100008,-7.5861549889999651,0],[112.08710436100012,-7.5860368839999524,0],[112.08709104700006,-7.586037264999959,0],[112.08692426100004,-7.586013267999931,0],[112.08696432800002,-7.585733194999932,0],[112.08703436700011,-7.585350645999938,0],[112.08707631100003,-7.5851917359999561,0],[112.08708744500007,-7.5851495519999617,0],[112.087064123,-7.5846555649999345,0],[112.087064424,-7.5843674209999676,0],[112.08706456800007,-7.5842293529999552,0],[112.0870650280001,-7.5842238429999611,0],[112.08707548500001,-7.5840981879999276,0],[112.08708497800001,-7.5839841179999326,0],[112.08709733500007,-7.5838356289999638,0],[112.08679648400005,-7.5837507129999722,0],[112.08654053300006,-7.583678468999949,0],[112.08658081500005,-7.5834845409999616,0],[112.08681638900009,-7.5827493209999375,0],[112.08663167700001,-7.582728245999931,0],[112.08665872800009,-7.5826215909999632,0],[112.08687040300003,-7.5817869669999709,0],[112.0869089250001,-7.5816350759999409,0],[112.0869482920001,-7.581479857999966,0],[112.08617903700008,-7.5811929829999372,0],[112.08616010900005,-7.5811620499999322,0],[112.08634474600001,-7.5808651239999563,0],[112.0870444090001,-7.5797399529999439,0],[112.08715900900006,-7.5795657479999363,0],[112.08680402800007,-7.5794053139999278,0],[112.08679293700004,-7.57939328599997,0],[112.08679290000009,-7.5793782109999484,0],[112.08679646400003,-7.5793652799999336,0],[112.08680576900008,-7.5793473889999632,0],[112.08699909100005,-7.5789815359999579,0],[112.08714708600007,-7.5788108169999759,0],[112.08715063500006,-7.5788067229999569,0],[112.08691767100004,-7.5786414329999729,0],[112.08698356800005,-7.5785293089999755,0],[112.08591284100009,-7.5781135469999299,0],[112.08597544100007,-7.5779556749999415,0],[112.08552172900011,-7.577754595999977,0],[112.08485141100005,-7.5774575189999496,0],[112.08483986100009,-7.5774523999999701,0],[112.08490323600006,-7.5771978789999253,0],[112.08487290000005,-7.5771884559999307,0],[112.08448344400006,-7.5770674769999573,0],[112.08441468000001,-7.5767405609999514,0],[112.08440559200005,-7.5766973559999542,0],[112.0843906660001,-7.5766263919999801,0],[112.08472978100008,-7.5763001149999809,0],[112.0846138600001,-7.5762062789999618,0],[112.08441739200009,-7.5760472419999587,0],[112.08450533200005,-7.5757311549999713,0],[112.08436133500004,-7.5756744889999368,0],[112.08433009600003,-7.5756621959999393,0],[112.08449937000012,-7.5751460159999624,0],[112.08451285800004,-7.5751048839999271,0],[112.08431703300005,-7.5750385959999562,0],[112.08433552800011,-7.5749574619999294,0],[112.08421605400008,-7.5748639779999394,0],[112.08429883000008,-7.57458558299993,0],[112.08433564900008,-7.5744617539999695,0],[112.08433822200004,-7.5744531019999499,0],[112.08441597600006,-7.5741915989999598,0],[112.08413046200008,-7.5740607349999323,0],[112.08362482700011,-7.573787096999979,0],[112.08363672500002,-7.5735788939999793,0],[112.08361293000007,-7.573549150999952,0],[112.083690262,-7.5732695639999292,0],[112.08335713800011,-7.5731327439999632,0],[112.08353559700004,-7.5726687499999343,0],[112.08363077600006,-7.5726865959999259,0],[112.08397780500002,-7.5727941269999519,0],[112.08405313000003,-7.5728174669999362,0],[112.08428659300012,-7.5729016179999462,0],[112.08444503500004,-7.5729682259999436,0],[112.08460826100008,-7.5730300359999774,0],[112.08467504900011,-7.5728862929999536,0],[112.08472639200011,-7.5727921379999543,0],[112.08492331400009,-7.5724310169999285,0],[112.08509779500002,-7.5721029319999502,0],[112.08524994400011,-7.5718168419999756,0],[112.08504378300006,-7.5717526589999693,0],[112.08505044500009,-7.5717293469999731,0],[112.08508095800005,-7.5716225839999538,0],[112.08510024400005,-7.5715551009999444,0],[112.08475646700003,-7.5714690149999342,0],[112.08387175600001,-7.5712124009999684,0],[112.08389561100012,-7.5710612839999385,0],[112.08399861100008,-7.5704087949999348,0],[112.08359734500004,-7.570287273999952,0],[112.08356277400003,-7.5702720449999674,0],[112.08353776700005,-7.5702453069999365,0],[112.08352611300006,-7.5701879049999548,0],[112.08352407100006,-7.5701381369999581,0],[112.08355438800004,-7.5699868279999691,0],[112.0835809890001,-7.5698833869999476,0],[112.08360271700008,-7.5697698529999684,0],[112.08362643900011,-7.5696458939999616,0],[112.08364894400006,-7.5694390879999673,0],[112.08333296800004,-7.5693862719999743,0],[112.08345460100008,-7.5686376969999287,0],[112.08351943500008,-7.5681918499999483,0],[112.08359183200002,-7.5677975529999344,0],[112.08340756000007,-7.5677578099999323,0],[112.08340171900011,-7.5677233659999388,0],[112.08340913900008,-7.567621886999973,0],[112.08346518300004,-7.567016811999963,0],[112.08349515400005,-7.5667962579999539,0],[112.08212997300006,-7.5664834599999722,0],[112.08156037400011,-7.5663529499999527,0],[112.08059239300007,-7.5661311599999408,0],[112.08020613400004,-7.5660426589999474,0],[112.07879945700006,-7.5657203519999712,0],[112.07819804500002,-7.5655825529999561,0],[112.07813651300012,-7.565565625999966,0],[112.07814223000003,-7.5655360099999598,0],[112.07814634500005,-7.5655146889999401,0],[112.0781771390001,-7.5653458219999266,0],[112.07822739400001,-7.5650702269999783,0],[112.07829302800008,-7.5647102969999764,0],[112.07805407900003,-7.5646842789999482,0],[112.07726157800005,-7.5645979849999776,0],[112.07668108200005,-7.5645324159999632,0],[112.07632611400004,-7.5644906279999304,0],[112.07608378700002,-7.5644621009999469,0],[112.07586431200002,-7.5644411069999364,0],[112.07549553500007,-7.5644115059999422,0],[112.07546598800002,-7.5644039889999704,0],[112.07528149300003,-7.56435705399997,0],[112.07502041700002,-7.5642906379999317,0],[112.07477512500009,-7.5642343519999713,0],[112.07440136300011,-7.5641485859999307,0],[112.0742076140001,-7.5641147069999306,0],[112.07384022400004,-7.5640504659999692,0],[112.07368677900001,-7.5639892779999514,0],[112.07358116000012,-7.5639474219999556,0],[112.07345439100004,-7.5638864739999576,0],[112.07335253400004,-7.5638139789999741,0],[112.07311785900004,-7.5636329319999618,0],[112.07309113300005,-7.5636155289999465,0],[112.07252343500011,-7.5641300149999324,0],[112.07234778600002,-7.564285191999943,0],[112.07201634,-7.564578006999966,0],[112.07154255000012,-7.5649969839999471,0],[112.07148991200006,-7.5650435319999474,0],[112.07123626100008,-7.5652643069999499,0],[112.07077685900003,-7.5656818089999547,0],[112.07065737000005,-7.5657985969999686,0],[112.07055605200003,-7.5658976249999341,0],[112.07039887300004,-7.5660512519999656,0],[112.07011993800006,-7.5663022129999717,0],[112.06988681700011,-7.5665119549999531,0],[112.06982282500007,-7.5665710219999482,0],[112.06946571200001,-7.566900645999965,0],[112.06944047900004,-7.5669216019999794,0],[112.06941486400001,-7.5669428739999489,0],[112.06940452800006,-7.5669514579999486,0],[112.0693433780001,-7.5670022429999335,0],[112.06933806100005,-7.5670066589999578,0],[112.06933570900003,-7.5670086119999382,0],[112.06932165900002,-7.5670202799999515,0],[112.06928951000009,-7.5670469799999296,0],[112.06927823300009,-7.567056344999969,0],[112.06926472400005,-7.5670669959999373,0],[112.06925159100001,-7.5670773519999557,0],[112.06920929600005,-7.5671107019999795,0],[112.06920580500002,-7.5671134549999692,0],[112.06919939500006,-7.567118508999954,0],[112.06918177700004,-7.5671323999999345,0],[112.06917391200011,-7.5671386019999431,0],[112.06916298800002,-7.5671472159999666,0],[112.06915732100003,-7.5671516849999421,0],[112.06911635300003,-7.5671839879999538,0],[112.06908942900009,-7.5672052169999802,0],[112.06906327000002,-7.5672258429999602,0],[112.06901865300006,-7.5672610229999577,0],[112.06901446400002,-7.567264325999929,0],[112.06898799900011,-7.5672851939999646,0],[112.06892590500001,-7.5673341549999691,0],[112.06889911600001,-7.5673553879999531,0],[112.06887842100002,-7.5673717909999709,0],[112.06877071500003,-7.5674571609999361,0],[112.06875875500009,-7.5674666409999531,0],[112.06867695900007,-7.5675314729999741,0],[112.06861745200001,-7.5675786399999652,0],[112.06853686400007,-7.5676425149999318,0],[112.06848153300007,-7.5676863709999793,0],[112.06842257000005,-7.5677331049999452,0],[112.06841447300008,-7.5677395229999433,0],[112.0683729860001,-7.5677724069999499,0],[112.06826691300012,-7.5678564819999679,0],[112.06820227500009,-7.567907714999933,0],[112.06818389400007,-7.5679222839999625,0],[112.06801533600003,-7.5680616019999434,0],[112.06799015900003,-7.568082411999967,0],[112.06792071100006,-7.5681398129999593,0],[112.06782089700005,-7.5682223119999321,0],[112.06775548400003,-7.568277721999948,0],[112.06773733400007,-7.5682930969999802,0],[112.06771645100002,-7.5683107869999731,0],[112.0676426660001,-7.5683732889999646,0],[112.0676264330001,-7.5683870389999583,0],[112.06744794800011,-7.5685382329999698,0],[112.06733725100003,-7.5686320029999479,0],[112.06727173200011,-7.5686875029999783,0],[112.06724473100007,-7.5687103749999665,0],[112.06720046100008,-7.5687585119999312,0],[112.06718873400007,-7.5687712629999737,0],[112.06711252000002,-7.5688541349999809,0],[112.06706979100011,-7.5689005959999349,0],[112.0669889190001,-7.5689885319999348,0],[112.06696754100005,-7.5690117769999574,0],[112.0669503360001,-7.5690304849999279,0],[112.06694571700007,-7.5690355079999563,0],[112.06691790600007,-7.5690657479999572,0],[112.06688243000008,-7.5691043229999764,0],[112.06687012500004,-7.5691177029999608,0],[112.06684770800007,-7.5691420779999703,0],[112.06662725300009,-7.5693576119999761,0],[112.06645248400002,-7.569528479999974,0],[112.06639917900009,-7.569580594999934,0],[112.06631220000008,-7.5696656329999428,0],[112.06629742600001,-7.56968007699993,0],[112.06629738700008,-7.5696801139999366,0],[112.06628482500003,-7.5696672429999694,0],[112.06624357100009,-7.5696250269999723,0],[112.06624355100007,-7.5696250469999313,0],[112.06610579900007,-7.5695428149999771,0],[112.06604404100005,-7.5694943999999396,0],[112.06600800300009,-7.5694669269999508,0],[112.06589650800004,-7.5693899839999403,0],[112.06576681800004,-7.5692999219999706,0],[112.06572962600001,-7.5692740949999688,0],[112.06565038000008,-7.5692053369999712,0],[112.06560235200004,-7.5691751079999676,0],[112.06554114800008,-7.5691383789999804,0],[112.065404177,-7.5690663269999732,0],[112.06538221900007,-7.5690547759999731,0],[112.06532199300011,-7.5690188589999252,0],[112.06527239400009,-7.5689906499999324,0],[112.06521676600005,-7.5689489039999671,0],[112.06520684400004,-7.5689414589999728,0],[112.06512050600008,-7.5688766669999268,0],[112.06511427800001,-7.568872229999954,0],[112.06491119600003,-7.56872752299995,0],[112.06472212400001,-7.5686075479999317,0],[112.06459227300002,-7.5685464529999535,0],[112.06458331300007,-7.5686081739999622,0],[112.0645620680001,-7.568596237999941,0],[112.06450977000009,-7.5685668579999401,0],[112.06437989100004,-7.5684938959999499,0],[112.06429597800002,-7.5684467559999575,0],[112.0639898610001,-7.5683441029999585,0],[112.06401480500006,-7.5682455999999547,0],[112.06396888400002,-7.5682327709999413,0],[112.06366971300008,-7.5681947819999777,0],[112.06363826100005,-7.5681900089999772,0],[112.06351409000001,-7.5681711669999459,0],[112.06345320700007,-7.5681573999999614,0],[112.06317542600004,-7.5681102759999703,0],[112.06309138900008,-7.5681003789999295,0],[112.06296027800011,-7.5680849389999594,0],[112.06293376000008,-7.5680818159999603,0],[112.06294166500004,-7.5680183819999343,0],[112.06296414100007,-7.5678380269999366,0],[112.06298374200003,-7.5676858309999488,0],[112.06298437900011,-7.5676808899999628,0],[112.0628642150001,-7.5676688919999719,0],[112.06283612800007,-7.567666481999936,0],[112.06273875600004,-7.5676581249999799,0],[112.06270609700005,-7.5676547219999293,0],[112.06262043600009,-7.5676457949999758,0],[112.06244900600007,-7.5676279289999684,0],[112.06241395600011,-7.5676230989999453,0],[112.0621308850001,-7.5675840929999367,0],[112.06210689500006,-7.5675807869999403,0],[112.06202312000005,-7.5675692429999799,0],[112.06183023100004,-7.5675367379999443,0],[112.0617648650001,-7.5675257229999602,0],[112.06162012800007,-7.5675014039999269,0],[112.0616110630001,-7.5674998809999465,0],[112.0615023470001,-7.567487898999957,0],[112.06140699700006,-7.567477389999965,0],[112.06135914200001,-7.5674721159999763,0],[112.06134387900011,-7.5674704339999721,0],[112.06138601600003,-7.5671708439999747,0],[112.06125056000008,-7.5671342779999691,0],[112.06117782100011,-7.5671146419999786,0],[112.06101854100007,-7.5670716449999418,0],[112.06082457800005,-7.5670283789999644,0],[112.06082016100004,-7.5670273939999788,0],[112.06075444700002,-7.567012735999981,0],[112.06059554600006,-7.5669772919999332,0],[112.0605917040001,-7.5669764349999582,0],[112.06057513100006,-7.5669727369999578,0],[112.06056656800001,-7.5670014739999374,0],[112.06037078200006,-7.5669816799999694,0],[112.06011839900009,-7.5669561639999756,0],[112.05999741000005,-7.5669439309999689,0],[112.05988803000002,-7.5669328719999385,0],[112.05985931300006,-7.5669299689999434,0],[112.05951146700011,-7.566879963999952,0],[112.05937776400003,-7.5668583799999283,0],[112.05924288300002,-7.5668366049999349,0],[112.0591841690001,-7.5668271269999536,0],[112.05913397800009,-7.5668190239999262,0],[112.05911624000009,-7.5668171189999498,0],[112.05911808100007,-7.5667970549999382,0],[112.0591388790001,-7.5666477429999759,0],[112.05889584300007,-7.5666098509999529,0],[112.05846883600009,-7.5665432759999476,0],[112.05836467500001,-7.5665270359999681,0],[112.05798467900001,-7.5664850509999724,0],[112.05794336000008,-7.5664804859999322,0],[112.05785182400007,-7.5664703719999693,0],[112.05787788200007,-7.5663386959999457,0],[112.05774201700001,-7.5662955729999339,0],[112.05771701700007,-7.5662876379999489,0],[112.05749629000002,-7.5662175799999432,0],[112.05730192200008,-7.5661677989999703,0],[112.05726729700007,-7.566160641999943,0],[112.05710621200001,-7.5661273469999628,0],[112.05700440900011,-7.566106303999959,0],[112.05696256900001,-7.5660924999999679,0],[112.05691659800004,-7.5660773329999529,0],[112.05691530600006,-7.566076905999978,0],[112.05674538200003,-7.5660377229999654,0],[112.05669492400011,-7.565997164999942,0],[112.05667075600002,-7.5659206489999633,0],[112.05665849200011,-7.5658082089999539,0],[112.05661508800006,-7.5657102029999805,0],[112.05654064900011,-7.5656697029999691,0],[112.05630307000001,-7.565600882999945,0],[112.05547304300001,-7.5654832439999495,0],[112.05548026800011,-7.5654101519999699,0],[112.05554271400001,-7.5647783729999674,0],[112.05558790900011,-7.5644662289999474,0],[112.05543921600008,-7.5644416759999444,0],[112.05540181800006,-7.5644355009999344,0],[112.05534759300008,-7.5644265469999254,0],[112.05534763300011,-7.564442708999934,0],[112.05534771000009,-7.5644744059999312,0],[112.05525451000005,-7.5644436559999804,0],[112.05524934000005,-7.5644419499999458,0],[112.05520370900001,-7.56442689499994,0],[112.05517136500009,-7.5643878619999327,0],[112.05497189100004,-7.5641471339999384,0],[112.05481287400005,-7.5639552309999658,0],[112.0548398630001,-7.5638863779999497,0],[112.05485160300009,-7.563856426999962,0],[112.05482511100001,-7.5638474109999265,0],[112.05475560100001,-7.5638237559999766,0],[112.05476973200007,-7.5637546569999472,0],[112.05476996800007,-7.563753500999951,0],[112.05477041200004,-7.5637513329999706,0],[112.05476436300012,-7.5634674339999606,0],[112.05476353300003,-7.5634284529999718,0],[112.05476068400003,-7.5632947379999678,0],[112.05476039900009,-7.5632813789999318,0],[112.05476491400009,-7.5632672639999328,0],[112.05477357000007,-7.5632402019999745,0],[112.05482788100005,-7.5630704099999662,0],[112.05486874400003,-7.5628831879999439,0],[112.05499110700009,-7.5629080179999733,0],[112.05502319200002,-7.5627894889999538,0],[112.05514429000004,-7.5622938519999252,0],[112.0553815610001,-7.5623032249999369,0],[112.05557238800009,-7.5623107639999603,0],[112.05577187000006,-7.5623240879999685,0],[112.05585598200003,-7.5623276869999358,0],[112.0559166270001,-7.5618648399999415,0],[112.05592826900011,-7.5618095109999786,0],[112.0559287750001,-7.561807106999936,0],[112.05598246700004,-7.5615519379999796,0],[112.05599307600005,-7.5615015169999538,0],[112.05604642700007,-7.56124796499995,0],[112.05604840600006,-7.5612385579999568,0],[112.05605109200008,-7.5612257959999738,0],[112.05605112000001,-7.5612256629999592,0],[112.05605524600003,-7.5612060479999741,0],[112.05605774100002,-7.5611941919999595,0],[112.05606466800009,-7.5611612699999569,0],[112.05606872300007,-7.5611419989999717,0],[112.05607853900005,-7.5610953519999384,0],[112.05607988300005,-7.5610889639999641,0],[112.05609798500006,-7.5610029349999763,0],[112.05609853200008,-7.5609992659999534,0],[112.05609897500005,-7.5609962939999491,0],[112.05610678300002,-7.5609438939999336,0],[112.05610820400011,-7.5609343539999259,0],[112.05611329200008,-7.5609002029999601,0],[112.05611903800002,-7.5608616419999635,0],[112.05612050900004,-7.5608517669999742,0],[112.05612389200007,-7.5608290609999358,0],[112.05613223500006,-7.5607730699999252,0],[112.05613656200001,-7.5607440279999309,0],[112.05614105400002,-7.5607138819999591,0],[112.05614346600009,-7.5606976969999664,0],[112.05614399700005,-7.5606941309999343,0],[112.05606685500004,-7.5606908189999444,0],[112.05600611400007,-7.560688210999956,0],[112.05598662700004,-7.5606873739999401,0],[112.05596294400004,-7.5606863569999518,0],[112.05590323600006,-7.5606837939999423,0],[112.05581422800003,-7.5606799729999352,0],[112.05580495200002,-7.5606782559999601,0],[112.05573176600001,-7.560664706999944,0],[112.05560972100011,-7.5606421129999717,0],[112.05560472200011,-7.5606411879999769,0],[112.05548646500006,-7.5606192949999809,0],[112.055479633,-7.5606180299999437,0],[112.05546335300005,-7.5606150159999288,0],[112.05534331900003,-7.5605614649999779,0],[112.05533331400011,-7.5605585509999287,0],[112.05532954100011,-7.560557451999955,0],[112.05522605200008,-7.5605273129999659,0],[112.05520648800007,-7.56052161599996,0],[112.0550922650001,-7.5604883509999468,0],[112.05508626500011,-7.5604866039999479,0],[112.05506771000012,-7.5604811999999697,0],[112.05497154400007,-7.5604531939999333,0],[112.05493178100005,-7.5604416139999557,0],[112.05486549400007,-7.5604223089999323,0],[112.05485476700005,-7.5604191849999438,0],[112.05485436700008,-7.5604190689999768,0],[112.05485661200009,-7.5604028149999749,0],[112.05485897300002,-7.5603857249999464,0],[112.05486311000004,-7.5603557799999521,0],[112.05486582500009,-7.5603361269999709,0],[112.05487173600011,-7.5602933389999407,0],[112.05487175300004,-7.5602932129999658,0],[112.05487769300009,-7.5602389119999316,0],[112.05488218000005,-7.5601978939999412,0],[112.05488565700011,-7.5601661119999335,0],[112.05489278400012,-7.5601009539999495,0],[112.05489591100002,-7.5600723679999646,0],[112.05490284700011,-7.5600089619999267,0],[112.05490332300008,-7.5600046119999433,0],[112.05491202900009,-7.5599250239999378,0],[112.05491353700006,-7.5599112369999375,0],[112.05491975300004,-7.5598544129999254,0],[112.05492392500003,-7.5598162709999315,0],[112.05493002900005,-7.5597604639999645,0],[112.05493820600009,-7.5596857109999291,0],[112.05494043700003,-7.5596653189999756,0],[112.05494684500002,-7.5596067389999462,0],[112.05495564500006,-7.5595262909999406,0],[112.05495568900005,-7.5595258919999537,0],[112.05495757800009,-7.5595086179999385,0],[112.05496347400003,-7.5594547209999519,0],[112.05496380600005,-7.5594516899999462,0],[112.05496701300001,-7.5594223689999467,0],[112.05497015100002,-7.5593936769999459,0],[112.05497287100002,-7.559368812999935,0],[112.05497505200003,-7.5593488689999617,0],[112.05497593900009,-7.5593407579999621,0],[112.05497666700001,-7.5593341049999481,0],[112.05497670200009,-7.5593337859999679,0],[112.05497708900009,-7.5593302489999701,0],[112.05491590500003,-7.5593221019999532,0],[112.05489360200011,-7.5593191319999278,0],[112.05489273900002,-7.5593190169999502,0],[112.05490896700007,-7.5592530559999318,0],[112.0549173500001,-7.5592189809999581,0],[112.05493177700009,-7.5591603389999591,0],[112.05493848300011,-7.5591330809999704,0],[112.05493921900006,-7.5591300899999396,0],[112.05494416200008,-7.5591099989999293,0],[112.05494573400006,-7.559103610999955,0],[112.05494701100008,-7.5590984219999768,0],[112.05494852000004,-7.5590922869999417,0],[112.05495007500008,-7.5590859649999516,0],[112.05496179600004,-7.5590383249999604,0],[112.05496718200004,-7.5590164329999538,0],[112.05496974100004,-7.5590060319999566,0],[112.05497476700009,-7.5589856019999502,0],[112.05497877500011,-7.5589693109999416,0],[112.05497979300003,-7.5589651729999332,0],[112.05498821200001,-7.5589309529999582,0],[112.05499160700003,-7.5589171529999248,0],[112.05506415700006,-7.5589254919999576,0],[112.05514452700004,-7.5589347299999758,0],[112.05520276200002,-7.5588031219999721,0],[112.05520415100011,-7.5587999819999254,0],[112.05509124600007,-7.5587637649999806,0],[112.05502877100002,-7.5587437249999425,0],[112.05495220000012,-7.5587191629999779,0],[112.05481003500006,-7.5586856259999422,0],[112.05474401900005,-7.5586700529999575,0],[112.05472205500007,-7.5586648719999516,0],[112.0546970800001,-7.5586589799999615,0],[112.05467649900004,-7.5586541249999755,0],[112.05461211300008,-7.5586389359999657,0],[112.05461140900002,-7.5586387699999591,0],[112.05460581300008,-7.5586374499999351,0],[112.05452031600009,-7.5586172809999539,0],[112.05451641000002,-7.5586163599999736,0],[112.05447840300008,-7.5586073939999778,0],[112.05447487100002,-7.5586065609999764,0],[112.05444010800011,-7.5585983599999622,0],[112.05441621500006,-7.5585927239999364,0],[112.05441528600011,-7.5585925049999787,0],[112.05441843600011,-7.5585809719999588,0],[112.05443315600007,-7.5585270809999656,0],[112.0544348840001,-7.5585207529999252,0],[112.05444010100007,-7.5585016519999613,0],[112.05445164600008,-7.5584593869999708,0],[112.05445336600008,-7.5584530899999436,0],[112.05445384600011,-7.5584513309999579,0],[112.0544588460001,-7.5584330259999319,0],[112.05446106000011,-7.5584249189999468,0],[112.0544634690001,-7.5584160999999312,0],[112.05446485400012,-7.5584110299999452,0],[112.0544702520001,-7.5583912679999798,0],[112.05447106400004,-7.5583882939999398,0],[112.05447144300001,-7.5583869049999635,0],[112.05447627500007,-7.5583692169999495,0],[112.05447883400007,-7.5583598469999629,0],[112.05448268300006,-7.5583457559999374,0],[112.05448496600002,-7.5583373979999351,0],[112.05449124300003,-7.5583144169999628,0],[112.05449149000003,-7.558313511999927,0],[112.05449881400011,-7.5582866999999396,0],[112.05450017300006,-7.5582817249999721,0],[112.05450786000006,-7.5582535839999423,0],[112.05450800600011,-7.5582530509999515,0],[112.0545151340001,-7.5582269549999523,0],[112.05451670500008,-7.5582212029999596,0],[112.05452320200004,-7.5581974179999634,0],[112.05452399800004,-7.5581945039999709,0],[112.05452935000005,-7.5581749099999342,0],[112.05453201000012,-7.5581651699999384,0],[112.0545337530001,-7.5581587889999469,0],[112.05453662100001,-7.5581482889999734,0],[112.05453710400002,-7.5581465209999692,0],[112.05453827600002,-7.5581365669999627,0],[112.05453865000004,-7.5581333879999306,0],[112.05454085200006,-7.558114694999972,0],[112.05454116700002,-7.5581120249999572,0],[112.05454352200002,-7.5580920329999799,0],[112.05454380300012,-7.5580896439999492,0],[112.05454599800009,-7.5580710109999814,0],[112.0545465240001,-7.5580665449999742,0],[112.05454812700009,-7.5580529339999316,0],[112.05454931500003,-7.5580428479999568,0],[112.05455130000007,-7.5580260019999628,0],[112.05455171200003,-7.5580225019999716,0],[112.05455301100005,-7.5580114739999544,0],[112.0545543070001,-7.5580004769999505,0],[112.05455453200011,-7.5579985659999807,0],[112.05455472600011,-7.557996917999958,0],[112.05455489000008,-7.5579953529999671,0],[112.05453867300002,-7.557993559999943,0],[112.05448329600006,-7.5579900919999545,0],[112.05443473900004,-7.5579870519999304,0],[112.05440714700001,-7.5579853239999579,0],[112.05436309800007,-7.5579825659999642,0],[112.05431228900011,-7.5579793849999533,0],[112.05431095300003,-7.5579793009999321,0],[112.05427992200009,-7.5579770589999384,0],[112.05423952000001,-7.5579741389999526,0],[112.05414352700006,-7.5579672019999293,0],[112.05406313900005,-7.5579613929999709,0],[112.05400281400011,-7.5579666169999768,0],[112.05397206300006,-7.5579692799999521,0],[112.05388024000001,-7.5579772309999385,0],[112.0538190420001,-7.557982529999947,0],[112.05376464400001,-7.5579872399999317,0],[112.0537147440001,-7.5579898929999558,0],[112.0536366980001,-7.5579940419999616,0],[112.05360029100007,-7.5579959769999618,0],[112.05339788300012,-7.5580067369999711,0],[112.05334024300009,-7.5580098009999688,0],[112.05294552500004,-7.5580311999999594,0],[112.05230127000004,-7.5580661259999715,0],[112.05230082300011,-7.5580661499999451,0],[112.0523664860001,-7.557524649999948,0],[112.0523683560001,-7.5575092319999726,0],[112.05236904200001,-7.5575035739999521,0],[112.0523709250001,-7.5574880449999569,0],[112.05237135600009,-7.5574844889999326,0],[112.05231283100011,-7.557480006999981,0],[112.05230362100008,-7.5574793019999333,0],[112.05217444000004,-7.5574694099999533,0],[112.0520838000001,-7.5574532889999659,0],[112.05208210500007,-7.5574529879999659,0],[112.05191226600004,-7.5574227819999464,0],[112.05187575400009,-7.5574162879999562,0],[112.05181138100011,-7.557398611999929,0],[112.05181096300009,-7.5573984969999515,0],[112.05182755400006,-7.5572573709999347,0],[112.05183658900012,-7.5571805189999282,0],[112.05185289500002,-7.5570418129999553,0],[112.05186255800004,-7.5569596179999508,0],[112.05186465800011,-7.5569417519999433,0],[112.05186783500005,-7.5569147329999282,0],[112.05187160900005,-7.5568826299999614,0],[112.05187815500005,-7.5568269469999336,0],[112.05188001100009,-7.5568111589999489,0],[112.0518801180001,-7.5568102459999409,0],[112.05188103800003,-7.5568024229999651,0],[112.05188145400007,-7.5567988889999356,0],[112.0518501790001,-7.5567948049999814,0],[112.05180256300002,-7.5567885859999251,0],[112.05172771500008,-7.5567788109999583,0],[112.05171586200004,-7.5567772629999581,0],[112.05170671600001,-7.5567760689999659,0],[112.05169900600004,-7.5567750619999288,0],[112.05167395100011,-7.5567717899999707,0],[112.05167090900011,-7.5567713929999627,0],[112.05166720300008,-7.5567709089999653,0],[112.05166577800003,-7.5567707219999534,0],[112.05166556200004,-7.5567706939999653,0],[112.05166566900004,-7.556768854999973,0],[112.05166577200009,-7.5567670859999794,0],[112.05166755000005,-7.5567365949999612,0],[112.05166791900001,-7.5567302749999499,0],[112.05166801100006,-7.5567286969999259,0],[112.05167073500002,-7.5566819759999362,0],[112.05167119900011,-7.5566740099999379,0],[112.05167223900003,-7.5566561769999794,0],[112.05167393400006,-7.5566271019999363,0],[112.05167453700005,-7.55661676699998,0],[112.05167576300005,-7.5565957489999391,0],[112.05167658300002,-7.5565816889999269,0],[112.05167784900004,-7.5565599689999772,0],[112.05167904000007,-7.556539546999943,0],[112.05167987300001,-7.5565252659999373,0],[112.05168131500011,-7.5565005309999265,0],[112.05168244700008,-7.5564811099999361,0],[112.05168327300009,-7.556466951999937,0],[112.05168434400002,-7.5564485779999586,0],[112.0516847990001,-7.5564407829999709,0],[112.05168486500008,-7.5564396529999271,0],[112.05168519000006,-7.5564340819999529,0],[112.05168522500003,-7.5564334839999674,0],[112.05168571500008,-7.556425069999932,0],[112.05168580300005,-7.5564235639999424,0],[112.05168607500002,-7.5564188869999498,0],[112.05168619800008,-7.5564167789999601,0],[112.05168628500007,-7.5564152889999718,0],[112.05166371700011,-7.5564153429999692,0],[112.05163118700011,-7.5564154219999295,0],[112.05156511500002,-7.5564155809999534,0],[112.05155679000006,-7.5564156009999692,0],[112.05154704100005,-7.556417000999943,0],[112.05151256500005,-7.5564219499999581,0],[112.05151025100008,-7.5564222819999713,0],[112.05151016500008,-7.5564222939999581,0],[112.05151056700004,-7.5564035569999533,0],[112.05151081400004,-7.5563920339999413,0],[112.0515111520001,-7.556376289999946,0],[112.05151159500008,-7.5563556589999621,0],[112.05151171700004,-7.5563499679999495,0],[112.05151216600007,-7.5563290479999523,0],[112.05151255400006,-7.5563109509999435,0],[112.05151280900009,-7.5562990859999672,0],[112.05151341100009,-7.5562710389999665,0],[112.05151342600004,-7.5562703209999427,0],[112.05151359100012,-7.5562626149999801,0],[112.05151404900005,-7.556241244999967,0],[112.05151431200011,-7.5562289959999589,0],[112.05151444300009,-7.5562228899999582,0],[112.05151495500002,-7.55619900399995,0],[112.05151507200003,-7.5561935739999626,0],[112.05151521100004,-7.5561870849999764,0],[112.05151535100003,-7.5561805709999703,0],[112.05151537300003,-7.556179545999953,0],[112.05151546000002,-7.5561755069999776,0],[112.05151551800009,-7.5561727929999734,0],[112.05151555000009,-7.5561713009999494,0],[112.05151570200007,-7.5561642079999274,0],[112.05151576300011,-7.5561613879999641,0],[112.05151585900001,-7.5561569089999807,0],[112.05151596500002,-7.5561519589999762,0],[112.05151598500004,-7.5561510489999364,0],[112.0515160650001,-7.5561473369999703,0],[112.05151621400012,-7.5561404089999655,0],[112.0515162690001,-7.5561378239999613,0],[112.05151638400002,-7.5561324509999395,0],[112.05151647700006,-7.5561281319999694,0],[112.05151662800006,-7.5561211119999712,0],[112.05151670100008,-7.5561177219999536,0],[112.05151677100002,-7.5561144739999691,0],[112.05151690500008,-7.5561082399999577,0],[112.05151699200007,-7.5561041799999771,0],[112.05151707400012,-7.5561003349999396,0],[112.05151709400002,-7.5560994149999487,0],[112.05151712300005,-7.556098082999938,0],[112.05151717600006,-7.5560955969999668,0],[112.05151721800007,-7.5560936169999309,0],[112.05151727300006,-7.5560910339999623,0],[112.05151731900003,-7.5560888799999475,0],[112.05151739400003,-7.5560853899999643,0],[112.05151741700001,-7.5560843129999284,0],[112.05151748300011,-7.5560812229999783,0],[112.05151754100007,-7.5560784979999767,0],[112.05151756800001,-7.5560772609999276,0],[112.05151763900005,-7.556073931999947,0],[112.05151768200005,-7.5560719119999362,0],[112.05151773400007,-7.5560695089999399,0],[112.05151782600001,-7.5560652379999738,0],[112.05151785400005,-7.5560639529999776,0],[112.05151792100003,-7.5560608249999746,0],[112.05151796400003,-7.5560588409999809,0],[112.05151802800003,-7.5560558299999343,0],[112.05151806300012,-7.5560542039999632,0],[112.05151812500003,-7.5560513119999655,0],[112.05151817300009,-7.5560490769999547,0],[112.0515182370001,-7.5560460849999345,0],[112.05151827200007,-7.5560444539999594,0],[112.05151833400009,-7.5560415809999313,0],[112.05151839400003,-7.5560387829999627,0],[112.05151841500003,-7.5560377859999335,0],[112.05151847800005,-7.556034833999945,0],[112.05151849700007,-7.556033943999978,0],[112.05151857300007,-7.5560303789999352,0],[112.05151857400006,-7.556030309999926,0],[112.05151861800005,-7.5560282889999257,0],[112.05151863000003,-7.5560277439999481,0],[112.05151864800007,-7.5560269079999784,0],[112.0515186560001,-7.5560265229999573,0],[112.05151866500012,-7.5560261059999334,0],[112.05151873300008,-7.5560229399999344,0],[112.05151640800011,-7.5560227779999423,0],[112.05148839300011,-7.5560208289999764,0],[112.05139364500008,-7.5560142359999531,0],[112.05138137400002,-7.5560133819999464,0],[112.05133152500002,-7.5560099129999685,0],[112.05130567800006,-7.5560081139999511,0],[112.05130554900006,-7.5560081049999326,0],[112.05130788600002,-7.5559386089999521,0],[112.05130911600008,-7.5559020239999768,0],[112.05131001700011,-7.555875235999963,0],[112.05131176400005,-7.5558232889999317,0],[112.05131230500001,-7.5558072149999589,0],[112.05131241400011,-7.5558039779999717,0],[112.05131263100009,-7.5557975219999776,0],[112.05131333400004,-7.5557766089999632,0],[112.05131336500006,-7.5557756849999578,0],[112.05131361500003,-7.5557682449999675,0],[112.05131429700009,-7.5557479749999743,0],[112.05131438100011,-7.5557454709999661,0],[112.05131477900011,-7.5557336229999805,0],[112.0513151670001,-7.5557220779999739,0],[112.05131546700011,-7.5557131709999794,0],[112.05131579500005,-7.5557034109999677,0],[112.05131606600003,-7.5556953609999482,0],[112.05131636300007,-7.5556865389999643,0],[112.05131684900005,-7.5556720839999798,0],[112.05131700900006,-7.5556673339999634,0],[112.05131755400009,-7.5556511289999548,0],[112.05131782600006,-7.5556430439999644,0],[112.05131820400004,-7.5556318139999803,0],[112.05131860100005,-7.5556200099999273,0],[112.05131913200012,-7.5556041999999479,0],[112.05131921400005,-7.5556017609999344,0],[112.05131962100006,-7.5555896659999462,0],[112.05132001100003,-7.5555780689999779,0],[112.05132006100007,-7.5555765759999645,0],[112.0513206060001,-7.5555603599999586,0],[112.05132099200011,-7.5555488719999744,0],[112.05132112300009,-7.5555449839999369,0],[112.05132162400002,-7.5555300669999497,0],[112.05132185700006,-7.5555231459999277,0],[112.05132220700011,-7.5555127179999317,0],[112.05132232800008,-7.5555091319999406,0],[112.0511656650001,-7.5555040239999585,0],[112.05111727800011,-7.5555024459999345,0],[112.05103390500005,-7.5555001999999263,0],[112.05093247800005,-7.5554974679999418,0],[112.05066657900011,-7.5554903039999317,0],[112.05065049200005,-7.5554898709999634,0],[112.05063580400008,-7.5554894749999448,0],[112.05057140300005,-7.5554877399999327,0],[112.05038792300002,-7.5554827969999678,0],[112.05038343000001,-7.5554826759999401,0],[112.05043091500011,-7.5554459399999701,0],[112.05043493300002,-7.5554428319999261,0],[112.0504555120001,-7.5554269109999268,0],[112.05048761700004,-7.5554020719999357,0],[112.05050146600001,-7.5553913579999517,0],[112.05050909200008,-7.5553854579999324,0],[112.05058665100012,-7.5553095759999565,0],[112.05058901400002,-7.5551029149999636,0],[112.0505908450001,-7.5549796529999753,0],[112.05064082600006,-7.5549800039999582,0],[112.05064427400009,-7.5549800279999317,0],[112.05064562100006,-7.5549800369999502,0],[112.05070271300008,-7.5549804379999728,0],[112.05070662800006,-7.5549804649999714,0],[112.05074905000004,-7.5549807619999569,0],[112.05076523800005,-7.5549808759999451,0],[112.05076798300001,-7.5549808949999715,0],[112.05076834900001,-7.5549739049999403,0],[112.0507696410001,-7.55494925499994,0],[112.05076983600009,-7.5549455449999527,0],[112.05077012100003,-7.5549401119999402,0],[112.0507702000001,-7.5549386109999546,0],[112.0507702540001,-7.5549375849999478,0],[112.05077028900007,-7.5549369169999636,0],[112.05077037700005,-7.5549352299999555,0],[112.0507704260001,-7.554934302999925,0],[112.05077058600011,-7.5549312569999643,0],[112.05077097200001,-7.5549238859999264,0],[112.05077123300009,-7.554918898999972,0],[112.05077156400012,-7.5549125939999726,0],[112.0507730600001,-7.5548840619999282,0],[112.0507738230001,-7.5548695159999397,0],[112.05077477600003,-7.5548513429999389,0],[112.05077566000011,-7.5548344779999752,0],[112.05077687500011,-7.5548112989999368,0],[112.05077733100006,-7.5548025999999595,0],[112.05077882400008,-7.5547741169999654,0],[112.05077930800007,-7.5547648819999722,0],[112.05078016700008,-7.5547484989999703,0],[112.05078103500011,-7.5547319499999617,0],[112.05078178500003,-7.5547176479999507,0],[112.05078241500007,-7.55470562499994,0],[112.05078305400002,-7.5546934349999333,0],[112.05078400600007,-7.5546752769999443,0],[112.05078441800003,-7.5546674259999804,0],[112.05078513100011,-7.5546538339999643,0],[112.0507856370001,-7.5546441869999512,0],[112.05078657700005,-7.5546262639999782,0],[112.05078695100008,-7.554619124999931,0],[112.05078802700007,-7.5545985979999273,0],[112.05078848700009,-7.5545898149999289,0],[112.05078956200009,-7.5545693039999264,0],[112.05079042000011,-7.5545529309999324,0],[112.05079075600008,-7.554546519999974,0],[112.0507916570001,-7.5545293299999798,0],[112.0507925930001,-7.5545114819999526,0],[112.05079411100007,-7.5544825289999267,0],[112.05079418900004,-7.5544810399999278,0],[112.05079471100009,-7.5544710809999742,0],[112.05079486400007,-7.5544681649999461,0],[112.0507952260001,-7.5544612629999506,0],[112.05079556800001,-7.5544547319999538,0],[112.05079564700009,-7.5544532299999787,0],[112.05079594300003,-7.5544475819999661,0],[112.050796332,-7.5544401559999415,0],[112.05079759900002,-7.554415990999928,0],[112.050798353,-7.5544016019999276,0],[112.05079902500006,-7.5543887879999261,0],[112.05080554900007,-7.554354711999963,0],[112.05080646500005,-7.5543499269999757,0],[112.05081434900001,-7.554308745999947,0],[112.05081633200007,-7.5542983869999603,0],[112.0508170600001,-7.5542945859999691,0],[112.05082091500003,-7.5542744489999336,0],[112.0508264130001,-7.5542457339999487,0],[112.05082746500011,-7.554240239999956,0],[112.05082784000001,-7.554238282999961,0],[112.05083437100006,-7.5542041699999345,0],[112.05083510000009,-7.5542003609999711,0],[112.05084153500002,-7.5541667489999327,0],[112.05084165200003,-7.5541661389999604,0],[112.05084342000009,-7.5541561169999341,0],[112.05085338100002,-7.5540996689999815,0],[112.05085595300011,-7.5540850919999798,0],[112.05086212900005,-7.5540500919999545,0],[112.05086512500009,-7.5540331169999604,0],[112.05086997800004,-7.5540056149999373,0],[112.0508718750001,-7.5539948619999677,0],[112.05087395100009,-7.5539831009999716,0],[112.05087499600006,-7.5539771779999683,0],[112.05087503400011,-7.5539769609999325,0],[112.05087622700012,-7.5539701989999344,0],[112.05087713700004,-7.5539650449999272,0],[112.0508773790001,-7.5539640699999495,0],[112.05087907600011,-7.5539572259999659,0],[112.05087920400001,-7.5539567079999301,0],[112.05089629300005,-7.5538877889999299,0],[112.05094482000004,-7.5536920839999766,0],[112.0509526080001,-7.5536624089999691,0],[112.05097975500007,-7.553558968999937,0],[112.05099191300008,-7.5535126409999407,0],[112.05105887600007,-7.5532574849999605,0],[112.05110958600005,-7.5530838899999253,0],[112.05114806400002,-7.5529521679999334,0],[112.051152333,-7.5528889189999404,0],[112.05115481900009,-7.5528520839999373,0],[112.05115536400001,-7.5528439999999364,0],[112.05115619700007,-7.5528316549999772,0],[112.05115664000004,-7.5528250919999778,0],[112.05115750200002,-7.5528123159999723,0],[112.05115872800002,-7.5527941529999794,0],[112.05115930500006,-7.5527856069999757,0],[112.05116115100009,-7.55275824499995,0],[112.05116185000008,-7.5527478869999527,0],[112.0511632680001,-7.5527268829999343,0],[112.05116419600006,-7.5527131359999657,0],[112.05116507800005,-7.5527000719999364,0],[112.05116630900011,-7.5526818309999726,0],[112.0511668900001,-7.5526732189999279,0],[112.05116828500002,-7.5526525359999255,0],[112.05116843300004,-7.5526503479999292,0],[112.05116864000001,-7.5526472759999592,0],[112.05116864900003,-7.5526471449999804,0],[112.05116866200001,-7.5526469489999499,0],[112.05116811300002,-7.5526468029999592,0],[112.05107030600004,-7.5526207509999495,0],[112.05091263400004,-7.5525787539999669,0],[112.05091316900007,-7.552575309999952,0],[112.05094166300012,-7.5523915539999393,0],[112.05094261400006,-7.5523854209999399,0],[112.05095483200012,-7.5523066279999398,0],[112.05098308700008,-7.55212440899993,0],[112.05099613600009,-7.5520402569999305,0],[112.05101512700003,-7.5519177899999477,0],[112.05102159100011,-7.5518660759999534,0],[112.05102355100007,-7.5518503989999317,0],[112.05103463300009,-7.5517617499999687,0],[112.05105174300002,-7.5516248869999458,0],[112.05106087700005,-7.5515518159999715,0],[112.05106634200001,-7.5515081009999676,0],[112.05106949600008,-7.5514828759999659,0],[112.05122300800008,-7.5514992569999322,0],[112.05122696500007,-7.5514298619999636,0],[112.05123329500009,-7.5513188599999808,0],[112.05123703300001,-7.551253299999928,0],[112.05124016700006,-7.5511983369999598,0],[112.05124279600011,-7.5511522399999649,0],[112.05124845500006,-7.5510529999999676,0],[112.05125521500008,-7.550934439999935,0],[112.05146015700007,-7.5509486379999657,0],[112.05148916300004,-7.5509501349999368,0],[112.05170043800001,-7.5509610439999619,0],[112.05182599800003,-7.5509675259999653,0],[112.05209419700009,-7.5509813729999564,0],[112.05211997300012,-7.5509827039999777,0],[112.05216250700005,-7.5509848999999463,0],[112.05217037600005,-7.5508850929999767,0],[112.05241131700006,-7.5509063659999356,0],[112.0525520110001,-7.5509187879999331,0],[112.05257706100008,-7.5509190809999609,0],[112.05257749000009,-7.5509154969999486,0],[112.05257705200006,-7.5509154919999446,0],[112.0525771560001,-7.5509146259999511,0],[112.05257812600007,-7.5509065339999779,0],[112.05258639600004,-7.5508375429999433,0],[112.05259012100009,-7.5508064669999726,0],[112.05259020200003,-7.5508057929999381,0],[112.0526107390001,-7.5506344579999336,0],[112.05261128200004,-7.5506299329999251,0],[112.05261165600007,-7.5506268139999406,0],[112.0526126420001,-7.5506185899999423,0],[112.05261330300004,-7.55061307699998,0],[112.05261457000006,-7.550602501999947,0],[112.05261564800003,-7.5505935089999525,0],[112.05261741400011,-7.550578772999927,0],[112.05261834500004,-7.5505710079999631,0],[112.05261945400002,-7.550561752999954,0],[112.05262045400002,-7.5505534099999636,0],[112.05262067600006,-7.550551559999974,0],[112.05262197500008,-7.5505407279999304,0],[112.05262262000008,-7.5505353429999786,0],[112.05262314100003,-7.5505309999999781,0],[112.05262346400002,-7.5505283059999329,0],[112.0526238330001,-7.5505252299999484,0],[112.05262548500002,-7.5505114449999269,0],[112.05262586300012,-7.5505082949999291,0],[112.05262686600008,-7.5504999269999757,0],[112.05262782800003,-7.5504918979999616,0],[112.05262841600006,-7.5504869919999464,0],[112.05262972300011,-7.5504760919999399,0],[112.05263001200001,-7.5504736829999501,0],[112.0526319920001,-7.5504571609999402,0],[112.05263213500007,-7.5504559689999269,0],[112.05263260000004,-7.5504520919999436,0],[112.05263619200002,-7.5504221289999691,0],[112.05264167900009,-7.5503763519999438,0],[112.0526454300001,-7.5503450559999692,0],[112.05265607300009,-7.5502562599999692,0],[112.05265625600009,-7.5502546899999743,0],[112.05271467600005,-7.5497458169999732,0],[112.05271742600007,-7.549723356999948,0],[112.05271994400005,-7.5497234239999784,0],[112.05281717300011,-7.5497296969999752,0],[112.05282678900005,-7.5497303169999554,0],[112.05284000600011,-7.5497311699999727,0],[112.05294831100002,-7.5497381579999683,0],[112.05296088400007,-7.549738968999975,0],[112.05303746700008,-7.549743909999961,0],[112.05306564500006,-7.549745727999948,0],[112.05308876000004,-7.5497472189999257,0],[112.05308913200008,-7.5497380769999722,0],[112.05309058900002,-7.5497023109999759,0],[112.0530930000001,-7.5496431159999702,0],[112.05310917600002,-7.5492458959999453,0],[112.05311596900003,-7.5490791059999651,0],[112.05311908800002,-7.5490025259999811,0],[112.05312021900011,-7.5489747459999421,0],[112.05312084700006,-7.5489593179999588,0],[112.05312493600002,-7.5488589159999719,0],[112.05312796900012,-7.5487844349999591,0],[112.05313140700002,-7.5487000069999795,0],[112.05313245400009,-7.5486743009999486,0],[112.0531336790001,-7.5486442239999292,0],[112.05313657400006,-7.5485731319999445,0],[112.05313732900004,-7.5485545989999423,0],[112.05313760600006,-7.5485477999999375,0],[112.05313762600008,-7.5485473209999441,0],[112.05313807400012,-7.5485363119999533,0],[112.05313939500002,-7.5485038569999574,0],[112.05313955500003,-7.5484999349999384,0],[112.05314075000001,-7.5484705919999442,0],[112.0531413870001,-7.5484549519999291,0],[112.05314150400011,-7.5484520709999288,0],[112.05314171100008,-7.548446973999944,0],[112.05314174300008,-7.5484461839999426,0],[112.05314207600009,-7.5484380159999773,0],[112.05314215200008,-7.5484361419999573,0],[112.05314220700006,-7.5484347919999664,0],[112.05314224600011,-7.5484338349999689,0],[112.05314229800001,-7.5484325669999635,0],[112.05312599400008,-7.5484309429999712,0],[112.05310046800003,-7.5484283999999775,0],[112.05308952700011,-7.5484273099999655,0],[112.05305646000011,-7.5484240159999558,0],[112.05302314200003,-7.5484206959999369,0],[112.05302306700003,-7.5484206889999541,0],[112.0530230710001,-7.5484204499999805,0],[112.05302311500009,-7.5484180879999485,0],[112.05302326900005,-7.5484097839999436,0],[112.05302338700005,-7.5484033969999587,0],[112.05302362600003,-7.5483904789999769,0],[112.05302370000004,-7.5483865029999606,0],[112.05302390800011,-7.5483752499999355,0],[112.05302402400002,-7.5483689849999678,0],[112.05302417200005,-7.5483610059999364,0],[112.05302430100005,-7.5483540049999647,0],[112.05302443700009,-7.5483466779999731,0],[112.05302452600006,-7.54834184799995,0],[112.05302476400004,-7.5483289779999723,0],[112.05302482000002,-7.5483260059999679,0],[112.05302502900008,-7.5483146769999507,0],[112.05302514300001,-7.5483085359999791,0],[112.05302544600011,-7.5482921879999481,0],[112.05302549800001,-7.5482893919999583,0],[112.05302585700008,-7.5482700119999322,0],[112.05302591600002,-7.5482668489999583,0],[112.05302620300006,-7.5482513159999485,0],[112.05302628800007,-7.5482467469999506,0],[112.05302648700001,-7.5482360019999533,0],[112.05302663300006,-7.5482281289999378,0],[112.05302726200011,-7.5481941879999681,0],[112.0530279510001,-7.5481569849999346,0],[112.05302845500012,-7.548129759999938,0],[112.05302951600004,-7.5480724699999655,0],[112.05303088100004,-7.5479986819999567,0],[112.05303245900006,-7.54791350499994,0],[112.05303307500003,-7.5478802249999717,0],[112.05303486300011,-7.5477836929999285,0],[112.05303584100011,-7.5477308979999407,0],[112.05303671500008,-7.5476837139999589,0],[112.05303756300009,-7.5476379269999256,0],[112.05303811500005,-7.5476081139999565,0],[112.05303771100012,-7.5472744509999643,0],[112.05307559200003,-7.5470550449999791,0],[112.0530916240001,-7.5469472259999293,0],[112.05310798300002,-7.5468372069999532,0],[112.05310880500008,-7.546831678999979,0],[112.05313387800004,-7.546663055999943,0],[112.05313717400008,-7.5466408929999602,0],[112.05315274400004,-7.5465361829999438,0],[112.05315775400004,-7.5465024929999345,0],[112.0531695630001,-7.5464230759999396,0],[112.05318246200011,-7.5463363259999596,0],[112.05318863500008,-7.5462948149999534,0],[112.05318888500005,-7.5462931309999703,0],[112.0531894070001,-7.5462896189999356,0],[112.05319471000007,-7.5462539519999723,0],[112.05319532500005,-7.5462498139999639,0],[112.05319533300008,-7.5462497589999771,0],[112.05320784200001,-7.5461656319999406,0],[112.05307092500004,-7.5461683029999449,0],[112.05298924400006,-7.5461698969999702,0],[112.05295164800009,-7.5460774459999698,0],[112.0528915430001,-7.5459296399999403,0],[112.05289256800006,-7.5458519069999284,0],[112.05289517400001,-7.545654299999967,0],[112.05289520700001,-7.5456517769999323,0],[112.05290301100001,-7.5450599569999781,0],[112.05290383900001,-7.5449971519999508,0],[112.05282716000011,-7.5448399439999321,0],[112.05276386700007,-7.5447861679999733,0],[112.05262109900002,-7.544695747999981,0],[112.05249260900007,-7.5446433999999272,0],[112.05229273400005,-7.5446529179999402,0],[112.05213568900001,-7.5446719539999663,0],[112.05202147500006,-7.5446434009999734,0]]]},"properties":{"OBJECTID":3819,"NAMOBJ":"Baron","FCODE":"BA03070040","REMARK":null,"METADATA":"TASWIL1000020260612KECAMATAN_AR","SRS_ID":"4326","KDBBPS":null,"KDCBPS":null,"KDCPUM":"35.18.10","KDEBPS":null,"KDEPUM":null,"KDPBPS":null,"KDPKAB":"35.18","KDPPUM":"35","LUASWH":39.539271696198313,"TIPADM":3,"WADMKC":"Baron","WADMKD":null,"WADMKK":"Nganjuk","WADMPR":"Jawa Timur","WIADKC":null,"WIADKK":null,"WIADPR":null,"WIADKD":null,"UUPP":null,"SHAPE_Length":0.36559619855430686,"SHAPE_Area":0.0032398050799908326}}]}