{"type":"FeatureCollection","features":[{"type":"Feature","id":3969,"geometry":{"type":"Polygon","coordinates":[[[112.59516000100007,-7.22593999999998,0],[112.59472000000005,-7.2257099999999355,0],[112.5944300000001,-7.2256000009999752,0],[112.59419000000003,-7.2254999999999541,0],[112.59363000000008,-7.2251699999999346,0],[112.59311000100001,-7.2246499999999401,0],[112.59289000000001,-7.2245199999999272,0],[112.59246000000007,-7.2243499999999585,0],[112.59201000000007,-7.2242599999999584,0],[112.59160000000008,-7.224239999999952,0],[112.59126000100002,-7.2242699999999331,0],[112.59117000000003,-7.2243499999999585,0],[112.59116771900005,-7.2243534879999629,0],[112.59099999900002,-7.2246099999999274,0],[112.59095000100001,-7.2247599999999466,0],[112.59095000100001,-7.2249099999999657,0],[112.59099999900002,-7.2250199999999722,0],[112.59103000000005,-7.2250699999999597,0],[112.59122000100001,-7.2253500019999706,0],[112.59144000000003,-7.2256200009999816,0],[112.59170000000006,-7.225819999999942,0],[112.59193000000005,-7.2259499999999548,0],[112.59242000000006,-7.2261499999999614,0],[112.59259999900007,-7.2261599999999362,0],[112.59305000000006,-7.2261199999999803,0],[112.59355000000005,-7.2260599999999613,0],[112.59374999900001,-7.226099999999974,0],[112.59386000000006,-7.2261799999999425,0],[112.59397000100012,-7.2263299999999617,0],[112.59408000000008,-7.2265299999999684,0],[112.59413999900005,-7.226859999999931,0],[112.59415000000001,-7.22726000199998,0],[112.59409000000005,-7.2279600009999285,0],[112.5940700000001,-7.2283199999999397,0],[112.5940700000001,-7.2295200009999689,0],[112.59424000000001,-7.2302199999999743,0],[112.59434000100009,-7.2307300009999267,0],[112.59432000100003,-7.2309099999999376,0],[112.59422000000006,-7.2311699999999632,0],[112.59405000000004,-7.231550001999949,0],[112.59382000000005,-7.2317499999999768,0],[112.59368000000006,-7.2318199999999706,0],[112.59357393200003,-7.2318553559999259,0],[112.59317000100009,-7.2319899999999393,0],[112.59311726800001,-7.2320242759999473,0],[112.59296999900005,-7.2321199999999521,0],[112.59284000100001,-7.2321999999999775,0],[112.59259999900007,-7.2322599999999397,0],[112.59253139700002,-7.2322636109999507,0],[112.59241212400002,-7.2323130979999632,0],[112.59222910000005,-7.2323503529999584,0],[112.59194493700011,-7.2322690759999659,0],[112.59130264900011,-7.2319240689999447,0],[112.59106857200004,-7.2317513039999426,0],[112.5908344070001,-7.2315784529999405,0],[112.5905222240001,-7.231341954999948,0],[112.59031996900001,-7.2311324659999627,0],[112.59017280500007,-7.2309410469999307,0],[112.58998300300004,-7.230555944999935,0],[112.58984383000006,-7.2300446399999601,0],[112.58977831900006,-7.2296519629999807,0],[112.5897869910001,-7.2295056549999686,0],[112.58987789000003,-7.2293226259999415,0],[112.58999605300005,-7.2290572349999707,0],[112.59005036700012,-7.2288742409999713,0],[112.59008609000011,-7.2286273979999578,0],[112.59003884900005,-7.2282071729999302,0],[112.59001073400009,-7.2280244699999798,0],[112.59000910400005,-7.2275584299999309,0],[112.58993448400008,-7.2271657839999648,0],[112.58990668900003,-7.227074479999942,0],[112.58964968600003,-7.226901795999936,0],[112.58925527100007,-7.2267203709999421,0],[112.58905878900009,-7.2266066669999418,0],[112.58870000000002,-7.2265000019999661,0],[112.58849000100008,-7.2265299999999684,0],[112.58832000000007,-7.2265899999999306,0],[112.5881700000001,-7.2267099999999687,0],[112.58801000000005,-7.2268799999999374,0],[112.58789999900011,-7.2270599999999376,0],[112.58773000100007,-7.2274299999999698,0],[112.58769000100006,-7.2277699999999641,0],[112.58770000000004,-7.228149999999971,0],[112.58774000000005,-7.2282899999999586,0],[112.58783000000005,-7.2284500019999314,0],[112.58797000000004,-7.2285999999999717,0],[112.58805000000007,-7.2286499999999592,0],[112.58830000000012,-7.2288099999999531,0],[112.58855632700011,-7.2289578809999284,0],[112.58856000000003,-7.2289599999999723,0],[112.58856428500007,-7.2289615129999447,0],[112.58890000100007,-7.2290799999999535,0],[112.58939000000009,-7.2292599999999538,0],[112.58941999900003,-7.2293799999999351,0],[112.58952000000011,-7.2294399999999541,0],[112.58949000000007,-7.2296400019999396,0],[112.58943000000011,-7.2298499999999422,0],[112.58929000100011,-7.2301599999999553,0],[112.58914000000004,-7.2303200009999387,0],[112.58873000000006,-7.2306399999999371,0],[112.58863999900007,-7.2306299999999624,0],[112.58858000000009,-7.230549999999937,0],[112.58857404900004,-7.2305217319999429,0],[112.58837200000005,-7.2305918489999499,0],[112.58811558900004,-7.2306110049999575,0],[112.58783152400008,-7.2305571189999682,0],[112.58757367100009,-7.2304633549999267,0],[112.58752000000004,-7.2304599999999368,0],[112.58711000000005,-7.2304400019999662,0],[112.58710981200011,-7.2304317059999335,0],[112.58632001700005,-7.2304344559999549,0],[112.58597248300009,-7.2305727239999555,0],[112.58534161700004,-7.2308673819999285,0],[112.58530228200004,-7.2308832469999516,0],[112.58529000100009,-7.230959999999925,0],[112.58506000000011,-7.2309999999999377,0],[112.58501360600008,-7.2309768039999653,0],[112.58473924000009,-7.231024343999934,0],[112.58432732500012,-7.2310714339999436,0],[112.58388802900004,-7.2311460979999538,0],[112.58361348500011,-7.231210970999939,0],[112.58335718100011,-7.2312392529999556,0],[112.58298156500007,-7.2312040339999726,0],[112.58254171600004,-7.2311416449999797,0],[112.58231594300003,-7.2311111119999509,0],[112.58221191300004,-7.2310970439999664,0],[112.58191885200006,-7.2310980629999335,0],[112.58146995700008,-7.2310539639999547,0],[112.58102090300008,-7.2309641209999427,0],[112.5807092660001,-7.230882931999929,0],[112.58039743800009,-7.2307469559999618,0],[112.58012206700005,-7.2305743319999465,0],[112.57998404800003,-7.2303920069999776,0],[112.57976345300006,-7.2301460509999629,0],[112.57955211400008,-7.229963980999969,0],[112.57933196200008,-7.22984594899998,0],[112.57902924300004,-7.2297099409999532,0],[112.5788917320001,-7.2296738929999265,0],[112.57866277900007,-7.22966555499994,0],[112.57865325300008,-7.2296719369999778,0],[112.57865000000004,-7.2297499999999673,0],[112.5786200010001,-7.229919999999936,0],[112.57861000000003,-7.2300799999999299,0],[112.57865000000004,-7.2302899999999681,0],[112.57884000000001,-7.2307799999999816,0],[112.57908000000009,-7.2312899999999445,0],[112.57917000100008,-7.23145999999997,0],[112.57937000000004,-7.2316699999999514,0],[112.57961000000012,-7.2319000009999286,0],[112.57982000000004,-7.2321099999999774,0],[112.58000000000004,-7.2323399999999651,0],[112.58003000000008,-7.23243999999994,0],[112.58010000000002,-7.2326800009999488,0],[112.58012000000008,-7.2328099999999722,0],[112.58014000000003,-7.2329399999999282,0],[112.58015000000012,-7.2331500019999453,0],[112.58014000000003,-7.2332799999999793,0],[112.58012000000008,-7.23340000099995,0],[112.58013000000005,-7.2335499999999797,0],[112.58009000000004,-7.2336999999999421,0],[112.58003000000008,-7.2338799999999424,0],[112.57997161900005,-7.234038461999944,0],[112.57996000000003,-7.2340699999999742,0],[112.57981000100006,-7.2343000019999408,0],[112.57964000000004,-7.2344799999999623,0],[112.57946000100003,-7.2346799999999689,0],[112.57944613800009,-7.2346933469999612,0],[112.57919000000004,-7.2349399999999378,0],[112.5789400000001,-7.2352099999999382,0],[112.57866000100012,-7.2354500019999364,0],[112.57838000000004,-7.2356599999999389,0],[112.57810000000006,-7.2358699999999772,0],[112.57789000000002,-7.2359899999999584,0],[112.57784084200011,-7.2360168149999708,0],[112.57756000000006,-7.2361700009999481,0],[112.57732999900009,-7.2362700019999693,0],[112.57698000000005,-7.2363199999999779,0],[112.57671000100004,-7.2363699999999653,0],[112.57650000000001,-7.236409999999978,0],[112.57630000100005,-7.2364799999999718,0],[112.5761500000001,-7.2365499999999656,0],[112.57598000000007,-7.2366499999999405,0],[112.57592849600007,-7.2367015039999387,0],[112.57583000000011,-7.2367999999999597,0],[112.57572000000005,-7.236930000999962,0],[112.57566000000008,-7.237070001999939,0],[112.57560000100011,-7.2372199999999793,0],[112.57558000100005,-7.2375099999999293,0],[112.57555000000002,-7.237750000999938,0],[112.57561353400001,-7.2379587499999616,0],[112.57562000100006,-7.2379799999999364,0],[112.57566000000008,-7.2381499999999619,0],[112.57572999900003,-7.2382600019999472,0],[112.5757900000001,-7.2382999999999811,0],[112.5758726680001,-7.2383254359999682,0],[112.57592000000011,-7.2383399999999369,0],[112.57608000000005,-7.2383399999999369,0],[112.57625000000007,-7.2382799999999747,0],[112.57654000000002,-7.2381400009999766,0],[112.5767300010001,-7.2380599999999617,0],[112.57686000000001,-7.2380399999999554,0],[112.57693999900005,-7.2380399999999554,0],[112.57704000000001,-7.2380699999999365,0],[112.57714000100009,-7.2381499999999619,0],[112.57719000000009,-7.2383299999999622,0],[112.57720000100005,-7.2385900019999667,0],[112.57716000100004,-7.2390099999999507,0],[112.57716000100004,-7.2390699999999697,0],[112.57714194900007,-7.2391061039999727,0],[112.57711000000006,-7.2391699999999446,0],[112.57708000100001,-7.2392599999999447,0],[112.57688000000007,-7.2398099999999772,0],[112.57684000000006,-7.2399199999999269,0],[112.57681000100001,-7.2399799999999459,0],[112.57674000000009,-7.2401599999999462,0],[112.57672298800003,-7.2402042349999647,0],[112.57669000100009,-7.240289999999959,0],[112.57664000000011,-7.2403899999999339,0],[112.57648000000006,-7.2406899999999723,0],[112.57630000100005,-7.241019999999935,0],[112.57621000000006,-7.2413299999999481,0],[112.57607000000007,-7.2417399999999361,0],[112.57597000100009,-7.2418499999999426,0],[112.57578000000001,-7.2419499999999744,0],[112.5755600010001,-7.2420299999999429,0],[112.57523000100002,-7.2420699999999556,0],[112.57477000000006,-7.2420699999999556,0],[112.57476256000007,-7.2420694279999793,0],[112.57475523500011,-7.2420709819999729,0],[112.57471357800011,-7.2420656599999802,0],[112.57438000000002,-7.2420400009999639,0],[112.57432000000006,-7.2420299999999429,0],[112.57375999900012,-7.2419499999999744,0],[112.57356000000004,-7.2418399999999679,0],[112.57338000000004,-7.2416900009999381,0],[112.57333792600002,-7.24161111199993,0],[112.57330000100001,-7.2415399999999295,0],[112.57313000000011,-7.2411999999999352,0],[112.57281000100011,-7.241010001999939,0],[112.57258999900012,-7.2409300019999705,0],[112.57235000000003,-7.2408900009999684,0],[112.5722300000001,-7.2409300019999705,0],[112.57216070800007,-7.2409992919999695,0],[112.57216000000005,-7.2409999999999286,0],[112.57213000000002,-7.2411099999999351,0],[112.57208000000003,-7.2416900009999381,0],[112.57215000000008,-7.242450000999952,0],[112.57227000000012,-7.2429699999999571,0],[112.57225999900004,-7.2432900019999806,0],[112.57221000000004,-7.2436200009999538,0],[112.5721400000001,-7.244130001999963,0],[112.57216046000008,-7.2445596509999746,0],[112.57217000000003,-7.2447599999999284,0],[112.57220210300011,-7.2448884119999661,0],[112.57220991100007,-7.2449196429999461,0],[112.5722300000001,-7.2449999999999477,0],[112.57228842500001,-7.2450803349999546,0],[112.57231000000002,-7.2451099999999542,0],[112.57252000100004,-7.2453099999999608,0],[112.57289000100002,-7.2454999999999359,0],[112.57317,-7.2455999999999676,0],[112.57336000000009,-7.2455999999999676,0],[112.57371000000001,-7.2455300009999632,0],[112.57390000000009,-7.2455199999999422,0],[112.57405000000006,-7.2455599999999549,0],[112.57423000000006,-7.2456999999999425,0],[112.57445000100006,-7.2459099999999808,0],[112.57464000000004,-7.2461799999999812,0],[112.57461000000001,-7.2462899999999308,0],[112.57455000000004,-7.246390000999952,0],[112.57445000100006,-7.2464500019999605,0],[112.57426000000009,-7.2465099999999438,0],[112.57408307800006,-7.2465099999999438,0],[112.57406000100002,-7.2465099999999438,0],[112.57386000000008,-7.2464700019999668,0],[112.57374000000004,-7.246390000999952,0],[112.57344000000001,-7.2461599999999748,0],[112.57334000000003,-7.2461799999999812,0],[112.57324000100004,-7.2462599999999497,0],[112.57278353800007,-7.2466849819999766,0],[112.57237000000009,-7.2470699999999511,0],[112.57219999900008,-7.2468299999999317,0],[112.57193000000007,-7.2468299999999317,0],[112.57180122700004,-7.2467760949999729,0],[112.57150000000001,-7.2466499999999314,0],[112.57156000000009,-7.2463199999999688,0],[112.57155000000012,-7.2461399999999685,0],[112.57139000000006,-7.246089999999981,0],[112.57096000000001,-7.2460099999999557,0],[112.57063000000005,-7.2460000009999703,0],[112.57026999900006,-7.2459299999999303,0],[112.56971000100009,-7.2457099999999741,0],[112.56960000000004,-7.2455700009999759,0],[112.56955000000005,-7.2454399999999737,0],[112.56955000000005,-7.2451800009999374,0],[112.56954000000007,-7.2448500019999642,0],[112.56946999900003,-7.244750000999943,0],[112.5693500000001,-7.2446699999999282,0],[112.56918000000007,-7.2446599999999535,0],[112.56905000000006,-7.2446999999999662,0],[112.56911000000002,-7.2445599999999786,0],[112.56915000000004,-7.2442999999999529,0],[112.56916000000001,-7.243979999999965,0],[112.56915000000004,-7.2438899999999649,0],[112.56913145500005,-7.2437601849999282,0],[112.56911999900001,-7.2436800019999623,0],[112.56904000000009,-7.2435099999999579,0],[112.56892408800002,-7.2433692489999544,0],[112.5689000000001,-7.2433399999999324,0],[112.56880000000001,-7.2432799999999702,0],[112.56866000000002,-7.2432500009999785,0],[112.56848000100001,-7.2432799999999702,0],[112.56847322900001,-7.2432824829999731,0],[112.5681800000001,-7.2433899999999767,0],[112.56799000000001,-7.2435599999999454,0],[112.56787000000008,-7.2437499999999773,0],[112.56782000100009,-7.2437899999999331,0],[112.56766235000009,-7.2439035089999493,0],[112.56757000000005,-7.2439700009999797,0],[112.56743550200008,-7.2441320089999408,0],[112.56712999900003,-7.2445000019999384,0],[112.56710496100004,-7.2445125199999438,0],[112.56705000000011,-7.2445399999999722,0],[112.56702000100006,-7.2446299999999724,0],[112.5669861020001,-7.244754296999929,0],[112.56696689800003,-7.2448247099999321,0],[112.56695310100008,-7.2449000909999768,0],[112.56693920300006,-7.2450271629999747,0],[112.56691683400004,-7.2451009209999597,0],[112.56688837800004,-7.245185006999975,0],[112.56687425300004,-7.2452465329999427,0],[112.56686038700002,-7.2454043409999258,0],[112.56684208600007,-7.2454453579999267,0],[112.56681955300007,-7.2454721079999445,0],[112.56678067700011,-7.2455008999999677,0],[112.56674580200001,-7.245521541999949,0],[112.56668629600006,-7.2455442579999385,0],[112.56657756100003,-7.2455609969999273,0],[112.56649130500011,-7.2455572269999493,0],[112.56641112400007,-7.245539057999963,0],[112.56635357200003,-7.2455228929999294,0],[112.56622398900004,-7.2454699999999548,0],[112.56609232700009,-7.2454208179999569,0],[112.56594648600003,-7.245308492999925,0],[112.56584909500009,-7.2451936499999761,0],[112.56578883100008,-7.245127044999947,0],[112.5657054400001,-7.2450444299999504,0],[112.56563581500006,-7.2449479319999455,0],[112.5654898460001,-7.2447987209999383,0],[112.56538509800009,-7.2446726009999338,0],[112.56534842800011,-7.244627161999972,0],[112.56531352400009,-7.2445744839999406,0],[112.56527500100003,-7.2445108819999291,0],[112.56522357200004,-7.2444290589999696,0],[112.56515743900002,-7.2443278469999655,0],[112.56510956700004,-7.2442602969999257,0],[112.56505886800005,-7.2441956489999484,0],[112.56499800000006,-7.2441483949999679,0],[112.56490978800002,-7.2440968039999802,0],[112.56487647100005,-7.2440709719999745,0],[112.56481428300003,-7.2440308639999671,0],[112.56476782200002,-7.2440103139999792,0],[112.56476999900008,-7.2440799999999399,0],[112.56463000000008,-7.2440900019999503,0],[112.56429000100002,-7.2442499999999654,0],[112.56422760200007,-7.244273398999951,0],[112.56421000100011,-7.2442799999999465,0],[112.56419838900001,-7.2442963219999683,0],[112.56352000000004,-7.2452499999999418,0],[112.56305000000009,-7.2458199999999806,0],[112.56287000000009,-7.2461099999999306,0],[112.56271000100003,-7.2465299999999502,0],[112.56262058300001,-7.2468087739999305,0],[112.5623700000001,-7.2475899989999562,0],[112.56259740600001,-7.247607162999941,0],[112.56290000000001,-7.2476299999999583,0],[112.56331000000011,-7.2476899999999773,0],[112.56395000000009,-7.2479500009999356,0],[112.56410000000005,-7.2480500019999567,0],[112.564250001,-7.2482299999999782,0],[112.56366000000003,-7.2484499999999343,0],[112.56341000100008,-7.2485899999999788,0],[112.5632700000001,-7.2487300009999558,0],[112.56315000000006,-7.2489199999999414,0],[112.56298000100003,-7.2492899999999736,0],[112.56289000000004,-7.2495500019999781,0],[112.56284631400001,-7.2496567919999393,0],[112.56296724900005,-7.2500430729999721,0],[112.56323368800008,-7.2504379619999781,0],[112.5634579340001,-7.250810119999926,0],[112.56412907600009,-7.2510943119999638,0],[112.56429778600011,-7.251471181999932,0],[112.56441637900002,-7.2516278109999348,0],[112.56519093600002,-7.2518246729999305,0],[112.56527554500008,-7.2516542349999327,0],[112.56536422600004,-7.2516899119999607,0],[112.56544629200005,-7.2517125929999793,0],[112.56555795400004,-7.2517644639999617,0],[112.56561391200012,-7.2518166169999745,0],[112.56566328200006,-7.2518851559999575,0],[112.56568976800008,-7.2519439199999738,0],[112.56570319700006,-7.2520485659999281,0],[112.56568379600003,-7.2521173419999627,0],[112.56565449300001,-7.2521730439999601,0],[112.56548638800007,-7.252489776999937,0],[112.56511278100004,-7.2532804089999559,0],[112.56510559200001,-7.2532956239999749,0],[112.56500821000009,-7.2534866289999513,0],[112.56483821200004,-7.25381819699993,0],[112.56479951500012,-7.2538778169999318,0],[112.56473490700012,-7.2539375279999376,0],[112.56467801200006,-7.2539817539999376,0],[112.5646185600001,-7.254020741999966,0],[112.56455387300002,-7.2540571279999426,0],[112.56449423000004,-7.2540624869999419,0],[112.56441640700007,-7.2540576009999427,0],[112.56434640500004,-7.2540475349999269,0],[112.56427633900012,-7.2540400009999644,0],[112.56418559700001,-7.2540351619999797,0],[112.5641233990001,-7.2540353769999797,0],[112.56403780100004,-7.2540278939999325,0],[112.56397289000006,-7.2539996399999609,0],[112.56392610500006,-7.2539661689999662,0],[112.56384811300006,-7.2539121949999412,0],[112.56376131000002,-7.2538153029999535,0],[112.56343172900006,-7.2533644909999566,0],[112.56333903500001,-7.2532482749999758,0],[112.56327314400005,-7.2531524009999657,0],[112.56313862200011,-7.2530105599999501,0],[112.56297945900008,-7.2529119299999252,0],[112.56286892900005,-7.2528417019999551,0],[112.56265905000009,-7.2526956029999496,0],[112.56250280800009,-7.2525126129999649,0],[112.56238064600007,-7.2523605159999533,0],[112.56219021400011,-7.2521155339999268,0],[112.56203689600011,-7.2519579379999755,0],[112.56188373500004,-7.2518455449999806,0],[112.56171110700006,-7.2518263389999333,0],[112.56170372000008,-7.2518263649999426,0],[112.56164000000001,-7.2520599999999718,0],[112.56151000000011,-7.2525499999999283,0],[112.56144000100005,-7.2526500009999495,0],[112.56134000000009,-7.2527399999999602,0],[112.5612661130001,-7.2527760859999262,0],[112.56090999900005,-7.2529499999999416,0],[112.5607500000001,-7.2531099999999356,0],[112.56068000100004,-7.2533099999999422,0],[112.56062000100007,-7.2537600009999323,0],[112.56060443300009,-7.2539571889999479,0],[112.56059000000005,-7.2541399999999499,0],[112.56067183300001,-7.2545409799999447,0],[112.56069000000002,-7.2546299999999633,0],[112.56079000000011,-7.2547799999999256,0],[112.56100000000004,-7.2549399999999764,0],[112.56111000100009,-7.2549900009999533,0],[112.56123999900001,-7.2549700009999469,0],[112.56131802600009,-7.2549212349999266,0],[112.56140000100004,-7.2548699999999258,0],[112.56157000000007,-7.2547499999999445,0],[112.56166999900006,-7.2546800019999296,0],[112.56175000000007,-7.2546400019999737,0],[112.56191000100011,-7.2546800019999296,0],[112.56203999900004,-7.2547699999999509,0],[112.56209000000001,-7.254859999999951,0],[112.5621000000001,-7.2550399999999513,0],[112.56207619600002,-7.2551054619999604,0],[112.5620599990001,-7.2551499999999578,0],[112.56199000000004,-7.2552499999999327,0],[112.56189000100005,-7.2553699999999708,0],[112.56173000000001,-7.2554600019999498,0],[112.56171453000002,-7.255468594999968,0],[112.56168410600003,-7.2554740129999686,0],[112.56160636200002,-7.2554920009999364,0],[112.56154491200004,-7.2555149039999378,0],[112.56145596400006,-7.255553903999953,0],[112.56139612700008,-7.2555897309999295,0],[112.56135410800005,-7.2556172709999487,0],[112.56129435700007,-7.2556562579999309,0],[112.56110867000007,-7.2558346379999534,0],[112.56088456800001,-7.2560904479999522,0],[112.56080649300009,-7.2562507389999382,0],[112.56074494600011,-7.256440442999974,0],[112.56071909700006,-7.2565450439999495,0],[112.56071924500009,-7.2565878329999691,0],[112.5607000010001,-7.2566599999999539,0],[112.56069000000002,-7.2567299999999477,0],[112.56069000000002,-7.2568099999999731,0],[112.56072000100005,-7.2568899999999417,0],[112.56084999900008,-7.2570200019999334,0],[112.5609300000001,-7.2570799999999736,0],[112.56093128500004,-7.2570802679999815,0],[112.56117000100005,-7.257129999999961,0],[112.56141000000002,-7.2571799999999484,0],[112.56162000000006,-7.2571999999999548,0],[112.56177000000002,-7.2571699999999737,0],[112.56203999900004,-7.257129999999961,0],[112.56218000100012,-7.257129999999961,0],[112.56227000000001,-7.2571399999999358,0],[112.56240000000003,-7.2571999999999548,0],[112.56246999900009,-7.2573100009999507,0],[112.56252000000006,-7.2574399999999741,0],[112.56260000000009,-7.2577200009999387,0],[112.56273000100009,-7.2581399999999689,0],[112.56281000000001,-7.2585800019999738,0],[112.56277000000011,-7.2588700009999343,0],[112.56269000100008,-7.2590799999999263,0],[112.56256000000008,-7.2593000009999287,0],[112.56244000000004,-7.2593899999999394,0],[112.56228000100009,-7.2594699999999648,0],[112.56214000000011,-7.2594799999999395,0],[112.5619200000001,-7.2594199999999773,0],[112.56180000000006,-7.2593099999999708,0],[112.56174481900007,-7.2591845909999506,0],[112.56168999900001,-7.2590599999999768,0],[112.56151000000011,-7.2587099999999509,0],[112.56125999900007,-7.258549999999957,0],[112.56112000000007,-7.2585400019999611,0],[112.56097000000011,-7.258609999999976,0],[112.56095135300006,-7.2586299799999665,0],[112.56094954700006,-7.258629047999932,0],[112.56088226000008,-7.2586267489999727,0],[112.56082014500009,-7.258629492999944,0],[112.56072179100011,-7.2586479129999475,0],[112.56067278300009,-7.258684245999973,0],[112.56059527700006,-7.258728448999932,0],[112.5604947060001,-7.2588398169999664,0],[112.56033748100003,-7.259044314999926,0],[112.56017249200011,-7.2592489329999808,0],[112.5601415000001,-7.2592696509999541,0],[112.56008970000005,-7.259254369999951,0],[112.56004810500008,-7.2592105759999299,0],[112.55991242700009,-7.2591233459999671,0],[112.55976872200006,-7.2590255659999343,0],[112.55973152700005,-7.259001373999979,0],[112.55970208500003,-7.2589951479999399,0],[112.55965983800002,-7.2590003549999551,0],[112.55962531500006,-7.2590145769999594,0],[112.55957546200011,-7.2590223429999696,0],[112.55953958600003,-7.2590122499999552,0],[112.55951643300011,-7.2589893679999591,0],[112.55950210500009,-7.2589268529999345,0],[112.55949556900009,-7.258871997999961,0],[112.5594825710001,-7.2588273829999252,0],[112.55945305500006,-7.2587993659999483,0],[112.55937469500009,-7.2587040739999793,0],[112.55969956700005,-7.2579392849999635,0],[112.55968102200006,-7.2578879979999442,0],[112.55962928400004,-7.2578257939999276,0],[112.55955544500011,-7.2577635759999453,0],[112.55940796800007,-7.2576979949999441,0],[112.55923477900001,-7.2576251779999552,0],[112.55894015300009,-7.2575674249999338,0],[112.55883709500006,-7.2575641619999374,0],[112.55875982500004,-7.2575680439999815,0],[112.55868993500007,-7.2575903439999365,0],[112.55864961600003,-7.2576345109999352,0],[112.55862033500011,-7.2576750249999691,0],[112.55857945800005,-7.2577522809999664,0],[112.558475208,-7.258270404999962,0],[112.55841070300005,-7.2586424709999733,0],[112.55837670000005,-7.2588078529999507,0],[112.55834915900004,-7.2590717569999583,0],[112.55836758500004,-7.2591315439999562,0],[112.55838234500004,-7.2591896249999763,0],[112.55838445600011,-7.2592821049999543,0],[112.55837734900001,-7.2593220919999339,0],[112.55837571400002,-7.2593892679999499,0],[112.55839956400007,-7.2594197439999562,0],[112.55861244900007,-7.2597004529999367,0],[112.55833432300005,-7.2601197249999814,0],[112.55815422400008,-7.26038243499994,0],[112.55807203300003,-7.2605063749999772,0],[112.55803000100002,-7.2605399999999349,0],[112.55780000000004,-7.2607499999999732,0],[112.55770000000007,-7.2609000019999712,0],[112.55768314900001,-7.2609674029999383,0],[112.5576400010001,-7.2611399999999549,0],[112.55763000000002,-7.2614799999999491,0],[112.55761516500002,-7.261544287999925,0],[112.55760000100008,-7.2616099999999619,0],[112.55754000100001,-7.261669999999981,0],[112.55744000000004,-7.261669999999981,0],[112.55733000000009,-7.2615800009999703,0],[112.55727000000002,-7.26141999999993,0],[112.55726000000004,-7.2613300019999656,0],[112.55723000100011,-7.261169999999936,0],[112.55724000000009,-7.2609000019999712,0],[112.55725000100006,-7.2606099999999287,0],[112.55719000100009,-7.2603199999999788,0],[112.5571000000001,-7.2601299999999469,0],[112.55684000100007,-7.2597900019999315,0],[112.55655999900011,-7.2595999999999776,0],[112.55651715200008,-7.2595767909999722,0],[112.55657516700001,-7.2594322419999457,0],[112.55671694300008,-7.2591648719999284,0],[112.55674768800009,-7.2591157659999794,0],[112.55686010400007,-7.2590392569999267,0],[112.5569472200001,-7.2589881479999576,0],[112.55700707300002,-7.2589353259999712,0],[112.55706321100001,-7.2588662429999431,0],[112.55711755300001,-7.2588170569999306,0],[112.55720348300008,-7.2587688469999421,0],[112.5572911910001,-7.2586951349999254,0],[112.55733181900007,-7.2586317989999429,0],[112.55737451500011,-7.2585623099999452,0],[112.55737839900007,-7.2584970219999718,0],[112.55737000000011,-7.2584216529999708,0],[112.55735346000006,-7.2583890699999642,0],[112.55730012400011,-7.2583178309999425,0],[112.55724880700006,-7.2582690969999248,0],[112.55715478900004,-7.2582018839999591,0],[112.55707379900002,-7.2581667239999774,0],[112.55692825300002,-7.2581414549999295,0],[112.55677293600002,-7.2581193859999757,0],[112.55665488500006,-7.2580988179999508,0],[112.556499497,-7.2580557729999668,0],[112.55629665000004,-7.2579791689999524,0],[112.55588155100008,-7.2578047489999449,0],[112.55557573900001,-7.2576860969999757,0],[112.55545568900004,-7.2576701439999738,0],[112.55537391100006,-7.2576668079999536,0],[112.5552791020001,-7.2576948879999463,0],[112.55519105500002,-7.2577355109999644,0],[112.5551507990001,-7.2577980309999361,0],[112.55510695600003,-7.2578604719999475,0],[112.55506310300007,-7.2579412649999426,0],[112.55504140200003,-7.25803671999995,0],[112.55501589400001,-7.2581101279999416,0],[112.55501254900003,-7.258201812999971,0],[112.55502018200002,-7.2582934599999476,0],[112.5550278390001,-7.2583703709999554,0],[112.55506117000004,-7.25844357699998,0],[112.555083448,-7.2585168219999332,0],[112.55510948800008,-7.2585974669999587,0],[112.55520934200001,-7.2587767649999364,0],[112.55538318700007,-7.2589321229999655,0],[112.55568570300011,-7.2592646909999416,0],[112.5557331760001,-7.2593191469999283,0],[112.55558000000008,-7.2593000009999287,0],[112.55550000000005,-7.2593000009999287,0],[112.55540000000008,-7.2593800019999435,0],[112.55535000000009,-7.259589999999946,0],[112.55531959400003,-7.2596994609999683,0],[112.55525271300007,-7.25975817799997,0],[112.55522000100007,-7.2597500019999757,0],[112.55501999900002,-7.2596399999999335,0],[112.55495612800007,-7.2596276379999267,0],[112.55495691200008,-7.2596125459999712,0],[112.55492412500007,-7.2595670019999261,0],[112.55484242300008,-7.2595640269999535,0],[112.55466914200008,-7.2595516019999309,0],[112.55450466700006,-7.2595599689999517,0],[112.55446331000007,-7.259562070999948,0],[112.55433914300011,-7.2595657499999788,0],[112.55425740900012,-7.2595530119999694,0],[112.55417897100006,-7.2595435159999511,0],[112.55410694200009,-7.2595078729999614,0],[112.55404142600003,-7.2594559299999446,0],[112.55397498900004,-7.2593750629999363,0],[112.55396972300002,-7.2593415379999442,0],[112.55397730200002,-7.2592873579999377,0],[112.55399263000004,-7.2592280889999756,0],[112.55410982000001,-7.2587585609999792,0],[112.55410980600004,-7.2587543189999337,0],[112.55410968000001,-7.2587173359999611,0],[112.55408374500007,-7.2586890369999537,0],[112.55406017600001,-7.2586801759999275,0],[112.55403000100011,-7.2586499999999319,0],[112.55393000000004,-7.2586299999999255,0],[112.55392829600009,-7.2586305929999639,0],[112.55370000100004,-7.2587099999999509,0],[112.55324000000007,-7.2590100019999682,0],[112.55301000000009,-7.2591499999999769,0],[112.55286000100011,-7.2591999999999643,0],[112.55270000000007,-7.259179999999958,0],[112.55251000100009,-7.2591399999999453,0],[112.55230000000006,-7.2591399999999453,0],[112.55209000000002,-7.2591999999999643,0],[112.55195000000003,-7.2592699999999581,0],[112.55187000000001,-7.2592499999999518,0],[112.5517900000001,-7.2591499999999769,0],[112.55175000100007,-7.2589999999999577,0],[112.55185000000006,-7.2587999999999511,0],[112.55182918300011,-7.2587961649999784,0],[112.55146999900001,-7.2587299999999573,0],[112.55140000000006,-7.258739999999932,0],[112.55131000000006,-7.2587299999999573,0],[112.55123000000003,-7.2587199999999257,0],[112.55111999900009,-7.2586999999999762,0],[112.5511138170001,-7.2587371019999409,0],[112.55095497900004,-7.2586340089999339,0],[112.55082424200009,-7.2585285879999333,0],[112.55078044200002,-7.2584723229999781,0],[112.55072520800002,-7.2583919579999474,0],[112.5506667730001,-7.2582922569999369,0],[112.55063915400001,-7.2582520309999268,0],[112.55053176100012,-7.2580725739999252,0],[112.55049692200009,-7.2579730639999411,0],[112.55049672300004,-7.2579151129999673,0],[112.55051466300006,-7.2578552019999734,0],[112.55054170100004,-7.2577917339999658,0],[112.55056330000002,-7.2577318999999534,0],[112.55062269100006,-7.2574783739999589,0],[112.55063074400005,-7.2573222119999627,0],[112.55062195500011,-7.2572634769999809,0],[112.55059593300007,-7.2572091419999651,0],[112.5505584660001,-7.2571706639999434,0],[112.55053167600011,-7.2571317899999599,0],[112.55050126500009,-7.2570825309999805,0],[112.55047583300006,-7.2570262029999526,0],[112.55046252200009,-7.2569768859999613,0],[112.55043597600002,-7.2569004029999746,0],[112.55041157300002,-7.2568390979999435,0],[112.55035281500011,-7.256797980999977,0],[112.55028612300009,-7.2567729869999766,0],[112.5501527990001,-7.2567406239999741,0],[112.55003197300005,-7.2567377799999804,0],[112.54994719100011,-7.2567510879999304,0],[112.54987216200004,-7.2567774719999534,0],[112.54979080400005,-7.2568526079999742,0],[112.54969001900008,-7.2569897389999483,0],[112.5495521150001,-7.2572772549999627,0],[112.54948042400008,-7.2574500879999277,0],[112.54942257000005,-7.2578906629999551,0],[112.54945443800011,-7.2581481259999805,0],[112.54946760300004,-7.2582201369999666,0],[112.54945732900001,-7.2582510929999557,0],[112.54942901700008,-7.2582692709999606,0],[112.54936710200002,-7.2582874719999495,0],[112.54929480300007,-7.2582825659999344,0],[112.54916818800007,-7.2582469249999804,0],[112.54901040900006,-7.2581599479999568,0],[112.54881630800003,-7.2580420859999322,0],[112.54858039900012,-7.2578608089999648,0],[112.54840456300008,-7.2577778709999734,0],[112.54810602600003,-7.2576465309999776,0],[112.54796067800009,-7.2576133949999644,0],[112.54790422100007,-7.2576119609999523,0],[112.54784920700001,-7.257596054999965,0],[112.54778933400007,-7.2575560279999536,0],[112.54774242000008,-7.2575062819999516,0],[112.54771472100003,-7.2574419179999268,0],[112.54768042500007,-7.2573261299999672,0],[112.54761237600007,-7.2572538539999414,0],[112.54751656100007,-7.2571849279999583,0],[112.5473950710001,-7.2571191639999597,0],[112.54732986200008,-7.2570913589999577,0],[112.54729281300001,-7.257087687999956,0],[112.54726220200007,-7.2570890599999416,0],[112.54723670400006,-7.2571005389999641,0],[112.54715949500007,-7.2571881339999322,0],[112.54708377200006,-7.2572957979999728,0],[112.54706384800011,-7.2573430569999573,0],[112.54706106300011,-7.2573803149999776,0],[112.54705983000008,-7.2574347459999444,0],[112.54706846500005,-7.257536062999975,0],[112.54704576800009,-7.2576025899999763,0],[112.54702077100001,-7.2576736459999438,0],[112.54700495200007,-7.2577423189999308,0],[112.54700056500008,-7.257813394999971,0],[112.54704040500008,-7.2579343159999326,0],[112.54710984500002,-7.258064357999956,0],[112.54720277100012,-7.2581835619999424,0],[112.54736403600009,-7.258351169999969,0],[112.54745766700012,-7.2584582549999368,0],[112.54745743600006,-7.2585436919999324,0],[112.5474644090001,-7.2585957429999439,0],[112.54745550900009,-7.2586568889999512,0],[112.54743751400008,-7.25870115999993,0],[112.54738177500008,-7.2588004369999339,0],[112.54731846700008,-7.2589571499999579,0],[112.54729567000004,-7.2589942039999755,0],[112.54727781800011,-7.2590146069999264,0],[112.54726380200009,-7.2590209829999708,0],[112.54721158000007,-7.2590351749999513,0],[112.54715674600004,-7.2590493739999715,0],[112.54704927000012,-7.2590646579999429,0],[112.54699900700007,-7.259062025999981,0],[112.54694013900007,-7.2590536389999443,0],[112.54686406000008,-7.2590352739999275,0],[112.54675633600004,-7.2589998399999445,0],[112.54664432800007,-7.2589557399999762,0],[112.54659204100005,-7.2589287959999638,0],[112.54652503500006,-7.2588995509999563,0],[112.54648522600007,-7.2588748249999639,0],[112.54645902600009,-7.25883413899993,0],[112.54644073200006,-7.2588126849999526,0],[112.54639342100006,-7.2587558889999286,0],[112.54637365300005,-7.2587398629999598,0],[112.54634127800011,-7.2587274979999279,0],[112.5462990640001,-7.2587204089999773,0],[112.54624252000008,-7.2587152689999357,0],[112.54618153300009,-7.2587208089999535,0],[112.54613853900003,-7.2587254759999382,0],[112.54609099400011,-7.2587318749999667,0],[112.5460676460001,-7.2587390979999782,0],[112.54603722500008,-7.2587517679999678,0],[112.54600940500006,-7.2587617189999492,0],[112.54597453600002,-7.2587841669999307,0],[112.54593041800001,-7.2588537519999363,0],[112.54592142000001,-7.258886418999964,0],[112.54590338700007,-7.2589190259999441,0],[112.54589445500005,-7.2589497959999676,0],[112.54587644700007,-7.258989726999971,0],[112.54586018800001,-7.2590169039999637,0],[112.54583497800002,-7.2590694279999752,0],[112.54581516400003,-7.2591057479999677,0],[112.54578811400006,-7.2591438139999696,0],[112.54575910400001,-7.259154758999955,0],[112.54572828400001,-7.2591602889999649,0],[112.54568105400006,-7.2591496019999795,0],[112.54561751100005,-7.2591281199999571,0],[112.5455774620001,-7.2590993249999656,0],[112.54552110600002,-7.2590614549999373,0],[112.54547748700008,-7.2590362909999726,0],[112.54542658800005,-7.2590002989999789,0],[112.54535772600002,-7.2589522559999295,0],[112.5453046670001,-7.258874594999952,0],[112.54521242500005,-7.2587147959999356,0],[112.54514779400006,-7.2585937789999662,0],[112.54510395300008,-7.2585253079999461,0],[112.54509372500002,-7.2585041869999714,0],[112.54495174900001,-7.2588248059999501,0],[112.54489735600009,-7.2590560739999432,0],[112.54488955000011,-7.2590856119999785,0],[112.54485282900009,-7.2592245649999541,0],[112.54478746600012,-7.2593917719999581,0],[112.54477406600006,-7.2594475089999264,0],[112.54474027500009,-7.2596552019999763,0],[112.54463226500002,-7.2601264159999346,0],[112.54450325900007,-7.2606156009999268,0],[112.54445919000011,-7.2607428639999512,0],[112.54443324900001,-7.2608437579999645,0],[112.54442669600007,-7.2609587789999637,0],[112.54439950500011,-7.2610868019999657,0],[112.54434903300012,-7.2614171419999707,0],[112.5443473680001,-7.2614542149999579,0],[112.54430453600003,-7.2615505549999284,0],[112.54429461600012,-7.2616193899999644,0],[112.54428328500001,-7.2616907599999649,0],[112.54428378900002,-7.2618382139999653,0],[112.54425579700001,-7.2621258079999507,0],[112.54414968300011,-7.2627372369999534,0],[112.54406493200008,-7.2630875869999727,0],[112.54394291000006,-7.2635234079999691,0],[112.54379703400002,-7.2642112779999479,0],[112.54380738500004,-7.2642468649999614,0],[112.54400858300005,-7.2644309749999252,0],[112.54416639600004,-7.2645487799999273,0],[112.54433320500004,-7.2646335589999467,0],[112.54447282800004,-7.264651072999925,0],[112.54455686400001,-7.2646597379999776,0],[112.5445151130001,-7.2647227159999375,0],[112.54448970400006,-7.2647602299999789,0],[112.54442238800004,-7.2648158789999684,0],[112.54423376500006,-7.264946436999935,0],[112.54417913900011,-7.2649786279999375,0],[112.54412243600007,-7.2649997449999546,0],[112.54403999900001,-7.2646699999999669,0],[112.54394000000002,-7.2645099999999729,0],[112.54375000000005,-7.2643900009999811,0],[112.54338000000007,-7.2642999999999347,0],[112.54316000000006,-7.2642699999999536,0],[112.54282000000001,-7.2643100009999557,0],[112.54247000000009,-7.2643799999999601,0],[112.54223000100001,-7.2644900019999454,0],[112.54217000000006,-7.2646699999999669,0],[112.54218000000003,-7.2648999999999546,0],[112.54234000000008,-7.2651700009999445,0],[112.54246653500002,-7.2653507639999475,0],[112.54255000000001,-7.2654699999999366,0],[112.54274000100008,-7.2656499999999369,0],[112.54301000100008,-7.2658599999999751,0],[112.54317000100002,-7.2660199999999691,0],[112.54322000000002,-7.2660699999999565,0],[112.54333000000008,-7.2662499999999568,0],[112.54340000100001,-7.2663800019999485,0],[112.54340000100001,-7.2664899999999761,0],[112.54339000000004,-7.266589999999951,0],[112.54336000000001,-7.2666399999999385,0],[112.54331000000002,-7.2666900009999722,0],[112.54320000000007,-7.2667399999999702,0],[112.54302000000007,-7.2667900019999365,0],[112.5427800010001,-7.2667599999999766,0],[112.54259000000002,-7.2667300009999281,0],[112.54253000000006,-7.2667199999999639,0],[112.54247654200003,-7.2666932709999514,0],[112.54243000000008,-7.2666700009999659,0],[112.54221000000007,-7.2664999999999509,0],[112.54195000000004,-7.2662800009999273,0],[112.54173000000003,-7.2661399999999503,0],[112.54161000000011,-7.2660799999999313,0],[112.54149000100006,-7.2660699999999565,0],[112.54142000000002,-7.2660899999999629,0],[112.5413400000001,-7.2661399999999503,0],[112.54128000000003,-7.2662499999999568,0],[112.54124000000002,-7.2663899999999444,0],[112.54121727800009,-7.2664945229999489,0],[112.54119000000003,-7.2666199999999321,0],[112.54119000000003,-7.2666799999999512,0],[112.54120000100011,-7.2669999999999391,0],[112.54122000000007,-7.2673099999999522,0],[112.54121000000009,-7.2675199999999336,0],[112.54120000100011,-7.2676699999999528,0],[112.54119000000003,-7.2678099999999404,0],[112.54119000000003,-7.2679299999999785,0],[112.54115000000002,-7.2680000019999511,0],[112.54096000000004,-7.2680199999999786,0],[112.54074000000003,-7.2679699999999343,0],[112.54061000000002,-7.2678800009999804,0],[112.54050000000007,-7.2677399999999466,0],[112.54048697900009,-7.2677009399999406,0],[112.54042000100003,-7.2674999999999272,0],[112.54034000100012,-7.267379999999946,0],[112.54023000000007,-7.2673099999999522,0],[112.54002000000003,-7.2673299999999585,0],[112.53987000100005,-7.267439999999965,0],[112.53974999900004,-7.2675700019999567,0],[112.53967000000011,-7.267659999999978,0],[112.53956000100004,-7.267819999999972,0],[112.53955000000008,-7.2679000009999299,0],[112.5395533520001,-7.2679268169999318,0],[112.53956000100004,-7.2679800019999448,0],[112.53961000000004,-7.2681199999999535,0],[112.53968000000009,-7.2682700009999621,0],[112.53981080400001,-7.268306334999977,0],[112.53986000000009,-7.2683199999999601,0],[112.54004000000009,-7.268419999999935,0],[112.54011132000005,-7.2684794359999501,0],[112.54015999900002,-7.2685199999999668,0],[112.54022000000009,-7.2686400009999375,0],[112.54027000000008,-7.2687200019999523,0],[112.54031000000009,-7.2688399999999547,0],[112.5402600000001,-7.2689499999999612,0],[112.5401700000001,-7.2691199999999299,0],[112.54011000000003,-7.2691999999999553,0],[112.54001905400003,-7.2692691189999437,0],[112.53986000000009,-7.2693899999999303,0],[112.53957000000003,-7.2695899999999369,0],[112.53944000000001,-7.2696999999999434,0],[112.53935000000001,-7.2697799999999688,0],[112.53929000000005,-7.2699599999999691,0],[112.53923694900004,-7.2701509839999403,0],[112.53919000100007,-7.2703200019999485,0],[112.5391300010001,-7.2705199999999763,0],[112.53905000000009,-7.2706500009999786,0],[112.53896000000009,-7.2707300019999366,0],[112.53883000000008,-7.2707899999999768,0],[112.53874000100006,-7.2708199999999579,0],[112.53849000000002,-7.2708599999999706,0],[112.53806000100008,-7.2708999999999264,0],[112.53781000000004,-7.2709499999999707,0],[112.53765000100009,-7.2709600009999349,0],[112.53754000000004,-7.2709600009999349,0],[112.5375203640001,-7.2709564299999556,0],[112.53732000000002,-7.2709199999999328,0],[112.53718000100002,-7.2708699999999453,0],[112.53709000000003,-7.2707999999999515,0],[112.53695000000005,-7.2706999999999766,0],[112.53678000000002,-7.2705399999999258,0],[112.53658000000007,-7.2705399999999258,0],[112.53625999900009,-7.2705900009999596,0],[112.53601000100002,-7.2706199999999512,0],[112.53582999900004,-7.2706100009999659,0],[112.5356700000001,-7.2705799999999385,0],[112.53554000000008,-7.2704499999999257,0],[112.53541999900006,-7.2702200009999274,0],[112.53534000000002,-7.2700999999999567,0],[112.53511000000003,-7.2699100019999605,0],[112.53484000100002,-7.2697699999999372,0],[112.53458000000001,-7.2697599999999625,0],[112.53432000000009,-7.2697299999999814,0],[112.53385000000003,-7.2696999999999434,0],[112.53370000000007,-7.2696899999999687,0],[112.53352000000007,-7.2697199999999498,0],[112.53336000100001,-7.2697599999999625,0],[112.53323000000012,-7.2698300009999457,0],[112.53309999900011,-7.2699799999999755,0],[112.53303000000005,-7.2701399999999694,0],[112.53302604800001,-7.2701834669999812,0],[112.53299000100003,-7.2705799999999385,0],[112.53298000000007,-7.2707699999999704,0],[112.532910001,-7.270849999999939,0],[112.53280000000007,-7.270909999999958,0],[112.53272000000004,-7.2709299999999644,0],[112.53259000000003,-7.2709399999999391,0],[112.53241000000003,-7.2709399999999391,0],[112.53221000100007,-7.2708699999999453,0],[112.53214072300011,-7.2708205169999474,0],[112.53207000100008,-7.2707699999999704,0],[112.53198000000009,-7.2706300009999723,0],[112.53199000000006,-7.27049999999997,0],[112.53201000000001,-7.2701499999999442,0],[112.5320200000001,-7.2700099999999566,0],[112.53194999900006,-7.2699500019999732,0],[112.53173000000004,-7.269850000999952,0],[112.53149000000008,-7.2698199999999815,0],[112.53110999900002,-7.269839999999931,0],[112.53084000000001,-7.2698300009999457,0],[112.53082540800006,-7.2698284479999415,0],[112.53036999900007,-7.2697799999999688,0],[112.53012000100011,-7.2697999999999752,0],[112.53004016000011,-7.2698042039999677,0],[112.52993000000004,-7.2698100009999393,0],[112.52969000000007,-7.2698599999999374,0],[112.52872549200004,-7.2701115449999634,0],[112.52872568300006,-7.2701121169999396,0],[112.5287799570001,-7.2702743699999814,0],[112.52866023400009,-7.2704448319999528,0],[112.52857611000002,-7.2705871479999473,0],[112.52854054400007,-7.2706696309999757,0],[112.52854256800003,-7.2707041749999348,0],[112.52854870300007,-7.2708088499999803,0],[112.52854886600005,-7.2708116349999727,0],[112.52855991200011,-7.2708810809999704,0],[112.52861770300001,-7.2709780979999437,0],[112.52865655900007,-7.2710460319999584,0],[112.52866892200007,-7.2710676469999385,0],[112.52868409000007,-7.271124418999932,0],[112.52868432200012,-7.2711932039999283,0],[112.52867562000006,-7.2712769729999422,0],[112.52865497900007,-7.271372744999951,0],[112.52862534200005,-7.2714655559999528,0],[112.52858084100001,-7.2715913159999559,0],[112.52855654300004,-7.2716466349999678,0],[112.52850059200011,-7.2717740189999631,0],[112.52840565000008,-7.2720405109999433,0],[112.52839085700009,-7.2720943939999643,0],[112.52836127100011,-7.2722021589999599,0],[112.52832198600004,-7.2722812799999588,0],[112.52830772400011,-7.2723100039999622,0],[112.52823625700012,-7.2724328639999385,0],[112.52819765600009,-7.2725316869999688,0],[112.52819297500002,-7.2725557579999531,0],[112.52815000600003,-7.2727767309999649,0],[112.52814760900003,-7.2727890559999651,0],[112.52812100800008,-7.2728938199999789,0],[112.52810342200007,-7.273007525999958,0],[112.52809993400001,-7.2730202289999397,0],[112.52805904200011,-7.2731691729999284,0],[112.52803237000001,-7.2732530029999793,0],[112.52800576800007,-7.2733577669999363,0],[112.5279286760001,-7.2735883109999691,0],[112.52792778700007,-7.2735920639999563,0],[112.52789324100002,-7.2737379649999525,0],[112.52787855100007,-7.2738029789999814,0],[112.52786078000008,-7.2738816279999696,0],[112.52784359000009,-7.2739972629999556,0],[112.52782563900007,-7.274118011999974,0],[112.52782000100001,-7.2741404449999436,0],[112.52781399100002,-7.274164356999961,0],[112.52778426400005,-7.2742826399999672,0],[112.5277283690001,-7.2745818979999513,0],[112.52771764000011,-7.2746144019999406,0],[112.52768982800001,-7.2746986649999599,0],[112.52766023100003,-7.2748034389999248,0],[112.52762472500001,-7.2749321589999454,0],[112.52757721800003,-7.2750549379999256,0],[112.52752985400002,-7.2752195859999347,0],[112.52750630800006,-7.2753422839999757,0],[112.5275006820001,-7.2754499679999753,0],[112.52748798400012,-7.2755435709999574,0],[112.52748607000001,-7.2755576829999313,0],[112.52746235200004,-7.2756295399999544,0],[112.52743865500008,-7.2757073779999359,0],[112.5274119720001,-7.2757882159999667,0],[112.52740023500007,-7.2758600329999581,0],[112.52739941900006,-7.2758690139999658,0],[112.52737196800001,-7.2760934929999621,0],[112.52736809400005,-7.2761251749999474,0],[112.52734206100001,-7.2762917849999553,0],[112.52732659200001,-7.2763937599999622,0],[112.52730400000007,-7.2765151389999687,0],[112.52729487600004,-7.2765804869999329,0],[112.52729009900008,-7.2766558679999775,0],[112.52729858600003,-7.2768273859999795,0],[112.52732645900005,-7.2770715149999319,0],[112.52735692600004,-7.2772239369999738,0],[112.52737212400007,-7.277289681999946,0],[112.5273754210001,-7.2773063879999427,0],[112.5274070050001,-7.2773764449999589,0],[112.52743447100011,-7.2774208539999563,0],[112.52747234500009,-7.2775671509999711,0],[112.52748112200004,-7.2776116229999275,0],[112.52748564300009,-7.2776733359999639,0],[112.52748292300009,-7.2777192819999641,0],[112.5274873190001,-7.2777436699999498,0],[112.52755781700012,-7.2777592239999649,0],[112.52765845700003,-7.2777603199999703,0],[112.52779741300003,-7.2777458549999778,0],[112.52782947800006,-7.2777425169999788,0],[112.52787051200005,-7.2777348259999712,0],[112.52788407500009,-7.277732283999967,0],[112.52794590800011,-7.2777363819999437,0],[112.52796030400009,-7.2777420749999351,0],[112.52799059200004,-7.277770683999961,0],[112.52801078200002,-7.2777892779999434,0],[112.5280252550001,-7.2778179399999772,0],[112.52803114200003,-7.2778581149999582,0],[112.52803238700005,-7.2779057539999599,0],[112.52803279300008,-7.2779212729999472,0],[112.52802719800002,-7.2779672289999553,0],[112.5280101510001,-7.2780275789999678,0],[112.52799596400007,-7.2780836119999321,0],[112.52796326200007,-7.2781913879999252,0],[112.52795904600009,-7.2782201129999748,0],[112.52795340700004,-7.2782531489999656,0],[112.52794345600012,-7.2782861999999682,0],[112.52792344000011,-7.2783192849999523,0],[112.52791923900008,-7.278352315999939,0],[112.5279150770001,-7.2783968319999417,0],[112.52789801000006,-7.2784514399999694,0],[112.5278736570001,-7.2784773619999328,0],[112.52785074700012,-7.2785047139999506,0],[112.52782644800004,-7.2785464269999807,0],[112.52781216400001,-7.2785737499999641,0],[112.52781081900002,-7.2786010299999475,0],[112.52781525300009,-7.2786369029999491,0],[112.52784561800001,-7.2786884799999712,0],[112.52786436600002,-7.2787056429999666,0],[112.52788023900007,-7.27872281599997,0],[112.5278932650001,-7.2787486119999585,0],[112.52790200700008,-7.2787830349999467,0],[112.52791079400004,-7.2788303779999524,0],[112.52790953600004,-7.2788834969999812,0],[112.52790693700001,-7.278965330999938,0],[112.52790737900011,-7.2789903109999727,0],[112.52790871500008,-7.2790658129999315,0],[112.52790609700003,-7.2791419049999604,0],[112.52789767100001,-7.2792007899999476,0],[112.52786783900001,-7.2793071209999312,0],[112.52785517300003,-7.2793875529999355,0],[112.5278553820001,-7.2794492809999269,0],[112.52786711100009,-7.2795167109999284,0],[112.52788461600005,-7.2795912999999359,0],[112.52790508800001,-7.2796931539999719,0],[112.5279196680001,-7.279753396999979,0],[112.52793859600001,-7.2798236739999425,0],[112.52795458000003,-7.2798738639999669,0],[112.52796621300001,-7.2799125839999306,0],[112.52798077900002,-7.2799685209999438,0],[112.52798385800008,-7.2800288029999365,0],[112.52797826300002,-7.2800747589999446,0],[112.52796832100012,-7.2801106809999396,0],[112.52793972300003,-7.2801567149999755,0],[112.52792399700002,-7.280182606999972,0],[112.52789245100007,-7.2802071179999643,0],[112.52785803500001,-7.2802330739999661,0],[112.52783943300005,-7.2802589759999705,0],[112.52783809700009,-7.2802891269999463,0],[112.52785546500002,-7.2803235209999571,0],[112.52788005100001,-7.2803665039999714,0],[112.52789882000002,-7.2804108509999423,0],[112.52799995300006,-7.2806229729999359,0],[112.52801746400007,-7.280699474999949,0],[112.52802724900005,-7.2807587779999494,0],[112.52802945100007,-7.2808429879999608,0],[112.5280258250001,-7.280904249999935,0],[112.52800883800001,-7.2809827829999563,0],[112.52799755800004,-7.2810478989999297,0],[112.52799389200004,-7.2810976769999343,0],[112.52799979800011,-7.2811435939999569,0],[112.52800033000005,-7.2813005439999756,0],[112.52800631400009,-7.2813694289999376,0],[112.52799928100001,-7.2814541079999344,0],[112.52800172000002,-7.2814829399999326,0],[112.5280053570001,-7.2815380549999418,0],[112.52800626600003,-7.2815518299999553,0],[112.52800791800007,-7.2816149879999443,0],[112.52800525200007,-7.2816767249999543,0],[112.52799967600004,-7.2817284229999473,0],[112.52798259400004,-7.2817787239999348,0],[112.52794408900002,-7.2818707279999444,0],[112.52793846400004,-7.2819080709999753,0],[112.52793571500001,-7.2819454049999308,0],[112.52793873200005,-7.2819870249999781,0],[112.52795623600002,-7.2820616139999288,0],[112.52796698500003,-7.2821056579999777,0],[112.52797802000009,-7.2821261389999563,0],[112.52801685600002,-7.2821317499999623,0],[112.52807863200007,-7.2821186219999277,0],[112.52820505800003,-7.2820923549999748,0],[112.52828057700003,-7.2820745679999277,0],[112.52835528500009,-7.2820569729999534,0],[112.52843200900008,-7.2820327319999478,0],[112.52846503100011,-7.2820197009999674,0],[112.52850952000006,-7.2819965819999766,0],[112.52854248400001,-7.2819663239999386,0],[112.52856685200004,-7.2819447089999585,0],[112.5285797570001,-7.2819346169999335,0],[112.52860988900011,-7.2819172879999314,0],[112.52867281100009,-7.2819041039999775,0],[112.52869464800006,-7.2818983399999411,0],[112.52870185000006,-7.2819026219999614,0],[112.52871050100009,-7.2819097709999596,0],[112.52872351700012,-7.2819326959999557,0],[112.52872647100003,-7.2819556539999439,0],[112.52872233300002,-7.2820073469999329,0],[112.52871098700007,-7.2820533229999569,0],[112.52868127400006,-7.28211453199998,0],[112.52863548700009,-7.2822588589999668,0],[112.5286298960001,-7.2823062509999659,0],[112.52862714300011,-7.2823421479999411,0],[112.52863444800005,-7.2823765759999333,0],[112.52864313200007,-7.2823937739999565,0],[112.5286604370001,-7.2824095059999649,0],[112.52871800200001,-7.2824265379999815,0],[112.52878633900002,-7.2824599469999498,0],[112.52883464700005,-7.28248356499995,0],[112.52885196700004,-7.2825036039999418,0],[112.52887365800007,-7.2825408549999793,0],[112.52889538400007,-7.2825881539999386,0],[112.5289070450001,-7.2826354869999363,0],[112.52894942300009,-7.2828377539999565,0],[112.52896564100001,-7.2829568489999588,0],[112.52896569000006,-7.2829712039999777,0],[112.52896292200001,-7.283002794999959,0],[112.52895299000011,-7.2830415879999464,0],[112.52893584000003,-7.2830717919999302,0],[112.52892441600011,-7.283094799999958,0],[112.52891008800009,-7.2831092029999809,0],[112.52887848900002,-7.2831179229999634,0],[112.52883105600006,-7.2831209549999585,0],[112.5287792900001,-7.2831182579999449,0],[112.52869159800002,-7.2831199899999319,0],[112.52851762700004,-7.2831162709999262,0],[112.52847162100011,-7.2831164269999249,0],[112.52845725000009,-7.2831179109999766,0],[112.52844007600004,-7.2831409369999278,0],[112.5284301480001,-7.283181165999963,0],[112.52841880700009,-7.2832285769999316,0],[112.52840887500008,-7.2832673699999759,0],[112.52840613600006,-7.2833075739999344,0],[112.52840918600009,-7.2833592429999499,0],[112.52841507800008,-7.2834008529999323,0],[112.52844984900003,-7.2834796899999787,0],[112.52848019600003,-7.2835255249999591,0],[112.52850763300012,-7.2835613209999792,0],[112.52855663500009,-7.2835970429999293,0],[112.52860834000001,-7.2836189029999332,0],[112.52861978500005,-7.2836196009999412,0],[112.52862284500009,-7.2836197879999531,0],[112.5286961170001,-7.2836051849999421,0],[112.52877798600002,-7.2835819399999764,0],[112.52892018400007,-7.2835426999999413,0],[112.52896902000009,-7.283529615999953,0],[112.52900061000003,-7.283518024999978,0],[112.52902644900007,-7.2835064529999727,0],[112.52904938300003,-7.2834862779999412,0],[112.52905934000012,-7.2834546629999295,0],[112.52905924700008,-7.28342738799995,0],[112.52904761500008,-7.2833886679999296,0],[112.52903313600007,-7.2833585699999617,0],[112.5290143200001,-7.2833213099999625,0],[112.52898828200011,-7.2832740249999688,0],[112.52897522100011,-7.2832381809999447,0],[112.52897512400011,-7.2832094709999637,0],[112.5289858970001,-7.2831689349999351,0],[112.52901805400006,-7.2831504689999633,0],[112.52905544800001,-7.2831546489999255,0],[112.52910004400007,-7.2831631119999543,0],[112.52916191200006,-7.2831772579999665,0],[112.52923529200007,-7.2831942359999289,0],[112.52928527200004,-7.283194789999925,0],[112.52934744400011,-7.2831981639999412,0],[112.52936612400003,-7.283195229999933,0],[112.52941063700007,-7.2831792879999284,0],[112.5294378750001,-7.2831562279999389,0],[112.52946792500006,-7.2831144959999392,0],[112.52950223400001,-7.2830569589999641,0],[112.52953219100004,-7.2829879519999281,0],[112.52958643300008,-7.282872925999925,0],[112.52965330600011,-7.2827409599999555,0],[112.52967782000007,-7.2826888679999797,0],[112.5296993070001,-7.2826658269999598,0],[112.52972655500002,-7.2826456379999627,0],[112.52977681400012,-7.2826282409999408,0],[112.52984866800011,-7.2826193849999754,0],[112.52992772900006,-7.2826162469999645,0],[112.53000827200003,-7.2826260229999775,0],[112.53011329900005,-7.2826486369999657,0],[112.53023417000009,-7.2826798099999337,0],[112.53028310900004,-7.2826968709999278,0],[112.53036231600004,-7.2827367979999735,0],[112.53045588600003,-7.2827723699999751,0],[112.53054227700011,-7.2828108369999427,0],[112.53060275100006,-7.2828379079999763,0],[112.53065032000006,-7.2828750709999781,0],[112.53070082800002,-7.2829308859999742,0],[112.53071385500004,-7.2829566809999733,0],[112.53071828000009,-7.2829896829999257,0],[112.53071838700009,-7.2830212649999453,0],[112.53071278700008,-7.2830657849999625,0],[112.5307086250001,-7.2831103009999651,0],[112.53071021900007,-7.2831562319999534,0],[112.53071757300006,-7.283205015999954,0],[112.53073062300007,-7.2832379889999288,0],[112.53075953300004,-7.2832838279999805,0],[112.53079697500004,-7.2833023629999616,0],[112.53085663400009,-7.2833130649999589,0],[112.53089049100004,-7.2833221439999534,0],[112.53091635400006,-7.2833177499999806,0],[112.53095653600008,-7.2832960809999463,0],[112.53099380300011,-7.2832629379999503,0],[112.53100238100001,-7.2832546739999771,0],[112.53102819500009,-7.2832298039999728,0],[112.53110127700006,-7.2831592159999445,0],[112.53112848500007,-7.2831275419999315,0],[112.53116284700002,-7.2830857959999662,0],[112.53118860800009,-7.2830512559999647,0],[112.53122147000011,-7.2829908519999549,0],[112.53125997500001,-7.2828988479999452,0],[112.5312698780001,-7.2828514419999806,0],[112.53127402500002,-7.2828026189999377,0],[112.53127240200001,-7.2827480749999722,0],[112.53125922900006,-7.282679213999927,0],[112.53123659700009,-7.2825901379999323,0],[112.53123291800011,-7.282551539999929,0],[112.53123574500012,-7.282537174999959,0],[112.531245721,-7.2825113019999321,0],[112.53124857600005,-7.2825055499999394,0],[112.53127287000007,-7.2824624019999646,0],[112.53130446500006,-7.2824522469999806,0],[112.53133036700001,-7.2824593369999775,0],[112.53137357500009,-7.282482158999926,0],[112.53141249400005,-7.2825121729999296,0],[112.53146438100009,-7.2825507569999672,0],[112.53154221400007,-7.2826093509999623,0],[112.53156814100009,-7.2826236179999455,0],[112.53160414100012,-7.282640722999929,0],[112.53164013600008,-7.2826563919999785,0],[112.53168044800009,-7.2826734819999501,0],[112.5317034950001,-7.2826863229999503,0],[112.53172371900007,-7.2827149659999577,0],[112.53173396800003,-7.2827694809999457,0],[112.53173991900007,-7.2828283179999289,0],[112.53176810500008,-7.2828843149999329,0],[112.53177468600006,-7.2829057189999276,0],[112.53178908700011,-7.2829128479999667,0],[112.53182039600006,-7.2829004149999719,0],[112.53187237800012,-7.2828852909999569,0],[112.53188386500005,-7.2828809449999312,0],[112.53193268200005,-7.2828621179999686,0],[112.53198294100002,-7.2828447219999362,0],[112.53202750900005,-7.2828445709999414,0],[112.53207502000009,-7.2828645069999425,0],[112.53210240800001,-7.2828859479999437,0],[112.53214281400005,-7.2829303119999622,0],[112.53218762000006,-7.2830005019999362,0],[112.53221369300002,-7.2830578349999655,0],[112.53223999300008,-7.2831467489999682,0],[112.53225692800004,-7.2831945419999329,0],[112.5322642540001,-7.2832351909999602,0],[112.53226680500006,-7.2832806409999762,0],[112.53226458800009,-7.2833332839999798,0],[112.53225277000001,-7.2833811759999776,0],[112.53223616700006,-7.2834314749999294,0],[112.53221960600001,-7.2834937379999474,0],[112.53221739700007,-7.2835487739999394,0],[112.53222484500009,-7.283625309999934,0],[112.53223707800009,-7.2836994379999283,0],[112.53227384200011,-7.2837764049999691,0],[112.5322830020001,-7.2838165179999805,0],[112.53229741900009,-7.2838284319999502,0],[112.53234543000008,-7.2838545869999507,0],[112.53237179600001,-7.2838568899999814,0],[112.53240293700003,-7.2838543919999665,0],[112.53245079400006,-7.2838350899999682,0],[112.53249143800008,-7.2838086339999677,0],[112.53256293100003,-7.2836935499999527,0],[112.53259871800003,-7.2836479699999472,0],[112.53266786300003,-7.2835472479999339,0],[112.53271100800009,-7.2834061479999264,0],[112.53273602200011,-7.2833394319999343,0],[112.53278692100002,-7.283326729999942,0],[112.53280844500011,-7.2833146949999445,0],[112.53283454200005,-7.2832380449999619,0],[112.53276574000006,-7.2832072289999701,0],[112.53264021400003,-7.2831669259999785,0],[112.53269313800001,-7.2830074929999569,0],[112.53273748700008,-7.2828738929999304,0],[112.53278015300009,-7.2827453629999468,0],[112.53278964000003,-7.2827166199999738,0],[112.5328013620001,-7.2826574389999337,0],[112.53276762400003,-7.2826191979999635,0],[112.5327426660001,-7.2826077989999476,0],[112.53255860700006,-7.2825969379999265,0],[112.53252217300007,-7.2825932329999432,0],[112.53247230800002,-7.2825857459999384,0],[112.53241473100002,-7.2825648859999319,0],[112.53236096100011,-7.2825363579999589,0],[112.53230335700005,-7.2825078419999727,0],[112.53227066000011,-7.2824754139999754,0],[112.53224560400008,-7.2824353039999323,0],[112.53223971700004,-7.2823951289999513,0],[112.53223764400002,-7.2823491989999525,0],[112.53223742900002,-7.2822860359999595,0],[112.53224299100009,-7.2822305099999767,0],[112.53225050900005,-7.2821864619999701,0],[112.53226180900003,-7.2821270879999815,0],[112.53228656600004,-7.2820791529999269,0],[112.53233033600009,-7.2819852169999422,0],[112.53236662600011,-7.2819468129999336,0],[112.53239526200002,-7.2819122639999705,0],[112.53242965600009,-7.2818796079999402,0],[112.53245445100004,-7.2818431579999583,0],[112.53248496500009,-7.2817971169999396,0],[112.53252120400009,-7.2817434009999715,0],[112.53255362800007,-7.2816954409999539,0],[112.53258412900004,-7.2816455719999453,0],[112.53262804200006,-7.281593743999963,0],[112.53272137800002,-7.2815105199999266,0],[112.53277718000004,-7.2814822249999338,0],[112.53283087200009,-7.2814877849999675,0],[112.53294409800003,-7.2815256829999271,0],[112.53303432700011,-7.2815655719999768,0],[112.53308430900006,-7.2816075109999474,0],[112.53310545900001,-7.2816265799999655,0],[112.53312660400002,-7.2816437349999319,0],[112.53315352400011,-7.2816685259999758,0],[112.53317466800002,-7.2816856809999422,0],[112.53319585100007,-7.281714319999935,0],[112.53324390300008,-7.2817524379999554,0],[112.53326694500004,-7.2817638439999541,0],[112.53330150000011,-7.2817790399999467,0],[112.53332642000009,-7.2817789549999361,0],[112.53335131300003,-7.2817712149999352,0],[112.53339726600007,-7.281755746999977,0],[112.53344902100002,-7.2817555709999624,0],[112.53347015300005,-7.2817688979999389,0],[112.53349509800012,-7.2817764699999543,0],[112.53353922500003,-7.2817878039999755,0],[112.53355844600003,-7.2818030519999297,0],[112.53356424800006,-7.2818183439999302,0],[112.53356243600001,-7.2818489749999458,0],[112.53355875800003,-7.2818949239999711,0],[112.53354957700003,-7.2820136259999799,0],[112.5335477320001,-7.2820346869999639,0],[112.53354599000011,-7.2820863719999807,0],[112.5335443140001,-7.2821571969999468,0],[112.53353311900003,-7.2822471949999681,0],[112.53352953900003,-7.2823218549999638,0],[112.53349571800004,-7.2825229439999362,0],[112.53348072800009,-7.2826244389999601,0],[112.53344664700001,-7.282748966999975,0],[112.53341442400006,-7.2828562619999389,0],[112.53340319600011,-7.2829366899999286,0],[112.53340540500005,-7.2829614359999368,0],[112.5334091740001,-7.2830036609999524,0],[112.53341723900007,-7.2831203909999545,0],[112.53341966300002,-7.2832696779999537,0],[112.53341020900007,-7.2833079899999689,0],[112.53340068900002,-7.2833271629999672,0],[112.53337972100007,-7.2833616869999673,0],[112.53334345600001,-7.2834077469999556,0],[112.53334120900001,-7.2834102769999731,0],[112.5333071230001,-7.2834486569999513,0],[112.53329571600011,-7.283461501999966,0],[112.53325371400001,-7.2835114089999706,0],[112.53323460400009,-7.2835286999999767,0],[112.53319256900011,-7.2835690379999392,0],[112.53308977400002,-7.2836907999999312,0],[112.53305540000008,-7.2837291969999569,0],[112.53297894000002,-7.2837926199999288,0],[112.53292158900001,-7.283838750999962,0],[112.53288149700006,-7.2838867379999783,0],[112.53284724700006,-7.2839615009999648,0],[112.53279964400008,-7.284055450999972,0],[112.53278061200001,-7.2840957099999741,0],[112.5327502020001,-7.2841723749999687,0],[112.53272745300001,-7.2842470989999697,0],[112.53271998000002,-7.2843045459999303,0],[112.53271439200012,-7.2843524159999333,0],[112.53270495700008,-7.2843964709999796,0],[112.53268400200011,-7.2844348229999696,0],[112.53264198600004,-7.2844809019999275,0],[112.53259998400006,-7.2845308099999784,0],[112.53253310800005,-7.2845941989999687,0],[112.53249259000006,-7.2846579789999737,0],[112.5324806750001,-7.2846771589999548,0],[112.53245212500008,-7.2847370699999487,0],[112.53242598700001,-7.2848017569999683,0],[112.53239754300012,-7.2848927709999316,0],[112.5323930510001,-7.2849813099999778,0],[112.53239084200004,-7.2850363469999593,0],[112.53237190900006,-7.2851057949999358,0],[112.53234807000001,-7.2851417639999454,0],[112.53229493000003,-7.2851785239999458,0],[112.53228838400003,-7.285169653999958,0],[112.53222602300002,-7.2851876359999324,0],[112.53218048000008,-7.2851830049999649,0],[112.53212774200006,-7.2851760059999719,0],[112.53208457100004,-7.2851641889999428,0],[112.53204616800008,-7.285145178999926,0],[112.53199096800006,-7.2851190479999559,0],[112.53189743900009,-7.2850954389999742,0],[112.53180625400012,-7.2850868239999613,0],[112.53177519700012,-7.285083889999953,0],[112.53166072600004,-7.285082010999929,0],[112.53159313300011,-7.2850964689999387,0],[112.53156678400001,-7.2850989509999522,0],[112.53150150100009,-7.2850619179999399,0],[112.53140597700008,-7.2850205409999376,0],[112.53137947300002,-7.2849775649999629,0],[112.53135301100008,-7.2849465509999618,0],[112.53131930300003,-7.2848988139999733,0],[112.53126880600007,-7.2848463489999631,0],[112.53120880600011,-7.2848178409999491,0],[112.53117526000005,-7.2848179549999372,0],[112.53110821000007,-7.2848301439999545,0],[112.53100534200007,-7.2848834129999318,0],[112.5309755290001,-7.2849003299999708,0],[112.53092242600007,-7.2849419159999798,0],[112.53088873800004,-7.2849614689999385,0],[112.53084468000009,-7.284983676999957,0],[112.53077238800006,-7.2849935199999436,0],[112.53072294000003,-7.2849797869999406,0],[112.5306198830001,-7.2849729579999689,0],[112.53053121900007,-7.2849708649999343,0],[112.53037478700003,-7.2849748699999282,0],[112.53030622100005,-7.2849710329999766,0],[112.53026992400009,-7.2849698009999315,0],[112.53022447700005,-7.2849789949999604,0],[112.53016613300008,-7.2849947419999808,0],[112.53010519400004,-7.2850156529999595,0],[112.53005200300004,-7.2850313819999428,0],[112.53001311500009,-7.2850367579999329,0],[112.5299612230001,-7.2850394639999649,0],[112.52991835100011,-7.2850370779999594,0],[112.52987420000011,-7.2850319839999429,0],[112.52982481400011,-7.285002406999979,0],[112.52980914500006,-7.2849842869999293,0],[112.52974527900005,-7.284968737999975,0],[112.52972608500011,-7.2849616249999372,0],[112.52969492800003,-7.2849593379999646,0],[112.52966142300011,-7.2849714139999264,0],[112.52963754300004,-7.2849954199999729,0],[112.52962808000007,-7.2850313409999785,0],[112.52963543100009,-7.2850791669999353,0],[112.52964040100005,-7.2851317859999654,0],[112.52963583600001,-7.2851987929999495,0],[112.52961691100006,-7.2852706339999713,0],[112.52958124500003,-7.2853521019999334,0],[112.52954074700006,-7.2854216229999338,0],[112.52949547200001,-7.2854959449999797,0],[112.52945978200012,-7.285570234999966,0],[112.52945044900002,-7.2856444359999273,0],[112.52946978000011,-7.2856922209999766,0],[112.52955405000012,-7.285811563999971,0],[112.52961428500009,-7.2859094549999668,0],[112.52964803400005,-7.2859691549999752,0],[112.52968188000011,-7.2860575649999646,0],[112.52970136500005,-7.2861508089999347,0],[112.52970649000008,-7.2862488869999424,0],[112.5296972220001,-7.2863422279999668,0],[112.52967120500011,-7.2864428029999431,0],[112.52964277700005,-7.2865386009999611,0],[112.52959315600003,-7.286744528999975,0],[112.52957432800008,-7.2868450799999778,0],[112.52957462800009,-7.2869336029999658,0],[112.52958669100008,-7.2869627639999521,0],[112.52959637200001,-7.2869861659999629,0],[112.52964928900008,-7.2870458009999766,0],[112.52967336400002,-7.2870792149999488,0],[112.52969021800004,-7.2871030839999662,0],[112.52971920700008,-7.2871723699999507,0],[112.5296978770001,-7.2872418259999563,0],[112.52969560300005,-7.2872777219999421,0],[112.52968138100005,-7.2873232289999805,0],[112.52964089000011,-7.2873951419999798,0],[112.52962678900008,-7.287476536999975,0],[112.52964383000005,-7.2875554339999553,0],[112.52966799400008,-7.2876151659999664,0],[112.52968021000004,-7.2876845089999733,0],[112.52967095000008,-7.2877802419999398,0],[112.5296521460001,-7.2878879709999751,0],[112.52963322900007,-7.287962203999939,0],[112.52956410700006,-7.2880701029999386,0],[112.52954981100004,-7.2880940769999256,0],[112.52954280100005,-7.2881467369999768,0],[112.52955976100009,-7.2882017079999741,0],[112.52958866900008,-7.288247068999965,0],[112.52962002900006,-7.2883091689999446,0],[112.52962736400002,-7.2883522099999709,0],[112.52961321400005,-7.2884192499999472,0],[112.52957509500004,-7.2884839779999311,0],[112.52951538700006,-7.2885416009999631,0],[112.52944363300003,-7.2885801249999531,0],[112.5293982280001,-7.2886161669999296,0],[112.5293768250001,-7.2886640899999406,0],[112.52938176400005,-7.2887071389999392,0],[112.52941086600003,-7.2888099209999382,0],[112.52944703600008,-7.2888767899999607,0],[112.52945683900009,-7.2889413559999525,0],[112.52945708300001,-7.2890131319999796,0],[112.52944775800006,-7.2890897249999398,0],[112.52944082100009,-7.2891639179999288,0],[112.52943872500009,-7.289252448999946,0],[112.52943431500012,-7.2893649139999752,0],[112.52942265900003,-7.2894606559999602,0],[112.52942298300002,-7.2895563569999808,0],[112.52938972200002,-7.2896402089999697,0],[112.52937065000003,-7.2896689839999453,0],[112.52933005400007,-7.2897097949999647,0],[112.52927750100002,-7.2897578239999348,0],[112.52919862300007,-7.2898155119999615,0],[112.52906704700001,-7.2898781639999584,0],[112.52899527600005,-7.2899119019999716,0],[112.52895220300002,-7.2899287959999697,0],[112.52892352200001,-7.2899504259999617,0],[112.5289140430001,-7.2899815609999337,0],[112.52891891700006,-7.2900054699999259,0],[112.52893817500001,-7.29003172299997,0],[112.52899578000006,-7.2900602389999563,0],[112.52905094000005,-7.2900744079999527,0],[112.52908457500007,-7.2901006119999465,0],[112.52909669300004,-7.2901412439999262,0],[112.52909679900006,-7.2901723469999524,0],[112.52899628900002,-7.2902686229999745,0],[112.52895632800005,-7.2903321349999715,0],[112.52889302400001,-7.2904048559999524,0],[112.52879960300004,-7.2904489309999576,0],[112.5287633050001,-7.2904697569999257,0],[112.52873984300004,-7.290485505999925,0],[112.52871467500006,-7.2905444859999307,0],[112.52870753500008,-7.29055886499998,0],[112.52870521200009,-7.2905804059999468,0],[112.52871254600007,-7.2906234469999731,0],[112.52873671900011,-7.2906855719999726,0],[112.52876820100005,-7.2907835599999657,0],[112.52878531500005,-7.2908839899999407,0],[112.5287927710001,-7.2909629189999805,0],[112.52876926400006,-7.2910969819999423,0],[112.52875745400002,-7.2911472649999496,0],[112.52874088400006,-7.2912071349999792,0],[112.52873866600009,-7.2912597789999722,0],[112.52875561000008,-7.2913099649999253,0],[112.52877726400004,-7.2913362099999404,0],[112.52881336100006,-7.2913815469999577,0],[112.52883509700007,-7.2914317169999663,0],[112.52883533200009,-7.2915010999999481,0],[112.52881883500004,-7.2915825029999723,0],[112.52880717900007,-7.2916782449999573,0],[112.5287500610001,-7.2917932799999789,0],[112.5287430190001,-7.2918363699999418,0],[112.52873527500003,-7.2918668659999639,0],[112.52872173700007,-7.2919201819999557,0],[112.52869088000011,-7.2920064179999713,0],[112.52864329700003,-7.2921070659999714,0],[112.52862441200011,-7.2921908699999562,0],[112.52861745900009,-7.2922602769999685,0],[112.52856750500007,-7.2923681109999734,0],[112.52853651800001,-7.2924160669999765,0],[112.52851509000004,-7.2924568129999443,0],[112.52850330400008,-7.2925142739999274,0],[112.52850353200006,-7.2925812649999671,0],[112.52851575600005,-7.2926530009999624,0],[112.52852561600002,-7.2927343139999721,0],[112.52851871200005,-7.2928180769999358,0],[112.52849496200008,-7.2928803639999273,0],[112.52844736300005,-7.2929762269999401,0],[112.5284402960001,-7.2930121389999272,0],[112.52844285500009,-7.2930599819999316,0],[112.5284526260001,-7.2931149769999593,0],[112.52844808600003,-7.293189161999976,0],[112.52843387900009,-7.293239453999945,0],[112.52840527900003,-7.2932850089999306,0],[112.52838870100004,-7.2933424859999718,0],[112.52839128400001,-7.2933975069999519,0],[112.52840581500004,-7.2934429159999468,0],[112.52843470700009,-7.2934834919999503,0],[112.52848524500007,-7.2935479199999804,0],[112.52851646000011,-7.2935669549999602,0],[112.52855732500007,-7.2936050969999542,0],[112.52856467600009,-7.2936529239999572,0],[112.52856011900008,-7.2937223229999404,0],[112.52854594500002,-7.2937821849999409,0],[112.52854373500008,-7.2938372209999329,0],[112.52855831500005,-7.2938969859999361,0],[112.52858013200012,-7.2939710809999383,0],[112.52859228400007,-7.294021283999939,0],[112.52859254300006,-7.2940978449999534,0],[112.52858789700008,-7.2941409259999546,0],[112.52856415500003,-7.2942056059999345,0],[112.52853079500005,-7.294260746999953,0],[112.5284557870001,-7.2943672329999458,0],[112.52843123100001,-7.2944371109999793,0],[112.52841257900002,-7.2945302949999586,0],[112.52832422200004,-7.2949006369999552,0],[112.52834702100006,-7.2949805429999515,0],[112.52847933300006,-7.2951000949999525,0],[112.52867827400007,-7.2951436329999524,0],[112.52883396700008,-7.2951843329999519,0],[112.52908148100005,-7.2952662249999776,0],[112.52910450900004,-7.2953037549999635,0],[112.52911748200006,-7.2953137599999422,0],[112.52914195200003,-7.2953222899999446,0],[112.52917070600006,-7.2953221929999472,0],[112.52920621500004,-7.2953074949999746,0],[112.52931010900011,-7.2953059299999268,0],[112.52932880000003,-7.2953058669999677,0],[112.52938774500001,-7.2953056669999796,0],[112.5294438300001,-7.2953097839999259,0],[112.52950713300004,-7.2953224889999433,0],[112.52963802700003,-7.2953407079999693,0],[112.52967113800003,-7.2953535159999774,0],[112.52973302200007,-7.2953719679999267,0],[112.52976758500006,-7.2953890779999711,0],[112.52980217300001,-7.2954133649999449,0],[112.52981806600008,-7.2954362789999436,0],[112.52983828600009,-7.2954634859999601,0],[112.52986116800002,-7.2955035829999701,0],[112.52988314700008,-7.2955494659999545,0],[112.52989758300009,-7.2955666429999724,0],[112.52991060000011,-7.2955895679999685,0],[112.52993655200009,-7.2956110129999274,0],[112.5299567190001,-7.2956224289999341,0],[112.52999557600003,-7.2956337819999248,0],[112.53002432500011,-7.2956322489999366,0],[112.53005306900002,-7.2956292799999574,0],[112.53008180300003,-7.2956234409999752,0],[112.5301119610001,-7.2956132899999488,0],[112.53012917900003,-7.2956031829999688,0],[112.53014494000001,-7.295587338999951,0],[112.53016587700006,-7.2955587869999476,0],[112.53018642400002,-7.2955254699999728,0],[112.5301820520001,-7.2955082589999734,0],[112.53016903000002,-7.2954838989999757,0],[112.53017039500003,-7.2954623609999771,0],[112.53018470300003,-7.29544221499998,0],[112.53021053800001,-7.2954292079999732,0],[112.53024073900008,-7.2954319769999643,0],[112.53025947800006,-7.2954462689999673,0],[112.53027682800007,-7.2954749199999469,0],[112.53028413400011,-7.2955093479999391,0],[112.53029143400011,-7.2955423409999298,0],[112.53029585500008,-7.2955739079999375,0],[112.5302959820001,-7.2956112309999526,0],[112.53028744300002,-7.2956370999999649,0],[112.53028316900009,-7.295648597999957,0],[112.53029991300002,-7.2956696889999648,0],[112.53038061900008,-7.2956881869999393,0],[112.53053059600006,-7.295722886999954,0],[112.53078199700008,-7.2957720389999281,0],[112.53092590300002,-7.2958117459999698,0],[112.53101132400002,-7.2958459089999792,0],[112.53111114400008,-7.2958867229999669,0],[112.53111883500003,-7.2958933959999399,0],[112.53112365000004,-7.2959000789999777,0],[112.53112177900005,-7.2959134839999251,0],[112.53111511500003,-7.2959269039999413,0],[112.5310998540001,-7.2959489679999479,0],[112.53108556800009,-7.2959758129999273,0],[112.53108084100006,-7.2959949689999348,0],[112.53108088300007,-7.2960074099999588,0],[112.53108583800008,-7.2960552449999341,0],[112.53109546500002,-7.296067652999966,0],[112.5311166140001,-7.2960857649999298,0],[112.53114254100001,-7.2961000319999698,0],[112.53117613600011,-7.2961142739999332,0],[112.53121165100004,-7.296129465999968,0],[112.53122701600012,-7.2961380269999268,0],[112.53125006200003,-7.2961503899999798,0],[112.5312673630001,-7.2961646869999299,0],[112.53130197500002,-7.2961961509999469,0],[112.53132406200007,-7.2962085169999682,0],[112.53134613600002,-7.2962170559999322,0],[112.53137204400002,-7.2962255809999306,0],[112.53141137700004,-7.296235974999945,0],[112.5314986950001,-7.2962643899999762,0],[112.53153898300002,-7.2962738229999786,0],[112.53157160700005,-7.2962842399999772,0],[112.53161696000006,-7.296303226999953,0],[112.53163136500007,-7.2963115519999633,0],[112.53164698900002,-7.2963258539999742,0],[112.53166141500003,-7.2963401599999429,0],[112.53167227500001,-7.2963628529999482,0],[112.53168792300005,-7.2963843329999349,0],[112.53170954200004,-7.2963998109999579,0],[112.53174791600009,-7.2964203279999538,0],[112.53182959000003,-7.2964239509999516,0],[112.53191711700003,-7.296427476999952,0],[112.53194561300006,-7.2964133659999675,0],[112.53195996200009,-7.2964049429999704,0],[112.53198028400004,-7.2963917149999702,0],[112.53202215600004,-7.2963876729999697,0],[112.53205593200005,-7.2963846879999323,0],[112.53210048900007,-7.2963809479999782,0],[112.53218601000003,-7.2963741979999668,0],[112.53225861100009,-7.2963732339999297,0],[112.53235491300006,-7.296365729999934,0],[112.53246419800007,-7.296371100999977,0],[112.53253320500005,-7.2963701489999266,0],[112.53257777100009,-7.2963692799999649,0],[112.53262230600001,-7.2963590799999452,0],[112.5326431420001,-7.2963561379999646,0],[112.53267477700001,-7.2963574669999502,0],[112.53269108000006,-7.2963577309999437,0],[112.53271144000007,-7.2963580599999318,0],[112.53272581500005,-7.2963572929999714,0],[112.53274880600009,-7.2963536269999736,0],[112.53276817300002,-7.2963413589999391,0],[112.53278464100003,-7.2963219229999368,0],[112.5328098010001,-7.2962957239999469,0],[112.53283195600011,-7.296283720999952,0],[112.53287521300001,-7.2962721769999348,0],[112.53292437000005,-7.2962606779999533,0],[112.53295307900009,-7.2962474219999649,0],[112.53300329300009,-7.2962161479999281,0],[112.5330307590001,-7.2961897369999633,0],[112.53304865700011,-7.2961681429999317,0],[112.53307775200005,-7.2961218629999394,0],[112.5330855740001,-7.2961022229999344,0],[112.53309394400003,-7.2960974089999695,0],[112.53312026500009,-7.2960887279999724,0],[112.53317174600011,-7.2960756119999814,0],[112.53318370300008,-7.296068393999974,0],[112.53320639700007,-7.2960479809999583,0],[112.53323502100011,-7.296009602999959,0],[112.53329103700003,-7.2959232809999435,0],[112.53332562300011,-7.2958765089999815,0],[112.53334467400009,-7.2958417519999443,0],[112.53336608900008,-7.2957974169999602,0],[112.53338743800009,-7.2957339419999698,0],[112.53342303500006,-7.2956321379999736,0],[112.53346328900011,-7.2954908409999462,0],[112.53348349700002,-7.2954441169999313,0],[112.53351913400002,-7.295354275999955,0],[112.53352629400001,-7.295321916999967,0],[112.53353211400008,-7.2952956139999401,0],[112.53353809200007,-7.2952920049999648,0],[112.53357644300002,-7.2952954639999348,0],[112.53362678200006,-7.2953012739999394,0],[112.53368911100006,-7.2953094359999682,0],[112.53377422800008,-7.2953246989999343,0],[112.53386538400002,-7.2953542959999709,0],[112.53392294800005,-7.2953708489999372,0],[112.5339924860001,-7.2953849679999507,0],[112.53410995500008,-7.2954013169999712,0],[112.5342010820001,-7.2954225409999367,0],[112.53425026100001,-7.2954391209999585,0],[112.53429942700006,-7.2954521129999534,0],[112.53435100900003,-7.2954710789999808,0],[112.53438341500009,-7.2954877159999683,0],[112.53441459700002,-7.2954971809999734,0],[112.53445419500008,-7.2955149899999583,0],[112.53447219900011,-7.2955244989999528,0],[112.53458483100007,-7.295527705999973,0],[112.53469269900006,-7.2955393019999519,0],[112.53479336200007,-7.2955461379999633,0],[112.53491319400007,-7.2955529079999337,0],[112.53500785100005,-7.2955549789999736,0],[112.53507138200007,-7.2955643329999589,0],[112.53515526800004,-7.2955700299999648,0],[112.53529424900012,-7.2955707539999253,0],[112.53533260000006,-7.2955742119999627,0],[112.53536256000007,-7.2955765029999498,0],[112.5353853360001,-7.2955800139999383,0],[112.53543329100012,-7.2955894219999777,0],[112.53550518800012,-7.2955927659999702,0],[112.53553874700003,-7.2955962409999415,0],[112.53557111100008,-7.2956009159999553,0],[112.5356022740001,-7.2956043989999557,0],[112.53562267000007,-7.2956127029999607,0],[112.53564427200001,-7.2956233959999395,0],[112.53570819100003,-7.2956334929999684,0],[112.53573576700001,-7.2956395469999507,0],[112.53581372100007,-7.295658537999941,0],[112.53585922500008,-7.2956658879999736,0],[112.53593082500004,-7.2956830029999651,0],[112.53594459600004,-7.2956919069999344,0],[112.5359571140001,-7.2957056059999559,0],[112.53596407800001,-7.2957330669999578,0],[112.53596902200002,-7.2957811469999569,0],[112.53597804600008,-7.2957997409999393,0],[112.53600157500011,-7.2958229859999619,0],[112.53607619200011,-7.2958708299999557,0],[112.53610050800012,-7.2958843979999415,0],[112.53611437300003,-7.2958988159999763,0],[112.53612407700007,-7.2959193969999774,0],[112.53612485300005,-7.2959615369999256,0],[112.53614267800003,-7.2959746029999337,0],[112.53616191300011,-7.2959936779999452,0],[112.53623759200002,-7.2960520379999707,0],[112.53633372000002,-7.2961342539999805,0],[112.5363745730001,-7.2961688069999582,0],[112.53639744300006,-7.2961998319999566,0],[112.53643711400002,-7.2962391739999362,0],[112.53646958500008,-7.2962749519999761,0],[112.53652365800008,-7.296321422999938,0],[112.53657894500009,-7.2963726739999402,0],[112.53663659100005,-7.2964131519999569,0],[112.53671506100011,-7.2964555169999699,0],[112.53675181500012,-7.2964737699999773,0],[112.53677938800001,-7.2964784609999356,0],[112.53682493500003,-7.2964842869999416,0],[112.53684769900008,-7.2964842099999601,0],[112.53687284600005,-7.2964805349999438,0],[112.53689075600005,-7.2964625299999284,0],[112.53690384100003,-7.2964349719999291,0],[112.53691693400003,-7.2964098049999393,0],[112.53693483200004,-7.2963882109999645,0],[112.53695034600003,-7.2963702149999676,0],[112.53697869600001,-7.2963364369999795,0],[112.53702064400011,-7.2963264309999545,0],[112.53706274900003,-7.2963264769999796,0],[112.53709686200011,-7.2963319139999498,0],[112.53711841800009,-7.2963289689999442,0],[112.53714282400006,-7.2963188379999337,0],[112.53716001300006,-7.2963001169999302,0],[112.53719479400002,-7.2962649119999696,0],[112.53720729500003,-7.2962525839999444,0],[112.53721877700002,-7.2962468029999741,0],[112.5372475260001,-7.2962452689999395,0],[112.53731644200002,-7.2962626879999561,0],[112.5373626060001,-7.2962635399999272,0],[112.53737984300005,-7.2962591739999425,0],[112.53740567800003,-7.2962461669999357,0],[112.53743575700003,-7.2962130469999806,0],[112.53746148300002,-7.2961684579999542,0],[112.53748576700002,-7.2961224389999302,0],[112.5375213960001,-7.2960304439999391,0],[112.53754842300009,-7.295945655999958,0],[112.53755935000004,-7.2959286169999586,0],[112.53757702500002,-7.2959010569999805,0],[112.53759712800002,-7.2958938109999281,0],[112.53762615000005,-7.2958880539999313,0],[112.53765603400007,-7.2958821259999809,0],[112.53769052400003,-7.2958777019999275,0],[112.53772152400006,-7.2958818799999676,0],[112.53778401900001,-7.2958903039999541,0],[112.53780845000006,-7.2958873489999405,0],[112.53781849400002,-7.2958815729999742,0],[112.53783133500008,-7.295852818999947,0],[112.53784416200006,-7.2958197579999364,0],[112.53785973600009,-7.2957493639999598,0],[112.53789670000003,-7.2956272189999254,0],[112.53790240600006,-7.295614278999949,0],[112.53792241400004,-7.2955790389999606,0],[112.53794102300003,-7.295555290999971,0],[112.53796257400006,-7.2955509109999639,0],[112.53801722100002,-7.2955550319999816,0],[112.53816250600005,-7.2955775059999723,0],[112.53817922500002,-7.2955795589999752,0],[112.53828764000002,-7.2955928699999504,0],[112.5384329100001,-7.2956110379999473,0],[112.53856810800005,-7.2956263679999438,0],[112.53872917300009,-7.2956387389999691,0],[112.53881255600004,-7.2956346829999461,0],[112.53882219600007,-7.2956367289999662,0],[112.53915335700003,-7.2956559559999619,0],[112.53930579200005,-7.2956669209999632,0],[112.53937913800007,-7.2956738479999785,0],[112.53954173000011,-7.2957120539999778,0],[112.53955756000005,-7.2957163059999743,0],[112.53959352700008,-7.2957233609999435,0],[112.53960939000001,-7.2957376629999544,0],[112.53961954200008,-7.295763466999972,0],[112.53962105400001,-7.2957849949999627,0],[112.53962636500012,-7.2958442789999367,0],[112.53965976400002,-7.295871558999977,0],[112.53970329000003,-7.2958899429999633,0],[112.53973288600002,-7.2958968039999377,0],[112.53975568400006,-7.2959028739999781,0],[112.53979222400005,-7.2959096209999643,0],[112.53981014200008,-7.2959082029999536,0],[112.5398321670001,-7.295906772999956,0],[112.53985073800004,-7.2958998379999684,0],[112.53986242000008,-7.2958874129999458,0],[112.53991040500011,-7.2958123009999554,0],[112.53995676200009,-7.2957854719999773,0],[112.53996711200011,-7.2957765769999696,0],[112.53997536600002,-7.2957661509999525,0],[112.53998426200008,-7.2957469539999806,0],[112.53999448900004,-7.2957242279999264,0],[112.54000617100007,-7.2957118009999249,0],[112.54003189500008,-7.2956845429999362,0],[112.54005769000003,-7.2956600519999597,0],[112.54008493300012,-7.2956384259999254,0],[112.54012222000006,-7.2956110239999248,0],[112.54015807900009,-7.2955864979999774,0],[112.54023079500007,-7.2955485539999358,0],[112.5402930890001,-7.2955472779999582,0],[112.54031894800005,-7.2955414479999376,0],[112.54033758900005,-7.2955270289999703,0],[112.54034184300008,-7.2955097879999471,0],[112.54033890900007,-7.2954925719999437,0],[112.54032589100007,-7.295469647999937,0],[112.54030715200008,-7.295455355999934,0],[112.54027690600003,-7.2954396689999612,0],[112.54025241200009,-7.2954239619999726,0],[112.54023078700004,-7.2954068089999282,0],[112.54021346100001,-7.2953853349999349,0],[112.54019182200011,-7.2953638759999535,0],[112.5401759240001,-7.2953395259999638,0],[112.54015718000005,-7.2953237989999593,0],[112.54013414300005,-7.2953138289999515,0],[112.54010101200004,-7.295295279999948,0],[112.54009377000011,-7.295279513999958,0],[112.54009514800009,-7.2952622829999427,0],[112.54010966200008,-7.2951943699999333,0],[112.54013397300002,-7.2951738889999547,0],[112.54014568300011,-7.2951697799999806,0],[112.54021553200005,-7.2951499019999346,0],[112.54024716100002,-7.2951497939999399,0],[112.5403075590001,-7.2951538949999417,0],[112.54039534600008,-7.2951794349999659,0],[112.54043857000011,-7.2952065619999757,0],[112.54052932100001,-7.29525793199997,0],[112.54059081300011,-7.2952938399999425,0],[112.54065886600006,-7.2953019909999739,0],[112.54067898900007,-7.2953004869999631,0],[112.54070336600012,-7.2952817419999292,0],[112.54071767400001,-7.2952615959999321,0],[112.54073540600007,-7.2952425799999787,0],[112.54073916000004,-7.2952385539999796,0],[112.54075632900003,-7.2952140919999806,0],[112.54077062800002,-7.2951910749999342,0],[112.54078062300005,-7.2951709429999596,0],[112.5407934540001,-7.29513931799994,0],[112.54080336100003,-7.2950933469999768,0],[112.54080758000009,-7.2950660579999749,0],[112.54082151000011,-7.2949353779999342,0],[112.54082473100004,-7.2948704869999688,0],[112.54083411100009,-7.2948362839999277,0],[112.5408484730001,-7.2948319279999509,0],[112.54091607400005,-7.2948403109999731,0],[112.54097342500006,-7.2948484619999476,0],[112.5409851170001,-7.2948501239999359,0],[112.54104268900005,-7.2948685889999751,0],[112.5410840620001,-7.2948789209999632,0],[112.54113909700004,-7.294892663999974,0],[112.54114484800004,-7.2948926449999476,0],[112.54115635000005,-7.2948926049999727,0],[112.54118074100006,-7.2948781669999789,0],[112.54119651200006,-7.2948651929999642,0],[112.54123235100008,-7.2948349249999751,0],[112.54128108500004,-7.2947916929999792,0],[112.54133848900005,-7.2947613509999769,0],[112.54141129300001,-7.2947355069999276,0],[112.54154255300011,-7.2947348159999592,0],[112.54158282300011,-7.2947389849999809,0],[112.54160583600003,-7.2947417769999561,0],[112.54165618900004,-7.294751653999981,0],[112.54169360300011,-7.2947615749999386,0],[112.54173390800008,-7.2947757929999284,0],[112.54175840300002,-7.2947914999999739,0],[112.54178147400012,-7.2948115189999498,0],[112.54179737300001,-7.2948358679999501,0],[112.54184780100002,-7.2948608359999412,0],[112.54187914300007,-7.2948545819999708,0],[112.54189838700006,-7.2948442459999683,0],[112.54193167200003,-7.2948411519999468,0],[112.54194747000008,-7.2948360739999316,0],[112.54196468800001,-7.2948259669999516,0],[112.54198836500007,-7.2948129659999381,0],[112.54200630900004,-7.2948050089999583,0],[112.54202064900005,-7.2947941939999623,0],[112.54203066900004,-7.2947812399999634,0],[112.54204212100001,-7.2947668459999591,0],[112.54204784300009,-7.294758212999966,0],[112.54205999900012,-7.2947395099999426,0],[112.54207069600011,-7.2947143519999713,0],[112.54207712800007,-7.2947035629999277,0],[112.54209649300003,-7.2946905769999262,0],[112.54218899700004,-7.2946559069999353,0],[112.54222930700007,-7.2946398809999664,0],[112.54224008200003,-7.2946376909999344,0],[112.54233704900003,-7.2946143929999607,0],[112.54237080900009,-7.2946070979999718,0],[112.54239162600004,-7.2945984139999496,0],[112.54246660900003,-7.2945595569999568,0],[112.54252796800006,-7.2945283259999769,0],[112.54261807400007,-7.2944916019999368,0],[112.54265646100009,-7.294475489999968,0],[112.54269361800004,-7.2944371409999462,0],[112.5427302710001,-7.2944077689999745,0],[112.54275322700005,-7.2943940529999622,0],[112.54280059500002,-7.2943716409999411,0],[112.54284581600007,-7.2943523459999255,0],[112.54290091100006,-7.2943473729999369,0],[112.54294286000004,-7.2943520139999691,0],[112.54300159900004,-7.2943613839999557,0],[112.54306274500004,-7.2943743339999401,0],[112.54313229100001,-7.2943908439999632,0],[112.54320660000008,-7.2943989649999708,0],[112.54329405100009,-7.2943962729999612,0],[112.54331561700008,-7.2943961999999374,0],[112.54334069000004,-7.2943709919999264,0],[112.54336943600003,-7.2943685019999407,0],[112.54344733100004,-7.2943742169999268,0],[112.54347852600006,-7.2943872689999694,0],[112.54351575600003,-7.2944134599999302,0],[112.54355060300009,-7.2944432479999364,0],[112.54358426300007,-7.2944766279999271,0],[112.54360352300012,-7.294502879999925,0],[112.54363001200011,-7.2945410709999692,0],[112.54365650000011,-7.2945792609999671,0],[112.54368183200006,-7.2946294179999427,0],[112.54370479200009,-7.2946867599999337,0],[112.54372056800003,-7.2947453229999724,0],[112.54372545500007,-7.2947728209999809,0],[112.54372317700006,-7.2948075199999494,0],[112.54371489300001,-7.2948374559999252,0],[112.54368986500003,-7.2948758219999377,0],[112.54366483300009,-7.2949129919999791,0],[112.54363741600002,-7.2949537579999628,0],[112.54362553400006,-7.2949825089999649,0],[112.54362197700004,-7.2949932879999437,0],[112.5436196710001,-7.2950196139999548,0],[112.54366764300005,-7.2950338049999459,0],[112.54371324300007,-7.2950551819999419,0],[112.54374088100008,-7.2950790129999632,0],[112.54376613900001,-7.2951076369999441,0],[112.54377105800006,-7.2951447049999274,0],[112.5437641530001,-7.2952272709999306,0],[112.54375114600009,-7.2952775589999419,0],[112.54372860800004,-7.2953434309999352,0],[112.54369063500008,-7.2954500279999479,0],[112.54366211900003,-7.2955195099999628,0],[112.54364915300005,-7.2955817599999477,0],[112.54362293500003,-7.2956225229999632,0],[112.54362541700004,-7.2956476359999556,0],[112.54363149400001,-7.2956727369999612,0],[112.54366273400001,-7.2956989479999379,0],[112.54371679100007,-7.2957406329999799,0],[112.54377204600007,-7.2957823129999611,0],[112.5438152910001,-7.2958156609999492,0],[112.54385372800004,-7.2958442399999512,0],[112.5438873600001,-7.2958692469999278,0],[112.54393655100012,-7.2958894149999765,0],[112.54396416000009,-7.2959048719999373,0],[112.54400975300007,-7.2959238569999343,0],[112.5440685320001,-7.2959451889999514,0],[112.54412251100007,-7.2959641449999708,0],[112.54418845500004,-7.2959782749999249,0],[112.54425679000008,-7.2959911999999463,0],[112.54432632400005,-7.2960041209999531,0],[112.54438987500009,-7.2960194549999642,0],[112.54446301500002,-7.2960359529999437,0],[112.54453376300012,-7.2960536549999802,0],[112.54468487700001,-7.2960985969999683,0],[112.54476640700011,-7.2961162619999413,0],[112.54502658300009,-7.2961715969999545,0],[112.54527473200005,-7.2962138139999411,0],[112.54539461800005,-7.2962361329999794,0],[112.54555889400001,-7.2962762439999551,0],[112.54589065900007,-7.2963519529999417,0],[112.54611636400011,-7.2963808039999662,0],[112.54615475200001,-7.2963950279999494,0],[112.54617278900002,-7.2964141059999292,0],[112.54617527100004,-7.2964392199999679,0],[112.54617346400005,-7.2964598509999519,0],[112.54616950700006,-7.2965050339999493,0],[112.54618149600003,-7.2965073859999734,0],[112.5462150620001,-7.2965132519999543,0],[112.54629773000011,-7.2965129689999344,0],[112.54661165000005,-7.2965190719999669,0],[112.5466775650001,-7.2965248269999279,0],[112.54667525500008,-7.2965499569999679,0],[112.54668127000002,-7.2965571139999383,0],[112.54671363500006,-7.2965617879999627,0],[112.54679155500003,-7.2965746799999351,0],[112.54692460700005,-7.2965933649999783,0],[112.54697365700008,-7.2966000179999355,0],[112.54707084200004,-7.2966132009999569,0],[112.54708883000001,-7.2966179239999747,0],[112.54710443300007,-7.2966262449999704,0],[112.54710045900003,-7.2966857529999629,0],[112.54712738600006,-7.2966965129999721,0],[112.54733483700011,-7.2967605349999758,0],[112.54737541700001,-7.2967910439999741,0],[112.54743772300003,-7.2967982439999446,0],[112.54748236800003,-7.2968035259999624,0],[112.5475231150001,-7.2968083479999564,0],[112.54758058300001,-7.2968203559999552,0],[112.54764323100005,-7.2968183329999761,0],[112.54767456500008,-7.2968095469999525,0],[112.54769707900005,-7.2967764709999301,0],[112.5477039110001,-7.2967434479999724,0],[112.54771254100001,-7.296712227999933,0],[112.547736826,-7.2966946959999746,0],[112.54773722900006,-7.2966946029999349,0],[112.5477594350001,-7.296689464999929,0],[112.54778386500004,-7.2966928169999505,0],[112.54782393400001,-7.2967048849999401,0],[112.54787098400004,-7.2967272359999811,0],[112.54790411400006,-7.2967410449999761,0],[112.54802788000006,-7.2967701839999677,0],[112.54806267900005,-7.2967700649999756,0],[112.54808001300012,-7.2967508389999693,0],[112.54809380200004,-7.2967213189999711,0],[112.54809367700011,-7.2966847939999298,0],[112.54809000800003,-7.2966170909999732,0],[112.54810024300002,-7.2965528669999458,0],[112.54808775700008,-7.2965367439999795,0],[112.54808286200011,-7.2965068549999614,0],[112.5480840030001,-7.2964901029999396,0],[112.54809707900006,-7.2964601509999625,0],[112.54813051400004,-7.2964277379999771,0],[112.54817952800011,-7.2963964669999655,0],[112.54824441000005,-7.2963738409999337,0],[112.54828841300002,-7.2963554199999408,0],[112.54834111200012,-7.2963504549999811,0],[112.54838782000002,-7.2963455089999343,0],[112.54841607000003,-7.2963409549999483,0],[112.54843332200005,-7.2963381759999493,0],[112.54843676500002,-7.2963352129999635,0],[112.54845921700007,-7.2963158939999744,0],[112.54848712100011,-7.2963044959999479,0],[112.54848926400007,-7.2963041039999439,0],[112.54853381700002,-7.296295961999931,0],[112.54854719100001,-7.2962975049999272,0],[112.54858415600006,-7.2963017709999463,0],[112.54861770700006,-7.2963028519999398,0],[112.54864999300003,-7.2962847969999416,0],[112.54868472100009,-7.2962645039999643,0],[112.54868705900003,-7.2962631379999721,0],[112.54871526500006,-7.296242571999926,0],[112.54873486300005,-7.2962282819999587,0],[112.54875882400006,-7.2962281999999732,0],[112.54879358500011,-7.2962328659999685,0],[112.54883318300006,-7.296250673999964,0],[112.54886800100007,-7.2962720869999771,0],[112.54890281500002,-7.2962923039999623,0],[112.54893522100008,-7.2963089409999498,0],[112.54896761800001,-7.2963231849999488,0],[112.54901365800004,-7.2963292579999575,0],[112.54904067900009,-7.2963200059999735,0],[112.54909749700005,-7.2963159329999598,0],[112.54913206200001,-7.2963134549999609,0],[112.54921325600003,-7.2963319129999604,0],[112.54929240800004,-7.2963543709999499,0],[112.54937397900005,-7.296383996999964,0],[112.54963075000001,-7.2964943689999586,0],[112.54971715500005,-7.2965359419999345,0],[112.54973090800002,-7.2965406459999258,0],[112.54990067900007,-7.2965987149999592,0],[112.55002419600009,-7.2966317859999776,0],[112.55017283500001,-7.2966540049999367,0],[112.55031068800008,-7.2966750649999312,0],[112.55053243500004,-7.2967042109999625,0],[112.55074340300007,-7.2967345889999251,0],[112.55083692700009,-7.2967558009999607,0],[112.5509305170001,-7.2967961529999457,0],[112.550934127,-7.2968009249999568,0],[112.55094854600009,-7.2968128379999371,0],[112.55097496100007,-7.2968294949999404,0],[112.55104331300004,-7.2968472049999491,0],[112.55131486700009,-7.2969211529999711,0],[112.55133951300002,-7.2969263369999453,0],[112.55138748600007,-7.2969405279999364,0],[112.55147025600002,-7.296970149999936,0],[112.55161785000007,-7.2970366339999373,0],[112.5518397620001,-7.2971136289999663,0],[112.55185297800006,-7.2971243499999332,0],[112.55186862300002,-7.29714463199997,0],[112.55187469500004,-7.2971685369999477,0],[112.5518760010001,-7.2971996349999699,0],[112.55187130700006,-7.2972283619999416,0],[112.55185820300005,-7.297249939999972,0],[112.55184389600004,-7.2972703249999427,0],[112.551821227,-7.2972979169999803,0],[112.55181289400002,-7.2973134969999478,0],[112.55183332400009,-7.2973313709999275,0],[112.55187648300011,-7.2973395969999615,0],[112.55192206400011,-7.2973549909999633,0],[112.55202159000009,-7.2973797709999531,0],[112.5520995600001,-7.297407016999955,0],[112.55215354800009,-7.2974283639999271,0],[112.55226270900005,-7.2974674659999437,0],[112.55227956800002,-7.2974925299999427,0],[112.55228084500004,-7.2975152539999613,0],[112.55227138400005,-7.2975511749999669,0],[112.55225349900002,-7.297576357999958,0],[112.5522368710001,-7.2976182839999524,0],[112.55222742600006,-7.2976589899999453,0],[112.55222165000009,-7.2977212149999673,0],[112.55221824200009,-7.2977750589999459,0],[112.55220885100005,-7.2978313159999288,0],[112.55220299200005,-7.2978696159999572,0],[112.55219715900012,-7.2979150939999613,0],[112.55219134200001,-7.2979653579999422,0],[112.55218556600005,-7.2980275829999641,0],[112.55217863700011,-7.298102971999981,0],[112.5521680600001,-7.2981628209999485,0],[112.55215868200003,-7.2982226669999477,0],[112.55214452400003,-7.2982861169999751,0],[112.55213744700006,-7.2983184409999353,0],[112.55213635200005,-7.2983483509999587,0],[112.55213774400011,-7.298404570999935,0],[112.55213667700002,-7.298442854999962,0],[112.55212841900004,-7.298479967999981,0],[112.55211181100003,-7.2985278749999338,0],[112.55211287500003,-7.2985602179999773,0],[112.55211314900009,-7.298568543999977,0],[112.55211260600004,-7.2985814379999283,0],[112.5521109340001,-7.2986211869999806,0],[112.55211354900007,-7.2986845799999287,0],[112.55211499900008,-7.2987575469999797,0],[112.55211637800005,-7.2988101779999397,0],[112.55210947400008,-7.2988927439999429,0],[112.55211558800011,-7.2989286109999512,0],[112.55212645400002,-7.2989524989999381,0],[112.55213849600011,-7.2989704019999522,0],[112.55216254900006,-7.2989966369999593,0],[112.55217939200008,-7.2990169149999815,0],[112.55218908400002,-7.2990479849999588,0],[112.55219879600008,-7.2990850359999513,0],[112.55220257600001,-7.299138854999967,0],[112.55220276600005,-7.2991938819999405,0],[112.55219932000011,-7.2992369599999734,0],[112.55219587000011,-7.2992788409999321,0],[112.55219281600012,-7.2993192439999461,0],[112.55219243300007,-7.2993243109999639,0],[112.55218548300002,-7.2993937179999762,0],[112.55218207100006,-7.2994463649999375,0],[112.55216801500001,-7.2995397219999631,0],[112.55216218600003,-7.2995863969999277,0],[112.55215517100009,-7.2996366639999337,0],[112.55215054700011,-7.2996857269999396,0],[112.55214241200008,-7.2997587269999258,0],[112.55213421600001,-7.2998137829999337,0],[112.55210924200003,-7.2998677009999255,0],[112.55208200100003,-7.299950039999942,0],[112.55198691200007,-7.3001791499999626,0],[112.55197978500007,-7.3001971189999608,0],[112.55196790700006,-7.300227065999934,0],[112.55198224500009,-7.3002591079999775,0],[112.55198730800009,-7.3002939899999433,0],[112.55199712300009,-7.3003609469999446,0],[112.55199838700003,-7.3003800829999363,0],[112.55200208500003,-7.3004099769999584,0],[112.55200816600006,-7.3004362739999351,0],[112.55201424300003,-7.3004613749999407,0],[112.55203601900007,-7.3005223089999731,0],[112.5520577740001,-7.3005772629999797,0],[112.55208310300009,-7.3006262229999379,0],[112.55210598600002,-7.3006608359999632,0],[112.55214093300003,-7.3007193319999715,0],[112.55214701000011,-7.3007444329999771,0],[112.55215188900002,-7.3007695379999404,0],[112.55214844300008,-7.3008126149999271,0],[112.55214737300003,-7.3008497029999262,0],[112.5521450760001,-7.3008784209999362,0],[112.5521488060001,-7.300917884999933,0],[112.55215729200006,-7.3009465669999258,0],[112.55217779900011,-7.3009871689999386,0],[112.55220923800005,-7.3010707989999446,0],[112.55222854400006,-7.3011102099999334,0],[112.5522466220001,-7.3011412509999332,0],[112.55227554100009,-7.3011890019999441,0],[112.55231158700008,-7.3012187839999569,0],[112.55233319000001,-7.3012294759999463,0],[112.55236916500007,-7.3012389229999712,0],[112.55239673800008,-7.3012436129999401,0],[112.55245667500003,-7.3012529769999333,0],[112.55255976000001,-7.3012669779999442,0],[112.55268329100011,-7.3013036369999327,0],[112.55275287500001,-7.301330911999969,0],[112.5528285150001,-7.3013773059999494,0],[112.55284293300008,-7.3013892189999297,0],[112.55286695300003,-7.301405883999962,0],[112.5529065930001,-7.3014356539999312,0],[112.55293901500011,-7.3014570759999629,0],[112.552975016,-7.3014736989999278,0],[112.55301939900005,-7.3014890979999336,0],[112.55306977600003,-7.301505671999962,0],[112.55312255800004,-7.3015246309999497,0],[112.55316212300011,-7.3015328689999706,0],[112.55319809100001,-7.3015399229999502,0],[112.55322802400008,-7.3015446639999482,0],[112.55324244500002,-7.3015469479999524,0],[112.55329281000002,-7.3015599329999645,0],[112.55334797100011,-7.3015740989999358,0],[112.55339233300003,-7.3015835159999369,0],[112.55344509100007,-7.3015952969999489,0],[112.55348706100006,-7.3016059189999396,0],[112.55351704600002,-7.3016153859999804,0],[112.55358801200009,-7.3016313309999532,0],[112.55360334800002,-7.3016312779999453,0],[112.55363113400006,-7.3016283119999343,0],[112.55365411000002,-7.3016205769999374,0],[112.55367997600001,-7.301616658999933,0],[112.55370203700011,-7.3016213689999745,0],[112.55371453400005,-7.3016318529999467,0],[112.55372704700005,-7.301647121999963,0],[112.55373862100009,-7.3016681359999325,0],[112.55375400300011,-7.301681480999946,0],[112.55377705500007,-7.3016957569999477,0],[112.55380489700008,-7.3017090599999506,0],[112.55387494100012,-7.3017308299999399,0],[112.55390660700004,-7.301741247999928,0],[112.55394210000009,-7.3017497389999448,0],[112.55397854500006,-7.3017506149999463,0],[112.55398809600001,-7.3017465489999722,0],[112.55402265600003,-7.3017255779999459,0],[112.55405027500001,-7.3017110859999548,0],[112.55406939500006,-7.3016966649999517,0],[112.55407799600005,-7.3016872709999348,0],[112.55412477800007,-7.301636182999971,0],[112.55414392200009,-7.3016289389999542,0],[112.55417025100007,-7.3016204749999361,0],[112.55419421300007,-7.3016203919999612,0],[112.55422777600006,-7.301625061999971,0],[112.55425411700003,-7.3016201859999796,0],[112.55426844100009,-7.30160458499995,0],[112.5542971860001,-7.3016020939999748,0],[112.55435353400003,-7.3016126659999259,0],[112.55439191800008,-7.3016256929999486,0],[112.5544938380001,-7.3016492669999593,0],[112.55455978200007,-7.3016633949999346,0],[112.55456826800003,-7.301692075999938,0],[112.55458631300007,-7.301713546999963,0],[112.55461995900009,-7.301742140999977,0],[112.55465476500001,-7.3017599649999738,0],[112.55469076200006,-7.3017753929999571,0],[112.5547915620001,-7.3018216999999481,0],[112.5549919230001,-7.3019023549999815,0],[112.55507831400007,-7.3019391419999806,0],[112.55513706500005,-7.3019520979999584,0],[112.5552234060001,-7.3019745299999386,0],[112.55536968800004,-7.3020075209999504,0],[112.55543922700008,-7.3020216369999389,0],[112.55547162500011,-7.3020358799999485,0],[112.55552080000007,-7.3020512619999636,0],[112.5555831580001,-7.3020677949999708,0],[112.55568869300009,-7.3020973379999532,0],[112.55590094500008,-7.3021516339999266,0],[112.55603765500007,-7.3021882469999468,0],[112.55606763600008,-7.3021965179999597,0],[112.55610956900011,-7.3021963729999584,0],[112.55613953300008,-7.3021998589999271,0],[112.55617283300001,-7.3022033699999724,0],[112.55620545300008,-7.3022068089999266,0],[112.55624621700008,-7.3022150419999434,0],[112.55626660900009,-7.3022221489999311,0],[112.55628344000002,-7.3022388389999264,0],[112.55629667300002,-7.3022543449999375,0],[112.55633385100009,-7.3022649829999295,0],[112.5563614560001,-7.3022792429999299,0],[112.55638906600007,-7.3022946989999582,0],[112.55642384000009,-7.3023029529999803,0],[112.5564814060001,-7.3023195019999321,0],[112.55652099200006,-7.3023337209999681,0],[112.55657975200006,-7.3023490699999343,0],[112.55662653500008,-7.3023656559999495,0],[112.55665415800001,-7.3023847009999372,0],[112.55673541300007,-7.3024130099999525,0],[112.55676327000003,-7.302409445999956,0],[112.55679563500007,-7.3024141199999804,0],[112.55685679100009,-7.302429459999928,0],[112.55690595400006,-7.3024412529999267,0],[112.55695031700009,-7.3024506699999279,0],[112.55704024800002,-7.3024718929999608,0],[112.55713735900008,-7.3024906979999287,0],[112.55722252200007,-7.3025191139999492,0],[112.55726569900003,-7.3025321239999812,0],[112.55731368000011,-7.302548705999925,0],[112.55741683600002,-7.3025830419999807,0],[112.55794687800005,-7.3027223709999589,0],[112.55858962800005,-7.3028864329999692,0],[112.55898534500011,-7.3029855519999387,0],[112.55906183500008,-7.3030060679999451,0],[112.5592671600001,-7.3030611389999649,0],[112.55928155800007,-7.3030670699999405,0],[112.5592995830001,-7.3030825599999503,0],[112.55930800700003,-7.3030932969999753,0],[112.55931888100008,-7.3031195769999613,0],[112.55932614900007,-7.303142280999964,0],[112.5593286190001,-7.3031638049999401,0],[112.55933111900003,-7.3031937029999767,0],[112.5593982370001,-7.3032006489999617,0],[112.55949891800003,-7.3032122629999776,0],[112.55950134700004,-7.3032218249999801,0],[112.55950618100007,-7.3032337709999524,0],[112.55951223800002,-7.3032528899999534,0],[112.55951713400009,-7.3032827799999609,0],[112.55952086000002,-7.3033210469999403,0],[112.55951379200008,-7.3033557629999564,0],[112.55951037600005,-7.3034072139999466,0],[112.55951045100005,-7.3034287469999413,0],[112.55952605100003,-7.3034358699999302,0],[112.55957160300011,-7.3034428899999284,0],[112.55961235500001,-7.3034475349999752,0],[112.55963809700006,-7.3034483319999595,0],[112.55968185200004,-7.3034496869999543,0],[112.55972138900006,-7.3034495499999252,0],[112.5597573440001,-7.3034530149999455,0],[112.55977111800007,-7.303459304999933,0],[112.55978854400007,-7.3034672619999697,0],[112.55983413300009,-7.3034850479999704,0],[112.55986409800005,-7.3034885339999391,0],[112.5599036430001,-7.3034907889999658,0],[112.5599491910001,-7.3034966129999361,0],[112.56001274400001,-7.3035119449999684,0],[112.56005713500008,-7.3035297349999269,0],[112.56011114500006,-7.3035570629999711,0],[112.56017594900004,-7.3035879409999325,0],[112.56020113400007,-7.3035950319999756,0],[112.5602419060001,-7.3036056569999346,0],[112.56028508300005,-7.3036186669999665,0],[112.5603210590001,-7.3036281129999452,0],[112.56036183900005,-7.30364112999996,0],[112.56039304300009,-7.3036565739999446,0],[112.56042306600011,-7.3036768069999312,0],[112.56046389700009,-7.3037041789999648,0],[112.56050110400008,-7.3037231909999605,0],[112.56054430500001,-7.3037433779999787,0],[112.5605934890001,-7.3037611519999359,0],[112.56064510700003,-7.303789682999934,0],[112.5606809090001,-7.3038014619999672,0],[112.56071707500007,-7.3038133599999355,0],[112.56074586600005,-7.3038240259999725,0],[112.56077825200009,-7.3038346809999553,0],[112.56082382500006,-7.3038476819999687,0],[112.56086221300006,-7.303861903999973,0],[112.56088503500007,-7.3038785729999631,0],[112.56099311200001,-7.3039499749999663,0],[112.56111322000004,-7.3040356899999779,0],[112.56114682000009,-7.304051124999944,0],[112.56116211500012,-7.3040559259999327,0],[112.56119959400007,-7.3040676899999539,0],[112.56123078600001,-7.3040795449999791,0],[112.56123858600006,-7.3040834049999717,0],[112.56124518800004,-7.3040866729999721,0],[112.5612992020001,-7.3041151959999411,0],[112.56136638600003,-7.3041412809999429,0],[112.56141210800001,-7.3041593579999358,0],[112.56141437600002,-7.3041602549999425,0],[112.56144801400001,-7.3041864569999575,0],[112.56158011000002,-7.3042745229999468,0],[112.56164369200008,-7.3042982279999364,0],[112.56170245700002,-7.3043147719999411,0],[112.56188928400002,-7.3043520779999653,0],[112.56203280000011,-7.3043807349999383,0],[112.56226715100001,-7.3044264619999808,0],[112.56226161000006,-7.3044489229999385,0],[112.5622517920001,-7.3044887209999274,0],[112.56224585900009,-7.3045054889999506,0],[112.56223636200002,-7.3045306429999641,0],[112.56223890300009,-7.3045725029999744,0],[112.56225581400008,-7.3046119209999461,0],[112.5622691420001,-7.304654940999967,0],[112.56227393100005,-7.3047100089999617,0],[112.56227413400006,-7.3047123439999382,0],[112.56218256800003,-7.3047608989999731,0],[112.56212139200011,-7.3048089609999352,0],[112.56205835600008,-7.3048732989999507,0],[112.56201252100004,-7.3049345569999673,0],[112.56198154500009,-7.3049849069999482,0],[112.56195182200008,-7.3050508049999507,0],[112.56191364900008,-7.3050987869999631,0],[112.56187613700001,-7.3051172929999666,0],[112.56185504200005,-7.3051276999999573,0],[112.56179420100011,-7.3052032749999398,0],[112.56177511100009,-7.3052260699999465,0],[112.56175364900002,-7.305256050999958,0],[112.56174539500012,-7.305294359999948,0],[112.5617527500001,-7.3053421849999722,0],[112.56176481400007,-7.3053660679999552,0],[112.56179007800006,-7.3053958869999747,0],[112.56181655600005,-7.3054304869999669,0],[112.56184427000005,-7.3054758489999472,0],[112.56187082700001,-7.3055331769999725,0],[112.56188050800006,-7.3055606579999335,0],[112.56188183900008,-7.3055989339999314,0],[112.56188194700007,-7.3056300359999682,0],[112.56188291600006,-7.3056952829999773,0],[112.56188351000003,-7.3057353009999701,0],[112.56188115200007,-7.3057460759999344,0],[112.56187402500007,-7.3057640439999432,0],[112.56181078400004,-7.3058384309999269,0],[112.56174633600006,-7.3059104299999262,0],[112.56173206300002,-7.3059403859999748,0],[112.56172373900006,-7.3059583589999306,0],[112.56171663300006,-7.3059823079999546,0],[112.56170237700007,-7.3060170489999336,0],[112.56169651100004,-7.306052956999963,0],[112.56169062400011,-7.3060828839999772,0],[112.56167554400008,-7.3061029759999769,0],[112.5616192330001,-7.3062254859999598,0],[112.56161450700006,-7.3062446429999568,0],[112.56161820900002,-7.3062757329999499,0],[112.56162665000011,-7.3062912549999623,0],[112.56163698700004,-7.3063143729999638,0],[112.56165442200006,-7.3063533639999605,0],[112.56165448800004,-7.3063725039999667,0],[112.56164742400006,-7.3064084159999538,0],[112.56163081300008,-7.306455127999925,0],[112.56162612000003,-7.3064838539999641,0],[112.56162383200001,-7.3065149649999626,0],[112.56161675600003,-7.3065472889999796,0],[112.56159767800011,-7.3065736719999563,0],[112.56157857900007,-7.3065940749999641,0],[112.56155230000002,-7.3066168949999337,0],[112.56152840800007,-7.3066373139999428,0],[112.56151294500012,-7.3066696659999479,0],[112.56150350600001,-7.3067115679999688,0],[112.56148330500002,-7.3067594879999547,0],[112.56147154000007,-7.3068217349999713,0],[112.5614549820001,-7.3068839969999431,0],[112.5614539500001,-7.3069318509999448,0],[112.56145641700004,-7.3069521789999499,0],[112.56146251600001,-7.3069832609999708,0],[112.56146139600003,-7.307005993999951,0],[112.56145429900005,-7.3070323359999634,0],[112.56144478900001,-7.3070539019999501,0],[112.56142571500004,-7.3070814819999441,0],[112.56140781900001,-7.3071030759999758,0],[112.56139592900001,-7.3071294349999789,0],[112.56139361600003,-7.3071533679999447,0],[112.56139127000006,-7.3071677309999359,0],[112.56135911700005,-7.3072251299999493,0],[112.56135480100011,-7.307265245999929,0],[112.56128728400006,-7.3074136579999731,0],[112.56123886000012,-7.3074410059999764,0],[112.56121972400001,-7.3074506419999352,0],[112.561205384,-7.3074614579999775,0],[112.56118388100003,-7.3074794769999585,0],[112.56116479800005,-7.3075046639999641,0],[112.56111449000002,-7.3075469129999533,0],[112.56108356000004,-7.3075719359999312,0],[112.56108119700002,-7.3075815139999349,0],[112.56108125600008,-7.3075982619999422,0],[112.56109473200002,-7.3076304609999738,0],[112.56109160200003,-7.3076436979999357,0],[112.56111026300005,-7.3076711329999284,0],[112.56112230600002,-7.307689034999953,0],[112.56112717800011,-7.307711746999928,0],[112.56112267200001,-7.307794304999959,0],[112.56111913600012,-7.307811064999953,0],[112.56110843200008,-7.3078338309999253,0],[112.56109060200004,-7.3078745649999632,0],[112.56108474000007,-7.3079116699999531,0],[112.56108005100009,-7.3079415919999633,0],[112.56106698000008,-7.3079727399999683,0],[112.56103357100005,-7.3080123329999651,0],[112.56101210000008,-7.3080399209999314,0],[112.56099194900003,-7.3081021959999362,0],[112.56098484300003,-7.3081261459999496,0],[112.56097655200006,-7.3081536879999476,0],[112.5609718720001,-7.3081860039999356,0],[112.5609683890001,-7.3082183149999764,0],[112.5609636800001,-7.3082422559999713,0],[112.5609505760001,-7.3082638339999448,0],[112.56093981800007,-7.3082710489999272,0],[112.56091227000002,-7.3082735369999341,0],[112.56087391400001,-7.3082688849999613,0],[112.56084157000009,-7.3082701929999416,0],[112.56080469400001,-7.3082872239999688,0],[112.56079046700006,-7.3083165639999379,0],[112.56079631200009,-7.3083481059999258,0],[112.56080953700007,-7.3083612189999485,0],[112.56082994600001,-7.3083731109999803,0],[112.56084794600008,-7.3083814229999575,0],[112.56085518100008,-7.3083945569999287,0],[112.56086126700006,-7.3084220499999333,0],[112.56086857600008,-7.3084567159999665,0],[112.56086943000003,-7.3084957109999777,0],[112.56086949500002,-7.3085143719999337,0],[112.5608624460001,-7.308554590999961,0],[112.56084820300009,-7.3085933989999603,0],[112.56084405400009,-7.3086407849999659,0],[112.5608470840001,-7.3086852759999488,0],[112.56085582000003,-7.3087168269999552,0],[112.56086311800004,-7.3087483829999655,0],[112.56086323800002,-7.3087828349999313,0],[112.56085899000004,-7.308801510999956,0],[112.56085047300007,-7.3088331219999532,0],[112.56089388900011,-7.3089147959999536,0],[112.56089975900011,-7.3089492279999604,0],[112.56089702300005,-7.3089894309999295,0],[112.56088922100002,-7.3090060769999354,0],[112.56087276100004,-7.309041193999974,0],[112.56091931500009,-7.3090570419999494,0],[112.56095624900001,-7.3090696149999417,0],[112.56097354200006,-7.3090810389999774,0],[112.5609808050001,-7.3091025469999522,0],[112.56097822300001,-7.3091611299999499,0],[112.56100262500001,-7.3091756819999318,0],[112.56106021900007,-7.309199886999977,0],[112.56107469500012,-7.3092285469999752,0],[112.56107912300001,-7.3092615479999381,0],[112.56107781000003,-7.3092974409999556,0],[112.56106499500004,-7.3093333729999586,0],[112.56103506200009,-7.3094081229999688,0],[112.56103801800009,-7.309431080999957,0],[112.56105675300012,-7.3094439359999797,0],[112.56105969300006,-7.3094625869999277,0],[112.56105694700011,-7.3094999199999506,0],[112.56104903100004,-7.3095567739999296,0],[112.56105957000011,-7.3095679279999786,0],[112.56109172700008,-7.3095787529999257,0],[112.56111906300009,-7.3095843999999488,0],[112.56113777400003,-7.3095900769999389,0],[112.56116797600009,-7.3095928439999511,0],[112.5612111480001,-7.3096041779999723,0],[112.56121263500006,-7.3096185279999304,0],[112.56120699400003,-7.3096501289999765,0],[112.56119470500005,-7.3097134799999708,0],[112.56119544900002,-7.3097143589999405,0],[112.56119995300003,-7.3097196729999609,0],[112.56123913700003,-7.3097659169999361,0],[112.56124247900004,-7.3098057089999315,0],[112.56124852000005,-7.3098200439999346,0],[112.56125932800001,-7.3098271839999711,0],[112.5612749070001,-7.3098283259999448,0],[112.56131325500007,-7.3098305859999755,0],[112.56139471300003,-7.3098267149999288,0],[112.56144262500004,-7.3098229599999627,0],[112.56150372000002,-7.309820355999932,0],[112.56157684600009,-7.3098320649999664,0],[112.56159454500005,-7.3098363709999603,0],[112.56160336700009,-7.309838516999946,0],[112.56168836500001,-7.3098591929999657,0],[112.56173757400006,-7.309884143999966,0],[112.56182994000005,-7.3099161229999368,0],[112.5619522720001,-7.3099515869999436,0],[112.56203616800008,-7.3099596699999552,0],[112.56208291100006,-7.3099642939999399,0],[112.56217041400009,-7.3099759529999346,0],[112.56220060500004,-7.3099801529999695,0],[112.56220896200011,-7.3099813149999591,0],[112.56223754100006,-7.3099852899999291,0],[112.56229625200001,-7.3099862829999438,0],[112.56244480300006,-7.309994081999946,0],[112.56263200600006,-7.3100137689999656,0],[112.56270285700009,-7.3100212199999532,0],[112.5627722160001,-7.3100220669999771,0],[112.56279739000001,-7.3100223739999706,0],[112.56284851200007,-7.3100229989999548,0],[112.56295814700002,-7.3100250109999365,0],[112.56305522000002,-7.3100324499999374,0],[112.56317147700008,-7.310044009999956,0],[112.56321703000003,-7.3100510289999647,0],[112.56336626600012,-7.3100794259999589,0],[112.56344601100011,-7.3100922899999432,0],[112.56359890200008,-7.3101199449999399,0],[112.56364125700009,-7.3101276059999805,0],[112.56385992000003,-7.3101671579999561,0],[112.56409470900007,-7.3102089249999267,0],[112.56414921900011,-7.3103191179999385,0],[112.56438225000011,-7.3103629849999265,0],[112.56451182700005,-7.3103873769999268,0],[112.56458849700005,-7.3104018099999735,0],[112.56457970400004,-7.3105013119999285,0],[112.56457813700001,-7.3105190399999742,0],[112.56457005400011,-7.3106105009999283,0],[112.56475415600005,-7.310630916999969,0],[112.56477362500004,-7.3107169799999383,0],[112.56477755300011,-7.3107437619999587,0],[112.56478728400009,-7.310785836999969,0],[112.56482188300004,-7.3108125129999735,0],[112.5648488600001,-7.3108526129999518,0],[112.56486236500007,-7.3108774489999746,0],[112.56485743500002,-7.311014107999938,0],[112.56498194800008,-7.3111167959999648,0],[112.56500338000001,-7.3111344719999352,0],[112.56519971800003,-7.311296395999932,0],[112.56523112400009,-7.3112969299999691,0],[112.5654953180001,-7.3113014259999431,0],[112.56591480900011,-7.3112847819999729,0],[112.56596911800011,-7.3112908679999578,0],[112.56599433700001,-7.3112936939999713,0],[112.56641483400006,-7.3113408149999373,0],[112.5667533510001,-7.3114035549999699,0],[112.56731465500002,-7.3115764949999402,0],[112.56738096100003,-7.3115969239999572,0],[112.56751525300001,-7.3116451869999537,0],[112.56768341600002,-7.311811855999963,0],[112.56780913800003,-7.3120152859999621,0],[112.56784098800006,-7.3120897609999815,0],[112.56785055500006,-7.3122205469999813,0],[112.56796364900003,-7.3123144469999488,0],[112.56824423800003,-7.3123621099999809,0],[112.56859516100008,-7.312491707999925,0],[112.56871806900006,-7.312519358999964,0],[112.56897975000004,-7.3125227549999749,0],[112.56913073700002,-7.3125294069999427,0],[112.5691656140001,-7.3125292849999255,0],[112.56921833100012,-7.3125291019999281,0],[112.56932195400009,-7.3125287409999373,0],[112.56956345700007,-7.3125178509999387,0],[112.5698941390001,-7.312518134999948,0],[112.57006519400011,-7.3125074909999626,0],[112.57017301300004,-7.3125042439999675,0],[112.57027791700011,-7.3124895239999432,0],[112.57040723700004,-7.3124675409999327,0],[112.57055366900011,-7.3124053039999808,0],[112.5706340910001,-7.3123791849999407,0],[112.57070869300003,-7.3123329879999801,0],[112.57077605000006,-7.3122710269999516,0],[112.57081895600004,-7.3122062799999412,0],[112.57084743900009,-7.3121286629999531,0],[112.57087585300008,-7.3120309499999507,0],[112.570885696,-7.3119677529999763,0],[112.57089259300005,-7.3118844699999386,0],[112.57089345800011,-7.311856622999926,0],[112.57089517800011,-7.3118012019999696,0],[112.57090188000006,-7.311661934999961,0],[112.57088993600007,-7.311535651999975,0],[112.57088830300006,-7.3114796729999512,0],[112.57089239000004,-7.3114150609999342,0],[112.57089220000012,-7.3113605119999647,0],[112.57090604000007,-7.3112068649999742,0],[112.57091977000005,-7.3110216369999534,0],[112.5709167440001,-7.310978582999951,0],[112.57091220000007,-7.3109125649999669,0],[112.57090336300007,-7.310852304999969,0],[112.57089744100006,-7.3108035179999433,0],[112.57088864000002,-7.310753305999981,0],[112.57088722100002,-7.3107443099999614,0],[112.5708833970001,-7.3107200529999545,0],[112.57087981800009,-7.3106973519999769,0],[112.5708767210001,-7.3106342009999707,0],[112.57088371900011,-7.3105796269999814,0],[112.57089631300005,-7.3104805339999643,0],[112.57089769000004,-7.3104633029999491,0],[112.57089756500011,-7.310427415999925,0],[112.57088597800009,-7.3104030519999696,0],[112.57086000800007,-7.3103773039999282,0],[112.57084701400004,-7.3103615579999541,0],[112.57083685400005,-7.310334318999935,0],[112.57082796700001,-7.310259703999975,0],[112.57082780200005,-7.3102123329999813,0],[112.57082773600007,-7.3101936719999685,0],[112.57082180000009,-7.310140578999949,0],[112.57080849900001,-7.3100372689999631,0],[112.57080408600007,-7.3100085739999372,0],[112.57079528400004,-7.3099583619999748,0],[112.57078790000003,-7.3099024029999669,0],[112.57077191400003,-7.309853650999969,0],[112.57076459000007,-7.3098149179999723,0],[112.57075279300011,-7.3097302649999278,0],[112.57074390500009,-7.3096556489999784,0],[112.5707192430001,-7.3095925729999749,0],[112.57071178900003,-7.3095165169999632,0],[112.57071017600003,-7.309466279999981,0],[112.57070422400011,-7.3094088809999676,0],[112.57070702400006,-7.309387337999965,0],[112.57071840600008,-7.3093528469999569,0],[112.57074633600007,-7.3092917009999496,0],[112.57076824400008,-7.3092148649999444,0],[112.57077674000004,-7.3091775119999625,0],[112.57077871800004,-7.3091640239999265,0],[112.57078516600006,-7.3091200619999768,0],[112.57079219400009,-7.3090741019999541,0],[112.57080523100001,-7.3089634819999674,0],[112.57079580700008,-7.3088552019999611,0],[112.57079167200004,-7.3087933819999762,0],[112.57079864400009,-7.3087311529999397,0],[112.57086541800004,-7.3082966799999554,0],[112.57088679100002,-7.3082033779999733,0],[112.57090687200002,-7.3081213799999318,0],[112.57091972300009,-7.3080689099999745,0],[112.57094926600007,-7.3079482779999694,0],[112.57102717000009,-7.3076130559999797,0],[112.57108019400005,-7.3073580689999744,0],[112.57112387500001,-7.307366171999945,0],[112.57155495100005,-7.3074461339999743,0],[112.57186908900007,-7.3075132259999691,0],[112.57209806700007,-7.3075530999999501,0],[112.57219281200003,-7.3075802839999255,0],[112.572214411,-7.3075897789999544,0],[112.57246804200008,-7.3076269039999602,0],[112.57256563600004,-7.3076411889999804,0],[112.57273700500002,-7.3076525539999579,0],[112.5730679290001,-7.3077231759999677,0],[112.57318664900004,-7.3077538639999489,0],[112.57325858000002,-7.3077667719999795,0],[112.57340736200001,-7.3078048829999602,0],[112.57343366000009,-7.3078116189999491,0],[112.57345573700002,-7.3077915869999401,0],[112.57346421900002,-7.3077838899999392,0],[112.57348262700009,-7.3077671869999676,0],[112.5735569420001,-7.3077764969999635,0],[112.57359520800003,-7.3077842389999432,0],[112.57382430900009,-7.3078305919999593,0],[112.57395858300004,-7.3078552449999279,0],[112.57405206800001,-7.3078644889999396,0],[112.57414195000001,-7.3078713519999496,0],[112.57421631500006,-7.3078950179999538,0],[112.57424393000008,-7.3079116689999637,0],[112.574277585,-7.3079426539999304,0],[112.57430284600002,-7.3079712759999325,0],[112.5743058490001,-7.3079758659999356,0],[112.57431955200002,-7.3079968129999315,0],[112.57431736500007,-7.3080174849999366,0],[112.57431390500005,-7.3080501899999604,0],[112.57434626200006,-7.3080524699999501,0],[112.57440979400008,-7.3080618179999419,0],[112.57452607200003,-7.3080793559999506,0],[112.57455269900004,-7.308081920999939,0],[112.57456202700007,-7.3080828189999352,0],[112.57460277900009,-7.3080874619999463,0],[112.57463031400005,-7.3080813839999337,0],[112.57465902200011,-7.308068124999977,0],[112.57470334700008,-7.3080667739999399,0],[112.57481601400002,-7.3080795399999374,0],[112.57489391900003,-7.3080876409999291,0],[112.57491306700001,-7.3080815929999403,0],[112.57492736100005,-7.3080576179999639,0],[112.57493811400002,-7.3080492069999536,0],[112.57500398800005,-7.3080429959999265,0],[112.57510143200011,-7.3080537209999648,0],[112.57514817500009,-7.3080585819999442,0],[112.5752208240001,-7.3080712469999298,0],[112.57532438200008,-7.3080830879999326,0],[112.57544808800003,-7.3081005989999426,0],[112.57552216300007,-7.3081096709999542,0],[112.57560200100011,-7.3081223119999663,0],[112.57568328400009,-7.308137100999943,0],[112.57580270900007,-7.308163957999966,0],[112.57595007700002,-7.3082162329999392,0],[112.57602799200004,-7.3082435589999477,0],[112.57604022800001,-7.3082478219999416,0],[112.57607257400002,-7.3082469919999653,0],[112.57608765700002,-7.3082433499999411,0],[112.57611710800006,-7.308236787999931,0],[112.57617104200006,-7.3082423409999251,0],[112.5761933340001,-7.3082444159999795,0],[112.57621061200007,-7.3082515339999645,0],[112.57628259500007,-7.3082792739999718,0],[112.57638261700004,-7.3083076349999487,0],[112.57646393800007,-7.3083331889999386,0],[112.57652941900005,-7.3083516219999751,0],[112.57669639700009,-7.308409175999941,0],[112.57671160100006,-7.3084131999999613,0],[112.57696406200012,-7.3084800149999296,0],[112.57704323000007,-7.308506533999946,0],[112.57709599200007,-7.3085195089999502,0],[112.57712718900007,-7.3085325579999676,0],[112.57715358100006,-7.3085420359999489,0],[112.57718357900001,-7.3085550899999703,0],[112.57719557700011,-7.308559832999947,0],[112.57724356300002,-7.3085776089999399,0],[112.57727716000011,-7.3085918459999561,0],[112.57731433900005,-7.3086024829999587,0],[112.57735870200008,-7.3086118969999347,0],[112.57741502900001,-7.3086164849999591,0],[112.57748826600005,-7.308626037999943,0],[112.57751511700008,-7.3086297729999501,0],[112.57754102400008,-7.3086378159999299,0],[112.57758038700001,-7.3086563399999704,0],[112.57760392000012,-7.308670612999947,0],[112.5776322370001,-7.3086824759999445,0],[112.57766200000003,-7.3086967269999263,0],[112.57773038400001,-7.3087237989999494,0],[112.57775289300002,-7.3087292079999315,0],[112.57778159700001,-7.3087368819999483,0],[112.57784140900003,-7.3087458639999454,0],[112.57785628200008,-7.3087505969999711,0],[112.57787019900002,-7.3087558109999691,0],[112.57788747600011,-7.3087629279999646,0],[112.5779105150001,-7.3087728959999367,0],[112.57792395400008,-7.3087785909999639,0],[112.57793115100003,-7.3087809589999324,0],[112.5779431520001,-7.3087866589999635,0],[112.57795035200002,-7.3087899829999401,0],[112.57796954800006,-7.3087975719999463,0],[112.57800695600008,-7.3088050969999472,0],[112.57804531500005,-7.308810704999928,0],[112.57807876100003,-7.3088160899999366,0],[112.57812071900003,-7.3088231209999321,0],[112.57822104200011,-7.3088573109999402,0],[112.57822148000002,-7.3088574599999561,0],[112.57830905000003,-7.308888255999932,0],[112.57835825200004,-7.3089108119999651,0],[112.57839064200004,-7.30892266099994,0],[112.57842663100007,-7.3089356939999561,0],[112.57846022800004,-7.3089499309999724,0],[112.57849981100003,-7.3089629519999448,0],[112.57856340700005,-7.3089902429999256,0],[112.57859496200001,-7.3090049529999419,0],[112.57868821400007,-7.3090484219999325,0],[112.57874824900011,-7.3090852959999779,0],[112.57880947300009,-7.3091197729999635,0],[112.57886107900003,-7.3091447129999665,0],[112.57887425800004,-7.3091446669999414,0],[112.57889341900011,-7.3091422069999794,0],[112.5789210260001,-7.3091564659999335,0],[112.57915698500005,-7.3092618109999421,0],[112.57922084500001,-7.3092903209999349,0],[112.57922942300002,-7.3092941509999605,0],[112.57920616600006,-7.3093560229999639,0],[112.57920330800005,-7.3093636249999463,0],[112.57922131300006,-7.309373131999962,0],[112.5795144650001,-7.3094686309999588,0],[112.5795693340001,-7.309486503999949,0],[112.57956957300007,-7.3094872229999623,0],[112.57957293300001,-7.3094973119999622,0],[112.57958882200001,-7.3095450279999454,0],[112.57959747300004,-7.3096476999999709,0],[112.57955085600008,-7.3096429809999677,0],[112.57952127600004,-7.3096441259999665,0],[112.57948148900005,-7.3096456649999482,0],[112.57944836200011,-7.3096543689999294,0],[112.5794353340001,-7.3096622489999277,0],[112.57943691900005,-7.3096989519999624,0],[112.57944061900002,-7.3097288459999277,0],[112.57944310500011,-7.3097357219999708,0],[112.57944647200009,-7.3097450309999772,0],[112.57945271700009,-7.3097622979999528,0],[112.5794684650001,-7.3098112889999811,0],[112.57948058000011,-7.3098495269999262,0],[112.57948910100004,-7.3098877769999717,0],[112.57949404100009,-7.3099296279999635,0],[112.57949180000003,-7.3099738979999529,0],[112.57948237900007,-7.3100205839999717,0],[112.57946813300009,-7.3100577179999391,0],[112.5794454820001,-7.3100900959999535,0],[112.57942996200006,-7.3101057019999303,0],[112.57941199000004,-7.3101057639999567,0],[112.57940245600003,-7.3101201529999571,0],[112.57938819200001,-7.3101525019999372,0],[112.5793667910001,-7.3101992299999665,0],[112.57935143000009,-7.3102602929999421,0],[112.57933245800007,-7.3103165829999739,0],[112.57931703800011,-7.3103608979999422,0],[112.57930758200007,-7.310394672999962,0],[112.57930498500002,-7.3104039469999407,0],[112.57930316700003,-7.3104104399999414,0],[112.57929692300002,-7.3104327439999679,0],[112.57927786200003,-7.3104639129999782,0],[112.57926711300001,-7.3104735199999595,0],[112.57925275300011,-7.310478355999976,0],[112.57924076400002,-7.3104760049999413,0],[112.57922163400008,-7.3104697129999749,0],[112.57920118000004,-7.3104629849999583,0],[112.57918442800008,-7.3104690249999749,0],[112.57917550500008,-7.3104833909999343,0],[112.57914868700004,-7.3105265699999791,0],[112.57914275500002,-7.3105433389999348,0],[112.57912848300009,-7.3105732949999265,0],[112.57910582400007,-7.3106032799999525,0],[112.57907360600007,-7.3106404769999358,0],[112.5790509310001,-7.3106656779999639,0],[112.57902983500003,-7.3106841239999767,0],[112.5790270550001,-7.3106865539999717,0],[112.57902345800005,-7.3106896989999655,0],[112.57900077900001,-7.3107137029999762,0],[112.57899364900004,-7.3107304759999465,0],[112.57899612500012,-7.3107531959999505,0],[112.57899858400003,-7.3107711309999672,0],[112.57900822800002,-7.3107878449999362,0],[112.57903569900009,-7.3108056039999383,0],[112.57908675800002,-7.3107798449999564,0],[112.57913368900006,-7.3107701109999539,0],[112.57917488700002,-7.3107651819999546,0],[112.57932371200002,-7.3107933699999421,0],[112.57945039700007,-7.3108402979999596,0],[112.5795583360001,-7.3108715009999514,0],[112.57962169200005,-7.3108985529999586,0],[112.57968360900009,-7.3109256109999592,0],[112.57972108100012,-7.3109513189999689,0],[112.57974414000012,-7.3109670279999364,0],[112.57977294900002,-7.3109827179999343,0],[112.57979885300006,-7.3109898049999629,0],[112.57984344800002,-7.3109968259999505,0],[112.57987222200006,-7.3110024669999802,0],[112.57998880800005,-7.3110393809999437,0],[112.58016442700011,-7.31110049199998,0],[112.58029395700009,-7.3111387969999555,0],[112.5803914600001,-7.3111677089999603,0],[112.58043727400002,-7.3111813079999592,0],[112.58046067600003,-7.3111882539999442,0],[112.58082993000005,-7.3112978569999427,0],[112.58087097900011,-7.3112969269999439,0],[112.58094718900009,-7.3112643849999586,0],[112.58108529600008,-7.3112883039999588,0],[112.58132272600005,-7.311346326999967,0],[112.58149400600007,-7.3114002749999258,0],[112.58194448000006,-7.3115321959999733,0],[112.58214060200009,-7.3115759759999719,0],[112.58216332200004,-7.3115810479999368,0],[112.58219772000007,-7.3115887269999575,0],[112.58231860900003,-7.3116227549999735,0],[112.58238193000011,-7.3116397579999557,0],[112.58246692200009,-7.3116868309999745,0],[112.58259211900008,-7.3117194079999308,0],[112.58271734200002,-7.3117591619999303,0],[112.5827735040001,-7.3117848039999558,0],[112.58283970400009,-7.3118032329999778,0],[112.58288147400003,-7.3118246189999354,0],[112.5829333480001,-7.3118574529999592,0],[112.58310327100003,-7.3119343729999287,0],[112.5832098090001,-7.31197562899996,0],[112.58325876700007,-7.3119969889999652,0],[112.58332502300004,-7.3120312079999508,0],[112.58333659600009,-7.3120512649999796,0],[112.58337574100005,-7.3121166729999345,0],[112.58342270700007,-7.3121317769999337,0],[112.58343955500004,-7.3121376719999489,0],[112.5835287540001,-7.3121545849999734,0],[112.58358340300003,-7.3121586989999514,0],[112.58363661300007,-7.3121628189999797,0],[112.58368838100012,-7.3121655079999641,0],[112.58372576200009,-7.3121653769999284,0],[112.58376745600003,-7.3121652299999482,0],[112.58385393600008,-7.3122266529999251,0],[112.5839072230001,-7.3122523039999692,0],[112.58394897700009,-7.3122693829999434,0],[112.58399358200006,-7.3122792749999803,0],[112.58402091300002,-7.3122834859999557,0],[112.58403819600005,-7.3122920379999528,0],[112.58423403400002,-7.3123789149999538,0],[112.58435642800009,-7.3124315979999324,0],[112.58439821700006,-7.3124587259999316,0],[112.58444431500004,-7.3124844019999387,0],[112.58450192000009,-7.3125114739999617,0],[112.58454221700003,-7.3125228169999446,0],[112.58458968200011,-7.3125283919999333,0],[112.58464575300002,-7.3125281949999703,0],[112.58476079500008,-7.3125349679999658,0],[112.58478527200009,-7.3125449299999445,0],[112.58479685500004,-7.3125678569999764,0],[112.58479697100006,-7.3126008729999512,0],[112.58479272900001,-7.3126209849999668,0],[112.58479713300005,-7.312646807999954,0],[112.58482883400006,-7.3126667939999379,0],[112.5850791580001,-7.312711849999971,0],[112.58515114500005,-7.3127403059999665,0],[112.58534479400009,-7.3128190439999798,0],[112.58535541400011,-7.3128233619999605,0],[112.58564036900009,-7.3129392249999796,0],[112.58576018100007,-7.3129879399999709,0],[112.58579558600002,-7.3130009409999275,0],[112.58589826100001,-7.3130386449999492,0],[112.58619588800002,-7.3131479389999754,0],[112.58638941200002,-7.3131986089999259,0],[112.58648901400011,-7.3132171349999453,0],[112.58664557900011,-7.3132462549999673,0],[112.58664587900012,-7.313246344999925,0],[112.58666702800008,-7.3132492439999623,0],[112.58671781400005,-7.3132605859999558,0],[112.58673424900007,-7.3131950039999651,0],[112.58669419000012,-7.3130817629999569,0],[112.58668254000008,-7.3130395839999665,0],[112.58665768700007,-7.3130014299999289,0],[112.58671407800011,-7.312834521999946,0],[112.58673078000004,-7.3127214559999629,0],[112.58682790100011,-7.3124783749999551,0],[112.58690750900007,-7.3122458399999459,0],[112.58687993000001,-7.3122185439999612,0],[112.58685977500011,-7.3121786549999683,0],[112.58689407400004,-7.3119941049999397,0],[112.58697324500008,-7.3117644679999785,0],[112.5870675110001,-7.3114113689999272,0],[112.58719341700009,-7.311263113999928,0],[112.5872703870001,-7.3112135699999499,0],[112.58735490800007,-7.3111671639999258,0],[112.58783248800012,-7.3112974299999678,0],[112.58800935300007,-7.311345671999959,0],[112.58862471400005,-7.3115171759999384,0],[112.58880954100005,-7.3115377689999264,0],[112.58883429600007,-7.3115057689999503,0],[112.5888690160001,-7.3112717649999581,0],[112.58888897000008,-7.3108747209999478,0],[112.58889322700009,-7.3106210259999784,0],[112.58896744600008,-7.3103854379999689,0],[112.58905332500001,-7.3103851349999331,0],[112.58954889300003,-7.3104275079999752,0],[112.5908243340001,-7.3105347499999311,0],[112.59100218500009,-7.3105465979999735,0],[112.59100120900007,-7.3106504779999568,0],[112.59106607800004,-7.3106431069999758,0],[112.59107330600011,-7.310642654999981,0],[112.59121252600005,-7.3106339529999786,0],[112.59179988800008,-7.3105972389999465,0],[112.59401000100002,-7.3107099999999718,0],[112.59413000000006,-7.3106999999999402,0],[112.59431909300008,-7.3107436369999732,0],[112.59441308800001,-7.3107678869999404,0],[112.59449928600009,-7.3107941599999435,0],[112.59452680600009,-7.31080104199998,0],[112.59489000000008,-7.3109099999999785,0],[112.59532000000002,-7.3110400019999702,0],[112.59585745900006,-7.3111838269999794,0],[112.59587782200003,-7.3112067769999385,0],[112.59590997900011,-7.3112196829999334,0],[112.59593957800007,-7.3112273519999462,0],[112.59597081900006,-7.3112342019999801,0],[112.59600300400007,-7.3112340879999351,0],[112.59604379400002,-7.311238282999966,0],[112.59606907900002,-7.3112411659999452,0],[112.59628759800012,-7.3113035999999738,0],[112.59631136300004,-7.3113212329999442,0],[112.59634463300006,-7.3113318729999719,0],[112.59637293800006,-7.3113326769999389,0],[112.59638659000007,-7.311332628999935,0],[112.59675000000004,-7.3114399999999478,0],[112.59721000000002,-7.3114899999999352,0],[112.59734000000003,-7.3115099999999416,0],[112.59741000000008,-7.3114399999999478,0],[112.59751410600006,-7.311383942999953,0],[112.59758812600001,-7.3114011499999378,0],[112.59763906700005,-7.3113832489999595,0],[112.59768784400001,-7.3113654469999574,0],[112.59769064900001,-7.3113637229999426,0],[112.59772778500007,-7.3113408959999333,0],[112.59774758800006,-7.3113032169999315,0],[112.59774304200005,-7.3112633639999558,0],[112.59772737500009,-7.3112258109999289,0],[112.5977071320001,-7.311161603999949,0],[112.5977047670001,-7.3111261729999342,0],[112.59773756900006,-7.3109843909999768,0],[112.59778823200008,-7.31086686499998,0],[112.5978400680001,-7.3106173419999436,0],[112.59784989700006,-7.3105674939999403,0],[112.5978672220001,-7.3105251239999802,0],[112.59789204700007,-7.3104926709999631,0],[112.59804131200008,-7.3103402589999291,0],[112.59813578800004,-7.3102378579999368,0],[112.59815807100006,-7.3101829909999765,0],[112.59816767100006,-7.3100684149999324,0],[112.59818050900003,-7.3099615089999475,0],[112.59818813300001,-7.3099004569999693,0],[112.59820573800005,-7.3098532019999425,0],[112.59822728100005,-7.3097999669999467,0],[112.59824497000011,-7.3097763089999717,0],[112.59827056200004,-7.3097702509999749,0],[112.59830215800002,-7.3097721279999632,0],[112.59842851200005,-7.3097716809999724,0],[112.59845020800003,-7.3097617489999607,0],[112.59846000900006,-7.3097459839999601,0],[112.59845989700011,-7.3097144319999643,0],[112.59845579900002,-7.3096751209999411,0],[112.59845156200004,-7.3095963919999463,0],[112.59845145500003,-7.3095668299999375,0],[112.59846122300007,-7.3095412099999635,0],[112.59854319900001,-7.3094305339999437,0],[112.59855090700012,-7.3093931699999644,0],[112.59853356000008,-7.3093449539999256,0],[112.59851309300007,-7.3093014509999534,0],[112.59849423800006,-7.3092704189999722,0],[112.59848319700006,-7.3092314929999702,0],[112.59848929400005,-7.3092034469999589,0],[112.59850180300009,-7.3091925529999457,0],[112.59852355300006,-7.3091768369999386,0],[112.59853754200003,-7.3091627729999686,0],[112.59860114200001,-7.3090924829999722,0],[112.59861702600006,-7.3090653049999332,0],[112.5986280620001,-7.3090394099999685,0],[112.59865874100001,-7.3089938269999379,0],[112.59867722700005,-7.3089839089999487,0],[112.5987117840001,-7.3089788129999533,0],[112.59873646000005,-7.3089664289999519,0],[112.59877334500004,-7.3089441499999452,0],[112.59879549300001,-7.3089145079999298,0],[112.59880159500005,-7.3088874549999332,0],[112.59880129800001,-7.3088037409999629,0],[112.59880471500003,-7.3087360149999654,0],[112.59883799500005,-7.3085183799999527,0],[112.5988462360001,-7.3084837259999631,0],[112.5988613080001,-7.3084380179999471,0],[112.59887508400004,-7.3084060549999776,0],[112.59889306800005,-7.3083811299999297,0],[112.59891515900006,-7.308356099999969,0],[112.59893866800007,-7.3083311549999621,0],[112.5989815370001,-7.3082908629999679,0],[112.59899814700009,-7.3082783279999717,0],[112.59902029200009,-7.3082685759999322,0],[112.5990827170001,-7.3082462049999322,0],[112.59910754600003,-7.3082142939999812,0],[112.59911439300004,-7.3081865169999674,0],[112.599117019,-7.3081058639999696,0],[112.59941098700006,-7.3081580709999798,0],[112.59971988900008,-7.3082517209999764,0],[112.6001281770001,-7.3084262019999642,0],[112.60032731400008,-7.3085021589999428,0],[112.60059215400008,-7.3085742669999263,0],[112.60065222700007,-7.3085833649999472,0],[112.60065995600007,-7.308656295999981,0],[112.60078773000009,-7.3086988769999266,0],[112.60081006200005,-7.3086576619999732,0],[112.60090749000005,-7.3086291989999381,0],[112.60100321300001,-7.3086251519999337,0],[112.60116068700006,-7.3086397819999434,0],[112.60115910100001,-7.3086981889999265,0],[112.6013516270001,-7.308720922999953,0],[112.60153712100009,-7.3087401509999381,0],[112.60164161500006,-7.3087667209999267,0],[112.6018285240001,-7.308826627999963,0],[112.60196968700006,-7.3088749459999462,0],[112.60188158200003,-7.3091724239999394,0],[112.60190801900001,-7.30919339299993,0],[112.60221471900002,-7.3093397549999395,0],[112.60231552300002,-7.3093786349999732,0],[112.60234894500002,-7.3093900859999508,0],[112.60235230800004,-7.3094117709999296,0],[112.60233911900002,-7.3094617219999805,0],[112.60229624200008,-7.3096049879999327,0],[112.60234172700007,-7.3097114129999454,0],[112.60223184100005,-7.3098273419999487,0],[112.60219754100001,-7.3098629029999529,0],[112.60223032800002,-7.3098852069999793,0],[112.60225154800003,-7.3099089079999544,0],[112.60227407400009,-7.3099430089999373,0],[112.60232999900006,-7.309949999999958,0],[112.60238999900002,-7.3100299999999265,0],[112.60244000000012,-7.3101800019999814,0],[112.60249570300005,-7.3102426659999651,0],[112.60252000000003,-7.3102699999999459,0],[112.60259000100007,-7.3103099999999586,0],[112.60266000000001,-7.3102899999999522,0],[112.60269361600001,-7.3102675889999773,0],[112.60275000000001,-7.3102299999999332,0],[112.60281000000009,-7.3102200019999373,0],[112.6028500000001,-7.3104999999999336,0],[112.60286808700005,-7.3105813919999605,0],[112.60287000000005,-7.3105900019999694,0],[112.60299000000009,-7.3107099999999718,0],[112.6032100000001,-7.3108499999999594,0],[112.60342000000003,-7.310799999999972,0],[112.60351013100001,-7.3107639469999413,0],[112.60351999900001,-7.3107599999999593,0],[112.60360000000003,-7.310769999999934,0],[112.60368000100004,-7.3108499999999594,0],[112.6037347030001,-7.3110756449999599,0],[112.60376000100007,-7.3111799999999789,0],[112.60380000100008,-7.3112499999999727,0],[112.60387000000003,-7.3112900009999748,0],[112.60404000000005,-7.3111699999999473,0],[112.60414000000003,-7.3110999999999535,0],[112.60436000000004,-7.3111899999999537,0],[112.60448000100007,-7.3112499999999727,0],[112.60464000000002,-7.3112199999999348,0],[112.60502000000008,-7.3112399999999411,0],[112.60527000000002,-7.3111699999999473,0],[112.60538000100007,-7.3111399999999662,0],[112.6054239990001,-7.311147999999946,0],[112.60548999900004,-7.3111599999999726,0],[112.60558359300001,-7.3112223949999589,0],[112.60561000100006,-7.3112399999999411,0],[112.60566000000006,-7.3112799999999538,0],[112.60581000000002,-7.3113199999999665,0],[112.60586113000011,-7.3113082009999744,0],[112.60594000000003,-7.3112900009999748,0],[112.60600000000011,-7.3113199999999665,0],[112.60598000000005,-7.3113999999999351,0],[112.60599000000002,-7.3116299999999796,0],[112.60606000100006,-7.3116800009999565,0],[112.60621000000003,-7.3117899999999736,0],[112.60628999900007,-7.3119299999999612,0],[112.60632623000004,-7.3119817579999449,0],[112.60636000000011,-7.3120299999999361,0],[112.60651000100006,-7.3121199999999362,0],[112.60662000000002,-7.3121300009999572,0],[112.60668469400002,-7.3121300009999572,0],[112.6069000010001,-7.3121300009999572,0],[112.60704999900008,-7.3121599999999489,0],[112.60750000000007,-7.3123499999999808,0],[112.60784999900011,-7.3123299999999745,0],[112.60786156600011,-7.3123328899999365,0],[112.60789093400001,-7.3123402329999294,0],[112.60809000100005,-7.3123899999999367,0],[112.60819999900002,-7.3123699999999303,0],[112.60837000000004,-7.3123599999999556,0],[112.60851000000002,-7.312409999999943,0],[112.60868000000005,-7.3124699999999621,0],[112.60885000100006,-7.3124199999999746,0],[112.60903999900006,-7.3123799999999619,0],[112.60917000000006,-7.3124199999999746,0],[112.60940999900004,-7.3125099999999748,0],[112.60952810700007,-7.3125459449999539,0],[112.60964000000001,-7.3125800019999474,0],[112.60987000000011,-7.3127099999999814,0],[112.60995568800001,-7.3127801079999699,0],[112.61009000000001,-7.3128900009999711,0],[112.61019356500003,-7.312959042999978,0],[112.61033000100008,-7.3130499999999756,0],[112.6104600000001,-7.313249998999936,0],[112.61057985200011,-7.3133955359999732,0],[112.6105999990001,-7.313419999999951,0],[112.6107300000001,-7.31347999999997,0],[112.61086000100011,-7.31347999999997,0],[112.61096000000009,-7.3134299999999257,0],[112.61105000000009,-7.3133299999999508,0],[112.61115706200007,-7.3132140159999608,0],[112.611170001,-7.313199999999938,0],[112.6112700000001,-7.3132600009999464,0],[112.61145038200004,-7.3134321829999749,0],[112.61149000000012,-7.3134699999999384,0],[112.61157000000003,-7.3134999999999764,0],[112.61161000000004,-7.3134099999999762,0],[112.61174000000005,-7.3131499999999505,0],[112.61183000000005,-7.3131499999999505,0],[112.61209742500012,-7.3132185709999362,0],[112.61222000000009,-7.3132499999999254,0],[112.61227000000008,-7.3133299999999508,0],[112.61227000000008,-7.3134699999999384,0],[112.61230000100011,-7.3136999999999261,0],[112.6123003350001,-7.3137004789999764,0],[112.61237000000006,-7.3137999999999579,0],[112.61244000000011,-7.3137999999999579,0],[112.61254000000008,-7.3137599999999452,0],[112.61278000000004,-7.3136700009999345,0],[112.61302000000001,-7.3135999999999513,0],[112.61343000000011,-7.3132299999999759,0],[112.61351931500008,-7.3132200759999364,0],[112.61352000000011,-7.3132200009999337,0],[112.61363000000006,-7.3132600009999464,0],[112.61373000000003,-7.313380001999974,0],[112.61380000000008,-7.3135199999999259,0],[112.6138600270001,-7.3137150839999663,0],[112.6138800010001,-7.3137799999999515,0],[112.61404000000005,-7.3138099999999326,0],[112.61427000100002,-7.3137599999999452,0],[112.6143300010001,-7.3137100019999366,0],[112.61454993000007,-7.3134900709999329,0],[112.61458000000005,-7.3134599999999637,0],[112.61467000000005,-7.3134599999999637,0],[112.61482000000001,-7.3135199999999259,0],[112.61494275700011,-7.3135506889999533,0],[112.61505012900011,-7.3134830629999783,0],[112.61511882700006,-7.3134603969999716,0],[112.61517432500011,-7.3134430219999444,0],[112.61521527500008,-7.3134297659999561,0],[112.61527474000002,-7.3134149969999385,0],[112.61532493800007,-7.3133976399999483,0],[112.61536019300001,-7.3133998639999618,0],[112.61540203000004,-7.3134047769999597,0],[112.61544054900003,-7.3134212729999604,0],[112.61546194900006,-7.3134356409999555,0],[112.61548000100004,-7.3134299999999257,0],[112.6155500000001,-7.3134399999999573,0],[112.6156899990001,-7.3135099999999511,0],[112.61648000000002,-7.3140099999999393,0],[112.61660112800007,-7.3140257989999782,0],[112.61671000100011,-7.3140400009999667,0],[112.61682250000001,-7.3140291129999468,0],[112.61702000100001,-7.3140099999999393,0],[112.61731000000009,-7.3139899999999329,0],[112.61747000100002,-7.314060000999973,0],[112.61747356100011,-7.3140614569999798,0],[112.61769000000004,-7.3141499999999269,0],[112.6178400010001,-7.314140001999931,0],[112.61805000000004,-7.3141299999999774,0],[112.61830000000009,-7.3141800019999437,0],[112.61897000100009,-7.3143399999999588,0],[112.61926000000005,-7.3143199999999524,0],[112.61988404200008,-7.314417505999927,0],[112.61990000000003,-7.3144199999999273,0],[112.62018000100011,-7.3145199999999591,0],[112.62017000000003,-7.3147599999999784,0],[112.62021000000004,-7.3148299999999722,0],[112.62026139500006,-7.3148357099999544,0],[112.62030000000004,-7.3148400009999364,0],[112.62070000000006,-7.3148800019999385,0],[112.62134000000003,-7.3149200019999512,0],[112.62163555400002,-7.3149113069999316,0],[112.62168000100007,-7.3149099999999407,0],[112.62175086400009,-7.314931258999934,0],[112.62178000100005,-7.3149400019999575,0],[112.62194000000011,-7.3149999999999409,0],[112.62201000000005,-7.3149400019999575,0],[112.62197000000003,-7.3146299999999655,0],[112.62205000100005,-7.3145799999999781,0],[112.6220502860001,-7.3145799999999781,0],[112.62213000100007,-7.3145799999999781,0],[112.62224000000003,-7.3146499999999719,0],[112.62228811600005,-7.3146797859999424,0],[112.62245000000007,-7.3147799999999279,0],[112.62258000100007,-7.3147899999999595,0],[112.62287000100002,-7.3148000009999805,0],[112.6231600000001,-7.31482000099993,0],[112.62346999900001,-7.3148600009999427,0],[112.62353000000007,-7.314869999999928,0],[112.62362000000007,-7.3148800019999385,0],[112.62377441900003,-7.3148978179999631,0],[112.62387999900011,-7.3149099999999407,0],[112.6241000010001,-7.3149899999999661,0],[112.62429317400006,-7.315100384999937,0],[112.62438000000009,-7.3151499999999601,0],[112.62452000000008,-7.3151999999999475,0],[112.62500000000011,-7.3151999999999475,0],[112.62508000000003,-7.3151999999999475,0],[112.62523000100009,-7.3151299999999537,0],[112.62543999900004,-7.3149899999999661,0],[112.62546106200011,-7.3149853199999484,0],[112.62553000000003,-7.3149699999999598,0],[112.62555509800006,-7.3149777219999805,0],[112.62566000100003,-7.3150099999999725,0],[112.6257700000001,-7.3150199999999472,0],[112.62580000000003,-7.3149699999999598,0],[112.62582000000009,-7.314869999999928,0],[112.62587000000008,-7.3144900019999568,0],[112.62593680100008,-7.3144432389999565,0],[112.62597000100004,-7.3144199999999273,0],[112.6260400000001,-7.3144500009999547,0],[112.6261300000001,-7.3145100019999632,0],[112.62616000000003,-7.3145799999999781,0],[112.62618331700003,-7.3146359609999649,0],[112.62621000000001,-7.3146999999999593,0],[112.62633000000005,-7.3147499999999468,0],[112.62641000000008,-7.3147699999999531,0],[112.62652000100002,-7.3147899999999595,0],[112.62660999900004,-7.3147299999999404,0],[112.62664999900005,-7.3146399999999403,0],[112.62662000000012,-7.3145700019999254,0],[112.62654000000009,-7.3144300009999483,0],[112.62651000000005,-7.3143199999999524,0],[112.6264900000001,-7.3141800019999437,0],[112.62656000000004,-7.3142299999999523,0],[112.62664000000007,-7.314269999999965,0],[112.62674000000004,-7.314269999999965,0],[112.6269400000001,-7.3143599999999651,0],[112.62707000000012,-7.3143999999999778,0],[112.62717000000009,-7.3144399999999337,0],[112.62722829000006,-7.3145177199999694,0],[112.62722771900008,-7.3145202239999776,0],[112.6272124620001,-7.314593173999981,0],[112.62706750500001,-7.3148225199999501,0],[112.62698357800002,-7.3148783009999647,0],[112.62692252500005,-7.3149565009999264,0],[112.62690729100007,-7.3150423369999658,0],[112.62694542200006,-7.3151105479999501,0],[112.62702935100003,-7.3151715769999441,0],[112.62728113300011,-7.3152898159999609,0],[112.62744132500006,-7.3153151079999361,0],[112.62752527500004,-7.3153046159999349,0],[112.6275786650001,-7.315284108999947,0],[112.62831871000003,-7.3150123049999252,0],[112.6284407930001,-7.315085738999926,0],[112.62857813200003,-7.3152373709999665,0],[112.62870783400001,-7.3153589709999665,0],[112.62885279000011,-7.3153394319999734,0],[112.62900536400002,-7.3152621539999814,0],[112.62918083700004,-7.3151114919999713,0],[112.62945549400001,-7.3147338279999303,0],[112.62974548300008,-7.3147012139999674,0],[112.62979884600009,-7.3146952119999469,0],[112.63008294500003,-7.3145883059999619,0],[112.63008343500007,-7.3145821119999255,0],[112.63008755100009,-7.3145301009999457,0],[112.63009043000011,-7.3145026059999623,0],[112.63009348600008,-7.3144734249999601,0],[112.63009384700001,-7.3144699769999306,0],[112.63010182000005,-7.3143938409999691,0],[112.63012573500009,-7.3141654589999803,0],[112.63013944700003,-7.3140345099999422,0],[112.63015981400008,-7.3138400149999256,0],[112.63016238200009,-7.313815487999932,0],[112.63017541000011,-7.3136910739999621,0],[112.63018297800011,-7.313618804999976,0],[112.63018300500005,-7.3136185489999548,0],[112.63018605700006,-7.3135894049999592,0],[112.63021247600011,-7.3133371139999781,0],[112.63023307700007,-7.3131403789999467,0],[112.63023940700009,-7.3130799249999541,0],[112.63024387600001,-7.3130372509999688,0],[112.63024715000006,-7.3130201319999628,0],[112.63023959100008,-7.3130197029999522,0],[112.63014319400008,-7.3130142269999396,0],[112.63008567200006,-7.3130102489999445,0],[112.62997996700005,-7.3130175089999625,0],[112.62993997900003,-7.3130205059999298,0],[112.62990031600009,-7.3130234789999804,0],[112.62988357300003,-7.3130247719999488,0],[112.62986471700003,-7.3130262279999556,0],[112.6298239460001,-7.3130293759999745,0],[112.62981497600003,-7.3130300679999323,0],[112.62978053200004,-7.3130304919999389,0],[112.62977023200006,-7.3130251629999634,0],[112.62976732900006,-7.3130236609999315,0],[112.6297662720001,-7.3130226139999763,0],[112.62976575700009,-7.3130221039999697,0],[112.62976512200009,-7.3130214749999709,0],[112.6297616170001,-7.3130179999999427,0],[112.62976151900011,-7.3130156069999543,0],[112.62976128800005,-7.3130099269999391,0],[112.62976207200006,-7.31296490699998,0],[112.62976243200001,-7.3129442429999472,0],[112.62976277600001,-7.3129245109999488,0],[112.62976256700006,-7.312921461999963,0],[112.62976213900004,-7.312915195999949,0],[112.62975810400008,-7.3128561959999274,0],[112.62974556900008,-7.3126728879999519,0],[112.62972880000007,-7.3124249799999461,0],[112.62972531300011,-7.3123734279999439,0],[112.62971957500008,-7.3122542399999588,0],[112.62971824800002,-7.3122266839999384,0],[112.62971724400006,-7.312205826999957,0],[112.62971331600011,-7.3121242579999262,0],[112.62971287500011,-7.3121150899999634,0],[112.62969834700004,-7.3119304489999308,0],[112.62969630300006,-7.3119044699999449,0],[112.62968976500008,-7.3118213809999588,0],[112.62968513100009,-7.3117620599999782,0],[112.62968195800011,-7.3117214409999747,0],[112.62968139800012,-7.31171427299995,0],[112.62967924500003,-7.3116867139999613,0],[112.62966966200008,-7.3115640269999744,0],[112.62966676300005,-7.3115191199999572,0],[112.62965432500005,-7.3113264059999779,0],[112.62965138300001,-7.3112808279999513,0],[112.62965000800011,-7.3112636809999572,0],[112.62964833300009,-7.3112428029999705,0],[112.62962729000003,-7.3109804249999684,0],[112.62961554900005,-7.3107886909999706,0],[112.62961263500006,-7.3107411029999412,0],[112.62960895200001,-7.3106809579999776,0],[112.6296054180001,-7.3106384759999514,0],[112.62960349000002,-7.3106152979999592,0],[112.62958627900002,-7.3104084209999769,0],[112.62958204300003,-7.3103305619999333,0],[112.62957599300012,-7.3102478299999802,0],[112.62957107600005,-7.3101805959999524,0],[112.62956791100009,-7.3101425709999717,0],[112.62956464400008,-7.3101033249999432,0],[112.62956205700004,-7.3100722509999514,0],[112.62956031600004,-7.3100480979999816,0],[112.62955636600009,-7.3099933119999605,0],[112.62955588500006,-7.3099866459999703,0],[112.62955576800005,-7.3099850209999317,0],[112.62955563600008,-7.3099831879999329,0],[112.62955481800009,-7.3099718359999315,0],[112.62955097200006,-7.3099184899999727,0],[112.62954905300001,-7.3098918699999444,0],[112.62954767600002,-7.3098727729999382,0],[112.62954695400003,-7.3098628819999476,0],[112.62954570300008,-7.3098457589999271,0],[112.62954236100006,-7.3097999999999388,0],[112.62953897700004,-7.3097536609999452,0],[112.62953324900002,-7.3096725709999646,0],[112.62952900000005,-7.3096124239999654,0],[112.62952073100007,-7.309444204999977,0],[112.62952072200005,-7.3094440259999374,0],[112.62951065600009,-7.3093240719999812,0],[112.62950933500008,-7.3093083289999754,0],[112.62950920200001,-7.3093067409999435,0],[112.62950809400002,-7.3092923789999418,0],[112.62949618300001,-7.3091380049999657,0],[112.62947810600008,-7.3089037069999563,0],[112.62947322500008,-7.3088404379999474,0],[112.62947299600012,-7.3088374749999616,0],[112.62947277500007,-7.3088341609999361,0],[112.6294689880001,-7.308777498999973,0],[112.62946691200011,-7.3087464289999389,0],[112.62944915700007,-7.3084807569999271,0],[112.62944675100005,-7.3084447529999466,0],[112.62944359100004,-7.3083974549999766,0],[112.62944273500011,-7.3083846489999473,0],[112.62944259400001,-7.3083825419999471,0],[112.62943761200006,-7.308314012999972,0],[112.62943636000011,-7.308296784999925,0],[112.62942427500002,-7.3081305379999435,0],[112.62942074700004,-7.308082006999939,0],[112.62942072600003,-7.3080817149999575,0],[112.62942027800011,-7.3080755659999568,0],[112.62941886200008,-7.3080560899999796,0],[112.62939984800005,-7.307794514999955,0],[112.62929663500006,-7.3077452449999782,0],[112.62927977100003,-7.3076554729999543,0],[112.62927253800001,-7.3076169739999273,0],[112.6292643490001,-7.3075733829999763,0],[112.62919916300007,-7.3072263779999389,0],[112.62919723500011,-7.307216116999939,0],[112.6291831530001,-7.3070715639999548,0],[112.62917978200005,-7.307036964999952,0],[112.62916131800011,-7.3068474339999625,0],[112.62915758200006,-7.3068090839999513,0],[112.62915750100001,-7.3068082499999605,0],[112.62914927500003,-7.3067238109999266,0],[112.62914578000004,-7.3066879289999633,0],[112.62914248300001,-7.3066540909999276,0],[112.62913116900006,-7.3064347289999318,0],[112.62912660100005,-7.3063461639999332,0],[112.62911928900007,-7.306204394999952,0],[112.62911685000006,-7.3061883549999607,0],[112.6290594510001,-7.3058109339999646,0],[112.62903564600003,-7.3056544079999526,0],[112.62903092300007,-7.3056233509999515,0],[112.62902931800011,-7.305612091999933,0],[112.62901243400006,-7.3054936219999718,0],[112.62900797800012,-7.3054623559999641,0],[112.62899745400011,-7.3053885129999685,0],[112.62898739200011,-7.305317916999968,0],[112.62896208200004,-7.3051403259999574,0],[112.62896998500003,-7.3047589039999252,0],[112.62897178300011,-7.3046721389999334,0],[112.62897387800001,-7.3045710179999332,0],[112.62897408900005,-7.3045608529999413,0],[112.62897636000002,-7.3044512509999322,0],[112.62897680800006,-7.3044205559999682,0],[112.62898008700006,-7.304195927999956,0],[112.62898127400001,-7.3041145819999542,0],[112.62898134200009,-7.3041098939999642,0],[112.62898190400006,-7.3040713999999411,0],[112.62897259900001,-7.3039378379999675,0],[112.62897065000004,-7.3038182849999771,0],[112.62896952000006,-7.3037489609999398,0],[112.62896816300008,-7.3036656899999457,0],[112.62896596400003,-7.3035895829999617,0],[112.62896195500002,-7.3034508019999294,0],[112.62895956200009,-7.3033679849999658,0],[112.62895369900002,-7.3031650519999403,0],[112.62882029500008,-7.3030445709999299,0],[112.62881890900007,-7.3030433189999258,0],[112.62879792100011,-7.3030243639999526,0],[112.62879754800008,-7.3030118319999815,0],[112.62879731600003,-7.303004026999929,0],[112.62879427500002,-7.3029017429999499,0],[112.6287940850001,-7.3028953469999465,0],[112.62878981100005,-7.3027515949999611,0],[112.62878922200002,-7.3027317729999481,0],[112.62878921200002,-7.302731438999956,0],[112.6287891180001,-7.3027282719999675,0],[112.62879143400005,-7.3027066419999755,0],[112.62879531700003,-7.3026703809999276,0],[112.62879553500011,-7.3026683419999472,0],[112.62879821000001,-7.3026433669999733,0],[112.62880549700003,-7.3025753229999282,0],[112.62880682700006,-7.3025542569999402,0],[112.62881241000002,-7.3024658299999601,0],[112.62881556400009,-7.3024158699999475,0],[112.62881807000008,-7.302376163999952,0],[112.62882148500012,-7.3023220769999284,0],[112.62882181300006,-7.3023168809999675,0],[112.62882440800001,-7.3022669949999681,0],[112.62882503900005,-7.3022548569999799,0],[112.62881570500008,-7.3022181429999478,0],[112.62880180800005,-7.3021917799999301,0],[112.62878365200004,-7.3021592489999421,0],[112.62878086400008,-7.3021542539999587,0],[112.62877208600003,-7.302123680999955,0],[112.62876233400004,-7.3020897179999338,0],[112.62876321800002,-7.3020162189999382,0],[112.62876401800008,-7.3019339459999628,0],[112.62876405600002,-7.3019300879999491,0],[112.62876405200007,-7.3019298839999465,0],[112.62876263600003,-7.3018554479999693,0],[112.62876510300009,-7.3018073159999517,0],[112.62876693300007,-7.3017716019999739,0],[112.62877135100007,-7.301721056999952,0],[112.62877456800004,-7.3016567369999734,0],[112.62877624300006,-7.3016451879999522,0],[112.62878968700011,-7.3015525039999716,0],[112.62879140000007,-7.301540690999957,0],[112.62879588800001,-7.3015096679999374,0],[112.62879805200009,-7.3014717639999276,0],[112.62879791400007,-7.3014338679999469,0],[112.62879262800004,-7.3014094229999387,0],[112.62879182900008,-7.3014057269999739,0],[112.62878972600004,-7.3013960019999331,0],[112.62877925100008,-7.3013615879999634,0],[112.62876386000005,-7.3013132159999259,0],[112.62876063700003,-7.3013030879999405,0],[112.62874056700002,-7.3012604289999672,0],[112.6287482890001,-7.3012578589999748,0],[112.62874712300004,-7.3012543669999559,0],[112.62874705200011,-7.3012541529999453,0],[112.62873826700002,-7.3012387069999249,0],[112.6287354530001,-7.3012337599999455,0],[112.62863364000009,-7.3010547599999427,0],[112.6286158690001,-7.3010235159999297,0],[112.62861188400007,-7.3010171559999435,0],[112.62858449300006,-7.3009734309999317,0],[112.6285703640001,-7.3009508779999805,0],[112.62855022000008,-7.300918721999949,0],[112.6285331250001,-7.300891432999947,0],[112.62851602600006,-7.3008817449999697,0],[112.6285107760001,-7.3008787709999297,0],[112.62849208200009,-7.3008681789999628,0],[112.62846753000008,-7.3008542689999558,0],[112.6284557670001,-7.3008510569999316,0],[112.62840521800001,-7.30083725399993,0],[112.62836895200007,-7.3008273509999526,0],[112.62833649400011,-7.3007966049999595,0],[112.62833528800002,-7.3007764289999386,0],[112.62833190300012,-7.3007198239999411,0],[112.62833670300006,-7.3006559289999586,0],[112.62833942300006,-7.3006128549999403,0],[112.62834010600011,-7.3005947879999553,0],[112.62834075100011,-7.3005777319999652,0],[112.62834335900004,-7.3005087689999755,0],[112.62834466200002,-7.3004714429999353,0],[112.62835311300012,-7.3004300779999767,0],[112.62834736500008,-7.3003314099999557,0],[112.62833358900002,-7.3002192539999555,0],[112.62833306000005,-7.3002179299999739,0],[112.62833232900005,-7.3002160979999644,0],[112.62831289700011,-7.3001674199999798,0],[112.62829451500011,-7.3001213699999425,0],[112.62827238700004,-7.3000830159999737,0],[112.62826692900001,-7.3000735559999725,0],[112.62826113800008,-7.3000603729999511,0],[112.62824093400002,-7.3000143809999258,0],[112.62822445100005,-7.2999618069999315,0],[112.62820840200004,-7.2998993489999293,0],[112.62820549200001,-7.2998497799999313,0],[112.62820381500001,-7.2998212059999332,0],[112.62820416700004,-7.299789518999944,0],[112.62820453800009,-7.2997561289999453,0],[112.62820763400009,-7.2997284909999394,0],[112.62821112800009,-7.2996973059999277,0],[112.62822618600001,-7.2996206929999516,0],[112.62823642800004,-7.2996035499999721,0],[112.62825101900012,-7.299565662999953,0],[112.62826458400002,-7.2995304419999343,0],[112.62826848600002,-7.2995203109999807,0],[112.62825999800009,-7.2995156789999669,0],[112.6282322080001,-7.2995005129999413,0],[112.62823197200009,-7.2994351629999414,0],[112.6282314120001,-7.2993784319999691,0],[112.62823070500008,-7.2993068349999248,0],[112.62823070400009,-7.2993067389999737,0],[112.62823066600004,-7.2992935249999391,0],[112.62823065100008,-7.2992781549999677,0],[112.62823241100011,-7.2991714419999312,0],[112.62823058600009,-7.2990992629999596,0],[112.62823024400006,-7.2990857049999249,0],[112.62823085900004,-7.2990667849999795,0],[112.62823168800003,-7.2989679019999585,0],[112.62823216000004,-7.2989116859999399,0],[112.62819588100001,-7.2988956969999776,0],[112.62817539000002,-7.2988866669999766,0],[112.62816141600001,-7.2988805089999573,0],[112.62815381000007,-7.2988771569999358,0],[112.62810400400008,-7.2988552079999636,0],[112.62809040500008,-7.2988518089999275,0],[112.627988888,-7.2988264349999668,0],[112.62788624400002,-7.298801444999981,0],[112.62788114600005,-7.2988155709999774,0],[112.62786741000002,-7.298853635999933,0],[112.62786584200001,-7.2988579799999798,0],[112.62773557200001,-7.2988190249999434,0],[112.62768402100005,-7.2988036099999363,0],[112.6275348260001,-7.2987601259999337,0],[112.62750760900008,-7.2987508849999472,0],[112.62749020400008,-7.2987449759999663,0],[112.6273643720001,-7.2986892869999451,0],[112.6273559980001,-7.2986841929999287,0],[112.62730489300009,-7.298653103999925,0],[112.62731339000004,-7.2986204809999435,0],[112.62732953900002,-7.2985584829999652,0],[112.6273367980001,-7.2985306149999474,0],[112.6273555790001,-7.2984566209999571,0],[112.62736543500012,-7.2984224919999292,0],[112.62737536000009,-7.2983881219999489,0],[112.62738504200001,-7.2983545969999568,0],[112.62740635000011,-7.298283463999951,0],[112.62741146000008,-7.2982658819999529,0],[112.62742587500009,-7.2982162859999562,0],[112.62743934900004,-7.2981656369999541,0],[112.62746239800003,-7.2980790669999465,0],[112.62748084000009,-7.2980104569999753,0],[112.62750530700009,-7.2979184989999339,0],[112.62752378000005,-7.29785850199994,0],[112.62754470800007,-7.2977819879999402,0],[112.62755923000009,-7.2977227219999463,0],[112.62756086400009,-7.2977164819999416,0],[112.62757789800003,-7.2976514299999735,0],[112.62758227400002,-7.2976347169999372,0],[112.62760071000002,-7.2975646719999645,0],[112.62762092200001,-7.2974885189999554,0],[112.62763827700007,-7.2974177599999734,0],[112.6276475090001,-7.2973865049999631,0],[112.62766982400001,-7.2972956309999404,0],[112.62767799400001,-7.2972690459999399,0],[112.62767855900006,-7.297266901999933,0],[112.62769182200009,-7.2972166009999455,0],[112.62770244300009,-7.2971720639999376,0],[112.62772442300002,-7.2970880099999249,0],[112.62774109400004,-7.2970269419999454,0],[112.62775066600011,-7.2969903029999728,0],[112.62777463800001,-7.2968937659999256,0],[112.62778167500005,-7.2968654259999539,0],[112.62780689800002,-7.2967835129999798,0],[112.62782283900003,-7.2967192179999643,0],[112.62784305800005,-7.29664521899997,0],[112.62785442500001,-7.2966082149999352,0],[112.62786079700004,-7.2965812769999729,0],[112.62786251900002,-7.2965730489999601,0],[112.62786786400011,-7.2965475179999544,0],[112.62787318000005,-7.2965303159999735,0],[112.62788029800004,-7.2965072799999575,0],[112.62789517500005,-7.2964469369999279,0],[112.62790439800006,-7.2964131699999371,0],[112.62791290700011,-7.2963808409999729,0],[112.62791932300001,-7.2963661049999473,0],[112.62792463500011,-7.2963441949999606,0],[112.6279355910001,-7.2962928369999531,0],[112.62795329500011,-7.2962192059999325,0],[112.6279717650001,-7.2961584909999715,0],[112.62797828000009,-7.2961348889999726,0],[112.62798773000009,-7.2961006559999646,0],[112.62799497700007,-7.2960700339999676,0],[112.62801251000008,-7.2959959449999587,0],[112.62803742400001,-7.2959280289999811,0],[112.62804579500005,-7.2959017259999541,0],[112.62805053800002,-7.2958868199999642,0],[112.62806372200009,-7.295845394999958,0],[112.62808674300004,-7.29575116999996,0],[112.62809728700006,-7.295685338999931,0],[112.62812255200004,-7.2955488789999663,0],[112.62813894100009,-7.2954429539999524,0],[112.62813993200007,-7.2954363179999291,0],[112.62816701500003,-7.2952550459999657,0],[112.62815311600002,-7.29525052799994,0],[112.62813372400001,-7.2952442249999763,0],[112.62812434200009,-7.2952411749999442,0],[112.62806436900007,-7.29522168099993,0],[112.62806146300011,-7.2952207359999761,0],[112.6280772560001,-7.2951154119999728,0],[112.62809045100005,-7.2950203179999562,0],[112.62809593800011,-7.2949807689999489,0],[112.62810071800004,-7.2949579299999527,0],[112.62810359400009,-7.2949441919999458,0],[112.62811868100005,-7.2948374679999688,0],[112.62811877400009,-7.2948353459999566,0],[112.62812225900007,-7.294799525999963,0],[112.62812628300003,-7.2947581629999263,0],[112.6281345650001,-7.2947251009999263,0],[112.62814116100003,-7.2946784379999485,0],[112.62820300500005,-7.2942409429999771,0],[112.62820756500003,-7.294187815999976,0],[112.62820807100002,-7.2941842789999782,0],[112.62822382500008,-7.2940681889999723,0],[112.62822628100002,-7.2940541029999508,0],[112.62823321500002,-7.2940143249999778,0],[112.62823783600004,-7.2939670579999643,0],[112.62824134100003,-7.2939425229999415,0],[112.62824340500003,-7.2938889809999523,0],[112.62824353200006,-7.2938856939999255,0],[112.62824282300005,-7.2938551929999562,0],[112.62824694400001,-7.293835440999942,0],[112.62824977700006,-7.2937905719999776,0],[112.62825421700006,-7.2936835369999358,0],[112.62825422200001,-7.2936834209999688,0],[112.62825428100007,-7.2936819969999647,0],[112.62825445700003,-7.2936667799999668,0],[112.62825482800008,-7.2936346239999352,0],[112.62825098500002,-7.2935657359999482,0],[112.62825072200008,-7.293562442999928,0],[112.62825048500008,-7.2935594709999805,0],[112.62824571500005,-7.2934997229999681,0],[112.62824189300011,-7.2934365769999658,0],[112.62824351800009,-7.2934174519999715,0],[112.62824570200007,-7.2933917559999486,0],[112.62824391600009,-7.2933496489999357,0],[112.62824257700004,-7.2933180909999464,0],[112.62823732000004,-7.2931941849999475,0],[112.62823701700006,-7.2931104289999666,0],[112.62823625600004,-7.2928999179999323,0],[112.62819288600008,-7.2928330859999733,0],[112.62818687600009,-7.2928267319999804,0],[112.62814343600007,-7.292780797999967,0],[112.62812500500002,-7.2927613099999462,0],[112.62812072800011,-7.2927567869999734,0],[112.62807028100008,-7.2927210819999573,0],[112.62799452700006,-7.2926782209999601,0],[112.62798538800007,-7.2926724009999475,0],[112.62797012400006,-7.2926522319999663,0],[112.62792124300006,-7.292587641999944,0],[112.62788266400003,-7.2925207929999374,0],[112.62787955700003,-7.2924962619999292,0],[112.62787746400011,-7.292479736999951,0],[112.62787403200002,-7.2924526389999755,0],[112.62788078400001,-7.2923317969999744,0],[112.62788794000005,-7.2923056259999726,0],[112.62789449900004,-7.2922816409999314,0],[112.62790206700004,-7.2922539649999294,0],[112.62791807100007,-7.2922261949999552,0],[112.62793869200004,-7.2921904139999469,0],[112.62795802400001,-7.2921568699999284,0],[112.6279490070001,-7.2920949819999805,0],[112.62793468200005,-7.2919966599999384,0],[112.6279133810001,-7.2918365999999537,0],[112.62791238000011,-7.2918290809999462,0],[112.62790635900001,-7.2917838349999329,0],[112.62790373500002,-7.2917232279999666,0],[112.62789602600003,-7.2915450969999256,0],[112.62789590200009,-7.2915422349999517,0],[112.62791392300005,-7.2913306719999582,0],[112.62791406000008,-7.2913290629999779,0],[112.6278901280001,-7.2912184859999343,0],[112.62786873700009,-7.2911196479999489,0],[112.62786026000003,-7.2910811749999311,0],[112.62785190400007,-7.2910432469999478,0],[112.62783705400011,-7.2909758479999596,0],[112.62782040500008,-7.2909002819999387,0],[112.62781027300002,-7.290854296999953,0],[112.62779948400009,-7.29071933299997,0],[112.62779822800007,-7.2907036159999734,0],[112.62780079600009,-7.2906483469999444,0],[112.62780081500011,-7.290647938999939,0],[112.62780137600009,-7.2906358539999587,0],[112.62780207200001,-7.2906208679999622,0],[112.62780400800011,-7.2905791879999811,0],[112.62774526200008,-7.2905009279999717,0],[112.62773279200007,-7.2904711769999722,0],[112.62772719000009,-7.2904578109999534,0],[112.62772259900009,-7.2904468579999389,0],[112.62770478500011,-7.2904043579999325,0],[112.62768919000007,-7.290367152999977,0],[112.62765345600008,-7.2902916799999389,0],[112.62765221200004,-7.2902914949999627,0],[112.62763331000008,-7.2902886829999716,0],[112.62763200500001,-7.2902884889999768,0],[112.62757960400006,-7.290280690999964,0],[112.62757704800003,-7.2902803119999362,0],[112.62756763100003,-7.2902789099999268,0],[112.62756519700008,-7.2902801179999415,0],[112.62756174800006,-7.2902818299999694,0],[112.62748750700007,-7.2903186739999342,0],[112.62743426000009,-7.2903336199999558,0],[112.62736662900011,-7.2903526039999633,0],[112.62736653700006,-7.2903525759999752,0],[112.62735625500011,-7.2903494799999748,0],[112.62724744000002,-7.290316708999967,0],[112.62723710100011,-7.2903135949999296,0],[112.62708355200004,-7.2902579249999349,0],[112.62696835300005,-7.2902057059999379,0],[112.6267296420001,-7.2901216329999556,0],[112.62593543600008,-7.2898134719999348,0],[112.62565749500004,-7.2897393809999471,0],[112.62547495100011,-7.2896907199999532,0],[112.6254033670001,-7.2896721829999365,0],[112.62527949000003,-7.2896401039999432,0],[112.62530694100008,-7.2895982889999686,0],[112.62531290100003,-7.2895892109999636,0],[112.62532790500006,-7.2895663549999767,0],[112.62533557500001,-7.2895546719999516,0],[112.62535011000011,-7.2895325309999635,0],[112.62541031500007,-7.2894408219999605,0],[112.6254648150001,-7.2893384449999417,0],[112.62547293500006,-7.2893231929999729,0],[112.62547775000007,-7.2893141479999599,0],[112.6255266930001,-7.2892222129999595,0],[112.62561668600006,-7.2890618339999378,0],[112.62559864900004,-7.2890384099999324,0],[112.62546140300003,-7.2888601769999468,0],[112.62542819200007,-7.2888170469999523,0],[112.62519280800007,-7.2885257749999255,0],[112.62521286800006,-7.2884434529999567,0],[112.62523425800009,-7.288355671999966,0],[112.62527403100012,-7.2881924539999545,0],[112.62529851400006,-7.2880931539999665,0],[112.62530997400006,-7.288046670999961,0],[112.62531559400009,-7.2880238759999543,0],[112.62534225900004,-7.2878013179999357,0],[112.6253507670001,-7.2877320999999711,0],[112.62535322700001,-7.2877120899999568,0],[112.62535720000005,-7.287681144999965,0],[112.62537146300008,-7.2875700669999333,0],[112.6253897680001,-7.2873814359999756,0],[112.62541960500005,-7.2870739639999442,0],[112.62542690800001,-7.2869987009999591,0],[112.62541268700011,-7.2868580849999489,0],[112.62539957700005,-7.2867284529999665,0],[112.62537766700007,-7.286676626999963,0],[112.62536574400008,-7.2866484269999319,0],[112.62537959000008,-7.2866369579999741,0],[112.62544696700002,-7.2865811469999358,0],[112.62533209500009,-7.2864332309999327,0],[112.62530131900007,-7.2863936019999755,0],[112.62529410900004,-7.2863843189999784,0],[112.62529626900005,-7.2862596649999318,0],[112.62530061500001,-7.2860088679999535,0],[112.62501975100008,-7.2858696709999435,0],[112.62501966800005,-7.2858697239999515,0],[112.62486270800002,-7.2859700059999568,0],[112.62476976900007,-7.2860293839999599,0],[112.62474837700006,-7.2860430519999682,0],[112.62471738600004,-7.2860628519999295,0],[112.62464975100011,-7.2860901629999262,0],[112.62464199700003,-7.2860932939999543,0],[112.62463717800006,-7.2860952389999625,0],[112.62463276300002,-7.2860970219999786,0],[112.62461227000006,-7.2861052969999491,0],[112.62461225300001,-7.2861052269999504,0],[112.6246099120001,-7.2860955449999665,0],[112.62460899600001,-7.2860917589999303,0],[112.62458940700003,-7.2860107579999749,0],[112.62458923100007,-7.2860108199999445,0],[112.62454463000006,-7.2860266419999675,0],[112.62454458700006,-7.2860265889999596,0],[112.62447928900008,-7.2859456869999804,0],[112.6244779430001,-7.2859276609999597,0],[112.62447353700009,-7.285868685999958,0],[112.62447319600005,-7.2858641189999389,0],[112.62447071700001,-7.2858309429999508,0],[112.62446779800007,-7.2857918669999435,0],[112.62440138900001,-7.2857799459999342,0],[112.62437900800001,-7.2857759289999535,0],[112.62431099600008,-7.2857637199999772,0],[112.62428084700002,-7.2856193469999653,0],[112.62427494500002,-7.2855910789999712,0],[112.62425556700009,-7.2854982859999495,0],[112.62424809400011,-7.2854624979999585,0],[112.62424790300008,-7.2854624989999479,0],[112.62417306000009,-7.2854629919999638,0],[112.62417287000005,-7.2854629929999533,0],[112.62401546700005,-7.2854640309999468,0],[112.62367202200005,-7.2853714789999344,0],[112.6234999620001,-7.2852901389999261,0],[112.62346623700012,-7.2852741949999427,0],[112.62344008000002,-7.2852491329999793,0],[112.62334723300012,-7.2851601729999516,0],[112.62314698400007,-7.2849103549999654,0],[112.6230781910001,-7.2848030609999341,0],[112.6228695530001,-7.2844192229999294,0],[112.62284734700006,-7.2843874509999296,0],[112.62282496700004,-7.2843554279999694,0],[112.62269686000002,-7.28417213299997,0],[112.62269680400004,-7.2841720529999634,0],[112.62269674900006,-7.2841719739999462,0],[112.62247272500008,-7.2838402269999278,0],[112.62242637600002,-7.2837672259999522,0],[112.62230157200008,-7.2835706529999698,0],[112.62226810900006,-7.2835179469999503,0],[112.62226324500011,-7.2835102859999665,0],[112.6222590110001,-7.2835036169999512,0],[112.62224728900003,-7.2834851539999477,0],[112.62223175700001,-7.2834606909999593,0],[112.62216751000005,-7.2833757929999479,0],[112.6221003820001,-7.2832870879999518,0],[112.62199022700008,-7.2831415249999623,0],[112.62199008300001,-7.2831413339999358,0],[112.62191397200002,-7.2830407589999595,0],[112.6218764250001,-7.2829659009999546,0],[112.62185217700005,-7.282917556999962,0],[112.62175822500001,-7.2827302439999357,0],[112.62174986700006,-7.282713580999939,0],[112.62175143500008,-7.2826861189999477,0],[112.62175491000005,-7.2826252379999801,0],[112.62177643900009,-7.2822481299999708,0],[112.62177804800001,-7.2822199519999344,0],[112.62178142400001,-7.2821608109999261,0],[112.62185365200003,-7.2821613359999446,0],[112.6218914530001,-7.2821616109999354,0],[112.62189164400002,-7.2821616119999248,0],[112.62204620500006,-7.2821522089999462,0],[112.62204639600009,-7.2821521969999594,0],[112.62207950000004,-7.2821501839999314,0],[112.62207969000008,-7.2821501719999446,0],[112.62208648900003,-7.2821500269999433,0],[112.62213314100006,-7.2821490359999643,0],[112.62221486400006,-7.2821472989999734,0],[112.62221505500008,-7.2821472949999588,0],[112.62225045700006,-7.2820205269999292,0],[112.62227892500005,-7.2819185869999501,0],[112.62228897400007,-7.2818759059999252,0],[112.6223191150001,-7.2817478899999628,0],[112.62232966500005,-7.2817030839999575,0],[112.62234465300003,-7.281544953999969,0],[112.62234928700002,-7.2814960669999778,0],[112.62235759600003,-7.2813421919999541,0],[112.62236360200006,-7.2812309729999356,0],[112.6223638890001,-7.2812256669999442,0],[112.62236400200004,-7.281223387999944,0],[112.62236452600007,-7.2812128639999401,0],[112.62236477900001,-7.2812077729999487,0],[112.62236543000006,-7.2811946839999564,0],[112.62237083900004,-7.2810859719999712,0],[112.62237442300011,-7.2810139359999653,0],[112.62237679900011,-7.2809661809999398,0],[112.62237841300009,-7.2809337359999518,0],[112.62240413000006,-7.2808322619999331,0],[112.62242991200003,-7.28073053199995,0],[112.62243247100002,-7.2807204329999422,0],[112.62244247500007,-7.2806809589999375,0],[112.62244370600001,-7.280676102999962,0],[112.62244500000008,-7.2806725649999748,0],[112.62244865300011,-7.2806625809999446,0],[112.62246758000003,-7.2806156519999377,0],[112.62247967700011,-7.2805856579999499,0],[112.62249624600008,-7.2805445769999437,0],[112.62253632800002,-7.2804451969999491,0],[112.62253903500005,-7.28043848599998,0],[112.62254263800003,-7.2804295509999406,0],[112.62254491100009,-7.2804239159999611,0],[112.62254851300008,-7.2804149839999468,0],[112.62256252500003,-7.2803802419999784,0],[112.62256651600001,-7.2803703469999732,0],[112.62258467900006,-7.2803253139999811,0],[112.62265360300012,-7.2801695569999652,0],[112.62267041700011,-7.2800981369999249,0],[112.62267644700012,-7.2800725239999338,0],[112.6226890800001,-7.2800188649999313,0],[112.62269647500011,-7.2799874519999435,0],[112.6226979810001,-7.2799810569999295,0],[112.62270851800008,-7.2799362989999281,0],[112.62271336000003,-7.2799157299999706,0],[112.62271401100008,-7.2799129649999372,0],[112.6227232220001,-7.2798738399999365,0],[112.62273269400009,-7.2798292369999444,0],[112.62275144500006,-7.2797409439999683,0],[112.62279750800008,-7.2795240389999663,0],[112.62279992700007,-7.2795126499999583,0],[112.62280350700007,-7.2794957919999774,0],[112.62280686400004,-7.2794799819999412,0],[112.62282785000002,-7.279453382999975,0],[112.62286649300006,-7.2794044059999692,0],[112.62296108200007,-7.2793897119999542,0],[112.62299480900003,-7.2793845499999748,0],[112.62311314400006,-7.2793664389999435,0],[112.62315062900007,-7.2793520549999471,0],[112.62319367300006,-7.2793355389999306,0],[112.6232576110001,-7.2793110049999541,0],[112.62332344800006,-7.2792857429999458,0],[112.62336183000002,-7.2792710149999493,0],[112.62338894200002,-7.279261326999972,0],[112.62340558000005,-7.2792542279999566,0],[112.62354742000002,-7.2791998019999369,0],[112.62356413600003,-7.2791881589999434,0],[112.62360471000011,-7.2791598979999321,0],[112.62363233500002,-7.2791406559999814,0],[112.62363747900008,-7.2791370729999585,0],[112.6237441400001,-7.2790616809999733,0],[112.62375035000002,-7.2790572909999582,0],[112.62378047400011,-7.2790359979999266,0],[112.62382421100006,-7.2790050829999586,0],[112.62382784300007,-7.2790025159999345,0],[112.62383751600009,-7.2789956789999337,0],[112.62384843700011,-7.2789880529999778,0],[112.62388865200001,-7.2789599709999493,0],[112.62396872700003,-7.2789040559999307,0],[112.62397281500012,-7.2789017089999675,0],[112.62400797700002,-7.2788815259999637,0],[112.62401281400003,-7.278878749999933,0],[112.6240185370001,-7.2788754649999419,0],[112.62412223300009,-7.2788159419999374,0],[112.62412235400006,-7.278811429999962,0],[112.6241226300001,-7.2788011849999634,0],[112.62412477000009,-7.2787219089999553,0],[112.62413428200011,-7.2787045329999387,0],[112.62413714800005,-7.278699296999946,0],[112.62414903700005,-7.2786775779999289,0],[112.62415547600006,-7.2786658159999433,0],[112.62419778700007,-7.2786297679999734,0],[112.62421638700005,-7.2786139209999305,0],[112.62424516800002,-7.278598345999967,0],[112.62426445300002,-7.278587909999942,0],[112.62432686900001,-7.2785546699999486,0],[112.62437917300008,-7.2785078299999668,0],[112.62441277800008,-7.2784581849999768,0],[112.62441911000008,-7.2784494889999678,0],[112.62443148800003,-7.2784324889999539,0],[112.62443581800005,-7.2784276839999507,0],[112.62443540900006,-7.2784271049999347,0],[112.6244578400001,-7.2783962979999615,0],[112.62445037000009,-7.2783180919999495,0],[112.62444281600006,-7.2783045919999267,0],[112.624436919,-7.2782940539999572,0],[112.62442070900011,-7.2782650859999762,0],[112.62440605400002,-7.2782512499999257,0],[112.62440109200008,-7.2782465649999608,0],[112.62437128700003,-7.278218423999931,0],[112.62436962300001,-7.2782168529999467,0],[112.62434497800007,-7.2781935839999505,0],[112.62436778300003,-7.2781731879999256,0],[112.62437128700003,-7.2781689579999806,0],[112.62440595300006,-7.2781271159999505,0],[112.62442946100009,-7.2780858089999469,0],[112.62445452400004,-7.2780417709999483,0],[112.62451846400006,-7.2779659399999446,0],[112.62457968000001,-7.2779322259999617,0],[112.62461542000005,-7.2779123769999501,0],[112.62462623200008,-7.2779063719999613,0],[112.62464163100003,-7.2778978189999748,0],[112.62473750000004,-7.2778445749999605,0],[112.62475276200007,-7.2778346909999527,0],[112.62480219300005,-7.2778026789999331,0],[112.62480287000005,-7.2778022399999713,0],[112.62482406700008,-7.2777885129999618,0],[112.62483579500008,-7.2777809169999728,0],[112.62484746000007,-7.2777733629999375,0],[112.62487817100009,-7.2777611809999598,0],[112.62491350000005,-7.2777471669999727,0],[112.62498622900011,-7.277718317999927,0],[112.62505493300011,-7.277716641999973,0],[112.62505512400003,-7.2777166369999691,0],[112.62506483700008,-7.2777164009999638,0],[112.62506502800011,-7.2777163959999598,0],[112.6250780360001,-7.2777160789999584,0],[112.62507822700002,-7.2777160739999545,0],[112.62515814900007,-7.2777039579999609,0],[112.6251816780001,-7.2777003909999394,0],[112.62527357600004,-7.2776703939999265,0],[112.6252786010001,-7.2776688889999264,0],[112.62532469700011,-7.277655081999967,0],[112.62533565000001,-7.2776518019999799,0],[112.6253436930001,-7.2776493929999333,0],[112.62536433500009,-7.2776432099999511,0],[112.62537433500006,-7.2776402149999626,0],[112.6254190950001,-7.2776268079999795,0],[112.62552910500006,-7.2776225919999433,0],[112.62552929500009,-7.2776225849999605,0],[112.62565118600003,-7.2776221469999314,0],[112.62565137600006,-7.2776221459999419,0],[112.62565650800002,-7.2776221279999618,0],[112.62565670000004,-7.2776221269999724,0],[112.62572306400011,-7.2776218889999313,0],[112.62572325500003,-7.2776218879999419,0],[112.62574589100007,-7.2776218069999459,0],[112.62574857400011,-7.2776217979999274,0],[112.62574876500003,-7.2776217969999379,0],[112.62577272800002,-7.277612898999962,0],[112.62578005700004,-7.2776101779999749,0],[112.62579522500005,-7.2776045469999531,0],[112.62580318300002,-7.2776015919999395,0],[112.62580381700002,-7.2776013569999805,0],[112.62581624900008,-7.277596740999968,0],[112.62583000000006,-7.2775916349999648,0],[112.62583254600008,-7.2775906899999541,0],[112.62583254600008,-7.277590661999966,0],[112.62583257800009,-7.2775881219999405,0],[112.62583258600012,-7.2775875169999722,0],[112.62583261200007,-7.2775854409999283,0],[112.62583276100008,-7.2775735199999758,0],[112.62583289800011,-7.2775626019999322,0],[112.62583297700007,-7.2775563039999724,0],[112.62583301300003,-7.2775534219999258,0],[112.62583315400002,-7.2775421259999575,0],[112.62583317400004,-7.2775405479999336,0],[112.62583327200002,-7.2775326409999366,0],[112.62583333300006,-7.2775277779999783,0],[112.62583333300006,-7.2775259229999278,0],[112.62583333300006,-7.2775211229999286,0],[112.62583333300006,-7.2775067079999758,0],[112.62583333300006,-7.2774965059999772,0],[112.62583333300006,-7.2774931609999385,0],[112.62583333300006,-7.2774915529999475,0],[112.62583333300006,-7.2774736149999626,0],[112.62583333300006,-7.2774722219999717,0],[112.62583346300005,-7.2774709059999623,0],[112.62583394800004,-7.2774659849999352,0],[112.6258340490001,-7.2774649619999536,0],[112.62583514800008,-7.2774538249999523,0],[112.62583932900009,-7.2774114359999658,0],[112.62585093000007,-7.2772938379999346,0],[112.62585497200007,-7.2772528639999337,0],[112.62585901300008,-7.2772118939999473,0],[112.62585942900012,-7.2772076779999679,0],[112.62585989400009,-7.2772029649999581,0],[112.62586257800001,-7.2771757609999668,0],[112.62587208000002,-7.2770794319999368,0],[112.62587986100004,-7.2770005559999618,0],[112.62588567900002,-7.2770657469999378,0],[112.62588575700011,-7.2770666209999604,0],[112.62590023900009,-7.2769544239999391,0],[112.62590051100005,-7.2769535349999614,0],[112.62590577700007,-7.2769363529999396,0],[112.62591364200011,-7.2769106889999762,0],[112.6259144390001,-7.27690808899996,0],[112.6259173090001,-7.2768987259999562,0],[112.62591903000009,-7.2768931119999252,0],[112.62593480300006,-7.2768416459999798,0],[112.62595346900002,-7.2767807359999779,0],[112.62596101000008,-7.2767561309999564,0],[112.62601063600005,-7.276564556999972,0],[112.6260395490001,-7.2764817569999423,0],[112.62611616900006,-7.2762623309999412,0],[112.62614985500011,-7.2760998839999615,0],[112.62615253100012,-7.2760869779999666,0],[112.62615474600011,-7.276076297999964,0],[112.62616556400008,-7.2760241279999605,0],[112.62616557000001,-7.2760240979999367,0],[112.62640004400009,-7.2760611499999754,0],[112.62644993300012,-7.2760690339999314,0],[112.62660729400011,-7.276093899999978,0],[112.6266457700001,-7.2760999799999695,0],[112.62672845400004,-7.2761130459999777,0],[112.62672864000001,-7.2761130749999552,0],[112.62675220300002,-7.2760029379999764,0],[112.62681602400005,-7.275569007999934,0],[112.62681768600009,-7.2755577079999512,0],[112.62683912300008,-7.2753374509999276,0],[112.62684467200006,-7.2752804409999499,0],[112.62684930300009,-7.2752614239999502,0],[112.62687646400002,-7.2751498979999383,0],[112.62688011200009,-7.2751264569999421,0],[112.62688102700008,-7.2751205769999387,0],[112.62688564900009,-7.2750908819999722,0],[112.62689869300004,-7.2750070659999437,0],[112.62690678900003,-7.2749576879999722,0],[112.62691381600007,-7.2749148279999645,0],[112.62691595300009,-7.2749017929999695,0],[112.62691953700005,-7.2748626709999371,0],[112.62693158400009,-7.2747311769999783,0],[112.62694771000008,-7.2745577969999431,0],[112.62695160200008,-7.2745159579999381,0],[112.62698229300008,-7.2743242799999734,0],[112.62698252700011,-7.2743226339999296,0],[112.62700239800006,-7.2741827619999526,0],[112.62700663200008,-7.2741529579999451,0],[112.62702894200004,-7.2739959039999462,0],[112.62706869500005,-7.2738830089999738,0],[112.62706870600005,-7.2738829779999605,0],[112.62710622600002,-7.2738894659999573,0],[112.62719484700006,-7.2739047919999393,0],[112.62721177900005,-7.2739077199999542,0],[112.627211966,-7.2739077519999569,0],[112.62721440600001,-7.2738866889999372,0],[112.6272188160001,-7.2738611989999526,0],[112.62722320800003,-7.2738358179999523,0],[112.62722824500008,-7.2738127959999588,0],[112.62723302100005,-7.2737909659999787,0],[112.62725856500003,-7.2736742009999489,0],[112.62727827800006,-7.2735947699999315,0],[112.62735342500002,-7.2734850209999422,0],[112.62736045800011,-7.2734747499999344,0],[112.62736972300002,-7.2734681749999481,0],[112.62738926400004,-7.2734543089999306,0],[112.62741910300008,-7.2734331349999479,0],[112.62749665300009,-7.2733806079999681,0],[112.62751541300008,-7.2733679009999719,0],[112.62757591500008,-7.2733544729999267,0],[112.62758741300001,-7.2733519219999607,0],[112.62758900200004,-7.2733515689999422,0],[112.62769089700009,-7.2733482089999484,0],[112.62769108800001,-7.273348202999955,0],[112.62769349500002,-7.2733481239999378,0],[112.62771504700004,-7.2733474129999536,0],[112.62771507800005,-7.2733474119999642,0],[112.62771523800006,-7.2733474069999602,0],[112.62791831900006,-7.2733756839999728,0],[112.62810005300003,-7.2734084349999648,0],[112.62827448100006,-7.2734560159999546,0],[112.62836752800001,-7.2735156249999591,0],[112.62848335400008,-7.2735329569999294,0],[112.62867593700003,-7.2735726059999593,0],[112.62874470300005,-7.2735915159999536,0],[112.62879315700002,-7.2736040179999577,0],[112.62880504400005,-7.2736070849999805,0],[112.62885974900007,-7.2736158819999446,0],[112.62890448900009,-7.2736230759999785,0],[112.62900594300004,-7.2736248829999681,0],[112.62900613400006,-7.2736248859999364,0],[112.62901633800004,-7.2736246289999258,0],[112.62909524200006,-7.2736226419999639,0],[112.62910639300003,-7.2736223609999797,0],[112.62910667000006,-7.2736223539999401,0],[112.62910686100008,-7.2736223489999361,0],[112.62910690900003,-7.2736219839999308,0],[112.62911474000009,-7.2735624279999342,0],[112.62911651500008,-7.2735489289999578,0],[112.62911815700011,-7.2735364419999655,0],[112.62912508400007,-7.2734837549999725,0],[112.62915125600011,-7.2733646559999556,0],[112.62917181400007,-7.2732711059999815,0],[112.6292423540001,-7.272924168999964,0],[112.62934842900006,-7.2726494079999497,0],[112.62938877300007,-7.2726055159999419,0],[112.62943997200011,-7.2724588089999429,0],[112.62947303400006,-7.2723640729999488,0],[112.62950487400008,-7.2722694089999322,0],[112.62953413300011,-7.2721457079999254,0],[112.62959764700008,-7.2718817399999693,0],[112.62963600500007,-7.2717371479999429,0],[112.62967448000006,-7.2715921169999547,0],[112.62971683800004,-7.2714967969999407,0],[112.62977159400009,-7.271406375999959,0],[112.62978631700003,-7.2713303749999341,0],[112.62982280600011,-7.2710820119999653,0],[112.62983642200004,-7.2709893329999318,0],[112.62984547200006,-7.2709277369999654,0],[112.62984878300006,-7.2709051979999799,0],[112.6298574540001,-7.2708461829999464,0],[112.62987438700009,-7.2707367409999506,0],[112.62988810200011,-7.2706631949999405,0],[112.62991076700007,-7.2705416519999631,0],[112.62991101900002,-7.270540298999947,0],[112.62991109100005,-7.2705395289999615,0],[112.62991299500004,-7.27051918199993,0],[112.62992631300006,-7.2703768929999342,0],[112.62996862900002,-7.270212565999941,0],[112.62999112200009,-7.2701000149999686,0],[112.63000608900006,-7.2699596809999321,0],[112.63003101000004,-7.2698341419999792,0],[112.63001649600005,-7.2698279919999322,0],[112.63000798700011,-7.2698243869999715,0],[112.62998077400005,-7.2698128569999767,0],[112.62992254000005,-7.269788182999946,0],[112.62993398300011,-7.2697371869999756,0],[112.63001024900007,-7.2693973099999312,0],[112.63002558200003,-7.2693316119999736,0],[112.63003000900005,-7.2693126409999422,0],[112.6300486450001,-7.2692327899999327,0],[112.63004237600001,-7.2692304259999787,0],[112.63003368800003,-7.2692271499999492,0],[112.62989929300011,-7.2691764739999485,0],[112.62990892500011,-7.2691340179999315,0],[112.62994741900002,-7.2689643359999536,0],[112.62996558300006,-7.2688530349999496,0],[112.62997291200008,-7.2688015799999448,0],[112.62997321000012,-7.2687535789999629,0],[112.62997686900007,-7.2687052379999386,0],[112.62997900500011,-7.2686733989999652,0],[112.62997959800009,-7.2686645569999655,0],[112.62998102300003,-7.2686559769999803,0],[112.62998469800004,-7.2686338559999513,0],[112.62998665200007,-7.2686228999999685,0],[112.62999409200006,-7.2685811879999278,0],[112.63000352300003,-7.2685386879999783,0],[112.63000594300001,-7.2685019779999607,0],[112.63000636200002,-7.2684956139999599,0],[112.63001787900009,-7.2684111089999419,0],[112.63001791600004,-7.2684108399999445,0],[112.63003058100003,-7.2683736069999441,0],[112.63003624900011,-7.2683569439999474,0],[112.63005143600003,-7.2682724629999598,0],[112.63006658600011,-7.2681881919999682,0],[112.63007351900001,-7.2681496239999319,0],[112.63007540500007,-7.2680766209999774,0],[112.63007562100006,-7.2680682739999725,0],[112.63007833400002,-7.2680232859999592,0],[112.63008323400004,-7.2679866639999773,0],[112.63009375100012,-7.2679134169999315,0],[112.63011567900003,-7.2678150089999463,0],[112.63011559100005,-7.2677906069999381,0],[112.63012641800003,-7.26759266199997,0],[112.63013399900001,-7.2674540759999786,0],[112.63013514600004,-7.2674331049999523,0],[112.63022864100003,-7.2674192469999639,0],[112.63025582700004,-7.2674152179999396,0],[112.63027256300006,-7.2674127369999724,0],[112.63027320700007,-7.267410161999976,0],[112.63028614400002,-7.2673584719999553,0],[112.6303033690001,-7.2672137589999579,0],[112.63030168300008,-7.2671816279999462,0],[112.63030103500012,-7.2671692869999447,0],[112.63030596300007,-7.2671298519999254,0],[112.63030908100006,-7.2671074869999757,0],[112.63031125900011,-7.2670918609999262,0],[112.63031649700008,-7.2670607879999807,0],[112.63031725900009,-7.2670562709999444,0],[112.63031804000002,-7.2670516399999769,0],[112.63032260600005,-7.267024557999946,0],[112.63032476100011,-7.2669193139999493,0],[112.63033103800001,-7.2668523909999294,0],[112.63033360200006,-7.266810348999968,0],[112.63033533300006,-7.2667819659999395,0],[112.6303354690001,-7.266780553999979,0],[112.6303355120001,-7.2667801089999671,0],[112.63033551600006,-7.2667800719999605,0],[112.63034198800005,-7.2667130859999816,0],[112.63034276500002,-7.2667050399999766,0],[112.63040230700005,-7.2666874829999415,0],[112.63045415500005,-7.2666764779999653,0],[112.63058654300005,-7.2666447139999377,0],[112.63069988600012,-7.2666090889999282,0],[112.63084081300008,-7.266568771999971,0],[112.63100091800004,-7.266531448999956,0],[112.63110278500005,-7.2665027559999658,0],[112.63123759200005,-7.2664662879999469,0],[112.6313756190001,-7.2664245409999353,0],[112.63138616800006,-7.2664213499999732,0],[112.63144633200011,-7.2664046289999646,0],[112.6316289670001,-7.2663538709999784,0],[112.63169333700012,-7.2663329809999482,0],[112.63183649900009,-7.2662865189999479,0],[112.6318706720001,-7.2662759829999573,0],[112.63197971200009,-7.2662423649999255,0],[112.63202143400008,-7.2662315999999691,0],[112.63206151000009,-7.2662212599999521,0],[112.63206554200008,-7.2662202199999797,0],[112.63210609900011,-7.2662097559999665,0],[112.63212339400002,-7.2662018309999326,0],[112.63213977700002,-7.2661943229999792,0],[112.63217117600004,-7.2661842579999529,0],[112.63219474900006,-7.2661834139999542,0],[112.63219494000009,-7.2661834069999713,0],[112.63220644600005,-7.2661812479999526,0],[112.63220788300009,-7.2661809779999658,0],[112.63221140500002,-7.2661803169999644,0],[112.63222405500005,-7.2661779429999456,0],[112.63223512900004,-7.2661719369999673,0],[112.63223532200004,-7.2661718319999409,0],[112.63224038800001,-7.2661690849999445,0],[112.63224256000001,-7.2661679069999536,0],[112.63224395000009,-7.2661671529999694,0],[112.63225120900006,-7.2661660909999455,0],[112.6322600420001,-7.2661647979999771,0],[112.63228302900006,-7.2661608879999449,0],[112.63228806300003,-7.2661588559999473,0],[112.63229451200004,-7.2661562529999628,0],[112.6322929160001,-7.2661492989999488,0],[112.63227777800012,-7.2660833329999264,0],[112.63227875000007,-7.2660376449999262,0],[112.63227780700004,-7.2659886509999296,0],[112.63228060300003,-7.2659136139999418,0],[112.63228197300009,-7.2658684389999735,0],[112.63228897800002,-7.2658411349999596,0],[112.63229180200005,-7.2658301249999795,0],[112.63229654300005,-7.2658095409999532,0],[112.63230539000006,-7.2657711259999473,0],[112.63231333700003,-7.2657446409999693,0],[112.63231826800006,-7.2657282069999383,0],[112.63232113600009,-7.2657199289999426,0],[112.63233420300003,-7.2656822149999698,0],[112.6323527510001,-7.2656375979999552,0],[112.63235396500011,-7.2656346779999694,0],[112.63235488700002,-7.2656326429999467,0],[112.63236993900011,-7.2655994039999428,0],[112.63238360100002,-7.2655610759999263,0],[112.63240413300002,-7.2655143009999392,0],[112.63241779200007,-7.2654752069999518,0],[112.63243227600003,-7.2654521879999265,0],[112.63243661000001,-7.2654454999999416,0],[112.63244371300004,-7.2654345379999654,0],[112.63245476500003,-7.2654125539999654,0],[112.63247340100008,-7.2653754819999676,0],[112.63249847500003,-7.2653126139999813,0],[112.63252206000004,-7.2652619999999501,0],[112.63254945000006,-7.2652037179999525,0],[112.63256653600001,-7.2651733549999449,0],[112.63257535200012,-7.2651576899999668,0],[112.63259212200001,-7.2651308339999332,0],[112.63259488200003,-7.2651278899999738,0],[112.63261732600006,-7.2651039479999326,0],[112.63264177100007,-7.2650793609999482,0],[112.63265302600007,-7.2650676369999587,0],[112.63266315800001,-7.2650570819999416,0],[112.63268237400007,-7.2650296389999767,0],[112.63268680400006,-7.2650233119999257,0],[112.63270812700011,-7.2649834249999685,0],[112.6327244150001,-7.2649491659999512,0],[112.63272562800012,-7.264946613999939,0],[112.63272763600003,-7.264943202999973,0],[112.63275001300008,-7.2649051849999751,0],[112.6327723500001,-7.2648631869999463,0],[112.63277285900006,-7.2648622299999488,0],[112.6327895710001,-7.2648192969999741,0],[112.63281621400006,-7.2647663759999546,0],[112.63282009800002,-7.264758034999943,0],[112.63283371200009,-7.2647287999999435,0],[112.63285656100004,-7.2646866099999556,0],[112.63287486700006,-7.2646605149999459,0],[112.63289224500011,-7.2646347239999614,0],[112.63289999500012,-7.2646252419999655,0],[112.63291342700006,-7.2646088089999807,0],[112.63293978400009,-7.2645828759999631,0],[112.6329575310001,-7.264560992999975,0],[112.63297465800008,-7.2645389179999711,0],[112.63297584600002,-7.2645373859999722,0],[112.63299012800007,-7.2645114959999546,0],[112.63300097300009,-7.2644890629999281,0],[112.63301354800001,-7.2644683479999799,0],[112.63301450400002,-7.264463583999941,0],[112.63301919700007,-7.2644401919999382,0],[112.63302366200003,-7.2644028539999681,0],[112.63303165600007,-7.2643873219999477,0],[112.63305624900011,-7.2643504859999553,0],[112.63307395200002,-7.2643165449999287,0],[112.63308821400005,-7.2642849129999263,0],[112.63309911200008,-7.2642625559999487,0],[112.63310419600009,-7.2642521269999634,0],[112.63310974800004,-7.2642365989999576,0],[112.63311159600005,-7.2642314299999384,0],[112.63311194500011,-7.2642269269999815,0],[112.63311324500012,-7.2642101789999742,0],[112.6331143220001,-7.2641900789999454,0],[112.6331106130001,-7.2641798239999389,0],[112.63310851400001,-7.2641740219999633,0],[112.63310504200001,-7.2641673779999678,0],[112.63310049300003,-7.2641586729999403,0],[112.63309982900012,-7.2641574019999666,0],[112.63308768500008,-7.2641384979999657,0],[112.63307612500012,-7.2641218879999769,0],[112.63306914400005,-7.2640995199999452,0],[112.63306332900004,-7.2640817409999272,0],[112.63305864600011,-7.2640587909999681,0],[112.63305455900002,-7.2640415799999687,0],[112.63304277900011,-7.2640296119999448,0],[112.63304275400003,-7.2640295849999461,0],[112.6330427260001,-7.2640295589999369,0],[112.63301620100003,-7.264002608999931,0],[112.63300834600011,-7.2639946279999776,0],[112.63298480700007,-7.2639707139999814,0],[112.63295993800011,-7.2639454469999691,0],[112.63295114400012,-7.263936512999976,0],[112.63290166600007,-7.2638362079999297,0],[112.63290211500009,-7.2637701359999483,0],[112.63290226800007,-7.2637475699999641,0],[112.6329023720001,-7.2637452079999321,0],[112.63290279900002,-7.2637355109999362,0],[112.63290214600011,-7.2637136939999323,0],[112.63290223700005,-7.2637104029999477,0],[112.63290265400008,-7.263695317999975,0],[112.63290142100004,-7.263672354999926,0],[112.63289939000003,-7.2636565859999678,0],[112.63289846400005,-7.2636493979999273,0],[112.63289371400003,-7.2636080739999329,0],[112.63288955900009,-7.2635719149999431,0],[112.63288887200008,-7.2635634009999421,0],[112.63288857300006,-7.2635596979999377,0],[112.63288835500009,-7.2635569909999731,0],[112.63288669300005,-7.2635491139999431,0],[112.63288484400005,-7.26354035199995,0],[112.63287888000002,-7.2635391829999776,0],[112.6328733360001,-7.2635380969999801,0],[112.6328582650001,-7.2635356549999415,0],[112.63282778300004,-7.2635340419999466,0],[112.6328074490001,-7.2635345989999678,0],[112.63280363500007,-7.263534702999948,0],[112.63279531100011,-7.2635342709999691,0],[112.63279171300007,-7.2635340839999571,0],[112.6327802940001,-7.263533491999965,0],[112.63277257800007,-7.2635330919999319,0],[112.63274727100008,-7.2635314609999568,0],[112.63273404200004,-7.2635303599999474,0],[112.63271333700004,-7.2635292859999367,0],[112.63267823700005,-7.2635225219999597,0],[112.63266126400003,-7.263519095999925,0],[112.63265867200005,-7.2635185729999421,0],[112.63265012200009,-7.2635163529999431,0],[112.63261723200003,-7.2635078129999329,0],[112.63258213600011,-7.2635021969999798,0],[112.63255048700012,-7.2634959949999711,0],[112.63252228300007,-7.2634880579999503,0],[112.63249523900004,-7.2634829879999643,0],[112.63247631700006,-7.2634725179999577,0],[112.63247564900007,-7.2634721489999379,0],[112.63247472300009,-7.2634714209999629,0],[112.63247321200004,-7.2634702329999641,0],[112.63245892600003,-7.2634590029999799,0],[112.63244393400009,-7.2634475729999508,0],[112.63243124500002,-7.2634367089999614,0],[112.63242278600001,-7.2634297699999593,0],[112.63241452000011,-7.2634229889999347,0],[112.6323983740001,-7.263410414999953,0],[112.63239450600008,-7.2634075389999566,0],[112.63238684300006,-7.2634018429999401,0],[112.63236611100001,-7.2633933049999655,0],[112.63234597700011,-7.263391080999952,0],[112.63233044600008,-7.2633894139999597,0],[112.63230858300005,-7.2633860479999726,0],[112.6322980220001,-7.2633849139999711,0],[112.6322878740001,-7.2633838249999485,0],[112.63227979600003,-7.2633825999999431,0],[112.63226198400002,-7.2633798989999718,0],[112.63224184400008,-7.2633752119999713,0],[112.63224011500006,-7.2633748099999593,0],[112.63223703800008,-7.2633740989999751,0],[112.63222054900007,-7.2633702869999297,0],[112.63219522700001,-7.2633646359999489,0],[112.63217278500008,-7.2633601239999734,0],[112.63215829800004,-7.2633590979999667,0],[112.63213835400006,-7.2633564899999783,0],[112.63212110100005,-7.2633557859999769,0],[112.63210322800001,-7.2633531069999435,0],[112.63210115600009,-7.2633527959999356,0],[112.63208926100003,-7.2633493929999418,0],[112.63207928000008,-7.2633456009999691,0],[112.63207367300004,-7.2633417999999779,0],[112.63207197800011,-7.2633406509999645,0],[112.63206849400001,-7.2633365879999587,0],[112.63206543400008,-7.2633330189999583,0],[112.6320608100001,-7.2633265279999364,0],[112.63205840400008,-7.2633205829999383,0],[112.63205694300007,-7.2633169719999273,0],[112.6320567360001,-7.2633147869999561,0],[112.63205495000011,-7.2632959259999552,0],[112.63205377800011,-7.2632852889999526,0],[112.63205331500001,-7.2632810849999601,0],[112.63205296800004,-7.2632779419999451,0],[112.63205098800006,-7.2632652559999542,0],[112.6320502210001,-7.2632603429999563,0],[112.63204955200001,-7.263258230999952,0],[112.63204634400006,-7.2632481079999707,0],[112.63204094800005,-7.2632400889999644,0],[112.63203620400009,-7.2632353859999625,0],[112.63203479300012,-7.263233985999932,0],[112.63203094000005,-7.2632319519999555,0],[112.6320232700001,-7.2632279029999722,0],[112.63201251500004,-7.2632218169999305,0],[112.63199984500011,-7.2632165039999563,0],[112.63198642000009,-7.2632142549999799,0],[112.6319770660001,-7.2632128529999704,0],[112.63197644800005,-7.2632127599999308,0],[112.63197272900004,-7.2632119779999584,0],[112.63196570600007,-7.2632105019999358,0],[112.631963584,-7.263209485999937,0],[112.63195380100001,-7.263204802999951,0],[112.63194151500011,-7.2631994879999411,0],[112.63194050600009,-7.2631989019999423,0],[112.63193037500002,-7.2631930209999496,0],[112.63192847400001,-7.2631913819999454,0],[112.63192153000011,-7.2631853969999725,0],[112.63191268600008,-7.2631777729999385,0],[112.63190000000009,-7.2631678659999466,0],[112.63188616800005,-7.2631591109999363,0],[112.63186620100009,-7.2631499959999815,0],[112.63184777600009,-7.2631431719999568,0],[112.63184517000002,-7.2631423319999726,0],[112.63182781900002,-7.2631367359999786,0],[112.63180671700002,-7.2631318359999568,0],[112.63178792400004,-7.2631292239999539,0],[112.63177143700011,-7.2631285179999736,0],[112.63176838000004,-7.2631282999999485,0],[112.63175610000008,-7.2631274249999365,0],[112.6317467130001,-7.2631258639999601,0],[112.63173343100004,-7.2631209499999727,0],[112.6317254920001,-7.2631180129999393,0],[112.63170405400001,-7.2631100809999793,0],[112.63169624000011,-7.2631026409999322,0],[112.63169503900008,-7.2631014979999691,0],[112.63168785500011,-7.2630471849999481,0],[112.63168852800004,-7.2630440489999728,0],[112.63169216500012,-7.26302708999998,0],[112.63169352600005,-7.2630207409999343,0],[112.63169486200002,-7.2630145129999732,0],[112.6316926610001,-7.2630020859999718,0],[112.63169028700008,-7.2629886869999609,0],[112.63168828800008,-7.2629824219999364,0],[112.6316861900001,-7.2629758449999713,0],[112.63168121700005,-7.2629602579999641,0],[112.63168003100009,-7.2629565389999584,0],[112.63165663500001,-7.2629295299999512,0],[112.63165130000004,-7.262923371999932,0],[112.63162423300003,-7.2628993259999675,0],[112.63162332500008,-7.2628985199999647,0],[112.63160492000009,-7.2628856529999553,0],[112.63159176900001,-7.2628764599999727,0],[112.63156187300001,-7.2628594149999799,0],[112.63155729200002,-7.2628583039999626,0],[112.63151930400011,-7.2628490909999641,0],[112.63148272800004,-7.2628402209999763,0],[112.63147451700002,-7.2628396199999656,0],[112.63145533900001,-7.2628382159999774,0],[112.63140124800009,-7.262824299999977,0],[112.63139143800004,-7.2628217759999529,0],[112.63136137200001,-7.2628140419999454,0],[112.63132857300002,-7.2628114899999332,0],[112.63131645300007,-7.2628105469999582,0],[112.63126016900003,-7.2628061669999511,0],[112.63124452800002,-7.2628049499999747,0],[112.63124422900012,-7.2628049269999337,0],[112.63122177100001,-7.2628031799999349,0],[112.63114931900009,-7.2628100189999714,0],[112.63106952900011,-7.2627750179999566,0],[112.63105774600001,-7.2627707219999706,0],[112.63107924900009,-7.2627190459999724,0],[112.63109214000008,-7.2627060809999762,0],[112.63109202900011,-7.2626752189999593,0],[112.63108326400004,-7.262636491999956,0],[112.63107378000007,-7.2625977689999672,0],[112.63107148100005,-7.2625808569999322,0],[112.63106861200004,-7.2625597479999442,0],[112.6310686920001,-7.2625384009999721,0],[112.6310687670001,-7.2625181819999511,0],[112.63106877400003,-7.2625162839999575,0],[112.6310704660001,-7.262447136999981,0],[112.63107548100004,-7.2623557169999344,0],[112.63107586100011,-7.2623487879999402,0],[112.6310759270001,-7.2623451819999332,0],[112.63107706400001,-7.262283469999943,0],[112.63107677900007,-7.262281651999956,0],[112.63106977500001,-7.2622369499999309,0],[112.6310689710001,-7.2622318219999329,0],[112.63105623300009,-7.2622167279999417,0],[112.63106290400003,-7.2621805009999321,0],[112.63106523600004,-7.2621678389999715,0],[112.63110297500009,-7.2619629079999299,0],[112.63112315300009,-7.2618533379999803,0],[112.63113930500003,-7.2617656279999778,0],[112.63114444200005,-7.2617377329999613,0],[112.63127587400004,-7.2617674919999331,0],[112.63132606500005,-7.2617788559999781,0],[112.63132918800011,-7.2617640889999393,0],[112.6313332090001,-7.2617450739999754,0],[112.63135001000001,-7.2616656239999315,0],[112.6313540000001,-7.2616467529999795,0],[112.63138670400008,-7.2614957389999404,0],[112.63139029600006,-7.2614749869999287,0],[112.63139796500002,-7.2614306749999287,0],[112.63140769900008,-7.2613744339999471,0],[112.63141073600002,-7.261356889999945,0],[112.63141657800008,-7.2613447579999502,0],[112.63143445900005,-7.2613076239999259,0],[112.63143720200003,-7.2612936399999626,0],[112.63144855300004,-7.2612357719999636,0],[112.63147108800001,-7.2611208899999724,0],[112.63147109200008,-7.2611169209999389,0],[112.63147109300007,-7.2611162119999335,0],[112.63147109900001,-7.2611101029999645,0],[112.63147112900003,-7.2610805479999385,0],[112.6314711550001,-7.2610552179999672,0],[112.63147116800008,-7.2610424149999631,0],[112.63146916900007,-7.2610418929999696,0],[112.63146061500004,-7.261039660999927,0],[112.63145968600008,-7.2610394189999283,0],[112.63139383100008,-7.2610222379999527,0],[112.63130281100007,-7.2609984909999525,0],[112.63130259700006,-7.26099577399998,0],[112.63130206800008,-7.2609890699999369,0],[112.63129688400011,-7.2609233379999409,0],[112.63129195800002,-7.2608608789999494,0],[112.63129064600002,-7.2608442389999368,0],[112.63128899600008,-7.260823324999933,0],[112.63128669100001,-7.2607941029999665,0],[112.63127496200002,-7.2607846329999575,0],[112.63126682300003,-7.2607780619999289,0],[112.63121487900003,-7.2607361219999689,0],[112.63117142200008,-7.2607236189999753,0],[112.63114312000005,-7.260715475999973,0],[112.6311091340001,-7.2607056969999348,0],[112.63105226900007,-7.2606893359999276,0],[112.63105775700001,-7.2606550139999513,0],[112.63106231200004,-7.2606265269999426,0],[112.6310656820001,-7.2606054559999507,0],[112.63106779600002,-7.2605922369999689,0],[112.63107632300012,-7.260538912999948,0],[112.63108099300007,-7.2605097079999723,0],[112.63108309000006,-7.260496595999939,0],[112.63109113700011,-7.2604462719999674,0],[112.63110330100005,-7.2603702039999689,0],[112.63110468800005,-7.2603615319999335,0],[112.63110593500005,-7.2603537359999564,0],[112.63111059900007,-7.2603245649999621,0],[112.63111133100006,-7.2603199889999814,0],[112.63111324700003,-7.2603080069999351,0],[112.63111637800012,-7.2602884239999526,0],[112.63111761900007,-7.2602806619999569,0],[112.63108973300007,-7.2602614339999718,0],[112.63105874500002,-7.2602432549999776,0],[112.63097226200011,-7.2601925219999544,0],[112.63095938800006,-7.2602306649999377,0],[112.63095858800011,-7.2602330339999526,0],[112.63095380100003,-7.2602472179999609,0],[112.63093923200006,-7.2602425369999537,0],[112.63084349200005,-7.2602117739999699,0],[112.63084200900005,-7.2602112969999553,0],[112.63081847700005,-7.2602037359999372,0],[112.63080183000011,-7.2601983869999458,0],[112.63080099100011,-7.260198116999959,0],[112.63078612100003,-7.2601933389999544,0],[112.63073300400004,-7.260176271999967,0],[112.63069846200005,-7.2601651729999617,0],[112.63063717700004,-7.2601454809999382,0],[112.63063687900001,-7.2600915159999317,0],[112.63063675800004,-7.2600695909999331,0],[112.63063662000002,-7.2600445149999473,0],[112.63053738400004,-7.2600153979999504,0],[112.63042535200009,-7.2599854219999429,0],[112.63038457500011,-7.259974510999939,0],[112.63029017400004,-7.2599492519999558,0],[112.63022422300003,-7.2599301119999495,0],[112.63021914300009,-7.2599286379999626,0],[112.63020029200004,-7.2599226769999632,0],[112.63014724100003,-7.2599059009999678,0],[112.63010580800005,-7.2598927989999424,0],[112.63010430500003,-7.259892367999953,0],[112.63008545600007,-7.2598869589999708,0],[112.63005368200004,-7.2598778409999341,0],[112.63003169800004,-7.2598715329999663,0],[112.62998817100004,-7.2598612669999625,0],[112.62992379200011,-7.2598460819999673,0],[112.62991420900005,-7.2598442329999671,0],[112.62988326400011,-7.2598382619999597,0],[112.6298288480001,-7.2598277619999294,0],[112.62975620700001,-7.2598151039999266,0],[112.62969076700006,-7.2598060079999414,0],[112.62966890600001,-7.259802924999974,0],[112.62959152600001,-7.2597920099999556,0],[112.62950955700001,-7.2597836909999387,0],[112.62944771800005,-7.2597767359999352,0],[112.62938444700001,-7.2597712209999372,0],[112.62934419100009,-7.2597699299999476,0],[112.62934129400003,-7.2597703019999358,0],[112.62933860600003,-7.2597706479999715,0],[112.62931545400011,-7.2597736219999547,0],[112.62931480200007,-7.2597735009999269,0],[112.62930994800001,-7.2597726009999519,0],[112.62927106600011,-7.2597653889999378,0],[112.62926988100003,-7.2597651689999338,0],[112.62924712500001,-7.2597609479999505,0],[112.62923591700007,-7.2597582959999727,0],[112.62920958000007,-7.2597520649999296,0],[112.62920827900007,-7.2597517569999468,0],[112.62917246200004,-7.259741528999939,0],[112.62915863300009,-7.2597375799999782,0],[112.62911832800012,-7.2597226529999261,0],[112.62909240600004,-7.2597098259999484,0],[112.62905784600002,-7.2596934429999465,0],[112.62902875600003,-7.259682459999965,0],[112.62902154900007,-7.2597172429999546,0],[112.62902009000004,-7.2597242859999369,0],[112.62901819000001,-7.2597334569999248,0],[112.62901533100001,-7.2597472549999793,0],[112.62901281100005,-7.2597594189999768,0],[112.62900686100011,-7.2597881359999406,0],[112.6290006910001,-7.2598179129999494,0],[112.62899143000004,-7.2598626079999349,0],[112.62893767100002,-7.2598528989999522,0],[112.62881685100001,-7.259841569999935,0],[112.62878037400003,-7.259838148999961,0],[112.62871154400011,-7.2598340469999698,0],[112.62867909400006,-7.259832112999959,0],[112.62866678500006,-7.2598313789999338,0],[112.62866095200002,-7.259808431999943,0],[112.62858332100006,-7.2598072749999574,0],[112.62856903300008,-7.2598317289999272,0],[112.62848707400008,-7.2598262819999491,0],[112.62837170900002,-7.2598283009999705,0],[112.6283368280001,-7.2598319389999801,0],[112.62819653400004,-7.2598465719999581,0],[112.62809019500003,-7.2598576629999343,0],[112.62807714500002,-7.2598590239999794,0],[112.62807928100005,-7.2598796119999633,0],[112.62807988500003,-7.2598854299999402,0],[112.62808272900008,-7.2599128339999766,0],[112.62803845900009,-7.2599176389999798,0],[112.62802195800009,-7.2599194299999681,0],[112.62799040300001,-7.2599228549999566,0],[112.62792377200003,-7.2599336739999671,0],[112.62790151500008,-7.2599372879999464,0],[112.62788747700006,-7.2599395669999467,0],[112.62784350100003,-7.2599467079999727,0],[112.62779546900003,-7.259981689999961,0],[112.62779652300003,-7.2599961389999521,0],[112.62779660300009,-7.2599972369999364,0],[112.62778373300011,-7.2599995849999459,0],[112.62775111100007,-7.2600055349999479,0],[112.62772706600003,-7.260017472999948,0],[112.62772024000003,-7.2600208629999656,0],[112.62771810700008,-7.2600219219999644,0],[112.62769086800006,-7.2600425939999695,0],[112.62764011500008,-7.2600537819999431,0],[112.62758071200005,-7.2600578229999542,0],[112.62758073400005,-7.2600641019999443,0],[112.62758073700002,-7.2600649999999405,0],[112.62754065100012,-7.2600631309999812,0],[112.6275299030001,-7.2600767329999485,0],[112.62751766800011,-7.2600922179999543,0],[112.62749236800005,-7.2601242359999674,0],[112.62735022700008,-7.2601292949999561,0],[112.62732913400009,-7.260130045999972,0],[112.62719339900002,-7.2601348769999277,0],[112.62710122100009,-7.2601341669999329,0],[112.6270760860001,-7.2601339739999275,0],[112.6269203810001,-7.2601327749999314,0],[112.62685413100007,-7.2601322649999815,0],[112.62679260000004,-7.260127787999977,0],[112.62672741000006,-7.2601230449999434,0],[112.62668540600009,-7.2601199889999748,0],[112.62657979200003,-7.2601123049999501,0],[112.62652820400001,-7.2601085519999629,0],[112.62652703100002,-7.2601084299999457,0],[112.62651181600006,-7.2601068519999785,0],[112.62646184100004,-7.2601016669999581,0],[112.62644816400007,-7.2601002479999579,0],[112.62634988200011,-7.2600900509999633,0],[112.6263320380001,-7.2600872719999643,0],[112.62632170100005,-7.2600856619999377,0],[112.62626846700005,-7.2600773699999763,0],[112.62616903900005,-7.2600618829999348,0],[112.62612166500003,-7.2600545039999815,0],[112.6261009000001,-7.2600511249999613,0],[112.6260810870001,-7.2600478999999609,0],[112.62604111600001,-7.2600413949999734,0],[112.62603842300007,-7.2600406539999653,0],[112.62598898500005,-7.2600270679999426,0],[112.62595861600005,-7.2600187229999733,0],[112.62588953900001,-7.2599979159999748,0],[112.62584178500003,-7.2600097549999418,0],[112.62583564400006,-7.2600112769999328,0],[112.62580336400003,-7.2600192789999483,0],[112.62579496700005,-7.2599996569999803,0],[112.62579178400006,-7.2599922189999688,0],[112.62578210100003,-7.2599695919999476,0],[112.62576917900003,-7.2599628409999468,0],[112.62572646300009,-7.2599405239999442,0],[112.62570067700005,-7.2599270519999664,0],[112.62567481700012,-7.2599135409999462,0],[112.62566476400002,-7.2599082889999522,0],[112.6256534150001,-7.2599023599999555,0],[112.62564383800009,-7.259897356999943,0],[112.62563733000002,-7.2599070809999375,0],[112.62560935800002,-7.2599488779999319,0],[112.62558092400002,-7.2599913659999515,0],[112.62556215300003,-7.2600331309999433,0],[112.62552578000009,-7.2601140569999529,0],[112.62548059300002,-7.2601511369999798,0],[112.62545315900002,-7.2601736499999561,0],[112.62542267000003,-7.2602235219999329,0],[112.62542016600003,-7.2602416699999708,0],[112.62541637700008,-7.2602691379999555,0],[112.62541190100001,-7.2603015869999581,0],[112.62540648400011,-7.2603408549999813,0],[112.62540092300003,-7.2603811629999768,0],[112.62539998000011,-7.2603879969999525,0],[112.62539700600007,-7.2604095519999419,0],[112.62539651700001,-7.2604130979999582,0],[112.62539728400009,-7.2604173479999758,0],[112.62540825100007,-7.2604781299999672,0],[112.62540144700006,-7.2604892959999461,0],[112.62538289500003,-7.2605197449999537,0],[112.62536492600009,-7.2605492379999532,0],[112.62534808700002,-7.2605768749999697,0],[112.62532059900002,-7.2606219909999368,0],[112.62529316900009,-7.2606720599999335,0],[112.62529013100004,-7.2606776049999553,0],[112.62520777500004,-7.2606951259999732,0],[112.62513691200002,-7.2607106909999288,0],[112.62505495300002,-7.260685131999935,0],[112.62504662000003,-7.2606825329999651,0],[112.62501891000011,-7.260673891999943,0],[112.62499500800004,-7.2606681159999766,0],[112.62486768200006,-7.2605995089999738,0],[112.62474553400011,-7.2605296569999496,0],[112.62466601600011,-7.2604919299999437,0],[112.62455190100002,-7.2604377889999796,0],[112.62453961000006,-7.2604319569999802,0],[112.62445144700007,-7.2603901279999263,0],[112.62443908500006,-7.2603869299999815,0],[112.62431553200008,-7.2603549719999592,0],[112.6243010820001,-7.260351233999927,0],[112.62428977000002,-7.260347731999957,0],[112.62408938400006,-7.2602857009999298,0],[112.62405193900008,-7.2602751849999549,0],[112.62388389400007,-7.2602279899999758,0],[112.62386820000006,-7.2602235819999805,0],[112.62385076500004,-7.2602186859999733,0],[112.62381502200003,-7.2602086479999457,0],[112.62379060900003,-7.2602017919999753,0],[112.62375123100003,-7.2601905069999475,0],[112.62374495000006,-7.2601887069999407,0],[112.62374388900002,-7.2601884029999724,0],[112.62373557400008,-7.2601860199999351,0],[112.62369056000011,-7.2601731199999335,0],[112.62367275500003,-7.2601680179999448,0],[112.62366806200009,-7.2601666729999579,0],[112.62361520600007,-7.2601515259999587,0],[112.62352641900009,-7.2601260819999425,0],[112.62352550000003,-7.2601258189999385,0],[112.6235249560001,-7.2601256629999398,0],[112.62351751000006,-7.2601235289999408,0],[112.62351658500006,-7.260123263999958,0],[112.62350388400012,-7.2601196239999695,0],[112.62349071300002,-7.2601158499999769,0],[112.62344494800004,-7.2601027349999754,0],[112.62341705200004,-7.2600875359999577,0],[112.62333592800007,-7.2600433349999776,0],[112.62331171500011,-7.2600285909999798,0],[112.62328395100008,-7.2600116839999487,0],[112.62326648600003,-7.2600010489999249,0],[112.62325720800004,-7.2599953989999335,0],[112.62320342700002,-7.2599415899999258,0],[112.62319731900004,-7.2599354789999779,0],[112.6231867780001,-7.2599249319999331,0],[112.62316604500006,-7.2599224529999447,0],[112.62313637200009,-7.2599122649999686,0],[112.62313294,-7.2599110869999777,0],[112.62313143200004,-7.2599104279999551,0],[112.62310198500006,-7.2598975609999457,0],[112.62307634800004,-7.2598835739999572,0],[112.62306669600002,-7.2598783079999407,0],[112.62305718500011,-7.2598740129999442,0],[112.62303357900009,-7.2598633539999469,0],[112.62302017500008,-7.2598558879999473,0],[112.62301053200008,-7.2598505169999612,0],[112.62299036600007,-7.2598391059999585,0],[112.62298454900008,-7.2598310339999443,0],[112.62297591900006,-7.2598190609999733,0],[112.62295519400004,-7.2597991079999815,0],[112.62291253800004,-7.2597799789999726,0],[112.62286251600005,-7.2597575459999462,0],[112.62285137100002,-7.2597525479999376,0],[112.62281756600009,-7.2597417209999549,0],[112.62280173800002,-7.2597366519999582,0],[112.62280040700011,-7.259736332999978,0],[112.62277874400002,-7.259731148999947,0],[112.62272763600004,-7.2597189169999297,0],[112.62266918600005,-7.2597037429999318,0],[112.62262259400006,-7.2596916459999647,0],[112.6225821590001,-7.2596835919999307,0],[112.62249850700005,-7.259656113999938,0],[112.62243824300003,-7.2596363179999344,0],[112.6223746710001,-7.2596138169999449,0],[112.62230746700004,-7.2595939459999386,0],[112.62230271800001,-7.2595925419999503,0],[112.6222559470001,-7.2595783549999737,0],[112.62222353400011,-7.2595593309999344,0],[112.62222188900012,-7.2595569829999249,0],[112.62221245600006,-7.2595435229999339,0],[112.62219343100003,-7.2595163739999293,0],[112.62217653200003,-7.2594805479999422,0],[112.62216923300002,-7.2594494719999716,0],[112.62216914400005,-7.2594245649999607,0],[112.62216911100006,-7.2594153549999305,0],[112.62216908700009,-7.2594088009999496,0],[112.62215455700004,-7.2593657879999682,0],[112.62211655700003,-7.2593464289999474,0],[112.62211252400004,-7.2593443739999657,0],[112.62209555000004,-7.2593387569999663,0],[112.62199250900005,-7.2593046619999768,0],[112.62196897600006,-7.2592958579999731,0],[112.62194754900008,-7.2592875319999735,0],[112.62193295500003,-7.2592818609999767,0],[112.62192601300001,-7.2592791629999738,0],[112.62190491700005,-7.2592709659999741,0],[112.62183582600005,-7.2592460919999553,0],[112.62176961200009,-7.2592219259999524,0],[112.62169044800009,-7.2591942169999584,0],[112.62168042900009,-7.2591896349999274,0],[112.62165928000002,-7.2591799629999514,0],[112.62162405900006,-7.2591638569999759,0],[112.62150789400005,-7.2590847479999638,0],[112.62150764300009,-7.2590844919999427,0],[112.62150271200005,-7.259079465999946,0],[112.62141519600004,-7.2589902509999433,0],[112.62141247900001,-7.2589874819999523,0],[112.62132275900001,-7.2589339349999591,0],[112.62131538900007,-7.2589295359999255,0],[112.62126554000008,-7.2589032919999568,0],[112.62123556600011,-7.2588875099999655,0],[112.62116008500004,-7.2588447459999657,0],[112.62109577700005,-7.2588057889999504,0],[112.6210844420001,-7.2587989219999258,0],[112.62089659000003,-7.2586851219999744,0],[112.62085737100006,-7.2586613769999531,0],[112.62072201500007,-7.2585794259999261,0],[112.6206584140001,-7.2585460459999354,0],[112.62054749400011,-7.2584878329999469,0],[112.62049197900001,-7.2584583759999646,0],[112.62040978800007,-7.2584154849999436,0],[112.62035115700007,-7.2583728099999689,0],[112.62033245000009,-7.2583623429999307,0],[112.62030008800002,-7.2583442359999708,0],[112.62027894900007,-7.2583336499999405,0],[112.62016833600001,-7.2583051219999675,0],[112.62013445100001,-7.2582963829999585,0],[112.62013219400001,-7.2582958009999743,0],[112.6201157160001,-7.2582915509999566,0],[112.62000925900008,-7.2582640949999586,0],[112.61990840700003,-7.2582310209999719,0],[112.6198816320001,-7.2582222399999523,0],[112.6197781190001,-7.2581873929999574,0],[112.61971048800001,-7.2581646259999388,0],[112.61960198500003,-7.2581269019999581,0],[112.6195344680001,-7.2581034279999699,0],[112.61950120400002,-7.2580918619999579,0],[112.61943782000003,-7.2580719359999648,0],[112.61942952300001,-7.2580723749999265,0],[112.61941760800005,-7.2580730049999715,0],[112.61932901400007,-7.2580268799999317,0],[112.61930254200001,-7.2580130979999353,0],[112.61922272400011,-7.2579768709999257,0],[112.61903437100011,-7.2578983059999587,0],[112.61894525100001,-7.2578611319999595,0],[112.61891141700005,-7.2578470189999393,0],[112.61887613700003,-7.2578586999999288,0],[112.61886921200005,-7.2578609929999516,0],[112.6188646600001,-7.2578624999999306,0],[112.6188626600001,-7.2578631619999783,0],[112.61884280400011,-7.2578697359999751,0],[112.61884093600008,-7.2578690389999565,0],[112.6188366240001,-7.2578674309999656,0],[112.61883478900006,-7.25786674699998,0],[112.61883065000006,-7.2578652029999375,0],[112.61882339600004,-7.2578624979999518,0],[112.61881926100011,-7.257860955999945,0],[112.61881261400003,-7.2578584769999566,0],[112.61881255500009,-7.2578584549999619,0],[112.61881249600003,-7.2578584329999671,0],[112.61880186900009,-7.2578550179999297,0],[112.6187965360001,-7.2578533039999797,0],[112.61879155300005,-7.2578517029999716,0],[112.61875371200006,-7.2578395419999424,0],[112.61873413700005,-7.2578332509999655,0],[112.61869192500001,-7.257819685999948,0],[112.61867189000009,-7.257813247999934,0],[112.61865951800007,-7.2578092719999745,0],[112.61858670200002,-7.2577812309999672,0],[112.61843665700007,-7.2577420699999493,0],[112.61843537000004,-7.2577417339999784,0],[112.61838757100008,-7.2577284189999318,0],[112.61834358600004,-7.2577191309999307,0],[112.61831718100007,-7.2576919039999552,0],[112.6183074600001,-7.2576536589999705,0],[112.61830745400005,-7.2576520599999412,0],[112.61830733700003,-7.2576193469999453,0],[112.61830733300008,-7.2576181549999319,0],[112.6183071800001,-7.2575751869999294,0],[112.61830510600009,-7.2575311739999506,0],[112.61828956700003,-7.2574738099999649,0],[112.6182748120001,-7.2574446019999641,0],[112.61826640300001,-7.2574279569999476,0],[112.6182586540001,-7.2574050169999396,0],[112.61826612900006,-7.2573513999999477,0],[112.61827932000006,-7.2572881919999759,0],[112.61830208100002,-7.2572211219999758,0],[112.61830957000006,-7.2571713319999276,0],[112.61830768600009,-7.2571613719999277,0],[112.61829980200002,-7.2571196889999783,0],[112.61828622100006,-7.2570738029999688,0],[112.6182763700001,-7.256999192999956,0],[112.6182761450001,-7.2569360329999313,0],[112.61827585700007,-7.2568556469999521,0],[112.61828885000011,-7.2567369349999353,0],[112.61830537300011,-7.2566580079999312,0],[112.6183076960001,-7.2566469109999616,0],[112.61831707400006,-7.2565894589999402,0],[112.61833413900001,-7.2565377209999724,0],[112.61836646300003,-7.2564648749999492,0],[112.6183853770001,-7.2563939909999249,0],[112.61840043000007,-7.2563154649999433,0],[112.6183886770001,-7.25624468999996,0],[112.6183865480001,-7.2561853639999754,0],[112.61839109700009,-7.256162222999933,0],[112.61839219500007,-7.256156634999968,0],[112.61841497000012,-7.2560933929999578,0],[112.61842632600008,-7.2560531589999755,0],[112.6184205080001,-7.2560340399999745,0],[112.61838589100012,-7.2560016259999429,0],[112.61834745500005,-7.2559730529999342,0],[112.61835306800003,-7.2559347539999521,0],[112.61835295200001,-7.2559022169999707,0],[112.61836993500003,-7.2558275119999394,0],[112.61837438100008,-7.255807956999945,0],[112.61838125800011,-7.2557777079999255,0],[112.61838680900007,-7.2557221829999321,0],[112.61837806500012,-7.2556914679999522,0],[112.61837596400005,-7.2556840879999527,0],[112.61837590700009,-7.255683888999954,0],[112.61837570500006,-7.2556838349999566,0],[112.61831416200005,-7.2556673489999639,0],[112.61825267300003,-7.2556508779999263,0],[112.61822515200004,-7.2556435059999558,0],[112.61819912400006,-7.2556365339999616,0],[112.61818921300005,-7.2556227609999269,0],[112.61818666000011,-7.2556219309999506,0],[112.6180979290001,-7.2555930949999379,0],[112.61787306300005,-7.2555200179999702,0],[112.6178617810001,-7.2555153459999815,0],[112.6177956140001,-7.2554879479999386,0],[112.61777893400006,-7.2554810409999391,0],[112.61777237100011,-7.2554783229999771,0],[112.61773524200009,-7.2554629489999343,0],[112.61768173500002,-7.2554407929999343,0],[112.61765254800002,-7.2554287069999646,0],[112.61762733500007,-7.2553993839999293,0],[112.61762120200001,-7.2553966779999541,0],[112.61760231900007,-7.2553883459999611,0],[112.61759816200004,-7.2553865119999728,0],[112.61757653300003,-7.2553769679999505,0],[112.61756871300008,-7.2553735169999527,0],[112.61756446300001,-7.2553716419999432,0],[112.61754224100002,-7.2553649009999504,0],[112.61751036400005,-7.2553552319999426,0],[112.61748025300005,-7.2553460979999613,0],[112.61747587000002,-7.2553447689999757,0],[112.61747473300011,-7.2553444239999294,0],[112.61746625900003,-7.255341853999937,0],[112.61746407100009,-7.2553411899999674,0],[112.6174623390001,-7.2553406649999488,0],[112.61741769800005,-7.2553271239999617,0],[112.61740826100004,-7.2553242609999415,0],[112.61739241900011,-7.255331268999953,0],[112.61734492000005,-7.2553193999999621,0],[112.61727256100005,-7.2553013189999547,0],[112.61722242700012,-7.255280599999935,0],[112.61715455600006,-7.2552525509999555,0],[112.61715180400006,-7.2552470979999271,0],[112.61714727100002,-7.2552381179999657,0],[112.61709015000008,-7.2552274439999564,0],[112.61708533300009,-7.2552265439999815,0],[112.61708397500001,-7.2552262899999391,0],[112.61705249200008,-7.2552268889999709,0],[112.61702168900001,-7.2552274749999697,0],[112.61699780000004,-7.2552278229999274,0],[112.61698274800005,-7.255228041999942,0],[112.61697775000005,-7.2552281149999658,0],[112.61687027700009,-7.2551978599999529,0],[112.61686317100009,-7.2551961899999355,0],[112.61685493000004,-7.2551942539999459,0],[112.61682384000005,-7.255186948999949,0],[112.61680729800003,-7.2551830629999472,0],[112.616780027,-7.2551766559999464,0],[112.61661274000005,-7.2551373519999629,0],[112.6166007380001,-7.2551345319999427,0],[112.61659671700011,-7.255133586999932,0],[112.6164407760001,-7.2550969489999488,0],[112.61630622600001,-7.2550653359999728,0],[112.61627035400011,-7.2550569079999718,0],[112.61626250500001,-7.2550550639999756,0],[112.61612644600007,-7.2550230969999348,0],[112.61612195800001,-7.2550220429999399,0],[112.61605213500002,-7.2550056379999432,0],[112.61590375900005,-7.2549707759999364,0],[112.61586355400004,-7.2549534559999529,0],[112.61584006500004,-7.2549433379999755,0],[112.61581306800008,-7.2549383649999299,0],[112.6157953610001,-7.2549351039999692,0],[112.61578912500011,-7.2549339549999559,0],[112.61578684200003,-7.2549335349999637,0],[112.61578298000006,-7.2549336199999743,0],[112.61576039500005,-7.2549341139999797,0],[112.61575848300004,-7.2549341559999334,0],[112.61574152900005,-7.2549345269999321,0],[112.61571750200005,-7.2549362209999799,0],[112.61570509500007,-7.2549370959999351,0],[112.61570354100002,-7.2549372059999655,0],[112.61569620100011,-7.254937722999955,0],[112.61562820500001,-7.2549268449999431,0],[112.6155715000001,-7.2549177739999777,0],[112.61557109700004,-7.2549170809999737,0],[112.61555846500005,-7.2548953749999328,0],[112.61553324400006,-7.2548936969999431,0],[112.61541863000002,-7.254886072999966,0],[112.61539595900001,-7.2548845649999407,0],[112.61539099000004,-7.2548842339999737,0],[112.61536332200001,-7.2548788409999361,0],[112.61524303400006,-7.2548553949999359,0],[112.6152304850001,-7.2548529489999396,0],[112.6152279480001,-7.2548524549999343,0],[112.61523670300005,-7.2548001969999518,0],[112.61524271000008,-7.2547643389999621,0],[112.61524391300009,-7.2547571579999612,0],[112.61524686100006,-7.2547395589999724,0],[112.61524537700006,-7.2547391849999485,0],[112.61524261700004,-7.2547384889999762,0],[112.61514256300006,-7.2547132469999269,0],[112.61509626600002,-7.2547015669999269,0],[112.61506693700005,-7.2546941679999577,0],[112.61490123600004,-7.2546523639999805,0],[112.61489837400006,-7.2546516419999421,0],[112.61469956000008,-7.2545872109999436,0],[112.61467635700001,-7.2545796999999652,0],[112.61466553300011,-7.2545767169999635,0],[112.61465428200006,-7.2545736159999592,0],[112.61459632200001,-7.2545576409999626,0],[112.61458826800003,-7.2545554209999636,0],[112.61452886000006,-7.2545516539999539,0],[112.61450242300009,-7.2545526799999607,0],[112.61449808300006,-7.2545528479999462,0],[112.6144959290001,-7.2545700099999522,0],[112.61449313900005,-7.2545922399999654,0],[112.61449312700006,-7.2545923339999376,0],[112.61449311400008,-7.2545924339999601,0],[112.61449232200005,-7.2545987459999424,0],[112.61449195200009,-7.254601690999948,0],[112.61444127900006,-7.254599341999949,0],[112.61439536300009,-7.2545972129999541,0],[112.61432307400003,-7.2546005109999783,0],[112.61431386900006,-7.2546009309999704,0],[112.61431280500005,-7.2546009789999744,0],[112.61425839100002,-7.2546086939999554,0],[112.61420570600001,-7.2546277819999432,0],[112.61414665300003,-7.2546511289999671,0],[112.61412325100002,-7.254660380999951,0],[112.61412001200006,-7.2546602329999814,0],[112.61409379100007,-7.2546590389999324,0],[112.61406717900002,-7.2546437029999424,0],[112.61405067800001,-7.2546201359999714,0],[112.61404921100007,-7.2546144389999654,0],[112.61404137400007,-7.2545840049999697,0],[112.61404282700005,-7.2545668339999452,0],[112.61404315100003,-7.2545630009999513,0],[112.61404316200003,-7.2545628679999368,0],[112.61404317800009,-7.2545626829999605,0],[112.61404621600002,-7.2545267699999272,0],[112.6140573030001,-7.2543563609999637,0],[112.61405691200002,-7.2543517769999539,0],[112.6140533680001,-7.2543102479999675,0],[112.61404969300008,-7.2542671899999505,0],[112.6140492400001,-7.2542618829999697,0],[112.61401552600012,-7.2540151259999561,0],[112.61400006500003,-7.2537770489999502,0],[112.6139912110001,-7.2537068539999723,0],[112.61398960100007,-7.2536940889999642,0],[112.61397738300002,-7.253597215999946,0],[112.61395684800004,-7.2534370029999309,0],[112.61395473500011,-7.2534205189999739,0],[112.6139545420001,-7.253419011999938,0],[112.61395273900007,-7.2534049489999575,0],[112.61395285200001,-7.2531951219999655,0],[112.6139528650001,-7.2531714439999746,0],[112.61395717500011,-7.2531274269999813,0],[112.61396281300006,-7.2530698429999347,0],[112.61399130000007,-7.2528956359999484,0],[112.61399152900003,-7.2528942369999641,0],[112.6139961990001,-7.2528656769999316,0],[112.61400308600003,-7.2528235629999358,0],[112.61400381500005,-7.252819107999926,0],[112.61406961900002,-7.2526761479999777,0],[112.61408916100004,-7.2525590699999611,0],[112.6141238780001,-7.2525454469999318,0],[112.61412565700005,-7.2525452569999516,0],[112.61413146000007,-7.2525446379999607,0],[112.61415784100006,-7.252541823999934,0],[112.61416335100012,-7.2525412359999564,0],[112.61416724200001,-7.2525269419999745,0],[112.61417858000004,-7.2524852889999352,0],[112.61418923200006,-7.2524461569999517,0],[112.61419223100006,-7.2524351399999318,0],[112.61419978700008,-7.252407380999955,0],[112.61421506500005,-7.2523612949999574,0],[112.61424446700005,-7.2522726009999587,0],[112.61428888000012,-7.2521340569999779,0],[112.61429694100002,-7.2521134739999411,0],[112.61431668400007,-7.2520630619999338,0],[112.61431993400004,-7.2520547629999328,0],[112.61432537500002,-7.2520353619999582,0],[112.61437698000009,-7.2518513359999588,0],[112.61438041500003,-7.2518390849999719,0],[112.61442322900007,-7.2516864099999339,0],[112.61444950600003,-7.2515927049999505,0],[112.6144578740001,-7.2515668599999685,0],[112.61446521900007,-7.2515441749999354,0],[112.61447023200003,-7.2515286939999442,0],[112.61449370500009,-7.2514561979999712,0],[112.61450393200005,-7.2514246099999582,0],[112.61450783400005,-7.2514125599999488,0],[112.61451571100008,-7.2513882329999433,0],[112.61453060200006,-7.2513422399999286,0],[112.61453325900004,-7.2513338469999553,0],[112.61453510300009,-7.2513280239999744,0],[112.61453664300006,-7.2513231579999342,0],[112.61453670700007,-7.2513231739999355,0],[112.61453677000009,-7.2513231889999474,0],[112.61454492300004,-7.2512980079999352,0],[112.61456778400009,-7.2512274009999373,0],[112.61458043800008,-7.2511883199999261,0],[112.61458487800007,-7.251174606999939,0],[112.61461949600005,-7.2510676879999778,0],[112.61462291200007,-7.2510571379999647,0],[112.61463927400007,-7.2510066029999507,0],[112.61464539400004,-7.2509877009999286,0],[112.61465073700003,-7.2509712009999703,0],[112.61464249300002,-7.2509689079999475,0],[112.61463145000005,-7.250965836999967,0],[112.61462905700012,-7.2509651709999616,0],[112.61461836900003,-7.2509621979999679,0],[112.61444497000002,-7.2509139699999423,0],[112.61438969400001,-7.2508985959999563,0],[112.61435166700005,-7.2508880199999339,0],[112.61430341200003,-7.2508757669999682,0],[112.61427830400009,-7.25086939199997,0],[112.61427732800007,-7.250869143999978,0],[112.61415753600011,-7.250869568999974,0],[112.61415493900006,-7.2508698289999529,0],[112.61412673700011,-7.2508726559999559,0],[112.61412613800007,-7.2508727159999466,0],[112.61401859300008,-7.250883493999936,0],[112.61398400400003,-7.2508869609999351,0],[112.61393480000004,-7.2508918929999595,0],[112.6139336330001,-7.2508919599999331,0],[112.61393330900012,-7.2508919789999595,0],[112.61388040100007,-7.2508950229999414,0],[112.61384617200008,-7.2508969919999799,0],[112.61377618000006,-7.2508845409999481,0],[112.61376613200002,-7.2508827539999743,0],[112.61374068700002,-7.2508782269999301,0],[112.61372219300006,-7.250872951999952,0],[112.61371670200003,-7.2508713859999716,0],[112.61369761300011,-7.2508659419999617,0],[112.61364955200008,-7.2508522339999786,0],[112.61360692800008,-7.250841151999964,0],[112.61352245300009,-7.2508191899999588,0],[112.61339533800003,-7.2507813619999411,0],[112.61326341400002,-7.2507387659999267,0],[112.61319036700002,-7.2507117629999698,0],[112.61318437700004,-7.2507095489999642,0],[112.6132022590001,-7.2506460239999342,0],[112.6132323490001,-7.2505391339999505,0],[112.61324836800009,-7.250482227999953,0],[112.61324906600009,-7.2504797489999646,0],[112.6132494520001,-7.2504772309999339,0],[112.61325012100008,-7.2504728699999532,0],[112.61325683500002,-7.2504291069999454,0],[112.61323747100005,-7.2503736709999771,0],[112.61321388300007,-7.2503280469999254,0],[112.61313463300007,-7.2502756939999813,0],[112.6130686030001,-7.2502352559999395,0],[112.61301938600002,-7.2502067209999268,0],[112.61295575600002,-7.2501674719999301,0],[112.61291814000003,-7.250139254999965,0],[112.61291131400003,-7.2501341349999393,0],[112.61287161700011,-7.2500876229999562,0],[112.6128648780001,-7.2500757589999694,0],[112.61285158200008,-7.2500523489999296,0],[112.61284991800005,-7.2500494199999252,0],[112.61284805500009,-7.2500442089999524,0],[112.61282813900004,-7.2499884889999748,0],[112.61282403100006,-7.2499730729999783,0],[112.61280871300005,-7.2499155879999648,0],[112.61279817900004,-7.2498961509999731,0],[112.61279769300006,-7.2498952539999664,0],[112.61278218400003,-7.2498666369999683,0],[112.61274938000008,-7.2498343079999472,0],[112.61274450500002,-7.2498243149999553,0],[112.61273326200001,-7.249801267999942,0],[112.61272249900003,-7.2497913089999315,0],[112.61271219800005,-7.2497741649999625,0],[112.61270910200005,-7.2497690129999341,0],[112.61270264700011,-7.2497582699999725,0],[112.61269181000011,-7.2497402359999796,0],[112.61266054500004,-7.2497068529999638,0],[112.61264011600008,-7.2496889819999524,0],[112.61261491300002,-7.2496759129999759,0],[112.61258856200004,-7.2496650159999376,0],[112.61254941400011,-7.2496597709999264,0],[112.61254198500001,-7.2496587759999329,0],[112.61251505000007,-7.249655167999947,0],[112.61242234800011,-7.2496427489999746,0],[112.61242102300002,-7.2496425709999812,0],[112.61241531900009,-7.2496418069999322,0],[112.61240155200005,-7.249639962999936,0],[112.61232441000004,-7.2496408609999321,0],[112.61232344500002,-7.2496408719999295,0],[112.61232237600007,-7.2496408839999731,0],[112.61224253700004,-7.2496418119999362,0],[112.61223976800011,-7.2496423399999799,0],[112.61217280400001,-7.2496550999999272,0],[112.61214131000008,-7.2496611009999583,0],[112.61211195200008,-7.249658219999958,0],[112.61208839900007,-7.249655908999955,0],[112.6120717550001,-7.2496542759999443,0],[112.61206013600008,-7.249651599999936,0],[112.61205877200007,-7.2496512859999598,0],[112.61204199200006,-7.2496474199999739,0],[112.61201502400002,-7.2496412069999678,0],[112.61201182000002,-7.2496404689999281,0],[112.61196297600009,-7.2496292159999598,0],[112.61178698700007,-7.2495886719999589,0],[112.61176118100002,-7.2495827269999609,0],[112.61147587100004,-7.2495183989999532,0],[112.61116709100008,-7.2494487789999766,0],[112.6111399560001,-7.2494426609999323,0],[112.61110898100003,-7.2494356769999513,0],[112.61109898400002,-7.2494334229999708,0],[112.61108795600001,-7.2494309369999428,0],[112.61100602200008,-7.2494124629999419,0],[112.6109458520001,-7.2493840899999782,0],[112.61092347700003,-7.2493735389999756,0],[112.61090443500007,-7.2493673469999749,0],[112.6108886080001,-7.2493622009999399,0],[112.61085514300009,-7.2493513199999597,0],[112.61074900500012,-7.2493255689999501,0],[112.61073422300001,-7.2493219829999589,0],[112.61073171800001,-7.2493213749999654,0],[112.61070295600007,-7.2493143969999778,0],[112.61062253400007,-7.2492948839999372,0],[112.610570671,-7.249284558999932,0],[112.61053638400006,-7.2492777329999285,0],[112.61045438000008,-7.249261406999949,0],[112.61017855400007,-7.2491845919999491,0],[112.61014790800004,-7.249172529999953,0],[112.61007483500009,-7.2491437679999535,0],[112.6100501200001,-7.2491340399999444,0],[112.61002962300006,-7.2491259729999342,0],[112.61002283700009,-7.2491241079999327,0],[112.60999089100005,-7.24911532699997,0],[112.60982015000002,-7.2490683969999736,0],[112.60978022200004,-7.2490574219999644,0],[112.60966103900012,-7.2490209079999772,0],[112.6096474520001,-7.249016744999949,0],[112.60963068500007,-7.2490084479999268,0],[112.60961289700003,-7.249004455999966,0],[112.60957943400001,-7.2489969469999664,0],[112.6094812,-7.2489749039999651,0],[112.60948877300007,-7.248950069999978,0],[112.60941732500009,-7.2489332709999417,0],[112.60926137900003,-7.2488966039999809,0],[112.60921633400005,-7.2488877729999786,0],[112.60916960400004,-7.2488786119999418,0],[112.6091342090001,-7.2488716729999396,0],[112.60911852400011,-7.2488685979999445,0],[112.60910941600002,-7.2488668119999602,0],[112.60903548500005,-7.2488523189999796,0],[112.60900367400006,-7.2488460829999326,0],[112.60897072000012,-7.24884403599998,0],[112.60895473500011,-7.2488430429999653,0],[112.60891340900002,-7.2488405359999319,0],[112.60883554700001,-7.2488233499999524,0],[112.60878883300006,-7.2488130389999696,0],[112.60877957800005,-7.2488103359999627,0],[112.60875709600009,-7.2488037689999487,0],[112.60874357200009,-7.2487998189999416,0],[112.60869028600007,-7.2487842549999755,0],[112.60868261300004,-7.2487820139999712,0],[112.60868181100011,-7.2487817799999448,0],[112.60868094400007,-7.2487815269999487,0],[112.60866528600002,-7.2487769529999468,0],[112.60865948600008,-7.2487748779999492,0],[112.60865503800005,-7.2487732869999491,0],[112.60864983400006,-7.2487714249999726,0],[112.60863180300009,-7.2487649749999719,0],[112.6086098830001,-7.2487571329999696,0],[112.60860708300004,-7.2487561319999259,0],[112.60857023400001,-7.2487429499999507,0],[112.60853754600009,-7.2487312569999744,0],[112.6085164540001,-7.2487237119999577,0],[112.60850228000004,-7.2487186409999254,0],[112.60849440700008,-7.2487158239999303,0],[112.60847945900002,-7.2487104769999746,0],[112.60846700200011,-7.2487060209999754,0],[112.60846362100006,-7.248704810999925,0],[112.60831721600005,-7.2486524389999545,0],[112.60830666700008,-7.248648664999962,0],[112.60830329800001,-7.2486474599999724,0],[112.60829240300006,-7.248643561999927,0],[112.60829229900003,-7.2486435249999772,0],[112.60829219400011,-7.2486434879999706,0],[112.60829124700001,-7.2485313009999572,0],[112.60829101200011,-7.2485034139999698,0],[112.60829079000007,-7.2484845299999279,0],[112.60828964000007,-7.2483866659999308,0],[112.60829435700009,-7.2483002969999575,0],[112.60829727900011,-7.2482467849999352,0],[112.60830059500006,-7.2481860719999531,0],[112.60830223800008,-7.2481559869999614,0],[112.60816214900001,-7.2481126889999814,0],[112.60811243800003,-7.2480973249999465,0],[112.60785487200008,-7.2480264619999275,0],[112.60762590200011,-7.2479603019999672,0],[112.60750109800006,-7.2482724029999304,0],[112.6073603100001,-7.2482060749999278,0],[112.60719056100004,-7.2481715059999487,0],[112.60716061100004,-7.2482385049999607,0],[112.60714844300003,-7.2482654409999441,0],[112.60712423900009,-7.2483190209999293,0],[112.60706456000003,-7.2484713929999316,0],[112.6070350760001,-7.2485492519999752,0],[112.6070212410001,-7.2485857869999677,0],[112.606971595,-7.2487413359999664,0],[112.60697098300011,-7.2487432519999402,0],[112.60696656800008,-7.2487570839999762,0],[112.60696477400006,-7.2487627059999795,0],[112.6069470860001,-7.2488047369999435,0],[112.60678972800008,-7.2487523719999558,0],[112.60676451400002,-7.2487439809999614,0],[112.60675882300006,-7.2487420869999255,0],[112.60667131600007,-7.2487129669999604,0],[112.60660647300006,-7.24869138899993,0],[112.60660131700001,-7.2487113709999562,0],[112.60659324100004,-7.2487426719999348,0],[112.60659274700004,-7.248744586999976,0],[112.60657119900009,-7.2488280999999688,0],[112.60654032500008,-7.2489047679999317,0],[112.60650030300008,-7.2489354139999591,0],[112.60647596100011,-7.2489965079999479,0],[112.60668674500005,-7.2490746979999585,0],[112.60684304200004,-7.2491326759999311,0],[112.6068147950001,-7.2492032419999646,0],[112.60679706900009,-7.2492475229999513,0],[112.6067964020001,-7.2492490089999251,0],[112.60674905200005,-7.2493545159999258,0],[112.60673739200001,-7.2494443399999682,0],[112.60672121200002,-7.2495434459999615,0],[112.60669996200011,-7.2496318029999429,0],[112.60669721400006,-7.2496363179999435,0],[112.60667566600011,-7.2496717239999384,0],[112.60666204100005,-7.2496807439999316,0],[112.60664480200001,-7.249683675999961,0],[112.6065749280001,-7.2496726779999676,0],[112.60651860000007,-7.24966569999998,0],[112.60649828300006,-7.249662156999932,0],[112.60646346100009,-7.2496560849999696,0],[112.60642574800011,-7.2496523259999321,0],[112.60642104300007,-7.2496530649999613,0],[112.60640084500005,-7.2496562419999577,0],[112.60637022200001,-7.2496687909999764,0],[112.60633069400001,-7.2496925359999409,0],[112.60631729800002,-7.2497304019999547,0],[112.60627989600005,-7.2498245579999434,0],[112.60625171600009,-7.2498838709999518,0],[112.60618856400004,-7.2500132879999342,0],[112.60616337900001,-7.2500757579999799,0],[112.60616227000003,-7.2500785079999446,0],[112.60614973300005,-7.2501096029999417,0],[112.60614599600001,-7.2501191699999481,0],[112.60609176100002,-7.2502580199999329,0],[112.6060827770001,-7.250281020999978,0],[112.60608214800004,-7.2503065029999334,0],[112.60607884500007,-7.2503151379999622,0],[112.60603692600012,-7.2504247309999528,0],[112.60598381300008,-7.2505472939999436,0],[112.60596639400001,-7.2506011859999262,0],[112.60594797100009,-7.250675896999951,0],[112.60592095900006,-7.2507606859999783,0],[112.6059138170001,-7.2507736299999692,0],[112.60589658700007,-7.2507794329999342,0],[112.6057929860001,-7.2507528669999601,0],[112.60563919800006,-7.2507162309999558,0],[112.60560836100001,-7.2507088849999377,0],[112.60560391700005,-7.2507078259999389,0],[112.60560927200004,-7.2506931009999676,0],[112.605619993,-7.2506636169999297,0],[112.60563490000004,-7.2506226239999592,0],[112.60567684200009,-7.2505072839999798,0],[112.60567865900009,-7.2505022869999607,0],[112.60555921000002,-7.2504666369999313,0],[112.60549133800009,-7.2504463799999712,0],[112.60547304700003,-7.2504399859999467,0],[112.60545001700007,-7.2504319349999378,0],[112.60537547400008,-7.2504058779999809,0],[112.60536294600001,-7.2504013829999394,0],[112.60536289800007,-7.2504013659999487,0],[112.60534351300009,-7.2503944099999558,0],[112.60528686200007,-7.2503740819999507,0],[112.60527148100005,-7.2503685629999381,0],[112.60527750000006,-7.2503418539999416,0],[112.60528034900005,-7.2503292119999401,0],[112.60528158600005,-7.2503237249999302,0],[112.60528386500005,-7.2503136119999567,0],[112.60527170500006,-7.2503097099999536,0],[112.60526576000007,-7.2503078029999415,0],[112.60524722200012,-7.2503018549999751,0],[112.6052421820001,-7.2503002379999657,0],[112.6052202410001,-7.2502931979999516,0],[112.60519915000009,-7.2502864309999495,0],[112.6051997830001,-7.2502836729999558,0],[112.60520422900004,-7.2502643069999522,0],[112.60520641800008,-7.2502554809999538,0],[112.60520661500004,-7.250254684999959,0],[112.60520737400009,-7.2502516239999295,0],[112.60520915100005,-7.2502444599999762,0],[112.60520939800006,-7.250243462999947,0],[112.60521649200007,-7.2502148619999502,0],[112.6052304640001,-7.2501585289999753,0],[112.60523925000007,-7.2501231059999327,0],[112.6052454930001,-7.2500979329999495,0],[112.60524910300001,-7.2500833769999531,0],[112.60525099200004,-7.2500757589999694,0],[112.60525757100004,-7.2500492319999807,0],[112.60528737600009,-7.249929065999936,0],[112.60517298500008,-7.2498893999999723,0],[112.60512579200008,-7.2498730359999399,0],[112.60512089000008,-7.2498713359999556,0],[112.60504219000006,-7.2498437719999629,0],[112.60502302500004,-7.2498370599999475,0],[112.60488389400007,-7.2497883319999801,0],[112.60487301600006,-7.2497845219999704,0],[112.60485547200005,-7.2497777179999616,0],[112.60471464200009,-7.2497230969999578,0],[112.60470771400003,-7.2497204099999522,0],[112.60459348000006,-7.2496761039999456,0],[112.60458516100005,-7.2496728769999663,0],[112.60455900600004,-7.2496627329999797,0],[112.60455192600011,-7.2496599869999727,0],[112.60453921400006,-7.2496550569999272,0],[112.60453697500009,-7.2496541889999548,0],[112.6045366620001,-7.2496540649999588,0],[112.60452985500001,-7.2496513739999386,0],[112.60452606300009,-7.2496498749999319,0],[112.60450455300008,-7.2496413709999388,0],[112.60449179900002,-7.2496363289999408,0],[112.60447093000005,-7.2496280779999438,0],[112.60446230700006,-7.2496246689999566,0],[112.60442635000004,-7.2496104539999351,0],[112.6044175510001,-7.2496069749999492,0],[112.60441221600001,-7.2496048659999701,0],[112.60441158600008,-7.2496064189999743,0],[112.60441140400007,-7.2496068689999333,0],[112.60441033500001,-7.2496095039999773,0],[112.60440960700009,-7.2496112999999696,0],[112.60440575500002,-7.2496207979999667,0],[112.6043951150001,-7.2496470339999632,0],[112.60437858500006,-7.2496419549999587,0],[112.60434867900005,-7.2496327649999444,0],[112.60415648900005,-7.2495737069999677,0],[112.60413032300005,-7.2495656669999562,0],[112.60413206600003,-7.2495590099999276,0],[112.60413993800012,-7.249528937999969,0],[112.60416575300007,-7.2494303259999811,0],[112.60418386400011,-7.2493611439999768,0],[112.60422426900004,-7.2492067989999782,0],[112.60422802000005,-7.2491924699999686,0],[112.60423326800003,-7.2490923369999791,0],[112.60423595700001,-7.2490410269999757,0],[112.60423619300002,-7.2490365159999328,0],[112.60423650200005,-7.2490306169999599,0],[112.60424417900003,-7.2488841349999689,0],[112.60413860900007,-7.248884506999957,0],[112.60408411600008,-7.2488882489999469,0],[112.6039733340001,-7.2488958569999795,0],[112.60391221500004,-7.2488888949999364,0],[112.60391086100003,-7.248775984999952,0],[112.60391058000005,-7.2487525029999347,0],[112.603907531,-7.2484981959999573,0],[112.6039039420001,-7.2481988499999375,0],[112.60390201900009,-7.2480384059999778,0],[112.60384394300002,-7.2480054139999766,0],[112.60370239600002,-7.2479250029999776,0],[112.60368957200001,-7.2479177179999397,0],[112.6036734490001,-7.2479081489999544,0],[112.60334816400007,-7.2477150829999459,0],[112.60328468600005,-7.2476507099999594,0],[112.60327124500009,-7.2476095999999757,0],[112.60325992100002,-7.2475749649999557,0],[112.60325562100002,-7.2475618129999475,0],[112.60324820500011,-7.2475338419999389,0],[112.60319797500006,-7.2473443919999454,0],[112.60319216300002,-7.2473224699999719,0],[112.60318078400007,-7.2473191749999728,0],[112.60309935700002,-7.2472955969999475,0],[112.60283625400007,-7.2472194119999358,0],[112.60270864100005,-7.2471760799999743,0],[112.60257836100004,-7.2471190439999305,0],[112.60257690500009,-7.2471184069999595,0],[112.60245641900008,-7.2470587789999286,0],[112.6024516220001,-7.2470564049999666,0],[112.60240241500003,-7.24702943799997,0],[112.60237744700009,-7.2470157549999499,0],[112.60235322000005,-7.2469975239999371,0],[112.60227871400002,-7.2469414569999344,0],[112.60223404300007,-7.2469107519999625,0],[112.6022152590001,-7.2468835439999566,0],[112.60222446300008,-7.2468641799999318,0],[112.60204677200011,-7.2467307409999648,0],[112.60200667900006,-7.2467006319999427,0],[112.60198814400007,-7.2466867129999741,0],[112.6019847120001,-7.2466836499999658,0],[112.60188720000008,-7.2465966329999674,0],[112.60185455800001,-7.2465575729999614,0],[112.60184533500001,-7.2465465379999614,0],[112.60182792100011,-7.2464949779999301,0],[112.6018139470001,-7.2464536019999741,0],[112.60180901700005,-7.2464390049999565,0],[112.60178289900011,-7.2463701929999615,0],[112.60178789100007,-7.2463188239999567,0],[112.60179157000005,-7.2462809739999443,0],[112.60179307100009,-7.2462655259999451,0],[112.60179410900002,-7.2462564169999268,0],[112.60179483500008,-7.2462500409999393,0],[112.60184446500011,-7.2461912209999468,0],[112.60185937300002,-7.2461735529999487,0],[112.60189603600008,-7.2461387879999393,0],[112.60198473500009,-7.2460546839999438,0],[112.6020050190001,-7.2460318839999331,0],[112.6021077690001,-7.2459549629999742,0],[112.60216935400001,-7.2458995049999544,0],[112.60225010900001,-7.2458267829999272,0],[112.60230928800001,-7.2457595849999734,0],[112.6023424120001,-7.245720897999945,0],[112.60236846100008,-7.2456904729999678,0],[112.60243331600009,-7.2456022009999401,0],[112.60248289900005,-7.2455312089999779,0],[112.60253446600007,-7.2454793499999255,0],[112.60257252100007,-7.245466199999953,0],[112.60260721100008,-7.2454542119999701,0],[112.60271069000009,-7.2454481049999799,0],[112.60279310600004,-7.2454478149999773,0],[112.60282789600001,-7.2454514519999407,0],[112.60298470200007,-7.2454580819999705,0],[112.6029964060001,-7.2454585769999653,0],[112.60302437200005,-7.2454597599999602,0],[112.60331418200008,-7.2454720149999616,0],[112.6033142120001,-7.2454720159999511,0],[112.60330789300008,-7.2454213069999582,0],[112.60329093100006,-7.2452851809999288,0],[112.60328967900011,-7.2452751369999646,0],[112.60331186800011,-7.2451138159999573,0],[112.60332317500001,-7.2448977589999686,0],[112.60333977500011,-7.2448128369999267,0],[112.60335693600007,-7.2447496109999747,0],[112.60335764600006,-7.2447471119999705,0],[112.60338351200005,-7.2446560769999451,0],[112.60338888900003,-7.2446371509999494,0],[112.60341491500003,-7.2445510999999669,0],[112.60342096700003,-7.2445310909999421,0],[112.60342611700003,-7.2445140619999506,0],[112.60346574500011,-7.2443871099999342,0],[112.60351872900003,-7.2442505959999721,0],[112.6035423510001,-7.2442026459999624,0],[112.60356810500002,-7.244165627999962,0],[112.60357261700005,-7.2441591429999335,0],[112.60359455200012,-7.2441194759999803,0],[112.60363982400008,-7.2440376059999494,0],[112.60372456100004,-7.2438418149999393,0],[112.60374091400001,-7.2437998399999515,0],[112.60375183800011,-7.2437718029999587,0],[112.60375453900008,-7.2437641469999789,0],[112.60377641300011,-7.2437021509999795,0],[112.60377689100005,-7.2436976009999512,0],[112.6037799070001,-7.2436688899999808,0],[112.60378446600009,-7.2436254919999783,0],[112.60379267700011,-7.2435907509999424,0],[112.60379842300006,-7.2435664409999276,0],[112.6038148240001,-7.2435194799999749,0],[112.60384088700005,-7.2434542689999262,0],[112.60389459800001,-7.2433272009999428,0],[112.60391021300006,-7.2432902589999344,0],[112.60395260500002,-7.2432247139999504,0],[112.60398115100008,-7.2431843279999271,0],[112.60402630200008,-7.2431450029999382,0],[112.60406155700002,-7.2431199139999762,0],[112.60414388400011,-7.2430610129999309,0],[112.6042506980001,-7.2429718739999771,0],[112.60432415200012,-7.2429889729999672,0],[112.6043546300001,-7.2429871429999366,0],[112.60435826600008,-7.2429869249999683,0],[112.60436207400005,-7.2429845589999786,0],[112.60441030000004,-7.2429545949999579,0],[112.60456454200005,-7.2427966829999377,0],[112.60462860000007,-7.2427266569999347,0],[112.60463425300009,-7.2427204769999776,0],[112.60463829500009,-7.2427160589999744,0],[112.60463846500011,-7.2427159339999321,0],[112.60469608800008,-7.2426734229999283,0],[112.60469611000008,-7.2426733979999653,0],[112.6047180270001,-7.2426481629999557,0],[112.60472143400011,-7.2426442399999473,0],[112.6047341850001,-7.242629557999976,0],[112.60476592700002,-7.2425930099999505,0],[112.60478906100002,-7.242566371999942,0],[112.60481992300004,-7.2424882329999605,0],[112.60485669800005,-7.2423951209999586,0],[112.60490582500006,-7.2424126059999594,0],[112.60497417900001,-7.2424369349999438,0],[112.60503912700005,-7.2424600519999558,0],[112.60509964200003,-7.2424865889999523,0],[112.60520526300002,-7.2425329049999618,0],[112.6052957390001,-7.2425665129999288,0],[112.60535395700003,-7.2424977499999272,0],[112.60542175,-7.2424066729999481,0],[112.60545920700008,-7.2423563519999448,0],[112.60548607800001,-7.2423202509999669,0],[112.60549936100006,-7.2423017479999316,0],[112.60552630900008,-7.2422642089999272,0],[112.60559434900006,-7.2421694289999436,0],[112.60562875500011,-7.2421214819999591,0],[112.60568916400007,-7.242037297999957,0],[112.60574094300011,-7.2419657269999789,0],[112.60574798700009,-7.2419559909999407,0],[112.60576284100011,-7.241935458999933,0],[112.60579783700007,-7.2418689399999607,0],[112.60584789600011,-7.2417737879999322,0],[112.60594295600004,-7.2415782579999473,0],[112.60595591300012,-7.2415516059999732,0],[112.6059884550001,-7.2414691979999475,0],[112.60600504600006,-7.2414273499999808,0],[112.60603003300002,-7.2413931889999503,0],[112.60605058300007,-7.2413783289999287,0],[112.60606989000007,-7.2413763329999483,0],[112.60608985600004,-7.241378832999942,0],[112.60613625100007,-7.2413902419999658,0],[112.60615942800007,-7.2413901599999804,0],[112.60617421200004,-7.2413836789999664,0],[112.60619527600011,-7.2413446739999472,0],[112.60619934500005,-7.2413371399999278,0],[112.60620135800002,-7.2413334129999498,0],[112.60620998000002,-7.2413174469999717,0],[112.60623843400003,-7.241264757999943,0],[112.60626584100009,-7.2412140069999396,0],[112.60626672900003,-7.2412123629999314,0],[112.60627335200002,-7.2412000989999683,0],[112.60627601400006,-7.2411924879999674,0],[112.60630061500001,-7.2411221429999273,0],[112.60632625300002,-7.2410488299999543,0],[112.60631519500009,-7.2410167239999623,0],[112.60629266000001,-7.2410055719999491,0],[112.60629068700007,-7.2410045959999252,0],[112.60629222900002,-7.2409790459999499,0],[112.60629433600002,-7.2409441489999722,0],[112.60629756200001,-7.2409339589999604,0],[112.60630114300011,-7.2409226459999445,0],[112.60630362200004,-7.2409148119999713,0],[112.60630452300006,-7.2409119669999313,0],[112.60630982100008,-7.2408918049999329,0],[112.60632659600003,-7.2408279629999583,0],[112.60633446200006,-7.2407980269999257,0],[112.60633782600007,-7.2407886359999338,0],[112.60634029000005,-7.2407817579999687,0],[112.60634939500005,-7.2407563409999511,0],[112.60636804400008,-7.2407042789999423,0],[112.6063688050001,-7.2407021529999724,0],[112.60637181000004,-7.2406939469999543,0],[112.60638801400012,-7.2406496959999345,0],[112.60639689800007,-7.2406254349999699,0],[112.60640770100008,-7.240595935999977,0],[112.60641500300005,-7.2405825659999437,0],[112.60642636300008,-7.2405617669999742,0],[112.60644991800007,-7.2405186389999585,0],[112.60646434500006,-7.240498921999972,0],[112.60648196900001,-7.2404748359999758,0],[112.60648387600008,-7.2404722289999768,0],[112.60648417700008,-7.2404702979999342,0],[112.60648496400006,-7.2404652379999561,0],[112.60648606700011,-7.2404581479999592,0],[112.60648710000009,-7.240451511999936,0],[112.60648828100011,-7.2404439249999655,0],[112.60648400000002,-7.2404219099999523,0],[112.60647605500003,-7.2403810549999434,0],[112.60644160900006,-7.2402875389999508,0],[112.60644007300004,-7.2402833689999397,0],[112.60642203000009,-7.2401537189999772,0],[112.60642165600007,-7.2401153609999369,0],[112.60642082800007,-7.2400303159999453,0],[112.60642169700009,-7.2399663699999337,0],[112.60642208500008,-7.2399377829999594,0],[112.60642224600008,-7.2399259509999752,0],[112.60642226200002,-7.2399247509999327,0],[112.60642236100011,-7.2399174799999741,0],[112.60642491800002,-7.2398398509999424,0],[112.60642726800006,-7.2397685299999353,0],[112.60642760100006,-7.2397584269999697,0],[112.6064319510001,-7.2397422529999744,0],[112.60647676100007,-7.23957562399994,0],[112.60647734400004,-7.2395741009999597,0],[112.60651390500004,-7.2394786069999668,0],[112.60653052900011,-7.2394351859999801,0],[112.6065803140001,-7.2393502799999396,0],[112.60658741300006,-7.2393381719999752,0],[112.60663784000008,-7.2392521709999755,0],[112.60669215100006,-7.2391304999999306,0],[112.60670509900001,-7.2391014939999536,0],[112.60674052500008,-7.2390221299999666,0],[112.60677787900011,-7.2389119409999694,0],[112.60680928300008,-7.2388193009999782,0],[112.60681972700002,-7.2387884929999586,0],[112.60683536800002,-7.2387423539999531,0],[112.60684683600005,-7.2386884839999652,0],[112.60686024000006,-7.2386255219999498,0],[112.6068636440001,-7.2386095319999413,0],[112.60687286500001,-7.2385662149999348,0],[112.60689587600007,-7.2384581239999761,0],[112.60693933800007,-7.2383343099999706,0],[112.60694524300004,-7.2382865199999742,0],[112.60695088600005,-7.2382408549999582,0],[112.60695424400001,-7.2382136769999761,0],[112.60695687800001,-7.2381519649999291,0],[112.60695955400001,-7.2380892489999269,0],[112.60696331000008,-7.2380328279999731,0],[112.60697476200005,-7.2378607729999658,0],[112.60697625600005,-7.2378383309999776,0],[112.60699149700008,-7.2377449799999454,0],[112.60699597000007,-7.2377175809999699,0],[112.60700101400005,-7.2376866839999252,0],[112.60700252200002,-7.2376774479999426,0],[112.60700549900002,-7.237659214999951,0],[112.60700717800012,-7.237648930999967,0],[112.60701719400004,-7.2375875829999359,0],[112.60710709800003,-7.2374081039999396,0],[112.6071318600001,-7.2373586709999813,0],[112.60715011500008,-7.2373222279999254,0],[112.60716458800005,-7.2372933339999577,0],[112.6071736450001,-7.2372752539999397,0],[112.60717721100002,-7.2372681339999758,0],[112.60718073400005,-7.237261101999934,0],[112.60719385000004,-7.2372349169999666,0],[112.60718881900004,-7.2372344149999321,0],[112.60714628400001,-7.2372301729999435,0],[112.60707536900009,-7.2372230999999374,0],[112.60707504100003,-7.2372230669999453,0],[112.60705951300008,-7.2372215179999557,0],[112.60705103100008,-7.2372206719999781,0],[112.6070465040001,-7.2372202199999265,0],[112.60698534200003,-7.237214119999976,0],[112.60697765800001,-7.2372060519999764,0],[112.60697557000003,-7.2372038599999655,0],[112.60696831400003,-7.237196241999925,0],[112.60692402200004,-7.2371497399999498,0],[112.60681363100002,-7.2371370959999695,0],[112.60661336900012,-7.2371141579999403,0],[112.6066104790001,-7.2371138269999733,0],[112.60658967300003,-7.237111443999936,0],[112.60658343200009,-7.2371048919999339,0],[112.60655698500011,-7.2370771249999279,0],[112.60655438300012,-7.2370743929999435,0],[112.60652835200005,-7.2370470629999772,0],[112.60651806800001,-7.2370405119999646,0],[112.6064275010001,-7.236982821999959,0],[112.60635188200001,-7.2369400249999671,0],[112.6062228290001,-7.2368987299999503,0],[112.60621876500011,-7.2368974299999422,0],[112.60617274800006,-7.2368838209999353,0],[112.60614603200008,-7.2368759199999317,0],[112.60611215900008,-7.2368659019999768,0],[112.60607486600009,-7.2368548729999702,0],[112.60603625700003,-7.2368453779999413,0],[112.60603963500012,-7.2367695039999376,0],[112.60604064800009,-7.236746754999956,0],[112.60604005800008,-7.2366650599999502,0],[112.6060768320001,-7.2366204079999648,0],[112.60611654700006,-7.2365721859999326,0],[112.6061370970001,-7.2365627219999737,0],[112.6062265700001,-7.2365215159999252,0],[112.60623448900003,-7.2365178689999539,0],[112.60623917400005,-7.2365157109999814,0],[112.60624759300003,-7.2365118329999518,0],[112.60624799300001,-7.236511648999965,0],[112.60624022700006,-7.2364786789999584,0],[112.60623515900011,-7.2364571649999334,0],[112.60622958500005,-7.2364335059999689,0],[112.60622924600011,-7.2364320659999635,0],[112.60622624400003,-7.2364193239999395,0],[112.60622364900007,-7.2364083059999302,0],[112.60621640400007,-7.2363935449999417,0],[112.60619502300005,-7.2363499879999722,0],[112.60619026000006,-7.2363402839999367,0],[112.6061825810001,-7.2363246399999639,0],[112.60616436900011,-7.2362287259999789,0],[112.60616408100009,-7.2362272079999457,0],[112.6061571140001,-7.2361905189999334,0],[112.60619926000004,-7.2361846279999327,0],[112.60619795000002,-7.2361530519999633,0],[112.60620880100009,-7.2361050849999629,0],[112.60624843800008,-7.236038156999939,0],[112.60626857800003,-7.2360041509999746,0],[112.60626995200005,-7.2359901389999663,0],[112.6062740110001,-7.2359487389999799,0],[112.6062727530001,-7.235944682999957,0],[112.60626834300001,-7.2359304659999566,0],[112.60626459000002,-7.2359183679999433,0],[112.60626076100004,-7.2359060219999378,0],[112.60626069400007,-7.2359058059999484,0],[112.60626052600003,-7.2359052629999496,0],[112.60625525300009,-7.2358882649999714,0],[112.60625304400003,-7.2358811439999613,0],[112.60625066300008,-7.2358717749999641,0],[112.60625050100009,-7.2358711359999575,0],[112.60625048400004,-7.235871068999927,0],[112.60625043500011,-7.2358708759999786,0],[112.60624981700005,-7.2358684429999585,0],[112.60624470300002,-7.2358483209999349,0],[112.60624358500002,-7.2358467889999361,0],[112.60624221600006,-7.2358449129999372,0],[112.6062124660001,-7.2358374739999363,0],[112.60616393100008,-7.2358316639999316,0],[112.60614150100002,-7.2358279319999497,0],[112.6061357640001,-7.2358269779999773,0],[112.60612938600002,-7.2358257719999415,0],[112.60608720700009,-7.2358177939999564,0],[112.6060871630001,-7.2358177129999603,0],[112.60608711900011,-7.2358176329999537,0],[112.60607226600007,-7.2357903839999267,0],[112.60606256200003,-7.235740964999934,0],[112.60605527500002,-7.235723974999928,0],[112.60604310800011,-7.2356956069999683,0],[112.60600688700004,-7.2356444259999648,0],[112.60597253200001,-7.235623812999961,0],[112.60590284500006,-7.2356054689999496,0],[112.60589853400006,-7.2356042569999772,0],[112.60582415400006,-7.2355833509999457,0],[112.60577724400002,-7.235562300999959,0],[112.60577322300003,-7.235560052999972,0],[112.60576256600007,-7.2355540949999408,0],[112.6057172510001,-7.2355287589999762,0],[112.60567643000002,-7.2355053039999575,0],[112.60566220200008,-7.2354971289999526,0],[112.60567391500001,-7.2354645579999328,0],[112.60570126000005,-7.235388521999937,0],[112.60575352900003,-7.2352431799999408,0],[112.60575983700005,-7.2351995079999369,0],[112.60576082900002,-7.2351926389999335,0],[112.60576255500007,-7.2351806919999717,0],[112.60577143800003,-7.2351191979999498,0],[112.60581396800001,-7.2349941629999535,0],[112.6058231080001,-7.2349661509999805,0],[112.60582579700008,-7.2349579119999703,0],[112.60582629500004,-7.2349409629999286,0],[112.60582923100003,-7.2348411029999511,0],[112.60583039100004,-7.2348016629999279,0],[112.60583175700003,-7.234755191999966,0],[112.60583193500008,-7.23474915099996,0],[112.60580314600008,-7.2347483119999652,0],[112.60574528000006,-7.2347466259999464,0],[112.60572859500007,-7.2347461399999702,0],[112.60570448300007,-7.2347549049999316,0],[112.60568059900004,-7.2347614449999469,0],[112.60562778500002,-7.2347759079999605,0],[112.60559932700005,-7.2347846869999444,0],[112.60555441400004,-7.2347824349999428,0],[112.60551869900007,-7.2347869009999499,0],[112.6054665800001,-7.2347947999999747,0],[112.60542940900007,-7.2347979019999684,0],[112.60537659900001,-7.2347915929999544,0],[112.60534394800004,-7.2347981239999513,0],[112.60532000300009,-7.2347960869999497,0],[112.60529935700004,-7.2347836679999773,0],[112.60527523500002,-7.2347559349999528,0],[112.60526557200001,-7.2347451979999278,0],[112.60524653400012,-7.2347240459999398,0],[112.60523505200001,-7.2346984559999328,0],[112.60522716700007,-7.2346808839999426,0],[112.60522518500011,-7.2346788869999727,0],[112.60521230200004,-7.2346659139999474,0],[112.60519615600003,-7.2346496529999627,0],[112.60518545400009,-7.2346275099999389,0],[112.60518227200009,-7.2346017739999411,0],[112.6051799600001,-7.2345830779999574,0],[112.60517914400009,-7.2345482659999334,0],[112.60517885400009,-7.2345359189999385,0],[112.60517968900001,-7.2344510419999324,0],[112.60518173900005,-7.2344248259999517,0],[112.60518368500004,-7.2343999279999593,0],[112.6051781220001,-7.2343609469999706,0],[112.60517378100008,-7.2343305269999405,0],[112.60516398100003,-7.2342895759999806,0],[112.60513000100002,-7.2342367979999267,0],[112.60515247000001,-7.2341748579999603,0],[112.60511130800001,-7.2341407679999747,0],[112.60504203100004,-7.2340759179999736,0],[112.60502114700012,-7.2340519509999694,0],[112.60500064400003,-7.2340284209999481,0],[112.60499248400004,-7.2340190559999655,0],[112.6049896720001,-7.2340158289999295,0],[112.60497965800005,-7.2340034259999584,0],[112.60497497900008,-7.2339976309999656,0],[112.60497070200006,-7.2339923339999359,0],[112.60496539300004,-7.2339857589999497,0],[112.60496329200009,-7.2339831559999652,0],[112.60496194300003,-7.2339814849999584,0],[112.60495945900004,-7.2339784079999276,0],[112.60495890200002,-7.2339777189999381,0],[112.60495868100008,-7.2339774459999262,0],[112.60495264000008,-7.2339699639999253,0],[112.60495261300002,-7.2339699309999332,0],[112.60494825500007,-7.2339645329999485,0],[112.60494637300008,-7.2339622019999297,0],[112.6049411350001,-7.2339557139999329,0],[112.60493638300011,-7.2339498289999256,0],[112.60493092500008,-7.2339430699999525,0],[112.60492709200003,-7.2339383229999612,0],[112.60492599600002,-7.2339368559999571,0],[112.60492185300006,-7.2339313119999815,0],[112.60491207000007,-7.2339182199999641,0],[112.60488735500007,-7.2338801119999516,0],[112.60487412100008,-7.2337819259999492,0],[112.60486791000005,-7.2337122829999316,0],[112.60486384500007,-7.2336666959999434,0],[112.60486196700003,-7.2336456369999382,0],[112.60490479900011,-7.2335265019999611,0],[112.60492761500007,-7.2334630419999257,0],[112.60492848600006,-7.2334606189999704,0],[112.604932598,-7.2334491819999585,0],[112.60493975200006,-7.2334292839999534,0],[112.60500526900012,-7.2333390639999493,0],[112.60498199600011,-7.2333403259999614,0],[112.60497102000011,-7.2333409209999786,0],[112.60495188200002,-7.2333419579999259,0],[112.60480452400009,-7.2333499429999506,0],[112.60468001000004,-7.2333566899999369,0],[112.60459207600002,-7.2333614549999652,0],[112.60459202900006,-7.2333598109999571,0],[112.60459170800004,-7.233348694999961,0],[112.60459130400011,-7.2333347479999475,0],[112.60459130300001,-7.2333346999999435,0],[112.60459043900005,-7.233304799999928,0],[112.60458964700001,-7.2332773829999724,0],[112.60458964300005,-7.2332769349999353,0],[112.60458962100006,-7.233274549999976,0],[112.60458961500001,-7.2332738439999389,0],[112.60458952700003,-7.2332641599999761,0],[112.60458937800001,-7.2332477609999728,0],[112.60458926100011,-7.2332348699999329,0],[112.60458922200007,-7.2332306469999708,0],[112.60458920600001,-7.2332288409999705,0],[112.60458914000003,-7.233221614999934,0],[112.60458894400006,-7.2332001059999698,0],[112.6045888000001,-7.2331842349999533,0],[112.60458876300004,-7.2331801259999793,0],[112.6045885640001,-7.2331582969999317,0],[112.60458850200007,-7.2331514279999283,0],[112.60458833500002,-7.2331331329999671,0],[112.60458825100011,-7.2331238859999303,0],[112.60458824400007,-7.233123088999946,0],[112.60458814300011,-7.2331141729999331,0],[112.60458805500002,-7.2331063959999256,0],[112.60458793500004,-7.2330958119999309,0],[112.60458790400003,-7.2330930609999768,0],[112.60458779700002,-7.2330836329999784,0],[112.60458760600011,-7.2330666839999367,0],[112.60458754600006,-7.2330614169999308,0],[112.60458739500007,-7.2330480749999424,0],[112.60458736400005,-7.233045284999946,0],[112.60458727500009,-7.2330374119999306,0],[112.60458720400004,-7.2330311029999734,0],[112.60458711000001,-7.2330227399999671,0],[112.60458701700009,-7.2330145059999609,0],[112.6045869940001,-7.2330125119999593,0],[112.60458706700001,-7.2330072509999468,0],[112.60458714400011,-7.2330017169999792,0],[112.60458723500005,-7.2329951429999255,0],[112.60458732600011,-7.2329886309999551,0],[112.60458770600007,-7.2329613299999664,0],[112.60458772700008,-7.232959798999957,0],[112.60458773200003,-7.2329594649999649,0],[112.60458775600011,-7.2329577109999263,0],[112.60458785200001,-7.2329508219999639,0],[112.60458788900007,-7.2329481489999807,0],[112.60458801000004,-7.2329394489999572,0],[112.60458804100006,-7.2329372189999503,0],[112.6045882410001,-7.2329228699999248,0],[112.60458826600006,-7.2329210399999511,0],[112.60458829700008,-7.2329188329999283,0],[112.60458831700009,-7.2329173889999652,0],[112.60458832900008,-7.2329165189999571,0],[112.60458851500005,-7.2329031339999688,0],[112.60457858200004,-7.2329014109999434,0],[112.60457362700004,-7.2329005509999433,0],[112.60456572800001,-7.2328991809999366,0],[112.60454800900004,-7.2328961069999309,0],[112.60452988700001,-7.2328929619999371,0],[112.60452775900001,-7.2328925929999741,0],[112.60450392300004,-7.2328879199999392,0],[112.60448098000006,-7.2328834219999294,0],[112.6044752140001,-7.2328822909999531,0],[112.6044622820001,-7.2328783509999539,0],[112.60443886900009,-7.2328712189999464,0],[112.60442565500011,-7.2328671939999367,0],[112.60442473900002,-7.2328669149999314,0],[112.6044059730001,-7.2328611979999664,0],[112.60439787400003,-7.2328584409999621,0],[112.6043664020001,-7.2328477279999674,0],[112.60436258000004,-7.2328464269999699,0],[112.60433997200005,-7.2328387309999584,0],[112.60433236900008,-7.2328361429999291,0],[112.60432384900002,-7.2328341229999751,0],[112.60430056300004,-7.2328286019999268,0],[112.60428798300006,-7.2328256189999252,0],[112.60428126600004,-7.2328240269999355,0],[112.60427562700011,-7.2328228139999737,0],[112.60425734600005,-7.2328188819999468,0],[112.60424503700006,-7.2328162339999267,0],[112.60421892600004,-7.2328106179999736,0],[112.60421675700002,-7.2328101509999669,0],[112.60421120800004,-7.2328088709999747,0],[112.60420312700001,-7.2328070069999626,0],[112.60414572200011,-7.2327937659999293,0],[112.60406682500002,-7.2327679209999474,0],[112.60406181000008,-7.2327662779999287,0],[112.60405943400008,-7.2327654999999709,0],[112.60405061100005,-7.2327611129999809,0],[112.60404291200007,-7.2327572849999342,0],[112.60403791300007,-7.232754798999963,0],[112.60402666300001,-7.2327492049999478,0],[112.60402295300003,-7.2327473599999621,0],[112.60402252100005,-7.2327471449999621,0],[112.60401163100005,-7.2327417299999297,0],[112.60401042000001,-7.2327411279999296,0],[112.60399913600008,-7.2327355169999805,0],[112.60398747300007,-7.2327297179999732,0],[112.60398572800011,-7.232728849999944,0],[112.60398550000002,-7.2327287359999559,0],[112.60398447200009,-7.2327282249999598,0],[112.60398216300007,-7.2327270769999359,0],[112.60397342100009,-7.2327228039999341,0],[112.60396242600007,-7.2327174299999797,0],[112.60396234400002,-7.232717389999948,0],[112.60395962900009,-7.2327160629999412,0],[112.60395658400012,-7.2327145749999318,0],[112.60395011100002,-7.2327114109999684,0],[112.60394674500003,-7.2327097659999708,0],[112.60394588500003,-7.2327093459999787,0],[112.60394359600002,-7.2327082269999323,0],[112.6039375900001,-7.2327052919999346,0],[112.60393743400004,-7.2327052159999425,0],[112.60393494600009,-7.2327039999999556,0],[112.603932009,-7.2327025649999541,0],[112.60392644500007,-7.2326998459999459,0],[112.60392565000006,-7.232699456999967,0],[112.60392237400004,-7.2326978559999588,0],[112.6039186480001,-7.2326960349999467,0],[112.60391292200006,-7.2326932369999781,0],[112.60390850700003,-7.2326910789999488,0],[112.6039019210001,-7.2326878599999418,0],[112.6039016740001,-7.2326877389999709,0],[112.60389980700006,-7.2326868269999522,0],[112.60389473800001,-7.2326843499999427,0],[112.60388949300011,-7.232682112999953,0],[112.60381567500008,-7.2326506349999704,0],[112.60376742100004,-7.2326270309999359,0],[112.6037523870001,-7.2326196769999456,0],[112.60369133400002,-7.2325843029999533,0],[112.60369191300003,-7.2325733179999361,0],[112.60369000000003,-7.2325443939999445,0],[112.60368845200003,-7.2325161909999451,0],[112.60368077200008,-7.2324948829999585,0],[112.60367055500001,-7.2324728579999373,0],[112.60365530500007,-7.2324613409999756,0],[112.60363354900005,-7.2324534599999311,0],[112.60360494100007,-7.2324539219999338,0],[112.60359726700005,-7.2324550559999352,0],[112.60356983200006,-7.2324591099999793,0],[112.6035426740001,-7.2324595669999781,0],[112.60351944700005,-7.2324451829999248,0],[112.60349911000003,-7.2324289819999308,0],[112.6034823980001,-7.2324134899999422,0],[112.60347182800001,-7.2323939989999531,0],[112.60347210400005,-7.232369766999966,0],[112.60348249600008,-7.2323386299999584,0],[112.60348597300003,-7.23232094399998,0],[112.60348854300003,-7.2323078699999428,0],[112.60348623700008,-7.2322702679999793,0],[112.60348221300001,-7.2322583489999488,0],[112.60347616100012,-7.232253175999972,0],[112.60347167900011,-7.2322493459999464,0],[112.6034354200001,-7.2322364539999739,0],[112.60332071800008,-7.2321953039999585,0],[112.60328966600002,-7.2321863379999627,0],[112.60324767100008,-7.2321849879999718,0],[112.60322881900004,-7.2321843819999572,0],[112.60320959100011,-7.2321743229999811,0],[112.60319177100007,-7.2321534119999455,0],[112.60316526400004,-7.2321328919999814,0],[112.60312165300002,-7.232108941999968,0],[112.6030831700001,-7.2320930889999318,0],[112.60307468000008,-7.2320906529999434,0],[112.60303941900008,-7.2320805339999765,0],[112.60302982200005,-7.2320789859999763,0],[112.60299775100009,-7.2320738109999638,0],[112.60295972900008,-7.2320746679999388,0],[112.60291689500002,-7.2320726699999796,0],[112.60287133800011,-7.2320662999999286,0],[112.60284107300004,-7.2320685299999354,0],[112.60283255800005,-7.2320713229999569,0],[112.6028155680001,-7.2320768949999774,0],[112.60279634900007,-7.2321039649999648,0],[112.60278636900011,-7.2321167519999676,0],[112.60277993000011,-7.2321250019999752,0],[112.60277232200008,-7.2321347489999539,0],[112.60275737400002,-7.2321538999999575,0],[112.60275129400009,-7.2321616899999412,0],[112.60274100400011,-7.2321748729999626,0],[112.60273546400003,-7.2321819709999318,0],[112.60268225600009,-7.232255969999926,0],[112.60264833700001,-7.2323031439999568,0],[112.60262217100001,-7.2323681699999725,0],[112.60262621400011,-7.2324195889999601,0],[112.60253381700011,-7.232507347999956,0],[112.60252248800009,-7.2325000269999578,0],[112.60240796900007,-7.2324260169999661,0],[112.60240473300007,-7.2324239259999672,0],[112.60234088300001,-7.2323826609999742,0],[112.60230739700012,-7.2323802069999488,0],[112.60228557300002,-7.2323989269999629,0],[112.60222592700006,-7.2325030459999766,0],[112.60219663300006,-7.232554180999955,0],[112.60211615800006,-7.232512996999958,0],[112.60198702200012,-7.2324469099999646,0],[112.60193024900002,-7.2324130349999791,0],[112.60192944700009,-7.2324129719999632,0],[112.60191014200007,-7.2324114559999657,0],[112.60190345500007,-7.2324109309999471,0],[112.60188323800003,-7.2324093429999721,0],[112.60180864800009,-7.2324346789999368,0],[112.60176949700008,-7.2324532179999323,0],[112.60175530200002,-7.2324599399999556,0],[112.60170513000003,-7.2324723309999399,0],[112.60168972200006,-7.2324678639999433,0],[112.60167716100011,-7.232464221999976,0],[112.60167226300007,-7.2324628019999295,0],[112.60167101900004,-7.232462466999948,0],[112.60166273400012,-7.2324602349999623,0],[112.60165124600007,-7.2324571399999513,0],[112.60163303700006,-7.2324522339999362,0],[112.60163061600008,-7.2324515819999533,0],[112.6016111350001,-7.2324463339999738,0],[112.6016039540001,-7.2324443989999736,0],[112.60155248500007,-7.232450005999965,0],[112.60147589000007,-7.2324583509999343,0],[112.60137623200001,-7.23249534699994,0],[112.60132681500011,-7.232539236999969,0],[112.60127860800003,-7.2325612649999584,0],[112.60124004700003,-7.2325630579999256,0],[112.6012187450001,-7.232564047999972,0],[112.60120374200005,-7.2325652449999325,0],[112.60116680500005,-7.2325681929999632,0],[112.60110061900002,-7.2325734759999705,0],[112.60105146300009,-7.2325841759999321,0],[112.60103773300011,-7.2325840599999651,0],[112.60103093300006,-7.2325840019999532,0],[112.60102594800003,-7.2325839599999426,0],[112.60100920700006,-7.2325798729999633,0],[112.60100600400006,-7.2325790909999341,0],[112.60098921500003,-7.232574991999968,0],[112.60098282700005,-7.232573431999981,0],[112.60097808,-7.2325723449999373,0],[112.6009671270001,-7.2325698369999714,0],[112.60096707900004,-7.232569825999974,0],[112.60095649300001,-7.2325693319999687,0],[112.60095597400004,-7.2325693079999382,0],[112.60094536800011,-7.2325688129999435,0],[112.60094195700003,-7.2325686539999765,0],[112.60092952400009,-7.2325680739999711,0],[112.60092891900001,-7.2325680269999566,0],[112.6009210520001,-7.2325674169999274,0],[112.60086199600005,-7.2325628389999679,0],[112.60086054800001,-7.2325627269999586,0],[112.60080997800003,-7.2325588069999753,0],[112.60080206800001,-7.2325581939999779,0],[112.6007892770001,-7.2325572019999527,0],[112.60073118000003,-7.2325526979999495,0],[112.60072427900002,-7.2325514439999665,0],[112.60063914400007,-7.2325359759999515,0],[112.60052880800004,-7.2325159299999768,0],[112.60040695400005,-7.2324764739999523,0],[112.60036304100004,-7.2324622549999731,0],[112.60033296200004,-7.2324525159999666,0],[112.60020659700001,-7.2324268579999398,0],[112.60009329900004,-7.2324038539999265,0],[112.6000725670001,-7.2323927339999727,0],[112.60006233800004,-7.2323872469999628,0],[112.60004878100005,-7.2323704459999476,0],[112.60003906000009,-7.2323583989999634,0],[112.60002090000012,-7.2323205309999707,0],[112.60002720900002,-7.2322838619999743,0],[112.60004885600006,-7.2322149939999463,0],[112.60009426400006,-7.2320945419999703,0],[112.60015617700003,-7.2319057319999729,0],[112.60015850100001,-7.2318986439999549,0],[112.60016170400002,-7.2318888769999603,0],[112.60021119200007,-7.2317379549999714,0],[112.60020670200004,-7.2316994699999668,0],[112.60018711400005,-7.2316217459999734,0],[112.60019133000003,-7.2316060189999689,0],[112.60019667100005,-7.2315860939999652,0],[112.60019748000002,-7.2315830749999463,0],[112.60019918800003,-7.2315767019999271,0],[112.60019949000002,-7.2315756569999508,0],[112.60020375700003,-7.2315608839999754,0],[112.60020671500001,-7.2315506409999557,0],[112.60022538800001,-7.2314859859999387,0],[112.60022808200006,-7.2314766589999522,0],[112.60023989400008,-7.2314357609999433,0],[112.60022729200011,-7.2314204029999587,0],[112.60020885800009,-7.2313979389999758,0],[112.6001738440001,-7.2313794179999604,0],[112.60014701000011,-7.2313652249999336,0],[112.60008565100009,-7.2313456379999366,0],[112.60008222900001,-7.2313445459999457,0],[112.59999538300008,-7.2313168229999292,0],[112.59996818400009,-7.2313081409999427,0],[112.59983083900011,-7.2312642989999745,0],[112.59979639300002,-7.2312533029999599,0],[112.59951679300002,-7.231157990999975,0],[112.59927241000003,-7.2310963919999267,0],[112.59926084500012,-7.2310934769999449,0],[112.59922202700011,-7.2310621619999438,0],[112.59920632000001,-7.2310466129999327,0],[112.59921517200007,-7.2309921149999354,0],[112.59922144400002,-7.230953498999952,0],[112.59922101100005,-7.2309010039999748,0],[112.59922066400009,-7.2308589769999685,0],[112.59922972900006,-7.2307982689999335,0],[112.59923528700006,-7.2307610419999264,0],[112.59925536300011,-7.230703109999979,0],[112.59927740400008,-7.2306548149999799,0],[112.5992955800001,-7.2306060509999384,0],[112.5993128770001,-7.2305567319999682,0],[112.59931996100011,-7.2305365319999737,0],[112.59934318300009,-7.2304120459999695,0],[112.59935513200003,-7.2303695899999525,0],[112.59936309200009,-7.2303413059999571,0],[112.59938552800008,-7.2302849819999437,0],[112.59938624500001,-7.2302831829999263,0],[112.59938929400005,-7.2302794209999774,0],[112.5993940410001,-7.2302735639999582,0],[112.59939787900009,-7.2302688279999643,0],[112.59940032400004,-7.2302658109999811,0],[112.59940561000008,-7.2302592899999354,0],[112.59940652700004,-7.2302581579999696,0],[112.59940924800003,-7.2302545349999718,0],[112.59941026400008,-7.2302531819999558,0],[112.59941176500001,-7.2302511839999397,0],[112.59941358100002,-7.2302487669999778,0],[112.59941448000006,-7.2302475699999604,0],[112.59941584100011,-7.2302457569999774,0],[112.5994172290001,-7.230243909999956,0],[112.59941835400002,-7.2302424119999387,0],[112.59941930200011,-7.2302411499999266,0],[112.59942183200008,-7.2302377809999712,0],[112.59942200400008,-7.2302375529999381,0],[112.59942433100002,-7.2302344539999694,0],[112.59942490700007,-7.2302336869999522,0],[112.59942669700001,-7.2302313039999717,0],[112.59942782700011,-7.2302298009999504,0],[112.59942806900006,-7.2302294779999556,0],[112.5994286240001,-7.2302287389999265,0],[112.59942892600009,-7.2302283369999714,0],[112.59942926800011,-7.2302278819999515,0],[112.59942934500009,-7.2302276429999779,0],[112.59944043000007,-7.2301932159999751,0],[112.59944316400004,-7.230146915999967,0],[112.59944151100001,-7.2301175249999687,0],[112.59944035900003,-7.2300970469999584,0],[112.59943955800009,-7.2300827999999342,0],[112.59944760200005,-7.2300359989999379,0],[112.59946721400001,-7.2299838549999436,0],[112.59947520800006,-7.2299225889999548,0],[112.59945645800008,-7.229873606999945,0],[112.59942049800009,-7.2298422709999386,0],[112.59938493100003,-7.229820335999932,0],[112.59934683400002,-7.2297998559999428,0],[112.59931420300006,-7.2297880369999348,0],[112.59928812700002,-7.2297877659999585,0],[112.59925193900006,-7.2297951249999528,0],[112.59921649300009,-7.2298075459999609,0],[112.59918172700009,-7.22980658299997,0],[112.59916831200007,-7.2298022909999418,0],[112.59914146500012,-7.2297879189999321,0],[112.59911205800006,-7.2297674089999759,0],[112.59910698700003,-7.2297643469999571,0],[112.59903584900007,-7.2297213869999268,0],[112.59891870400008,-7.2296567789999813,0],[112.5988827330001,-7.2296369399999776,0],[112.59884971400004,-7.2296186119999675,0],[112.59883589800006,-7.2296031099999709,0],[112.59883511300006,-7.2295857539999702,0],[112.59884292100003,-7.2295408839999595,0],[112.59886688600011,-7.2294559059999415,0],[112.59888762600008,-7.2294070709999687,0],[112.5989010190001,-7.2293755369999531,0],[112.59890271200004,-7.2293715499999394,0],[112.59892894600011,-7.2293033579999815,0],[112.59893823700008,-7.2292792059999442,0],[112.59894923400009,-7.2292226139999798,0],[112.59895637900001,-7.2291858409999463,0],[112.59895541900005,-7.2291189409999674,0],[112.59895511000002,-7.2291153199999485,0],[112.59894824100002,-7.2290347049999468,0],[112.59894809100001,-7.2289920329999404,0],[112.59893633800004,-7.2289446989999533,0],[112.59891851100008,-7.2289216179999585,0],[112.59889998800008,-7.2289061319999632,0],[112.59888005000005,-7.22890005499994,0],[112.59885326100004,-7.2289026789999298,0],[112.59882724600004,-7.228919044999941,0],[112.5987434000001,-7.2289674349999586,0],[112.5987391860001,-7.2289687629999548,0],[112.5987155470001,-7.2289762119999637,0],[112.59867715200005,-7.2289734549999594,0],[112.5986339960001,-7.2289562469999282,0],[112.5986215800001,-7.2289502229999698,0],[112.59856086900004,-7.2289207689999557,0],[112.59852205700008,-7.2289028239999311,0],[112.59846876100005,-7.2288849279999567,0],[112.59843613600003,-7.2288756399999556,0],[112.59839987000009,-7.2288602179999657,0],[112.5983676940001,-7.228854809999973,0],[112.59835348900003,-7.228852422999978,0],[112.59831687200005,-7.2288402559999554,0],[112.59829618400011,-7.2288269489999379,0],[112.59827620500005,-7.2288100209999584,0],[112.59822770900007,-7.2287523179999766,0],[112.59822529400003,-7.2287494449999485,0],[112.59817330700002,-7.2286917649999509,0],[112.59813187700001,-7.2286499609999737,0],[112.59809629800009,-7.2286244099999521,0],[112.59806618400012,-7.2286082409999608,0],[112.59804142400003,-7.2286022959999627,0],[112.59800384500011,-7.228593271999955,0],[112.59793816800004,-7.2285714299999313,0],[112.59790269200005,-7.2285596319999286,0],[112.59787109300009,-7.228543454999965,0],[112.59782832100007,-7.2285215579999544,0],[112.59779744600007,-7.228502118999927,0],[112.59779347800009,-7.228499620999969,0],[112.59779156000002,-7.2284969729999489,0],[112.59776848900003,-7.2284651259999464,0],[112.59774756900003,-7.2284127879999573,0],[112.5977252890001,-7.2283449189999374,0],[112.59772036600009,-7.2283076139999594,0],[112.59772985900008,-7.2282817419999787,0],[112.59775851000006,-7.2282538879999265,0],[112.59777467300012,-7.22824524899994,0],[112.59779464300004,-7.2282345749999308,0],[112.59779787900004,-7.2282328449999795,0],[112.59780119400011,-7.2282324789999279,0],[112.59780584000009,-7.2282319649999636,0],[112.59750000100007,-7.2282299999999395,0],[112.59748230900004,-7.2282271689999789,0],[112.597451062,-7.2282221699999809,0],[112.59727546400006,-7.22819407399993,0],[112.59725000100002,-7.2281899999999268,0],[112.59723927800007,-7.2281831769999485,0],[112.59714000000008,-7.228119999999933,0],[112.59698000000003,-7.2279699999999707,0],[112.59676000100001,-7.227709999999945,0],[112.59656000000007,-7.2273999999999319,0],[112.59612000000004,-7.2267599999999561,0],[112.59562000000005,-7.2262799999999743,0],[112.59516000100007,-7.22593999999998,0]]]},"properties":{"OBJECTID":3969,"NAMOBJ":"Menganti","FCODE":"BA03070040","REMARK":null,"METADATA":"TASWIL1000020260612KECAMATAN_AR","SRS_ID":"4326","KDBBPS":null,"KDCBPS":null,"KDCPUM":"35.25.13","KDEBPS":null,"KDEPUM":null,"KDPBPS":null,"KDPKAB":"35.25","KDPPUM":"35","LUASWH":69.852249787004723,"TIPADM":3,"WADMKC":"Menganti","WADMKD":null,"WADMKK":"Gresik","WADMPR":"Jawa Timur","WIADKC":null,"WIADKK":null,"WIADPR":null,"WIADKD":null,"UUPP":null,"SHAPE_Length":0.52930068021099053,"SHAPE_Area":0.0057197091190714366}}]}