{"type":"FeatureCollection","features":[{"type":"Feature","id":3757,"geometry":{"type":"MultiPolygon","coordinates":[[[[112.87245785700009,-7.554095393999944,0],[112.87242644800006,-7.5540868279999813,0],[112.87240360500004,-7.554083971999944,0],[112.8723779070001,-7.5540811169999529,0],[112.87235792000001,-7.5540654449999352,0],[112.87233650500002,-7.5540539909999325,0],[112.87229896400004,-7.55404735999997,0],[112.87228790800009,-7.5540544549999709,0],[112.87227083200003,-7.5540654129999325,0],[112.87225369900011,-7.554083971999944,0],[112.87223656700007,-7.5541139539999449,0],[112.8722237180001,-7.554138223999928,0],[112.87219516500011,-7.5541525009999759,0],[112.8721723220001,-7.5541624949999573,0],[112.87216090000004,-7.5541710609999768,0],[112.87213472600001,-7.5541919999999436,0],[112.87210733900008,-7.5542043789999411,0],[112.87207759600005,-7.5542341219999685,0],[112.87205677500003,-7.5542608909999558,0],[112.87205380100011,-7.5542787369999473,0],[112.87205380100011,-7.5543144289999304,0],[112.87205380100011,-7.5543471469999304,0],[112.87202703200001,-7.5543798639999409,0],[112.87199728900009,-7.5544215049999366,0],[112.87198241700003,-7.5544571969999765,0],[112.87197349400003,-7.5544928889999596,0],[112.8719794430001,-7.5545375039999385,0],[112.87200026300002,-7.5545672469999658,0],[112.87202703200001,-7.5545910409999806,0],[112.8720627240001,-7.5546445789999552,0],[112.87206569800003,-7.5547010919999593,0],[112.87203892900004,-7.5547546289999445,0],[112.87199134000002,-7.5547516549999614,0],[112.87194375100012,-7.5547159629999783,0],[112.87191400800009,-7.5546624249999468,0],[112.87187831600011,-7.5546356559999595,0],[112.87184857200009,-7.5546475539999278,0],[112.87182477800002,-7.5546862199999509,0],[112.87178313700008,-7.554805192999936,0],[112.87178908600004,-7.5548557569999275,0],[112.87177718900011,-7.5549182169999654,0],[112.87176529100009,-7.5549955499999442,0],[112.87176231700005,-7.5550847799999588,0],[112.87176231700005,-7.5551353429999608,0],[112.87176231700005,-7.5551918549999755,0],[112.87175934300001,-7.5552364699999544,0],[112.87174447100006,-7.5552721619999375,0],[112.87172662500006,-7.5553167769999732,0],[112.87172662500006,-7.5553762639999604,0],[112.87172365100002,-7.5554476469999372,0],[112.87169390700001,-7.5555428259999644,0],[112.87165821600001,-7.5556558499999369,0],[112.87164037000002,-7.5557242599999768,0],[112.87160765200008,-7.5558134899999345,0],[112.8715630370001,-7.5558818989999281,0],[112.87151247400004,-7.5559592319999638,0],[112.87146785900006,-7.55603358999997,0],[112.87144703800004,-7.556081178999932,0],[112.87140242300006,-7.5561376909999467,0],[112.87131616800002,-7.5562239469999781,0],[112.87126560400009,-7.5562596389999612,0],[112.87122693800006,-7.5563012789999675,0],[112.87118529800011,-7.5563429199999632,0],[112.87114365700006,-7.5563637399999379,0],[112.87108714500005,-7.5563756369999737,0],[112.87104253000007,-7.556402405999961,0],[112.87100386400004,-7.5564559439999357,0],[112.8709800690001,-7.5565035329999546,0],[112.87095924900007,-7.5565362509999545,0],[112.87091760800001,-7.5565540969999461,0],[112.87086704500007,-7.5565540969999461,0],[112.87084027600008,-7.5565481479999335,0],[112.8708045840001,-7.5565421999999671,0],[112.87073320000002,-7.556568967999965,0],[112.87064991900002,-7.5566135829999439,0],[112.87056961200005,-7.5566463009999438,0],[112.8704803820001,-7.5566879419999395,0],[112.87040007600001,-7.55672065899995,0],[112.87030192300006,-7.5567682479999689,0],[112.87018889800004,-7.5568277349999562,0],[112.87010859200007,-7.5568842469999709,0],[112.87004018200003,-7.5569258879999666,0],[112.86995690100002,-7.5569496819999813,0],[112.86991823500011,-7.5569645539999328,0],[112.86977546700007,-7.5570448609999517,0],[112.86969813500002,-7.5570835269999748,0],[112.8696297250001,-7.5571102959999621,0],[112.86958213600008,-7.5571311159999368,0],[112.86952264900003,-7.5571816799999283,0],[112.86946018800006,-7.5572441409999556,0],[112.86942449700007,-7.5572917299999745,0],[112.86938583000006,-7.5573214729999449,0],[112.86931444600009,-7.5573541909999449,0],[112.8692133190001,-7.55744341999997,0],[112.86917762700011,-7.5574820869999257,0],[112.8691211150001,-7.5575385989999404,0],[112.86907055200004,-7.5575951109999551,0],[112.86902296200003,-7.5576724439999339,0],[112.86894860400002,-7.5577497759999801,0],[112.86880286200005,-7.557960952999963,0],[112.86875527300003,-7.5580174649999776,0],[112.86872553000001,-7.5580739779999249,0],[112.86871065800005,-7.5581275149999669,0],[112.86868091500003,-7.5581751049999752,0],[112.86863927400009,-7.5582137709999415,0],[112.86858276200007,-7.5582911029999309,0],[112.86855301900005,-7.5583892559999413,0],[112.86855004500001,-7.5584517169999685,0],[112.86855896800012,-7.5584874089999516,0],[112.86854707000009,-7.558517151999979,0],[112.86850543000003,-7.5585082289999264,0],[112.86846973800004,-7.5584933579999642,0],[112.8684370200001,-7.5584933579999642,0],[112.86840727700007,-7.558514177999939,0],[112.86835968800006,-7.5585558179999452,0],[112.86828533000005,-7.5586212539999451,0],[112.86823476600011,-7.5586569449999388,0],[112.86819015100002,-7.5586837139999261,0],[112.86813363900001,-7.5587283289999618,0],[112.86806225500004,-7.5587937649999617,0],[112.8680116920001,-7.5588621739999553,0],[112.8679462560001,-7.5589543779999531,0],[112.86790759000007,-7.5590108899999677,0],[112.86786595000001,-7.5590674029999718,0],[112.86783620600011,-7.559141760999978,0],[112.86781538600007,-7.5592190929999674,0],[112.86780646300008,-7.5592785799999547,0],[112.86780051400001,-7.5593559119999441,0],[112.86779159100001,-7.5594153989999313,0],[112.86779159100001,-7.5594778599999586,0],[112.86780348900004,-7.5595284229999606,0],[112.86781538600007,-7.5595968329999437,0],[112.86782728300011,-7.5596533449999583,0],[112.86785107800006,-7.5597187799999688,0],[112.86785107800006,-7.5597514979999687,0],[112.8678540520001,-7.559790163999935,0],[112.86786000100005,-7.5598585729999286,0],[112.86786297500009,-7.5599299569999516,0],[112.86786297500009,-7.5599775459999705,0],[112.86787189800009,-7.5600340589999746,0],[112.86788974400008,-7.5600756989999809,0],[112.86791056400011,-7.5601203139999598,0],[112.86793138500002,-7.5601530319999597,0],[112.86795815400001,-7.5602511839999806,0],[112.86796410200009,-7.5603136449999511,0],[112.86796707700012,-7.5603761059999783,0],[112.86798492300011,-7.560429643999953,0],[112.8679938460001,-7.5604891299999508,0],[112.8680027690001,-7.560596205999957,0],[112.86802358900002,-7.5606824619999315,0],[112.86804738300009,-7.5607508709999252,0],[112.86807712700011,-7.5607925119999777,0],[112.86811281900009,-7.560831177999944,0],[112.86812471600001,-7.5608757929999797,0],[112.86812471600001,-7.5610423549999268,0],[112.86812174200008,-7.5611018419999709,0],[112.86809794700002,-7.5611672769999814,0],[112.86806820400011,-7.5612505579999265,0],[112.86803846000009,-7.561315992999937,0],[112.86802656300006,-7.5614052229999515,0],[112.86803548600005,-7.5614944529999661,0],[112.86804143500001,-7.5615658369999323,0],[112.86806820400011,-7.5616699379999659,0],[112.86811281900009,-7.5618216289999509,0],[112.86813066500008,-7.5618989609999403,0],[112.86815148500011,-7.5619643959999507,0],[112.86817230500003,-7.5620298309999612,0],[112.86819610000009,-7.5621012149999274,0],[112.86819907400002,-7.5621666499999378,0],[112.86819610000009,-7.5622380339999609,0],[112.86818122800003,-7.5622767009999734,0],[112.86817527900007,-7.5623272639999755,0],[112.86819015100002,-7.5623778279999669,0],[112.868225843,-7.5624373139999648,0],[112.86824368900011,-7.5624640829999521,0],[112.86832697000011,-7.5625057239999478,0],[112.86838348200001,-7.5625354669999751,0],[112.86845486600009,-7.5625711589999582,0],[112.86850840400007,-7.5626127989999645,0],[112.86854443200002,-7.5626278089999346,0],[112.86854452400007,-7.5626278629999319,0],[112.86858808000011,-7.5626534699999297,0],[112.86861663400009,-7.5626629879999427,0],[112.86864518700008,-7.5626820239999688,0],[112.86872608900001,-7.5627462689999447,0],[112.86875226300003,-7.562762925999948,0],[112.86877367800003,-7.56278434099994,0],[112.86880223200001,-7.5627962379999758,0],[112.86883316500007,-7.56282003299998,0],[112.86891303000004,-7.562866898999971,0],[112.86900210600004,-7.5629532819999667,0],[112.86905432300011,-7.5629765599999814,0],[112.86914972700004,-7.5630402059999255,0],[112.86948302700011,-7.563249404999965,0],[112.86958354400008,-7.5632950379999784,0],[112.87011831200005,-7.5635831259999691,0],[112.87059006800007,-7.5637943439999731,0],[112.87108127200008,-7.5640481329999716,0],[112.87148055300008,-7.5642731689999323,0],[112.87176333500008,-7.5643537779999406,0],[112.87189448900006,-7.5644122269999343,0],[112.87255895200008,-7.5646445399999607,0],[112.87261706300001,-7.5646488069999691,0],[112.87265037500003,-7.5646464279999464,0],[112.87266941100006,-7.564634529999978,0],[112.87269796500004,-7.5646321509999552,0],[112.87271700000008,-7.5646440479999342,0],[112.87272651800004,-7.5646654629999261,0],[112.87272654200001,-7.5647031339999558,0],[112.87279314300008,-7.5647392269999614,0],[112.87311912900009,-7.5648558199999343,0],[112.87339276700004,-7.5649557579999396,0],[112.87360929800002,-7.5650366589999294,0],[112.87382820900007,-7.5651270789999785,0],[112.87392814600003,-7.5651651499999275,0],[112.8740209450001,-7.5651841859999536,0],[112.87421130200005,-7.5652317749999725,0],[112.87427792700009,-7.5652531899999644,0],[112.87435169000003,-7.5652674669999556,0],[112.87441831500007,-7.5652722259999337,0],[112.87445876600009,-7.5652603289999547,0],[112.87447369400002,-7.5652411349999511,0],[112.87449207800012,-7.5652174979999813,0],[112.87450397600003,-7.5651794269999755,0],[112.87451111400003,-7.5651437349999355,0],[112.87458011800004,-7.5651627709999616,0],[112.87458249800011,-7.5651937039999666,0],[112.87459201600007,-7.5652270159999375,0],[112.87460756500002,-7.5652560099999278,0],[112.87463484600005,-7.5652888819999475,0],[112.87467767600003,-7.5652983999999606,0],[112.87474668100003,-7.5653031589999387,0],[112.87480378800001,-7.5653150559999744,0],[112.8748680330001,-7.5653221949999647,0],[112.87506790800001,-7.5653150559999744,0],[112.87524398800008,-7.5653031589999387,0],[112.87538437600006,-7.5652722259999337,0],[112.87552238500007,-7.5652531899999644,0],[112.87582457600001,-7.5651627709999616,0],[112.87593403200003,-7.5651223199999436,0],[112.87602447600011,-7.5650877229999764,0],[112.87609821400008,-7.5650794889999702,0],[112.87619815200003,-7.5650366589999294,0],[112.87641230300005,-7.5649462399999265,0],[112.87656458900005,-7.5648843739999734,0],[112.87685726200004,-7.5647416059999273,0],[112.87694768200004,-7.56468211899994,0],[112.8770618960001,-7.5646154949999413,0],[112.87715707500001,-7.5645607669999322,0],[112.87727128900008,-7.5644870039999432,0],[112.87736884700007,-7.564437034999969,0],[112.87744261000012,-7.5644084809999299,0],[112.87755682400007,-7.5643561329999329,0],[112.87761393100004,-7.5643156819999717,0],[112.87766865900005,-7.564282369999944,0],[112.87769959200011,-7.5642585749999398,0],[112.87774480100006,-7.5642062269999428,0],[112.87780359200008,-7.5641378629999281,0],[112.87805574400011,-7.563949546999936,0],[112.87840473100005,-7.5636957389999679,0],[112.87870930300005,-7.5634292379999692,0],[112.87922961200002,-7.5629470019999303,0],[112.87933483900008,-7.5628589369999304,0],[112.87946785500003,-7.5627666829999498,0],[112.87975748800011,-7.5624234139999658,0],[112.87981112400007,-7.5624019599999315,0],[112.87989479600003,-7.5623268699999358,0],[112.8799226860001,-7.5622946889999412,0],[112.88000206700008,-7.5622560709999789,0],[112.88006643000006,-7.5621895629999472,0],[112.88009861100011,-7.5621294909999506,0],[112.88010504800002,-7.5620822909999674,0],[112.88009646600005,-7.5620200739999746,0],[112.88007930300012,-7.5619771649999734,0],[112.88005784800009,-7.5619578559999354,0],[112.88003853900011,-7.56194069299994,0],[112.88003639400006,-7.561908510999956,0],[112.88003639400006,-7.5618892019999748,0],[112.88004283000009,-7.5618677479999405,0],[112.88004497600002,-7.5618591659999765,0],[112.88004283000009,-7.5618570209999803,0],[112.88002781200009,-7.5618441479999774,0],[112.87997846700011,-7.5618055309999477,0],[112.87993341300012,-7.5617647679999322,0],[112.87989694100008,-7.5617368769999302,0],[112.87984974200003,-7.5616961139999717,0],[112.87982185100009,-7.5616596409999488,0],[112.87979610600007,-7.5616017149999379,0],[112.87980039700005,-7.5615373519999594,0],[112.87979610600007,-7.5614858619999268,0],[112.87981112400007,-7.561374298999965,0],[112.87981756000011,-7.5613442629999668,0],[112.87981541500005,-7.561305645999937,0],[112.87980468800004,-7.561249863999933,0],[112.87979825100001,-7.5612069559999782,0],[112.87978108800007,-7.5611619019999807,0],[112.87977036100006,-7.5611425929999427,0],[112.87974247000011,-7.5610825209999462,0],[112.87973817900001,-7.5610460489999696,0],[112.87973817900001,-7.560985976999973,0],[112.87973817900001,-7.5609602309999673,0],[112.87973388800003,-7.5608937229999356,0],[112.87972530700006,-7.5608379419999778,0],[112.87970170700009,-7.5607800149999775,0],[112.87965879800004,-7.5607027799999287,0],[112.87963519900006,-7.5606191079999689,0],[112.87960516300006,-7.5605525999999372,0],[112.87953865400004,-7.5604839459999766,0],[112.87948287300003,-7.5604067109999278,0],[112.87945069200009,-7.5603144569999472,0],[112.87943996500007,-7.5602736939999318,0],[112.87943996500007,-7.560217912999974,0],[112.87943996500007,-7.5601342409999575,0],[112.87942709200001,-7.5600784599999429,0],[112.87937774700004,-7.5600098059999254,0],[112.87934771100004,-7.559964751999928,0],[112.87932411100007,-7.5599132619999523,0],[112.87931338400006,-7.5598939529999711,0],[112.87929193000002,-7.5598617719999766,0],[112.87924258500004,-7.5598295899999357,0],[112.87919753100005,-7.5598102809999546,0],[112.87913102300001,-7.5597652269999571,0],[112.87910313200007,-7.5597394819999408,0],[112.87909669600003,-7.5596901369999614,0],[112.87910313200007,-7.5596365019999325,0],[112.87909669600003,-7.5596193379999477,0],[112.87906236900005,-7.5596000289999665,0],[112.87904091500002,-7.5595721389999539,0],[112.87900015200012,-7.5595356659999311,0],[112.87895938800011,-7.5595249389999708,0],[112.87888215300006,-7.5594906119999337,0],[112.87885211700006,-7.5594798849999734,0],[112.87881135400005,-7.5594755939999345,0],[112.87875986400002,-7.5594670129999599,0],[112.87869764600009,-7.5594412669999542,0],[112.87862684700008,-7.5594026499999813,0],[112.8785324480001,-7.5593790499999614,0],[112.87849383000002,-7.5593747589999793,0],[112.87840586800007,-7.5593683229999442,0],[112.87824925100006,-7.5593570589999786,0],[112.87824174200011,-7.559358131999943,0],[112.87820848800004,-7.5593613499999606,0],[112.87818274300002,-7.5593763679999597,0],[112.8781612890001,-7.5593956769999409,0],[112.87814948900007,-7.5594085499999437,0],[112.87811301700003,-7.5594407309999383,0],[112.87808298100003,-7.5594664759999546,0],[112.87805187200001,-7.5594879309999783,0],[112.87802827200005,-7.559491148999939,0],[112.87798429100008,-7.5594986579999386,0],[112.87795640000002,-7.5595093849999557,0],[112.87792636400002,-7.5595244029999549,0],[112.8778898920001,-7.5595222569999692,0],[112.87785663800003,-7.5595093849999557,0],[112.87781909300008,-7.5594975849999742,0],[112.87779549300001,-7.55950723899997,0],[112.87777403900009,-7.559510457999977,0],[112.87774400300009,-7.5595136759999377,0],[112.87772362100009,-7.55950723899997,0],[112.87768714900005,-7.5594847119999713,0],[112.87765389500009,-7.5594525309999767,0],[112.87765389500009,-7.5594375129999776,0],[112.87765389500009,-7.5594257129999392,0],[112.87764745800007,-7.5594117679999613,0],[112.87764316800008,-7.559390313999927,0],[112.87764960400011,-7.5593710049999459,0],[112.87766784000007,-7.5593205869999451,0],[112.87766676700005,-7.5593002049999427,0],[112.87765174900005,-7.559281968999926,0],[112.87764209500006,-7.559281968999926,0],[112.87762922200011,-7.5592894779999256,0],[112.87761742200007,-7.559305568999946,0],[112.8776088410001,-7.5593216599999664,0],[112.87759167700005,-7.5593549139999254,0],[112.87756593200004,-7.559381731999963,0],[112.8775434050001,-7.559402112999976,0],[112.87751980500002,-7.5594267859999604,0],[112.8774736790001,-7.5594686219999403,0],[112.87745651500006,-7.559482566999975,0],[112.87743720600008,-7.5594997299999704,0],[112.8774082430001,-7.5595126029999733,0],[112.87740702000008,-7.5595130669999548,0],[112.87737713400008,-7.5595244029999549,0],[112.87734924400002,-7.5595233299999336,0],[112.87733208000009,-7.5594943669999566,0],[112.87733315300011,-7.5594836399999394,0],[112.87735031600005,-7.5594729129999791,0],[112.87738514200009,-7.5594568099999719,0],[112.87739000700003,-7.5594514579999554,0],[112.87739966100003,-7.559438585999942,0],[112.87742004300003,-7.5594257129999392,0],[112.87743077000005,-7.5594160589999433,0],[112.87745222400008,-7.5593881679999413,0],[112.87748118800005,-7.5593506229999434,0],[112.87748655100006,-7.5593409689999476,0],[112.87749942400001,-7.5593066419999673,0],[112.8775187330001,-7.5592841149999686,0],[112.87754126000004,-7.5592680239999481,0],[112.87757236800007,-7.5592433519999531,0],[112.87758953200012,-7.559224042999972,0],[112.87760347700009,-7.5591907889999561,0],[112.87762493100001,-7.5591596799999365,0],[112.87767105800003,-7.5591146259999391,0],[112.87770538500001,-7.5590802989999588,0],[112.87772683900005,-7.5590502629999605,0],[112.8777343480001,-7.5590159359999802,0],[112.87771182100005,-7.5589944819999459,0],[112.87768929400011,-7.5589912639999284,0],[112.87766891300009,-7.5589816089999431,0],[112.87765925800011,-7.5589740999999435,0],[112.87764424000011,-7.5589580089999799,0],[112.8776088410001,-7.5589322639999637,0],[112.87759060500002,-7.5589279729999248,0],[112.87756915000011,-7.5589151009999682,0],[112.87754555000004,-7.5589129549999257,0],[112.8775133690001,-7.5589204639999252,0],[112.87749727800008,-7.5589333369999281,0],[112.87748118800005,-7.5589590819999444,0],[112.87747260600008,-7.5589848269999607,0],[112.8774629510001,-7.5590084269999807,0],[112.8774479330001,-7.5590481179999642,0],[112.8774479330001,-7.5590867349999371,0],[112.87744364300011,-7.5591253529999562,0],[112.87743720600008,-7.5591425159999517,0],[112.87742433400001,-7.5591650429999504,0],[112.87742091100006,-7.559169150999935,0],[112.8774082430001,-7.5591843519999316,0],[112.87739429800001,-7.5592036609999695,0],[112.87737177100007,-7.5592229699999507,0],[112.8773578250001,-7.5592390609999711,0],[112.87733851700011,-7.5592497879999314,0],[112.87731599000006,-7.5592626599999448,0],[112.87728917200002,-7.5592744599999264,0],[112.87726557200006,-7.5592648059999306,0],[112.87726128100007,-7.5592336969999678,0],[112.87726342700012,-7.5592068789999303,0],[112.87728059000005,-7.5591789889999745,0],[112.87730848100011,-7.5591553889999545,0],[112.87733851700011,-7.5591371529999378,0],[112.87735997100003,-7.559119988999953,0],[112.87737928000001,-7.5590974619999542,0],[112.87739036400001,-7.5590851459999726,0],[112.8774082430001,-7.5590652809999597,0],[112.87740609800005,-7.559051335999925,0],[112.87739537000004,-7.5590406089999647,0],[112.87738464300003,-7.5590395359999434,0],[112.87736426200001,-7.5590341719999401,0],[112.87735675300007,-7.5590266629999405,0],[112.87735889800001,-7.5590116449999414,0],[112.87736748000009,-7.5590019909999455,0],[112.87738249800009,-7.5589912639999284,0],[112.87739000700003,-7.5589805359999787,0],[112.87739644300007,-7.5589633729999264,0],[112.87739429800001,-7.5589387009999314,0],[112.87738893400001,-7.5589172459999645,0],[112.87736748000009,-7.5589065189999474,0],[112.87736426200001,-7.5588603919999287,0],[112.87736318900011,-7.5588485929999365,0],[112.87735031600005,-7.5588357199999336,0],[112.87732671700007,-7.5588335749999374,0],[112.87731384400001,-7.5588346469999692,0],[112.87728809900011,-7.5588357199999336,0],[112.87726986300004,-7.5588292839999554,0],[112.87726879000002,-7.5588089019999529,0],[112.87726879000002,-7.5587917389999575,0],[112.87727629900007,-7.5587799389999759,0],[112.87729989900004,-7.5587606299999379,0],[112.87731062600005,-7.5587509759999421,0],[112.87731599000006,-7.5587252299999363,0],[112.87731384400001,-7.5587048489999802,0],[112.87730740800009,-7.5586812489999602,0],[112.87730204400009,-7.5586533589999476,0],[112.87728595400006,-7.5586361949999628,0],[112.87726664500008,-7.5586201039999423,0],[112.87724304500011,-7.5586007949999612,0],[112.87720335400002,-7.5585664689999703,0],[112.87719960000004,-7.5585552049999478,0],[112.87718833600002,-7.5585444779999307,0],[112.87717492800004,-7.5585401869999487,0],[112.87716527300006,-7.558533213999965,0],[112.87716473700004,-7.5585203419999516,0],[112.8771824370001,-7.5585122969999361,0],[112.8772071090001,-7.55850854199997,0],[112.87723982700004,-7.5584988879999742,0],[112.87727469000004,-7.5584876239999517,0],[112.87729614400007,-7.5584844059999341,0],[112.87730955300003,-7.5584720699999366,0],[112.87730579900006,-7.5584527609999554,0],[112.87729453500003,-7.5584361339999759,0],[112.87728005400004,-7.5584329159999584,0],[112.87725591800006,-7.5584286249999764,0],[112.87723982700004,-7.5584264789999338,0],[112.87722480900004,-7.5584221879999518,0],[112.87720871800002,-7.5584103889999597,0],[112.87719799100012,-7.5583889339999359,0],[112.87719852700002,-7.5583669439999426,0],[112.8771969180001,-7.5583470979999561,0],[112.8771722460001,-7.558327252999959,0],[112.87715401000003,-7.5583143809999456,0],[112.87711968300005,-7.5583004349999783,0],[112.87709286500001,-7.5582956079999803,0],[112.87707462900005,-7.5582966809999448,0],[112.87705049300007,-7.5583100899999636,0],[112.87703225600001,-7.5583256439999786,0],[112.87701831100003,-7.5583540709999397,0],[112.87701938400005,-7.5583647979999569,0],[112.87703332900003,-7.5583776709999597,0],[112.87704942000005,-7.5583808889999773,0],[112.87706390200003,-7.558379815999956,0],[112.87706980200005,-7.5583883979999769,0],[112.87707141100009,-7.5583948339999552,0],[112.87706926500005,-7.5584157519999735,0],[112.87705954300009,-7.5584355429999732,0],[112.87705049300007,-7.5584774329999505,0],[112.87702045700007,-7.5584945969999353,0],[112.87698613000009,-7.5584881599999676,0],[112.87694322100003,-7.5584752879999542,0],[112.87691533100008,-7.5584752879999542,0],[112.87690031300008,-7.5584924509999496,0],[112.87690460300007,-7.558533213999965,0],[112.87689387600005,-7.5585782679999625,0],[112.87685311300004,-7.558588995999969,0],[112.87683165900012,-7.5586125949999428,0],[112.87681235000002,-7.5586576489999402,0],[112.87676515100009,-7.5586597949999259,0],[112.87667933300008,-7.5585954319999473,0],[112.8766600240001,-7.558588995999969,0],[112.87660853400007,-7.5585932859999616,0],[112.87658278900005,-7.5586190319999673,0],[112.87655489800011,-7.558661939999979,0],[112.87653129900002,-7.5587005579999413,0],[112.87648409900009,-7.558698412999945,0],[112.87645835400008,-7.5586855399999422,0],[112.87644977200011,-7.5586576489999402,0],[112.87646479000011,-7.5586061589999645,0],[112.87648839000008,-7.5585761229999662,0],[112.87649482600011,-7.5585632499999633,0],[112.87650769900006,-7.558541795999929,0],[112.87653559000012,-7.5585010329999704,0],[112.87654631700002,-7.5584731419999684,0],[112.87652486200011,-7.558464560999937,0],[112.87650984400011,-7.5584452519999559,0],[112.87649053600001,-7.5584259429999747,0],[112.87648409900009,-7.5584044889999404,0],[112.87647766300006,-7.5583894709999413,0],[112.87648839000008,-7.5583658709999781,0],[112.87648624500002,-7.5583122349999599,0],[112.87648195400004,-7.5583015079999427,0],[112.87646050000001,-7.5582693269999481,0],[112.87646479000011,-7.5582414359999461,0],[112.87647980800011,-7.5582371449999641,0],[112.87652271700006,-7.5582414359999461,0],[112.87653773500006,-7.5582328539999253,0],[112.87656455300009,-7.5581743829999368,0],[112.87656455300009,-7.5581529369999316,0],[112.87657635300002,-7.5581347009999718,0],[112.87659351600007,-7.5581186099999513,0],[112.87660317100006,-7.5581046649999735,0],[112.87662355200007,-7.5580746289999752,0],[112.87660102500001,-7.5580413749999593,0],[112.87657206200004,-7.5580306479999422,0],[112.87654631700002,-7.558031719999974,0],[112.87652700800004,-7.5580435199999556,0],[112.87651413500009,-7.558064973999933,0],[112.876505554,-7.5580917919999706,0],[112.87647873600008,-7.5581153919999338,0],[112.87647018900009,-7.5581245959999706,0],[112.87646479000011,-7.5581304099999329,0],[112.87643797300007,-7.5581239739999546,0],[112.87643969100009,-7.5581085049999501,0],[112.876440118,-7.5581046649999735,0],[112.87644548200001,-7.5581003739999346,0],[112.87646479000011,-7.5580960829999526,0],[112.87647659000004,-7.5580832109999392,0],[112.87646371800008,-7.5580585379999548,0],[112.87645191800004,-7.5580467379999732,0],[112.87644870000008,-7.5580231389999426,0],[112.87646157200004,-7.5579973929999369,0],[112.87643475400012,-7.5579802299999415,0],[112.87642295500007,-7.5579802299999415,0],[112.87640042800001,-7.5579802299999415,0],[112.87639184600005,-7.5579759389999595,0],[112.87637575500003,-7.5579641389999779,0],[112.87636824600008,-7.5579426849999436,0],[112.87636502800001,-7.5579255219999482,0],[112.87633177400005,-7.557910503999949,0],[112.87631139200005,-7.5579147939999416,0],[112.87630281000008,-7.5579223029999412,0],[112.87628242900007,-7.5579341029999796,0],[112.87625453800001,-7.5579437579999649,0],[112.87623093900004,-7.5579169399999273,0],[112.87622128400005,-7.5578890489999253,0],[112.87622235700007,-7.5578611589999696,0],[112.87623308400009,-7.5578289769999287,0],[112.87623415700011,-7.5577839229999313,0],[112.87621806600009,-7.5577635419999751,0],[112.87618481200002,-7.5577656869999714,0],[112.87616979400002,-7.557777486999953,0],[112.87614190300008,-7.5577989409999304,0],[112.87611079500005,-7.5578161049999721,0],[112.87608183100008,-7.5578225409999504,0],[112.87605072300005,-7.5578107409999689,0],[112.87602605000006,-7.5578096679999476,0],[112.87601103200006,-7.557825758999968,0],[112.8760024500001,-7.5578418499999316,0],[112.87599553700011,-7.5578816589999747,0],[112.87599816000011,-7.557910503999949,0],[112.87600137800007,-7.5579244489999269,0],[112.87600888700001,-7.5579383939999616,0],[112.87601532300005,-7.5579469759999256,0],[112.87601854100001,-7.5579770119999807,0],[112.87600459600003,-7.5579920299999799,0],[112.87596812400011,-7.558011338999961,0],[112.87595096000007,-7.558012410999936,0],[112.87592521500005,-7.5580016839999757,0],[112.87590805100001,-7.5579941749999762,0],[112.87586514300006,-7.5580167019999749,0],[112.87584047000007,-7.5580327929999385,0],[112.87582438000004,-7.5580510289999552,0],[112.8758168710001,-7.5580628289999368,0],[112.87580936200004,-7.5580821379999747,0],[112.87579327100002,-7.5580864289999568,0],[112.87577396200004,-7.5580864289999568,0],[112.87575250800001,-7.5580832109999392,0],[112.87573856300003,-7.558084282999971,0],[112.87572354500003,-7.558092864999935,0],[112.87571389000004,-7.5581014469999559,0],[112.87570101800009,-7.5581132469999375,0],[112.87568921800005,-7.5581111009999518,0],[112.87566883600005,-7.5580917919999706,0],[112.87565596400009,-7.5580692649999719,0],[112.87564738200001,-7.5580531749999409,0],[112.87564094600009,-7.5579813029999627,0],[112.87563450900007,-7.5579673569999386,0],[112.87563021800008,-7.557959847999939,0],[112.87562914600005,-7.5579501939999432,0],[112.87562914600005,-7.5579190849999804,0],[112.87562914600005,-7.5579126489999453,0],[112.87564309100003,-7.5578858309999646,0],[112.87563558200009,-7.5578622309999446,0],[112.87563880000005,-7.5578439949999279,0],[112.87565060000009,-7.5578354139999533,0],[112.87567420000005,-7.5578354139999533,0],[112.87569458100006,-7.5578279049999537,0],[112.87570852700003,-7.5578096679999476,0],[112.8757077570001,-7.5578023519999533,0],[112.8757063810001,-7.5577892869999346,0],[112.87568921800005,-7.5577667599999359,0],[112.87567741800001,-7.5577517419999367,0],[112.87566776300002,-7.5577453059999584,0],[112.87564416400005,-7.5577281419999736,0],[112.87562592800009,-7.5577109789999781,0],[112.87561949100007,-7.5577099059999568,0],[112.87559675400007,-7.5577115889999504,0],[112.87559052800009,-7.5577120509999531,0],[112.87557872800005,-7.5577174149999564,0],[112.87556156500011,-7.557720632999974,0],[112.87554654700011,-7.5577163419999351,0],[112.87553903800006,-7.5577034699999786,0],[112.87554011000009,-7.5576755789999766,0],[112.87553048800009,-7.5576440269999807,0],[112.87552992000008,-7.5576423249999607,0],[112.87552616500011,-7.5576219429999583,0],[112.87552241100002,-7.5576031709999256,0],[112.87552133800011,-7.5575763529999449,0],[112.87551919200007,-7.5575709889999416,0],[112.87550149300012,-7.5575559709999425,0],[112.87548701100002,-7.5575420259999646,0],[112.87546287500004,-7.5575323719999687,0],[112.87544732100002,-7.557523253999932,0],[112.87542372100006,-7.557510916999945,0],[112.87540226600004,-7.5575076989999275,0],[112.87537866700006,-7.55750984499997,0],[112.87537656500001,-7.557510347999937,0],[112.8753652580001,-7.5575130629999308,0],[112.87534916700008,-7.5575184259999446,0],[112.8753298580001,-7.55751896299995,0],[112.87532127700001,-7.5575076989999275,0],[112.87532288600005,-7.5574948269999709,0],[112.87532717600004,-7.5574765899999647,0],[112.87532727400003,-7.5574748589999672,0],[112.87532771300005,-7.5574669359999689,0],[112.87532771300005,-7.5574535269999501,0],[112.8753298580001,-7.5574406549999367,0],[112.87533361300007,-7.5574352909999334,0],[112.87534326700006,-7.5574277819999338,0],[112.87535399400008,-7.5574250999999322,0],[112.87537705800003,-7.5574090089999686,0],[112.87541353000006,-7.557404718999976,0],[112.87542854800006,-7.5573982819999515,0],[112.87545643900012,-7.5573875549999343,0],[112.87547360200006,-7.5573296289999803,0],[112.87547574700011,-7.5572974469999394,0],[112.87548647500012,-7.5572652659999449,0],[112.87549934700007,-7.5571987569999806,0],[112.87548862000006,-7.5571451219999517,0],[112.87549291100004,-7.5570979219999685,0],[112.87551436500007,-7.5570571589999531,0],[112.87555083700011,-7.5570442859999503,0],[112.87559803700003,-7.5570206869999765,0],[112.87561305500003,-7.5569584689999374,0],[112.87561091000009,-7.5569563239999411,0],[112.87559589200009,-7.5569477419999771,0],[112.87557443700007,-7.55691341499994,0],[112.87556800100003,-7.5569005429999265,0],[112.87555727400002,-7.5568855249999274,0],[112.87553367400005,-7.5568662159999462,0],[112.87552723800002,-7.5568275979999271,0],[112.87552080100011,-7.5568082889999459,0],[112.87553581900011,-7.5567675259999305,0],[112.87554225600002,-7.5567246169999294,0],[112.87555941900007,-7.5566688359999716,0],[112.87555298300003,-7.5566001829999436,0],[112.87554225600002,-7.5565529829999605,0],[112.87552080100011,-7.5565229469999622,0],[112.87549505600009,-7.556516510999927,0],[112.87548647500012,-7.5565186559999802,0],[112.87545429300008,-7.5565186559999802,0],[112.8754049480001,-7.5565057839999668,0],[112.87531698600003,-7.5564864749999288,0],[112.87529767700005,-7.5564950569999496,0],[112.87527407700009,-7.556516510999927,0],[112.87525262300005,-7.5565229469999622,0],[112.87521829600007,-7.556512219999945,0],[112.87519684200004,-7.5564628749999656,0],[112.87520971400011,-7.5564092389999473,0],[112.87523545900001,-7.5563513129999365,0],[112.87523760500005,-7.5563191309999524,0],[112.87521186000004,-7.5562569139999596,0],[112.87518182400004,-7.5562376049999784,0],[112.87515393300009,-7.5562225869999793,0],[112.87513033300002,-7.556201132999945,0],[112.87513033300002,-7.5561453519999304,0],[112.87514964200011,-7.5560895699999264,0],[112.87514106000003,-7.5560509529999536,0],[112.87511960600011,-7.5560123349999344,0],[112.87499072000003,-7.5557505899999455,0],[112.87497800800008,-7.5557334289999289,0],[112.87494153600005,-7.5556905199999278,0],[112.87490506300003,-7.5556519029999549,0],[112.87484713700007,-7.5556025579999755,0],[112.87481638600002,-7.5555656569999314,0],[112.87476355500007,-7.5555430579999552,0],[112.87474356700011,-7.5555187869999259,0],[112.87473642900011,-7.5554945169999428,0],[112.87473500100009,-7.5554602529999784,0],[112.87475447500003,-7.5554273509999348,0],[112.87476926600004,-7.5554045729999757,0],[112.87478639800008,-7.5553845859999456,0],[112.87481352400005,-7.5553745919999642,0],[112.87483779400009,-7.555376019999926,0],[112.87485492600001,-7.5553803029999358,0],[112.87487491400009,-7.5553917239999464,0],[112.87490061200003,-7.5554045729999757,0],[112.87492059900001,-7.5554074289999562,0],[112.87492293600008,-7.555406454999968,0],[112.87493773100005,-7.5554002899999659,0],[112.87494772500008,-7.5553874409999366,0],[112.87496914000008,-7.5553503219999811,0],[112.87497342300003,-7.555321767999942,0],[112.87496057400006,-7.5552846479999403,0],[112.87493202100006,-7.5552446729999474,0],[112.87491060600007,-7.5552118369999448,0],[112.87489061800011,-7.5551804279999715,0],[112.87488719200007,-7.5551735749999693,0],[112.87485826700004,-7.5551482829999372,0],[112.87481495100008,-7.555129031999968,0],[112.87476355500007,-7.5551147549999769,0],[112.87471009800004,-7.5551081489999774,0],[112.87470143300004,-7.555107077999935,0],[112.87466361800011,-7.5550919119999662,0],[112.87465790700003,-7.5550676419999263,0],[112.87466652400008,-7.555046344999937,0],[112.87468788800004,-7.5550262389999716,0],[112.87471644200002,-7.555006250999952,0],[112.87473357400006,-7.5549962579999601,0],[112.87474642300003,-7.5549762699999405,0],[112.87473785700001,-7.5549519999999575,0],[112.87472215200012,-7.5549263019999557,0],[112.87470359200006,-7.5549048859999743,0],[112.8746693280001,-7.5548820439999531,0],[112.87463220900008,-7.5548577729999806,0],[112.87460222700008,-7.5548363579999318,0],[112.87455654200005,-7.5548149429999398,0],[112.87450371800003,-7.5547920999999292,0],[112.87445374900005,-7.5547721129999559,0],[112.87438807600006,-7.5547578359999648,0],[112.87432954100007,-7.5547349929999541,0],[112.87417941500007,-7.5546942139999373,0],[112.87412252800004,-7.5546850239999799,0],[112.87408540900003,-7.5546835969999506,0],[112.87406399300005,-7.554666463999979,0],[112.87405542700003,-7.5546421939999391,0],[112.87405542700003,-7.5546271739999611,0],[112.87405542700003,-7.5546093569999471,0],[112.87406970400002,-7.5545865149999258,0],[112.87407827000004,-7.5545693819999542,0],[112.87407827000004,-7.5545551059999525,0],[112.87406970400002,-7.5545451119999711,0],[112.87403972300001,-7.5545294079999508,0],[112.87399546500001,-7.5545108479999499,0],[112.87397547700004,-7.5544937159999677,0],[112.87392836400011,-7.5544680169999765,0],[112.87390266600005,-7.554470872999957,0],[112.87386697400007,-7.5544737279999481,0],[112.8738398480001,-7.5544637339999667,0],[112.87382699900002,-7.5544466019999277,0],[112.87378559600006,-7.5544151929999543,0],[112.87375989800012,-7.5544109099999446,0],[112.87371992300007,-7.5544094829999722,0],[112.87366995500008,-7.5544051999999624,0],[112.87363140700006,-7.5543880679999802,0],[112.87360713700002,-7.5543637969999509,0],[112.87360428200009,-7.5543438099999776,0],[112.87359286000003,-7.5543309599999588,0],[112.87357715600001,-7.5543266769999491,0],[112.87355145700008,-7.5543366709999304,0],[112.87353920100009,-7.5543480519999662,0],[112.8735314700001,-7.5543552309999313,0],[112.87351005500011,-7.5543552309999313,0],[112.87349292300007,-7.5543423819999589,0],[112.87348292900003,-7.5543266769999491,0],[112.87347867100004,-7.5543153239999583,0],[112.87347436300001,-7.5543038349999279,0],[112.87346151400004,-7.5542781359999367,0],[112.8734429540001,-7.5542667149999261,0],[112.87342439400004,-7.554269569999974,0],[112.87338913500002,-7.5542669119999459,0],[112.87335784400011,-7.5542499929999281,0],[112.87330875200007,-7.5542067529999599,0],[112.8732887650001,-7.5541896199999314,0],[112.87325735600007,-7.5541624949999573,0],[112.8732302300001,-7.5541425069999377,0],[112.87318026200001,-7.5541182369999547,0],[112.87313600400012,-7.5541011049999724,0],[112.87304606000009,-7.5540868279999813,0],[112.87298895300012,-7.5540711229999715,0],[112.87295468900004,-7.5540696959999423,0],[112.87291899700006,-7.5540725509999334,0],[112.87289187100009,-7.5540768339999431,0],[112.87286004100008,-7.5540995189999762,0],[112.87281477600004,-7.5541182369999547,0],[112.8727890780001,-7.5541282299999466,0],[112.8727605250001,-7.5541225199999644,0],[112.87271341100006,-7.5541068149999546,0],[112.87268914100002,-7.5540939659999253,0],[112.87267058100008,-7.5540925379999635,0],[112.8726420270001,-7.5540925379999635,0],[112.87260891400001,-7.554080484999929,0],[112.87258634800003,-7.5540611299999796,0],[112.87256636100005,-7.5540611299999796,0],[112.87254733700001,-7.5540758179999443,0],[112.8725178200001,-7.5540939659999253,0],[112.87249497700009,-7.5541011049999724,0],[112.87245785700009,-7.554095393999944,0]]],[[[112.82331455200006,-7.4928577279999331,0],[112.82329313600007,-7.4928172769999719,0],[112.82329789500011,-7.492791102999945,0],[112.82332406900002,-7.4927625499999522,0],[112.82332882800006,-7.492729236999935,0],[112.8233121720001,-7.4927054429999771,0],[112.82327142500003,-7.4926909019999357,0],[112.82323127000006,-7.492667370999925,0],[112.82319319900012,-7.4926530939999338,0],[112.82316464600001,-7.4926578529999688,0],[112.82310753800004,-7.4926792689999502,0],[112.82305994900003,-7.4927149599999439,0],[112.82299808300002,-7.4927577909999741,0],[112.82292432000008,-7.4928148979999492,0],[112.82285293600012,-7.4928957999999284,0],[112.82281010600002,-7.4929338709999342,0],[112.82277441400004,-7.4929648039999392,0],[112.82273634300009,-7.4929957369999443,0],[112.82268161500008,-7.493019530999959,0],[112.8226459230001,-7.4930457059999753,0],[112.82261499000003,-7.4930861559999471,0],[112.8226051690001,-7.4931215139999381,0],[112.82260309300011,-7.4931289869999773,0],[112.82257929800005,-7.4931765759999394,0],[112.82255788300006,-7.4932455799999502,0],[112.82234680700003,-7.4932125669999436,0],[112.82174904700003,-7.4947259979999785,0],[112.82167403800008,-7.4948599609999746,0],[112.82103397300011,-7.4960030779999443,0],[112.8206477440001,-7.4966850549999435,0],[112.82050513600007,-7.4973017989999562,0],[112.82054673100004,-7.4977524959999755,0],[112.82068933800008,-7.4980312159999585,0],[112.82091513300009,-7.4984522619999439,0],[112.82127165400004,-7.4987784219999298,0],[112.82193121400007,-7.499140165999961,0],[112.82251947000009,-7.4994307459999732,0],[112.8230007730001,-7.4998695779999593,0],[112.82303455100009,-7.4999183379999295,0],[112.82333352400008,-7.5003499249999663,0],[112.82334320400003,-7.5003703189999555,0],[112.82360091500004,-7.5009132909999607,0],[112.8238148260001,-7.5017494429999374,0],[112.82384453600002,-7.5022357179999517,0],[112.82382076700003,-7.5025559449999264,0],[112.82379336200006,-7.5026291119999655,0],[112.82358308900007,-7.5031904699999359,0],[112.82317309200005,-7.504115570999943,0],[112.82279874500011,-7.5050050889999511,0],[112.82278634800002,-7.5050722499999551,0],[112.82259077500009,-7.506131810999932,0],[112.82259671700001,-7.5065113369999494,0],[112.82284034000008,-7.5069976039999347,0],[112.82333352500007,-7.5076795639999432,0],[112.82369598500009,-7.5084682639999301,0],[112.82375041100011,-7.50875795099995,0],[112.82385642200006,-7.5093221939999353,0],[112.82381482500011,-7.5099270599999386,0],[112.82373856100003,-7.5101690559999383,0],[112.82358308900007,-7.5106623829999535,0],[112.82339888700005,-7.5111960879999629,0],[112.82294135300003,-7.5123880209999356,0],[112.82289053000011,-7.512608863999958,0],[112.82265613700008,-7.5136273929999788,0],[112.8224303400001,-7.5144121279999467,0],[112.82212279500004,-7.5149374969999485,0],[112.82210056200006,-7.514975475999961,0],[112.82160737600009,-7.5158560779999561,0],[112.82135781400007,-7.516410528999927,0],[112.82104585900004,-7.5172081079999771,0],[112.82087818800005,-7.5177357079999751,0],[112.82075469800009,-7.5181242829999633,0],[112.82060020800009,-7.5184356049999792,0],[112.82033876000003,-7.5188447699999301,0],[112.81984779200002,-7.5193347419999554,0],[112.8197772420001,-7.5194051499999546,0],[112.81918304100009,-7.5198261729999558,0],[112.81838384500008,-7.5201493519999758,0],[112.81752522700003,-7.5204636359999313,0],[112.81647052200003,-7.5208520449999696,0],[112.81570400600003,-7.5211426099999699,0],[112.81533414800003,-7.5213348519999386,0],[112.81520323600012,-7.5214028959999268,0],[112.81513357400001,-7.5214391039999668,0],[112.8147087210001,-7.5218541989999608,0],[112.81461441400006,-7.5219949779999524,0],[112.81435517200009,-7.522381955999947,0],[112.81423893800002,-7.5226041189999364,0],[112.81417988500004,-7.5227169929999604,0],[112.81399865300011,-7.5231795229999534,0],[112.81394220400011,-7.5236005439999758,0],[112.81397082800004,-7.5239106709999533,0],[112.81398379800009,-7.5240512139999396,0],[112.81405635500005,-7.5245552769999335,0],[112.81406104400003,-7.5245878639999546,0],[112.81405275200007,-7.5246697829999789,0],[112.814050855,-7.5246885269999666,0],[112.81403133400011,-7.5248813909999512,0],[112.81400315100007,-7.5249650749999546,0],[112.81391556700009,-7.5252251269999419,0],[112.81391277500006,-7.5252334249999535,0],[112.81389622200004,-7.5252825749999488,0],[112.81386958200005,-7.525361676999978,0],[112.81386419000012,-7.5253776819999416,0],[112.8138364240001,-7.5254062099999715,0],[112.81359443600002,-7.525560235999933,0],[112.81349182800011,-7.5256286659999319,0],[112.81341583200003,-7.5256319699999494,0],[112.81317915200009,-7.5256422609999731,0],[112.81291405800005,-7.5256490579999422,0],[112.81257852700003,-7.5255785969999351,0],[112.8122097160001,-7.5255045089999726,0],[112.81188152600009,-7.5254985429999692,0],[112.81154594600002,-7.5255367899999328,0],[112.81128724500002,-7.5255870009999626,0],[112.81112318100008,-7.5256333759999734,0],[112.81087307100006,-7.5256326049999416,0],[112.8107694900001,-7.5255822069999567,0],[112.81071679400009,-7.5255357899999353,0],[112.81060717300011,-7.5254392299999608,0],[112.81049598400011,-7.5251882389999309,0],[112.81038999200007,-7.5247958749999384,0],[112.81019718400012,-7.5240106249999599,0],[112.80984847500008,-7.5230320969999411,0],[112.80971741400003,-7.5228895669999361,0],[112.80923986400001,-7.5225588669999297,0],[112.8088845740001,-7.5223879369999622,0],[112.80848428900003,-7.5222518559999685,0],[112.80806683200001,-7.5222538389999727,0],[112.80760595100003,-7.5223667649999584,0],[112.80758094900011,-7.522372890999975,0],[112.80716187700011,-7.5223919399999772,0],[112.80628212000011,-7.5223734709999803,0],[112.80551594100007,-7.5221990699999424,0],[112.80490698900007,-7.5219588559999693,0],[112.80404886000008,-7.5216949049999471,0],[112.80354020200002,-7.5215807259999679,0],[112.80303568200009,-7.5215363629999388,0],[112.80224010900008,-7.5214664069999344,0],[112.80160056900002,-7.5214547239999661,0],[112.80116489500006,-7.5215117229999464,0],[112.80079927100007,-7.5216410929999711,0],[112.80041515400001,-7.5218351919999691,0],[112.79945771100006,-7.5228418389999661,0],[112.79892027100004,-7.5232884039999703,0],[112.79825911900002,-7.523837761999971,0],[112.79732300000001,-7.5243888869999296,0],[112.7969319230001,-7.5244020909999563,0],[112.79651327500005,-7.5244537649999756,0],[112.79590083200003,-7.524727453999958,0],[112.7955734200001,-7.5245448609999812,0],[112.79513007800006,-7.5243831529999738,0],[112.79510133800011,-7.5243722739999725,0],[112.79486416700001,-7.5242824959999552,0],[112.79462302800005,-7.5241452449999429,0],[112.79433258600011,-7.5239281879999567,0],[112.79406941200011,-7.5238056139999685,0],[112.79360434400007,-7.5236111689999348,0],[112.7933309230001,-7.5235478689999695,0],[112.79287566800008,-7.5233854179999753,0],[112.79250530400009,-7.5233247349999601,0],[112.79222228800006,-7.5232866589999503,0],[112.79184724000004,-7.5232527879999793,0],[112.791674521,-7.5232219159999545,0],[112.79122413300001,-7.5231605779999313,0],[112.79095508000012,-7.5231473479999522,0],[112.7907154080001,-7.5231754179999371,0],[112.7903368420001,-7.5233172769999328,0],[112.79023173600001,-7.5233852039999647,0],[112.79005928700008,-7.5234361979999562,0],[112.78995643700011,-7.5234543609999491,0],[112.78969824100011,-7.5234181629999739,0],[112.789545954,-7.5234241639999482,0],[112.78902031400003,-7.5234271359999525,0],[112.78823494300002,-7.5234091579999358,0],[112.78786247200003,-7.5234192899999357,0],[112.78767257000004,-7.5234071459999541,0],[112.78758115400001,-7.5234489619999749,0],[112.78742469800011,-7.5236697789999312,0],[112.78739886300002,-7.523749309999971,0],[112.78729437600009,-7.5240734089999251,0],[112.78726902000005,-7.5242592779999313,0],[112.78725405000012,-7.5244602899999791,0],[112.78729040300004,-7.5246718499999474,0],[112.7873220460001,-7.5247624609999662,0],[112.78751828500003,-7.5250277649999475,0],[112.78785385600008,-7.5250916379999353,0],[112.78802196900006,-7.5251172409999754,0],[112.7882989310001,-7.5251701459999367,0],[112.78870027100004,-7.5252632689999359,0],[112.78879102800011,-7.5252987819999362,0],[112.78900436700008,-7.5254141739999341,0],[112.78924660500002,-7.5255624599999464,0],[112.78948046200003,-7.5257710639999686,0],[112.78962508600011,-7.5259333549999496,0],[112.78990414400005,-7.5262360459999513,0],[112.79003227200008,-7.5263529909999534,0],[112.79015248900009,-7.5265577529999632,0],[112.79020474900005,-7.5266752369999494,0],[112.7902270830001,-7.5268603039999675,0],[112.79020798200008,-7.5270283179999637,0],[112.79019853000011,-7.5273460079999381,0],[112.79021201300009,-7.5280839599999467,0],[112.78987506400006,-7.528363001999935,0],[112.78939139100009,-7.5287576589999503,0],[112.78906241600009,-7.5289070479999509,0],[112.78890891000003,-7.5289490939999268,0],[112.78869788600002,-7.5289308179999352,0],[112.78841471600003,-7.5288825819999374,0],[112.78810314200007,-7.5288359619999596,0],[112.78775156000006,-7.5286962789999734,0],[112.78735758500011,-7.528525353999953,0],[112.78691808200006,-7.5281511869999349,0],[112.78650760300002,-7.5278167459999281,0],[112.7862545050001,-7.5276515739999468,0],[112.78579432200002,-7.5275090529999602,0],[112.78556758900004,-7.5274782259999711,0],[112.78505995600005,-7.5274308529999416,0],[112.78426875500008,-7.5275081109999746,0],[112.78366216100005,-7.5278216039999393,0],[112.78322763900007,-7.5281051839999691,0],[112.78286808200005,-7.5283099919999472,0],[112.78249504300004,-7.5283954689999746,0],[112.78225354800009,-7.5284203399999683,0],[112.78191612700004,-7.5284418409999603,0],[112.78158474800011,-7.5284260069999505,0],[112.78124068500006,-7.5283271009999453,0],[112.78078898500007,-7.528115507999928,0],[112.78041870400011,-7.527860594999936,0],[112.77997016300003,-7.5272314259999575,0],[112.77972674000011,-7.5269806529999528,0],[112.77946082500011,-7.5268704589999516,0],[112.77929011800006,-7.52685568499993,0],[112.77874695900005,-7.5269280799999478,0],[112.7782722390001,-7.5271167329999571,0],[112.77805586800002,-7.5272027179999554,0],[112.77764453000009,-7.5273563449999301,0],[112.77713283700007,-7.5275474529999542,0],[112.77676681200001,-7.5276452639999434,0],[112.77628254000001,-7.5277377589999332,0],[112.77609090300007,-7.5277404479999745,0],[112.77584374100002,-7.5277001359999645,0],[112.77565483500007,-7.5276304189999337,0],[112.77540334800005,-7.5274872449999748,0],[112.77515678200007,-7.5272145479999608,0],[112.7750863330001,-7.527136632999941,0],[112.77479133600002,-7.5264571139999816,0],[112.77458199200009,-7.5260332789999325,0],[112.77438538700005,-7.5258617069999332,0],[112.77418732900003,-7.5257501519999437,0],[112.7736791210001,-7.5257724359999543,0],[112.773185463,-7.5259974539999348,0],[112.77266390400007,-7.5262781619999259,0],[112.77233898700001,-7.5264025259999698,0],[112.77194755100004,-7.5264959499999691,0],[112.77058895500011,-7.5265233949999697,0],[112.77027673200007,-7.5265005479999445,0],[112.76937816100008,-7.5266698909999263,0],[112.76904709200005,-7.5267811899999515,0],[112.76811248200011,-7.5271861269999363,0],[112.76772921000008,-7.5275607769999624,0],[112.76755986500007,-7.5276944719999506,0],[112.7673939660001,-7.5277700479999794,0],[112.76708268900006,-7.5278221229999644,0],[112.76681943800008,-7.5277851289999376,0],[112.7667043890001,-7.5277354999999488,0],[112.76644884300003,-7.527603643999953,0],[112.76592520300005,-7.5272309119999363,0],[112.76520650600003,-7.5266413209999428,0],[112.76486729200008,-7.5268659459999299,0],[112.76452861400003,-7.5270027709999567,0],[112.76412459500011,-7.5270842639999387,0],[112.76346682900009,-7.5270990259999735,0],[112.76319664800008,-7.5271289109999771,0],[112.76286560100004,-7.527104445999953,0],[112.76237806800009,-7.5270690129999593,0],[112.76218622800002,-7.5269981889999258,0],[112.76202278700009,-7.5269373179999661,0],[112.7618573740001,-7.5268023069999686,0],[112.76155883900003,-7.526649951999957,0],[112.76114214400002,-7.5264945689999649,0],[112.76101803600011,-7.526409980999972,0],[112.76076351800009,-7.526308662999952,0],[112.76022205300001,-7.5261443369999483,0],[112.75992216200007,-7.5260166999999569,0],[112.75956225800007,-7.5257693849999328,0],[112.75894044400002,-7.5254594959999395,0],[112.75832585700005,-7.5253076309999756,0],[112.75819987300008,-7.5255273959999727,0],[112.75806313200007,-7.5257230009999603,0],[112.75788656500004,-7.5259035259999791,0],[112.75763707600004,-7.5261094189999653,0],[112.75756985900011,-7.5260952269999279,0],[112.75744116700002,-7.5260560679999458,0],[112.75736905500003,-7.5260365139999408,0],[112.75731647600003,-7.5260014389999697,0],[112.7572732540001,-7.5259833709999384,0],[112.7572351550001,-7.5259724599999345,0],[112.75720129500007,-7.5259725949999279,0],[112.75717546900012,-7.5259844529999782,0],[112.75715770400006,-7.5260116449999259,0],[112.75713785000005,-7.5260330819999695,0],[112.75712346000012,-7.5260380719999489,0],[112.75710368600005,-7.5260314999999309,0],[112.7570810200001,-7.5260179329999346,0],[112.75705492200007,-7.5260108609999747,0],[112.75698354300005,-7.5259952979999412,0],[112.75695326400012,-7.5259915319999777,0],[112.75693380900009,-7.5259969929999784,0],[112.75691351500006,-7.5260174079999729,0],[112.75687972300011,-7.5260642219999454,0],[112.75684797300005,-7.5261118659999511,0],[112.75684506000005,-7.5261408169999413,0],[112.75682434800001,-7.5261980829999402,0],[112.75676702800001,-7.5263251029999765,0],[112.75672695000003,-7.5264018099999248,0],[112.75669762500002,-7.5264272609999807,0],[112.75667220700007,-7.5264412089999269,0],[112.75664706900011,-7.526449083999978,0],[112.75659308500008,-7.5264518529999691,0],[112.75633765700002,-7.5264541089999284,0],[112.75626288000001,-7.5264361099999633,0],[112.7561268720001,-7.5264365079999607,0],[112.75609694000002,-7.5264450699999657,0],[112.75597865200007,-7.5265280839999491,0],[112.7559272420001,-7.5265524759999494,0],[112.75587731100006,-7.5265612889999716,0],[112.75576919100001,-7.5265510409999479,0],[112.7557402430001,-7.5265651559999469,0],[112.75568044500005,-7.5266088249999257,0],[112.7556381820001,-7.52662283199993,0],[112.75557986100011,-7.526614494999933,0],[112.75548043300012,-7.52658741099998,0],[112.7553840700001,-7.5265588409999395,0],[112.75533413800008,-7.52656542699998,0],[112.75529400000005,-7.5265835019999372,0],[112.75523748300009,-7.5266529669999613,0],[112.75511510500007,-7.5268150209999476,0],[112.75501870300002,-7.5269254509999541,0],[112.75485618000005,-7.5270628679999732,0],[112.75474446100009,-7.5271629059999441,0],[112.75461512400011,-7.5273098309999682,0],[112.75448873100004,-7.5274734899999771,0],[112.75440769200009,-7.527608455999939,0],[112.75437404900003,-7.5276964979999548,0],[112.75435294800002,-7.5277819509999517,0],[112.75433797800008,-7.5279184359999363,0],[112.75434642700009,-7.5280917439999371,0],[112.7543487910001,-7.5282027349999794,0],[112.75433729600002,-7.5283247869999741,0],[112.75431809200006,-7.5284327439999288,0],[112.75430771000003,-7.5285136229999807,0],[112.75419763500008,-7.5285272539999255,0],[112.75390957800005,-7.5285485029999677,0],[112.75368816600007,-7.5285799129999305,0],[112.75344862700001,-7.5286422239999524,0],[112.75320795800008,-7.5287048279999453,0],[112.75310195500003,-7.5287254139999504,0],[112.75297356500005,-7.5287503289999336,0],[112.75286278400006,-7.5287426389999723,0],[112.75281913100002,-7.5287365939999518,0],[112.7526833820001,-7.5287199119999286,0],[112.75259937300007,-7.5287126169999397,0],[112.75254501000006,-7.5286981979999723,0],[112.752501628,-7.5287081999999259,0],[112.75243460000002,-7.5287376499999255,0],[112.75227931000006,-7.5287805759999742,0],[112.75218938400008,-7.5287955709999324,0],[112.75211091600011,-7.5288255959999333,0],[112.75175883800011,-7.5291513489999602,0],[112.75168145100008,-7.5292215129999249,0],[112.75162900700002,-7.5292949259999773,0],[112.75158669600012,-7.5293888139999581,0],[112.7515709060001,-7.5294720169999323,0],[112.75154012000007,-7.5296057989999667,0],[112.75153071900002,-7.5296837849999747,0],[112.75153017600007,-7.5297560729999304,0],[112.75153593000005,-7.5298756639999738,0],[112.75154929600001,-7.5299803919999704,0],[112.75154802200007,-7.5300421939999751,0],[112.75152662300002,-7.5301115279999635,0],[112.75152090500001,-7.5301712389999693,0],[112.75148747100002,-7.530249089999927,0],[112.7514846040001,-7.5303465649999453,0],[112.75147225900002,-7.5304173929999365,0],[112.75145528700011,-7.5304698469999494,0],[112.75140153900008,-7.5305860869999606,0],[112.7513324900001,-7.5307587099999296,0],[112.75128436500006,-7.5308790209999756,0],[112.75120525200009,-7.5310245999999665,0],[112.75118375700004,-7.5310624559999724,0],[112.75117792800006,-7.5310899939999558,0],[112.75110049300008,-7.5312664869999253,0],[112.75104712600012,-7.5314289619999499,0],[112.75098986000012,-7.5315348639999797,0],[112.75089996000008,-7.5317127299999811,0],[112.75082140900008,-7.5318907069999455,0],[112.75077171300006,-7.5320122769999784,0],[112.75068882800008,-7.5322657109999795,0],[112.75065771700008,-7.5323983669999279,0],[112.75062730700006,-7.5324689609999496,0],[112.75062847100003,-7.5324980029999438,0],[112.75063041600004,-7.5325663649999797,0],[112.75062895800011,-7.5326222719999691,0],[112.75060718300006,-7.5326920299999642,0],[112.75057651800012,-7.5327902679999283,0],[112.75050064200002,-7.5330010729999799,0],[112.75040550500012,-7.5332215189999374,0],[112.75036188900003,-7.533334434999972,0],[112.75034892500003,-7.5334004339999296,0],[112.75034768,-7.5334699519999617,0],[112.75035125500006,-7.5334908529999325,0],[112.75037596100003,-7.5335242459999563,0],[112.75046246400007,-7.5335747359999345,0],[112.7505776700001,-7.5336095609999347,0],[112.75069098500001,-7.5336210689999348,0],[112.75085883400004,-7.5336316419999321,0],[112.75101686400001,-7.533631325999977,0],[112.75097597400008,-7.5337077899999372,0],[112.75088903900007,-7.5338857969999253,0],[112.75079594300007,-7.5340883389999362,0],[112.75066459900006,-7.5343332349999628,0],[112.75059035200002,-7.5344691739999803,0],[112.75054757000009,-7.5345608489999449,0],[112.75050128500004,-7.5346980819999771,0],[112.75046756400002,-7.5347928289999686,0],[112.75042995900003,-7.5348462719999816,0],[112.75035882000009,-7.5349319979999336,0],[112.75026434900008,-7.5350464869999314,0],[112.75017665300004,-7.5351465959999473,0],[112.75014007100003,-7.5351704259999792,0],[112.75011417600001,-7.5352103889999285,0],[112.75006317600003,-7.5352740789999757,0],[112.75004000300009,-7.535324050999975,0],[112.75001971300003,-7.5353754459999323,0],[112.74998592200006,-7.5354735529999743,0],[112.74997497300001,-7.5355187019999335,0],[112.74994794700001,-7.535592114999929,0],[112.74989918800009,-7.5356685069999685,0],[112.74982327100008,-7.5357595569999489,0],[112.74971302200004,-7.5358774409999683,0],[112.74962258000005,-7.5359648159999324,0],[112.74953536300006,-7.5360703099999569,0],[112.7494299440001,-7.5362079969999627,0],[112.74935100500011,-7.5363210629999458,0],[112.74918639000009,-7.5362902109999368,0],[112.74906815100007,-7.5362673849999737,0],[112.74885470300001,-7.5362214429999312,0],[112.74868512700004,-7.5361932489999504,0],[112.7486469270001,-7.5361777769999776,0],[112.74859126700005,-7.5361669939999274,0],[112.74848244700001,-7.5361569829999553,0],[112.74838627800011,-7.5361417099999812,0],[112.74829793000004,-7.5361077429999455,0],[112.74790095700007,-7.5359515759999454,0],[112.74769542400009,-7.535869623999929,0],[112.74762582800008,-7.5358507639999743,0],[112.74755836000008,-7.5358455449999724,0],[112.74752762800006,-7.5358523519999494,0],[112.74746094900001,-7.53588715799998,0],[112.74742036200007,-7.5359148599999344,0],[112.74739901800001,-7.5359162659999583,0],[112.74736161200008,-7.5359160539999266,0],[112.74714817400002,-7.5358843479999678,0],[112.7466101870001,-7.5357843379999281,0],[112.74640826300003,-7.5357601229999318,0],[112.74628192800003,-7.5357453399999486,0],[112.74621069800003,-7.535745254999938,0],[112.74618116300007,-7.5357671309999432,0],[112.7461539730001,-7.5358016879999354,0],[112.74613006300001,-7.535847356999966,0],[112.7460924940001,-7.5358998019999603,0],[112.74601337000001,-7.535920937999947,0],[112.74599489600007,-7.535856507999938,0],[112.74595948700005,-7.5358143059999634,0],[112.74590466800009,-7.5357829469999729,0],[112.74580746100003,-7.5357531919999587,0],[112.74550919000001,-7.5356724639999584,0],[112.74484907100009,-7.5357643479999297,0],[112.74446135100004,-7.5356088229999614,0],[112.74424667500011,-7.5358255739999436,0],[112.74402757900009,-7.5360493139999676,0],[112.74371721700004,-7.5363768139999365,0],[112.74347117100001,-7.5365169179999612,0],[112.74343775900002,-7.536535942999933,0],[112.74306916,-7.5368000839999354,0],[112.74283378200005,-7.5370459859999528,0],[112.74266740200005,-7.537244161999979,0],[112.74253704100011,-7.5372198189999722,0],[112.74167731600005,-7.5370092339999815,0],[112.74136845800001,-7.5369191169999681,0],[112.74101331100007,-7.5368308199999774,0],[112.74051714500001,-7.5367372769999292,0],[112.74016965200008,-7.5366444029999684,0],[112.73996185600004,-7.536595947999956,0],[112.73969676500008,-7.536558189999937,0],[112.7395060880001,-7.5365459369999712,0],[112.73936549300004,-7.5365385959999571,0],[112.73927045900007,-7.5365336339999658,0],[112.73897348800006,-7.5365181269999653,0],[112.73878631400009,-7.5364829719999307,0],[112.7386051740001,-7.5363969189999693,0],[112.73849784900005,-7.5363550019999366,0],[112.73842214000001,-7.5363057819999426,0],[112.73822894000011,-7.5361902839999289,0],[112.73766917900002,-7.5358985889999417,0],[112.73760347300004,-7.53587809499993,0],[112.73754626600009,-7.535860252999953,0],[112.73736759300004,-7.5357892949999723,0],[112.73693829900003,-7.5355962059999797,0],[112.73681473900001,-7.5355245409999725,0],[112.73667273400008,-7.5354117469999551,0],[112.73663384800011,-7.5353705949999608,0],[112.73657852600002,-7.53533073899996,0],[112.73647323400007,-7.5352444829999286,0],[112.73638697900003,-7.5352034379999395,0],[112.73627879300011,-7.5351696099999685,0],[112.73611508600004,-7.5351353449999579,0],[112.73595107100004,-7.5351046709999423,0],[112.73578408100002,-7.5350604429999635,0],[112.73572702000001,-7.5350179509999293,0],[112.73564680800007,-7.534938325999974,0],[112.7356001710001,-7.5348612309999794,0],[112.73553069000002,-7.5347736669999676,0],[112.73547627300002,-7.5347293399999558,0],[112.73540674100002,-7.5347010009999735,0],[112.73529464800004,-7.5347032349999381,0],[112.73519185500004,-7.5347175119999292,0],[112.73507193000012,-7.5347279819999358,0],[112.73497199300004,-7.5346975249999559,0],[112.73491488600007,-7.5346642119999387,0],[112.73484064700006,-7.5346052009999767,0],[112.73476069700007,-7.5345300109999584,0],[112.73469216800004,-7.5345109749999324,0],[112.73455130400009,-7.5345043119999673,0],[112.7344094880001,-7.5344928909999567,0],[112.73429717800002,-7.5344738549999306,0],[112.73420428600002,-7.5344541609999283,0],[112.73408300000006,-7.5343836319999582,0],[112.73400783500006,-7.5343206179999811,0],[112.73394025900006,-7.5342425719999255,0],[112.73377663500003,-7.5341210219999653,0],[112.73363178400007,-7.5340165869999396,0],[112.7334577040001,-7.5339294349999477,0],[112.73334356300006,-7.5338816989999486,0],[112.73307223100005,-7.533847580999975,0],[112.73293612600003,-7.533839966999949,0],[112.73283333300003,-7.5338209309999797,0],[112.73274886800004,-7.5337733679999701,0],[112.73260202600011,-7.5337195449999399,0],[112.73243466800011,-7.5336391279999475,0],[112.73229393400004,-7.5335650579999651,0],[112.73214554800006,-7.5335022009999761,0],[112.73201541000003,-7.5334470729999339,0],[112.73191179000003,-7.5334249919999365,0],[112.73177394900006,-7.5334162939999487,0],[112.73160175900011,-7.5334844819999489,0],[112.73136152800009,-7.5337654609999731,0],[112.73111959900007,-7.5340844959999345,0],[112.73105130600004,-7.5342685489999326,0],[112.73094582700003,-7.5342551439999284,0],[112.73034970200001,-7.5340653749999547,0],[112.73023598500004,-7.534330481999973,0],[112.73010892800005,-7.534641530999977,0],[112.73004170600007,-7.5348573519999604,0],[112.73001973600003,-7.5350001609999708,0],[112.72991687800004,-7.535162517999936,0],[112.72963526400008,-7.5353721749999636,0],[112.72950036900011,-7.5354719339999292,0],[112.72942908700009,-7.5355329569999299,0],[112.7293765390001,-7.5356132329999355,0],[112.72930431400005,-7.5357447539999498,0],[112.72925259100009,-7.5359126119999473,0],[112.72919263200004,-7.5359520499999348,0],[112.72912009300001,-7.5359997629999498,0],[112.72888628600003,-7.5360848059999626,0],[112.72875637000004,-7.5360957719999533,0],[112.72870314000011,-7.5360931119999464,0],[112.72865340900012,-7.5360724079999386,0],[112.72851674300011,-7.5359578449999276,0],[112.72850254200011,-7.5359250079999356,0],[112.72849084100005,-7.5358762509999337,0],[112.72845027200003,-7.5358017709999672,0],[112.7284078990001,-7.5357560059999287,0],[112.72832834700012,-7.5357051249999358,0],[112.72825517000001,-7.5356898639999486,0],[112.72817850200011,-7.5357009319999406,0],[112.72810776900008,-7.5356976229999759,0],[112.72807768500002,-7.5357063929999413,0],[112.72805546500001,-7.5356664239999418,0],[112.7279939440001,-7.5356283899999426,0],[112.7279344100001,-7.5356075729999361,0],[112.72787291200007,-7.5355752809999785,0],[112.7277947880001,-7.5355366929999263,0],[112.72781508200001,-7.535500868999975,0],[112.72783794400004,-7.535462501999973,0],[112.72779750400002,-7.5354205569999522,0],[112.72764964500004,-7.5353732949999426,0],[112.72742496900003,-7.5352995419999615,0],[112.72618624200004,-7.5348604169999476,0],[112.72567157900005,-7.5346863729999427,0],[112.72471742800008,-7.5343731529999332,0],[112.72398181600011,-7.5341578729999696,0],[112.72351375200003,-7.5340066079999701,0],[112.72314887300001,-7.5338812519999578,0],[112.72293039500005,-7.53379838099994,0],[112.72273595500008,-7.5337321619999784,0],[112.72264948500003,-7.5336894399999323,0],[112.72258790900003,-7.5336739219999345,0],[112.72244835600009,-7.5337505179999766,0],[112.72232506800003,-7.5338543509999454,0],[112.72219027200003,-7.5339582289999498,0],[112.72201381100001,-7.5340737539999623,0],[112.72192915900007,-7.534127195999929,0],[112.7218820490001,-7.5341399509999292,0],[112.72172634800006,-7.534126558999958,0],[112.7215295200001,-7.5340627399999676,0],[112.72125813300011,-7.5339370149999354,0],[112.72110673900011,-7.5338443099999495,0],[112.72100347900005,-7.5337992619999454,0],[112.7209376720001,-7.5337450599999443,0],[112.72077360000003,-7.5337330459999521,0],[112.72045718000004,-7.533737877999954,0],[112.72000420400002,-7.5337647769999307,0],[112.71967345700011,-7.5337840189999383,0],[112.71946499700005,-7.5338099569999599,0],[112.71920269900011,-7.5338612259999422,0],[112.71897641600003,-7.5339267069999778,0],[112.71875371400006,-7.5339885849999746,0],[112.71866398800012,-7.5340319989999784,0],[112.71859178200009,-7.534111907999943,0],[112.71635537400005,-7.5349216049999654,0],[112.71634057900008,-7.5353104289999351,0],[112.71638938300009,-7.5357518519999758,0],[112.71624057600002,-7.5359886699999379,0],[112.71281758600003,-7.5350864779999256,0],[112.71207378600002,-7.5372826709999572,0],[112.71114393900007,-7.5369477039999424,0],[112.71189012900004,-7.5349352689999591,0],[112.70998368700009,-7.5342461499999445,0],[112.70978284800003,-7.5344130939999445,0],[112.70959104000008,-7.5343636939999783,0],[112.70925650800007,-7.5342790669999431,0],[112.70896000200003,-7.5342586489999803,0],[112.70879584800002,-7.5348853219999796,0],[112.70806870000001,-7.5363952699999572,0],[112.70836308900004,-7.5365800339999396,0],[112.70734963700011,-7.5384576709999465,0],[112.70597401000009,-7.5402363249999667,0],[112.7058925020001,-7.5402882119999504,0],[112.70583292200001,-7.5403781559999743,0],[112.7057644680001,-7.5404980399999317,0],[112.70568696700002,-7.5406030059999694,0],[112.70561544600002,-7.5407049589999815,0],[112.70556781700009,-7.5407858859999806,0],[112.70554701600008,-7.5408308229999648,0],[112.70553227900007,-7.5408936799999537,0],[112.70552710700008,-7.5410350919999587,0],[112.70506481300004,-7.5409601999999722,0],[112.70421329900012,-7.5429328579999719,0],[112.70410701200001,-7.5429348359999722,0],[112.70393678700009,-7.543489296999951,0],[112.70383768400006,-7.5434855959999254,0],[112.70378402200004,-7.5434953749999636,0],[112.70383449700012,-7.5436523539999598,0],[112.70388194000009,-7.5438508239999464,0],[112.70394314600003,-7.5441068679999717,0],[112.70398814500004,-7.5442951129999756,0],[112.7041681500001,-7.5450499349999518,0],[112.70418102800011,-7.5451065599999652,0],[112.70418224700006,-7.545106579999981,0],[112.70420105800008,-7.5451068849999388,0],[112.70431644200005,-7.54510875699998,0],[112.70435251100002,-7.5451093419999324,0],[112.70439576400008,-7.545110043999955,0],[112.70439853200003,-7.545109962999959,0],[112.70448961500006,-7.545107302999952,0],[112.70453660400005,-7.5451059309999664,0],[112.70463857900006,-7.5451029529999687,0],[112.70467467500009,-7.5451018989999739,0],[112.70471012500002,-7.5451008629999592,0],[112.70474540100008,-7.5450963609999349,0],[112.70480618900001,-7.5450886029999538,0],[112.70485564100011,-7.5450822919999609,0],[112.70493059700004,-7.5450727259999439,0],[112.70497940600001,-7.5450664969999366,0],[112.70504599500009,-7.5450579989999369,0],[112.70506320700008,-7.5450558019999789,0],[112.70509361300003,-7.5450519219999705,0],[112.70515295900009,-7.5450443479999763,0],[112.70518140900003,-7.5450407169999494,0],[112.70521374500004,-7.5450405089999322,0],[112.70525881000003,-7.5450402189999295,0],[112.70531691500003,-7.5450398449999625,0],[112.70536004600001,-7.545039567999936,0],[112.70539018200009,-7.5450395259999254,0],[112.70542970500003,-7.5450394699999492,0],[112.70549489700011,-7.5450393779999558,0],[112.70550657900003,-7.5450393619999545,0],[112.70551984200006,-7.5450393429999281,0],[112.70557372100006,-7.545039266999936,0],[112.70563282700004,-7.5450391839999611,0],[112.70568054600005,-7.5450391169999307,0],[112.70570011700011,-7.545039089999932,0],[112.70573749700009,-7.5450563079999711,0],[112.7057727130001,-7.5450725289999809,0],[112.70581173900007,-7.5450905049999619,0],[112.70584253700008,-7.5451046909999491,0],[112.7059268270001,-7.5451435159999392,0],[112.70593178500008,-7.5451457999999434,0],[112.70593651000002,-7.5451479759999529,0],[112.70601352000006,-7.545183447999932,0],[112.7060158380001,-7.5451884059999657,0],[112.70602532800001,-7.5452087009999786,0],[112.70604817600008,-7.5452575619999607,0],[112.70605140600003,-7.5452644689999602,0],[112.70605558400007,-7.5452734049999322,0],[112.70607322300009,-7.5453211949999286,0],[112.70607623000001,-7.5453293419999454,0],[112.70609198700004,-7.5453720309999426,0],[112.70610000400006,-7.5453937519999386,0],[112.70611683200002,-7.5454393439999308,0],[112.70611872100005,-7.5454444619999776,0],[112.70612660000006,-7.5454658069999709,0],[112.70614383300006,-7.5455124969999474,0],[112.7061549550001,-7.5455426309999325,0],[112.70616266700006,-7.545563523999931,0],[112.70616800800008,-7.545577992999938,0],[112.7061690590001,-7.5455798089999462,0],[112.70616958800008,-7.5455807229999436,0],[112.70617360900007,-7.5455876709999643,0],[112.70619710700009,-7.5456282689999625,0],[112.70620377000012,-7.5456397809999771,0],[112.70622584400007,-7.5456779179999671,0],[112.70623454000008,-7.5456929429999491,0],[112.70625307700004,-7.5457249709999701,0],[112.70625977400005,-7.5457365409999397,0],[112.70626849100006,-7.5457516019999389,0],[112.70629149400008,-7.545791344999941,0],[112.70629377300008,-7.5457952829999613,0],[112.7063000390001,-7.5458061089999546,0],[112.70631019500001,-7.5458328029999393,0],[112.7063224850001,-7.5458651059999511,0],[112.70633149800005,-7.5458887959999288,0],[112.70634574900009,-7.5459262539999372,0],[112.70635629000003,-7.5459539609999524,0],[112.70636465500002,-7.5459759479999775,0],[112.70637497600001,-7.5460030749999305,0],[112.70637746400007,-7.5460096139999564,0],[112.70638572300004,-7.5460313219999762,0],[112.70639055600009,-7.546042449999959,0],[112.7063931240001,-7.546048361999965,0],[112.70640413600006,-7.546073713999931,0],[112.70640857000001,-7.5460839219999798,0],[112.70641528300007,-7.5460993759999724,0],[112.7064306740001,-7.5461348099999555,0],[112.70644507600002,-7.5461679669999739,0],[112.70644838600003,-7.5461755879999259,0],[112.70646292300012,-7.5462090559999524,0],[112.70647129600002,-7.5462283319999415,0],[112.70648045400003,-7.5462355799999727,0],[112.70649913800003,-7.5462503669999705,0],[112.7065383370001,-7.5462813889999438,0],[112.70655192600009,-7.5462921429999597,0],[112.70658362600011,-7.5463172299999428,0],[112.70659596400003,-7.5463269939999691,0],[112.70662753300007,-7.5463519779999615,0],[112.70665083100005,-7.5463704159999452,0],[112.70670536200009,-7.546413571999949,0],[112.70672543000001,-7.5464294539999628,0],[112.70674088400006,-7.5464416849999338,0],[112.70675489400003,-7.5464527719999523,0],[112.70677717400008,-7.5464637719999814,0],[112.70681626500004,-7.5464830709999546,0],[112.70685458800006,-7.5465019909999569,0],[112.70691165000005,-7.5465301619999536,0],[112.70695272400008,-7.5465504399999759,0],[112.70696575000011,-7.5465568709999502,0],[112.70697504700001,-7.5465614609999534,0],[112.70701088200008,-7.5465791519999357,0],[112.70708406200004,-7.5466152799999691,0],[112.70712896000009,-7.546637445999977,0],[112.7072081660001,-7.5466765499999724,0],[112.70721011000001,-7.5466773169999328,0],[112.70724837200009,-7.5466924039999412,0],[112.70734256500009,-7.5467295449999483,0],[112.70738860200004,-7.5467476979999333,0],[112.70739339700003,-7.5467495889999441,0],[112.70744644100012,-7.5467705049999267,0],[112.70746776600004,-7.5467789139999581,0],[112.70752439900002,-7.5468012449999264,0],[112.70753369800002,-7.5468049119999705,0],[112.70756292400006,-7.5468164359999719,0],[112.70759364500009,-7.5468285499999297,0],[112.70761335800012,-7.5468363229999795,0],[112.70763290200011,-7.5468440289999421,0],[112.70764426000005,-7.5468484099999387,0],[112.7076684110001,-7.5468577249999385,0],[112.70769346100008,-7.5468673869999634,0],[112.70771420000005,-7.5468753859999538,0],[112.7077473710001,-7.5468881809999289,0],[112.70776889000001,-7.5468964809999761,0],[112.70778129600001,-7.5469012659999635,0],[112.70779989900007,-7.5469084409999709,0],[112.70783112800007,-7.5469204859999763,0],[112.70786866000003,-7.5469349619999662,0],[112.70790272000011,-7.5469480989999624,0],[112.70791300200005,-7.5469520649999708,0],[112.70792726700006,-7.5469575669999358,0],[112.70793691200004,-7.546961286999931,0],[112.70798329600007,-7.5469791779999582,0],[112.70800463900002,-7.5469874099999288,0],[112.7080328940001,-7.5469983079999565,0],[112.70804865100001,-7.5470043849999797,0],[112.7080600490001,-7.5470087809999313,0],[112.70807618600008,-7.5470150049999347,0],[112.70809810300011,-7.5470234579999556,0],[112.70812175900005,-7.5470325819999289,0],[112.70813732200008,-7.5470385849999388,0],[112.7081538110001,-7.5470449449999251,0],[112.70817227800001,-7.5470520679999709,0],[112.70818070600001,-7.5470553189999805,0],[112.70818737200011,-7.5470578899999623,0],[112.70819849400004,-7.5470621799999549,0],[112.70823750300008,-7.5470772259999421,0],[112.70825445100002,-7.5470837629999323,0],[112.70828420000009,-7.5470952369999509,0],[112.70829686800005,-7.5471009169999661,0],[112.70830045200012,-7.5471025239999676,0],[112.70831984500001,-7.5471112199999766,0],[112.70834096200008,-7.54712068799995,0],[112.70834870800002,-7.5471241609999424,0],[112.70834976200001,-7.5471246339999425,0],[112.70838370200011,-7.5471398519999298,0],[112.70841281900005,-7.5471529069999406,0],[112.7084166730001,-7.5471546349999699,0],[112.7084284550001,-7.5471599179999771,0],[112.70844678100002,-7.5471681349999358,0],[112.70846151400008,-7.5471747409999352,0],[112.70847935300003,-7.5471827389999362,0],[112.70848351800009,-7.5471846069999629,0],[112.70849772500003,-7.547190976999957,0],[112.7085313340001,-7.5472060459999284,0],[112.70853277600008,-7.5472066919999747,0],[112.70856026000001,-7.5472190149999392,0],[112.70856396400006,-7.5472206759999381,0],[112.70857708800008,-7.5472265609999454,0],[112.70858937200001,-7.5472320689999606,0],[112.70860538600004,-7.547239248999972,0],[112.70861180400004,-7.5472421269999472,0],[112.70863454100004,-7.547252321999963,0],[112.708645176,-7.5472570899999596,0],[112.7086648930001,-7.5472659309999699,0],[112.70868366900004,-7.5472743499999524,0],[112.70870401700006,-7.5472834729999363,0],[112.70871102900003,-7.5472866169999406,0],[112.70872737400009,-7.5472939459999679,0],[112.70874009200008,-7.5472996479999779,0],[112.7087415100001,-7.5473002839999594,0],[112.70875768000008,-7.5473107259999779,0],[112.70876225800009,-7.5473136829999703,0],[112.70876410900007,-7.5473148779999519,0],[112.7087733840001,-7.5473208679999289,0],[112.70877855200001,-7.5473242049999385,0],[112.70879076300002,-7.5473320909999302,0],[112.70880958300006,-7.5473442449999766,0],[112.70881103300007,-7.5473451819999582,0],[112.70881318300007,-7.5473465699999451,0],[112.7088200610001,-7.5473510119999787,0],[112.70882898000002,-7.5473567719999437,0],[112.70883317500011,-7.547359480999944,0],[112.70884343200009,-7.5473661049999805,0],[112.70885017900002,-7.5473704619999467,0],[112.70885487400005,-7.5473734939999417,0],[112.70886243200005,-7.547378374999937,0],[112.70886429900008,-7.5473795809999729,0],[112.70887120500004,-7.5473840409999298,0],[112.70887255100001,-7.5473849099999484,0],[112.70887778600002,-7.5473882909999475,0],[112.70888553700001,-7.5473932959999388,0],[112.70888767500003,-7.5473946759999535,0],[112.70889844300007,-7.5474016299999676,0],[112.70889869300004,-7.5474017909999702,0],[112.70890278900004,-7.5474044359999652,0],[112.70890478300009,-7.5474057239999297,0],[112.70891694700003,-7.547413578999965,0],[112.70892166900001,-7.5474166289999403,0],[112.70893417900004,-7.5474247079999373,0],[112.70894042700002,-7.5474287429999549,0],[112.70894214200007,-7.5474298499999577,0],[112.70895246100008,-7.5474365139999691,0],[112.70895321900002,-7.5474370029999704,0],[112.70895620700003,-7.5474389329999667,0],[112.70897041100011,-7.5474481059999334,0],[112.70897282900012,-7.5474496679999561,0],[112.70898537900007,-7.5474577729999623,0],[112.70898734600007,-7.5474590429999466,0],[112.70898804100011,-7.5474594919999731,0],[112.7089929550001,-7.547462664999955,0],[112.70900051300009,-7.5474675459999503,0],[112.70900114100004,-7.5474679519999768,0],[112.70901559200001,-7.5474772839999673,0],[112.70901638300006,-7.5474777949999634,0],[112.70901665000008,-7.5474779669999634,0],[112.70902868200005,-7.5474857369999313,0],[112.70903056100008,-7.54748694999995,0],[112.70904064000001,-7.5474934589999521,0],[112.70904265500008,-7.5474947599999496,0],[112.70904272200005,-7.5474948029999496,0],[112.70904278800003,-7.5474948459999496,0],[112.7090541550001,-7.5475021869999637,0],[112.70905635300005,-7.5475036059999638,0],[112.70905863200005,-7.5475050779999719,0],[112.70906773000002,-7.5475109529999713,0],[112.70906856000011,-7.5475114889999304,0],[112.70908128700012,-7.5475197079999816,0],[112.7090825890001,-7.5475205489999553,0],[112.70908298500001,-7.5475208049999765,0],[112.70909242700009,-7.5475269029999481,0],[112.70909645300003,-7.5475295029999643,0],[112.7091074440001,-7.5475366009999334,0],[112.70910933000005,-7.547537818999956,0],[112.70911332000003,-7.5475403959999312,0],[112.7091230740001,-7.5475466949999372,0],[112.70912375300009,-7.5475471339999558,0],[112.70912737200001,-7.547549470999968,0],[112.70913279500007,-7.547552972999938,0],[112.7091343510001,-7.5475539779999394,0],[112.70913626800007,-7.5475552159999779,0],[112.70914317900008,-7.5475596789999599,0],[112.70914695600004,-7.5475621179999735,0],[112.70915073800006,-7.5475645599999552,0],[112.70915279000008,-7.5475658849999263,0],[112.70916271200008,-7.5475722929999733,0],[112.70916560300009,-7.5475741599999537,0],[112.70917355900008,-7.5475792979999596,0],[112.70920030400009,-7.5475965699999392,0],[112.70921328300005,-7.5476049519999719,0],[112.70922618800012,-7.5476132859999439,0],[112.70923634400003,-7.5476198449999288,0],[112.70924697300006,-7.5476267089999283,0],[112.70924738000008,-7.5476269719999323,0],[112.70924747100003,-7.5476270309999336,0],[112.70924756300008,-7.5476270899999349,0],[112.70925220000004,-7.5476321379999263,0],[112.70926090000012,-7.5476416069999459,0],[112.70926448300008,-7.5476455069999702,0],[112.70927008700005,-7.5476516069999775,0],[112.70928333300003,-7.5476660249999554,0],[112.7092896150001,-7.5476728619999562,0],[112.70930670400003,-7.5476914629999783,0],[112.70930692200011,-7.547691699999973,0],[112.70932979300005,-7.5477165939999509,0],[112.70934796600011,-7.5477363749999427,0],[112.70935055900009,-7.5477391979999311,0],[112.70935640100004,-7.5477455569999279,0],[112.70937647400001,-7.547767404999945,0],[112.70940925200011,-7.5478030819999731,0],[112.70945758000005,-7.5478556859999344,0],[112.70947098900001,-7.5478702809999731,0],[112.7094723240001,-7.5478717349999442,0],[112.70953149600007,-7.5479361409999797,0],[112.70954911800004,-7.5479583179999281,0],[112.70956621300002,-7.5479798309999637,0],[112.70957030500006,-7.5479849809999564,0],[112.70960934800007,-7.5480341159999398,0],[112.70964745600008,-7.5480820739999785,0],[112.70965429500006,-7.548090679999973,0],[112.70972223500007,-7.5481761789999382,0],[112.70974459000001,-7.5482043119999389,0],[112.70976319700003,-7.5482277289999615,0],[112.70980720500006,-7.5482831119999787,0],[112.70980910100002,-7.5482854979999274,0],[112.70981405000009,-7.5482917259999454,0],[112.7098293680001,-7.5483110029999807,0],[112.70984407700007,-7.5483295139999314,0],[112.70985666600006,-7.5483502579999708,0],[112.70992448800007,-7.5484620139999379,0],[112.70995591700012,-7.5485138019999454,0],[112.70997361800005,-7.5485429689999251,0],[112.71001478500011,-7.5486108029999741,0],[112.7100165490001,-7.5486160099999324,0],[112.71004480000011,-7.5486994029999437,0],[112.71008290000009,-7.5488118709999412,0],[112.71011998600011,-7.5489213439999503,0],[112.71012923000001,-7.5489486309999734,0],[112.71013443200002,-7.5490175279999789,0],[112.71014046300002,-7.5490973959999792,0],[112.71014092100006,-7.549103463999927,0],[112.71014181400005,-7.549115287999939,0],[112.71014461200002,-7.5491523459999712,0],[112.71015197700001,-7.549249882999959,0],[112.71015902300007,-7.5493432009999424,0],[112.71015922600009,-7.5493948699999578,0],[112.71015952800008,-7.5494716619999735,0],[112.71016011000006,-7.5496195049999528,0],[112.71016015400005,-7.5496306469999581,0],[112.71016022300012,-7.5496482249999417,0],[112.71016035500008,-7.549681828999951,0],[112.71016043700001,-7.5497027689999641,0],[112.71016047000001,-7.5497111719999452,0],[112.71016057500003,-7.5497379709999564,0],[112.71015866400001,-7.5497683739999388,0],[112.71015581000006,-7.5498137909999627,0],[112.71015232100001,-7.5498692939999614,0],[112.71015111700001,-7.549888449999969,0],[112.71014317900006,-7.5500147539999602,0],[112.71014228200011,-7.5500290309999514,0],[112.71013621400004,-7.5501255749999814,0],[112.71013399500009,-7.5501608749999605,0],[112.71013116800009,-7.5502186679999568,0],[112.71012848400005,-7.5502735399999779,0],[112.71012686600011,-7.5503066129999752,0],[112.71012360800012,-7.5503732299999342,0],[112.71011735700006,-7.5505010159999415,0],[112.71011601400005,-7.5505284609999421,0],[112.71011204600006,-7.5506095789999677,0],[112.71011121200002,-7.5506266249999499,0],[112.7101077850001,-7.5506966879999595,0],[112.71011114400005,-7.5507810689999815,0],[112.71011192000003,-7.550800555999956,0],[112.71011573800001,-7.5508964609999794,0],[112.71011645200008,-7.5509143999999537,0],[112.71012258400003,-7.5510684289999404,0],[112.71012407100011,-7.5511057689999461,0],[112.7101244910001,-7.5511163289999672,0],[112.71012673600001,-7.5511727319999409,0],[112.71012986300002,-7.5512512689999767,0],[112.71013053400009,-7.5512681169999496,0],[112.71013353900003,-7.5513435999999388,0],[112.71013568800004,-7.5513975869999399,0],[112.71013750600002,-7.5514432609999744,0],[112.71013918500012,-7.5514854239999636,0],[112.71013920500002,-7.5514859369999385,0],[112.71013974500011,-7.5514995389999626,0],[112.71014377400002,-7.5516009879999615,0],[112.71014519100004,-7.5516366669999684,0],[112.7101467440001,-7.551675758999977,0],[112.71014873000001,-7.5517257619999327,0],[112.71015193700009,-7.5518065129999741,0],[112.71015264200003,-7.5518242589999431,0],[112.71015368700012,-7.5518505689999529,0],[112.71015885700001,-7.5519807319999472,0],[112.71016054800009,-7.5520233209999788,0],[112.71016444600002,-7.552121470999964,0],[112.71016543400003,-7.5521463509999762,0],[112.71016917300005,-7.5522404979999465,0],[112.71017055100003,-7.5522751859999744,0],[112.71017573600011,-7.5523103829999627,0],[112.71017685700008,-7.5523179909999385,0],[112.71019224500003,-7.5524224509999272,0],[112.71020253200004,-7.5524922789999778,0],[112.71021254100003,-7.5525602219999541,0],[112.71022167900003,-7.5526222519999351,0],[112.71022532300003,-7.5526469849999671,0],[112.71022738500005,-7.5526609799999278,0],[112.71023539500004,-7.552715353999929,0],[112.71024867800008,-7.5528055179999569,0],[112.71026190700002,-7.5528953169999795,0],[112.71027259100003,-7.552967836999926,0],[112.71027534000007,-7.5529864989999282,0],[112.71028677200002,-7.5530641019999507,0],[112.71029406300011,-7.5531440609999549,0],[112.71029411300003,-7.5531446079999682,0],[112.71029945900011,-7.5532032369999342,0],[112.71030501100006,-7.5532641189999481,0],[112.71031214300001,-7.5533423319999429,0],[112.71031627400009,-7.553387632999943,0],[112.71032715000001,-7.553506896999977,0],[112.71033163800007,-7.553556116999971,0],[112.71033510400002,-7.5535941279999292,0],[112.71034468000005,-7.5536991389999457,0],[112.71034588100008,-7.5537123089999341,0],[112.71036056300011,-7.5537727479999717,0],[112.7103612730001,-7.5537756689999469,0],[112.71038414900011,-7.5538698319999753,0],[112.71041264600001,-7.553987134999943,0],[112.71041498600005,-7.5539967669999442,0],[112.71042931300008,-7.5540557419999459,0],[112.71045689000005,-7.5541692569999555,0],[112.71045878000007,-7.5541770369999313,0],[112.71046326800001,-7.5541955099999427,0],[112.71048957000005,-7.5543037749999371,0],[112.71051009300004,-7.5543793329999289,0],[112.71051608300002,-7.5544013849999487,0],[112.71051697700011,-7.5544046769999795,0],[112.7105362640001,-7.5544756839999536,0],[112.71056598200005,-7.5545850929999574,0],[112.71058516900007,-7.554655729999979,0],[112.71060499800001,-7.5547287309999547,0],[112.71061087600003,-7.554750371999944,0],[112.71063160800009,-7.5548266999999782,0],[112.71068133300003,-7.5550097689999802,0],[112.71068160700008,-7.5550107769999499,0],[112.71069555300005,-7.5550621199999455,0],[112.71069703800003,-7.5550675889999752,0],[112.71071905800011,-7.5551486569999611,0],[112.71077196400006,-7.5552625499999522,0],[112.71078485200007,-7.5552902949999634,0],[112.71078992100001,-7.5553012069999568,0],[112.71081136800001,-7.5553473779999649,0],[112.71081221100007,-7.5553491929999268,0],[112.71085334700001,-7.5554377499999532,0],[112.71089523000001,-7.5555279149999706,0],[112.71090377500002,-7.5555463109999437,0],[112.71091637500001,-7.5555734359999747,0],[112.7109330080001,-7.5556092429999353,0],[112.71097599100005,-7.5557017759999781,0],[112.71101147000002,-7.5557781539999382,0],[112.71102818800011,-7.5558141429999637,0],[112.71103275700011,-7.5558239799999569,0],[112.71103731000005,-7.555834190999974,0],[112.71107135900002,-7.5559105519999434,0],[112.71113091100005,-7.5560441089999699,0],[112.7111375610001,-7.556059022999932,0],[112.71114465300002,-7.55607492799993,0],[112.71115405300009,-7.5560960099999761,0],[112.71122738600002,-7.5562604749999309,0],[112.71123780000005,-7.5562838299999271,0],[112.71125284200002,-7.5563175639999258,0],[112.71125737800003,-7.5563277379999363,0],[112.71130693100008,-7.556438868999976,0],[112.7113393950001,-7.5565116759999569,0],[112.71134649400005,-7.5565275969999561,0],[112.7113647540001,-7.5565582709999717,0],[112.71142669400001,-7.5566623209999761,0],[112.71148690700011,-7.556763468999975,0],[112.71149093400004,-7.556770232999952,0],[112.71149149100006,-7.5567711689999442,0],[112.71155840500001,-7.5568835729999364,0],[112.71157222300008,-7.5569067859999564,0],[112.71162789000005,-7.557000296999945,0],[112.71163110100008,-7.5570056909999721,0],[112.71163162300002,-7.5570064369999272,0],[112.71164111100006,-7.5570199899999579,0],[112.71172201800005,-7.5571355599999492,0],[112.71178432500005,-7.5572245609999413,0],[112.7118120130001,-7.5572641109999381,0],[112.71183399900008,-7.5572955169999432,0],[112.71185206700011,-7.5573213249999753,0],[112.71188702300003,-7.5573712579999324,0],[112.71188824300009,-7.5573724649999576,0],[112.71193369500008,-7.5574174279999511,0],[112.71194370000001,-7.5574273249999351,0],[112.71197304500004,-7.5574563539999531,0],[112.71205204900002,-7.5575345079999465,0],[112.71208480100006,-7.5575669069999662,0],[112.71212583600004,-7.5576074999999605,0],[112.71214647900001,-7.5576279209999484,0],[112.7122283010001,-7.5577088619999699,0],[112.71224378200009,-7.5577241769999546,0],[112.71226898900011,-7.5577491119999536,0],[112.71231605800006,-7.5577956749999657,0],[112.7123198700001,-7.5577994449999437,0],[112.71232220000002,-7.5578017499999532,0],[112.71233193600006,-7.5578113819999544,0],[112.71242633200006,-7.5579047609999748,0],[112.71243900200011,-7.5579137829999468,0],[112.71248199800004,-7.5579443999999398,0],[112.7125393340001,-7.5579852269999606,0],[112.71254403900002,-7.5579885769999464,0],[112.71259320400009,-7.5580235869999797,0],[112.71266628300009,-7.5580756249999581,0],[112.71268489600004,-7.5580888789999676,0],[112.71274515300001,-7.5581317859999331,0],[112.71282566000002,-7.558189112999969,0],[112.71284236300005,-7.5582010069999797,0],[112.71292506000009,-7.5582598939999457,0],[112.71295703500004,-7.5582826629999431,0],[112.71295765500008,-7.5582831039999405,0],[112.71305820900011,-7.5583547059999319,0],[112.71312607400012,-7.5584030309999548,0],[112.71313513500002,-7.5584094829999344,0],[112.71314690100007,-7.5584178849999262,0],[112.71320204300002,-7.5584572619999335,0],[112.71333330000004,-7.5585509909999473,0],[112.71335998400002,-7.558570045999943,0],[112.71342499200011,-7.5586164679999683,0],[112.71342860700008,-7.5586190499999475,0],[112.71351873900005,-7.5586834119999367,0],[112.71352522100005,-7.5586880409999253,0],[112.71358018800004,-7.5587272929999472,0],[112.71363118200009,-7.5587637069999687,0],[112.71364553800004,-7.5587739589999501,0],[112.71369047400003,-7.5588095139999609,0],[112.71372894300009,-7.5588399519999712,0],[112.71376814300004,-7.5588709689999405,0],[112.71384195700011,-7.5589293729999554,0],[112.71384317500008,-7.5589303369999357,0],[112.71394309100003,-7.5590093939999292,0],[112.7139449980001,-7.5590109029999439,0],[112.7140465550001,-7.5590912589999562,0],[112.71407095400002,-7.5591105639999796,0],[112.71411745700004,-7.5591392939999764,0],[112.71414826400007,-7.5591583259999311,0],[112.71418330200004,-7.5591799719999813,0],[112.7143029450001,-7.559253885999965,0],[112.7143242300001,-7.559267034999948,0],[112.71449200600011,-7.5593706849999762,0],[112.71450648000007,-7.5593796269999416,0],[112.71452446600006,-7.5593907389999799,0],[112.71453467000003,-7.5593942849999394,0],[112.71458302600001,-7.5594110879999334,0],[112.71461794900006,-7.5594232229999534,0],[112.71470984600001,-7.5594551549999665,0],[112.71480622700005,-7.5594886459999771,0],[112.71481217000007,-7.5594907109999667,0],[112.71481718200005,-7.5594924529999616,0],[112.71503012500011,-7.5595664469999519,0],[112.71505023200007,-7.5595734339999581,0],[112.71505584200008,-7.5595753829999808,0],[112.7150606460001,-7.5595770519999519,0],[112.71506622400011,-7.5595789899999772,0],[112.71514195700001,-7.5596053059999804,0],[112.71521324000003,-7.5596300759999622,0],[112.71527025600005,-7.5596498879999672,0],[112.71528191100003,-7.5596539379999399,0],[112.7153261520001,-7.5596693109999364,0],[112.71533910900007,-7.5596738129999608,0],[112.71535412900005,-7.5596790319999627,0],[112.71538876700004,-7.5596910679999496,0],[112.7153972110001,-7.5596940019999579,0],[112.715417849,-7.5597011729999508,0],[112.71542384000008,-7.5597032549999312,0],[112.71545491000006,-7.5597140509999576,0],[112.71548320300008,-7.5597238819999575,0],[112.71548708400007,-7.559725230999959,0],[112.71551897500001,-7.5597325189999651,0],[112.7155563880001,-7.5597410689999265,0],[112.71555665500011,-7.5597411299999635,0],[112.71557478900002,-7.5597452739999653,0],[112.71560917900001,-7.5597531329999583,0],[112.71562339900004,-7.5597563829999785,0],[112.71563603000004,-7.5597592699999723,0],[112.71567310300009,-7.5597677419999627,0],[112.71568404900006,-7.5597702429999458,0],[112.71571620300006,-7.5597775909999427,0],[112.71572066300007,-7.5597786099999666,0],[112.71572505400002,-7.5597796129999324,0],[112.71573741200007,-7.5597824369999671,0],[112.71574092500009,-7.5597832399999447,0],[112.71578566400001,-7.559793463999938,0],[112.71579001100008,-7.5597944569999527,0],[112.71579164100001,-7.5597948289999408,0],[112.71584128400002,-7.5598061739999594,0],[112.71584184200003,-7.5598063009999805,0],[112.71585487200002,-7.5598092789999782,0],[112.71589674600011,-7.5598188479999635,0],[112.71589943200001,-7.5598194619999504,0],[112.71595140700003,-7.5598313399999597,0],[112.71595203000004,-7.5598314819999359,0],[112.71597463700004,-7.5598366479999299,0],[112.71600042900002,-7.5598425419999558,0],[112.71600443700004,-7.5598434579999321,0],[112.71602458600012,-7.5598480619999577,0],[112.71605780400012,-7.5598556529999428,0],[112.71606333800003,-7.5598569179999799,0],[112.71607200900007,-7.5598588999999379,0],[112.71609618200011,-7.5598644239999544,0],[112.71609691700007,-7.5598645919999399,0],[112.71609965300001,-7.5598652169999809,0],[112.71610406800005,-7.5598662259999401,0],[112.71610591900003,-7.5598666489999573,0],[112.71612746400001,-7.5598715729999526,0],[112.71613295900011,-7.5598728289999713,0],[112.71613480000008,-7.5598732499999528,0],[112.71616684100002,-7.5598805719999405,0],[112.71616914400011,-7.5598810979999485,0],[112.71617013500008,-7.5598813239999458,0],[112.71617408200007,-7.5598822259999565,0],[112.71620187500002,-7.5598885769999811,0],[112.71620353500009,-7.559888955999952,0],[112.71624017200008,-7.5598973279999768,0],[112.71624144000009,-7.5598976179999795,0],[112.71624759600002,-7.559899024999936,0],[112.71627501400008,-7.55990529099995,0],[112.71627784300006,-7.5599059369999395,0],[112.71630976000006,-7.5599132309999391,0],[112.71631393400003,-7.5599141849999683,0],[112.71633602800011,-7.559919233999949,0],[112.71633931400004,-7.5599197449999451,0],[112.71636613800001,-7.5599239139999668,0],[112.71638595600007,-7.5599269949999552,0],[112.7163982300001,-7.5599289029999568,0],[112.71640199900003,-7.5599294889999555,0],[112.71641416700004,-7.5599313809999558,0],[112.71642828300003,-7.5599335749999454,0],[112.71643365800003,-7.559934410999972,0],[112.71643700400011,-7.5599349309999297,0],[112.71646028500004,-7.5599385499999698,0],[112.7164641600001,-7.5599391519999699,0],[112.71648521900011,-7.5599424259999637,0],[112.71649385800004,-7.5599437689999718,0],[112.71652004100008,-7.5599478389999604,0],[112.71653551200006,-7.5599502439999355,0],[112.71653917700007,-7.559950813999933,0],[112.71655246000012,-7.5599528789999795,0],[112.71655248900004,-7.5599528839999266,0],[112.71659088400008,-7.5599588529999551,0],[112.71659271400006,-7.5599591369999644,0],[112.71659718500007,-7.5599598309999578,0],[112.71676444100001,-7.5599858329999279,0],[112.71688499800007,-7.5600045739999473,0],[112.71704327800001,-7.5600291799999582,0],[112.71775060200002,-7.5601392139999462,0],[112.71801131000007,-7.5602631119999728,0],[112.7184304970001,-7.5604623249999463,0],[112.71851541500007,-7.5605026809999458,0],[112.7190141530001,-7.5608578079999802,0],[112.71922422700004,-7.5610073909999755,0],[112.71937862900006,-7.5611601099999461,0],[112.71967209100001,-7.5614503729999569,0],[112.71973519500011,-7.5615127889999485,0],[112.71987031100002,-7.561663158999977,0],[112.72018960500009,-7.5620184989999757,0],[112.72037601000011,-7.5622319979999588,0],[112.72072919000004,-7.5626365109999369,0],[112.72105395500012,-7.5630521149999481,0],[112.72110009100004,-7.5631111549999446,0],[112.72110053500001,-7.5631117239999526,0],[112.72121236600003,-7.563254833999963,0],[112.72157987300011,-7.5637301929999694,0],[112.72158179100006,-7.5637326729999472,0],[112.7216842250001,-7.564037907999932,0],[112.72176318000004,-7.5642731769999614,0],[112.72188728600008,-7.5646741939999629,0],[112.7219824440001,-7.5649816749999559,0],[112.72200449800005,-7.5650273809999362,0],[112.72206675000007,-7.5651563969999529,0],[112.72213839000005,-7.5653048689999309,0],[112.72237189800001,-7.5657048669999654,0],[112.72240249000004,-7.5657568179999544,0],[112.72250509300011,-7.5659310609999579,0],[112.72283736800011,-7.5664953369999353,0],[112.72284631500008,-7.5665105299999595,0],[112.72287010700006,-7.566550933999963,0],[112.72292694300006,-7.5667741709999632,0],[112.72293287600007,-7.5667974759999765,0],[112.72297302600009,-7.5669320639999569,0],[112.72299463100001,-7.5670044869999629,0],[112.72318553500008,-7.567644424999969,0],[112.7231891240001,-7.5676564569999414,0],[112.72319935200005,-7.5676907419999679,0],[112.72333531000004,-7.5680324739999492,0],[112.72335519500007,-7.5680824539999776,0],[112.72336056400002,-7.5680959479999501,0],[112.72351172500009,-7.5684758899999451,0],[112.72358083100005,-7.5685606529999632,0],[112.72383792000005,-7.5688759869999558,0],[112.72387480900011,-7.5689212319999797,0],[112.72390020600005,-7.5689523839999424,0],[112.72442725800011,-7.5692895669999416,0],[112.72518661100003,-7.5697029399999565,0],[112.7258786110001,-7.570013974999938,0],[112.72623505900003,-7.57021306799993,0],[112.7267923710001,-7.5703804479999803,0],[112.7268498740001,-7.5703962959999558,0],[112.72767478300011,-7.5706236489999696,0],[112.72840161000011,-7.5706362249999302,0],[112.72939092100012,-7.5705551879999575,0],[112.729910571,-7.5704648369999745,0],[112.73011719500005,-7.570428910999965,0],[112.73026135600003,-7.5704089099999692,0],[112.73040552000009,-7.5703889089999734,0],[112.73085135000008,-7.5703270539999608,0],[112.73126085900003,-7.5702702379999778,0],[112.73248257800003,-7.5703115749999483,0],[112.73304691400006,-7.5704042499999673,0],[112.73396007400004,-7.570601030999967,0],[112.73457417000009,-7.5707663299999695,0],[112.73491980500012,-7.5708593659999792,0],[112.73492666300001,-7.5708617209999716,0],[112.73505110700012,-7.5709044439999502,0],[112.73509470700003,-7.570919412999956,0],[112.73558562900007,-7.5710879539999496,0],[112.73582133100001,-7.571268421999946,0],[112.73605703700002,-7.5714488929999675,0],[112.73606648900011,-7.5714561299999446,0],[112.73695458500003,-7.5720896329999619,0],[112.73698334900007,-7.5721101509999471,0],[112.73701242400011,-7.5721308909999721,0],[112.73715436100008,-7.5722410279999508,0],[112.73728234400005,-7.5723403399999256,0],[112.7380206580001,-7.5729132459999278,0],[112.73901157500006,-7.573233097999946,0],[112.73916812700008,-7.5732469839999794,0],[112.73967672300012,-7.5732920939999531,0],[112.74078377400008,-7.5732280119999587,0],[112.74082075700005,-7.5732258709999769,0],[112.74099283200007,-7.5732089229999815,0],[112.74134536000008,-7.5731742009999721,0],[112.74134595300006,-7.5731741429999602,0],[112.74228919600012,-7.5730812379999293,0],[112.74332428200012,-7.5728457669999329,0],[112.74410917400007,-7.5725822779999703,0],[112.74460308800008,-7.5723490609999544,0],[112.74532788600004,-7.5720358769999621,0],[112.74535948000005,-7.5720222249999551,0],[112.74630188700007,-7.5718179449999639,0],[112.7467185590001,-7.5717806259999634,0],[112.74684286700005,-7.5717694919999303,0],[112.74763192700004,-7.5718742629999269,0],[112.74823620200004,-7.5721802759999264,0],[112.74944762900009,-7.5729140149999807,0],[112.74967780300005,-7.5730534269999339,0],[112.75074486100004,-7.5738030129999743,0],[112.75085637100005,-7.57388134699994,0],[112.75098698200009,-7.5740159129999256,0],[112.75103214900003,-7.5740624479999497,0],[112.75122904300008,-7.5742653049999262,0],[112.75180295000007,-7.574710194999966,0],[112.75187604100006,-7.5747455549999358,0],[112.75209733100007,-7.5748526109999261,0],[112.7525570900001,-7.5750750329999619,0],[112.75259313700008,-7.5750924719999375,0],[112.75305151300006,-7.5751995559999727,0],[112.75320617500006,-7.5751989329999674,0],[112.75373150400003,-7.5751043409999284,0],[112.754123918,-7.574913027999969,0],[112.75420994700005,-7.5748710859999733,0],[112.75450673000012,-7.5746359849999294,0],[112.75457971600008,-7.574578168999949,0],[112.75471863500002,-7.5744681219999279,0],[112.75527327200007,-7.5739724959999535,0],[112.7553125930001,-7.5739434979999487,0],[112.75596704000009,-7.5734608509999362,0],[112.75598069800003,-7.5734544289999803,0],[112.756320501,-7.5732946399999719,0],[112.75633135400005,-7.5732895369999369,0],[112.75643007600002,-7.573243113999979,0],[112.75664610500007,-7.5732508539999799,0],[112.75720335900007,-7.5732708209999373,0],[112.75733690400011,-7.573275821999971,0],[112.75829630200008,-7.5733117519999382,0],[112.75831680900001,-7.5733125199999449,0],[112.7586566550001,-7.5733975879999775,0],[112.75945649000005,-7.5735977979999802,0],[112.75946737300001,-7.5736005209999462,0],[112.75946751300012,-7.5736005569999634,0],[112.7597718290001,-7.5736767309999777,0],[112.76091829000006,-7.5742117699999767,0],[112.76173935000008,-7.5745785359999331,0],[112.76217256600012,-7.574653891999958,0],[112.76246654800002,-7.57468352799998,0],[112.76354831500009,-7.5745403879999458,0],[112.76423956400004,-7.5744591229999401,0],[112.76473421700007,-7.57441083599997,0],[112.76546103800001,-7.5744233479999252,0],[112.76640456100006,-7.5744966299999419,0],[112.76679865700009,-7.5745822849999627,0],[112.76724033500011,-7.5746782819999794,0],[112.76891074100001,-7.5747794339999359,0],[112.76895105200003,-7.5747804649999466,0],[112.77014003300008,-7.5748108639999714,0],[112.77027364300011,-7.574814278999952,0],[112.77047270700007,-7.5748193689999539,0],[112.77070515000003,-7.5747926399999415,0],[112.77088995300005,-7.5747713889999773,0],[112.77093647700008,-7.5748020259999294,0],[112.77099745900011,-7.5745859099999393,0],[112.77102725800012,-7.5743082699999604,0],[112.77099550700007,-7.5741078979999656,0],[112.77079357800005,-7.5738773939999646,0],[112.77054536600008,-7.5736933599999361,0],[112.77008059000002,-7.5734640139999669,0],[112.76961605400004,-7.5733116839999752,0],[112.76939897500006,-7.5731583489999252,0],[112.76925915200002,-7.5730047899999704,0],[112.76925820800011,-7.5727734679999799,0],[112.76939564100007,-7.572341172999927,0],[112.7695949890001,-7.571939451999981,0],[112.76996389600004,-7.5713982829999509,0],[112.77028759900008,-7.5711501839999755,0],[112.77085849400009,-7.5708548879999285,0],[112.77155355600007,-7.5706670189999272,0],[112.77218739600005,-7.5706182489999492,0],[112.77246596000009,-7.5706787659999577,0],[112.77277564500002,-7.5707854399999519,0],[112.77342670300004,-7.5711836999999491,0],[112.7739383280001,-7.5715054189999478,0],[112.77406185500001,-7.5714740909999705,0],[112.77482082900008,-7.5707824469999423,0],[112.77483684700007,-7.5707638689999612,0],[112.77492577500004,-7.5706607309999754,0],[112.77508950200001,-7.5704708389999382,0],[112.7751749680001,-7.5703580299999658,0],[112.77530844000012,-7.5701818549999302,0],[112.7757503040001,-7.5695986199999652,0],[112.77581152300002,-7.5693498699999395,0],[112.77599702800001,-7.5690178999999489,0],[112.77628621500003,-7.5686440159999506,0],[112.77686486300001,-7.5679998399999704,0],[112.77723731100002,-7.5676878089999491,0],[112.77789997000002,-7.5672709989999589,0],[112.77860366000004,-7.5667298169999526,0],[112.77910039800008,-7.5663551749999556,0],[112.77932204000001,-7.5662126869999611,0],[112.77984588000004,-7.5658759219999752,0],[112.77995048800005,-7.5657815309999705,0],[112.78065257800006,-7.5651480089999268,0],[112.78083790700009,-7.5647745479999458,0],[112.78083671800005,-7.5644847409999443,0],[112.78093956100008,-7.5642565219999369,0],[112.78118737000011,-7.5639242969999714,0],[112.78182984400007,-7.5636524709999549,0],[112.78200824400005,-7.5635749679999549,0],[112.78317693000008,-7.5630672529999288,0],[112.78379904500002,-7.5628784009999777,0],[112.7847058430001,-7.5627786379999407,0],[112.78470790400002,-7.5627784109999538,0],[112.78472352400001,-7.562778403999971,0],[112.78502798200009,-7.5627782739999816,0],[112.78542039100012,-7.5627781069999287,0],[112.78574306500002,-7.5627779699999564,0],[112.78620100300009,-7.5629816559999767,0],[112.78687127500007,-7.5633842469999308,0],[112.78706103000002,-7.5635335809999447,0],[112.78709698800003,-7.5635618789999626,0],[112.78767436300006,-7.5640162599999599,0],[112.78797198900008,-7.5641402159999416,0],[112.7880431860001,-7.5641698679999649,0],[112.78882946700003,-7.5639133529999754,0],[112.78893689500001,-7.5638784979999514,0],[112.78895423100005,-7.5638728729999798,0],[112.78898210700004,-7.5638638289999562,0],[112.78909076600007,-7.563828573999956,0],[112.78912893000006,-7.5638569599999528,0],[112.78917032200002,-7.5638877479999564,0],[112.789742477,-7.5643133159999252,0],[112.78992102300003,-7.5643989109999552,0],[112.79019341000003,-7.5644484149999585,0],[112.79049496000005,-7.5644312669999749,0],[112.79066585900011,-7.5643775729999447,0],[112.79070806800007,-7.5643643119999524,0],[112.79078077000008,-7.5643018959999608,0],[112.79131333000009,-7.5638446859999249,0],[112.79137365300005,-7.563792896999928,0],[112.79203744600011,-7.56330214999997,0],[112.79213572600008,-7.5632294909999587,0],[112.79255132100002,-7.562893474999953,0],[112.79258006000009,-7.5628702389999489,0],[112.79338704000008,-7.5623126139999499,0],[112.79353285500008,-7.56221185499993,0],[112.79384052300009,-7.5621931439999344,0],[112.79416820500001,-7.5622955859999479,0],[112.7946145090001,-7.5624351129999354,0],[112.79466071900003,-7.5624180929999625,0],[112.79477683800008,-7.5623753259999376,0],[112.79495044300006,-7.5622235599999499,0],[112.79515684400008,-7.561944652999955,0],[112.79522385500002,-7.561856923999926,0],[112.79554853900004,-7.5614318529999309,0],[112.79584713500003,-7.5611889049999377,0],[112.79607615400005,-7.561086085999932,0],[112.79613638100011,-7.5607809329999327,0],[112.79625086800002,-7.5604439179999758,0],[112.79648073100009,-7.5603931279999301,0],[112.79651600700004,-7.5603853339999318,0],[112.796535199,-7.5604125339999655,0],[112.79668976200003,-7.5606315799999493,0],[112.7968372790001,-7.5609827019999329,0],[112.79762449200007,-7.5616230769999788,0],[112.79825849700001,-7.5611870159999626,0],[112.79835823000008,-7.5610224459999813,0],[112.79840637200004,-7.5608123489999457,0],[112.79839335700001,-7.5605741199999557,0],[112.79832533900003,-7.5604642459999809,0],[112.79793973000005,-7.5598413429999596,0],[112.79793631700011,-7.5597328099999572,0],[112.79791108000006,-7.5589302719999409,0],[112.79794445500011,-7.5587405399999739,0],[112.79794998700004,-7.5587090939999371,0],[112.79803450700001,-7.5585152989999642,0],[112.79846085500003,-7.5583077109999408,0],[112.79935196700001,-7.5583651449999252,0],[112.79973208300009,-7.5589551269999333,0],[112.79977964900002,-7.5595079709999595,0],[112.7996810190001,-7.5610902439999563,0],[112.79966320200003,-7.5613760769999772,0],[112.79965284600007,-7.5615422159999639,0],[112.79982113400001,-7.5618424519999508,0],[112.79983033200006,-7.5618588619999514,0],[112.8001986270001,-7.562017669999932,0],[112.80032080500007,-7.5620703529999673,0],[112.80034901300007,-7.562073102999932,0],[112.80069829900003,-7.5621071529999426,0],[112.80078812400006,-7.5621159089999423,0],[112.80079526200007,-7.5621166049999715,0],[112.80083636000006,-7.5621206109999548,0],[112.80091239900003,-7.562128022999957,0],[112.80096048500002,-7.5621206109999548,0],[112.80111113400005,-7.5620973889999732,0],[112.8011313610001,-7.5620942709999781,0],[112.80138218600007,-7.5620556069999338,0],[112.8014410510001,-7.5620465329999433,0],[112.80144446600002,-7.5620460059999459,0],[112.80145508700002,-7.562018390999981,0],[112.80155281200007,-7.5617642839999348,0],[112.80163346900008,-7.5615545589999442,0],[112.80163784300009,-7.5615326039999786,0],[112.80172206600002,-7.5611098519999587,0],[112.80175716300005,-7.5609336829999734,0],[112.80178629300008,-7.5607874659999652,0],[112.80180590300006,-7.5606890329999601,0],[112.80184751200011,-7.5605625819999318,0],[112.80202717700001,-7.5600165699999593,0],[112.80225312100004,-7.5593988609999769,0],[112.80227355000011,-7.5593430099999637,0],[112.80231653200008,-7.5591971399999807,0],[112.80234793700004,-7.5590905579999799,0],[112.80235923500004,-7.5590522149999515,0],[112.80250412400005,-7.559029265999925,0],[112.8025783810001,-7.5590175049999289,0],[112.8028588950001,-7.5589730749999262,0],[112.80287433900003,-7.5589706289999299,0],[112.80287965900004,-7.5589710019999643,0],[112.80299710300005,-7.5589792279999415,0],[112.80300163900006,-7.5589795459999323,0],[112.8030823900001,-7.5589852019999739,0],[112.80309734600007,-7.5589862499999754,0],[112.80311764200007,-7.5589969899999687,0],[112.803240716,-7.5590621149999606,0],[112.80327698600001,-7.5590813069999285,0],[112.80348109700003,-7.559189311999944,0],[112.80351179100001,-7.5592055539999592,0],[112.80383446900009,-7.5594020059999707,0],[112.80404335100002,-7.5594811139999365,0],[112.80405499400001,-7.559485522999978,0],[112.80408082200006,-7.5594837279999751,0],[112.80433106300006,-7.5594663359999572,0],[112.80455103300005,-7.5594510479999713,0],[112.80469666500005,-7.5594409259999793,0],[112.8048702750001,-7.5593457449999732,0],[112.80508444900011,-7.5591053109999393,0],[112.80510369300009,-7.5590088399999331,0],[112.80512272600004,-7.558913423999968,0],[112.80512341600001,-7.5588849299999765,0],[112.80512845800001,-7.558676835999961,0],[112.80513280300011,-7.5584974729999317,0],[112.80509100400002,-7.5581655329999649,0],[112.80501535500002,-7.5579815889999509,0],[112.80500033100009,-7.5579450589999624,0],[112.80489383400004,-7.5576861079999276,0],[112.8048891090001,-7.5576746179999645,0],[112.80488983600003,-7.5576542999999674,0],[112.80489086800003,-7.5576254749999521,0],[112.80489559900002,-7.5574933129999522,0],[112.8049023640001,-7.5573043029999667,0],[112.80489117100001,-7.5570197849999659,0],[112.80492275200004,-7.5568312929999593,0],[112.80496422200008,-7.5565837769999575,0],[112.80513971000005,-7.5561133569999583,0],[112.80535172400005,-7.5557670789999634,0],[112.80540454000004,-7.555711965999933,0],[112.80565508400002,-7.5554505249999693,0],[112.80573071900005,-7.5554107719999593,0],[112.80610915000011,-7.5552118719999726,0],[112.80613163400005,-7.5552000549999434,0],[112.8062337340001,-7.5551463919999264,0],[112.8063263570001,-7.5551236499999277,0],[112.80636095000011,-7.5551151559999425,0],[112.80683850700007,-7.5549978999999325,0],[112.80684289200008,-7.5549976739999352,0],[112.80722573300011,-7.5549779009999725,0],[112.80765623100001,-7.5549556669999447,0],[112.80773343300007,-7.554951679999931,0],[112.80786407900007,-7.5549449319999553,0],[112.80852178200007,-7.5550024109999754,0],[112.80873173600003,-7.5550822139999809,0],[112.80921672900001,-7.5552665589999606,0],[112.80953275000002,-7.5553720049999811,0],[112.80973995800002,-7.5554108649999421,0],[112.80984411300005,-7.5554303989999312,0],[112.8099337860001,-7.5554472159999477,0],[112.8099519860001,-7.5554506289999495,0],[112.81002967200004,-7.5554018109999674,0],[112.81024796700001,-7.5552646339999683,0],[112.81044331900011,-7.5550597609999386,0],[112.81058174000009,-7.554914594999957,0],[112.81101045300011,-7.5545615389999625,0],[112.81103681600007,-7.5545398279999745,0],[112.81114283400007,-7.5545482009999319,0],[112.81117005100009,-7.5545503499999427,0],[112.81132323100007,-7.5545624469999666,0],[112.81146202200011,-7.5545734069999639,0],[112.81163605000006,-7.5545871499999748,0],[112.8117266380001,-7.5546318809999775,0],[112.81185679300006,-7.5547402439999587,0],[112.81186232300001,-7.5547448459999487,0],[112.81223165600011,-7.5550523409999641,0],[112.81226605900008,-7.5550809839999715,0],[112.8123041020001,-7.5566254969999704,0],[112.81225153700007,-7.5570975849999513,0],[112.81219291100001,-7.5576241009999308,0],[112.8125149870001,-7.5578729769999313,0],[112.81262381400006,-7.5579737669999645,0],[112.81272240700002,-7.558128384999975,0],[112.81280179400005,-7.558264099999974,0],[112.81284777600001,-7.5583975129999317,0],[112.81288549800001,-7.5585105719999319,0],[112.81289491100006,-7.5585387849999393,0],[112.8128996590001,-7.5586740869999289,0],[112.8139048380001,-7.5590547079999624,0],[112.81397287800007,-7.5590804719999483,0],[112.815001886,-7.5590260229999444,0],[112.81535736700005,-7.5590006809999295,0],[112.81538874900002,-7.5589984439999398,0],[112.81637812100007,-7.5589279129999341,0],[112.8167331300001,-7.5588688529999786,0],[112.81710923900005,-7.5585850749999395,0],[112.81719703800002,-7.5585280639999723,0],[112.8173398030001,-7.5584353619999547,0],[112.81749005800009,-7.5583377959999325,0],[112.81769243800011,-7.5580842089999578,0],[112.81828090500005,-7.5575751849999619,0],[112.81830715600006,-7.5575527949999355,0],[112.81856558700008,-7.557332373999941,0],[112.81888302000004,-7.5571320019999462,0],[112.81905313100003,-7.5570814219999534,0],[112.81943813100008,-7.5569669479999675,0],[112.81996282800003,-7.5568109379999555,0],[112.82045962600012,-7.5566424499999698,0],[112.82107960300004,-7.5564155039999719,0],[112.82152536800004,-7.5561614779999786,0],[112.82170578400007,-7.5560586649999664,0],[112.82182539500002,-7.5559905029999754,0],[112.82201419800003,-7.5558829099999798,0],[112.8221153930001,-7.5558252429999584,0],[112.82222123700001,-7.5557667539999329,0],[112.82266948500001,-7.5555190539999444,0],[112.82270719600001,-7.5554982149999432,0],[112.82277886800011,-7.5554586099999597,0],[112.82287986100005,-7.5554028019999464,0],[112.82305295300011,-7.5553158949999784,0],[112.82326736200002,-7.5552082429999814,0],[112.82338754500006,-7.5551479009999412,0],[112.82347613000002,-7.5551034239999808,0],[112.82356121100008,-7.5550607059999493,0],[112.82372066900007,-7.5550520029999575,0],[112.82400499100004,-7.5550364849999596,0],[112.82429298900001,-7.5550207669999736,0],[112.82441643700008,-7.5549457339999435,0],[112.82460776500011,-7.5548294429999601,0],[112.82498965200011,-7.5546251819999384,0],[112.82541260400001,-7.5544593589999636,0],[112.82563530200002,-7.5543720469999585,0],[112.82572561400002,-7.5543366389999278,0],[112.82600946700006,-7.5541827759999478,0],[112.82649470500007,-7.5537894289999485,0],[112.82652939700006,-7.5537683319999473,0],[112.82691425500002,-7.5535342989999776,0],[112.82692041600001,-7.5535322769999311,0],[112.82725230300002,-7.5534233259999723,0],[112.8275107070001,-7.5533640919999812,0],[112.82769976200007,-7.5533207539999694,0],[112.82799778600008,-7.5531971129999533,0],[112.82849420100001,-7.5529928219999647,0],[112.82857201800005,-7.552974072999973,0],[112.8286509510001,-7.5529550549999271,0],[112.82888304800008,-7.5528991349999615,0],[112.82921278600008,-7.5528196909999679,0],[112.8294405900001,-7.5528368399999408,0],[112.82947523900009,-7.5528394479999292,0],[112.8297439270001,-7.552859673999933,0],[112.83007387300006,-7.5528845109999452,0],[112.8303402680001,-7.5526523009999664,0],[112.83038971100007,-7.5526092029999745,0],[112.83075658400003,-7.5524956659999702,0],[112.83123988800003,-7.5525496619999331,0],[112.83132898500003,-7.5525596159999395,0],[112.83142149100001,-7.5525749429999678,0],[112.83152655100002,-7.5525923509999302,0],[112.83163386700005,-7.5526101329999733,0],[112.83176845000003,-7.5525704559999554,0],[112.83180369700005,-7.552560064999966,0],[112.83194543700006,-7.5524412429999757,0],[112.83202986800006,-7.5523704639999778,0],[112.83210090600005,-7.5524729049999451,0],[112.83229287800009,-7.552749738999978,0],[112.83259957900009,-7.5529905159999657,0],[112.83305153200001,-7.5533453249999525,0],[112.83308680300001,-7.5533627169999704,0],[112.83391548700001,-7.5537713399999689,0],[112.83402895000006,-7.5538052009999319,0],[112.83468458200002,-7.5540008649999777,0],[112.83479990300009,-7.5540352809999263,0],[112.83549306700002,-7.5541944439999611,0],[112.83562600000005,-7.5542599769999583,0],[112.83579051100003,-7.5543410779999363,0],[112.83582832500008,-7.5546523359999469,0],[112.83585637900001,-7.5548832549999361,0],[112.83560763100002,-7.5556355639999424,0],[112.8355323830001,-7.5557029529999795,0],[112.83526134100009,-7.5560764249999579,0],[112.83524831700004,-7.5561107589999779,0],[112.83503322200011,-7.5566777989999423,0],[112.83501350800009,-7.5567297689999577,0],[112.8349349020001,-7.5569369919999758,0],[112.83485784300001,-7.5576214109999569,0],[112.8348381190001,-7.5577965939999672,0],[112.83485530500002,-7.5584695039999588,0],[112.83485982700006,-7.558503008999935,0],[112.83494415300004,-7.5591278309999552,0],[112.83516241700011,-7.5598429239999518,0],[112.8352858830001,-7.5601844849999793,0],[112.83543986200004,-7.5606104579999283,0],[112.83546736800008,-7.5606865529999254,0],[112.83577272900004,-7.5616446179999457,0],[112.83588367400012,-7.5619966049999334,0],[112.83599236900011,-7.5623414519999415,0],[112.83609275300012,-7.5626599309999278,0],[112.83614514400006,-7.5628034949999687,0],[112.83642670100005,-7.5635750279999456,0],[112.83650074400009,-7.5638274509999519,0],[112.83667420500001,-7.5644188059999351,0],[112.83668555400004,-7.5644645259999379,0],[112.83687636400009,-7.5652332439999554,0],[112.83693696400007,-7.5654773859999409,0],[112.83706552100011,-7.5660290519999762,0],[112.83708596300005,-7.5661167719999298,0],[112.83712697200008,-7.5662927509999349,0],[112.83725200100002,-7.5670975469999462,0],[112.83728926100002,-7.5673373809999589,0],[112.83740637500011,-7.5677683299999785,0],[112.83752248700011,-7.5681955909999488,0],[112.83775109900012,-7.5686246849999748,0],[112.83781175900003,-7.5687385409999592,0],[112.83823064600006,-7.5693668189999812,0],[112.83823526300012,-7.569372527999974,0],[112.83863456900008,-7.5698662569999442,0],[112.83909362700001,-7.5704198509999401,0],[112.83909611500007,-7.5704228519999788,0],[112.83955778400002,-7.5710080099999573,0],[112.83997552200003,-7.5713642049999521,0],[112.84039324700007,-7.5717347709999672,0],[112.84052227000006,-7.5718368819999569,0],[112.84059051100007,-7.5718908889999739,0],[112.84066724800005,-7.5719516189999467,0],[112.84082519600008,-7.5720766229999299,0],[112.84108715500008,-7.5722319389999484,0],[112.84122822200004,-7.5723155779999729,0],[112.84125678100008,-7.5723325109999564,0],[112.8416597370001,-7.5726028919999635,0],[112.84194008100008,-7.5727727059999665,0],[112.84210580300009,-7.5728730899999732,0],[112.84239417200001,-7.5732011739999621,0],[112.84261057300012,-7.5734723429999349,0],[112.84285651700009,-7.5739438789999554,0],[112.84295775900011,-7.5741296159999365,0],[112.84305900100003,-7.5743153529999745,0],[112.84322601700001,-7.5746733329999643,0],[112.84329884100009,-7.5748294239999723,0],[112.84347905900006,-7.57521570199998,0],[112.84354187600002,-7.5753335799999491,0],[112.84359143300003,-7.5754265759999271,0],[112.84373333800011,-7.5756928669999297,0],[112.84376834300008,-7.5757585549999362,0],[112.84404316200005,-7.5762729049999393,0],[112.84447604700006,-7.5768152389999273,0],[112.84461697900008,-7.5769515159999514,0],[112.84511006500009,-7.5774283119999382,0],[112.84512920600002,-7.5774320479999346,0],[112.84561278500007,-7.5775264269999525,0],[112.84929665200002,-7.5760734409999486,0],[112.84970711500011,-7.5766869159999715,0],[112.85244105600009,-7.5752988709999727,0],[112.85298653000007,-7.5756927929999733,0],[112.85395415400001,-7.5745416579999301,0],[112.85498155400001,-7.5751420719999487,0],[112.85562684700005,-7.5743655509999712,0],[112.85677329200007,-7.5747411799999327,0],[112.85722795900006,-7.5739782089999608,0],[112.85871850700005,-7.5747716039999773,0],[112.85906685500004,-7.5730913099999384,0],[112.86196148900001,-7.5743385099999614,0],[112.86210595900002,-7.5724353189999647,0],[112.86505529700003,-7.5734619459999521,0],[112.86456116500005,-7.5728488489999677,0],[112.86950341700003,-7.5716553829999498,0],[112.86960152600011,-7.5716316909999364,0],[112.86983449600007,-7.5715807209999753,0],[112.86984882200011,-7.57149536299994,0],[112.86985039300009,-7.571470402999978,0],[112.8698921890001,-7.5711878509999337,0],[112.86989516400001,-7.5711253909999527,0],[112.8698921890001,-7.5710629299999255,0],[112.86989813800005,-7.5709885719999761,0],[112.86990408700001,-7.5709380079999278,0],[112.86989208500006,-7.5707679819999498,0],[112.86990031700009,-7.5705663059999324,0],[112.86989516400001,-7.5702598619999435,0],[112.86989516400001,-7.5701468369999816,0],[112.86990525100009,-7.5700417059999268,0],[112.8699007140001,-7.5699357239999472,0],[112.86987290600007,-7.5697616549999793,0],[112.86984757500011,-7.5696352529999444,0],[112.8698089080001,-7.5694300249999742,0],[112.86977619100003,-7.5692984429999797,0],[112.86975537000001,-7.5692694109999366,0],[112.86973752500001,-7.569251564999945,0],[112.8697167040001,-7.569251564999945,0],[112.86968398700003,-7.5692575139999576,0],[112.86968367800011,-7.5692577199999391,0],[112.86965721800004,-7.5692753599999492,0],[112.86960962800003,-7.5693437689999428,0],[112.86955906500009,-7.569322948999968,0],[112.86957420700003,-7.5692769889999454,0],[112.86960665400011,-7.5692188469999451,0],[112.86961260300006,-7.5691801809999788,0],[112.8696155770001,-7.5690314649999664,0],[112.86960301000011,-7.5689518729999463,0],[112.86959773100011,-7.5689184399999476,0],[112.86959773100011,-7.5688143389999709,0],[112.86957393700004,-7.5687102379999374,0],[112.86955906500009,-7.5686239819999628,0],[112.86949363000008,-7.5684157789999631,0],[112.86948173200005,-7.5683592669999484,0],[112.86943116900011,-7.568293831999938,0],[112.86942341300005,-7.5682884619999413,0],[112.86939250300009,-7.5682670629999507,0],[112.8693618100001,-7.5682310919999622,0],[112.8693618100001,-7.568205346999946,0],[112.86936073700008,-7.5681656559999624,0],[112.86935108300008,-7.5681388379999248,0],[112.8693521560001,-7.5680980749999662,0],[112.86937577900005,-7.5680522819999396,0],[112.8693821920001,-7.5680455119999692,0],[112.86939828200002,-7.5680251309999562,0],[112.86940793700001,-7.5679972399999542,0],[112.86940471900004,-7.5679629129999739,0],[112.86939828200002,-7.5679200049999622,0],[112.86938755500012,-7.5678610049999406,0],[112.86936610100008,-7.5678127329999256,0],[112.86934464700005,-7.5677698239999813,0],[112.86932426500005,-7.5677290609999659,0],[112.86930602900009,-7.5676604079999379,0],[112.8692813560001,-7.5676089169999727,0],[112.86926526600007,-7.5675810269999602,0],[112.86923952000006,-7.5675735179999606,0],[112.86921946100006,-7.5675744729999792,0],[112.86921699300001,-7.5675745899999356,0],[112.86919232100001,-7.5675938989999736,0],[112.86917730300001,-7.5676003359999413,0],[112.86916443000007,-7.5676024809999376,0],[112.86912795800004,-7.5675992629999769,0],[112.86911615800011,-7.5675831719999564,0],[112.86910972200008,-7.5675584999999614,0],[112.86911294000004,-7.5675306089999594,0],[112.86912795800004,-7.5675166639999816,0],[112.86915477600007,-7.5675166639999816,0],[112.86919017600007,-7.5675188089999779,0],[112.86920625800008,-7.5675145519999774,0],[112.86922664800011,-7.5675091549999252,0],[112.86923523000007,-7.567489845999944,0],[112.86922664800011,-7.567460882999967,0],[112.86922343000003,-7.5674308469999687,0],[112.86918052100009,-7.5673461019999309,0],[112.86917730300001,-7.5673257209999747,0],[112.86917623000011,-7.5673107029999755,0],[112.86917515800008,-7.5672710119999351,0],[112.86917086700009,-7.567247411999972,0],[112.86914190300001,-7.5671862679999435,0],[112.86912474000007,-7.5671551589999808,0],[112.86911294000004,-7.5670929409999417,0],[112.86910328600004,-7.5670543239999688,0],[112.86909148600012,-7.5670435969999517,0],[112.86904750500003,-7.5670339419999664,0],[112.86903290800001,-7.5669966419999355,0],[112.8690507230001,-7.5669899609999334,0],[112.86906359500006,-7.5669599249999351,0],[112.86905715900002,-7.5669170159999339,0],[112.86904106800012,-7.5668655259999582,0],[112.86902175900002,-7.5667990179999265,0],[112.8689906510001,-7.5667335819999266,0],[112.86896597800001,-7.5666788739999333,0],[112.86894666900002,-7.5666295289999539,0],[112.8689402330001,-7.5666048559999695,0],[112.8689402330001,-7.5665780379999319,0],[112.8689402330001,-7.5665501479999762,0],[112.86893701500003,-7.5665190389999566,0],[112.86893057900011,-7.56648256699998,0],[112.86892092400001,-7.5664493129999641,0],[112.86890161500003,-7.5664235679999479,0],[112.86888874300007,-7.566410694999945,0],[112.86886299800005,-7.566387094999925,0],[112.86885548900011,-7.5663677859999439,0],[112.86883618000002,-7.566329168999971,0],[112.86876873400001,-7.5662824809999734,0],[112.86878039900012,-7.566248714999972,0],[112.86879112600002,-7.5662165339999774,0],[112.86880614400002,-7.5661886429999754,0],[112.86880185300004,-7.5661628979999591,0],[112.86879970700011,-7.5661500249999563,0],[112.86880399800009,-7.5661049709999588,0],[112.86881043500011,-7.5660770809999462,0],[112.86879756200005,-7.5660599169999614,0],[112.86877825300007,-7.566047044999948,0],[112.86876967100011,-7.5660384629999271,0],[112.86875679900004,-7.5660170089999497,0],[112.86875250800006,-7.565995553999926,0],[112.86876967100011,-7.5659676639999702,0],[112.86876967100011,-7.5658711189999508,0],[112.86875679900004,-7.5658303559999354,0],[112.86873963500011,-7.5657166489999668,0],[112.86870101800002,-7.5656308309999645,0],[112.86864523700001,-7.565512832999957,0],[112.8685336740001,-7.565302580999969,0],[112.86839851200011,-7.5650043659999255,0],[112.86832556800005,-7.5648091319999367,0],[112.86824618700007,-7.5646632429999272,0],[112.86820113300007,-7.5645237899999529,0],[112.86815178800009,-7.5644444089999752,0],[112.86810029700007,-7.5643886279999606,0],[112.86804451600005,-7.564309246999926,0],[112.86788146400011,-7.5641268849999506,0],[112.86784153300005,-7.564073184999927,0],[112.86772787700011,-7.5639805729999807,0],[112.86767340500001,-7.5639361869999675,0],[112.86749717300006,-7.5637841679999269,0],[112.86742103000006,-7.5637365789999649,0],[112.86735916400005,-7.563688989999946,0],[112.86728778000008,-7.5636414009999271,0],[112.86723067300011,-7.5635938119999651,0],[112.86715928900003,-7.5635557399999698,0],[112.86705459300003,-7.563470079999945,0],[112.86690706600007,-7.5633939369999439,0],[112.86683092400006,-7.5633415889999469,0],[112.86675478100005,-7.5633082759999297,0],[112.8666405670001,-7.5632797229999369,0],[112.86659773600002,-7.5632416509999416,0],[112.86655966500007,-7.5632035799999358,0],[112.86651207600005,-7.5631797849999316,0],[112.86644069200008,-7.5631512319999388,0],[112.86636930800012,-7.5631321959999696,0],[112.86630268300007,-7.5631036429999767,0],[112.86623605800003,-7.5630750889999376,0],[112.86617895100005,-7.5630465359999448,0],[112.86598184500008,-7.5629750379999336,0],[112.86582500700001,-7.562885921999964,0],[112.86633064200009,-7.5617675749999762,0],[112.86637396800006,-7.5617892679999272,0],[112.86647033600002,-7.5618142519999765,0],[112.8665345820001,-7.5618392369999583,0],[112.86662738100006,-7.5618677899999511,0],[112.86667378000004,-7.561892774999933,0],[112.86673445600002,-7.5619177589999254,0],[112.86682368600009,-7.5619391739999742,0],[112.86689150100005,-7.5619641579999666,0],[112.86695217700003,-7.5620034189999501,0],[112.86700928400001,-7.5620319729999323,0],[112.86708423700009,-7.5620855109999638,0],[112.86714848300005,-7.5621212029999469,0],[112.86720559000003,-7.5621461869999393,0],[112.86726269700011,-7.5621676019999313,0],[112.8673126650001,-7.5621676019999313,0],[112.86734835700008,-7.5621604639999305,0],[112.86736263400007,-7.56215689499993,0],[112.86738761800007,-7.5621604639999305,0],[112.86740546400006,-7.5621890169999801,0],[112.86741974100005,-7.5622175709999624,0],[112.86743758700004,-7.5622425549999548,0],[112.86748398700001,-7.562271108999937,0],[112.86753752400011,-7.5622889549999286,0],[112.86760890800008,-7.5623103699999774,0],[112.86768029200005,-7.5623210769999787,0],[112.86774096800002,-7.562328215999969,0],[112.8678052140001,-7.562328215999969,0],[112.86786945900008,-7.5623246469999685,0],[112.86793013600004,-7.5622996619999299,0],[112.86794798100004,-7.5622639699999468,0],[112.86796582700003,-7.5622175709999624,0],[112.86797296600002,-7.5621497559999398,0],[112.86796939700002,-7.5620962179999651,0],[112.86796225800003,-7.5620069889999399,0],[112.86796582700003,-7.5619284659999266,0],[112.86796225800003,-7.5618713589999516,0],[112.86794798100004,-7.5618142519999765,0],[112.86794441200004,-7.5617749909999361,0],[112.86794798100004,-7.5617000379999695,0],[112.86794441200004,-7.5616215159999456,0],[112.86794798100004,-7.5615679779999709,0],[112.86794441200004,-7.5615287169999306,0],[112.86792656600005,-7.5614787479999563,0],[112.86790158200006,-7.561432348999972,0],[112.86789087400007,-7.5613609649999489,0],[112.86789087400007,-7.5612895809999259,0],[112.86788730500007,-7.5611932129999673,0],[112.86788373600007,-7.5611146909999434,0],[112.86790515100006,-7.5610433069999772,0],[112.86790515100006,-7.5609969069999465,0],[112.86789087400007,-7.5609183849999795,0],[112.86787659800007,-7.560864846999948,0],[112.86786945900008,-7.560750632999941,0],[112.86786589000008,-7.5606899569999655,0],[112.86786945900008,-7.5606042959999513,0],[112.86785875200007,-7.5605543279999665,0],[112.86783376700009,-7.5604865129999439,0],[112.8678123520001,-7.5603937139999289,0],[112.8678016450001,-7.5602866379999796,0],[112.86779450600011,-7.5602045469999553,0],[112.86774096800002,-7.5600546409999652,0],[112.86773739900002,-7.559990394999943,0],[112.86771955300003,-7.559926149999967,0],[112.86771598400003,-7.5598868889999267,0],[112.86770170700004,-7.5598262129999512,0],[112.86769100000004,-7.5597726749999765,0],[112.86766601500005,-7.5597298439999463,0],[112.86767315400004,-7.5596834449999619,0],[112.86766958500004,-7.559640614999978,0],[112.86765173900005,-7.5595835079999461,0],[112.86763032300007,-7.559526400999971,0],[112.86763389300006,-7.5594407399999568,0],[112.86764816900006,-7.5593800639999813,0],[112.86766958500004,-7.5593193869999595,0],[112.86768743000005,-7.5592622799999276,0],[112.86767672300005,-7.5591623429999686,0],[112.86769813800004,-7.5590909589999455,0],[112.86771241500003,-7.5590231449999692,0],[112.86774096800002,-7.5589553299999466,0],[112.8678016450001,-7.5588518229999409,0],[112.86784090600008,-7.5587911469999653,0],[112.86788373600007,-7.5587625939999725,0],[112.86795155100003,-7.558744747999981,0],[112.86800865800001,-7.558709055999941,0],[112.8680657650001,-7.5586590869999668,0],[112.86811930300007,-7.5585984109999345,0],[112.86817997900005,-7.5585413039999594,0],[112.86821567100003,-7.5584841969999275,0],[112.86826564000012,-7.5584306589999528,0],[112.8683084700001,-7.558384258999979,0],[112.86837271500008,-7.5583200139999462,0],[112.86848692900003,-7.5581808149999574,0],[112.86858686700009,-7.5580059249999749,0],[112.86864040500006,-7.557927402999951,0],[112.86869037300005,-7.557856018999928,0],[112.86874391100002,-7.5577953429999525,0],[112.86884741800009,-7.5576204519999806,0],[112.86888667900007,-7.5575597759999482,0],[112.86893664800004,-7.5574883919999252,0],[112.86897590900003,-7.5574134389999585,0],[112.86900089300002,-7.5573313479999342,0],[112.86901160100001,-7.5572885169999608,0],[112.86902944600001,-7.5572492559999773,0],[112.8690758460001,-7.5572242719999281,0],[112.86912581500007,-7.5572456869999769,0],[112.86915793700007,-7.5572492559999773,0],[112.86920076800004,-7.557238548999976,0],[112.86926144400002,-7.5571957179999458,0],[112.8693114130001,-7.5571635959999526,0],[112.86936852000008,-7.5571279039999695,0],[112.86943990400005,-7.5570850739999287,0],[112.86954697900001,-7.5570136899999625,0],[112.86959337900009,-7.5569672899999318,0],[112.86963620900008,-7.5569315979999487,0],[112.86967903900006,-7.5569101829999568,0],[112.86973971600003,-7.5569066139999563,0],[112.86981466900011,-7.5568923369999652,0],[112.86988605200008,-7.5568602139999257,0],[112.86994672900005,-7.5568173839999417,0],[112.86998242100003,-7.5567888309999489,0],[112.8700752200001,-7.5566567709999504,0],[112.8700859270001,-7.5566103709999766,0],[112.8700966350001,-7.5565746789999366,0],[112.87013232700008,-7.5565604019999455,0],[112.87015731100007,-7.5565675409999358,0],[112.87018586500005,-7.5566103709999766,0],[112.87020371100004,-7.5566282169999681,0],[112.87023226400004,-7.556635354999969,0],[112.87027509400002,-7.5566424939999592,0],[112.87032149400011,-7.5566317859999685,0],[112.87037503200008,-7.556613939999977,0],[112.87043570800006,-7.5565889559999277,0],[112.87048924600003,-7.5565604019999455,0],[112.87056063000011,-7.5565175719999615,0],[112.8706105980001,-7.5564890189999687,0],[112.87067484400006,-7.5564747419999776,0],[112.87073908900004,-7.5564461879999385,0],[112.87081047300001,-7.5563997889999541,0],[112.87089613400008,-7.5563391129999786,0],[112.87097465600004,-7.5562891439999476,0],[112.87113170000009,-7.5561499449999587,0],[112.87119594600006,-7.5560928379999268,0],[112.87124948400003,-7.556042869999942,0],[112.87129588300002,-7.5559786239999767,0],[112.8713422830001,-7.5559143789999439,0],[112.87139225100009,-7.5558465639999781,0],[112.87142080500007,-7.5557716109999546,0],[112.87144578900006,-7.5557002269999316,0],[112.87147434300005,-7.5556324129999552,0],[112.87151717300003,-7.5555253369999491,0],[112.87153145000002,-7.5554396759999349,0],[112.87154572700001,-7.5553682919999687,0],[112.87154929600001,-7.5552790629999436,0],[112.87154929600001,-7.5552041099999769,0],[112.87153858800002,-7.5551434329999552,0],[112.87154215700002,-7.5550506339999401,0],[112.87156357200001,-7.5549721119999731,0],[112.87158141800001,-7.5549114359999407,0],[112.87158498800011,-7.5548007909999342,0],[112.8716028340001,-7.554729406999968,0],[112.87159926400011,-7.5546615929999348,0],[112.87159569500011,-7.5545616549999295,0],[112.8716028340001,-7.5544902709999633,0],[112.87162424900009,-7.5544331639999314,0],[112.87165280200009,-7.5543796259999567,0],[112.87165994100008,-7.5542547049999484,0],[112.87166707900008,-7.5542011669999738,0],[112.87167778700007,-7.5541262139999503,0],[112.87169206300007,-7.5540869529999668,0],[112.87170277100006,-7.5540476919999264,0],[112.87172418600005,-7.5539370469999767,0],[112.87173132400005,-7.5538977859999363,0],[112.87173846300004,-7.5538406779999718,0],[112.87177415500003,-7.5537692949999382,0],[112.87182769300011,-7.5536693569999329,0],[112.87184354400006,-7.5536463429999685,0],[112.87185237600011,-7.5536335199999485,0],[112.87186584700009,-7.5535352689999513,0],[112.87187774500001,-7.5534781619999762,0],[112.87188726200009,-7.5534519879999493,0],[112.87188726200009,-7.553425812999933,0],[112.87185914100007,-7.553400093999926,0],[112.87184205300002,-7.553373464999936,0],[112.87182777600003,-7.553352049999944,0],[112.87182301700011,-7.5533330149999642,0],[112.87183015500011,-7.553311598999926,0],[112.87185395000006,-7.553299701999947,0],[112.87189049200003,-7.5532980409999482,0],[112.87190629800011,-7.5532973229999811,0],[112.87195388700002,-7.5532806659999778,0],[112.87198244100011,-7.5532544919999509,0],[112.87199909700007,-7.5532164209999451,0],[112.87200623500007,-7.5531783499999392,0],[112.87201337400006,-7.553149795999957,0],[112.87205186400001,-7.5530419629999415,0],[112.87210776000006,-7.5529455159999657,0],[112.87218928600009,-7.5527223909999748,0],[112.87219143100003,-7.5526816279999593,0],[112.87220215900004,-7.5526065379999636,0],[112.87220001300011,-7.5524885389999667,0],[112.87217393700007,-7.5523425089999705,0],[112.87214870300011,-7.5522774699999786,0],[112.87210240500008,-7.5522406439999372,0],[112.87208812900008,-7.552231125999981,0],[112.87206671300009,-7.5522144699999672,0],[112.87206195500005,-7.5521978129999638,0],[112.87208239900008,-7.5521821279999699,0],[112.87210478500003,-7.5521787779999272,0],[112.87213333800003,-7.5521668799999588,0],[112.87215237400005,-7.5521549829999799,0],[112.87215951200005,-7.5521407059999319,0],[112.87215713300009,-7.5521216709999521,0],[112.8721357180001,-7.5520931169999699,0],[112.87212620000003,-7.5520812199999341,0],[112.87210002600011,-7.5520574249999299,0],[112.87207385200009,-7.5520574249999299,0],[112.87205719600001,-7.5520740809999438,0],[112.87205243700009,-7.5521026349999261,0],[112.8720452980001,-7.5521216709999521,0],[112.87202291300002,-7.5521226409999258,0],[112.87199911800008,-7.5520988459999785,0],[112.87196401600011,-7.5520637439999518,0],[112.87194060200011,-7.5520264919999249,0],[112.87193108400004,-7.5520003179999549,0],[112.87193346400011,-7.5519741439999279,0],[112.87193822300003,-7.551952728999936,0],[112.87189634400011,-7.5518956219999609,0],[112.87178926800004,-7.551817099999937,0],[112.87167505400009,-7.5517528539999716,0],[112.87158225500002,-7.5516886089999389,0],[112.87150373300005,-7.5516100859999256,0],[112.87142521100009,-7.5515458409999496,0],[112.87133955000002,-7.5514530419999346,0],[112.87128958100004,-7.5514316269999426,0],[112.87106115300003,-7.5513602429999764,0],[112.8708826940001,-7.5513031359999445,0],[112.87077561800004,-7.5512888589999534,0],[112.87067568100008,-7.5512745819999623,0],[112.87056146600003,-7.5512460289999694,0],[112.87047580600006,-7.5511889219999375,0],[112.87041869900008,-7.5511460919999536,0],[112.87036159200011,-7.5511246759999722,0],[112.87022596200006,-7.5511032609999802,0],[112.8701260250001,-7.5510961229999793,0],[112.87001181100004,-7.5510961229999793,0],[112.869625498,-7.5511176099999489,0],[112.86956542600001,-7.551128336999966,0],[112.86947746300007,-7.551156227999968,0],[112.86932513800002,-7.55120986299994,0],[112.86917924900001,-7.5512785169999574,0],[112.86891536100006,-7.5513643339999703,0],[112.86878019900007,-7.5514265519999526,0],[112.86870510900008,-7.5514651689999255,0],[112.86865790900004,-7.5514866239999492,0],[112.86857423700008,-7.5514909149999312,0],[112.86849700200003,-7.5515037869999446,0],[112.86840260300005,-7.5514844779999635,0],[112.86832107700002,-7.5514737509999463,0],[112.86825885900009,-7.5514608789999329,0],[112.86822882300009,-7.5514608789999329,0],[112.86819235100006,-7.5514372789999697,0],[112.86818806000008,-7.5513943699999686,0],[112.86817518800001,-7.5513064079999594,0],[112.86817733300006,-7.5512313179999637,0],[112.86816660600005,-7.5511605179999606,0],[112.86814515200001,-7.551100445999964,0],[112.86812018000001,-7.5510938749999355,0],[112.86808766500008,-7.5510942799999725,0],[112.86805718900007,-7.5511025919999497,0],[112.86803358900011,-7.5511068829999317,0],[112.86799711700007,-7.5511197549999451,0],[112.86793275400009,-7.5511347729999443,0],[112.86786410000002,-7.5511454999999614,0],[112.86783191900008,-7.5511476459999471,0],[112.86775468300004,-7.5511798269999417,0],[112.86766028500006,-7.5511862639999663,0],[112.86750825600006,-7.5512205209999479,0],[112.86750795900002,-7.5512205899999572,0],[112.86732345200005,-7.5512634989999583,0],[112.86703381900008,-7.5513364439999577,0],[112.86683429400011,-7.5513943699999686,0],[112.86666695100007,-7.5514565879999509,0],[112.86652320700011,-7.5515273869999646,0],[112.8663923360001,-7.5516089129999386,0],[112.86634645700008,-7.5516467629999511,0],[112.86629771800006,-7.5516964499999517,0],[112.86624131700012,-7.5517633239999782,0],[112.86621514300009,-7.5518037749999394,0],[112.86617618200012,-7.5518818419999434,0],[112.86609197600001,-7.5518577829999458,0],[112.8661005570001,-7.5518277469999475,0],[112.86612415700006,-7.5517869839999321,0],[112.86613917500006,-7.5516797119999524,0],[112.86616062900009,-7.5516217859999415,0],[112.86616424200008,-7.5516028159999564,0],[112.86616611500006,-7.5515695069999538,0],[112.8661563390001,-7.5515466959999458,0],[112.86614775700002,-7.5515273869999646,0],[112.86612415700006,-7.5515037869999446,0],[112.86607266700003,-7.5514737509999463,0],[112.86599114000001,-7.5514244059999669,0],[112.86593198700007,-7.5513921279999749,0],[112.86589867500004,-7.5513683329999708,0],[112.86586536200002,-7.5513492979999342,0],[112.86581063500012,-7.551304087999938,0],[112.86591057200008,-7.5511732169999277,0],[112.86594626400006,-7.5511993909999546,0],[112.86599147400011,-7.551220806999936,0],[112.8660343040001,-7.5512350829999377,0],[112.8661008900001,-7.5512547939999308,0],[112.8661915350001,-7.5512430169999334,0],[112.86623142900009,-7.5512441899999772,0],[112.86646456500011,-7.5512241659999404,0],[112.86660759400002,-7.5511454999999614,0],[112.86668053800008,-7.5511068829999317,0],[112.86676778600008,-7.5510439499999507,0],[112.86687362700002,-7.5509881689999361,0],[112.86696945600011,-7.5509481209999763,0],[112.86717112700001,-7.5508780369999613,0],[112.86733704000005,-7.550797940999928,0],[112.86743184400007,-7.5507507679999435,0],[112.86744574200009,-7.550745734999964,0],[112.86747005600012,-7.5507392989999289,0],[112.86748078400001,-7.5507392989999289,0],[112.86749651700006,-7.5507364389999339,0],[112.86750938900002,-7.5507307169999649,0],[112.8675315590001,-7.550719274999949,0],[112.86756517100002,-7.5507071179999343,0],[112.86762595800008,-7.5506913849999364,0],[112.86765813900001,-7.550677081999936,0],[112.86768674500001,-7.5506348879999337,0],[112.86768960500001,-7.5506284519999554,0],[112.86769532700009,-7.5506198699999345,0],[112.86772679300009,-7.5505934099999763,0],[112.86774395600003,-7.5505791069999759,0],[112.86777256200003,-7.550563373999978,0],[112.8678111800001,-7.5505426349999425,0],[112.86783334900008,-7.5505269019999446,0],[112.86786195500008,-7.5505125989999442,0],[112.86788698500004,-7.5504990109999426,0],[112.86790486400002,-7.5504875689999267,0],[112.86790486400002,-7.5504646839999623,0],[112.86789699700012,-7.5504417999999305,0],[112.86788412400006,-7.5504339329999652,0],[112.86786696100012,-7.5504375089999485,0],[112.86784765200002,-7.5504603929999803,0],[112.86783334900008,-7.5504746959999807,0],[112.86781189500005,-7.5504882839999254,0],[112.86779687700005,-7.5504897139999798,0],[112.86779187100001,-7.5504882839999254,0],[112.86778829500008,-7.5504782719999639,0],[112.86778471900004,-7.5504661139999598,0],[112.86779544700005,-7.5504518119999489,0],[112.86780331300008,-7.5504439449999268,0],[112.86781618600003,-7.5504339329999652,0],[112.86782834300004,-7.5504267819999313,0],[112.8678712520001,-7.5503945999999473,0],[112.86787482700004,-7.5503888789999678,0],[112.86788841500004,-7.5503767219999531,0],[112.86789699700012,-7.5503609879999658,0],[112.86789127600002,-7.5503466859999548,0],[112.86787983300007,-7.5503323829999545,0],[112.86788021600012,-7.550330980999945,0],[112.86788197900012,-7.5503245159999324,0],[112.86789270600002,-7.5503087829999345,0],[112.86790009400011,-7.5503066719999765,0],[112.86790772400002,-7.5503044919999525,0],[112.86792274200002,-7.5502966259999766,0],[112.86793275400009,-7.5502851829999713,0],[112.86795492400006,-7.5502630139999383,0],[112.86795706900011,-7.5502401289999739,0],[112.86795744000005,-7.5502365439999721,0],[112.86795921400005,-7.5502193899999384,0],[112.86796422000009,-7.5501979359999609,0],[112.86798925000005,-7.550177911999981,0],[112.86800212300011,-7.5501707599999577,0],[112.86801423500003,-7.5501670899999453,0],[112.86802572300007,-7.5501636089999806,0],[112.86804217100007,-7.5501550269999598,0],[112.86804390600003,-7.5501308049999807,0],[112.86803788000009,-7.5501257059999602,0],[112.86803466200001,-7.5501217729999439,0],[112.86803037100003,-7.5501146219999669,0],[112.86802858300007,-7.5501038939999603,0],[112.86803037100003,-7.5500935249999657,0],[112.86803645000009,-7.5500863729999423,0],[112.86804252900004,-7.5500827979999485,0],[112.86804968000001,-7.5500674219999269,0],[112.86804717700011,-7.5500545499999703,0],[112.86804217100007,-7.5500524039999277,0],[112.8680384160001,-7.5500522249999449,0],[112.86803376800003,-7.5500540129999649,0],[112.86803037100003,-7.5500568739999494,0],[112.86802322000005,-7.5500627739999686,0],[112.86801428000001,-7.5500581249999641,0],[112.86801034700011,-7.550051688999929,0],[112.86801034700011,-7.5500413189999449,0],[112.86801034700011,-7.5500309499999503,0],[112.86800677100007,-7.5500173619999487,0],[112.86800569900004,-7.550008064999929,0],[112.86800677100007,-7.5499987679999663,0],[112.86801392300003,-7.5499876839999729,0],[112.86802178900007,-7.5499765989999332,0],[112.86802786800001,-7.549971950999975,0],[112.86803466200001,-7.5499737379999488,0],[112.86804681900003,-7.5499783869999533,0],[112.86805575900007,-7.5499844659999553,0],[112.86805861900007,-7.5499898289999692,0],[112.86806291000005,-7.550006992999954,0],[112.86807006200002,-7.5500119989999348,0],[112.86808007400009,-7.5500241559999495,0],[112.86809008600005,-7.5500363129999641,0],[112.8680936610001,-7.5500370289999523,0],[112.86810653400005,-7.5500352409999323,0],[112.86811869100006,-7.5500263009999458,0],[112.86812441200004,-7.5500170049999724,0],[112.86812834600005,-7.5500119989999348,0],[112.86812441200004,-7.5500016289999508,0],[112.86812262500007,-7.5499998409999307,0],[112.86811082500003,-7.5499919749999549,0],[112.86809866700003,-7.549979101999952,0],[112.86809795200008,-7.5499680169999692,0],[112.86810152800001,-7.5499637259999304,0],[112.86811082500003,-7.5499580049999508,0],[112.8681236970001,-7.5499515689999726,0],[112.86812620000001,-7.5499515689999726,0],[112.86814586700007,-7.5499551449999558,0],[112.86815552100006,-7.5499580049999508,0],[112.86817296900006,-7.5499729759999354,0],[112.86820200500006,-7.5499715929999525,0],[112.86821201700002,-7.5499673019999705,0],[112.86823633200004,-7.5499444179999387,0],[112.86823776300002,-7.5499301149999383,0],[112.86825921700006,-7.549898647999953,0],[112.86828496200008,-7.5498686119999547,0],[112.86831356800008,-7.5498414369999409,0],[112.86833931300009,-7.5498228429999585,0],[112.86837507000007,-7.5497913769999627,0],[112.86838365200003,-7.5497699229999284,0],[112.86839795500009,-7.5497198629999502,0],[112.86842227000011,-7.5496841049999261,0],[112.86844372400003,-7.5496469179999508,0],[112.86845230600011,-7.549619742999937,0],[112.86843085100008,-7.5495868459999542,0],[112.86837221000008,-7.5495854159999567,0],[112.86836219800011,-7.5495882759999517,0],[112.86836036300008,-7.5495896109999308,0],[112.86834646400007,-7.5495997189999571,0],[112.86832358000004,-7.5496125909999705,0],[112.86831070700009,-7.5495997189999571,0],[112.86830498600011,-7.5495578829999772,0],[112.86830069500002,-7.5495518039999752,0],[112.86829211400004,-7.5495496579999326,0],[112.86828496200008,-7.5495518039999752,0],[112.86827852600004,-7.5495535919999384,0],[112.86825421100002,-7.5495482279999351,0],[112.86824670200008,-7.5495450099999744,0],[112.86824205300002,-7.5495378589999405,0],[112.86824419900006,-7.5495231979999744,0],[112.8682477750001,-7.5495117559999585,0],[112.86825421100002,-7.5495046039999352,0],[112.86825993200011,-7.5494935199999418,0],[112.86825957500002,-7.5494849379999778,0],[112.86825993200011,-7.5494749259999594,0],[112.86825242300006,-7.5494670589999373,0],[112.86825099300006,-7.5494566899999427,0],[112.86825206600008,-7.5494473929999799,0],[112.86825957500002,-7.5494395259999578,0],[112.86826636800004,-7.5494352359999652,0],[112.86827709600004,-7.5494302299999276,0],[112.86828818000004,-7.5494287989999407,0],[112.86829890700005,-7.5494295139999394,0],[112.86830284100006,-7.549429871999962,0],[112.86830999200004,-7.5494405989999791,0],[112.86831178000011,-7.5494470349999574,0],[112.86831428300002,-7.5494581199999402,0],[112.86832000400011,-7.5494777869999439,0],[112.86832608300006,-7.5494863679999753,0],[112.86833180400004,-7.5494874409999397,0],[112.86833645200011,-7.5494874409999397,0],[112.86834682200003,-7.5494874409999397,0],[112.86836362800011,-7.5494810049999614,0],[112.86837507000007,-7.5494731379999394,0],[112.86837828800003,-7.5494663439999385,0],[112.86838365200003,-7.5494556169999782,0],[112.86839044600003,-7.5494438169999398,0],[112.86840448800001,-7.5494364709999786,0],[112.86840903900008,-7.5494363079999403,0],[112.86842405700008,-7.549438453999926,0],[112.86844551200011,-7.5494398839999803,0],[112.86845981500005,-7.5494313019999595,0],[112.86846768100008,-7.5494026969999481,0],[112.86846053000011,-7.5493912539999428,0],[112.86845480900001,-7.5493762359999437,0],[112.86845909900001,-7.5493669389999809,0],[112.86847411700001,-7.5493647939999278,0],[112.86848198400003,-7.5493712299999629,0],[112.8684934260001,-7.5493805269999257,0],[112.86850915900004,-7.5493976909999674,0],[112.86852846800002,-7.549406271999942,0],[112.86855135300004,-7.5493919689999416,0],[112.86856494100005,-7.5493705149999641,0],[112.86857209200002,-7.549355496999965,0],[112.86857066200002,-7.5493354729999282,0],[112.86855707400002,-7.5493218849999266,0],[112.86854491700001,-7.5493118729999651,0],[112.86852560800003,-7.5492961399999672,0],[112.86851488100001,-7.549289703999932,0],[112.86849628700008,-7.549289703999932,0],[112.86847554800011,-7.5492882739999345,0],[112.86846911100008,-7.5492846979999513,0],[112.86846482100009,-7.5492789769999717,0],[112.86846553600003,-7.5492668189999677,0],[112.86847340200006,-7.5492560919999505,0],[112.86847626300005,-7.5492467949999309,0],[112.86848055400003,-7.5492417889999501,0],[112.86849700200003,-7.5492217649999702,0],[112.86850486900005,-7.5492138989999376,0],[112.8685070140001,-7.5492138989999376,0],[112.86851202000003,-7.5492203349999727,0],[112.86851631100001,-7.5492282019999379,0],[112.86852703800002,-7.5492475109999759,0],[112.86853418900012,-7.549254661999953,0],[112.86854992300005,-7.5492553769999517,0],[112.86856994700008,-7.5492539469999542,0],[112.8686092800001,-7.5492432199999371,0],[112.86862644300004,-7.5492289169999367,0],[112.86863788500011,-7.5492131839999388,0],[112.86864575200002,-7.5491888689999769,0],[112.86863574000006,-7.5491745659999765,0],[112.8686257280001,-7.5491631239999606,0],[112.86861857600002,-7.5491338029999611,0],[112.86862715800009,-7.5491273659999365,0],[112.86864146100004,-7.549121644999957,0],[112.86863788500011,-7.5491037669999628,0],[112.86863788500011,-7.5490815969999403,0],[112.86863574000006,-7.5490594279999641,0],[112.86862501300004,-7.5490508459999432,0],[112.8686107100001,-7.549051560999942,0],[112.86858997100001,-7.5490558519999809,0],[112.86857995900004,-7.5490579979999666,0],[112.86856422500011,-7.5490630039999473,0],[112.86854420100008,-7.5490658639999424,0],[112.86853418900012,-7.5490587129999653,0],[112.86851980200004,-7.5490362639999375,0],[112.8685166680001,-7.5490326099999265,0],[112.86851309300005,-7.5490204529999687,0],[112.8685152380001,-7.5490025739999282,0],[112.86851988700005,-7.5489904169999704,0],[112.86853061400006,-7.5489796889999639,0],[112.86853890300006,-7.5489699719999521,0],[112.86854098300012,-7.5489675319999492,0],[112.86854992300005,-7.548956804999932,0],[112.86855528600006,-7.548946434999948,0],[112.86855993500001,-7.5489342779999333,0],[112.86856065000006,-7.5489242659999718,0],[112.86856958900012,-7.5489142539999534,0],[112.8685903280001,-7.5489010239999743,0],[112.86859998300008,-7.548892799999976,0],[112.86860641900012,-7.5488842179999551,0],[112.86861571600002,-7.5488659819999384,0],[112.86861392800006,-7.5488584729999388,0],[112.86860355800002,-7.5488409519999777,0],[112.86859354600006,-7.5488255759999561,0],[112.86858863900011,-7.5487973569999554,0],[112.86858782500008,-7.5487926789999733,0],[112.8685903280001,-7.5487708679999628,0],[112.86859175800009,-7.5487587099999587,0],[112.86859318900008,-7.548740473999942,0],[112.86859247400002,-7.5487268859999404,0],[112.86859211600006,-7.5487104379999437,0],[112.86860141300008,-7.5487004259999253,0],[112.86860749200002,-7.5486989959999278,0],[112.86861758700002,-7.5486968929999421,0],[112.86862465500008,-7.5486954199999445,0],[112.86865755200006,-7.5486682449999307,0],[112.86867328500011,-7.5486568019999254,0],[112.86869473900003,-7.5486367779999455,0],[112.86870332100011,-7.5486038819999521,0],[112.86869616900003,-7.548560972999951,0],[112.86867614500011,-7.5485423789999686,0],[112.86864897000009,-7.5485309369999527,0],[112.86862894600006,-7.5485223549999318,0],[112.8686265020001,-7.548518931999979,0],[112.86862179500008,-7.5485123429999703,0],[112.86861178300001,-7.5484980409999594,0],[112.86858603700011,-7.5484722949999536,0],[112.8685874680001,-7.5484479799999349,0],[112.8685888980001,-7.548432246999937,0],[112.86860177000005,-7.548413653999944,0],[112.86861178300001,-7.5484022109999387,0],[112.86862436800004,-7.548392587999956,0],[112.86863609700004,-7.5483836179999457,0],[112.86864897000009,-7.5483621629999789,0],[112.8686475400001,-7.5483407089999446,0],[112.86862328600012,-7.5483285819999537,0],[112.8686189340001,-7.5483264059999442,0],[112.86860034000006,-7.5483264059999442,0],[112.86857745600003,-7.5483292669999287,0],[112.86856458300008,-7.5483335579999675,0],[112.86855457100012,-7.548350720999963,0],[112.86855028000002,-7.5483836179999457,0],[112.86854455900004,-7.5483993509999436,0],[112.86851023200006,-7.5484208049999779,0],[112.8684701840001,-7.5483836179999457,0],[112.86845945700009,-7.5483757509999805,0],[112.86845016000007,-7.5483664539999609,0],[112.86844300900009,-7.5483607329999813,0],[112.8684265600001,-7.5483457149999253,0],[112.86841940900001,-7.5483321269999806,0],[112.86842441500005,-7.5483092429999488,0],[112.86842870600003,-7.5482892189999689,0],[112.86844443900009,-7.5482706249999296,0],[112.86845588100005,-7.5482670489999464,0],[112.86848877800003,-7.548276345999966,0],[112.8685152380001,-7.5482691949999321,0],[112.86853454700008,-7.5482577519999268,0],[112.86855099500008,-7.548234152999953,0],[112.8685602920001,-7.5482305769999698,0],[112.86857745600003,-7.548226285999931,0],[112.86859390400002,-7.5482055469999523,0],[112.86858818300004,-7.5481883839999568,0],[112.86858246200006,-7.5481705049999732,0],[112.86859676400002,-7.5481490509999389,0],[112.8686039160001,-7.548133317999941,0],[112.86859748000006,-7.5481082869999341,0],[112.86858961300004,-7.5481068569999366,0],[112.86857745600003,-7.5481047119999403,0],[112.86856243800003,-7.5480904089999399,0],[112.86855814700004,-7.5480811119999771,0],[112.86855528600006,-7.5480625179999379,0],[112.86856243800003,-7.5480517909999776,0],[112.86857316500004,-7.5480410639999604,0],[112.86858103100008,-7.5480260459999613,0],[112.86858246200006,-7.547996009999963,0],[112.86857888600002,-7.5479902889999266,0],[112.86857101900011,-7.5479795619999663,0],[112.8685574320001,-7.5479709799999455,0],[112.86854598900004,-7.5479745559999287,0],[112.86853311700008,-7.5479745559999287,0],[112.86852525000006,-7.5479666889999635,0],[112.86852668000006,-7.5479566769999451,0],[112.86853311700008,-7.5479488109999693,0],[112.86854885000002,-7.5479387989999509,0],[112.86856672800002,-7.5479309319999288,0],[112.86857745600003,-7.5479166289999284,0],[112.86858174600002,-7.5479008959999305,0],[112.86857316500004,-7.5478865929999301,0],[112.86854098300012,-7.5478751509999711,0],[112.86852954100004,-7.5478708599999322,0],[112.8685152380001,-7.5478801569999519,0],[112.86850880200006,-7.5478958899999498,0],[112.86850665600002,-7.5479016109999293,0],[112.86849378400007,-7.5479066169999669,0],[112.8684866320001,-7.547895174999951,0],[112.86848734800003,-7.5478887389999727,0],[112.86848806300009,-7.5478772959999674,0],[112.86849092300008,-7.547862992999967,0],[112.86849306900001,-7.5478515509999511,0],[112.86849378400007,-7.5478365329999519,0],[112.86849521400006,-7.5478258059999348,0],[112.86849807500005,-7.5478050669999561,0],[112.8684987900001,-7.5477950549999377,0],[112.86849592900001,-7.5477886189999595,0],[112.86848591700004,-7.5477864729999737,0],[112.86846517800006,-7.5477907639999557,0],[112.86846231800007,-7.5477921939999533,0],[112.86845016000007,-7.547797199999934,0],[112.86843943300005,-7.5478036369999586,0],[112.86843013600003,-7.5478229449999503,0],[112.86842012400007,-7.5478300969999736,0],[112.86840081500009,-7.5478308119999724,0],[112.86839223400011,-7.5478172239999708,0],[112.86839080300001,-7.5478086429999394,0],[112.86839795500009,-7.5477914789999545,0],[112.86840224600007,-7.5477836129999787,0],[112.86841225800003,-7.5477778909999529,0],[112.86842083900001,-7.5477728849999721,0],[112.86843228200007,-7.5477678789999345,0],[112.86843943300005,-7.5477643039999407,0],[112.86844658400003,-7.5477592979999599,0],[112.86845588100005,-7.5477542919999792,0],[112.86846589300001,-7.5477464249999571,0],[112.86847089900004,-7.547738557999935,0],[112.86848448700005,-7.5477192499999433,0],[112.86849306900001,-7.5476863529999605,0],[112.86849378400007,-7.547684922999963,0],[112.8685123780001,-7.5476663289999806,0],[112.86852095900008,-7.5476591779999467,0],[112.86852596500012,-7.5476477349999413,0],[112.86852167400002,-7.5476355779999267,0],[112.86851738400003,-7.5476312869999447,0],[112.86850308100009,-7.5476305719999459,0],[112.86849378400007,-7.5476219899999251,0],[112.86849449900001,-7.5476076869999815,0],[112.86849592900001,-7.5475983899999619,0],[112.86849592900001,-7.5475833719999628,0],[112.86850308100009,-7.5475647789999698,0],[112.8685123780001,-7.5475540519999527,0],[112.8685316860001,-7.5475476149999281,0],[112.86854312900005,-7.5475476149999281,0],[112.86855600100012,-7.5475426089999473,0],[112.86857173400006,-7.5475290219999351,0],[112.8685888980001,-7.5475197249999724,0],[112.86860606100004,-7.5475211549999699,0],[112.86860965300002,-7.5475215539999567,0],[112.8686189340001,-7.5475225849999674,0],[112.86863967300008,-7.5475204399999711,0],[112.86865683700012,-7.5475061369999707,0],[112.86866470300004,-7.5474925489999691,0],[112.86866613300003,-7.5474746709999749,0],[112.86865969700011,-7.5474510709999549,0],[112.86865183100008,-7.5474417739999353,0],[112.86863895800002,-7.5474339079999595,0],[112.86862465500008,-7.5474274709999349,0],[112.8686081840001,-7.5474345899999662,0],[112.86859497700004,-7.5474467799999729,0],[112.86856601300008,-7.5474532159999512,0],[112.86853490500005,-7.5474349799999345,0],[112.86852846800002,-7.5473974349999366,0],[112.8685316860001,-7.5473652539999421,0],[112.8685424140001,-7.5473395089999258,0],[112.8685821040001,-7.5473255629999585,0],[112.86860634200002,-7.5473255629999585,0],[112.86860677700008,-7.5473255629999585,0],[112.86863359400002,-7.5473309269999618,0],[112.86865504900004,-7.5473480899999572,0],[112.86866327300004,-7.5473555989999568,0],[112.86867400000006,-7.5473595329999625,0],[112.86868830300011,-7.5473555989999568,0],[112.86869724200005,-7.5473473749999584,0],[112.86871261800002,-7.5473273509999785,0],[112.86871261800002,-7.5473105449999593,0],[112.86871118700003,-7.547296241999959,0],[112.86870618100011,-7.5472865879999631,0],[112.86870010300004,-7.5472769339999672,0],[112.86868293900011,-7.5472651339999288,0],[112.86866792100011,-7.5472669219999489,0],[112.86865969700011,-7.5472740729999259,0],[112.86865147300011,-7.5472805089999611,0],[112.86863788500011,-7.5472862299999406,0],[112.8686257280001,-7.5472833699999455,0],[112.86861857600002,-7.5472676369999476,0],[112.86861428600002,-7.5472300919999498,0],[112.86861428600002,-7.5472097099999473,0],[112.86860892200002,-7.5471989829999302,0],[112.86860413900001,-7.5471951559999297,0],[112.86859283100011,-7.5471861099999273,0],[112.868583177,-7.5471721649999495,0],[112.8685874680001,-7.5471582199999716,0],[112.8686032490001,-7.5471424399999592,0],[112.86860355800002,-7.5471421289999512,0],[112.86862394000002,-7.5471389109999336,0],[112.86863574000006,-7.5471378379999692,0],[112.86865183100008,-7.5471367659999373,0],[112.86867113900007,-7.5471249659999557,0],[112.86869259400009,-7.5470970749999537,0],[112.86869688500008,-7.5470799119999583,0],[112.86871512100004,-7.5470627479999735,0],[112.86873121100007,-7.5470434389999355,0],[112.86873979300003,-7.547021984999958,0],[112.86875373800001,-7.5469908759999385,0],[112.86874837500011,-7.5469672769999647,0],[112.86872584800005,-7.5469393859999627,0],[112.86870332100011,-7.5469318769999632,0],[112.86868508500004,-7.5469436769999447,0],[112.8686475400001,-7.5469640579999577,0],[112.86861964900004,-7.546965130999979,0],[112.86858424900004,-7.5469544039999619,0],[112.86858424900004,-7.5469522589999656,0],[112.86857670800009,-7.5469586399999571,0],[112.86857030400006,-7.5469640579999577,0],[112.86854026800006,-7.5469597679999652,0],[112.86852846800002,-7.5469350949999807,0],[112.86850915900004,-7.5469318769999632,0],[112.86848448700005,-7.546945821999941,0],[112.86846732400011,-7.5469619129999614,0],[112.86844586900008,-7.5469565489999582,0],[112.86843943300005,-7.5469404589999272,0],[112.86845016000007,-7.5469232949999423,0],[112.86847268700001,-7.5468943319999653,0],[112.86848985100005,-7.5468825319999269,0],[112.86850947200003,-7.5468660089999275,0],[112.86851023200006,-7.5468653689999314,0],[112.8685220320001,-7.546844986999929,0],[112.8685166680001,-7.5468213869999659,0],[112.86850057800007,-7.5467977879999353,0],[112.86847805100001,-7.5467816969999717,0],[112.8684619600001,-7.5467763329999684,0],[112.8684050490001,-7.5467547039999658,0],[112.86838257900001,-7.546687297999938,0],[112.86835039800008,-7.5465682269999661,0],[112.86835254300001,-7.5464502279999692,0],[112.86837077900009,-7.5464298469999562,0],[112.86838150600011,-7.5464330649999738,0],[112.86840510600007,-7.5464362829999345,0],[112.86842119700009,-7.5464309189999312,0],[112.86844801500001,-7.5464148289999571,0],[112.86844357100006,-7.5463801259999741,0],[112.8684415780001,-7.5463611929999388,0],[112.8684415780001,-7.5463257929999372,0],[112.86844372400003,-7.5463021939999635,0],[112.86843514200007,-7.5462850299999786,0],[112.86841690600011,-7.5462689389999582,0],[112.86840188800011,-7.5462667939999619,0],[112.86833752500002,-7.5462507029999415,0],[112.86833538000008,-7.5462303219999285,0],[112.86833538000008,-7.5462131579999436,0],[112.86833859800004,-7.5461927769999306,0],[112.86834825200003,-7.5461906309999449,0],[112.86837185200011,-7.5461874129999273,0],[112.86841047000007,-7.5461841949999666,0],[112.86842870600003,-7.5461723949999282,0],[112.86844265100001,-7.5461530859999471,0],[112.86844908700004,-7.5461530859999471,0],[112.86846517800006,-7.5461530859999471,0],[112.86849092300008,-7.5461605949999466,0],[112.8685016500001,-7.5461734679999495,0],[112.86850486900005,-7.546176685999967,0],[112.86852310500001,-7.5461895579999805,0],[112.8685520680001,-7.5461863399999629,0],[112.86859390400002,-7.5461799039999278,0],[112.86862823100012,-7.5461681039999462,0],[112.8686475400001,-7.5461713219999638,0],[112.86866577600006,-7.5461895579999805,0],[112.86871190300008,-7.5462099399999261,0],[112.86876232000009,-7.5462067219999653,0],[112.86881059200005,-7.5462077949999298,0],[112.86883526500003,-7.5462120849999792,0],[112.86887388200012,-7.5462249579999252,0],[112.86888288700004,-7.5462283879999745,0],[112.86891893600011,-7.5462421209999775,0],[112.8689586270001,-7.5462560669999448,0],[112.86899724500006,-7.5462646479999762,0],[112.86903479000011,-7.5462603579999268,0],[112.86907662600004,-7.5462217399999645,0],[112.86908735300005,-7.5461745399999813,0],[112.86907773200005,-7.5461346129999356,0],[112.86907662600004,-7.5461300229999324,0],[112.86905946200011,-7.5461235869999541,0],[112.86904229900006,-7.5461074959999337,0],[112.86903961700011,-7.5460940869999718,0],[112.86904390800009,-7.5460742419999747,0],[112.86905463500011,-7.5460624419999363,0],[112.86907930700011,-7.5460452779999514,0],[112.86909968900011,-7.5460350879999396,0],[112.86911631600003,-7.5460361599999715,0],[112.86914367000008,-7.5460452779999514,0],[112.86915205000003,-7.546045539999966,0],[112.86916083400001,-7.5460458149999567,0],[112.8691796060001,-7.5460307969999576,0],[112.86918604200002,-7.5460179239999547,0],[112.86918253700003,-7.5460089999999695,0],[112.86918014300011,-7.5460029059999556,0],[112.86917853300008,-7.5459932519999597,0],[112.86918282400006,-7.5459841339999798,0],[112.86919301500006,-7.5459825249999426,0],[112.86920438400011,-7.5459828159999347,0],[112.86921393300008,-7.5459830609999585,0],[112.86922787800006,-7.545979842999941,0],[112.86923431500009,-7.5459648249999418,0],[112.86923324200006,-7.5459578519999582,0],[112.86923622100005,-7.5459446589999288,0],[112.86923699600004,-7.5459412249999787,0],[112.869245578,-7.5459331799999632,0],[112.8692457730001,-7.5459332109999764,0],[112.86925576900001,-7.5459347889999435,0],[112.86926864100008,-7.5459358609999754,0],[112.86928044100011,-7.5459337159999791,0],[112.86929545900011,-7.5459278159999599,0],[112.86930725900004,-7.5459186979999799,0],[112.86932174100002,-7.5459015349999277,0],[112.86932925000008,-7.5458891979999407,0],[112.86932978600009,-7.5458779349999645,0],[112.86932281400004,-7.5458672079999474,0],[112.86930864700003,-7.545857850999937,0],[112.86930296800006,-7.5458543349999445,0],[112.86929706800004,-7.5458484349999253,0],[112.86929867700007,-7.5458291259999442,0],[112.86930296800006,-7.5458216169999446,0],[112.86931584100012,-7.5458114269999328,0],[112.86932388600007,-7.5458012359999316,0],[112.86932978600009,-7.5457910449999304,0],[112.86933568600011,-7.5457754909999721,0],[112.86934319500006,-7.5457669089999513,0],[112.86935714000003,-7.5457631539999284,0],[112.86936304000005,-7.5457567179999501,0],[112.86936625900012,-7.5457433089999313,0],[112.86935606800012,-7.5457175639999718,0],[112.86935499500009,-7.5457143459999543,0],[112.86935606800012,-7.5456934279999359,0],[112.86935553100011,-7.5456751919999761,0],[112.86935660400002,-7.5456569559999593,0],[112.86935767700004,-7.5456424739999761,0],[112.86936304000005,-7.5456161919999545,0],[112.86937215800003,-7.5455968839999628,0],[112.86938181300002,-7.5455824019999795,0],[112.86939093100011,-7.545575428999939,0],[112.86940112200011,-7.5455668479999645,0],[112.86942794000004,-7.5455518299999653,0],[112.86944671200001,-7.5455448569999248,0],[112.86946333900005,-7.5455384209999465,0],[112.8694858660001,-7.545530911999947,0],[112.86950678400001,-7.5455244749999792,0],[112.86951965700007,-7.545521793999967,0],[112.86954808400003,-7.5455207209999458,0],[112.86957543800008,-7.5455250119999278,0],[112.86958405100006,-7.5455277679999426,0],[112.86958884700005,-7.5455293029999666,0],[112.86959903800005,-7.54552769299994,0],[112.86960869200004,-7.5455191119999654,0],[112.86961320000012,-7.5454928319999794,0],[112.86960761900002,-7.5454858579999495,0],[112.8696065470001,-7.545466011999963,0],[112.86961030100008,-7.5454531399999496,0],[112.86961995600007,-7.5454440219999697,0],[112.86963175500011,-7.5454290039999705,0],[112.86963819200002,-7.5454139859999714,0],[112.86963551000008,-7.5454005769999526,0],[112.86963175500011,-7.545388776999971,0],[112.86963926400006,-7.5453828769999518,0],[112.86965267300002,-7.5453796589999342,0],[112.86966822800002,-7.5453791219999289,0],[112.86967113100002,-7.5453784529999552,0],[112.86968217300011,-7.5453759039999682,0],[112.86969558200008,-7.5453657139999564,0],[112.86970201800011,-7.5453533769999694,0],[112.8696940000001,-7.5453325309999286,0],[112.86968860900004,-7.5453281689999585,0],[112.86968056400008,-7.5453254869999569,0],[112.86966393700004,-7.5453233409999712,0],[112.86966071900008,-7.5453228049999552,0],[112.8696462370001,-7.5453136869999753,0],[112.8696365830001,-7.5452965229999336,0],[112.86964087300009,-7.545283650999977,0],[112.86965213700012,-7.5452718509999386,0],[112.86966018200008,-7.5452680969999619,0],[112.86968700000011,-7.5452552239999591,0],[112.86971006400006,-7.5452428879999616,0],[112.86971918200004,-7.5452300149999587,0],[112.86971918200004,-7.5452208969999788,0],[112.86970630900009,-7.5452042699999424,0],[112.8697014820001,-7.5451860339999257,0],[112.86970470000006,-7.5451720889999478,0],[112.86971918200004,-7.5451484889999278,0],[112.86973044500007,-7.5451372249999622,0],[112.86974331800002,-7.5451318619999483,0],[112.86974387100008,-7.5451315329999602,0],[112.86976316300002,-7.5451200619999668,0],[112.86976799000001,-7.5451093349999496,0],[112.86977067200007,-7.5450932439999292,0],[112.86976852700002,-7.5450809079999317,0],[112.86976209000011,-7.5450739349999481,0],[112.86975147900012,-7.5450575249999474,0],[112.86975775000008,-7.5450418479999257,0],[112.869757531,-7.5450318309999602,0],[112.86975538600007,-7.5450227129999803,0],[112.86975324000002,-7.5450160089999372,0],[112.86975297200001,-7.5450047449999715,0],[112.86975592200008,-7.5449940179999544,0],[112.86976584500007,-7.5449830229999293,0],[112.86977270900002,-7.5449773849999815,0],[112.86977335400002,-7.5449768539999695,0],[112.86978408100003,-7.5449682729999381,0],[112.8697870310001,-7.5449629089999348,0],[112.86978783500001,-7.5449559369999406,0],[112.86978649500008,-7.5449481589999436,0],[112.86977979000005,-7.5449411869999494,0],[112.869777236,-7.5449398339999334,0],[112.86977523100006,-7.5449387729999557,0],[112.86976638100009,-7.5449344819999737,0],[112.86976343100002,-7.5449283139999466,0],[112.86976477200005,-7.5449229509999327,0],[112.86976866100008,-7.5449021669999752,0],[112.86976584500007,-7.5448949259999267,0],[112.86975779900001,-7.5448776279999379,0],[112.86975096100002,-7.5448623419999308,0],[112.86974653600009,-7.5448361949999594,0],[112.86974975400005,-7.5448205059999509,0],[112.86975015600001,-7.5448036109999634,0],[112.86974211100005,-7.5447834979999584,0],[112.86973808800008,-7.5447726359999479,0],[112.86972762900007,-7.5447533279999561,0],[112.8697187790001,-7.5447444779999273,0],[112.86971073400002,-7.5447444779999273,0],[112.86970108000003,-7.5447444779999273,0],[112.86968901200009,-7.5447436729999708,0],[112.86967895500004,-7.5447324099999378,0],[112.86967935700011,-7.5447219509999286,0],[112.86968458700005,-7.5447155139999609,0],[112.86968659800004,-7.544714307999925,0],[112.86970671100005,-7.544706261999977,0],[112.86969303400008,-7.544682125999941,0],[112.86968177100005,-7.5446652309999536,0],[112.86967050700002,-7.5446467269999289,0],[112.86965522100002,-7.5446241999999302,0],[112.86964556700002,-7.5445968449999441,0],[112.86964476200001,-7.5445807549999699,0],[112.86963028000002,-7.5445686869999804,0],[112.86961579900003,-7.5445678819999671,0],[112.86959809900009,-7.5445702959999608,0],[112.86958522600003,-7.5445759269999257,0],[112.86957557200003,-7.5445823639999503,0],[112.86953856300011,-7.5445936269999265,0],[112.86953212700007,-7.5445920179999462,0],[112.86950235900008,-7.5445847769999546,0],[112.8694782230001,-7.5445839729999307,0],[112.86945971900002,-7.5445968449999441,0],[112.86943960500003,-7.5446233949999737,0],[112.8694178830001,-7.5446346579999499,0],[112.86938007000003,-7.5446386809999808,0],[112.86934788800011,-7.5446435079999787,0],[112.86931731600009,-7.5446290269999281,0],[112.86928996200004,-7.5446185679999758,0],[112.86926582600006,-7.544604890999949,0],[112.86925375800001,-7.5445855819999679,0],[112.86924651700008,-7.5445445499999551,0],[112.86924169000008,-7.5445357009999725,0],[112.86922479400005,-7.5445300689999613,0],[112.86919100400007,-7.5445252419999633,0],[112.8691773270001,-7.5445332869999788,0],[112.86916847700002,-7.5445445499999551,0],[112.86914595000007,-7.5445606409999755,0],[112.86912985900005,-7.5445582279999712,0],[112.86911859600002,-7.5445509869999796,0],[112.86910894100004,-7.5445316779999416,0],[112.86911135500009,-7.5445188049999388,0],[112.86912583600008,-7.5445067369999492,0],[112.86914434100004,-7.5444793829999526,0],[112.86915077700007,-7.5444649009999694,0],[112.86916606300008,-7.5444367429999488,0],[112.86917652200009,-7.5444198469999719,0],[112.86919744000011,-7.5444158249999305,0],[112.86920629000008,-7.5444142159999501,0],[112.86921272600011,-7.5443981249999297,0],[112.86921835800001,-7.5443812299999422,0],[112.86922157600009,-7.5443627249999281,0],[112.86920789900012,-7.5443426119999799,0],[112.86920648400007,-7.544340062999936,0],[112.86919985400004,-7.5443281299999398,0],[112.86919583100007,-7.544318475999944,0],[112.86918859000002,-7.5442927309999277,0],[112.86917652200009,-7.5442718129999662,0],[112.86916365000002,-7.5442484809999542,0],[112.86915238600011,-7.5442243449999751,0],[112.86911457300005,-7.5441937729999609,0],[112.86909285000002,-7.5441994039999258,0],[112.86907273700001,-7.5442050359999371,0],[112.86905021000007,-7.544238021999945,0],[112.86903251000001,-7.5442645719999746,0],[112.86904096900003,-7.5442919719999395,0],[112.86904377400003,-7.5443031899999369,0],[112.8690365330001,-7.5443136489999461,0],[112.86902366000004,-7.5443176709999307,0],[112.86901159200011,-7.5443160619999503,0],[112.86899389200005,-7.5443064079999544,0],[112.86897458400006,-7.5443047989999741,0],[112.86895205700012,-7.5443104299999391,0],[112.86893918400006,-7.5443249119999791,0],[112.86893033400008,-7.5443369799999687,0],[112.86890941600006,-7.5443554839999365,0],[112.86889815300003,-7.5443651389999786,0],[112.86888528000009,-7.5443683569999394,0],[112.86887401700005,-7.5443595069999674,0],[112.86887160300012,-7.5443482439999343,0],[112.86886999400008,-7.5443337619999511,0],[112.86886436200007,-7.5443152579999264,0],[112.86885792600003,-7.5442991669999628,0],[112.86886355800004,-7.5442879029999403,0],[112.8688707980001,-7.5442798579999248,0],[112.86887562600009,-7.5442661809999549,0],[112.86887482100008,-7.5442589399999633,0],[112.86886275300003,-7.5442460679999499,0],[112.86884424900006,-7.5442412399999625,0],[112.868826549,-7.544238021999945,0],[112.86880730700011,-7.544224078999946,0],[112.86880804500004,-7.5441994039999258,0],[112.8688104580001,-7.5441865319999692,0],[112.86882011300008,-7.5441720499999292,0],[112.86882494000008,-7.5441495229999305,0],[112.86882574400011,-7.5441165369999794,0],[112.86882011300008,-7.5440795289999301,0],[112.86880643600011,-7.5440594149999356,0],[112.86878873600006,-7.544052173999944,0],[112.8687654040001,-7.5440529789999573,0],[112.86875172700002,-7.5440586109999686,0],[112.86873885400007,-7.5440763099999799,0],[112.86873289000005,-7.5440949489999412,0],[112.86873241800004,-7.5440964239999744,0],[112.86874096200006,-7.544108954999956,0],[112.86874448600008,-7.5441141239999752,0],[112.86874495600011,-7.5441158859999291,0],[112.86875092300011,-7.5441382599999542,0],[112.86874287700005,-7.5441471099999262,0],[112.86873080900011,-7.5441495229999305,0],[112.86867771000004,-7.5441446959999325,0],[112.86864231000004,-7.5441076869999506,0],[112.86855863800008,-7.5440706789999581,0],[112.8684894480001,-7.544080332999954,0],[112.86843103900003,-7.543884663999961,0],[112.86839290400007,-7.5437569099999564,0],[112.86839451300011,-7.5437295549999703,0],[112.8684041680001,-7.5437005919999365,0],[112.8684089950001,-7.5436619739999742,0],[112.86841704000005,-7.5436410559999558,0],[112.86842825000008,-7.5435663309999654,0],[112.86842508500001,-7.5435155489999488,0],[112.86844439400011,-7.5435058939999635,0],[112.86846209400005,-7.543502675999946,0],[112.86848623000003,-7.5434785399999669,0],[112.86849749400005,-7.5434511859999702,0],[112.86850553900001,-7.5434222229999364,0],[112.86851841200007,-7.5434045229999356,0],[112.86853933000009,-7.5433980869999573,0],[112.8685747290001,-7.5433996959999376,0],[112.86858116500002,-7.5434045229999356,0],[112.86858760200005,-7.5434334859999694,0],[112.86857151100003,-7.5434592309999289,0],[112.86856829300007,-7.5434704949999514,0],[112.86857180400011,-7.5434827839999343,0],[112.86857794700006,-7.5435042849999263,0],[112.86859564700001,-7.5435203759999467,0],[112.86861817400006,-7.5435284209999622,0],[112.8686600100001,-7.5435139399999684,0],[112.86866644600002,-7.5435010669999656,0],[112.86866966400009,-7.5434258309999791,0],[112.86866966400009,-7.5434029139999552,0],[112.86868736400004,-7.5433771689999389,0],[112.8687002370001,-7.5433642959999361,0],[112.86872759100004,-7.5433369419999394,0],[112.86873241800004,-7.5433353329999591,0],[112.86880321700005,-7.5433369419999394,0],[112.86880885000005,-7.5433448269999417,0],[112.86881126300011,-7.5433482049999725,0],[112.86881126300011,-7.5433723409999516,0],[112.86880643600011,-7.5434029139999552,0],[112.86881126300011,-7.5434077409999531,0],[112.86883539900009,-7.5434238319999736,0],[112.86884666200001,-7.5434254409999539,0],[112.86885309900003,-7.543420613999956,0],[112.86888849800005,-7.5433980869999573,0],[112.86891746100002,-7.5433852139999544,0],[112.868976997,-7.5433562509999774,0],[112.8689963060001,-7.5433305059999611,0],[112.86903492400006,-7.5432757969999784,0],[112.86903492400006,-7.5432355699999789,0],[112.86902737700007,-7.543217646999949,0],[112.86902205100012,-7.5432049979999647,0],[112.8690317060001,-7.5431808619999288,0],[112.86905262400001,-7.5431679889999259,0],[112.86909606800009,-7.5431728169999701,0],[112.86912503200006,-7.5431969529999492,0],[112.86915721300011,-7.5432210889999283,0],[112.86918295800001,-7.5432387879999396,0],[112.86920226700011,-7.5432532699999797,0],[112.86923284000011,-7.5432677519999629,0],[112.8692875480001,-7.5432790149999391,0],[112.86930042100005,-7.5432275249999634,0],[112.86929720300009,-7.5432001709999668,0],[112.869313293,-7.5431728169999701,0],[112.8693229480001,-7.5431358079999313,0],[112.8693277750001,-7.5431036259999473,0],[112.86934225700008,-7.5430022549999762,0],[112.86935995600004,-7.5429700729999354,0],[112.86940018300004,-7.5429378919999408,0],[112.86942914600002,-7.5429218009999772,0],[112.86946937300002,-7.5428992739999785,0],[112.86948385500011,-7.5428767469999798,0],[112.86947741900008,-7.5428381299999501,0],[112.86947902800011,-7.5427962939999702,0],[112.86949350900011,-7.5427705489999539,0],[112.86950799100009,-7.5427560669999707,0],[112.86952408200011,-7.5427222759999495,0],[112.86949350900011,-7.5426917039999353,0],[112.86946132800006,-7.5426772219999521,0],[112.86943075500005,-7.5426691769999366,0],[112.86939374700012,-7.5426659589999758,0],[112.86936156500008,-7.5426418229999399,0],[112.8693229480001,-7.5426434319999771,0],[112.86930203000009,-7.542653085999973,0],[112.86927145700008,-7.542685267999957,0],[112.86924893000003,-7.5426917039999353,0],[112.86923284000011,-7.5426772219999521,0],[112.86923123100007,-7.5426546949999533,0],[112.86922479400005,-7.5426241229999391,0],[112.86921353100001,-7.5426112499999363,0],[112.86917330400001,-7.5426096409999559,0],[112.86913307700001,-7.5426160779999805,0],[112.86910733200011,-7.5426321679999546,0],[112.86907997800006,-7.5426579129999709,0],[112.86902526900008,-7.5426627409999583,0],[112.86898182400012,-7.5426627409999583,0],[112.8689464250001,-7.5426643499999386,0],[112.86891746100002,-7.5426772219999521,0],[112.8688707980001,-7.5426804399999696,0],[112.86881287200003,-7.5427029669999683,0],[112.86876460000008,-7.5427271039999368,0],[112.86875172700002,-7.5427238849999299,0],[112.86873402700007,-7.542714230999934,0],[112.86871310900005,-7.5426917039999353,0],[112.86871150000002,-7.5426756129999717,0],[112.86872437300008,-7.542648258999975,0],[112.86873402700007,-7.542633776999935,0],[112.86873724500003,-7.5425951599999621,0],[112.86873724500003,-7.5425645869999585,0],[112.86871793700004,-7.5425533239999254,0],[112.86869701900002,-7.5425549329999626,0],[112.86867610100001,-7.5425710239999262,0],[112.86865196500003,-7.5425983779999797,0],[112.86863748300004,-7.5426192959999412,0],[112.86861334700006,-7.542648258999975,0],[112.86852645700003,-7.5427077949999557,0],[112.86842347600009,-7.5427415849999306,0],[112.86835106800004,-7.5428011209999681,0],[112.86826900500012,-7.5429041009999764,0],[112.86807913500002,-7.5430505269999344,0],[112.86791999400009,-7.5431782039999575,0],[112.86791822800001,-7.5431792529999484,0],[112.86787478300005,-7.5432259159999262,0],[112.86778467500005,-7.5433128059999603,0],[112.86768330300004,-7.543369122999934,0],[112.8676511220001,-7.5433868229999348,0],[112.86755940500007,-7.5434898039999325,0],[112.86747090600011,-7.5435493389999806,0],[112.86730034400011,-7.5433659049999733,0],[112.86730838900007,-7.5433256779999738,0],[112.86734861600007,-7.5432806239999763,0],[112.86737918900008,-7.5432243069999458,0],[112.86740493400009,-7.5431905159999815,0],[112.86745481500009,-7.543126152999946,0],[112.86748699600003,-7.5430601809999303,0],[112.86751756900003,-7.5429411099999584,0],[112.86753687800001,-7.5428670929999271,0],[112.86751432700009,-7.5427947409999661,0],[112.86751435100007,-7.542794684999933,0],[112.86755940500007,-7.5427657209999666,0],[112.86759963100008,-7.542762502999949,0],[112.86764790400002,-7.5427512399999728,0],[112.86768169400011,-7.5427319309999348,0],[112.86770100300009,-7.5426949219999528,0],[112.86770100300009,-7.5426466499999378,0],[112.86767686700011,-7.5425887229999375,0],[112.86764951300006,-7.5425726329999634,0],[112.86763503100008,-7.542551714999945,0],[112.867626986,-7.542508269999928,0],[112.86762376800004,-7.542476087999944,0],[112.86760767700002,-7.5424664339999481,0],[112.86757227700002,-7.5424921789999644,0],[112.86754492300008,-7.5425002239999799,0],[112.86748377800006,-7.5425002239999799,0],[112.86741780600005,-7.5424471249999669,0],[112.86740332500005,-7.5424197709999703,0],[112.86742907000007,-7.5423859799999491,0],[112.86744837900005,-7.5423747169999729,0],[112.86749826000005,-7.5423634529999504,0],[112.86754331400005,-7.5423521899999741,0],[112.86757871400005,-7.5423087449999571,0],[112.86759480400008,-7.5422669089999772,0],[112.86761733100002,-7.5422556449999547,0],[112.86765434000006,-7.5422492089999764,0],[112.86767043100008,-7.5422475999999392,0],[112.86768491200007,-7.5422234639999601,0],[112.86766560300009,-7.5421832369999606,0],[112.86764307600004,-7.542155882999964,0],[112.86762054900009,-7.5421591009999815,0],[112.86758193200001,-7.5421977189999438,0],[112.86754975000008,-7.5422121999999376,0],[112.86750952300008,-7.5422105909999573,0],[112.86748860600005,-7.5422186369999622,0],[112.86746446900008,-7.5422315089999756,0],[112.86745642400001,-7.5422395549999806,0],[112.86744194200003,-7.5422733449999555,0],[112.86740010700009,-7.5423071359999767,0],[112.86737275200005,-7.5423248359999775,0],[112.86732448000009,-7.5423344899999734,0],[112.867250463,-7.5423505809999369,0],[112.86720862700008,-7.5423570169999721,0],[112.86711750100005,-7.5423562309999284,0],[112.86711691000005,-7.5423473629999762,0],[112.86712012800001,-7.5423087449999571,0],[112.86712817300008,-7.5422781719999534,0],[112.86713461000011,-7.5422475999999392,0],[112.86713300100007,-7.5422266819999777,0],[112.86709760100007,-7.5421832369999606,0],[112.86707185600005,-7.5421639279999795,0],[112.86705781600006,-7.5421647539999412,0],[112.86704450200011,-7.5421655369999598,0],[112.86701392900011,-7.5421719739999276,0],[112.86699944800012,-7.5422089819999769,0],[112.86698496600002,-7.5422218549999798,0],[112.86695761200008,-7.5422057639999593,0],[112.86694473900002,-7.5421768009999255,0],[112.86696565700004,-7.5421285289999673,0],[112.86697048400003,-7.5420979559999637,0],[112.86697048400003,-7.5420689929999298,0],[112.86697209300007,-7.5420657749999691,0],[112.86700910200011,-7.5420464659999311,0],[112.86699944800012,-7.5420239389999324,0],[112.86699301100009,-7.5420142849999365,0],[112.86696887500011,-7.5420030209999709,0],[112.86693991200002,-7.541993366999975,0],[112.86692060300004,-7.541978884999935,0],[112.86691255800008,-7.5419627939999714,0],[112.86691899400012,-7.5419483129999776,0],[112.8669431300001,-7.5419322219999572,0],[112.86695600300004,-7.5419290039999396,0],[112.86702841100009,-7.541912912999976,0],[112.86702925200007,-7.5419125869999561,0],[112.86708633700005,-7.5418903859999773,0],[112.86712495500001,-7.5418839499999422,0],[112.86715391900009,-7.5418823409999618,0],[112.86722632700003,-7.5418903859999773,0],[112.86727620800002,-7.5418903859999773,0],[112.8673099990001,-7.5418791229999442,0],[112.86733574400012,-7.5418292409999594,0],[112.86733896200008,-7.5417986689999452,0],[112.86731160800002,-7.5417584419999457,0],[112.86728425300009,-7.5417471789999695,0],[112.86720862700008,-7.5417729239999289,0],[112.86717000900001,-7.5417761419999465,0],[112.86712495500001,-7.5417294789999687,0],[112.86712173700005,-7.5417085609999504,0],[112.86711047400001,-7.5416940789999671,0],[112.86709438300011,-7.5416763789999663,0],[112.86707507400001,-7.5416602889999353,0],[112.86706542000002,-7.5416474159999325,0],[112.86704772000007,-7.54161040799994,0],[112.86706702900005,-7.5415830529999539,0],[112.86708794700007,-7.5415701809999405,0],[112.86711530100001,-7.5415621349999356,0],[112.8671442640001,-7.5415556989999573,0],[112.86716679100005,-7.5415524809999397,0],[112.86721828100008,-7.5415589169999748,0],[112.86724241700006,-7.5415653539999425,0],[112.86731238000004,-7.5415899699999613,0],[112.86737611400008,-7.5415898939999693,0],[112.86741137000001,-7.5415717899999777,0],[112.8674403330001,-7.5415669629999798,0],[112.86745481500009,-7.5415717899999777,0],[112.86747251500003,-7.5415878809999413,0],[112.86749504200009,-7.5416023619999351,0],[112.86753205000002,-7.5416136259999575,0],[112.86754170500001,-7.54161040799994,0],[112.8675658410001,-7.5415814439999735,0],[112.86755940500007,-7.5415524809999397,0],[112.86754492300008,-7.5415315629999782,0],[112.8675304410001,-7.5415235179999627,0],[112.86750308700005,-7.5415186899999753,0],[112.86748699600003,-7.5415122539999402,0],[112.86747573300011,-7.5414752449999582,0],[112.86747573300011,-7.5414559369999665,0],[112.8674805600001,-7.5414173189999474,0],[112.86747090600011,-7.5413819189999458,0],[112.86745320600005,-7.5413400829999659,0],[112.86742907000007,-7.54131594699993,0],[112.86737114300001,-7.5412773299999571,0],[112.86734700700003,-7.5412612389999367,0],[112.86728103500002,-7.5411984849999385,0],[112.86725850800008,-7.5411759579999398,0],[112.86723115400002,-7.5410906769999428,0],[112.86721667200004,-7.5410649319999266,0],[112.8671941450001,-7.5410198779999291,0],[112.8671941450001,-7.5409925239999325,0],[112.8671893180001,-7.540947469999935,0],[112.86715735000007,-7.5408765909999715,0],[112.8670790860001,-7.5408322289999319,0],[112.86701662500002,-7.5407905879999362,0],[112.86695119000001,-7.5407608449999657,0],[112.86690360000011,-7.5407429989999741,0],[112.86685006200003,-7.54071920399997,0],[112.86679652500004,-7.5406954099999552,0],[112.86674893500003,-7.5406864869999595,0],[112.86670432000005,-7.5406805379999469,0],[112.86664780800004,-7.5406745889999343,0],[112.86666862900006,-7.5405585909999786,0],[112.86676678100002,-7.5405913079999323,0],[112.8668470880001,-7.5406061799999407,0],[112.86696308700004,-7.5406269999999722,0],[112.86705231700012,-7.5406418719999806,0],[112.86710288000006,-7.5406388969999512,0],[112.86712964900005,-7.5406210509999596,0],[112.86715641800004,-7.5405913079999323,0],[112.86717723800007,-7.5405734619999407,0],[112.86720995600001,-7.5405704879999575,0],[112.86723969900004,-7.5405913079999323,0],[112.86725159700006,-7.5406180769999764,0],[112.86726051900007,-7.540632948999928,0],[112.86727539100002,-7.5406537689999595,0],[112.86730838900007,-7.5406658819999279,0],[112.86734700700003,-7.5406658819999279,0],[112.86738723400003,-7.5406787549999308,0],[112.86744355100006,-7.5406932359999814,0],[112.86745320600005,-7.5406964549999316,0],[112.86752239600003,-7.5407189819999303,0],[112.86759915400012,-7.5407544319999715,0],[112.86768003300006,-7.5407712719999722,0],[112.86769778500002,-7.5407728859999565,0],[112.86775329800003,-7.5407761039999741,0],[112.86778226100012,-7.5407769079999412,0],[112.86784260100001,-7.5407801259999587,0],[112.8678973100001,-7.5407873669999503,0],[112.86794397300002,-7.5407881719999637,0],[112.86800029000005,-7.5407825399999524,0],[112.86805339000011,-7.5407761039999741,0],[112.86815234800008,-7.5407696669999495,0],[112.86817487500002,-7.5407728859999565,0],[112.86819901100012,-7.5407704719999629,0],[112.86821590600005,-7.5407632309999713,0],[112.86824969700001,-7.5407584039999733,0],[112.86828590100004,-7.5407567949999361,0],[112.86830521000002,-7.5407543809999424,0],[112.86835267700008,-7.5407471399999508,0],[112.8683840540001,-7.5407342679999374,0],[112.86841864900009,-7.5407262219999325,0],[112.86853852500008,-7.5406980639999688,0],[112.86855381100008,-7.5406916269999442,0],[112.86858840600007,-7.540684386999942,0],[112.86860610600002,-7.540681167999935,0],[112.86862782900005,-7.5406763409999371,0],[112.86866161900002,-7.5406530099999713,0],[112.86869138700001,-7.5406248509999614,0],[112.86870828200006,-7.5406047379999563,0],[112.86873563600011,-7.5405910599999402,0],[112.86874850900006,-7.5405894509999598,0],[112.86877908100007,-7.5405934739999338,0],[112.8688152850001,-7.5406079559999739,0],[112.86884666200001,-7.5406055419999802,0],[112.86887240700003,-7.5405830149999815,0],[112.86889815300003,-7.5405460059999427,0],[112.86892068000009,-7.5405130199999348,0],[112.86895447000006,-7.5404921019999733,0],[112.86897217000001,-7.5404896889999691,0],[112.86898906500005,-7.5405130199999348,0],[112.86898826100003,-7.5405250879999812,0],[112.86898987000006,-7.5405452019999757,0],[112.86900032900007,-7.5405661199999372,0],[112.86901963800005,-7.5405701419999787,0],[112.86906227800011,-7.5405645109999568,0],[112.86909928700004,-7.5405612929999393,0],[112.86914273200011,-7.5405524429999673,0],[112.86918537200006,-7.5405387659999406,0],[112.86923847100002,-7.5405218699999637,0],[112.86930846600001,-7.5404977339999277,0],[112.86945730500008,-7.5404534849999436,0],[112.86948626800006,-7.5404406119999408,0],[112.86955143600005,-7.5404027989999349,0],[112.86958120400004,-7.5403826859999299,0],[112.8696037310001,-7.5403529179999396,0],[112.86964476200001,-7.5402909679999652,0],[112.8696737250001,-7.5402072969999381,0],[112.86968177100005,-7.5401823559999457,0],[112.86968498900001,-7.5401590249999799,0],[112.86968659800004,-7.5401252339999587,0],[112.86968418400011,-7.5401107519999755,0],[112.86968498900001,-7.5400785709999809,0],[112.86968096600003,-7.5400568479999492,0],[112.86966246200006,-7.5400479989999667,0],[112.86963752100007,-7.5400431709999793,0],[112.86962706200006,-7.5400230579999743,0],[112.8696286710001,-7.5400085759999342,0],[112.86961740800007,-7.5399981169999251,0],[112.86960614400004,-7.5399844399999552,0],[112.86960614400004,-7.5399747859999593,0],[112.86962625800004,-7.539968349999981,0],[112.86963510800001,-7.5399675449999677,0],[112.86965522100002,-7.5399715679999417,0],[112.86967613900003,-7.539973980999946,0],[112.86970510200001,-7.5399828309999748,0],[112.86973567500002,-7.5399884629999292,0],[112.86977268300006,-7.5399989219999384,0],[112.86977831500008,-7.5399997259999623,0],[112.86982658700003,-7.5400109899999279,0],[112.86986118200002,-7.5400238619999413,0],[112.86988290500005,-7.5400302989999659,0],[112.8698998000001,-7.5400367349999442,0],[112.86993359100006,-7.5400528259999646,0],[112.86998186300002,-7.5400713299999325,0],[112.87000278100004,-7.5400817889999416,0],[112.87003737600003,-7.5400874209999529,0],[112.87006312100004,-7.540079374999948,0],[112.8701057610001,-7.5400705259999654,0],[112.87012426600006,-7.540054434999945,0],[112.87012748400002,-7.5400335169999266,0],[112.8701258750001,-7.5400037489999363,0],[112.8701258750001,-7.5399635219999368,0],[112.87012989700008,-7.5399426039999753,0],[112.87015966500007,-7.5399216859999569,0],[112.87017012400008,-7.5399088139999435,0],[112.87017656,-7.5398983549999343,0],[112.87018299700003,-7.5398814599999469,0],[112.8701862150001,-7.5398428419999277,0],[112.87018701900001,-7.5398235329999466,0],[112.87018782400003,-7.5398130739999374,0],[112.87017535400003,-7.5398038219999535,0],[112.87017012400008,-7.5398102579999318,0],[112.87016248100008,-7.5398179009999353,0],[112.87014960800002,-7.5398235329999466,0],[112.87013271300009,-7.5398170969999683,0],[112.8701258750001,-7.5398098559999767,0],[112.8701258750001,-7.5397961789999499,0],[112.87013633400011,-7.5397865239999646,0],[112.87014156300006,-7.5397841109999604,0],[112.87019265100002,-7.5397720429999708,0],[112.87020190300007,-7.5397664109999596,0],[112.87026727200009,-7.539763192999942,0],[112.87027230000001,-7.5397646009999448,0],[112.87028054700011,-7.5397664109999596,0],[112.87028959800011,-7.5397670139999491,0],[112.87030206800011,-7.5397698299999547,0],[112.87031091800009,-7.539770634999968,0],[112.8703241930001,-7.5397658079999701,0],[112.87033465200011,-7.5397557509999729,0],[112.87034330000006,-7.5397438839999609,0],[112.87034712200011,-7.5397314139999594,0],[112.87034430600011,-7.5397221609999292,0],[112.8703386740001,-7.5397121049999782,0],[112.87033748900001,-7.5397071449999657,0],[112.87033646200007,-7.5397028529999375,0],[112.87033847300006,-7.539699030999941,0],[112.87034108800003,-7.5396976229999382,0],[112.87036364500011,-7.5396984859999634,0],[112.87036502300009,-7.5397000369999319,0],[112.87037950500007,-7.5397177369999326,0],[112.87040364100005,-7.5397434819999489,0],[112.87041892700006,-7.5397547449999252,0],[112.87044628100011,-7.5397643999999673,0],[112.87049616200011,-7.5397812949999548,0],[112.87054604400009,-7.5397812949999548,0],[112.87058063900008,-7.5397732499999393,0],[112.87062408400004,-7.5397563539999624,0],[112.87064822000002,-7.5397402639999314,0],[112.87066511500007,-7.5397249769999348,0],[112.87067798700002,-7.5397008409999557,0],[112.87068442400005,-7.5396775099999331,0],[112.87068925100004,-7.5396590049999759,0],[112.87071097300009,-7.539629237999975,0],[112.87073108700008,-7.5396195829999328,0],[112.87076729100011,-7.5396268239999813,0],[112.87079303600001,-7.5396340649999729,0],[112.87082119500008,-7.5396396969999273,0],[112.87084854900002,-7.5396396969999273,0],[112.8708670530001,-7.539626018999968,0],[112.87087992600004,-7.5396042969999257,0],[112.8708976260001,-7.5395833789999642,0],[112.87090888900002,-7.5395680929999571,0],[112.87093865700001,-7.5395302799999513,0],[112.87096703600002,-7.5395026459999599,0],[112.87096741900007,-7.5395025229999533,0],[112.87097385600009,-7.539501315999928,0],[112.87097767700004,-7.5395011149999505,0],[112.8709804880001,-7.5395016259999466,0],[112.8709843150001,-7.5395023219999757,0],[112.87099115300009,-7.5395057409999708,0],[112.87099356700003,-7.5395099649999793,0],[112.8709939690001,-7.539517607999926,0],[112.87099075300011,-7.5395242099999678,0],[112.87099014700004,-7.5395254519999639,0],[112.87098129800006,-7.539568896999981,0],[112.87098853800001,-7.5395833789999642,0],[112.87101187000007,-7.5396026879999454,0],[112.87103359200012,-7.5396107329999609,0],[112.87107301500009,-7.5396059059999629,0],[112.87108910500001,-7.5395970559999341,0],[112.87110600100004,-7.5395793559999333,0],[112.8711084140001,-7.5395769429999291,0],[112.87111967800001,-7.5395761379999726,0],[112.87112450500001,-7.5395769429999291,0],[112.87113174600006,-7.5395833789999642,0],[112.87114381400011,-7.5395906199999558,0],[112.87115749100008,-7.5395954469999538,0],[112.8711735820001,-7.5396018829999321,0],[112.87118967200001,-7.5396051009999496,0],[112.87120415400011,-7.5396042969999257,0],[112.87122426700012,-7.5396002739999517,0],[112.87124599000003,-7.539581769999927,0],[112.87126529900002,-7.5395544159999304,0],[112.87127575800002,-7.5395367159999296,0],[112.87127736700006,-7.5395254519999639,0],[112.87128299900007,-7.5395029249999652,0],[112.87128621700003,-7.5394876389999581,0],[112.87128219400006,-7.539472352999951,0],[112.8712789760001,-7.5394610899999748,0],[112.87127334400009,-7.5394417809999368,0],[112.87127676600005,-7.539396202999967,0],[112.87127656200005,-7.539395117999959,0],[112.87127093100003,-7.5393846589999498,0],[112.87126610300004,-7.5393693719999533,0],[112.87126288500008,-7.5393468449999546,0],[112.87126932100011,-7.5393291459999432,0],[112.87128219400006,-7.5393154689999733,0],[112.87130069800003,-7.5393122499999663,0],[112.87131437500011,-7.5393130549999796,0],[112.87133368400009,-7.5393154689999733,0],[112.87135540700001,-7.5393154689999733,0],[112.8713843700001,-7.53931466399996,0],[112.87143907900008,-7.539309836999962,0],[112.87145838700008,-7.5393122499999663,0],[112.87148896000008,-7.5393251229999692,0],[112.87149172200009,-7.5393250429999625,0],[112.87151711900003,-7.5393243179999558,0],[112.87154447300009,-7.539318686999934,0],[112.87156860900006,-7.539318686999934,0],[112.87158630900001,-7.5393235139999319,0],[112.87160320400005,-7.5393243179999558,0],[112.87162653500002,-7.5393219049999516,0],[112.87163699400003,-7.5393219049999516,0],[112.87165630300001,-7.5393082279999248,0],[112.87166676200002,-7.5392897229999676,0],[112.87167480800008,-7.5392816779999521,0],[112.87168607100011,-7.5392671959999689,0],[112.87168924700006,-7.5392596539999772,0],[112.87169250700003,-7.5392519099999618,0],[112.87170296600004,-7.5392438649999463,0],[112.87173543200004,-7.539244364999945,0],[112.87174560700009,-7.5392478869999309,0],[112.8717608930001,-7.5392591509999534,0],[112.87177296100003,-7.5392736329999366,0],[112.87178181100001,-7.5392760459999408,0],[112.8718107740001,-7.5392720239999562,0],[112.87181882000004,-7.5392631739999274,0],[112.87184215100001,-7.5392551279999793,0],[112.87185824200003,-7.5392559329999358,0],[112.8718864010001,-7.5392639779999513,0],[112.8719161680001,-7.5392688049999492,0],[112.87197409500004,-7.5392647829999646,0],[112.87200144900009,-7.5392591509999534,0],[112.87203604400008,-7.53921811999993,0],[112.87206742100011,-7.5391762839999501,0],[112.8720770760001,-7.5391714569999522,0],[112.87209799400011,-7.5391593889999626,0],[112.87211247500011,-7.539156974999969,0],[112.87212615200008,-7.5391585839999493,0],[112.87215350700001,-7.5391650199999276,0],[112.87216155200008,-7.5391634109999472,0],[112.87219936500003,-7.5391465159999598,0],[112.87222430600002,-7.5391360569999506,0],[112.87226614200006,-7.5391223799999807,0],[112.87228223200009,-7.5391119209999715,0],[112.87229993200003,-7.5391111159999582,0],[112.87231602300005,-7.5391151389999322,0],[112.87236107700005,-7.5391119209999715,0],[112.87238199500007,-7.5391030709999427,0],[112.87240854400011,-7.5390901979999398,0],[112.87243107100005,-7.5390821529999812,0],[112.87244877100011,-7.5390724989999285,0],[112.87245440300001,-7.539052384999934,0],[112.87245681700006,-7.5390362949999599,0],[112.87243913400005,-7.5390114079999648,0],[112.87243509400002,-7.5390089399999738,0],[112.87242704900007,-7.5389920449999295,0],[112.8724334850001,-7.5389759539999659,0],[112.87244394400011,-7.5389679089999504,0],[112.87246968900001,-7.5389622769999391,0],[112.87248095300004,-7.5389574499999412,0],[112.87250911100011,-7.5389453819999517,0],[112.87253244300007,-7.5389341179999292,0],[112.87255818800008,-7.5389300959999446,0],[112.87258776300007,-7.5389441129999568,0],[112.87260002400001,-7.5389558409999609,0],[112.87262818300007,-7.5389550359999475,0],[112.87264829600008,-7.5389542319999805,0],[112.87271587700002,-7.538942967999958,0],[112.87279150400002,-7.5389123959999438,0],[112.87286069400011,-7.5388778009999555,0],[112.87291620700012,-7.5388544689999435,0],[112.87297896100006,-7.5388198739999552,0],[112.87303769200003,-7.5387667749999423,0],[112.87312699500001,-7.5386919529999545,0],[112.87315515400007,-7.5386670119999621,0],[112.8731865310001,-7.5386444849999634,0],[112.87320342600003,-7.53863161299995,0],[112.87323963000006,-7.5385946039999681,0],[112.87325411200004,-7.5385712729999454,0],[112.87328548900007,-7.5385487459999467,0],[112.87330479800005,-7.5385077139999339,0],[112.87330801600001,-7.5384594419999758,0],[112.87336111500008,-7.5383435889999646,0],[112.87339088300007,-7.5382840529999271,0],[112.87339651500008,-7.5382534809999697,0],[112.87338042400006,-7.5382092309999393,0],[112.87339088300007,-7.5381778549999581,0],[112.87339973300004,-7.538150499999972,0],[112.87340295100012,-7.5381070549999549,0],[112.87340053700007,-7.5380692419999491,0],[112.87339490600004,-7.5380402789999721,0],[112.87339168800008,-7.5380153379999797,0],[112.8733772060001,-7.5380040749999466,0],[112.87335950600004,-7.5379855699999325,0],[112.8733418060001,-7.5379823519999718,0],[112.87332973800005,-7.5379863749999458,0],[112.87332483600005,-7.5379896439999357,0],[112.87332249700012,-7.5379912019999438,0],[112.87330640700009,-7.5380097069999579,0],[112.87329353400003,-7.5380177519999734,0],[112.87327100700008,-7.5380209699999341,0],[112.87325813500001,-7.5380169469999601,0],[112.87322836700002,-7.538005683999927,0],[112.87322756200001,-7.5379879839999262,0],[112.87323802100002,-7.5379574119999688,0],[112.87324445700006,-7.5379461479999463,0],[112.87326296200001,-7.5379324709999764,0],[112.87326778900001,-7.5379292529999589,0],[112.87327824800002,-7.5379171849999693,0],[112.87328791900006,-7.5378825849999771,0],[112.87329755700011,-7.5378793719999635,0],[112.87330399300004,-7.5378737399999522,0],[112.87331364800002,-7.5378624759999298,0],[112.87330801600001,-7.537839144999964,0],[112.87330399300004,-7.5378278809999415,0],[112.87328870700003,-7.5378093769999737,0],[112.87327824800002,-7.5377868499999749,0],[112.87327824800002,-7.5377651279999327,0],[112.87327503000006,-7.5377490369999691,0],[112.87325089400008,-7.5377080059999457,0],[112.87323480300006,-7.537673409999968,0],[112.87318974900006,-7.5376283559999706,0],[112.87312699500001,-7.5375551439999526,0],[112.87309481400007,-7.5375261799999294,0],[112.8730658500001,-7.537495607999972,0],[112.87305196300008,-7.5374926129999267,0],[112.87303206000001,-7.5374875629999565,0],[112.87301838300004,-7.5374891719999368,0],[112.87300631500011,-7.537495607999972,0],[112.87298298300004,-7.5375125029999595,0],[112.87294517000009,-7.5375052619999678,0],[112.87293229700003,-7.537499630999946,0],[112.87292907900007,-7.537495607999972,0],[112.87291379300007,-7.5374803219999649,0],[112.87290253000003,-7.537467448999962,0],[112.87288724300004,-7.5374569899999528,0],[112.87287195700003,-7.5374489449999373,0],[112.87285345300006,-7.5374489449999373,0],[112.87284701700003,-7.5374521629999549,0],[112.87282851200007,-7.5374610129999269,0],[112.87281242200004,-7.5374585989999332,0],[112.87280839900006,-7.5374392899999521,0],[112.87279794000005,-7.5374312449999366,0],[112.87278667600003,-7.5374264179999386,0],[112.87277943600009,-7.5374264179999386,0],[112.87277139000003,-7.5374344629999541,0],[112.87277219500004,-7.5374505539999745,0],[112.87277541300011,-7.5374835399999256,0],[112.87277541300011,-7.5375149169999531,0],[112.87275369000008,-7.5375133079999728,0],[112.87273840400007,-7.5375036529999306,0],[112.87273035900012,-7.5374859539999761,0],[112.87271587700002,-7.5374891719999368,0],[112.87269174100004,-7.5374859539999761,0],[112.87267645500003,-7.5374795169999516,0],[112.87266519100001,-7.537476298999934,0],[112.87264105500003,-7.537451358999931,0],[112.87263140100004,-7.5374231999999779,0],[112.87262657400004,-7.5374014769999462,0],[112.87261531000001,-7.5373845819999588,0],[112.8725992200001,-7.5373797549999608,0],[112.87258232400006,-7.5373596409999664,0],[112.8725839330001,-7.5373467689999529,0],[112.87261209200005,-7.5373330919999262,0],[112.87262496500011,-7.5373218279999605,0],[112.87262979200011,-7.5373049329999731,0],[112.87264588300002,-7.5372807969999371,0],[112.87265634200003,-7.5372550519999777,0],[112.87265392800009,-7.5372236749999502,0],[112.87264105500003,-7.5372116069999606,0],[112.87262737800006,-7.5372148249999782,0],[112.87262094200003,-7.5372172389999719,0],[112.87260485100001,-7.5372204569999326,0],[112.87260002400001,-7.5372228699999368,0],[112.87258232400006,-7.5372180429999389,0],[112.87254531600001,-7.5371987339999578,0],[112.87253727000007,-7.5371866659999682,0],[112.87252761600007,-7.537164943999926,0],[112.87251715700006,-7.5371496579999757,0],[112.87250750200008,-7.5371488529999624,0],[112.87248980300001,-7.5371601159999386,0],[112.87248175700006,-7.5371665529999632,0],[112.87244957600001,-7.5371834479999507,0],[112.8724334850001,-7.5371922979999795,0],[112.87242463500002,-7.5372035609999557,0],[112.8724133720001,-7.5372244789999741,0],[112.87240613100005,-7.537232524999979,0],[112.87239567200004,-7.5372510289999468,0],[112.87238199500007,-7.5372671199999672,0],[112.87234337700011,-7.5372622929999693,0],[112.87233452700002,-7.5372486149999531,0],[112.87232406800001,-7.537233328999946,0],[112.87231441400002,-7.5372148249999782,0],[112.87230073700005,-7.5371995389999711,0],[112.87229510500003,-7.5371995389999711,0],[112.87228464600003,-7.5372027569999318,0],[112.87227418700002,-7.5372140199999649,0],[112.87226614200006,-7.5372220659999698,0],[112.87224522400004,-7.5372164339999586,0],[112.87223717800009,-7.5372067799999627,0],[112.8722275240001,-7.5371906889999423,0],[112.87222028300005,-7.5371786209999527,0],[112.87221465100004,-7.5371544849999736,0],[112.87222108800006,-7.5371432209999512,0],[112.87223396000002,-7.5371343709999792,0],[112.87223717800009,-7.5371231079999461,0],[112.87223235100009,-7.5371134529999608,0],[112.87222511000004,-7.5370997759999341,0],[112.87221947900002,-7.5370724219999374,0],[112.87220660600008,-7.5370571359999303,0],[112.872198561,-7.5370571359999303,0],[112.8721776430001,-7.537079662999929,0],[112.87215511600004,-7.5371054079999453,0],[112.87213982900005,-7.5371013849999713,0],[112.87213661100009,-7.5370885129999579,0],[112.87214465700004,-7.5370643769999788,0],[112.87214787500011,-7.537050699999952,0],[112.87214143900007,-7.5370410449999667,0],[112.87211810700001,-7.5370434589999604,0],[112.87209558000006,-7.5370329999999512,0],[112.87208592600007,-7.5370225409999421,0],[112.87208512100005,-7.5370024269999476,0],[112.87208351200002,-7.5369927729999517,0],[112.87208029400006,-7.5369766819999313,0],[112.8720770760001,-7.5369541549999326,0],[112.87208512100005,-7.5369396739999388,0],[112.87209316600001,-7.5369348459999514,0],[112.87210362500002,-7.5369348459999514,0],[112.87211971600004,-7.5369404779999627,0],[112.87212132500008,-7.5369404779999627,0],[112.87213098000007,-7.5369622009999375,0],[112.87213500200005,-7.5369686369999727,0],[112.87215270200011,-7.5369847279999362,0],[112.87216316100012,-7.5369911639999714,0],[112.87218488300005,-7.5369935779999651,0],[112.87221947900002,-7.5369959909999693,0],[112.8722379830001,-7.5369871409999405,0],[112.87225326900011,-7.5369758779999643,0],[112.87226292300011,-7.5369581779999635,0],[112.8722606230001,-7.5369336389999262,0],[112.87226051000005,-7.5369324329999472,0],[112.87225407400001,-7.5369171469999401,0],[112.87224120100007,-7.5369066879999309,0],[112.87222832800001,-7.5369066879999309,0],[112.87222069300003,-7.5369095509999511,0],[112.87221545600005,-7.5369115149999288,0],[112.87220097400007,-7.536913123999966,0],[112.87219373300002,-7.5369091009999352,0],[112.8721872970001,-7.5368994469999393,0],[112.8721824700001,-7.5368905969999673,0],[112.87219387500011,-7.5368592669999543,0],[112.8721519820001,-7.536817373999952,0],[112.87213822000001,-7.536816981999948,0],[112.8721249460001,-7.536816579999936,0],[112.87211408400003,-7.5368189929999403,0],[112.87210161400003,-7.5368153729999676,0],[112.8720923620001,-7.5368077299999641,0],[112.87208512100005,-7.5367896279999513,0],[112.87207144400008,-7.5367699169999582,0],[112.87205253700006,-7.5367618709999533,0],[112.87204489400006,-7.5367626759999666,0],[112.87202598800002,-7.5367622729999653,0],[112.87200949500004,-7.536759859999961,0],[112.87199823100002,-7.5367594579999491,0],[112.87197731300012,-7.5367550329999631,0],[112.87196444100005,-7.5367494009999518,0],[112.87194513200006,-7.5367534239999259,0],[112.87193427000011,-7.5367646869999589,0],[112.87193145500009,-7.5367735369999309,0],[112.87192783400008,-7.5367831909999268,0],[112.87192139800004,-7.5367852029999653,0],[112.87191093900003,-7.5367763529999365,0],[112.87190490500006,-7.5367654919999723,0],[112.87190611200003,-7.5367498029999638,0],[112.87190208900006,-7.5367373329999623,0],[112.87188801000002,-7.5367341149999447,0],[112.87188076900009,-7.536736527999949,0],[112.87186387400004,-7.5367417579999483,0],[112.87184778300002,-7.5367312989999391,0],[112.87185059900003,-7.5367216439999538,0],[112.87185904600005,-7.536716012999932,0],[112.87187710800004,-7.5367104949999657,0],[112.87188278000008,-7.5366898649999712,0],[112.87187714800007,-7.5366745789999641,0],[112.87186427600011,-7.5366536609999457,0],[112.87185059900003,-7.5366423979999695,0],[112.87183692200006,-7.5366432019999365,0],[112.87182726700007,-7.5366464199999541,0],[112.87180313100009,-7.536659292999957,0],[112.87178784500009,-7.536679405999962,0],[112.87178525200011,-7.5366853679999508,0],[112.87177980000001,-7.5366979109999761,0],[112.87177658100006,-7.5367131969999264,0],[112.8717685360001,-7.5367172189999678,0],[112.8717532500001,-7.5367188279999482,0],[112.87174198600007,-7.5367220469999552,0],[112.8717331360001,-7.5367284829999335,0],[112.87172428700001,-7.536736527999949,0],[112.87171382800011,-7.5367397459999665,0],[112.87170739100009,-7.5367300919999707,0],[112.87170578200005,-7.5367212419999419,0],[112.8717081960001,-7.5367083699999284,0],[112.87171624100006,-7.5366995199999565,0],[112.8717283090001,-7.5366930829999319,0],[112.87175003200002,-7.536683428999936,0],[112.87175120500001,-7.5366729869999745,0],[112.8717532500001,-7.5366633149999416,0],[112.87175083600005,-7.5366536609999457,0],[112.87173796400009,-7.5366399839999758,0],[112.87172670000007,-7.5366375699999253,0],[112.87171945900002,-7.5366383749999386,0],[112.87171484300006,-7.5366422809999563,0],[112.87170900000001,-7.5366472249999674,0],[112.87169854100011,-7.5366560749999394,0],[112.87168808200011,-7.5366673379999725,0],[112.87167681900007,-7.5366713609999465,0],[112.8716583150001,-7.5366689469999528,0],[112.87164383300001,-7.5366584879999436,0],[112.87163659200007,-7.5366415929999562,0],[112.87163981000003,-7.5366255019999358,0],[112.87164946500002,-7.5366118249999658,0],[112.87165670600007,-7.5365965389999587,0],[112.87165724900001,-7.5365936459999716,0],[112.87165911900001,-7.5365836659999559,0],[112.87167118700006,-7.5365699889999291,0],[112.87168406000001,-7.5365651619999312,0],[112.87170900000001,-7.5365490709999676,0],[112.87172026400003,-7.5365321759999802,0],[112.87172348200011,-7.5365040169999702,0],[112.87172026400003,-7.5364863179999588,0],[112.87172670000007,-7.5364629859999468,0],[112.87173394100012,-7.5364485039999636,0],[112.87173233200008,-7.5364259769999649,0],[112.87171945900002,-7.5364074729999402,0],[112.87169693200008,-7.536392990999957,0],[112.87168164600007,-7.536392990999957,0],[112.8716679690001,-7.5364002319999486,0],[112.87166233700009,-7.5364058639999598,0],[112.87164946500002,-7.5364468949999264,0],[112.87161728300009,-7.5364726399999427,0],[112.87160038800005,-7.5364790769999672,0],[112.87158590600006,-7.5364871219999259,0],[112.87157705600009,-7.5364895359999764,0],[112.87157062000006,-7.5364766629999735,0],[112.87157625200007,-7.5364645949999272,0],[112.8715826880001,-7.5364501129999439,0],[112.87158671100008,-7.536444481999979,0],[112.87159073400005,-7.5364299999999389,0],[112.87158671100008,-7.536417126999936,0],[112.87157544700005,-7.5363913819999766,0],[112.87156498800005,-7.5363841409999281,0],[112.87154487500004,-7.5363849459999415,0],[112.87153280700011,-7.5363889689999723,0],[112.87152315300011,-7.5364002319999486,0],[112.87151430300003,-7.536420345999943,0],[112.87147561300003,-7.5364402649999533,0],[112.87146844400002,-7.5364428729999418,0],[112.87145396200003,-7.5364476999999397,0],[112.87140729900011,-7.5364493089999769,0],[112.87137994500006,-7.5364283909999585,0],[112.87135902700004,-7.536417126999936,0],[112.87132362800003,-7.536396209999964,0],[112.87131397300004,-7.5363752919999456,0],[112.87129466400006,-7.5363608099999624,0],[112.8712512190001,-7.5363141469999277,0],[112.87122708300001,-7.5362755289999654,0],[112.87120133800011,-7.5362530019999667,0],[112.87114341200004,-7.5361950759999559,0],[112.87112571200009,-7.5361741579999375,0],[112.87109513900009,-7.5361242759999527,0],[112.87109192100002,-7.5360985309999364,0],[112.87110036900003,-7.5360924969999701,0],[112.87111082800004,-7.5360860609999349,0],[112.87112168900001,-7.5360743949999573,0],[112.87113536600009,-7.5360554889999776,0],[112.87113938900006,-7.5360450299999684,0],[112.87113576800004,-7.5360337659999459,0],[112.8711333550001,-7.5360293409999599,0],[112.87112844600006,-7.5360267799999292,0],[112.87112410300006,-7.536024513999962,0],[112.87110962100007,-7.5360192839999627,0],[112.87110358700011,-7.5360108369999352,0],[112.87111123000011,-7.535971414999949,0],[112.87111444800007,-7.5359472779999805,0],[112.87113375700005,-7.5359022239999263,0],[112.87111766600003,-7.5358813059999648,0],[112.87109674800001,-7.5358571699999288,0],[112.87105813100004,-7.5358249889999342,0],[112.87101790400004,-7.535810506999951,0],[112.87097445900008,-7.535786370999972,0],[112.87095675900002,-7.5357316629999787,0],[112.87096319500006,-7.5356914359999791,0],[112.87099376800006,-7.5356640819999257,0],[112.87102755800004,-7.5356608639999649,0],[112.87108548500009,-7.5356640819999257,0],[112.87111283900003,-7.5356817819999264,0],[112.87114341200004,-7.5356785629999763,0],[112.87116467600003,-7.5356708309999476,0],[112.87117881100005,-7.5356656909999629,0],[112.87118524700008,-7.5356174189999479,0],[112.87118524700008,-7.5355932829999688,0],[112.87117398400005,-7.5355546649999496,0],[112.87113104900004,-7.5355267699999331,0],[112.87111042600009,-7.5355200699999614,0],[112.87109353000005,-7.5355136339999262,0],[112.87108709400002,-7.5355015649999473,0],[112.87108307100004,-7.5354838659999359,0],[112.87109031200009,-7.5354774289999682,0],[112.87109075300009,-7.5354770939999298,0],[112.87111042600009,-7.5354621429999611,0],[112.87111444800007,-7.535455706999926,0],[112.87112973400008,-7.5354388119999385,0],[112.87115950200007,-7.535417893999977,0],[112.87116272000003,-7.5354018029999565,0],[112.87115467500007,-7.5353849079999691,0],[112.87114502100007,-7.5353752529999269,0],[112.87113295300003,-7.5353752529999269,0],[112.87111123000011,-7.5353760579999403,0],[112.87103022100007,-7.5354024679999725,0],[112.87097928600008,-7.5354114569999524,0],[112.87092779600005,-7.5353824939999754,0],[112.87089883300007,-7.535337439999978,0],[112.87088274200005,-7.5352956039999412,0],[112.87088596000001,-7.5352634229999467,0],[112.87090473900003,-7.5352477739999699,0],[112.87092457800009,-7.5352312409999627,0],[112.87097928600008,-7.5351379149999502,0],[112.87097928600008,-7.5350928609999528,0],[112.8709599770001,-7.5350349349999419,0],[112.87091170500003,-7.5350252799999566,0],[112.87087630600001,-7.5350317159999349,0],[112.87085377900007,-7.5350220619999391,0],[112.87079585200001,-7.5349866619999375,0],[112.8706639080001,-7.5348514999999452,0],[112.87057058200003,-7.5347453019999762,0],[112.87038151900003,-7.5346027459999618,0],[112.87033896300011,-7.534464752999952,0],[112.87025337200009,-7.5343877209999732,0],[112.87015922300009,-7.5343534849999401,0],[112.87005651400011,-7.5342678949999708,0],[112.8699709230001,-7.534216540999978,0],[112.87003556500008,-7.5329552089999652,0],[112.87005004700006,-7.5329471639999497,0],[112.87007981500005,-7.5329198089999636,0],[112.8700870560001,-7.5328940639999473,0],[112.87008625100009,-7.532868318999931,0],[112.87007096500008,-7.5328433779999386,0],[112.87006855100003,-7.5328313099999491,0],[112.87008142400009,-7.5328184379999357,0],[112.8700859060001,-7.5328073679999648,0],[112.87009510100006,-7.5327846469999713,0],[112.87008464200005,-7.5327685569999403,0],[112.87007584900005,-7.5327604389999578,0],[112.87006372400003,-7.5327492479999592,0],[112.87004924300004,-7.5327403979999303,0],[112.87002349700003,-7.5327444199999718,0],[112.87000016600007,-7.5327403979999303,0],[112.86997683400011,-7.5327315479999584,0],[112.86996557100008,-7.5327074119999793,0],[112.8699663750001,-7.5326808619999497,0],[112.86997200700011,-7.5326704029999405,0],[112.8699913160001,-7.5326615529999685,0],[112.87001384300004,-7.5326655759999426,0],[112.87003939600004,-7.5326673539999547,0],[112.87004119700009,-7.5326454629999375,0],[112.87003395600004,-7.5326317849999782,0],[112.87002591100008,-7.5326197169999318,0],[112.87000821100003,-7.5325971899999331,0],[112.86999453400006,-7.532581099999959,0],[112.86998005200007,-7.5325698359999365,0],[112.86994571300011,-7.5325706079999577,0],[112.86994223900001,-7.5325710429999617,0],[112.86993178000012,-7.5325698359999365,0],[112.86992695300012,-7.532568628999968,0],[112.86992333300009,-7.5325633999999582,0],[112.86992494200001,-7.5325581699999589,0],[112.86992695300012,-7.5325557569999546,0],[112.86992819600005,-7.5325543489999518,0],[112.86993298700008,-7.5325489179999749,0],[112.86993620500004,-7.5325416769999265,0],[112.86993620500004,-7.5325364479999735,0],[112.86993580300009,-7.532528402999958,0],[112.86993298700008,-7.5325223689999348,0],[112.86992856200004,-7.5325183459999607,0],[112.86991971200007,-7.5325123119999375,0],[112.86991488500007,-7.5325098979999439,0],[112.86989276000008,-7.5325042659999326,0],[112.86988189900001,-7.5325022549999403,0],[112.86987022100004,-7.5325005369999758,0],[112.86986822200004,-7.532500243999948,0],[112.86986017700008,-7.5324994389999347,0],[112.86985454500007,-7.5324970259999304,0],[112.86984167200001,-7.5324869689999332,0],[112.86982880000005,-7.5324692689999324,0],[112.86982496600001,-7.5324585309999748,0],[112.8698207540001,-7.5324471439999456,0],[112.86981472000002,-7.5324366849999365,0],[112.86980426100001,-7.5324262259999273,0],[112.86979500900009,-7.5324177789999567,0],[112.86978334300011,-7.5324097329999518,0],[112.86976450700001,-7.532402412999943,0],[112.86974713900008,-7.5324053089999552,0],[112.86973024400004,-7.5323972629999503,0],[112.86971013100003,-7.5323892179999348,0],[112.86969243100009,-7.5323707129999775,0],[112.86966990400003,-7.5323570359999508,0],[112.86966911900004,-7.5323311519999265,0],[112.86966909900002,-7.5323304869999674,0],[112.86965139900008,-7.5323135909999337,0],[112.86963530900005,-7.5323087639999358,0],[112.86962002300004,-7.5323079599999687,0],[112.86960715000009,-7.5323127869999666,0],[112.86960448200011,-7.532314787999951,0],[112.8695974960001,-7.5323200279999583,0],[112.86957496900004,-7.5323465769999416,0],[112.86954922300004,-7.5323465769999416,0],[112.869492906,-7.5323465769999416,0],[112.86946555200007,-7.5323208319999253,0],[112.86942881200002,-7.5322703149999484,0],[112.8694269340001,-7.5322677329999692,0],[112.86940762500001,-7.5322194609999542,0],[112.86940118900009,-7.5321824519999723,0],[112.86939475200006,-7.5321534889999384,0],[112.86937705300011,-7.5321213069999544,0],[112.8693464800001,-7.5320891259999598,0],[112.86931590800009,-7.5320488989999603,0],[112.86929177200011,-7.5320328079999399,0],[112.86924832700004,-7.5320408539999448,0],[112.86922419100006,-7.5320649899999808,0],[112.86921775500002,-7.5321003889999361,0],[112.86922901800006,-7.5321213069999544,0],[112.86926602700009,-7.5321470519999707,0],[112.86928372700004,-7.5321534889999384,0],[112.86931751700001,-7.5321695789999694,0],[112.86932556200009,-7.5321937159999379,0],[112.86929016300007,-7.5322081969999317,0],[112.86927889900005,-7.5322065879999514,0],[112.86919344000012,-7.5322107269999492,0],[112.8691356920001,-7.532185669999933,0],[112.8690906380001,-7.5321744069999568,0],[112.86904075700011,-7.5321695789999694,0],[112.86896513000011,-7.5321663609999518,0],[112.86892973100009,-7.5321711889999392,0],[112.86888628600002,-7.532185669999933,0],[112.8688396230001,-7.5322001519999731,0],[112.86879778700006,-7.5322210699999346,0],[112.86869802400008,-7.5322709509999299,0],[112.86865618800005,-7.5322773869999651,0],[112.86860191100004,-7.5323239999999601,0],[112.86859826200009,-7.5323256589999801,0],[112.86857251700008,-7.5323337049999282,0],[112.86854033500003,-7.5323337049999282,0],[112.86853711700007,-7.5323320959999478,0],[112.86849689000007,-7.5323224409999625,0],[112.86847436300002,-7.5323337049999282,0],[112.86847436300002,-7.5323497959999486,0],[112.86847436300002,-7.5323691039999403,0],[112.8684679270001,-7.5323771499999452,0],[112.86845505400004,-7.5323755409999649,0],[112.86844218200008,-7.5323610589999248,0],[112.86840195500008,-7.5323369229999457,0],[112.86837460100003,-7.5323320959999478,0],[112.86835046500005,-7.5323240499999429,0],[112.86831828300001,-7.5323127869999666,0],[112.8682973650001,-7.5322966959999462,0],[112.86823461200004,-7.5323272689999499,0],[112.86821369400002,-7.5323433589999809,0],[112.86821047500007,-7.5323723229999473,0],[112.8682120850001,-7.5324061129999791,0],[112.86819760300011,-7.5324366849999365,0],[112.86818312100002,-7.5324704759999577,0],[112.86816059400007,-7.5324592119999352,0],[112.86814933100004,-7.5324173769999447,0],[112.86813967600006,-7.5323851949999607,0],[112.86814128500009,-7.5323562319999269,0],[112.86813645800009,-7.5323304869999674,0],[112.86812358600002,-7.5323176139999646,0],[112.86810266800001,-7.5322789959999454,0],[112.86809462200006,-7.5322387699999354,0],[112.86808496800006,-7.5321824519999723,0],[112.86807048600008,-7.5321309619999397,0],[112.86806405000004,-7.5320875169999795,0],[112.8680463500001,-7.5320569439999758,0],[112.868027041,-7.5320505079999407,0],[112.86800773200002,-7.5320424629999252,0],[112.86800451400006,-7.5319740769999726,0],[112.86799888200005,-7.5319346549999295,0],[112.86798761900002,-7.531890404999956,0],[112.86797796500002,-7.5318574199999375,0],[112.86796991900007,-7.531836501999976,0],[112.86795382800005,-7.5318091469999331,0],[112.86794417400006,-7.5318035159999681,0],[112.86793210600001,-7.531808342999966,0],[112.86793049700009,-7.5318252379999535,0],[112.86793049700009,-7.5318501789999459,0],[112.86792969200008,-7.5318767279999292,0],[112.86793049700009,-7.5318871869999384,0],[112.86791601500011,-7.5318896009999321,0],[112.86790636100011,-7.5318823599999405,0],[112.86789912000006,-7.5318767279999292,0],[112.8678959020001,-7.5318622469999355,0],[112.86789187900001,-7.5318461559999719,0],[112.86788705200001,-7.5318252379999535,0],[112.86786291600004,-7.5318139749999773,0],[112.86785889300006,-7.5318139749999773,0],[112.86783153900001,-7.5318204109999556,0],[112.86782188500001,-7.5318437419999782,0],[112.86781142600012,-7.5318550059999438,0],[112.86779774800004,-7.5318598329999418,0],[112.86778165800001,-7.5318525919999502,0],[112.8677551080001,-7.5318437419999782,0],[112.86775671700002,-7.5318292609999276,0],[112.86776798100004,-7.5318107559999703,0],[112.86778004900009,-7.5317970789999436,0],[112.86779453000008,-7.5317834019999736,0],[112.86781223000003,-7.5317568529999335,0],[112.86781866600006,-7.5317407619999699,0],[112.86783717100002,-7.5317190389999382,0],[112.86784360700005,-7.5316997299999571,0],[112.86784521600009,-7.5316739849999408,0],[112.86783234400002,-7.53165628499994,0],[112.86781947100008,-7.5316490449999378,0],[112.86780740300003,-7.5316393899999525,0],[112.86780016200009,-7.5316297359999567,0],[112.86779179700011,-7.5315991619999636,0],[112.86778568000011,-7.531599162999953,0],[112.86776798100004,-7.5316007729999797,0],[112.86774947600009,-7.5316015769999467,0],[112.86772775400004,-7.5315959449999355,0],[112.86770281300005,-7.5315782459999809,0],[112.86768913600008,-7.5315742229999501,0],[112.86767867700007,-7.5315750269999739,0],[112.86765293200006,-7.5315822679999656,0],[112.86762396900008,-7.5315734179999367,0],[112.86759902800009,-7.5315637639999409,0],[112.86757086900002,-7.5315476729999773,0],[112.86754995100011,-7.531545259999973,0],[112.86752822900007,-7.5315589369999429,0],[112.86752179300004,-7.5315718089999564,0],[112.86749363400008,-7.5315959449999355,0],[112.86747513000012,-7.5315927269999747,0],[112.86747191100005,-7.5315766359999543,0],[112.8674839790001,-7.531555717999936,0],[112.86749202500005,-7.5315372139999681,0],[112.86749443800011,-7.5315162959999498,0],[112.86749604700003,-7.5314961829999447,0],[112.86750489700012,-7.5314784829999439,0],[112.86751374700009,-7.5314551509999319,0],[112.86752259700006,-7.5314334289999465,0],[112.8675193790001,-7.5314100969999345,0],[112.86751374700009,-7.5314020519999758,0],[112.86749041600001,-7.5313883749999491,0],[112.86748558800002,-7.5313803299999336,0],[112.86749443800011,-7.5313674569999307,0],[112.86750811600007,-7.5313634339999567,0],[112.86753210100005,-7.531366802999969,0],[112.86754110100003,-7.5313578029999348,0],[112.86754673300004,-7.531340906999958,0],[112.86754110100003,-7.5313256209999508,0],[112.86753064300001,-7.5313151619999417,0],[112.86753225200005,-7.5312934399999563,0],[112.86753868800008,-7.5312781539999492,0],[112.86755236500005,-7.5312580399999547,0],[112.86756121500002,-7.5312387309999735,0],[112.86755880100009,-7.5312218359999292,0],[112.86754753800005,-7.531201722999981,0],[112.86753225200005,-7.5311993089999305,0],[112.86752501100011,-7.5312049409999418,0],[112.86750167900004,-7.5312282719999644,0],[112.8674791520001,-7.5312443629999279,0],[112.86745662500005,-7.5312483859999588,0],[112.86742363900009,-7.5312499949999392,0],[112.86740674400005,-7.531235512999956,0],[112.8673938710001,-7.5312290769999777,0],[112.86738668900011,-7.5312290759999314,0],[112.86737939000011,-7.5312290769999777,0],[112.86737456300011,-7.5312258589999601,0],[112.86736490800001,-7.5312210319999622,0],[112.86737052600006,-7.5312059549999617,0],[112.86737214900006,-7.5312049409999418,0],[112.86738824000008,-7.5311993089999305,0],[112.86740996200001,-7.5312033319999614,0],[112.86744536200001,-7.531206549999979,0],[112.86747191100005,-7.5312033319999614,0],[112.86748639300004,-7.5311912639999719,0],[112.86749363400008,-7.5311695409999402,0],[112.86746306100008,-7.5311293139999407,0],[112.86745743000006,-7.5311277049999603,0],[112.86743731600006,-7.5311309229999779,0],[112.86742203000006,-7.5311349459999519,0],[112.86741157100005,-7.5311405779999632,0],[112.86740030800001,-7.5311349459999519,0],[112.86738502100002,-7.53112609599998,0],[112.86737939000011,-7.5311140279999336,0],[112.86738824000008,-7.531101155999977,0],[112.86739548000003,-7.5310826509999629,0],[112.86737939000011,-7.5310464469999374,0],[112.86738743500007,-7.5310182879999275,0],[112.86739467600012,-7.5310086339999316,0],[112.86740754900006,-7.5310038069999337,0],[112.86743329400008,-7.5309997839999596,0],[112.86744375300009,-7.5309885209999265,0],[112.86745662500005,-7.530972429999963,0],[112.86746386600009,-7.5309547299999622,0],[112.86746064800002,-7.5309305939999263,0],[112.86744133900004,-7.5309096759999647,0],[112.86742685700005,-7.5309048489999668,0],[112.86741559400002,-7.5309040439999535,0],[112.86739226200007,-7.5309080669999275,0],[112.86738502100002,-7.5309177209999802,0],[112.86737295300009,-7.5309297889999698,0],[112.86735686300005,-7.5309297889999698,0],[112.86734640400005,-7.5309225489999676,0],[112.86732629000005,-7.5309000219999689,0],[112.86731905000011,-7.5308791039999505,0],[112.86731824500009,-7.5308605989999364,0],[112.86729571800004,-7.5308404859999314,0],[112.8672683640001,-7.5308372679999707,0],[112.86722733200008,-7.5308380719999377,0],[112.86719997800003,-7.5308589899999561,0],[112.86717181900008,-7.530875885999933,0],[112.86714205200008,-7.5308774949999702,0],[112.86714013700009,-7.5308763879999674,0],[112.86712113400006,-7.5308654269999806,0],[112.86709699800008,-7.5308461179999426,0],[112.86708895200002,-7.5308260039999482,0],[112.86709261800002,-7.5308084129999315,0],[112.86709297500011,-7.530806694999967,0],[112.86709860700012,-7.5307922139999732,0],[112.86710826100011,-7.5307729049999352,0],[112.86710906600001,-7.5307527919999302,0],[112.86710021600004,-7.5307415279999645,0],[112.86708653900007,-7.5307262419999574,0],[112.86707527500005,-7.5307157829999483,0],[112.86705516200004,-7.5307077379999328,0],[112.86701886300011,-7.530702908999956,0],[112.86700930300003,-7.5307029099999454,0],[112.8669875810001,-7.5306956689999538,0],[112.86696103100007,-7.5306924509999362,0],[112.86694252700011,-7.5306892329999755,0],[112.86693045900006,-7.5306964739999671,0],[112.86690230000011,-7.5306988879999608,0],[112.86686448700004,-7.5306795789999796,0],[112.86685241900011,-7.5306522249999261,0],[112.86684437300005,-7.5306353289999493,0],[112.86683391400004,-7.5306321109999317,0],[112.8668065600001,-7.530632915999945,0],[112.86676311500003,-7.5306264789999773,0],[112.86674219700001,-7.5306280879999576,0],[112.86669151100011,-7.5306369379999296,0],[112.86666415700006,-7.5306409609999605,0],[112.86663599800011,-7.5306449839999345,0],[112.86661829900004,-7.5306506149999564,0],[112.86659335800005,-7.5306691199999705,0],[112.86657324500004,-7.5306844059999776,0],[112.86655313100005,-7.530701300999965,0],[112.86653301800004,-7.5307077379999328,0],[112.86650485900009,-7.5307125649999307,0],[112.86648313700005,-7.5307173919999286,0],[112.86646302300005,-7.5307190009999658,0],[112.86644451900008,-7.5307165869999722,0],[112.86642279600005,-7.5307045189999258,0],[112.86641636000002,-7.530690037999932,0],[112.86641877400007,-7.5306844059999776,0],[112.86643727800003,-7.5306602699999416,0],[112.86645819600005,-7.5306449839999345,0],[112.86647106900011,-7.5306272839999338,0],[112.86648635500001,-7.5306055609999589,0],[112.86647267800004,-7.5305926889999455,0],[112.86645256400004,-7.5305934929999694,0],[112.86642923300008,-7.530600733999961,0],[112.86641877400007,-7.5306144109999309,0],[112.86640107400001,-7.530632915999945,0],[112.86638176500003,-7.5306345249999254,0],[112.86636245600005,-7.5306272839999338,0],[112.86636084700001,-7.5306087799999659,0],[112.86637050200011,-7.5305902749999518,0],[112.86638417900008,-7.530575793999958,0],[112.86639624700001,-7.5305580939999572,0],[112.86640670600002,-7.5305476349999481,0],[112.86641796900005,-7.5305339579999782,0],[112.86642440500009,-7.5305154529999641,0],[112.86644210500003,-7.5305066039999815,0],[112.86645176000002,-7.5305066039999815,0],[112.8664606100001,-7.5305154529999641,0],[112.86647589600011,-7.5305371759999389,0],[112.8665153180001,-7.5305291309999802,0],[112.86652255900003,-7.5305210849999753,0],[112.86652738600003,-7.5305138439999268,0],[112.86652255900003,-7.5304993629999331,0],[112.86650083600011,-7.5304905129999611,0],[112.86648957300008,-7.5304744219999407,0],[112.86648635500001,-7.5304599399999574,0],[112.86649198600003,-7.5304478719999679,0],[112.86649198600003,-7.5304333909999741,0],[112.86647911400007,-7.5304197139999474,0],[112.86646302300005,-7.5304197139999474,0],[112.86644451900008,-7.5304253449999692,0],[112.86640831500006,-7.5304253449999692,0],[112.86639624700001,-7.5304333909999741,0],[112.86638257000004,-7.5304486769999812,0],[112.86635682400004,-7.5304526999999553,0],[112.86632625200002,-7.530438217999972,0],[112.8663198160001,-7.530423735999932,0],[112.86631740200005,-7.5304092549999382,0],[112.86631418400009,-7.5303859229999262,0],[112.86631820700006,-7.5303714409999429,0],[112.86632383800008,-7.5303593729999534,0],[112.86633510200011,-7.5303529369999751,0],[112.8663600430001,-7.5303521329999512,0],[112.86637130600002,-7.5303553509999688,0],[112.8663898100001,-7.5303513279999379,0],[112.86639383300007,-7.5303312149999329,0],[112.86639785600005,-7.5303151239999693,0],[112.8664050970001,-7.530298228999925,0],[112.86641957800009,-7.5302934009999376,0],[112.86643406000007,-7.5302861609999354,0],[112.86644210500003,-7.5302748969999698,0],[112.86644854200006,-7.5302523699999711,0],[112.86645739100004,-7.5302403019999815,0],[112.86648474600008,-7.5302193839999632,0],[112.86649440000008,-7.5302049019999799,0],[112.86646945900009,-7.5301445619999754,0],[112.86646141400001,-7.5301421489999711,0],[112.86644451900008,-7.5301389309999536,0],[112.86642440500009,-7.5301365169999599,0],[112.86640911900008,-7.530126862999964,0],[112.8663898100001,-7.5301131849999479,0],[112.8663801560001,-7.5300938769999561,0],[112.86638337400007,-7.5300452019999398,0],[112.86638297200011,-7.5300391679999734,0],[112.86638337400007,-7.5300279049999403,0],[112.8663849830001,-7.5300174459999312,0],[112.86638820100006,-7.5300065839999775,0],[112.86639705100004,-7.530002963999948,0],[112.86639986700004,-7.5300045729999283,0],[112.86640268300005,-7.5300110089999635,0],[112.86640871700001,-7.5300214679999726,0],[112.86641716500003,-7.5300299159999327,0],[112.86642078500006,-7.530031926999925,0],[112.86643325500006,-7.5300262949999706,0],[112.86643848500012,-7.5300170429999298,0],[112.86644291000005,-7.5300065839999775,0],[112.86644371400007,-7.5299949189999325,0],[112.86644049600011,-7.5299896889999332,0],[112.86643526700004,-7.5299860689999605,0],[112.86642883000002,-7.5299840569999787,0],[112.86642360100006,-7.5299808389999612,0],[112.86641837100001,-7.529974402999926,0],[112.86641837100001,-7.5299631389999604,0],[112.86642078500006,-7.529949864999935,0],[112.86642159000007,-7.5299204989999566,0],[112.86642319900011,-7.5299023969999439,0],[112.86642842800006,-7.5298919379999347,0],[112.86643084200011,-7.5298802719999571,0],[112.86643043900006,-7.5298734339999669,0],[112.86642171100004,-7.5298486969999772,0],[112.86642199200003,-7.5298444699999436,0],[112.8664300370001,-7.5298376319999534,0],[112.86643566900011,-7.5298348159999478,0],[112.86644210500003,-7.5298295859999484,0],[112.86644572600005,-7.5298211389999778,0],[112.86644813900011,-7.5298090709999315,0],[112.86644773700004,-7.5298002209999595,0],[112.8664376800001,-7.5297869459999447,0],[112.86642842800006,-7.5297793029999411,0],[112.86641877400007,-7.5297740729999418,0],[112.8664127400001,-7.5297736709999299,0],[112.86640147600008,-7.5297768889999475,0],[112.86639705100004,-7.529780106999965,0],[112.86638816700008,-7.5298007129999291,0],[112.86638779900011,-7.5298030369999651,0],[112.86638538500006,-7.5298159089999785,0],[112.86638538500006,-7.5298255639999638,0],[112.86638820100006,-7.5298319999999421,0],[112.86638739700004,-7.5298428609999632,0],[112.86638257000004,-7.5298509069999682,0],[112.86637814500011,-7.5298513089999801,0],[112.86637090400006,-7.5298460789999808,0],[112.86636728300005,-7.5298396429999457,0],[112.86636326100006,-7.5298227479999582,0],[112.86635964000004,-7.5298110819999806,0],[112.86635360600008,-7.5298018299999399,0],[112.86634717000004,-7.5297913709999307,0],[112.866340734,-7.5297793029999411,0],[112.86632786100006,-7.5297700509999572,0],[112.86632142500002,-7.5297692459999439,0],[112.86631619500008,-7.5297660279999263,0],[112.86631297700001,-7.5297607989999733,0],[112.86631257500005,-7.5297523509999564,0],[112.86631136800008,-7.5297455119999768,0],[112.86630734500011,-7.5297322379999514,0],[112.86630734500011,-7.5297278129999654,0],[112.86630573600007,-7.5297181579999801,0],[112.86630734500011,-7.5297141359999387,0],[112.86630895500002,-7.5297121239999569,0],[112.86631418400009,-7.5297097109999527,0],[112.86631953200003,-7.5297025319999307,0],[112.8663091520001,-7.5296958609999365,0],[112.86630242800004,-7.5296879669999726,0],[112.86630213600006,-7.5296777349999502,0],[112.86630201800006,-7.5296774769999502,0],[112.86629892000008,-7.5296707189999665,0],[112.86629395000011,-7.5296648709999658,0],[112.86629325000001,-7.5296649349999711,0],[112.86629073400002,-7.5296651639999368,0],[112.86628781000002,-7.5296660409999276,0],[112.86628430200005,-7.5296689639999386,0],[112.86628079400009,-7.5296724729999482,0],[112.86627269000007,-7.5296784759999582,0],[112.86626354500004,-7.5296803659999796,0],[112.86625857500007,-7.5296832899999799,0],[112.86625652900011,-7.5296859209999525,0],[112.86625419000006,-7.5296905979999451,0],[112.86625272800006,-7.5296955679999655,0],[112.86625185100002,-7.5297014159999662,0],[112.866247466,-7.5297177869999814,0],[112.86624220300007,-7.5297245109999267,0],[112.86623723300011,-7.529727434999927,0],[112.86623372500003,-7.5297277269999654,0],[112.86622817000011,-7.5297271419999561,0],[112.86622349300001,-7.529725095999936,0],[112.86621969200007,-7.5297192489999816,0],[112.86621589200001,-7.5297096009999791,0],[112.86620536700002,-7.5296756889999301,0],[112.86619367300011,-7.5296382669999389,0],[112.86619718100008,-7.5296113709999304,0],[112.8662041980001,-7.5295809659999691,0],[112.86620068900004,-7.5295645949999539,0],[112.86618402500005,-7.5295558239999423,0],[112.86617905500009,-7.5295526079999604,0],[112.86617525500003,-7.5295482229999493,0],[112.86617847100001,-7.5295298049999815,0],[112.86618974300006,-7.5295168709999416,0],[112.8662462960001,-7.5294944299999429,0],[112.86626617600007,-7.5294780589999277,0],[112.86628605600004,-7.5294429759999275,0],[112.86628605600004,-7.5294067249999443,0],[112.86627904000011,-7.5293424069999446,0],[112.86626149900007,-7.5292979699999592,0],[112.86625214300011,-7.5292687339999702,0],[112.866247466,-7.5292172799999548,0],[112.86623109400011,-7.5291728429999694,0],[112.86621589200001,-7.5291319139999473,0],[112.86622407800007,-7.5291073559999404,0],[112.86623226300003,-7.5290816289999611,0],[112.86622641600002,-7.529053562999934,0],[112.86620185900006,-7.5290523939999616,0],[112.8661878260001,-7.5290605799999639,0],[112.86616209900001,-7.5290711039999678,0],[112.86613169400005,-7.5290757819999499,0],[112.86610362800002,-7.5290792899999701,0],[112.86607673200001,-7.5290687659999662,0],[112.86604983600012,-7.5290570709999542,0],[112.86602293900012,-7.5290418689999683,0],[112.8660112450001,-7.5290243279999345,0],[112.86599604300011,-7.528997431999926,0],[112.86599838200004,-7.5289810599999782,0],[112.86598785700005,-7.5289658579999355,0],[112.86597148500005,-7.5289670269999647,0],[112.8659422500001,-7.5289728739999759,0],[112.86591184600002,-7.5289693659999557,0],[112.86589196600005,-7.528975212999967,0],[112.86587559400004,-7.5289728739999759,0],[112.86586156100009,-7.5289565019999714,0],[112.86584285000004,-7.5289214199999606,0],[112.86583583400011,-7.5288863379999498,0],[112.86583232600003,-7.5288629499999615,0],[112.86583700300002,-7.52882903699998,0],[112.86581127600004,-7.5288056489999349,0],[112.86579373500001,-7.5288079869999365,0],[112.8657820410001,-7.5288278669999613,0],[112.86576800800003,-7.5288500859999772,0],[112.86573529200007,-7.5288667899999382,0],[112.86568422800008,-7.5288075869999602,0],[112.86568965800006,-7.5287565329999779,0],[112.86569901300004,-7.5287191119999761,0],[112.86571304600011,-7.5286746749999338,0],[112.86571655400007,-7.528634914999941,0],[112.86572707900007,-7.5285939859999758,0],[112.86571421500003,-7.5285682589999396,0],[112.86568264100003,-7.5285530559999643,0],[112.86567328600006,-7.5285507179999627,0],[112.86564639000005,-7.5285659199999486,0],[112.86563469600003,-7.5285764449999419,0],[112.86561364600004,-7.5285916469999279,0],[112.865585581,-7.5285822919999532,0],[112.8655680390001,-7.5285530559999643,0],[112.86555166800008,-7.5285086189999788,0],[112.86553295700003,-7.5284770449999314,0],[112.86552477100008,-7.5284723669999494,0],[112.8654990440001,-7.5284606729999268,0],[112.86547214800009,-7.5284396239999296,0],[112.86545694600011,-7.5284302689999549,0],[112.86540900000011,-7.5284267599999453,0],[112.86537274800003,-7.5284361159999662,0],[112.86536540700001,-7.5284379499999545,0],[112.8653493600001,-7.5284419629999775,0],[112.86532714100008,-7.5284443009999791,0],[112.86528972000008,-7.5284513179999522,0],[112.86527451800009,-7.5284349459999476,0],[112.86527101000001,-7.5284127269999317,0],[112.86527451800009,-7.5283893389999434,0],[112.86527802600006,-7.5283682899999462,0],[112.86528730900011,-7.5283474049999768,0],[112.86528738100003,-7.528347240999949,0],[112.86530609200008,-7.528327360999981,0],[112.86531544700006,-7.5283133279999674,0],[112.86530375300003,-7.5282946169999718,0],[112.86528738100003,-7.5282817539999769,0],[112.86527685700003,-7.5282817539999769,0],[112.86526633200003,-7.5282864309999695,0],[112.86524286000008,-7.5282958709999548,0],[112.86523709700009,-7.5283016339999449,0],[112.86520669200002,-7.5283413939999377,0],[112.86515523800006,-7.5283507489999693,0],[112.86512249500004,-7.5283507489999693,0],[112.86509676800006,-7.5283460709999304,0],[112.86502660300005,-7.5283601039999439,0],[112.86498918200004,-7.5283741369999575,0],[112.86496111600002,-7.5283764759999485,0],[112.86489095200011,-7.5283717979999665,0],[112.86484651400008,-7.5283577649999529,0],[112.86476933300003,-7.5283413939999377,0],[112.86467344200003,-7.5283367159999557,0],[112.86460093900007,-7.5283413939999377,0],[112.86453311300011,-7.5283788149999396,0],[112.86443488300006,-7.5283530879999603,0],[112.86434133000012,-7.5282525179999311,0],[112.864320281,-7.5282034029999636,0],[112.86427350400004,-7.5281800149999754,0],[112.86424777700006,-7.5281542879999392,0],[112.86423842200008,-7.5281192059999285,0],[112.86424543800001,-7.5280864619999761,0],[112.86426882700005,-7.5280677519999699,0],[112.86432495800011,-7.5280560579999474,0],[112.86435068500009,-7.5280443639999248,0],[112.86438109000005,-7.5280069429999799,0],[112.86437173500008,-7.5279648439999391,0],[112.86434366900005,-7.5279110509999327,0],[112.86430390900011,-7.5278642749999563,0],[112.86426414900006,-7.5277847549999706,0],[112.86427350400004,-7.5277333009999552,0],[112.86431092500004,-7.5276958799999534,0],[112.86431560300002,-7.5276491039999769,0],[112.86426648800011,-7.5276257159999318,0],[112.86418696800001,-7.527585955999939,0],[112.86413083600007,-7.5275812779999569,0],[112.86411212600001,-7.5275789389999659,0],[112.86404430000005,-7.5275672449999433,0],[112.86400921800009,-7.5275368399999252,0],[112.86401623400002,-7.5274994189999802,0],[112.86403260600002,-7.5274877249999577,0],[112.86406768800009,-7.5274362709999423,0],[112.86407470500001,-7.5274035279999794,0],[112.86410744800003,-7.5273637679999297,0],[112.86412849800001,-7.5273286859999757,0],[112.8641004320001,-7.527284247999944,0],[112.86408172100005,-7.5272889259999261,0],[112.86405131700008,-7.5273193309999442,0],[112.86400687900004,-7.5273403799999414,0],[112.86397179700009,-7.5273240079999368,0],[112.86394840900005,-7.5272748929999693,0],[112.86396711900011,-7.5272327939999286,0],[112.86399284600009,-7.5272117449999314,0],[112.86407704400006,-7.5271766629999775,0],[112.8641168040001,-7.5271602909999729,0],[112.86416591900002,-7.5271064979999665,0],[112.86418987600007,-7.5270750549999548,0],[112.86420334000002,-7.5270573829999421,0],[112.86421035600006,-7.5270035899999357,0],[112.86420100100008,-7.5269381029999636,0],[112.86415188600006,-7.5268889879999392,0],[112.86410978700007,-7.5268726169999809,0],[112.86405833300012,-7.526865599999951,0],[112.86400921500001,-7.5268655989999615,0],[112.86399752400007,-7.526865599999951,0],[112.86394373100006,-7.5268749549999256,0],[112.8638922770001,-7.526867938999942,0],[112.86386421100008,-7.5268539059999284,0],[112.8637800140001,-7.5267743859999428,0],[112.86371920500005,-7.5267229319999274,0],[112.86367009000003,-7.5266574449999553,0],[112.86359057000004,-7.526573247999977,0],[112.86350403400002,-7.5265217939999616,0],[112.86343153000007,-7.5264796949999777,0],[112.86337539900001,-7.5264633239999625,0],[112.86331225100002,-7.5264633239999625,0],[112.86323740800003,-7.5264773559999298,0],[112.8631391780001,-7.5264656619999641,0],[112.86301522100007,-7.5264680009999552,0],[112.86295675000008,-7.526503082999966,0],[112.86274157900004,-7.5266083299999309,0],[112.86256267700003,-7.5266237509999314,0],[112.86250132100008,-7.5266394669999386,0],[112.86244922700007,-7.5266574449999553,0],[112.86240011200005,-7.5266948659999571,0],[112.86234631900004,-7.5267369649999409,0],[112.86229018800009,-7.5267697089999501,0],[112.86224575000006,-7.5267743859999428,0],[112.86218026300003,-7.5267767249999338,0],[112.86211243700006,-7.5267954359999294,0],[112.86209138800007,-7.5268001129999789,0],[112.86206301800007,-7.5268161479999662,0],[112.86186063000002,-7.5268679849999671,0],[112.86178210800006,-7.5268929689999595,0],[112.86171786300008,-7.5269072459999506,0],[112.86167341900011,-7.5269113999999604,0],[112.8616008030001,-7.5268922469999779,0],[112.86157246300002,-7.5268773909999709,0],[112.86153708900008,-7.526865599999951,0],[112.86149265100005,-7.5268749549999256,0],[112.8614433350001,-7.5269026469999289,0],[112.86136808200001,-7.5269250919999422,0],[112.86135793100004,-7.5269323419999523,0],[112.86131811300004,-7.5269607839999253,0],[112.86123959100007,-7.5270178909999572,0],[112.8611824840001,-7.5270607209999412,0],[112.86112894600001,-7.5270749979999323,0],[112.86111110000002,-7.5270393059999492,0],[112.86112180800001,-7.5270036139999661,0],[112.86115393000011,-7.5269643529999257,0],[112.86119977600003,-7.5268444679999789,0],[112.8612283650001,-7.5267697089999501,0],[112.86123772000008,-7.5267276099999663,0],[112.86125409200008,-7.5266644619999283,0],[112.86125409200008,-7.5266434119999417,0],[112.86124239800006,-7.5266270409999265,0],[112.8612119930001,-7.5266223629999445,0],[112.8611909440001,-7.5266013139999473,0],[112.86118860500005,-7.526575586999968,0],[112.86118158800002,-7.5265615539999544,0],[112.86116287800007,-7.5265498599999319,0],[112.86113013400006,-7.5265358269999751,0],[112.86111376300005,-7.5265264719999436,0],[112.86108569700002,-7.5264937279999344,0],[112.86109505200011,-7.5264539679999416,0],[112.86110440700008,-7.5264282409999623,0],[112.86114182800009,-7.5264001759999815,0],[112.86120263800001,-7.5263721099999543,0],[112.86125876900007,-7.526346382999975,0],[112.86132191700005,-7.5262949289999597,0],[112.86138506500004,-7.5262434749999443,0],[112.86143651900011,-7.5261966979999784,0],[112.86148976800007,-7.5261250239999526,0],[112.86151837800003,-7.5260506399999372,0],[112.86151837800003,-7.5259978989999468,0],[112.86152773300012,-7.5259745109999585,0],[112.86153475000003,-7.5259347509999657,0],[112.8615487830001,-7.5258973299999639,0],[112.86156281600006,-7.5258856359999413,0],[112.86160023700006,-7.52585523099998,0],[112.86163298000008,-7.5258411979999664,0],[112.86167507900007,-7.5258084549999467,0],[112.86168677300009,-7.5257757109999375,0],[112.86168677300009,-7.5257102249999548,0],[112.86167741800011,-7.5256540929999574,0],[112.86170080600004,-7.5255114249999338,0],[112.86172653300002,-7.5254482769999527,0],[112.86177330900011,-7.5253500469999608,0],[112.86184347400001,-7.5252284279999344,0],[112.86183914300011,-7.5252089409999599,0],[112.86183411800005,-7.52518632999994,0],[112.86180137500003,-7.5251418919999651,0],[112.86175693700011,-7.5251465699999471,0],[112.861742961,-7.5251465699999471,0],[112.86173588800011,-7.5251465699999471,0],[112.86170080600004,-7.5251395529999741,0],[112.86168911200002,-7.5251021319999722,0],[112.86170080600004,-7.5250857599999676,0],[112.86173822700005,-7.5250600329999315,0],[112.86183982900002,-7.5250412419999293,0],[112.86186686200006,-7.5250319679999507,0],[112.86193936500001,-7.5250039019999804,0],[112.86194755100007,-7.5249945469999489,0],[112.86197181300008,-7.5249562869999522,0],[112.86197795600003,-7.5249466009999537,0],[112.86199783500001,-7.5249103489999811,0],[112.86204227300004,-7.5248553869999455,0],[112.86207852500002,-7.524826151999946,0],[112.86211945400009,-7.5248027639999577,0],[112.862168569,-7.5247793749999801,0],[112.86223405600003,-7.5247594949999552,0],[112.86231240600011,-7.5247349379999378,0],[112.86231569500001,-7.5247349379999378,0],[112.86238140100011,-7.5247349379999378,0],[112.86241648400005,-7.5247302599999557,0],[112.86244104100001,-7.5247197359999518,0],[112.86246442900006,-7.5246986859999652,0],[112.86247261500012,-7.5246448929999588,0],[112.86248130700005,-7.5246283369999674,0],[112.86249717300007,-7.5245981169999254,0],[112.86258446600004,-7.5245619369999304,0],[112.86263998400011,-7.5245064459999753,0],[112.86266768100006,-7.5244627869999476,0],[112.86268154400011,-7.5244409349999728,0],[112.86271723600009,-7.5244088119999333,0],[112.86275292800008,-7.5243766889999506,0],[112.86278505100006,-7.5243445669999574,0],[112.86278505100006,-7.524323150999976,0],[112.86277077400007,-7.5243088749999743,0],[112.86275292800008,-7.5243053049999276,0],[112.86272760500003,-7.5243076079999582,0],[112.86271366700009,-7.5243088749999743,0],[112.8626886830001,-7.5243124439999747,0],[112.86267797500011,-7.5243124439999747,0],[112.86263274900011,-7.5242916939999418,0],[112.86259657300002,-7.5242484639999816,0],[112.86252173000003,-7.5242110429999798,0],[112.86247963200003,-7.5241829769999526,0],[112.86240946700002,-7.5241455559999508,0],[112.86238140100011,-7.5240707139999472,0],[112.86237672400011,-7.5240145819999498,0],[112.86239543400006,-7.5239537729999597,0],[112.86242817800007,-7.5239163519999579,0],[112.86244922700007,-7.5238719139999262,0],[112.86244567800009,-7.5237939619999565,0],[112.86239075700007,-7.5237596509999776,0],[112.86232926200012,-7.5237670389999494,0],[112.86199795100003,-7.5238826119999658,0],[112.86186787400004,-7.5239302019999741,0],[112.8617251070001,-7.524015861999942,0],[112.86164693100011,-7.5240685649999364,0],[112.86159294100003,-7.5240625999999793,0],[112.86158580200004,-7.524051892999978,0],[112.86157152600003,-7.5240269089999288,0],[112.86154654100005,-7.5240054929999474,0],[112.86149657300007,-7.5240126319999376,0],[112.86146801900009,-7.52403761599993,0],[112.86145731200008,-7.52407330799997,0],[112.86145374200009,-7.5241089999999531,0],[112.86143946600009,-7.5241411229999358,0],[112.86140377400011,-7.5241910909999774,0],[112.86136808200001,-7.5242303519999609,0],[112.86124921400005,-7.5243299509999702,0],[112.8611603810001,-7.5243997479999507,0],[112.86106520200008,-7.524437819999946,0],[112.86105409900006,-7.5244408489999728,0],[112.86095631600006,-7.5244604859999527,0],[112.86091824500011,-7.5244680999999787,0],[112.86087255900009,-7.5244661969999811,0],[112.86080212700006,-7.524437642999942,0],[112.86077357300007,-7.5244109929999468,0],[112.86075073100005,-7.5243729219999409,0],[112.86076024800002,-7.5243443679999586,0],[112.86081164500001,-7.5242872609999267,0],[112.86086304100002,-7.5242339609999362,0],[112.86090492000005,-7.5241768539999612,0],[112.86091063000003,-7.5241235539999707,0],[112.86087446300007,-7.524093096999934,0],[112.86080212700006,-7.52410071099996,0],[112.86074692300008,-7.5241368789999683,0],[112.86069743100006,-7.5241958899999304,0],[112.86064032400009,-7.5242529969999623,0],[112.86049184500007,-7.5243653079999717,0],[112.86041189500008,-7.5243995719999361,0],[112.86034717400003,-7.5244033789999776,0],[112.86031481300006,-7.5243862469999385,0],[112.86028245300008,-7.5243519829999741,0],[112.86024818800001,-7.5243177179999634,0],[112.86021582800004,-7.5242929719999552,0],[112.86017394900011,-7.5242872609999267,0],[112.86012636000009,-7.5242986829999268,0],[112.86011303500004,-7.5243272359999764,0],[112.86011303500004,-7.5243614999999409,0],[112.86009399900001,-7.5243786319999799,0],[112.86002547100009,-7.5243957649999516,0],[112.85997217100009,-7.5243995719999361,0],[112.85993600300003,-7.5244014749999337,0],[112.85991316000002,-7.5244071859999622,0],[112.85989935600003,-7.5244278259999646,0],[112.85985117500002,-7.524473056999966,0],[112.85981905300002,-7.5244873339999572,0],[112.85979406800004,-7.5244801959999563,0],[112.85975837600006,-7.5244837649999567,0],[112.85973696100007,-7.5245016109999483,0],[112.85970126900008,-7.5245480099999327,0],[112.85967628500009,-7.5246229629999561,0],[112.85965570100007,-7.5247074059999477,0],[112.85961560900012,-7.5248299769999676,0],[112.85959776300001,-7.5248977909999439,0],[112.85956920900003,-7.524969174999967,0],[112.85952994800004,-7.5250512659999345,0],[112.85949425600006,-7.5251083739999558,0],[112.85945499500008,-7.525104803999966,0],[112.85945499500008,-7.5250619739999252,0],[112.85946570300007,-7.524990589999959,0],[112.85947641000007,-7.524933482999927,0],[112.85948711800006,-7.5248906529999431,0],[112.85950853300005,-7.524833545999968,0],[112.85952281000004,-7.5247871459999374,0],[112.85952724500009,-7.5247322299999269,0],[112.85952916300005,-7.5247084729999756,0],[112.85950632000004,-7.5247046659999342,0],[112.85947205600007,-7.5247103769999626,0],[112.85942446700005,-7.5247332199999732,0],[112.85940019600002,-7.5247453549999364,0],[112.85937497400005,-7.5247579659999815,0],[112.85935403500002,-7.5247579659999815,0],[112.85934914300003,-7.5247506289999251,0],[112.85934642000007,-7.5247465449999709,0],[112.85935416700011,-7.5247227469999416,0],[112.85935784200001,-7.5247027629999366,0],[112.85934451700007,-7.5246875339999519,0],[112.85932928800003,-7.5246837269999673,0],[112.85928758800003,-7.5247051999999712,0],[112.85924743500004,-7.5247103769999626,0],[112.8592170070001,-7.5246893309999336,0],[112.85917659800009,-7.5246765009999308,0],[112.85914090600011,-7.5246836399999779,0],[112.85911592200011,-7.524697916999969,0],[112.85908379900002,-7.5247121929999707,0],[112.85903026100004,-7.5247229009999614,0],[112.85898029300006,-7.5247157619999712,0],[112.8588910630001,-7.5247121929999707,0],[112.85881611000002,-7.524740746999953,0],[112.85875900300005,-7.5247800079999365,0],[112.85867033600005,-7.5248899469999628,0],[112.8585418450001,-7.524961330999929,0],[112.85843952800008,-7.5250112989999707,0],[112.85831579600006,-7.5250541299999441,0],[112.85823727400009,-7.525044611999931,0],[112.8582229970001,-7.5250112989999707,0],[112.85824679200005,-7.5249684689999299,0],[112.85830389900002,-7.5249184999999557,0],[112.858415734,-7.5248352189999537,0],[112.85848235900005,-7.5247638359999769,0],[112.8585632600001,-7.5246543799999586,0],[112.85863615400001,-7.5245328359999348,0],[112.85870903400007,-7.5244694879999656,0],[112.85875900300005,-7.5244337959999257,0],[112.85880540200003,-7.5244123809999337,0],[112.85887678600011,-7.5243838279999409,0],[112.85891961600009,-7.5243695509999498,0],[112.85899456900006,-7.5243409969999675,0],[112.85908023000002,-7.5242838899999356,0],[112.8591587520001,-7.524208936999969,0],[112.85923370500007,-7.5241089999999531,0],[112.85926582800005,-7.5240019239999469,0],[112.85931579700002,-7.5238912789999404,0],[112.85936576500001,-7.5237734959999329,0],[112.85940859600009,-7.5237128199999574,0],[112.85951210200005,-7.5236093129999517,0],[112.85954779400004,-7.5235450679999758,0],[112.85954065600004,-7.5234772529999532,0],[112.85950853300005,-7.5234415609999701,0],[112.85946927200007,-7.523391591999939,0],[112.85940859600009,-7.5233523309999555,0],[112.85932293500002,-7.5233416239999542,0],[112.85925869000005,-7.5233273469999631,0],[112.85919087500008,-7.5233095009999715,0],[112.8591480450001,-7.5232809469999324,0],[112.85911592200011,-7.5232416859999489,0],[112.85909807600001,-7.5231810099999734,0],[112.85907309200002,-7.5231381799999326,0],[112.85901241500005,-7.5230882109999584,0],[112.85892675500008,-7.5230489499999749,0],[112.85881254100002,-7.5230132579999349,0],[112.85866620400009,-7.5229811349999522,0],[112.85858054300002,-7.522970427999951,0],[112.85849131300006,-7.5229597199999603,0],[112.8583949450001,-7.5229454429999691,0],[112.85833426900001,-7.5229454429999691,0],[112.85816811100005,-7.5229318089999424,0],[112.85812052200004,-7.5228913579999812,0],[112.85808721000001,-7.5228318719999265,0],[112.85810386600008,-7.5228009389999784,0],[112.85813004000011,-7.5227985589999662,0],[112.85816811100005,-7.5228080769999792,0],[112.85820618300011,-7.5228152159999695,0],[112.85824425400006,-7.5228080769999792,0],[112.85826091000001,-7.5227819029999523,0],[112.85824901300009,-7.5227581089999376,0],[112.85822045900011,-7.5227390729999684,0],[112.85817287000009,-7.5226962429999276,0],[112.85812052200004,-7.5226438939999412,0],[112.85808353600009,-7.5226232259999506,0],[112.85803962000011,-7.5225986849999344,0],[112.85798013400006,-7.5225415779999594,0],[112.85795158000008,-7.5224963679999632,0],[112.85795396000003,-7.5224797119999494,0],[112.85798965200001,-7.5224797119999494,0],[112.85805627700006,-7.5224916089999283,0],[112.85811338400003,-7.5225082649999422,0],[112.85814978600001,-7.522514135999927,0],[112.85818714700008,-7.522520161999978,0],[112.85825853100005,-7.5225273009999682,0],[112.85831563800002,-7.5225534749999383,0],[112.85837512400008,-7.5225891669999783,0],[112.85844174900001,-7.5226248589999614,0],[112.85849409700006,-7.5226438939999412,0],[112.85867017700002,-7.5226272379999273,0],[112.85873204300003,-7.5226153409999483,0],[112.85884625800009,-7.5225986849999344,0],[112.85898839100003,-7.522558518999972,0],[112.85904868200009,-7.5225529369999435,0],[112.85912302500003,-7.5225314429999344,0],[112.85920896900006,-7.5224948709999353,0],[112.85925746400005,-7.5224893169999518,0],[112.85929805600006,-7.52249300699998,0],[112.85945985900003,-7.5224422459999687,0],[112.8595692560001,-7.5223862129999475,0],[112.85969572500005,-7.5223369439999601,0],[112.85975283200003,-7.522313148999956,0],[112.85979090400008,-7.5222988729999543,0],[112.85983611300003,-7.5222893549999412,0],[112.85990749700011,-7.5222822159999509,0],[112.85995270700005,-7.5222726979999379,0],[112.85998561400004,-7.5222269689999735,0],[112.86000981400002,-7.5221941759999709,0],[112.86004074700008,-7.5221537249999528,0],[112.86006384900008,-7.5221398639999393,0],[112.86007643900007,-7.5221323099999609,0],[112.86008411900002,-7.5221310299999686,0],[112.86010499200006,-7.5221275509999259,0],[112.86013542500007,-7.5221238219999691,0],[112.86017399700006,-7.5221299309999381,0],[112.86019303300009,-7.5221108949999689,0],[112.86019711900008,-7.5220817819999297,0],[112.86019928500002,-7.522066347999953,0],[112.86020255000005,-7.5220371319999799,0],[112.86022304500011,-7.5219979819999594,0],[112.86026111700005,-7.5219694279999771,0],[112.86031061000006,-7.5219351639999559,0],[112.86034677700002,-7.521895188999963,0],[112.86038865600005,-7.5218571179999572,0],[112.86043624500007,-7.5218323709999595,0],[112.86047431700001,-7.5218152389999773,0],[112.86054855600003,-7.521780974999956,0],[112.86062279500004,-7.5217771679999714,0],[112.86069322700007,-7.5217866859999276,0],[112.86073510500012,-7.5218038179999667,0],[112.86079102100007,-7.5218229469999756,0],[112.86080744100002,-7.5218285639999749,0],[112.86088548700002,-7.5218323709999595,0],[112.86096465900005,-7.5218288609999604,0],[112.86102123900002,-7.5218291829999657,0],[112.86106632600001,-7.5218095279999488,0],[112.86111391600002,-7.5218000109999252,0],[112.86119196200002,-7.5217866859999276,0],[112.86124145500003,-7.5217657459999714,0],[112.86125668300008,-7.5217409999999632,0],[112.86125478000008,-7.5217181569999525,0],[112.86123955100004,-7.5217067359999419,0],[112.8612243230001,-7.5216857959999288,0],[112.86120528700008,-7.5216096539999739,0],[112.86121480500003,-7.5215449319999266,0],[112.86124526200001,-7.5215106679999622,0],[112.8612757190001,-7.5214744999999539,0],[112.86131569400004,-7.5214478499999586,0],[112.86135259300011,-7.5214273989999469,0],[112.8613685470001,-7.5213850659999366,0],[112.86136562200011,-7.5213455899999531,0],[112.86133500500011,-7.5212989129999528,0],[112.86129997700004,-7.5212778959999582,0],[112.86118258900001,-7.5212207899999726,0],[112.86099540500004,-7.5211541649999276,0],[112.86082132400009,-7.5211062949999814,0],[112.86075223800003,-7.5210690399999294,0],[112.86070464800002,-7.5210500039999602,0],[112.86066848100006,-7.5210423899999341,0],[112.86062561200004,-7.5210524769999552,0],[112.86060375900001,-7.5210576189999756,0],[112.86056949500005,-7.521089978999953,0],[112.86053903800007,-7.5211299539999459,0],[112.86050858100009,-7.5211470869999744,0],[112.86047431700001,-7.5211337619999767,0],[112.86044576300003,-7.5211071119999815,0],[112.86040578800009,-7.5210804619999294,0],[112.86036962000003,-7.5210576189999756,0],[112.86029474700001,-7.5210100299999567,0],[112.86022812200008,-7.5209481639999467,0],[112.86012818400002,-7.5209196099999645,0],[112.85988072500004,-7.5208947489999787,0],[112.85939975700001,-7.5207216549999316,0],[112.85919086800004,-7.5206876819999593,0],[112.85918757800005,-7.5206875019999302,0],[112.85891886200011,-7.5206727769999588,0],[112.85869574900005,-7.5206102799999712,0],[112.85843876700005,-7.5205817269999784,0],[112.8583245530001,-7.5205674499999304,0],[112.85819606200005,-7.5205722089999654,0],[112.8580691630001,-7.5206180339999378,0],[112.85802474100001,-7.5206340749999754,0],[112.85788673200011,-7.5206911819999505,0],[112.85781058900011,-7.5206816639999374,0],[112.85777727700008,-7.5206150389999493,0],[112.85780107100004,-7.5205531729999393,0],[112.85781377100011,-7.5205295869999418,0],[112.85783438400006,-7.5204913069999293,0],[112.85783914300009,-7.5204199229999631,0],[112.857796312,-7.5203770929999791,0],[112.85773920500003,-7.5203818519999572,0],[112.85767733900002,-7.5204104049999501,0],[112.85761071500008,-7.5204294409999761,0],[112.85755836600003,-7.5204104049999501,0],[112.85749650000002,-7.5203580569999531,0],[112.85745367000004,-7.5202961909999431,0],[112.85739656300007,-7.5202676379999502,0],[112.85729186700007,-7.5202343249999331,0],[112.85712530400008,-7.5202105309999752,0],[112.85701584900005,-7.5201676999999449,0],[112.85689211700003,-7.5201534239999432,0],[112.85677314400004,-7.5201296289999391,0],[112.85668272500004,-7.5200963169999682,0],[112.85656375200006,-7.5200249329999451,0],[112.85649712700001,-7.5199773429999368,0],[112.85634484100001,-7.5198726469999428,0],[112.85626394000008,-7.5198536119999631,0],[112.85619255600011,-7.519834575999937,0],[112.85613929900001,-7.5198433199999499,0],[112.85605730800012,-7.5198175279999759,0],[112.85601132700003,-7.5197777999999289,0],[112.85595667100006,-7.5197134979999305,0],[112.85593051900003,-7.5196873449999657,0],[112.85575808800002,-7.5195465499999727,0],[112.85568069100009,-7.5195310699999709,0],[112.85561052700007,-7.5194749389999629,0],[112.85556800400002,-7.519389892999925,0],[112.85557962400003,-7.519301243999962,0],[112.85559617100012,-7.5192442479999499,0],[112.85558946700007,-7.5192065429999388,0],[112.8555637500001,-7.5191615369999454,0],[112.85550498700002,-7.5191541919999736,0],[112.85545801600006,-7.5191811439999583,0],[112.85541406600009,-7.5192223469999249,0],[112.85533922400009,-7.5192644449999761,0],[112.85528309200004,-7.5192644449999761,0],[112.85511655000005,-7.5193108739999275,0],[112.85505629900001,-7.5193355279999423,0],[112.85497880000003,-7.5193413269999496,0],[112.85478867400002,-7.5192730229999256,0],[112.85474584300005,-7.5192397109999547,0],[112.85474108500011,-7.5192159159999505,0],[112.85475536100012,-7.5191873619999683,0],[112.85480300200004,-7.5191084479999404,0],[112.85481532900008,-7.5190492739999399,0],[112.85482000600007,-7.5189557209999407,0],[112.85482000600007,-7.5187966819999588,0],[112.8547685530001,-7.5186797409999713,0],[112.85467967700004,-7.5185627999999269,0],[112.85456741400003,-7.5184131159999765,0],[112.8545066050001,-7.5183663399999432,0],[112.85440369700007,-7.5182119779999539,0],[112.85436159800008,-7.5181231029999367,0],[112.85429143400006,-7.5181043919999411,0],[112.85417449300007,-7.5181184249999546,0],[112.85409497300009,-7.5181792339999447,0],[112.85407158500004,-7.5182260109999675,0],[112.85404819700011,-7.5183008529999711,0],[112.85401415900003,-7.5184080889999336,0],[112.85397846700005,-7.518437831999961,0],[112.85394277500006,-7.5184437809999736,0],[112.85388923800008,-7.5184259349999252,0],[112.8538357000001,-7.5183902429999421,0],[112.85380595600009,-7.51834265399998,0],[112.85374647000003,-7.5183367049999674,0],[112.85371077800005,-7.5183723969999505,0],[112.85367508600007,-7.5183486019999464,0],[112.85367508600007,-7.5182772189999696,0],[112.8536869830001,-7.5182117829999697,0],[112.85371672700001,-7.5181403999999361,0],[112.85373947300002,-7.5180669709999393,0],[112.85373457300011,-7.5179976319999469,0],[112.85369888100001,-7.5179738369999427,0],[112.85362154800009,-7.5179440939999722,0],[112.85356801000012,-7.5179202989999681,0],[112.85346688300001,-7.5178846079999744,0],[112.85337765300005,-7.5178548639999576,0],[112.85330627000008,-7.5178191719999745,0],[112.85322298800008,-7.5177953779999598,0],[112.85311591300001,-7.517765633999943,0],[112.8530207340001,-7.517765633999943,0],[112.85290176100011,-7.5177596859999767,0],[112.85275899400006,-7.5177418399999283,0],[112.85242638800003,-7.5176455749999604,0],[112.85219568700006,-7.5175354129999619,0],[112.85150611500001,-7.5170836989999543,0],[112.85108545800006,-7.516816265999978,0],[112.85105451100003,-7.51677594399996,0],[112.85091886000009,-7.5165888389999509,0],[112.85081595200006,-7.5164812529999381,0],[112.85067562300003,-7.5163876999999388,0],[112.85050255100009,-7.5162847929999543,0],[112.85024060300009,-7.516130430999965,0],[112.85011898500011,-7.5160696209999287,0],[112.84995994500002,-7.5159667129999548,0],[112.84985235900001,-7.5158825159999765,0],[112.849740096,-7.5157889629999772,0],[112.84958573400002,-7.5156579899999656,0],[112.84919281300006,-7.5153539429999796,0],[112.84916007000004,-7.5153165219999778,0],[112.84904312900005,-7.5151715159999526,0],[112.84892618800006,-7.5151013509999416,0],[112.84878118100005,-7.5150218309999559,0],[112.8486876290001,-7.5149516669999343,0],[112.8485753650001,-7.5147879499999704,0],[112.84848649000003,-7.514666330999944,0],[112.84839293800007,-7.514540034999925,0],[112.84821986500003,-7.5144137389999628,0],[112.84807485900001,-7.5143014759999573,0],[112.84793920700008,-7.5141705019999563,0],[112.84767258200009,-7.5139740409999263,0],[112.84696625900006,-7.5134828899999775,0],[112.84691948300008,-7.5134174029999485,0],[112.84676979900007,-7.5132630409999592,0],[112.8465359170001,-7.5130619029999366,0],[112.84633945700011,-7.5128981859999726,0],[112.84576410800003,-7.5125847839999551,0],[112.84541328500006,-7.5122807379999585,0],[112.84509988400009,-7.5119720139999799,0],[112.84502852700007,-7.5119149289999427,0],[112.84492128700003,-7.5118598119999547,0],[112.84489273300005,-7.5118526739999538,0],[112.84486061100006,-7.5118598119999547,0],[112.84481778000008,-7.5118776579999462,0],[112.8447820880001,-7.5119097809999289,0],[112.84475916300005,-7.5119403489999286,0],[112.84474996600011,-7.5119526109999697,0],[112.84471631800011,-7.5120141129999638,0],[112.84467592600004,-7.5120054569999297,0],[112.84465048300001,-7.5119841439999391,0],[112.84465002800005,-7.5119633189999604,0],[112.84464289000005,-7.5119276269999773,0],[112.84465359800004,-7.5118847969999365,0],[112.84466224100004,-7.5118588659999546,0],[112.84466787400004,-7.5118419659999631,0],[112.84468572000003,-7.5117812899999308,0],[112.84468928900003,-7.511713474999965,0],[112.84467501300003,-7.5116599379999798,0],[112.84461790600005,-7.51162067599995,0],[112.84455722900009,-7.5115849849999563,0],[112.84449655300011,-7.5115528619999736,0],[112.84442578800008,-7.5114735569999311,0],[112.84440291600004,-7.511420052999938,0],[112.84436092400006,-7.5113172949999694,0],[112.84432523200007,-7.5112816029999294,0],[112.8442752630001,-7.5112066499999628,0],[112.84424314100011,-7.5111531119999313,0],[112.84417175700003,-7.5110852979999549,0],[112.84408966500007,-7.5110388979999811,0],[112.84402542000009,-7.5109924989999399,0],[112.84398615900011,-7.5109460989999661,0],[112.84394332800002,-7.5109032689999253,0],[112.84389336000004,-7.5108640079999418,0],[112.84383625300006,-7.5108425929999498,0],[112.84378628400009,-7.5108354539999596,0],[112.84371490000001,-7.5108532999999511,0],[112.84366136200003,-7.5108425929999498,0],[112.84363994700004,-7.5108318849999591,0],[112.84362567000005,-7.5108033319999663,0],[112.84358834300008,-7.5107317079999802,0],[112.84353287600004,-7.5106903429999647,0],[112.84342949400002,-7.5106222049999474,0],[112.84340257200006,-7.5106188759999668,0],[112.84336450100011,-7.5106188759999668,0],[112.84332452600006,-7.5106302969999774,0],[112.84328645400001,-7.510643621999975,0],[112.8432655150001,-7.5106398149999336,0],[112.84325409400003,-7.5106055509999692,0],[112.84325790100002,-7.5105808039999715,0],[112.84327312900007,-7.5105370219999372,0],[112.84326909800006,-7.5105164889999401,0],[112.84327693700004,-7.5104608799999255,0],[112.84325790100002,-7.5104323259999433,0],[112.84322554000005,-7.5104247119999741,0],[112.8431874690001,-7.5104437469999539,0],[112.84317224000006,-7.5104761079999776,0],[112.84314939700005,-7.5104913369999622,0],[112.84313416900011,-7.5104875299999776,0],[112.84310561500001,-7.5104608799999255,0],[112.84308277300011,-7.5104266149999717,0],[112.84306944800005,-7.5103828329999374,0],[112.84305041200003,-7.5103447619999315,0],[112.84302185800004,-7.5103200149999338,0],[112.84300091900002,-7.5102971729999695,0],[112.84297807600001,-7.5102781369999434,0],[112.84295142600001,-7.5102571979999766,0],[112.8429304870001,-7.5102400659999375,0],[112.84289812600002,-7.5102229329999659,0],[112.84284482600003,-7.5102058009999269,0],[112.8428029480001,-7.5101734409999494,0],[112.8427762980001,-7.5101391759999387,0],[112.84273251600007,-7.5101068159999613,0],[112.84267731200009,-7.5100972979999483,0],[112.84263733700004,-7.5100953939999613,0],[112.84262591600009,-7.510068743999966,0],[112.84263733700004,-7.5100420939999708,0],[112.84263924100003,-7.5100116369999341,0],[112.84264114500002,-7.5099659519999591,0],[112.84263733700004,-7.5099373979999768,0],[112.84262401300009,-7.5099259769999662,0],[112.84259926600009,-7.5099164589999532,0],[112.84255548400006,-7.5098917119999555,0],[112.84251931600011,-7.5098745799999733,0],[112.84249837700008,-7.5098860019999734,0],[112.84249076300011,-7.5099145549999662,0],[112.84250028100007,-7.5099393019999638,0],[112.84249076300011,-7.5099583369999436,0],[112.84247934100006,-7.5099583369999436,0],[112.84245459500005,-7.5099431089999484,0],[112.84241081300001,-7.5099088449999272,0],[112.84236703100009,-7.5098669659999473,0],[112.8423403810001,-7.5098574479999343,0],[112.84227808800006,-7.5098358769999436,0],[112.84224900900006,-7.5098384129999545,0],[112.84223195800007,-7.509841660999939,0],[112.84220903500011,-7.5098460269999805,0],[112.84218238500011,-7.5098365089999675,0],[112.84218238500011,-7.5098079549999284,0],[112.84219571000006,-7.5097870159999616,0],[112.84222997400002,-7.5097698839999794,0],[112.84225852700001,-7.5097546559999273,0],[112.84226804500008,-7.5097394269999427,0],[112.8422642380001,-7.5097184879999759,0],[112.84223949200009,-7.5096994519999498,0],[112.84220713100001,-7.5096918379999806,0],[112.84218999900008,-7.5096861269999522,0],[112.84215534200007,-7.5096594179999556,0],[112.84212964400001,-7.5096508519999361,0],[112.84210251800005,-7.5096422849999271,0],[112.84208253000008,-7.5096208699999352,0],[112.84207396400006,-7.5096108769999432,0],[112.84204280200004,-7.5095976419999602,0],[112.84200543600002,-7.5095723289999796,0],[112.84198687600008,-7.5095480589999397,0],[112.84198259300001,-7.5095195049999575,0],[112.84198973100001,-7.5094980899999655,0],[112.84200400800012,-7.5094852409999362,0],[112.84201993700003,-7.5094678079999539,0],[112.84203541700003,-7.509446693999962,0],[112.84203113400008,-7.5094295619999798,0],[112.84201828500011,-7.50941385699997,0],[112.84199972500005,-7.5094038629999318,0],[112.84195832300009,-7.5093995799999789,0],[112.84192327700009,-7.5094082959999469,0],[112.84190121600011,-7.5094110019999789,0],[112.84188265600005,-7.5094324169999709,0],[112.84186552400001,-7.5094438379999815,0],[112.8418412530001,-7.5094366999999806,0],[112.84183554200001,-7.5094209959999603,0],[112.84183697000003,-7.5093967249999309,0],[112.8418272560001,-7.5093822479999517,0],[112.8417969950001,-7.5093653159999576,0],[112.84176701400008,-7.5093610329999478,0],[112.84173703300007,-7.5093653159999576,0],[112.84170562400004,-7.5093767379999576,0],[112.84168135300001,-7.5093866119999575,0],[112.8416458690001,-7.5093736859999467,0],[112.84161568000002,-7.5093738819999771,0],[112.84159997600011,-7.5093767379999576,0],[112.8415699950001,-7.5093853039999772,0],[112.84156302400004,-7.5093869129999575,0],[112.84155143500004,-7.5093895869999301,0],[112.84153793600001,-7.5093698579999568,0],[112.8415328750001,-7.5093624609999665,0],[112.84153430300012,-7.5093396179999559,0],[112.84155286200007,-7.5093281969999452,0],[112.84158284400007,-7.5093296239999745,0],[112.84160875500004,-7.5093318229999682,0],[112.84163566800009,-7.5093167749999452,0],[112.84164137800008,-7.5092953599999532,0],[112.84163566800009,-7.509278227999971,0],[112.8416213910001,-7.5092639509999799,0],[112.84159712000007,-7.5092496739999319,0],[112.84157285000003,-7.5092139819999488,0],[112.84155714500002,-7.5091825739999649,0],[112.84153858600007,-7.5091654409999364,0],[112.84149578200004,-7.5091553579999299,0],[112.84143496500008,-7.5091374809999252,0],[112.84138142200004,-7.5091397429999347,0],[112.84135465300005,-7.5091248719999726,0],[112.84134573000006,-7.5091010769999684,0],[112.84134093800003,-7.5090624319999506,0],[112.84121378300006,-7.5089609409999412,0],[112.84115471000007,-7.5089404209999771,0],[112.84112860500011,-7.5089374889999476,0],[112.84110183600001,-7.5089136949999329,0],[112.84106019500007,-7.5088661049999814,0],[112.84105777400009,-7.5088364209999554,0],[112.84104532300012,-7.5087828239999794,0],[112.84100963100002,-7.5087501069999689,0],[112.84097691400007,-7.5087322609999774,0],[112.84091890500008,-7.5087302259999547,0],[112.8409068740001,-7.5087214869999457,0],[112.84088768400011,-7.5086727739999333,0],[112.84087876100011,-7.508634107999967,0],[112.84084604400005,-7.5086043649999397,0],[112.84079845400004,-7.5085924669999713,0],[112.84075086500002,-7.5085746209999797,0],[112.84070625000004,-7.5085448779999524,0],[112.84067948100005,-7.5085121599999525,0],[112.84065271200006,-7.5084913399999778,0],[112.84057237700006,-7.508468382999979,0],[112.84055186300009,-7.5084401019999518,0],[112.8405375860001,-7.5084163079999371,0],[112.8405304480001,-7.508390133999967,0],[112.84052568900006,-7.5083615799999279,0],[112.84049951500003,-7.508328267999957,0],[112.84046382300005,-7.5083116119999431,0],[112.84040433600001,-7.5082830579999609,0],[112.84034485000006,-7.5082497459999331,0],[112.84028536300002,-7.5082402279999769,0],[112.84024015300008,-7.5082235709999736,0],[112.84020208200002,-7.5082211919999509,0],[112.84016401100007,-7.508235468999942,0],[112.84013545700009,-7.508225950999929,0],[112.84011880100002,-7.5082069149999597,0],[112.84007388900011,-7.5081630529999757,0],[112.84002362300009,-7.5081355309999367,0],[112.83997603300008,-7.5080974599999308,0],[112.83994510000002,-7.5080736649999267,0],[112.83990940800004,-7.5080570089999696,0],[112.83985944000005,-7.5080474909999566,0],[112.83980947100008,-7.5080213169999297,0],[112.83976902000006,-7.5080022819999499,0],[112.83971905200008,-7.5079832459999807,0],[112.8396690830001,-7.5079808659999685,0],[112.83962387300005,-7.5079832459999807,0],[112.83958818100007,-7.5079903839999815,0],[112.83957117800003,-7.5080202459999441,0],[112.83957152500011,-7.5080522499999347,0],[112.83956200700004,-7.5080641479999599,0],[112.83952631500006,-7.5080641479999599,0],[112.83950727900003,-7.5080546299999469,0],[112.83948348500007,-7.5080332149999549,0],[112.8394033190001,-7.5079757119999613,0],[112.83934529900012,-7.5079603189999489,0],[112.8392389710001,-7.5079175249999253,0],[112.8392246950001,-7.5079118149999431,0],[112.83919328600007,-7.5079032479999341,0],[112.83915473900004,-7.5078989649999812,0],[112.83911333600008,-7.5078946819999715,0],[112.83907907200012,-7.5078889719999324,0],[112.83905051800002,-7.5078832609999608,0],[112.83902053700001,-7.5078804059999698,0],[112.83895914700008,-7.5078732669999795,0],[112.83892773800005,-7.5078746949999413,0],[112.83888205200003,-7.50787612299996,0],[112.83881637900004,-7.5078661289999786,0],[112.83879068100009,-7.5078589899999315,0],[112.83875498900011,-7.5078547069999786,0],[112.83871215900001,-7.5078575629999591,0],[112.83866361800006,-7.5078532799999493,0],[112.83864505800011,-7.5078604179999502,0],[112.83862364300001,-7.5078746949999413,0],[112.83860936600001,-7.5078861159999519,0],[112.83858335400009,-7.5079134699999486,0],[112.83854369300002,-7.5079446509999457,0],[112.8385194220001,-7.507957499999975,0],[112.83846945400001,-7.5079717769999661,0],[112.83842091300005,-7.5079746319999572,0],[112.83837379900001,-7.5079817709999475,0],[112.83833668000011,-7.5079960469999492,0],[112.83830384300006,-7.5080188899999598,0],[112.83827957300002,-7.5080445879999615,0],[112.83825815800003,-7.5080474439999421,0],[112.83823481500008,-7.5080316619999508,0],[112.83821675500008,-7.5080246009999314,0],[112.83819819500002,-7.5080203179999785,0],[112.83817249700007,-7.508011751999959,0],[112.83815822000008,-7.50801460699995,0],[112.83814108800004,-7.5080274559999793,0],[112.83812823900007,-7.5080474439999421,0],[112.83810967900001,-7.508068858999934,0],[112.83808255300005,-7.5080917019999447,0],[112.8380568550001,-7.508104550999974,0],[112.83802830200011,-7.5081216829999562,0],[112.83800831400004,-7.5081502369999384,0],[112.83797976100004,-7.5081859279999321,0],[112.83787133100009,-7.5082932929999515,0],[112.83784753100008,-7.5083141179999302,0],[112.83777422500009,-7.5083589999999276,0],[112.83773496400011,-7.5083923119999554,0],[112.83771473800005,-7.5084208649999482,0],[112.83769213300002,-7.508460126999978,0],[112.8376766670001,-7.5084970079999493,0],[112.83766239000011,-7.5085255619999316,0],[112.83763859600003,-7.5085576849999711,0],[112.83762193900009,-7.5085755299999732,0],[112.83760052400009,-7.5086147919999462,0],[112.83758743700002,-7.5086504829999399,0],[112.83757791900007,-7.5086814159999449,0],[112.83757519500011,-7.5086876819999588,0],[112.83756602200003,-7.5087087799999495,0],[112.8375439670001,-7.5087415099999362,0],[112.83753152000008,-7.5087527999999679,0],[112.8374622020001,-7.5087087669999732,0],[112.83689797500006,-7.5083503469999755,0],[112.83684251700004,-7.5083151179999277,0],[112.83685393900009,-7.5082894199999259,0],[112.83686527600003,-7.5082632569999532,0],[112.83686537400001,-7.5082625479999479,0],[112.83687012400003,-7.5082281519999583,0],[112.83687856000006,-7.5081693889999315,0],[112.83690905500009,-7.5080624899999293,0],[112.83692532200007,-7.508023871999967,0],[112.83692960500002,-7.5079967459999466,0],[112.83693246100006,-7.5079653379999627,0],[112.83693246100006,-7.5079339289999325,0],[112.83693103300004,-7.50790965799996,0],[112.83692817800011,-7.5078896709999299,0],[112.83692279700006,-7.5078028449999579,0],[112.83692460900011,-7.5077611799999318,0],[112.83693531600011,-7.5077005039999563,0],[112.8369603000001,-7.5076148429999421,0],[112.83696387000009,-7.5075755819999586,0],[112.8369460240001,-7.507536320999975,0],[112.83688891700001,-7.5074970599999347,0],[112.83684251700004,-7.5074756439999533,0],[112.83679968700005,-7.507464936999952,0],[112.83677678900006,-7.5074291729999345,0],[112.83677827200006,-7.5073257379999632,0],[112.83678897900006,-7.5072472159999393,0],[112.83679254800006,-7.5071865399999638,0],[112.83678897900006,-7.5071258639999314,0],[112.83676042600007,-7.5070473409999749,0],[112.83672830300009,-7.5069652499999506,0],[112.8366926110001,-7.5069188509999663,0],[112.83662836600001,-7.5068510359999436,0],[112.83653556700006,-7.5067867899999783,0],[112.83648202900008,-7.5067296829999464,0],[112.83637138400002,-7.5065762079999558,0],[112.83635710700003,-7.5065226699999812,0],[112.83632855400003,-7.506454855999948,0],[112.83628572300006,-7.5063906099999258,0],[112.83621433900009,-7.5063477799999418,0],[112.836153663,-7.5062978109999676,0],[112.83612154000002,-7.5062407039999357,0],[112.83607157200004,-7.5061728899999594,0],[112.83598591100008,-7.5061443359999771,0],[112.8359502190001,-7.5061300589999291,0],[112.8359430810001,-7.5061050749999367,0],[112.83593237300011,-7.5060693829999536,0],[112.83589668100001,-7.5060408289999714,0],[112.83586455900002,-7.5059979989999306,0],[112.83586098900003,-7.5059480299999564,0],[112.83588240500001,-7.5059051999999724,0],[112.83585385100002,-7.5058373859999392,0],[112.83583243600003,-7.5057945549999658,0],[112.83579674400005,-7.5057624329999726,0],[112.83574677500008,-7.5057267409999326,0],[112.8356932370001,-7.5056839099999593,0],[112.83564683800012,-7.5056410799999753,0],[112.83557545400004,-7.5055982499999345,0],[112.83550764000006,-7.5055554189999611,0],[112.83542020800007,-7.5055312889999755,0],[112.83538464000003,-7.5054883569999333,0],[112.83537557900002,-7.5054304979999529,0],[112.83536844100001,-7.5053948059999698,0],[112.83535416400002,-7.5053662519999307,0],[112.83531490300004,-7.5053269909999472,0],[112.83527921100006,-7.5052770219999729,0],[112.83526136500006,-7.5052020689999495,0],[112.83526136500006,-7.5051628079999659,0],[112.83526850400006,-7.5051092699999344,0],[112.83525779600006,-7.5050521629999594,0],[112.83520425800009,-7.5050021949999746,0],[112.83514358200011,-7.5049986259999741,0],[112.83510432100002,-7.5049986259999741,0],[112.83507576700003,-7.5049843489999262,0],[112.83505435200004,-7.5049415179999528,0],[112.83504721400004,-7.5048737039999764,0],[112.83505435200004,-7.5048165969999445,0],[112.83505792100004,-7.5047594899999694,0],[112.83504364500004,-7.5047023829999375,0],[112.83501152200006,-7.504684536999946,0],[112.83496869200007,-7.5046952439999473,0],[112.83493300000009,-7.5047095209999384,0],[112.83487946200012,-7.5047309359999304,0],[112.83486518500001,-7.5047023829999375,0],[112.83489730800011,-7.5046702599999549,0],[112.83495084600008,-7.5046345679999718,0],[112.83496512200009,-7.5045810299999403,0],[112.83494727600009,-7.5045489069999576,0],[112.8349258610001,-7.5045381999999563,0],[112.83484020100002,-7.5045381999999563,0],[112.83480450900004,-7.5045203539999648,0],[112.83477952400006,-7.5045025079999732,0],[112.83475810900006,-7.5044525389999421,0],[112.83475810900006,-7.504416846999959,0],[112.83477595500005,-7.5043775859999755,0],[112.83476167800006,-7.5043276179999339,0],[112.83473312500007,-7.5043133409999427,0],[112.8346867250001,-7.5043276179999339,0],[112.8346510340001,-7.5043383249999351,0],[112.83463318800011,-7.5043311869999343,0],[112.83461534200001,-7.5043133409999427,0],[112.83458321900002,-7.5042883559999609,0],[112.83454395800004,-7.5042776489999596,0],[112.83451183500006,-7.5042383879999761,0],[112.83449398900007,-7.5042062649999366,0],[112.83450826600006,-7.5041562959999624,0],[112.83454752700004,-7.5041277429999695,0],[112.83457608100002,-7.504109896999978,0],[112.83459392600003,-7.5040849129999287,0],[112.83459035700002,-7.5040563589999465,0],[112.83457251100003,-7.5040456509999558,0],[112.83450469700006,-7.5040278049999642,0],[112.83445115900008,-7.5040028209999718,0],[112.83440475900011,-7.5039706979999323,0],[112.83437263700011,-7.5039421449999395,0],[112.83434051400002,-7.5038707609999733,0],[112.83432623700003,-7.5038279309999325,0],[112.83429768400003,-7.5037850999999591,0],[112.83425485300006,-7.5037494089999655,0],[112.83419060800009,-7.5037208549999264,0],[112.8341549160001,-7.5036851629999433,0],[112.8341477780001,-7.5036459019999597,0],[112.83413707000011,-7.5035995019999291,0],[112.83407996300002,-7.5035281189999523,0],[112.83405854800003,-7.5034710119999772,0],[112.83402642500005,-7.5034353199999373,0],[112.83399430200006,-7.5034139049999453,0],[112.83395147200008,-7.5034210429999462,0],[112.8339122110001,-7.503428180999947,0],[112.83387651900011,-7.5034139049999453,0],[112.83386581100001,-7.5033817819999626,0],[112.83386581100001,-7.5033532279999804,0],[112.83386581100001,-7.5033103979999396,0],[112.83386224200001,-7.5032782749999569,0],[112.83383011900003,-7.5032604289999654,0],[112.83377658200004,-7.5032425829999738,0],[112.83374802800006,-7.503214029999981,0],[112.83374089000006,-7.503178337999941,0],[112.83372661300007,-7.5031462149999584,0],[112.83370162900007,-7.5031319379999672,0],[112.83367664400009,-7.5031140919999757,0],[112.8336480910001,-7.5031140919999757,0],[112.83360526000001,-7.5031105229999753,0],[112.83353455300005,-7.5030638529999578,0],[112.83348064100005,-7.502958213999932,0],[112.83346660800009,-7.5028459509999266,0],[112.83346872100003,-7.5028100279999421,0],[112.83349104600006,-7.502760741999964,0],[112.83350889200005,-7.5027214809999805,0],[112.83353744600004,-7.5026750819999393,0],[112.83355886100003,-7.5026286819999655,0],[112.83355622200008,-7.5025996499999792,0],[112.83354220400008,-7.5025894209999251,0],[112.83351960000005,-7.5025894209999251,0],[112.83344464700008,-7.502625112999965,0],[112.8334125240001,-7.5025608679999323,0],[112.83345535400008,-7.5025216069999487,0],[112.8334717350001,-7.5024664809999422,0],[112.83348747700006,-7.502418099999943,0],[112.83348390800006,-7.502339577999976,0],[112.83347677000006,-7.5022717629999534,0],[112.83345892400007,-7.502225363999969,0],[112.8334160930001,-7.502203948999977,0],[112.83335594200003,-7.5022158249999507,0],[112.83332329400002,-7.5022182249999787,0],[112.83329831000003,-7.5022110869999779,0],[112.83328403300004,-7.5021861029999286,0],[112.83326738000005,-7.5021072649999496,0],[112.83317817400007,-7.5019979149999472,0],[112.8331484040001,-7.5019326899999328,0],[112.8331412660001,-7.5018934289999493,0],[112.83313769600011,-7.501843459999975,0],[112.83313055800011,-7.5017827839999427,0],[112.83311271200012,-7.5017577999999503,0],[112.83308772800001,-7.5017078309999761,0],[112.83305203600003,-7.5016864159999272,0],[112.83301991300004,-7.5017006929999752,0],[112.83299170700002,-7.5017443869999738,0],[112.83295209800008,-7.5017613689999507,0],[112.83293068300009,-7.5017328149999685,0],[112.83293068300009,-7.5017006929999752,0],[112.83292400300002,-7.5016437989999645,0],[112.83289489500009,-7.5016151929999637,0],[112.83282717700001,-7.5015900479999686,0],[112.83279862300003,-7.5015757709999775,0],[112.83277007000004,-7.5015400789999376,0],[112.83275936200005,-7.5014508489999798,0],[112.83277007000004,-7.5013937419999479,0],[112.83275579300005,-7.5013544809999644,0],[112.83271296300006,-7.5013330659999724,0],[112.83268084000008,-7.5013045119999333,0],[112.83266299400009,-7.5012795279999409,0],[112.83262730200011,-7.5012581129999489,0],[112.83254718800004,-7.5012511449999693,0],[112.83248810300006,-7.5012402669999574,0],[112.83245598100007,-7.501215282999965,0],[112.83245241200007,-7.501179590999925,0],[112.83248810300006,-7.5011260529999504,0],[112.83249524200005,-7.5010867919999669,0],[112.83247382700006,-7.5010439609999366,0],[112.83240601200009,-7.5010082689999535,0],[112.83228466000003,-7.5008904859999461,0],[112.83225253700004,-7.5008690709999541,0],[112.83220970700006,-7.5008298099999706,0],[112.83217044500009,-7.50078340999994,0],[112.8321490300001,-7.500740579999956,0],[112.83211333800011,-7.5006763349999801,0],[112.83207050800002,-7.5006370739999397,0],[112.83203124700003,-7.5006013819999566,0],[112.83199555500005,-7.5005835359999651,0],[112.83193650100009,-7.5005603329999531,0],[112.83192117900001,-7.5005598679999252,0],[112.8318777720001,-7.5005585509999264,0],[112.83184208000011,-7.5005728279999744,0],[112.83180995700002,-7.5005906739999659,0],[112.83177426500004,-7.5004978749999509,0],[112.83183013500002,-7.5004353329999276,0],[112.83182780300001,-7.5003800919999435,0],[112.83181709500002,-7.50034083099996,0],[112.83178140400003,-7.5002801539999382,0],[112.83175998800004,-7.5002551699999458,0],[112.83174571200004,-7.5002337549999538,0],[112.83168860500007,-7.5001837859999796,0],[112.8316207900001,-7.5001373869999384,0],[112.83156725200001,-7.500073140999973,0],[112.83155297500002,-7.4999910499999487,0],[112.83152799100003,-7.4999517889999652,0],[112.83148516100005,-7.4999303739999732,0],[112.83143519200007,-7.4999232349999261,0],[112.8313816540001,-7.4998839739999426,0],[112.83134953100011,-7.4998375749999582,0],[112.83131027000002,-7.499794743999928,0],[112.83126744000003,-7.499730498999952,0],[112.83123888600005,-7.4996091459999548,0],[112.83122461000005,-7.4995698849999712,0],[112.83119605600007,-7.4995449009999788,0],[112.83111466300011,-7.4995251279999593,0],[112.83105328800002,-7.4995341929999313,0],[112.83103544300002,-7.4994985009999482,0],[112.83107315000007,-7.4994524799999454,0],[112.83109611900011,-7.4994021329999327,0],[112.83108898000012,-7.4993735799999399,0],[112.83106399600001,-7.4993485949999581,0],[112.83103187300003,-7.4993236109999657,0],[112.83100054400006,-7.4993089609999402,0],[112.83099090300004,-7.4993085479999309,0],[112.83097209200002,-7.4993077419999281,0],[112.83094802400001,-7.4993151139999554,0],[112.83091765900008,-7.4993378879999568,0],[112.8308855360001,-7.4993735799999399,0],[112.83082842900001,-7.4993807179999408,0],[112.83079273800001,-7.4993878559999416,0],[112.83076418400003,-7.4993414569999572,0],[112.83081772200001,-7.4993057649999741,0],[112.83084270600011,-7.4992807809999249,0],[112.83087126000009,-7.4992486579999422,0],[112.83089267500009,-7.4992236739999498,0],[112.8309116150001,-7.4991697949999434,0],[112.83089624400009,-7.499105889999953,0],[112.83087126000009,-7.4990559219999682,0],[112.83082842900001,-7.4990345069999762,0],[112.83075159800001,-7.4989897759999735,0],[112.83060704400009,-7.4988271539999687,0],[112.83059472500008,-7.4988133319999406,0],[112.83057728100005,-7.4987500469999304,0],[112.83058679900012,-7.4987333909999734,0],[112.83060107600011,-7.4987072169999465,0],[112.83059631700007,-7.4986810429999764,0],[112.83057252200001,-7.4986762839999415,0],[112.83052255400003,-7.4986810429999764,0],[112.83048432200007,-7.4986894649999272,0],[112.83045723400005,-7.4986954329999662,0],[112.83042154200007,-7.4986882949999654,0],[112.83040726500008,-7.4986811569999645,0],[112.83039655700009,-7.498663310999973,0],[112.83039298800009,-7.4986526029999254,0],[112.83041691900007,-7.4986138419999406,0],[112.8304487900001,-7.4985763459999362,0],[112.83044403100007,-7.4985477929999433,0],[112.83040596000001,-7.4985382749999303,0],[112.8303468900001,-7.498535272999959,0],[112.83027746900007,-7.4985121009999602,0],[112.83024891600007,-7.4984573729999511,0],[112.83023939800012,-7.4983978869999532,0],[112.83023701800005,-7.4983502969999449,0],[112.83022036200009,-7.498307466999961,0],[112.83018942900003,-7.4982836729999462,0],[112.83012756300002,-7.4982598779999421,0],[112.83009663000007,-7.4982289449999371,0],[112.83009901000003,-7.4981694579999498,0],[112.83010852700011,-7.49815042299997,0],[112.83011804500006,-7.4981028339999511,0],[112.83010222000007,-7.4980423489999453,0],[112.83006276800006,-7.4980018209999457,0],[112.83001572500007,-7.4979936109999699,0],[112.83000145200003,-7.4979933779999328,0],[112.82994910400009,-7.497995757999945,0],[112.82990865300007,-7.4980005169999799,0],[112.82985630500002,-7.4979909989999669,0],[112.82983488900004,-7.4979624449999278,0],[112.82983013100011,-7.4979053379999527,0],[112.82982061300004,-7.497860128999946,0],[112.82979681800009,-7.4978434719999427,0],[112.82975636700007,-7.4978244369999629,0],[112.82972067500009,-7.4977768469999546,0],[112.82972781400008,-7.4977126019999787,0],[112.82973955700004,-7.4976697949999789,0],[112.82974922900007,-7.4976198029999637,0],[112.82973019300005,-7.4975793519999456,0],[112.82969450100006,-7.4975531779999756,0],[112.82960806100004,-7.4975347119999469,0],[112.82956125100009,-7.4975317629999267,0],[112.82953507700006,-7.4975293829999714,0],[112.82951604200002,-7.4975032089999445,0],[112.8295184210001,-7.4974722759999395,0],[112.82952511800011,-7.4974495069999421,0],[112.82953031800002,-7.4974318259999677,0],[112.8295184210001,-7.4973628209999674,0],[112.82949462700003,-7.4973295089999397,0],[112.82946369400008,-7.4973176109999713,0],[112.8294422780001,-7.4973223699999494,0],[112.82939090200011,-7.497295170999962,0],[112.82936137700005,-7.4972795399999654,0],[112.82933520300003,-7.4972628839999516,0],[112.82930427000008,-7.4972486069999604,0],[112.8292757160001,-7.4972414689999596,0],[112.82924478300004,-7.4972390889999474,0],[112.82922098900008,-7.4972200529999782,0],[112.82920909100005,-7.4971748439999715,0],[112.82920671200009,-7.4971320129999413,0],[112.82918767600006,-7.4970868039999345,0],[112.82915674300011,-7.4970701469999312,0],[112.82911867200005,-7.4970606299999645,0],[112.8290948770001,-7.4970606299999645,0],[112.82906870300008,-7.4970558709999295,0],[112.82905442600008,-7.4970273169999473,0],[112.82905442600008,-7.4969702099999722,0],[112.82903777000001,-7.4969440359999453,0],[112.82900921600003,-7.4969297589999542,0],[112.82897114500008,-7.4969178619999752,0],[112.82896162700001,-7.4968964469999264,0],[112.82896638600005,-7.4968702729999563,0],[112.82898970100007,-7.4968391649999262,0],[112.82901397500007,-7.4967941299999552,0],[112.82899731900011,-7.4967608179999274,0],[112.82896162700001,-7.4967465409999363,0],[112.82890524100003,-7.4967426389999332,0],[112.82884265400003,-7.4967179869999541,0],[112.82880458300008,-7.4966799159999482,0],[112.82879030600009,-7.4966394649999302,0],[112.82879079600002,-7.4966366459999563,0],[112.82879982400004,-7.4965847369999778,0],[112.82878078800002,-7.4965442869999492,0],[112.82873082000003,-7.4965085949999661,0],[112.8286713330001,-7.4964966969999409,0],[112.82863564100001,-7.4964681439999481,0],[112.82856901600007,-7.4963967599999251,0],[112.82853332400009,-7.4963753449999331,0],[112.82847340600006,-7.4963676199999441,0],[112.82840959200007,-7.4963634479999541,0],[112.82838103900008,-7.4963658269999769,0],[112.82836438300001,-7.4963658269999769,0],[112.82831917300007,-7.4963444119999281,0],[112.82828824000001,-7.4963229969999361,0],[112.8282406510001,-7.49627778699994,0],[112.82821447700007,-7.496225438999943,0],[112.82823113300003,-7.4961849879999249,0],[112.82823429700011,-7.4961649469999543,0],[112.82823827100003,-7.4961397779999288,0],[112.82821923500001,-7.4961088449999806,0],[112.82818116400006,-7.4960731529999407,0],[112.82813833400007,-7.4960564969999268,0],[112.82807816400009,-7.4960225989999572,0],[112.82806457000004,-7.4959993899999517,0],[112.82804791400008,-7.4959660779999808,0],[112.82802649900009,-7.4959232469999506,0],[112.82797891000007,-7.4958970729999805,0],[112.82792180300009,-7.4958851759999447,0],[112.82789964900007,-7.4958763139999292,0],[112.82784804000005,-7.4958399659999486,0],[112.82779331200004,-7.4957852389999289,0],[112.82775048200006,-7.4957471669999336,0],[112.82771716900004,-7.4957067159999724,0],[112.82769575400005,-7.4956710239999325,0],[112.82768623600009,-7.4956591269999535,0],[112.82766958000002,-7.4956448499999624,0],[112.82758391900006,-7.4955544309999595,0],[112.82753395100008,-7.4955282569999326,0],[112.82750183500002,-7.4955269189999285,0],[112.8274768440001,-7.4955258769999773,0],[112.82745780800008,-7.4955472919999693,0],[112.82745304900004,-7.4955734659999393,0],[112.82745542800001,-7.4955948819999776,0],[112.82744353100009,-7.4956162969999696,0],[112.82741973700001,-7.4956162969999696,0],[112.82738880400007,-7.4956139169999574,0],[112.82734835300005,-7.4955806049999296,0],[112.82733407600006,-7.4955377749999457,0],[112.82733645500002,-7.4954878059999714,0],[112.82734121400006,-7.4954473549999534,0],[112.82736262900005,-7.4954235599999492,0],[112.82738880400007,-7.4954235599999492,0],[112.82739866400004,-7.4954077829999619,0],[112.82741259800002,-7.4953854889999434,0],[112.8274007010001,-7.4953545559999384,0],[112.82737928600011,-7.4953426589999594,0],[112.82732051400001,-7.4953176099999723,0],[112.82727263200002,-7.4952623619999486,0],[112.82718131500008,-7.4952141679999613,0],[112.82714562300009,-7.4951998909999702,0],[112.82710993100011,-7.4951998909999702,0],[112.82705996200002,-7.4952034599999706,0],[112.82699928600005,-7.4951927529999693,0],[112.82693147100008,-7.4951463529999387,0],[112.82691005600009,-7.4950999539999543,0],[112.82690648700009,-7.4950499849999801,0],[112.8268957790001,-7.4950142929999402,0],[112.8268672260001,-7.4950035859999389,0],[112.82681368800002,-7.4950107239999397,0],[112.82674944200005,-7.4949821699999575,0],[112.82671375000007,-7.4949536169999647,0],[112.82668162800007,-7.4949143559999811,0],[112.82664950500009,-7.4948572489999492,0],[112.82664236700009,-7.494807279999975,0],[112.82661738200011,-7.4947822959999257,0],[112.82657455200001,-7.4947822959999257,0],[112.82654956800002,-7.494793002999927,0],[112.82649573200001,-7.4947784289999504,0],[112.82643624600007,-7.4947189429999526,0],[112.82625183800008,-7.4945523799999592,0],[112.8261983000001,-7.4944928939999613,0],[112.82612096700007,-7.4944155609999257,0],[112.82601389100012,-7.4943739209999762,0],[112.82591871300008,-7.4943560749999278,0],[112.82582353500004,-7.4943322799999805,0],[112.82576999700007,-7.4943084859999658,0],[112.82571051000002,-7.4942668449999701,0],[112.82562262900001,-7.4941569139999729,0],[112.82560597300005,-7.494140257999959,0],[112.82557266000003,-7.4941140839999321,0],[112.82555124500004,-7.4940807709999717,0],[112.82554648600001,-7.4940141459999268,0],[112.82552031200009,-7.4939451419999727,0],[112.82547986100008,-7.4939094499999328,0],[112.8254156160001,-7.4938808959999506,0],[112.82532043700007,-7.4938380659999666,0],[112.82527046900009,-7.4937833379999574,0],[112.82523715600007,-7.4937262309999255,0],[112.82524429400007,-7.4936810219999757,0],[112.82528950400001,-7.4936572269999715,0],[112.82532043700007,-7.4936572269999715,0],[112.82535806800001,-7.4936408099999312,0],[112.82534899100006,-7.4936024989999623,0],[112.82531329900007,-7.4935549099999434,0],[112.82527046900009,-7.4935120799999595,0],[112.82521098200004,-7.4934787669999423,0],[112.82516757600001,-7.493468289999953,0],[112.82514197800003,-7.4934621109999284,0],[112.82511818300009,-7.4934692499999755,0],[112.82509438800002,-7.4934882849999553,0],[112.82505869700003,-7.4935144589999254,0],[112.82502300500005,-7.4935263569999506,0],[112.82497303600007,-7.4935311159999287,0],[112.82491026000002,-7.4935359449999623,0],[112.82485888000008,-7.4935209649999592,0],[112.82483026800003,-7.4934978029999684,0],[112.82479933500008,-7.4934573519999503,0],[112.8247565050001,-7.4934264189999453,0],[112.82467798300002,-7.4934121429999436,0],[112.82459946100005,-7.4933693119999703,0],[112.82456376900006,-7.4933312409999644,0],[112.82453759500004,-7.4932574779999754,0],[112.82453045600005,-7.4931837139999402,0],[112.82453759500004,-7.4931004329999382,0],[112.82452807700008,-7.4930552229999421,0],[112.82450418900009,-7.4930160039999691,0],[112.82445431300005,-7.4930123929999581,0],[112.82441148300006,-7.4930338079999501,0],[112.82437579100008,-7.4930742589999682,0],[112.82433058100003,-7.4930932949999374,0],[112.82428537200008,-7.493081396999969,0],[112.82424492100006,-7.4930552229999421,0],[112.82418543400001,-7.4930361879999623,0],[112.82414974200003,-7.4930123929999581,0],[112.82413070700011,-7.4929648039999392,0],[112.82414022500006,-7.4929100759999301,0],[112.82411167100008,-7.4928672459999461,0],[112.82407360000002,-7.4928767639999592,0],[112.82402125200008,-7.4929029379999292,0],[112.82395224700008,-7.4929076969999642,0],[112.82389989900003,-7.4928815229999373,0],[112.82384279200005,-7.4928815229999373,0],[112.8238118590001,-7.4928862819999722,0],[112.82374999300009,-7.4928981789999511,0],[112.82370478300004,-7.4928981789999511,0],[112.82366671200009,-7.4928910409999503,0],[112.82362626100007,-7.4928648669999802,0],[112.82356677400003,-7.4928291749999403,0],[112.82352156500008,-7.4928053799999361,0],[112.82348349300003,-7.4928077589999589,0],[112.82344542200008,-7.4928267949999281,0],[112.82337641800007,-7.4928482099999769,0],[112.82334310500005,-7.4928648669999802,0],[112.82331455200006,-7.4928577279999331,0]]]]},"properties":{"OBJECTID":3757,"NAMOBJ":"Jabon","FCODE":"BA03070040","REMARK":null,"METADATA":"TASWIL1000020260612KECAMATAN_AR","SRS_ID":"4326","KDBBPS":null,"KDCBPS":null,"KDCPUM":"35.15.05","KDEBPS":null,"KDEPUM":null,"KDPBPS":null,"KDPKAB":"35.15","KDPPUM":"35","LUASWH":84.806640909416814,"TIPADM":3,"WADMKC":"Jabon","WADMKD":null,"WADMKK":"Sidoarjo","WADMPR":"Jawa Timur","WIADKC":null,"WIADKK":null,"WIADPR":null,"WIADKD":null,"UUPP":null,"SHAPE_Length":0.65768287390803504,"SHAPE_Area":0.0069483313529506464}}]}