id,nama,daerah,no2_abs_energy,no2_auc,no2_autocorr,no2_average_power,no2_calc_centroid,no2_calc_max,no2_calc_mean,no2_calc_median,no2_calc_min,no2_calc_std,no2_calc_var,no2_dfa,no2_distance,no2_ecdf,no2_ecdf_percentile,no2_ecdf_percentile_count,no2_ecdf_slope,no2_entropy,no2_fundamental_frequency,no2_higuchi_fractal_dimension,no2_hist_mode,no2_human_range_energy,no2_hurst_exponent,no2_interq_range,no2_kurtosis,no2_lempel_ziv,no2_lpcc,no2_max_frequency,no2_max_power_spectrum,no2_maximum_fractal_length,no2_mean_abs_deviation,no2_mean_abs_diff,no2_mean_diff,no2_median_abs_deviation,no2_median_abs_diff,no2_median_diff,no2_median_frequency,no2_mfcc,no2_mse,no2_negative_turning,no2_neighbourhood_peaks,no2_petrosian_fractal_dimension,no2_pk_pk_distance,no2_positive_turning,no2_power_bandwidth,no2_rms,no2_skewness,no2_slope,no2_spectral_centroid,no2_spectral_decrease,no2_spectral_distance,no2_spectral_entropy,no2_spectral_kurtosis,no2_spectral_positive_turning,no2_spectral_roll_off,no2_spectral_roll_on,no2_spectral_skewness,no2_spectral_slope,no2_spectral_spread,no2_spectral_variation,no2_spectrogram_mean_coeff,no2_sum_abs_diff,no2_wavelet_abs_mean,no2_wavelet_energy,no2_wavelet_entropy,no2_wavelet_std,no2_wavelet_var,no2_zero_cross,so2_abs_energy,so2_auc,so2_autocorr,so2_average_power,so2_calc_centroid,so2_calc_max,so2_calc_mean,so2_calc_median,so2_calc_min,so2_calc_std,so2_calc_var,so2_dfa,so2_distance,so2_ecdf,so2_ecdf_percentile,so2_ecdf_percentile_count,so2_ecdf_slope,so2_entropy,so2_fundamental_frequency,so2_higuchi_fractal_dimension,so2_hist_mode,so2_human_range_energy,so2_hurst_exponent,so2_interq_range,so2_kurtosis,so2_lempel_ziv,so2_lpcc,so2_max_frequency,so2_max_power_spectrum,so2_maximum_fractal_length,so2_mean_abs_deviation,so2_mean_abs_diff,so2_mean_diff,so2_median_abs_deviation,so2_median_abs_diff,so2_median_diff,so2_median_frequency,so2_mfcc,so2_mse,so2_negative_turning,so2_neighbourhood_peaks,so2_petrosian_fractal_dimension,so2_pk_pk_distance,so2_positive_turning,so2_power_bandwidth,so2_rms,so2_skewness,so2_slope,so2_spectral_centroid,so2_spectral_decrease,so2_spectral_distance,so2_spectral_entropy,so2_spectral_kurtosis,so2_spectral_positive_turning,so2_spectral_roll_off,so2_spectral_roll_on,so2_spectral_skewness,so2_spectral_slope,so2_spectral_spread,so2_spectral_variation,so2_spectrogram_mean_coeff,so2_sum_abs_diff,so2_wavelet_abs_mean,so2_wavelet_energy,so2_wavelet_entropy,so2_wavelet_std,so2_wavelet_var,so2_zero_cross,co_abs_energy,co_auc,co_autocorr,co_average_power,co_calc_centroid,co_calc_max,co_calc_mean,co_calc_median,co_calc_min,co_calc_std,co_calc_var,co_dfa,co_distance,co_ecdf,co_ecdf_percentile,co_ecdf_percentile_count,co_ecdf_slope,co_entropy,co_fundamental_frequency,co_higuchi_fractal_dimension,co_hist_mode,co_human_range_energy,co_hurst_exponent,co_interq_range,co_kurtosis,co_lempel_ziv,co_lpcc,co_max_frequency,co_max_power_spectrum,co_maximum_fractal_length,co_mean_abs_deviation,co_mean_abs_diff,co_mean_diff,co_median_abs_deviation,co_median_abs_diff,co_median_diff,co_median_frequency,co_mfcc,co_mse,co_negative_turning,co_neighbourhood_peaks,co_petrosian_fractal_dimension,co_pk_pk_distance,co_positive_turning,co_power_bandwidth,co_rms,co_skewness,co_slope,co_spectral_centroid,co_spectral_decrease,co_spectral_distance,co_spectral_entropy,co_spectral_kurtosis,co_spectral_positive_turning,co_spectral_roll_off,co_spectral_roll_on,co_spectral_skewness,co_spectral_slope,co_spectral_spread,co_spectral_variation,co_spectrogram_mean_coeff,co_sum_abs_diff,co_wavelet_abs_mean,co_wavelet_energy,co_wavelet_entropy,co_wavelet_std,co_wavelet_var,co_zero_cross
1,Muhammad Ali Murtadho,Baron Nganjuk,3.327523589e-07,0.010369545,17,9.116502e-10,203.67139246492795,5.51e-05,2.84003961748e-05,2.8125e-05,5.12e-06,1.01280278367e-05,1.025769e-10,1.0111873717963482,365.0000000088079,0.0150273224043715,2.84e-05,182.5,34722.222222222226,0.92873423435312,0.0027322404371584,1.840221776533581,2.7611e-05,0,0.8030928883290134,1.44999999999e-05,-0.4153972696574031,0.1721311475409836,0.7482000167589987,0.4344262295081967,122.0040479667109,-2.695205876984811,8.2249789483e-06,4.5636712328e-06,1.20547945e-08,7.1083333333e-06,2.5e-06,3.999999999e-07,0.040983606557377,24.36702200874977,1.283578783422216,67,16,1.0240409199302392,4.998e-05,68,0.3224043715846995,3.01522710712e-05,0.1027762045537706,2.85330786e-08,0.1200961779369639,-2.5271552246904143,-1.5898224673574453,0.6218784399985978,2.717229248164933,61,0.4344262295081967,0,1.0546673709344292,-0.0335215973267246,0.1503840144315744,0.2641218545859077,1.212041e-10,0.00166574,1.8356028364e-06,1.42750247139e-05,2.123943337276369,1.41399527067e-05,2.245286e-10,0,8.9794659848e-06,0.0385608673333325,2,2.46012766e-08,182.9778638300839,0.000417635,7.23644827413e-05,4.86166666666e-05,-0.000283754,0.0001389152320856,1.92974417e-08,0.8872548995897889,365.0000033396443,0.0150273224043715,7.40145e-05,182.5,2209.873123817718,0.9946242373471592,0.0027322404371584,1.9253324731598669,3.18710499999e-05,0,0.7473872987140817,0.0001788985,-0.148034878591444,0.1939890710382513,0.2578578293949241,0.4508196721311475,30.600468752022017,-1.3718210684380836,0.0001105740253421,9.07085945205e-05,-1.3514027397e-06,8.5129e-05,5.1e-05,-1.41e-06,0.1557377049180328,28.397766126407603,1.0014732015553434,73,19,1.025894029566716,0.000701389,73,0.4098360655737705,0.0001566335215329,0.3899757743138833,2.86438434e-08,0.1835318870526234,-0.3177817420817053,-10.63496447658748,0.8614126631277221,2.0536399704108823,61,0.4508196721311475,0.0,0.5054126183454414,-0.0171520535878306,0.1458135741452545,0.2038332759230355,3.13893752e-08,0.0331086369999999,9.0009622147e-06,0.0001916238555691,2.175885758242304,0.0001913565141092,3.77542329e-08,89,0.3392714662201309,11.038776230874896,5,0.0009295108663565,186.8840334749333,0.0390360428542217,0.0302479466285438,0.0304792828458601,0.0218767039477825,0.0034688534038565,1.20329439374e-05,0.7438919076540899,365.0013282384109,0.0150273224043715,0.0299602493435023,182.5,134.23098405539912,0.997832711681676,0.0027322404371584,1.8995776308092152,0.031314340346324,0,0.726390148511814,0.0046117799726152,-0.3632816693592495,0.180327868852459,0.8946490954183393,0.3633879781420765,56.67827792993572,-0.0454387340630363,0.0028004471298369,0.0020094676000254,2.07712587473e-05,0.0023046526799185,0.0015118463585775,-8.2877804598e-06,0.0,14.097727906016749,1.0225842601310813,73,18,1.026061871834679,0.0171593389064392,73,0.3278688524590163,0.0304462020485427,0.2016409918098248,5.7742917303e-06,0.0739472694583241,-7.492460601204667,-1267.0558921225386,0.7072994691025806,4.839768795208583,57,0.3633879781420765,0,1.6847533785374011,-0.0454302933336686,0.1226464589691342,0.4274315831945764,1.55220523974e-05,0.7334556740093006,0.0018689902152699,0.0079324636145467,2.138393941847053,0.0076847638186139,6.77700578574e-05,0
2,Ainur Raftuzzaki,Nunukan,1.71808593e-08,0.0017364465440687,2,7.15869e-11,124.29020548054916,1.80751376319e-05,7.0983023178e-06,7.3474584381e-06,-3.4221513942e-06,4.5720867337e-06,2.09039e-11,0.9084146605092835,240.00000000200288,0.0228215767634854,6.9736219603e-06,120.0,92234.96915438028,0.998951235783278,0.0124481327800829,1.882071406626117,8.4013575701e-06,0,0.790648105737277,5.9012752771e-06,-0.3595759861354328,0.2199170124481327,0.5095765097244831,0.4398340248962655,18.91769665198427,-3.048614141473494,3.6370572283e-06,2.9854004909e-06,1.43696543e-08,2.9805319057e-06,2.2858182904e-06,-2.966756337e-07,0.1078838174273859,24.869718660339004,1.1872799381781889,51,9,1.029626386862637,2.14972890262e-05,51,0.2780082987551867,8.4433330443e-06,-0.0932761294595819,-1.148235e-10,0.1443926504910408,-1.2744240846081234,-0.2185535350898767,0.829479405388002,2.6100306291502458,41,0.4398340248962655,0,0.8275681329280019,-0.0411430054655863,0.1414714071039173,0.5677374342045933,3.81782e-11,0.0007164961178325,6.587170674e-07,7.2922226754e-06,2.165031562561882,7.2556367347e-06,5.5649e-11,18,5.763841793e-07,0.0072653066443805,1,2.4016007e-09,127.15493128754616,0.000117966063223,-5.1288041404e-06,-3.8842772482e-06,-0.0001232692447956,4.86346683641e-05,2.3653309e-09,0.911903675000882,240.0000004313536,0.0228215767634854,-5.5784566939e-06,120.0,8651.353116141949,1.0000000000000004,0.0165975103734439,1.9944028595972931,-1.47133561872e-05,0,0.6432907440763695,5.88367438467e-05,-0.1780379984404945,0.2282157676348547,0.0861606686681436,0.4605809128630705,9.2059859264894,-1.889492906976124,3.80863019075e-05,4.62547027476e-05,5.709266739e-07,2.94658566417e-05,3.43534493367e-05,7.962834491e-07,0.2157676348547718,46.2170280116878,1.2499982053060776,66,13,1.0374718694981275,0.0002412353080186,66,0.4190871369294606,4.89043515323e-05,-0.132388190574983,3.43933512e-08,0.2276164797062309,-0.0436300241565006,-0.4552816204128043,0.900376496432392,1.954290696413956,41,0.4605809128630705,0.0207468879668049,0.2385309057980727,-0.0083986400364611,0.1375341318154515,0.2197488204620976,4.4438223e-09,0.0111011286594297,9.477312264e-07,4.89505249308e-05,2.187046428106364,4.893546257e-05,2.4374764e-09,95,0.1871509075537447,6.648377338680392,3,0.0007797954481406,122.31481879949892,0.0355846099627212,0.0276911273895262,0.027619332075119,0.0201615439685277,0.003124299325883,9.7612462777e-06,1.079313584786378,240.0005862354239,0.0228215767634854,0.0275364662920115,120.0,118.39944389604806,0.998951235783278,0.0082987551867219,1.805392033583715,0.0271019236659147,0,0.8379752596700264,0.0040628871529235,-0.5396636193542941,0.2033195020746888,0.8860414685979162,0.3319502074688796,25.831906172182386,-0.2958141249463302,0.0025507228332353,0.0016235023964289,-1.09239403779e-05,0.0020771492272614,0.0011156161804515,-8.88849018216e-05,0.0,9.791878577004846,0.9487232737006582,41,8,1.0240976835361808,0.0154230659941934,41,0.2738589211618257,0.0278668222512127,0.062393584200639,6.3648425377e-06,0.0609386848523875,-8.220340691723797,-502.95650366909575,0.7748036915144106,6.371277382952077,36,0.3319502074688796,0,2.035440732617265,-0.0739779179317739,0.1117255154003794,0.747500881040063,1.84038827343e-05,0.3896405751429433,0.0023094434798859,0.0084402587562913,2.1011772562779685,0.008086189166655,7.63069697079e-05,0
4,M. Hendrik Purwanto,"Sreseh, Sampang",3.913331547e-07,0.0098380946637067,12,1.0840253e-09,130.8084449465056,9.64603487841e-05,2.67820752747e-05,2.36771617125e-05,-2.40065011211e-05,1.90722641097e-05,3.637512e-10,1.2609600130603789,361.00000001682815,0.0151933701657458,2.45144266741e-05,180.5,29972.70790138262,1.0000000000000002,0.0027624309392265,1.716176370802316,1.81568963457e-05,0,0.8190570311064609,1.61279563314e-05,3.6851830326706025,0.1740331491712707,0.5752264218656662,0.4226519337016574,33.48706101891262,-2.570448058306892,1.28126370185e-05,6.5535956525e-06,2.33195424e-08,8.1662889186e-06,4.1377477984e-06,-4.796212172e-07,0.0359116022099447,19.816686855154376,0.9873922466447088,62,13,1.0224528264242383,0.0001204668499053,63,0.2790055248618784,3.28790330498e-05,1.5348098479166918,-4.77253435e-08,0.1138895593961632,-1.3149424346384375,-2.411063797869688,0.6338289570551313,3.2062583628976267,50,0.4226519337016574,0,1.1841449465025284,-0.0355049392892011,0.1402398830672452,0.2609689916289825,4.425169e-10,0.0023658480305815,1.1560979816e-06,2.84785574641e-05,2.0873769747074973,2.84541458738e-05,1.0264347e-09,10,6.9227290512e-06,0.034180198504217,4,1.91765347e-08,171.95273129153028,0.0003174672867339,6.9713539974e-06,1.93629445805e-05,-0.0003955764568981,0.0001381121324813,1.90749611e-08,1.071399406410595,361.00000216458375,0.0151933701657458,1.7094624351e-05,180.5,3334.6842067059342,1.0000000000000002,0.0027624309392265,1.846440398075159,6.79019764626e-05,0,0.7985895215098788,0.0001538141382817,0.5744314269872453,0.1988950276243093,0.2219732633802595,0.4419889502762431,47.32898846954289,-1.4382277040464715,0.0001053881121067,8.39629299526e-05,-5.019766801e-07,7.57234168174e-05,6.3284934869e-05,8.0297890702e-06,0.1381215469613259,22.397461878535527,1.5112716291856865,83,15,1.0292582371547827,0.000713043743632,82,0.2928176795580111,0.000138287963739,-0.6907077520946509,1.962662984e-07,0.1737616146181811,0.0314858705942616,-9.72542389353264,0.7662719669555104,2.1920667059716887,59,0.4419889502762431,0.0082872928176795,0.6216333985548732,-0.019887080171658,0.1427255215515815,0.2299299578428302,3.633302e-08,0.0303106177129111,1.2736225379e-06,0.0002304322901942,2.132984726720488,0.0002304282004333,6.04076347e-08,110,0.3242770555237964,10.654942255875785,6,0.0008982743920326,169.8326873044249,0.0417293726444658,0.0295156857642976,0.0291100936010479,0.0165572773066885,0.0049615788740529,2.46172649234e-05,1.2024314600518566,361.0014885758901,0.0151933701657458,0.0294150281697511,180.5,76.57948751011985,0.9984546721760592,0.0027624309392265,1.812044897771425,0.0278847202086883,0,0.8516533140018788,0.006261831856017,0.0345871333149339,0.1795580110497237,0.902150692192793,0.356353591160221,70.29002659313143,0.028327941499399,0.0038984716238779,0.0021067780886413,7.226965145e-06,0.0030903670426053,0.0013911211821374,6.15425185136e-05,0.0027624309392265,2.626492444391183,1.4544841363555188,57,17,1.0205511945101229,0.0251720953377772,56,0.1850828729281768,0.0299298007186852,0.3079184756895005,-1.37320831433e-05,0.0705032029353156,-5.563309718633067,-1411.163830073206,0.6812994610327332,5.513730923503911,54,0.356353591160221,0,1.844510982652664,-0.046822439587401,0.1166725974662128,0.4240243101388041,3.80939369912e-05,0.7605468899995154,0.001695801259075,0.0097226858163309,2.109666275882506,0.009555262584779,0.0001044719065573,0
6,Okan Syailendra wahyudi,"Manyar, Gresik",2.4319998528e-06,0.0260152002050257,6,6.6813182e-09,196.79060293482,0.0002321393592696,7.14093714854e-05,6.23918313067e-05,1.259233798e-05,3.95438359237e-05,1.5637149e-09,1.1838594202327422,364.0000001092969,0.0150684931506849,6.98446510796e-05,182.5,9196.717127419324,0.9993562486743118,0.0027397260273972,1.8249357295823945,4.55243911735e-05,0,0.8440766519744421,4.41800561207e-05,1.85659308900632,0.1643835616438356,0.629560509642502,0.421917808219178,81.65964124871539,-2.0879195349003115,3.03914012983e-05,1.63771253562e-05,-1.4592692e-09,2.11454518657e-05,1.01352983013e-05,-1.7771526e-09,0.0575342465753424,9.987215678491998,1.1664807894124445,58,15,1.0208747323118263,0.0002195470212895,58,0.2027397260273972,8.16272827889e-05,1.2701440846384964,4.52703691e-08,0.1189367177381654,-1.5385354976378518,-5.65852188138452,0.7011781712675884,3.242638159265512,54,0.421917808219178,0,1.1584238723826714,-0.034011998972635,0.1380817546367426,0.3660228151701372,2.2649999e-09,0.0059612736296637,3.5023732185e-06,5.95856661092e-05,2.140971357480129,5.94549639119e-05,3.8352817e-09,0,2.30675933772e-05,0.0586622580934982,1,6.33725092e-08,208.34009500416943,0.0008089543514441,0.0001607185153246,8.45602407103e-05,0.0,0.0001933091948071,3.73684447e-08,0.7395476908881421,364.00000892915534,0.0150684931506849,0.0001573563204146,182.5,1264.7760386570174,0.7088800987954014,0.0054794520547945,1.9084979840863527,4.04477175722e-05,0,0.7905682390613711,0.0002833209146046,0.8183613833634737,0.1945205479452054,0.3695290807109643,0.4547945205479452,33.76913867333641,-1.261229684455487,0.0001584679417115,0.0001352148149739,5.957154793876398e-22,8.45602407103e-05,5.62147324671e-05,0.0,0.1671232876712328,39.05277635252818,0.9648204955494308,46,16,1.0299859861819805,0.0008089543514441,73,0.3972602739726028,0.0002513938860933,1.2331202577298142,1.782386479e-07,0.1926811244775056,-0.5448131205298002,-13.237235272353692,0.8836194538508264,1.8531659601893853,60,0.4547945205479452,0.0,0.3665832486679617,-0.0147741832483851,0.1530326010045849,0.3843243736492189,6.55415334e-08,0.0492181926505059,9.183716782e-06,0.0002503816015329,2.1651380806803764,0.000250179594815,6.49680435e-08,104,0.3063613033152954,10.485639256170105,2,0.0008416519321848,181.1019263562882,0.0364875681698322,0.0288164875986184,0.0289080577592054,0.0211124308407306,0.0029926708738066,8.9560789589e-06,1.0020994321959074,364.0011618296052,0.0150684931506849,0.0287195723503827,182.5,132.20178301086608,1.0000000000000002,0.0027397260273972,1.883962741501632,0.0295687563717364,0,0.8124983099949629,0.0041035506874322,-0.1773287533420928,0.1890410958904109,0.9012194189873696,0.3726027397260274,19.21323967127218,-0.0668330533343258,0.0023646215535405,0.0017767460971625,2.25761035395e-05,0.0019991633792719,0.0011622738093138,6.42742138926e-05,0.0,11.006157766192295,1.3329878495887282,72,18,1.0252995825509506,0.0153751373291016,71,0.2876712328767123,0.0289714693531457,0.0518016267706456,-1.4053939151e-06,0.0770167641713234,-7.354191153464621,-1186.2263785686646,0.8324788391400435,4.535204457794475,62,0.3726027397260274,0,1.6276016072794484,-0.0449477211181602,0.1250788201037371,0.6638659479941964,1.47746074387e-05,0.6467355793671813,0.0016714923899166,0.0076021077198497,2.132205622234899,0.0073921179989172,6.1459163606e-05,0
9,Muhammad Zaidan Nabil Rafi,"Kamal, Bangkalan",4.4099918125e-06,0.0485032704410164,2,7.5903473e-09,325.271345384921,0.0001552870037173,8.34951375486e-05,9.71888639043e-05,-3.0223736634e-06,2.46143764008e-05,6.058675e-10,0.7220631110619754,581.0000001852637,0.0094501718213058,7.83569065117e-05,290.5,0.0,0.6380011909576067,0.0017182130584192,1.953836629371397,9.9878721634e-05,0,0.8826143791531511,3.28771253906e-05,0.5018835076648505,0.1391752577319587,0.7696386372402606,0.4570446735395189,121.37916260720496,-2.057348973675767,2.02113622753e-05,1.39850051644e-05,2.16497473e-08,1.00687396872e-05,4.3249350069e-06,0.0,0.1185567010309278,40.409714970646405,0.03711392554335,100,17,1.0207467815058415,0.0001583093773807,100,0.4243986254295532,8.70477197856e-05,-0.2654817030596744,6.65510609e-08,0.1586700677334442,-2.2281417045033693,-9.713451017647284,0.7583124554624397,2.0225308739277703,87,0.4570446735395189,0,0.6096603359384519,-0.0149106607824027,0.1596045589332478,0.3524329791180073,8.079501e-10,0.0081252880005557,3.3356448915e-06,2.96969377157e-05,2.1761919151119584,2.94616644998e-05,9.021917e-10,2,6.39354572938e-05,0.1470354837688201,9,1.100438163e-07,276.2567585240652,0.0007978355279198,0.0001396342034625,0.0002955665979009,-0.0014661409975447,0.0003005944557733,9.03570268e-08,1.1371601325265497,581.0000106533562,0.0094501718213058,0.0001221207268846,290.5,49707.95349440459,0.6814802494735578,0.0017182130584192,1.825843871941898,0.0002318413965537,0,0.9412177446413884,0.0002822565759953,7.628754066588289,0.1357388316151202,0.3681784286732746,0.4536082474226804,101.15476511815704,-1.1187333395269214,0.0002153008739677,9.94434036957e-05,-8.282248356e-07,0.0001067904660652,2.94208412909e-05,0.0,0.0996563573883161,7.585157624071875,0.379878651284212,62,17,1.0131155746254084,0.0022639765254646,62,0.1219931271477663,0.0003314434154094,-2.081636219341874,-4.196984103e-07,0.1532509452802618,-0.2823085890481996,-83.2728285265915,0.7052687622968081,2.275054236165293,97,0.4536082474226804,0.0,0.7730655084907201,-0.0157953947861669,0.1505513910913521,0.0878405440429366,1.17930733e-07,0.0577766175472334,8.5754931589e-06,0.0004628636203066,2.105326386009261,0.0004627775457528,2.552164775e-07,87,0.4366131761073257,15.699891075006269,6,0.0007514856731623,318.04944157881806,0.0469290617726595,0.0270266362894851,0.0252764555714928,0.0201324615627406,0.0044447037630639,1.97553915413e-05,0.9980845340838947,581.0019394433739,0.0094501718213058,0.0271055999004212,290.5,56.52123574096921,0.6814802494735578,0.0017182130584192,1.8808823957153007,0.0241519515942284,0,0.9059368451894928,0.0060547678731345,2.21840302690587,0.1391752577319587,0.9298247909089028,0.3694158075601375,108.28325302667812,0.1080616776783027,0.003591010572342,0.0014928679423993,2.04567511392e-05,0.0016078963033901,0.0005538979022923,0.0,0.0120274914089347,3.090638184588631,0.4038880971244529,66,14,1.0138287651311852,0.0267966002099189,65,0.2302405498281787,0.0273896779949218,1.38752092513832,1.31678651028e-05,0.0818872494477093,-4.773506109429095,-3535.9170514679554,0.6995363507724454,4.807213046325495,101,0.3694158075601375,0,1.637739378405617,-0.0274463380676328,0.122486831809107,0.4353013443979426,2.28575137253e-05,0.8673562745340027,0.001001509258775,0.0077911245996423,2.134624396045938,0.00771707548722,6.6325857511e-05,0
10,Triswanti Jannatul Ma'wa,Kedungpring Lamongan,3.953900564e-07,0.0109887396560913,7,1.0832604e-09,189.51231388036803,6.1189651741e-05,2.99573673939e-05,2.98442896564e-05,-4.6229104932e-06,1.35224568628e-05,1.828568e-10,1.0534480883469892,365.00000001376793,0.0150273224043715,3.04508603414e-05,182.5,27313.989050671666,1.0000000000000002,0.0027322404371584,1.8430671456669212,3.15739987356e-05,0,0.8257947479436081,1.75482611135e-05,-0.1217304410332689,0.1857923497267759,0.6664725268066105,0.407103825136612,71.71957256728422,-2.4895129695884224,1.0667706925e-05,6.2347849155e-06,-6.45541364e-08,8.5866706943e-06,4.193243017e-06,4.47586085e-08,0.0573770491803278,11.61451944105921,1.2780717017446908,59,16,1.0209810373074868,6.58125622342e-05,59,0.2158469945355191,3.28679281486e-05,-0.0860728457168729,1.50353664e-08,0.1139697535156378,-1.900338538365122,-2.145132318306142,0.7107356837935989,3.268421311010076,64,0.407103825136612,0,1.1276101369081868,-0.0351025171891491,0.1322533547410206,0.4233660915676981,2.744569e-10,0.0022756964941576,1.571240228e-06,2.12401767712e-05,2.1416839414299216,2.1170189656e-05,4.945346e-10,4,1.37371424519e-05,0.0497617591265864,2,3.76360067e-08,196.4852211987643,0.0005416620551841,6.66131856465e-05,4.48360988229e-05,-0.0003685372357722,0.000181922674772,3.30958595e-08,0.9251997818342256,365.000005252052,0.0150273224043715,6.4760806064e-05,182.5,1862.128411448061,0.9993583051330966,0.0054644808743169,1.9195008845488413,-4.99674839374e-05,0,0.7550284003569331,0.0002407643013133,-0.2912374482569286,0.1912568306010929,0.1785047245225056,0.4426229508196721,27.31238677265132,-1.2194894752826024,0.000147165439942,0.0001233544701518,6.017587821e-07,0.0001174333761343,8.27803443189e-05,-4.4154629581e-06,0.1448087431693989,18.503157779237277,1.2416034719079905,65,15,1.0233639230973226,0.0009101992909563,66,0.3114754098360655,0.0001937348086901,0.2562828387326312,1.398370814e-07,0.175932759932017,-0.2269284174228725,-14.728972025499557,0.8520145415600942,2.2455451903038064,56,0.4426229508196721,0.0027322404371584,0.6116272854510434,-0.0191130034299988,0.1391482330985996,0.2060381901054,6.27133521e-08,0.0450243816054208,1.7408577345e-06,0.0002713988616957,2.1761088675245563,0.0002713929523692,7.62561754e-08,98,0.3296454420534642,10.836745647670908,4,0.0009031381974067,183.342698443572,0.0402699861673381,0.0296891708780618,0.0293204588815569,0.0184853514821553,0.0043844884851828,1.92237392767e-05,0.9811978804454264,365.0017910621459,0.0150273224043715,0.0298738431200308,182.5,81.34503892621669,1.0000000000000002,0.0027322404371584,1.8698658250981712,0.0282884370904875,0,0.771261521172816,0.0055871975618168,-0.0389207809959715,0.1857923497267759,0.9003491995805907,0.3879781420765027,24.011756811292123,0.0720545198336842,0.0033893072565927,0.0022795153271345,-2.0458477435e-06,0.0026874584145844,0.0016363264067704,7.146384505e-07,0.0027322404371584,4.36913463434277,1.0876186279558655,70,16,1.0247162362808873,0.0217846346851828,70,0.2486338797814207,0.0300111746971599,0.1826007066902971,1.355248701e-06,0.0814620941242969,-5.69178206590485,-1353.6001068785472,0.7631751725208806,4.65488099828226,52,0.3879781420765027,0,1.6458281171545233,-0.043491097685434,0.1270661619692485,0.6083268926244493,3.20682140875e-05,0.8320230944041258,0.0017804321570796,0.0094970987873932,2.1464792584585632,0.0092976097013836,9.51037235736e-05,0
11,Ahmad Syahrul Farihin,"Gresik Kota, Gresik",1.7855302409e-06,0.0235212818465592,3,4.8918636e-09,173.3307679083775,0.0001627003261575,6.43689449732e-05,6.29246347077e-05,5.5649194827e-06,2.71134071828e-05,7.351368e-10,1.1051836526245444,365.0000000762287,0.0150273224043715,6.22163711289e-05,182.5,13970.928524087836,1.0000000000000002,0.0054644808743169,1.8611180691288864,7.62758524864e-05,0,0.833549848230054,3.64808745553e-05,0.1132334869442091,0.1775956284153005,0.655628423722377,0.4344262295081967,36.59922727009176,-2.124547282128795,2.18010608356e-05,1.41391355539e-05,7.3537356e-08,1.83539123114e-05,9.1640487397e-06,6.85257975e-08,0.0655737704918032,11.938683197928476,1.0752368864642137,64,13,1.0226852345613489,0.0001571354066748,64,0.2732240437158469,6.98462448957e-05,0.489608609098774,-3.20266255e-08,0.1247098779993018,-1.891828385463148,-4.32541534459175,0.7915660024967995,3.039421477727699,61,0.4344262295081967,0,1.112052850066372,-0.0323310350074657,0.1429475351901568,0.6767785044966517,1.4004242e-09,0.0051607844772056,2.9845966401e-06,4.6011547754e-05,2.1464257961588395,4.58848617502e-05,2.2563306e-09,0,6.42525982008e-05,0.1053259023066943,3,1.760345156e-07,171.6819697878883,0.0012831689212675,0.0001828929758605,0.0001442262946511,-0.0012012734671546,0.0003769664525892,1.421037063e-07,0.913260486374631,365.0000175721024,0.0150273224043715,0.0002058896637782,182.5,921.0873712622856,1.0000000000000002,0.0054644808743169,1.8910177780384128,0.0001651698464775,0,0.7763876460022319,0.0004732207440818,0.9018808497762288,0.1939890710382513,0.270376354422211,0.4508196721311475,23.03096534791099,-0.9511964815411796,0.0002907664518606,0.0002302471396168,-7.706171034e-07,0.0002248290143937,0.0001598193871354,8.2830485039e-06,0.1174863387978142,19.253276503030424,1.2007424318276771,76,13,1.0265647814982015,0.0024844423884221,75,0.2322404371584699,0.000418991106107,0.0830993829944425,-1.3915311e-08,0.1653736967421511,-0.3174854021992048,-34.37934627149613,0.8283636019136281,2.3461272862010527,59,0.4508196721311475,0.0,0.7373687507278418,-0.0218377628618373,0.1435598367800298,0.2403408267783378,2.510980032e-07,0.0840402059601627,8.8113844978e-06,0.0005976862442525,2.161237149883381,0.000597595744692,3.750894207e-07,101,0.3119931732607665,10.567486720353944,3,0.0008547758171527,181.2407367861872,0.0407764710413192,0.0289559623440489,0.0287259447121246,0.0148152347188669,0.0037406695698066,1.39926088304e-05,0.951447991371404,365.0015794437877,0.0150273224043715,0.0288844993810378,182.5,112.69557740878,1.0000000000000002,0.0027322404371584,1.8759685227418008,0.0290939146962157,0,0.7458520151850285,0.0044271189535825,1.0752156759631788,0.1885245901639344,0.89118962444398,0.3879781420765027,26.02270577982441,0.0205516713980189,0.002866313253572,0.002073341614209,1.55937334854e-05,0.0022092214396003,0.0013507526899035,-0.000118873533859,0.0,11.849322428716832,1.3424034866763723,64,17,1.0226852345613489,0.0259612363224523,64,0.1857923497267759,0.029196581376943,0.1604187161142294,-1.8580081616e-06,0.0817912868108753,-6.056595558519487,-1279.3795457473614,0.8171098186133381,4.600352359333133,53,0.3879781420765027,0,1.6190001446500428,-0.0434061497254192,0.1269077472896185,0.695984398248631,2.41056832627e-05,0.756769689186304,0.0017046613950281,0.0084201368023235,2.1455915887332924,0.0082183348410078,7.46306223841e-05,0
12,Rian Renaldy,"Waru, Pamekasan",1.326685376e-07,0.0060697902105357,4,3.634754e-10,160.17472375312624,4.17974673477e-05,1.51706884689e-05,1.56777217688e-05,-3.69728454714e-05,1.15035887751e-05,1.323325e-10,1.3099283462030278,365.000000008066,0.0150273224043715,1.53344690626e-05,182.5,44001.7063665803,1.0000000000000002,0.0027322404371584,1.815308309831289,1.4227857861e-05,0,0.8075017548774023,1.19991851438e-05,2.424443994594328,0.1857923497267759,0.5466228616015074,0.3879781420765027,35.3299282461505,-2.586085218572986,8.3841994728e-06,4.9465748276e-06,7.2239328e-09,6.010411457e-06,3.5880995652e-06,-2.816564422e-07,0.0655737704918032,0.0077737956062036,1.2080625403156835,61,15,1.0216640049759071,7.87703128192e-05,61,0.1885245901639344,1.90389690721e-05,-0.6984088427334377,-1.76813225e-08,0.1123493950839334,-1.1064296476698208,-1.6443497985089215,0.7410493487372024,3.6961803101187383,59,0.3879781420765027,0,1.2553167354153942,-0.0355206496352153,0.1251627727939583,0.3581131576093459,2.377128e-10,0.0018054998120935,6.737821669e-07,1.90934223421e-05,2.143290235142557,1.9078863393e-05,3.955639e-10,18,1.52893782271e-05,0.0467052237511101,5,4.18887074e-08,131.4649695231173,0.0003481072461553,-3.50796919279e-05,-6.419843145e-07,-0.000822607789175,0.0002013545943489,4.05436726e-08,1.1863201069955729,365.0000018242456,0.0150273224043715,-9.8839304426e-06,182.5,2994.8070255594907,1.0000000000000002,0.0081967213114754,1.818534158637641,5.54284873227e-05,0,0.8345723521215607,0.0001861417921948,3.027289283851609,0.1775956284153005,0.3240315672194453,0.412568306010929,42.47687511207644,-1.3699359002704328,0.0001411782793556,7.64980073157e-05,1.875959846e-07,9.36017562511e-05,6.28769449555e-05,2.9898638618e-06,0.0792349726775956,-2.0007426616521387,1.2296438892939103,68,16,1.0238718287035204,0.0011707150353303,67,0.1666666666666666,0.0002043875178458,-1.439328776853637,3.246672881e-07,0.1237478038052636,-0.0701129673159569,-20.956527099765903,0.694038404802019,3.613823095058825,53,0.412568306010929,0.0027322404371584,1.2566011486761104,-0.0325792976314502,0.126829046137908,0.1338358730727959,6.74452947e-08,0.0279217726702539,3.637217153e-07,0.0003532555527876,2.1348386481717294,0.0003532553350698,1.409953849e-07,101,0.2749067356406048,9.926490298259436,2,0.0007531691387413,178.71321069199047,0.038077712831346,0.027198804987145,0.0272391885519027,0.0188216128503056,0.0033669432480732,1.13363068357e-05,0.9460477963220542,365.0015579492764,0.0150273224043715,0.0271060301227276,182.5,127.1433049861589,1.0000000000000002,0.0027322404371584,1.90925818716222,0.0274868578417738,0,0.7311574180964892,0.004215733945519,0.0800073550419311,0.1967213114754098,0.8941480905458864,0.3852459016393442,22.07549067653928,0.0221458667098179,0.0026526512407995,0.0021059450018472,-1.604650935e-06,0.0021116311351458,0.0014329832596404,7.51990841797e-05,0.0,12.881690048998154,1.238780945014827,69,15,1.0243787874691417,0.0192560999810403,69,0.3087431693989071,0.0274064098262522,0.150644943045829,-4.3827737406e-06,0.0829773062036306,-6.314083560569995,-1170.1683301074308,0.8189803968143076,4.373014957489186,60,0.3852459016393442,0,1.5619181725531466,-0.0431000981876412,0.1275014832231025,0.6630755979564861,2.10056415942e-05,0.7686699256742435,0.001575139387122,0.007681653265773,2.152657057744636,0.0074925237879575,6.1762473257e-05,0
13,Ahmad Dafi Zidni Alfarisi,"Paciran, Lamongan",3.299168882e-07,0.0104480197786376,3,9.038818e-10,200.71939045438344,5.21353100945e-05,2.86139948572e-05,2.81072484661e-05,8.7809139586e-06,9.0912904124e-06,8.26515e-11,0.8425748165205084,365.0000000117232,0.0150273224043715,2.85780456579e-05,182.5,39712.9458934257,0.9993583051330968,0.0027322404371584,1.9313866962409096,2.39549526061e-05,0,0.7591297325178078,1.19351885285e-05,-0.2595859509609579,0.1830601092896175,0.7044694892076478,0.4344262295081967,37.80992341624327,-2.565321563257985,7.3411587854e-06,5.5021159048e-06,-4.36507501e-08,5.954464256e-06,3.5007137436e-06,0.0,0.0683060109289617,22.57506106711254,1.399266349045769,72,18,1.025726084160307,4.33543961359e-05,73,0.3251366120218579,3.0023528491e-05,0.2549902340075826,2.34023085e-08,0.1320447470104218,-2.391653399521448,-1.5273885760573045,0.785395211554116,2.610216709958237,58,0.4344262295081967,0,0.9271905674734232,-0.0304382767996608,0.1487626921003056,0.3973000312935644,1.158322e-10,0.0020082723052704,1.9568406758e-06,1.47562167023e-05,2.1594320183101816,1.45959227382e-05,2.284453e-10,0,6.6852985042e-06,0.0332921725777377,2,1.83158863e-08,176.4650520270597,0.0003583118595997,3.01259281362e-05,2.74115838389e-05,-0.0002958626959281,0.0001317507926413,1.73582713e-08,0.81569159132555,365.0000036576957,0.0150273224043715,2.62346106817e-05,182.5,3011.6069357202564,0.9993583051330966,0.0027322404371584,1.954140165602924,-1.4841459405e-06,0,0.7233579859985434,0.0001623341622042,-0.1768676543197584,0.2049180327868852,0.1184112663110474,0.4590163934426229,12.07325932256114,-1.3234428991163338,0.0001035518233813,0.0001094478155366,7.101833433e-07,8.13373580209e-05,8.87814429309e-05,7.1070547467e-06,0.1830601092896175,30.83111237622708,1.241251731963701,83,18,1.0292315011315836,0.0006541745555278,83,0.4153005464480874,0.0001351511853728,0.0537304659022386,1.838146839e-07,0.2004694399118531,-0.1153729607259204,-7.478488639842974,0.885469649935053,1.9478999417496967,57,0.4590163934426229,0.0081967213114754,0.402744419456374,-0.0127813290192209,0.1451422132729015,0.2059521477196195,3.25567946e-08,0.0399484526708614,2.9752833126e-06,0.0001834804936036,2.182213578116313,0.0001834479063832,3.45906529e-08,127,0.3242475925336672,10.79849177655149,5,0.0008883495685853,185.78688307106404,0.0383267900324426,0.0295833669222116,0.0293240182412167,0.0211945009767076,0.0032782290215243,1.07467855175e-05,0.9756851721559532,365.0012194960625,0.0150273224043715,0.0295824785147689,182.5,99.6778064471113,0.9956333817835769,0.0027322404371584,1.8467762415395443,0.0289040310517883,0,0.7707696006965989,0.0045045331741372,-0.1144789542912589,0.180327868852459,0.9085098587926398,0.412568306010929,31.814459797149443,-0.0956008851401476,0.002629192275805,0.0018491032792795,1.26787133889e-05,0.0021701177271703,0.0012199745203058,0.0,0.0,16.070652364958885,1.298835456702367,71,14,1.025894029566716,0.017132289055735,73,0.3907103825136612,0.029764448322987,0.0560773624690836,4.6230442658e-06,0.0770714461659135,-7.300943374921923,-1231.7293309417155,0.7777672754567873,5.023700799603125,56,0.412568306010929,0,1.7697234970977396,-0.0446241015534258,0.1317193201134218,0.6083374709298369,1.60187053743e-05,0.6749226969370412,0.0018131331473459,0.0079968052340525,2.115873441780022,0.0077685933687086,7.04003492395e-05,0
14,AHMAD MAULANA ISHAQ,"Kertosono, Nganjuk",3.478568419e-07,0.0108144511101644,3,9.530324e-10,170.54160139981573,5.62762065783e-05,2.96162537377e-05,2.91574085895e-05,8.8970731667e-06,8.5618949172e-06,7.3306e-11,0.9519790925450758,365.0000000104456,0.0150273224043715,2.98753256894e-05,182.5,38659.103547781546,0.9993583051330968,0.0054644808743169,1.891324647880454,2.54797698607e-05,0,0.833773355160119,1.22274527806e-05,-0.1421033819161796,0.1830601092896175,0.7503018679317912,0.4426229508196721,25.951781738276804,-2.600423589106985,6.9154721425e-06,5.5211497605e-06,-4.09379172e-08,6.0043591901e-06,3.9558232553e-06,-2.857613513e-07,0.0601092896174863,21.695188133102796,1.0037212620618727,71,17,1.025053267749791,4.73791334115e-05,70,0.4043715846994535,3.08290209061e-05,0.3017019276360327,-1.5518879e-08,0.1266479073544441,-2.609257699265156,-1.563790748337233,0.8172253175249986,2.6849030303905947,66,0.4426229508196721,0,0.9933920462940304,-0.0318309277849166,0.1488700078890635,0.6305670433801537,1.291916e-10,0.0020152196626105,1.4126608162e-06,1.35019793539e-05,2.154548350845133,1.34056313447e-05,1.910147e-10,0,9.8997802851e-06,0.0376965083274574,1,2.71226857e-08,175.4652467137964,0.0005145684717717,8.39914301272e-05,5.98839541713e-05,-0.0002652334114827,0.00014140021103,1.99940196e-08,0.7385726512462706,365.0000056151987,0.0150273224043715,8.43881315404e-05,182.5,2550.970224078247,0.9993583051330966,0.0081967213114754,1.957387022090468,7.6972476563e-06,0,0.7377088187134528,0.0001652950333172,0.6392959195269783,0.2021857923497267,0.2298962593310418,0.4672131147540984,19.119857176892843,-1.3043498699196303,0.0001091133017001,0.0001206589769952,-1.3162521261e-06,7.94886784849e-05,7.21126728941e-05,-4.7796887656e-06,0.2049180327868852,39.2353604919709,1.4303518578022214,85,15,1.029894161598229,0.0007798018832544,85,0.4289617486338798,0.0001644645250933,0.7705267221785461,-4.37675355e-08,0.2138573596888466,-0.3801339821445599,-6.322349043340829,0.9059754099570108,1.7656982260899854,62,0.4672131147540984,0.0,0.2041567145222118,-0.0093265849733599,0.1522807957465367,0.3927860076720284,3.62494047e-08,0.0440405266032758,4.7303851401e-06,0.000184944685595,2.17617028236056,0.0001848786736392,3.52211472e-08,108,0.3360731910186898,10.977825811861198,2,0.0009207484685443,187.0643313926878,0.0414377362467348,0.0300795105060926,0.029660247835896,0.0195518764667212,0.0036682161959194,1.345581006e-05,0.7506194135987463,365.00200316812135,0.0150273224043715,0.0301469219848513,182.5,92.00690997506182,0.9984744065485794,0.0027322404371584,1.916075530532833,0.0294005133677273,0,0.7131994536096845,0.0047674685289772,0.0964692583597992,0.1830601092896175,0.883534868827935,0.4016393442622951,37.63707407107954,0.0115311712254358,0.0028956047169694,0.0023747519727077,1.97014254709e-05,0.0023576373738857,0.0016904908698053,-0.0001535021699965,0.0,16.88078786176253,1.2026455594294247,79,21,1.0279013777389103,0.0218858597800136,79,0.3961748633879781,0.0303023557227181,0.3363275555390012,5.9858261288e-06,0.0853699620009532,-6.6062763078115125,-1247.1908044665051,0.7658302815326086,4.096493746523212,59,0.4016393442622951,0,1.506089336853413,-0.0424826749055119,0.1333398214923784,0.4816912695096551,1.8363186656e-05,0.8667844700383119,0.0018458148191245,0.007962466267805,2.1427917578973457,0.0077190555035583,6.77629965941e-05,0
15,Rahardian Ananta,"Jabon, Sidoarjo",3.684857052090955e-07,0.0115293144828891,51,1.0095498772851932e-09,184.00205657297516,3.516157595655019e-05,3.156838342564506e-05,3.23291081658284e-05,2.218916825300868e-05,3.198235791589526e-06,1.0228712178604283e-11,2.0853521546027367,365.0000000000009,0.0150273224043715,3.1652483569230524e-05,182.5,119537.9557164338,1.0000000000000002,0.0027322404371584,1.0309590715307346,3.451295557137311e-05,0,0.9956018669241138,5.104432505802125e-06,-0.0955834902796444,0.1010928961748633,1.05462864893384,0.0628415300546448,165.16187508463105,-4.66522474170623,2.6778221864935303e-06,5.724780854602629e-08,1.3833877500776508e-08,2.3606179139470413e-06,4.8812819174790636e-08,-1.3405407037958483e-08,0.0,-0.8328247204495188,0.2833033417771173,0,1,1.0001850871479696,1.2972407703541513e-05,1,0.0054644808743169,3.1729978636726914e-05,-0.8201169406383004,3.0274728149195926e-09,0.0126515177185763,-27.59209235701124,-1.2180838498395987,0.124193401143757,38.61735665874115,0,0.0628415300546448,0,5.7783281898689305,-0.0612476224547598,0.056729571499671,0.0469918390948116,2.175588947993321e-12,2.08954501192996e-05,1.489251925391233e-06,5.159727237879027e-06,1.924511012726211,4.928371736695275e-06,3.022770286394699e-11,0,7.24738562307265e-06,0.0486947596454086,85,1.9855851022116852e-08,231.89314450819063,0.0001924058918037,0.0001333033718363,0.0001387595109785,6.808540181008553e-05,4.50756155820926e-05,2.0318111201045886e-09,1.991805919144399,365.0000000000948,0.0150273224043715,0.0001299234592038,182.5,6402.137421848069,1.0000000000000002,0.0027322404371584,1.030933901290304,7.430142630976839e-05,0,0.9934071056751128,9.347740027467027e-05,-1.5082222289109306,0.1038251366120218,1.0832166113160062,0.0683060109289617,189.6277845800384,-3.642839750456325,4.058000737847778e-05,6.040048518575074e-07,7.72033124912999e-08,4.387687582069277e-05,5.935660250466703e-07,2.967497794337829e-07,0.0,-0.5112452741879375,0.3051318643561432,1,1,1.000370040760988,0.0001243204899936,1,0.0054644808743169,0.0001407181582562,-0.152256259476583,3.4892945139952374e-07,0.0136711815843471,-12.420889654047656,-6.12944980452932,0.0501578903855675,37.08368516582696,0,0.0683060109289617,0.0,5.65495599943866,-0.0609844988532049,0.0577120820321513,0.0034345726286514,1.3977335802343347e-10,0.0002204617709279,5.81645478019714e-06,1.9535941381497804e-05,1.9014671955453,1.860094338791451e-05,4.303938316855783e-10,0,0.3154482637827231,10.707546514729476,45,0.0008642418185828,185.01526633130072,0.0328687961583412,0.0293408644032483,0.029182695270652,0.0283085104331825,0.0009970848553558,9.941782087799762e-07,1.9742499571613752,365.0000001057768,0.0150273224043715,0.0290655271338462,182.5,538.8696542510304,1.0000000000000002,0.0027322404371584,1.040276420260443,0.0285365247194405,0,0.994313048542618,0.001085104473804,2.2034539393890658,0.1010928961748633,0.9618543944700204,0.0300546448087431,128.77509772209615,-2.2007302475692105,0.0007289307109611,1.653302842310038e-05,9.09007835018747e-06,0.0004836601896373,9.867665154979915e-06,9.844413981219269e-08,0.0,-0.7318896557215959,0.2828569105489485,1,1,1.000370040760988,0.0045602857251586,1,0.0054644808743169,0.0293578013846164,1.5197007453346842,3.129229507474108e-06,0.0095726503763957,-52.40180384413879,-1054.779531021543,0.2876382813754022,50.75625964965016,0,0.0300546448087431,0,6.659696786864246,-0.0620421221825423,0.0499906022945959,0.174525846543046,1.2316340495430714e-07,0.0060345553744316,0.0018034370474624,0.0067140657964639,1.9268524796626323,0.0064565177876666,5.236578121848451e-05,0
16,Verdi Setyawan Ardiansyah Putra,"Menganti, Gresik",9.892897512e-07,0.0173522095382544,3,2.7103828e-09,181.60398737307892,0.0001034645186986,4.75183347038e-05,4.46771110676e-05,2.5832584238e-06,2.10946753815e-05,4.449853e-10,0.933399643064596,365.00000003761056,0.0150273224043715,4.80301395877e-05,182.5,13318.219075978524,1.0000000000000002,0.0027322404371584,1.888522567548215,2.78035734925e-05,0,0.8324269282308179,3.29575129286e-05,-0.6134497011648921,0.1830601092896175,0.6503358169566822,0.3907103825136612,57.210517152679714,-2.23816184369312,1.75964462628e-05,1.04438896684e-05,5.937909e-08,1.58609495601e-05,7.7203084369e-06,4.402744073e-07,0.0683060109289617,5.49901570627372,0.9612402368909628,61,15,1.0216640049759071,0.0001008812602747,61,0.2349726775956284,5.19901669787e-05,0.3833063256679662,1.897895e-09,0.1124633599401028,-1.8494237379689935,-3.5229597909878345,0.7599623756180512,3.554634972654752,65,0.3907103825136612,0,1.191821661461604,-0.035491241077736,0.1271496743969986,0.4194460616761517,7.088647e-10,0.0038120197289941,3.0304475044e-06,3.42360357522e-05,2.1527665668152967,3.40591160932e-05,1.2313542e-09,0,1.67241504207e-05,0.0504239713712596,4,4.58195901e-08,141.6961551321913,0.0008246215490537,8.988886787e-05,6.45980968473e-05,-0.0003876585713638,0.0001939442999672,3.76143914e-08,0.9829533964800156,365.0000048363582,0.0150273224043715,8.57650900017e-05,182.5,2190.448974104177,1.0000000000000002,0.0054644808743169,1.8457957259252324,3.66394707823e-05,0,0.7597243569583502,0.0002172863802263,2.0478994937980275,0.2021857923497267,0.3027160265615141,0.4426229508196721,21.380130599512707,-1.3004289300062633,0.0001433794646678,0.0001205000019788,5.44277071e-07,0.0001028798195168,9.18111785722e-05,-3.658342773e-06,0.1393442622950819,29.65285070250827,1.2569382609303852,83,14,1.0288995725299748,0.0012122801204176,82,0.3415300546448087,0.0002137624851481,0.9454034126736004,-1.625426172e-07,0.1683316029388635,-0.3034135640052077,-16.540504695961943,0.7897088178657288,2.181894010897277,53,0.4426229508196721,0.0,0.6110438888762016,-0.021074477079466,0.1448348229774447,0.2363271744918473,7.06554319e-08,0.0439825007222695,6.6956827986e-06,0.0002975433668542,2.1492210819939728,0.0002974602610377,9.95287547e-08,108,0.3174879253602809,10.677991302140768,2,0.0008698299324939,183.2078691814112,0.0389217828176137,0.0292561477657169,0.0290810240117421,0.0207940568445158,0.00339575704217,1.15311658894e-05,1.1051498536931523,365.001472390963,0.0150273224043715,0.0291347596282887,182.5,113.89273267922816,1.0000000000000002,0.0027322404371584,1.91928666272412,0.0289515335324098,0,0.7237723831602558,0.004505254682887,-0.136650983486172,0.1939890710382513,0.9050521354621972,0.3961748633879781,27.533782916735134,0.0259136673518327,0.0027057184316807,0.0021415240815383,1.89902840903e-05,0.0022746325204414,0.0016402857112032,-8.04803687092e-05,0.0,11.829353749394054,1.413001374732506,77,17,1.0270667689824924,0.0181277259730979,77,0.3087431693989071,0.029452560974878,0.3251076913316155,1.0853307088e-06,0.0812980591260062,-6.767537472899443,-1230.8085389830972,0.8112658665876653,4.598900597112929,58,0.3961748633879781,0,1.6341975386628915,-0.0435334268107274,0.1290888997654007,0.6656406888863317,2.03026292048e-05,0.7816562897615129,0.0017158378460984,0.0079987828916341,2.154537320875788,0.0077814742175188,6.67459351938e-05,0
19,Muhammad Isa,"Bandung - Jogoroto, Jombang",4.754469172e-07,0.01186468937923,7,1.3061728e-09,197.1532370474,7.3074254e-05,3.24041802138e-05,3.420035e-05,-6.018261e-06,1.58922433445e-05,2.525633e-10,1.037404233298758,364.00000001628575,0.0150684931506849,3.26478895e-05,182.5,28594.69648445364,1.0000000000000002,0.0027397260273972,1.8116793960286224,3.748262225e-05,0,0.8422556824150694,2.0845826e-05,-0.1045322576889318,0.1753424657534246,0.6487923862289607,0.3945205479452054,88.79061345751451,-2.4728752295687784,1.26174965655e-05,6.3490308946e-06,2.29821291e-08,1.0416947e-05,3.607222e-06,-2.254719999e-07,0.0520547945205479,6.503909708011317,1.1299353483442265,44,15,1.0156773505188164,7.9092515e-05,43,0.1671232876712328,3.60914712065e-05,-0.243834314892014,2.34518259e-08,0.1072247394915854,-1.7627253200755455,-2.5323010370538634,0.7145708079130392,3.751365010492065,60,0.3945205479452054,0,1.2752267214301638,-0.0370673205792014,0.1283371975159201,0.3815507451396442,3.990357e-10,0.00231104724566,2.0702849769e-06,2.52005338328e-05,2.1269240485664134,2.51020418741e-05,6.960956e-10,4,2.74489961492e-05,0.07060717586344,3,7.540933e-08,174.45248525193725,0.0006903392,6.67374334656e-05,5.3300824e-05,-0.0005772227,0.0002659865488149,7.07488441e-08,1.0228788489248184,364.00000811857103,0.0150684931506849,6.998904e-05,182.5,1563.2546318625073,0.9993562486743118,0.0027397260273972,1.854532383362322,-6.819845e-06,0,0.7694187903457435,0.00030797284,0.1500075353583434,0.1890410958904109,0.2407103441926747,0.4493150684931506,27.507813349917637,-1.1716109952849232,0.0002011579033452,0.0001435740528673,-9.21660412e-07,0.000155374396,8.8735538e-05,-1.25652708e-06,0.1260273972602739,18.11062011737752,1.056733067163142,67,15,1.023776042994257,0.0012675618999999,66,0.347945205479452,0.0002742311601114,0.0725732872226456,3.037362619e-07,0.1655114998054135,-0.1224594905944207,-22.99758022823786,0.8176077349622268,2.3399315681646136,59,0.4493150684931506,0.0027397260273972,0.707984841607581,-0.0218619646253001,0.1416564452892373,0.1515740411463235,1.172596994e-07,0.05226095524372,4.9763078586e-06,0.0004257763021849,2.156166442506757,0.0004257375793452,1.953834845e-07,82,0.3233081222652265,10.719592316499998,3,0.0008882091271022,189.97438608810347,0.040631242,0.0294545099726027,0.02944053,0.018558145,0.0042670270344611,1.82075197128e-05,0.943511811976054,364.00170989229184,0.0150684931506849,0.029506267,182.5,90.42709803527237,1.0000000000000002,0.0027397260273972,1.911744887596656,0.0306983483499999,0,0.7904538165464434,0.0055897889999999,-0.0528052442199169,0.1808219178082191,0.8849631178533124,0.3698630136986301,37.6450184324701,0.0732985870886391,0.0034251867232126,0.0022654815686813,1.06734258241e-05,0.0028298629999999,0.0016497635,-9.37749999999e-05,0.0,11.41572827461112,1.3857672083935078,68,15,1.0242848364525323,0.0220730969999999,69,0.2575342465753424,0.0297619837618223,0.094560297762445,1.04756655916e-05,0.0786429199162555,-5.771968600755522,-1340.5420471895363,0.748403518727441,4.804629129923699,63,0.3698630136986301,0,1.6436659292744429,-0.0445235033917838,0.1218386290963468,0.464182611301426,2.58282392514e-05,0.8246352910000001,0.0018383734619216,0.0091383244190048,2.134033943929294,0.0089275490671682,8.95225330431e-05,0
20,A.Choiril Anwar El-Asfihani Risydan,"Banyu Ajuh, Perumnas, Kamal",8.525882681e-07,0.01583858,5,2.3358582e-09,164.76357674513966,8.26e-05,4.32217213114e-05,4.125e-05,-1.07e-05,2.1479267893e-05,4.613589e-10,1.0857578678208355,365.0000000283032,0.0150273224043715,4.395e-05,182.5,14204.54545454546,0.9086660199728372,0.0027322404371584,1.8309451503781755,4.0615e-05,0,0.8494377316509583,3.15499999999e-05,-0.7309266249335202,0.1639344262295081,0.6555292036100336,0.3961748633879781,53.9117211499174,-2.310900479393088,1.78377452297e-05,8.9632876712e-06,-2.90410958e-08,1.595e-05,6.7999999999e-06,0.0,0.0573770491803278,2.9737359927169758,1.1694700863552618,60,14,1.022004842982733,9.33e-05,57,0.1912568306010929,4.82646469203e-05,0.1819937093709633,-3.33378471e-08,0.1093873888736379,-1.7621871699122198,-3.3693424878680847,0.6882098661390702,3.557558809138649,56,0.3961748633879781,0,1.259608751257713,-0.0362849934234419,0.1302001190704937,0.3015051065531394,7.621517e-10,0.0032716,1.4862682424e-06,3.49685603307e-05,2.1286569894313354,3.49294790098e-05,1.3387882e-09,4,3.52285078824e-05,0.0779512015,2,9.65164599e-08,184.064635252877,0.000816862,4.03183032786e-05,2.29e-05,-0.000653619,0.0003076153250374,9.46271881e-08,0.8921400412900101,365.0000156536698,0.0150273224043715,3.7422e-05,182.5,1130.0098988867142,0.9930531767823856,0.0081967213114754,1.9129210132482075,8.0974499999e-06,0,0.745472522772763,0.00040054,-0.0070152523755862,0.1994535519125683,0.1732003359603382,0.4508196721311475,28.70356240410456,-1.0046090923972093,0.0002424609525665,0.0002118475424657,8.09049315e-07,0.000195398,0.0001518019999999,0.0,0.1502732240437158,25.856162726134,1.0341831822773289,76,19,1.0275678387985865,0.001470481,78,0.2622950819672131,0.0003102462792317,0.1396055946045785,4.71156839e-07,0.1843843099322973,-0.0439188079555337,-22.00361778812745,0.8613927669249177,2.119134001181918,50,0.4508196721311475,0.0081967213114754,0.553896894489285,-0.0169320864146504,0.1410965966586212,0.1535478241660223,1.778471235e-07,0.077324353,6.2911172067e-06,0.0004571408232038,2.176718981042223,0.0004570763228574,2.172304102e-07,114,0.3085825238072499,10.4724902455,3,0.0008454315720746,183.36035394739585,0.037696589,0.028700843852459,0.02890727,0.020132462,0.0044026369261329,1.93832119033e-05,1.078723685001153,365.001848165054,0.0150273224043715,0.0285607785,182.5,105.48238359808012,0.9725189410414768,0.0027322404371584,1.8792660360975677,0.02979273185,0,0.7720743108124924,0.005826149,-0.537669126673626,0.1912568306010929,0.8617608112428123,0.3715846994535519,32.79721895263325,0.1021683872604506,0.0035467649509988,0.0023254349561643,2.44874712328e-05,0.0030019409999999,0.0018785979999999,-8.8647e-05,0.0081967213114754,4.233221614561319,1.265136089527966,62,11,1.0230247909981374,0.017564127,59,0.2349726775956284,0.0290365571262604,0.1113546538733979,1.5643419036e-06,0.0822328961065873,-5.296552447964257,-1351.906123610007,0.7902396975195066,4.662056626782495,60,0.3715846994535519,0,1.605118301245146,-0.0432921927320721,0.1234083094938356,0.7040415021808735,3.42509888425e-05,0.8487837590000001,0.0016722380100731,0.0097016326982859,2.133016149941989,0.0095346408948856,0.0001014056608229,0
21,Mochammad Zaenal Abidin,"Widang, Tuban",3.989307343e-07,0.0114634750709371,4,1.0929609e-09,200.9487830012729,5.89743624004e-05,3.14021895206e-05,3.10782059271e-05,1.06283096101e-05,1.01920153749e-05,1.038771e-10,0.8576697130899653,365.0000000145726,0.0150273224043715,3.12403539946e-05,182.5,33297.99337511083,0.9993583051330966,0.0027322404371584,1.893494632441658,2.75494280867e-05,0,0.7812065697959502,1.49068247895e-05,-0.308613293193845,0.1857923497267759,0.7301304949684853,0.4316939890710382,67.16742087446829,-2.5676345304034727,8.3175244025e-06,6.169646766e-06,-2.05839373e-08,7.4344586325e-06,3.7726520531e-06,4.45812815e-08,0.0710382513661202,32.17026877177387,1.1760000990993538,77,16,1.0274009172126632,4.83460527902e-05,78,0.3387978142076502,3.30147646378e-05,0.2609886423477092,2.70136545e-08,0.1331340809607205,-2.461607806924677,-1.625059202338898,0.7317699502642362,2.4457426269834475,62,0.4316939890710382,0,0.8794898227455409,-0.0301571748778211,0.1513809744426794,0.3722248765578501,1.464626e-10,0.0022519210696238,2.0320543431e-06,1.46895902482e-05,2.1521825077145085,1.45242694188e-05,2.282557e-10,0,3.722435151e-06,0.0259647803063763,2,1.01984524e-08,185.475307796198,0.0002596506442387,2.47377109821e-05,2.4869556215e-05,-0.0002011674841014,9.77682642768e-05,9.5586334e-09,0.8897249053351461,365.00000160333445,0.0150273224043715,2.59963735203e-05,182.5,4072.080743706008,0.9993583051330966,0.0027322404371584,1.8937027378712832,6.2006736516e-06,0,0.7639131678605728,0.000117180147426,-0.2723360401183941,0.1994535519125683,0.240024749005678,0.4644808743169399,34.24564451044884,-1.5386486752420754,7.66800763165e-05,6.96573400659e-05,-1.810011714e-07,5.87163835133e-05,5.42336860369e-05,-1.1715457557e-06,0.1639344262295081,35.77837414630935,1.068912344669678,86,14,1.0303901148455488,0.0004608181283401,87,0.4016393442622951,0.0001008493323941,0.0420858826283502,2.014530382e-07,0.1895152012807455,-0.1228035631586283,-6.316883344351449,0.8191183308639017,2.0332300445154217,60,0.4644808743169399,0.0027322404371584,0.4727261246726408,-0.0156080632182706,0.147674507824987,0.1836956562486353,1.66660456e-08,0.0254249291240668,3.1330620554e-06,0.0001395881951386,2.1549470394625643,0.0001395488751631,2.11041545e-08,107,0.3208446642645925,10.744960280565529,3,0.0008790264774372,184.8190426999274,0.0378966584801673,0.0294391476306504,0.0291686196855845,0.0211898256093263,0.003156161043265,9.961352531e-06,0.8306044993092944,365.0012779502923,0.0150273224043715,0.0293762572264919,182.5,101.64032221860376,0.9984744065485794,0.0027322404371584,1.9252775926581325,0.0270372171141206,0,0.7453845821146613,0.0042654896737076,-0.1774893106580122,0.1885245901639344,0.9053115034497358,0.3934426229508196,55.37078610047183,-0.0487449153340876,0.0025486788454822,0.0019135220422395,1.79677711774e-05,0.0021833935636096,0.0013120082249634,6.87240622937e-05,0.0,12.016885708919418,1.2672388311413918,78,16,1.0275678387985865,0.016706832870841,78,0.3852459016393442,0.0296078497319588,0.2263687448290847,3.0087715179e-06,0.0774797790617326,-7.70134859335251,-1195.4110896442012,0.7458646798221457,4.804561625753789,55,0.3934426229508196,0,1.703920093170419,-0.0445187315135646,0.1295368013565783,0.4741904590380812,1.34750773826e-05,0.6984355454174326,0.0017672183069484,0.0075190009708036,2.1470707392195094,0.0072800905155666,5.95219492991e-05,0
22,M. Fatihul Umam,"Kwanyar, Bangkalan",3.561887353e-07,0.0101388250731133,13,9.785404e-10,173.03878573702173,6.52085812665e-05,2.78265690521e-05,2.62664672542e-05,-2.8471797577e-06,1.41965349144e-05,2.015416e-10,1.0730706318976109,364.0000000164631,0.0150684931506849,2.89332574539e-05,182.5,20724.83110804484,1.0000000000000002,0.0027397260273972,1.7858371783496978,2.09723366007e-05,0,0.8547101154800026,2.05813199392e-05,-0.5853691203036742,0.1616438356164383,0.6724273170625414,0.4493150684931506,81.8028437978365,-2.585730410832191,1.17135133116e-05,6.067764975e-06,3.93212763e-08,9.7388927618e-06,3.6671003726e-06,-2.596225385e-07,0.0575342465753424,17.77195955519767,0.9416758977777192,57,16,1.0203594922114798,6.80557610242e-05,57,0.2054794520547945,3.12387507559e-05,0.3673327370326514,-9.612672e-09,0.1284181788123733,-1.7138798827352877,-1.8816521312990688,0.6512081931744966,2.7038938322872377,55,0.4493150684931506,0,1.0321169073496,-0.031538555778672,0.1530899921413428,0.2628194584504341,2.946177e-10,0.0022086664509212,1.0685550963e-06,1.83933647822e-05,2.126274175188151,1.83551208765e-05,3.696059e-10,6,1.89232385571e-05,0.0581756656589543,2,5.19869191e-08,201.28742152585693,0.0006366936140693,3.25028475952e-05,3.62682912964e-05,-0.0005919724353589,0.0002253620511441,5.0788054e-08,0.9288288127953924,364.0000094961773,0.0150684931506849,2.24836840061e-05,182.5,1691.7807412822842,1.0000000000000002,0.0054794520547945,1.8805824051947024,8.37938918266e-05,0,0.8242332694546476,0.0003138247746391,-0.1399968120390018,0.1890410958904109,0.1649177302898597,0.4547945205479452,27.385848260944847,-1.184321558041575,0.0001820750606384,0.0001511909243282,-1.1311670197e-06,0.0001610039616934,8.24746257421e-05,-4.3418913264e-06,0.1671232876712328,28.275145149684004,1.3274828860823469,66,17,1.0232662962752737,0.0012286660494282,65,0.3671232876712328,0.0002276938497142,-0.0201220543951325,1.166262802e-07,0.1932827428967476,-0.0510483315075237,-13.906635280211209,0.8669201229986357,1.9188391899867567,53,0.4547945205479452,0.010958904109589,0.4056985330315923,-0.0146172381348852,0.1462540143029526,0.1540049096650789,8.34224139e-08,0.0550334964554807,1.1017954598e-06,0.0003278908603896,2.154088204636775,0.000327888308366,1.141906357e-07,103,0.2959850866028207,10.31648439819724,3,0.0008131458423154,180.3546692298341,0.0353886224329471,0.0283434926595688,0.0283570569008588,0.0216007824055849,0.0027503580392649,7.5644693441e-06,0.9559052568848,364.0008594594619,0.0150684931506849,0.0282652620226144,182.5,144.9862716028151,0.9993562486743118,0.0027397260273972,1.851442471001317,0.0291840944206341,0,0.7966835031047815,0.003584308666177,0.0821238606650682,0.1726027397260274,0.9457973995064752,0.3917808219178082,29.19150170949681,-0.1997367415099324,0.0021598279020846,0.0013476982847962,2.86915564684e-05,0.0017796189834674,0.0005723545327782,-2.38433988256e-05,0.0,10.12119133778754,0.8481070475165012,50,16,1.0182886219781857,0.0137878400273622,51,0.2328767123287671,0.0284766227893544,0.2491029267301275,-2.2150330093e-06,0.0720570506646318,-8.153516596870919,-1148.1563764765588,0.7981161479136734,5.362381114703722,50,0.3917808219178082,0,1.851907814178328,-0.0462415691360045,0.1268857535988425,0.5931237105187704,1.17450232056e-05,0.4905621756658408,0.0016081649674932,0.0067002627529358,2.122624094995534,0.0064798723349001,4.76403518561e-05,0
24,Dedy Nurohim,"sambeng, lamongan",3.88968161e-07,0.0110763223217417,4,1.0656661e-09,196.62133103776355,6.36935289823e-05,3.03474098221e-05,2.88563141321e-05,4.6602754736e-06,1.19075293633e-05,1.417892e-10,0.9366887128758148,365.0000000162439,0.0150273224043715,3.01837241602e-05,182.5,26348.355648999684,1.0000000000000002,0.0027322404371584,1.9323797204405264,2.53219142016e-05,0,0.7784990317480643,1.6953074936e-05,-0.3294452872887117,0.180327868852459,0.6878081777323045,0.4289617486338797,84.91688754270258,-2.4675651248906827,9.7329542704e-06,6.9239646465e-06,2.25199267e-08,8.3343178181e-06,5.056386847e-06,-4.93546436e-07,0.0765027322404371,21.182026172388337,1.203135232201037,74,16,1.026229611133446,5.90332535087e-05,75,0.3032786885245901,3.25999162338e-05,0.3191589001457563,2.37266002e-08,0.1316508768984522,-2.0611788489475367,-1.7943641379882282,0.7241777176710188,2.5851287300057546,56,0.4289617486338797,0,0.9108546242466792,-0.0305399147274969,0.145837785555543,0.3441239904910006,2.006231e-10,0.0025272470960048,1.8281264967e-06,1.78644270918e-05,2.15871285533616,1.77473737648e-05,3.339608e-10,0,1.03692519839e-05,0.0427474192516114,2,2.84089095e-08,184.3848674215984,0.0004882414003352,6.12881470893e-05,5.36883663395e-05,-0.0003415981312131,0.0001567643218333,2.45750525e-08,0.7511109036569311,365.0000038998373,0.0150273224043715,6.1290054235e-05,182.5,2471.780826046589,1.0000000000000002,0.0027322404371584,1.9333449380798116,3.18296579836e-05,0,0.6879732367571371,0.0001814160773178,0.1326030653898295,0.1994535519125683,0.2637024841893384,0.448087431693989,25.84115143042401,-1.2990548292066388,0.0001188427198618,0.0001091102275017,-9.846240579e-07,8.87592335791e-05,8.4905082913e-05,-4.972564056e-07,0.1530054644808743,38.73974690634762,1.6307993795543887,84,19,1.0292315011315836,0.0008298395315483,83,0.3060109289617486,0.0001683190113252,0.0573838515893803,3.815929274e-07,0.179624817968781,-0.2285962517081802,-12.176318328474132,0.8423479105615448,2.2626150773568585,58,0.448087431693989,0.0027322404371584,0.5689882588931257,-0.0181602702397834,0.139807095810459,0.1908569470170836,4.07164245e-08,0.0398252330381254,4.7584116676e-06,0.0002113345896931,2.187607080143652,0.0002112725494402,4.5837095e-08,106,0.3120821098599866,10.588897734570455,2,0.0008550194790684,185.18338267871087,0.037985718520799,0.0290204423649387,0.0287580577672718,0.0202124002496449,0.003239951421928,1.04972852164e-05,0.7783619589297517,365.0015218602657,0.0150273224043715,0.0291636728158633,182.5,99.469116805398,1.0000000000000002,0.0027322404371584,1.930576971027448,0.0282103934716643,0,0.7072667450211216,0.004405217347136,-0.242076826440047,0.1994535519125683,0.8833817732357151,0.3989071038251366,40.19666799597748,0.0021662692236079,0.0026211008421752,0.0022483455381569,8.9605295494e-06,0.0022166372388751,0.0018441488345464,4.79710953576e-05,0.0,19.57073042259267,1.3580152982219322,88,12,1.030720256488569,0.017773318271154,88,0.3579234972677595,0.0292007424609921,0.1057926679038787,3.5555438108e-06,0.0836090143707307,-6.957520252223249,-1188.7025802477274,0.7892813885126951,4.388664798133592,60,0.3989071038251366,0,1.560279652329533,-0.0429370863033931,0.1306216396754972,0.5151192057379888,1.57396097971e-05,0.820646121427293,0.0017437542813818,0.0072793780899282,2.1536018607571235,0.0070399218795246,5.56617518086e-05,0
25,Marshella Aulia Putri,"Kec. Kalianget, Sumenep",1.128944276e-07,0.0059755621567028,6,3.092998e-10,187.8864484778518,3.05788389596e-05,1.63741875295e-05,1.69386502572e-05,7.728081179e-07,6.3514331516e-06,4.03407e-11,1.0107284835195391,365.0000000048721,0.0150273224043715,1.63866680933e-05,182.5,52454.060498125895,0.9993583051330968,0.0027322404371584,1.765639324442292,1.71661250808e-05,0,0.841165126199045,9.5686063635e-06,-0.5741950332622228,0.1775956284153005,0.7064071204069419,0.4371584699453552,65.16409279994542,-2.890659597034365,5.2106628047e-06,3.3346030173e-06,-1.18602195e-08,4.7394031004e-06,1.7713039284e-06,1.07250509e-08,0.0683060109289617,30.53345792907027,0.5719566351102771,56,13,1.0201248908291878,2.98060308416e-05,56,0.3278688524590163,1.75628790445e-05,-0.3831648671050312,6.1749722e-09,0.1316018536320716,-2.0800817986493723,-0.9650460724121324,0.7485821465207716,2.4950080504443064,59,0.4371584699453552,0,0.889777970532419,-0.0305525651497027,0.1483584831835647,0.5045868864639698,6.92872e-11,0.0012171301013168,8.022660957e-07,9.1173797748e-06,2.1250335523674337,9.0769289324e-06,9.17799e-11,0,6.9379633543e-06,0.0348854833130007,3,1.90081187e-08,175.28522579075025,0.0003278202784713,-6.2126095323e-06,4.0078696959e-06,-0.0003303490884718,0.0001375412211345,1.89175875e-08,1.1146952644353287,365.0000025271331,0.0150273224043715,-8.4705620793e-06,182.5,3409.769467196475,1.0000000000000002,0.0027322404371584,1.8844231190856824,3.16440633469e-05,0,0.7929158882510732,0.0001670656652322,-0.2886103110766163,0.1939890710382513,0.2347176946969098,0.4562841530054645,34.623432189265976,-1.401524526953022,0.0001079999598489,8.46482263034e-05,-1.735359546e-07,8.71491001817e-05,4.82847798744e-05,1.07559343935e-05,0.1420765027322404,20.72774740144812,1.316247263152789,74,19,1.026061871834679,0.000658169366943,74,0.2786885245901639,0.0001376814585497,-0.1672338564175128,1.954783064e-07,0.1800894012048727,0.0414375515121277,-9.574021717495546,0.8002115974594862,2.096217887543781,64,0.4562841530054645,0.0054644808743169,0.6116339000058957,-0.0180403848359693,0.1475703831957515,0.209597015611277,3.13655131e-08,0.0308966026007555,2.7337167431e-06,0.0002098816334362,2.1643380947674227,0.0002098605358946,4.67039852e-08,110,0.286734326313066,10.159920196980217,4,0.0007855734967481,180.1544225971581,0.0352353882044553,0.0278366475818993,0.0275157204208274,0.021211814135313,0.0029237257865756,8.548172475e-06,1.1361914764636825,365.0010741591952,0.0150273224043715,0.0279490440152584,182.5,98.68767060612316,1.0000000000000002,0.0027322404371584,1.841184962004152,0.027522422466427,0,0.8542571169210769,0.0042181981843896,-0.5024250033379181,0.180327868852459,0.9147125580073496,0.4153005464480874,33.78313799545822,-0.1214927876781578,0.0023882233125383,0.0016436272747304,6.653256204e-06,0.0020206589251757,0.0009692516177893,0.0001165262526935,0.0,13.385885284883376,1.1715057657383825,63,14,1.0223452523657828,0.0140235740691423,63,0.4098360655737705,0.0279897681496998,0.1804650619885375,-3.0526685352e-06,0.0780185111381926,-7.6515853832204765,-1130.6225029775292,0.784058061735196,4.874370332581174,66,0.4153005464480874,0,1.7447744571605774,-0.0443797120494158,0.133531048976793,0.6471540368256419,1.3904695403e-05,0.599923955276608,0.0016135286351618,0.0075974244348487,2.099996401320733,0.0074070680889796,6.35208582952e-05,0
26,Robbaniyah Umdatun Ni'mah,"Cerme, Gresik",2.5320761719e-06,0.025555291341294,4,6.9754164e-09,184.94690386043283,0.000220296598455,6.99572179013e-05,6.01866331377e-05,-1.46516895763e-05,4.54119024406e-05,2.0622408e-09,1.1122418195405794,363.0000001382766,0.0151098901098901,6.75104218855e-05,181.5,7510.974197143326,1.0,0.0027472527472527,1.857760201269757,4.40853824314e-05,0,0.8199358882841487,5.73283171416e-05,0.6354783070470229,0.1758241758241758,0.5939784303162319,0.3901098901098901,67.77719805458968,-1.973789684219588,3.5614736251e-05,1.89757545132e-05,-7.32512454e-08,2.66376494943e-05,1.23250349908e-05,1.0959567899e-06,0.0686813186813186,2.518008088613223,0.8428685914401438,55,13,1.0197324064333153,0.0002349482880313,55,0.1895604395604395,8.34041558903e-05,0.9243995760143584,2.99481407e-08,0.1125886545543275,-1.3056609082238393,-6.5632545845706165,0.7211161995758077,3.600168353543208,58,0.3901098901098901,0,1.199422954312847,-0.0356505557678009,0.1245658021209411,0.2879257493540664,3.3187937e-09,0.0068881988883239,5.0009891992e-06,7.39020874686e-05,2.1408449415340827,7.36941356603e-05,5.8761131e-09,4,3.64767847244e-05,0.0859318604922805,2,1.004870102e-07,182.7506847012755,0.0008173773077235,0.0001798745879159,0.0001661394979331,-0.0005246203222718,0.0002604919953997,6.78560796e-08,0.9507046409463366,363.00000881235616,0.0151098901098901,0.0001882470255669,181.5,1351.3732882294148,0.999354179816642,0.0054945054945054,1.8744560144548583,0.0002134783742255,0,0.7499514280740127,0.0003361039937446,-0.1599511601653547,0.1923076923076923,0.3605181928699275,0.4615384615384615,17.81607722485294,-1.1293513534170374,0.0002054016998722,0.0001518472804863,-7.435593744e-07,0.0001706169653257,9.7426181225e-05,-1.43421970305e-05,0.1263736263736264,20.280371463494763,1.126269574033634,56,15,1.020250530525345,0.0013419976299953,56,0.2225274725274725,0.0003165611268701,0.0548703251890728,3.49649652e-07,0.1610248850859301,-0.481425567464071,-25.10352338727025,0.8215764149611837,2.5917055397929007,53,0.4615384615384615,0.0,0.8024696349687538,-0.0230840640261734,0.1432266027835522,0.3667284953511285,1.245320316e-07,0.0551205628165562,1.45608409335e-05,0.0003999503172458,2.1633476139455348,0.0003996290606043,1.688341982e-07,73,0.3473143916579932,11.090673131621148,16,0.0009567889577355,166.44803702560327,0.0433563115997077,0.0305482924108191,0.029705412944019,0.0200511744451765,0.0045784546984686,2.09622474259e-05,1.0091550634966977,363.0013551536322,0.0151098901098901,0.0304893010489337,181.5,79.44273019249059,1.0,0.0027472527472527,1.8612243193966544,0.0282079724492624,0,0.7838044565997326,0.0053960983441913,0.1649670111523042,0.1675824175824175,0.9229213340434388,0.3571428571428571,34.61143016614007,-0.0065079870143364,0.0035813205050857,0.0019587194165245,-8.5033803463e-06,0.002524433784197,0.0014053539796623,-0.0001022838716251,0.0,17.415895129429497,0.9761431764400336,66,13,1.0233386034338785,0.0233051371545311,65,0.2472527472527472,0.0308894871540923,0.6601555472622174,-1.97569052128e-05,0.0721722161337504,-6.244841098466321,-1384.106118545512,0.6526129301487541,5.265719688884,56,0.3571428571428571,0,1.7797723939182757,-0.0461363601762757,0.1196735411791975,0.445756140587119,2.92812884128e-05,0.7110151481984177,0.0017112600318816,0.0078993732362172,2.137495799988614,0.0076860654337964,6.68654108531e-05,0
27,Rachelia Andini Tendean,"Tikala, Manado",7.36995848e-08,0.0037096436780056,6,2.019166e-10,153.97017940423456,5.47541737028e-05,8.7367187246e-06,7.9379014546e-06,-2.22708456677e-05,1.11818930311e-05,1.250347e-10,1.3149630464579745,365.0000000030592,0.0150273224043715,7.7217839716e-06,182.5,64071.85656057798,0.9685224618311516,0.0027322404371584,1.7079309569190146,4.6879111119e-06,0,0.939729547591988,9.2581556227e-06,4.866123095002747,0.1775956284153005,0.51727463898808,0.3579234972677595,14.875717670899018,-2.765586014968049,7.1160528038e-06,2.9249743704e-06,-1.32388939e-08,4.636480454e-06,2.0484345371e-06,0.0,0.0464480874316939,-28.231164273409604,1.047102723298996,43,16,1.0156284029090217,7.70250193706e-05,43,0.1393442622950819,1.41903130984e-05,1.5018898809057843,-1.56110415e-08,0.0878273340131115,-0.7522960214079515,-1.4699667200946671,0.656618704566165,6.112008813576101,60,0.3579234972677595,0,1.8816607845249664,-0.0418485516459702,0.1109660241120533,0.2523009348362641,2.281948e-10,0.0010676156452087,5.317991736e-07,2.07515928024e-05,2.100697396882046,2.07440842891e-05,5.075969e-10,26,7.4942965679e-06,0.036476419516106,2,2.05323193e-08,194.07269472684789,0.0004182168688882,-1.29385020847e-05,-3.796140456e-06,-0.0005005454298892,0.0001425090007501,2.03088152e-08,0.9409721239911124,365.000002230331,0.0150273224043715,-1.86481483978e-05,182.5,3287.28675682252,0.9974332205323864,0.0081967213114754,1.873136673173306,4.7738344383e-06,0,0.7926896473958157,0.0001733453592929,0.6730033757314082,0.1912568306010929,0.2089248155083979,0.4153005464480874,32.44530632407721,-1.3876524292716756,0.0001097271488488,7.82787320116e-05,2.174042156e-07,8.60264305242e-05,5.41030926797e-05,-3.7412936753e-06,0.1284153005464481,12.061024125149451,0.8584941662161881,58,13,1.0209810373074868,0.0009187622987774,59,0.226775956284153,0.0001430951436317,-0.0457587158104777,6.62566307e-08,0.1590962887076701,-0.0180763355530014,-12.667871060378191,0.802665167244377,2.7085845697174182,60,0.4153005464480874,0.0081967213114754,0.8162176558441208,-0.0234576439480559,0.1282458784887114,0.2194621520925952,3.81087608e-08,0.0285717371842386,7.206161715e-07,0.000231627886312,2.161828612020354,0.0002316264503298,5.6607657e-08,89,0.2431541027773713,9.244254811113112,3,0.0006661756240475,189.15404322529665,0.0404797797783163,0.0253397777885375,0.0253190397349276,0.0074432331873154,0.0047171107361241,2.22511336968e-05,1.079755001350299,365.0015423130409,0.0150273224043715,0.0250608911737799,182.5,86.41901634097513,0.9993583051330966,0.0054644808743169,1.852497469045386,0.0256133338123659,0,0.8155733136709412,0.0060866286608853,1.0760494783504129,0.1775956284153005,0.8637780302819582,0.3497267759562841,24.515038255384287,0.0767034392548037,0.003655127287681,0.002183274875128,1.20517478822e-05,0.0030526679488174,0.0016148508737096,0.0001172764100011,0.0136612021857923,2.673013104284581,1.2231555202701447,65,13,1.0230247909981374,0.0330365465910008,64,0.2322404371584699,0.0257750940263914,0.0289795747563165,8.1711458871e-06,0.0770615069020327,-4.727436331593555,-1304.2237883875964,0.7492942366339784,5.279934106948562,55,0.3497267759562841,0,1.7380571886603382,-0.0446266663740465,0.1161836699316131,0.7159193710950591,3.90632645302e-05,0.7968953294217512,0.0015577136795307,0.0102171717419308,2.1307819397872816,0.0100822352159542,0.0001137091243663,0
28,Nurhabibatul Umah,"Kerek, Tuban",7.731552841e-07,0.01577334,8,2.1182336e-09,194.08037612414725,8.87e-05,4.32037978142e-05,4.31e-05,8.79e-06,1.56804969898e-05,2.458779e-10,0.976159213031636,365.0000000243031,0.0150273224043715,4.345e-05,182.5,21929.824561403497,0.926022712594032,0.0027322404371584,1.8452991231695368,3.67585e-05,0,0.8134672303728836,2.27749999999e-05,-0.3921173078891278,0.1721311475409836,0.7235441019482467,0.4426229508196721,107.78279463243378,-2.469334666714039,1.29770972558e-05,7.3038904109e-06,4.6849315e-08,1.14e-05,4.2e-06,2e-07,0.0546448087431694,21.74244523015763,0.962310652851442,56,13,1.0218344776473585,7.991e-05,58,0.1912568306010929,4.59613547605e-05,0.2114314413981027,2.59594823e-08,0.1235522684581528,-2.3169355080593936,-2.504378551174441,0.6880375743903905,2.8155925593992097,56,0.4426229508196721,0,1.0567494834768545,-0.0326297554013979,0.1489432398831373,0.3037637094673684,3.212766e-10,0.00266592,2.7910369221e-06,2.30419914404e-05,2.137329748458909,2.28401540887e-05,5.692291e-10,0,4.6129944446e-06,0.0287188909999999,2,1.26383409e-08,209.8771678222608,0.000308636,3.31702513661e-05,2.30499999999e-05,-0.000254808,0.0001072545774418,1.15035443e-08,0.8822993223165754,365.000002198035,0.0150273224043715,3.36375e-05,182.5,2957.6348385722904,0.991415763012642,0.0027322404371584,1.916902950392549,-1.2581999999e-06,0,0.8098459859383907,0.0001472405,-0.2365155480554759,0.1994535519125683,0.225260625230233,0.453551912568306,20.389435405555417,-1.471531960269414,8.54617227746e-05,7.47612821917e-05,-9.25205479e-08,7.475e-05,4.4e-05,-2e-07,0.1721311475409836,36.22606650450218,1.3268599749498855,72,16,1.0253898832529524,0.000563444,71,0.3989071038251366,0.0001122666912219,0.2239598010703599,2.321319569e-07,0.194577196473943,-0.1641146580905368,-6.615149321854483,0.846369600433666,1.9067909479753096,57,0.453551912568306,0.0027322404371584,0.4056414715583202,-0.0143018186302257,0.1489265992611265,0.2097698040830087,1.89927054e-08,0.027287868,8.060650434e-07,0.0001527590692945,2.1602259990469617,0.0001527560866686,2.46457433e-08,93,0.3255515951091362,10.822535522,3,0.0008919221783811,185.17218331305423,0.038546169,0.0296543116284153,0.0295049579999999,0.021616321,0.0031791562376606,1.01070343834e-05,1.0429057376937667,365.0012984338576,0.0150273224043715,0.0296272215,182.5,108.45888171951574,0.9984744065485794,0.0027322404371584,1.9013181713618357,0.0292347526,0,0.742720336224836,0.0046229834999999,-0.3929037633955698,0.1885245901639344,0.905428415376834,0.3934426229508196,22.07591179718938,-0.0440020125333917,0.0025906658690017,0.0019299196383561,2.09616109589e-05,0.0023178,0.001163632,-0.000146275,0.0,12.119794725442022,1.2525633567602954,75,16,1.0265647814982015,0.0169298479999999,75,0.3360655737704918,0.0298242390102182,0.1902163554354729,3.4650714662e-06,0.0779547498906807,-7.553301743717118,-1210.9976970006985,0.7763393295244347,4.628717003525991,59,0.3934426229508196,0,1.674682332508607,-0.0443961655981275,0.1302880686322655,0.5541029283634754,1.46214036484e-05,0.704420668,0.00181499511885,0.008006484374967,2.1441130995022304,0.0077724179983624,6.86405854882e-05,0
29,Fahdimas akmal,"Kwanyar, Bangkalan",4.147546237e-07,0.0105200426325296,7,1.136314e-09,152.2937054538121,9.28002313086e-05,2.87124529408e-05,2.49040152198e-05,-7.5012333084e-06,1.75728313245e-05,3.088044e-10,1.2807576036068673,365.0000000111956,0.0150273224043715,2.69913709763e-05,182.5,24005.26881097379,0.9993583051330968,0.0027322404371584,1.761303259599104,1.75741328458e-05,0,0.8642572984166236,1.79086831437e-05,2.6701591898151937,0.1693989071038251,0.6411214537932005,0.3825136612021858,51.10537320714113,-2.509812088443064,1.27260795955e-05,6.1351834764e-06,1.58738931e-08,8.4242983004e-06,4.9654919494e-06,-3.112113931e-07,0.040983606557377,-7.167063090336266,1.1247930608529348,74,16,1.026229611133446,0.000100301464617,74,0.1639344262295081,3.36631750529e-05,1.487889877305681,-2.95868844e-08,0.0949461643648734,-1.6310608806359208,-2.586106269581299,0.6304091469217786,4.4870261301559005,55,0.3825136612021858,0,1.5362023092954562,-0.0400115420745872,0.1227700059554263,0.3104165768018442,5.185397e-10,0.0022393419689092,1.0392843476e-06,3.03608659758e-05,2.113200124875928,3.03401211412e-05,1.0661201e-09,4,8.6430456645e-06,0.037467767262871,2,2.36795771e-08,182.6067634230264,0.0003476951442962,3.27344817934e-05,3.93641934806e-05,-0.0006589191369952,0.0001501443724104,2.25433325e-08,1.1066735100396974,365.0000032916336,0.0150273224043715,3.49635608492e-05,182.5,3038.4451159597443,0.9993583051330968,0.0027322404371584,1.9402940097815893,-4.6198541558e-06,0,0.719079568765926,0.000170728092322,2.955711869654672,0.2021857923497267,0.2074795884997089,0.4508196721311475,20.148853326222216,-1.3103284764091196,0.0001104407392302,0.0001044471054142,2.971875534e-07,8.54216848242e-05,8.48104000795e-05,-2.2771258587e-06,0.1393442622950819,24.960251955619217,1.0873249708830215,88,17,1.0310500045206188,0.0010066142812914,89,0.4016393442622951,0.0001536713339071,-0.8817985850953753,3.450492799e-07,0.1763367541067453,-0.098360782984423,-11.95552054134707,0.8520707891291109,2.287915251692552,53,0.4508196721311475,0.0027322404371584,0.6605366282355605,-0.019008752994311,0.1419173324477877,0.1339826774475733,4.08211692e-08,0.0381231934761832,3.1862423436e-06,0.0002248554880228,2.1789412474141723,0.0002248257172767,5.27211393e-08,112,0.2936462752502612,10.280194377392691,2,0.0008045103431514,183.3917389397804,0.0376324298572361,0.0281662748507464,0.0280451084202864,0.0198497844584202,0.0029955280823148,8.9731884919e-06,0.9367488026975724,365.0011794451855,0.0150273224043715,0.0281865360680967,182.5,117.43633744724453,0.9993583051330968,0.0027322404371584,1.939033333147401,0.0260737103480058,0,0.7373619309761996,0.0041074211680736,-0.0684250923865077,0.1939890710382513,0.9127430784680248,0.3715846994535519,15.460037300082874,0.0036738768090975,0.0024116109651349,0.0019455343989785,2.0570065571e-05,0.0020460620238224,0.0014763293645592,-1.66927268238e-05,0.0,6.497557558337616,1.2865086868218047,75,18,1.0267322129005043,0.0177826453988159,76,0.2650273224043715,0.0283251165480343,0.1881129025969082,1.3676968373e-06,0.0771765668944118,-7.3172374668834035,-1173.2897040945018,0.8267019551768278,4.996246143693064,53,0.3715846994535519,0,1.6958675686295543,-0.0445969752173762,0.1235464490701475,0.765087454636295,1.61328270235e-05,0.7101200556271754,0.0016592245056817,0.0075453377842522,2.1546966599102086,0.0073318607845689,5.93850707798e-05,0
30,Muhammad izzul Millah Aqil,"Wonokromo, Surabaya",8.405341448e-07,0.0157471428922723,7,2.315521e-09,177.58613243518218,0.0001252441659531,4.33235167785e-05,4.07889029871e-05,1.8059022431e-06,2.07902052065e-05,4.322326e-10,1.244182865931938,363.00000002139393,0.0151098901098901,4.18299832158e-05,181.5,23643.330045582214,1.0,0.0027472527472527,1.7761141665248612,3.26654681706e-05,0,0.8505408304728793,2.00779704755e-05,3.631411228368553,0.1648351648351648,0.6683077149737868,0.3928571428571429,59.65250618090161,-2.418344013813555,1.44490995609e-05,7.6942612754e-06,-2.70666374e-08,9.8137180599e-06,5.7405105023e-06,-1.026435344e-07,0.0439560439560439,1.0107547303317157,1.3943836882305634,58,14,1.0207676618853716,0.00012343826371,58,0.1291208791208791,4.80537172192e-05,1.5428046581919173,-9.8861983e-09,0.1006570191998275,-1.895872578138875,-3.35931444627783,0.6827953592937814,3.902298708194578,63,0.3928571428571429,0,1.3784524068970667,-0.0387461475490112,0.1276646200207475,0.3620896645959089,7.378387e-10,0.0027930168429775,1.9067931576e-06,3.76655420539e-05,2.100590577037945,3.76125422443e-05,1.6732626e-09,0,5.87987661012e-05,0.0972945131227794,6,1.619800719e-07,181.3921139960464,0.0013300512685294,4.93873904684e-05,4.49653070972e-05,-0.00117672636769,0.0003988683459106,1.590959573e-07,1.2302178379349182,363.0000116586867,0.0151098901098901,6.04577176549e-05,181.5,1157.2829325368634,1.0,0.0137362637362637,1.7691188792210284,-4.86764313912e-05,0,0.8617636779833018,0.0003959680288971,1.5398147651059455,0.195054945054945,0.2609611129252575,0.4450549450549451,82.04447530586562,-1.0755225586815205,0.0002875761593826,0.0001834843478975,3.287957741e-07,0.0002006090080426,0.0001232247736569,-2.5752844358e-06,0.1016483516483516,8.261591200928404,0.9476369079142034,65,16,1.0233386034338785,0.0025067776362195,66,0.1428571428571428,0.0004019142591483,0.0228151635417997,2.12930985e-08,0.1528085619553317,-0.042900609461444,-34.57503335716706,0.7264499557732179,2.533815204492015,51,0.4450549450549451,0.0082417582417582,0.8683501310058663,-0.0252157401626936,0.1415294613253034,0.0981358027188658,3.166933734e-07,0.0666048182868127,7.1144058858e-06,0.000711695925763,2.1126463279899474,0.0007116545038005,5.817036007e-07,96,0.3252208609906434,10.562820004160564,5,0.0008959252368888,181.83513118411685,0.047248265972979,0.0289737016882268,0.0293829004459868,-0.0074161344485993,0.0073476876840331,5.3988514302e-05,1.3058571821488671,363.00254694817295,0.0151098901098901,0.0293128718002122,181.5,80.51478115060428,1.0,0.0027472527472527,1.8184756886687483,0.0281157258254266,0,0.7644666868398079,0.0062249753456145,6.540546845818453,0.1978021978021978,0.8116531392861255,0.3489010989010989,24.501106575526013,0.1918072848674377,0.0047324247267622,0.002918745261491,3.26346000528e-05,0.0031089072710931,0.0023367814719677,0.0001458197283198,0.0247252747252747,-11.778734166563842,1.1552066585328002,65,19,1.0229972155216307,0.0546644004215784,64,0.1813186813186813,0.0298908665618855,-1.5639679788259424,5.6379561978e-06,0.0776890630427692,-3.678368708330077,-1693.549442912244,0.7164451419989339,5.391393322791518,57,0.3489010989010989,0,1.770918455001905,-0.044705047079424,0.1145497348185597,0.7121867994983926,0.0001023530242612,1.059504529921255,0.0017698238025065,0.0157185514604541,2.1142398800380287,0.0156058296253764,0.0002826069036213,2
31,Riska Nana Nuril Fadilah,"Asemrowo, Surabaya",1.2303605413e-06,0.0196914508935506,3,3.3708507e-09,178.47268476816188,0.0001062561436506,5.3887955774e-05,5.2769357353e-05,9.127261545e-07,2.13946031943e-05,4.57729e-10,1.0652433232939231,365.0000000355512,0.0150273224043715,5.40019118488e-05,182.5,17255.673357057552,1.0000000000000002,0.0081967213114754,1.8666862491840548,4.83172640277e-05,0,0.8201124189455972,2.79273428924e-05,-0.2402891776630604,0.1830601092896175,0.7159236144127067,0.412568306010929,35.49453700073751,-2.2271009706868425,1.71955055134e-05,1.01629830678e-05,2.12007849e-08,1.37782390083e-05,7.1092000567e-06,1.674955446e-07,0.0573770491803278,0.6416853278683033,1.2059765328726366,56,15,1.0199533347767953,0.000105343417496,56,0.180327868852459,5.79796587032e-05,0.1320580722275811,-8.4662551e-09,0.1089242811560965,-2.1386692902657933,-3.7293183594210455,0.7573424931157391,3.719943923282446,50,0.412568306010929,0,1.3146758333899249,-0.0364044980706477,0.1312044224874504,0.7326338383340204,7.977333e-10,0.0037094888197716,2.6299730329e-06,3.78302374953e-05,2.145259131731566,3.77113438937e-05,1.5292989e-09,0,4.02556308846e-05,0.0921802453105061,3,1.102893996e-07,174.55294525542666,0.0008019102567541,0.0002525120587795,0.000209405858186,0.0,0.0002150016806849,4.62257226e-08,1.0573458733689196,365.000003425996,0.0150273224043715,0.0002421903736831,182.5,1397.6476475060365,0.9181411068440856,0.0054644808743169,1.8033052093950903,4.00955128377e-05,0,0.8153188846868694,0.0003041594849493,-0.156265844996164,0.1721311475409836,0.5152996017936281,0.407103825136612,33.10113578782188,-1.309862203064434,0.000173289064408,8.79729557927e-05,9.730439322e-07,0.0001442760309999,4.76305274002e-05,0.0,0.0846994535519125,10.15359920473937,1.0124799298711942,37,13,1.018921695562343,0.0008019102567541,48,0.2185792349726776,0.0003316444821287,0.8322335793696266,-1.8988071e-08,0.1248150465915317,-0.960679948599005,-28.15671428029045,0.7498869834285239,3.216038485803397,56,0.407103825136612,0.0,1.0920950709033703,-0.032303896320211,0.130153279718765,0.4507974491588365,8.84157176e-08,0.0321101288643417,1.52101042639e-05,0.0003685015385521,2.140040402118416,0.0003681211368838,1.479633402e-07,24,0.3250916550729837,10.783599393661314,3,0.0008906620686931,183.55753095006492,0.0388433501132838,0.0295423161692265,0.0296314237639307,0.0196181276475046,0.0039344785080914,1.54801211306e-05,1.0774734740074148,365.0013310041842,0.0150273224043715,0.0294346190243095,182.5,113.285752378908,0.9987166102661934,0.0027322404371584,1.8310473343016356,0.0301920000036831,0,0.8428277301708405,0.0049203129623824,-0.2183906100600245,0.1885245901639344,0.8945385340943225,0.3524590163934426,32.24474180518004,-0.001899337008176,0.0031039807705903,0.0019490592720154,2.76440933142e-05,0.0025242531981807,0.0014713648706675,3.46095500696e-05,0.0,6.915474729350724,1.0178141590139402,65,16,1.0233639230973226,0.0192252224657791,65,0.221311475409836,0.0298031636873198,0.0754261797823102,1.919346634e-06,0.0733163792691227,-6.192747986349708,-1355.8421214027237,0.7897025018254262,5.285891862813783,61,0.3524590163934426,0,1.7649038447202203,-0.0455930941392487,0.1174475797947208,0.6665015340099207,2.76209903983e-05,0.7114066342856389,0.0017245146404144,0.0092973423825899,2.108059181184489,0.0091182021042946,9.6876072908e-05,0
32,Alifah Sayyidaturrhohma,"Kota Sumenep, Sumenep",1.554594169e-07,0.0060526189487688,6,4.270863e-10,162.86054931769226,5.96202957843e-05,1.56108812238e-05,1.47141881825e-05,-3.26323341536e-05,1.34987628369e-05,1.822165e-10,1.1960246243306214,364.0000000099887,0.0150684931506849,1.49592849903e-05,182.5,35905.10116911784,1.0000000000000002,0.0027397260273972,1.749391920333945,1.81066123122e-05,0,0.8348877337495518,1.40768467644e-05,2.16146315966778,0.1863013698630137,0.5140128946535691,0.410958904109589,62.39931932677467,-2.6015156103713526,9.6197303586e-06,5.2030452996e-06,-6.816792e-09,6.9852309004e-06,3.1528608826e-06,2.12900186e-08,0.0630136986301369,4.835212032771721,0.9199212268610704,60,15,1.021388991508965,9.2252629938e-05,60,0.1397260273972602,2.06377375386e-05,0.4894161918758902,-3.5778747e-09,0.1179145094830715,-1.0026627318126928,-1.7351024882069688,0.697629988221862,3.1696608690688883,54,0.410958904109589,0,1.1660630226079614,-0.0342786639973169,0.134182521229872,0.3604333052540286,3.409056e-10,0.0018939084890645,6.865653833e-07,2.39258797414e-05,2.108106837267855,2.39150685721e-05,6.795822e-10,28,2.14376280739e-05,0.0547325192991539,5,5.88945826e-08,124.50070462714018,0.0007581789220575,-4.3961371005e-06,-1.5623194258e-06,-0.0009778334518116,0.0002423095160707,5.87139015e-08,1.187892682324436,364.0000045590203,0.0150684931506849,2.6148840913e-06,182.5,2088.9485673969893,1.0000000000000002,0.010958904109589,1.8268989829890483,-2.30266461835e-05,0,0.7950605358442953,0.0002335088504604,3.707863623273147,0.1945205479452054,0.2446388544664816,0.4383561643835616,20.949524020233177,-1.2579921924921975,0.0001657160480839,0.0001136688049658,3.794887231e-07,0.0001176855108723,7.78469415168e-05,3.3271434286e-06,0.0986301369863013,3.623569877510981,1.1417882781735094,68,14,1.0241153442569633,0.0017360123738691,68,0.2082191780821917,0.0002423493915813,-0.5938318395871873,2.135073358e-07,0.1549622817781884,0.0494124645803177,-20.686755092578768,0.7553352351223266,2.4596824854942034,58,0.4383561643835616,0.010958904109589,0.8461459801915814,-0.0246139552021587,0.1407330097428924,0.1170096187535163,1.23457132e-07,0.0413754450075794,8.725932122e-07,0.0004694092828521,2.142153682277802,0.0004694083429515,2.526828625e-07,106,0.2826041260206999,10.052370190457152,3,0.0007763849615953,181.03151338352265,0.0374856775272673,0.0276231397933969,0.0273892190307378,0.0179988294617803,0.0033496309443306,1.12200274632e-05,0.9989209127987164,364.000873302645,0.0150684931506849,0.0274590043236544,182.5,113.42221801569734,1.0000000000000002,0.0054794520547945,1.8484286519076072,0.0267679110912494,0,0.8021457907190056,0.0042698383331299,0.3225001603835813,0.1780821917808219,0.911422747223797,0.3424657534246575,44.9869418743018,-0.069274988833031,0.0026261032796965,0.0016244980205875,2.39595269354e-05,0.0021428670734166,0.0011200108561452,-3.87773708543e-05,0.0,0.5322385911122494,1.206053453524977,64,17,1.022755591507579,0.019486848065487,64,0.1945205479452054,0.0278254897442752,0.289503375535699,-1.0437775442e-06,0.0669039084671597,-6.940555293880621,-1233.6385901710391,0.7826819705029634,6.111736260125806,54,0.3424657534246575,0,1.960737900218224,-0.0475858771910714,0.1145629245167092,0.7383740528672733,1.88360089621e-05,0.5913172794938604,0.0015858362029295,0.0079187263752361,2.133270440590525,0.0077329180004469,6.64609883902e-05,0
33,Lailatul Hasanah,"Socah, Bangkalan",3.850098949e-07,0.0105644506976069,3,1.0845349e-09,173.95641474534838,6.95216374317e-05,2.86602147102e-05,2.95230618209e-05,-3.2736982853e-05,1.6127013415e-05,2.600805e-10,1.2115316035871029,355.00000001599415,0.0154494382022471,2.87564684337e-05,177.5,25546.43532542773,0.9984241569562494,0.0028089887640449,1.8247261080733297,3.3731120332e-05,0,0.851336887216192,1.91288863696e-05,1.197989932673523,0.1769662921348314,0.6122333349730095,0.3876404494382022,19.18650210064751,-2.410559425641068,1.2061020867e-05,6.9160386782e-06,5.087964e-08,9.6301450914e-06,5.4844558915e-06,-8.98191364e-08,0.0617977528089887,-4.162349236402097,1.1474454767178393,54,16,1.020059965930269,0.0001022586202848,54,0.1516853932584269,3.28859919863e-05,-0.5682974247048589,2.1305681e-09,0.1069226472091522,-1.5509889058311577,-2.387412720180439,0.7427458446072955,4.006015502904126,56,0.3876404494382022,0,1.345425713955114,-0.0379408101255432,0.1218470009504406,0.5462498455980545,5.176725e-10,0.0024551937307904,1.263384661e-06,2.89401708805e-05,2.14213012435299,2.89073211675e-05,9.05686e-10,10,2.09772186348e-05,0.0537236471521853,2,5.90907567e-08,150.4854548710056,0.0010200480767413,5.44669179506e-05,3.5864620615e-05,-0.0005048453341075,0.0002365547004289,5.59581262e-08,1.0216364495529633,355.0000073171256,0.0154494382022471,4.18387186824e-05,177.5,1945.3127384256984,1.0000000000000002,0.0084269662921348,1.9152926923602185,2.88673596895e-05,0,0.7796329746248836,0.0002388765803591,2.680622663566121,0.2022471910112359,0.1977675004036644,0.4550561797752809,24.071622955181063,-1.1485896887683764,0.0001698295639806,0.000149464413596,6.23643453e-07,0.0001209173373281,0.0001163868230808,-2.1561796033e-06,0.1264044943820224,17.075020462251057,1.171182072383406,74,13,1.0268881107863963,0.0015248934108489,74,0.3202247191011236,0.0002427442511081,0.9186849711285316,-4.78784262e-08,0.1711697735670002,-0.1283605487375257,-18.47304649015637,0.841378290300141,2.3759315596831416,64,0.4550561797752809,0.0084269662921348,0.7245728060424668,-0.0209039557617489,0.1395082002324407,0.2207475997961218,1.097951786e-07,0.053059866826592,7.22624379e-07,0.0003895158714777,2.1642399377418533,0.0003895148780096,1.599477621e-07,109,0.2967522105913582,10.163083565493473,3,0.0008359217199756,177.1684439134483,0.0415768420989292,0.0286354246518195,0.0284648556262254,0.0203304110715786,0.0036859300409242,1.35860802665e-05,1.0298455928624128,355.00146820145926,0.0154494382022471,0.028495229470233,177.5,103.2912087802314,0.9993371691578262,0.0028089887640449,1.8787628694413845,0.0277666619311513,0,0.7753360214414169,0.0047126880998285,0.7136080557405582,0.1910112359550561,0.8722227156281064,0.3764044943820224,18.18319294889884,0.0071469843518988,0.0028541665211982,0.0020950552768125,1.69075220963e-05,0.0023728240936842,0.001492153853178,-7.61841083943e-05,0.0,8.10868099397881,1.286057021439425,68,15,1.0249793907120583,0.0212464310273506,68,0.3398876404494381,0.0288716751376954,0.5069736949389662,3.147102909e-07,0.0802336684378778,-6.220810688424534,-1190.5235330283936,0.8092783196920295,4.654193499815373,60,0.3764044943820224,0,1.635916760846036,-0.0450181110138663,0.1261665797972845,0.72785076224363,2.49073578281e-05,0.7437446232684469,0.0017578926406883,0.008866122815761,2.135066902214935,0.0086676696770367,8.51629442923e-05,0
34,Magdalena Jovita Hatuopar,"Pilangkenceng, Madiun",1.867873851e-07,0.0077775519985339,2,5.131521e-10,160.90417455849334,4.73089094914e-05,2.12930953252e-05,2.08144349267e-05,-7.7035436327e-06,7.6387402177e-06,5.83503e-11,1.0908249069779796,364.00000000781705,0.0150684931506849,2.11872025623e-05,182.5,53915.666927261416,1.0000000000000002,0.0027397260273972,1.9183476501457395,1.70520602731e-05,0,0.7534631553748902,8.9116492098e-06,0.9869179543554534,0.1972602739726027,0.6779370878403096,0.4273972602739726,15.65649969421057,-2.6304339206480254,5.8692817302e-06,4.703749958e-06,-1.52369255e-08,4.3008380003e-06,3.4986393247e-06,-3.55077828e-08,0.0767123287671232,19.7748527852795,1.2905463787423948,70,18,1.024961753085292,5.50124531241e-05,71,0.2904109589041096,2.26218094025e-05,0.2046700841522956,-1.93709305e-08,0.1289710196657536,-2.096872134974556,-1.267704307138655,0.8295453287014282,2.8246421292274477,58,0.4273972602739726,0,0.9833379346888164,-0.0313943353430834,0.1418547956854859,0.5651855093310733,1.08637e-10,0.0017121649847318,1.4135905144e-06,1.24302708218e-05,2.161408534237454,1.23264493919e-05,1.600292e-10,2,7.4178492295e-06,0.035523254736941,2,2.03787066e-08,149.29320202747675,0.0004667199104287,6.73231403773e-05,4.76058380167e-05,-0.0002624557651713,0.0001256601343755,1.57904693e-08,0.8585445530158864,364.0000025949359,0.0150684931506849,5.82366987433e-05,182.5,2976.851636773877,0.9984695174334918,0.0027397260273972,1.944283519584194,-7.2442787113e-06,0,0.7451735595255293,0.0001442668873215,0.8244092343688112,0.1945205479452054,0.2511717960034228,0.4410958904109589,22.901617343738035,-1.376966474441037,9.67073072275e-05,8.00420424548e-05,-9.749777429e-07,7.43110124799e-05,5.3906636008e-05,-1.4995667348e-06,0.1534246575342465,26.074087221838383,1.3270863393503414,68,18,1.0242848364525323,0.0007291756756,68,0.2575342465753424,0.0001425583200011,0.631953835999405,-3.15837469e-08,0.1749504414193823,-0.3563021781831672,-10.440643505563102,0.8502891213313216,2.3716773447635857,55,0.4410958904109589,0.0,0.5880314610919831,-0.0193996135477015,0.1354198207374687,0.294721490768756,3.0749187e-08,0.0291353034535709,3.3637422396e-06,0.0001946639850246,2.173358115756048,0.0001946209030276,3.95714421e-08,81,0.326217761952564,10.752083397178367,33,0.0008962026427268,161.71842851009816,0.0418193240224824,0.0295314427323361,0.0284954815142669,0.0175370299697629,0.0046520085089642,2.16411831674e-05,0.8776584058689815,364.0014507304704,0.0150684931506849,0.0294357479877091,182.5,74.80793610986619,1.0000000000000002,0.0027397260273972,1.844256220402902,0.0260358328882147,0,0.7991939079975234,0.0057465391816088,-0.0008168992892136,0.1671232876712328,0.9120743128181028,0.3835616438356164,38.6325061284352,-0.0693095563314396,0.0037027112860058,0.0021084886269957,-1.36459619763e-05,0.0027520958913112,0.0016148616204592,5.72263805977e-05,0.0,20.106023554650605,1.0718930608406974,90,18,1.031475559527658,0.0242822940527194,90,0.2821917808219178,0.0298956065839233,0.7596494290418867,-2.58911734159e-05,0.0766194681011155,-6.400977618808645,-1290.2820363608796,0.5709825136128175,4.694210534428194,56,0.3835616438356164,0,1.6746374532511794,-0.0450513643492142,0.1277445327230162,0.3605922940425363,2.3926538188e-05,0.7674898602264594,0.0016763053717671,0.0069412760190807,2.131354571589043,0.0067120122804127,5.22024550392e-05,0
35,Mohammad Aziz Huzaini,"Tanah Merah, Bangkalan",3.416984425e-07,0.0101066022693896,5,9.361601e-10,152.89732209976648,6.1004267091e-05,2.75320713276e-05,2.50598004759e-05,-7.1917744951e-06,1.32509377185e-05,1.755873e-10,1.0498465126029093,365.00000001014064,0.0150273224043715,2.73652694264e-05,182.5,23012.230926647477,0.9987166102661934,0.0027322404371584,1.8175521744821708,2.34964442186e-05,0,0.8301647658376076,1.77287107229e-05,0.0077281561762077,0.1721311475409836,0.6994281537862697,0.3907103825136612,45.96468165084336,-2.556089906151937,1.03949017068e-05,5.2629859877e-06,-2.93463511e-08,8.31686755e-06,3.6126108225e-06,-1.385032682e-07,0.0546448087431694,1.2744461298720429,1.3310917141187617,57,13,1.0208100252350374,6.81960415862e-05,58,0.1775956284153005,3.05549063492e-05,0.3659591003523118,-3.6435458e-08,0.1053591843757124,-1.8510315469708265,-2.123765510152324,0.6814939528852048,3.709364791270216,53,0.3907103825136612,0,1.2973059387034658,-0.0373244689907092,0.1278370000991494,0.3073661103392655,2.369332e-10,0.0019209898855321,1.0458571663e-06,1.97555025976e-05,2.1443682363137824,1.97205525588e-05,4.188918e-10,4,1.68543892e-05,0.0627935470196282,3,4.61764087e-08,158.3268931429286,0.0005253492134596,0.0001529115435478,0.0001279095134426,-0.000218673370125,0.0001505599666772,2.26683035e-08,1.3818696276911202,365.0000012382668,0.0150273224043715,0.0001568381714588,182.5,2065.8521988604016,0.9950237284964484,0.0054644808743169,1.8454890643279345,4.17345341296e-05,0,0.7869771173680828,0.0001990975061948,0.065024011961237,0.180327868852459,0.5141281344620525,0.3387978142076502,26.45464582235546,-1.4091560454453995,0.0001195336509034,5.98048419583e-05,6.59254547e-08,9.29678285403e-05,4.37426662305e-05,-2.3131704291e-06,0.0683060109289617,-18.26999652607867,1.1548740898072056,48,18,1.0171934384543415,0.0007440225835845,47,0.174863387978142,0.0002145932051953,0.244862941242825,-8.42577189e-08,0.1026744779859401,-0.859138844645951,-21.900967335579452,0.7628770008709779,4.942501624214887,63,0.3387978142076502,0.0,1.4855057450871427,-0.0380172557394683,0.1079715836851991,0.4052177825789151,4.13274027e-08,0.0218287673148003,8.3112820455e-06,0.0002695861931449,2.147859115550363,0.0002694002187285,7.83364214e-08,22,0.295975018801702,10.31365047605263,2,0.0008108904624704,177.5797874675963,0.0361147572596867,0.0282591034949742,0.0281199480552224,0.0203417820964198,0.0031777325908709,1.0097984419e-05,1.1334263425697906,365.0011661874333,0.0150273224043715,0.0281265682230392,182.5,120.96391166074628,0.9993583051330966,0.0027322404371584,1.9284506477227503,0.0274396209198899,0,0.728576869594664,0.0039624180267284,-0.3278092091476567,0.1939890710382513,0.908801911332381,0.3715846994535519,26.47023533514924,-0.0040276937274322,0.0025012438449588,0.0017898692620284,6.9679411715e-06,0.0020190647144094,0.0012171585112809,3.72086788513e-05,0.0,10.231371128090474,1.3140655385845323,65,15,1.0230247909981374,0.0157729751632669,64,0.2459016393442623,0.0284372100382359,0.071655456273152,-6.1404709086e-06,0.0745512570852073,-7.267938253560047,-1197.074514573608,0.7838883167698036,5.0349557204451765,58,0.3715846994535519,0,1.721417231038887,-0.0452744347169077,0.1210918147754549,0.6100601107907622,1.76361703973e-05,0.6533022806403781,0.0016421225333403,0.0074591517770674,2.156056531633926,0.0072477267178105,5.85829768801e-05,0
36,Alghifari Amar Mukhasyafah,"Sidoarjo, Wonoayu",7.039310896e-07,0.0157012964292521,22,1.9338766e-09,195.8225112189605,6.32197749967e-05,4.31423300951e-05,4.29566742375e-05,2.75978062828e-05,8.2047353314e-06,6.73176e-11,1.4873708439139737,364.0000000004623,0.0150684931506849,4.25802411103e-05,182.5,35643.30000605276,0.9057061865536808,0.0082191780821917,1.3477202474782022,4.00654953327e-05,0,1.0380960675807165,1.32511071095e-05,-0.599245531799435,0.1150684931506849,0.9278754605939468,0.3205479452054794,94.50817128619062,-3.482720852095118,6.847648692e-06,8.436061508e-07,9.33337298e-08,6.7146160883e-06,3.513928776e-07,0.0,0.0,-1.85387600302964,0.8748343038309182,45,10,1.029154963806019,3.56219687138e-05,50,0.0328767123287671,4.39155818349e-05,0.2493877099148073,2.78112657e-08,0.0494387991290888,-6.895316554919244,-2.106196844794096,0.4772376269012088,8.984297591592492,50,0.3205479452054794,0,2.581119396768826,-0.0521420268694774,0.1047275792186302,0.668934619813214,4.57975e-11,0.0003070726388965,2.5624312375e-06,1.28048432404e-05,1.9979858156428647,1.25357276123e-05,1.975017e-10,0,1.52700497758e-05,0.0620945890383851,20,4.19506861e-08,214.2362989391374,0.0004383778420257,0.0001707126308787,0.0001284095856135,1.30297775707e-05,0.0001126629951178,1.26929504e-08,1.5519963425512222,364.0000001111444,0.0150684931506849,0.0001714247914706,182.5,1848.2888831225653,0.9293766189176133,0.0027397260273972,1.4049929438217732,7.6831987239e-05,0,0.9559168118044786,0.00018320944178,-0.779516155112224,0.1123287671232876,0.7369257375283693,0.3671232876712328,138.22393172590017,-2.216564383565056,9.78933892117e-05,1.47271266201e-05,1.0671227415e-06,7.08510399721e-05,7.7442879653e-06,0.0,0.0164383561643835,-0.6298263424793618,1.011820128442977,56,8,1.0329571736879757,0.0004253480644549,55,0.021917808219178,0.0002045379006699,0.6340509472997317,3.295729247e-07,0.077205665750561,-1.857186117236289,-15.118345436098556,0.5011800173251619,5.387696062209987,57,0.3671232876712328,0.0,1.829380274247276,-0.0448984420754222,0.1199139303816193,0.2308130144464034,1.03449313e-08,0.0053606740897386,1.01864323352e-05,0.000131428502881,2.002960874829432,0.000131028145848,2.25453444e-08,0,0.3666509779716431,11.412462160582148,46,0.0010072829065155,206.79759350730177,0.0430054185912012,0.0313530425744406,0.0303177426755427,0.025158090982586,0.0046378819136414,2.15099486448e-05,1.7676937386527316,364.00001681644056,0.0150684931506849,0.0311720998336871,182.5,69.49796510389184,0.9493823543887048,0.0027397260273972,1.159850892618016,0.0278351901238782,0,0.9975162864397252,0.0061150220994892,0.254908703753514,0.1068493150684931,0.9776605824340568,0.0876712328767123,51.89951348855425,-1.161461314823769,0.0036211526713039,0.0001941851993471,1.42403869742e-05,0.0026591374047778,0.000139293507633,0.0,0.0,-1.4206921045384016,0.5610760815713347,45,5,1.02647870777815,0.0178473276086152,46,0.0191780821917808,0.0316942144139836,1.0706386829376902,3.38524410018e-05,0.014897613633518,-16.889585696958886,-1314.8611419280585,0.2657321659221869,33.81397721223039,55,0.0876712328767123,0,5.359455703320998,-0.0611528385478421,0.0588380173937468,0.2910779244709722,6.9547208733e-06,0.0706834125623648,0.0018219046968587,0.006746229665539,1.9502049221658195,0.0064822075871803,5.18438868605e-05,0
37,Kurnia Maulinda Sari,"Labang, Bangkalan",2.716314452e-07,0.0073129037972784,3,1.073642e-09,113.23501724740962,7.06267969554e-05,2.8507922219e-05,2.64385916553e-05,-1.58264827512e-05,1.60222816572e-05,2.567135e-10,0.9422029957526604,253.00000001970108,0.0216535433070866,2.96783166504e-05,126.5,18924.06200568516,1.0,0.0039370078740157,1.8364895717411396,2.30774931167e-05,0,0.7545308042799053,2.30579481694e-05,-0.3040607550722698,0.2086614173228346,0.5735436117403564,0.4291338582677165,50.332595479062974,-2.543482743784344,1.30191037986e-05,9.4653637835e-06,3.1771044e-08,1.0534426233e-05,7.5844874931e-06,-6.85692443e-08,0.0787401574803149,19.101288598294733,1.443370551476992,63,11,1.033793380402222,8.64532797066e-05,63,0.2598425196850393,3.27019133805e-05,0.1985172226054686,-2.91639285e-08,0.1310783209234145,-1.5248691611240808,-0.9675833726641354,0.7742076999483837,2.8682400323456503,41,0.4291338582677165,0,0.9818768361786556,-0.0439042245428091,0.14010231993885,0.4573646268663454,4.747317e-10,0.0023947370372264,1.7862415634e-06,2.57078098418e-05,2.1459800952864354,2.56307276182e-05,7.100611e-10,6,1.2926913928e-05,0.0367372160458285,1,5.10945214e-08,132.3337290020165,0.0005886498838663,5.95316538491e-05,6.73688336974e-05,-0.000458937822259,0.0002175990443717,4.73493441e-08,0.6667133421758843,253.0000094009534,0.0216535433070866,4.5987429985e-05,126.5,2139.899709685828,1.0,0.0039370078740157,1.9741675819975175,0.0001172354161099,0,0.67670398812709,0.0002586845716905,-0.1204623479803426,0.2283464566929134,0.1292720624375575,0.4606299212598425,11.206122299241803,-1.2367002136154168,0.0001686133897054,0.0002165757228167,-2.0812119178e-06,0.000131250081722,0.0001720879317872,-2.08098754228e-05,0.2125984251968504,49.03355550229559,1.2304466202208395,72,13,1.038325151219358,0.0010475877061253,72,0.405511811023622,0.0002255955715911,-0.1808808008282055,1.375633932e-07,0.219778058853245,-0.161918077469684,-3.279880747010563,0.8979616732763418,1.929805784662409,40,0.4606299212598425,0.0078740157480314,0.1688626828773949,-0.0111575189698775,0.1423390894902484,0.2267950112961934,8.52845689e-08,0.05479365787265,4.4737483894e-06,0.0002578667997922,2.1835269144510026,0.0002578248162604,6.76970116e-08,97,0.2125853008853339,7.265220332544363,2,0.0008402581062661,125.03254973643554,0.0374665672832256,0.0287234796908811,0.0287673287093639,0.0202053869143128,0.0034513356737799,1.19117179331e-05,0.8894103227396672,253.00160758598727,0.0216535433070866,0.0286828338663847,126.5,123.41950837339915,1.0,0.0039370078740157,1.9596044098268444,0.0296990361172148,0,0.762689101724788,0.0044818610270602,-0.1940921226096752,0.2125984251968504,0.8401502543018634,0.4173228346456692,18.13525694566815,-0.0742616963862335,0.0027280415722521,0.0028565594805707,2.36669385975e-05,0.0022583117145089,0.0025346148759127,-0.0002163359895347,0.0,21.443926104838813,1.2932781594947045,70,11,1.0373237989034698,0.0172611803689128,70,0.4291338582677165,0.0289300882039022,0.0945123893755593,-4.0672794613e-06,0.0889942574831923,-7.0207113596125295,-532.8434363591876,0.8277667168534456,3.993116652147819,40,0.4173228346456692,0,1.4701575672311744,-0.0594410735454493,0.137551838981823,0.5969345543072012,1.90730914088e-05,0.7227095485844024,0.0024544514225831,0.0085572235582755,2.147130606658797,0.0081532492348746,7.53628982448e-05,0
38,Deo Candra Saputra,"Widodaren, Ngawi",2.196091521e-07,0.0086373345255563,2,6.016689e-10,196.1167458077061,4.28691054169e-05,2.366211619e-05,2.32852017475e-05,6.4581318617e-06,6.3347662309e-06,4.01292e-11,0.831174804038375,365.0000000080812,0.0150273224043715,2.35e-05,182.5,57742.10130627498,0.8951075515557514,0.0027322404371584,1.9734656833922672,2.28430699615e-05,0,0.6819696650074284,8.3481913841e-06,-0.1274852014718184,0.2021857923497267,0.7664051757274185,0.4344262295081967,21.655287364924387,-2.6362354599199467,5.0553493792e-06,5.1117909078e-06,2.1369863e-08,4.1852017475e-06,4.0999999999e-06,1.999999999e-07,0.0901639344262295,38.77189687832727,1.3142700704895516,83,13,1.0302248960258216,3.64109735552e-05,85,0.3442622950819672,2.44954078511e-05,0.2421075714546698,1.49667836e-08,0.1363514720387278,-2.671073674996142,-1.1388784148986306,0.8738182606792223,2.4861734829204263,57,0.4344262295081967,0,0.8384680498386735,-0.0293269291895362,0.14785417916722,0.6723272417580048,7.01887e-11,0.0018658036813574,1.4135126171e-06,9.3929827241e-06,2.1837239966251287,9.2585796348e-06,8.85827e-11,0,3.075489645e-06,0.0222726216434617,2,8.425999e-09,197.85769588903332,0.000272,2.17053423713e-05,1.71528036531e-05,-0.000208,8.90609638656e-05,7.9318552e-09,0.7173739106574709,365.0000017804318,0.0150273224043715,2.37499999999e-05,182.5,3863.987635239567,0.9807491539928984,0.0027322404371584,1.96733947133543,7.9999999999e-06,0,0.6823871671585199,0.000119425,-0.116695682604154,0.2021857923497267,0.1366949606220165,0.4590163934426229,11.348745561541492,-1.481351613671561,7.02597285582e-05,7.63633258562e-05,4.65753424e-08,6.05282879822e-05,6.24734782686e-05,8.436542338e-07,0.1830601092896175,39.05422251179803,1.2159506766858494,94,16,1.0326928842411969,0.0004799999999999,93,0.4153005464480874,9.16677542658e-05,0.2567836101735767,1.38690407e-07,0.2026486643294965,-0.1262244240023723,-4.845788404441819,0.883372014679003,1.9725410763408968,61,0.4590163934426229,0.0081967213114754,0.3749417315849188,-0.0122189815666775,0.1432728434071399,0.2332078591271271,1.39157342e-08,0.0278726139375164,3.6292399173e-06,0.0001125849145233,2.1897836140165308,0.0001125028567355,1.28140849e-08,124,0.322897264747946,10.775319800964262,4,0.0008846500404053,186.5383807241476,0.037933614,0.0295281306870608,0.029168054,0.0203581727722527,0.0032128588391118,1.032246192e-05,0.93293800611274,365.0013237947184,0.0150273224043715,0.0296005795,182.5,87.63879355735685,0.985241018061222,0.0027322404371584,1.905550739265294,0.028267121324739,0,0.7709611474480842,0.0050330602499999,-0.4437680004660267,0.1885245901639344,0.8983358365694976,0.3907103825136612,32.31239722959734,-0.0522973653310916,0.0026431135998462,0.0021174294284794,1.83646328767e-05,0.002428683,0.001797505,-2.12415438231e-05,0.0,14.428481868862258,1.1038951971739923,98,16,1.0343261093714786,0.0175754412277472,99,0.3688524590163934,0.0297024067003366,0.243107273409172,5.1945479982e-06,0.079864743782741,-7.434688900950353,-1200.247477651987,0.7576452456906514,4.421007912369991,57,0.3907103825136612,0,1.6132583409408576,-0.0439032929087074,0.1316663472473282,0.5050938981926669,1.4525254236e-05,0.772861741395013,0.0018061640089669,0.0076311068594023,2.1445062946763938,0.0073891430014296,6.2159476923e-05,0
39,Rifqi Fairurrafi,"Bangkalan, Bangkalan",3.561144199e-07,0.0100204231023381,4,9.919621e-10,191.3237958076679,7.0362244522e-05,2.63242636915e-05,2.68862569955e-05,-2.74225259474e-05,1.72116200011e-05,2.962398e-10,1.3239782803929157,359.0000000133661,0.0152777777777777,2.71761982574e-05,180.0,24361.119023335734,1.0,0.0027777777777777,1.81567709905716,2.63590978107e-05,0,0.8606642334786659,1.94801068157e-05,0.8876161076983053,0.1777777777777777,0.6122712713126661,0.3361111111111111,48.567774597690274,-2.406187722880159,1.28290191857e-05,6.2277347666e-06,2.75116649e-08,9.6239032453e-06,4.7198554966e-06,-2.818133067e-07,0.0555555555555555,-18.559524840350512,1.1006592605780825,41,13,1.0152149077980732,9.77847704695e-05,42,0.1083333333333333,3.14516569033e-05,-0.3094376411324659,2.70220205e-08,0.093020076693567,-1.4272156044742417,-2.594714695761549,0.710770255003406,5.076785669387213,53,0.3361111111111111,0,1.5540241850499814,-0.0411725619988944,0.1088601321709429,0.491811277677276,5.2885e-10,0.0022357567812209,1.1531977778e-06,3.28247691313e-05,2.1211801175030733,3.2802813457e-05,1.200685e-09,10,3.20374588151e-05,0.0775126923977328,3,8.85012674e-08,202.24439736466385,0.0010311508176748,9.7505312132e-05,9.02010285827e-05,-0.0006611991107871,0.0002806246183192,7.87501764e-08,1.10461351102947,362.00000576052736,0.0151515151515151,8.97060313419e-05,181.0,1736.3586791910127,1.0,0.0027548209366391,1.870779930133397,0.0001003583570207,0,0.826177980922872,0.0003185980858688,0.3078219527081431,0.1928374655647383,0.2770439966233051,0.3939393939393939,22.159722857598005,-1.10480960994564,0.0002169311168662,0.0001317303541695,2.125743575e-07,0.0001657653849505,9.70954099289e-05,-1.8175552187e-06,0.0881542699724518,-3.3461519673445856,1.2499691789909662,50,15,1.0180545925577107,0.0016923499284619,50,0.2203856749311294,0.0002970815751621,0.3872224027117975,2.349840995e-07,0.1329604767726487,-0.2308582862889745,-30.74352032629431,0.7868767920020366,3.383776892336292,64,0.3939393939393939,0.0027548209366391,1.1134321490262655,-0.0305184789483849,0.1216600380325469,0.1517352567105127,1.497813027e-07,0.0476863882093678,2.023327235e-06,0.0005172699252523,2.143982227347093,0.0005172642929368,2.897452227e-07,74,0.3040698584855061,10.38070237580039,3,0.0008376580123567,180.35857074740915,0.0392535778319183,0.0286077971882162,0.0285322656854986,0.0160265500966538,0.0041171220675306,1.69506941189e-05,1.1904397390961723,363.0016320290222,0.0151098901098901,0.0286659132689237,181.5,90.18232834529188,1.0,0.0027472527472527,1.9027461547718505,0.0288014153510493,0,0.7892788026391591,0.0051195214670281,0.2889674586329591,0.1895604395604395,0.8784448129224206,0.3763736263736264,27.73255407758252,0.0973671653611193,0.0032003209802427,0.002202250283324,2.58730442234e-05,0.0026247063677453,0.0015344648293535,4.99013951487e-05,0.0,1.8527785112303736,1.187787586954004,57,16,1.020250530525345,0.0232270277352645,56,0.2115384615384615,0.0289025388864207,-0.1524421152094921,-1.0087149465e-06,0.0793738165922332,-5.744971946264305,-1301.4045955348536,0.7897729606530568,5.059360259594735,60,0.3763736263736264,0,1.7036940520798565,-0.044267947797881,0.1219054595905916,0.7444821101874175,3.13992499322e-05,0.7994168528466374,0.0017101544539673,0.009757597227299,2.135235806699264,0.0095823780746098,0.0001025724201759,0
40,Fathan Ruhul Alam,"Warudoyong, Kota Sukabumi",5.330091044e-07,0.0126498265276453,29,1.4602989e-09,213.86076121410628,6.88813161104e-05,3.46694786435e-05,3.65230135228e-05,2.9569671653e-06,1.59479239785e-05,2.543362e-10,1.255332515985903,365.000000005753,0.0150273224043715,3.42436605933e-05,182.5,32739.118615472053,0.9967915256654832,0.0054644808743169,1.5595646605305735,3.92153590851e-05,0,0.9399374457791744,1.66856694553e-05,-0.3665476856979413,0.1284153005464481,0.7920450053740294,0.3743169398907104,61.584879715872944,-2.9065456253442994,1.23216475185e-05,2.5391172494e-06,1.005209226e-07,8.1017636864e-06,9.382256885e-07,2.49975629e-08,0.0191256830601092,9.196054693082758,0.8168559370747199,22,11,1.0083795418602632,6.59243489451e-05,22,0.1147540983606557,3.81616172173e-05,-0.3060586493020776,7.74297287e-08,0.0836095423654871,-2.4990523398054623,-2.4701122702884786,0.4948407657223581,4.715684900654611,57,0.3743169398907104,0,1.6225244152657818,-0.0429369500546874,0.1227015143722162,0.3303744703614517,2.118024e-10,0.0009267777960341,1.542606411e-06,1.78346643099e-05,2.0510778336828617,1.77628907528e-05,3.702064e-10,0,1.2391128939e-05,0.0499752545414178,5,3.39482984e-08,162.16026347760956,0.0004879311183887,2.25793338613e-05,2.30727373491e-05,-0.0004397374856732,0.0001826080973877,3.33457172e-08,1.248793009284871,365.0000027733263,0.0150273224043715,1.58299299073e-05,182.5,2144.8556301267035,0.9911280921816754,0.0054644808743169,1.784548070704976,-2.22866138453e-05,0,0.8809487949641661,0.0002422663145863,-0.300522805268423,0.1721311475409836,0.237216295808353,0.4562841530054645,39.85952937566482,-1.389597944263426,0.0001458192064765,7.56866059509e-05,-2.73757367e-07,0.0001203723305969,3.51559727278e-05,4.8071933633e-06,0.0983606557377049,6.846476313944382,0.9754594724233552,38,12,1.013878622778532,0.0009276686040619,37,0.2459016393442623,0.0001839987596403,-0.0115702448324999,8.74185922e-08,0.1562580872241139,-0.0259672556542122,-15.940651301988002,0.7581429337244889,2.4386460312365226,55,0.4562841530054645,0.0054644808743169,0.8575111135998315,-0.0241900400065623,0.1469728855744057,0.1238931555628269,6.6485238e-08,0.0276256111720879,6.465527724e-07,0.0003423713674216,2.0880156565823795,0.0003423705285815,1.369386944e-07,66,0.2933008008846327,10.24481995357198,5,0.00080356383804,190.38230398134172,0.037859309464693,0.0280701692910772,0.0279939056684573,0.019468592479825,0.0036652291058296,1.34339043982e-05,1.0868815902387874,365.0010204734863,0.0150273224043715,0.0277641814202069,182.5,95.95289635334412,0.9993583051330968,0.0027322404371584,1.8715455797246188,0.0277444151230156,0,0.8024069041305473,0.0051921498538418,-0.2798007263098157,0.1721311475409836,0.8959520722600417,0.3770491803278688,63.5746973038993,-0.054459703584647,0.0029369699235848,0.0016830490264174,3.00104283306e-05,0.0026072319597005,0.0011772895231842,3.4837673108e-06,0.0,4.526727595645638,1.1043070113830278,57,15,1.0206389047348732,0.018390716984868,58,0.2814207650273224,0.0283084494175848,0.138842608706069,9.524663304e-06,0.0738155065867297,-6.914684562577903,-1218.143369774696,0.6664760074417733,5.269654364513172,59,0.3770491803278688,0,1.80691951375746,-0.0454642946575254,0.1246805975715157,0.3979875593611057,1.63793974901e-05,0.614312894642353,0.0018032317712373,0.0083373409789117,2.1320562724537377,0.0081143723432893,7.48510351577e-05,0
41,Laila Maghfiroh,"Kamal, Bangkalan",1.1289069911e-06,0.0170199185700601,5,3.0928958e-09,165.6527228998055,0.0001274726421003,4.60115235016e-05,4.06458926363e-05,-3.70368588846e-05,3.11028139589e-05,9.67385e-10,1.0662722200433292,365.0000000745842,0.0150273224043715,4.47709749509e-05,182.5,11978.500369232415,1.0000000000000002,0.0027322404371584,1.8164031387210884,3.69924165585e-05,0,0.8094068245407405,3.71196407593e-05,0.1938381841179772,0.1693989071038251,0.5632039713938114,0.4316939890710382,42.61822393733317,-2.173369629395068,2.42118432866e-05,1.40099207921e-05,-7.59717183e-08,1.78061364522e-05,9.4433989943e-06,4.339220857e-07,0.0683060109289617,12.505468888073276,1.0030974909899617,75,15,1.0263972476318286,0.0001645095009849,75,0.2049180327868852,5.55377829149e-05,0.7295117202904504,-3.12444672e-08,0.1260851803658166,-1.1968559121726263,-4.210063436191353,0.7339014960965052,3.018073846666557,62,0.4316939890710382,0,1.07989162740564,-0.0319761391206424,0.1404162103030282,0.2893126643752758,1.6665412e-09,0.0051136210891527,1.4584273813e-06,4.85509918855e-05,2.13873139289406,4.85248557421e-05,2.5996096e-09,8,2.60020415492e-05,0.0662512340700171,2,7.12384699e-08,198.91062086197712,0.0007377922302111,5.15092672222e-05,4.28860107466e-05,-0.000601090402845,0.0002615160124345,6.83906247e-08,0.8843664957994658,365.0000134757219,0.0150273224043715,4.99110865955e-05,182.5,1407.906750626811,0.9993583051330968,0.0027322404371584,1.953696670522528,1.4067820302e-06,0,0.7228738339910001,0.0003392779660218,0.0009277921320065,0.2021857923497267,0.1126827623621312,0.4644808743169399,24.831927378934523,-1.0316140472274649,0.000206322480462,0.0001986634826167,5.074580557e-07,0.0001723181955618,0.0001428714931535,-1.00612915957e-05,0.1666666666666666,28.273130683996204,1.155335867236705,79,18,1.0280679954227607,0.0013388826330561,80,0.3306010928961748,0.0002665404835469,0.1242520018337166,3.723412287e-07,0.1961215198719836,-0.09567630562509,-15.831568921531744,0.8667199922495216,2.008875409351378,58,0.4644808743169399,0.0109289617486338,0.4489941413195584,-0.0139033069754552,0.1440185355490638,0.1859128614483537,1.252176578e-07,0.0725121711550969,7.2459493444e-06,0.000370072512544,2.182635843897576,0.000369960366163,1.407459123e-07,120,0.309145568747742,10.509738923241326,2,0.0008469741609527,183.76087334979044,0.0396603574710232,0.0288115529745657,0.0287373723196131,0.0184929344270911,0.0038150280594937,1.45544390947e-05,0.8073091762399502,365.00251783778776,0.0150273224043715,0.0287482016719877,182.5,100.41968322811206,1.0000000000000002,0.0027322404371584,1.9496853230937357,0.0301350171012537,0,0.7231573971421021,0.0050476184838704,-0.1884047877998966,0.1967213114754098,0.8599943376160623,0.4180327868852459,12.15055396701985,0.1371968683099262,0.0030775510981288,0.0028006576417996,2.4360081512e-06,0.0025097619605255,0.0022638015449048,-0.0001760534603487,0.0081967213114754,23.13872202251692,1.0876454334153307,74,15,1.026061871834679,0.0211674230439321,74,0.3333333333333333,0.0290630353525046,0.1874209090029552,1.8068541141e-06,0.0977377052101086,-5.539658998557144,-1207.53648172854,0.8618840494527498,3.706366042892719,62,0.4180327868852459,0,1.3513201972566256,-0.0392911867636429,0.1372383250414325,0.8106018192803345,2.76680516939e-05,1.022240039256875,0.0016627593272395,0.0080295692390941,2.166901872453484,0.0078224139555426,6.57197730399e-05,0
42,Dewi Geizya,"Banyuajuh kamal, Bangkalan",9.656469008e-07,0.0159117139889131,5,2.6456079e-09,167.82224817162444,0.0001561539233012,4.35933927427e-05,3.60712997462e-05,-6.819736881e-07,2.71660747939e-05,7.379956e-10,1.3499484569030331,365.0000000375243,0.0150273224043715,4.26345576062e-05,182.5,11422.346296279751,0.9878160855150226,0.0027322404371584,1.8090772151115293,2.28434108602e-05,0,0.9290242783249064,3.24809498614e-05,3.05019045245035,0.1666666666666666,0.5782948979976646,0.4098360655737705,73.04564929616257,-2.233626271629059,2.04913568841e-05,1.05421786083e-05,-7.28431898e-08,1.39661953751e-05,7.8294074228e-06,-9.1159017e-09,0.0519125683060109,-4.045534214708996,1.214534413671573,68,15,1.0242099061273875,0.0001568358969894,67,0.1967213114754098,5.13651585273e-05,1.5314489035658965,-2.49819836e-08,0.1080851610449016,-1.4612268528100998,-3.976655735175342,0.6828808085465441,3.898559853246299,63,0.4098360655737705,0,1.3543068967933385,-0.0366210324730195,0.1288810139712312,0.5554144340220051,1.437779e-09,0.0038478951920617,1.9046781335e-06,5.43964087593e-05,2.09374132822028,5.43593343575e-05,3.4797e-09,2,2.33980978618e-05,0.0627713951040006,2,6.41043777e-08,175.6205677361485,0.0007268053410152,5.86217540232e-05,5.79609769202e-05,-0.0006586360108237,0.0002459526765172,6.0492719e-08,0.8998812162368549,365.0000124968312,0.0150273224043715,5.18293679841e-05,182.5,1636.1185903346457,1.0000000000000002,0.0109289617486338,1.9533146902582297,0.0001033567326876,0,0.6849976201434625,0.0003126858305801,0.1294375276620174,0.1967213114754098,0.1245702317913891,0.4644808743169399,17.900677806695796,-1.0513525048731265,0.0001929627670403,0.0001852652403098,-1.0981725372e-06,0.0001548635299685,0.0001225460982823,-2.1255127495e-06,0.1693989071038251,31.873503776282856,1.2173294003712531,84,19,1.029397315599313,0.001385441351839,84,0.4262295081967213,0.0002528423009125,0.0273103015406796,-4.35849112e-08,0.1993907098535194,-0.1325598975121114,-14.116228915495071,0.8753322613261435,2.033464077155118,60,0.4644808743169399,0.0109289617486338,0.4731962644376254,-0.0130596946135924,0.1447584210885904,0.2699601079322269,1.156368478e-07,0.0676218127131001,6.2306703822e-06,0.0003346161597278,2.185398337096293,0.0003345217939137,1.140816932e-07,109,0.309351594043549,10.4922645994392,3,0.0008475386138179,179.99942707126223,0.0396899938209758,0.0287456125033512,0.0289650579028925,0.0071220851934733,0.0043488729979609,1.89126963523e-05,0.9138529747218076,365.0021311402443,0.0150273224043715,0.0287412430258135,182.5,104.01682811285632,0.9943820336295452,0.0027322404371584,1.895762045169198,0.02829122580135,0,0.7352177487035623,0.0051451698573139,3.536149915822029,0.2021857923497267,0.8577278238284328,0.3770491803278688,30.174359404312707,0.1021619671335427,0.0032447081239044,0.002544838408439,-4.9573560691e-06,0.0025816984692713,0.0018908862508989,0.0,0.0109289617486338,11.001544142616398,1.0245816429467427,68,15,1.0243787874691417,0.0325679086275024,68,0.2841530054644808,0.0290727180453637,-0.9612239443224596,-2.2300051413e-06,0.086083954729649,-5.18114134993772,-1338.892829371685,0.8219412245161085,4.2711501024199325,57,0.3770491803278688,0,1.508743488912482,-0.0422984295433244,0.1262661453594025,0.7595695785192662,3.66242971844e-05,0.9288660190802592,0.0017195903055845,0.0095945823239684,2.143826742219515,0.0094151955009151,9.87801092891e-05,0
43,Fathul Aziz Saifuddin,"Dukun, Gresik",3.544847034e-07,0.0106084420204282,3,9.711909e-10,203.9194410026186,5.75570929868e-05,2.90468365663e-05,2.78438906207e-05,1.1186188894e-06,1.11722301563e-05,1.248187e-10,0.8884506685910234,365.0000000125179,0.0150273224043715,2.92733499463e-05,182.5,31723.46993547768,0.9993583051330968,0.0027322404371584,1.903364663720431,2.65159322332e-05,0,0.8132138797140541,1.47323359271e-05,-0.1932399399306472,0.180327868852459,0.6756852533934384,0.4098360655737705,63.24167921301745,-2.5231853528958905,8.8529016073e-06,5.6001157822e-06,-3.71770835e-08,7.2200080012e-06,3.3435427969e-06,1.788321885e-07,0.0710382513661202,11.932101594746188,1.0495321009949992,57,17,1.0206389047348732,5.64384740973e-05,58,0.2650273224043716,3.11213341805e-05,0.3710794092786276,2.69115739e-08,0.119725096925076,-2.169486874563445,-1.8247231783505196,0.721469661962607,3.2278099853411404,58,0.4098360655737705,0,1.090257446416183,-0.0336173545420132,0.1346493433500034,0.3581557099994599,1.730804e-10,0.0020440422605237,2.2049541141e-06,1.78079436379e-05,2.154730844549009,1.76431818372e-05,3.317393e-10,0,8.7041733074e-06,0.040114128941685,2,2.38470501e-08,201.6708009533536,0.0004007501265732,4.36159842905e-05,4.49603351455e-05,-0.0003249244573453,0.0001479173424485,2.18795401e-08,0.8157811288867521,365.000003420399,0.0150273224043715,3.81532550423e-05,182.5,2835.5282988990066,0.9993583051330968,0.0027322404371584,1.924251882900776,7.41965638098e-05,0,0.7603768334871186,0.000185878714717,-0.0746601632883829,0.1994535519125683,0.2269914339812092,0.4562841530054645,24.55927033967962,-1.3271441049919677,0.0001151866797976,9.88504312665e-05,-4.393888409e-07,9.29471545986e-05,7.85338393143e-05,4.5807514652e-06,0.1557377049180328,30.07797253436529,1.2046169320392706,72,15,1.025558035445763,0.0007256745839185,72,0.3469945355191257,0.0001542137940739,-0.0001278836923633,2.952017401e-07,0.1811055629318622,-0.1593781965065328,-10.919864753371314,0.8327296067770761,2.2059431360344224,62,0.4562841530054645,0.0027322404371584,0.5494423660113585,-0.0177781649590635,0.1414355319997069,0.2591513091163775,3.66681979e-08,0.0360804074122825,3.6305921604e-06,0.0002127055837914,2.1677537823577677,0.0002126602432268,4.72582955e-08,92,0.3130573114046213,10.6021482689296,3,0.0008576912641222,182.94253049628176,0.0385938324034214,0.0290462197903821,0.0287622321241845,0.0203225445002317,0.0034154005997293,1.16649612566e-05,0.8553958016080714,365.0015173127912,0.0150273224043715,0.0288764926775816,182.5,94.7524712417594,0.9993583051330966,0.0027322404371584,1.8550322511381083,0.028544624056667,0,0.7977577310130347,0.0049142767974688,-0.1401809107938407,0.1857923497267759,0.9090758061918628,0.412568306010929,19.236414322130354,-0.0750258451875474,0.0027735532770924,0.0019505157758825,1.82017326763e-05,0.002447953115772,0.0011034829076379,-0.0001459433697163,0.0,17.969039770026658,1.2379974029973948,73,13,1.026061871834679,0.0182712879031897,74,0.3852459016393442,0.0292463304598682,0.2806093701949135,6.541060028e-07,0.0823824227361566,-6.728633535619302,-1215.8749791044927,0.7898871861834845,4.4001480351063815,56,0.412568306010929,0,1.5985412079497132,-0.0432536074819506,0.1323956641646164,0.5533437066758501,1.82142904598e-05,0.7119382581971149,0.0017627358678789,0.0077341263240843,2.1242346604195257,0.0075077727186597,6.44748556639e-05,0
