{"type":"FeatureCollection","features":[{"type":"Feature","id":3943,"geometry":{"type":"MultiPolygon","coordinates":[[[[112.44689660100005,-6.874427179999941,0],[112.44685591300004,-6.874396484999977,0],[112.4468302140001,-6.8743779249999761,0],[112.44681451000008,-6.8743550819999655,0],[112.44680879900011,-6.8743372359999739,0],[112.44680879900011,-6.8743258149999633,0],[112.44681379600001,-6.8743051129999344,0],[112.4468159380001,-6.8742872669999429,0],[112.4468159380001,-6.8742772739999509,0],[112.44681094100008,-6.8742644249999785,0],[112.44680594400006,-6.8742487199999687,0],[112.44680523000011,-6.87423515699993,0],[112.44680308900001,-6.8742137419999381,0],[112.44680094700004,-6.8742066039999372,0],[112.44679380900004,-6.8741930409999554,0],[112.4467823870001,-6.8741866159999745,0],[112.44676596900001,-6.8741794779999736,0],[112.44675312000004,-6.8741673429999537,0],[112.44674266100003,-6.8741594989999726,0],[112.44673884300005,-6.874156634999963,0],[112.44672385300009,-6.8741423579999719,0],[112.44671885600007,-6.8741302229999519,0],[112.44671632100005,-6.874075912999956,0],[112.44671421800001,-6.8740643459999546,0],[112.44671328700008,-6.8740531759999612,0],[112.44671528600009,-6.8740152949999356,0],[112.44671600000004,-6.8739860279999334,0],[112.4467202830001,-6.8739446249999787,0],[112.44673384600003,-6.8738825209999277,0],[112.44675954400009,-6.87375759899993,0],[112.44679309500009,-6.8736184009999306,0],[112.44683164200001,-6.8734734919999596,0],[112.44688732100008,-6.8733021709999775,0],[112.44693943200002,-6.8731451259999403,0],[112.44697919700002,-6.8730206239999347,0],[112.44702476500004,-6.8728747739999676,0],[112.44702437800004,-6.872863873999961,0],[112.44701938200001,-6.8728581629999326,0],[112.44701927000006,-6.872858095999959,0],[112.44701224300002,-6.8728538799999797,0],[112.44700653200005,-6.8728517389999411,0],[112.44699637800011,-6.8728523729999438,0],[112.44699511100009,-6.872852451999961,0],[112.44698940000001,-6.8728545939999321,0],[112.44698369000002,-6.872861731999933,0],[112.4469656870001,-6.8729057309999462,0],[112.44694799800004,-6.8729652389999387,0],[112.44688449700004,-6.8731584779999366,0],[112.44681090000006,-6.8733722069999317,0],[112.44680837400006,-6.8733780609999258,0],[112.44680309900002,-6.8733928319999791,0],[112.4467980500001,-6.8734050579999462,0],[112.44678452900007,-6.8734377999999765,0],[112.44677044500008,-6.8734976569999731,0],[112.44677025200008,-6.873498475999952,0],[112.44674115700002,-6.8736285049999424,0],[112.44670774200006,-6.8737556119999681,0],[112.44669015900001,-6.8738333619999707,0],[112.44667888100003,-6.873883234999937,0],[112.4466688870001,-6.8739453389999312,0],[112.4466617490001,-6.8740245749999644,0],[112.44665677400008,-6.8740958289999412,0],[112.44666208400008,-6.8740990149999561,0],[112.4466688870001,-6.8741030969999315,0],[112.44665589300007,-6.8741550719999509,0],[112.44662748400003,-6.8742687079999314,0],[112.44662896800003,-6.8742695979999553,0],[112.44663105400002,-6.87427084899997,0],[112.44660606900004,-6.874385062999977,0],[112.44659757700003,-6.874409122999964,0],[112.44659750300002,-6.8744093339999495,0],[112.44659107900009,-6.8744143309999686,0],[112.44658563500002,-6.8744252179999421,0],[112.44658536800011,-6.8744257519999792,0],[112.44657823000011,-6.8744278939999504,0],[112.44651963600006,-6.8744115679999709,0],[112.44652592800003,-6.8746701039999607,0],[112.44652843400002,-6.874773045999973,0],[112.44654836200004,-6.8749962339999797,0],[112.44665512400002,-6.8751132899999448,0],[112.44674564700006,-6.87521253999995,0],[112.44746174000011,-6.8758658079999577,0],[112.44760745100007,-6.8759807559999331,0],[112.44766905100005,-6.8760342379999315,0],[112.44770660900008,-6.8760734169999296,0],[112.44771902800005,-6.876091454999937,0],[112.44773360700003,-6.8761126289999766,0],[112.44775294600004,-6.8761585719999516,0],[112.44775730300012,-6.8761812949999808,0],[112.44775569600006,-6.8762145399999781,0],[112.44774470600009,-6.8762503699999797,0],[112.44773450800005,-6.87626574199993,0],[112.44784331300002,-6.8763915529999622,0],[112.44787271100006,-6.8764282089999256,0],[112.44788141100003,-6.876448661999973,0],[112.44788043200003,-6.8764820779999809,0],[112.44778794400008,-6.8766019999999344,0],[112.44786626900009,-6.876705306999952,0],[112.44789901600006,-6.8767387569999414,0],[112.44792986000004,-6.8767779649999738,0],[112.44794627800002,-6.8768095479999261,0],[112.4479485060001,-6.8769111479999765,0],[112.44794016300011,-6.8769849249999311,0],[112.44793858500009,-6.8770275539999375,0],[112.44794470700003,-6.8770752729999458,0],[112.44795864500009,-6.8771664459999329,0],[112.44796670100004,-6.8771893319999435,0],[112.44802405500002,-6.8772290459999681,0],[112.44785294000008,-6.8774225379999621,0],[112.44769783300001,-6.8775889559999541,0],[112.4475423240001,-6.8777558059999251,0],[112.4478117220001,-6.8779665709999449,0],[112.44832360800001,-6.878351380999959,0],[112.44853477200002,-6.8785637679999354,0],[112.4486099830001,-6.8786394149999524,0],[112.44872092800006,-6.8787726719999682,0],[112.44874552100009,-6.878800708999961,0],[112.44881730400004,-6.8788825499999575,0],[112.44864918600001,-6.879272139999955,0],[112.44861193600002,-6.8793419219999805,0],[112.44880367600001,-6.8795009929999651,0],[112.4491762020001,-6.8797920409999733,0],[112.44936050300009,-6.8799383219999299,0],[112.44936875500002,-6.8799448709999638,0],[112.4497511730001,-6.8802624349999633,0],[112.44986076000009,-6.8803466919999323,0],[112.45025943400003,-6.8806239289999667,0],[112.45041778700011,-6.880739928999958,0],[112.45080971100003,-6.881083288999946,0],[112.45088106700007,-6.8811413939999397,0],[112.45097304100011,-6.8812162889999513,0],[112.45132092200004,-6.8815019759999814,0],[112.45153325500007,-6.8816763469999387,0],[112.45179383800007,-6.8818585889999326,0],[112.4518222590001,-6.8818785699999694,0],[112.45191828100008,-6.8819460799999774,0],[112.45205471600002,-6.8820420029999809,0],[112.45176341300009,-6.8823130299999775,0],[112.45187923800006,-6.8824202349999268,0],[112.45223796400001,-6.8827355449999459,0],[112.45254444800003,-6.8830325119999429,0],[112.45290654500002,-6.8832610059999411,0],[112.45300065300012,-6.8833089939999468,0],[112.45319643100004,-6.8834088269999256,0],[112.45343285700005,-6.8834910669999658,0],[112.45348752600012,-6.8834909009999592,0],[112.45364729200003,-6.8833817329999647,0],[112.45370575400011,-6.8833417859999599,0],[112.45377776500004,-6.8832913559999724,0],[112.45384774200011,-6.8832911429999513,0],[112.45402209700001,-6.8833523169999467,0],[112.45414216200004,-6.8833944449999649,0],[112.4545306660001,-6.8835244379999381,0],[112.45467005900002,-6.8835897889999274,0],[112.45468602200003,-6.8835972729999639,0],[112.45512493400008,-6.8838030459999686,0],[112.4553961470001,-6.883920810999939,0],[112.45559201600008,-6.8839857839999468,0],[112.45582483300007,-6.8840520089999586,0],[112.45601671200006,-6.8837058259999253,0],[112.4560998290001,-6.8835634309999705,0],[112.45610101400007,-6.8835613999999623,0],[112.45610218900003,-6.8835593869999343,0],[112.45617051400006,-6.8834265419999383,0],[112.45624012600001,-6.8832911939999804,0],[112.45624431700003,-6.8832830449999278,0],[112.45623996300003,-6.8832813039999792,0],[112.45622568700003,-6.8832784479999418,0],[112.45620569900007,-6.8832736899999531,0],[112.45618285600005,-6.8832708339999726,0],[112.45615144800001,-6.8832670269999312,0],[112.4561324120001,-6.8832632199999466,0],[112.45610290700006,-6.883259412999962,0],[112.45607054600009,-6.8832546539999271,0],[112.4560172460001,-6.8832451359999709,0],[112.45594681400007,-6.8832251479999513,0],[112.45592397100006,-6.8832194379999692,0],[112.45590779100007,-6.8832146789999342,0],[112.45588590000011,-6.8832013539999366,0],[112.45588592100012,-6.8832010859999286,0],[112.45588685100006,-6.8831889809999325,0],[112.45580214300003,-6.8831280659999265,0],[112.4557850110001,-6.8831394879999266,0],[112.45574376400009,-6.8831264749999264,0],[112.4557082020001,-6.8831098789999601,0],[112.45558394600005,-6.8829993379999337,0],[112.45549231900009,-6.8829160399999409,0],[112.45542690200011,-6.8828565699999444,0],[112.4554169380001,-6.8828466959999446,0],[112.45529484200006,-6.8827256999999804,0],[112.45529321400011,-6.8827241339999432,0],[112.45526390900011,-6.8826959559999636,0],[112.45525518600004,-6.8826841179999292,0],[112.45524725200005,-6.8826733509999372,0],[112.45524358200009,-6.8826482249999685,0],[112.45525652100002,-6.8825789759999338,0],[112.45526419000009,-6.8825504459999252,0],[112.4552888930001,-6.8825603269999647,0],[112.45531387700009,-6.8825055989999555,0],[112.45529365200002,-6.8824877539999534,0],[112.45530911800006,-6.8824568209999484,0],[112.45530317000009,-6.8824508719999358,0],[112.45531506700002,-6.8824258879999434,0],[112.45532220500002,-6.882430645999932,0],[112.45533886200008,-6.882399712999927,0],[112.45550661400011,-6.8821772339999256,0],[112.45550542400008,-6.8821689059999471,0],[112.45549828600008,-6.8821593879999341,0],[112.45549824700004,-6.8821511459999556,0],[112.45549821600002,-6.8821445389999667,0],[112.4555168600001,-6.8821178019999252,0],[112.45552529700001,-6.8821128419999695,0],[112.45553516700011,-6.8821070399999371,0],[112.45554706400003,-6.8821034709999367,0],[112.45565666800007,-6.8819320009999387,0],[112.45570306800005,-6.8818606169999725,0],[112.45570009400001,-6.8818558579999376,0],[112.45571139600008,-6.8818326579999507,0],[112.45571675000008,-6.8818350379999629,0],[112.45581014400011,-6.8816851319999728,0],[112.45581192800012,-6.881676802999948,0],[112.4558123270001,-6.8816716229999315,0],[112.45581252300008,-6.8816690699999299,0],[112.45581609200008,-6.8816607419999514,0],[112.45582680000007,-6.8816381369999249,0],[112.45583393800007,-6.8816309989999809,0],[112.45584092000001,-6.881627238999954,0],[112.45584167100003,-6.8816268349999632,0],[112.45584304400006,-6.8816239419999761,0],[112.45585832800009,-6.8815917379999405,0],[112.45588450200012,-6.8815500969999448,0],[112.45589402000007,-6.8815465279999444,0],[112.45590022700003,-6.881547482999963,0],[112.45590175300003,-6.8815477179999789,0],[112.45591022600001,-6.8815347469999324,0],[112.45596897300004,-6.8814448059999336,0],[112.45603024400009,-6.8813597399999367,0],[112.45607010000003,-6.8813169099999527,0],[112.4561117400001,-6.8812663459999612,0],[112.45614683700001,-6.8812253009999722,0],[112.45619406800006,-6.8811665959999573,0],[112.45625212800007,-6.8810944299999619,0],[112.45624558500003,-6.881089670999927,0],[112.45623428300007,-6.881089670999927,0],[112.45622357500008,-6.8810843179999779,0],[112.45620989300005,-6.8810730149999699,0],[112.45620097000005,-6.8810623079999687,0],[112.45619383200005,-6.8810634969999569,0],[112.45615933000011,-6.8810920509999391,0],[112.45613256100012,-6.881110491999948,0],[112.45611412000005,-6.8811188199999265,0],[112.45610162800006,-6.8811194149999437,0],[112.45608378200006,-6.8811110869999652,0],[112.45600644900003,-6.8810533849999729,0],[112.45599327600007,-6.8810691919999272,0],[112.45598980800003,-6.881073353999966,0],[112.45598860300004,-6.8810747999999649,0],[112.45598860300004,-6.881076567999969,0],[112.45598860300004,-6.8810807479999312,0],[112.45599395700003,-6.8810837229999606,0],[112.45600050000007,-6.88109918899994,0],[112.45599693100007,-6.8811158459999433,0],[112.45599111000001,-6.8811268919999407,0],[112.45597373200007,-6.8811598659999618,0],[112.45586606100005,-6.8813169099999527,0],[112.45582561000003,-6.8813752069999623,0],[112.45580062600004,-6.881407329999945,0],[112.45579586700001,-6.8814097089999677,0],[112.45567808400006,-6.881348437999975,0],[112.45567451400007,-6.8813496279999526,0],[112.45566916100006,-6.8813561709999362,0],[112.45565666800007,-6.8813799659999404,0],[112.45562871000004,-6.881428744999937,0],[112.45555732600008,-6.8815179739999621,0],[112.45552996200001,-6.8815500969999448,0],[112.45547385300006,-6.8816192159999332,0],[112.45547054500003,-6.881623463999972,0],[112.45544853500007,-6.8816484479999644,0],[112.45543663800004,-6.8816627249999556,0],[112.45542355100008,-6.8816710529999341,0],[112.45541046400001,-6.8816716479999513,0],[112.45539440200002,-6.8816692689999286,0],[112.45537774600007,-6.8816633199999728,0],[112.45535633100008,-6.8816490429999249,0],[112.45533908000004,-6.8816389299999514,0],[112.45532420800009,-6.8816371459999459,0],[112.4553152850001,-6.8816383359999804,0],[112.45530755200002,-6.8816401199999291,0],[112.4552956550001,-6.8816496379999421,0],[112.45523734200003,-6.8817364749999683,0],[112.45519214800004,-6.8817876469999533,0],[112.45511362600007,-6.8818911529999696,0],[112.45506603700005,-6.88195361399994,0],[112.45504997500007,-6.8819726499999661,0],[112.45504105200007,-6.8819762189999665,0],[112.45502677500008,-6.8819774089999441,0],[112.45500417100004,-6.8819732449999265,0],[112.45495942800005,-6.8819515909999609,0],[112.45483473000002,-6.8818713929999262,0],[112.45481082000003,-6.8818536809999387,0],[112.45480125600011,-6.8818464039999299,0],[112.45474315900003,-6.8818096039999546,0],[112.45473291200005,-6.8818031129999326,0],[112.45472101500002,-6.8817977589999373,0],[112.45463594900002,-6.8817382729999395,0],[112.45456035600012,-6.88168096499993,0],[112.4544923200001,-6.8816293859999291,0],[112.45448485300005,-6.8816276279999329,0],[112.45448128400005,-6.8816300069999556,0],[112.45447652500002,-6.8816365509999287,0],[112.45447368900011,-6.8816402429999357,0],[112.45446218500001,-6.881655215999956,0],[112.45445180600007,-6.8816561569999521,0],[112.45445154100003,-6.8816561809999257,0],[112.45444856600011,-6.8816561809999257,0],[112.45444202400006,-6.8816487429999711,0],[112.45440549800003,-6.8816187049999371,0],[112.45439217300009,-6.8816101389999744,0],[112.45438170400007,-6.881606331999933,0],[112.45437313800005,-6.881606331999933,0],[112.45437125700005,-6.8816085269999689,0],[112.45436742700008,-6.8816129939999655,0],[112.45430460900002,-6.8816891369999666,0],[112.4543020640001,-6.8816916809999498,0],[112.45430140300004,-6.8816923429999406,0],[112.45429318800007,-6.8817005579999773,0],[112.45428214200001,-6.8817024049999418,0],[112.45402383300006,-6.8814607089999527,0],[112.45400765200009,-6.8814435769999704,0],[112.45400289300005,-6.8814312029999769,0],[112.45402097700003,-6.8814121679999403,0],[112.45403430200008,-6.8813959869999621,0],[112.4540428680001,-6.8813750479999385,0],[112.45404001300005,-6.8813541089999717,0],[112.45403144700003,-6.8813322179999545,0],[112.45401431500011,-6.881312229999935,0],[112.45399908600007,-6.8812931949999552,0],[112.45391057000006,-6.8811618479999765,0],[112.45370213000001,-6.8808477599999378,0],[112.45368785300002,-6.8808410969999727,0],[112.45362027600004,-6.880872505999946,0],[112.45358670300004,-6.8808171559999778,0],[112.45358506000002,-6.8808144469999775,0],[112.4535971680001,-6.8808050029999777,0],[112.45363264900004,-6.8807773279999651,0],[112.45358450000003,-6.8806979209999781,0],[112.45347274900007,-6.8805631759999528,0],[112.4534527620001,-6.8805765009999504,0],[112.45343521900008,-6.880581455999959,0],[112.45342040100002,-6.8805822119999789,0],[112.45337757100003,-6.8805336709999665,0],[112.4534156420001,-6.8805041649999339,0],[112.45343848500011,-6.8804718049999565,0],[112.45345085800011,-6.8804461069999547,0],[112.45345181000005,-6.8804080349999595,0],[112.45344610000006,-6.8803832889999512,0],[112.45344610000006,-6.8803633009999317,0],[112.45352795300005,-6.8802690749999442,0],[112.45376875400007,-6.8799930569999788,0],[112.45378588700009,-6.879959744999951,0],[112.4537982600001,-6.8799435639999729,0],[112.45378521700002,-6.8799330289999716,0],[112.45374876700009,-6.87990358899998,0],[112.4537611400001,-6.8798874089999345,0],[112.45379350100006,-6.879907396999954,0],[112.45380111500003,-6.8799064449999605,0],[112.45380813600002,-6.8799041039999338,0],[112.45380968100005,-6.87990358899998,0],[112.45387535400005,-6.8798283989999618,0],[112.45388201700007,-6.8798198319999528,0],[112.45388296900001,-6.8798093629999357,0],[112.4538763060001,-6.8798017489999665,0],[112.45386632400005,-6.8797945849999564,0],[112.45385712500001,-6.8797879839999609,0],[112.45385885900009,-6.8797857629999726,0],[112.45386596100002,-6.8797766679999768,0],[112.4538763060001,-6.8797770019999689,0],[112.45389343800002,-6.8797655809999583,0],[112.45398766500011,-6.8796551739999359,0],[112.4540038450001,-6.8796323309999252,0],[112.45400670100003,-6.8796209099999714,0],[112.45410378300005,-6.879506694999975,0],[112.45421990000011,-6.8793677349999598,0],[112.45427986300001,-6.8793020619999652,0],[112.45438265500002,-6.8791916549999428,0],[112.45446355700005,-6.8791050419999351,0],[112.45452658300007,-6.8790350409999519,0],[112.45453324200002,-6.8790279379999788,0],[112.45454160300005,-6.8790336589999583,0],[112.45462250500009,-6.8789441909999596,0],[112.4546577210001,-6.8789089749999448,0],[112.45467390100009,-6.8788956499999472,0],[112.45471157800011,-6.8788667019999252,0],[112.4547157500001,-6.8788625299999353,0],[112.45473121700002,-6.8788482519999548,0],[112.45474787300009,-6.8788268369999628,0],[112.45476215000008,-6.8788089919999607,0],[112.45480619900002,-6.8787585929999295,0],[112.45481476500004,-6.8787490749999733,0],[112.45482618700009,-6.8787376539999627,0],[112.45491755800003,-6.8786500889999616,0],[112.45499179700005,-6.8785853679999605,0],[112.45500702600009,-6.8785691879999717,0],[112.45502415800001,-6.8785587179999652,0],[112.45504795300008,-6.8785463449999611,0],[112.45507936200011,-6.8785358749999546,0],[112.45511172200008,-6.8785311159999765,0],[112.45513837200008,-6.8785330199999635,0],[112.45516597400001,-6.8785396819999391,0],[112.45518025100012,-6.8785491999999522,0],[112.45520975600004,-6.8785777539999344,0],[112.45524497200006,-6.8786196319999249,0],[112.45525353800008,-6.8786320059999753,0],[112.45526305600004,-6.8786310539999249,0],[112.45527067,-6.8786205839999752,0],[112.4552744770001,-6.8786101139999687,0],[112.45527828500008,-6.8786015479999492,0],[112.45527733300003,-6.8785967889999711,0],[112.45526876700001,-6.8785806089999255,0],[112.45525734500006,-6.8785615729999563,0],[112.45523926100009,-6.8785387309999351,0],[112.45521546700002,-6.8785225499999569,0],[112.45518881700002,-6.8785082739999552,0],[112.45516692600006,-6.8784987559999422,0],[112.45512504700002,-6.8784882859999357,0],[112.45509078300006,-6.8784873339999422,0],[112.45504509700004,-6.8784882859999357,0],[112.45502606200012,-6.8784920929999771,0],[112.45501083300007,-6.8784968519999552,0],[112.45499980600005,-6.8785035639999705,0],[112.45498894200011,-6.8785101769999528,0],[112.45497371300007,-6.8785235019999504,0],[112.45494230500003,-6.8785511039999392,0],[112.45483475300011,-6.878648185999964,0],[112.45480715100007,-6.8786719799999787,0],[112.4547728870001,-6.878700533999961,0],[112.45474243000001,-6.8787271839999562,0],[112.45471863500006,-6.8787509789999604,0],[112.45466914200006,-6.8788033269999573,0],[112.45460346900006,-6.87887375899993,0],[112.45453779600007,-6.8789441909999596,0],[112.45442358200012,-6.8790584049999666,0],[112.45427986300001,-6.8792125939999664,0],[112.45414661300003,-6.8793620239999314,0],[112.45406571100011,-6.879448636999939,0],[112.45399527900008,-6.8795152609999377,0],[112.45397053300007,-6.8795314419999727,0],[112.45397028200011,-6.8795314419999727,0],[112.45395980900003,-6.8795314219999568,0],[112.45388487200012,-6.879489562999936,0],[112.45386488500003,-6.8794800449999798,0],[112.45385822200001,-6.8794809969999733,0],[112.45383774600009,-6.8794968459999382,0],[112.45367928700011,-6.8796746849999408,0],[112.45365929900004,-6.8796861069999409,0],[112.45362869300004,-6.8796917079999389,0],[112.45357902900003,-6.8796827939999616,0],[112.45344800300006,-6.8796447039999293,0],[112.45342104700001,-6.8796321749999265,0],[112.45334663800008,-6.8795975909999356,0],[112.45327668200002,-6.8795447669999703,0],[112.45319102100007,-6.8794748109999659,0],[112.45314390800002,-6.8794434019999358,0],[112.4531124990001,-6.879427696999926,0],[112.45308251800009,-6.8794048539999721,0],[112.45304397100006,-6.8793791559999704,0],[112.45300685100005,-6.8793434639999305,0],[112.45290420900005,-6.8792447489999518,0],[112.45288172700009,-6.8792282839999643,0],[112.45283955500008,-6.8791890569999623,0],[112.45280719400012,-6.8791576479999321,0],[112.45278911100002,-6.8791395639999564,0],[112.45276341200008,-6.8791110109999636,0],[112.45274628000004,-6.8790872159999594,0],[112.45271011200009,-6.8790500969999471,0],[112.45269107700005,-6.8790310609999779,0],[112.45265966800002,-6.8790091699999607,0],[112.45263968000006,-6.878992989999972,0],[112.45260732000008,-6.8789749059999394,0],[112.45257781400005,-6.8789415929999791,0],[112.45251499700009,-6.8788787749999756,0],[112.4525026230001,-6.8788664019999715,0],[112.4524854870001,-6.8788303249999672,0],[112.45248454000011,-6.8788283309999656,0],[112.45246264800005,-6.8787931149999508,0],[112.45244170900003,-6.8787474289999295,0],[112.45243044600011,-6.878707176999967,0],[112.45242271300003,-6.8786786229999279,0],[112.45241379000004,-6.8786542339999528,0],[112.4524105270001,-6.8786406379999789,0],[112.45241022100004,-6.8786393619999444,0],[112.45241022100004,-6.878623895999965,0],[112.45241676500007,-6.878607833999979,0],[112.45242568800006,-6.878593556999931,0],[112.45244353300006,-6.8785685729999386,0],[112.45247576600002,-6.8785298949999287,0],[112.45247625100001,-6.8785293109999657,0],[112.4525190810001,-6.8784704199999283,0],[112.45259938800007,-6.8783651289999739,0],[112.45265828000004,-6.8782949349999285,0],[112.45272193000005,-6.8782122489999438,0],[112.45279034000009,-6.8781224239999688,0],[112.45280402200001,-6.8781081469999776,0],[112.45280818600008,-6.878098629999954,0],[112.452809376,-6.8780867319999288,0],[112.45281116000001,-6.8780712659999494,0],[112.45281591900005,-6.8780635319999419,0],[112.45282365200001,-6.8780557989999807,0],[112.45283019600004,-6.8780522299999802,0],[112.45283887900007,-6.878058044999932,0],[112.45284426600006,-6.8780483479999361,0],[112.45284090300004,-6.8780349789999491,0],[112.45284447300003,-6.8780266509999706,0],[112.45285042100011,-6.8780195119999803,0],[112.45286746000011,-6.878007881999963,0],[112.45290158000012,-6.8779743029999736,0],[112.45293608200006,-6.8779332569999383,0],[112.45296998900005,-6.8778862629999367,0],[112.45299376900005,-6.8778403419999563,0],[112.45301614400012,-6.877813205999928,0],[112.45311037700003,-6.8776959059999285,0],[112.45313952600009,-6.8776631879999286,0],[112.45315173000006,-6.8776494799999455,0],[112.453163915,-6.8776423679999539,0],[112.45316748400001,-6.8776370139999585,0],[112.45316807900008,-6.8776292809999404,0],[112.45317731300008,-6.8776065379999523,0],[112.45318694700006,-6.8775942769999574,0],[112.45320170100001,-6.8775756409999644,0],[112.45321538600001,-6.877566255999966,0],[112.45322025900009,-6.8775638189999313,0],[112.45323548700003,-6.8775600129999361,0],[112.45325261900007,-6.877553349999971,0],[112.45327600100006,-6.8775355799999716,0],[112.453276415,-6.8775352659999385,0],[112.4532811360001,-6.8775288689999456,0],[112.45330591900006,-6.8774952909999456,0],[112.4533458950001,-6.877439135999964,0],[112.45336397900007,-6.8774191479999445,0],[112.45336940600009,-6.8774131559999319,0],[112.45338639500005,-6.8773895499999753,0],[112.45339293800009,-6.8773776529999395,0],[112.45339829200009,-6.8773687299999438,0],[112.45340701500004,-6.8773643679999736,0],[112.45340900000008,-6.8773633759999484,0],[112.45342565600004,-6.8773580219999531,0],[112.45343457900003,-6.8773526679999577,0],[112.45343814800003,-6.8773419609999564,0],[112.4534405280001,-6.8773258999999598,0],[112.45343921500012,-6.8773222889999488,0],[112.45343814800003,-6.8773193559999299,0],[112.45342863000008,-6.877316976999964,0],[112.45341673300004,-6.8773187609999695,0],[112.45340543100008,-6.87732232999997,0],[112.45339769700001,-6.8773181659999523,0],[112.45339353300005,-6.8773116229999687,0],[112.45339115400009,-6.8772925869999426,0],[112.45339174900005,-6.8772729569999456,0],[112.45339591300001,-6.8772580849999372,0],[112.45339935600009,-6.8772493209999652,0],[112.45340245600005,-6.8772414289999801,0],[112.45340966400011,-6.8772259359999452,0],[112.45340959500004,-6.8772200139999313,0],[112.45340424100004,-6.8772170389999587,0],[112.45339293800009,-6.8772307209999326,0],[112.4533840150001,-6.8772444029999633,0],[112.45337390300006,-6.877255704999925,0],[112.4533483240001,-6.8772836639999468,0],[112.45327515500003,-6.8773853859999576,0],[112.45322637600009,-6.8774543899999685,0],[112.45321328900002,-6.87747223599996,0],[112.4532031760001,-6.8774900819999516,0],[112.45318830500003,-6.8775097129999381,0],[112.45315320800012,-6.8775531379999393,0],[112.45311811100009,-6.8775953729999628,0],[112.45306754700005,-6.8776643779999631,0],[112.45294738400003,-6.8778214219999541,0],[112.45294322000007,-6.8778184479999709,0],[112.4529354870001,-6.8778172579999364,0],[112.45280432000004,-6.8779724549999628,0],[112.4527916720001,-6.8779895909999595,0],[112.4526909970001,-6.8781295619999696,0],[112.45265709000012,-6.8781765569999607,0],[112.45264834600005,-6.8781817919999639,0],[112.4523499610001,-6.8785701199999494,0],[112.45231398200008,-6.8786009139999464,0],[112.45228748200009,-6.8786106489999383,0],[112.45221665800011,-6.8786002339999754,0],[112.45214042100008,-6.8785720849999734,0],[112.45202604700012,-6.8785152379999772,0],[112.45192398400002,-6.8784360509999374,0],[112.45174055900009,-6.8782893109999463,0],[112.45165753800006,-6.8782231939999292,0],[112.45161613500011,-6.8781803639999453,0],[112.45157045000008,-6.878124684999932,0],[112.45152904700001,-6.8780647219999764,0],[112.45147480300011,-6.8779676339999583,0],[112.45125192400008,-6.8776761759999658,0],[112.4511678450001,-6.8775150669999334,0],[112.45111502100008,-6.877412273999937,0],[112.4510526250001,-6.8772486999999387,0],[112.45102940200002,-6.8771631709999497,0],[112.45101121700009,-6.8771147219999307,0],[112.45099479900011,-6.8770811719999756,0],[112.45097766700007,-6.8770404829999734,0],[112.45096910000007,-6.8770097879999526,0],[112.45095839300006,-6.8769683859999304,0],[112.45095196800003,-6.8769426869999393,0],[112.45094697100001,-6.8768955739999456,0],[112.45094197500009,-6.8768812969999544,0],[112.45092841200005,-6.8768605959999718,0],[112.45091056600006,-6.876844890999962,0],[112.45090485500009,-6.8768313289999696,0],[112.45090556900004,-6.8768127689999687,0],[112.45090728700006,-6.876809332999926,0],[112.45091342100011,-6.8767970639999589,0],[112.45092055900011,-6.8767863569999577,0],[112.45093198100005,-6.8767706519999479,0],[112.45094839900003,-6.876754233999975,0],[112.45096481700011,-6.8767406709999364,0],[112.45098052200001,-6.8767256809999253,0],[112.45098130100007,-6.8767249019999781,0],[112.45098908800003,-6.8767171139999732,0],[112.45100354400006,-6.87669952899995,0],[112.45100776700008,-6.8766943909999441,0],[112.45103572500011,-6.8766628629999786,0],[112.45104524300007,-6.8766491809999479,0],[112.45109759100001,-6.8765873149999379,0],[112.45112021900002,-6.8765542069999697,0],[112.45114743700003,-6.8765282619999653,0],[112.45115350900005,-6.8765224749999447,0],[112.45117254400009,-6.876505222999981,0],[112.45118741600004,-6.8764945159999797,0],[112.45119812400003,-6.8764838079999322,0],[112.45120466700007,-6.8764748849999364,0],[112.45120823600007,-6.8764617979999798,0],[112.45120764100011,-6.8764439519999314,0],[112.45119693400011,-6.8764136139999437,0],[112.45118384700004,-6.876397552999947,0],[112.45117730300001,-6.8763904139999568,0],[112.45117016500001,-6.8763850609999508,0],[112.45116183700009,-6.8763820859999782,0],[112.45114993900006,-6.8763820859999782,0],[112.45113804200003,-6.8763862499999391,0],[112.45111543700011,-6.8763987429999816,0],[112.45105595100006,-6.8764493059999268,0],[112.45101906900004,-6.8764897569999448,0],[112.45098292600005,-6.8765397929999494,0],[112.45092948200011,-6.8765964759999747,0],[112.45083713200006,-6.8766824259999453,0],[112.45083335200002,-6.8766859439999735,0],[112.45082882400004,-6.8766897749999316,0],[112.45077148600001,-6.8767382919999704,0],[112.45074388400008,-6.8767630379999787,0],[112.45073812900011,-6.8767710309999757,0],[112.45072675200004,-6.876786832999926,0],[112.45071913800007,-6.8768058679999626,0],[112.45070105400009,-6.8768325179999579,0],[112.45066679000001,-6.8768753489999312,0],[112.45061920100011,-6.8769353109999543,0],[112.45060111700002,-6.876951490999943,0],[112.45058112900006,-6.8769581539999649,0],[112.45054686500009,-6.876962912999943,0],[112.45052263500008,-6.8769623739999588,0],[112.45050403500011,-6.8769619609999495,0],[112.45047357800001,-6.8769591059999584,0],[112.45044978300007,-6.8769448289999673,0],[112.45041456700005,-6.876901046999933,0],[112.45035771300002,-6.8768234029999462,0],[112.45033033000004,-6.8767633879999721,0],[112.45032826000011,-6.8767598849999558,0],[112.45032482500005,-6.8767540719999261,0],[112.45031272600011,-6.8767221109999355,0],[112.45030987100006,-6.8767011719999687,0],[112.45031177400006,-6.8766792809999515,0],[112.45031653300009,-6.8766592939999782,0],[112.45032319600011,-6.8766421609999497,0],[112.45033731400008,-6.8766247219999741,0],[112.4503393760001,-6.8766221739999764,0],[112.45035200100006,-6.8766046089999691,0],[112.45036126700006,-6.8765917169999398,0],[112.45042694000006,-6.8765146219999451,0],[112.45050498700004,-6.8764213469999618,0],[112.45059064700001,-6.8763214099999459,0],[112.45067821100008,-6.87622147299993,0],[112.45068570500007,-6.8762131909999766,0],[112.45075110500011,-6.8761409209999442,0],[112.45075786500001,-6.8761347239999395,0],[112.45076023000001,-6.8761325559999591,0],[112.45076740200011,-6.8761258619999808,0],[112.45085794600004,-6.8760524959999429,0],[112.45095272200001,-6.8759900879999805,0],[112.45099134800012,-6.8759578279999687,0],[112.45110080400002,-6.8758740709999415,0],[112.4512378610001,-6.87576747199995,0],[112.45125975200006,-6.8757646159999695,0],[112.45127314600006,-6.8757703569999649,0],[112.45128640200005,-6.8757760379999695,0],[112.45138633900001,-6.8758464699999422,0],[112.45139205000009,-6.8758264819999795,0],[112.45132923200003,-6.8757779409999671,0],[112.45131590700009,-6.8757617609999784,0],[112.4514063260001,-6.8756589679999252,0],[112.45145486700005,-6.8756875219999642,0],[112.45146438500001,-6.8756799069999488,0],[112.45147295100003,-6.8756675339999447,0],[112.45146533700006,-6.8756523059999495,0],[112.4514539160001,-6.8756351739999673,0],[112.45143963900011,-6.8756132819999607,0],[112.45144554700005,-6.8756002559999274,0],[112.45151826400001,-6.875552293999931,0],[112.45153767300008,-6.8755314289999774,0],[112.45154148000006,-6.8755238149999514,0],[112.45154206300003,-6.8755179909999811,0],[112.45154243200011,-6.8755142969999383,0],[112.45154909400003,-6.8755085859999667,0],[112.4515957320001,-6.8754657559999259,0],[112.45171618400002,-6.8753615339999783,0],[112.45173217700005,-6.8753451859999473,0],[112.45181572100012,-6.8752732099999321,0],[112.45190423700001,-6.8752018259999659,0],[112.45208031700008,-6.8750628659999506,0],[112.4521320340001,-6.8750158489999649,0],[112.45219567300001,-6.8749571219999552,0],[112.45220376300006,-6.8749514119999731,0],[112.45221042600008,-6.8749447489999511,0],[112.45221512600006,-6.8749367589999792,0],[112.45221518500011,-6.8749366589999568,0],[112.45221613600006,-6.87493047199996,0],[112.45221566000009,-6.8749247619999778,0],[112.45221042600008,-6.8749176229999307,0],[112.45220186000006,-6.874910960999955,0],[112.45219186600002,-6.8749081049999745,0],[112.45218647200011,-6.8749081049999745,0],[112.45218630300008,-6.8749081049999745,0],[112.45218567900008,-6.8749081049999745,0],[112.45218044400008,-6.874910960999955,0],[112.45217283000011,-6.8749152439999648,0],[112.45214631500005,-6.8749381149999635,0],[112.45214123100004,-6.8749419889999785,0],[112.45210982200001,-6.8749600729999543,0],[112.45202389000008,-6.8750228749999565,0],[112.45189518100005,-6.8751325569999722,0],[112.45177672700004,-6.8752215639999577,0],[112.45170180400009,-6.8752867749999496,0],[112.45161535600005,-6.8753708859999279,0],[112.45150320900007,-6.8754620059999638,0],[112.4514861780001,-6.8754731979999519,0],[112.45141787500006,-6.8755273359999478,0],[112.45140740500005,-6.8755397099999414,0],[112.45139883900003,-6.8755558899999301,0],[112.45138551400009,-6.8755692149999277,0],[112.45131603400011,-6.875614900999949,0],[112.45124465000004,-6.875676766999959,0],[112.45112091800002,-6.8757671859999618,0],[112.45099528200001,-6.8758671229999777,0],[112.45087705000003,-6.8759549889999789,0],[112.45075088400006,-6.8760461089999581,0],[112.45072222700003,-6.8760690349999436,0],[112.45066215800011,-6.876124104999974,0],[112.45061361700004,-6.8761707429999319,0],[112.45057840100003,-6.8762107179999248,0],[112.45053842600009,-6.8762554509999632,0],[112.45046894600011,-6.8763420639999708,0],[112.45039185100006,-6.8764286759999322,0],[112.45031477200007,-6.8765327679999473,0],[112.45028154600004,-6.8765842319999706,0],[112.45024337300003,-6.8766552009999486,0],[112.45022909600004,-6.8766808989999504,0],[112.45022053000002,-6.8767046939999545,0],[112.45021767500009,-6.8767189699999562,0],[112.45021947500004,-6.8767215489999671,0],[112.45022580400007,-6.8767306159999748,0],[112.45022909600004,-6.8767361029999279,0],[112.45022814400011,-6.8767408609999734,0],[112.45020815700002,-6.8767532349999669,0],[112.45018341000002,-6.8767722699999467,0],[112.45017169500011,-6.8767863749999378,0],[112.4500901350001,-6.8768845809999561,0],[112.44990286700011,-6.8771241449999252,0],[112.44989220400009,-6.8771377859999347,0],[112.44976843200004,-6.8772967039999457,0],[112.44975862500007,-6.8772916189999478,0],[112.44975422700008,-6.8772893389999581,0],[112.44974178200005,-6.8772986069999433,0],[112.44973876400002,-6.8773026309999636,0],[112.44973607200006,-6.8773062209999694,0],[112.44972560200006,-6.8773071729999629,0],[112.44971227700012,-6.8773043179999718,0],[112.44969704900006,-6.8772957519999522,0],[112.44968086800009,-6.8772871859999327,0],[112.44965897700001,-6.87727861999997,0],[112.4496380380001,-6.877259583999944,0],[112.44964089300004,-6.8772329339999487,0],[112.44964374900007,-6.8772138979999795,0],[112.44964565200007,-6.8771958139999469,0],[112.44964945900006,-6.8771834409999428,0],[112.4496664830001,-6.8771543589999737,0],[112.44967230200007,-6.8771444179999435,0],[112.44968657900006,-6.8771225269999263,0],[112.44968657900006,-6.8771158649999506,0],[112.44967135000002,-6.8771044429999506,0],[112.44965041100011,-6.8770892149999554,0],[112.44958093100001,-6.877048287999969,0],[112.44954362600004,-6.8770306969999524,0],[112.44944190900003,-6.8769827329999771,0],[112.44940032800002,-6.8769612609999626,0],[112.44927924000001,-6.8768821339999704,0],[112.44922948500005,-6.876838017999944,0],[112.44921544600004,-6.8768255699999372,0],[112.44912598800011,-6.8767579829999477,0],[112.44907082600002,-6.8767058029999362,0],[112.44906765400003,-6.8767028019999543,0],[112.44921790100011,-6.8765255369999636,0],[112.44926208300001,-6.87647340999996,0],[112.44926380000004,-6.8764695469999424,0],[112.44926589000011,-6.8764648439999405,0],[112.44928111900003,-6.8764477119999583,0],[112.44942483800003,-6.8762706799999478,0],[112.44950424900003,-6.8761762319999775,0],[112.44958569000005,-6.8760793709999461,0],[112.4496009180001,-6.8760641429999509,0],[112.44959816700009,-6.876061664999952,0],[112.44948304400009,-6.8759579619999727,0],[112.44936106900002,-6.8758480879999411,0],[112.44935778100012,-6.8758522719999746,0],[112.4490993280001,-6.876181211999949,0],[112.44903175100001,-6.8762678249999567,0],[112.44893086200011,-6.8763972669999589,0],[112.44890543700001,-6.8764260259999332,0],[112.44887280300009,-6.8764629399999535,0],[112.44885824300002,-6.8764716729999691,0],[112.44884234600011,-6.876470554999969,0],[112.44882426200002,-6.876463891999947,0],[112.44881379300011,-6.8764562779999778,0],[112.4487909500001,-6.8764400979999323,0],[112.44876144400007,-6.8763934599999743,0],[112.4487576460001,-6.8763866229999735,0],[112.44874240900003,-6.876359195999953,0],[112.44872622800006,-6.8763325459999578,0],[112.44870571100012,-6.8763070769999786,0],[112.44869862700011,-6.8762982819999365,0],[112.44867673600004,-6.8762811499999543,0],[112.44863009800008,-6.8762564029999567,0],[112.44858646300008,-6.8762313009999616,0],[112.4484844750001,-6.876109827999926,0],[112.44839215200011,-6.8760032289999344,0],[112.44829316700009,-6.8758918699999754,0],[112.44823080100002,-6.8758215369999789,0],[112.44812781700011,-6.8757053969999333,0],[112.44794279000007,-6.8754815869999675,0],[112.44794271800004,-6.8754732639999361,0],[112.44794567200006,-6.8754709039999398,0],[112.44812297600004,-6.8753292459999784,0],[112.44798913800003,-6.8751655209999285,0],[112.44791206000002,-6.875066573999959,0],[112.44770295100011,-6.87520955399998,0],[112.44768677100001,-6.8752143129999581,0],[112.44766868700003,-6.8752181199999427,0],[112.44765726500009,-6.8752152649999516,0],[112.44764489200008,-6.8752086029999759,0],[112.44763537400001,-6.8752009879999605,0],[112.44761158000006,-6.8751733869999612,0],[112.4475896890001,-6.875151495999944,0],[112.44756589400004,-6.8751229419999618,0],[112.44755542500002,-6.8751067619999731,0],[112.44754400300008,-6.87508582199996,0],[112.44753734100004,-6.8750724969999624,0],[112.44753578000007,-6.8750519559999361,0],[112.44754685900011,-6.8750296669999784,0],[112.44755732800002,-6.8750134869999329,0],[112.44758017100003,-6.8749887399999352,0],[112.44766297600006,-6.8749002239999299,0],[112.44766678300005,-6.8748926099999608,0],[112.44780479200006,-6.8747593599999277,0],[112.44791900600001,-6.8746565679999776,0],[112.44802370200011,-6.8745585339999593,0],[112.44815600100003,-6.8744309949999547,0],[112.44829591300004,-6.874293937999937,0],[112.44831875600005,-6.8742729989999702,0],[112.44833017700012,-6.8742634809999572,0],[112.44833493600004,-6.8742520589999572,0],[112.44834350200006,-6.8742415899999401,0],[112.44834724700002,-6.8742403209999452,0],[112.44839186400009,-6.8742252089999738,0],[112.44840251300002,-6.8742216019999773,0],[112.44840034200001,-6.8741781829999695,0],[112.4483996570001,-6.8741644949999454,0],[112.44837700200003,-6.8741685729999631,0],[112.4483824460001,-6.8741648039999745,0],[112.44843738900011,-6.8741115359999299,0],[112.44858389600006,-6.8739610679999714,0],[112.44866802100012,-6.8738746769999466,0],[112.44874157000004,-6.8738101629999733,0],[112.44876379400012,-6.8737908009999273,0],[112.44877152700008,-6.8737836619999371,0],[112.44877926100003,-6.8737759289999758,0],[112.44877926100003,-6.8737646269999573,0],[112.44877152700008,-6.8737521349999611,0],[112.44875963000004,-6.8737461859999485,0],[112.44875827800001,-6.8737458739999511,0],[112.44875189700008,-6.8737444009999535,0],[112.44874000000004,-6.8737432119999653,0],[112.44872869700009,-6.8737473759999261,0],[112.44861340000011,-6.8738555569999562,0],[112.44853928400005,-6.8739334059999351,0],[112.44850559200006,-6.8739643659999388,0],[112.44843999900002,-6.8740280949999715,0],[112.44818989800001,-6.8742599509999422,0],[112.44819227700009,-6.8742658999999549,0],[112.44808996100005,-6.874372975999961,0],[112.44792220900001,-6.8745323989999747,0],[112.44779252800004,-6.8746513719999598,0],[112.44762358600008,-6.8748191239999414,0],[112.44755815100007,-6.8748631449999493,0],[112.44753673600007,-6.8748690929999725,0],[112.4475112880001,-6.8748565809999604,0],[112.44749652100006,-6.874842747999935,0],[112.44744489000004,-6.8748018919999367,0],[112.44734043000005,-6.8747072899999466,0],[112.44730592800011,-6.8746811159999766,0],[112.4472549190001,-6.8746464469999751,0],[112.44720744600011,-6.8745981689999667,0],[112.44713930600005,-6.8745463909999671,0],[112.44711218100008,-6.874532113999976,0],[112.44709005200002,-6.874520691999976,0],[112.44706935000011,-6.8745128399999658,0],[112.44704508000007,-6.8745014189999551,0],[112.44701866800006,-6.8744821449999449,0],[112.44699796600003,-6.874470009999925,0],[112.44696084700001,-6.8744564469999432,0],[112.44693586200003,-6.8744443119999801,0],[112.44689660100005,-6.874427179999941,0]]],[[[112.33383979700011,-6.8612895909999452,0],[112.33383924200007,-6.8612893109999504,0],[112.33380509700009,-6.8612596609999628,0],[112.33374118100005,-6.8612321989999714,0],[112.3336781160001,-6.8612068029999591,0],[112.33357264200004,-6.8611773959999596,0],[112.3335263460001,-6.8611681609999664,0],[112.33351046400003,-6.8611649939999779,0],[112.33351016900008,-6.8611649009999383,0],[112.33338533400001,-6.8611256999999455,0],[112.33335059300009,-6.8611327469999424,0],[112.33331581400012,-6.8611398009999789,0],[112.33325273100002,-6.8611678379999717,0],[112.33319665700003,-6.8611982119999766,0],[112.33310320100009,-6.8612355939999361,0],[112.33306581800002,-6.8612519489999499,0],[112.33297937100008,-6.8612846589999776,0],[112.33286722300011,-6.8612940049999338,0],[112.33276442100009,-6.8612916679999785,0],[112.33268965600007,-6.8612963409999566,0],[112.33261021800001,-6.8613010139999346,0],[112.33257522000008,-6.8613013529999307,0],[112.33257283500006,-6.8613407329999632,0],[112.3325704990001,-6.8613897979999479,0],[112.33253311600004,-6.8614225069999293,0],[112.33240807700008,-6.8613950609999392,0],[112.33240293000006,-6.8613879209999595,0],[112.33236723100003,-6.861338395999951,0],[112.33230648400001,-6.8612823229999549,0],[112.33227377500009,-6.8611958749999644,0],[112.33219200000008,-6.8612285849999353,0],[112.33216863600001,-6.861261294999963,0],[112.33214059900001,-6.8613080229999355,0],[112.33212190800009,-6.8613594239999429,0],[112.33210555300002,-6.8614178339999512,0],[112.3320938710001,-6.8614739079999367,0],[112.33206897200012,-6.8615985679999767,0],[112.33207241700006,-6.8616146459999641,0],[112.33201102700002,-6.861825941999939,0],[112.33200685500003,-6.8618409159999487,0],[112.33197383800007,-6.8619722939999406,0],[112.33196288600004,-6.8621037169999681,0],[112.33193003000008,-6.8622606949999749,0],[112.33192607100011,-6.8622754499999701,0],[112.33188987300002,-6.8624103709999531,0],[112.33186796900009,-6.8625344929999414,0],[112.33184971600008,-6.8626148069999431,0],[112.33183511300001,-6.8626914709999483,0],[112.33179495600007,-6.8627973399999291,0],[112.33175845000005,-6.8628265449999617,0],[112.33165623200011,-6.8628082919999542,0],[112.33155401400006,-6.8627717849999499,0],[112.33141528900001,-6.8627498809999565,0],[112.33132402300009,-6.8627425799999742,0],[112.33123275700007,-6.8627170249999381,0],[112.33114879200002,-6.8627024229999734,0],[112.33110863500008,-6.8626768679999373,0],[112.33107943000005,-6.8626148069999431,0],[112.33107577900012,-6.8625052879999657,0],[112.33110498400004,-6.8623629129999699,0],[112.33112323800003,-6.8622533939999357,0],[112.33114877900005,-6.8621183879999421,0],[112.33114879200002,-6.8621183199999791,0],[112.33116704500003,-6.8620124509999414,0],[112.3311816480001,-6.8619065829999499,0],[112.33119620200011,-6.86177433499995,0],[112.33121952800002,-6.8616696159999719,0],[112.33125152800005,-6.8615259599999376,0],[112.33125721400006,-6.8615004319999571,0],[112.33122723300005,-6.8614947209999286,0],[112.33116156000006,-6.8615004319999571,0],[112.33109017600009,-6.8615575389999321,0],[112.33106305000001,-6.8616403439999658,0],[112.33106733300008,-6.8617160109999418,0],[112.33108018200005,-6.8617688349999639,0],[112.33098310000003,-6.8623327669999412,0],[112.33086293700001,-6.8629704629999537,0],[112.33065225400003,-6.8641507949999436,0],[112.3306417440001,-6.8641629759999319,0],[112.3306189000001,-6.8641798659999722,0],[112.33059204500012,-6.8641951779999317,0],[112.33056519100001,-6.8642096369999308,0],[112.33052035300011,-6.8642298089999372,0],[112.33046968200006,-6.8642524089999597,0],[112.33039325000004,-6.8642793859999642,0],[112.33034112100006,-6.8642854609999517,0],[112.33030150700006,-6.8642662619999442,0],[112.33029421600008,-6.8642534419999492,0],[112.3302869260001,-6.8642406219999543,0],[112.33027963500001,-6.8642136479999749,0],[112.33027811600004,-6.8642027719999419,0],[112.33025355700011,-6.8641999309999733,0],[112.33025600100007,-6.8641486079999368,0],[112.33022500400011,-6.8641297359999385,0],[112.33022500400011,-6.8641067899999371,0],[112.33022500400011,-6.8640869059999545,0],[112.33018336300006,-6.8640440759999706,0],[112.33013815300001,-6.8640393169999356,0],[112.33011425500001,-6.8640559219999773,0],[112.33010841000009,-6.8640797679999537,0],[112.33010722000006,-6.8641404439999292,0],[112.33012387700001,-6.8642261049999433,0],[112.33011554900008,-6.8643200929999466,0],[112.33008937400007,-6.8643296109999596,0],[112.33006677000003,-6.8642903499999761,0],[112.33005011300008,-6.8642820219999408,0],[112.33005249300004,-6.8642380019999791,0],[112.33004178500005,-6.8641487719999645,0],[112.33005844100001,-6.8641083209999465,0],[112.33007390800003,-6.8640500239999369,0],[112.330051303,-6.8640190919999782,0],[112.33005386400009,-6.8639957739999318,0],[112.33004790900009,-6.8639886039999283,0],[112.3300322340001,-6.8639757239999426,0],[112.33001449300002,-6.8639649089999466,0],[112.32999286400002,-6.8639556739999534,0],[112.3299669810001,-6.8639446159999693,0],[112.32993818300008,-6.8639299139999252,0],[112.32990185000006,-6.8639098639999361,0],[112.32987414500008,-6.8638958899999807,0],[112.32984291700006,-6.8638876279999295,0],[112.32980597700009,-6.8638850749999278,0],[112.32975725000006,-6.8638842239999462,0],[112.32971897200002,-6.8638789999999403,0],[112.32969211900001,-6.8638686709999774,0],[112.3296770500001,-6.863853846999973,0],[112.32966793700007,-6.8638339189999442,0],[112.32966709700008,-6.8638251659999696,0],[112.32966562900003,-6.8638098579999678,0],[112.32966939500011,-6.8637836119999633,0],[112.32967936000011,-6.8637622249999595,0],[112.32969515600007,-6.863745334999976,0],[112.32971532800002,-6.8637318479999294,0],[112.32973549900009,-6.8637188449999371,0],[112.32975263200001,-6.863702926999963,0],[112.32976818600002,-6.863682755999946,0],[112.32978167400006,-6.8636614909999594,0],[112.32979649800006,-6.8636365809999802,0],[112.32980198400003,-6.8636241009999708,0],[112.32980622000002,-6.8636144649999551,0],[112.32981071600011,-6.8635935649999738,0],[112.32981010800006,-6.8635741239999675,0],[112.32980464000002,-6.8635541949999492,0],[112.32979551300002,-6.8635380149999605,0],[112.3297939470001,-6.8635352389999298,0],[112.32977377600002,-6.8635150059999432,0],[112.32974777200002,-6.863495443999966,0],[112.32971289700004,-6.8634747869999728,0],[112.32968932400001,-6.8634553429999414,0],[112.32967146100009,-6.8634380279999618,0],[112.32965688000002,-6.8634251479999762,0],[112.32964084000002,-6.8634174919999396,0],[112.32962261300008,-6.8634163989999593,0],[112.32960645200001,-6.8634204089999571,0],[112.32960067400006,-6.8634235959999614,0],[112.32959235600003,-6.8634281849999752,0],[112.32958069100005,-6.8634376629999565,0],[112.32956939000007,-6.8634447109999428,0],[112.32955906200004,-6.8634430109999585,0],[112.32955298600007,-6.863431587999969,0],[112.32955128500009,-6.8634082569999464,0],[112.32955093600003,-6.8633943879999606,0],[112.32955067700004,-6.8633840759999316,0],[112.32954739600007,-6.8633590449999815,0],[112.32953901200005,-6.8633372929999723,0],[112.32952503800004,-6.8633188229999291,0],[112.32950851200007,-6.8633041199999525,0],[112.32948992100012,-6.8632926989999419,0],[112.32947120800009,-6.8632843149999303,0],[112.3294539530001,-6.863280667999959,0],[112.32944581100003,-6.8632855299999278,0],[112.32944520400008,-6.8632979229999478,0],[112.32945067200001,-6.8633151779999366,0],[112.32945137700005,-6.8633176289999369,0],[112.32945553200011,-6.863332067999977,0],[112.32945614000005,-6.8633457989999442,0],[112.32945176600003,-6.8633558849999758,0],[112.32944265200001,-6.8633628119999344,0],[112.32942965000007,-6.8633692509999378,0],[112.32941494700003,-6.8633772709999334,0],[112.32940291700004,-6.8633861419999675,0],[112.32939234600008,-6.8633978069999557,0],[112.32938578400001,-6.8634110519999467,0],[112.32937837200006,-6.8634302509999543,0],[112.32937010900002,-6.8634495719999791,0],[112.32935467700008,-6.8634659769999757,0],[112.32934228200008,-6.8634670689999666,0],[112.32933377600011,-6.8634583219999286,0],[112.32933256100011,-6.8634445909999613,0],[112.3293362070001,-6.8634296429999608,0],[112.32934289000002,-6.8634125099999324,0],[112.3293526110001,-6.8633903959999429,0],[112.32936087400003,-6.8633662139999387,0],[112.32936719200006,-6.8633421549999412,0],[112.32936792100008,-6.8633222259999798,0],[112.32936439800005,-6.8633018119999747,0],[112.32935698500012,-6.8632824909999499,0],[112.32934811500002,-6.8632625639999674,0],[112.32933584200009,-6.8632410549999463,0],[112.32932126000003,-6.8632193039999265,0],[112.32930364100002,-6.8631965809999542,0],[112.32928565700001,-6.8631781119999573,0],[112.32924330000003,-6.8631347629999482,0],[112.32922426500011,-6.863128814999925,0],[112.32919809100008,-6.8631407119999608,0],[112.32919095200009,-6.8631514199999515,0],[112.32918176300007,-6.8631788399999323,0],[112.32917143500003,-6.86316924099998,0],[112.32916730300008,-6.863153686999965,0],[112.3291652370001,-6.8631392269999765,0],[112.32916444600005,-6.8631371929999432,0],[112.32916013400006,-6.8631261029999564,0],[112.3291519930001,-6.8631169899999804,0],[112.3291588300001,-6.8630966919999423,0],[112.32914336300007,-6.8630836049999289,0],[112.32910529200001,-6.8630836049999289,0],[112.32908030700003,-6.8630978819999768,0],[112.32905532300003,-6.8631145379999339,0],[112.32903747700004,-6.8631264349999697,0],[112.32901487200002,-6.863143091999973,0],[112.32899345700002,-6.8631573679999747,0],[112.32897442100011,-6.8631728349999435,0],[112.32895538600008,-6.8631835419999447,0],[112.32894348800005,-6.8631978189999359,0],[112.32894932900001,-6.8632263749999538,0],[112.32894943700001,-6.8632489779999446,0],[112.32893872900001,-6.8632596849999459,0],[112.32892683200009,-6.8632620649999581,0],[112.32891017600002,-6.8632632539999463,0],[112.3289018480001,-6.8632549259999678,0],[112.32890153900007,-6.8632266709999499,0],[112.3288932910001,-6.8632247719999668,0],[112.32887713000002,-6.8632211269999743,0],[112.32886412800008,-6.863224043999935,0],[112.32885209800008,-6.863233399999956,0],[112.32884432100002,-6.8632508979999329,0],[112.32884128300009,-6.8632708269999512,0],[112.32884019000005,-6.863292334999926,0],[112.32883277700012,-6.8633058209999263,0],[112.32881807400008,-6.8633081299999503,0],[112.3287999690001,-6.8633009619999257,0],[112.32878599500009,-6.8632902679999575,0],[112.32877590900011,-6.8632800619999443,0],[112.32877454700008,-6.8632623029999422,0],[112.32877454700008,-6.8632473119999418,0],[112.32876669400002,-6.86323374899996,0],[112.32874385200012,-6.8632401739999409,0],[112.32873028900008,-6.8632558779999613,0],[112.32871886700002,-6.8632680129999812,0],[112.3287053040001,-6.8632780069999626,0],[112.32868674400004,-6.8632865729999253,0],[112.32866818500008,-6.8632887149999533,0],[112.32864248600004,-6.8632865729999253,0],[112.32862749600008,-6.8632915699999444,0],[112.32861536100006,-6.8632929979999631,0],[112.32859751500007,-6.8632922839999537,0],[112.32858395200003,-6.8632951389999448,0],[112.32858038300003,-6.8633087019999266,0],[112.32857966900008,-6.8633201229999372,0],[112.32856753300007,-6.8633236929999271,0],[112.32855040100003,-6.863324405999947,0],[112.32854183500001,-6.8633336859999758,0],[112.32854469100005,-6.8633515319999674,0],[112.32854683200003,-6.8633650949999492,0],[112.32854540400001,-6.8633765169999492,0],[112.32854112100006,-6.8633915069999603,0],[112.32854112100006,-6.8634000729999798,0],[112.32854112100006,-6.8634179189999713,0],[112.32853969400003,-6.8634222019999811,0],[112.32852327500007,-6.8634193469999332,0],[112.32851114000005,-6.8634164919999421,0],[112.32849543600003,-6.8634179189999713,0],[112.32848401400008,-6.8634250579999616,0],[112.32847687600008,-6.8634329099999718,0],[112.32845831600002,-6.8634586079999735,0],[112.32845046400007,-6.8634686019999549,0],[112.32843618700008,-6.8634750259999464,0],[112.32842619300004,-6.8634878749999757,0],[112.32842333800011,-6.8635014379999575,0],[112.32842333800011,-6.863510003999977,0],[112.32841620000011,-6.8635185709999291,0],[112.32840834800004,-6.8635285639999779,0],[112.32840620600007,-6.8635371299999406,0],[112.32841191700004,-6.8635471239999788,0],[112.32841477200009,-6.8635542619999796,0],[112.32841548600004,-6.8635628279999423,0],[112.32841334400007,-6.8635671119999415,0],[112.32839764000005,-6.8635721079999712,0],[112.32838836000008,-6.863576390999981,0],[112.3283790800001,-6.8635813879999432,0],[112.32836694500008,-6.8635849569999436,0],[112.32836859700001,-6.8635962379999569,0],[112.32834550900009,-6.8635907699999734,0],[112.32832679600006,-6.8635774039999546,0],[112.32831136400011,-6.8635590549999392,0],[112.32829228700007,-6.8635385189999738,0],[112.32826968500001,-6.8635190769999781,0],[112.32824586900006,-6.86350473899995,0],[112.32824482800004,-6.863504445999979,0],[112.32822701800001,-6.863499428999944,0],[112.32823274300006,-6.863488350999944,0],[112.3282427370001,-6.8634826409999619,0],[112.3282427370001,-6.8634762159999809,0],[112.32823202900011,-6.8634669359999521,0],[112.32822203600006,-6.8634669359999521,0],[112.32820347600011,-6.8634662219999427,0],[112.32818848500006,-6.8634633669999516,0],[112.32817777800005,-6.8634705049999525,0],[112.3281699260001,-6.8634812129999432,0],[112.32815707600002,-6.8634897789999627,0],[112.32814208600007,-6.8634954899999343,0],[112.32813423400012,-6.8635033419999445,0],[112.32813708900005,-6.8635204739999267,0],[112.32815136600004,-6.8635290399999462,0],[112.32816350100006,-6.8635354649999272,0],[112.32815707600002,-6.8635511689999475,0],[112.32815279300007,-6.8635690149999391,0],[112.32815422100009,-6.8635904299999311,0],[112.32816064600001,-6.8636104179999506,0],[112.32815636300006,-6.863635401999943,0],[112.3281399440001,-6.8636439679999626,0],[112.32812138500003,-6.8636411129999715,0],[112.32810139700007,-6.8636361159999524,0],[112.32808997600011,-6.8636489649999248,0],[112.32808783400003,-6.8636696659999643,0],[112.32809925600009,-6.8636910809999563,0],[112.32810996300009,-6.8637053579999474,0],[112.32810853500007,-6.8637246319999576,0],[112.32810353900004,-6.8637381949999394,0],[112.32810211100002,-6.8637574679999602,0],[112.32810211100002,-6.8637831669999514,0],[112.32809771300003,-6.8638071029999423,0],[112.32809664900003,-6.8638128969999457,0],[112.32808188500007,-6.8638478879999525,0],[112.32806760900007,-6.863865733999944,0],[112.32804976300008,-6.8638823899999579,0],[112.32802953700002,-6.8638907179999364,0],[112.32799622500011,-6.8638990459999718,0],[112.32797362000008,-6.8639038049999499,0],[112.32795458400005,-6.8639049949999276,0],[112.32794204200002,-6.8639032709999697,0],[112.3279379280001,-6.8638716829999566,0],[112.3279165130001,-6.8638740619999794,0],[112.32792388900009,-6.8639935109999328,0],[112.3279376800001,-6.8640239239999801,0],[112.32793799900003,-6.8640411019999306,0],[112.32793807600001,-6.8640452289999416,0],[112.32793588900006,-6.8640719619999686,0],[112.32793005600001,-6.8640848429999437,0],[112.32792009200011,-6.8640932269999553,0],[112.32790769700011,-6.8640939559999765,0],[112.32789153600004,-6.864086178999969,0],[112.32787379500007,-6.8640711119999764,0],[112.32785496100007,-6.8640519119999794,0],[112.3278455950001,-6.8640411009999411,0],[112.3278368550001,-6.8640310119999413,0],[112.32782032900002,-6.864012177999939,0],[112.32780429000002,-6.8639939509999408,0],[112.32778642700009,-6.8639785189999429,0],[112.32776589200012,-6.863967339999931,0],[112.32774888000006,-6.8639670969999429,0],[112.32773721400008,-6.8639756029999717,0],[112.32772846600005,-6.8639894559999561,0],[112.32771704300001,-6.8639982039999268,0],[112.32770477000008,-6.8639943159999461,0],[112.32769176900001,-6.8639805839999326,0],[112.32768034600008,-6.863959197999975,0],[112.32767232600008,-6.8639367189999803,0],[112.32767167400004,-6.8639339069999323,0],[112.32766685800004,-6.8639131449999695,0],[112.32766078300006,-6.8638858049999385,0],[112.32765740400009,-6.863871564999954,0],[112.32765397800006,-6.8638571279999496,0],[112.32764538700008,-6.8638322129999665,0],[112.32764425700009,-6.8638289359999476,0],[112.32763162000003,-6.8638032959999578,0],[112.32761655200011,-6.8637797229999364,0],[112.32760039100003,-6.8637604019999685,0],[112.32759153600011,-6.8637531999999624,0],[112.32758216400009,-6.8637455789999535,0],[112.32755822600006,-6.8637364649999313,0],[112.3275296700001,-6.8637341549999746,0],[112.32749649700008,-6.8637374359999512,0],[112.32748529200001,-6.8637406789999318,0],[112.32746332400006,-6.8637470359999497,0],[112.32743416100004,-6.863761616999966,0],[112.32741459700003,-6.8637804529999471,0],[112.3274070440001,-6.8637948869999263,0],[112.32740366100006,-6.863801351999939,0],[112.32739867900011,-6.8638275379999527,0],[112.32739394000009,-6.8638602249999394,0],[112.32739053000012,-6.863871564999954,0],[112.3273834900001,-6.8638949779999621,0],[112.32736307500011,-6.8639134489999378,0],[112.32733804400004,-6.8639154529999473,0],[112.3273086370001,-6.8639087699999664,0],[112.32727461400009,-6.8639067049999767,0],[112.32723281300002,-6.8639121729999601,0],[112.32720146300005,-6.8639234739999324,0],[112.32718044100011,-6.863939147999929,0],[112.32717310700002,-6.8639529919999518,0],[112.32716853300008,-6.86396162799997,0],[112.32716476600001,-6.8639896979999548,0],[112.32716488700009,-6.8640191049999544,0],[112.32716560100005,-6.8640306669999518,0],[112.32716624500006,-6.8640411019999306,0],[112.32716671000003,-6.8640486319999354,0],[112.32716986900004,-6.8640728129999502,0],[112.32720338800004,-6.8641124839999748,0],[112.3272148100001,-6.8641253329999472,0],[112.32722337600001,-6.8641396099999383,0],[112.32722765900007,-6.8641524589999676,0],[112.32722337600001,-6.8641638799999782,0],[112.32721766500003,-6.8641710189999685,0],[112.32718615200008,-6.8641943269999501,0],[112.32717375800007,-6.8641995519999455,0],[112.32715832600002,-6.8641939619999448,0],[112.32714338000005,-6.864179743999955,0],[112.32712916200001,-6.8641621259999397,0],[112.32711531000007,-6.8641402529999596,0],[112.3271027940001,-6.8641202039999598,0],[112.32709064300002,-6.8641027049999366,0],[112.32707569700005,-6.8640901889999668,0],[112.32705613300004,-6.8640831409999805,0],[112.32703814900003,-6.8640802249999524,0],[112.32702283800006,-6.864080347999959,0],[112.32701554800008,-6.8640830209999422,0],[112.32701117300007,-6.8640882459999375,0],[112.32700534100002,-6.8640935909999712,0],[112.32699513300008,-6.8640993039999785,0],[112.32697654100002,-6.8641041639999685,0],[112.32695819200001,-6.8641086599999426,0],[112.32693559100005,-6.864114370999971,0],[112.32691031600007,-6.8641220269999508,0],[112.32688309700006,-6.8641328409999574,0],[112.32685429900005,-6.8641459649999774,0],[112.3268429960001,-6.8641508659999317,0],[112.32682683700011,-6.8641578729999537,0],[112.32679937600005,-6.8641656489999718,0],[112.32677227700003,-6.8641661359999375,0],[112.32676336400004,-6.864164753999944,0],[112.32674955400012,-6.8641626119999728,0],[112.32672719700008,-6.8641567779999377,0],[112.32670423000002,-6.8641533769999796,0],[112.32667968400006,-6.8641547139999375,0],[112.32665854200002,-6.8641627329999437,0],[112.32664165200003,-6.86417731399996,0],[112.32662913600007,-6.8641951779999317,0],[112.32661783500009,-6.8642079349999676,0],[112.32660033700006,-6.8642083609999531,0],[112.32657469700007,-6.8641964529999768,0],[112.32654306500001,-6.8641765609999652,0],[112.3265393370001,-6.8641742149999345,0],[112.32651187500005,-6.8641596349999645,0],[112.32649134000008,-6.8641558059999284,0],[112.32647578600006,-6.8641627329999437,0],[112.32647108500009,-6.8641657969999414,0],[112.32645938200005,-6.8641734269999688,0],[112.3264400600001,-6.8641748849999544,0],[112.32643995100011,-6.8641748439999333,0],[112.32643983700007,-6.8641748019999795,0],[112.32642086100009,-6.8641677159999404,0],[112.32639862400003,-6.8641560499999628,0],[112.32639518300005,-6.8641544479999652,0],[112.32637383500003,-6.8641445069999349,0],[112.3263733550001,-6.8641441569999415,0],[112.32635597300009,-6.8641315049999321,0],[112.32633893000002,-6.8641256899999803,0],[112.32632750900007,-6.8641209309999454,0],[112.32631418400001,-6.8641104609999388,0],[112.32630085900007,-6.8641009439999721,0],[112.32629341600011,-6.86408698799994,0],[112.3262932450001,-6.8640866669999809,0],[112.32629990700002,-6.8640715989999421,0],[112.32630181100001,-6.8640609689999792,0],[112.32629705200009,-6.8640485949999288,0],[112.32628848600007,-6.8640428849999466,0],[112.32627230500009,-6.8640409809999596,0],[112.32626183600007,-6.8640409809999596,0],[112.3262437520001,-6.8640409809999596,0],[112.32623423400003,-6.864039077999962,0],[112.32622566800001,-6.864027655999962,0],[112.32621139100002,-6.8640209939999295,0],[112.326188548,-6.8640257529999644,0],[112.32618569300007,-6.8640400289999661,0],[112.32618093400004,-6.8640543059999573,0],[112.32616951300008,-6.8640628719999768,0],[112.32615142900011,-6.8640657279999573,0],[112.32613048900009,-6.8640676309999549,0],[112.32610669500002,-6.8640714379999395,0],[112.32609241800003,-6.864080003999959,0],[112.32607909300009,-6.8640952329999436,0],[112.32607005400007,-6.8641147359999763,0],[112.32604648000006,-6.8641096309999625,0],[112.3260250940001,-6.8640995459999772,0],[112.32602305400007,-6.8640983139999321,0],[112.32600759600007,-6.8640889739999693,0],[112.32599301400001,-6.8640815629999565,0],[112.32597819000011,-6.8640786449999496,0],[112.32596093500001,-6.8640782819999799,0],[112.32593954800006,-6.8640796169999589,0],[112.32591901300009,-6.8640820479999434,0],[112.32591702700006,-6.8640822919999778,0],[112.32589823400008,-6.8640845999999556,0],[112.32587417400009,-6.864085207999949,0],[112.32585230200004,-6.8640819259999262,0],[112.32584101300006,-6.864078994999943,0],[112.32583030800004,-6.8640762149999546,0],[112.32581451100009,-6.8640745149999702,0],[112.32580260300006,-6.8640774299999521,0],[112.32579860100009,-6.8640810599999327,0],[112.32579215300007,-6.8640869079999334,0],[112.32578109500002,-6.8640982089999625,0],[112.32576700000004,-6.8641086589999531,0],[112.32574780100003,-6.8641113329999257,0],[112.32573078900009,-6.864107808999961,0],[112.32571280500008,-6.8640979659999743,0],[112.32569518500009,-6.8640880029999494,0],[112.32569647600008,-6.8640666789999614,0],[112.32569266900009,-6.8640562099999443,0],[112.3256802950001,-6.8640552579999508,0],[112.3256660190001,-6.8640552579999508,0],[112.32565554900009,-6.8640495469999792,0],[112.32563746500011,-6.8640466919999312,0],[112.32560986300007,-6.8640466919999312,0],[112.32558892400004,-6.8640524029999597,0],[112.32556608100003,-6.8640571619999378,0],[112.32552222000004,-6.8640473109999789,0],[112.32552001300007,-6.8640468149999379,0],[112.32551169900012,-6.8640410989999623,0],[112.32549541700007,-6.8640296769999622,0],[112.3254816860001,-6.8640172819999634,0],[112.32546868400004,-6.8640040369999724,0],[112.32545616900006,-6.8639922489999776,0],[112.3254420720001,-6.863985080999953,0],[112.32542579000005,-6.8639841089999436,0],[112.3254056180001,-6.863989212999968,0],[112.32538532600006,-6.8639991769999256,0],[112.32530719600004,-6.864027655999962,0],[112.32528816000001,-6.8640324149999401,0],[112.32527102800009,-6.8640381259999685,0],[112.32525104100012,-6.8640428849999466,0],[112.3252281980001,-6.8640457399999377,0],[112.3252158250001,-6.8640514509999662,0],[112.3252158250001,-6.8640647759999638,0],[112.32517109100002,-6.8640847629999371,0],[112.32513777800011,-6.8640961849999371,0],[112.3251025620001,-6.8641047509999567,0],[112.32506829800002,-6.8641171239999608,0],[112.32500928700006,-6.8641294969999649,0],[112.32498073400006,-6.86413615999993,0],[112.32498073400006,-6.8641485329999341,0],[112.32498930000008,-6.8641704239999513,0],[112.32499977000009,-6.8641799419999643,0],[112.32501880500001,-6.8641827969999554,0],[112.32503213000007,-6.8641751829999293,0],[112.32505021400004,-6.8641685199999642,0],[112.32507020200001,-6.8641704239999513,0],[112.32507496100004,-6.86419802599994,0],[112.32507972000008,-6.8642170609999766,0],[112.32507210500012,-6.8642246759999352,0],[112.32504355200001,-6.8642294339999808,0],[112.3250245160001,-6.8642475179999565,0],[112.32500548000007,-6.8642617949999476,0],[112.32499310700007,-6.8642817829999672,0],[112.32498168600011,-6.8643017699999405,0],[112.32498168600011,-6.8643189019999795,0],[112.32498263700006,-6.8643417449999333,0],[112.32498644500004,-6.8643617329999529,0],[112.32500452900001,-6.8643855269999676,0],[112.32505205400003,-6.8644225439999786,0],[112.32504172900008,-6.8644258749999381,0],[112.32495297500009,-6.8644256369999539,0],[112.32491395200009,-6.8644413409999743,0],[112.32489319800004,-6.8644711339999276,0],[112.3248861510001,-6.8644710109999778,0],[112.32487064500003,-6.8644694189999313,0],[112.32487064500003,-6.8644565699999589,0],[112.32488349500011,-6.8644242089999352,0],[112.32488894500011,-6.8643948239999304,0],[112.3248749280001,-6.8643737639999358,0],[112.32485018200009,-6.8643690059999471,0],[112.32474453400005,-6.864436105999971,0],[112.32472169100004,-6.8645360439999763,0],[112.32469599300009,-6.8645474649999301,0],[112.32461505500009,-6.8645574069999498,0],[112.32461357800003,-6.864550081999937,0],[112.32461201700005,-6.8645423399999572,0],[112.32460533400001,-6.8645292159999372,0],[112.32459391100008,-6.8645171859999436,0],[112.32458005900003,-6.8645078299999795,0],[112.32456365500002,-6.8645016329999748,0],[112.32454640000003,-6.864499809999927,0],[112.32452756500004,-6.8645023619999392,0],[112.3245109180001,-6.8645075879999808,0],[112.32449718700002,-6.864514392999979,0],[112.32448928800011,-6.8645222909999575,0],[112.32448807300011,-6.8645305539999413,0],[112.32449220500007,-6.8645378449999725,0],[112.32449840200002,-6.8645442849999654,0],[112.32450350600004,-6.864550602999941,0],[112.32450727200001,-6.8645592299999407,0],[112.32450982400007,-6.8645698019999486,0],[112.32451261900007,-6.8645834109999555,0],[112.32451351900011,-6.8645933869999567,0],[112.32451395600003,-6.8645982369999388,0],[112.32451250200006,-6.8646104799999534,0],[112.32451165300006,-6.8646176249999371,0],[112.32450387000006,-6.8646334759999377,0],[112.32449026100005,-6.8646439249999389,0],[112.32447267800001,-6.8646475349999605,0],[112.32447191200004,-6.8646476919999486,0],[112.32445465700005,-6.8646473279999327,0],[112.32443873900002,-6.864646840999967,0],[112.3244256160001,-6.864648663999958,0],[112.32441407200008,-6.8646563189999483,0],[112.32441030500001,-6.864671021999925,0],[112.32440189200008,-6.8647592369999302,0],[112.32439538800008,-6.8647677239999325,0],[112.32438289600009,-6.8647974669999599,0],[112.32437591500002,-6.8648263439999369,0],[112.32436980900002,-6.8648515999999518,0],[112.32438943900002,-6.8649170349999622,0],[112.32441620800012,-6.8649562959999457,0],[112.32441561300004,-6.8649896089999629,0],[112.32441454800005,-6.8649895579999338,0],[112.32436564400007,-6.8649872289999507,0],[112.32426213800011,-6.8649628399999756,0],[112.32422168700009,-6.8649557009999285,0],[112.32419451200008,-6.8649766999999429,0],[112.32418242600011,-6.8649860389999731,0],[112.32415863100005,-6.8649777109999377,0],[112.32414478200008,-6.8649188669999717,0],[112.32413446900011,-6.8648750439999731,0],[112.32411639600002,-6.8648394649999318,0],[112.32407475500008,-6.8648418439999546,0],[112.32401764800011,-6.864866827999947,0],[112.32400099200004,-6.8648918129999288,0],[112.32400932000007,-6.8649251249999566,0],[112.3240283560001,-6.86493821199997,0],[112.32404892500006,-6.8649464939999802,0],[112.32402583700002,-6.8649789379999788,0],[112.32399028500004,-6.8649953189999451,0],[112.32396933200005,-6.8649225659999615,0],[112.32394745400006,-6.8648466029999327,0],[112.32391890100007,-6.8648287569999411,0],[112.3238725010001,-6.8648228079999285,0],[112.32383205000008,-6.8648930019999739,0],[112.3238242430001,-6.8649261829999659,0],[112.32382253300011,-6.8649334529999351,0],[112.32381992600006,-6.8649325409999733,0],[112.32379873800005,-6.8649251249999566,0],[112.3237896060001,-6.8649166459999265,0],[112.32376542500003,-6.8648941919999515,0],[112.32377065900005,-6.8648004339999602,0],[112.32375291900007,-6.864788889999943,0],[112.32373529900008,-6.8647769819999667,0],[112.32372096100005,-6.8647668959999351,0],[112.32370674400011,-6.8647574179999538,0],[112.32369325600007,-6.8647517079999716,0],[112.32368146900001,-6.8647498849999806,0],[112.32366943900001,-6.8647517079999716,0],[112.32366805900006,-6.8647521749999783,0],[112.3236547350001,-6.8647566899999788,0],[112.32363468500012,-6.8647642239999414,0],[112.32362076300001,-6.8647693909999248,0],[112.32361111300008,-6.8647729719999688,0],[112.32358753900007,-6.8647813569999698,0],[112.32356347900009,-6.8647877959999732,0],[112.32354063500009,-6.8647884049999561,0],[112.3235197350001,-6.8647843949999583,0],[112.32350223700007,-6.8647764969999798,0],[112.32348923500001,-6.8647656809999376,0],[112.32347769100011,-6.8647489129999713,0],[112.32346979300007,-6.8647303209999677,0],[112.3234625020001,-6.8647100289999798,0],[112.32345666900005,-6.86469143599993,0],[112.32345274200009,-6.8646794179999802,0],[112.32345059400006,-6.8646728449999728,0],[112.32344597600002,-6.864655346999939,0],[112.3234408730001,-6.8646430739999573,0],[112.32343504000005,-6.8646356619999551,0],[112.32342702000005,-6.8646315299999401,0],[112.3233824130001,-6.8646103809999772,0],[112.32337594100011,-6.8646151399999553,0],[112.32335005100003,-6.8646341769999708,0],[112.32329960600009,-6.8646598749999725,0],[112.32331388300008,-6.8647055599999476,0],[112.32333387100005,-6.8647379209999713,0],[112.32331807100002,-6.8647566179999444,0],[112.32327676300008,-6.8648054979999529,0],[112.32324535500004,-6.8647959799999398,0],[112.32323774000008,-6.8647683779999511,0],[112.32326115500007,-6.8647336019999443,0],[112.3232444030001,-6.8647141269999565,0],[112.32317996800009,-6.8647285549999424,0],[112.32314748500005,-6.8647358279999366,0],[112.3231292370001,-6.8647084159999281,0],[112.3230902140001,-6.8647160299999541,0],[112.32308735800007,-6.8647588599999381,0],[112.32306261200006,-6.8647817029999487,0],[112.32302073300002,-6.8648150159999659,0],[112.32299218000003,-6.8648283409999635,0],[112.32297481100011,-6.8648445889999721,0],[112.3229626750001,-6.8648559419999629,0],[112.32295621900005,-6.8648255979999249,0],[112.32295315700003,-6.8648112089999813,0],[112.3229379280001,-6.8648112089999813,0],[112.32289414600007,-6.8648235819999286,0],[112.32286844800001,-6.8648578459999499,0],[112.32287320700004,-6.8648930619999646,0],[112.32290961700005,-6.8648972799999797,0],[112.3229062150001,-6.8649107679999588,0],[112.32289540000011,-6.8649210969999785,0],[112.32287571500001,-6.8649325189999786,0],[112.32285566500002,-6.8649402959999293,0],[112.32284157000004,-6.8649484369999527,0],[112.32283756000004,-6.8649565779999762,0],[112.3228421770001,-6.8649659349999297,0],[112.32284752400005,-6.8649740759999531,0],[112.32284825300007,-6.8649837969999794,0],[112.32283986800007,-6.864991330999942,0],[112.32282528700011,-6.8649959479999438,0],[112.32280827500006,-6.8649971639999308,0],[112.32279235700003,-6.8649975279999467,0],[112.32277595200003,-6.8650011729999392,0],[112.32276027700004,-6.8650091939999811,0],[112.32274678900001,-6.8650198869999599,0],[112.32273913400002,-6.865032767999935,0],[112.32274068900006,-6.8650434439999799,0],[112.32274095700006,-6.8650452829999722,0],[112.32274994900001,-6.8650567049999722,0],[112.32276343700005,-6.8650658189999376,0],[112.32277838300001,-6.8650731089999795,0],[112.32279636700002,-6.8650772409999377,0],[112.3228100980001,-6.8650735959999452,0],[112.32282407200012,-6.8650666689999298,0],[112.32283683100002,-6.865062658999932,0],[112.32284703800008,-6.8650688559999367,0],[112.32285044000002,-6.8650783339999748,0],[112.32284813100011,-6.8650892719999774,0],[112.32284108400006,-6.8650991129999284,0],[112.32283363900001,-6.8651041859999395,0],[112.32282949400008,-6.865106793999928,0],[112.32279706400004,-6.8651272009999502,0],[112.3227818360001,-6.8651262489999567,0],[112.32275719200004,-6.8650911179999525,0],[112.32273710200002,-6.8650624799999491,0],[112.32270474100005,-6.8650548649999337,0],[112.32264953800006,-6.8650891299999444,0],[112.32261812900003,-6.8651538509999455,0],[112.32259718900002,-6.8651957289999359,0],[112.32257339500006,-6.8652338009999312,0],[112.32255111600011,-6.8652506459999358,0],[112.32253437200006,-6.8652633059999744,0],[112.32251628800009,-6.8652452219999418,0],[112.32252199800007,-6.8652081029999295,0],[112.32251914300002,-6.8651795489999472,0],[112.32252770900004,-6.8651652719999561,0],[112.32254058100011,-6.865140791999977,0],[112.32253134700011,-6.8651249449999341,0],[112.32251707000012,-6.8651163789999714,0],[112.3224961300001,-6.8651173299999755,0],[112.32247233600003,-6.8651239929999406,0],[112.32246091400009,-6.8651354139999512,0],[112.32244949300002,-6.8651468359999512,0],[112.3224323610001,-6.8651611119999529,0],[112.32242284300003,-6.8651782449999814,0],[112.32241998800009,-6.8651963279999677,0],[112.32242379500008,-6.8652106049999588,0],[112.32243712000002,-6.865232495999976,0],[112.32243997500007,-6.8652486769999541,0],[112.32244187900005,-6.8652658089999363,0],[112.32244568600004,-6.8652772299999469,0],[112.32244568600004,-6.8652915069999381,0],[112.32241808400011,-6.865296265999973,0],[112.32240095200007,-6.8653067349999333,0],[112.32239238600005,-6.8653219639999747,0],[112.3223933380001,-6.8653448069999286,0],[112.32240475900005,-6.8653628909999611,0],[112.32241427700001,-6.8653752639999652,0],[112.32241903600004,-6.8653904919999604,0],[112.32241903600004,-6.8654047689999516,0],[112.32240380700011,-6.865448550999929,0],[112.32238857900006,-6.8654713939999397,0],[112.32236730400007,-6.8655171189999464,0],[112.32235490900007,-6.8655357099999605,0],[112.32234190700001,-6.8655552739999735,0],[112.32233012100005,-6.865571192999937,0],[112.32231809100006,-6.8655869889999508,0],[112.32230606100006,-6.8656037579999634,0],[112.322301272,-6.8656097559999694,0],[112.32229403100007,-6.8656188249999559,0],[112.3222803000001,-6.8656381459999807,0],[112.32227057900002,-6.8656579529999249,0],[112.32226729800004,-6.8656805549999262,0],[112.32226933800007,-6.8656927939999264,0],[112.32227045700006,-6.8656995109999457,0],[112.32227616800003,-6.8657189529999414,0],[112.32227793000004,-6.8657280669999636,0],[112.3223317610001,-6.8657708049999542,0],[112.32232497900009,-6.8657936479999648,0],[112.32231539400004,-6.8658075979999467,0],[112.32229694000011,-6.865834452999934,0],[112.32228107800006,-6.8658575369999539,0],[112.32223795200002,-6.8658641619999798,0],[112.32217221800011,-6.8659506449999412,0],[112.32209131600007,-6.8660391609999465,0],[112.32207570000003,-6.866022480999959,0],[112.32207037700005,-6.866016793999961,0],[112.32204563000005,-6.8660139389999699,0],[112.32198852300007,-6.8660144149999383,0],[112.32196472900011,-6.8659968069999309,0],[112.3219295130001,-6.8660120349999261,0],[112.32189329100004,-6.8660435619999589,0],[112.32187811600011,-6.8660567689999539,0],[112.32186859800004,-6.8660600999999701,0],[112.32183288800002,-6.8660395639999479,0],[112.32182231700006,-6.866037194999933,0],[112.32180876700011,-6.866033037999955,0],[112.3218009310001,-6.8660306339999693,0],[112.32177735700009,-6.8660244359999751,0],[112.32175584900006,-6.8660228559999723,0],[112.32173616400007,-6.8660240719999592,0],[112.32171575000007,-6.8660269879999305,0],[112.32169254100006,-6.8660266229999252,0],[112.32166945300003,-6.8660262589999661,0],[112.32164758100009,-6.8660266229999252,0],[112.32163779100006,-6.8660263019999661,0],[112.32162911100011,-6.8660260169999674,0],[112.32161416500003,-6.8660206689999654,0],[112.32160675300008,-6.8660081529999388,0],[112.32160079800008,-6.8659878619999404,0],[112.32159144200011,-6.8659655019999377,0],[112.32157576700001,-6.8659432649999417,0],[112.32155498800012,-6.865924917999962,0],[112.32152995600006,-6.865914466999925,0],[112.32150468200007,-6.8659136159999434,0],[112.32148147200007,-6.8659207859999469,0],[112.32146591900005,-6.8659325719999629,0],[112.32145777700009,-6.8659463029999301,0],[112.32145316000003,-6.8659605209999768,0],[112.32144623400006,-6.8659702419999462,0],[112.32143359600002,-6.8659740089999559,0],[112.32141865000006,-6.8659712139999556,0],[112.32140248900009,-6.8659659889999602,0],[112.32138681400011,-6.8659633159999771,0],[112.32137198900011,-6.8659613709999689,0],[112.32136166000009,-6.8659543229999258,0],[112.32135546300003,-6.8659420499999442,0],[112.32134975200006,-6.8659243089999791,0],[112.32134112500012,-6.8659068109999453,0],[112.32133225400003,-6.8658900419999327,0],[112.32132690800006,-6.8658727879999333,0],[112.3213199810001,-6.8658579639999289,0],[112.32131414900005,-6.865843138999935,0],[112.32131499900004,-6.8658285569999293,0],[112.32132059700007,-6.8658135219999394,0],[112.32132119700009,-6.865811909999934,0],[112.32132715100011,-6.8657923469999673,0],[112.32132204700008,-6.8657716889999278,0],[112.32130612900005,-6.8657528549999256,0],[112.32127866700012,-6.865734505999967,0],[112.32124865300011,-6.8657198029999336,0],[112.32121839600006,-6.8657109319999563,0],[112.32119737500011,-6.8657132409999804,0],[112.32118449400002,-6.8657246629999804,0],[112.32117975500012,-6.8657431339999562,0],[112.32118425100009,-6.8657612379999478,0],[112.32119511200005,-6.865777770999955,0],[112.32119515000011,-6.8657778289999669,0],[112.3212118350001,-6.8657940469999517,0],[112.32122702400011,-6.8658061989999624,0],[112.3212374740001,-6.865818471999944,0],[112.32123723100005,-6.8658306239999547,0],[112.32122836100007,-6.8658464189999791,0],[112.32121827500009,-6.8658624599999598,0],[112.32121280700005,-6.8658774049999352,0],[112.32121669500009,-6.8658887059999643,0],[112.32122848200004,-6.8658975759999521,0],[112.3212374740001,-6.8659055959999478,0],[112.32123917500007,-6.8659151969999357,0],[112.32123079100006,-6.8659251599999607,0],[112.32121511600008,-6.8659379189999754,0],[112.32121943400011,-6.8659564029999274,0],[112.3212372800001,-6.8659659209999404,0],[112.32126464400005,-6.8659849569999665,0],[112.32128605900004,-6.8660170799999491,0],[112.32129676600005,-6.8660468229999765,0],[112.32126940300009,-6.8661027399999739,0],[112.32121348500004,-6.8661253449999435,0],[112.3211825520001,-6.8661205859999654,0],[112.32113114900005,-6.8660882309999351,0],[112.32111389500005,-6.8660827619999623,0],[112.3211045380001,-6.8660700049999264,0],[112.32110359500007,-6.8660608159999583,0],[112.32110259300009,-6.8660510479999743,0],[112.32110478100003,-6.8660291759999268,0],[112.32110210700012,-6.8660107059999405,0],[112.32109141400008,-6.865998675999947,0],[112.32107209500009,-6.8659936929999503,0],[112.32104912800003,-6.8659921149999263,0],[112.32102652600008,-6.8659907779999685,0],[112.32100829900003,-6.8659867679999707,0],[112.32099469000002,-6.8659781409999709,0],[112.32098436100011,-6.8659657459999721,0],[112.32097828600001,-6.8659522579999361,0],[112.32097464100002,-6.865938769999957,0],[112.3209707530001,-6.8659252819999779,0],[112.32096431200011,-6.8659125219999737,0],[112.32095447000006,-6.8658998849999762,0],[112.32094474900009,-6.8658896779999736,0],[112.32093466300012,-6.8658784999999511,0],[112.3209259140001,-6.8658667119999564,0],[112.32091728700004,-6.8658555339999339,0],[112.32090707900011,-6.8658473919999778,0],[112.32089504900011,-6.8658435039999404,0],[112.32088204700005,-6.8658458129999644,0],[112.3208714750001,-6.8658528599999613,0],[112.32086357700007,-6.8658646469999667,0],[112.32085981000012,-6.8658789859999274,0],[112.32085689400003,-6.8658959979999281,0],[112.32085179100011,-6.8659130089999394,0],[112.32084413500002,-6.865924917999962,0],[112.32083234800007,-6.8659341529999551,0],[112.32082007500003,-6.8659409569999639,0],[112.32080929900008,-6.8659473429999593,0],[112.32080695200011,-6.8659487339999714,0],[112.3207973530001,-6.8659569959999658,0],[112.32078836000005,-6.8659673259999749,0],[112.32077924700002,-6.86597850499993,0],[112.32077025500007,-6.8659876189999522,0],[112.32076138400009,-6.8659957599999757,0],[112.32075312100005,-6.8660046299999635,0],[112.32074728900011,-6.8660132579999527,0],[112.32074145600006,-6.8660208519999628,0],[112.32073343600007,-6.8660266849999516,0],[112.32071994800003,-6.8660297229999401,0],[112.32070232900003,-6.8660328819999563,0],[112.32068118600012,-6.8660379249999437,0],[112.32066162300009,-6.8660478889999581,0],[112.3206523880001,-6.8660593099999687,0],[112.32064971500006,-6.866074742999956,0],[112.32065105100003,-6.8660883519999629,0],[112.32064910700001,-6.8661000169999511,0],[112.32064327500007,-6.8661068219999493,0],[112.32063246000007,-6.8661101029999259,0],[112.32061897200003,-6.8661109539999643,0],[112.32060524100007,-6.8661114399999406,0],[112.32058810800004,-6.8661126549999381,0],[112.32057000200007,-6.8661144769999396,0],[112.32054727900004,-6.8661173949999466,0],[112.32052974100009,-6.8661191209999402,0],[112.3205238270001,-6.8661197019999349,0],[112.32050134700012,-6.8661180019999506,0],[112.32048567200002,-6.8661116829999287,0],[112.32047291300012,-6.8661025699999527,0],[112.32046380000008,-6.8660962499999414,0],[112.32045225600007,-6.8660923619999608,0],[112.3204369450001,-6.8660917539999673,0],[112.32041738200007,-6.8660945489999676,0],[112.32039575200008,-6.8661042699999371,0],[112.32037558100001,-6.8661207959999615,0],[112.32035881200011,-6.8661455849999697,0],[112.32035054900007,-6.8661675789999776,0],[112.32034994200001,-6.8661895719999393,0],[112.32035650300008,-6.8662045189999503,0],[112.3203696270001,-6.8662178849999691,0],[112.32038530200009,-6.8662285789999373,0],[112.32040535200008,-6.8662399999999479,0],[112.32040981400007,-6.8662434139999391,0],[112.32040089900011,-6.8662788199999341,0],[112.32037234600011,-6.8662871489999588,0],[112.3203176180001,-6.8663097529999391,0],[112.32029144400008,-6.8663442559999339,0],[112.32028787500008,-6.8664168289999452,0],[112.3202414750001,-6.8664929719999463,0],[112.32019829600006,-6.8664038809999397,0],[112.32015556600004,-6.8662278979999769,0],[112.32009370000003,-6.8661255809999489,0],[112.32007114100008,-6.8660858369999573,0],[112.32003428400003,-6.8660209029999351,0],[112.3200342450001,-6.8659902119999288,0],[112.31996571600007,-6.8658631489999493,0],[112.31995429500012,-6.8658517269999493,0],[112.31994430100008,-6.865841019999948,0],[112.31994677400007,-6.8658349019999605,0],[112.31996520900009,-6.865789283999959,0],[112.3200270750001,-6.865779765999946,0],[112.32007942300004,-6.8658083199999282,0],[112.32009845900006,-6.8658321149999324,0],[112.32011749500009,-6.8658939809999424,0],[112.3201032180001,-6.8659510879999743,0],[112.32020315500006,-6.865965363999976,0],[112.32020791400009,-6.8658939809999424,0],[112.32017460200007,-6.8657654899999443,0],[112.32004135200009,-6.8656845879999651,0],[112.31995569200001,-6.8656941059999781,0],[112.31977961100006,-6.865727417999949,0],[112.31975487600005,-6.8658386199999768,0],[112.31974059900006,-6.8659373679999476,0],[112.31975838500011,-6.8659609029999729,0],[112.3198398940001,-6.8660687589999725,0],[112.31984147700007,-6.8660708539999291,0],[112.31990810200011,-6.8662207599999761,0],[112.32003659300005,-6.866294522999965,0],[112.32006990600007,-6.8663325949999603,0],[112.32008656200003,-6.8664230139999631,0],[112.32010797700002,-6.8665039159999424,0],[112.32006514700004,-6.8665776789999313,0],[112.32001755800002,-6.8666395449999413,0],[112.32000236700003,-6.8666596099999424,0],[112.31997432700007,-6.8666966449999336,0],[112.31995866500006,-6.8667173319999506,0],[112.31997616600006,-6.8667975429999615,0],[112.31997497600003,-6.8668439419999459,0],[112.31996069900003,-6.8668558399999711,0],[112.31997378600011,-6.8669974179999258,0],[112.32000709900001,-6.8671842049999441,0],[112.32002613400005,-6.8672853319999376,0],[112.32002851400011,-6.8673876489999657,0],[112.32003255900008,-6.8675031129999411,0],[112.32003018100011,-6.8675043449999293,0],[112.3197647610001,-6.8676418669999748,0],[112.31975701700003,-6.8676458799999409,0],[112.31975304100001,-6.8676417039999365,0],[112.31972912900005,-6.8676165979999269,0],[112.31972846400004,-6.8676158989999294,0],[112.31963280900004,-6.8676187539999773,0],[112.31959368900004,-6.8676078349999443,0],[112.31957141900011,-6.8676016219999383,0],[112.31943388600007,-6.8674978289999444,0],[112.31938153800002,-6.8674631379999482,0],[112.31933870800003,-6.8674245899999278,0],[112.3193075050001,-6.8674071969999773,0],[112.31925162000005,-6.8673760489999722,0],[112.31918955500009,-6.8673388099999784,0],[112.31917177100001,-6.8673281399999269,0],[112.3191516820001,-6.8673160869999492,0],[112.31909029200006,-6.8669577399999753,0],[112.31905031700001,-6.8667707139999266,0],[112.31912046500008,-6.8667456309999579,0],[112.31928588400001,-6.8666864819999773,0],[112.3193394110001,-6.8666514419999771,0],[112.31936082600009,-6.8663730449999321,0],[112.31928944200001,-6.8660411109999586,0],[112.31923629500011,-6.8657618659999571,0],[112.31922067400001,-6.8656797829999618,0],[112.31921592800006,-6.8656414219999533,0],[112.31916652400002,-6.8656015709999565,0],[112.31904812700009,-6.8654476889999501,0],[112.3190346130001,-6.8654301259999784,0],[112.31903322800008,-6.8653987329999495,0],[112.31902649800008,-6.865376620999939,0],[112.31902861100002,-6.8652941999999371,0],[112.31901571100002,-6.8650021519999314,0],[112.31901596900002,-6.8650004129999616,0],[112.31903099200008,-6.8648990879999587,0],[112.31903566500011,-6.8648360049999724,0],[112.31906136500004,-6.8647542309999494,0],[112.31906603800007,-6.8646514279999451,0],[112.31905902900007,-6.8646210549999296,0],[112.31899594600009,-6.8646140459999287,0],[112.31899127300005,-6.8646677829999589,0],[112.31897725500005,-6.8647589029999381,0],[112.31897491800009,-6.8648360049999724,0],[112.31897031800008,-6.8649526969999783,0],[112.31895609100002,-6.8649447159999681,0],[112.31893610300006,-6.8650617859999556,0],[112.31894466900008,-6.8653516039999545,0],[112.31895323500009,-6.865507220999973,0],[112.31901034200007,-6.8655985919999694,0],[112.31907173200011,-6.865742786999931,0],[112.31910885200011,-6.865835585999946,0],[112.31911527200009,-6.8658865839999521,0],[112.31912751800007,-6.8659838519999425,0],[112.31913793900003,-6.8660902319999764,0],[112.31914739900003,-6.866186794999976,0],[112.31915596500005,-6.8665294369999401,0],[112.31913026700011,-6.8665579909999792,0],[112.3189389580001,-6.8666893369999684,0],[112.31893146300001,-6.8667384729999412,0],[112.31895525800007,-6.8670864689999576,0],[112.31898797500003,-6.8672946719999572,0],[112.31905935900011,-6.8674195939999549,0],[112.31917535800005,-6.867470156999957,0],[112.31934786900001,-6.86753856699994,0],[112.31940121800005,-6.8675772979999579,0],[112.31940495900005,-6.8675806829999715,0],[112.31944243800001,-6.8676313509999432,0],[112.31946813600007,-6.8676827469999466,0],[112.3195031140001,-6.867707017999976,0],[112.3195296670001,-6.8677386499999784,0],[112.31958520500007,-6.8678048129999638,0],[112.31957926100006,-6.8678300809999655,0],[112.31957092800008,-6.8678654899999287,0],[112.31958235000002,-6.8679004679999593,0],[112.31963945700011,-6.8679668549999633,0],[112.31971012700001,-6.8679739929999641,0],[112.3198113950001,-6.8678996879999659,0],[112.31982038700005,-6.8678989589999446,0],[112.31982937900011,-6.8679011459999515,0],[112.31983934300001,-6.8679086199999801,0],[112.31984614800001,-6.8679204069999287,0],[112.31984833500007,-6.8679338939999752,0],[112.31984432500008,-6.8679461669999569,0],[112.31983618400011,-6.8679584399999385,0],[112.31982646300003,-6.8679714429999308,0],[112.319817349,-6.8679837159999693,0],[112.31981005900002,-6.8679952579999508,0],[112.3198073850001,-6.8680044939999334,0],[112.31980799300004,-6.8680161589999784,0],[112.31981236700005,-6.8680274599999507,0],[112.31981953700006,-6.8680387599999335,0],[112.31982913600007,-6.8680465379999305,0],[112.31984043700004,-6.868050425999968,0],[112.31985271000008,-6.868047995999973,0],[112.31986534700002,-6.8680405829999813,0],[112.31987798400007,-6.8680269739999744,0],[112.31988515400008,-6.8680129989999728,0],[112.31988685500005,-6.8680007269999805,0],[112.31988442500005,-6.8679903989999502,0],[112.31988041500006,-6.8679814059999558,0],[112.31987798400007,-6.8679726569999389,0],[112.31987956400008,-6.8679670669999382,0],[112.31988527500005,-6.8679656089999526,0],[112.31989280900007,-6.8679694979999795,0],[112.3199022870001,-6.867977031999942,0],[112.31991504600001,-6.8679861449999748,0],[112.31992889800006,-6.8679948939999349,0],[112.31994688200007,-6.8680038859999399,0],[112.31995903400002,-6.8680145789999756,0],[112.31996681100009,-6.8680279459999269,0],[112.31996766100008,-6.8680448359999673,0],[112.31996814700005,-6.8680617259999508,0],[112.31997045600008,-6.8680767939999328,0],[112.31997750400001,-6.8680899179999528,0],[112.31998892600006,-6.8681000029999382,0],[112.32000472300001,-6.8681082659999788,0],[112.32002185600004,-6.8681147059999716,0],[112.32003923200011,-6.8681230899999264,0],[112.32005405700011,-6.8681323259999658,0],[112.32006809500001,-6.8681430599999658,0],[112.3200685170001,-6.8681433829999605,0],[112.32008297700008,-6.8681537129999697,0],[112.32010266200007,-6.868165620999946,0],[112.3201281800001,-6.868179472999941,0],[112.32015479200004,-6.8681945399999336,0],[112.32017360300006,-6.8682073999999602,0],[112.32017629800009,-6.8682092439999565,0],[112.32019318900007,-6.8682211519999328,0],[112.32020412500003,-6.8682324529999619,0],[112.3202066770001,-6.8682418099999722,0],[112.32020230300009,-6.8682514089999813,0],[112.32019647000004,-6.8682610089999798,0],[112.32019343200011,-6.8682743749999418,0],[112.32019355300008,-6.86829260199994,0],[112.32019376500011,-6.8682947859999786,0],[112.32019574000003,-6.8683152039999413,0],[112.32019780600001,-6.8683344029999489,0],[112.3202010870001,-6.8683498349999468,0],[112.3202054620001,-6.8683612569999468,0],[112.32020983600012,-6.8683708569999453,0],[112.32021020100001,-6.8683799699999781,0],[112.32020473200009,-6.8683887189999382,0],[112.3201942820001,-6.8683966179999629,0],[112.32018273900007,-6.868405609999968,0],[112.32018200400012,-6.8684064579999813,0],[112.320172963,-6.868416879999927,0],[112.32017241000005,-6.8684175179999443,0],[112.32016669900008,-6.8684322209999777,0],[112.32016329600003,-6.8684495969999375,0],[112.32015989400008,-6.8684662449999792,0],[112.32015321100005,-6.8684798539999292,0],[112.32014567700003,-6.8684892109999396,0],[112.32013802200004,-6.8684995389999699,0],[112.32013486200003,-6.8685102319999487,0],[112.32013632100006,-6.8685225049999303,0],[112.3201402090001,-6.8685330769999382,0],[112.3201454340001,-6.8685420689999432,0],[112.3201458420001,-6.8685424569999327,0],[112.32015260300011,-6.8685488739999414,0],[112.32016147400009,-6.8685520329999576,0],[112.32016178600009,-6.8685520359999259,0],[112.32017253100003,-6.8685521539999286,0],[112.32018407500004,-6.8685500889999389,0],[112.3201930670001,-6.8685517899999695,0],[112.32019732000003,-6.8685576229999583,0],[112.32019525400005,-6.8685684369999649,0],[112.32018735600002,-6.8685808319999637,0],[112.32017326100004,-6.8685963239999523,0],[112.32015296800012,-6.8686155239999493,0],[112.32012429100007,-6.8686406769999735,0],[112.32009670700006,-6.8686613339999667,0],[112.3200697310001,-6.8686780419999423,0],[112.32004263400006,-6.8686906789999398,0],[112.32002544600005,-6.868697496999971,0],[112.32001383500005,-6.8687021019999293,0],[112.31998236300001,-6.8687152249999599,0],[112.31994931200006,-6.8687310219999631,0],[112.31992282200008,-6.8687477909999757,0],[112.31990058500003,-6.8687652889999526,0],[112.31990019200009,-6.8687656239999342,0],[112.31987980600002,-6.8687830289999283,0],[112.31985562500006,-6.8688010129999384,0],[112.31982646200004,-6.8688198479999301,0],[112.31979085900002,-6.8688401409999642,0],[112.31975452600011,-6.8688594609999427,0],[112.31972281100002,-6.8688746499999525,0],[112.31969279700002,-6.8688875309999275,0],[112.31966764400011,-6.8688977379999301,0],[112.3196456500001,-6.8689078239999617,0],[112.31962207700008,-6.8689193669999327,0],[112.31959497900004,-6.8689327339999409,0],[112.31956520900007,-6.8689479229999506,0],[112.3195375040001,-6.8689618969999628,0],[112.31950809700004,-6.8689767209999673,0],[112.31947626100009,-6.8689926399999308,0],[112.31944272300007,-6.8690102589999356,0],[112.31940784900007,-6.8690281219999747,0],[112.31937674200003,-6.8690434319999554,0],[112.31934660600007,-6.869058134999932,0],[112.31932084500011,-6.8690730809999536,0],[112.31929654300006,-6.8690883919999806,0],[112.31926713700011,-6.8691061329999457,0],[112.31923979600003,-6.869120349999946,0],[112.31921330600005,-6.8691333519999489,0],[112.31919325700005,-6.8691450169999371,0],[112.31917600200006,-6.869158504999973,0],[112.31915959700007,-6.8691734509999378,0],[112.31914112700008,-6.8691893699999582,0],[112.31911864800009,-6.8692041939999626,0],[112.31909203600003,-6.8692181679999749,0],[112.31906457400009,-6.8692301979999684,0],[112.31903929900011,-6.8692413159999433,0],[112.31901621200007,-6.8692518879999511,0],[112.31898923600011,-6.8692656189999752,0],[112.3189632320001,-6.8692778919999569,0],[112.31895881900004,-6.8692798099999663,0],[112.31893540600004,-6.8692899819999411,0],[112.31890660700003,-6.8693010399999253,0],[112.3188735550001,-6.8693128269999306,0],[112.3188411110001,-6.8693237629999544,0],[112.31880818100001,-6.8693345779999504,0],[112.31877756100005,-6.8693449049999344,0],[112.31874876200004,-6.8693538979999289,0],[112.31872446000011,-6.8693604589999495,0],[112.31869845600011,-6.8693670209999595,0],[112.31867050800008,-6.869374918999938,0],[112.31864207400008,-6.8693853689999287,0],[112.3186171640001,-6.8693966699999578,0],[112.31861488200002,-6.8693978979999315,0],[112.31858473700004,-6.8693359339999347,0],[112.31851464500005,-6.8693616349999616,0],[112.31844221600011,-6.8693756529999632,0],[112.31838614200001,-6.8693896719999543,0],[112.31831605000002,-6.8694270539999707,0],[112.31824338100012,-6.8694918469999493,0],[112.31797152000001,-6.8695960599999353,0],[112.31796369200003,-6.869599060999974,0],[112.31795322700009,-6.8695770839999568,0],[112.31793989700009,-6.8695490919999429,0],[112.31792366700006,-6.8695215329999542,0],[112.31786537000005,-6.8693502109999258,0],[112.3178237300001,-6.8692264799999521,0],[112.31776687600006,-6.8690312439999275,0],[112.31776067400006,-6.8690099489999739,0],[112.31773450000003,-6.8689302369999723,0],[112.31772855100007,-6.8689076319999458,0],[112.31770356700008,-6.8688957349999669,0],[112.31768929100008,-6.8688957349999669,0],[112.31768096200005,-6.8689028729999677,0],[112.31768215200009,-6.8689112009999462,0],[112.31769761800001,-6.8689147699999467,0],[112.31770951600004,-6.8689183399999365,0],[112.31771427400008,-6.8689254779999374,0],[112.31771903300012,-6.8689445139999634,0],[112.31772379200004,-6.8689587909999545,0],[112.31772498200007,-6.8689694979999558,0],[112.31771903300012,-6.8689849639999352,0],[112.31771189500012,-6.8689873439999474,0],[112.31765597800006,-6.8689694979999558,0],[112.31763813200007,-6.8689694979999558,0],[112.31762504400001,-6.8689790159999689,0],[112.31760957800009,-6.86899329299996,0],[112.31759649100002,-6.8690075699999511,0],[112.31758935300002,-6.8690170869999747,0],[112.31758102400011,-6.8690206569999646,0],[112.31757269700006,-6.869014707999952,0],[112.3175703170001,-6.8690051899999389,0],[112.3175631790001,-6.8689944829999376,0],[112.31755960900011,-6.8689766369999461,0],[112.31755604000011,-6.8689683079999782,0],[112.3175560410001,-6.8689599799999428,0],[112.31756198900007,-6.8689552209999647,0],[112.3175738860001,-6.8689468939999756,0],[112.3175738860001,-6.8689373749999731,0],[112.3175703170001,-6.8689361859999281,0],[112.31755723000003,-6.8689361849999386,0],[112.31754533300011,-6.8689433239999289,0],[112.31753462500001,-6.8689528419999419,0],[112.31753224600004,-6.868962359999955,0],[112.31753224600004,-6.8689742569999339,0],[112.31753462500001,-6.8689837749999469,0],[112.31754057400008,-6.8689956719999259,0],[112.31754176300001,-6.8690099479999276,0],[112.31754652200004,-6.8690218459999528,0],[112.31755128100008,-6.8690313639999658,0],[112.31755842000007,-6.8690408819999789,0],[112.31756079900003,-6.8690515889999801,0],[112.31756436900002,-6.8690658659999713,0],[112.31756912700007,-6.8690967989999763,0],[112.3175881630001,-6.8691491479999627,0],[112.31762266600003,-6.8692562229999794,0],[112.31763337300004,-6.8692966739999406,0],[112.31766549500003,-6.8694025599999691,0],[112.31770118700001,-6.8695084459999407,0],[112.31772650500011,-6.8695772019999595,0],[112.31773645300007,-6.8696042159999706,0],[112.31761153200011,-6.8696399079999537,0],[112.31759487500005,-6.8695756629999778,0],[112.31754014800003,-6.8695899399999689,0],[112.31759572400006,-6.8698245179999731,0],[112.31712850100007,-6.869953996999925,0],[112.31705235800007,-6.8697160509999549,0],[112.31668116200001,-6.8698302649999619,0],[112.31676206400005,-6.8700444169999741,0],[112.31663119400002,-6.8701086619999501,0],[112.31667064400006,-6.8702404579999552,0],[112.31665059400007,-6.8702494499999602,0],[112.31662762800011,-6.8702602639999668,0],[112.31659664200004,-6.8702721729999325,0],[112.31655836600009,-6.8702849319999473,0],[112.31651401300007,-6.8702985419999436,0],[112.31647610100003,-6.8703110579999702,0],[112.31644025500009,-6.8703238159999387,0],[112.31640331500012,-6.870337425999935,0],[112.31636880500002,-6.8703511569999591,0],[112.31633587500005,-6.8703642799999329,0],[112.31630659000007,-6.8703748509999514,0],[112.31627293100007,-6.8703840859999445,0],[112.31624048700007,-6.8703870029999621,0],[112.31620901500003,-6.8703862729999514,0],[112.31619316400008,-6.8703851309999777,0],[112.31618203900007,-6.8703843289999327,0],[112.31615567000006,-6.8703855449999764,0],[112.31613209600005,-6.8703911349999771,0],[112.31610779400012,-6.8704002479999531,0],[112.31608057500011,-6.8704114279999544,0],[112.31604929200012,-6.8704235019999373,0],[112.31604594400005,-6.8704247939999732,0],[112.31600608700001,-6.8704398619999552,0],[112.31599105700002,-6.8704454869999267,0],[112.31596550200004,-6.8704550509999649,0],[112.31592552400002,-6.8704698759999587,0],[112.31588907000003,-6.870483606999926,0],[112.31584945700001,-6.8704973379999501,0],[112.31581215200003,-6.8705094889999714,0],[112.31577156700007,-6.8705215189999649,0],[112.31573049500003,-6.8705339129999743,0],[112.31569124700002,-6.8705442419999372,0],[112.31567265800004,-6.8705474459999323,0],[112.31565248400011,-6.870550924999975,0],[112.31561943200006,-6.8705495879999603,0],[112.31559748300003,-6.8705439989999491,0],[112.31559318500001,-6.8705429049999793,0],[112.31557410800008,-6.8705320899999265,0],[112.31555891900007,-6.8705199389999621,0],[112.31554506600003,-6.8705058429999326,0],[112.3155315780001,-6.8704900469999757,0],[112.31553038700008,-6.8704884439999319,0],[112.31551784700002,-6.8704715769999325,0],[112.31550363000008,-6.8704500689999577,0],[112.31549050700005,-6.8704295329999354,0],[112.31547483200006,-6.8704049879999616,0],[112.31545660500001,-6.8703732729999274,0],[112.31543412600001,-6.8703285559999472,0],[112.31541820700011,-6.8702837169999498,0],[112.31539387400005,-6.8702427049999528,0],[112.3153700790001,-6.8701951159999339,0],[112.31522255300001,-6.8697596739999653,0],[112.31513541800007,-6.8694627889999538,0],[112.31513070700009,-6.86944673499994,0],[112.31509939600005,-6.8694447949999358,0],[112.31508392900002,-6.8694531239999606,0],[112.31506965200003,-6.8694614509999496,0],[112.31503634000001,-6.8694685899999399,0],[112.31501016600009,-6.8694721589999403,0],[112.31498161200011,-6.8694781069999635,0],[112.31496138700004,-6.8694852459999538,0],[112.31493402300009,-6.8694923849999441,0],[112.3149126080001,-6.8694959539999445,0],[112.31488643400007,-6.8695126099999584,0],[112.31483527500006,-6.8695280759999378,0],[112.3147317690001,-6.8695590089999428,0],[112.31467778900003,-6.8695761559999369,0],[112.31463064200011,-6.8695911319999254,0],[112.31459138100001,-6.8695935119999376,0],[112.31457948400009,-6.8696018389999267,0],[112.31458186300006,-6.8696161159999747,0],[112.31458543200006,-6.8696434799999793,0],[112.31459376000009,-6.8696767929999396,0],[112.31461041700004,-6.8697362789999374,0],[112.31462112400004,-6.8697624529999644,0],[112.31463540000004,-6.8697838679999563,0],[112.31463993400007,-6.8697979219999752,0],[112.31464729800007,-6.8698207499999739,0],[112.3146520570001,-6.869856441999957,0],[112.31469369700005,-6.8700301419999619,0],[112.31475437400002,-6.8702240689999599,0],[112.31477257300003,-6.8702801409999665,0],[112.31479839400004,-6.8703596979999588,0],[112.31475010200006,-6.8703736089999552,0],[112.31474183600005,-6.8703426749999608,0],[112.31473204600002,-6.8703060409999352,0],[112.31472443200005,-6.8703060419999815,0],[112.3147111080001,-6.8703079449999791,0],[112.31469397500007,-6.8703098479999767,0],[112.31466922900006,-6.8703193659999329,0],[112.31463877100009,-6.8703288839999459,0],[112.31461320200003,-6.8703288829999565,0],[112.31460831400011,-6.8703288839999459,0],[112.31458166500011,-6.8703231729999743,0],[112.31457214700004,-6.8703060419999815,0],[112.31456834000005,-6.8702870059999555,0],[112.31456453200008,-6.8702584519999732,0],[112.31455882200009,-6.8702356089999626,0],[112.31455120700002,-6.8702089589999673,0],[112.31454549700004,-6.8701785019999306,0],[112.31452265400003,-6.8701004559999319,0],[112.31451504000006,-6.870060480999939,0],[112.31450932900009,-6.8700338309999438,0],[112.31450171500001,-6.870001469999977,0],[112.31449410000005,-6.8699653019999687,0],[112.31449079000004,-6.8699504059999299,0],[112.31444505500008,-6.8699453739999399,0],[112.31441445500002,-6.8699420079999527,0],[112.31425612400005,-6.869912215999932,0],[112.31414774500001,-6.8698038369999495,0],[112.31390817200008,-6.8690622999999391,0],[112.31379408900011,-6.8687029399999346,0],[112.31365719000007,-6.8683492839999758,0],[112.31366289400012,-6.8682123849999357,0],[112.31367430200009,-6.8680754859999524,0],[112.31362296500004,-6.8678929539999558,0],[112.31353740300005,-6.8677104209999698,0],[112.31349177000004,-6.8675735219999297,0],[112.31341761700003,-6.8674366229999464,0],[112.31334916700007,-6.8673624689999428,0],[112.31326930900002,-6.8673681739999779,0],[112.31330353400006,-6.8675678179999409,0],[112.31336627900009,-6.8678073919999747,0],[112.31349747400009,-6.8680925979999756,0],[112.31356022000011,-6.8682751299999723,0],[112.31360585300001,-6.8684804789999703,0],[112.31369711900004,-6.8687371649999704,0],[112.3138226100001,-6.8690280759999496,0],[112.31393669200008,-6.8693703229999414,0],[112.31403366300003,-6.8696555299999318,0],[112.31419908200007,-6.8699464409999678,0],[112.31430746100011,-6.8701346769999532,0],[112.31431886900009,-6.8702145349999455,0],[112.31431546800002,-6.8703185889999645,0],[112.31432666600006,-6.8704398189999552,0],[112.31434168600003,-6.8706024159999401,0],[112.31420386700006,-6.8706525319999514,0],[112.31417366500011,-6.8706635139999435,0],[112.3141812020001,-6.8706960049999566,0],[112.31427270300003,-6.8710904429999573,0],[112.31426091600008,-6.8711102489999689,0],[112.31418055200004,-6.871144299999969,0],[112.31417318300009,-6.871146825999972,0],[112.31407684200008,-6.8711761679999768,0],[112.31403758100009,-6.8711618909999288,0],[112.31400664800003,-6.8711392859999592,0],[112.31394959900001,-6.8708775509999782,0],[112.3139256610001,-6.8708578659999375,0],[112.31390038600011,-6.8708579889999442,0],[112.31386903600003,-6.870864428999937,0],[112.31383489100006,-6.8708718399999498,0],[112.31380001600007,-6.8708796169999573,0],[112.31376696500001,-6.870887636999953,0],[112.31373755900006,-6.8708944429999406,0],[112.31370912400007,-6.8709002739999505,0],[112.31368711500011,-6.8709041799999682,0],[112.31368652300011,-6.8709042839999483,0],[112.31366208600002,-6.870903435999935,0],[112.3136526080001,-6.8709163149999313,0],[112.31364884100003,-6.8709352709999507,0],[112.31365005600003,-6.8709588459999509,0],[112.31365702200003,-6.8709914629999389,0],[112.31366006000007,-6.8710186829999316,0],[112.31366455600005,-6.8710474809999482,0],[112.31367014500006,-6.8710789539999269,0],[112.31367084800002,-6.8711091559999318,0],[112.31367412900011,-6.8711371029999668,0],[112.31367668000007,-6.8711627429999567,0],[112.31367874600005,-6.8711863169999674,0],[112.31367984000008,-6.8712067309999725,0],[112.31367874600005,-6.8712273879999657,0],[112.3136753440001,-6.8712463449999746,0],[112.31367096500003,-6.8712629199999355,0],[112.31367024000008,-6.8712656649999531,0],[112.31366452900011,-6.8712824329999762,0],[112.31365918200004,-6.8712961639999435,0],[112.31365177000009,-6.8713062499999751,0],[112.31364156300003,-6.8713137849999271,0],[112.31362771100009,-6.8713185229999567,0],[112.31361470900003,-6.871323322999956,0],[112.31360122100011,-6.8713308559999291,0],[112.31358505900005,-6.8713456809999798,0],[112.31357169300009,-6.8713617209999711,0],[112.31354027400005,-6.8713629549999382,0],[112.31352480700002,-6.8713784219999638,0],[112.31298942900003,-6.8714569439999309,0],[112.31299775700006,-6.8715081019999502,0],[112.31308493400002,-6.8717534159999332,0],[112.3131000730001,-6.8717960169999515,0],[112.31301203300006,-6.8718555039999387,0],[112.31295849600008,-6.871773411999925,0],[112.31288476700001,-6.8715403939999646,0],[112.3128795990001,-6.8715240589999667,0],[112.31286212700002,-6.8714688409999667,0],[112.31254446900004,-6.8715342759999771,0],[112.31254562200002,-6.8716091769999252,0],[112.31254565900008,-6.8716116089999559,0],[112.31249331100003,-6.8716330239999479,0],[112.31240289100003,-6.8716699059999655,0],[112.31239371900006,-6.8716725429999315,0],[112.31212568400008,-6.8717496179999671,0],[112.3118294410001,-6.8718067249999422,0],[112.31179969800007,-6.8717983969999636,0],[112.31177352400005,-6.8717936379999287,0],[112.31175924700005,-6.8718114839999771,0],[112.3116362290001,-6.8718433679999293,0],[112.31139695000002,-6.8718957169999726,0],[112.3113919540001,-6.8718707319999339,0],[112.31132057000002,-6.8718892919999348,0],[112.31132128400009,-6.8719114209999361,0],[112.31124561700005,-6.8719256979999273,0],[112.3112449030001,-6.8719392609999659,0],[112.31122593500004,-6.8719412219999754,0],[112.31120350000003,-6.8719435439999756,0],[112.31120000800001,-6.8719144309999365,0],[112.3111970760001,-6.8718900059999442,0],[112.31108571700008,-6.8719007129999454,0],[112.31108643100004,-6.871920700999965,0],[112.31102361300009,-6.8719292669999277,0],[112.31102718200009,-6.8719535369999676,0],[112.31100291200005,-6.8719578209999668,0],[112.3110057670001,-6.8719820909999498,0],[112.31088013200008,-6.8719985089999795,0],[112.31088554600001,-6.8720449209999401,0],[112.31089012500001,-6.8720841699999369,0],[112.31085015000008,-6.8720848839999462,0],[112.31084873400005,-6.8720763879999254,0],[112.31084729500003,-6.872067751999964,0],[112.31076020700004,-6.8720698929999458,0],[112.31075881600009,-6.8721061499999792,0],[112.3106902510001,-6.8721062989999382,0],[112.31068976900008,-6.8720972269999265,0],[112.31068907600002,-6.8720841709999263,0],[112.31066954900007,-6.8720855979999556,0],[112.31066924800007,-6.8720735619999687,0],[112.31066883500011,-6.8720570439999733,0],[112.31058174700001,-6.8720634689999542,0],[112.31058174700001,-6.8720777449999559,0],[112.31035403300007,-6.8720955909999475,0],[112.31035780600007,-6.8721452309999336,0],[112.31029342600004,-6.8721585269999537,0],[112.31029434400011,-6.8721823939999354,0],[112.31024275100003,-6.872190992999947,0],[112.3102455290001,-6.872234075999927,0],[112.31004817500002,-6.8722510159999501,0],[112.31004101500002,-6.8721783969999706,0],[112.30984728800001,-6.8721879019999506,0],[112.30982155300001,-6.872190987999943,0],[112.3097911750001,-6.8721937829999433,0],[112.30977287200005,-6.8721935959999314,0],[112.30977832200006,-6.8722297929999741,0],[112.30975167100007,-6.8722291239999436,0],[112.30969031300003,-6.872231046999957,0],[112.30963733900001,-6.8722319369999809,0],[112.3095884170001,-6.8722338019999256,0],[112.30956800100012,-6.8722346889999812,0],[112.30956702600008,-6.8722640569999385,0],[112.30954411900007,-6.872280051999951,0],[112.30954292300009,-6.8723056959999553,0],[112.30953561700005,-6.8723682779999535,0],[112.30905306200009,-6.8724425169999677,0],[112.3090459340001,-6.872429153999974,0],[112.30901296800005,-6.872360543999946,0],[112.30865367000001,-6.8724652409999294,0],[112.30865367000001,-6.8724795169999311,0],[112.30830388900006,-6.8725199679999491,0],[112.30830416100002,-6.8726169219999633,0],[112.30830288100003,-6.8726171339999382,0],[112.30828173800001,-6.8726199289999386,0],[112.30826609700011,-6.8726218179999705,0],[112.30825658500009,-6.872622966999927,0],[112.30822572000011,-6.8726267349999262,0],[112.3081876870001,-6.8726314729999558,0],[112.30814552200002,-6.8726365759999339,0],[112.30810153400012,-6.872641314999953,0],[112.30805803200008,-6.8726459329999443,0],[112.30801465200011,-6.8726511579999396,0],[112.30797321600005,-6.8726584489999709,0],[112.30793846300003,-6.8726661039999613,0],[112.3079097860001,-6.8726730309999766,0],[112.30789010100011,-6.8726760689999651,0],[112.30786944400006,-6.8726771619999454,0],[112.30784392600003,-6.8726772839999626,0],[112.30782050100004,-6.8726776529999256,0],[112.30781318200002,-6.8726777699999388,0],[112.30777964400011,-6.8726787419999482,0],[112.30774464900003,-6.8726801999999338,0],[112.30771244800007,-6.8726816589999657,0],[112.307697684,-6.8726825699999381,0],[112.30769409600009,-6.8726328689999718,0],[112.30769296200003,-6.872617168999966,0],[112.30761287900009,-6.8726156139999262,0],[112.30761283300001,-6.8726156119999473,0],[112.30754591200002,-6.8726143139999749,0],[112.30754597400005,-6.8726693859999273,0],[112.30753503800008,-6.8726640389999716,0],[112.3075249530001,-6.87266051499995,0],[112.30751648100011,-6.8726598899999658,0],[112.30750684800012,-6.8726591779999353,0],[112.30748193800002,-6.8726648889999638,0],[112.3074612480001,-6.872672252999962,0],[112.30744779200006,-6.8726770409999745,0],[112.30742142400004,-6.8727017079999655,0],[112.30739444900007,-6.8727132509999365,0],[112.30736686500006,-6.8727173829999515,0],[112.30733928200004,-6.8727145889999406,0],[112.30730999700006,-6.8727110649999759,0],[112.30727475800006,-6.8727066899999727,0],[112.30724122000004,-6.8727026799999749,0],[112.30721242200002,-6.8727001279999627,0],[112.30718787900003,-6.8726990399999295,0],[112.3071877540001,-6.8726990349999255,0],[112.30718215600007,-6.8726825249999592,0],[112.3071844530001,-6.8725387239999804,0],[112.30718446500009,-6.8725379659999248,0],[112.30718459000002,-6.8725301229999332,0],[112.30718805700008,-6.8723130419999734,0],[112.30719698900009,-6.8721141259999285,0],[112.30725145100007,-6.8717489459999683,0],[112.30724004300009,-6.8715721179999605,0],[112.30714877700007,-6.8715493009999591,0],[112.30700047000005,-6.8715321889999359,0],[112.3066696300001,-6.8715093719999345,0],[112.3064642810001,-6.8714865559999794,0],[112.30639583200002,-6.8715150759999801,0],[112.30637871900001,-6.8716804959999536,0],[112.30637871900001,-6.8718630279999502,0],[112.30636718800008,-6.872035379999943,0],[112.306366432,-6.8720480469999643,0],[112.30636637000009,-6.8720491019999486,0],[112.3063611230001,-6.8721383059999539,0],[112.30634736800005,-6.8723313359999452,0],[112.30634598600011,-6.8724228699999799,0],[112.30634598600011,-6.8724507309999581,0],[112.30634598600011,-6.8725224059999732,0],[112.30634416500004,-6.8725225989999785,0],[112.30626121700004,-6.8725148199999353,0],[112.30623691400001,-6.8725127549999456,0],[112.30621504200008,-6.872511903999964,0],[112.30619766500001,-6.8725128769999628,0],[112.30618393400005,-6.8725165219999553,0],[112.30616680100002,-6.8725181019999582,0],[112.30613763800011,-6.8725183439999569,0],[112.30610507200004,-6.8725151849999406,0],[112.30606922600009,-6.8725098389999744,0],[112.30604589500001,-6.8724991459999387,0],[112.30602207900006,-6.8724959849999436,0],[112.30600761900007,-6.8724973219999583,0],[112.3059898780001,-6.8724996309999256,0],[112.30597092200003,-6.8725012109999284,0],[112.30594649700004,-6.8725018189999787,0],[112.30591818500011,-6.8725036409999802,0],[112.3058893860001,-6.8725054639999712,0],[112.30585633500004,-6.8725091089999637,0],[112.30583713600004,-6.8725098389999744,0],[112.30581793500005,-6.8725105679999388,0],[112.30576532000009,-6.8725108719999639,0],[112.30573941300008,-6.8725025319999418,0],[112.30573342300011,-6.8725006039999812,0],[112.30572641700007,-6.8724986849999254,0],[112.3057105800001,-6.87249434499995,0],[112.30569381100008,-6.8724896069999772,0],[112.30567285000006,-6.8724883309999427,0],[112.3056498840001,-6.8724879659999374,0],[112.30562673500003,-6.872488695999948,0],[112.30560814400008,-6.8724908819999655,0],[112.30558731400004,-6.872537187999967,0],[112.30553686900009,-6.8725400429999581,0],[112.30553020700006,-6.8725114889999759,0],[112.30537125900003,-6.8724962609999807,0],[112.30527893600004,-6.8724791289999416,0],[112.30527643900007,-6.8724476529999379,0],[112.30527076300007,-6.8724422159999676,0],[112.30526620600006,-6.8724270879999381,0],[112.30526602400005,-6.8724123249999707,0],[112.30526565900004,-6.8723953729999607,0],[112.30525381100006,-6.8723778749999269,0],[112.30525191000004,-6.8723589879999736,0],[112.30525012300006,-6.8723589659999789,0],[112.30525111200006,-6.8723510519999422,0],[112.30525803100011,-6.8722957009999277,0],[112.30525653600012,-6.8722179449999317,0],[112.30523560100005,-6.8722179449999317,0],[112.30518177100009,-6.8722164499999394,0],[112.30513093000002,-6.8722164499999394,0],[112.3050576600001,-6.8722179449999317,0],[112.30505167900003,-6.8722478509999405,0],[112.30505167900003,-6.8723345789999257,0],[112.3050576600001,-6.87242280199996,0],[112.30506623000008,-6.8724985019999281,0],[112.30506663200003,-6.8725020529999483,0],[112.30508140600011,-6.872514363999926,0],[112.30507525400003,-6.8725152959999605,0],[112.3050717110001,-6.872573498999941,0],[112.30506909200005,-6.8726165219999302,0],[112.30506859100001,-6.8726247519999788,0],[112.30504201300005,-6.8726492749999579,0],[112.3050314410001,-6.8726611229999435,0],[112.30501686000002,-6.8726747929999306,0],[112.30500645300003,-6.8726823849999619,0],[112.30499462300008,-6.8726910149999298,0],[112.30496819400003,-6.8727076929999384,0],[112.30493647900005,-6.8727239149999377,0],[112.3049347330001,-6.8727246419999801,0],[112.30488744800004,-6.8727443289999428,0],[112.30484607300002,-6.8727552649999666,0],[112.30481508300011,-6.8727591389999247,0],[112.3048001410001,-6.8727610069999514,0],[112.30475767300004,-6.8727620989999423,0],[112.30475038000009,-6.8727631039999437,0],[112.30471265200003,-6.8727682979999258,0],[112.30465676800009,-6.8727649509999651,0],[112.30465676800009,-6.8727788259999443,0],[112.30465412300009,-6.8728283929999634,0],[112.30465361300003,-6.8728379509999513,0],[112.30461363900008,-6.8728389029999448,0],[112.30461554200008,-6.8728684089999774,0],[112.30460600000004,-6.8728763409999374,0],[112.30461135900009,-6.8729042069999764,0],[112.30461122700001,-6.8729042329999288,0],[112.30460914600008,-6.8729050019999249,0],[112.30439568000008,-6.8729816709999341,0],[112.30420833500011,-6.8729998709999336,0],[112.30420532300002,-6.873048295999979,0],[112.30414074700002,-6.8730709379999553,0],[112.3040587480001,-6.8730996919999257,0],[112.30404459300007,-6.8730614189999528,0],[112.30403305000004,-6.8730302119999465,0],[112.30397879800012,-6.8730206939999334,0],[112.30392058900009,-6.8730502029999343,0],[112.30391502900011,-6.8730816079999499,0],[112.30384523000009,-6.8730870859999413,0],[112.30385221100005,-6.8731120649999298,0],[112.30375893600001,-6.8731406189999689,0],[112.30375798400007,-6.873100643999976,0],[112.30375575400001,-6.8731009619999668,0],[112.30373673100007,-6.8731036789999393,0],[112.30367137200005,-6.8731130169999801,0],[112.30366343100002,-6.8730901849999668,0],[112.30365614300001,-6.8730692349999458,0],[112.30349814700003,-6.873089221999976,0],[112.30350320900004,-6.8731179069999371,0],[112.30350671300005,-6.8731377629999315,0],[112.30349013600005,-6.8731433859999811,0],[112.30348730200001,-6.8731441119999772,0],[112.30348731700008,-6.8731442679999759,0],[112.30348752600003,-6.8731442709999442,0],[112.30348948300002,-6.8731511339999543,0],[112.30351337600007,-6.8732262789999368,0],[112.30327352600011,-6.8732890969999403,0],[112.30279002000009,-6.8734915099999512,0],[112.30262440900003,-6.8735676529999523,0],[112.30236742700004,-6.8735943029999476,0],[112.30236530700006,-6.8735730979999516,0],[112.30236171700005,-6.8735371959999725,0],[112.30233811500011,-6.8735368339999354,0],[112.30223033200002,-6.8735351829999445,0],[112.30221875600012,-6.8735350059999405,0],[112.30222370800004,-6.8736000129999297,0],[112.30216262600004,-6.87360369299995,0],[112.30210997000006,-6.8736068659999319,0],[112.30209474100002,-6.8736259019999579,0],[112.30200384600005,-6.8736301849999677,0],[112.30199385200001,-6.8736435099999653,0],[112.30191681600002,-6.8736459259999378,0],[112.30189342900007,-6.8736589369999592,0],[112.3018909330001,-6.8736603249999462,0],[112.30185885300011,-6.8736685269999498,0],[112.30182422200005,-6.8736747239999545,0],[112.30178266500002,-6.8736820159999752,0],[112.30174183600002,-6.8736902179999788,0],[112.30170155500002,-6.8736971429999585,0],[112.30167546000007,-6.8737010269999814,0],[112.30166236700006,-6.8737029759999473,0],[112.30162409000002,-6.8737078979999637,0],[112.30158672500011,-6.8737137299999631,0],[112.30156939100004,-6.8737164019999568,0],[112.30155008800011,-6.8737193799999545,0],[112.30151308800009,-6.8737257599999566,0],[112.30147499300006,-6.8737312279999401,0],[112.30143434700005,-6.8737356019999538,0],[112.3013953410001,-6.8737359669999591,0],[112.30135057400003,-6.8737225109999258,0],[112.30130737600007,-6.8737124869999775,0],[112.30125463100001,-6.8737133689999723,0],[112.30124212400005,-6.8737135789999684,0],[112.30120311900009,-6.8737223279999284,0],[112.30117432000009,-6.8737312589999533,0],[112.30115347000003,-6.8737487259999739,0],[112.30113645300003,-6.8737770769999429,0],[112.30103378700005,-6.8737953509999556,0],[112.30080821400009,-6.8738524579999307,0],[112.30070922900006,-6.8738657829999283,0],[112.30071018000001,-6.8739124209999432,0],[112.30061976100001,-6.8739352639999538,0],[112.30061976100001,-6.8739562029999774,0],[112.30058454500011,-6.8739590579999685,0],[112.30057883400002,-6.8739362149999579,0],[112.30040863000011,-6.8739704269999606,0],[112.30038942900001,-6.8739742869999532,0],[112.30018860300004,-6.8739885639999443,0],[112.30011647000003,-6.8739880369999469,0],[112.30005820800011,-6.8739876119999508,0],[112.30005523600005,-6.8739682669999524,0],[112.30003203400008,-6.8738172419999728,0],[112.30000850900001,-6.8738215429999627,0],[112.29989926000007,-6.8738415129999453,0],[112.29974649900009,-6.8738686389999657,0],[112.29964798900005,-6.8739086139999586,0],[112.29958631500006,-6.8739694539999618,0],[112.29955769700007,-6.8739891409999814,0],[112.29949499700001,-6.8739993479999271,0],[112.29941169900007,-6.8740108309999641,0],[112.29939974800004,-6.874012137999955,0],[112.29932676200008,-6.8740201249999586,0],[112.29926624900008,-6.8740181199999597,0],[112.2992181300001,-6.8740097359999481,0],[112.29920118400003,-6.8740056609999556,0],[112.29917493200003,-6.8739993469999376,0],[112.29913209900008,-6.8739927859999739,0],[112.29908926500002,-6.8739873169999441,0],[112.29904533800004,-6.8739694539999618,0],[112.29899776600007,-6.8739382859999409,0],[112.29899125800011,-6.8738565029999563,0],[112.29897327100002,-6.8738581959999578,0],[112.29893058100004,-6.8738622139999279,0],[112.29893315900006,-6.8739463879999789,0],[112.2989348640001,-6.8740021269999261,0],[112.29893048400004,-6.8740045099999634,0],[112.29888639800004,-6.8740285099999596,0],[112.29887316600002,-6.8740355159999353,0],[112.29886160900003,-6.8740416339999797,0],[112.29885482900011,-6.8740444299999695,0],[112.29882624900006,-6.8740562159999286,0],[112.29878596700007,-6.8740717089999634,0],[112.29873985300003,-6.8740893879999589,0],[112.2986977490001,-6.8741057919999662,0],[112.29865455100003,-6.8741225619999682,0],[112.29860898300001,-6.8741389659999754,0],[112.29857107100008,-6.8741504479999662,0],[112.29854081400003,-6.8741550059999668,0],[112.29851803100007,-6.8741535479999811,0],[112.2984985280001,-6.8741475329999275,0],[112.29847483300011,-6.8741372349999779,0],[112.29844457600007,-6.8741237459999525,0],[112.29840137800011,-6.8741055189999543,0],[112.29836164300002,-6.8740898439999683,0],[112.29832209100005,-6.8740729839999517,0],[112.29829055800008,-6.8740587669999513,0],[112.29826267100009,-6.8740447319999589,0],[112.2982386110001,-6.8740330669999707,0],[112.29821564500003,-6.87402158499998,0],[112.29819213200005,-6.8740093709999428,0],[112.29816989500011,-6.8739971589999413,0],[112.29814784100006,-6.8739845839999703,0],[112.29812924900011,-6.8739751049999427,0],[112.29811156900007,-6.8739659919999667,0],[112.29809443600004,-6.8739559669999721,0],[112.29807894300006,-6.8739443019999271,0],[112.29806733800001,-6.8739279909999595,0],[112.29806691400006,-6.8739273959999423,0],[112.29805907600007,-6.8739059789999715,0],[112.29805543100008,-6.8738777269999787,0],[112.29804522400002,-6.8738572219999696,0],[112.29802499200002,-6.8738441439999747,0],[112.29799236600002,-6.8738370349999514,0],[112.29795336000007,-6.8738310199999546,0],[112.29791526500003,-6.8738240949999749,0],[112.29787826500001,-6.8738146159999474,0],[112.29784126400011,-6.8738036799999804,0],[112.2977964260001,-6.8737921969999434,0],[112.29775514400001,-6.8737851999999293,0],[112.29778833500006,-6.8736489509999501,0],[112.2977930080001,-6.8735835309999516,0],[112.29773459800003,-6.8735111019999522,0],[112.29765983300001,-6.8734690469999578,0],[112.29759675000003,-6.8734129729999722,0],[112.29757572200003,-6.8733195169999703,0],[112.29761076800003,-6.8732190509999782,0],[112.29764347800005,-6.8731583039999578,0],[112.29767618800008,-6.8731232579999642,0],[112.29774628000007,-6.8731069029999503,0],[112.29780702700009,-6.8731139119999511,0],[112.29785141800005,-6.8731279309999422,0],[112.29787711900008,-6.873120920999952,0],[112.297846746,-6.8730905479999365,0],[112.29776730800006,-6.8730671839999786,0],[112.29770422500007,-6.8730601749999778,0],[112.29765749600006,-6.873053165999977,0],[112.29757064500006,-6.8730514139999741,0],[112.29757004600003,-6.873041427999965,0],[112.29756166200002,-6.8730292159999635,0],[112.29754587000002,-6.8730208169999401,0],[112.29754452900011,-6.8730201019999413,0],[112.29758522200007,-6.8728865899999505,0],[112.29658192300008,-6.8731164569999805,0],[112.29645437200008,-6.8734458849999669,0],[112.2964413520001,-6.8734903389999431,0],[112.29639092800005,-6.8736579739999684,0],[112.29633754400004,-6.8738375809999752,0],[112.29628115100002,-6.8740112129999602,0],[112.29623428000002,-6.8740846829999782,0],[112.29622131100007,-6.8741285879999623,0],[112.29622613700008,-6.8741889699999774,0],[112.29620248000003,-6.8742943169999648,0],[112.29616205000002,-6.8743949269999689,0],[112.29612403400006,-6.8745027069999765,0],[112.29606681200005,-6.8745913959999712,0],[112.29598814600001,-6.8747184289999268,0],[112.29592380600002,-6.8748310649999667,0],[112.29587614900004,-6.8749149439999542,0],[112.29580223200003,-6.8750276079999253,0],[112.29570744300008,-6.8751540849999628,0],[112.29562989300007,-6.8752512049999268,0],[112.2955475440001,-6.8753447489999644,0],[112.29549982100002,-6.8754046969999649,0],[112.29543654300005,-6.8754670819999433,0],[112.29537087800009,-6.8755491499999266,0],[112.29531071100007,-6.8756115259999433,0],[112.29526965800005,-6.8756585359999463,0],[112.29521295000006,-6.8757101989999683,0],[112.29520946900004,-6.8757508879999705,0],[112.29520478100005,-6.8757879889999458,0],[112.29514629700009,-6.8758527529999469,0],[112.29508785100006,-6.8759318759999815,0],[112.29498969000008,-6.8760745149999707,0],[112.29491811900004,-6.8761694629999397,0],[112.29486754300001,-6.8762365999999702,0],[112.29475135200005,-6.8764119639999421,0],[112.29466316000003,-6.876558164999949,0],[112.29460610000001,-6.8767066759999693,0],[112.29457283300007,-6.8768000859999461,0],[112.29453229900002,-6.8768624089999548,0],[112.2945132430001,-6.8768983529999446,0],[112.29450868100002,-6.8769821149999757,0],[112.29450910800006,-6.877140039999972,0],[112.2945500830001,-6.8772404289999258,0],[112.29454950100001,-6.8773792149999622,0],[112.29453847000002,-6.8775496139999746,0],[112.29450250700006,-6.8777085949999446,0],[112.29447398900004,-6.8777871569999434,0],[112.29445898200004,-6.877903966999952,0],[112.2944364220001,-6.8780609979999667,0],[112.2944036670001,-6.8781812859999718,0],[112.29438281000012,-6.8782598279999547,0],[112.29431789800003,-6.8783384879999403,0],[112.29422056500005,-6.8784689219999677,0],[112.29412512100009,-6.8785897789999808,0],[112.29407748000006,-6.8786798769999677,0],[112.29404329300007,-6.8787871689999633,0],[112.29403005600011,-6.8788503749999563,0],[112.29402205300005,-6.8788776909999569,0],[112.29403060800007,-6.8789422739999395,0],[112.29403798500005,-6.8790140389999692,0],[112.29405375200008,-6.8790893709999636,0],[112.29407426200009,-6.8791479399999389,0],[112.29410790800011,-6.8791945089999444,0],[112.29417443000011,-6.8792834719999405,0],[112.29429538600004,-6.879388429999949,0],[112.29439512700003,-6.8794398459999684,0],[112.29449301500006,-6.8795142369999667,0],[112.29456022600004,-6.8795772269999702,0],[112.29462353300005,-6.8796134249999454,0],[112.29468307600007,-6.8796745209999699,0],[112.29475224900011,-6.8797547329999702,0],[112.29486959700012,-6.879853412999978,0],[112.29491065500008,-6.879896371999962,0],[112.2949538360001,-6.879927122999959,0],[112.29498406000005,-6.8799478589999694,0],[112.2949956440001,-6.8799815659999695,0],[112.29501014700008,-6.8800324949999663,0],[112.29502082500005,-6.8800763979999715,0],[112.29503744500005,-6.8801129639999772,0],[112.29504684200003,-6.8801351909999653,0],[112.29507498000009,-6.8801810569999589,0],[112.29508943100006,-6.8802126039999507,0],[112.29512182200006,-6.8802376409999511,0],[112.29518481800005,-6.8802695939999694,0],[112.29524523500004,-6.8802995809999743,0],[112.29532288300004,-6.880326648999926,0],[112.29538408900009,-6.8803647209999781,0],[112.29540066000004,-6.8803833399999803,0],[112.29541868900003,-6.8804098509999676,0],[112.29549201000009,-6.8804304699999648,0],[112.2955739890001,-6.8804654229999755,0],[112.29565081700002,-6.8804551639999545,0],[112.29571319700005,-6.8804139579999628,0],[112.29575375600007,-6.8803612069999645,0],[112.29580038900008,-6.8803407409999409,0],[112.29583989100001,-6.8803394379999645,0],[112.2959092860001,-6.8803248929999654,0],[112.29596313400009,-6.880316372999971,0],[112.29602179100004,-6.8803150179999761,0],[112.29604815700009,-6.8803257139999801,0],[112.29608056400002,-6.8803567329999282,0],[112.29611292800007,-6.8803721989999644,0],[112.29613820800012,-6.8804235749999521,0],[112.29615270300008,-6.8804713919999472,0],[112.2961863920001,-6.8805335149999678,0],[112.29621652800006,-6.8806100039999478,0],[112.29624679700009,-6.8807355459999258,0],[112.29627165900001,-6.8808096249999267,0],[112.29629675600006,-6.8808822979999604,0],[112.29631802300003,-6.880954982999981,0],[112.29637897000009,-6.8810479189999683,0],[112.29640651400007,-6.8811397289999263,0],[112.29644551600006,-6.8812185849999423,0],[112.29649461200006,-6.8813117739999257,0],[112.29654936100007,-6.8813704879999591,0],[112.29657964600005,-6.8814134769999669,0],[112.2966453030001,-6.8814773969999692,0],[112.2966895190001,-6.881536619999963,0],[112.29671070200004,-6.8815786749999575,0],[112.29672427100002,-6.8816379819999725,0],[112.29674551800008,-6.8817030089999776,0],[112.2967532130001,-6.8817153829999711,0],[112.29676904000007,-6.8817246709999722,0],[112.29678352700012,-6.8817691389999709,0],[112.29678792600009,-6.8818021479999629,0],[112.29678868300005,-6.8818165039999712,0],[112.2967774650001,-6.8818999469999653,0],[112.29677278500003,-6.8819400399999608,0],[112.29674834800005,-6.8819783909999614,0],[112.2967247580001,-6.8820019249999405,0],[112.29676332000008,-6.8820951419999687,0],[112.29677307200006,-6.8821597219999262,0],[112.29671099000007,-6.8822221019999574,0],[112.29661307800006,-6.8823156879999488,0],[112.29655102800007,-6.8823900339999682,0],[112.29652487300007,-6.8824571039999682,0],[112.29643674600004,-6.8826272349999726,0],[112.29639441400002,-6.8827326339999786,0],[112.29636031000007,-6.8828705529999752,0],[112.29631958100003,-6.8829712819999713,0],[112.29626483100003,-6.8830886789999681,0],[112.29626749100009,-6.8831867779999811,0],[112.29629400400006,-6.8832513119999703,0],[112.29635661900011,-6.8833851409999625,0],[112.29638082800011,-6.8834831819999636,0],[112.29636133800011,-6.8835950379999531,0],[112.29635434400006,-6.8836644499999693,0],[112.29631848800011,-6.8836860819999401,0],[112.2962204590001,-6.8837365979999277,0],[112.29617414600011,-6.8837456639999459,0],[112.29618083900004,-6.883800641999926,0],[112.29617521800003,-6.8838465999999698,0],[112.29617539700007,-6.8839126399999486,0],[112.29618272000005,-6.8839643049999495,0],[112.29619153800002,-6.8840375019999556,0],[112.29621628300004,-6.8841565979999473,0],[112.29620997600011,-6.8843116349999605,0],[112.29622938400007,-6.8844049019999716,0],[112.29625364500009,-6.8845220849999578,0],[112.29627531000006,-6.8845650969999497,0],[112.29630430800012,-6.884663125999964,0],[112.29631190000009,-6.8848138529999687,0],[112.29630905900001,-6.8849138319999383,0],[112.29630649300009,-6.885027258999969,0],[112.29629956000008,-6.8851191629999562,0],[112.29628240700004,-6.8851507949999586,0],[112.29623940700003,-6.8851868039999431,0],[112.29618636300006,-6.8852271469999664,0],[112.29613615700009,-6.8852545609999538,0],[112.29607734700005,-6.8852877419999459,0],[112.29604868200011,-6.8853122259999395,0],[112.29599213800009,-6.8853312239999696,0],[112.29594583100004,-6.885353858999963,0],[112.29591887000004,-6.8853670979999606,0],[112.29591759300001,-6.8854002799999421,0],[112.29598670400003,-6.885457520999978,0],[112.29603468400001,-6.8854918469999689,0],[112.29605403500011,-6.8855645359999471,0],[112.29605810500004,-6.8856525829999669,0],[112.29603535900003,-6.885740698999939,0],[112.29602184300006,-6.8857966079999642,0],[112.29600640700005,-6.8858433119999631,0],[112.29601615900003,-6.8859078899999417,0],[112.29601628000012,-6.8859521569999629,0],[112.29600438300008,-6.8859797079999794,0],[112.2959566400001,-6.8860324799999262,0],[112.29589490000001,-6.8860669039999607,0],[112.2958336690001,-6.886090041999978,0],[112.29573605400003,-6.886117105999972,0],[112.29558858600001,-6.8861251629999742,0],[112.29549474600003,-6.8861311589999445,0],[112.29525333300001,-6.8861383329999626,0],[112.29553718300008,-6.8869921389999718,0],[112.295317608,-6.8872511579999696,0],[112.294608143,-6.8869755129999248,0],[112.29406840000001,-6.887563547999946,0],[112.29416277000007,-6.8879293949999578,0],[112.2934249330001,-6.8886707769999589,0],[112.29308011400008,-6.8886573539999745,0],[112.29285138800003,-6.8890743249999673,0],[112.29260870400003,-6.8896420819999662,0],[112.29271023800004,-6.8900007329999653,0],[112.2927612090001,-6.8907120959999588,0],[112.29295817200011,-6.890744791999964,0],[112.29310186600003,-6.8907575629999656,0],[112.2933054450001,-6.8907797429999391,0],[112.29350901400005,-6.8907983349999427,0],[112.29365671400001,-6.89081546999995,0],[112.29370000000006,-6.8908899989999668,0],[112.2937300000001,-6.8909599989999606,0],[112.29392800700009,-6.8910573819999286,0],[112.29404903900002,-6.8911691809999525,0],[112.29416333300003,-6.8913266659999408,0],[112.29434835500001,-6.891402907999975,0],[112.2950025130001,-6.8915003009999509,0],[112.29504326600011,-6.8915807849999737,0],[112.29530666700009,-6.8916233329999272,0],[112.29555000000005,-6.8916683329999273,0],[112.29613000000006,-6.8918299999999704,0],[112.29613425200012,-6.892185521999977,0],[112.29615500000011,-6.8927049999999781,0],[112.29657561300007,-6.8930012739999711,0],[112.29687666700011,-6.8932133319999593,0],[112.29695881700002,-6.8936730389999639,0],[112.29750000000001,-6.8938699989999463,0],[112.29772046700009,-6.8939632729999403,0],[112.29780333300005,-6.8939983319999669,0],[112.29876166700001,-6.8943566659999647,0],[112.29875833300002,-6.8947633319999682,0],[112.29880113800004,-6.8954718809999349,0],[112.29883666700005,-6.8960599999999772,0],[112.29879833300004,-6.8978899989999718,0],[112.29904939500011,-6.897954054999957,0],[112.3006805550001,-6.8983702259999404,0],[112.30065628900002,-6.8987239189999627,0],[112.30063784800006,-6.898992696999926,0],[112.30085416800011,-6.8991280439999514,0],[112.3015284380001,-6.8991543289999413,0],[112.30184155900008,-6.8991665359999388,0],[112.30195989000003,-6.8990658389999453,0],[112.30198846500002,-6.8990083349999622,0],[112.30197714600001,-6.8989176399999792,0],[112.30196398600003,-6.8988121889999547,0],[112.30184850800003,-6.8986115069999414,0],[112.30180045100008,-6.8985494249999419,0],[112.30167107800003,-6.898521063999965,0],[112.30166120000001,-6.8984110209999585,0],[112.30165141300006,-6.8983344779999811,0],[112.30177088000005,-6.8982422669999437,0],[112.30178903300009,-6.8982143559999258,0],[112.30181491600001,-6.8981745589999264,0],[112.30185194800004,-6.8981176189999474,0],[112.30188051000005,-6.8980553279999413,0],[112.30187490300011,-6.8980331719999413,0],[112.30183694100003,-6.8978831629999604,0],[112.30181336900012,-6.897803210999939,0],[112.30176927200012,-6.8976536369999621,0],[112.30171671900007,-6.8973479779999707,0],[112.30170928200005,-6.8972546779999675,0],[112.30171534400006,-6.8972442779999596,0],[112.30182613900001,-6.8970542089999753,0],[112.30183082500002,-6.8970461709999427,0],[112.30190212600007,-6.8968521579999447,0],[112.30193485700011,-6.8967678879999426,0],[112.30196632200011,-6.8966868779999686,0],[112.30187326000009,-6.8966193029999658,0],[112.30177919100004,-6.896550996999963,0],[112.30172836100007,-6.8963501399999814,0],[112.30172434100007,-6.896221794999974,0],[112.30172083100001,-6.8961097399999289,0],[112.30172049200007,-6.896098914999925,0],[112.30174873400006,-6.8959193749999486,0],[112.30177129600008,-6.8958416089999446,0],[112.30180465700005,-6.8957266229999732,0],[112.3021634910001,-6.8955794759999662,0],[112.30221460600001,-6.8951461569999424,0],[112.30216978800001,-6.895046324999953,0],[112.30197190700005,-6.8948442069999487,0],[112.30192216900002,-6.8947536739999578,0],[112.3018796990001,-6.8945503739999481,0],[112.30185349100009,-6.8944603769999731,0],[112.30185070500011,-6.8943756129999656,0],[112.30191807500012,-6.8941042209999637,0],[112.30194126700007,-6.8937047779999716,0],[112.30190040600007,-6.893637971999965,0],[112.30193334100011,-6.8934316759999774,0],[112.30191707600011,-6.8933183749999785,0],[112.30183235700008,-6.8931094109999549,0],[112.30184475800002,-6.8929779379999445,0],[112.30199940800003,-6.8928026339999633,0],[112.30199971900004,-6.8925814809999792,0],[112.30222654800002,-6.8921301839999387,0],[112.30224386800001,-6.8919894119999299,0],[112.30240363900009,-6.8915883559999429,0],[112.30242579900005,-6.8914418099999466,0],[112.30256624200001,-6.891166190999968,0],[112.30257778000009,-6.8909274089999712,0],[112.30262371000003,-6.8907708149999394,0],[112.30264036600011,-6.8906631089999451,0],[112.30277207200004,-6.8904614019999713,0],[112.30278537000004,-6.8901864299999716,0],[112.30273385900011,-6.8899664549999784,0],[112.30275645600011,-6.8895928779999736,0],[112.30306654700007,-6.8896613609999804,0],[112.30297650200009,-6.8928186499999811,0],[112.30335612300007,-6.8925128859999631,0],[112.30353996700001,-6.892181480999966,0],[112.30388588700009,-6.8915754639999705,0],[112.30397555800005,-6.8910684189999643,0],[112.30406851300006,-6.891049632999966,0],[112.30445926600009,-6.8909706649999407,0],[112.30462242100009,-6.8909785579999721,0],[112.30479490000005,-6.8910103899999626,0],[112.3049974060001,-6.8910780309999495,0],[112.30502388000002,-6.891128207999941,0],[112.3051349750001,-6.8912147649999724,0],[112.30529315000001,-6.8912693659999604,0],[112.30549923700005,-6.8913334089999694,0],[112.30561428800002,-6.8913785599999642,0],[112.30573164200007,-6.8913902019999682,0],[112.30583211300006,-6.8913941529999647,0],[112.30588393100004,-6.8913961899999663,0],[112.30598265300011,-6.8913340019999509,0],[112.30608855100002,-6.8912714999999594,0],[112.30614576800008,-6.8911813739999275,0],[112.30617812600008,-6.8911066299999675,0],[112.30620660700004,-6.8910146679999684,0],[112.30621092100012,-6.890997658999936,0],[112.30623976900006,-6.8908839289999264,0],[112.306256856,-6.8908283689999621,0],[112.30632730700006,-6.8907908479999378,0],[112.30635440300011,-6.8907764169999268,0],[112.30637971600004,-6.8907503659999634,0],[112.30642545700005,-6.8907032899999763,0],[112.30648129500003,-6.890642302999936,0],[112.30665100100009,-6.8911080009999637,0],[112.30671000100006,-6.891164999999944,0],[112.30671005400006,-6.89116575099996,0],[112.30671259400003,-6.8912013139999431,0],[112.30671800000005,-6.8912769999999455,0],[112.30670599900009,-6.8914149999999381,0],[112.30672700000002,-6.8914739999999597,0],[112.30700800000011,-6.8916269999999713,0],[112.30756399900008,-6.8918079999999691,0],[112.30827916900012,-6.8919326969999588,0],[112.30873399900008,-6.8920119999999656,0],[112.30893835500001,-6.8920648229999415,0],[112.3093530000001,-6.8921719999999596,0],[112.30961500100011,-6.8922379999999634,0],[112.30972615500002,-6.8922316129999786,0],[112.30978900000002,-6.8922279999999319,0],[112.30987400000004,-6.8921979999999508,0],[112.30994900100006,-6.8921089999999481,0],[112.30999500000007,-6.8917449999999576,0],[112.31003367000005,-6.8916659019999429,0],[112.3101928640001,-6.8917372219999606,0],[112.31385658500005,-6.8933785589999275,0],[112.31440433600005,-6.8920639489999758,0],[112.31470955400005,-6.89147793799998,0],[112.31523554100011,-6.8917603179999674,0],[112.31528751400003,-6.8916485569999395,0],[112.31575544900011,-6.8918686529999604,0],[112.31601275100002,-6.8913191979999624,0],[112.31689074300004,-6.8895602919999419,0],[112.31708755600005,-6.8896023889999469,0],[112.31745809400002,-6.8898742929999344,0],[112.31778412500012,-6.890032251999969,0],[112.31804597100006,-6.8900144229999682,0],[112.31819913300001,-6.8900039949999723,0],[112.31844684300006,-6.8898778349999361,0],[112.31877539400011,-6.889508803999945,0],[112.31919785600007,-6.8891513069999633,0],[112.31930650900006,-6.8889278869999657,0],[112.31937857200001,-6.8886565809999638,0],[112.31958369000006,-6.8883318139999687,0],[112.31967351700007,-6.8881079669999394,0],[112.31981402400004,-6.8877252689999295,0],[112.31990129200005,-6.8876143029999639,0],[112.31997914800002,-6.8875031239999771,0],[112.32003877300008,-6.88694918799996,0],[112.32004196700007,-6.8868080859999736,0],[112.32055362700009,-6.885942019999959,0],[112.3206688140001,-6.8858458009999595,0],[112.32075876600004,-6.8858243049999714,0],[112.32103066800005,-6.8858775079999646,0],[112.32120918900011,-6.8858956599999601,0],[112.32130182500009,-6.8859636339999497,0],[112.32137542300006,-6.8860405919999721,0],[112.3215412080001,-6.8859972799999696,0],[112.32160409400001,-6.8859234069999502,0],[112.32181587800005,-6.8859281939999732,0],[112.32212147100006,-6.8859492159999718,0],[112.32221559700008,-6.8859513449999668,0],[112.32240653600002,-6.8860450689999766,0],[112.32255586200006,-6.8861049149999758,0],[112.32270133200007,-6.8861270239999612,0],[112.32270836200007,-6.8857420119999801,0],[112.32300270600001,-6.885610005999979,0],[112.32338687300012,-6.8855028039999411,0],[112.32357700200009,-6.8855282769999349,0],[112.32371741600002,-6.885534100999962,0],[112.32403906600007,-6.8854859029999602,0],[112.32418183400011,-6.8854402179999283,0],[112.32426559200007,-6.8853393279999295,0],[112.32430937300001,-6.8852955459999521,0],[112.32436267200001,-6.885276509999926,0],[112.32445975500002,-6.8852974489999497,0],[112.32456445200012,-6.8853374239999425,0],[112.32467295400011,-6.8853773989999354,0],[112.32475671000009,-6.8853850149999403,0],[112.32492041900002,-6.8853869169999484,0],[112.3250346320001,-6.8853754959999378,0],[112.32506690500009,-6.8853683849999356,0],[112.32526812300011,-6.8852568279999673,0],[112.32530941100003,-6.8855353159999595,0],[112.32541700000002,-6.8862609999999336,0],[112.32548053300002,-6.8866905629999451,0],[112.32548400000007,-6.8867139999999267,0],[112.32548388200007,-6.8867148289999705,0],[112.32547557200007,-6.8867721709999614,0],[112.32541300100002,-6.8872039999999402,0],[112.32530900000006,-6.8874440019999383,0],[112.3251334360001,-6.8877217689999384,0],[112.32509599900004,-6.8877809999999613,0],[112.32480400000009,-6.8882030009999653,0],[112.32472902500001,-6.8882718959999352,0],[112.324656,-6.888339000999963,0],[112.32455692500002,-6.8884421019999422,0],[112.32432057000005,-6.8885619979999433,0],[112.32423177500004,-6.8886070429999791,0],[112.3239088150001,-6.8887048439999603,0],[112.32361472700006,-6.888852816999929,0],[112.32342842200001,-6.8890148469999417,0],[112.32335013700003,-6.889277075999928,0],[112.32303539500003,-6.889748132999955,0],[112.3229532790001,-6.8899242309999522,0],[112.32276000900004,-6.8901652429999558,0],[112.32266156300011,-6.8902440619999652,0],[112.32254858200008,-6.8903345219999323,0],[112.32248000000004,-6.8906539999999268,0],[112.32212283100012,-6.8910447809999482,0],[112.3220006790001,-6.8910326059999534,0],[112.3218513920001,-6.8913868729999308,0],[112.32156602600003,-6.8915121819999285,0],[112.32148888900008,-6.89180769099994,0],[112.32124850000002,-6.8917061759999569,0],[112.32114641900012,-6.892159152999966,0],[112.32120881300011,-6.8921740459999796,0],[112.3215024970001,-6.8922654279999733,0],[112.32268457900011,-6.8925905139999486,0],[112.32256265800004,-6.892775988999972,0],[112.32247432100007,-6.8929339899999604,0],[112.32241892900004,-6.8930927349999251,0],[112.32238236300009,-6.8932519069999785,0],[112.32236140700002,-6.893345548999946,0],[112.32235874300011,-6.8934631349999336,0],[112.32238421200009,-6.893586063999976,0],[112.32234048800001,-6.8938533059999259,0],[112.32229463300007,-6.8942146189999676,0],[112.32227314400006,-6.8943317799999591,0],[112.32222801600005,-6.8944531079999365,0],[112.32210406700005,-6.8947279479999679,0],[112.32203894200006,-6.8949005899999634,0],[112.32198676300004,-6.8951252889999637,0],[112.32195500800003,-6.8952798619999385,0],[112.32188730700011,-6.8953583309999544,0],[112.32181479200005,-6.895441395999967,0],[112.32170890600003,-6.8955425259999288,0],[112.32149070600008,-6.8956128809999768,0],[112.32105881500001,-6.8959701609999797,0],[112.32085475000008,-6.8962478909999732,0],[112.32069860200011,-6.8964890589999754,0],[112.32066375600004,-6.8967800299999453,0],[112.32064922500001,-6.8970055799999272,0],[112.32039572800011,-6.8973866609999277,0],[112.32008295300011,-6.8980148599999325,0],[112.32011995300002,-6.8980548599999452,0],[112.32045532100005,-6.8983935429999406,0],[112.32072929500009,-6.8985914809999258,0],[112.32081907000008,-6.8986817459999656,0],[112.32088140900009,-6.898736099999951,0],[112.32094406500005,-6.8987763389999373,0],[112.32102100200007,-6.898809847999928,0],[112.32111213700011,-6.898840143999962,0],[112.32126360100006,-6.8988576919999787,0],[112.32139051400009,-6.8988676249999799,0],[112.32149985900003,-6.898873627999933,0],[112.32174855900007,-6.8989639639999609,0],[112.32181490700009,-6.8989972289999741,0],[112.32188839300011,-6.8990271279999433,0],[112.32214407300012,-6.8991211519999638,0],[112.32240360200001,-6.8992011439999601,0],[112.32250805800004,-6.8992670369999587,0],[112.32263441300006,-6.8993016629999602,0],[112.32272218000003,-6.8993248259999405,0],[112.32284179500004,-6.8993451829999799,0],[112.32293004300004,-6.8993471789999603,0],[112.3230572760001,-6.8993429999999307,0],[112.32314215300005,-6.8993378629999711,0],[112.32331527600002,-6.8993347229999813,0],[112.32339221400002,-6.8993682299999364,0],[112.32342639300009,-6.8994184149999569,0],[112.32351368000002,-6.8994627449999371,0],[112.32357344800005,-6.8994746839999266,0],[112.32367533400009,-6.8994981669999333,0],[112.32381259900001,-6.8995189229999596,0],[112.32392714600007,-6.899539003999962,0],[112.32414467600006,-6.8995611129999475,0],[112.32418189500004,-6.8995739149999622,0],[112.32428982300007,-6.8996110389999785,0],[112.32462400000009,-6.8997609999999554,0],[112.32470885800001,-6.899839649999933,0],[112.32488856400005,-6.9012624739999637,0],[112.32550310800002,-6.9015728579999518,0],[112.32544057400003,-6.9021502659999783,0],[112.32596766100005,-6.9022680839999566,0],[112.32594730300002,-6.902542915999959,0],[112.32710240000006,-6.9026890709999407,0],[112.32713061700008,-6.9023791189999315,0],[112.32751843000005,-6.9024090769999589,0],[112.32768994500009,-6.9023211919999312,0],[112.32843532000004,-6.9022419559999548,0],[112.32875948000003,-6.9018795159999513,0],[112.32909803700011,-6.9019012989999737,0],[112.32913059300006,-6.9017114449999326,0],[112.32951872900003,-6.9017272859999252,0],[112.32955613100012,-6.9019469589999289,0],[112.32983820800007,-6.9019674609999697,0],[112.32984593300012,-6.9022499949999769,0],[112.33091339500004,-6.9023935659999438,0],[112.33188496600008,-6.9032449819999329,0],[112.33204379300003,-6.9029897469999355,0],[112.33245496100005,-6.903028466999956,0],[112.33271510500003,-6.902856700999962,0],[112.33734799000001,-6.9028956299999322,0],[112.33822918100009,-6.9029094779999696,0],[112.33921661000011,-6.9028651709999735,0],[112.3398903210001,-6.902935581999941,0],[112.33992161700007,-6.9029360739999674,0],[112.33997278000004,-6.9029782969999474,0],[112.34027601600008,-6.9031030669999609,0],[112.3406032370001,-6.9032421249999629,0],[112.34075670700008,-6.9033242459999542,0],[112.34079280700007,-6.9033664219999764,0],[112.34079885800008,-6.9033891359999302,0],[112.34069585600002,-6.9034809599999676,0],[112.34061848300007,-6.9036170319999428,0],[112.34061217100009,-6.9036335229999395,0],[112.34048317500003,-6.9038755069999524,0],[112.34039367300011,-6.9046714339999653,0],[112.34039146100008,-6.9046759369999791,0],[112.34034900100005,-6.904756999999961,0],[112.34023600100011,-6.9050859999999261,0],[112.34013559000005,-6.9055533239999249,0],[112.33978931200011,-6.9069852789999686,0],[112.33975922800005,-6.9073499559999618,0],[112.33959603300002,-6.9077323709999519,0],[112.33948629300005,-6.9082150649999789,0],[112.33930625000005,-6.9089008649999641,0],[112.33906656200008,-6.909493035999958,0],[112.33908450200011,-6.9097418359999665,0],[112.33911769600002,-6.9099657059999799,0],[112.33903612200004,-6.9102473269999791,0],[112.33873598500008,-6.9110474019999515,0],[112.33858581700008,-6.911597110999935,0],[112.33855993500003,-6.9116918539999688,0],[112.3383193630001,-6.9125724979999745,0],[112.33826709400012,-6.9128007359999515,0],[112.33829847200002,-6.9133626359999312,0],[112.33828601000005,-6.9137804889999757,0],[112.33824550600002,-6.9140120629999728,0],[112.33824416800007,-6.9141748649999499,0],[112.33819301500012,-6.914291799999944,0],[112.33814736900001,-6.9143938579999258,0],[112.33815053000001,-6.9144621659999643,0],[112.33816711500003,-6.914561368999955,0],[112.33809551000002,-6.9150072249999539,0],[112.33841082200001,-6.915120255999966,0],[112.33798707100004,-6.9166518389999396,0],[112.33788096000001,-6.9173785919999773,0],[112.33818188300006,-6.9174477579999802,0],[112.33850088600002,-6.9175538149999625,0],[112.33889354300004,-6.9176827209999487,0],[112.33939683800008,-6.9177611869999396,0],[112.33990911600006,-6.9177551479999693,0],[112.34047731800001,-6.9177750849999597,0],[112.3406155560001,-6.9177535079999757,0],[112.34073750400012,-6.9176715609999633,0],[112.3407921380001,-6.9175986779999334,0],[112.34086434400001,-6.9175297229999728,0],[112.34096358800002,-6.9175143229999776,0],[112.34111610800005,-6.9174860119999266,0],[112.34121037400007,-6.9173787309999284,0],[112.34123227600003,-6.917347460999963,0],[112.34126516900005,-6.9172987909999506,0],[112.34149768100008,-6.9173252369999432,0],[112.34159010700012,-6.9172990939999295,0],[112.34163455000009,-6.9172083309999266,0],[112.341745188,-6.9171578929999669,0],[112.34199647300011,-6.9171353489999774,0],[112.34232871300003,-6.9171252279999749,0],[112.34238744000004,-6.9170041789999459,0],[112.34242152400009,-6.9169767949999255,0],[112.3424420880001,-6.9169659749999255,0],[112.34281068100006,-6.9168019889999641,0],[112.34299541500002,-6.9166917589999457,0],[112.34305957400011,-6.9166534759999649,0],[112.34309022800005,-6.9166448919999652,0],[112.34331147900002,-6.9165829319999261,0],[112.34369208500004,-6.9165511729999594,0],[112.34400076500003,-6.9165835629999606,0],[112.3442621260001,-6.916610989999981,0],[112.34426763100009,-6.9166119919999574,0],[112.34443701000009,-6.9166428969999743,0],[112.3448057600001,-6.9167497349999394,0],[112.34485061500004,-6.9167627309999489,0],[112.34500591800008,-6.9168343819999336,0],[112.34515990000011,-6.9169054239999355,0],[112.34564658700003,-6.9171241839999311,0],[112.34574962000011,-6.9171502129999567,0],[112.3459154200001,-6.9171376859999327,0],[112.34592014000009,-6.917138232999946,0],[112.34609683500003,-6.9171588029999498,0],[112.34623339100006,-6.9171847369999568,0],[112.34635086600008,-6.9172370459999684,0],[112.34649235800009,-6.9173156069999777,0],[112.34654340200007,-6.9173460439999417,0],[112.34664001800002,-6.9174036519999618,0],[112.34664583300003,-6.9174071219999291,0],[112.34687857900008,-6.9174893559999759,0],[112.34704849600007,-6.9175389549999409,0],[112.34713230800003,-6.9175411119999808,0],[112.34723765400008,-6.9175384199999712,0],[112.3472395230001,-6.9175374009999473,0],[112.34737193000001,-6.9174652569999466,0],[112.34737423100012,-6.9174638009999398,0],[112.34747670100001,-6.9173989609999467,0],[112.34756278500004,-6.9173580409999431,0],[112.34765848100005,-6.9173290589999397,0],[112.34780694600011,-6.917333421999956,0],[112.34789747100001,-6.9173545769999691,0],[112.34793645100001,-6.9173636869999768,0],[112.3479890430001,-6.9173759759999598,0],[112.34816150000006,-6.9173970219999319,0],[112.34816337300003,-6.9173971289999372,0],[112.34828124100011,-6.9174038619999578,0],[112.34840583700009,-6.9174346169999694,0],[112.34862449900004,-6.9174886499999388,0],[112.34890162200008,-6.9175104389999547,0],[112.34891957600007,-6.917511850999972,0],[112.34906500000011,-6.9170689999999695,0],[112.349248622,-6.9166119409999283,0],[112.3492490000001,-6.9166109989999427,0],[112.34925542100007,-6.9165948359999447,0],[112.34927799900004,-6.9165380009999353,0],[112.34929956700012,-6.9164768529999492,0],[112.34934660400006,-6.9162261179999405,0],[112.34941417800007,-6.9158659119999584,0],[112.34940699300012,-6.915548193999939,0],[112.34940701400001,-6.915547604999972,0],[112.34940953700004,-6.9154790609999282,0],[112.34941136800001,-6.9154300199999739,0],[112.34941493200006,-6.9154132989999653,0],[112.34947091800007,-6.9151506179999274,0],[112.34949367700005,-6.9150438289999556,0],[112.34956397700012,-6.9148632569999791,0],[112.34958446700011,-6.9145958709999604,0],[112.34960086300009,-6.9145242049999638,0],[112.34966030200007,-6.9143242769999347,0],[112.34966030200007,-6.9143233649999729,0],[112.34966032600005,-6.9142217199999436,0],[112.34966945500003,-6.9140637709999737,0],[112.34970808900005,-6.9138978409999368,0],[112.34972300700008,-6.9138337739999542,0],[112.34975698100004,-6.9136878569999567,0],[112.34983976500007,-6.9133287059999589,0],[112.34989644300003,-6.9130509849999271,0],[112.34996289500009,-6.9128426239999499,0],[112.34997216500005,-6.9127349229999595,0],[112.35000524000009,-6.9125769059999698,0],[112.35006954000005,-6.9124546939999618,0],[112.35018392200004,-6.9122605529999532,0],[112.35029842600011,-6.9120762209999498,0],[112.35033112300005,-6.9120153529999584,0],[112.35045151300005,-6.9117912249999449,0],[112.35046100000011,-6.9117649999999458,0],[112.35047201500004,-6.9117387629999598,0],[112.35047793000001,-6.9117420459999721,0],[112.35048649000009,-6.9117261059999464,0],[112.35050594800009,-6.9116918539999688,0],[112.35053262600002,-6.9116448939999486,0],[112.35055976900003,-6.911597110999935,0],[112.3507342690001,-6.9112899189999553,0],[112.35079275700002,-6.9110885879999273,0],[112.3510060000001,-6.9104069999999638,0],[112.3513269230001,-6.9105493749999596,0],[112.35163191900006,-6.9106669919999604,0],[112.35193157700007,-6.9107825529999332,0],[112.35204527500002,-6.9108263989999728,0],[112.35206190400004,-6.9108335449999458,0],[112.35213561300009,-6.9106686079999804,0],[112.35227919200008,-6.9102357849999407,0],[112.35232399800009,-6.9101007169999775,0],[112.35233503300003,-6.9100674549999326,0],[112.35243241300009,-6.9097896169999444,0],[112.35261915800004,-6.9097843019999345,0],[112.35288984300007,-6.9098266019999528,0],[112.35320841500004,-6.9098687689999565,0],[112.35347345600007,-6.9099729809999531,0],[112.35347471800003,-6.9099734779999267,0],[112.35362033900003,-6.9100307359999533,0],[112.35362800000007,-6.909992999999929,0],[112.35371565200001,-6.9097152159999382,0],[112.35383455300007,-6.9093383959999528,0],[112.35395900000003,-6.9089439999999627,0],[112.35406206500011,-6.9088471849999564,0],[112.35422492500004,-6.9087261469999248,0],[112.35429836200001,-6.9087066299999265,0],[112.35450771500007,-6.9086840709999251,0],[112.35462416100006,-6.9086692819999485,0],[112.35504118000006,-6.9083469109999669,0],[112.35548140200001,-6.9079356389999589,0],[112.35562608400005,-6.9077054599999315,0],[112.35584400000005,-6.9073839999999791,0],[112.35602926900003,-6.9069673649999572,0],[112.35603624100008,-6.906951688999925,0],[112.35605300000009,-6.906913999999972,0],[112.35618199900011,-6.9066989999999464,0],[112.35659600100007,-6.9063679999999295,0],[112.35665500100004,-6.9063210019999701,0],[112.35678599900007,-6.9061879999999292,0],[112.35699600000009,-6.9058520009999711,0],[112.35712154200007,-6.9056512629999816,0],[112.35765616500009,-6.9048703329999626,0],[112.35803449600007,-6.9042370379999625,0],[112.35813037500009,-6.9040750729999445,0],[112.35830260300008,-6.9040083649999815,0],[112.35899390700001,-6.904014770999936,0],[112.35919140400006,-6.9040022439999689,0],[112.35921499700009,-6.9040152549999334,0],[112.35935327800007,-6.9040915119999795,0],[112.35942532900003,-6.9041690719999451,0],[112.35951805700006,-6.9042655969999487,0],[112.35955140800002,-6.9043003139999541,0],[112.35960880900006,-6.9043367989999638,0],[112.35970132500006,-6.9043955969999615,0],[112.35989897800005,-6.9044369069999334,0],[112.3601085470001,-6.9044602389999454,0],[112.36025299700009,-6.9044531109999525,0],[112.36036590500009,-6.904447538999932,0],[112.36048514200002,-6.9042797049999649,0],[112.3605126970001,-6.9042356909999398,0],[112.36058643900003,-6.9041179049999641,0],[112.36068173300009,-6.90395013899996,0],[112.36078313300004,-6.9038242299999411,0],[112.36095668600001,-6.9038117719999263,0],[112.3609862830001,-6.9038313669999525,0],[112.36102865300006,-6.9038594199999466,0],[112.36116661700009,-6.9039607189999401,0],[112.36125593800011,-6.9039792449999595,0],[112.36128041400002,-6.9039843219999284,0],[112.36149590500008,-6.9039837079999415,0],[112.36167527300006,-6.9039114119999567,0],[112.3618343280001,-6.903893921999952,0],[112.36184282300007,-6.9038929879999387,0],[112.36199240100007,-6.9038686319999556,0],[112.36200736800004,-6.903866862999962,0],[112.36214798100002,-6.9038502449999442,0],[112.36236345100008,-6.9038436449999381,0],[112.36244449200001,-6.9038512489999562,0],[112.36252920900006,-6.9038591969999743,0],[112.36254906200008,-6.9038610629999653,0],[112.36265689300001,-6.9038906619999807,0],[112.36278868200009,-6.9039261759999704,0],[112.36288448800008,-6.9039378669999678,0],[112.36302808000005,-6.9039135289999649,0],[112.36332177700001,-6.9040502749999746,0],[112.3634598110001,-6.9041754979999723,0],[112.36346364600001,-6.9042109459999779,0],[112.36347210700001,-6.9042891199999303,0],[112.36354422700003,-6.9043906059999358,0],[112.36368204000007,-6.9044380679999335,0],[112.3638436550001,-6.9044376049999414,0],[112.36398415200006,-6.9044091079999248,0],[112.36403111300001,-6.9043995799999607,0],[112.36405303800007,-6.90439513299998,0],[112.36419047100003,-6.9043109919999779,0],[112.36430413300002,-6.904286739999975,0],[112.36441187700007,-6.9042864319999353,0],[112.36448984700007,-6.9043400449999695,0],[112.36458585900004,-6.9044235169999411,0],[112.3645977540001,-6.9044248029999267,0],[112.36474752800007,-6.904440999999963,0],[112.3648790960001,-6.9043987509999738,0],[112.36501029100009,-6.9044261699999652,0],[112.36507674600011,-6.9044400599999562,0],[112.36515473300005,-6.9044996539999488,0],[112.36518404100002,-6.9045122899999569,0],[112.3652925770001,-6.9045590789999665,0],[112.36537718700004,-6.9045588379999572,0],[112.36549609400004,-6.9045584949999466,0],[112.36555600300005,-6.90457626999995,0],[112.36564008000005,-6.9046717399999693,0],[112.36579588200004,-6.9047311129999684,0],[112.36586702500006,-6.9047309089999658,0],[112.36587809900004,-6.9047308769999631,0],[112.3659993980001,-6.9047305319999737,0],[112.36614902700001,-6.9047241189999795,0],[112.36622116600006,-6.9048315879999791,0],[112.36623915700011,-6.9048434979999342,0],[112.36647474000006,-6.9048888599999714,0],[112.36651465900002,-6.9048965459999749,0],[112.36662240200008,-6.9048962369999458,0],[112.36677818700002,-6.9049496279999403,0],[112.36695807000001,-6.9050567859999319,0],[112.36715580900011,-6.9051280019999695,0],[112.36723376000009,-6.9051756339999315,0],[112.36726396500001,-6.9052712579999707,0],[112.36727929200003,-6.9053146219999348,0],[112.36728840100011,-6.9053403959999287,0],[112.36730620900005,-6.9053907749999439,0],[112.36740236000003,-6.9055220999999278,0],[112.36754034300009,-6.9056293809999261,0],[112.36754309000003,-6.9056304679999698,0],[112.36760026900004,-6.9056531339999765,0],[112.36761049400002,-6.9056619819999696,0],[112.36762015900001,-6.9056703469999547,0],[112.36778629200001,-6.9058141119999732,0],[112.36790872900008,-6.905826635999972,0],[112.36801382200008,-6.9058373869999627,0],[112.36805674900006,-6.9059319879999634,0],[112.36806803900004,-6.9059568709999439,0],[112.36808030100008,-6.9060585269999706,0],[112.3682005500001,-6.9062436199999411,0],[112.36823055100001,-6.9062535179999713,0],[112.36827245000006,-6.9062673429999677,0],[112.36832666600003,-6.9063868229999343,0],[112.36835245900011,-6.9064321239999344,0],[112.3683677570001,-6.9064589929999443,0],[112.3684048770001,-6.9065241839999771,0],[112.36846478600012,-6.9065419559999555,0],[112.36861486100008,-6.9066910729999336,0],[112.36864487700007,-6.9067208959999675,0],[112.36883882900008,-6.9068618649999394,0],[112.36889081100003,-6.906899646999932,0],[112.36902255000007,-6.906917213999975,0],[112.36917231600012,-6.9069586569999615,0],[112.36932353800012,-6.9070612259999393,0],[112.36935700400011,-6.9070839239999486,0],[112.36938394300012,-6.9071021979999614,0],[112.36941821700009,-6.9071254429999271,0],[112.36954834500011,-6.9071340369999348,0],[112.36959184000011,-6.9071369109999523,0],[112.36961626100003,-6.9071368389999748,0],[112.36969359800003,-6.9071366169999351,0],[112.36978343700002,-6.9071543039999597,0],[112.36998117600001,-6.9072255179999615,0],[112.36992775300007,-6.9073276649999684,0],[112.36992164600008,-6.9073393449999685,0],[112.36988595200012,-6.9074172129999738,0],[112.36988034600006,-6.9075488319999749,0],[112.36996442500003,-6.9076442989999691,0],[112.37013811500003,-6.9076796909999416,0],[112.37032355600002,-6.9076372849999643,0],[112.37045484800001,-6.9074993239999571,0],[112.37046139300003,-6.9074768489999769,0],[112.37048448500002,-6.907397547999949,0],[112.37056823300009,-6.9073793609999257,0],[112.37066797700004,-6.9073333259999572,0],[112.37071170400009,-6.9073131459999786,0],[112.37082529700001,-6.9072649649999676,0],[112.37082841200004,-6.9072643899999662,0],[112.37095691600007,-6.9072406579999779,0],[112.37107378200005,-6.9071502829999645,0],[112.37111220100007,-6.9071205739999755,0],[112.37122441300005,-6.9071436009999729,0],[112.37125594800011,-6.9071500699999433,0],[112.37127994200011,-6.9071679459999586,0],[112.37133148900011,-6.9072516959999462,0],[112.37134609700001,-6.9072754299999701,0],[112.37136323600009,-6.907292459999951,0],[112.37138211500007,-6.9073112179999612,0],[112.37152599800004,-6.9073885679999307,0],[112.37167553900008,-6.9073522469999489,0],[112.37181901100007,-6.9072860329999344,0],[112.37184442900002,-6.9072774849999519,0],[112.37198047300001,-6.907231731999957,0],[112.37211215900004,-6.9072313529999292,0],[112.37218018100009,-6.9072490339999604,0],[112.3722259760001,-6.9072609339999644,0],[112.37236366700006,-6.9072665189999611,0],[112.37244829500003,-6.9072618249999778,0],[112.37244447600006,-6.9071439499999769,0],[112.37244400000009,-6.9071309999999357,0],[112.37246195900002,-6.9070358159999614,0],[112.37247400000001,-6.9069719999999393,0],[112.37250822400006,-6.9067863959999727,0],[112.37252600000011,-6.9066900009999586,0],[112.37256298000011,-6.9064901169999757,0],[112.37256299900002,-6.9064899999999625,0],[112.37255499900004,-6.906445997999981,0],[112.37251900000001,-6.9062479999999482,0],[112.37251339800002,-6.9062317129999542,0],[112.3724330010001,-6.9059979999999541,0],[112.37228999900003,-6.9058019999999374,0],[112.37219800100002,-6.9056939999999258,0],[112.37211934700008,-6.9055028429999652,0],[112.3721190010001,-6.9055020019999347,0],[112.37203900000009,-6.9051910019999809,0],[112.37206900000001,-6.9049919999999361,0],[112.37206856400007,-6.9049397259999523,0],[112.37206800000001,-6.9048719999999548,0],[112.372066098,-6.9048586889999797,0],[112.37206600000002,-6.9048580009999796,0],[112.37214700000004,-6.9043869999999288,0],[112.37249000100007,-6.9040679999999384,0],[112.37253826200003,-6.9036791049999806,0],[112.37287007400005,-6.9033759479999617,0],[112.37360270700003,-6.9032963159999667,0],[112.37382495200006,-6.9032721599999718,0],[112.37455808200002,-6.9033945839999546,0],[112.37524307700005,-6.9035629889999655,0],[112.37534773800007,-6.9035811969999372,0],[112.37555387700002,-6.9036170599999309,0],[112.37619281800005,-6.9034784949999448,0],[112.37700625000002,-6.9031732419999798,0],[112.37714257800008,-6.9030994429999737,0],[112.37759102500002,-6.9028566869999395,0],[112.37773242500009,-6.9027801419999264,0],[112.37792826500004,-6.9026686349999409,0],[112.37862488100006,-6.902270140999974,0],[112.37928929500004,-6.9024639619999562,0],[112.37987004100012,-6.9026088319999417,0],[112.38029370800007,-6.9026183749999745,0],[112.38079629800006,-6.9024696669999344,0],[112.38114549600004,-6.9024398779999387,0],[112.38129422300005,-6.9025279489999321,0],[112.38128077600004,-6.9027065009999546,0],[112.38113934300009,-6.9027127289999726,0],[112.38101588900008,-6.9027570159999527,0],[112.38089137500003,-6.9028483459999279,0],[112.38076580000006,-6.902986718999955,0],[112.38073437000003,-6.9031272119999585,0],[112.38070018400003,-6.903390017999925,0],[112.38063605500008,-6.9037274579999348,0],[112.38054500100009,-6.9041239999999675,0],[112.38053600000001,-6.9041170009999746,0],[112.38052866300006,-6.9041228289999594,0],[112.3805456,-6.9041244809999398,0],[112.38060500000006,-6.90417199999996,0],[112.38107200100001,-6.9043359999999439,0],[112.38149600000008,-6.9045080019999432,0],[112.3818910010001,-6.9046450019999384,0],[112.38240100000007,-6.9047839999999496,0],[112.38281200000006,-6.9047859999999446,0],[112.3831540000001,-6.9047810019999361,0],[112.38318900000002,-6.9047839999999496,0],[112.38318974600008,-6.9047838869999509,0],[112.38361300000008,-6.9047189999999432,0],[112.38402800000006,-6.904625001999932,0],[112.38444800000002,-6.9045280019999495,0],[112.38487500100007,-6.9044399999999655,0],[112.38525799900003,-6.9043749999999591,0],[112.38550800000007,-6.9043759999999565,0],[112.38668099900008,-6.9042559999999753,0],[112.38673700000004,-6.9042239999999424,0],[112.38682600000004,-6.9042509999999311,0],[112.38744600100006,-6.904519999999934,0],[112.38763000000006,-6.9046699999999532,0],[112.38775100000009,-6.9047459999999319,0],[112.38784600000008,-6.9047539999999685,0],[112.3878830000001,-6.9047579999999584,0],[112.38788328700002,-6.9047583309999254,0],[112.38806000000011,-6.9049629999999524,0],[112.38824700100008,-6.905114001999948,0],[112.38853700000004,-6.9053109999999265,0],[112.388777,-6.9054650019999713,0],[112.38898100000006,-6.9054089999999633,0],[112.38901082700011,-6.9052980689999686,0],[112.38903761900008,-6.9051976839999725,0],[112.38922246600009,-6.9046905979999451,0],[112.38924753100002,-6.9046112559999528,0],[112.38928631700003,-6.9044884869999805,0],[112.38930135800001,-6.9044408779999458,0],[112.38951972000007,-6.9039971349999405,0],[112.38952826200011,-6.9038475659999676,0],[112.3895396050001,-6.9038028149999491,0],[112.38958743900002,-6.9036141009999596,0],[112.38959301400007,-6.9034735099999693,0],[112.38960120400009,-6.9033301099999562,0],[112.38960155600012,-6.9033239389999608,0],[112.38964295000005,-6.9031503449999718,0],[112.38967246900006,-6.9030096859999617,0],[112.38969015500004,-6.902916915999981,0],[112.3897478670001,-6.9025525799999627,0],[112.38977831900002,-6.9023603489999346,0],[112.38983165800005,-6.9021777469999392,0],[112.38977121000005,-6.9020185499999798,0],[112.38977111000008,-6.9020182909999335,0],[112.38972911500002,-6.9019088609999812,0],[112.38971711600004,-6.9018869509999377,0],[112.38965389200007,-6.901771498999949,0],[112.38962371200012,-6.9016848489999347,0],[112.38960834500006,-6.9015473109999448,0],[112.3896125760001,-6.9013601449999555,0],[112.38961258800009,-6.9013596289999555,0],[112.38961906100008,-6.9011165869999331,0],[112.3895587080001,-6.9009462819999499,0],[112.38948653700004,-6.9007476109999288,0],[112.38948609500005,-6.9007454579999603,0],[112.38948334800011,-6.900613562999979,0],[112.3895036130001,-6.9004925649999791,0],[112.38959894100003,-6.8999696919999565,0],[112.38966501700008,-6.8996245909999629,0],[112.38968100000011,-6.899221000999944,0],[112.38969687200006,-6.8985239049999336,0],[112.38972005100004,-6.8981219889999466,0],[112.39044732500008,-6.8980956449999553,0],[112.39063558500004,-6.8985270849999552,0],[112.39064792200008,-6.898552160999941,0],[112.39065641700006,-6.8985694299999523,0],[112.39066975800006,-6.8985555549999731,0],[112.39067290900005,-6.8985522789999436,0],[112.39082644600001,-6.8984796299999402,0],[112.39083400000004,-6.8984769999999571,0],[112.39083837200008,-6.8984739859999422,0],[112.39100811100002,-6.8983936709999512,0],[112.39130876000002,-6.8981128249999415,0],[112.39130954300003,-6.8981116989999691,0],[112.3913804980001,-6.8980097499999715,0],[112.39144262400009,-6.8979664979999598,0],[112.39188214100011,-6.8977946959999485,0],[112.39188474300011,-6.8977936779999709,0],[112.39255726300007,-6.8975923719999628,0],[112.39285072900009,-6.8973987749999424,0],[112.39303844200003,-6.8972749419999673,0],[112.39320988100008,-6.8972435209999503,0],[112.39333196700011,-6.8972359869999309,0],[112.39349252200009,-6.8972833729999365,0],[112.39376826000012,-6.8974189529999421,0],[112.39393369400011,-6.8974974309999766,0],[112.39464572600002,-6.8978159769999365,0],[112.39489443800005,-6.8979789109999388,0],[112.3949911630001,-6.898042276999945,0],[112.39553845500006,-6.8985192239999265,0],[112.3957938850001,-6.8987468279999575,0],[112.39627054400012,-6.8991715499999486,0],[112.3971659550001,-6.8999453149999681,0],[112.39730754600009,-6.900057358999959,0],[112.39740105600004,-6.9001025469999604,0],[112.39742182400005,-6.9001113109999324,0],[112.39742355300007,-6.9001120399999536,0],[112.39764317800007,-6.9002047249999805,0],[112.39787812500003,-6.900309315999948,0],[112.39812964200007,-6.9003648009999665,0],[112.39838125000006,-6.9004202999999507,0],[112.39863869200008,-6.9004995149999786,0],[112.39889455400009,-6.9006373749999739,0],[112.39922757500005,-6.9009084519999533,0],[112.39963000800003,-6.901363000999936,0],[112.39965900000004,-6.9014159999999265,0],[112.39982000000009,-6.9015529999999785,0],[112.3999510000001,-6.9015979999999786,0],[112.40008600100009,-6.9015379999999595,0],[112.4001750000001,-6.9015599999999608,0],[112.40023300000007,-6.9016159999999331,0],[112.40036700000007,-6.90166499999998,0],[112.40051100000005,-6.9016749999999547,0],[112.40066399900002,-6.9015929999999344,0],[112.40083800000002,-6.9014080019999255,0],[112.40092300100002,-6.9012720019999279,0],[112.40092598000001,-6.9012261779999449,0],[112.40093100000001,-6.9011489999999753,0],[112.40092580800001,-6.9010814999999752,0],[112.40092500100002,-6.9010709999999449,0],[112.40095289300007,-6.9009627109999769,0],[112.40095900000006,-6.9009390019999728,0],[112.40097109800001,-6.9008220559999813,0],[112.4009860000001,-6.9006779999999708,0],[112.40101900100001,-6.9005609989999357,0],[112.40122000000008,-6.9003029999999512,0],[112.40141100100004,-6.9000410009999769,0],[112.40148900300005,-6.8997480009999776,0],[112.4014810000001,-6.8995599999999513,0],[112.40141400000005,-6.8993899999999257,0],[112.40134500000011,-6.8991640019999636,0],[112.40134492700008,-6.8991640379999808,0],[112.4013356370001,-6.8991524989999675,0],[112.40128504800009,-6.899010837999981,0],[112.4012857570001,-6.8989793189999773,0],[112.40129289900005,-6.898871215999975,0],[112.40131427000006,-6.8987587269999722,0],[112.40136399200003,-6.8986421689999702,0],[112.4014476210001,-6.8984840079999685,0],[112.40150332100006,-6.8983111019999797,0],[112.40153988200007,-6.8982377839999458,0],[112.40172470800007,-6.8979764179999279,0],[112.40176858700011,-6.8978081129999396,0],[112.40178646800007,-6.8976414129999739,0],[112.40181489800011,-6.8975290839999275,0],[112.40191075000007,-6.8974556879999795,0],[112.40203817500003,-6.897444428999961,0],[112.40211006000004,-6.8973895589999756,0],[112.40221476700003,-6.8972365789999799,0],[112.40226845600012,-6.8971530569999686,0],[112.40232748700009,-6.8970414149999328,0],[112.40235710800005,-6.8969808879999732,0],[112.40239849800003,-6.896920626999929,0],[112.40247530400006,-6.8968564539999306,0],[112.40250963200003,-6.8967960339999763,0],[112.40253806200008,-6.8966837009999722,0],[112.40262970500009,-6.8964833569999655,0],[112.40267990300003,-6.8962408959999379,0],[112.40260833000002,-6.8955504099999416,0],[112.40293072600002,-6.895456448999937,0],[112.40319858800001,-6.8954836439999667,0],[112.40367700200011,-6.895591000999957,0],[112.4038434470001,-6.8956629479999378,0],[112.40401112600011,-6.8956629469999484,0],[112.40412470400008,-6.8956391379999786,0],[112.4042212490001,-6.8956187109999405,0],[112.40428025900007,-6.8956188069999484,0],[112.40429400000005,-6.8957039999999665,0],[112.40428582400011,-6.8957343689999675,0],[112.40425199900005,-6.8958599999999706,0],[112.40422500000011,-6.8959319999999593,0],[112.4042255490001,-6.8959319679999567,0],[112.40461000100004,-6.8959090019999394,0],[112.40512000000001,-6.8958199999999579,0],[112.40519300100004,-6.8958090009999751,0],[112.40519204900011,-6.8957646149999619,0],[112.40519000000006,-6.8956689999999412,0],[112.40518007600008,-6.8955846449999285,0],[112.40518000000009,-6.8955839999999284,0],[112.40546800100003,-6.8956099999999765,0],[112.40585400000009,-6.8957199999999261,0],[112.40585418800003,-6.8957200559999592,0],[112.40608000000009,-6.8957869999999275,0],[112.40629500000011,-6.895798999999954,0],[112.4065220010001,-6.8957880009999712,0],[112.40718100100003,-6.8957779999999502,0],[112.40750800000001,-6.8957890009999687,0],[112.40781700000002,-6.8958239999999478,0],[112.40800200100011,-6.8958149999999705,0],[112.40830800000003,-6.8956710009999256,0],[112.40847800000006,-6.8956509999999298,0],[112.40883599900008,-6.8956520009999736,0],[112.40907700000002,-6.8956349989999808,0],[112.4093610000001,-6.8956769999999779,0],[112.4095870000001,-6.895704999999964,0],[112.40978200000006,-6.8956879999999501,0],[112.40998599900001,-6.8956439999999475,0],[112.4100820000001,-6.8955279999999561,0],[112.4102180000001,-6.8954980019999539,0],[112.41051887100002,-6.8954960009999695,0],[112.41051900100001,-6.8954960009999695,0],[112.41056700000001,-6.8954909999999359,0],[112.41101200000003,-6.895484999999951,0],[112.41162000000008,-6.8956049999999323,0],[112.41181899900005,-6.8957169999999337,0],[112.41212200000007,-6.8958359989999281,0],[112.41230247600004,-6.89589708099993,0],[112.41236000000004,-6.8959480019999546,0],[112.4125090010001,-6.8960420009999552,0],[112.41289940200011,-6.8962218069999608,0],[112.4131430000001,-6.896334000999957,0],[112.41338100000007,-6.8963849999999525,0],[112.41367000000002,-6.8964720009999496,0],[112.41433800000004,-6.8967359999999758,0],[112.41446949800002,-6.896791005999944,0],[112.41467558800002,-6.8969344269999624,0],[112.41493899900001,-6.8970439999999371,0],[112.41529741000011,-6.8971799859999692,0],[112.41543286800004,-6.897226954999951,0],[112.41543300100011,-6.8972269999999298,0],[112.41544751400011,-6.897146366999948,0],[112.41550499900006,-6.8968269999999734,0],[112.41608675600003,-6.8968936349999694,0],[112.41659405100006,-6.8968937159999655,0],[112.4166932170001,-6.8968427129999554,0],[112.41674607600009,-6.8967940359999602,0],[112.4167872380001,-6.8967229379999253,0],[112.41683916300008,-6.8966760879999356,0],[112.41697381400002,-6.8966579259999321,0],[112.41717517900008,-6.8966892719999464,0],[112.41727692000006,-6.8967522779999513,0],[112.41805099400005,-6.8970803169999613,0],[112.41837430400005,-6.8972188999999275,0],[112.41846027400004,-6.8972189179999646,0],[112.4186400000001,-6.89726799999994,0],[112.41912100000002,-6.8972799999999665,0],[112.41950400000007,-6.8972259999999324,0],[112.41997000000003,-6.8971799999999348,0],[112.4200790000001,-6.8971619999999803,0],[112.42056600000001,-6.8971570019999717,0],[112.42077193000011,-6.8971292779999658,0],[112.42077400100004,-6.8971289999999499,0],[112.42077600100004,-6.8971299989999579,0],[112.4216175790001,-6.8975732209999592,0],[112.4218639720001,-6.8977029849999667,0],[112.42186400000003,-6.8977030019999575,0],[112.42187191400001,-6.8976887649999412,0],[112.42198300100006,-6.8974889999999505,0],[112.42199400000004,-6.897474999999929,0],[112.42204100000004,-6.8973849999999288,0],[112.42221000000006,-6.8970689999999308,0],[112.42240490100005,-6.8966998839999292,0],[112.42266082900005,-6.8968048959999351,0],[112.42285537000009,-6.8968735369999763,0],[112.42292898100004,-6.8968995099999688,0],[112.42312239400007,-6.8969391529999484,0],[112.42340922200003,-6.8969360349999533,0],[112.4234416270001,-6.8969379379999509,0],[112.42360999500011,-6.8969478169999547,0],[112.42370600000004,-6.8969629999999711,0],[112.4237724410001,-6.8969820919999734,0],[112.42398070400009,-6.8970878409999727,0],[112.42418991700004,-6.8971476059999759,0],[112.42466030100002,-6.8972188729999289,0],[112.42475097900001,-6.8972081959999514,0],[112.42480233600008,-6.8971592079999482,0],[112.42517938100002,-6.8972182859999407,0],[112.42541137400008,-6.897270558999935,0],[112.42549371100006,-6.8972747579999805,0],[112.42559493400006,-6.8972770259999265,0],[112.42566917600004,-6.8972222019999663,0],[112.42572839600007,-6.897207051999942,0],[112.42586765400006,-6.8971936979999668,0],[112.42598760200008,-6.8972010929999783,0],[112.42616886400003,-6.8972051539999484,0],[112.42626725700006,-6.897228542999926,0],[112.42636956700005,-6.8972873229999436,0],[112.42650000000003,-6.8974404699999354,0],[112.42653293500007,-6.8975640129999647,0],[112.42652942100005,-6.8976157149999722,0],[112.42649059500002,-6.8976666289999571,0],[112.42647263800006,-6.8977321279999728,0],[112.42650139300008,-6.8978151529999536,0],[112.42657789300006,-6.89797456499997,0],[112.42660485400006,-6.8981375759999537,0],[112.42667042900007,-6.8982590829999708,0],[112.42684128100007,-6.8985171119999791,0],[112.42717703000005,-6.8989836089999699,0],[112.42723512100008,-6.8991237789999786,0],[112.4272673700001,-6.8992610189999368,0],[112.42738259300006,-6.8994240639999589,0],[112.4274283200001,-6.899538702999962,0],[112.42740602300012,-6.8999043339999275,0],[112.42743535800003,-6.8999614799999449,0],[112.42756967600008,-6.9000633459999676,0],[112.42781085600006,-6.9002311589999294,0],[112.42784479300008,-6.9002931159999434,0],[112.42784588100005,-6.9003496289999475,0],[112.42785669900002,-6.9003922379999381,0],[112.42792605400007,-6.9004502819999516,0],[112.42815704200007,-6.9005619849999675,0],[112.42840983800011,-6.9007223879999628,0],[112.42857079000009,-6.9007918989999553,0],[112.42874736200008,-6.9008423679999282,0],[112.42898868300006,-6.9009566109999696,0],[112.42925486700005,-6.9010841219999293,0],[112.4294309070001,-6.901185322999936,0],[112.42944267500002,-6.9011920899999382,0],[112.42944639700011,-6.9011946799999464,0],[112.4294384640001,-6.9012079689999268,0],[112.42943226400007,-6.9012197729999798,0],[112.42942005700002,-6.9012430129999416,0],[112.42940722600008,-6.9012674439999273,0],[112.42940086100009,-6.9012795609999671,0],[112.42938450100007,-6.9013107079999259,0],[112.42937994900001,-6.9013193779999256,0],[112.42937611500008,-6.9013266749999502,0],[112.42937431300004,-6.9013301079999678,0],[112.42937164200009,-6.9013351929999658,0],[112.42936475300007,-6.9013483079999673,0],[112.42936296900007,-6.901351707999936,0],[112.42935600600003,-6.9013649609999561,0],[112.42935571900011,-6.9013655079999694,0],[112.4293534200001,-6.9013698869999303,0],[112.42934558100001,-6.9013848089999783,0],[112.42934532100003,-6.9013853049999625,0],[112.42934046000005,-6.9013945589999253,0],[112.42934025800002,-6.901394942999957,0],[112.42934019000006,-6.9013950729999465,0],[112.42959900000005,-6.9014939999999569,0],[112.42979400000002,-6.9015929999999344,0],[112.43001100000004,-6.9016929999999661,0],[112.43010013900005,-6.9016984029999549,0],[112.43010017800009,-6.9016984049999337,0],[112.43014038800004,-6.9016696429999342,0],[112.43019979600001,-6.9016850449999652,0],[112.43049897800006,-6.9017626089999453,0],[112.43077325000002,-6.9018337149999525,0],[112.43093731700003,-6.9015742589999718,0],[112.43095464300006,-6.90154685899995,0],[112.4309994460001,-6.9014815889999568,0],[112.4310457360001,-6.901414152999962,0],[112.43108626800006,-6.9014370329999792,0],[112.43114432800007,-6.9014698079999448,0],[112.43116534400008,-6.9014816719999317,0],[112.43143975300006,-6.9016477339999369,0],[112.43147963300009,-6.9016527489999362,0],[112.43168136500003,-6.9015982269999654,0],[112.43186387700007,-6.9015668699999537,0],[112.43190453400007,-6.9015687289999619,0],[112.43201531600005,-6.901573793999944,0],[112.43241453700011,-6.9016158999999675,0],[112.43241454400004,-6.9016158619999715,0],[112.43242825300001,-6.9015436379999642,0],[112.43245154600004,-6.9014209179999284,0],[112.43245645900004,-6.901406581999936,0],[112.43246774700003,-6.9013736409999638,0],[112.4324787810001,-6.9013414439999679,0],[112.43253368600006,-6.9012706329999673,0],[112.43259750000004,-6.9011985319999667,0],[112.43264657000009,-6.9011664239999391,0],[112.43271166800002,-6.9011411179999413,0],[112.43277564300001,-6.9011226629999669,0],[112.43284992200006,-6.901108742999952,0],[112.43302267800004,-6.9010619339999266,0],[112.43314505100011,-6.9010214139999562,0],[112.43320581800003,-6.9009742949999691,0],[112.43324902100005,-6.9009407959999294,0],[112.4333000150001,-6.900874938999948,0],[112.43334190900009,-6.9007430419999309,0],[112.43339325000011,-6.900581405999958,0],[112.43340764200002,-6.9005597149999289,0],[112.43343944200001,-6.9005581759999473,0],[112.43347707800001,-6.9005739379999795,0],[112.43350310000005,-6.9005738599999518,0],[112.43352530300001,-6.9005602769999541,0],[112.43353629000001,-6.9005535559999771,0],[112.43358677600008,-6.900515880999933,0],[112.43362145500009,-6.9005100039999547,0],[112.43370710400006,-6.900501204999955,0],[112.43373370800009,-6.9004849519999425,0],[112.43376529800003,-6.9004656529999693,0],[112.43385307000005,-6.9003820819999646,0],[112.4339305960001,-6.9003122369999801,0],[112.43405264900002,-6.9002239979999445,0],[112.43414060000009,-6.9001997689999257,0],[112.43429027800005,-6.900174212999957,0],[112.43436486100006,-6.9001639579999505,0],[112.43443322700011,-6.9001545579999402,0],[112.4345329460001,-6.9001499299999409,0],[112.43458208900006,-6.9001497819999713,0],[112.43462403500007,-6.9001597559999368,0],[112.43470216000003,-6.9001840509999397,0],[112.43477394900003,-6.9002113109999641,0],[112.43484541800001,-6.9002384499999607,0],[112.43499524300012,-6.90027153799997,0],[112.43509121400007,-6.9002927319999685,0],[112.43512696100004,-6.9003078979999373,0],[112.43512787100008,-6.9003082839999479,0],[112.43518734400004,-6.9003335169999787,0],[112.43521059200009,-6.900355096999931,0],[112.43522287400003,-6.9003664979999257,0],[112.43523206200007,-6.9003813029999606,0],[112.43523667500006,-6.9003983649999441,0],[112.43523668500006,-6.9003984029999401,0],[112.43523699500008,-6.9004061289999754,0],[112.43523792100007,-6.9004292059999557,0],[112.43523227100002,-6.9004509009999424,0],[112.43519867300006,-6.9005267119999303,0],[112.43518547100007,-6.900549936999937,0],[112.43515552100007,-6.9006026259999658,0],[112.43511594100005,-6.9006640949999678,0],[112.43510997800001,-6.9006813249999368,0],[112.43510250100007,-6.9007029299999658,0],[112.43509444300003,-6.9007282159999477,0],[112.4350986390001,-6.9008526359999678,0],[112.43511983800011,-6.9010102339999548,0],[112.43511985100008,-6.9010102579999284,0],[112.43511986400006,-6.9010102819999588,0],[112.43512302900001,-6.9010161049999397,0],[112.43513310900005,-6.9010346479999498,0],[112.43517895400009,-6.9010801399999764,0],[112.43523655900003,-6.9011081449999665,0],[112.43530254700011,-6.9011402259999386,0],[112.43549816400002,-6.9012115029999563,0],[112.43554390600002,-6.901222771999926,0],[112.43556843500005,-6.9012237629999618,0],[112.43557019100001,-6.9012238339999499,0],[112.4355964560001,-6.9012180509999439,0],[112.43562476400007,-6.9012048279999476,0],[112.43562837600007,-6.9012031399999501,0],[112.43562840700008,-6.9012031259999276,0],[112.435651226,-6.9011916499999302,0],[112.43568429200002,-6.9011675949999471,0],[112.43569126200009,-6.9011615949999623,0],[112.4357002480001,-6.9011538579999296,0],[112.43578352300005,-6.9011080099999731,0],[112.43581659600011,-6.9010873799999786,0],[112.43586454300009,-6.9010735479999425,0],[112.43589324200002,-6.9010684459999538,0],[112.43591022200008,-6.901065426999935,0],[112.43592979200002,-6.9010648789999323,0],[112.43595592200006,-6.9010641479999322,0],[112.43598891000011,-6.9010677069999815,0],[112.43601764100003,-6.9010708059999502,0],[112.43610224700001,-6.9010888009999576,0],[112.43610316600007,-6.9010891149999338,0],[112.43613198500009,-6.9010989769999469,0],[112.43619373900003,-6.9011170409999636,0],[112.43621218400006,-6.9011258989999646,0],[112.43621229200005,-6.9011259509999263,0],[112.43621239900006,-6.9011260029999448,0],[112.43623149900009,-6.9011351769999578,0],[112.43629097100006,-6.9011543879999522,0],[112.43631730900006,-6.901173698999969,0],[112.4363344950001,-6.9011896159999537,0],[112.43635186500001,-6.9012290809999399,0],[112.43635188100006,-6.9012291179999465,0],[112.43636096900002,-6.9012751609999441,0],[112.43635379300008,-6.9013189529999295,0],[112.436342964,-6.9013627579999479,0],[112.43633213900011,-6.9014083849999679,0],[112.43633212800012,-6.9014084189999494,0],[112.43632800700004,-6.9014214839999681,0],[112.43631947100005,-6.9014485469999727,0],[112.43629773000009,-6.9015087979999521,0],[112.43628686700004,-6.9015416599999639,0],[112.43621854200001,-6.9016825429999358,0],[112.43615032200012,-6.9018279429999438,0],[112.43613595200009,-6.90185594299993,0],[112.43612877900011,-6.9018739999999639,0],[112.43611025700011,-6.9019606309999517,0],[112.43611050900006,-6.9020442499999604,0],[112.43611493700007,-6.9020666249999749,0],[112.43612077500006,-6.9020961199999533,0],[112.4361229750001,-6.9021047939999676,0],[112.43612516000007,-6.9021134079999342,0],[112.43614109900011,-6.9021306609999442,0],[112.4361743070001,-6.9021276769999531,0],[112.43622479300006,-6.9021073409999758,0],[112.43627089900008,-6.9020711589999451,0],[112.4363155530001,-6.9020320979999497,0],[112.4363476960001,-6.9020026089999647,0],[112.43640892700012,-6.9019464349999566,0],[112.43648760400004,-6.9019062969999254,0],[112.43653436800003,-6.9018867759999694,0],[112.43664052800011,-6.901871635999953,0],[112.4367341200001,-6.9018542529999536,0],[112.4367991690001,-6.9018392369999333,0],[112.43682777000004,-6.9018320079999285,0],[112.43686763700009,-6.9018219309999722,0],[112.43692010700011,-6.9018012519999274,0],[112.4369645590001,-6.9017726179999386,0],[112.43699418900007,-6.9017520079999599,0],[112.43702123300011,-6.9016955689999691,0],[112.43703101400001,-6.9016450579999287,0],[112.43703991100006,-6.9016008589999274,0],[112.4370398100001,-6.9015675049999459,0],[112.43703447900009,-6.9014799299999368,0],[112.4370258240001,-6.9014514429999281,0],[112.43701789900001,-6.9014279439999768,0],[112.43698495600006,-6.9013959659999387,0],[112.43693336900003,-6.9013751949999573,0],[112.43691085900002,-6.9013656449999417,0],[112.43686585700004,-6.9013529559999256,0],[112.43682485500005,-6.9013354449999724,0],[112.43680071600011,-6.9013186859999678,0],[112.43677895100006,-6.9012898959999802,0],[112.43677246200002,-6.9012682739999605,0],[112.43676837100008,-6.9012426379999283,0],[112.43676427600008,-6.9012161999999648,0],[112.4367642200001,-6.9011977649999494,0],[112.43678236800008,-6.9010683999999287,0],[112.43681293700001,-6.9009875649999799,0],[112.4368270010001,-6.9009682979999525,0],[112.43684494000001,-6.9009567089999564,0],[112.4368731620001,-6.9009489339999277,0],[112.43692706800005,-6.9009436449999271,0],[112.43697969400012,-6.9009396419999689,0],[112.43701949700005,-6.9009408039999585,0],[112.43720273600002,-6.900985005999928,0],[112.43726673300011,-6.9009979879999719,0],[112.43730225500008,-6.9009948409999424,0],[112.43734079000001,-6.9009805369999526,0],[112.43738636,-6.9009429019999402,0],[112.43741367600001,-6.9009114029999523,0],[112.43742676300008,-6.9008748799999466,0],[112.43743782600006,-6.9008403889999386,0],[112.43744586200012,-6.9008119889999762,0],[112.43745730000001,-6.9005617239999424,0],[112.43749218100004,-6.9003153429999315,0],[112.43749261300002,-6.9002798549999511,0],[112.43747663900001,-6.8996507329999304,0],[112.43746950900004,-6.8993699159999551,0],[112.43746943200006,-6.8993669009999508,0],[112.43744721400003,-6.8993161369999711,0],[112.43743572100004,-6.8992898779999337,0],[112.43756989500002,-6.8990229829999521,0],[112.43760188300007,-6.898966383999948,0],[112.43762053300009,-6.8989333859999533,0],[112.43764457100008,-6.8988011779999283,0],[112.43766214400011,-6.8985510849999514,0],[112.4376450850001,-6.8982859129999383,0],[112.43764245000011,-6.8982421889999728,0],[112.43763544300009,-6.8981259339999497,0],[112.43765347200008,-6.8980321929999491,0],[112.43765347800002,-6.898032159999957,0],[112.43784257800007,-6.8976756259999661,0],[112.43797988100005,-6.8974167519999696,0],[112.43802843200001,-6.8974460469999599,0],[112.43826801900002,-6.8975906129999771,0],[112.43857303200002,-6.8977746559999673,0],[112.43871995500001,-6.8975685959999282,0],[112.43899630700002,-6.8971810129999653,0],[112.43919822000009,-6.8968978309999329,0],[112.43927463800003,-6.8967906549999611,0],[112.43927466600007,-6.896790626999973,0],[112.43941945800009,-6.8966456289999769,0],[112.43949994200011,-6.8965650289999303,0],[112.43962022300002,-6.8964445759999649,0],[112.4398620720001,-6.8961476619999758,0],[112.43989111500002,-6.8961120069999424,0],[112.44038137700011,-6.8955101229999514,0],[112.44023611500006,-6.8953820049999308,0],[112.4404848150001,-6.8951804299999253,0],[112.44070193000005,-6.8950082529999577,0],[112.44070195600011,-6.8950082319999524,0],[112.44085730200004,-6.8949375179999493,0],[112.44114512800002,-6.8948142419999385,0],[112.44135226300011,-6.8946811239999306,0],[112.44139518500003,-6.8946466019999662,0],[112.44157424400009,-6.8945025839999516,0],[112.44160959300007,-6.894474152999976,0],[112.44175061200008,-6.8943607309999493,0],[112.44195782200006,-6.8942060039999546,0],[112.44195785000011,-6.8942059829999494,0],[112.44208279200006,-6.8940780739999354,0],[112.44218623900008,-6.8939550989999248,0],[112.44230244300002,-6.8938169609999704,0],[112.44242345600003,-6.893673104999948,0],[112.44252020100009,-6.8935790659999725,0],[112.44261092700003,-6.8934908789999554,0],[112.44265481200011,-6.8934482219999609,0],[112.44266917200002,-6.8934229519999803,0],[112.44286871100007,-6.8930717969999478,0],[112.44294526100009,-6.8929429559999562,0],[112.44299141600004,-6.8928213519999417,0],[112.44303050200006,-6.8926606119999292,0],[112.44314029100008,-6.8924451059999683,0],[112.44336270000008,-6.8920085369999811,0],[112.44346369900006,-6.891821977999939,0],[112.44363016700004,-6.8915852499999346,0],[112.44363017600006,-6.8915852039999663,0],[112.44366815700005,-6.891389993999951,0],[112.44384417900005,-6.8911076149999531,0],[112.44393321100006,-6.8909691279999379,0],[112.44393594100006,-6.8909648819999347,0],[112.44407697300005,-6.8907455089999416,0],[112.44427822400007,-6.8905273049999778,0],[112.4445024900001,-6.8902841479999779,0],[112.44496592000007,-6.8898017559999403,0],[112.44499531200006,-6.8897704449999537,0],[112.44499533600003,-6.8897704199999339,0],[112.44500582700005,-6.889767767999956,0],[112.44502035700009,-6.8897640949999754,0],[112.44545594500005,-6.8897877749999452,0],[112.44546575300001,-6.8897779249999758,0],[112.44546577500012,-6.889777889999948,0],[112.44548355200004,-6.8897493029999737,0],[112.44552350000004,-6.8896739729999581,0],[112.44554962400002,-6.8896247109999535,0],[112.44556360500007,-6.8895925449999709,0],[112.44559262400003,-6.8895563589999256,0],[112.44559265700002,-6.8895563179999613,0],[112.44562777900001,-6.8895321189999663,0],[112.44565889600005,-6.8895139559999734,0],[112.44569502900003,-6.8894917619999774,0],[112.4457291760001,-6.8894776039999783,0],[112.44576130300004,-6.889460440999926,0],[112.44578066300005,-6.8894464359999574,0],[112.44578638700011,-6.8894422959999702,0],[112.44585044400003,-6.8893603899999789,0],[112.44594850800001,-6.8892185999999356,0],[112.4459831690001,-6.8891684849999706,0],[112.44705233800005,-6.8872803389999717,0],[112.44705236000004,-6.8872802999999294,0],[112.44710192800005,-6.887192511999956,0],[112.44844868300004,-6.8848073249999402,0],[112.44844408600011,-6.884791618999941,0],[112.44842493800002,-6.8847261919999596,0],[112.44840105100002,-6.8845981429999483,0],[112.44841254800008,-6.8844653349999589,0],[112.4484362500001,-6.8841915579999409,0],[112.4484135350001,-6.8841445089999524,0],[112.44838878400003,-6.8840932439999278,0],[112.44834550400003,-6.8840388119999716,0],[112.44834533300002,-6.8840385959999253,0],[112.44830762400011,-6.8839911699999448,0],[112.44827826800008,-6.8839637219999759,0],[112.44824868500007,-6.8839360599999395,0],[112.44821130500009,-6.8839090939999323,0],[112.44815471200002,-6.8838821849999476,0],[112.44795123400002,-6.8837931199999502,0],[112.44705018200011,-6.8834334589999457,0],[112.44704711500003,-6.8834164129999635,0],[112.44712313700006,-6.8830432929999574,0],[112.4473869630001,-6.8825134119999802,0],[112.44738698100002,-6.8825133769999525,0],[112.44713562100003,-6.8823746649999293,0],[112.44713129100001,-6.8823722749999661,0],[112.44705838600009,-6.8823320429999626,0],[112.44701682200002,-6.8823172729999555,0],[112.44699931300011,-6.882311050999931,0],[112.4469940140001,-6.8823091679999493,0],[112.44698535400005,-6.8823177549999741,0],[112.44697882600008,-6.8823242269999696,0],[112.44653392300006,-6.8827653399999349,0],[112.44639294700005,-6.8829117039999801,0],[112.4463458460001,-6.8829148459999487,0],[112.4458621230001,-6.8827842879999253,0],[112.44570848000001,-6.8827540939999494,0],[112.44588658500004,-6.8820104839999772,0],[112.44584350300011,-6.8819350329999338,0],[112.44587165400003,-6.8817656939999665,0],[112.4458801830001,-6.8817143899999564,0],[112.4458576180001,-6.8816888019999283,0],[112.44556928100008,-6.8814597009999261,0],[112.44525003400008,-6.8812060389999488,0],[112.44447783600003,-6.8806442919999427,0],[112.44404885900008,-6.8803876549999359,0],[112.44404883100003,-6.8803876379999451,0],[112.44373959500001,-6.8802081279999356,0],[112.44362438600001,-6.8801435999999399,0],[112.44328594100011,-6.8799540369999477,0],[112.44315746200004,-6.8803600319999418,0],[112.44297439600007,-6.8808841259999554,0],[112.44284349000009,-6.8812622509999528,0],[112.44284347400003,-6.8812622969999779,0],[112.44274692900001,-6.881431326999973,0],[112.44260125200003,-6.8816912479999814,0],[112.44232676400009,-6.8821809979999671,0],[112.44212554300009,-6.8825402799999438,0],[112.4419612800001,-6.8828335739999602,0],[112.44177693200004,-6.8830845029999637,0],[112.44180299400011,-6.8832055649999688,0],[112.4415328880001,-6.8835826259999635,0],[112.4415188050001,-6.8835868129999653,0],[112.44151854400002,-6.8835868909999363,0],[112.44149372000004,-6.8835942719999252,0],[112.44095192300006,-6.8829349309999657,0],[112.44068639700004,-6.8826918949999367,0],[112.44062721100011,-6.8826011239999616,0],[112.44062723700006,-6.8826010859999656,0],[112.44096147500011,-6.8821154579999302,0],[112.44120308400011,-6.881785716999957,0],[112.44129647700004,-6.8816919179999445,0],[112.44180274500002,-6.8810348259999614,0],[112.44188661700002,-6.8808835339999632,0],[112.44197630500003,-6.8807217509999532,0],[112.44222558300009,-6.8799070209999513,0],[112.44224003400006,-6.8793526529999554,0],[112.44221911200009,-6.8793318919999251,0],[112.44200829500005,-6.8791997059999517,0],[112.44187097000008,-6.879133473999957,0],[112.44129275500006,-6.8787325899999701,0],[112.44120187100009,-6.8786580459999414,0],[112.44118551000008,-6.8786446259999252,0],[112.44118548600011,-6.8786446059999662,0],[112.44109672200011,-6.8784273559999747,0],[112.44096115600007,-6.8780955579999272,0],[112.44093652600009,-6.878055331999974,0],[112.44093615200006,-6.8780547209999554,0],[112.44092499900012,-6.8780365069999334,0],[112.4407686190001,-6.8778249629999664,0],[112.44060004700009,-6.8776883779999594,0],[112.44027238700005,-6.8774043499999493,0],[112.43999968700007,-6.8771009859999594,0],[112.43999966800004,-6.8771009649999542,0],[112.43999964900001,-6.8771009439999489,0],[112.43992079500003,-6.8770114129999342,0],[112.43980423300002,-6.8768790689999264,0],[112.43974770400007,-6.8768504389999521,0],[112.43964352600005,-6.8768263349999756,0],[112.43963613800008,-6.8768256399999359,0],[112.43959377200008,-6.8768216529999791,0],[112.43963673200005,-6.8767038089999346,0],[112.43968433200007,-6.8765732379999349,0],[112.43982506600003,-6.8760774139999512,0],[112.43988807400001,-6.8758666849999486,0],[112.43988909100005,-6.8758632839999336,0],[112.43989173400007,-6.8758546349999392,0],[112.43989174500007,-6.8758545969999432,0],[112.43992210200008,-6.8757552469999723,0],[112.43993555000009,-6.8757112359999724,0],[112.43996327000002,-6.8756695769999396,0],[112.43997723700011,-6.8756485869999437,0],[112.44001409500004,-6.8755931969999438,0],[112.44004966700004,-6.8755493759999808,0],[112.44006884500004,-6.875525750999941,0],[112.44008938500008,-6.8755004479999684,0],[112.44013251100012,-6.8754489489999742,0],[112.44014980400004,-6.8754282969999281,0],[112.44015911200006,-6.8754171819999783,0],[112.44019353700003,-6.8753760719999377,0],[112.44021315500004,-6.875352644999964,0],[112.44021725000005,-6.8753477549999502,0],[112.44021898000005,-6.8753432449999536,0],[112.4402395840001,-6.8752895239999248,0],[112.44024130000003,-6.8752850509999348,0],[112.44024665900008,-6.875255114999959,0],[112.44024708400002,-6.8752527419999296,0],[112.44024971400006,-6.8752380519999292,0],[112.44025117400008,-6.8751976459999469,0],[112.44025146800004,-6.8751895159999776,0],[112.44025192400011,-6.8751769039999431,0],[112.44025223300002,-6.8751683349999553,0],[112.44024919300011,-6.8751388849999557,0],[112.44024893000005,-6.8751363329999435,0],[112.44023441600007,-6.8751033309999343,0],[112.44022967000001,-6.8750925399999687,0],[112.44020990100012,-6.8750475909999409,0],[112.44020534400011,-6.8750372289999291,0],[112.44018648200006,-6.8749850009999705,0],[112.44018532100006,-6.8749817869999674,0],[112.44018372300002,-6.8749773619999814,0],[112.44017682000003,-6.8749582479999276,0],[112.44017334200009,-6.8749486179999622,0],[112.4401730080001,-6.8749476929999673,0],[112.44017047200009,-6.8749422139999297,0],[112.44016645500005,-6.8749335329999326,0],[112.44016273300008,-6.8749254899999528,0],[112.44015525700001,-6.8749093329999482,0],[112.44014897300008,-6.8748937839999371,0],[112.44014851600002,-6.8748926539999502,0],[112.44014364900011,-6.8748806109999805,0],[112.44014178400005,-6.8748759979999363,0],[112.44013711500008,-6.8748644459999468,0],[112.44013586500012,-6.8748613519999253,0],[112.44013159000008,-6.8748507739999809,0],[112.4401292770001,-6.8748450509999657,0],[112.44012618200009,-6.8748373939999396,0],[112.44012594600008,-6.874836830999925,0],[112.44012121200001,-6.8748255289999634,0],[112.44012072300006,-6.8748243619999698,0],[112.4401149040001,-6.8748104679999642,0],[112.44011127900001,-6.8748018129999764,0],[112.44010604100004,-6.8747893079999471,0],[112.44009999200011,-6.8747748679999745,0],[112.44009906300005,-6.8747726499999544,0],[112.44009872900006,-6.8747718519999808,0],[112.44009827400009,-6.8747702079999726,0],[112.44009423600005,-6.8747556119999444,0],[112.44008325300001,-6.8747159069999384,0],[112.44007597900008,-6.8746896099999617,0],[112.44005660000005,-6.874619551999956,0],[112.4400522840001,-6.8745850839999321,0],[112.44005009400007,-6.8745675899999696,0],[112.44004582800005,-6.8745335159999286,0],[112.44004479500006,-6.8745252679999567,0],[112.44004017200007,-6.874488347999943,0],[112.44003359300007,-6.874488347999943,0],[112.4400236350001,-6.8744898469999498,0],[112.4400164970001,-6.8744791389999591,0],[112.44001768700002,-6.8744624829999452,0],[112.44002125600002,-6.8744470159999764,0],[112.44001872500007,-6.8744377349999581,0],[112.44001768700002,-6.874433928999963,0],[112.44001411700003,-6.8744244119999394,0],[112.44000341000003,-6.8744172729999491,0],[112.43999032300007,-6.8744148939999263,0],[112.43997009700001,-6.874412513999971,0],[112.43993916400007,-6.8744018069999697,0],[112.43988800600005,-6.8743827709999437,0],[112.43984041700003,-6.8743577869999513,0],[112.43975951500011,-6.8743042489999766,0],[112.43971430500005,-6.8742745059999493,0],[112.43969645900006,-6.874267366999959,0],[112.43968456200002,-6.8742709359999594,0],[112.43967410100004,-6.8742775029999734,0],[112.43967276500007,-6.8742821409999806,0],[112.43966433700007,-6.8743113869999775,0],[112.43965957800003,-6.8743316129999812,0],[112.43964610500007,-6.874338866999949,0],[112.43964411100001,-6.8743399409999597,0],[112.43962031700005,-6.874345888999926,0],[112.43960485000002,-6.8743470789999606,0],[112.43957629700003,-6.8743435099999601,0],[112.43952989700006,-6.8743328019999694,0],[112.43949777400007,-6.8743209049999336,0],[112.43944627500002,-6.874296769999944,0],[112.43937404200005,-6.8742542799999455,0],[112.43930232700006,-6.8742136349999328,0],[112.43922175700004,-6.8741733779999663,0],[112.43912895800008,-6.874122219999947,0],[112.43907542000011,-6.874081768999929,0],[112.43906571900004,-6.8740672179999365,0],[112.43906508200007,-6.8740558519999695,0],[112.43906947100004,-6.8740508359999808,0],[112.4390861280001,-6.8740282309999543,0],[112.4390932660001,-6.8740103849999628,0],[112.43910159400002,-6.873986590999948,0],[112.43910516300002,-6.8739687449999565,0],[112.43910397400009,-6.8739485189999527,0],[112.4391004040001,-6.873924724999938,0],[112.43909088700002,-6.8739092579999692,0],[112.43907792100003,-6.8739013119999299,0],[112.43905823800003,-6.8738892499999338,0],[112.43904091800005,-6.8738735659999293,0],[112.43903734900005,-6.8738569099999722,0],[112.43905252800005,-6.8738188179999611,0],[112.43905970800006,-6.8738008659999537,0],[112.43906516400011,-6.8737872259999335,0],[112.43906288500011,-6.8737736269999345,0],[112.43905510600007,-6.8737622579999424,0],[112.43905281700006,-6.8737589129999606,0],[112.43905162600004,-6.8737415059999307,0],[112.43905757400012,-6.8737272289999396,0],[112.43905863800001,-6.8737261649999368,0],[112.43906947100004,-6.8737153319999607,0],[112.4390861280001,-6.8736998659999813,0],[112.43909921500006,-6.8736820199999329,0],[112.43910397400009,-6.8736546559999283,0],[112.43910635300006,-6.8736368099999368,0],[112.43910159400002,-6.8736189639999452,0],[112.43908731700003,-6.8735987389999309,0],[112.43907304100003,-6.8735880309999402,0],[112.43905995400007,-6.8735749439999267,0],[112.43904805600005,-6.8735523389999571,0],[112.43903496900009,-6.8735297339999306,0],[112.43901474400002,-6.8735154569999395,0],[112.43899927700011,-6.8735035599999605,0],[112.43898619000004,-6.8734869039999467,0],[112.43896524900003,-6.8734620409999252,0],[112.4389625550001,-6.8734404849999464,0],[112.43896477500004,-6.8734000539999442,0],[112.43897191400004,-6.8733774489999746,0],[112.43898143100012,-6.8733536539999704,0],[112.43898636900008,-6.8733380189999593,0],[112.43898857000011,-6.873331048999944,0],[112.43899094900007,-6.8733060649999516,0],[112.43899808800006,-6.8732739419999689,0],[112.43900522600006,-6.8732465779999643,0],[112.43900780500007,-6.8732250849999446,0],[112.43900879500006,-6.873216834999937,0],[112.43900165700006,-6.8731942299999673,0],[112.43898381100007,-6.8731751949999307,0],[112.43896596500008,-6.8731656769999745,0],[112.43894217000002,-6.8731621069999278,0],[112.43891837600006,-6.8731668659999627,0],[112.43889277800008,-6.8731789419999814,0],[112.43886626300002,-6.8731746029999385,0],[112.4388411110001,-6.8731716329999699,0],[112.43884104300002,-6.8731716249999408,0],[112.43882319700003,-6.87316448699994,0],[112.43882293500008,-6.8731642999999281,0],[112.43880654100008,-6.873152589999961,0],[112.43877917700001,-6.8731454509999708,0],[112.43875538300006,-6.8731478309999261,0],[112.43874827500008,-6.8731524509999531,0],[112.43873158800011,-6.8731632969999623,0],[112.43871493200004,-6.8731894709999324,0],[112.43868399900009,-6.8732418189999294,0],[112.4386697220001,-6.8732703729999685,0],[112.4386529520001,-6.8732839489999265,0],[112.43863757800011,-6.8732851229999596,0],[112.43862451200005,-6.8732751319999466,0],[112.43862332300012,-6.8732513369999424,0],[112.43863284000008,-6.8732311119999281,0],[112.43865566000011,-6.8731851849999543,0],[112.43865879500004,-6.8731757209999387,0],[112.43866496300006,-6.8731537789999493,0],[112.43866415600007,-6.873145299999976,0],[112.4386625840001,-6.8731287949999569,0],[112.43865306600003,-6.8731085699999426,0],[112.43863403000012,-6.8730990519999295,0],[112.43861023600005,-6.8730942929999514,0],[112.43858406100003,-6.8730847749999384,0],[112.43857335400003,-6.873071687999925,0],[112.43857335400003,-6.8730621699999688,0],[112.43857573300011,-6.8730550319999679,0],[112.4385900100001,-6.8730252879999512,0],[112.43860547700001,-6.8729895969999575,0],[112.43860625600007,-6.8729882489999454,0],[112.43863641000007,-6.872936058999926,0],[112.43865903800008,-6.8728959739999596,0],[112.43867805000002,-6.8728622949999476,0],[112.43869589600001,-6.8728230339999641,0],[112.43870541400008,-6.8728028089999498,0],[112.43871850100004,-6.872782582999946,0],[112.43873039800008,-6.8727433219999625,0],[112.43873396700008,-6.8727064409999343,0],[112.43872682900007,-6.872689783999931,0],[112.43872563900004,-6.8726755079999293,0],[112.43872787700002,-6.8726546999999414,0],[112.43872792200011,-6.8726542859999427,0],[112.43873753700007,-6.8726493339999593,0],[112.43885651000005,-6.8727100099999348,0],[112.43886483800009,-6.8727076299999794,0],[112.43887197600009,-6.872704060999979,0],[112.43888744300011,-6.8726838359999647,0],[112.43890254300004,-6.8726621279999449,0],[112.43890647800004,-6.8726564719999601,0],[112.43892789400002,-6.8726255389999551,0],[112.43894811900009,-6.8726005549999627,0],[112.43897429300011,-6.87256843199998,0],[112.43898857000011,-6.8725553449999666,0],[112.43900165700006,-6.872537498999975,0],[112.43899927700011,-6.8725196529999266,0],[112.43899451800007,-6.8725006169999574,0],[112.43899451800007,-6.8724928319999776,0],[112.43899451800007,-6.8724827709999659,0],[112.43906842500007,-6.8723495149999394,0],[112.43908703600005,-6.8723227899999415,0],[112.43910936400005,-6.8722907299999747,0],[112.43913561700003,-6.8722673389999613,0],[112.43914085500001,-6.8722626709999304,0],[112.43917892700006,-6.8722222199999692,0],[112.43919082400009,-6.8722079439999675,0],[112.43919915200001,-6.8721912869999642,0],[112.43921342900001,-6.8721686829999271,0],[112.43927886400002,-6.8720794529999694,0],[112.43939307800008,-6.8719140799999536,0],[112.43952513800002,-6.871710635999932,0],[112.43960485000002,-6.8715857149999806,0],[112.43962983500001,-6.8715524019999634,0],[112.43964054200001,-6.8715428839999504,0],[112.43964649100008,-6.8715333659999374,0],[112.43965125000011,-6.871517899999958,0],[112.43976189500006,-6.871351337999954,0],[112.43994868200002,-6.8710610429999406,0],[112.43996295900001,-6.8710408179999263,0],[112.43995701000006,-6.8710312999999701,0],[112.4399204770001,-6.8710141069999509,0],[112.43991656000003,-6.871012263999944,0],[112.43990942100004,-6.871012263999944,0],[112.43989990300008,-6.8710229719999347,0],[112.43988681600001,-6.8710443869999267,0],[112.43986778100009,-6.8710800789999666,0],[112.43983922700011,-6.8711205299999278,0],[112.43978568900002,-6.8711942929999736,0],[112.43968932100006,-6.8713287329999275,0],[112.43927172600002,-6.8719723769999632,0],[112.4392598280001,-6.8719759459999636,0],[112.43924793100007,-6.8719783259999758,0],[112.43924227000002,-6.871977516999948,0],[112.43923127500011,-6.8719759459999636,0],[112.43919201400001,-6.8719533409999372,0],[112.43914085500001,-6.8719259779999788,0],[112.43913252700008,-6.8719176489999541,0],[112.43912538900008,-6.8718986139999743,0],[112.43912657900012,-6.8718736289999356,0],[112.43913133700005,-6.871860541999979,0],[112.43913490700004,-6.8718403169999647,0],[112.43914204500004,-6.8718200909999609,0],[112.43915394200008,-6.8717903479999336,0],[112.43916465000007,-6.871767742999964,0],[112.43916702900003,-6.8717391899999711,0],[112.43916227000011,-6.8717213439999796,0],[112.43915394200008,-6.8717082569999661,0],[112.439133717,-6.8716975489999754,0],[112.43910635300006,-6.8716951699999527,0],[112.43907780000006,-6.8717011179999758,0],[112.43906788900006,-6.87170468599993,0],[112.43904805600005,-6.8717118259999665,0],[112.43902761000004,-6.8717029359999628,0],[112.43902069300009,-6.8716999289999308,0],[112.43901886500009,-6.871702556999935,0],[112.43900165700006,-6.8717272929999353,0],[112.43899332900003,-6.87172491299998,0],[112.43898857000011,-6.8717165849999446,0],[112.43898413000011,-6.8717010479999772,0],[112.43898143100012,-6.8716916009999522,0],[112.43901236400006,-6.8716559089999691,0],[112.43900879500006,-6.8716452009999784,0],[112.43902307200005,-6.8716237859999296,0],[112.43902860100002,-6.8715999919999717,0],[112.43903468800011,-6.8715838459999645,0],[112.43903972800001,-6.8715619199999765,0],[112.43903853800009,-6.8715440739999281,0],[112.43904448700005,-6.8715202789999807,0],[112.43904686700012,-6.8714988639999319,0],[112.43904210800008,-6.8714857769999753,0],[112.43903972800001,-6.8714607929999261,0],[112.43904448700005,-6.8714369979999788,0],[112.43904359500004,-6.8713966119999554,0],[112.43903853900008,-6.8713898509999467,0],[112.43902664100005,-6.8713739429999805,0],[112.43899570800011,-6.8713679939999679,0],[112.43895882700008,-6.8713596659999325,0],[112.43894930900001,-6.8713382509999406,0],[112.43896596500008,-6.8713227839999718,0],[112.43897090200005,-6.8713172659999486,0],[112.43898619000004,-6.8713001789999453,0],[112.43900046700003,-6.8712716259999524,0],[112.43899927700011,-6.8712502109999605,0],[112.4389948490001,-6.8712149739999404,0],[112.43899169800011,-6.8712075679999316,0],[112.43897295600004,-6.8711974309999277,0],[112.43896715500011,-6.8711942929999736,0],[112.43895525700009,-6.8711764469999252,0],[112.43895169900009,-6.8711688229999481,0],[112.43894692900005,-6.8711586009999337,0],[112.43893265200006,-6.8711300479999409,0],[112.43891956500011,-6.8711110119999717,0],[112.43889458100011,-6.8710991149999359,0],[112.43887838300009,-6.871096414999954,0],[112.43885888900002,-6.8710931659999801,0],[112.43884223300006,-6.8710931659999801,0],[112.43884188900006,-6.8710928849999391,0],[112.4388291460001,-6.8710824589999788,0],[112.4388220080001,-6.8710717509999313,0],[112.43880830100011,-6.8710454569999797,0],[112.43877782100003,-6.8710239919999481,0],[112.43876104200001,-6.8710121759999652,0],[112.43872808700007,-6.8709994249999795,0],[112.43870788600009,-6.870997966999937,0],[112.43869830400001,-6.8709965979999765,0],[112.43868624400011,-6.8709876649999728,0],[112.43868202600004,-6.8709686829999441,0],[112.4386737640001,-6.8709486079999351,0],[112.43866056600007,-6.8709325429999808,0],[112.4386306020001,-6.8709038769999324,0],[112.43862451200005,-6.870898049999937,0],[112.43860309700005,-6.8708790149999572,0],[112.43857347400001,-6.8708679849999612,0],[112.43854123100004,-6.870867116999932,0],[112.43853190600009,-6.8708684559999256,0],[112.43852434000007,-6.8708726539999248,0],[112.43851128600011,-6.8708798959999626,0],[112.43849596900009,-6.8708978059999595,0],[112.43849007300003,-6.8709123269999282,0],[112.43847579600003,-6.8709230349999757,0],[112.43845319100001,-6.8709361219999323,0],[112.43842908500005,-6.8709399789999566,0],[112.43842344800009,-6.8709408809999672,0],[112.4384091710001,-6.8709456399999453,0],[112.43839771400008,-6.8709675409999704,0],[112.43839665300004,-6.8709736959999645,0],[112.43837952100012,-6.8710179539999672,0],[112.43836155700001,-6.8710465329999693,0],[112.43835904000002,-6.8710487679999801,0],[112.43835325400005,-6.8710539049999397,0],[112.4383506480001,-6.871052094999925,0],[112.43831042300008,-6.8710241619999692,0],[112.43832470000007,-6.8710051259999432,0],[112.43833421800002,-6.8709932289999642,0],[112.43834968500005,-6.8709849009999289,0],[112.43836515100008,-6.8709646749999251,0],[112.43837942800008,-6.8709385009999551,0],[112.43838894600003,-6.8709063779999724,0],[112.43839727400007,-6.8708873429999358,0],[112.43841512000006,-6.8708706869999787,0],[112.43842820700002,-6.8708540299999754,0],[112.43843177600002,-6.8708373739999615,0],[112.43843177600002,-6.8708135789999574,0],[112.43842344800009,-6.8707969229999435,0],[112.43840703800004,-6.8707878509999318,0],[112.43840545300009,-6.8707877069999768,0],[112.43837585900008,-6.8707850259999645,0],[112.43834492600001,-6.8707743179999738,0],[112.43830973900003,-6.8707650039999635,0],[112.43830447500011,-6.8707636109999726,0],[112.43827473200008,-6.8707540929999595,0],[112.43826515100011,-6.8707515139999487,0],[112.43824379900002,-6.870745764999981,0],[112.43820929600008,-6.8707481439999469,0],[112.43818312200005,-6.8707659899999385,0],[112.43817122500002,-6.8707802669999296,0],[112.43814862000011,-6.8707933539999431,0],[112.43813196400004,-6.8707933539999431,0],[112.43810935900001,-6.8707802669999296,0],[112.43809046400008,-6.8707685699999388,0],[112.43808437500002,-6.8707648009999502,0],[112.43805701100007,-6.8707612309999604,0],[112.43802911400007,-6.8707653659999437,0],[112.43800585200006,-6.8707743179999738,0],[112.43799414700004,-6.8707854379999276,0],[112.4379820580001,-6.8707969229999435,0],[112.43793684800005,-6.8707695589999389,0],[112.43794398600005,-6.8707517129999474,0],[112.43795084300007,-6.8707471899999746,0],[112.43795621400011,-6.8707436469999266,0],[112.43797610900003,-6.8707302979999554,0],[112.4379856270001,-6.8707124519999638,0],[112.43798764000007,-6.8707103769999662,0],[112.43802567500006,-6.8706711589999259,0],[112.43805981800006,-6.8706374159999655,0],[112.43807366700003,-6.870612514999948,0],[112.43807723600003,-6.8705851509999434,0],[112.43807706000007,-6.8705811089999429,0],[112.4380760470001,-6.8705577869999388,0],[112.43805672000008,-6.8705405589999486,0],[112.43804182100007,-6.870535408999956,0],[112.43803083700004,-6.8705316129999687,0],[112.43800704200009,-6.8705244749999679,0],[112.43798324800002,-6.8705113879999544,0],[112.43796778100011,-6.8704923519999284,0],[112.43795826300004,-6.8704614189999802,0],[112.43795522500011,-6.8704214809999371,0],[112.43795188400009,-6.8704071159999671,0],[112.43795264000005,-6.8704015209999625,0],[112.43795381300004,-6.8703928419999443,0],[112.43794953300005,-6.8703610059999392,0],[112.43793408600004,-6.870342662999974,0],[112.43791669700011,-6.8703339689999439,0],[112.43788945900008,-6.8703054239999801,0],[112.43786691800005,-6.8702898329999584,0],[112.43783843100005,-6.8702869839999607,0],[112.43781137400003,-6.870277099999953,0],[112.43779274600001,-6.8702584299999785,0],[112.43776276400001,-6.8702098889999661,0],[112.4377242170001,-6.8701613479999537,0],[112.4377028020001,-6.8701599209999813,0],[112.4376859140001,-6.8701556989999517,0],[112.43767424900011,-6.8701527819999342,0],[112.43765997200001,-6.8701327949999609,0],[112.43766201500011,-6.8701269209999509,0],[112.43767139300007,-6.8700999579999689,0],[112.43763555100008,-6.8700716179999404,0],[112.43751791800003,-6.869978605999961,0],[112.43749782200007,-6.8699635339999645,0],[112.43740370400008,-6.8698929449999468,0],[112.43740311600004,-6.8698924909999732,0],[112.43732305300011,-6.8698306239999738,0],[112.43724665900004,-6.869771592999939,0],[112.43722167500005,-6.8698144229999798,0],[112.43717527600006,-6.8698037149999323,0],[112.43716128200003,-6.8698264559999416,0],[112.43714672200008,-6.8698501149999629,0],[112.4371038920001,-6.8698251299999811,0],[112.43711168100003,-6.8698082539999632,0],[112.43712530700009,-6.8697787309999399,0],[112.43709643500006,-6.8697113629999649,0],[112.4370931840001,-6.8697037779999732,0],[112.43702247200008,-6.8696153879999429,0],[112.43702180000002,-6.8696145479999586,0],[112.43696826200005,-6.8695967019999671,0],[112.43693970900006,-6.8695895639999662,0],[112.43691584300007,-6.8696262809999666,0],[112.43689330900008,-6.8696609479999324,0],[112.43686175400001,-6.8696417889999566,0],[112.43679337200001,-6.8696002709999675,0],[112.43669357200008,-6.8695661289999634,0],[112.43652211400001,-6.8695074719999525,0],[112.43650343100001,-6.8694862119999698,0],[112.43643488900011,-6.8694082169999433,0],[112.43641860700006,-6.8693896889999451,0],[112.4362343040001,-6.8692891599999371,0],[112.43618304000006,-6.8692611979999469,0],[112.43594747400005,-6.869125568999948,0],[112.43581183100002,-6.8690505799999642,0],[112.43565377500011,-6.8689631989999498,0],[112.43550846300002,-6.8688828639999429,0],[112.43528717300001,-6.8687793569999371,0],[112.43514440600006,-6.8687222499999621,0],[112.43509443700009,-6.868743664999954,0],[112.43499450000002,-6.8687365269999532,0],[112.43490170100006,-6.8687079739999604,0],[112.43482674800009,-6.8687079739999604,0],[112.43468398000005,-6.8687151119999612,0],[112.43448053600002,-6.8686615739999297,0],[112.43442930800006,-6.8686469379999266,0],[112.43430502700005,-6.8685726579999482,0],[112.43420280900011,-6.8685069459999681,0],[112.43407868700001,-6.8684302829999524,0],[112.43397281800003,-6.8683645709999723,0],[112.43384139500006,-6.8682879079999566,0],[112.43371362300002,-6.8682002919999263,0],[112.43364791100009,-6.8681418819999749,0],[112.43357802200001,-6.8680467829999543,0],[112.43357439100009,-6.8680418419999683,0],[112.43362036100007,-6.8679120439999792,0],[112.43366319100005,-6.8677728449999336,0],[112.43366556600006,-6.8677206029999525,0],[112.43366676000005,-6.8676943229999665,0],[112.43362036100007,-6.8676693389999741,0],[112.43353826900011,-6.8676514929999257,0],[112.43343833200004,-6.8676229389999435,0],[112.43333482600008,-6.8675801089999595,0],[112.43327058000011,-6.867540847999976,0],[112.43318135000004,-6.8674409109999601,0],[112.43310639700007,-6.8674444799999605,0],[112.43301716700012,-6.8674623259999521,0],[112.43295649100003,-6.8674230649999686,0],[112.43289224600005,-6.8673838029999388,0],[112.43282086200009,-6.8673659579999367,0],[112.43275304700001,-6.8673374039999544,0],[112.43273877100012,-6.8672838659999798,0],[112.43267452500004,-6.8672374669999385,0],[112.43253175700011,-6.8671839289999639,0],[112.43249963500011,-6.8671125449999408,0],[112.43245323500003,-6.8670697149999569,0],[112.43241754300004,-6.8670625759999666,0],[112.43234615900008,-6.8670375919999742,0],[112.43230689800009,-6.8670518689999653,0],[112.43218197700003,-6.8670340229999738,0],[112.43216056200004,-6.8670054689999347,0],[112.43205348600009,-6.8670161769999254,0],[112.4320142250001,-6.8670304539999734,0],[112.43188930300005,-6.8669911919999436,0],[112.43185718000007,-6.867012607999925,0],[112.4317750890001,-6.8669947619999334,0],[112.43171798200001,-6.8670018999999343,0],[112.43162161400005,-6.8670018999999343,0],[112.43159662900007,-6.8670625759999666,0],[112.43156807600008,-6.8671482369999808,0],[112.43153595300009,-6.8672446049999394,0],[112.431478846,-6.8673516809999455,0],[112.43138961600005,-6.8673266959999637,0],[112.43137535000005,-6.8673255069999755,0],[112.43132576000005,-6.8673213749999604,0],[112.43130395600008,-6.8673195579999629,0],[112.4312718330001,-6.8673409729999548,0],[112.43123971000011,-6.8674516179999614,0],[112.43119331100002,-6.8675943859999506,0],[112.43112906500005,-6.867619369999943,0],[112.43097085200009,-6.8676160739999546,0],[112.43095774400001,-6.8676158009999426,0],[112.4309312690001,-6.8676035439999623,0],[112.43077294500006,-6.8675302449999549,0],[112.43076500800009,-6.867526570999928,0],[112.43075218000001,-6.8675131469999542,0],[112.43066011200006,-6.8674167969999758,0],[112.43061153200006,-6.8673659579999367,0],[112.43057584000007,-6.8671518059999812,0],[112.43057941000006,-6.8668841169999268,0],[112.43059725600006,-6.8666521189999798,0],[112.43060507600001,-6.8665540619999774,0],[112.43064365500004,-6.8660703409999542,0],[112.4306303620001,-6.8659418449999521,0],[112.43062484600011,-6.8658885209999312,0],[112.43062224000005,-6.8658633279999322,0],[112.43061867100005,-6.8657598209999264,0],[112.43060882800012,-6.865739150999957,0],[112.43058297900006,-6.8656848679999598,0],[112.43057974900012,-6.8656235009999591,0],[112.43057941000006,-6.8656170539999266,0],[112.43055442500008,-6.8655528079999613,0],[112.4305115950001,-6.8655528079999613,0],[112.43047947200012,-6.8655777929999431,0],[112.43046541500007,-6.8656312089999574,0],[112.43046162600001,-6.8656456069999763,0],[112.43045757800007,-6.8656577519999473,0],[112.43044021100002,-6.8657098529999416,0],[112.43034741200006,-6.8658347739999499,0],[112.4302581820001,-6.865891880999925,0],[112.43014753700004,-6.8659275729999649,0],[112.43007258400007,-6.8659204349999641,0],[112.43004046200008,-6.8659454189999565,0],[112.42995837000001,-6.8659025889999725,0],[112.42990840200002,-6.865941849999956,0],[112.42984772500006,-6.8659132969999632,0],[112.42978704900008,-6.8659132969999632,0],[112.42975849600009,-6.8659454189999565,0],[112.4297442190001,-6.8659953879999307,0],[112.42971209600012,-6.8660203719999799,0],[112.42967640400002,-6.8660168029999795,0],[112.42960502000005,-6.8660132339999791,0],[112.42955862100007,-6.8660310799999706,0],[112.4295086520001,-6.8660060959999782,0],[112.42936588500004,-6.8659561269999472,0],[112.42925880900009,-6.8659454189999565,0],[112.42920170200011,-6.86598467999994,0],[112.42919841100002,-6.8659887929999286,0],[112.42917314800002,-6.8660203719999799,0],[112.42915530200003,-6.8659918189999303,0],[112.42911426900002,-6.8659363029999554,0],[112.42909462600005,-6.8659097269999734,0],[112.42903038100008,-6.8658454819999406,0],[112.42899370700002,-6.8658164479999755,0],[112.42894472000012,-6.8657776669999748,0],[112.42900829100006,-6.865579888999946,0],[112.42900896500009,-6.8655777929999431,0],[112.42905536500007,-6.8653850559999796,0],[112.42896613500011,-6.8653493639999397,0],[112.42889475100003,-6.8653814869999792,0],[112.42885549000005,-6.8654778549999378,0],[112.42883050600005,-6.8655492389999608,0],[112.42873056800011,-6.8656063459999359,0],[112.42868934600006,-6.8657452809999313,0],[112.42869539100002,-6.8658423929999799,0],[112.42869763800002,-6.8658784829999604,0],[112.42872684300005,-6.8659807009999554,0],[112.42876335000005,-6.8661121239999261,0],[112.42877430200008,-6.8661851369999454,0],[112.4287852540001,-6.8662764029999721,0],[112.42878498300001,-6.8662768219999748,0],[112.42874509700005,-6.8663384639999663,0],[112.42868303600005,-6.8663567169999737,0],[112.42851145600002,-6.8663202109999588,0],[112.42838003200006,-6.8663092589999337,0],[112.42825226000002,-6.8662837039999545,0],[112.4281160920001,-6.8662188209999613,0],[112.42811266900003,-6.866189153999926,0],[112.42810596000004,-6.8661310169999297,0],[112.42820589700011,-6.8656063459999359,0],[112.42821978800009,-6.8655415229999335,0],[112.4282273120001,-6.8655064089999769,0],[112.42816306700001,-6.8654921319999289,0],[112.42808811400005,-6.8656063459999359,0],[112.42802386900007,-6.8657169909999425,0],[112.42798817700009,-6.8657312679999336,0],[112.42789894700002,-6.8657812369999647,0],[112.42779544000007,-6.865791943999966,0],[112.42773119500009,-6.8657491139999252,0],[112.42768836500011,-6.865677729999959,0],[112.42769193400011,-6.8656063459999359,0],[112.42768197900011,-6.8653621159999716,0],[112.42767726300008,-6.8652464279999776,0],[112.42767065400005,-6.865084296999953,0],[112.42766619300005,-6.86497486199994,0],[112.42765424300001,-6.8646816869999725,0],[112.42764821000003,-6.864533678999976,0],[112.42764578400011,-6.8644741529999465,0],[112.42763880700011,-6.8643029589999287,0],[112.42763839600002,-6.8642928839999513,0],[112.4274563670001,-6.8642893139999615,0],[112.42744209000011,-6.8649567529999445,0],[112.4274670750001,-6.8651887509999483,0],[112.4274757820001,-6.8653362269999434,0],[112.42752418200007,-6.8661560019999683,0],[112.42748316400002,-6.8661724079999544,0],[112.4274706440001,-6.8661774169999603,0],[112.42746350500011,-6.8659668339999484,0],[112.42743495200011,-6.8654778549999378,0],[112.42738855200002,-6.8654314559999534,0],[112.42736176300002,-6.8654348049999498,0],[112.42735999900003,-6.8654350249999538,0],[112.42735999900003,-6.8654707169999369,0],[112.42733858400004,-6.8656598839999674,0],[112.42732787600005,-6.8657883749999655,0],[112.42730289200006,-6.8658811739999805,0],[112.42723864600009,-6.8659132969999632,0],[112.42686745000003,-6.8658954509999717,0],[112.42652480800007,-6.8658454819999406,0],[112.42616788900011,-6.8657848059999651,0],[112.42611092800007,-6.8657717049999292,0],[112.42590854700006,-6.8657945179999729,0],[112.42574061700009,-6.8658054699999411,0],[112.42558729000007,-6.8657762649999654,0],[112.42558137200001,-6.8657752079999455,0],[112.42548507200001,-6.8657580119999579,0],[112.4253938060001,-6.8657324569999787,0],[112.42536898000003,-6.8657272849999345,0],[112.42530619000001,-6.8657142039999712,0],[112.42524413000001,-6.8656849989999387,0],[112.42518937000011,-6.8656192869999586,0],[112.42517894600007,-6.8655909939999447,0],[112.42516381500002,-6.8655499249999252,0],[112.42517841800009,-6.8654769119999628,0],[112.42525508100005,-6.8653892969999788,0],[112.42537555300009,-6.8652980299999626,0],[112.42549602400004,-6.8652140659999645,0],[112.42562379600008,-6.8651081969999268,0],[112.42574791800007,-6.8650096299999745,0],[112.42584648600007,-6.8649439179999376,0],[112.42593410100005,-6.8648891579999258,0],[112.42611465800007,-6.8647858089999545,0],[112.42615718100001,-6.864739032999978,0],[112.42626068800007,-6.8646176799999807,0],[112.42632493300005,-6.8644891889999258,0],[112.42635211100003,-6.8643940679999673,0],[112.42636776400002,-6.8643392829999357,0],[112.42626068800007,-6.8642500529999779,0],[112.42610721300002,-6.8641858079999452,0],[112.42603226000006,-6.8642964529999517,0],[112.42603727900007,-6.8643021889999432,0],[112.42605724400005,-6.8643250059999446,0],[112.42608936700003,-6.8643606979999277,0],[112.42612148900002,-6.8644249439999498,0],[112.42612140500012,-6.8644262919999619,0],[112.42611792000002,-6.8644820509999249,0],[112.42606081300005,-6.8646034029999328,0],[112.4259358920001,-6.864739032999978,0],[112.42570032500009,-6.8649103539999601,0],[112.42550045000007,-6.8650245679999671,0],[112.42531128300004,-6.8651709049999567,0],[112.42511854700001,-6.8653101029999561,0],[112.42506500900004,-6.8654100409999614,0],[112.42506500900004,-6.8654541499999482,0],[112.42506500900004,-6.8654671479999365,0],[112.42505110800005,-6.8654815279999752,0],[112.42496150200009,-6.8655742229999532,0],[112.42479494000008,-6.8657324579999681,0],[112.42476233700006,-6.8657721479999623,0],[112.42473271800009,-6.8657738729999664,0],[112.4247041640001,-6.8657938599999397,0],[112.4246970260001,-6.8658081369999309,0],[112.42468417600003,-6.8658266969999318,0],[112.4246670440001,-6.8658266969999318,0],[112.42465419600001,-6.8658409739999797,0],[112.42463991900001,-6.8658552509999708,0],[112.42463420800004,-6.8658666719999815,0],[112.42462564200002,-6.8658795209999539,0],[112.4246156480001,-6.8658895149999353,0],[112.42461479700012,-6.8658980289999363,0],[112.42461422100007,-6.8659037919999264,0],[112.42460993700001,-6.8659194959999468,0],[112.42460422600004,-6.8659337729999379,0],[112.42459566000002,-6.8659423389999574,0],[112.42458995000004,-6.8659551879999299,0],[112.42458281100005,-6.8659651809999787,0],[112.42456282300009,-6.8659785069999657,0],[112.42456139600006,-6.8659794579999698,0],[112.42455425800006,-6.8659880249999787,0],[112.42455475400004,-6.8659910009999408,0],[112.42455509400008,-6.8659930449999251,0],[112.42455568500009,-6.8659965909999414,0],[112.42455782700006,-6.8660023009999804,0],[112.42455854000002,-6.866008011999952,0],[112.42455283000004,-6.8660144359999435,0],[112.4245464060001,-6.8660194329999626,0],[112.42453498400005,-6.8660244299999249,0],[112.42452570400008,-6.8660279989999253,0],[112.4245199930001,-6.8660315679999258,0],[112.42451785200001,-6.8660372789999542,0],[112.42451785200001,-6.8660451319999538,0],[112.4245199930001,-6.8660522689999652,0],[112.42452599500007,-6.8660626619999334,0],[112.42433391900011,-6.8663005539999631,0],[112.42423279200011,-6.8664909109999712,0],[112.4240929990001,-6.8665712179999332,0],[112.42395618,-6.8665087569999628,0],[112.42388479600004,-6.8664581929999713,0],[112.42387771300002,-6.8664659849999339,0],[112.42385505300001,-6.8664909109999712,0],[112.42379020500005,-6.8664990169999669,0],[112.42378366900004,-6.866499833999967,0],[112.42369057000008,-6.8664561939999658,0],[112.42368849100001,-6.8664552189999313,0],[112.42369416600002,-6.8664022529999329,0],[112.42369741400012,-6.8663719379999293,0],[112.42371247500012,-6.8662890999999604,0],[112.42372120800007,-6.8662410669999758,0],[112.42376284900001,-6.8661696839999422,0],[112.42377730300007,-6.8661516159999678,0],[112.42389371900003,-6.8660060959999782,0],[112.42402756400008,-6.8658841479999637,0],[112.4240007950001,-6.8658187129999533,0],[112.4239956020001,-6.8657954419999783,0],[112.42399440000008,-6.8657900539999446,0],[112.42399630400007,-6.8657824389999291,0],[112.42400201400005,-6.8657748249999599,0],[112.42401267500009,-6.8657677179999723,0],[112.42401343600011,-6.8657672109999339,0],[112.42403818200012,-6.8657557889999339,0],[112.42404770100006,-6.8657348499999671,0],[112.42404960400006,-6.8657196219999719,0],[112.42405398300002,-6.8657035639999435,0],[112.42405531400004,-6.8656986819999588,0],[112.42406102500001,-6.8656796459999327,0],[112.42407816600007,-6.8656693619999487,0],[112.42408006100004,-6.865668224999979,0],[112.42409719300008,-6.8656644169999481,0],[112.42410861400003,-6.8656587069999659,0],[112.4241181320001,-6.8656358639999553,0],[112.42412003600009,-6.8656168279999292,0],[112.42413526500002,-6.86560921399996,0],[112.42414859000007,-6.865601599999934,0],[112.42415430000005,-6.8655920819999778,0],[112.42415430000005,-6.8655787569999802,0],[112.42415810700004,-6.8655616249999412,0],[112.4241676260001,-6.865546396999946,0],[112.42419046800001,-6.8655273609999767,0],[112.42421140800002,-6.8655178429999637,0],[112.42422473300007,-6.8654969029999506,0],[112.42422473300007,-6.8654740609999294,0],[112.42423303900011,-6.8654550729999642,0],[112.42423805700003,-6.8654436029999601,0],[112.42433704300004,-6.865316064999945,0],[112.42435227200008,-6.8652932219999343,0],[112.42435607800007,-6.8652798969999367,0],[112.42437130700011,-6.8652684749999366,0],[112.42438463200006,-6.865262763999965,0],[112.42439605300001,-6.8652399219999438,0],[112.42443031700009,-6.8651961399999664,0],[112.42445506400009,-6.8651656829999297,0],[112.42447029200002,-6.8651428399999759,0],[112.42448742500005,-6.8651276109999344,0],[112.4245045560001,-6.8651142859999368,0],[112.42454453200003,-6.8650781179999285,0],[112.42456356700006,-6.8650495649999357,0],[112.42458450700008,-6.8650305299999559,0],[112.42462257800003,-6.8650076859999558,0],[112.42462393200003,-6.8650066709999464,0],[112.42464542100004,-6.864990554999963,0],[112.42466064900009,-6.86496961499995,0],[112.42467242200007,-6.8649561589999735,0],[112.42467326400003,-6.864955196999972,0],[112.42467397400003,-6.8649543859999653,0],[112.42467407200002,-6.8649542439999323,0],[112.42469110600007,-6.8649296399999571,0],[112.42470633500011,-6.8649048939999489,0],[112.42472917800001,-6.864874436999969,0],[112.42474440700005,-6.864853496999956,0],[112.42476153900009,-6.8648230399999761,0],[112.42480912800011,-6.8647602219999726,0],[112.42487765600004,-6.8646745619999479,0],[112.42493286000001,-6.8646003219999443,0],[112.42495423000003,-6.8645746779999399,0],[112.42497093100008,-6.8645546369999693,0],[112.4249960620001,-6.8645189859999505,0],[112.42505278500005,-6.8644385189999753,0],[112.42509847100007,-6.8643604729999765,0],[112.42511369800002,-6.8643033659999446,0],[112.42513654200002,-6.864280522999934,0],[112.42515557800004,-6.8642595839999672,0],[112.42519174500001,-6.8642177049999304,0],[112.42530596000006,-6.8640939739999567,0],[112.42537639200009,-6.8640273489999686,0],[112.42540875200007,-6.8639987949999295,0],[112.42543730600005,-6.8639816629999473,0],[112.42546585900004,-6.8639721449999342,0],[112.42549250900004,-6.8639721449999342,0],[112.42552296700001,-6.8639816629999473,0],[112.42554771300001,-6.8639930849999473,0],[112.42555102100005,-6.8639945319999356,0],[112.4255598530001,-6.8639983959999427,0],[112.42557817000011,-6.8640064099999449,0],[112.42558915300003,-6.8640128699999536,0],[112.42561053000009,-6.8640254449999247,0],[112.42562440300003,-6.8640261059999261,0],[112.42563994200009,-6.8640268459999447,0],[112.42565050600001,-6.8640273489999686,0],[112.42568857600008,-6.8640159269999685,0],[112.42570380500001,-6.8640045059999579,0],[112.42572284100004,-6.8639778559999627,0],[112.42571903300006,-6.863956916999939,0],[112.4257095160001,-6.8639264589999698,0],[112.42569238400006,-6.8639055199999461,0],[112.42567144400005,-6.8638921949999485,0],[112.42564289100005,-6.8638731589999793,0],[112.42558388000009,-6.863836990999971,0],[112.42554771200003,-6.8638141489999498,0],[112.42551725600003,-6.8638027269999498,0],[112.42548870200005,-6.8638065339999343,0],[112.42546205200006,-6.863819858999932,0],[112.4254277870001,-6.8638465089999272,0],[112.42537068100012,-6.8638921949999485,0],[112.4253002480001,-6.8639473979999366,0],[112.42522981700006,-6.8640140229999815,0],[112.42518222800004,-6.8640578059999484,0],[112.42513654200002,-6.8641015879999259,0],[112.42511369900001,-6.8641206229999625,0],[112.42508895200001,-6.8641453689999707,0],[112.42506420600012,-6.8641701159999684,0],[112.42504326700009,-6.8642043809999791,0],[112.42502803800005,-6.8642272229999435,0],[112.42498044900003,-6.8642786199999364,0],[112.42491953500007,-6.8643566659999351,0],[112.42485291000003,-6.8644537479999599,0],[112.42481483900008,-6.8644823019999421,0],[112.42477105600005,-6.8645432149999692,0],[112.424753925,-6.8645565409999563,0],[112.424731081,-6.8645812869999645,0],[112.42471394900008,-6.8646079369999597,0],[112.42469301000006,-6.8646288769999728,0],[112.4246815890001,-6.864646008999955,0],[112.42466636000006,-6.8646707549999633,0],[112.42464922800002,-6.8646878859999561,0],[112.42463780600008,-6.8647012119999431,0],[112.42463590300008,-6.8647164399999383,0],[112.42462067500003,-6.864739282999949,0],[112.4246035430001,-6.8647640299999466,0],[112.42458831400006,-6.8647792579999418,0],[112.42455976000008,-6.8647963899999809,0],[112.42454262800004,-6.8648078109999346,0],[112.42453691800006,-6.8648287509999477,0],[112.4245293030001,-6.8648420759999453,0],[112.42451217100006,-6.864853496999956,0],[112.42449313500003,-6.8648668219999536,0],[112.4244779070001,-6.8648953759999358,0],[112.42447029200002,-6.8649125079999749,0],[112.42444745000012,-6.8649353509999287,0],[112.42441889600002,-6.8649658079999654,0],[112.42440557100008,-6.864990554999963,0],[112.42436940300001,-6.8650114929999404,0],[112.42430277800008,-6.8650419509999665,0],[112.42425899700004,-6.865095250999957,0],[112.4241961780001,-6.8651542609999296,0],[112.42415049300007,-6.8651980439999534,0],[112.42412955300006,-6.8652284999999438,0],[112.42410861500002,-6.8652608609999675,0],[112.4240914830001,-6.8652856079999651,0],[112.42407815800004,-6.8653084509999758,0],[112.42405531500003,-6.8653293899999426,0],[112.42403437500002,-6.8653560399999378,0],[112.42402295400007,-6.8653845929999306,0],[112.42400962900001,-6.8654169539999543,0],[112.42399630400007,-6.8654359899999804,0],[112.42397536500005,-6.8654626389999294,0],[112.42396584700009,-6.86548548199994,0],[112.42394681100006,-6.8655140359999791,0],[112.42392587200004,-6.8655273609999767,0],[112.42390874000012,-6.8655502029999411,0],[112.42389351200006,-6.8655692399999566,0],[112.42388399400011,-6.8655920819999778,0],[112.42386305400009,-6.8656282499999293,0],[112.42381546500008,-6.8657101029999694,0],[112.42378881500008,-6.8657519809999599,0],[112.4237564550001,-6.865820509999935,0],[112.42370125100001,-6.8659252069999752,0],[112.4236822150001,-6.865951855999981,0],[112.42364982400011,-6.866015018999974,0],[112.42360221400008,-6.8660009119999472,0],[112.42356951800002,-6.8659912239999699,0],[112.42339105800011,-6.86592281399993,0],[112.42325721300006,-6.8658692769999448,0],[112.42323777800004,-6.8658430389999694,0],[112.42319772700012,-6.8657889699999259,0],[112.42319176000001,-6.8657759039999746,0],[112.4231936650001,-6.8657720959999438,0],[112.42319651900004,-6.8657625779999307,0],[112.42320032700002,-6.8657559159999551,0],[112.42320508600005,-6.8657502049999266,0],[112.42321460300002,-6.8657387839999728,0],[112.42321936200005,-6.8657264099999793,0],[112.42322888000001,-6.86571023099998,0],[112.42322888000001,-6.86569880899998,0],[112.42322888000001,-6.8656864359999759,0],[112.42322602400009,-6.8656712069999344,0],[112.42322697700001,-6.8656597859999806,0],[112.42322983200006,-6.8656455089999326,0],[112.42323363900005,-6.865632183999935,0],[112.42323934900003,-6.8656198109999309,0],[112.4232450610001,-6.8656121969999617,0],[112.42324981900003,-6.8656045819999463,0],[112.42325457900006,-6.8655960159999267,0],[112.42325743400011,-6.8655855469999665,0],[112.42326314400009,-6.8655750769999599,0],[112.42326600000001,-6.8655655589999469,0],[112.42326600000001,-6.8655531859999428,0],[112.42326600000001,-6.8655408129999387,0],[112.42326600000001,-6.8655293909999386,0],[112.42326599900002,-6.8655170179999345,0],[112.42326980700011,-6.865506547999928,0],[112.42327090900005,-6.8654918419999262,0],[112.42327165500001,-6.8654818799999475,0],[112.42327216400008,-6.8654785249999577,0],[112.42327490800005,-6.8654765589999442,0],[112.42328884300002,-6.8654665729999351,0],[112.42329455300001,-6.865454199999931,0],[112.42330026400009,-6.8654446819999748,0],[112.42330787800006,-6.8654332609999642,0],[112.42330787900005,-6.8654208879999601,0],[112.42330883000011,-6.865407561999973,0],[112.4233107340001,-6.8653951899999583,0],[112.42331454100008,-6.8653761539999323,0],[112.42331358900003,-6.8653456969999525,0],[112.42331358900003,-6.8653323709999654,0],[112.42330597400007,-6.8653104809999377,0],[112.42329931300003,-6.8652966799999717,0],[112.42329788500001,-6.865292396999962,0],[112.42328789100009,-6.8652838309999424,0],[112.42327932500007,-6.8652724089999424,0],[112.42326790300001,-6.8652581319999513,0],[112.42324934400006,-6.8652495659999317,0],[112.42323792200011,-6.8652452839999683,0],[112.42322792900006,-6.8652338619999682,0],[112.42320651300008,-6.8652267239999674,0],[112.42319080900006,-6.8652267239999674,0],[112.42317224900012,-6.8652281509999398,0],[112.42315083400001,-6.8652281509999398,0],[112.42312513600007,-6.8652281519999292,0],[112.42310229300006,-6.8652295799999479,0],[112.42308658900004,-6.86523528999993,0],[112.42307373900007,-6.8652410009999585,0],[112.4230537520001,-6.8652381459999674,0],[112.42305517900002,-6.8652267229999779,0],[112.42305517900002,-6.8652124469999762,0],[112.42305232400008,-6.8651995979999469,0],[112.42305518000001,-6.8651838929999371,0],[112.42305660700004,-6.8651639059999638,0],[112.42305089600006,-6.8651467739999248,0],[112.42305089700005,-6.8651296419999426,0],[112.42305232400008,-6.865113937999979,0],[112.4230537520001,-6.8650882399999773,0],[112.42305375100011,-6.8650668239999391,0],[112.42305232400008,-6.8650511189999293,0],[112.42304946900003,-6.865031131999956,0],[112.42305089700005,-6.8650168549999648,0],[112.4230537520001,-6.8649968679999347,0],[112.42305946200008,-6.8649697419999711,0],[112.42305946200008,-6.8649411889999783,0],[112.42305518000001,-6.864916917999949,0],[112.42305232400008,-6.8648940749999383,0],[112.42304518600008,-6.8648755149999374,0],[112.42304518500009,-6.8648512449999544,0],[112.42304661300011,-6.8648369679999632,0],[112.42304090200003,-6.8648069869999517,0],[112.42304090300001,-6.86479271099995,0],[112.42303947500011,-6.8647727229999305,0],[112.42303376400002,-6.8647555909999483,0],[112.42303376500001,-6.8647398859999385,0],[112.42303376500001,-6.8647256099999368,0],[112.42303376400002,-6.8647070489999464,0],[112.42303662000006,-6.8646927719999553,0],[112.42303662000006,-6.8646756409999625,0],[112.42303804700009,-6.8646627909999438,0],[112.42304090300001,-6.8646456589999616,0],[112.42304090300001,-6.8646313829999599,0],[112.42303376500001,-6.8646171059999688,0],[112.4230237700001,-6.8646042569999395,0],[112.42302377100009,-6.8645928349999394,0],[112.42302662600002,-6.8645814139999288,0],[112.42302948100007,-6.8645671369999377,0],[112.42302948200006,-6.8645500049999555,0],[112.42302948200006,-6.8645314449999546,0],[112.42302948200006,-6.8645185959999253,0],[112.42303090900009,-6.8645086029999334,0],[112.42304090300001,-6.8644971809999333,0],[112.42304233000004,-6.8644829039999422,0],[112.42303519200004,-6.8644714829999316,0],[112.42302519900011,-6.8644472119999591,0],[112.42303090900009,-6.8644329359999574,0],[112.42303233600001,-6.8644229409999298,0],[112.42303376400002,-6.8644086649999281,0],[112.42303376500001,-6.8643929609999645,0],[112.42303376400002,-6.864372972999945,0],[112.42303376500001,-6.8643558409999628,0],[112.42303376500001,-6.8643344259999708,0],[112.42302377100009,-6.8643144379999512,0],[112.42302377100009,-6.8643001619999495,0],[112.42302805400004,-6.8642744629999584,0],[112.42302519900011,-6.8642544759999282,0],[112.42302091500005,-6.8642416269999558,0],[112.42301948800002,-6.8642287779999265,0],[112.42302091500005,-6.8642145009999354,0],[112.42302091500005,-6.8641902309999523,0],[112.42302377100009,-6.8641716709999514,0],[112.4230237700001,-6.8641531109999505,0],[112.42302519900011,-6.8641316959999585,0],[112.42302521600004,-6.8641055009999263,0],[112.4230379280001,-6.8640854149999768,0],[112.4230379280001,-6.8640711379999289,0],[112.42302650700003,-6.8640597169999751,0],[112.42301651300011,-6.8640482959999645,0],[112.42300958300007,-6.864040374999945,0],[112.42300652000006,-6.8640368739999644,0],[112.42300509200004,-6.8640297359999636,0],[112.42300509200004,-6.8640168859999449,0],[112.42300366400002,-6.864009747999944,0],[112.42299367100009,-6.8640011819999813,0],[112.42298224900003,-6.8639911889999325,0],[112.42297653800006,-6.8639869059999796,0],[112.42295084000011,-6.8639911889999325,0],[112.42294655800004,-6.8640040379999618,0],[112.42293656300001,-6.8640040379999618,0],[112.42291657600003,-6.8639983269999334,0],[112.42291229300008,-6.8639897609999707,0],[112.42291229300008,-6.8639797669999325,0],[112.42290722000007,-6.8639645499999347,0],[112.42290658200011,-6.8639626349999503,0],[112.42289944400011,-6.8639526419999584,0],[112.42288088400005,-6.863934080999968,0],[112.42285804100004,-6.8639255149999485,0],[112.42284233700002,-6.863928370999929,0],[112.42283662600005,-6.863942647999977,0],[112.42283377100011,-6.8639554969999494,0],[112.42282092200003,-6.86395549599996,0],[112.42280093400007,-6.8639569249999681,0],[112.42279045000009,-6.8639645499999347,0],[112.42278523000004,-6.8639683459999787,0],[112.42278380200003,-6.8639840499999423,0],[112.4227738080001,-6.8639940439999805,0],[112.42276381500005,-6.8639911889999325,0],[112.42274953800006,-6.8639840509999317,0],[112.42274525500011,-6.8639697729999511,0],[112.42274525400001,-6.8639645499999347,0],[112.42274525400001,-6.8639597789999698,0],[112.42273954400002,-6.8639483579999592,0],[112.42272955100009,-6.8639426469999307,0],[112.42271099100003,-6.8639269439999566,0],[112.42269814100007,-6.8639269429999672,0],[112.42268814800002,-6.8639326539999388,0],[112.42267529800006,-6.8639355089999299,0],[112.4226638770001,-6.863942647999977,0],[112.42265245600004,-6.8639483579999592,0],[112.42264103500008,-6.8639526409999689,0],[112.42262818500001,-6.8639512139999397,0],[112.42261533600004,-6.8639512139999397,0],[112.4226053430001,-6.8639540689999308,0],[112.42259392100004,-6.8639597799999592,0],[112.42258107200007,-6.8639597799999592,0],[112.42256251200001,-6.8639440749999494,0],[112.42254538000009,-6.8639412199999583,0],[112.42253966900012,-6.8639483579999592,0],[112.42252967600007,-6.8639512139999397,0],[112.42251825400001,-6.8639440749999494,0],[112.42251397100006,-6.8639369369999486,0],[112.42248541700008,-6.8639397919999396,0],[112.42247970700009,-6.8639297979999583,0],[112.42246257500005,-6.8639297979999583,0],[112.42244401500011,-6.863934080999968,0],[112.42241260600008,-6.8639469309999299,0],[112.42238119700005,-6.8639497859999778,0],[112.42237263100003,-6.8639569249999681,0],[112.42235121600004,-6.8639612079999779,0],[112.42233693900005,-6.8639569249999681,0],[112.42231695100008,-6.8639569239999787,0],[112.42230410200011,-6.8639626349999503,0],[112.42230333600003,-6.8639645499999347,0],[112.42230124700006,-6.8639697729999511,0],[112.42228982600011,-6.8639683459999787,0],[112.42228375200011,-6.8639645499999347,0],[112.42227840400005,-6.8639612079999779,0],[112.42227126600005,-6.8639469299999405,0],[112.42225127900008,-6.8639512139999397,0],[112.42223414600005,-6.8639554969999494,0],[112.42222415300012,-6.8639540689999308,0],[112.42221273200005,-6.8639455029999681,0],[112.42219845500006,-6.8639455029999681,0],[112.42218275000005,-6.8639455029999681,0],[112.42217703900008,-6.8639440749999494,0],[112.42216561800001,-6.8639412199999583,0],[112.4221499140001,-6.8639440749999494,0],[112.42214705900005,-6.86395549599996,0],[112.42213421000008,-6.8639569249999681,0],[112.4221127940001,-6.8639455029999681,0],[112.42209709000008,-6.8639440759999388,0],[112.42207281900005,-6.8639440749999494,0],[112.42205140400006,-6.8639440749999494,0],[112.4220314160001,-6.8639440749999494,0],[112.42201285700003,-6.8639440759999388,0],[112.42199286900006,-6.8639412199999583,0],[112.42196717100001,-6.8639397929999291,0],[112.42194486100004,-6.8639437289999705,0],[112.42194290000009,-6.8639440749999494,0],[112.42193147900002,-6.8639512129999503,0],[112.42190863600001,-6.8639512129999503,0],[112.42189378,-6.8639512139999397,0],[112.42188864900004,-6.8639512139999397,0],[112.42186866100008,-6.8639483579999592,0],[112.42185010100002,-6.8639397919999396,0],[112.42183582500002,-6.8639440749999494,0],[112.42182583100009,-6.8639497859999778,0],[112.42181012700007,-6.8639497859999778,0],[112.42178776000003,-6.8639412199999583,0],[112.42176872400012,-6.8639402679999648,0],[112.42175254300003,-6.8639431239999453,0],[112.42173921800008,-6.8639497859999778,0],[112.42172684600007,-6.8639526409999689,0],[112.42170971300004,-6.8639526409999689,0],[112.4216963880001,-6.8639545449999559,0],[112.4216840150001,-6.8639554969999494,0],[112.42166212400002,-6.8639478829999803,0],[112.42165070300007,-6.8639440749999494,0],[112.42163642600008,-6.8639450269999429,0],[112.4216164390001,-6.8639488339999275,0],[112.4216059690001,-6.8639507379999714,0],[112.42158978800001,-6.8639488339999275,0],[112.42157170400003,-6.8639450269999429,0],[112.42154791000007,-6.8639450269999429,0],[112.42153077800003,-6.863947881999934,0],[112.42151269400006,-6.8639469299999405,0],[112.42149651400007,-6.8639459789999364,0],[112.42148794800005,-6.8639488339999275,0],[112.42147176700007,-6.8639478829999803,0],[112.42144797200001,-6.8639402679999648,0],[112.42143464800006,-6.8639355089999299,0],[112.42142037100007,-6.8639374129999737,0],[112.42140419000009,-6.8639459789999364,0],[112.42139752800006,-6.8639488339999275,0],[112.42138229900002,-6.8639526419999584,0],[112.42136897500006,-6.8639554969999494,0],[112.4213632630001,-6.8639554969999494,0],[112.4213366140001,-6.8639507379999714,0],[112.42132424100009,-6.863947881999934,0],[112.42129592500009,-6.8639397919999396,0],[112.42129449700008,-6.8639395549999449,0],[112.42127189300004,-6.8639371749999327,0],[112.42125285700001,-6.8639371749999327,0],[112.42123620100006,-6.8639395549999449,0],[112.42120764800006,-6.8639526419999584,0],[112.42119099100012,-6.863957399999947,0],[112.42117433400006,-6.8639574009999365,0],[112.42117340100003,-6.8639576549999788,0],[112.4211612470001,-6.8639609699999369,0],[112.42114578100006,-6.8639681079999377,0],[112.42112436600007,-6.8639692979999722,0],[112.42110176100005,-6.8639692979999722,0],[112.42108153600009,-6.8639692979999722,0],[112.42105655100011,-6.8639609699999369,0],[112.42105102900007,-6.8639559499999336,0],[112.42104346400004,-6.8639490719999685,0],[112.42103156700011,-6.8639455029999681,0],[112.42101729000001,-6.8639443139999798,0],[112.42098992700005,-6.8639419339999677,0],[112.42098918300007,-6.8639417939999703,0],[112.42098364600008,-6.8639407559999768,0],[112.42097089100002,-6.8639383649999672,0],[112.42095185500011,-6.8639371749999327,0],[112.42093400900001,-6.8639371749999327,0],[112.42091140400009,-6.8639383649999672,0],[112.42089236800007,-6.8639395539999555,0],[112.42087690200003,-6.8639395539999555,0],[112.42085429700001,-6.8639383649999672,0],[112.42083288200001,-6.8639336059999323,0],[112.42080551800007,-6.863927657999966,0],[112.42078410300007,-6.8639276569999765,0],[112.42076625700008,-6.8639276569999765,0],[112.42074008300006,-6.8639300359999424,0],[112.42072580600006,-6.8639324159999546,0],[112.42070439100007,-6.8639336059999323,0],[112.42068773500012,-6.8639336059999323,0],[112.42067107800005,-6.8639336059999323,0],[112.4206472840001,-6.8639324159999546,0],[112.42061278200003,-6.8639288469999542,0],[112.42058660800001,-6.8639240879999761,0],[112.42056281300006,-6.8639240879999761,0],[112.42053188000011,-6.8639240879999761,0],[112.42050570600009,-6.8639252769999644,0],[112.42048667000006,-6.8639252779999538,0],[112.42046763400003,-6.8639228979999416,0],[112.42044265000004,-6.8639145699999631,0],[112.42043432200001,-6.8639193289999412,0],[112.42041647700012,-6.8639276569999765,0],[112.42039506100002,-6.8639276569999765,0],[112.4203760260001,-6.8639240879999761,0],[112.42034747200012,-6.8639181389999635,0],[112.42033081500006,-6.8639193279999517,0],[112.42032248800001,-6.8639228979999416,0],[112.42030586700002,-6.863942404999932,0],[112.42029441000011,-6.8639412199999583,0],[112.42028774700009,-6.8639412199999583,0],[112.42027368900006,-6.8639418119999505,0],[112.42024396500005,-6.8639252779999538,0],[112.42022611900006,-6.8639181389999635,0],[112.42020708400003,-6.8639110009999627,0],[112.42018685800008,-6.8639074319999622,0],[112.42016544300009,-6.8639074319999622,0],[112.42014878700002,-6.8639121909999403,0],[112.42013451100001,-6.8639217089999534,0],[112.42012380200003,-6.8639252779999538,0],[112.42010714700007,-6.8639264679999314,0],[112.42009049000001,-6.863926466999942,0],[112.42008097200005,-6.863926466999942,0],[112.42005598800006,-6.863926466999942,0],[112.4200393320001,-6.8639276569999765,0],[112.42002624500003,-6.8639324159999546,0],[112.42001434800011,-6.8639324159999546,0],[112.42000126000005,-6.863931225999977,0],[112.41998936300001,-6.863926466999942,0],[112.4199703270001,-6.8639181399999529,0],[112.41995486100006,-6.8639181389999635,0],[112.41994177400011,-6.8639181389999635,0],[112.41991441000005,-6.8639181389999635,0],[112.41990013400004,-6.8639181389999635,0],[112.41988466700002,-6.8639217089999534,0],[112.41986920000011,-6.8639276569999765,0],[112.41985968200004,-6.8639336059999323,0],[112.41983945700008,-6.8639336059999323,0],[112.41981685200005,-6.8639324159999546,0],[112.41979424700003,-6.8639312269999664,0],[112.4197716430001,-6.8639312269999664,0],[112.41972167300003,-6.863931225999977,0],[112.41968122300011,-6.8639324159999546,0],[112.41966694600001,-6.8639324159999546,0],[112.41964672000006,-6.8639312269999664,0],[112.41962887400007,-6.8639240879999761,0],[112.41960864900011,-6.8639145699999631,0],[112.41959437200001,-6.8639145699999631,0],[112.41957414700005,-6.8639193289999412,0],[112.41955987000006,-6.8639181389999635,0],[112.41954440400002,-6.8639193289999412,0],[112.41953250600011,-6.8639240879999761,0],[112.41952536800011,-6.8639276569999765,0],[112.41950514300004,-6.8639252769999644,0],[112.41949086600005,-6.8639145699999631,0],[112.41947896800002,-6.8639133809999748,0],[112.41946231300005,-6.8639169499999753,0],[112.41944565600011,-6.8639193289999412,0],[112.41943256900004,-6.8639193289999412,0],[112.41941591300008,-6.8639205189999757,0],[112.41939687700005,-6.8639217079999639,0],[112.4193802210001,-6.8639228979999416,0],[112.41936951300011,-6.8639276569999765,0],[112.4193588060001,-6.8639300369999319,0],[112.41934215000003,-6.8639276569999765,0],[112.41933263200008,-6.863926466999942,0],[112.41931835500009,-6.8639240879999761,0],[112.41930883700002,-6.8639288469999542,0],[112.41929575000006,-6.8639347959999668,0],[112.4192862320001,-6.8639359849999551,0],[112.41926362800007,-6.8639336059999323,0],[112.41924459200004,-6.8639288459999648,0],[112.41922793600008,-6.8639240869999298,0],[112.41920533100006,-6.8639228979999416,0],[112.41918153600011,-6.8639228979999416,0],[112.41916725900001,-6.8639240879999761,0],[112.41914108500009,-6.8639252779999538,0],[112.41911848000007,-6.8639228979999416,0],[112.41909825500011,-6.8639217079999639,0],[112.41907208000009,-6.8639228979999416,0],[112.41904233700006,-6.8639228979999416,0],[112.4190292510001,-6.8639157599999407,0],[112.41900783600011,-6.8639074319999622,0],[112.41898880000008,-6.8639050529999395,0],[112.41898404100004,-6.8639002939999614,0],[112.41898404000005,-6.8638895849999813,0],[112.41898761000004,-6.8638812579999353,0],[112.41899117900005,-6.8638729289999674,0],[112.41899236900008,-6.863864600999932,0],[112.41898047200004,-6.863864600999932,0],[112.41896500500002,-6.8638657909999665,0],[112.41894834900006,-6.8638669809999442,0],[112.41892931300004,-6.8638693599999669,0],[112.41892098500011,-6.8638753089999796,0],[112.41892098500011,-6.8638812579999353,0],[112.41892455400011,-6.8638991029999374,0],[112.41890670900011,-6.8639014829999496,0],[112.41889243200001,-6.8639026729999273,0],[112.4188805340001,-6.8639026729999273,0],[112.41886030900002,-6.8638979139999492,0],[112.41884246300003,-6.8638979139999492,0],[112.41882342700001,-6.863900292999972,0],[112.41880677100005,-6.8639002939999614,0],[112.41878178700006,-6.8638967239999715,0],[112.41876394000008,-6.863895533999937,0],[112.41874252500008,-6.8638979139999492,0],[112.41872230000001,-6.8639014829999496,0],[112.4187032640001,-6.8639062419999277,0],[112.41869136700006,-6.8639109999999732,0],[112.41866995200007,-6.8639193289999412,0],[112.41864972600001,-6.8639157599999407,0],[112.4186235520001,-6.8639098109999281,0],[112.41859975700004,-6.8639086219999399,0],[112.41858667100007,-6.8639062419999277,0],[112.41855454800009,-6.8639002939999614,0],[112.41853789200002,-6.863900292999972,0],[112.41852242500011,-6.8639038619999724,0],[112.41851052800007,-6.8639098109999281,0],[112.41850339000007,-6.8639169499999753,0],[112.41849506100004,-6.863926466999942,0],[112.41849149200004,-6.8639347959999668,0],[112.41848673300001,-6.8639407439999331,0],[112.41848197500008,-6.8639478829999803,0],[112.41847084300002,-6.8639571599999272,0],[112.41846769800009,-6.8639597799999592,0],[112.41846174900002,-6.8639657289999718,0],[112.41845580000006,-6.8639788159999284,0],[112.41845342100009,-6.8639930919999301,0],[112.41845342100009,-6.8640026099999432,0],[112.41845223200005,-6.8640133169999444,0],[112.41844866200006,-6.864027594999925,0],[112.41844866200006,-6.864040680999949,0],[112.41844509300006,-6.8640656659999308,0],[112.41844390300002,-6.8641001679999363,0],[112.4184462820001,-6.8641132549999497,0],[112.41844866200006,-6.8641251519999287,0],[112.41845223100006,-6.8641453779999324,0],[112.41845223200005,-6.8641596539999341,0],[112.41845173400009,-6.8641626389999715,0],[112.4184498510001,-6.8641739309999252,0],[112.41844628300009,-6.8641822589999606,0],[112.41844747200003,-6.8641929669999513,0],[112.41844747200003,-6.864203674999942,0],[112.4184462820001,-6.8642131919999656,0],[112.41844509300006,-6.8642227099999786,0],[112.41844033400002,-6.8642298479999795,0],[112.41843319500003,-6.8642393669999251,0],[112.4184355750001,-6.8642512629999715,0],[112.41843914500009,-6.8642619709999622,0],[112.41843914500009,-6.8642726789999529,0],[112.41843914500009,-6.8642833859999541,0],[112.4184391440001,-6.864296473999957,0],[112.41844033400002,-6.864308370999936,0],[112.4184355750001,-6.8643190779999372,0],[112.4184355750001,-6.8643262169999275,0],[112.41843676500002,-6.8643357339999511,0],[112.41844152300007,-6.8643416829999637,0],[112.41844033400002,-6.8643512009999768,0],[112.41843676400003,-6.8643559599999548,0],[112.4184320060001,-6.8643666669999561,0],[112.41843319600002,-6.8643761859999586,0],[112.41843795500006,-6.8643857029999253,0],[112.41843914500009,-6.8643952209999384,0],[112.41844152400006,-6.864432102999956,0],[112.41844033400002,-6.8644439999999349,0],[112.41843319500003,-6.8644499479999581,0],[112.41843200500011,-6.8644618459999265,0],[112.41843063800002,-6.8644730299999424,0],[112.4184223100001,-6.8644813579999777,0],[112.41841279100004,-6.8644873059999441,0],[112.41840446300012,-6.8644956339999794,0],[112.41839137700003,-6.8645003929999575,0],[112.41837234100001,-6.8644992039999693,0],[112.4183568740001,-6.8644980139999348,0],[112.41834378800002,-6.8644968239999571,0],[112.41831880300003,-6.8644968239999571,0],[112.41830928500008,-6.8644980139999348,0],[112.41829976700001,-6.8644980139999348,0],[112.41828906000001,-6.8644944439999449,0],[112.41827954200005,-6.8644813579999777,0],[112.41827002400009,-6.8644718399999647,0],[112.41825812700006,-6.8644587519999618,0],[112.41824623000002,-6.8644492349999382,0],[112.41823671200007,-6.864446854999926,0],[112.41822362400001,-6.8644468559999723,0],[112.41822334400001,-6.8644468559999723,0],[112.41820458900008,-6.864446854999926,0],[112.41802612900005,-6.8644432859999256,0],[112.4180166110001,-6.8644468559999723,0],[112.4180078600001,-6.8644512309999755,0],[112.4180023350001,-6.8644539929999269,0],[112.41799519600011,-6.8644623219999517,0],[112.41798686800007,-6.8644658909999521,0],[112.41797259100008,-6.8644635119999293,0],[112.41795712500004,-6.8644587529999512,0],[112.41794641700005,-6.8644599429999289,0],[112.41793452000002,-6.8644647009999744,0],[112.41791905300011,-6.8644658909999521,0],[112.41790715600007,-6.8644635119999293,0],[112.41789525800004,-6.8644635119999293,0],[112.41788217200008,-6.864461131999974,0],[112.41786908500001,-6.8644528039999386,0],[112.41785837700002,-6.8644420969999373,0],[112.41784410000002,-6.8644397169999252,0],[112.41783101400006,-6.8644468559999723,0],[112.4178179270001,-6.8644504249999727,0],[112.41780127000004,-6.8644504239999264,0],[112.41778342400005,-6.8644492349999382,0],[112.41776795700002,-6.8644492349999382,0],[112.41775725000002,-6.8644551839999508,0],[112.4177453530001,-6.8644587529999512,0],[112.41773107600011,-6.8644587529999512,0],[112.417716799,-6.864456372999939,0],[112.41768348700009,-6.8644575629999736,0],[112.41767753800002,-6.8644635109999399,0],[112.4176727790001,-6.8644730299999424,0],[112.41765374300007,-6.8644777889999773,0],[112.41764303600007,-6.8644754089999651,0],[112.41762519000008,-6.8644682709999643,0],[112.41760258500005,-6.8644694599999525,0],[112.4176002050001,-6.8644742189999306,0],[112.4175930670001,-6.8644813579999777,0],[112.41758354900003,-6.8644813579999777,0],[112.41757641100003,-6.8644813579999777,0],[112.41755499600004,-6.8644861169999558,0],[112.41754071900004,-6.8644873059999441,0],[112.41751692500009,-6.8644873059999441,0],[112.41749551000009,-6.8644873059999441,0],[112.41747647300008,-6.8644861159999664,0],[112.41746933500008,-6.8644849259999319,0],[112.41745743800004,-6.8644813579999777,0],[112.41744673000005,-6.8644718399999647,0],[112.41743959200005,-6.8644623219999517,0],[112.41742769400003,-6.8644587519999618,0],[112.41741460700007,-6.8644599419999395,0],[112.4174050900001,-6.8644635119999293,0],[112.41738843300004,-6.8644670809999297,0],[112.41737058800004,-6.8644658909999521,0],[112.41735393100009,-6.8644575629999736,0],[112.41734798300001,-6.8644575629999736,0],[112.41733727500002,-6.8644551839999508,0],[112.41733727500002,-6.8644397169999252,0],[112.41732775700007,-6.8644290099999807,0],[112.41732775700007,-6.8644159219999779,0],[112.4173289470001,-6.8644040249999421,0],[112.41732656800002,-6.8643873689999282,0],[112.41732418900006,-6.8643742819999716,0],[112.41732418800007,-6.8643647639999585,0],[112.41732418800007,-6.8643492979999792,0],[112.4173155520001,-6.8643406609999715,0],[112.41731348100006,-6.8643385899999316,0],[112.41730634200007,-6.8643302619999531,0],[112.41730991100007,-6.8643171749999397,0],[112.41731229100003,-6.8643040879999262,0],[112.41731229100003,-6.8642921899999578,0],[112.41731229100003,-6.8642767239999785,0],[112.4173111020001,-6.8642672059999654,0],[112.41730634200007,-6.8642553079999402,0],[112.41730396300011,-6.8642469809999511,0],[112.41730396200001,-6.8642338939999377,0],[112.41730872200003,-6.8642255649999697,0],[112.41730965000011,-6.8642227809999667,0],[112.41731229100003,-6.8642148579999684,0],[112.41731229100003,-6.864201770999955,0],[112.41730872100004,-6.8641851139999517,0],[112.417300393,-6.8641720279999276,0],[112.41729206500008,-6.8641625099999715,0],[112.41728135800008,-6.8641446639999799,0],[112.41725875300006,-6.8641232489999311,0],[112.41724804500006,-6.864118489999953,0],[112.4172420970001,-6.8641125419999298,0],[112.41724090700006,-6.8641030229999274,0],[112.41723376900006,-6.8640899359999707,0],[112.41722663100006,-6.8640804179999577,0],[112.41721354400011,-6.8640720899999792,0],[112.41720402600004,-6.8640673319999337,0],[112.41719926600001,-6.864056623999943,0],[112.41719093800009,-6.8640459159999523,0],[112.41718736900009,-6.864035208999951,0],[112.41718736900009,-6.8640256899999486,0],[112.41718023100009,-6.8640173629999595,0],[112.4171695230001,-6.8640149829999473,0],[112.41716357500002,-6.8640114139999469,0],[112.41715762600006,-6.8640007069999456,0],[112.4171516780001,-6.8639923779999776,0],[112.41713859000004,-6.8639864299999545,0],[112.41712431400003,-6.8639876189999427,0],[112.41710765700009,-6.8639876189999427,0],[112.41709100100002,-6.8639864299999545,0],[112.41708029300003,-6.8639816709999764,0],[112.41706720600007,-6.8639745319999292,0],[112.41705530900003,-6.8639673939999284,0],[112.41703984300011,-6.8639531169999373,0],[112.41702675600004,-6.8639424089999466,0],[112.41702318600005,-6.8639376509999579,0],[112.41701128900002,-6.8639340819999575,0],[112.41700296100009,-6.8639364609999802,0],[112.41698392600006,-6.8639198049999663,0],[112.41697083800011,-6.8639162359999659,0],[112.41696132100003,-6.8639198049999663,0],[112.41695180200009,-6.8639233739999668,0],[112.41694109500008,-6.8639257529999327,0],[112.41692919800005,-6.8639221839999323,0],[112.41690421400006,-6.863911476999931,0],[112.41688993600008,-6.863911476999931,0],[112.41687447000004,-6.8639102869999533,0],[112.41685900400012,-6.8639019589999748,0],[112.41685067500009,-6.8638960099999622,0],[112.4168363980001,-6.8638876819999268,0],[112.4168256910001,-6.8638912509999273,0],[112.41681736300006,-6.8638948199999277,0],[112.41680665500007,-6.8638960099999622,0],[112.41679594800007,-6.8639007689999403,0],[112.41679475800004,-6.8639281329999449,0],[112.41678286000001,-6.8639281329999449,0],[112.41677215400011,-6.8639269429999672,0],[112.41675549700005,-6.8639221839999323,0],[112.41673289200003,-6.8639186149999318,0],[112.41670790800003,-6.8639138559999537,0],[112.41668054400009,-6.863911476999931,0],[112.41666150800006,-6.863911476999931,0],[112.41664247300002,-6.8639150459999314,0],[112.41662343700011,-6.8639162359999659,0],[112.41660440100009,-6.8639174249999542,0],[112.41657227900009,-6.8639198049999663,0],[112.41654729400011,-6.8639198049999663,0],[112.41652468900008,-6.8639198049999663,0],[112.41650089500001,-6.8639198049999663,0],[112.41647591000003,-6.8639198049999663,0],[112.41644140800008,-6.8639150459999314,0],[112.41641880300006,-6.8639162349999765,0],[112.41640095800005,-6.8639162359999659,0],[112.41638430100011,-6.8639162359999659,0],[112.41637835300003,-6.8639150459999314,0],[112.41636169600008,-6.8639043379999407,0],[112.41635336800005,-6.8638888719999613,0],[112.41634623000004,-6.8638817329999711,0],[112.41633314300009,-6.8638853019999715,0],[112.4163260040001,-6.8638948209999739,0],[112.41631410700006,-6.8639007689999403,0],[112.41630339900007,-6.8639067179999529,0],[112.41629269200007,-6.8639174249999542,0],[112.41627841600007,-6.8639186149999318,0],[112.41626532800001,-6.8639162359999659,0],[112.41624867200005,-6.8639138569999432,0],[112.4162248770001,-6.863911476999931,0],[112.41620822100003,-6.8639114759999416,0],[112.41618918500001,-6.8639126669999655,0],[112.41617728800009,-6.8639174249999542,0],[112.41616777000002,-6.863920994999944,0],[112.41614992400002,-6.863920994999944,0],[112.41612969900007,-6.863920994999944,0],[112.41610828400007,-6.863920994999944,0],[112.41609519700012,-6.8639245639999444,0],[112.41608330000008,-6.8639257529999327,0],[112.41606783200007,-6.8639233739999668,0],[112.41604879700003,-6.8639138559999537,0],[112.41603333100011,-6.8639126669999655,0],[112.41602262300012,-6.8639162359999659,0],[112.41600953600005,-6.863925753999979,0],[112.41599644900009,-6.863925753999979,0],[112.4159857410001,-6.8639198049999663,0],[112.4159750340001,-6.8639186149999318,0],[112.41596551600003,-6.863924562999955,0],[112.41595361900011,-6.8639233739999668,0],[112.41594410100004,-6.8639102869999533,0],[112.41592744400009,-6.8639126659999761,0],[112.41591316800009,-6.8639186149999318,0],[112.41590365000002,-6.8639174259999436,0],[112.4158881840001,-6.8639209939999546,0],[112.4158667690001,-6.8639221839999323,0],[112.41585011300003,-6.8639198049999663,0],[112.41583464500002,-6.8639150459999314,0],[112.41580847200009,-6.8639067179999529,0],[112.41578586700007,-6.8639067179999529,0],[112.41577634900011,-6.8639079079999306,0],[112.41576445100009,-6.8639114759999416,0],[112.41574422600002,-6.8639138569999432,0],[112.41572994900002,-6.8639138559999537,0],[112.41570972400007,-6.8639102869999533,0],[112.41569306700001,-6.8639043379999407,0],[112.415678791,-6.8639007699999297,0],[112.41566332400009,-6.8639007689999403,0],[112.41565737600001,-6.8639007689999403,0],[112.41564904800009,-6.8639090979999651,0],[112.41564072000006,-6.8639090969999756,0],[112.41563715000007,-6.8639090969999756,0],[112.41563239100003,-6.8639019589999748,0],[112.41562287300007,-6.8639007689999403,0],[112.41561097600004,-6.863903147999963,0],[112.41559788900008,-6.8639031489999525,0],[112.41558004300009,-6.863899579999952,0],[112.41557290500009,-6.863890061999939,0],[112.41555386900006,-6.8638853029999609,0],[112.41553840300003,-6.8638876819999268,0],[112.41552769500004,-6.8638948199999277,0],[112.41551460800008,-6.8638995789999626,0],[112.41549319300009,-6.8639031489999525,0],[112.41547058800006,-6.8639043389999301,0],[112.41544917300007,-6.8639043379999407,0],[112.41543489700007,-6.8638983889999281,0],[112.41542775800008,-6.8638971999999399,0],[112.41541586100004,-6.8639043379999407,0],[112.41539801400006,-6.8639055279999752,0],[112.41538254800003,-6.8638936309999394,0],[112.41537660000006,-6.8638876819999268,0],[112.41536470200003,-6.8638864919999492,0],[112.41535042500004,-6.8638971999999399,0],[112.41533376900009,-6.8639007689999403,0],[112.41532187200005,-6.8638995789999626,0],[112.41529688700007,-6.8638948199999277,0],[112.41527785200003,-6.8638841129999264,0],[112.41525048800008,-6.8638853029999609,0],[112.41522788300006,-6.863890061999939,0],[112.41521003700007,-6.8638888719999613,0],[112.41519100200003,-6.8638864929999386,0],[112.41517553500012,-6.8638864919999492,0],[112.41514698100002,-6.8638817339999605,0],[112.41512437600011,-6.8638817339999605,0],[112.41510772000004,-6.8638876819999268,0],[112.41509939200012,-6.8638948209999739,0],[112.41508392500009,-6.863899579999952,0],[112.41506727000001,-6.8639031489999525,0],[112.4150518030001,-6.8639090979999651,0],[112.41504109500011,-6.8639090979999651,0],[112.41503157800003,-6.8639019589999748,0],[112.41502443900004,-6.8638936309999394,0],[112.41501254200011,-6.8638829229999487,0],[112.41499826500001,-6.863884111999937,0],[112.4149792290001,-6.8638888719999613,0],[112.4149613830001,-6.8638936309999394,0],[112.4149542450001,-6.8638936309999394,0],[112.41494115800003,-6.8638900609999496,0],[112.41492807100008,-6.8638793539999483,0],[112.41490903600004,-6.8638757849999479,0],[112.41489475900005,-6.8638769739999361,0],[112.41487215400002,-6.8638805429999366,0],[112.41485906700007,-6.8638817329999711,0],[112.41483646200004,-6.8638817329999711,0],[112.41481266700009,-6.8638817339999605,0],[112.41479363200006,-6.863880543999926,0],[112.41476864700007,-6.863880543999926,0],[112.41474128300001,-6.8638817329999711,0],[112.41471986800002,-6.8638876819999268,0],[112.41470321200006,-6.8638876819999268,0],[112.41467584800012,-6.8638876819999268,0],[112.41464848400005,-6.8638876819999268,0],[112.41461517200003,-6.863890061999939,0],[112.41459256700011,-6.8638936309999394,0],[112.41456996200009,-6.8638912509999273,0],[112.41452475200003,-6.863880543999926,0],[112.41448787000002,-6.8638817329999711,0],[112.4144509890001,-6.8638793539999483,0],[112.41442957400011,-6.863880543999926,0],[112.41440577900005,-6.863880543999926,0],[112.41439031200002,-6.8638793539999483,0],[112.4143641390001,-6.8638757849999479,0],[112.41433558500012,-6.863880543999926,0],[112.41430941100009,-6.8638817329999711,0],[112.41428918600002,-6.8638864929999386,0],[112.41426658100011,-6.8638876819999268,0],[112.41424635500005,-6.8638924409999618,0],[112.41422732000001,-6.8638960099999622,0],[112.4142011460001,-6.8638971999999399,0],[112.4141797310001,-6.8638948199999277,0],[112.41416307400004,-6.8638888719999613,0],[112.41413690100001,-6.8638864919999492,0],[112.41411310500007,-6.8638912509999273,0],[112.41409526000007,-6.8639007699999297,0],[112.41408336200004,-6.8639102869999533,0],[112.41406908500005,-6.863911476999931,0],[112.41404529100009,-6.863911476999931,0],[112.41401554800007,-6.8639150459999314,0],[112.41399770200007,-6.863920994999944,0],[112.41397509700005,-6.8639293229999794,0],[112.41395249200002,-6.8639352709999457,0],[112.41393345600011,-6.8639435989999811,0],[112.41390847200012,-6.8639507369999251,0],[112.41388705700001,-6.8639543069999718,0],[112.41386207300002,-6.8639626349999503,0],[112.41381805200001,-6.8639911889999325,0],[112.41380615600008,-6.8639959469999781,0],[112.4137811710001,-6.8639983269999334,0],[112.41376570500006,-6.8640030859999683,0],[112.4137526180001,-6.8640149829999473,0],[112.41373358100009,-6.8640233109999258,0],[112.41372049500001,-6.8640233119999721,0],[112.41369551000003,-6.8640245009999603,0],[112.41367766500002,-6.8640316389999612,0],[112.41365862800001,-6.8640435369999295,0],[112.41364673100009,-6.8640542449999771,0],[112.41362888500009,-6.8640613829999779,0],[112.41361222900002,-6.8640673319999337,0],[112.41359914200007,-6.864075659999969,0],[112.41358010600004,-6.8640839879999476,0],[112.41356345000008,-6.8640816089999248,0],[112.41355036300001,-6.8640732799999569,0],[112.4135313270001,-6.8640673319999337,0],[112.4135277580001,-6.8640649519999783,0],[112.41351824100002,-6.864044726999964,0],[112.4135170510001,-6.8640328289999388,0],[112.41351348100011,-6.8640126039999814,0],[112.41350753300003,-6.863994757999933,0],[112.41350396300004,-6.8639804809999418,0],[112.41349801500007,-6.8639685829999735,0],[112.41348849800011,-6.8639531179999267,0],[112.41348611800004,-6.8639364609999802,0],[112.41348611800004,-6.8639221849999785,0],[112.41348373900007,-6.8639079079999306,0],[112.41347660000008,-6.8638876819999268,0],[112.41346946100009,-6.8638650769999572,0],[112.41346351200002,-6.8638484209999433,0],[112.41345518500009,-6.8638329549999639,0],[112.4134444770001,-6.8638139189999379,0],[112.41343139000003,-6.8637996419999467,0],[112.41342187300006,-6.8637853649999556,0],[112.41341354500003,-6.8637734679999767,0],[112.41340759500008,-6.8637603809999632,0],[112.41340640500005,-6.8637532429999624,0],[112.41339926700005,-6.8637306379999359,0],[112.41339212900004,-6.863723499999935,0],[112.41338374200006,-6.8637151119999658,0],[112.41338142200004,-6.8637127919999443,0],[112.41338142200004,-6.8637077369999702,0],[112.41338142100005,-6.863696134999941,0],[112.4133762240001,-6.8636664289999771,0],[112.41337610500011,-6.8636657469999705,0],[112.41189638800006,-6.8643037029999618,0],[112.41167696900004,-6.8643678009999576,0],[112.41158570300001,-6.864122522999935,0],[112.4112605680001,-6.8641567479999708,0],[112.41099247300008,-6.8642708309999421,0],[112.41069015500011,-6.8644362499999261,0],[112.41052740700002,-6.8644680059999814,0],[112.41045628500001,-6.8644818829999394,0],[112.4103101290001,-6.8645602759999633,0],[112.40982883100003,-6.8648184269999319,0],[112.40945235800007,-6.8649439179999376,0],[112.40930345300001,-6.8649985169999468,0],[112.40911011000003,-6.8650694089999433,0],[112.40882990800003,-6.865221518999931,0],[112.40871082100011,-6.8652861659999758,0],[112.40829442000006,-6.8654629939999268,0],[112.40809477500011,-6.86548010599995,0],[112.40787801800002,-6.8654744019999612,0],[112.40777534400002,-6.8654744019999612,0],[112.40761345400006,-6.8654339299999378,0],[112.40750154600005,-6.8654059529999358,0],[112.40727908400004,-6.8654059529999358,0],[112.40705091900008,-6.8653888399999801,0],[112.40694254100003,-6.8653660239999681,0],[112.40677141700007,-6.8653603199999793,0],[112.40664022200008,-6.8654173609999702,0],[112.40659458900006,-6.8655998929999669,0],[112.40663451800003,-6.8657196799999269,0],[112.4066419940001,-6.8657194459999573,0],[112.40699958200003,-6.8657082719999494,0],[112.40725626800008,-6.8656683429999248,0],[112.40747302500006,-6.8656683429999248,0],[112.40775252700007,-6.8656968629999255,0],[112.40794076400005,-6.8657367919999501,0],[112.40820315400003,-6.8657367919999501,0],[112.40839139000002,-6.8657025669999712,0],[112.40857962600001,-6.8656455259999802,0],[112.40883631200006,-6.8655542599999535,0],[112.40888176400006,-6.8655391089999398,0],[112.40902454800005,-6.8654915149999738,0],[112.40929834700012,-6.8653831359999344,0],[112.40940524000007,-6.8653268769999727,0],[112.40940672500005,-6.8653260949999435,0],[112.40940809100005,-6.8653291689999492,0],[112.40952080800002,-6.8655827809999437,0],[112.40955433200008,-6.8656374779999396,0],[112.40962918600007,-6.8657596089999515,0],[112.40968622800006,-6.8658736909999334,0],[112.40973756500011,-6.8660219989999405,0],[112.40976038100007,-6.8661703059999581,0],[112.40977479900005,-6.8662351839999474,0],[112.40976932000001,-6.8662387159999412,0],[112.40971674600007,-6.8662726129999783,0],[112.40962202500009,-6.8663100629999576,0],[112.40958014600005,-6.8663290989999268,0],[112.40954778500009,-6.8663462309999659,0],[112.40950400300005,-6.8663690739999765,0],[112.40948116000004,-6.8663881089999563,0],[112.4094659320001,-6.8664071449999255,0],[112.4094449910001,-6.8664573499999619,0],[112.40938027100003,-6.8665518159999692,0],[112.40935826900011,-6.8665899539999486,0],[112.40935171800004,-6.8666013089999751,0],[112.40934356500009,-6.8666089819999456,0],[112.40931935700007,-6.866631765999955,0],[112.40929841800005,-6.8666488979999372,0],[112.40928152400011,-6.8666584159999502,0],[112.40927319600007,-6.8666631749999283,0],[112.40923988300005,-6.8666453289999367,0],[112.40922084700003,-6.8666488979999372,0],[112.40920062200007,-6.8666607949999729,0],[112.40918158600005,-6.8666726929999413,0],[112.40915779200009,-6.8666881589999775,0],[112.4091363770001,-6.8667107639999472,0],[112.40911734100007,-6.8667393179999294,0],[112.40911139200011,-6.8667559739999433,0],[112.4091221000001,-6.8667750099999694,0],[112.40912656600005,-6.8667857859999799,0],[112.409131591,-6.8667979109999351,0],[112.40911308900002,-6.866811514999938,0],[112.40898219200005,-6.866907762999972,0],[112.40894245100003,-6.8669582279999304,0],[112.40891389700005,-6.867004627999961,0],[112.40890556900001,-6.8670296119999534,0],[112.40890556900001,-6.867047457999945,0],[112.40890909300003,-6.867062611999927,0],[112.40891746600005,-6.8670986159999643,0],[112.40891151800008,-6.8671140829999331,0],[112.40889129200002,-6.86714025699996,0],[112.40885679000007,-6.8671759489999431,0],[112.40876161100005,-6.8672889729999724,0],[112.4087455020001,-6.8672844979999468,0],[112.40871878100006,-6.8672770759999366,0],[112.40869974500004,-6.8672842139999375,0],[112.40866762300004,-6.8672973009999509,0],[112.40864858700002,-6.8673151469999425,0],[112.40862836200006,-6.8673413209999694,0],[112.40861170500011,-6.8673615469999731,0],[112.40858672100001,-6.8673865309999655,0],[112.408576014,-6.8674257919999491,0],[112.40856530600001,-6.8674400689999402,0],[112.40855102900002,-6.8674483969999756,0],[112.4085355630001,-6.8674602939999545,0],[112.4084629890001,-6.8675638009999602,0],[112.40839279500005,-6.8676554099999407,0],[112.40833806700005,-6.8677339319999646,0],[112.40831665200005,-6.8677565369999343,0],[112.40830118600002,-6.8677791419999608,0],[112.40827739100007,-6.867807695999943,0],[112.40827263200003,-6.8678255419999346,0],[112.40826668400007,-6.8678445769999712,0],[112.40825954500008,-6.8678683719999754,0],[112.40825359700011,-6.8678874079999446,0],[112.4082274220001,-6.8679302379999285,0],[112.4082060070001,-6.867962360999968,0],[112.40820148600005,-6.8679951969999706,0],[112.40819149300012,-6.8680116159999329,0],[112.40817721600001,-6.8680301749999444,0],[112.40816365300009,-6.8680473069999266,0],[112.40814295200005,-6.8680665809999368,0],[112.40812653300009,-6.8680865689999564,0],[112.40811511200002,-6.8681115529999488,0],[112.40811011500011,-6.8681251159999306,0],[112.40810012100007,-6.8681451029999607,0],[112.40805657700002,-6.8682198179999432,0],[112.40803183100002,-6.868256937999945,0],[112.4080127950001,-6.8682873949999248,0],[112.40800137400004,-6.8683045269999639,0],[112.40799661500012,-6.868318803999955,0],[112.40792618300009,-6.8684168379999733,0],[112.40786431700008,-6.8684901249999371,0],[112.40783576300009,-6.8685148719999347,0],[112.40781482400007,-6.8685434249999275,0],[112.40779864400008,-6.8685738819999642,0],[112.40778627000009,-6.8685986289999619,0],[112.40774128400005,-6.8686899379999318,0],[112.40774060100011,-6.8686913249999293,0],[112.4077386240001,-6.8686941879999495,0],[112.40768782300006,-6.8687677609999582,0],[112.40762637100011,-6.868829911999967,0],[112.4076035280001,-6.8688622729999338,0],[112.40758163700002,-6.868887018999942,0],[112.4075521310001,-6.8689298499999722,0],[112.40754642100001,-6.8689479329999585,0],[112.4075455410001,-6.8689565929999503,0],[112.40754405100006,-6.8689712499999587,0],[112.40747837300012,-6.8690635539999789,0],[112.40743939600009,-6.8690957519999642,0],[112.40725946200007,-6.869244392999974,0],[112.40714524800001,-6.8694204729999342,0],[112.40713795800002,-6.8694307329999447,0],[112.40708451000012,-6.8695059559999549,0],[112.40701675700006,-6.8696013119999293,0],[112.40689302500004,-6.8697821509999812,0],[112.40681688300003,-6.8699106419999794,0],[112.40683046400011,-6.8699228649999782,0],[112.40686447200005,-6.8699534729999527,0],[112.40694061500005,-6.8699820259999456,0],[112.40700496400007,-6.8700668499999438,0],[112.40704531100005,-6.8701200349999567,0],[112.40714588200001,-6.8701739999999631,0],[112.40724042700003,-6.8702247309999507,0],[112.40752596200002,-6.8703912929999547,0],[112.40774011400003,-6.87055309699997,0],[112.40773501000001,-6.8705727829999432,0],[112.40772535600001,-6.8706100179999794,0],[112.40770680100002,-6.8706815879999681,0],[112.40757918600002,-6.8708260579999774,0],[112.40757775500003,-6.8708276779999551,0],[112.40745457800006,-6.8709671229999572,0],[112.4073815480001,-6.8709727409999459,0],[112.40733084600004,-6.8709766409999702,0],[112.40722615000004,-6.8709766409999702,0],[112.40716428400003,-6.8710242299999322,0],[112.4071807470001,-6.8710571559999494,0],[112.40718807900009,-6.8710718189999511,0],[112.40709290000007,-6.8711336849999611,0],[112.40687399000001,-6.8713240419999693,0],[112.40667887400002,-6.8714001849999704,0],[112.40658536000001,-6.8714355689999707,0],[112.40650279400006,-6.8714668099999585,0],[112.40629340100008,-6.8715477119999377,0],[112.40610304400002,-6.8715429529999597,0],[112.40606615000002,-6.8715263499999537,0],[112.4060078660001,-6.8715001219999294,0],[112.40596027700008,-6.8714049439999485,0],[112.40592696400006,-6.8712621759999593,0],[112.40585082100006,-6.871005193999963,0],[112.40583828500007,-6.8709378149999338,0],[112.40581275000011,-6.8708005609999532,0],[112.40576992000001,-6.8706720699999551,0],[112.4057508840001,-6.870486471999925,0],[112.40568746500003,-6.8701186419999658,0],[112.40567950000002,-6.8700724459999378,0],[112.40564618800011,-6.8697726339999576,0],[112.40567032500007,-6.8695416039999486,0],[112.40567950000002,-6.8694537859999514,0],[112.40570554100009,-6.8692356979999545,0],[112.40571757200007,-6.8691349379999451,0],[112.40581750900003,-6.8690350009999293,0],[112.40587429800007,-6.869038155999931,0],[112.4059031700001,-6.8690397599999642,0],[112.40598407100003,-6.8690921079999612,0],[112.40617918700002,-6.8691777679999291,0],[112.4064171330001,-6.8692919829999255,0],[112.40646454300008,-6.8693115039999384,0],[112.40649803500003,-6.8693252949999533,0],[112.40653610600009,-6.8692681879999782,0],[112.40658369500011,-6.8692824649999693,0],[112.40658372900009,-6.8692824459999429,0],[112.40662652600008,-6.8692586699999652,0],[112.40658369500011,-6.8691968039999551,0],[112.4063860760001,-6.8690580509999677,0],[112.40636002600002,-6.8690397599999642,0],[112.40619822300005,-6.8689158789999283,0],[112.40605545500011,-6.8688065719999258,0],[112.40604899100003,-6.8688026939999531,0],[112.40598407100003,-6.8687637419999419,0],[112.40595551800004,-6.8687113939999449,0],[112.40596174300003,-6.868686491999938,0],[112.40597931200011,-6.868616215999964,0],[112.40596503600011,-6.8685781439999687,0],[112.40586985700008,-6.8685924209999598,0],[112.40577943800008,-6.8685971799999379,0],[112.40566998200006,-6.8686971169999538,0],[112.40568901800009,-6.8687161529999798,0],[112.40569853600005,-6.8687542239999289,0],[112.4056604650001,-6.8689778939999542,0],[112.40558908100002,-6.8693490899999574,0],[112.40556528600007,-6.8696298659999684,0],[112.40558908100002,-6.8698344999999676,0],[112.40558908100002,-6.8700534099999686,0],[112.40563667000004,-6.8704103289999807,0],[112.40577467900005,-6.8710242299999322,0],[112.40587461600001,-6.8714763279999715,0],[112.40588977200002,-6.8715505949999738,0],[112.40592220500002,-6.8717095149999636,0],[112.40591268700007,-6.8718094519999795,0],[112.40584606300001,-6.8719379429999776,0],[112.40576691400008,-6.8719145579999577,0],[112.40563667000004,-6.8718760769999676,0],[112.40542727700006,-6.8718808359999457,0],[112.40501801000005,-6.8720140859999788,0],[112.40462846600008,-6.8721551799999361,0],[112.40441362700005,-6.8722329959999797,0],[112.40432301100009,-6.8722329959999797,0],[112.4042984890001,-6.8722329959999797,0],[112.40428513600011,-6.8722329959999797,0],[112.40428881100001,-6.8721778739999309,0],[112.40428989500003,-6.8721616119999567,0],[112.40428479100001,-6.8721549759999334,0],[112.40424969200001,-6.8721093469999346,0],[112.40424230600001,-6.8720997459999467,0],[112.40409002000001,-6.8721045049999248,0],[112.40408823500002,-6.8721080749999714,0],[112.40408237000008,-6.8721198069999332,0],[112.40407574400001,-6.8721330589999639,0],[112.40403291300004,-6.8721758889999478,0],[112.40381422600001,-6.8722026669999536,0],[112.4037997260001,-6.8722044429999301,0],[112.40377701600005,-6.8722000469999784,0],[112.40366593500005,-6.8721785469999759,0],[112.40365220000001,-6.8721758889999478,0],[112.4036403770001,-6.8721454879999442,0],[112.40361888700011,-6.8720902289999799,0],[112.40359509200005,-6.8720188449999569,0],[112.40356178000002,-6.8720093269999438,0],[112.40347726900006,-6.8719915349999496,0],[112.40347136000003,-6.8719902909999746,0],[112.40349991400001,-6.8718284879999487,0],[112.40360936900004,-6.8711527209999304,0],[112.40369978900003,-6.870819595999933,0],[112.40382828000008,-6.8706577929999639,0],[112.40408230800006,-6.8703586959999257,0],[112.40412333300003,-6.8703103919999648,0],[112.40433730800009,-6.8700588759999732,0],[112.40439459100003,-6.8699915439999586,0],[112.40458970700001,-6.8698059459999286,0],[112.40471819800007,-6.8695251699999744,0],[112.40483156800008,-6.8690286899999364,0],[112.40485620700008,-6.8689207869999791,0],[112.40486684000007,-6.8688372419999268,0],[112.40488951900011,-6.8686590459999479,0],[112.40491807300009,-6.8684115819999647,0],[112.40497518000006,-6.8681783949999726,0],[112.40501325100001,-6.8679737609999734,0],[112.40503704600007,-6.8676977439999405,0],[112.40491955400012,-6.8676311649999775,0],[112.40489427800003,-6.8676168419999613,0],[112.40488951900011,-6.8676882259999275,0],[112.40488951900011,-6.8679547249999473,0],[112.40483717100005,-6.8682355019999477,0],[112.40482924100002,-6.8682573109999794,0],[112.40480656700004,-6.8683196639999551,0],[112.4047991000001,-6.8683401979999417,0],[112.4047991000001,-6.8685448319999409,0],[112.40475151100009,-6.8688018139999372,0],[112.40470959000004,-6.8690853929999776,0],[112.40467060900005,-6.8693490899999574,0],[112.40465389400003,-6.8693876629999409,0],[112.40460874300004,-6.8694918569999572,0],[112.4044041090001,-6.8696869729999435,0],[112.40430417200002,-6.8698678119999386,0],[112.40410905600004,-6.8701247939999348,0],[112.40387111000007,-6.8704150879999588,0],[112.40361412800007,-6.8707196589999739,0],[112.40359327900001,-6.8707212629999503,0],[112.40349039600005,-6.8707291769999301,0],[112.40342091600007,-6.8707001669999386,0],[112.40340839800001,-6.8706998089999729,0],[112.40331681400005,-6.8706971929999554,0],[112.40323139000009,-6.8707153679999351,0],[112.40317702100003,-6.8707269359999259,0],[112.40314843900001,-6.8707330069999557,0],[112.40284092200011,-6.8707983199999489,0],[112.40257323300011,-6.8708221149999531,0],[112.40234718400006,-6.8708191399999805,0],[112.40209734100006,-6.8707923709999363,0],[112.40193077800006,-6.8707715509999616,0],[112.40176124200002,-6.8708221149999531,0],[112.40132104200006,-6.870866729999932,0],[112.40103190000002,-6.8708894639999585,0],[112.40042097300011,-6.870928130999971,0],[112.39989987100012,-6.8709685819999322,0],[112.39946443000008,-6.8709899959999348,0],[112.3990956130001,-6.87100189399996,0],[112.39887908300011,-6.8710090329999503,0],[112.3988314930001,-6.8710090319999608,0],[112.39882280500001,-6.8710123739999744,0],[112.3988042740001,-6.8710195019999674,0],[112.39866641700007,-6.8710564589999308,0],[112.39861878900001,-6.871069226999964,0],[112.39861972200003,-6.871080415999927,0],[112.39862923900012,-6.8711018309999758,0],[112.39864113600004,-6.8711256249999337,0],[112.39864827500003,-6.8711565589999282,0],[112.39864589500007,-6.8712731519999579,0],[112.3986506550001,-6.871299325999928,0],[112.39865065400011,-6.8713231209999321,0],[112.39863637800011,-6.871344535999981,0],[112.39863161800008,-6.8713659509999729,0],[112.39863161900007,-6.87138260699993,0],[112.39862923900012,-6.8714206789999253,0],[112.39862923900012,-6.8714635089999661,0],[112.39863875700007,-6.8715134779999403,0],[112.39864113600004,-6.8715634469999713,0],[112.39864732300009,-6.8717352439999786,0],[112.39864732300009,-6.8717637979999608,0],[112.39865303300007,-6.8718075789999489,0],[112.39867587600008,-6.87200745399997,0],[112.3986968160001,-6.8722054249999474,0],[112.39870062300008,-6.8722758569999769,0],[112.39870062200009,-6.8722948919999567,0],[112.39869744000009,-6.8723123939999482,0],[112.39869681500011,-6.8723158319999698,0],[112.39867968400006,-6.8723367709999366,0],[112.39863970900001,-6.8723558069999626,0],[112.39861876900011,-6.8723653249999757,0],[112.39861321100011,-6.8723660659999268,0],[112.39859021600012,-6.8723691319999602,0],[112.39855975900002,-6.8723691319999602,0],[112.39853310900003,-6.8723672279999732,0],[112.39850836300002,-6.8723596139999472,0],[112.39847029100008,-6.8723596139999472,0],[112.39844364100009,-6.8723596139999472,0],[112.39841318400011,-6.8723577099999602,0],[112.39839414800008,-6.8723653249999757,0],[112.39839224500008,-6.8723786499999733,0],[112.39839224500008,-6.8723919749999709,0],[112.39839795500006,-6.8724014919999377,0],[112.39840176300004,-6.8724129139999377,0],[112.39840176200005,-6.8724224319999507,0],[112.39840176300004,-6.8724414669999305,0],[112.39841128100011,-6.8724471789999484,0],[112.39844554500007,-6.872447177999959,0],[112.39846077300001,-6.872449081999946,0],[112.39848361600002,-6.8724528889999306,0],[112.39850645900003,-6.8724528889999306,0],[112.39853120500004,-6.8724433709999744,0],[112.39855024100007,-6.8724395639999329,0],[112.39855730400006,-6.8724395639999329,0],[112.39858450500003,-6.8724395639999329,0],[112.39861115500003,-6.8724395639999329,0],[112.39863399800004,-6.8724395639999329,0],[112.39865303400006,-6.8724414679999768,0],[112.39868539400004,-6.8724547929999744,0],[112.39869915200006,-6.8724589199999286,0],[112.39870443000007,-6.872460503999946,0],[112.39872536900009,-6.8724624069999436,0],[112.39873285500005,-6.8724624069999436,0],[112.3987463090001,-6.8724624069999436,0],[112.39876724700002,-6.8724624069999436,0],[112.39879199400002,-6.8724624069999436,0],[112.39880912700005,-6.8724624069999436,0],[112.3988243550001,-6.8724624069999436,0],[112.3988510050001,-6.8724624069999436,0],[112.39885481200008,-6.8724624069999436,0],[112.3988827180001,-6.8724779099999296,0],[112.39888907600005,-6.8724814419999802,0],[112.3989004980001,-6.8724833459999672,0],[112.39892524400011,-6.8724928639999803,0],[112.39895950800008,-6.8724966709999649,0],[112.39904326500005,-6.8725080919999755,0],[112.39917080500004,-6.8725138029999471,0],[112.39930976500011,-6.8725271279999447,0],[112.39941826800009,-6.8725366469999472,0],[112.39950012200006,-6.8725404529999423,0],[112.39955913200004,-6.8725442599999269,0],[112.39958462200002,-6.8725495709999791,0],[112.39959367100005,-6.8725514559999397,0],[112.39960481800006,-6.8725537789999294,0],[112.39961611400008,-6.8725537789999294,0],[112.39964098600001,-6.8725537779999399,0],[112.39971332100004,-6.8725537779999399,0],[112.39976852500001,-6.8725575849999814,0],[112.39985799300007,-6.872572813999966,0],[112.39989225700003,-6.8725823309999328,0],[112.39992271400001,-6.872584235999966,0],[112.3999550740001,-6.8725842349999766,0],[112.39998743500007,-6.8725842349999766,0],[112.40001408600006,-6.8725842349999766,0],[112.40004644600003,-6.8725956569999767,0],[112.4000490410001,-6.872596175999945,0],[112.40006548200006,-6.8725994639999612,0],[112.4000743040001,-6.8726050779999355,0],[112.40008642100008,-6.8726127889999589,0],[112.40009403500005,-6.8726394389999541,0],[112.40010526300011,-6.8726809829999524,0],[112.40011307100008,-6.8727098709999268,0],[112.40010736000011,-6.8727270029999659,0],[112.40010926400009,-6.8727574599999457,0],[112.40011497400008,-6.87280124199998,0],[112.40012449200003,-6.8728240849999338,0],[112.40012830000001,-6.8728469279999445,0],[112.40013020300012,-6.8728754809999373,0],[112.4001340100001,-6.8729021309999325,0],[112.40013781800008,-6.8729249739999432,0],[112.40014352800006,-6.8729459139999562,0],[112.40014923900003,-6.8729725629999621,0],[112.40015685300011,-6.8729935029999751,0],[112.40015875600011,-6.8730106349999573,0],[112.40015494900001,-6.8730277669999396,0],[112.40015494900001,-6.8730448989999786,0],[112.40015494900001,-6.8730677419999324,0],[112.4001606600001,-6.8730924879999407,0],[112.40016637100007,-6.8731096209999691,0],[112.40018540700009,-6.8731705339999394,0],[112.40018921400008,-6.8732067019999477,0],[112.40019492400006,-6.8732314489999453,0],[112.40019492400006,-6.8732561949999535,0],[112.40019682800005,-6.8732790379999642,0],[112.40019873100005,-6.8733190129999571,0],[112.40020444200002,-6.8733342419999417,0],[112.4002101530001,-6.8733494699999369,0],[112.4002120560001,-6.8733627949999345,0],[112.400206346,-6.8733780229999297,0],[112.40020063500003,-6.8733932519999712,0],[112.40018095500011,-6.8734351919999312,0],[112.40000534800004,-6.8734923659999367,0],[112.40003697100008,-6.8736771069999349,0],[112.40005055800009,-6.8737564859999338,0],[112.4000362810001,-6.8737969369999519,0],[112.40002166900001,-6.8737998589999734,0],[112.39986971900009,-6.8738302489999796,0],[112.39986412400003,-6.8738148619999606,0],[112.39986020100002,-6.8738040749999527,0],[112.39983402700011,-6.8738040749999527,0],[112.39980603400011,-6.8738039369999342,0],[112.39980674800006,-6.8737996539999813,0],[112.3998065610001,-6.8737850489999346,0],[112.39980603400011,-6.873743974999968,0],[112.3997724840001,-6.8737432609999587,0],[112.39977034200001,-6.8737418339999294,0],[112.39976740200007,-6.8737136559999499,0],[112.39955350200012,-6.8738252549999288,0],[112.39949376400011,-6.8738564229999497,0],[112.39946149200011,-6.8738661049999337,0],[112.39942238000003,-6.8738778379999417,0],[112.39942750800003,-6.8739002129999562,0],[112.39944855400006,-6.8739920529999381,0],[112.39943903700009,-6.8740348829999789,0],[112.39937479100001,-6.8740444009999351,0],[112.39928675100009,-6.874039641999957,0],[112.39926771500006,-6.8739991909999389,0],[112.39925499800006,-6.8739473449999764,0],[112.39925308800002,-6.8739391089999344,0],[112.39924900200003,-6.8739214829999469,0],[112.39924519500005,-6.8739110129999403,0],[112.39923662900003,-6.8738967359999492,0],[112.39922419700008,-6.8738809899999751,0],[112.39922235200004,-6.8738786529999629,0],[112.39921378600002,-6.873871989999941,0],[112.39920331700012,-6.8738653279999653,0],[112.3992021360001,-6.8738650329999587,0],[112.39918808800007,-6.8738615199999344,0],[112.39917952200005,-6.8738596169999369,0],[112.39917761800007,-6.8738510509999742,0],[112.39917381100008,-6.8738481949999368,0],[112.39915192000001,-6.8738481949999368,0],[112.39909100600005,-6.8738529539999718,0],[112.39908968400005,-6.8738771529999667,0],[112.39895751800009,-6.8739043509999647,0],[112.39881260900006,-6.8739321899999482,0],[112.39857735200007,-6.873982587999933,0],[112.39846345800004,-6.8740015699999617,0],[112.39826906400003,-6.8740496459999463,0],[112.39825153200002,-6.874049973999945,0],[112.39823820700008,-6.874049973999945,0],[112.39822868900001,-6.8740471179999645,0],[112.39822297900002,-6.8740423589999295,0],[112.39821888400002,-6.8740314819999639,0],[112.39821837300008,-6.874030123999944,0],[112.39821711600007,-6.8739788369999815,0],[112.3982147370001,-6.8739407659999756,0],[112.3982147370001,-6.8739288689999398,0],[112.3982218750001,-6.8738931769999567,0],[112.3982218750001,-6.8737908599999287,0],[112.39821235800002,-6.8736385739999264,0],[112.39820283900008,-6.8734339409999734,0],[112.39820208900005,-6.8734151939999606,0],[112.39820046000011,-6.8733744549999756,0],[112.39818133300003,-6.8732729329999529,0],[112.39816952700005,-6.8732102719999375,0],[112.39816697900005,-6.8731911589999299,0],[112.39816001000008,-6.8731388879999713,0],[112.39814294300004,-6.8730582119999326,0],[112.39813383500007,-6.8730151559999513,0],[112.39812669700007,-6.8729818439999804,0],[112.39812669700007,-6.8729685889999814,0],[112.39812669700007,-6.872955668999964,0],[112.3981243180001,-6.8729366339999274,0],[112.39811559500004,-6.8729148289999671,0],[112.39811004000001,-6.8729009409999549,0],[112.39810052300004,-6.872872387999962,0],[112.39807339700008,-6.8727548429999388,0],[112.39803532600001,-6.8725968459999649,0],[112.39800296400006,-6.8724464649999391,0],[112.39799535000009,-6.8723760329999664,0],[112.39799699000002,-6.8723432399999638,0],[112.39799725400007,-6.8723379609999711,0],[112.39799344700009,-6.8723170219999474,0],[112.397987736,-6.8722979859999782,0],[112.39798735200009,-6.8722970259999556,0],[112.39798012200004,-6.8722789509999416,0],[112.39797441100006,-6.8722503969999593,0],[112.39797060400008,-6.8722256499999617,0],[112.39795537500004,-6.8721590249999736,0],[112.39794585800007,-6.8721076299999595,0],[112.39794585800007,-6.8720524259999252,0],[112.39793443600001,-6.8720086429999583,0],[112.39793062900003,-6.87198389699995,0],[112.39792682200004,-6.8719458259999442,0],[112.39790969000001,-6.8717878299999597,0],[112.39789446100008,-6.8716146049999338,0],[112.39789446100008,-6.8715574979999587,0],[112.39789478000012,-6.871553348999953,0],[112.39789636500007,-6.8715327519999505,0],[112.39789636500007,-6.8715022939999812,0],[112.39789255800008,-6.8714642229999754,0],[112.39787733000003,-6.87135571999994,0],[112.39787663000004,-6.8713484909999352,0],[112.39786590800009,-6.871237697999959,0],[112.39785829400012,-6.8711444229999756,0],[112.39785535500005,-6.8711042609999708,0],[112.39785258300003,-6.8710663779999663,0],[112.3978621010001,-6.8710340159999532,0],[112.3978640040001,-6.8710130769999296,0],[112.39786400500009,-6.8709902339999758,0],[112.39785448700002,-6.8709673909999651,0],[112.39784877600005,-6.8709293199999593,0],[112.39783925800009,-6.8707123139999453,0],[112.39786590800009,-6.8704972099999395,0],[112.39787161900006,-6.870434391999936,0],[112.39786781100008,-6.8704058389999432,0],[112.39786019700011,-6.8703906099999585,0],[112.39784687200006,-6.8703753809999739,0],[112.39783164400001,-6.8703696709999349,0],[112.39780499400001,-6.8703639609999527,0],[112.3977878610001,-6.8703639599999633,0],[112.39776882600006,-6.8703658639999503,0],[112.39774979000003,-6.870388706999961,0],[112.39773646500009,-6.8704172599999538,0],[112.39773646500009,-6.8704381999999669,0],[112.39773265800011,-6.8704572349999466,0],[112.39772504400003,-6.8704876919999265,0],[112.39772504300004,-6.8705200529999502,0],[112.39772123700004,-6.8705524139999739,0],[112.39772123700004,-6.8705904849999797,0],[112.39772123700004,-6.8706247489999441,0],[112.39771933400004,-6.87066281999995,0],[112.39771743000006,-6.8707066029999737,0],[112.39772314000004,-6.8707313489999251,0],[112.39772504400003,-6.8707656129999464,0],[112.39772504400003,-6.8708074919999262,0],[112.39772123700004,-6.8708379489999629,0],[112.39772504300004,-6.8708626959999606,0],[112.39772504400003,-6.8709064769999486,0],[112.39773075500011,-6.8709274169999617,0],[112.39773646500009,-6.8709597769999391,0],[112.39773646500009,-6.8709902349999652,0],[112.39773646500009,-6.8710321129999556,0],[112.39774217600007,-6.8710739909999461,0],[112.39774408000005,-6.8711082559999568,0],[112.39774598300005,-6.8711482309999496,0],[112.39775550100001,-6.8712224699999638,0],[112.39775740400012,-6.8712567339999282,0],[112.39775169400002,-6.8712852869999779,0],[112.39774598300005,-6.8712986119999755,0],[112.39774979100002,-6.8713100339999755,0],[112.39775359800001,-6.8713252629999602,0],[112.39775169400002,-6.8713404909999554,0],[112.39775740400012,-6.8713614309999684,0],[112.39776501900008,-6.8713804659999482,0],[112.39776692200007,-6.8713937909999458,0],[112.39777072900006,-6.8714147299999695,0],[112.39777263300005,-6.8714280549999671,0],[112.39777834400002,-6.8714508979999778,0],[112.39778024800012,-6.8714813549999576,0],[112.39777834300003,-6.8715022939999812,0],[112.39777834400002,-6.8715308479999635,0],[112.3977859580001,-6.8715536909999742,0],[112.39779547600006,-6.87159176199998,0],[112.39780499400001,-6.8716393509999421,0],[112.39780880100011,-6.8716926509999325,0],[112.39781260800009,-6.8717173979999302,0],[112.39782022200006,-6.8717402409999409,0],[112.39782593300004,-6.8717573719999336,0],[112.39782403000004,-6.8717821189999313,0],[112.39782212600005,-6.8717992519999598,0],[112.39783925800009,-6.8718163829999526,0],[112.39784192000002,-6.8718323579999492,0],[112.39784306500007,-6.8718392259999632,0],[112.39784291400008,-6.8718402059999448,0],[112.39783925800009,-6.8718639719999715,0],[112.39783925800009,-6.8718906229999561,0],[112.39783925800009,-6.8719077549999383,0],[112.39784306500007,-6.8719229829999335,0],[112.39784496900006,-6.8719401149999726,0],[112.39784877600005,-6.8719648619999703,0],[112.39784306500007,-6.8719991259999347,0],[112.39784306500007,-6.8720219689999453,0],[112.39784306500007,-6.8720390999999381,0],[112.39784306500007,-6.8720581369999536,0],[112.39784496800007,-6.8720790759999772,0],[112.39784877600005,-6.8720924009999749,0],[112.39785068000003,-6.8721152429999393,0],[112.397856391,-6.8721323759999677,0],[112.39785829400012,-6.8721514109999475,0],[112.39785639000002,-6.8721780609999428,0],[112.39785639000002,-6.8722180359999356,0],[112.39786781100008,-6.8722542039999439,0],[112.39787352200005,-6.8722998899999652,0],[112.39787923300003,-6.8723265399999605,0],[112.39788684700011,-6.8723779359999639,0],[112.39788875000011,-6.8724026829999616,0],[112.39789446200007,-6.8724122009999746,0],[112.39790588300002,-6.8724331399999414,0],[112.39789446200007,-6.8724502709999342,0],[112.39789636500007,-6.8724731149999343,0],[112.39790969000001,-6.8725073779999661,0],[112.39791540100009,-6.8725264139999354,0],[112.39791920800008,-6.8725530639999306,0],[112.39793062900003,-6.8725892319999389,0],[112.39793634000011,-6.8726196889999756,0],[112.39794395500007,-6.8726482429999578,0],[112.39795156900004,-6.8726691829999709,0],[112.39795156900004,-6.8726920249999353,0],[112.39795156900004,-6.8727091569999743,0],[112.39795347200004,-6.8727339029999257,0],[112.3979648940001,-6.8727567459999364,0],[112.39796870000009,-6.872781492999934,0],[112.39797441100006,-6.8728214679999269,0],[112.39797821900004,-6.8728443099999481,0],[112.39798012200004,-6.8728690559999563,0],[112.39798583300001,-6.8728880919999256,0],[112.39798773700011,-6.8729147419999777,0],[112.39799915800006,-6.8729946919999634,0],[112.39801057900002,-6.8730441849999693,0],[112.3980181930001,-6.8730803529999775,0],[112.39803342200003,-6.8732459639999774,0],[112.39804103600011,-6.8732764199999679,0],[112.39804865000008,-6.8733049739999501,0],[112.39805626500004,-6.8733563699999536,0],[112.39806197500002,-6.8734210919999441,0],[112.3980676860001,-6.8734629699999346,0],[112.3980676860001,-6.8734858129999452,0],[112.3980695890001,-6.8735181739999689,0],[112.39807530100006,-6.8735562449999748,0],[112.39807910800005,-6.873584798999957,0],[112.39808481800003,-6.8736171589999344,0],[112.39809052900011,-6.8736476169999605,0],[112.39809814300008,-6.8736761699999533,0],[112.39809814300008,-6.8737047239999356,0],[112.3980943360001,-6.8737389869999674,0],[112.39809243200011,-6.8737789629999497,0],[112.39809624000009,-6.8738113229999271,0],[112.39809814300008,-6.873824648999971,0],[112.39810004600008,-6.8738512979999769,0],[112.39810385400006,-6.8738798519999591,0],[112.39810385400006,-6.8739065019999543,0],[112.39810385400006,-6.873919826999952,0],[112.3980943360001,-6.8739350549999472,0],[112.3980924330001,-6.8739502839999318,0],[112.39809243200011,-6.8739712229999554,0],[112.39809052900011,-6.8739826439999661,0],[112.39808291500003,-6.8739959689999637,0],[112.39808101100004,-6.8740035839999791,0],[112.39808865800001,-6.8740471179999645,0],[112.39808770600007,-6.8740509249999491,0],[112.39808675500001,-6.874057587999971,0],[112.39808247100007,-6.8740751959999784,0],[112.39807914000005,-6.8740985149999574,0],[112.39806629100008,-6.874123736999934,0],[112.39805106300003,-6.8741451519999259,0],[112.3980358550001,-6.8741453999999749,0],[112.39803058700011,-6.8741454859999749,0],[112.39790496400008,-6.8741475319999381,0],[112.39790401200003,-6.8741827479999529,0],[112.39751520800007,-6.8742212949999271,0],[112.39750453500005,-6.8742299989999651,0],[112.39750053500006,-6.8742317649999336,0],[112.39751493000006,-6.8743332489999602,0],[112.39750929400009,-6.8743346949999591,0],[112.39707741600012,-6.8744027619999315,0],[112.39707430100009,-6.874446035999938,0],[112.39703578100011,-6.874451287999932,0],[112.39674827800002,-6.8744995719999338,0],[112.39673450300006,-6.874502338999946,0],[112.39673450300006,-6.8745041239999409,0],[112.3967355740001,-6.8745780059999788,0],[112.39669167300008,-6.8745897839999657,0],[112.39669132500001,-6.8745363249999514,0],[112.39668600000005,-6.8745369489999462,0],[112.39642188000005,-6.8745678819999512,0],[112.39636715200004,-6.8745821589999423,0],[112.39636239400011,-6.8746511629999532,0],[112.39626245600004,-6.8746630609999784,0],[112.39624817900005,-6.8746273689999384,0],[112.39625293800009,-6.8746035739999343,0],[112.3962416170001,-6.8745828179999648,0],[112.39623866200009,-6.8745773999999642,0],[112.39621486700003,-6.8745726409999293,0],[112.39617679600008,-6.874575019999952,0],[112.39614348300006,-6.874575019999952,0],[112.39612560400008,-6.874580979999962,0],[112.39609351400009,-6.8745916769999553,0],[112.39607944500005,-6.8745776079999814,0],[112.39606972000001,-6.8745678819999512,0],[112.3960575000001,-6.8745757019999587,0],[112.39601023300008,-6.874605952999957,0],[112.39595312600011,-6.8745892969999431,0],[112.39590062900004,-6.8746031929999276,0],[112.39571581700011,-6.8746023709999804,0],[112.39569376500003,-6.8746011949999684,0],[112.39565660700009,-6.874595137999961,0],[112.39560985100002,-6.8745919259999368,0],[112.39560842300011,-6.8745872859999508,0],[112.39560884500008,-6.8745546209999588,0],[112.39560884900004,-6.8745543319999456,0],[112.39557241300008,-6.8745393289999583,0],[112.39549627000008,-6.8745393289999583,0],[112.3953630200001,-6.8745393289999583,0],[112.3953159890001,-6.8745241129999499,0],[112.39528211800007,-6.874513153999942,0],[112.39523723800005,-6.8744759679999561,0],[112.39521563500011,-6.8744580679999672,0],[112.39519883700007,-6.8744441499999311,0],[112.3952035960001,-6.8741443379999509,0],[112.39519791800001,-6.8740691819999711,0],[112.39518554500012,-6.8740253999999368,0],[112.3951853530001,-6.8740251169999738,0],[112.39510424700006,-6.873930904999952,0],[112.39508616300009,-6.8739098989999547,0],[112.39506722200008,-6.8739085459999387,0],[112.39499022000007,-6.8739030459999526,0],[112.39493283600007,-6.8738989469999296,0],[112.39472475000002,-6.8738843439999755,0],[112.39457142200001,-6.873866090999968,0],[112.39442904700002,-6.8738405359999319,0],[112.39431222700011,-6.8738405359999319,0],[112.39430389800009,-6.8738493859999608,0],[112.39425381600006,-6.8739025969999261,0],[112.39425381600006,-6.8739902129999564,0],[112.39420270700009,-6.8741690939999671,0],[112.39417350200006,-6.8743041679999806,0],[112.39414429700003,-6.8744319409999548,0],[112.39413699600004,-6.8744757479999521,0],[112.39412239300009,-6.8745670139999788,0],[112.39411358600012,-6.8745963719999281,0],[112.39411158200005,-6.8746030509999514,0],[112.39411144100006,-6.8746035209999263,0],[112.39410856800009,-6.8746025869999698,0],[112.39396541600001,-6.8745560619999537,0],[112.39387049900006,-6.8745487609999714,0],[112.39381939000009,-6.8745451109999749,0],[112.39373562500009,-6.8745451109999749,0],[112.39373125900011,-6.8745451109999749,0],[112.39370987100006,-6.8745451109999749,0],[112.3936149540001,-6.8745451109999749,0],[112.39352733800001,-6.8745560619999537,0],[112.39339791000009,-6.8745660809999549,0],[112.3933881050001,-6.8745668399999431,0],[112.39339694400007,-6.8745066059999544,0],[112.3933985430001,-6.8744549229999734,0],[112.39339910300009,-6.8744368329999475,0],[112.39315488000011,-6.874434631999975,0],[112.39315467500001,-6.8744506099999398,0],[112.39292135700009,-6.8744539289999693,0],[112.39291931300011,-6.8744988779999403,0],[112.39291946500009,-6.8745081919999507,0],[112.39253693300009,-6.8745226399999524,0],[112.39250753700003,-6.8745237499999803,0],[112.3922275000001,-6.8745406649999268,0],[112.39221023400012,-6.8745417079999811,0],[112.39220309600012,-6.8749414569999772,0],[112.39223285600008,-6.8749529039999402,0],[112.39223402900006,-6.8749533549999455,0],[112.39225318300009,-6.8750728039999558,0],[112.39224422400002,-6.8750798159999249,0],[112.39208900100004,-6.8752012949999539,0],[112.39185343400004,-6.8754083079999759,0],[112.39160501800006,-6.8755068169999731,0],[112.39130377800006,-6.8755667799999287,0],[112.39120489100003,-6.8755612089999545,0],[112.39120241300009,-6.8755610689999571,0],[112.39120189400001,-6.8755600099999583,0],[112.39118857400001,-6.8755328269999723,0],[112.39114760200005,-6.8754492099999425,0],[112.39113245700003,-6.8754183009999679,0],[112.39102966500002,-6.8754468549999501,0],[112.3910268090001,-6.8754268679999768,0],[112.39094543200008,-6.8754354339999395,0],[112.39094460700005,-6.8754535849999456,0],[112.39094400400006,-6.8754668419999803,0],[112.39094316700005,-6.8754670889999261,0],[112.39080837500001,-6.8755068169999731,0],[112.39079838100008,-6.8754925409999714,0],[112.39042826500008,-6.8756321569999272,0],[112.39039720400001,-6.8756438739999339,0],[112.39039292100006,-6.8756638619999535,0],[112.39038419400003,-6.8756653159999814,0],[112.39034262300004,-6.8756722449999756,0],[112.39029012800006,-6.8756809939999357,0],[112.39028975700001,-6.8756782709999698,0],[112.39028584500011,-6.8756495849999624,0],[112.39022017200011,-6.875655295999934,0],[112.39021858600006,-6.8756780989999697,0],[112.38988427100003,-6.8757387749999452,0],[112.38976648800008,-6.8757673289999275,0],[112.38960825400011,-6.8757935029999544,0],[112.38944407100007,-6.8758065899999679,0],[112.38915853600008,-6.8758125379999342,0],[112.38912607900011,-6.8758140909999383,0],[112.38910510200003,-6.8758150939999609,0],[112.38897774500003,-6.8758211849999498,0],[112.38895298500006,-6.875822368999934,0],[112.38888489800001,-6.8758256259999371,0],[112.38887692000003,-6.8758262549999358,0],[112.38887568100006,-6.8758831189999796,0],[112.38882000500007,-6.8758817499999623,0],[112.38880856200001,-6.8758814689999781,0],[112.38880307200009,-6.8758788339999342,0],[112.38877881900009,-6.8758671919999301,0],[112.38875026500011,-6.8758707609999306,0],[112.38874196300003,-6.8758713149999267,0],[112.38873241900001,-6.8758719509999651,0],[112.38871100400002,-6.8758600529999399,0],[112.38869077900006,-6.8758469659999264,0],[112.38867674400001,-6.8758428379999259,0],[112.38868999300007,-6.8756871719999708,0],[112.38870712500011,-6.8754687369999488,0],[112.38872425700004,-6.8752759999999284,0],[112.38873710600001,-6.8751232389999473,0],[112.3887458050001,-6.8750374859999397,0],[112.38874709900006,-6.8750247299999501,0],[112.388200299,-6.8747691759999725,0],[112.38814462000005,-6.8747506149999253,0],[112.38811463900004,-6.8748377039999582,0],[112.38865287300007,-6.8750818359999357,0],[112.38864430700005,-6.875203188999933,0],[112.38862717500001,-6.8753673719999711,0],[112.38860433200011,-6.8756543349999788,0],[112.38858608200007,-6.8758410179999601,0],[112.38858242100002,-6.8759399969999322,0],[112.38858228900006,-6.8759435669999789,0],[112.38857974400003,-6.8759444319999261,0],[112.38855391800007,-6.8759532129999457,0],[112.38849709600004,-6.8759532129999457,0],[112.3884268170001,-6.8759621849999348,0],[112.38835354700007,-6.87598012899997,0],[112.38828027700004,-6.8759831189999545,0],[112.3882085030001,-6.8759876049999775,0],[112.38814121400003,-6.8759905959999514,0],[112.38808140200001,-6.8759980729999484,0],[112.38800514100001,-6.8759980729999484,0],[112.38794233900001,-6.8759920909999437,0],[112.38786458300001,-6.8759696619999318,0],[112.3878491590001,-6.875950032999981,0],[112.38784813400002,-6.8759487279999689,0],[112.3878526200001,-6.8759128399999554,0],[112.38786607800012,-6.8758679809999421,0],[112.38787654500004,-6.8758111599999552,0],[112.38790047000009,-6.8757154599999808,0],[112.38791691800009,-6.8756541529999708,0],[112.38792738600011,-6.8756063029999268,0],[112.3879453290001,-6.8755449959999737,0],[112.38796350900009,-6.8754995439999789,0],[112.38796626300007,-6.8754926599999635,0],[112.38798719800002,-6.8754478009999502,0],[112.38798972800009,-6.8753946699999346,0],[112.38799018800012,-6.8753849979999586,0],[112.38798271200005,-6.8753491109999345,0],[112.38796327300008,-6.8753281769999717,0],[112.38794932500002,-6.875319807999972,0],[112.38794832000008,-6.8753192049999257,0],[112.38793934800003,-6.8753416339999376,0],[112.3879224320001,-6.8754339689999711,0],[112.38791357100001,-6.8754782739999314,0],[112.38790841400009,-6.8755040619999477,0],[112.38789205900002,-6.8755764899999576,0],[112.38787804100002,-6.8756816289999279,0],[112.38786168600006,-6.8757423759999483,0],[112.38784299400004,-6.875842840999951,0],[112.38777757500009,-6.8759082609999496,0],[112.38776229300004,-6.8759076949999667,0],[112.3877144920001,-6.8759059239999374,0],[112.38759944100002,-6.8758826939999267,0],[112.3875987990001,-6.8758821129999319,0],[112.38760281700002,-6.8757411859999706,0],[112.38761021700009,-6.8755963579999388,0],[112.38761114500005,-6.8755781919999777,0],[112.38761386900001,-6.8755574929999739,0],[112.38761709400001,-6.8755329819999815,0],[112.38762245200007,-6.8754504829999519,0],[112.38763028400001,-6.8753298919999679,0],[112.38755182900002,-6.8753264309999622,0],[112.38747268800012,-6.8753229399999327,0],[112.38738464800008,-6.8753348369999685,0],[112.38722998300011,-6.8752991449999286,0],[112.38722226900006,-6.8752702169999793,0],[112.38722046500004,-6.8752634529999455,0],[112.38723950000008,-6.8751278239999465,0],[112.38725615700002,-6.8750326449999761,0],[112.38730612500001,-6.874759006999966,0],[112.38734181700011,-6.8744520569999281,0],[112.38734657600003,-6.8743782939999392,0],[112.38749172300004,-6.8739404729999478,0],[112.38729534100003,-6.873901195999963,0],[112.38727757200002,-6.8738976419999744,0],[112.38726091600006,-6.8741141729999526,0],[112.38723950000008,-6.8742450439999629,0],[112.38722162700003,-6.8743252869999765,0],[112.38720497100007,-6.8744192749999797,0],[112.38718593500005,-6.8745120739999379,0],[112.38717645200006,-6.8745770009999774,0],[112.38717046900001,-6.8746179609999558,0],[112.38716095100006,-6.8747226569999498,0],[112.38716095100006,-6.8747773849999589,0],[112.38716323900007,-6.8747939159999305,0],[112.38716764100002,-6.8748257269999726,0],[112.38713480400008,-6.8751278239999465,0],[112.38711920500009,-6.8751387429999795,0],[112.38711101000001,-6.8751444799999604,0],[112.38710966800011,-6.8751590479999436,0],[112.38709435300007,-6.8753253189999555,0],[112.38702534900006,-6.8758916309999449,0],[112.38692065300006,-6.8765578799999503,0],[112.3869050080001,-6.8765558599999395,0],[112.38669936300005,-6.876529325999968,0],[112.38670412200008,-6.876507910999976,0],[112.38672553700007,-6.876498392999963,0],[112.38676836700006,-6.8764650809999353,0],[112.38677550600005,-6.8764198709999391,0],[112.38674933100003,-6.876374660999943,0],[112.38671126000008,-6.8763651439999762,0],[112.38670650100005,-6.8763151749999452,0],[112.38670650100005,-6.8758844919999547,0],[112.38672553700007,-6.8756798589999448,0],[112.3867517110001,-6.8752824889999715,0],[112.38676836700006,-6.8748042169999621,0],[112.38676914300004,-6.8746088019999547,0],[112.38676936100001,-6.8745539049999707,0],[112.38676960200007,-6.8744931419999489,0],[112.38677038900005,-6.8742947219999451,0],[112.38677071400002,-6.8742129729999419,0],[112.38677074700001,-6.8742045929999449,0],[112.3865874170001,-6.8741845409999769,0],[112.38633660300002,-6.874157107999963,0],[112.38631389000011,-6.8741546239999707,0],[112.38628295700005,-6.874437779999937,0],[112.38621395300004,-6.8747304539999732,0],[112.38622273300007,-6.8747545979999813,0],[112.38624250600003,-6.8748089759999402,0],[112.38623774700011,-6.8748874979999641,0],[112.38618539900006,-6.8750183689999744,0],[112.3861616050001,-6.8750421629999323,0],[112.3860970830001,-6.8750260329999264,0],[112.38609498000005,-6.8750255069999753,0],[112.3859879040001,-6.8750350249999315,0],[112.38598401500008,-6.8750746949999666,0],[112.38598005800009,-6.8751150509999661,0],[112.38597600700007,-6.8751563769999393,0],[112.38599173400007,-6.8751611639999624,0],[112.38603073400009,-6.8751730339999426,0],[112.38604263200011,-6.8751730339999426,0],[112.38608784100006,-6.8752015869999354,0],[112.38632102800011,-6.8752943859999505,0],[112.38642810400006,-6.8753395959999466,0],[112.38646855500008,-6.8756084749999786,0],[112.38643524300005,-6.8757393449999427,0],[112.3863815310001,-6.8757327999999802,0],[112.38632635500005,-6.8757260759999781,0],[112.38585976900004,-6.8756041949999371,0],[112.38552497300009,-6.8755255689999331,0],[112.38549297600002,-6.8755180549999295,0],[112.38549251900008,-6.8755143989999397,0],[112.38548054800003,-6.8754186379999283,0],[112.3854795960001,-6.8752949449999505,0],[112.38547946300002,-6.8752776729999709,0],[112.38549056900001,-6.8752236319999724,0],[112.38554886600002,-6.8750308959999415,0],[112.38559883500011,-6.8748702829999502,0],[112.38564880400008,-6.8747608269999319,0],[112.38567854700011,-6.8746811159999766,0],[112.38576658600005,-6.8745062249999478,0],[112.38585938500012,-6.8743063499999266,0],[112.38590956300004,-6.8742039059999342,0],[112.38591649300008,-6.8741897569999537,0],[112.38592049800002,-6.8741795029999366,0],[112.38594623600011,-6.8741136139999526,0],[112.3859676510001,-6.8740588859999434,0],[112.3859676510001,-6.8740536339999494,0],[112.3859676510001,-6.874051748999932,0],[112.38595575400007,-6.8740457999999762,0],[112.38593983900012,-6.8740400129999557,0],[112.38593236500003,-6.8740372949999369,0],[112.38591649200009,-6.8740315229999283,0],[112.3858808010001,-6.8740945779999265,0],[112.38588080000011,-6.8741052859999741,0],[112.38582964300008,-6.8742254489999368,0],[112.38575587900004,-6.8743860619999282,0],[112.38568449500008,-6.8745407269999532,0],[112.38564880300009,-6.874618059999932,0],[112.38560954200011,-6.874701340999934,0],[112.38558336800008,-6.8747620169999664,0],[112.38555243500002,-6.874846487999946,0],[112.38551436400007,-6.8749535639999522,0],[112.38548343100001,-6.8750511219999453,0],[112.3854536880001,-6.8751712839999755,0],[112.38543346200004,-6.8752486169999543,0],[112.38542656100003,-6.8752850219999573,0],[112.3854199000001,-6.8753059619999704,0],[112.38541038200003,-6.875317382999981,0],[112.3854049360001,-6.8753300779999336,0],[112.38519956100004,-6.8753300779999336,0],[112.38519828200003,-6.8754043919999503,0],[112.38519792300008,-6.8754252559999713,0],[112.38513367700011,-6.8754276359999267,0],[112.38513272700004,-6.8753905909999276,0],[112.38513272400007,-6.8753904799999646,0],[112.38513142900001,-6.8753399349999427,0],[112.38513129800003,-6.8753348369999685,0],[112.38509147100001,-6.8753348689999711,0],[112.3850870120001,-6.8753348729999288,0],[112.38508766200005,-6.8753145649999396,0],[112.38510995800004,-6.8751369569999383,0],[112.38512961600009,-6.8750573339999619,0],[112.38514911100003,-6.8749783689999617,0],[112.38516780300006,-6.8748965949999388,0],[112.38518415800002,-6.8748218289999272,0],[112.38520752200009,-6.874742390999927,0],[112.38522855000008,-6.8746489349999251,0],[112.38523789500005,-6.8746068789999413,0],[112.38526593200004,-6.8745437959999549,0],[112.38527294100004,-6.8744947319999596,0],[112.38527995100003,-6.8744596849999766,0],[112.38523555900008,-6.874450339999953,0],[112.38517948500009,-6.8744923949999475,0],[112.38514210200003,-6.8745788429999379,0],[112.38511873800007,-6.8746255709999673,0],[112.38501126300002,-6.8746419259999811,0],[112.38498322600003,-6.8747400549999611,0],[112.38498096000001,-6.8748284479999597,0],[112.38498089000007,-6.8748311749999402,0],[112.3849681800001,-6.8749498649999623,0],[112.38495920800005,-6.8751248149999356,0],[112.38494724600002,-6.8752504209999756,0],[112.38493400700008,-6.8753128329999527,0],[112.38492605100009,-6.8753503359999399,0],[112.38492376000011,-6.8753611349999346,0],[112.38492424600008,-6.8754045369999517,0],[112.38476486100001,-6.8754276359999267,0],[112.38476204800008,-6.8753929439999411,0],[112.38475772300001,-6.8753395959999466,0],[112.38446885600001,-6.875357203999954,0],[112.38446993800005,-6.8753927369999701,0],[112.38447181900005,-6.8754545489999259,0],[112.38447493800004,-6.875557037999954,0],[112.38448218100007,-6.8757950249999453,0],[112.38420426000005,-6.8758083499999429,0],[112.38420426000005,-6.8757607599999346,0],[112.38412181900003,-6.8757533989999615,0],[112.3838844600001,-6.8757322069999418,0],[112.38370171800011,-6.8757436279999524,0],[112.38354181800003,-6.8757417249999548,0],[112.38326960800009,-6.8756884249999644,0],[112.3831792850001,-6.8756838429999334,0],[112.38321222600007,-6.8755437809999762,0],[112.38321456200003,-6.8754923799999688,0],[112.38314213400008,-6.8754806969999436,0],[112.38305335000007,-6.8754666789999419,0],[112.38301830400007,-6.8754830339999558,0],[112.38299961300004,-6.875567144999934,0],[112.38299026700008,-6.8756676099999368,0],[112.38298809300011,-6.8756937009999319,0],[112.38296123000009,-6.8756979429999774,0],[112.38291744700007,-6.8757283999999572,0],[112.38279752300002,-6.8757169779999572,0],[112.38276706500005,-6.8757588569999371,0],[112.38228736600001,-6.8757264959999702,0],[112.38228228000003,-6.8757459939999421,0],[112.38227594500006,-6.8757702779999477,0],[112.38226456500001,-6.8757688699999449,0],[112.38189142400006,-6.8757226889999288,0],[112.38158494900006,-6.8756598709999253,0],[112.38151763100007,-6.8755738529999348,0],[112.38151642100001,-6.8755723069999704,0],[112.38155639600006,-6.8754219249999551,0],[112.38141422800004,-6.8753733359999387,0],[112.38140601400005,-6.8753705289999516,0],[112.38136413500001,-6.8754790319999302,0],[112.38131509100003,-6.8754652659999351,0],[112.38124727600007,-6.8754459929999712,0],[112.38119944900006,-6.8754345719999606,0],[112.3811039630001,-6.8754068069999335,0],[112.38109879800004,-6.8754053049999584,0],[112.38108951800007,-6.8754031629999304,0],[112.38109158600003,-6.8753966139999534,0],[112.38109380100002,-6.8753895999999486,0],[112.38104954300002,-6.8753746099999375,0],[112.38103883600002,-6.8753910279999673,0],[112.38100814100005,-6.8753781779999485,0],[112.3809082030001,-6.8753467699999646,0],[112.3809082030001,-6.8753417729999455,0],[112.38090534700007,-6.8753367759999264,0],[112.38089249900008,-6.8753360619999739,0],[112.38087893500006,-6.8753360619999739,0],[112.38086323100003,-6.8753339209999353,0],[112.38083681900002,-6.8753253549999727,0],[112.38082111500012,-6.8753182159999255,0],[112.38081210000007,-6.8753115179999327,0],[112.38081038200005,-6.875306079999973,0],[112.38080493400003,-6.8752888299999313,0],[112.38080493500001,-6.8752764569999272,0],[112.38080683800001,-6.8752664629999458,0],[112.38081540400003,-6.8752493309999636,0],[112.38090534800006,-6.8751636699999494,0],[112.38100385700011,-6.8750537389999522,0],[112.38111949900008,-6.8749323869999444,0],[112.38118802800011,-6.8748652859999311,0],[112.38124513500009,-6.8748010399999657,0],[112.3813193740001,-6.8747139519999791,0],[112.38143644400009,-6.8745840339999518,0],[112.38152781500003,-6.8744898069999749,0],[112.38156921700011,-6.8744469759999447,0],[112.38167486600003,-6.8743313349999653,0],[112.3818333370001,-6.8741614419999451,0],[112.38194612400002,-6.8740386609999291,0],[112.38204177900002,-6.8739401509999425,0],[112.38211887300008,-6.8738587739999275,0],[112.3821788350001,-6.8737959559999808,0],[112.38227163400006,-6.8737259989999302,0],[112.38234301800003,-6.8736731759999543,0],[112.38245009400009,-6.8736046479999686,0],[112.38255431400012,-6.8735432579999269,0],[112.38256716300009,-6.8735404019999464,0],[112.38266424500011,-6.8735475409999367,0],[112.38282985600006,-6.873560389999966,0],[112.38292408200005,-6.8735660999999482,0],[112.38292836500011,-6.8735561059999668,0],[112.38293264800006,-6.8735418299999651,0],[112.38294407000001,-6.8735161319999634,0],[112.3829355040001,-6.8735018549999722,0],[112.38293259700004,-6.8734985319999282,0],[112.38292551000006,-6.8734904329999722,0],[112.38290552300009,-6.8734761569999705,0],[112.3828912460001,-6.8734718739999607,0],[112.38286983100011,-6.8734704459999421,0],[112.38284270500003,-6.8734690189999696,0],[112.38281272400002,-6.8734718729999713,0],[112.38278417000004,-6.8734733009999331,0],[112.38276275500004,-6.8734704459999421,0],[112.38274990600007,-6.8734647349999705,0],[112.38272420800001,-6.8734647349999705,0],[112.38266139000007,-6.8734604519999607,0],[112.38260142700005,-6.8734604519999607,0],[112.38256288100001,-6.873459023999942,0],[112.3825457480001,-6.8734518859999412,0],[112.38251576700009,-6.8734575959999802,0],[112.38242296800001,-6.8735118479999642,0],[112.38232017500002,-6.8735732389999384,0],[112.38223879800012,-6.8736289179999517,0],[112.38217455200004,-6.8736774589999641,0],[112.3820903190001,-6.8737488429999303,0],[112.38199466500009,-6.8738487799999461,0],[112.38195326200002,-6.8738858999999479,0],[112.38190614900009,-6.8739315849999798,0],[112.38187759600009,-6.8739658499999337,0],[112.38176338100004,-6.8740857739999797,0],[112.38166201700005,-6.8741957049999769,0],[112.38155779600004,-6.8743070649999254,0],[112.38150497200002,-6.8743713099999582,0],[112.38142787800007,-6.8744469769999341,0],[112.38138076400003,-6.8745069389999571,0],[112.3812822540001,-6.874606875999973,0],[112.38123799700008,-6.8746511339999756,0],[112.38115376400003,-6.8747353669999711,0],[112.38105382600008,-6.8748481539999489,0],[112.38094532300011,-6.8749652229999469,0],[112.38084538500004,-6.8750694429999726,0],[112.3807397380001,-6.8751879409999788,0],[112.38068456100007,-6.8752544109999576,0],[112.3805918810001,-6.8753712429999609,0],[112.38020894800002,-6.875252072999956,0],[112.38023797400001,-6.8751162169999702,0],[112.38027068400004,-6.8750180879999334,0],[112.38030573000003,-6.874940985999956,0],[112.38034311200011,-6.8748475299999541,0],[112.3803711490001,-6.8747657549999417,0],[112.38039918600009,-6.8747050089999675,0],[112.38042956000004,-6.874655943999926,0],[112.38044591400001,-6.8746115519999762,0],[112.38040152300005,-6.8745835149999266,0],[112.3803571310001,-6.8745718329999477,0],[112.38026505200003,-6.8745424139999614,0],[112.38027065400001,-6.8745241549999605,0],[112.37992563200009,-6.8744004229999405,0],[112.37972263500001,-6.874990769999954,0],[112.37970461200007,-6.875001200999975,0],[112.37969795000004,-6.8750088149999442,0],[112.37968938300003,-6.8750154769999767,0],[112.37968272100011,-6.8750230919999353,0],[112.37967320400003,-6.8750297539999679,0],[112.37966749200007,-6.875037367999937,0],[112.37966273400002,-6.8750449829999525,0],[112.3796579750001,-6.8750449819999631,0],[112.37964940800009,-6.8750430789999655,0],[112.37963893900007,-6.875037367999937,0],[112.37962751800001,-6.8750278499999808,0],[112.37962847000006,-6.8750183329999572,0],[112.37962846900007,-6.8750088149999442,0],[112.3796227580001,-6.8750078629999507,0],[112.37960943400003,-6.8750078629999507,0],[112.37960753000004,-6.8750145259999726,0],[112.37960753100003,-6.8750211879999483,0],[112.37960562700005,-6.8750268989999768,0],[112.37960277100001,-6.8750345129999459,0],[112.37958299000002,-6.8750428769999417,0],[112.37957109200011,-6.8750904659999605,0],[112.37953352900001,-6.8750690159999408,0],[112.37950021600011,-6.8750583069999607,0],[112.37952995900002,-6.8749857339999494,0],[112.37944073000006,-6.8749524219999785,0],[112.37939314000005,-6.8749440929999537,0],[112.3793443620001,-6.8749286269999743,0],[112.37932175700007,-6.8749179189999268,0],[112.37929082400001,-6.8749048319999702,0],[112.3792610810001,-6.8748893659999339,0],[112.37922776800008,-6.8748738999999546,0],[112.3791813680001,-6.8748548639999285,0],[112.37913259000004,-6.8748393969999597,0],[112.37910046700006,-6.8748334489999365,0],[112.37908262100007,-6.8748274999999808,0],[112.37901956600001,-6.8748013259999539,0],[112.3788958340001,-6.8747501669999451,0],[112.37879589600004,-6.8747120959999393,0],[112.37875782500009,-6.8746978199999376,0],[112.37864717900004,-6.8746526099999414,0],[112.37854010400008,-6.8746109689999457,0],[112.37849489400003,-6.8745847949999757,0],[112.37838068000008,-6.8745348259999446,0],[112.3783200040001,-6.8745015139999737,0],[112.37827479500004,-6.8744789089999472,0],[112.37818437400006,-6.8744325089999734,0],[112.37810942200008,-6.8743956279999452,0],[112.3780737300001,-6.8743706429999634,0],[112.37805350400004,-6.8743516079999267,0],[112.37803090000011,-6.8743373309999356,0],[112.3779868790001,-6.8743135359999314,0],[112.37795594600004,-6.8742897419999736,0],[112.37793453200004,-6.8742754649999256,0],[112.377857199,-6.8742231159999392,0],[112.37774417500009,-6.8741493539999396,0],[112.37770372300008,-6.8741315069999587,0],[112.37761092400001,-6.8740946259999305,0],[112.37754275500004,-6.8740688639999803,0],[112.37752099500005,-6.8740606409999714,0],[112.37754686800008,-6.8740096779999362,0],[112.37756887900002,-6.8739675699999339,0],[112.37758993300008,-6.8739206769999441,0],[112.37760428800004,-6.8738766549999468,0],[112.37761003000003,-6.8738546449999376,0],[112.37764797300008,-6.8736963039999637,0],[112.37767989500003,-6.8735630869999795,0],[112.37773100400011,-6.8733872719999454,0],[112.37774502200011,-6.8733288619999371,0],[112.3777660500001,-6.8732914799999776,0],[112.37779175100002,-6.8732564329999377,0],[112.37783847900005,-6.8732517609999491,0],[112.37788520700008,-6.8732751249999637,0],[112.37796464500002,-6.8733031619999565,0],[112.37803006500008,-6.8733288619999371,0],[112.37809548400003,-6.8733522259999518,0],[112.37815623100005,-6.8733732539999437,0],[112.37821931400003,-6.8733919449999803,0],[112.37824267800011,-6.8733428809999282,0],[112.37818894100008,-6.873324188999959,0],[112.37808847500003,-6.8733031619999565,0],[112.37797165400002,-6.8732494239999369,0],[112.37790623500007,-6.873226059999979,0],[112.37783614200009,-6.8732143779999433,0],[112.37778474100003,-6.8732143779999433,0],[112.37773100400011,-6.8732354059999352,0],[112.37769829400008,-6.8732914799999776,0],[112.37767726600009,-6.8733054979999793,0],[112.37761652000006,-6.8733078339999452,0],[112.37754109500008,-6.8732790039999259,0],[112.37754073100007,-6.8732760919999691,0],[112.37753121300011,-6.8732630039999663,0],[112.37751931500009,-6.8732546759999309,0],[112.37750384900005,-6.8732487279999646,0],[112.37749195200001,-6.8732415889999743,0],[112.37747767500002,-6.8732344509999734,0],[112.37746339800003,-6.8732249329999604,0],[112.37744912100004,-6.873216604999925,0],[112.37743484400005,-6.8732058969999343,0],[112.37742413700005,-6.8732011389999457,0],[112.37741105000009,-6.8732058969999343,0],[112.37738368600003,-6.8732368299999393,0],[112.37736782500008,-6.8732561199999509,0],[112.3772868100001,-6.8734319819999428,0],[112.37719163100007,-6.8736009239999589,0],[112.3771367600001,-6.8737250579999341,0],[112.37704648400006,-6.8739292889999319,0],[112.37697346000004,-6.8740763649999508,0],[112.37687754300009,-6.8742695519999302,0],[112.37663007900005,-6.8746883369999523,0],[112.37639927100008,-6.8747502029999623,0],[112.37639892900006,-6.8747511609999492,0],[112.37638737400005,-6.8747835159999795,0],[112.37628981600005,-6.8747668599999656,0],[112.37628512700007,-6.8747608309999464,0],[112.37627521700006,-6.8747480899999687,0],[112.37627315900011,-6.8747454439999274,0],[112.37623984700008,-6.8747097519999443,0],[112.37621004000005,-6.8746985749999681,0],[112.37620177600002,-6.8746954759999426,0],[112.37622319100001,-6.8743694899999355,0],[112.37627760900011,-6.8737708879999673,0],[112.37627791800003,-6.8737674859999629,0],[112.37586865100002,-6.8735652319999758,0],[112.37575513200011,-6.8737536729999533,0],[112.37574967800003,-6.873762726999928,0],[112.37561182800005,-6.8736857289999307,0],[112.37550568900008,-6.8736264439999673,0],[112.37548555800004,-6.8736151999999606,0],[112.37546846700002,-6.8736129279999432,0],[112.37549558300009,-6.8735766169999692,0],[112.37554769400003,-6.8734945259999449,0],[112.37559885200005,-6.8734076759999425,0],[112.3756476320001,-6.8733279639999409,0],[112.37568332300009,-6.8732660979999309,0],[112.37573448100011,-6.8731804369999736,0],[112.37577017400008,-6.8731245199999762,0],[112.37584631600009,-6.872998407999944,0],[112.37588200800008,-6.8729389219999462,0],[112.37589866500002,-6.8729353519999563,0],[112.37591175200009,-6.8729317829999559,0],[112.37591651000002,-6.8729222659999323,0],[112.37597480700003,-6.8728806249999366,0],[112.37614731800011,-6.8727783079999654,0],[112.37616635400002,-6.8727771189999771,0],[112.37617944100009,-6.8727735499999767,0],[112.37619014800009,-6.8727616519999515,0],[112.37621037300005,-6.8727509439999608,0],[112.37623178900003,-6.8727354779999814,0],[112.37634124400006,-6.8726807499999722,0],[112.37638288500011,-6.8726533859999677,0],[112.37644594000005,-6.8726010389999601,0],[112.37648520100004,-6.8725617779999766,0],[112.37652684300008,-6.8725213269999585,0],[112.37656729300011,-6.8724796859999628,0],[112.37663272900011,-6.8724023529999272,0],[112.37668626600009,-6.8723297789999265,0],[112.376701733,-6.872309553999969,0],[112.37671244000001,-6.8722976569999332,0],[112.37672000000009,-6.8722879359999638,0],[112.37673515500001,-6.8722774659999573,0],[112.37675204700008,-6.8722657949999757,0],[112.3768268120001,-6.8722027119999325,0],[112.37689690500008,-6.8721092549999412,0],[112.37699503400006,-6.8720321539999532,0],[112.37706979900008,-6.8719503789999408,0],[112.37721465700008,-6.8718265489999339,0],[112.37728007600003,-6.8717798209999614,0],[112.37734549600009,-6.8717307559999767,0],[112.37732914100002,-6.8716933739999604,0],[112.37727306700003,-6.8716910369999482,0],[112.37722867500008,-6.8717237469999759,0],[112.37718895600005,-6.8717658029999598,0],[112.37713989200006,-6.871824212999968,0],[112.37708615400004,-6.8718709409999406,0],[112.37701606200005,-6.871922341999948,0],[112.37696232400003,-6.8719690699999774,0],[112.37682914900006,-6.8720648629999346,0],[112.37673335600005,-6.872146637999947,0],[112.37668421900003,-6.872229913999945,0],[112.37665376700011,-6.8722546779999334,0],[112.37664182900005,-6.8722643859999266,0],[112.37656976400001,-6.8723229909999759,0],[112.37656491400003,-6.87232740099995,0],[112.37655539600007,-6.8723369179999736,0],[112.37653874000011,-6.8723535739999306,0],[112.37651732400002,-6.8723773689999348,0],[112.37646973500011,-6.8724356659999444,0],[112.37644832000001,-6.8724594599999591,0],[112.37642452500006,-6.872482065999975,0],[112.3764114380001,-6.8724963419999767,0],[112.37639597200007,-6.8725141879999683,0],[112.37637574600001,-6.8725284649999594,0],[112.3763531410001,-6.8725451209999733,0],[112.37633529600009,-6.8725605879999421,0],[112.37629127600007,-6.8725950889999581,0],[112.3762448760001,-6.8726260229999525,0],[112.37622108200003,-6.8726414889999319,0],[112.37620799500007,-6.8726521969999794,0],[112.37619847700012,-6.8726593349999803,0],[112.37619133800001,-6.8726629039999807,0],[112.37617944100009,-6.872670042999971,0],[112.3761687330001,-6.8726783709999495,0],[112.37615088700011,-6.8726926469999512,0],[112.37614018000011,-6.872700975999976,0],[112.37613661000012,-6.8727069249999317,0],[112.37613066200004,-6.8727164419999554,0],[112.37612590300012,-6.872722390999968,0],[112.37611400600008,-6.8727271489999566,0],[112.37610210900004,-6.8727366669999697,0],[112.37608426200006,-6.8727449959999376,0],[112.37606998600006,-6.8727461859999721,0],[112.3760568990001,-6.872748564999938,0],[112.37601763700002,-6.872779497999943,0],[112.37595339200004,-6.872822327999927,0],[112.37587606000011,-6.8728722969999581,0],[112.37582847100009,-6.8729067989999635,0],[112.3758106250001,-6.8729222649999429,0],[112.3758070560001,-6.8729353519999563,0],[112.37574399900006,-6.8730376699999738,0],[112.37563930300007,-6.8732066109999437,0],[112.37554174500008,-6.8733660349999468,0],[112.37551200200005,-6.8734183829999438,0],[112.37549891500009,-6.8734148139999434,0],[112.37549058700006,-6.8734255219999341,0],[112.37548939700002,-6.8734350399999471,0],[112.37548582800002,-6.8734397979999358,0],[112.37549058700006,-6.8734457469999484,0],[112.37546560200008,-6.8734945259999449,0],[112.37542515200005,-6.8735718579999343,0],[112.37541396800009,-6.8735880389999693,0],[112.37540897100007,-6.8735966039999425,0],[112.37539609000009,-6.8736033029999248,0],[112.37537542100006,-6.8736068369999543,0],[112.37533021200011,-6.8736011259999259,0],[112.37529071200004,-6.8735958909999795,0],[112.37527786300006,-6.8735939869999356,0],[112.37527453200005,-6.8735916079999697,0],[112.37527223300003,-6.8735858009999333,0],[112.37517718000004,-6.8735723699999767,0],[112.3751391080001,-6.8736913429999618,0],[112.37514148800005,-6.8737151379999659,0],[112.3751475250001,-6.8737279669999793,0],[112.37515413400001,-6.8737420109999334,0],[112.37516052400008,-6.8737555889999271,0],[112.37515338500009,-6.8737865219999321,0],[112.37511293400007,-6.873781762999954,0],[112.37511055500011,-6.8738269719999607,0],[112.37507486300001,-6.8738293519999729,0],[112.37507248300005,-6.8738888379999707,0],[112.37503722600002,-6.8738911779999512,0],[112.37500555200006,-6.8739189179999585,0],[112.37492964600006,-6.8739853939999307,0],[112.37486889900003,-6.874022775999947,0],[112.37478011600001,-6.8740297859999373,0],[112.37470301400003,-6.8740064219999795,0],[112.37465747400006,-6.8739290159999769,0],[112.3746503210001,-6.8739168579999728,0],[112.3745751890001,-6.8739218439999377,0],[112.3745347250001,-6.8739245299999538,0],[112.37454410300006,-6.8735236169999325,0],[112.37454424300006,-6.8735176429999569,0],[112.37401124400003,-6.8733962899999597,0],[112.37399696700004,-6.8737365529999579,0],[112.37397079300001,-6.8737460709999709,0],[112.37394054200001,-6.8743294869999545,0],[112.3739374810001,-6.8743885249999721,0],[112.37392907000003,-6.8743895769999313,0],[112.37391844500007,-6.8743909049999274,0],[112.37392030300009,-6.8744354949999433,0],[112.37392082400004,-6.8744480119999594,0],[112.37391784500005,-6.8744483669999568,0],[112.37371928100004,-6.8744720489999622,0],[112.37366146300008,-6.8744789449999644,0],[112.37359592900009,-6.8744660369999337,0],[112.3733473740001,-6.8744170789999544,0],[112.37314512000012,-6.8743552129999443,0],[112.37318633300004,-6.8742565509999736,0],[112.37322364200008,-6.874167234999959,0],[112.37320460700005,-6.87415533799998,0],[112.37334680600009,-6.8738476279999645,0],[112.37334975400006,-6.8738412489999519,0],[112.37313798200012,-6.873741311999936,0],[112.37314750000007,-6.8737079989999756,0],[112.37302080100005,-6.8736594019999302,0],[112.37300569600006,-6.8736536079999269,0],[112.37297379900008,-6.8736413739999307,0],[112.37290888500002,-6.8738023059999591,0],[112.37286893100008,-6.8737797899999578,0],[112.37280351100003,-6.8737540889999309,0],[112.37277547400004,-6.8737867989999586,0],[112.37273667600005,-6.8738893879999523,0],[112.37270729900001,-6.8738698029999341,0],[112.37263353600008,-6.8738150749999249,0],[112.37260486800005,-6.8738022499999261,0],[112.37263061700003,-6.8737307249999731,0],[112.37262594400011,-6.8736980149999454,0],[112.37258856100004,-6.8736676419999299,0],[112.37260491600011,-6.8736372689999712,0],[112.37263529000006,-6.8735718489999726,0],[112.37262360700004,-6.8735297939999782,0],[112.372555852,-6.8734947469999383,0],[112.37252314200009,-6.8735297939999782,0],[112.37246913200011,-6.8736307909999255,0],[112.37235513900009,-6.8735723699999767,0],[112.37223140700007,-6.8735342989999708,0],[112.37219095600005,-6.8736437539999429,0],[112.3721630980001,-6.8736326109999482,0],[112.37214336700004,-6.8736247179999737,0],[112.37218414200004,-6.8735217069999521,0],[112.37218857700009,-6.8735105039999667,0],[112.37210053700005,-6.8734771919999389,0],[112.37200535800002,-6.8734414999999558,0],[112.37200081000003,-6.8734473479999565,0],[112.37198870200007,-6.8734629149999478,0],[112.37194587200008,-6.8734724329999608,0],[112.37193588800005,-6.8734702619999553,0],[112.37189114400007,-6.8734605349999356,0],[112.37182927800006,-6.8734343609999655,0],[112.37178406800001,-6.8735533339999506,0],[112.37173119500005,-6.873526897999966,0],[112.37172220200011,-6.8735224009999456,0],[112.3717272770001,-6.8734953389999305,0],[112.3717293410001,-6.8734843299999397,0],[112.37163416200008,-6.8734319819999428,0],[112.37160798800005,-6.8734748119999267,0],[112.37159060400006,-6.8734594729999685,0],[112.37156753700003,-6.8734391199999436,0],[112.37150434800003,-6.8734016019999444,0],[112.37149139500002,-6.8733939109999369,0],[112.37145094400012,-6.8734391199999436,0],[112.37139574300011,-6.8733986389999586,0],[112.37137956000004,-6.8733867719999466,0],[112.37138289000006,-6.8733623529999477,0],[112.37138669800004,-6.8733344239999496,0],[112.37136117500006,-6.8733216619999666,0],[112.37133910900002,-6.8733106289999455,0],[112.37135099400007,-6.8732939909999686,0],[112.37136290400008,-6.8732773169999746,0],[112.37133564500004,-6.8732612819999304,0],[112.37132245300006,-6.8732535219999704,0],[112.3713526790001,-6.8731674929999258,0],[112.37135338600001,-6.8731654819999335,0],[112.37129389900008,-6.8731226519999495,0],[112.37116778800009,-6.8733677359999774,0],[112.37111649000008,-6.8734491059999527,0],[112.37110409200011,-6.8734687729999564,0],[112.37109878400008,-6.8734771919999389,0],[112.37105706400007,-6.8734656829999494,0],[112.37102977900008,-6.8734581559999697,0],[112.37123719100009,-6.8730926179999301,0],[112.37127010500001,-6.8730346119999695,0],[112.37127248400009,-6.8729941609999514,0],[112.37127066300002,-6.8729885579999745,0],[112.37130587100012,-6.8729410179999491,0],[112.37134559000003,-6.8728919529999644,0],[112.37137830000006,-6.8728475609999578,0],[112.37140867300002,-6.8728171879999422,0],[112.37137596400009,-6.8727821419999486,0],[112.37134091700011,-6.8727634499999795,0],[112.37133858100003,-6.8727073769999265,0],[112.37134559000003,-6.8726629849999767,0],[112.37133390800011,-6.8726326109999718,0],[112.37129652600004,-6.8726139199999352,0],[112.37131904900002,-6.8725723319999474,0],[112.37133400200003,-6.8725439209999308,0],[112.37135045000002,-6.8725244819999602,0],[112.37136540300003,-6.8725005569999666,0],[112.37136540300003,-6.872479622999947,0],[112.37131306700007,-6.8724512119999304,0],[112.37125624600003,-6.8724272879999262,0],[112.37120690100005,-6.8724018669999509,0],[112.37114708900003,-6.8723719609999421,0],[112.37105138900006,-6.8722867289999385,0],[112.37098559600008,-6.8722254219999286,0],[112.37087535500007,-6.8721540169999571,0],[112.37084014100003,-6.8721312079999279,0],[112.37070379300008,-6.872032858999944,0],[112.37072520800007,-6.8719828899999698,0],[112.37052506800001,-6.8718333119999784,0],[112.37052136700004,-6.8718305459999556,0],[112.37044607200005,-6.8717494479999459,0],[112.37037625000005,-6.8717034439999338,0],[112.37035004000006,-6.8716861749999794,0],[112.37035163300004,-6.8716830779999327,0],[112.37015256800009,-6.8715225419999797,0],[112.37013034300003,-6.8715046189999498,0],[112.37003278500003,-6.8716521449999277,0],[112.36990905300001,-6.8715545869999346,0],[112.36998419500003,-6.8714103949999412,0],[112.36999709300005,-6.8713856449999753,0],[112.36951573700003,-6.8709864169999264,0],[112.36949502700008,-6.8709692399999653,0],[112.36937367400003,-6.8710977309999635,0],[112.36936536300004,-6.8710877579999305,0],[112.36934992500005,-6.8710911269999428,0],[112.36929889300006,-6.8711022619999653,0],[112.36924048300011,-6.8710555329999465,0],[112.36919141800001,-6.8710041319999391,0],[112.36911665300011,-6.8709293669999738,0],[112.36906057900001,-6.8708569379999744,0],[112.3689788050001,-6.8707564729999717,0],[112.36891338500004,-6.8706606799999577,0],[112.36885731200005,-6.8705882509999583,0],[112.36881759300002,-6.8705345139999281,0],[112.36880958500001,-6.8705014839999308,0],[112.3687989010001,-6.8704574119999506,0],[112.36880696500009,-6.8704098519999661,0],[112.36872646100005,-6.8703077499999381,0],[112.36872936100008,-6.8702793849999466,0],[112.3687360240001,-6.8702613009999709,0],[112.36875315600003,-6.8702289399999472,0],[112.36875983200002,-6.8702231849999293,0],[112.36878594700011,-6.870200673999932,0],[112.36879520000002,-6.8702010949999703,0],[112.36883829600004,-6.8702030529999547,0],[112.36884764100012,-6.8701683409999532,0],[112.36884933200008,-6.8701620589999379,0],[112.36885495200011,-6.8701411869999447,0],[112.3687895170001,-6.870068018999973,0],[112.36875392100001,-6.8700381219999258,0],[112.36875220400009,-6.8700366799999415,0],[112.3687518590001,-6.8700354429999493,0],[112.3687379270001,-6.8699855209999328,0],[112.36871651200011,-6.8699105679999661,0],[112.36870342500004,-6.8698118209999279,0],[112.36869747600008,-6.8697166419999576,0],[112.36871813300002,-6.8696575619999294,0],[112.36873027700005,-6.8696478239999692,0],[112.3687379270001,-6.8696416889999341,0],[112.36879930200007,-6.8696652919999792,0],[112.36883783200005,-6.8696689619999347,0],[112.36884305500007,-6.8696694589999652,0],[112.36891220400003,-6.8692983559999448,0],[112.36895563500002,-6.8691246449999426,0],[112.36896991200001,-6.8690694419999545,0],[112.36898609200011,-6.8689752159999671,0],[112.36900798300007,-6.868851483999947,0],[112.36901628700002,-6.8688012989999265,0],[112.36902034900004,-6.8687113469999304,0],[112.36903721500005,-6.8686163189999547,0],[112.36906057900001,-6.8685275359999309,0],[112.36907693400008,-6.8684247339999729,0],[112.36908609800003,-6.8683231909999449,0],[112.36908469700006,-6.8683203879999724,0],[112.36907993800003,-6.868317531999935,0],[112.36906471000009,-6.8683137249999504,0],[112.36905043200011,-6.8683099179999658,0],[112.36903234900001,-6.8683013519999463,0],[112.36901997600012,-6.8682965929999682,0],[112.36898856700009,-6.8682861239999511,0],[112.36897619400008,-6.868273750999947,0],[112.36897143500005,-6.8682632809999404,0],[112.36897333900004,-6.8682556669999713,0],[112.3689847600001,-6.8682480529999452,0],[112.36899332600001,-6.8682404379999298,0],[112.36899047000009,-6.8682271129999322,0],[112.36897333800005,-6.8682166439999719,0],[112.36895430200002,-6.868214739999928,0],[112.36891147200004,-6.868211884999937,0],[112.36889148500006,-6.8682052219999719,0],[112.36886388300002,-6.8681985589999499,0],[112.36884960600003,-6.8681899929999304,0],[112.36882771600006,-6.8681757169999287,0],[112.3688201010001,-6.8681623919999311,0],[112.36881629400011,-6.8681481149999399,0],[112.36880487300004,-6.8681414529999643,0],[112.36879440200005,-6.8681404999999813,0],[112.36877346400001,-6.8681328869999447,0],[112.36875633200009,-6.8681233689999317,0],[112.36873729600006,-6.8681119469999317,0],[112.36870874200008,-6.8681176579999601,0],[112.36870017600006,-6.8681176579999601,0],[112.36868209200009,-6.8681157539999731,0],[112.36866781600008,-6.8681100439999341,0],[112.36864782800001,-6.8681005249999316,0],[112.36863640700005,-6.8680919589999689,0],[112.36862784100003,-6.8680833929999494,0],[112.36861927400003,-6.8680738759999258,0],[112.36860880500001,-6.8680615029999785,0],[112.3685985510001,-6.8680512489999614,0],[112.36859643200012,-6.8680491299999744,0],[112.36859738300006,-6.8680424669999525,0],[112.36859928700005,-6.8680329489999394,0],[112.36860309400004,-6.8680234319999727,0],[112.36860309400004,-6.8680139129999702,0],[112.3686002390001,-6.8680062989999442,0],[112.36859928700005,-6.868000588999962,0],[112.36860214300009,-6.8679920229999425,0],[112.36860510400004,-6.8679657469999711,0],[112.36932058600007,-6.8667204779999338,0],[112.36922194100009,-6.8666552599999591,0],[112.369198428,-6.8666397149999625,0],[112.36910368100007,-6.8665907629999765,0],[112.36910135300002,-6.866594088999932,0],[112.36909183500006,-6.8666119349999803,0],[112.36899448600002,-6.8668049899999346,0],[112.3689292360001,-6.8669169679999413,0],[112.36886618000005,-6.8670335619999605,0],[112.36885071400002,-6.8670716329999664,0],[112.36876148400006,-6.8673131489999264,0],[112.36871984300001,-6.8674309319999338,0],[112.36869675500009,-6.8675010509999765,0],[112.36867520500005,-6.8675664989999632,0],[112.36840880300008,-6.8675041499999452,0],[112.36839762800003,-6.8675020909999489,0],[112.36846758400009,-6.8673029299999371,0],[112.36846829800004,-6.8672829429999638,0],[112.36847043900002,-6.8672736629999349,0],[112.36847686400006,-6.8672586729999807,0],[112.36848328800011,-6.8672486789999425,0],[112.3684904270001,-6.8672401129999798,0],[112.36849471000005,-6.8672315469999603,0],[112.36849827900005,-6.8672236949999501,0],[112.36850131000006,-6.8672184059999495,0],[112.36852909300001,-6.867169917999945,0],[112.36853266300011,-6.8671532629999774,0],[112.36853266200001,-6.867143743999975,0],[112.36853861100008,-6.8671294679999733,0],[112.36854455900004,-6.8671163809999598,0],[112.36854693900011,-6.8671044829999346,0],[112.36854574900008,-6.8670890169999552,0],[112.36854221600004,-6.8670812439999622,0],[112.36853980100011,-6.8670759299999418,0],[112.36853385200004,-6.867060462999973,0],[112.36853028300004,-6.8670485659999372,0],[112.36853028300004,-6.8670378579999465,0],[112.36853623100001,-6.8670259609999675,0],[112.36854099100003,-6.8670176329999322,0],[112.36854693900011,-6.8669997869999406,0],[112.36855050800011,-6.8669950279999625,0],[112.3685540780001,-6.8669843209999613,0],[112.36855526700003,-6.8669795609999369,0],[112.36856082200006,-6.8669568319999712,0],[112.36864396800001,-6.8667303559999482,0],[112.36860400800003,-6.866713463999929,0],[112.36857889100008,-6.8667028469999423,0],[112.3685683540001,-6.8667320979999431,0],[112.36854220900011,-6.8667859259999773,0],[112.3684881580001,-6.8668266279999557,0],[112.36842040300007,-6.8668313009999338,0],[112.3683082550001,-6.8668266279999557,0],[112.36820778900005,-6.866777562999971,0],[112.36804891300005,-6.8667331709999644,0],[112.36797648400011,-6.8667121439999619,0],[112.36786433600003,-6.8666887799999472,0],[112.36773116100005,-6.8666513969999414,0],[112.36769611500006,-6.8667027979999489,0],[112.36766807800007,-6.8668126089999646,0],[112.36764471400011,-6.8668686829999501,0],[112.36761667700011,-6.866971484999965,0],[112.36757809900007,-6.8671266359999663,0],[112.36747891800007,-6.8672727109999414,0],[112.3674094380001,-6.8673931119999452,0],[112.36731045200008,-6.8675568189999581,0],[112.36726096000007,-6.8676310579999722,0],[112.36722479100001,-6.8676938759999757,0],[112.36716387700005,-6.8678099939999697,0],[112.3671258060001,-6.8678975579999815,0],[112.36711248100005,-6.8679299179999589,0],[112.36707821700008,-6.8680212899999447,0],[112.36706489200003,-6.8680289039999707,0],[112.36704014500003,-6.8680174829999601,0],[112.36702110900001,-6.86800606099996,0],[112.36701349600003,-6.8679946399999494,0],[112.36700778500006,-6.8679775079999672,0],[112.36698684500004,-6.8679603759999281,0],[112.36698113500006,-6.8679660859999672,0],[112.36696209900003,-6.8679527609999695,0],[112.36694306300001,-6.8679584719999411,0],[112.36694496700011,-6.8679832179999494,0],[112.36693069000012,-6.8679760799999485,0],[112.36692640700005,-6.86799463899996,0],[112.3669221240001,-6.86800606099996,0],[112.3669149860001,-6.8680146269999796,0],[112.36691355800008,-6.8680346149999423,0],[112.36690356400004,-6.868048890999944,0],[112.36689071500007,-6.8680688789999635,0],[112.36689214300009,-6.8680845829999271,0],[112.36688357600008,-6.8680960039999377,0],[112.36686930000008,-6.8681102809999288,0],[112.36685502400007,-6.8681231299999581,0],[112.36684074600009,-6.8681231309999475,0],[112.36682075900001,-6.8681259859999386,0],[112.36682218700003,-6.8681388349999679,0],[112.3668193310001,-6.8681516839999404,0],[112.36681362100001,-6.8681616779999786,0],[112.36680219900006,-6.8681659609999315,0],[112.36678792200007,-6.8681616779999786,0],[112.3667750730001,-6.8681602509999493,0],[112.36676508000005,-6.8681673889999502,0],[112.36676650700008,-6.8681816659999413,0],[112.36677079000003,-6.8681945139999812,0],[112.36676936200001,-6.868207363999943,0],[112.36677079000003,-6.8682259229999545,0],[112.36677792900002,-6.8682416279999643,0],[112.36677364500008,-6.8682530489999749,0],[112.36675936900008,-6.8682559049999554,0],[112.36674652000011,-6.8682559049999554,0],[112.36673224300011,-6.868261615999927,0],[112.3667308150001,-6.8682701809999571,0],[112.3667308150001,-6.8682773199999474,0],[112.3667308150001,-6.8682915959999491,0],[112.36671368300006,-6.8683015899999305,0],[112.3667094000001,-6.8683130119999305,0],[112.36670654400007,-6.8683244329999411,0],[112.3667094000001,-6.8683501309999428,0],[112.3666951240001,-6.8683629809999616,0],[112.36668513000006,-6.8683758289999446,0],[112.36666657000001,-6.8683858239999722,0],[112.36665229300002,-6.8683958169999642,0],[112.36664229900009,-6.8683958169999642,0],[112.36663373300007,-6.8683843949999641,0],[112.36663087800002,-6.8683801119999544,0],[112.36661517300001,-6.8683744019999722,0],[112.36659661400006,-6.8683729739999535,0],[112.36658233700007,-6.8683786849999251,0],[112.36659946900011,-6.8683958169999642,0],[112.36660946300003,-6.8684029559999544,0],[112.36661089100005,-6.868414376999965,0],[112.36660803500001,-6.868424369999957,0],[112.36659518600004,-6.8684343649999278,0],[112.36658091000004,-6.8684343649999278,0],[112.36656806000008,-6.8684272259999375,0],[112.36654378900005,-6.8684272259999375,0],[112.36652951300005,-6.8684329369999659,0],[112.36652094700003,-6.8684415029999286,0],[112.36651380800004,-6.8684500679999587,0],[112.36650095900006,-6.8684600629999295,0],[112.36649953100004,-6.8684714839999401,0],[112.36651305100008,-6.8684952559999601,0],[112.36640456200007,-6.8684529189999353,0],[112.36632082600011,-6.8684202419999565,0],[112.36627185400005,-6.8683931619999612,0],[112.3662516280001,-6.8683741259999351,0],[112.3662444900001,-6.8683562799999436,0],[112.36624568000002,-6.8683360549999293,0],[112.36624936200008,-6.8683273769999573,0],[112.3662553910001,-6.8683131659999503,0],[112.36626121500001,-6.8683042179999347,0],[112.3673940220001,-6.8665636809999455,0],[112.36748350100004,-6.8663873819999708,0],[112.36757929400005,-6.8662635529999534,0],[112.36761007100006,-6.8662851519999322,0],[112.36761340100009,-6.8662857519999534,0],[112.36765873200011,-6.8662939259999689,0],[112.36772648800002,-6.8662191609999468,0],[112.36774517900005,-6.8661794419999751,0],[112.36777088000008,-6.8661327139999457,0],[112.36780826300003,-6.8660696299999699,0],[112.36781059900011,-6.8660205659999747,0],[112.36776153400001,-6.8659855199999811,0],[112.36776153400001,-6.8659387909999623,0],[112.36777788900008,-6.8658757079999759,0],[112.36780125300004,-6.8658266439999807,0],[112.36782461700011,-6.86578458799994,0],[112.36777788900008,-6.8657285139999544,0],[112.36769611500006,-6.8656841229999372,0],[112.3676727510001,-6.8656887949999259,0],[112.36761901300008,-6.8657448689999683,0],[112.36755826700005,-6.8658429989999377,0],[112.36752322000007,-6.8658990719999338,0],[112.36748992800005,-6.8659636779999573,0],[112.36747615900003,-6.8659673019999445,0],[112.36744879500009,-6.8659613529999319,0],[112.36742932100003,-6.8659412689999613,0],[112.36741790500002,-6.8659294939999427,0],[112.36748676200011,-6.865814731999933,0],[112.36641600400003,-6.8651127909999445,0],[112.3663973780001,-6.8651005709999708,0],[112.36639178000007,-6.8651083279999625,0],[112.36638107700003,-6.8651231589999497,0],[112.36624242900007,-6.8650205819999428,0],[112.36606719800011,-6.8649183639999478,0],[112.36595767800009,-6.8648270969999317,0],[112.36578244700002,-6.8647139269999684,0],[112.36562912000011,-6.8646153599999593,0],[112.36548674500011,-6.8645277449999753,0],[112.36528961100009,-6.8644145749999552,0],[112.36524215200006,-6.8644036229999301,0],[112.36512533200005,-6.8645715519999726,0],[112.36503041500009,-6.8647139269999684,0],[112.36485153300009,-6.8649804239999526,0],[112.36474201400006,-6.8651593059999527,0],[112.36457773500001,-6.8654185019999545,0],[112.36444631200004,-6.865626587999941,0],[112.36434774500003,-6.8658018189999552,0],[112.36416886300003,-6.8660537139999747,0],[112.36406299400005,-6.8662325949999286,0],[112.36396077600011,-6.8663968739999746,0],[112.3638622090001,-6.8665392489999704,0],[112.36371983400011,-6.8667108299999313,0],[112.36365412200007,-6.866823998999962,0],[112.36357015800002,-6.8669736759999296,0],[112.3635226990001,-6.867043037999963,0],[112.36363586900006,-6.8671671599999513,0],[112.36385490800001,-6.8673204869999722,0],[112.364077597,-6.8674227049999672,0],[112.36423822500001,-6.8675249229999622,0],[112.36430356000005,-6.8675705339999809,0],[112.36433049000004,-6.8675893339999448,0],[112.36431249400005,-6.8676179399999455,0],[112.3642790350001,-6.8676056259999427,0],[112.36412398200002,-6.8675485609999782,0],[112.36410970500003,-6.8675666439999645,0],[112.3640697300001,-6.8675476089999279,0],[112.36404212800005,-6.8675295249999522,0],[112.36402975500005,-6.86751239299997,0],[112.36400881600002,-6.867496211999935,0],[112.36398502100008,-6.8674847909999812,0],[112.3639526610001,-6.8674724179999771,0],[112.36393172100009,-6.8674686109999357,0],[112.36390507100009,-6.8674686109999357,0],[112.36388222900007,-6.8674705139999332,0],[112.36385082000004,-6.8674705139999332,0],[112.3638374950001,-6.8674657549999552,0],[112.36381370000004,-6.867453381999951,0],[112.36377753200009,-6.867443863999938,0],[112.36376420700003,-6.8674429119999445,0],[112.36374422000006,-6.8674476709999794,0],[112.36372137700005,-6.8674400569999534,0],[112.36356623600011,-6.8673848539999653,0],[112.36353673100007,-6.8673753359999523,0],[112.3635167430001,-6.8673715289999677,0],[112.36349675600002,-6.8673648659999458,0],[112.36347581700011,-6.867343926999979,0],[112.36345678100008,-6.8673286979999375,0],[112.36344155200004,-6.8673172769999269,0],[112.36340252900004,-6.8673029999999358,0],[112.36337873500008,-6.8673001449999447,0],[112.36335874700001,-6.8672982409999577,0],[112.36331234800002,-6.86729705099998,0],[112.36328811100009,-6.8672979599999735,0],[112.36328039800003,-6.8672930879999399,0],[112.36327369000003,-6.8672868979999748,0],[112.36326702200006,-6.8672797709999713,0],[112.36325968000006,-6.8672723699999665,0],[112.36325141000009,-6.8672651649999352,0],[112.36324642000011,-6.8672614829999361,0],[112.36324239900011,-6.8672585159999358,0],[112.36323276200005,-6.867252237999935,0],[112.36322286200004,-6.867246330999933,0],[112.3632143530001,-6.8672416149999549,0],[112.36321296200003,-6.8672408439999799,0],[112.36320333500009,-6.8672360889999595,0],[112.36319427500007,-6.8672322529999406,0],[112.36318549800001,-6.8672288849999745,0],[112.36317720800002,-6.8672255359999781,0],[112.36316942700012,-6.8672217079999314,0],[112.363162622,-6.8672173449999718,0],[112.36315137700001,-6.867198541999926,0],[112.36314007500005,-6.8671908089999647,0],[112.36312936700006,-6.8671860499999298,0],[112.36311211600002,-6.8671765319999736,0],[112.3631037880001,-6.8671711779999782,0],[112.36309248600003,-6.8671616599999652,0],[112.36307820900004,-6.8671450039999513,0],[112.36304986500011,-6.8671272129999466,0],[112.36303022000004,-6.8671028369999476,0],[112.36301610500004,-6.8670943209999677,0],[112.36301610500004,-6.8670871829999669,0],[112.36301967400004,-6.8670764749999762,0],[112.36302498200007,-6.8670631779999667,0],[112.36303138700009,-6.8670471319999251,0],[112.36302419500009,-6.8670379279999452,0],[112.36301562900007,-6.867030075999935,0],[112.36301168300008,-6.867026654999961,0],[112.36300492100008,-6.867020795999963,0],[112.36299350000002,-6.8670200819999536,0],[112.36298065100004,-6.867020795999963,0],[112.36296137700003,-6.867020795999963,0],[112.36294210400001,-6.8670165129999532,0],[112.36292068800003,-6.8670050919999426,0],[112.36290355600011,-6.8669943839999519,0],[112.36289427600002,-6.8669836759999612,0],[112.36288856600004,-6.8669736829999692,0],[112.36288571000011,-6.8669615469999599,0],[112.36287714400009,-6.8669494119999399,0],[112.36286786400001,-6.8669422739999391,0],[112.36285858400004,-6.8669351349999488,0],[112.36284145200011,-6.8669222859999763,0],[112.36283288600009,-6.8669165759999373,0],[112.36281861000009,-6.8669115789999751,0],[112.36281075700003,-6.8669122929999276,0],[112.36280005000003,-6.8669172889999572,0],[112.36278639200009,-6.8669254099999648,0],[112.36269390900009,-6.8668788169999289,0],[112.36268902500001,-6.8668763569999669,0],[112.36262534800005,-6.8668463689999726,0],[112.36258166200003,-6.8668248969999581,0],[112.36255685200001,-6.8668153909999319,0],[112.36250973800009,-6.8668510829999718,0],[112.36243736900008,-6.8668378229999689,0],[112.36243554300006,-6.866831632999947,0],[112.36243252600002,-6.866826036999953,0],[112.36243228600006,-6.8668257139999582,0],[112.36242859200001,-6.866820736999955,0],[112.36242403200004,-6.8668156489999319,0],[112.36241881900003,-6.8668101619999788,0],[112.36241322400008,-6.8668040319999477,0],[112.36240770800009,-6.8667970599999535,0],[112.3624029340001,-6.8667896499999301,0],[112.36239852100005,-6.8667823959999623,0],[112.36239384400005,-6.8667764209999405,0],[112.36238860100002,-6.866772611999977,0],[112.36238267500005,-6.8667712449999385,0],[112.36237630900007,-6.8667719979999333,0],[112.36236931800011,-6.8667739209999468,0],[112.36236214200005,-6.8667755409999813,0],[112.36235532700005,-6.8667753469999298,0],[112.36234964500011,-6.8667729249999638,0],[112.36234501700005,-6.8667687949999276,0],[112.36234079000008,-6.8667644509999377,0],[112.3623361330001,-6.8667608679999717,0],[112.36233080200009,-6.8667588949999754,0],[112.36232467000002,-6.8667582709999806,0],[112.36231791400007,-6.866758367999978,0],[112.36231068900008,-6.8667582009999251,0],[112.36230380600011,-6.8667569709999725,0],[112.36229774300011,-6.8667546279999669,0],[112.36229269500006,-6.8667517199999679,0],[112.36228810700004,-6.8667490629999293,0],[112.36228339100001,-6.866747314999941,0],[112.36227782500009,-6.86674667799997,0],[112.36227775200007,-6.8667466699999409,0],[112.36227767900004,-6.8667466709999303,0],[112.36227065900005,-6.8667468759999792,0],[112.36226218500008,-6.8667472279999515,0],[112.36225311500004,-6.8667469349999806,0],[112.3622444450001,-6.8667451189999724,0],[112.36223679000011,-6.8667417019999561,0],[112.3622298680001,-6.8667368979999424,0],[112.36222322900005,-6.8667314799999417,0],[112.3622162580001,-6.8667258649999781,0],[112.36220900400008,-6.8667203979999272,0],[112.36220084100012,-6.8667146369999728,0],[112.36219180100011,-6.8667087409999681,0],[112.36218211500011,-6.8667030289999502,0],[112.36217346500007,-6.8666985669999576,0],[112.36216647400011,-6.8666953459999718,0],[112.36216120200004,-6.8666930209999464,0],[112.36215677900009,-6.8666908149999699,0],[112.36215259100004,-6.8666882759999339,0],[112.36214848000009,-6.8666853079999441,0],[112.36214452600007,-6.8666819689999556,0],[112.36214068900006,-6.8666782199999261,0],[112.36213655000006,-6.8666738659999282,0],[112.3621320100001,-6.8666693259999647,0],[112.36212723500012,-6.8666653619999352,0],[112.36212237300003,-6.8666623639999784,0],[112.36211736500002,-6.8666600399999425,0],[112.36211206300004,-6.8666575569999395,0],[112.36210598000002,-6.866654303999951,0],[112.36209898000004,-6.8666499789999307,0],[112.36209116000009,-6.8666448729999274,0],[112.36208257800001,-6.8666389569999637,0],[112.36207404400011,-6.8666332059999604,0],[112.36206517900007,-6.8666278269999452,0],[112.36205575800011,-6.8666230629999632,0],[112.36204605300009,-6.8666189169999257,0],[112.36203683600002,-6.8666147969999543,0],[112.36202964900008,-6.866610345999959,0],[112.3620246800001,-6.8666050929999756,0],[112.36202226500006,-6.8665995339999313,0],[112.36202199500008,-6.8665989129999616,0],[112.36202055000001,-6.8665913369999316,0],[112.36201946600011,-6.8665822369999319,0],[112.36201766000011,-6.8665723959999809,0],[112.36201529500011,-6.8665657149999788,0],[112.3620143600001,-6.8665630719999626,0],[112.3620092540001,-6.866555309999967,0],[112.36200278100011,-6.8665493439999636,0],[112.36199566300002,-6.8665448529999367,0],[112.36198827200008,-6.8665413379999336,0],[112.36198129100001,-6.8665379499999517,0],[112.36197512100011,-6.8665336539999657,0],[112.3619702200001,-6.8665279919999307,0],[112.36196550400007,-6.866521420999959,0],[112.36195976300007,-6.8665152209999292,0],[112.36195231400006,-6.8665102609999735,0],[112.36195157200007,-6.8665099389999682,0],[112.36194402500007,-6.866506658999981,0],[112.36193627200009,-6.8665033679999397,0],[112.36193026800004,-6.8664992289999418,0],[112.36192599200001,-6.8664933999999676,0],[112.36192228200002,-6.8664859209999349,0],[112.36191771200004,-6.866477826999926,0],[112.3619116000001,-6.8664704759999609,0],[112.36190443400005,-6.86646491099998,0],[112.36190018200011,-6.8664627279999308,0],[112.36189707200003,-6.8664611319999267,0],[112.36189042400008,-6.8664583789999369,0],[112.36188518300003,-6.8664559219999433,0],[112.36188444800007,-6.8664555769999538,0],[112.36187899100003,-6.8664519349999296,0],[112.36187349400006,-6.8664473169999383,0],[112.36186791900002,-6.8664420639999548,0],[112.36186225600011,-6.8664366849999396,0],[112.36185637900007,-6.866430826999931,0],[112.36185021800009,-6.8664239729999395,0],[112.36184397900001,-6.8664158009999596,0],[112.36183860100004,-6.8664071199999626,0],[112.36183447900009,-6.8663984219999747,0],[112.36183269700007,-6.8663932249999675,0],[112.36183147200006,-6.8663896539999314,0],[112.36182893400007,-6.8663803299999699,0],[112.3618260930001,-6.8663694249999594,0],[112.36182269500011,-6.8663572789999421,0],[112.36181872100008,-6.8663443909999273,0],[112.36181433800004,-6.866331190999972,0],[112.36180939700012,-6.8663166239999782,0],[112.36180396900011,-6.8662997239999299,0],[112.36179834500001,-6.866280255999925,0],[112.36179337600004,-6.8662602209999477,0],[112.36178934300005,-6.8662411529999758,0],[112.36178616100005,-6.8662242529999276,0],[112.36178334900001,-6.8662094809999417,0],[112.36178072200005,-6.8661969059999706,0],[112.36177814500002,-6.8661855999999375,0],[112.36177607700006,-6.8661771749999616,0],[112.36177563600006,-6.8661753779999799,0],[112.36177294100003,-6.8661653699999761,0],[112.36176997300004,-6.8661557039999366,0],[112.36176641900011,-6.8661461559999566,0],[112.3617637100001,-6.8661400999999387,0],[112.36176208400002,-6.8661364659999435,0],[112.36175671400008,-6.8661255889999779,0],[112.36175033900008,-6.8661122819999605,0],[112.36174434200007,-6.8661007809999433,0],[112.36173628100005,-6.8660825529999556,0],[112.36173179000002,-6.8660771759999761,0],[112.36172436900006,-6.8660682919999658,0],[112.36171740700001,-6.8660516749999374,0],[112.36170995800001,-6.8660363079999343,0],[112.36170218600012,-6.8660226439999406,0],[112.36169212400011,-6.8660095869999509,0],[112.36168472000008,-6.86599838799998,0],[112.36167657500005,-6.8659817279999515,0],[112.36167649800007,-6.8659694389999686,0],[112.36166867800011,-6.865957175999938,0],[112.36164777200008,-6.865943280999943,0],[112.36163535800006,-6.8659317539999734,0],[112.36163444700003,-6.8659309079999389,0],[112.36162778400001,-6.8659223419999762,0],[112.36162302600007,-6.8659090169999786,0],[112.36162355600004,-6.8659044039999344,0],[112.36162756400006,-6.8658694909999554,0],[112.36162374700007,-6.8658626959999651,0],[112.36161991000006,-6.8658571209999764,0],[112.36161629700007,-6.8658531369999309,0],[112.3616127140001,-6.8658502569999769,0],[112.361608692,-6.865847581999958,0],[112.36160413200002,-6.8658441259999563,0],[112.36160093700005,-6.8658410489999255,0],[112.36159916300005,-6.8658393419999584,0],[112.36159429100007,-6.8658331029999431,0],[112.36158985800012,-6.8658257069999422,0],[112.3615886660001,-6.8658231379999393,0],[112.36158608000005,-6.8658175639999399,0],[112.36158273100011,-6.8658095489999482,0],[112.3615790990001,-6.8658021869999288,0],[112.36157452000009,-6.8657961829999294,0],[112.3615682520001,-6.8657910079999738,0],[112.36156628100002,-6.8657899149999366,0],[112.36156055800006,-6.8657867409999653,0],[112.36155202500004,-6.865783118999957,0],[112.36154551300001,-6.8657809569999699,0],[112.36154348200012,-6.8657802829999355,0],[112.36153518300011,-6.8657778229999735,0],[112.36152685500008,-6.8657751669999811,0],[112.36151830200004,-6.8657718279999358,0],[112.36150949600005,-6.8657673369999657,0],[112.36150094300001,-6.8657614099999478,0],[112.3614929470001,-6.8657533949999561,0],[112.36148577100005,-6.8657431529999258,0],[112.36147950300006,-6.8657308799999441,0],[112.36147638000011,-6.8657229989999564,0],[112.36147409400007,-6.8657172309999623,0],[112.36146925100002,-6.8657019709999645,0],[112.36146497700008,-6.8656860989999586,0],[112.3614645450001,-6.865684493999936,0],[112.36145901900011,-6.8656641089999653,0],[112.3614521070001,-6.865642892999972,0],[112.36144382700002,-6.8656238739999367,0],[112.36143479600003,-6.8656093159999614,0],[112.36142556000004,-6.8655986939999707,0],[112.3614165680001,-6.8655898679999723,0],[112.36140838600011,-6.8655808859999752,0],[112.36140204000003,-6.8655700379999303,0],[112.36139801700006,-6.8655568089999406,0],[112.36139562500011,-6.8655405329999439,0],[112.36139361400001,-6.8655233299999736,0],[112.36139096800002,-6.8655061319999504,0],[112.36138713100001,-6.8654905889999327,0],[112.36137746500003,-6.865430268999944,0],[112.36136604400008,-6.8653836319999755,0],[112.36135271900002,-6.8653617409999583,0],[112.3613108400001,-6.865316054999937,0],[112.36128100200006,-6.8652630879999492,0],[112.36126077600011,-6.8652309649999665,0],[112.36125244800007,-6.8652178779999531,0],[112.36124887900007,-6.8652059809999741,0],[112.36124650000011,-6.8651940839999384,0],[112.36124531000007,-6.8651821869999594,0],[112.36123936100012,-6.8651690989999565,0],[112.36123460200008,-6.8651512539999544,0],[112.36122865400012,-6.8651322179999283,0],[112.36123103300008,-6.8651131819999591,0],[112.36124174100007,-6.8650953359999676,0],[112.36124174100007,-6.8650632129999281,0],[112.36124412000004,-6.8650453679999259,0],[112.36124412000004,-6.8650310909999348,0],[112.36124412000004,-6.865016389999937,0],[112.36124412000004,-6.865015623999966,0],[112.36125006900011,-6.865006105999953,0],[112.36126672500006,-6.8649989679999521,0],[112.36126754000009,-6.8649944889999688,0],[112.36126910500002,-6.8649858809999387,0],[112.3612679150001,-6.8649668449999695,0],[112.36126315600006,-6.8649585169999341,0],[112.36124408800003,-6.8649249529999565,0],[112.36123880600007,-6.8649247869999499,0],[112.36123348500007,-6.8649235909999788,0],[112.36122776400009,-6.8649218139999562,0],[112.36122016800005,-6.864919997999948,0],[112.3612103260001,-6.8649184449999439,0],[112.36119776100008,-6.8649170299999582,0],[112.36118500000009,-6.8649154189999422,0],[112.36117219100004,-6.8649137299999552,0],[112.36116015200002,-6.864912401999959,0],[112.36114770400002,-6.8649121719999471,0],[112.36113502100011,-6.8649131579999789,0],[112.3611321090001,-6.8649136499999486,0],[112.36112171400009,-6.8649154039999303,0],[112.36110924600007,-6.8649181569999769,0],[112.3610970420001,-6.8649210759999733,0],[112.36108562900006,-6.8649225889999457,0],[112.36107459700008,-6.8649214179999376,0],[112.36104214000011,-6.8649166619999278,0],[112.36102548300005,-6.8649059549999265,0],[112.36096956600011,-6.8648083969999334,0],[112.3609148380001,-6.8647286849999318,0],[112.36087914700011,-6.864690613999926,0],[112.36087557700012,-6.8646787159999576,0],[112.36089342300011,-6.8646239889999379,0],[112.36092197700009,-6.8646216089999257,0],[112.36093080100011,-6.8646213039999679,0],[112.36094439100009,-6.8646208329999467,0],[112.3609512160001,-6.8646172889999661,0],[112.36095240900011,-6.8646166649999714,0],[112.36095864600009,-6.8646134029999644,0],[112.36096639800007,-6.8646085209999796,0],[112.36097363300007,-6.8646027509999499,0],[112.36097965700003,-6.8645962489999306,0],[112.36098388400001,-6.8645892189999813,0],[112.36098653500005,-6.8645811819999381,0],[112.3609889710001,-6.8645715449999329,0],[112.36099408200005,-6.8645585499999697,0],[112.3609947010001,-6.8645497669999713,0],[112.3609856270001,-6.8645436819999759,0],[112.36097551500006,-6.8645407079999359,0],[112.36096949500006,-6.8645365199999446,0],[112.36096183300003,-6.8645311899999797,0],[112.36096064300011,-6.8645181029999662,0],[112.36096480700007,-6.8645050159999528,0],[112.36098622200007,-6.8644568319999735,0],[112.36102250900001,-6.8643622479999635,0],[112.3610546320001,-6.864282535999962,0],[112.36107902100002,-6.8642432749999784,0],[112.36109100400006,-6.864229221999949,0],[112.36111730100004,-6.8641983819999268,0],[112.36112625400006,-6.8641765309999414,0],[112.361125302,-6.8641508329999397,0],[112.36111388000006,-6.8640975329999492,0],[112.36109579600009,-6.8640499439999303,0],[112.36107580900011,-6.8640166309999699,0],[112.3610510630001,-6.8639880779999771,0],[112.36103488200001,-6.8639718969999421,0],[112.36101679800004,-6.8639576209999404,0],[112.36100061800005,-6.8639442959999428,0],[112.36098348600001,-6.8639233559999298,0],[112.36097396800005,-6.8639081279999345,0],[112.36094160700009,-6.8638948029999369,0],[112.36092828200003,-6.8638833819999263,0],[112.36091495700009,-6.8638710079999328,0],[112.3608968740001,-6.863859586999979,0],[112.36087403100009,-6.8638481659999684,0],[112.36086165800009,-6.8638338889999773,0],[112.36085404300002,-6.8638205639999796,0],[112.36083976600003,-6.8638091419999796,0],[112.3608207310001,-6.8638005759999601,0],[112.36080550200006,-6.863791057999947,0],[112.36079217700001,-6.8637786849999429,0],[112.36078456300004,-6.8637577459999761,0],[112.36077314200008,-6.863745372999972,0],[112.36075029900007,-6.8637349029999655,0],[112.3607341180001,-6.8637234819999549,0],[112.36072745600006,-6.8637101569999572,0],[112.36072174500009,-6.8636958799999661,0],[112.36070842000004,-6.8636892179999336,0],[112.36069128800011,-6.8636825549999685,0],[112.36066939700004,-6.863672084999962,0],[112.36065226500011,-6.8636625679999383,0],[112.36061990400003,-6.8636254479999366,0],[112.36060753100003,-6.8636102189999519,0],[112.36058849500012,-6.8635968939999543,0],[112.36057041200002,-6.8635854729999437,0],[112.36055423100004,-6.8635740519999331,0],[112.36053709900011,-6.863557870999955,0],[112.36052662900011,-6.8635445459999573,0],[112.36051140100005,-6.8635388359999752,0],[112.36049141300009,-6.8635359799999378,0],[112.36047618500004,-6.8635236069999337,0],[112.36046761900002,-6.863516944999958,0],[112.36045143800004,-6.863516944999958,0],[112.36044096900002,-6.8635121859999799,0],[112.36043430600012,-6.8634998119999295,0],[112.36042478800005,-6.8634921979999604,0],[112.36041146400009,-6.8634893429999693,0],[112.36039528300012,-6.8634883909999758,0],[112.36038576500005,-6.8634874389999254,0],[112.36035775500011,-6.8634832929999448,0],[112.36030296000001,-6.8634836319999408,0],[112.36028487600004,-6.8634931499999539,0],[112.36027440700002,-6.8634988609999255,0],[112.36025156400001,-6.8635121859999799,0],[112.36023538300003,-6.8635236069999337,0],[112.36022110700003,-6.8635340769999402,0],[112.36020207100012,-6.8635474019999378,0],[112.36019065000005,-6.8635626299999331,0],[112.36018303500009,-6.8635750029999372,0],[112.36017066200009,-6.8635921359999656,0],[112.36016114400002,-6.8636045089999698,0],[112.36015543400003,-6.8636225929999455,0],[112.36014972300006,-6.863640676999978,0],[112.36014210900009,-6.8636568569999667,0],[112.36012688000005,-6.863675892999936,0],[112.36010879600008,-6.8637006389999442,0],[112.36008595300007,-6.8637310959999809,0],[112.36006786900009,-6.8637720229999672,0],[112.36005930300007,-6.8637872509999625,0],[112.36004788200012,-6.8638081909999755,0],[112.36004026800003,-6.8638262739999618,0],[112.36003550900011,-6.8638424549999399,0],[112.36003360500001,-6.8638624419999701,0],[112.36003360500001,-6.8638757669999677,0],[112.36003836400005,-6.8638909959999523,0],[112.36004312300008,-6.8639052729999435,0],[112.36005007900008,-6.8639128609999602,0],[112.36005359300009,-6.8639166939999541,0],[112.36005930300007,-6.8639271639999606,0],[112.36006215900011,-6.8639395369999647,0],[112.36006882100003,-6.8639557169999534,0],[112.36007929100003,-6.8639566689999469,0],[112.36009356800002,-6.8639528619999624,0],[112.36010213400004,-6.8639585729999339,0],[112.36010879600008,-6.8639680899999576,0],[112.36011260300006,-6.8639785599999641,0],[112.3601173620001,-6.8639871259999268,0],[112.36012688000005,-6.8639937889999487,0],[112.36014496400003,-6.8639975959999333,0],[112.36018018000004,-6.8639937889999487,0],[112.36020777400006,-6.8639769469999692,0],[112.36024460400006,-6.8639604759999315,0],[112.36027030200012,-6.8639433439999493,0],[112.36029171700011,-6.8639276399999289,0],[112.36031027700005,-6.8639147899999671,0],[112.36033597500011,-6.8639062239999475,0],[112.36035561900007,-6.8638988029999268,0],[112.36040022100008,-6.8638819539999645,0],[112.36041911700011,-6.8638725059999501,0],[112.36042877400007,-6.8638676769999734,0],[112.36043876800011,-6.8638648219999254,0],[112.36045930400007,-6.8638596469999698,0],[112.36051140100005,-6.863897657999928,0],[112.36049522100006,-6.8639195489999452,0],[112.36050854600001,-6.8639309709999452,0],[112.36052377400006,-6.8639423919999558,0],[112.36053614700006,-6.8639490549999778,0],[112.36054852000007,-6.863950005999925,0],[112.36055613500002,-6.8639490549999778,0],[112.36064179500011,-6.8640014029999747,0],[112.36086356100009,-6.8641403629999331,0],[112.36081977900005,-6.8642193609999254,0],[112.36070937200009,-6.8644125739999708,0],[112.3606541690001,-6.8645029929999737,0],[112.36062561500012,-6.8645039449999672,0],[112.36059135100004,-6.8645819909999659,0],[112.36060467600009,-6.8645896059999814,0],[112.36061895300008,-6.864598171999944,0],[112.36064084400005,-6.8646038819999262,0],[112.36067512200009,-6.8646144189999632,0],[112.36068603600006,-6.8646261959999606,0],[112.36077882300003,-6.8646720679999476,0],[112.36075217300004,-6.8648224499999628,0],[112.36067413900003,-6.8648159319999422,0],[112.36066118200006,-6.8648237069999709,0],[112.36064048800006,-6.8648272179999594,0],[112.36061419400005,-6.8648310019999599,0],[112.36059682400003,-6.8648333809999258,0],[112.36056351100001,-6.8648524169999519,0],[112.36052068100003,-6.8648845399999345,0],[112.36047309200001,-6.8649178519999623,0],[112.3603600670001,-6.8649844769999504,0],[112.36026250900011,-6.865033255999947,0],[112.36017258400011,-6.8650716019999436,0],[112.36015386800011,-6.8650746349999281,0],[112.36013248600011,-6.8650782079999431,0],[112.36010691600006,-6.8650818699999263,0],[112.36007633700001,-6.8650846819999742,0],[112.3600429170001,-6.8650847549999412,0],[112.35998411200001,-6.8650891729999444,0],[112.35996150700009,-6.8650879839999561,0],[112.35993057400003,-6.865073706999965,0],[112.3598568110001,-6.8650296869999465,0],[112.35977828900002,-6.8649797179999723,0],[112.35974814100007,-6.8649547739999548,0],[112.3596937420001,-6.8649097659999256,0],[112.35967401500011,-6.8648975809999797,0],[112.35965934100011,-6.8648877689999495,0],[112.35964810300004,-6.8648789159999524,0],[112.35964733200001,-6.8648783079999589,0],[112.3596354980001,-6.8648678369999629,0],[112.35962234700003,-6.8648547149999786,0],[112.35960872700002,-6.8648389709999265,0],[112.35959497500005,-6.8648204159999295,0],[112.35958236600004,-6.8648010849999537,0],[112.35957166100002,-6.8647835249999503,0],[112.35956304900003,-6.8647688359999393,0],[112.35955607800008,-6.8647564459999444,0],[112.35954985400008,-6.8647448619999523,0],[112.35954376200004,-6.8647332049999363,0],[112.35953730300002,-6.8647210049999785,0],[112.35953053700007,-6.8647084549999704,0],[112.35952350800005,-6.8646955229999662,0],[112.35951644900001,-6.8646824449999713,0],[112.35950930200011,-6.8646690589999366,0],[112.35950246300001,-6.8646559809999417,0],[112.35949603300003,-6.8646432249999521,0],[112.35949039500008,-6.8646311869999295,0],[112.35948512300001,-6.8646193539999558,0],[112.35947998200004,-6.864607681999928,0],[112.35947435900005,-6.8645950139999741,0],[112.35946831000001,-6.8645812179999552,0],[112.35946107600012,-6.864564727999948,0],[112.35945283000001,-6.8645461289999616,0],[112.35944376500004,-6.8645260059999487,0],[112.35943582800007,-6.8645079779999492,0],[112.35942955900009,-6.86449265899995,0],[112.35942501900001,-6.8644801969999776,0],[112.35942147500009,-6.8644692419999274,0],[112.3594200340001,-6.864464451999936,0],[112.3594184000001,-6.8644590199999698,0],[112.35941569100009,-6.8644487239999421,0],[112.35941339100009,-6.8644372719999751,0],[112.35941145800007,-6.8644223049999482,0],[112.35941077000007,-6.8644036029999711,0],[112.35940968200009,-6.8643955489999371,0],[112.35940725800003,-6.8643775959999402,0],[112.35940466800002,-6.8643339089999813,0],[112.35940863400003,-6.8642804559999604,0],[112.35938959900011,-6.8642623719999278,0],[112.35936104500001,-6.8642347699999391,0],[112.35933915400005,-6.8642147829999658,0],[112.35930613200003,-6.8641856749999306,0],[112.35929345400007,-6.8641744989999438,0],[112.35928109500003,-6.8641567239999404,0],[112.35927521700012,-6.8641290099999424,0],[112.35927443300011,-6.864125314999967,0],[112.35928109500003,-6.8640958099999807,0],[112.35924587900001,-6.8640767739999546,0],[112.35921993000011,-6.864056001999927,0],[112.35920265900006,-6.8640670179999574,0],[112.3591839820001,-6.8640790289999813,0],[112.35914824800011,-6.8640856919999464,0],[112.35912134500006,-6.8640774179999653,0],[112.35910443000012,-6.864072379999925,0],[112.35908810100011,-6.8640678249999496,0],[112.35906408800008,-6.8640862919999677,0],[112.35903934200007,-6.8640929539999433,0],[112.35900317400001,-6.8640815329999327,0],[112.35898509000003,-6.864055834999931,0],[112.35897438300003,-6.8639867909999452,0],[112.35896872500007,-6.863985520999961,0],[112.35893940500011,-6.8639789389999351,0],[112.35891513400009,-6.8639653759999533,0],[112.35887444500008,-6.8639668029999257,0],[112.35885160300006,-6.8639610929999435,0],[112.35883517100001,-6.8639490429999341,0],[112.35883018700008,-6.8639453879999337,0],[112.35880531400005,-6.8639302159999716,0],[112.35878093300005,-6.8639325389999613,0],[112.3587623730001,-6.8639282559999515,0],[112.35875523400011,-6.8639346809999324,0],[112.35875666200002,-6.8639546679999626,0],[112.35875095100005,-6.8639725139999541,0],[112.35874881000007,-6.8639860769999359,0],[112.3587588040001,-6.8639967849999266,0],[112.35874809600011,-6.8640046369999368,0],[112.35873310500006,-6.8640253379999763,0],[112.35872596700005,-6.8640381869999487,0],[112.35871311800008,-6.864033903999939,0],[112.35870169700001,-6.8640474669999776,0],[112.35869598600004,-6.8640774479999322,0],[112.35869501800005,-6.8640839799999753,0],[112.35869313000001,-6.8640967219999425,0],[112.358678854,-6.8641545429999269,0],[112.35865101000002,-6.8641577919999577,0],[112.35863602300003,-6.864159539999946,0],[112.35859247900009,-6.8641566839999655,0],[112.35856535300002,-6.8641388379999739,0],[112.35856777100003,-6.8641168669999502,0],[112.35856337700011,-6.8641052099999342,0],[112.35855968600004,-6.8640919119999353,0],[112.3585562610001,-6.8640776909999772,0],[112.3585532730001,-6.8640633239999715,0],[112.35855065100009,-6.8640497919999461,0],[112.35854741500009,-6.8640367729999525,0],[112.3585425230001,-6.8640236649999338,0],[112.35853567000004,-6.8640102569999613,0],[112.35853547900001,-6.8640098839999268,0],[112.35852723400001,-6.8639954159999661,0],[112.35851895900009,-6.863980521999963,0],[112.35851167900012,-6.8639658459999282,0],[112.35850533900009,-6.8639521539999464,0],[112.35849899700008,-6.8639411409999411,0],[112.35849180700006,-6.8639340229999561,0],[112.35847755100008,-6.8639218309999706,0],[112.35845185300002,-6.8639332529999706,0],[112.35844984900007,-6.8639498539999408,0],[112.35842615500007,-6.8639468159999524,0],[112.35841411400008,-6.8639722879999567,0],[112.35840759500002,-6.8639860769999359,0],[112.35837312400008,-6.8639832439999395,0],[112.35836659200004,-6.8639842849999582,0],[112.35836031000008,-6.8639845479999622,0],[112.35835352900006,-6.8639834499999779,0],[112.35834733400009,-6.8639802859999577,0],[112.35834292600009,-6.8639746919999425,0],[112.35834124200005,-6.8639667979999786,0],[112.35834445400008,-6.8639580359999286,0],[112.35834894100003,-6.8639457969999285,0],[112.35834946200009,-6.8639373499999579,0],[112.35834965900005,-6.8639341549999813,0],[112.35834930700003,-6.8639226139999323,0],[112.35834722800007,-6.8639118949999443,0],[112.35834286400006,-6.8639017749999311,0],[112.35833637600001,-6.8638924159999419,0],[112.35832874500011,-6.8638831609999329,0],[112.3583151580001,-6.8638731589999793,0],[112.35830865500009,-6.8638612369999805,0],[112.35830257800001,-6.8638474119999273,0],[112.35829598700002,-6.8638333969999508,0],[112.35828799100011,-6.8638208319999308,0],[112.3582787790001,-6.8638101849999771,0],[112.35826857200004,-6.8638005189999376,0],[112.35821771400003,-6.86376835599998,0],[112.35819558500009,-6.8637455129999694,0],[112.3581741700001,-6.8637226709999481,0],[112.3582112900001,-6.8637240979999774,0],[112.35823341900004,-6.8637162459999672,0],[112.35824912300006,-6.8637026829999286,0],[112.35827078000011,-6.8637000469999521,0],[112.35826228200006,-6.863677938999956,0],[112.35826054400002,-6.8636734159999264,0],[112.35824198500006,-6.8636669909999455,0],[112.35823020500004,-6.8636676179999654,0],[112.35816444600005,-6.8636711199999354,0],[112.35809659800009,-6.8636747329999253,0],[112.35810433200004,-6.8636967429999345,0],[112.35811801400007,-6.863714588999926,0],[112.35810511400007,-6.8637279819999435,0],[112.3580890500001,-6.8637179509999555,0],[112.35807905000001,-6.8637190499999292,0],[112.35806209600003,-6.8637181579999265,0],[112.35805329200002,-6.8637105439999573,0],[112.35801037500005,-6.8636760299999651,0],[112.3579498040001,-6.863689610999927,0],[112.35792860800007,-6.8636943629999791,0],[112.35790957300003,-6.8636943629999791,0],[112.35790957300003,-6.8637162539999395,0],[112.35789910300002,-6.863728627999933,0],[112.35788006700011,-6.8637628919999543,0],[112.35779916600006,-6.8637752649999584,0],[112.35774396200009,-6.8638371309999684,0],[112.35771731200009,-6.8638694919999352,0],[112.35772207100001,-6.8638894789999654,0],[112.35772633100009,-6.8638916089999498,0],[112.35772968700007,-6.8638932849999605,0],[112.35773444400002,-6.8638989969999784,0],[112.3577277820001,-6.863914225999963,0],[112.35766877100002,-6.8639675249999641,0],[112.3576249890001,-6.8640227289999416,0],[112.35759738800004,-6.8640598489999434,0],[112.35757454500003,-6.8641121969999404,0],[112.35755931600011,-6.8641835809999634,0],[112.35757168900011,-6.8642168929999343,0],[112.35757073800005,-6.8642549639999402,0],[112.35756637000009,-6.8642971849999412,0],[112.35756502700008,-6.8643101679999745,0],[112.35757549600009,-6.8643549019999455,0],[112.35761254600004,-6.8643797459999405,0],[112.35761617800006,-6.8643952699999318,0],[112.35761918000003,-6.8644116279999707,0],[112.35762112800001,-6.8644281769999793,0],[112.35762224100006,-6.8644443749999482,0],[112.35762257800002,-6.8644597079999699,0],[112.35762213900011,-6.8644742649999557,0],[112.3576202050001,-6.8644881489999534,0],[112.35761638300005,-6.8645013589999735,0],[112.35761024700003,-6.8645143339999777,0],[112.35760191400004,-6.8645271629999343,0],[112.35759189700002,-6.8645397289999437,0],[112.35758113300005,-6.864551692999953,0],[112.35757067700001,-6.8645626619999689,0],[112.35756124500006,-6.8645724019999648,0],[112.35755316100006,-6.8645808959999499,0],[112.3575462340001,-6.8645882609999376,0],[112.35753968800009,-6.8645948969999608,0],[112.35753236500011,-6.8646016399999326,0],[112.35752332900006,-6.8646093589999282,0],[112.35751181800003,-6.864619022999932,0],[112.35749912100005,-6.8646299339999359,0],[112.35748661300011,-6.8646415189999743,0],[112.35747677200004,-6.8646517119999544,0],[112.35746944900006,-6.8646608509999396,0],[112.35746715000005,-6.8646645339999282,0],[112.35746426500009,-6.8646691539999551,0],[112.3574603400001,-6.8646779779999747,0],[112.35745771800009,-6.8646879369999283,0],[112.35745637100001,-6.8647001209999416,0],[112.35745593200011,-6.8647142829999552,0],[112.35745575600004,-6.8647296749999782,0],[112.35745508200011,-6.8647447739999734,0],[112.35745360300007,-6.8647595219999289,0],[112.35745811400011,-6.8647759259999361,0],[112.35745566900005,-6.8647912149999684,0],[112.35745315000008,-6.8648060509999596,0],[112.35745013300004,-6.864819377999936,0],[112.35744629600003,-6.8648308449999718,0],[112.35744090600008,-6.8648410089999743,0],[112.35743377400001,-6.8648504109999635,0],[112.35742493000009,-6.8648596519999501,0],[112.35740756700011,-6.864874914999973,0],[112.35739727100008,-6.864885385999969,0],[112.35738690200003,-6.864896880999936,0],[112.35737690000008,-6.86490847999994,0],[112.35736723400009,-6.8649194639999678,0],[112.35735803700004,-6.8649285879999411,0],[112.35730353500003,-6.8649735859999623,0],[112.35722431700003,-6.8649995539999509,0],[112.35717291600008,-6.8650345999999445,0],[112.35705609500008,-6.8650813279999738,0],[112.35697757700007,-6.8651413209999532,0],[112.35696980500006,-6.8651448829999708,0],[112.35691805100009,-6.8651490469999317,0],[112.35684309800001,-6.8651603489999502,0],[112.35678250500007,-6.8651409759999638,0],[112.35672787600004,-6.865140672999928,0],[112.35667404500009,-6.8651167479999344,0],[112.35661572800007,-6.8650823559999594,0],[112.35657834600011,-6.8650748799999519,0],[112.35653498200008,-6.8650733839999702,0],[112.35648264600002,-6.8650494599999661,0],[112.35644675900005,-6.8650255349999725,0],[112.35642881500007,-6.8649941329999251,0],[112.3564067750001,-6.8649555499999337,0],[112.35640100000001,-6.864948793999929,0],[112.35637803300006,-6.8649219269999548,0],[112.35636713200006,-6.8649335129999258,0],[112.35636356400005,-6.8649349399999551,0],[112.35636070800001,-6.8649349399999551,0],[112.35635285600006,-6.8649335129999258,0],[112.35634571700007,-6.8649270879999449,0],[112.35633715100005,-6.8649220919999721,0],[112.35633215400003,-6.8649156669999343,0],[112.35631828100009,-6.8648989279999455,0],[112.35630049500003,-6.8648965299999531,0],[112.35629574900008,-6.8649071009999716,0],[112.35629003800011,-6.8649099559999627,0],[112.35628361300007,-6.8649128119999432,0],[112.35626799700003,-6.8649107049999429,0],[112.35625025600007,-6.8649312069999269,0],[112.35623597900008,-6.8649818899999673,0],[112.35625311100011,-6.8650118709999788,0],[112.35627946000011,-6.8650241309999274,0],[112.35627338200004,-6.8650358289999645,0],[112.35626981200005,-6.865044156999943,0],[112.35626029500008,-6.8650536759999454,0],[112.35625077700001,-6.8650643829999467,0],[112.35624839700006,-6.8650750909999374,0],[112.3562460170001,-6.8650881769999614,0],[112.35623888000009,-6.8651012639999749,0],[112.35622936100003,-6.8651095919999534,0],[112.35620675700011,-6.8651191099999664,0],[112.35619723900004,-6.8651357669999697,0],[112.35619129100007,-6.8651488539999264,0],[112.35618058300008,-6.8651583719999394,0],[112.35616987500009,-6.8651750279999533,0],[112.3561689500001,-6.8651861379999559,0],[112.35616868600005,-6.8651893049999444,0],[112.35617939300005,-6.8652142889999368,0],[112.35618296200005,-6.8652285659999279,0],[112.35618058200009,-6.8652392739999755,0],[112.35617820300001,-6.8652523609999321,0],[112.35618058300008,-6.86526663799998,0],[112.35618891000001,-6.8652797239999472,0],[112.35618660300008,-6.8652866469999481,0],[112.35618534200012,-6.8652904319999379,0],[112.35618177300012,-6.8652975699999388,0],[112.35617811400004,-6.8653041569999687,0],[112.35617582400005,-6.8653082779999295,0],[112.35617106500001,-6.8653189849999308,0],[112.35616987500009,-6.8653285029999438,0],[112.35616035700002,-6.8653368309999792,0],[112.35615638800004,-6.8653389679999464,0],[112.3561448910001,-6.8653451599999471,0],[112.35613180400003,-6.8653534879999256,0],[112.35612823400004,-6.8653653849999614,0],[112.35612823500003,-6.8653796619999525,0],[112.35612910100008,-6.8653826919999688,0],[112.35613299400006,-6.8653963179999664,0],[112.35613061400011,-6.8654082149999454,0],[112.35611990700011,-6.8654201129999706,0],[112.35611157800008,-6.8654296299999373,0],[112.35610681900005,-6.865440337999928,0],[112.35609968100005,-6.8654534249999415,0],[112.35609373200009,-6.8654641329999322,0],[112.35608540400005,-6.8654748399999335,0],[112.35608516600007,-6.8654917339999315,0],[112.35608516600007,-6.865504820999945,0],[112.3560756490001,-6.8655345639999723,0],[112.35607190300004,-6.8655467349999526,0],[112.35607088900008,-6.8655500309999411,0],[112.35606494000001,-6.8655643079999322,0],[112.35606228000006,-6.8655696289999355,0],[112.35605661300008,-6.8655809639999461,0],[112.35604709400002,-6.8655988099999377,0],[112.35604580200004,-6.865600747999963,0],[112.35603757700005,-6.8656130869999288,0],[112.35602330000006,-6.8656202249999296,0],[112.35601140300002,-6.8656285539999544,0],[112.35600545400007,-6.8656392609999557,0],[112.35599593600011,-6.8656559169999696,0],[112.35598703700009,-6.8656648169999812,0],[112.35598641900003,-6.8656654349999258,0],[112.35597809000001,-6.865680900999962,0],[112.35597809000001,-6.8656892299999299,0],[112.35598760800008,-6.8656975579999653,0],[112.35598641900003,-6.8657106449999787,0],[112.35597571100004,-6.8657284909999703,0],[112.35596262400009,-6.8657344399999261,0],[112.35594477800009,-6.8657415769999375,0],[112.35593169100002,-6.8657487159999278,0],[112.35591860400007,-6.8657582339999408,0],[112.35590313700004,-6.8657701309999766,0],[112.355887671,-6.8657808389999673,0],[112.35588239100002,-6.8657847989999254,0],[112.35586863500009,-6.865795114999969,0],[112.35584127100003,-6.8658117719999723,0],[112.35578535400009,-6.8658343759999525,0],[112.35572586800004,-6.8658605509999688,0],[112.35563068900001,-6.8658914839999738,0],[112.35552599300001,-6.8659164679999662,0],[112.35543676300006,-6.8659283659999346,0],[112.35531541100011,-6.8659462119999262,0],[112.35521547400003,-6.8659545389999721,0],[112.35514765900007,-6.8659795239999539,0],[112.35505723900008,-6.8660283019999611,0],[112.35498466500007,-6.8660782709999353,0],[112.35493707700005,-6.8661175329999651,0],[112.35489543600011,-6.8661651219999271,0],[112.35484308800005,-6.8662091419999456,0],[112.35482167200007,-6.8662293679999493,0],[112.35480382700007,-6.8662472129999514,0],[112.35478836000004,-6.8662602999999649,0],[112.35477527300009,-6.8662852849999467,0],[112.35472530400011,-6.8663376319999543,0],[112.35469913000009,-6.8663709449999715,0],[112.35468009400006,-6.8663899799999513,0],[112.35466462800002,-6.8664090159999773,0],[112.35464678200003,-6.8664280519999465,0],[112.35463607400004,-6.8664482769999609,0],[112.35461703800001,-6.8664649339999642,0],[112.35460276200001,-6.866472071999965,0],[112.35458729600009,-6.8664780209999776,0],[112.35458134700002,-6.8664899179999566,0],[112.35458967500006,-6.86650300499997,0],[112.35459562300002,-6.8665208509999616,0],[112.35453970600008,-6.8666077019999534,0],[112.35446951200004,-6.8667088279999575,0],[112.35433269300006,-6.8668813399999635,0],[112.35427558600009,-6.8669562919999407,0],[112.35423513600006,-6.8670086409999271,0],[112.35420896100004,-6.8670621789999586,0],[112.35419349500012,-6.8670847829999389,0],[112.35417208000001,-6.8671026299999767,0],[112.35415899200007,-6.8671204749999788,0],[112.35415542300007,-6.8671383209999703,0],[112.35414947400011,-6.8671525979999615,0],[112.35413638800003,-6.867170443999953,0],[112.35412330000008,-6.8671847209999441,0],[112.35411367300003,-6.8671943489999308,0],[112.35411021400012,-6.8671978079999576,0],[112.35409355700006,-6.8672073249999812,0],[112.35409324400007,-6.8672072859999389,0],[112.3540840390001,-6.8672061359999361,0],[112.35407095200003,-6.867201376999958,0],[112.35406619300011,-6.8672097049999365,0],[112.35407095200003,-6.8672180329999719,0],[112.35408285000005,-6.8672251709999728,0],[112.35409236800001,-6.8672311199999285,0],[112.35410069600005,-6.8672406379999416,0],[112.35410902400008,-6.8672525349999773,0],[112.35412211100004,-6.8672668129999579,0],[112.35413519800011,-6.8672870379999722,0],[112.35414352600003,-6.8673036939999292,0],[112.35414233600011,-6.8673239189999435,0],[112.35413400800007,-6.8673346259999448,0],[112.35412806000011,-6.8673453339999355,0],[112.35412449100011,-6.8673560419999262,0],[112.35412568000004,-6.8673691289999397,0],[112.35414114700006,-6.8673798369999304,0],[112.35414688700007,-6.867391318999978,0],[112.35414709500003,-6.8673917339999662,0],[112.35413995700003,-6.8674048209999796,0],[112.35413281800004,-6.8674155289999703,0],[112.35412222700006,-6.8674270829999386,0],[112.35411973100008,-6.8674298059999614,0],[112.35409712600006,-6.8674488409999412,0],[112.35408068400011,-6.8674644619999299,0],[112.3540733320001,-6.8674714459999677,0],[112.35403764000012,-6.8675059479999732,0],[112.35403559700001,-6.8675083569999629,0],[112.35399124000003,-6.8675606759999255,0],[112.35397577400011,-6.8675761419999617,0],[112.35396657000001,-6.8675846379999257,0],[112.35396030800007,-6.8675904189999528,0],[112.35394127200004,-6.8676011259999541,0],[112.35393014800002,-6.8676063609999574,0],[112.3539210460001,-6.8676106449999565,0],[112.35390201100006,-6.8676225419999355,0],[112.35388773400007,-6.8676308699999709,0],[112.35387583700003,-6.8676391979999494,0],[112.35386512900004,-6.8676415779999616,0],[112.35383657600005,-6.8676463369999396,0],[112.3538092120001,-6.8676546639999287,0],[112.35379850400011,-6.8676653719999763,0],[112.35378898600004,-6.8676808379999557,0],[112.35378303700008,-6.8676927359999809,0],[112.35378065900011,-6.8677046329999598,0],[112.35377827900004,-6.8677224789999514,0],[112.35377470900005,-6.8677379449999307,0],[112.35376162300008,-6.8677522219999787,0],[112.35374377700009,-6.8677641199999471,0],[112.35372949900011,-6.8677724469999362,0],[112.35371284300004,-6.867780775999961,0],[112.35369261800008,-6.867790293999974,0],[112.35367953100001,-6.8678010009999753,0],[112.35366168500002,-6.8678105189999314,0],[112.35364383900003,-6.8678188479999562,0],[112.35361885500004,-6.8678271749999453,0],[112.35359506000009,-6.8678343139999356,0],[112.3535736450001,-6.8678414519999365,0],[112.35355579900011,-6.867859297999928,0],[112.3535450920001,-6.8678771439999764,0],[112.35354628100004,-6.8678937999999334,0],[112.35354401100005,-6.8679062869999257,0],[112.35354390200007,-6.8679068869999469,0],[112.35354628200002,-6.867925922999973,0],[112.35354682100001,-6.8679394069999375,0],[112.35354747100007,-6.8679556659999434,0],[112.3535522300001,-6.8679889779999712,0],[112.35354509100011,-6.86800444499994,0],[112.35352843500004,-6.8680199109999762,0],[112.35351534800009,-6.8680329989999791,0],[112.35349988200005,-6.8680484649999585,0],[112.35349155400002,-6.8680567939999264,0],[112.35347846700006,-6.8680686899999728,0],[112.35346181000011,-6.8680770189999407,0],[112.35344753300001,-6.8680805879999411,0],[112.35343682700011,-6.8680901049999648,0],[112.35342730900004,-6.8681008139999449,0],[112.35341660000006,-6.8680996239999672,0],[112.35340470400001,-6.8681008129999555,0],[112.35339399600002,-6.8681103309999685,0],[112.35338090800008,-6.8681246079999596,0],[112.35337139100011,-6.868140073999939,0],[112.35336782200011,-6.8681555399999752,0],[112.35335592400008,-6.8681686269999318,0],[112.35334283800012,-6.8681817149999347,0],[112.35333698800002,-6.8681893199999422,0],[112.35333094000009,-6.8681971819999603,0],[112.35332142200002,-6.8682102679999275,0],[112.3533059560001,-6.8682269249999308,0],[112.3532952490001,-6.8682435809999447,0],[112.3532886590001,-6.8682578569999464,0],[112.35328811000011,-6.8682590469999809,0],[112.35327978200007,-6.8682697549999716,0],[112.35327264400007,-6.8682864119999749,0],[112.35326669400001,-6.8683018769999649,0],[112.35325836700008,-6.8683149639999783,0],[112.35324290000005,-6.8683316209999248,0],[112.35323100300002,-6.8683458979999727,0],[112.35320482900011,-6.8683708829999546,0],[112.35319888000004,-6.8683899179999344,0],[112.35318936200008,-6.8684030049999478,0],[112.35317746500004,-6.8684137119999491,0],[112.3531608080001,-6.8684339379999528,0],[112.35315248100005,-6.8684517839999444,0],[112.35314177300006,-6.8684720089999587,0],[112.3531286860001,-6.8684886649999726,0],[112.35311559900003,-6.8685088909999763,0],[112.35310132200004,-6.8685350649999464,0],[112.35309656300001,-6.8685612389999733,0],[112.35309349400006,-6.8685898949999569,0],[112.35309299500011,-6.8685945509999442,0],[112.35308347600005,-6.8686159659999362,0],[112.35306801000002,-6.8686314329999618,0],[112.35306216700008,-6.8686369679999757,0],[112.3530454050001,-6.8686528479999538,0],[112.35302517900004,-6.8686695049999571,0],[112.35300733300005,-6.8686849709999365,0],[112.35299067700009,-6.8687051969999402,0],[112.35298115900002,-6.8687289909999549,0],[112.35296688300002,-6.8687623029999259,0],[112.35295763200008,-6.8687821259999282,0],[112.35295022600008,-6.8687979959999552,0],[112.35293119000005,-6.8688360669999611,0],[112.35291572400001,-6.868852722999975,0],[112.35290025800009,-6.868869378999932,0],[112.35288479100006,-6.8688848449999682,0],[112.35287527300011,-6.8688943639999707,0],[112.35285980700007,-6.8689086399999724,0],[112.35284196100008,-6.8689241069999412,0],[112.35282530500001,-6.8689431429999672,0],[112.35281459700002,-6.8689550399999462,0],[112.35281278500008,-6.8689567229999398,0],[112.35279794100006,-6.8689705059999255,0],[112.35277890500004,-6.8689859729999512,0],[112.35276224900008,-6.8689966799999524,0],[112.35274083400009,-6.8690073879999431,0],[112.35271466000006,-6.8690228549999688,0],[112.35269443400011,-6.8690323719999355,0],[112.35266707000005,-6.8690430799999262,0],[112.35264684600008,-6.8690502179999271,0],[112.35262662000002,-6.8690585469999519,0],[112.35260044600011,-6.8690728229999536,0],[112.35258616900001,-6.8690835299999549,0],[112.35256594400005,-6.8690966179999577,0],[112.35253739000007,-6.8691168439999615,0],[112.35250307000001,-6.8691321979999316,0],[112.35249218100012,-6.8691370689999758,0],[112.35247195500006,-6.8691477759999771,0],[112.35246082800006,-6.8691520549999723,0],[112.35245648800003,-6.8691537239999434,0],[112.35243269400007,-6.8691608629999337,0],[112.35240770900009,-6.8691656219999686,0],[112.3523827250001,-6.8691751399999248,0],[112.35236606900003,-6.8691846579999378,0],[112.35234465300005,-6.8691906069999504,0],[112.35232204900001,-6.8691965549999736,0],[112.35229468500006,-6.86920250299994,0],[112.35226494200003,-6.8692084519999526,0],[112.35222330100009,-6.8692144009999652,0],[112.35220426500007,-6.8692191599999433,0],[112.35218166000004,-6.8692251079999664,0],[112.35215191800012,-6.8692370059999348,0],[112.3521221740001,-6.8692465239999478,0],[112.35210075900011,-6.8692512829999259,0],[112.35207696400005,-6.8692548519999264,0],[112.35205435900002,-6.8692560419999609,0],[112.35202937500003,-6.8692560419999609,0],[112.35200796000004,-6.8692560419999609,0],[112.35198059600009,-6.8692572309999491,0],[112.35195442200006,-6.8692643699999394,0],[112.35193181700004,-6.8692762669999752,0],[112.35190207400001,-6.869279836999965,0],[112.35188541800005,-6.8692798359999756,0],[112.3518616230001,-6.8692750769999407,0],[112.35184258700008,-6.8692667489999621,0],[112.35181641300005,-6.8692631799999617,0],[112.35178786000006,-6.8692655599999739,0],[112.35176168600003,-6.8692762669999752,0],[112.35175811700003,-6.8692941129999667,0],[112.35173908100001,-6.8693060109999351,0],[112.35171528600006,-6.8693155279999587,0],[112.35169625100002,-6.869322666999949,0],[112.35169135300009,-6.8693239559999597,0],[112.35167364500001,-6.8693286149999722,0],[112.35165223000001,-6.8693381329999283,0],[112.35163676400009,-6.8693405129999405,0],[112.35163069900011,-6.8693401929999709,0],[112.35161415900006,-6.8693393219999734,0],[112.35157846700008,-6.8693333739999503,0],[112.35155705200009,-6.8693321839999726,0],[112.35153325700003,-6.8693321839999726,0],[112.35151898100003,-6.8693345629999385,0],[112.35150946200008,-6.8693417019999288,0],[112.35150351400011,-6.8693535989999646,0],[112.35150113500003,-6.8693631169999776,0],[112.35149161700008,-6.8693690659999334,0],[112.35146782300001,-6.8693738249999683,0],[112.35144640700003,-6.8693738239999789,0],[112.35141428400004,-6.8693738249999683,0],[112.35139286900005,-6.8693773939999687,0],[112.35137740300001,-6.8693845319999696,0],[112.3513583670001,-6.8693940499999258,0],[112.35133814200003,-6.8693999989999384,0],[112.35131910600001,-6.8694083269999737,0],[112.35129888000006,-6.8694190349999644,0],[112.35127389600007,-6.8694202239999527,0],[112.35125605100006,-6.8694214139999303,0],[112.35123344600004,-6.8694214139999303,0],[112.35121203000006,-6.8694285519999312,0],[112.35119299500002,-6.8694416389999446,0],[112.35117395800012,-6.8694511569999577,0],[112.35113945700004,-6.8694690029999492,0],[112.35111447200006,-6.8694797109999399,0],[112.35110991500005,-6.8694808999999282,0],[112.35108710800012,-6.8694868489999408,0],[112.35108163500001,-6.8694868489999408,0],[112.35106331400004,-6.8694868489999408,0],[112.3510466570001,-6.8694856589999631,0],[112.35103714000002,-6.8694856599999525,0],[112.35101929300004,-6.8694868499999302,0],[112.3509312540001,-6.8695142129999454,0],[112.35092584400002,-6.8695196229999738,0],[112.35091340800011,-6.8695320589999369,0],[112.35088604400005,-6.8695332489999714,0],[112.35086629300008,-6.8695321509999303,0],[112.35086462900006,-6.8695320589999369,0],[112.3508551110001,-6.8695189719999803,0],[112.35083607600006,-6.8695094539999673,0],[112.35081822900008,-6.8695142129999454,0],[112.35079205500006,-6.8695261109999706,0],[112.35078253800009,-6.8695403869999723,0],[112.35077556200008,-6.8695512389999749,0],[112.3507718300001,-6.8695570429999293,0],[112.35075755300011,-6.8695618019999642,0],[112.35073137900008,-6.8695677509999769,0],[112.35066402000007,-6.8695747039999446,0],[112.35058731600009,-6.869582621999939,0],[112.35054697100009,-6.8695867859999566,0],[112.35052912500009,-6.8695820269999786,0],[112.35051841800009,-6.869577268999933,0],[112.35050176100003,-6.869582027999968,0],[112.35048867400008,-6.8695891659999688,0],[112.3504422740001,-6.8695903559999465,0],[112.35042680800007,-6.8695879759999343,0],[112.35042204900003,-6.8695772679999436,0],[112.35041253100007,-6.8695748899999671,0],[112.35040420400003,-6.8695618029999537,0],[112.35038159800001,-6.8695618019999642,0],[112.35035899400009,-6.8695641819999764,0],[112.35033282000006,-6.8695772679999436,0],[112.35032645800004,-6.8695908989999452,0],[112.35032449100004,-6.8695951149999814,0],[112.35015792900003,-6.8696117709999385,0],[112.35015014200007,-6.8696117709999385,0],[112.35012818600001,-6.8696117709999385,0],[112.35009844300009,-6.8696070119999604,0],[112.35007345800011,-6.8696105809999608,0],[112.35005918100001,-6.8696177199999511,0],[112.35004252500005,-6.8696200989999738,0],[112.35001707200001,-6.8696275229999628,0],[112.35001397200006,-6.8696284269999524,0],[112.35000850400002,-6.8696285369999259,0],[112.34989618900011,-6.8696308059999751,0],[112.34965943200007,-6.8696474629999784,0],[112.34954045800009,-6.8696569809999346,0],[112.34952142300006,-6.8696522219999565,0],[112.34951309500002,-6.8696415139999658,0],[112.34950000800006,-6.8696391349999431,0],[112.34947740300004,-6.8696498429999338,0],[112.34946312700004,-6.8696581699999797,0],[112.34945003900009,-6.8696617399999695,0],[112.3494286240001,-6.8696641189999355,0],[112.34931203000008,-6.8696736369999485,0],[112.34927157900006,-6.8696760159999712,0],[112.34926851600005,-6.869677036999974,0],[112.34924659600006,-6.8696843439999498,0],[112.34921447200009,-6.8696831549999615,0],[112.34917025200002,-6.8696842729999616,0],[112.3491541190001,-6.8696677759999716,0],[112.34914774800006,-6.8696612609999761,0],[112.34914346400001,-6.8696555509999371,0],[112.34913775300004,-6.8696455559999663,0],[112.34912918800001,-6.8696384179999654,0],[112.34911491100002,-6.8696369899999468,0],[112.34910634500011,-6.8696455559999663,0],[112.34909635100007,-6.8696498389999761,0],[112.34908635700003,-6.8696469839999281,0],[112.3490692260001,-6.8696455569999557,0],[112.34905494800012,-6.8696512669999379,0],[112.3490392440001,-6.8696569779999663,0],[112.34903353400011,-6.8696626889999379,0],[112.34901497400006,-6.8696669719999477,0],[112.34900498000002,-6.8696641159999672,0],[112.34899213000006,-6.8696584059999282,0],[112.34897499900001,-6.8696598329999574,0],[112.34896072200002,-6.869665543999929,0],[112.34894930000007,-6.869671253999968,0],[112.34893596000006,-6.8696773179999582,0],[112.34893359600005,-6.8696783929999583,0],[112.34891932000005,-6.869679820999977,0],[112.34891218100006,-6.8696783929999583,0],[112.34890974700011,-6.8696779059999358,0],[112.34889790400007,-6.8696755369999778,0],[112.34889418600005,-6.8696781929999702,0],[112.34888791000003,-6.8696826759999681,0],[112.34886935000009,-6.8696869589999778,0],[112.34885935700004,-6.8696869589999778,0],[112.34883936900007,-6.8696912419999308,0],[112.34883223100007,-6.8696955249999405,0],[112.34882020000009,-6.8697114609999517,0],[112.34881937000011,-6.8697125599999254,0],[112.34876765700005,-6.8697142689999282,0],[112.34873944500009,-6.8697152019999521,0],[112.3487347680001,-6.8697015209999677,0],[112.34872239600008,-6.8696996179999701,0],[112.34871668500011,-6.8696986659999766,0],[112.34870526300006,-6.8696910519999506,0],[112.34870145600007,-6.8696815329999481,0],[112.34869479400004,-6.8696796299999505,0],[112.34869421500002,-6.8696794369999452,0],[112.34868622700003,-6.8696767749999594,0],[112.34867385400003,-6.8696701119999375,0],[112.34865577000005,-6.8696682089999399,0],[112.34864625200009,-6.869671063999931,0],[112.34863673400002,-6.8696796299999505,0],[112.34863102400004,-6.8696843899999749,0],[112.34862531400006,-6.8696891479999636,0],[112.34861865100004,-6.8696948589999351,0],[112.34861008500002,-6.8696967619999327,0],[112.34859866300008,-6.8697005689999742,0],[112.34858697000004,-6.8697125349999624,0],[112.34855392700001,-6.8696960139999419,0],[112.34852413100009,-6.8696811159999811,0],[112.34848354400003,-6.8696608219999575,0],[112.3484834090001,-6.8696607549999271,0],[112.34842119300004,-6.8692600109999375,0],[112.34841868800004,-6.8692438729999594,0],[112.34790067900008,-6.8692462529999716,0],[112.34789241800001,-6.8694027219999612,0],[112.34788854400006,-6.8694761089999474,0],[112.34788283300009,-6.8694768219999673,0],[112.34788104300003,-6.869475849999958,0],[112.34785784900009,-6.8694632589999287,0],[112.34779360400012,-6.869448982999927,0],[112.34777857300003,-6.8694587699999374,0],[112.34776290900004,-6.8694689699999572,0],[112.34776094000006,-6.8694544519999567,0],[112.34775719800007,-6.8694268539999257,0],[112.3476486940001,-6.869418287999963,0],[112.34760158100005,-6.8696003159999464,0],[112.3475901600001,-6.8696045989999561,0],[112.34756921300004,-6.8695913049999717,0],[112.34756802400011,-6.8695841669999709,0],[112.34756802400011,-6.8695686989999558,0],[112.34754898800009,-6.8695639409999671,0],[112.34753352100006,-6.8695627509999326,0],[112.34751924400007,-6.8695568019999769,0],[112.34751448500003,-6.8695484739999415,0],[112.3475025890001,-6.8695377669999402,0],[112.34748355300007,-6.8695365769999626,0],[112.34747284500008,-6.8695365769999626,0],[112.34746213700009,-6.8695341979999398,0],[112.34745024000006,-6.86953062799995,0],[112.34744905100001,-6.8695234899999491,0],[112.3474442910001,-6.8695104029999356,0],[112.34742525500008,-6.8695056439999576,0],[112.34741454800007,-6.8695080239999697,0],[112.34740741000007,-6.8695175409999365,0],[112.34740622000004,-6.8695353879999743,0],[112.34740027100008,-6.8695377659999508,0],[112.34739432300012,-6.8695437159999528,0],[112.34739313300008,-6.8695603719999667,0],[112.34739313300008,-6.8695698889999335,0],[112.34739313300008,-6.8695770269999343,0],[112.34740384000008,-6.8695817869999587,0],[112.34740265100004,-6.8695936839999376,0],[112.34739432200001,-6.8695984429999726,0],[112.34738599500008,-6.869602011999973,0],[112.34737052800006,-6.8696067709999511,0],[112.3473610100001,-6.8696067709999511,0],[112.34733602600011,-6.8696210479999422,0],[112.34732650800004,-6.8696293759999776,0],[112.34731937000004,-6.8696377039999561,0],[112.34731223200004,-6.8696448429999464,0],[112.34730509300005,-6.8696496019999813,0],[112.34729465500004,-6.8696662869999727,0],[112.3472939720001,-6.8696673779999742,0],[112.34728738400008,-6.8696658839999714,0],[112.34725322800011,-6.8696581369999308,0],[112.34724965900011,-6.8696103099999277,0],[112.34723880900003,-6.869608310999979,0],[112.34718741200004,-6.869608310999979,0],[112.3471031790001,-6.8695497769999747,0],[112.34705463800003,-6.8695497769999747,0],[112.34698845800006,-6.8695770219999304,0],[112.34696687600001,-6.869565558999966,0],[112.34695759700003,-6.8695555649999278,0],[112.34695331400007,-6.8695484259999375,0],[112.34695545500006,-6.8695377189999363,0],[112.34695973800001,-6.8695334359999265,0],[112.34696045100009,-6.8695262979999256,0],[112.34696544800011,-6.8695198729999447,0],[112.34696759000008,-6.8695170179999536,0],[112.34698104800009,-6.8695005209999636,0],[112.34698971900002,-6.8694898919999332,0],[112.34699328800002,-6.8694777569999701,0],[112.34699186100011,-6.8694599109999785,0],[112.34699043300009,-6.8694492039999773,0],[112.34698472300011,-6.8694363539999586,0],[112.34697687000005,-6.8694249329999479,0],[112.34697401500011,-6.8694192219999763,0],[112.34696830400003,-6.8694120829999292,0],[112.3469583100001,-6.8694020899999373,0],[112.34695188600006,-6.8693978069999275,0],[112.34692135200009,-6.869388163999929,0],[112.34689838600002,-6.8693797809999637,0],[112.34687432700002,-6.8693758909999474,0],[112.34684686500009,-6.8693756489999487,0],[112.34683942000004,-6.869376228999954,0],[112.34683338900004,-6.8693692529999453,0],[112.34682410900007,-6.8693671119999635,0],[112.34681054600003,-6.8693671119999635,0],[112.34679626900004,-6.8693678259999729,0],[112.34678627500011,-6.8693692539999347,0],[112.34677485400005,-6.8693713949999733,0],[112.34676557400007,-6.8693749639999737,0],[112.34675285500009,-6.8693899499999702,0],[112.3467455870001,-6.8694035169999665,0],[112.34674273100006,-6.8694070869999564,0],[112.34673773500003,-6.8694113699999662,0],[112.34672988200009,-6.8694120839999755,0],[112.34672265200004,-6.8693982809999738,0],[112.34670775300003,-6.8693920959999559,0],[112.34669918700001,-6.8693928099999653,0],[112.34669062100011,-6.8694006619999755,0],[112.34668062700007,-6.8694020899999373,0],[112.3466713470001,-6.8694020899999373,0],[112.34665849800001,-6.869403517999956,0],[112.34662923100007,-6.869418507999967,0],[112.34662494700001,-6.8694292149999683,0],[112.34661209900003,-6.8694442059999687,0],[112.34660353200002,-6.8694584839999493,0],[112.34660067700008,-6.8694706179999798,0],[112.34659996400001,-6.8694856089999803,0],[112.34659925000005,-6.8694977439999434,0],[112.34660281900005,-6.8695113069999252,0],[112.34660995700006,-6.8695198729999447,0],[112.34662670300008,-6.8695221989999595,0],[112.3466356560001,-6.8695234429999346,0],[112.34663565500011,-6.8695434299999647,0],[112.34662283200009,-6.8695471419999308,0],[112.34660853000003,-6.8695512819999749,0],[112.34661169900005,-6.8695886069999688,0],[112.34661709600005,-6.8696521709999274,0],[112.34659710800008,-6.8696521719999737,0],[112.34658949400011,-6.8696502679999298,0],[112.34657807200006,-6.8696445569999582,0],[112.34656950600004,-6.8696455089999517,0],[112.34655903700002,-6.8696521709999274,0],[112.34654380800009,-6.8696607369999469,0],[112.34650573700003,-6.8696712069999535,0],[112.34639799500007,-6.8696870869999316,0],[112.34636482200006,-6.8696934049999641,0],[112.34633468600009,-6.8696974149999619,0],[112.34629944800008,-6.8697033699999679,0],[112.34627228800002,-6.8697087169999804,0],[112.34612635100007,-6.8697282359999576,0],[112.34594908100007,-6.8697521499999539,0],[112.34595001800005,-6.869780245999948,0],[112.34593752100011,-6.8697856589999446,0],[112.34593097800007,-6.8697898229999623,0],[112.34591848600007,-6.8697945819999404,0],[112.34590837300004,-6.869800530999953,0],[112.34589766500005,-6.8698070739999366,0],[112.34588636300009,-6.8698118329999716,0],[112.34586375800006,-6.8698159969999324,0],[112.34585186100003,-6.8698201609999501,0],[112.34584769700007,-6.8698284899999749,0],[112.34582806700007,-6.8698391969999761,0],[112.34581319400002,-6.8698415769999315,0],[112.34580010800005,-6.8698415759999421,0],[112.34578702100009,-6.8698409819999711,0],[112.3457798820001,-6.8698391969999761,0],[112.34576977000006,-6.8698302739999804,0],[112.34575549300007,-6.8698278949999576,0],[112.34573526800011,-6.8698284899999749,0],[112.34567042700007,-6.8698308679999514,0],[112.34565852900005,-6.8698296789999631,0],[112.34564948800005,-6.8698212319999357,0],[112.34563082900002,-6.8698137269999506,0],[112.3456278540001,-6.8697884369999542,0],[112.34553684000002,-6.8697926009999719,0],[112.34553386500011,-6.8698354309999559,0],[112.34547735300009,-6.8698389999999563,0],[112.34547796100003,-6.8698638309999751,0],[112.34535921300005,-6.869869218999952,0],[112.34524639600011,-6.8698823949999337,0],[112.34523753100007,-6.8698834299999589,0],[112.34522618200003,-6.8698740559999578,0],[112.34521476000009,-6.8698690589999387,0],[112.34520690800002,-6.8698654899999383,0],[112.34519191700008,-6.869860492999976,0],[112.34518192400003,-6.8698533549999752,0],[112.34517835400004,-6.8698447889999557,0],[112.34517621300006,-6.8698390779999272,0],[112.34517407200008,-6.8698297979999552,0],[112.34516671300003,-6.8698224389999609,0],[112.34516336400009,-6.8698190899999645,0],[112.34514506100004,-6.8698035459999574,0],[112.34491163600001,-6.8698035459999574,0],[112.34490673900007,-6.8698035949999507,0],[112.34490923100009,-6.8698259669999402,0],[112.34492027600004,-6.8699251029999573,0],[112.34492163000004,-6.8699441719999754,0],[112.3447453120001,-6.8699698709999666,0],[112.34474350800008,-6.8699580189999665,0],[112.34474031500008,-6.8699370339999746,0],[112.34442622600011,-6.8699555939999755,0],[112.3444183150001,-6.8699569109999743,0],[112.34441820800009,-6.8699659359999714,0],[112.34441783900002,-6.8699968859999672,0],[112.34441688700008,-6.8700078309999526,0],[112.34441498400008,-6.8700235359999624,0],[112.34441355600006,-6.8700401919999763,0],[112.3444111770001,-6.8700463779999268,0],[112.34440844300002,-6.8700500239999656,0],[112.34440689400003,-6.8700520889999552,0],[112.34440165900003,-6.8700530409999487,0],[112.34427935500003,-6.8700554209999609,0],[112.34427884700006,-6.8700810769999521,0],[112.34427840300009,-6.8701034859999481,0],[112.3442712640001,-6.8701049139999668,0],[112.34426460200007,-6.8701049129999774,0],[112.34425365600009,-6.8701034849999587,0],[112.34424461500009,-6.8701025339999546,0],[112.34422425000002,-6.8700945069999761,0],[112.34421780500008,-6.8700937909999311,0],[112.34420840600001,-6.8700932299999522,0],[112.34419338100008,-6.8700923339999349,0],[112.34416604100011,-6.8700908759999493,0],[112.34413505500004,-6.8700896609999518,0],[112.34412712800008,-6.8700895709999372,0],[112.3441237290001,-6.8700895329999412,0],[112.34410285400008,-6.8700892959999464,0],[112.34406931600006,-6.8700901459999386,0],[112.34403237600009,-6.8700909959999308,0],[112.34399993200009,-6.8700903889999267,0],[112.34396651600002,-6.8700896609999518,0],[112.34390798000004,-6.8700862259999553,0],[112.34390682300011,-6.8700422709999316,0],[112.34390426100003,-6.8699449789999676,0],[112.34382201700009,-6.869943386999978,0],[112.34381964300007,-6.8699378749999482,0],[112.34376919800002,-6.8699369229999547,0],[112.34376634300008,-6.8699349009999651,0],[112.34374183400007,-6.8699336799999742,0],[112.34373291200006,-6.8699332349999622,0],[112.34373355200012,-6.869853839999962,0],[112.34373362500003,-6.869844718999957,0],[112.34373005600003,-6.869844718999957,0],[112.34367426600011,-6.869844718999957,0],[112.34367294900005,-6.869844718999957,0],[112.34366803300009,-6.8698437599999806,0],[112.34364368100012,-6.8698390079999285,0],[112.34362012500003,-6.8698354399999744,0],[112.34360442100001,-6.8698340109999663,0],[112.34359371300002,-6.8698361529999374,0],[112.34358871600011,-6.8698425779999752,0],[112.34358366700008,-6.8699387749999801,0],[112.34356747900006,-6.8699384619999364,0],[112.34356646000003,-6.8699836819999405,0],[112.34351228700007,-6.8699802059999797,0],[112.34350158000007,-6.8699802059999797,0],[112.34349777300008,-6.8699799679999387,0],[112.34349659800012,-6.8700723539999444,0],[112.34348064100004,-6.8700737189999472,0],[112.34347350300004,-6.8700765739999383,0],[112.34346350900012,-6.8700794299999757,0],[112.34345137300011,-6.8700815709999574,0],[112.34344280800008,-6.870081569999968,0],[112.34343138600002,-6.8700815709999574,0],[112.34342139300009,-6.8700815709999574,0],[112.34340997100003,-6.8700801429999387,0],[112.34340140500001,-6.8700715769999761,0],[112.34339783500002,-6.870066579999957,0],[112.34339498000008,-6.870060154999976,0],[112.3433928390001,-6.8700487339999654,0],[112.34339283800011,-6.8700401679999459,0],[112.34339283800011,-6.870033029999945,0],[112.3433928390001,-6.8700251769999454,0],[112.34338926900011,-6.8700216089999344,0],[112.34338284500006,-6.8700251769999454,0],[112.34337713400009,-6.8700308879999739,0],[112.34337213800006,-6.8700316019999264,0],[112.34336357100005,-6.8700308879999739,0],[112.34334215600006,-6.8700258919999442,0],[112.34332788000006,-6.8700244639999255,0],[112.34330860600005,-6.8700230359999637,0],[112.34328790500001,-6.8700187529999539,0],[112.34326863100011,-6.8700137559999348,0],[112.34324650200006,-6.870009472999925,0],[112.34322937000002,-6.8700051899999721,0],[112.34321366500001,-6.8699994789999437,0],[112.34320081600004,-6.8699944829999708,0],[112.34318511200001,-6.8699901989999717,0],[112.34316512500004,-6.8699873439999806,0],[112.34314370900006,-6.869985202999942,0],[112.34312800500004,-6.8699880579999331,0],[112.34312418500008,-6.8700222189999636,0],[112.34311062200004,-6.870025787999964,0],[112.34310491100007,-6.8700429199999462,0],[112.34306565000009,-6.8700414919999275,0],[112.3430635090001,-6.870023645999936,0],[112.34301139900003,-6.8700079419999724,0],[112.34299355300004,-6.8700300709999738,0],[112.34291563200009,-6.8700262059999773,0],[112.34283579400005,-6.8699936649999813,0],[112.34280652700011,-6.8700693319999573,0],[112.34286363400008,-6.8700943159999497,0],[112.34286161000011,-6.8701071389999697,0],[112.34285721000003,-6.8701350049999519,0],[112.34280153000009,-6.8701207279999608,0],[112.34277868700008,-6.8702006779999465,0],[112.34284079100007,-6.8702242349999665,0],[112.34281937600008,-6.8703405909999447,0],[112.34278225700007,-6.8703441599999451,0],[112.34276655200006,-6.8703798519999282,0],[112.34268303300007,-6.8703755689999753,0],[112.34268374700002,-6.8703470149999362,0],[112.34268303300007,-6.8703163199999722,0],[112.34268779200011,-6.8702688299999295,0],[112.34268684000006,-6.870225047999952,0],[112.34266019000006,-6.8702041089999284,0],[112.34269160500003,-6.8700849199999539,0],[112.34263154100006,-6.8700443539999583,0],[112.34264234400007,-6.8700042339999641,0],[112.34250718200008,-6.869931367999925,0],[112.34246888200005,-6.8699107209999397,0],[112.3424717370001,-6.8698900199999571,0],[112.34248072900004,-6.8698886579999794,0],[112.34249529400006,-6.8698864509999567,0],[112.34253455500004,-6.8696908589999452,0],[112.34252542000002,-6.8696886539999582,0],[112.34249563900005,-6.869681466999964,0],[112.34249049500011,-6.8696971109999367,0],[112.34246315400003,-6.8697443809999754,0],[112.34243848800008,-6.8697525819999328,0],[112.34243193600003,-6.8697514939999564,0],[112.34240337000006,-6.8697467499999334,0],[112.34235962500009,-6.8697417689999725,0],[112.34230798100009,-6.8697401889999696,0],[112.34225840500005,-6.8697399459999815,0],[112.342212958,-6.8697387309999272,0],[112.34217261600008,-6.8697367859999758,0],[112.34213604000001,-6.8697358139999665,0],[112.34209910000004,-6.8697378799999456,0],[112.34206131100007,-6.8697429829999805,0],[112.34202767000011,-6.8697338079999781,0],[112.34184197400009,-6.869736717999956,0],[112.34183790800012,-6.8697367819999613,0],[112.34183760300004,-6.869733852999957,0],[112.34183493400008,-6.8697082289999685,0],[112.34176236000008,-6.869673726999963,0],[112.34174312700009,-6.8696933449999733,0],[112.34169097600011,-6.8696838389999471,0],[112.34164100800001,-6.869657664999977,0],[112.34156605500004,-6.8696041279999349,0],[112.34153155200011,-6.8695749789999354,0],[112.34164457700001,-6.8692661249999674,0],[112.34164782700009,-6.8692435679999448,0],[112.34166175400003,-6.869146925999928,0],[112.34166420700001,-6.8691299009999511,0],[112.34123768900008,-6.8689841589999787,0],[112.34104792700009,-6.8689157489999388,0],[112.34100152700012,-6.8690115229999265,0],[112.34095155900002,-6.8691459619999478,0],[112.34092657400004,-6.8691417979999301,0],[112.34090292400003,-6.869200851999949,0],[112.34088846500003,-6.869204558999968,0],[112.34085626400008,-6.8692011559999742,0],[112.34081580000009,-6.8691942289999588,0],[112.34077618700007,-6.8691874239999606,0],[112.34074034100001,-6.8691811059999281,0],[112.34070692500006,-6.8691763669999659,0],[112.3406767890001,-6.8691708989999256,0],[112.34064677600009,-6.8691653099999712,0],[112.34061530400004,-6.869157897999969,0],[112.34058431800008,-6.8691490269999349,0],[112.34055588400008,-6.8691394269999364,0],[112.34053628700008,-6.8691318169999249,0],[112.34053303900009,-6.8691305559999591,0],[112.34051274700005,-6.8691232659999741,0],[112.34049160300003,-6.869116824999935,0],[112.34048952700005,-6.8691535769999632,0],[112.3404657320001,-6.8691464379999729,0],[112.34043479900004,-6.8691279969999641,0],[112.34039779500006,-6.8690860819999671,0],[112.3403751940001,-6.8690769689999343,0],[112.34035417200005,-6.869068097999957,0],[112.34033667400001,-6.8690608089999614,0],[112.34032124200007,-6.8690540029999738,0],[112.34030763200008,-6.8690476839999519,0],[112.34029511600011,-6.8690411219999419,0],[112.34027980600001,-6.8690321319999725,0],[112.34026121400007,-6.869020829999954,0],[112.34024335200002,-6.8690103809999528,0],[112.34022694800001,-6.8690016309999464,0],[112.34020908500008,-6.8689933679999626,0],[112.34019328800002,-6.8689846199999351,0],[112.34018174500011,-6.8689732569999364,0],[112.34018541700004,-6.8689469899999267,0],[112.34017080800004,-6.8689444599999661,0],[112.34016157300005,-6.8689336439999806,0],[112.34014857200009,-6.8689243479999504,0],[112.34013471900005,-6.8689157219999402,0],[112.34011867900006,-6.8689070929999616,0],[112.34010191000004,-6.8688990739999554,0],[112.34008611400009,-6.8688903259999279,0],[112.34007141100005,-6.8688804829999413,0],[112.34005670800002,-6.868869909999944,0],[112.34004297700005,-6.8688584889999333,0],[112.34003313400001,-6.8688468239999452,0],[112.34002863800004,-6.8688352789999385,0],[112.34002535700006,-6.8688237359999675,0],[112.34002376100011,-6.868820052999979,0],[112.34002061800004,-6.8688127999999438,0],[112.34001332700007,-6.8688023499999531,0],[112.34000433500012,-6.8687927499999546,0],[112.33999461400003,-6.8687831509999455,0],[112.33998380000003,-6.868773550999947,0],[112.33997286300007,-6.8687638299999776,0],[112.33996156300009,-6.8687539869999341,0],[112.33994916800009,-6.8687425649999341,0],[112.33993568000005,-6.868729683999959,0],[112.33992097700002,-6.8687142529999505,0],[112.33990882600006,-6.8687019799999689,0],[112.33989667500009,-6.8686903139999345,0],[112.33988440200005,-6.8686792559999503,0],[112.33987164300004,-6.8686678339999503,0],[112.33985803400003,-6.8686556839999753,0],[112.33984527500002,-6.8686438959999805,0],[112.33983348800007,-6.8686329609999461,0],[112.33982267300007,-6.8686221449999607,0],[112.3398129520001,-6.8686102369999276,0],[112.33980578300009,-6.8685982069999341,0],[112.33980238000004,-6.8685875139999553,0],[112.3397993430001,-6.8685779139999568,0],[112.33979448200012,-6.8685678299999608,0],[112.33979301500005,-6.8685658499999249,0],[112.33978682700001,-6.8685574999999517,0],[112.33977710600004,-6.8685472939999386,0],[112.33977061500002,-6.8685414199999286,0],[112.3397668990001,-6.8685380589999454,0],[112.3397560840001,-6.8685291879999681,0],[112.33974502600006,-6.868519952999975,0],[112.33973275300002,-6.8685102319999487,0],[112.33971950800003,-6.868499902999929,0],[112.33970845100009,-6.8684905469999649,0],[112.33969885100009,-6.8684794889999807,0],[112.33969071000001,-6.868464906999975,0],[112.33968478200006,-6.8684488479999573,0],[112.33968402700009,-6.8684468019999372,0],[112.33967795100011,-6.8684271159999639,0],[112.33967689600001,-6.8684227209999449,0],[112.33967518700001,-6.8684155999999348,0],[112.33967430600001,-6.8684119279999436,0],[112.33967114600011,-6.8683995329999448,0],[112.3396667720001,-6.8683890829999541,0],[112.33966057500004,-6.8683793629999741,0],[112.33965206900007,-6.8683697619999293,0],[112.33964307700001,-6.8683608919999415,0],[112.33963420600003,-6.8683522639999524,0],[112.33962497100003,-6.8683433939999645,0],[112.33961561500007,-6.8683345229999304,0],[112.3396043140001,-6.8683236489999331,0],[112.33959106900011,-6.8683099179999658,0],[112.33957320700006,-6.8682904749999807,0],[112.33955741000011,-6.868274314999951,0],[112.33953434800003,-6.8682274359999269,0],[112.33949631300004,-6.8681695799999716,0],[112.3394836650001,-6.8681503409999323,0],[112.33951074900006,-6.8681192019999457,0],[112.339437266,-6.8680282749999719,0],[112.3394173050001,-6.868039974999931,0],[112.33938372800003,-6.8679882999999791,0],[112.33940514300002,-6.8679690269999583,0],[112.33937087900006,-6.8679340479999382,0],[112.33933090400001,-6.8679718819999493,0],[112.33930806100011,-6.8679518939999298,0],[112.33926451700006,-6.8678940729999454,0],[112.33919313300009,-6.8678376799999796,0],[112.33916029600005,-6.8678019879999397,0],[112.33913317000008,-6.8677648689999273,0],[112.33912888700002,-6.8677356009999357,0],[112.33911246900004,-6.8676649309999789,0],[112.33911581700011,-6.8676548129999446,0],[112.33911928700002,-6.8676443289999725,0],[112.33912511500012,-6.8676449769999408,0],[112.33912785300004,-6.867645280999966,0],[112.33913356400001,-6.8676452799999765,0],[112.33914117800009,-6.867645280999966,0],[112.33915926200007,-6.8676157749999334,0],[112.3391685250001,-6.8675990499999671,0],[112.33919352600003,-6.8675539089999802,0],[112.33922208000001,-6.8675091749999524,0],[112.33926030800001,-6.8674468029999503,0],[112.33927633100006,-6.8674206589999471,0],[112.33920685100009,-6.8673616489999745,0],[112.33911262400011,-6.8672864579999668,0],[112.3390364820001,-6.8672255429999609,0],[112.33902220500011,-6.8672131709999462,0],[112.33900888000005,-6.8672036519999438,0],[112.33900031400003,-6.8671979419999616,0],[112.33898889300008,-6.8671960379999746,0],[112.33897842300007,-6.8671922309999331,0],[112.3389603390001,-6.8671846159999745,0],[112.3389194130001,-6.8672264949999544,0],[112.33901673900004,-6.8673053719999757,0],[112.33912023900007,-6.8673892509999632,0],[112.33911549300001,-6.8673939969999651,0],[112.33910977000005,-6.8673997199999803,0],[112.33910976900006,-6.867406381999956,0],[112.33911928700002,-6.867413044999978,0],[112.33912880500009,-6.8674216109999406,0],[112.33913490700002,-6.8674258349999491,0],[112.33914117800009,-6.8674301769999602,0],[112.33914022600004,-6.8674358879999318,0],[112.33913737100011,-6.8674415989999602,0],[112.33913261200007,-6.8674444529999619,0],[112.33912880500009,-6.8674444539999513,0],[112.3391249980001,-6.8674435019999578,0],[112.33912024000006,-6.8674406459999773,0],[112.33911548000003,-6.8674339839999448,0],[112.33910881800011,-6.8674301769999602,0],[112.33910120300004,-6.8674301769999602,0],[112.33909454100001,-6.8674358879999318,0],[112.33907146000001,-6.867460871999981,0],[112.33902862900004,-6.8675158369999281,0],[112.33902220500011,-6.8675258309999663,0],[112.33901935000006,-6.867526545999965,0],[112.33901149700012,-6.8675258309999663,0],[112.3390065000001,-6.8675251169999569,0],[112.33900221800002,-6.8675236899999277,0],[112.33898456400004,-6.8675192259999562,0],[112.33896470500008,-6.8675036039999782,0],[112.33891176100008,-6.8674874899999736,0],[112.3388990310001,-6.8674836159999586,0],[112.33888361200002,-6.867470338999965,0],[112.33887569500007,-6.867428939999968,0],[112.33887110900002,-6.8674049549999268,0],[112.33886397100002,-6.8673878229999445,0],[112.33885540500012,-6.8673806839999543,0],[112.33883827300008,-6.8673764009999445,0],[112.33882688500012,-6.8673741239999799,0],[112.33882399600009,-6.8673735459999534,0],[112.3388168570001,-6.8673649789999445,0],[112.33881543000007,-6.8673564139999712,0],[112.33881543000007,-6.8673449919999712,0],[112.33882107900001,-6.8673336929999778,0],[112.33882114000005,-6.8673335709999606,0],[112.33882542400011,-6.8673250039999516,0],[112.33882256800007,-6.8673092999999312,0],[112.33881543000007,-6.8673050169999783,0],[112.3388025810001,-6.8673035899999491,0],[112.33879860600007,-6.8673088879999682,0],[112.33879829700004,-6.8673092999999312,0],[112.33878261600012,-6.8673280589999308,0],[112.33877120600005,-6.8673194739999417,0],[112.33878354500007,-6.8673002589999328,0],[112.3387847350001,-6.8672883609999644,0],[112.3387847350001,-6.8672848159999376,0],[112.3387847350001,-6.8672788429999514,0],[112.3387883040001,-6.8672717049999505,0],[112.33879306300003,-6.8672645669999497,0],[112.33879068300007,-6.8672586179999371,0],[112.3387811660001,-6.867253858999959,0],[112.33877045800011,-6.8672455309999805,0],[112.33875499200008,-6.8672372019999557,0],[112.33873952500005,-6.8672372029999451,0],[112.33873119700002,-6.8672431519999577,0],[112.33872203200008,-6.8672567399999593,0],[112.33871051900007,-6.8672738079999363,0],[112.33868545700011,-6.8672579639999753,0],[112.33869907400003,-6.8672372029999451,0],[112.3387050230001,-6.8672264949999544,0],[112.3387050230001,-6.8672262619999742,0],[112.3387050230001,-6.8672181669999759,0],[112.33870264300003,-6.867211028999975,0],[112.33869312600007,-6.8672038899999279,0],[112.33868750600004,-6.86720037799995,0],[112.33868360800011,-6.8671979419999616,0],[112.33868295200011,-6.8671963029999574,0],[112.33868122900003,-6.867191992999949,0],[112.33868836700003,-6.8671836649999705,0],[112.33868955600008,-6.8671777159999579,0],[112.33868122900003,-6.8671658189999789,0],[112.33853132200011,-6.8670849169999428,0],[112.33849325100005,-6.8671420239999748,0],[112.33853899300004,-6.8671682039999382,0],[112.33858631100009,-6.8671952849999798,0],[112.33852349300003,-6.8672609579999744,0],[112.33848423200004,-6.8672538199999735,0],[112.33838314500008,-6.8672072469999534,0],[112.33836694500008,-6.8672056659999612,0],[112.33835029800002,-6.8672020199999793,0],[112.33833510900001,-6.8671950949999427,0],[112.33832360000008,-6.867187213999955,0],[112.33832162100009,-6.8671858599999496,0],[112.33830983400003,-6.8671750439999641,0],[112.33829901900003,-6.8671637439999813,0],[112.33828844800007,-6.8671524429999522,0],[112.33827909100012,-6.8671418719999338,0],[112.33827009900006,-6.8671306919999324,0],[112.33826037800009,-6.8671168399999374,0],[112.33824761900007,-6.8670980049999457,0],[112.33824331400001,-6.8670911989999581,0],[112.33822963500006,-6.8670695719999344,0],[112.33821092200003,-6.8670390709999651,0],[112.33818443200005,-6.8670054119999691,0],[112.33817039300004,-6.8669924319999609,0],[112.3381788050001,-6.8669657059999736,0],[112.3381716670001,-6.8669571399999541,0],[112.33815453500006,-6.8669485739999345,0],[112.33813312000007,-6.8669342979999328,0],[112.33811884200009,-6.8669157379999319,0],[112.33812169800001,-6.866897177999931,0],[112.33812598100008,-6.8668757629999391,0],[112.33813311900008,-6.8668614859999479,0],[112.3381431140001,-6.8668443539999657,0],[112.33814311300011,-6.8668315049999364,0],[112.33813883000005,-6.8668143729999542,0],[112.3381345470001,-6.8668015239999249,0],[112.3381202700001,-6.8667901019999249,0],[112.3381131320001,-6.8667786809999711,0],[112.3381131320001,-6.8667672589999711,0],[112.33811170500007,-6.8667486999999596,0],[112.33810456600008,-6.8667315669999311,0],[112.33810028300002,-6.8667201459999774,0],[112.33808029600004,-6.8667115799999578,0],[112.33805745200004,-6.8667130079999765,0],[112.33803603800004,-6.8667187179999587,0],[112.3380174780001,-6.8667187179999587,0],[112.3379946340001,-6.8667130069999303,0],[112.33797750300005,-6.8667015859999765,0],[112.3379660810001,-6.8666887369999472,0],[112.33795323300001,-6.866671604999965,0],[112.33793610000009,-6.8666573279999739,0],[112.33791040200003,-6.8666516179999348,0],[112.33789184200009,-6.8666430519999722,0],[112.33788184800005,-6.8666259189999437,0],[112.33786614400003,-6.8666087869999615,0],[112.33784044600009,-6.8666016489999606,0],[112.33782045900011,-6.8666002219999314,0],[112.33780332700007,-6.8666073589999428,0],[112.33779476000007,-6.8666144979999331,0],[112.33778476600003,-6.8666230639999526,0],[112.33777191700005,-6.8666259199999331,0],[112.33775906800008,-6.8666259189999437,0],[112.33774907400004,-6.8666316299999721,0],[112.33773479700005,-6.8666473339999357,0],[112.33772623200002,-6.8666473349999251,0],[112.33770909900011,-6.8666416239999535,0],[112.33769196800006,-6.8666302019999534,0],[112.33768054600012,-6.8666216359999339,0],[112.33765913100001,-6.8666230639999526,0],[112.33764342600011,-6.8666130699999712,0],[112.33762915000011,-6.8665987939999695,0],[112.33760059600002,-6.8665759509999589,0],[112.33757537400004,-6.8665150359999529,0],[112.33755824100001,-6.8664750619999495,0],[112.33753920600009,-6.8664274719999412,0],[112.33751636300008,-6.8663874969999483,0],[112.33747448500003,-6.8663303909999627,0],[112.33745544900012,-6.8663075469999626,0],[112.33742879900001,-6.8662904149999804,0],[112.3374097630001,-6.8662732829999413,0],[112.33738692000009,-6.8662599579999437,0],[112.33734504200004,-6.8662295009999639,0],[112.33729554900003,-6.8661952369999426,0],[112.33726509300004,-6.866180007999958,0],[112.33724605700002,-6.8661647799999628,0],[112.33722321400001,-6.8661495509999781,0],[112.33720037100011,-6.8661286119999545,0],[112.33718895000004,-6.8661019619999593,0],[112.33716991400001,-6.8660867339999641,0],[112.33714516800001,-6.866075311999964,0],[112.33711471000004,-6.866069601999925,0],[112.33708234900007,-6.8660486619999688,0],[112.33705379600008,-6.8660258199999475,0],[112.33703095300007,-6.8660143979999475,0],[112.3369966890001,-6.8659972649999759,0],[112.33695481000007,-6.8659820369999807,0],[112.33690912500003,-6.8659649049999416,0],[112.33687866700006,-6.8659496769999464,0],[112.33685011400007,-6.8659211229999642,0],[112.33682156100008,-6.8658982799999535,0],[112.33678920000011,-6.8658697269999607,0],[112.33674351400009,-6.8658430769999654,0],[112.33665404700002,-6.8658069089999572,0],[112.3365626750001,-6.8657688369999619,0],[112.33649605100004,-6.8657478979999382,0],[112.33643323300009,-6.8657326689999536,0],[112.33638754700007,-6.865721247999943,0],[112.33632853600011,-6.8657060189999584,0],[112.33628856200005,-6.8656965019999348,0],[112.33623335700008,-6.8656850799999347,0],[112.33621051500006,-6.865675562999968,0],[112.33617815400009,-6.8656527189999679,0],[112.33613437200006,-6.8656317809999337,0],[112.33610391500008,-6.865614647999962,0],[112.3360753610001,-6.8656013229999644,0],[112.33603729100003,-6.8655784799999537,0],[112.33602206100011,-6.8655537339999455,0],[112.33602015800011,-6.8655327949999787,0],[112.3360176000001,-6.8654671969999299,0],[112.33602784100003,-6.865444957999955,0],[112.33607624300009,-6.8653496689999542,0],[112.33613201600008,-6.8652464169999803,0],[112.33568467700002,-6.8649570749999498,0],[112.33566057200005,-6.8649997749999443,0],[112.33548480200011,-6.8653111389999708,0],[112.33546337600001,-6.8653043589999356,0],[112.33533442000009,-6.8652635499999519,0],[112.33519355600004,-6.8651740819999532,0],[112.33496132100004,-6.864991338999971,0],[112.33488708200002,-6.8648942569999463,0],[112.33475383200005,-6.8648143069999605,0],[112.33478048200004,-6.864707707999969,0],[112.33470053200006,-6.8646715399999607,0],[112.3343045900001,-6.8644811829999526,0],[112.33392577900008,-6.8643441259999349,0],[112.33363072600002,-6.8642146829999433,0],[112.33342133400004,-6.864142347999973,0],[112.33335919800004,-6.8640977389999307,0],[112.3333609660001,-6.8640907369999695,0],[112.33336789300006,-6.8640621809999516,0],[112.33337384700008,-6.8640322879999758,0],[112.33338040800004,-6.8640016069999774,0],[112.33338405400002,-6.8639739009999516,0],[112.33338672700006,-6.863948382999979,0],[112.33338806400002,-6.8639237159999311,0],[112.33339025100008,-6.8638973479999663,0],[112.33339389600008,-6.8638657539999599,0],[112.33340106600008,-6.8638282079999726,0],[112.33341236600006,-6.8637849479999318,0],[112.33342694700002,-6.8637399889999529,0],[112.33344007000005,-6.8637017119999655,0],[112.3334514930001,-6.8636723059999554,0],[112.33346097100002,-6.8636467879999259,0],[112.33346899100002,-6.8636234579999496,0],[112.33346983600006,-6.8636207699999545,0],[112.3334783470001,-6.8635936869999341,0],[112.33348661000002,-6.8635678049999456,0],[112.33349438700009,-6.8635425299999611,0],[112.33350009800006,-6.8635223589999441,0],[112.33350203700002,-6.8635141699999735,0],[112.33350447200007,-6.8635038889999578,0],[112.33350811800005,-6.8634865129999412,0],[112.33351273500011,-6.8634685289999311,0],[112.33351808200007,-6.8634484789999419,0],[112.33352379300004,-6.8634292799999344,0],[112.3335327850001,-6.86340406599993,0],[112.33354517900011,-6.8633697989999405,0],[112.33356340600005,-6.8633177919999753,0],[112.33357284200008,-6.8632905989999813,0],[112.33358090400009,-6.8632673639999666,0],[112.33359633600003,-6.86322647399993,0],[112.33360081400008,-6.8632152599999472,0],[112.33361152600003,-6.863188440999977,0],[112.33362647200011,-6.8631535659999372,0],[112.33364299700008,-6.8631152899999393,0],[112.3336585510001,-6.8630804159999457,0],[112.33367203900002,-6.8630469989999483,0],[112.33368033300007,-6.8630246559999364,0],[112.33368394700005,-6.8630149199999551,0],[112.33369427600007,-6.8629846629999633,0],[112.33370533400011,-6.8629541629999267,0],[112.33371675600006,-6.8629181949999634,0],[112.33372975800012,-6.8628762729999266,0],[112.33373395800004,-6.8628629109999792,0],[112.33374178800011,-6.8628379969999287,0],[112.33375041500005,-6.8628062819999514,0],[112.33375612600003,-6.8627785769999718,0],[112.33376001500005,-6.8627516009999567,0],[112.3337621610001,-6.8627342249999401,0],[112.33376256600002,-6.8627309439999635,0],[112.33376657600002,-6.8627093139999715,0],[112.33377228800009,-6.8626890219999268,0],[112.33378164400006,-6.8626610739999592,0],[112.33378707200006,-6.8626458079999679,0],[112.33379136500002,-6.8626337329999387,0],[112.33380132900004,-6.8626051769999776,0],[112.33380862000001,-6.8625780799999347,0],[112.33381518800002,-6.8625460139999745,0],[112.33381530300005,-6.8625454539999282,0],[112.33381754100003,-6.8625334209999664,0],[112.33382210800005,-6.8625088779999714,0],[112.33383425900001,-6.8624633109999422,0],[112.33384361600008,-6.8624286799999368,0],[112.33385163600008,-6.8623955669999646,0],[112.33385722500009,-6.8623691989999429,0],[112.33386147800002,-6.8623464759999706,0],[112.33386451600006,-6.8623263049999537,0],[112.33386779700004,-6.8622983569999292,0],[112.33387059200004,-6.8622672489999559,0],[112.33387258900007,-6.8622480589999668,0],[112.3338739940001,-6.8622345619999692,0],[112.33387727500008,-6.86220308999998,0],[112.33388213500007,-6.8621708889999695,0],[112.33388235700011,-6.8621698999999694,0],[112.33388918300011,-6.8621395389999407,0],[112.33389890400008,-6.8621057579999274,0],[112.33390899000005,-6.8620718559999432,0],[112.33392053400007,-6.8620321209999702,0],[112.33393232000003,-6.8619867969999291,0],[112.3339388820001,-6.8619566619999546,0],[112.3339428920001,-6.8619328449999557,0],[112.33394459300007,-6.8619141319999812,0],[112.33394702300006,-6.8618946899999287,0],[112.33395054700009,-6.8618774349999399,0],[112.33395710900004,-6.8618592079999416,0],[112.3339704760001,-6.8618279789999406,0],[112.33397369000011,-6.8618192799999633,0],[112.33399344200006,-6.8617658249999636,0],[112.33400168100002,-6.8617428469999595,0],[112.33400992000009,-6.8617198689999555,0],[112.33402625100007,-6.8616743249999672,0],[112.33402920800006,-6.861666386999957,0],[112.33406088100003,-6.8615813679999746,0],[112.33408378700005,-6.8615380279999272,0],[112.33409016600001,-6.8615259579999588,0],[112.33410328900004,-6.8614782639999703,0],[112.33410321500003,-6.8614779529999623,0],[112.33409697100001,-6.8614515309999433,0],[112.3340934470001,-6.8614267429999813,0],[112.33409150300008,-6.8614097309999806,0],[112.33409193600005,-6.8613989919999767,0],[112.33409211000003,-6.8613946629999418,0],[112.3340906520001,-6.8613822689999324,0],[112.33408652100002,-6.8613713329999655,0],[112.33407813600002,-6.8613640419999342,0],[112.33406391900007,-6.8613578449999295,0],[112.33404800100004,-6.8613545639999529,0],[112.3340309890001,-6.8613543209999648,0],[112.3340153150001,-6.8613563859999545,0],[112.33399441500001,-6.8613565069999254,0],[112.33396841100011,-6.8613512819999301,0],[112.3339272180001,-6.8613362139999481,0],[112.3338903990001,-6.8613151919999495,0],[112.33383979700011,-6.8612895909999452,0]]]]},"properties":{"OBJECTID":3943,"NAMOBJ":"Paciran","FCODE":"BA03070040","REMARK":null,"METADATA":"TASWIL1000020260612KECAMATAN_AR","SRS_ID":"4326","KDBBPS":null,"KDCBPS":null,"KDCPUM":"35.24.14","KDEBPS":null,"KDEPUM":null,"KDPBPS":null,"KDPKAB":"35.24","KDPPUM":"35","LUASWH":57.209518931861538,"TIPADM":3,"WADMKC":"Paciran","WADMKD":null,"WADMKK":"Lamongan","WADMPR":"Jawa Timur","WIADKC":null,"WIADKK":null,"WIADPR":null,"WIADKD":null,"UUPP":null,"SHAPE_Length":0.75017910178028269,"SHAPE_Area":0.0046806164131713585}}]}