{"type":"FeatureCollection","features":[{"type":"Feature","id":3985,"geometry":{"type":"Polygon","coordinates":[[[112.90787319100002,-7.1167222509999419,0],[112.9080527430001,-7.116518952999968,0],[112.90829956500011,-7.1162253509999687,0],[112.90850147600008,-7.1159769479999682,0],[112.90874849400006,-7.1157283489999372,0],[112.9089731360001,-7.1155248689999553,0],[112.90922006100004,-7.115253766999956,0],[112.90951207000001,-7.1149824899999317,0],[112.90978163300008,-7.1147338079999258,0],[112.91007336200005,-7.1143950039999595,0],[112.91034273900004,-7.1141013069999417,0],[112.9107244700001,-7.1137171159999752,0],[112.91095104700003,-7.1132725999999593,0],[112.91092356100012,-7.1130431199999293,0],[112.91091387800009,-7.1128400539999461,0],[112.91093979200002,-7.1126898289999758,0],[112.91097448900007,-7.112521911999977,0],[112.91102684100008,-7.1123450779999757,0],[112.91109677100008,-7.1121416939999449,0],[112.91119063500003,-7.1119371769999589,0],[112.91127980400006,-7.111689240999965,0],[112.91139152500011,-7.1114412079999738,0],[112.91150305400004,-7.1111481629999389,0],[112.91159203600012,-7.1108552119999331,0],[112.91165856600003,-7.1105848549999564,0],[112.9117028280001,-7.1103821159999256,0],[112.91172453500008,-7.1101794729999597,0],[112.9117461510001,-7.1099543169999606,0],[112.91176777400005,-7.1097291609999616,0],[112.91178948200002,-7.1095265189999282,0],[112.91181848800011,-7.1093156239999757,0],[112.9118113400001,-7.1090604259999282,0],[112.91177979600002,-7.1087931769999386,0],[112.91170595900007,-7.1086051029999453,0],[112.91154695000012,-7.1084295339999812,0],[112.91136979200007,-7.1082844229999296,0],[112.91125377100002,-7.1081998249999288,0],[112.91109515500011,-7.1081214789999763,0],[112.91099153300001,-7.1080915279999317,0],[112.9108147280001,-7.1080314859999589,0],[112.91069893200006,-7.1080015839999646,0],[112.91058922100001,-7.1079716489999782,0],[112.91036990500004,-7.1079360909999423,0],[112.91024811800003,-7.1079305169999429,0],[112.91010809300008,-7.1079310949999694,0],[112.90990729200007,-7.1079562339999711,0],[112.90970658400011,-7.1080056739999691,0],[112.90950588400005,-7.108055113999967,0],[112.90932344700002,-7.1081044799999518,0],[112.90913497000008,-7.1081660209999313,0],[112.9089647830001,-7.1082335709999711,0],[112.90879468500009,-7.1083254239999292,0],[112.90826928400008,-7.1089918319999583,0],[112.90792525000006,-7.1094462319999252,0],[112.90781691000007,-7.1096351669999649,0],[112.90773613500005,-7.1103821869999706,0],[112.90769281000007,-7.1110031859999481,0],[112.90740467900002,-7.1114527089999342,0],[112.90723951700011,-7.1116899289999651,0],[112.90711716400006,-7.11219201199998,0],[112.90694224200001,-7.1131896869999309,0],[112.9069088120001,-7.1135067759999515,0],[112.90701503100001,-7.1139328939999587,0],[112.90713940000001,-7.1146516689999544,0],[112.90714310600004,-7.1148933019999276,0],[112.90712583100003,-7.1149886369999535,0],[112.90696343000002,-7.115300996999963,0],[112.90682447000006,-7.1154573099999538,0],[112.9066935620001,-7.115572598999961,0],[112.90652189100001,-7.1157618289999505,0],[112.9063830660001,-7.1159509159999743,0],[112.90625244900002,-7.1161399759999426,0],[112.90612180900007,-7.1163208379999787,0],[112.90594202200009,-7.1165346929999487,0],[112.90579461700008,-7.1166336579999552,0],[112.9055814510001,-7.1167165019999743,0],[112.90538470400008,-7.1167992769999273,0],[112.90515494100009,-7.1168412069999363,0],[112.90496606500005,-7.1168419839999615,0],[112.90476060000003,-7.1168018499999448,0],[112.90460426600009,-7.1167287179999335,0],[112.90448885900003,-7.116622642999971,0],[112.90437328500002,-7.1164755759999707,0],[112.90426589600008,-7.1163202869999509,0],[112.90418323400002,-7.1161894799999459,0],[112.90413352100006,-7.1160831239999425,0],[112.90408363900008,-7.1159357979999527,0],[112.90401730500002,-7.1157803289999606,0],[112.90395924800009,-7.115641228999948,0],[112.90390929600005,-7.1154775019999761,0],[112.90385093800001,-7.1152646339999706,0],[112.90378433300009,-7.1150436019999574,0],[112.90370934100008,-7.1147816209999633,0],[112.90363500100011,-7.1146753669999612,0],[112.90352777300006,-7.1145610509999528,0],[112.90343720500005,-7.1145040479999579,0],[112.90332210700001,-7.1144717379999634,0],[112.90323995300002,-7.1144638779999809,0],[112.90310035000005,-7.1144644499999572,0],[112.90265986600002,-7.1145802429999776,0],[112.90257221400009,-7.1145693809999671,0],[112.90213111200001,-7.114526638999962,0],[112.90171504200009,-7.1145647309999731,0],[112.90142758000002,-7.1146445949999588,0],[112.90098167000008,-7.1148106399999733,0],[112.90070407900009,-7.1149399179999477,0],[112.9005333340001,-7.1149783929999444,0],[112.90013890500006,-7.1151043359999449,0],[112.89952519100007,-7.1153156509999462,0],[112.89904048100004,-7.1153528529999335,0],[112.89864227400005,-7.1153527219999546,0],[112.89860970900008,-7.1153527129999361,0],[112.89834345200006,-7.1153509839999742,0],[112.89811920800003,-7.1154077769999731,0],[112.89787613700003,-7.1155246169999486,0],[112.89749961100006,-7.1157917059999249,0],[112.89744802600001,-7.1158244739999645,0],[112.8974114880001,-7.1158579039999381,0],[112.89721073800001,-7.1159804559999316,0],[112.89715172000001,-7.1160164819999636,0],[112.89691860700009,-7.1160984029999668,0],[112.8966381570001,-7.1161275769999293,0],[112.89604700900009,-7.1161416189999613,0],[112.89579700200011,-7.1163129209999738,0],[112.89567189900004,-7.1163420319999773,0],[112.89541141900008,-7.1163675259999764,0],[112.89522305700007,-7.1163968519999798,0],[112.89508037400003,-7.1164190589999521,0],[112.89489374800007,-7.1163528849999693,0],[112.89461947400002,-7.1162860359999627,0],[112.89434698600007,-7.1164116009999248,0],[112.89402409200011,-7.1166785609999579,0],[112.8938219370001,-7.1167937569999253,0],[112.89380371400011,-7.116804138999953,0],[112.89366977800012,-7.1167896779999751,0],[112.89356154500001,-7.1167175299999599,0],[112.89343509900004,-7.1165849559999401,0],[112.89342218200011,-7.1165718159999756,0],[112.8932521160001,-7.116398869999955,0],[112.89305830400008,-7.1160791259999314,0],[112.89304181200009,-7.1159975259999442,0],[112.89297211900009,-7.1156526849999295,0],[112.89281964800011,-7.1153100159999667,0],[112.8925675370001,-7.1148176919999742,0],[112.8923127270001,-7.1144349579999471,0],[112.89215433300001,-7.1143005669999297,0],[112.89190583600009,-7.114189046999968,0],[112.8916800720001,-7.1141224529999363,0],[112.89140958200005,-7.1141460619999748,0],[112.89120691800008,-7.1142144059999737,0],[112.89093688900005,-7.114350548999937,0],[112.8907794160001,-7.114441223999961,0],[112.89055475600003,-7.1146446969999602,0],[112.89035265200005,-7.1148480889999632,0],[112.89015072000007,-7.1150964859999704,0],[112.88981378000005,-7.1154129549999539,0],[112.88961194300009,-7.1156838649999372,0],[112.8894100230001,-7.1159322609999549,0],[112.88920790700001,-7.1161356519999686,0],[112.88902834900011,-7.1163389409999809,0],[112.88891616000001,-7.1164744379999547,0],[112.88866904200006,-7.1167005179999592,0],[112.88844898800005,-7.1169480739999358,0],[112.8882285630001,-7.1172559019999539,0],[112.88812345300005,-7.1174026959999424,0],[112.88793448200011,-7.1176665939999566,0],[112.8877650070001,-7.1179032559999769,0],[112.88762328600001,-7.118101185999933,0],[112.88743162300011,-7.1183688349999557,0],[112.88733969700002,-7.1186540139999579,0],[112.88722777500004,-7.1188570279999794,0],[112.88702575900004,-7.119082920999972,0],[112.88680109600011,-7.119286403999979,0],[112.88659888600012,-7.1194672839999384,0],[112.88632876100007,-7.1195809179999401,0],[112.88601371900006,-7.1197397479999722,0],[112.88569867300009,-7.1198985799999264,0],[112.88550216300007,-7.1200033909999547,0],[112.88534408500004,-7.1200809259999573,0],[112.88507480100009,-7.1202130069999612,0],[112.88506245300005,-7.1201018069999691,0],[112.88501930000007,-7.120042969999929,0],[112.88465486400003,-7.1199335109999424,0],[112.88420031700002,-7.1198144189999653,0],[112.88398629300002,-7.1197645269999725,0],[112.88359602600008,-7.11967354199993,0],[112.88318312000001,-7.1195772899999383,0],[112.8827836690001,-7.1194940999999403,0],[112.88249952100011,-7.1195849449999287,0],[112.88221718200009,-7.1185993959999792,0],[112.88245828400011,-7.1181646109999406,0],[112.88234626600001,-7.1176632919999747,0],[112.88114025600009,-7.1177195679999272,0],[112.88093506300004,-7.1176996799999301,0],[112.88080071600007,-7.1176758579999273,0],[112.88060499200003,-7.1175670219999461,0],[112.88044583700002,-7.1174458499999673,0],[112.88029893300006,-7.1173368099999266,0],[112.88013958200008,-7.1171669059999658,0],[112.87998022900001,-7.1169970109999667,0],[112.87980856800004,-7.1168027969999343,0],[112.87967356900003,-7.1166206149999311,0],[112.87952637700005,-7.1164384909999399,0],[112.87942823900005,-7.1163170689999333,0],[112.87930569600007,-7.1161957449999704,0],[112.87912213200002,-7.1160746689999428,0],[112.87902415200006,-7.1159897989999763,0],[112.87869422900008,-7.1158936839999569,0],[112.87838876900003,-7.1158096479999813,0],[112.87804663800011,-7.1157135839999341,0],[112.87772912500009,-7.1156661469999563,0],[112.8774846880001,-7.1155818629999317,0],[112.87721588800002,-7.1155098649999786,0],[112.87703267000006,-7.1154740629999651,0],[112.87672725200002,-7.115402200999938,0],[112.87646524900003,-7.1152790459999551,0],[112.87627385300004,-7.1151436619999799,0],[112.87613699100007,-7.1150080469999466,0],[112.87591766800006,-7.1147093739999718,0],[112.87572572800002,-7.1144378219999567,0],[112.87547914600009,-7.1141392609999343,0],[112.87499963700009,-7.113816260999954,0],[112.87451252500011,-7.1136510089999661,0],[112.87415469400003,-7.1135578319999695,0],[112.87341981900011,-7.1132787009999561,0],[112.87256362400001,-7.1129030409999814,0],[112.87115803400002,-7.1123505619999605,0],[112.87093619700011,-7.1122882709999544,0],[112.87066173000005,-7.1122577879999653,0],[112.87048239700005,-7.112269046999927,0],[112.87032438400001,-7.1123328749999359,0],[112.87015628900008,-7.1125125769999613,0],[112.86997810700007,-7.1128081769999767,0],[112.86969582300003,-7.1134517319999304,0],[112.86959175400011,-7.1138102119999758,0],[112.86940404900008,-7.1143585969999776,0],[112.86916319200009,-7.1148124159999497,0],[112.86897482800009,-7.1150653279999574,0],[112.86775298700002,-7.1150314719999415,0],[112.86704313600001,-7.114950667999949,0],[112.86649977000002,-7.1148888129999364,0],[112.86642919600001,-7.1149669499999391,0],[112.86594284200009,-7.1162068269999281,0],[112.86586496200005,-7.1162639479999257,0],[112.8658003270001,-7.1163113479999538,0],[112.86561010500009,-7.116452823999964,0],[112.86534868500007,-7.1165021859999342,0],[112.86403516500002,-7.1174813219999464,0],[112.86286904700012,-7.1181076549999602,0],[112.86184603300001,-7.1179336149999699,0],[112.86101586700011,-7.117880209999953,0],[112.86048161600002,-7.1179050519999691,0],[112.85985686600009,-7.1180437349999579,0],[112.85923216300012,-7.1181937639999546,0],[112.858880537,-7.1183994289999646,0],[112.85856293300003,-7.1185822629999507,0],[112.85829113300008,-7.118844337999974,0],[112.85786079400009,-7.1192659149999713,0],[112.85715366500006,-7.119980992999956,0],[112.85650919300008,-7.1206209259999582,0],[112.85640836500011,-7.1207998229999703,0],[112.85619845200006,-7.1213111109999545,0],[112.85637778900002,-7.1215557139999532,0],[112.85557899700007,-7.1224235219999628,0],[112.85538129300005,-7.1226127249999536,0],[112.85396145000004,-7.1221932909999737,0],[112.85382743800005,-7.1223571689999403,0],[112.85376081000004,-7.1225303749999398,0],[112.85372360500003,-7.1228475939999498,0],[112.85368555200012,-7.1229534299999386,0],[112.85357978900004,-7.1229634649999412,0],[112.85342595700001,-7.1229832959999726,0],[112.85320453700001,-7.1229361479999511,0],[112.8531282780001,-7.1231093929999361,0],[112.85328376100006,-7.1235027109999578,0],[112.85340049800004,-7.1238289139999438,0],[112.85399976500003,-7.1245471189999421,0],[112.85404601000005,-7.1248512809999625,0],[112.85410896600001,-7.1250004719999538,0],[112.85423689400011,-7.1252934779999464,0],[112.85426157900008,-7.125537048999945,0],[112.85380014500004,-7.1261874239999656,0],[112.85311645200011,-7.1274095899999566,0],[112.85275261300001,-7.1276750019999326,0],[112.85222864600007,-7.1279875809999567,0],[112.85205610700007,-7.1281347789999359,0],[112.85178961200006,-7.1283792569999491,0],[112.85167751900008,-7.1284432469999501,0],[112.85127109700011,-7.1286545169999727,0],[112.85102478200008,-7.1288190239999381,0],[112.85086391800007,-7.1289660019999701,0],[112.85075438900003,-7.1290824049999628,0],[112.85055467900008,-7.1291222269999253,0],[112.85022173400012,-7.1294389209999736,0],[112.85007530000007,-7.1295212049999463,0],[112.84976385000004,-7.129706351999971,0],[112.84944025600009,-7.1301271019999604,0],[112.8493184670001,-7.1302561569999625,0],[112.84921472800011,-7.130313522999927,0],[112.84850458800008,-7.1307496179999248,0],[112.84810256700007,-7.1311520889999542,0],[112.84769355000003,-7.13152578699993,0],[112.84752657100012,-7.1316629329999728,0],[112.84750272100007,-7.1316773859999785,0],[112.84712445800005,-7.1319121109999628,0],[112.84691806700005,-7.1320697599999789,0],[112.84680162200004,-7.1322020909999537,0],[112.84676202000003,-7.1322470949999683,0],[112.84667508700011,-7.1324571649999484,0],[112.84667496700001,-7.1324679779999656,0],[112.84661527000003,-7.1324835339999595,0],[112.84651280900005,-7.1325142219999407,0],[112.84642773600001,-7.1325243819999287,0],[112.84544236600004,-7.1324855019999518,0],[112.84543667200001,-7.132485279999969,0],[112.84510370100008,-7.1324715559999277,0],[112.84494534500004,-7.1324145959999328,0],[112.84490392900011,-7.1323473569999578,0],[112.84489241600011,-7.1322322449999547,0],[112.84493981500009,-7.1320907839999563,0],[112.84342802800006,-7.132214357999942,0],[112.84296889400002,-7.1323793959999762,0],[112.84181607100004,-7.1325210429999402,0],[112.84122604900006,-7.1331374219999475,0],[112.84062454100001,-7.1335347639999327,0],[112.84039817300004,-7.133598286999927,0],[112.84034192100012,-7.1336311609999257,0],[112.84019965900006,-7.1337143009999409,0],[112.83963997900003,-7.1340170479999756,0],[112.83950893600002,-7.1340826319999451,0],[112.83851429900005,-7.1343724289999386,0],[112.83783559500012,-7.1346454749999566,0],[112.83605379000005,-7.1354835769999454,0],[112.83475400300006,-7.1360405769999602,0],[112.8332911010001,-7.1368601049999256,0],[112.83251582300011,-7.1372085289999632,0],[112.83233241700009,-7.1374386299999628,0],[112.83256493800002,-7.1376453999999399,0],[112.83267972400006,-7.1376018839999347,0],[112.83289677700009,-7.1375878799999555,0],[112.83290702300008,-7.1377092729999276,0],[112.8330257020001,-7.137741096999946,0],[112.83321604500009,-7.1377259869999534,0],[112.83324960300001,-7.1377330309999252,0],[112.83328678700002,-7.1377484329999561,0],[112.83330963900005,-7.1377734599999485,0],[112.83333452000011,-7.1378432889999317,0],[112.8331060810001,-7.1385762119999754,0],[112.8329358630001,-7.139049464999971,0],[112.83270187100004,-7.1396813389999352,0],[112.83248745200001,-7.1402005859999349,0],[112.83243051600004,-7.1403371679999736,0],[112.83231655700001,-7.1405888019999679,0],[112.83219592700004,-7.1409696419999591,0],[112.83247716800008,-7.1412268839999342,0],[112.83242796000002,-7.1414997899999548,0],[112.8323281700001,-7.1417011329999696,0],[112.83218498600002,-7.1418308809999758,0],[112.83204051600001,-7.1420044069999449,0],[112.83193371800007,-7.1422500329999252,0],[112.83176746200002,-7.1426005539999551,0],[112.83171984800003,-7.142672508999965,0],[112.83165734900001,-7.1427654559999496,0],[112.83154502200011,-7.1429009419999261,0],[112.83151501100008,-7.14294268499998,0],[112.83148936200007,-7.142997328999968,0],[112.83147089900001,-7.1430519459999573,0],[112.83147534600005,-7.1430863759999284,0],[112.83150282700001,-7.1431307609999521,0],[112.83156188000009,-7.1431649749999337,0],[112.83161515200004,-7.1431905989999791,0],[112.83164254000008,-7.1432120199999645,0],[112.83165125400001,-7.143234950999954,0],[112.831601879,-7.1434662339999591,0],[112.83154933900005,-7.1436243279999303,0],[112.83147706000011,-7.1438107249999803,0],[112.83150308100005,-7.1438939699999651,0],[112.83151311100005,-7.1440068419999534,0],[112.83150429200009,-7.1441982539999458,0],[112.83146814700001,-7.1443197559999589,0],[112.83139871900005,-7.144570630999965,0],[112.83126314100002,-7.1449732409999456,0],[112.83108838700002,-7.1453425159999711,0],[112.83108621100007,-7.1453480639999611,0],[112.8310783820001,-7.1453680279999503,0],[112.8309514020001,-7.1457802529999412,0],[112.83079945500003,-7.1461157659999799,0],[112.83073418400011,-7.1465657599999304,0],[112.83070734900002,-7.1470443089999662,0],[112.8306131490001,-7.1474465739999573,0],[112.83050879700011,-7.1477053479999313,0],[112.83040516900007,-7.1481459259999269,0],[112.83000661400001,-7.1491043919999697,0],[112.82959489900009,-7.1491634409999278,0],[112.82882887200003,-7.149262169999929,0],[112.8287524970001,-7.1493294559999754,0],[112.82854192500008,-7.1493781349999495,0],[112.82804372100009,-7.149370542999975,0],[112.82799760900002,-7.1498204629999691,0],[112.82795081200004,-7.1500981449999585,0],[112.82796134000012,-7.1501796379999405,0],[112.82800501400004,-7.1503039719999606,0],[112.82801086100005,-7.1503288279999424,0],[112.8280091580001,-7.150382418999925,0],[112.8279978600001,-7.1504322229999389,0],[112.82796566800005,-7.1505280379999476,0],[112.82790981300002,-7.1506774129999258,0],[112.82790534700007,-7.1507107319999363,0],[112.82796396900005,-7.1509975639999652,0],[112.82797345600011,-7.1510408979999625,0],[112.82796399000006,-7.1510696419999249,0],[112.82786132400008,-7.151270995999937,0],[112.82774526800006,-7.151478142999963,0],[112.82759467000005,-7.1516720319999649,0],[112.82740214000012,-7.1519215859999576,0],[112.82737731600002,-7.1519427359999668,0],[112.82728932300006,-7.1519794459999275,0],[112.82719368000005,-7.1520200149999482,0],[112.82710391700004,-7.1520930949999411,0],[112.82700076300011,-7.1521719679999478,0],[112.82695504300011,-7.152239131999977,0],[112.82690750100005,-7.1523292669999705,0],[112.82687149200001,-7.1524289259999705,0],[112.82683355200004,-7.1525247659999422,0],[112.82679156600011,-7.1525670349999473,0],[112.82674216700002,-7.1526724879999506,0],[112.82664432600006,-7.1529304689999549,0],[112.82670730200005,-7.1529928709999808,0],[112.82664084900011,-7.1531462369999304,0],[112.82659166100007,-7.153140293999968,0],[112.82642832900001,-7.153528266999956,0],[112.82619732100011,-7.1540941999999745,0],[112.82577879100006,-7.1539074859999801,0],[112.82559075900008,-7.1538431629999764,0],[112.82553120000011,-7.1538346599999727,0],[112.82547384300005,-7.1538340579999726,0],[112.8254106060001,-7.1538323949999381,0],[112.82534739900007,-7.1538383869999507,0],[112.82528422300004,-7.1538520339999536,0],[112.82520197000008,-7.1538868079999816,0],[112.82514274000005,-7.153929145999939,0],[112.82510078400003,-7.1539790699999344,0],[112.82505889000004,-7.1540443039999673,0],[112.82501339900011,-7.1541688789999398,0],[112.82494814200004,-7.1542174159999377,0],[112.82482486800006,-7.1542251489999558,0],[112.82395991500005,-7.1540744129999325,0],[112.82363888700002,-7.1539963439999497,0],[112.82338384000002,-7.1539437679999764,0],[112.82290449400011,-7.1538614609999627,0],[112.82281249300001,-7.153854168999942,0],[112.82270132500003,-7.1538450409999541,0],[112.82259973700002,-7.1538358739999808,0],[112.82251921000011,-7.153822795999929,0],[112.82245787300008,-7.1538172979999786,0],[112.82235341100011,-7.1538345499999423,0],[112.82214422100003,-7.1544628409999405,0],[112.82208810600002,-7.1548075429999471,0],[112.82221763900009,-7.1548572669999544,0],[112.82218958100009,-7.1550296179999577,0],[112.82208302700008,-7.1553386359999536,0],[112.82193960800009,-7.1554109699999344,0],[112.82173504200011,-7.155428130999951,0],[112.82158046200004,-7.1554410979999261,0],[112.82131460900007,-7.1554421499999421,0],[112.82104128600008,-7.1553714639999271,0],[112.82092694900007,-7.155529802999979,0],[112.82075444700001,-7.1555161319999456,0],[112.82071880600006,-7.155588039999941,0],[112.82065430900002,-7.1556313549999686,0],[112.8199493620001,-7.1554331959999331,0],[112.81984902500005,-7.1554981819999739,0],[112.81970526400005,-7.1554843969999524,0],[112.81970193100005,-7.1555892199999676,0],[112.8197205460001,-7.1556508379999286,0],[112.81973999500008,-7.1557234839999637,0],[112.81976502500004,-7.1557540059999383,0],[112.81979966600011,-7.1557921439999745,0],[112.81984004000003,-7.1558264339999482,0],[112.81985357300005,-7.155856999999969,0],[112.81984468300004,-7.1560311889999753,0],[112.81983776200002,-7.1562187669999275,0],[112.81979102100001,-7.1565117599999439,0],[112.81971785700011,-7.1569062869999698,0],[112.81966062900005,-7.1574538539999253,0],[112.81963273700001,-7.1576683069999376,0],[112.81946071000004,-7.1582584319999683,0],[112.81935862100011,-7.1582540979999294,0],[112.81915082500007,-7.1588165629999594,0],[112.81942437700002,-7.1589446619999535,0],[112.81937556500009,-7.1594421539999757,0],[112.81961753600001,-7.1594037389999698,0],[112.81988189900005,-7.1593677309999748,0],[112.82004178400007,-7.1593419009999479,0],[112.82009971400009,-7.1593341159999682,0],[112.82029592900005,-7.1593636179999294,0],[112.82057119400008,-7.1595720679999317,0],[112.8205814260001,-7.15962540299995,0],[112.82058342900007,-7.1596906309999326,0],[112.82077641100011,-7.1597953169999755,0],[112.82135714000003,-7.1599436489999562,0],[112.82154754300007,-7.1599340789999815,0],[112.82195214900003,-7.1600393469999517,0],[112.82220443300002,-7.1601015499999789,0],[112.82223011600001,-7.1601236889999313,0],[112.82255261300008,-7.1604016949999618,0],[112.82268065200003,-7.16048161599997,0],[112.82286132400009,-7.1605943919999504,0],[112.82337767900003,-7.1608883659999378,0],[112.82339921200003,-7.1609006259999433,0],[112.82340664200001,-7.1609066929999585,0],[112.82387236800002,-7.1612870339999404,0],[112.82390790700003,-7.1613160589999438,0],[112.82398923900007,-7.1613488799999345,0],[112.82425244600006,-7.1613668949999578,0],[112.82436400100005,-7.1613909999999805,0],[112.82448722800007,-7.1613993739999273,0],[112.8245700010001,-7.1614049999999452,0],[112.82478300100001,-7.1614499999999452,0],[112.82508800100004,-7.161376999999959,0],[112.82509270000003,-7.1613747959999614,0],[112.82523300100002,-7.1613089989999708,0],[112.8253499760001,-7.1613030659999595,0],[112.82537100100001,-7.1613019999999779,0],[112.82540278900001,-7.1612986049999563,0],[112.82540383800006,-7.1614353369999435,0],[112.82545714700007,-7.1614296689999719,0],[112.8255399300001,-7.1614362949999304,0],[112.82553391500005,-7.1612925689999543,0],[112.82556890300009,-7.1612823619999517,0],[112.82557700100006,-7.1612799989999303,0],[112.82585900100003,-7.1612509989999467,0],[112.82603958900006,-7.1612592079999331,0],[112.82606317600005,-7.1612582889999317,0],[112.82647454200003,-7.1612422649999417,0],[112.82655580400001,-7.1612634189999653,0],[112.82680930700008,-7.1612513249999665,0],[112.82740622300003,-7.1614506559999427,0],[112.82736949300011,-7.1615138569999317,0],[112.82737000100008,-7.1615139999999542,0],[112.82741812600011,-7.1616031719999569,0],[112.82743800100002,-7.1616399999999771,0],[112.82743826400008,-7.1616399549999414,0],[112.82752653500006,-7.1616250479999621,0],[112.82790770400004,-7.161560675999965,0],[112.82852886400008,-7.161457544999962,0],[112.82863356000007,-7.1615463779999686,0],[112.82860500700008,-7.1617113529999301,0],[112.8286670010001,-7.1617269989999386,0],[112.82870655300007,-7.1617245919999277,0],[112.82878200100004,-7.1617199999999457,0],[112.82888100100001,-7.1617499989999374,0],[112.82896400100003,-7.1618409999999812,0],[112.82901000100003,-7.1618659989999287,0],[112.82913937500007,-7.1618499459999612,0],[112.82917662700004,-7.1617552029999274,0],[112.82928936500002,-7.1617866319999735,0],[112.82927646600001,-7.1619055159999334,0],[112.82926173800001,-7.1620032339999398,0],[112.82965514200009,-7.1619905439999343,0],[112.82965100100012,-7.1618819999999346,0],[112.82967671300003,-7.1618610239999612,0],[112.82968900100002,-7.161850999999956,0],[112.83002303800004,-7.1617920529999424,0],[112.83002411200005,-7.1617922329999715,0],[112.83023369700004,-7.1618274449999717,0],[112.8303146400001,-7.1618310569999721,0],[112.83034994500008,-7.1618382589999783,0],[112.83038988400006,-7.1617157899999597,0],[112.83043330600003,-7.1617197829999668,0],[112.83070688900011,-7.1616917319999516,0],[112.83076490200006,-7.1616857839999284,0],[112.83076501400001,-7.161685772999931,0],[112.83076505000008,-7.1616857689999733,0],[112.83076623500006,-7.1616856469999561,0],[112.83092401900001,-7.161697902999947,0],[112.83100890600008,-7.1617044969999597,0],[112.83100971300007,-7.1617045599999756,0],[112.83107028200004,-7.1618150119999768,0],[112.83107033600004,-7.161815110999953,0],[112.83107037100001,-7.1618151749999583,0],[112.8315358000001,-7.161908025999935,0],[112.8317081990001,-7.1619505419999427,0],[112.83228206700005,-7.1620920679999358,0],[112.83244675800006,-7.1621090279999748,0],[112.83247326800006,-7.1620328099999711,0],[112.83254958100008,-7.1619259719999491,0],[112.83269457600011,-7.161941234999972,0],[112.83278904300005,-7.1619856889999483,0],[112.83282430800011,-7.1620022849999714,0],[112.83291011900008,-7.1621567459999369,0],[112.83309957300003,-7.1621762559999524,0],[112.83335282000007,-7.1622009539999567,0],[112.83335456400005,-7.1621370039999306,0],[112.83337113000005,-7.1621176779999587,0],[112.83338907600012,-7.1621059439999613,0],[112.83339321700009,-7.1621045629999571,0],[112.83347880700001,-7.1620907579999766,0],[112.83350227500011,-7.1620935189999386,0],[112.83351953100009,-7.1620969709999258,0],[112.83354645000009,-7.1621128459999568,0],[112.83366379000006,-7.162148737999928,0],[112.83367414400004,-7.1621556409999698,0],[112.83370037300006,-7.1621784189999289,0],[112.83372867300011,-7.1622018869999806,0],[112.8337790600001,-7.1622205229999736,0],[112.83382737700003,-7.1622191429999589,0],[112.83384014600006,-7.1622177619999547,0],[112.83384532300011,-7.1622191429999589,0],[112.83385050000004,-7.1622243189999608,0],[112.83386395900004,-7.1622398499999349,0],[112.83388259600008,-7.1622439909999684,0],[112.83390813400001,-7.1622398499999349,0],[112.83393022200005,-7.1622336379999751,0],[112.83394954900007,-7.1622301859999311,0],[112.83397439700002,-7.1622315669999352,0],[112.83400338700005,-7.1622294959999522,0],[112.83402961600007,-7.1622232839999356,0],[112.83405584500008,-7.1622170719999758,0],[112.83408276400007,-7.1622253549999755,0],[112.83410554200009,-7.1622336379999751,0],[112.83412901000008,-7.162252963999947,0],[112.83414557600008,-7.1622584859999279,0],[112.83419596300007,-7.1622550349999301,0],[112.83421529000009,-7.1622584859999279,0],[112.83423599700006,-7.1622626279999508,0],[112.83426084600001,-7.1622709099999611,0],[112.83429328700004,-7.162275741999963,0],[112.83432503800009,-7.1622722909999652,0],[112.83436093000012,-7.1622722909999652,0],[112.83438232700007,-7.1622722909999652,0],[112.83442236100007,-7.1622722909999652,0],[112.83449966800003,-7.1622929979999412,0],[112.83451485300009,-7.1623116339999342,0],[112.83453348900002,-7.1623309609999524,0],[112.83455350600002,-7.1623502879999705,0],[112.83458111600009,-7.1623571899999661,0],[112.83460665500002,-7.162357879999945,0],[112.83461631800003,-7.1623551189999262,0],[112.83462598100004,-7.1623502879999705,0],[112.8346508300001,-7.1623413149999351,0],[112.8346708470001,-7.1623440759999539,0],[112.83469638600002,-7.1623558099999514,0],[112.83471709300011,-7.1623668529999804,0],[112.83479025800011,-7.1624075769999536,0],[112.83480958400003,-7.1624206919999551,0],[112.83484202600005,-7.16244415999995,0],[112.83485928200002,-7.1624538229999644,0],[112.83486825500006,-7.1624593449999452,0],[112.83490069600009,-7.1624772909999592,0],[112.83495591500002,-7.1624772909999592,0],[112.83497524100005,-7.1624745299999404,0],[112.83499111700007,-7.1624772909999592,0],[112.83499940000002,-7.1624855739999589,0],[112.83500630200001,-7.1625028299999371,0],[112.83501803600006,-7.1625173249999534,0],[112.83504081400008,-7.1625394129999336,0],[112.83506083100008,-7.1625490759999479,0],[112.83514227900002,-7.1625594299999307,0],[112.83517679100009,-7.1625594299999307,0],[112.83519680800009,-7.1625649519999683,0],[112.83521544400003,-7.1625794469999278,0],[112.83523477100005,-7.1625925609999399,0],[112.83525616800011,-7.1626056759999415,0],[112.83527894600002,-7.1626153389999558,0],[112.83531138700005,-7.1626256919999491,0],[112.8353997370001,-7.1626436389999526,0],[112.83541837400003,-7.1626477799999293,0],[112.83544391300006,-7.1626539919999459,0],[112.83546876100002,-7.1626650359999644,0],[112.83548118600004,-7.1626719379999599,0],[112.83550051200007,-7.1626912649999781,0],[112.83550879500001,-7.162698857999942,0],[112.83554054600006,-7.162716803999956,0],[112.83555228000012,-7.162717493999935,0],[112.83557229700011,-7.1627119719999541,0],[112.83559231400011,-7.1627105919999394,0],[112.83561509200001,-7.1627140429999372,0],[112.83563096700004,-7.1627202549999538,0],[112.8356558160001,-7.1627444129999276,0],[112.83568066400005,-7.1627485549999506,0],[112.83570068100005,-7.162742342999934,0],[112.83572207800012,-7.1627306089999365,0],[112.83574002500006,-7.1627243959999305,0],[112.83576073200004,-7.1627264669999704,0],[112.83577384600005,-7.1627299179999682,0],[112.83579041200005,-7.1627368209999531,0],[112.83580145600001,-7.1627361299999279,0],[112.83583113600002,-7.1627347499999701,0],[112.83584425000004,-7.1627361299999279,0],[112.83585391400004,-7.1627402719999509,0],[112.83587807200001,-7.1627506249999442,0],[112.83588428400003,-7.1627589079999439,0],[112.83588497400001,-7.1627651199999605,0],[112.8358791500001,-7.1627827359999401,0],[112.83587807200001,-7.1627913489999742,0],[112.83588014300005,-7.1628113659999713,0],[112.83589187700011,-7.1628300029999536,0],[112.83591189400011,-7.1628431169999658,0],[112.83594571500009,-7.1628589929999293,0],[112.83597677600005,-7.1628638239999418,0],[112.83600231500009,-7.1628596829999651,0],[112.83602578300008,-7.1628444979999699,0],[112.83604234900008,-7.1628293119999284,0],[112.83604456300009,-7.1628277899999375,0],[112.83605339200005,-7.162821719999954,0],[112.83606857800009,-7.162823790999937,0],[112.83607409900003,-7.1628272419999348,0],[112.83608241500008,-7.1628331449999791,0],[112.83614312300006,-7.1628762489999644,0],[112.83615692800004,-7.1628803899999411,0],[112.83618453700001,-7.1628900529999555,0],[112.83621007600004,-7.1628976459999762,0],[112.8362383760001,-7.1629052389999401,0],[112.83633777000011,-7.1628741779999814,0],[112.83635029100003,-7.1628710469999533,0],[112.83636261900006,-7.1628679659999648,0],[112.83639959700008,-7.1628780239999514,0],[112.83641093500012,-7.1628859119999788,0],[112.83643578400006,-7.1629031679999571,0],[112.83646063200001,-7.1629155919999334,0],[112.83647995900003,-7.1629224949999752,0],[112.83650066600001,-7.1629231849999542,0],[112.83652620500004,-7.1629211139999711,0],[112.83655389,-7.1628998549999778,0],[112.8365710700001,-7.1628866019999577,0],[112.83659315800003,-7.162882460999981,0],[112.83661386500012,-7.1628838409999389,0],[112.8366442360001,-7.1628872919999367,0],[112.83668496000007,-7.1628838409999389,0],[112.83672844500006,-7.1628872919999367,0],[112.8368105830001,-7.1629190429999312,0],[112.83682921900004,-7.162925945999973,0],[112.83685751900009,-7.1629369899999347,0],[112.83688305800001,-7.162946652999949,0],[112.83690652600001,-7.1629611479999653,0],[112.83693896700004,-7.1629811649999624,0],[112.83694117700009,-7.1629821039999797,0],[112.83696657700011,-7.1629928989999598,0],[112.83698935400002,-7.1629970399999365,0],[112.83706044900009,-7.1629839259999812,0],[112.83707948900008,-7.1629705969999691,0],[112.83708805800006,-7.1629645989999631,0],[112.83711083600008,-7.1629501039999468,0],[112.83714120700006,-7.1629452719999449,0],[112.83719198800009,-7.1629612379999799,0],[112.83720954000012,-7.1629735719999417,0],[112.83722748600007,-7.1629756429999816,0],[112.83724474200005,-7.1629763329999605,0],[112.83726337900009,-7.1629790939999793,0],[112.83728339600009,-7.1629887569999369,0],[112.8372930590001,-7.1629942789999745,0],[112.8373096250001,-7.1630025619999742,0],[112.83733999500009,-7.1629956599999787,0],[112.83736723300001,-7.1629767669999751,0],[112.83736760400006,-7.1629763329999605,0],[112.8373896920001,-7.1629590769999254,0],[112.83741799200004,-7.1629563159999634,0],[112.8374297260001,-7.1629597669999612,0],[112.83744422100006,-7.1629687399999398,0],[112.83747597200011,-7.1629825449999771,0],[112.83756578100008,-7.1630114069999422,0],[112.83760435600004,-7.1629977299999723,0],[112.83764231900011,-7.1629908279999768,0],[112.83767821100002,-7.1630053229999362,0],[112.8377023700001,-7.1630218889999355,0],[112.83770882400006,-7.1630251629999293,0],[112.83774999600007,-7.1630460469999662,0],[112.83779279100008,-7.1630439759999263,0],[112.83781625900008,-7.163030861999971,0],[112.83782062100011,-7.1630282439999746,0],[112.83789782600002,-7.1630303719999802,0],[112.83799803800002,-7.163036204999969,0],[112.83800498500011,-7.1630366089999598,0],[112.83801780800002,-7.1630370739999307,0],[112.83803713500004,-7.1630453569999304,0],[112.83805508100011,-7.1630584709999425,0],[112.83807371700004,-7.1630736569999272,0],[112.83809304400006,-7.1630902219999371,0],[112.83811168000011,-7.1631123099999741,0],[112.83811927300007,-7.1631288759999734,0],[112.83812617500007,-7.1631509629999641,0],[112.83812617500007,-7.1631654579999804,0],[112.83812341500004,-7.1631975539999644,0],[112.83812479500011,-7.1632023859999663,0],[112.83812755600002,-7.16322861499998,0],[112.83813652900005,-7.1632486319999771,0],[112.83815102400001,-7.1632769309999276,0],[112.83817794300001,-7.1633059209999601,0],[112.8382814790001,-7.163397032999967,0],[112.83830701800002,-7.1634066959999814,0],[112.83834014900003,-7.1634184299999788,0],[112.83836603300006,-7.163414978999981,0],[112.83837673200003,-7.1634094569999434,0],[112.83840020000002,-7.1634032449999268,0],[112.83842159700009,-7.1634032449999268,0],[112.83844989700003,-7.1634046249999415,0],[112.83847750600012,-7.1634108379999475,0],[112.83850925700006,-7.1634142889999453,0],[112.83852789400009,-7.1634087669999644,0],[112.83855136200009,-7.1633963429999312,0],[112.83856654700003,-7.1633922009999651,0],[112.83857690100001,-7.1633977229999459,0],[112.83858863500006,-7.1634087669999644,0],[112.83861072200011,-7.1634453489999714,0],[112.83862659800002,-7.1634577739999372,0],[112.83863902200005,-7.1634757199999513,0],[112.83865213600006,-7.1634881439999276,0],[112.83866568600001,-7.163503860999981,0],[112.83866939200004,-7.1635081609999816,0],[112.83868664800002,-7.1635267969999745,0],[112.83870735500011,-7.1635343899999384,0],[112.83874745100002,-7.1635364479999453,0],[112.83877914000004,-7.1635412919999339,0],[112.83879156400008,-7.163544743999978,0],[112.83881020100011,-7.1635509559999377,0],[112.83883504900007,-7.1635675209999476,0],[112.83885989800001,-7.1635847769999259,0],[112.8388771540001,-7.1636034139999651,0],[112.8388971710001,-7.1636206699999434,0],[112.83891925800003,-7.1636344739999345,0],[112.83897482200007,-7.1636413769999763,0],[112.83897827400006,-7.1636420669999552,0],[112.83900174200005,-7.1636503499999549,0],[112.8390238290001,-7.1636613939999734,0],[112.83905627000001,-7.1636751979999644,0],[112.83912184300004,-7.1637269659999561,0],[112.83916118700006,-7.1637669999999503,0],[112.83918603500001,-7.1638049629999614,0],[112.83919707900009,-7.1638208389999249,0],[112.83921847600004,-7.1638484479999534,0],[112.83924608600012,-7.1638684649999504,0],[112.83926334200009,-7.1638767479999501,0],[112.83931165800004,-7.163918161999959,0],[112.83932753400006,-7.163936797999952,0],[112.83934548000002,-7.1639540539999302,0],[112.83936825800004,-7.1639726909999695,0],[112.83939379700007,-7.1639816639999481,0],[112.83942485700004,-7.1639996099999621,0],[112.83944004200009,-7.1640092729999765,0],[112.83945039600007,-7.1640292899999736,0],[112.83947179300003,-7.1640631119999512,0],[112.83950768600005,-7.1640769169999317,0],[112.83956290500009,-7.1640934819999416,0],[112.83961122100004,-7.1641031459999454,0],[112.83965953800009,-7.1641266139999402,0],[112.83969405000005,-7.1641556039999728,0],[112.83970371300006,-7.1641804519999255,0],[112.83970532100011,-7.1642420529999526,0],[112.8397092350001,-7.1642688029999704,0],[112.83971751800004,-7.1642991729999608,0],[112.83973684500006,-7.1643184999999789,0],[112.83975755200004,-7.1643267829999786,0],[112.83980034600006,-7.1643254019999745,0],[112.83984728300004,-7.1643129779999413,0],[112.83986937000009,-7.1643060759999457,0],[112.83991768700002,-7.1643102169999793,0],[112.83994391600004,-7.1643129779999413,0],[112.83998671100005,-7.1643088359999751,0],[112.84002260300008,-7.1642908899999611,0],[112.840101989,-7.1642404979999696,0],[112.84012061700003,-7.164230148999934,0],[112.84016479200011,-7.1641970179999248,0],[112.84019378200003,-7.1641956379999669,0],[112.84024327500003,-7.1642081869999288,0],[112.84024624000006,-7.1642108229999621,0],[112.84027384900003,-7.1642246279999426,0],[112.84029869800008,-7.1642218669999806,0],[112.8403913620001,-7.1641743209999618,0],[112.84039671200003,-7.1641652669999303,0],[112.84040637500004,-7.164145939999969,0],[112.84043398400001,-7.1641162599999575,0],[112.84045124000011,-7.164102454999977,0],[112.8404712570001,-7.1640914119999479,0],[112.84049058400001,-7.1640810579999652,0],[112.84051888400006,-7.1640741559999697,0],[112.84054304200004,-7.1640741559999697,0],[112.84057410300011,-7.1640796779999505,0],[112.84059550000006,-7.1640803679999294,0],[112.84061965800004,-7.1640810579999652,0],[112.84064933900004,-7.1640858899999671,0],[112.8406776380001,-7.1640934819999416,0],[112.84069696500001,-7.1640934819999416,0],[112.84072112300009,-7.1640879599999607,0],[112.84073285700003,-7.1640741559999697,0],[112.84072043300012,-7.1640493069999707,0],[112.84072457400009,-7.1640258389999758,0],[112.84073147700008,-7.1640161759999614,0],[112.84075908600005,-7.1640175559999761,0],[112.84078807600008,-7.1640272199999799,0],[112.84082811000007,-7.164043784999933,0],[112.84085157800007,-7.1640589709999745,0],[112.84087437100004,-7.1640641169999526,0],[112.84089437300008,-7.164068633999932,0],[112.8409485200001,-7.1640472299999374,0],[112.84096201600005,-7.1640368829999375,0],[112.84097582100003,-7.164023077999957,0],[112.84100343000011,-7.1639982299999474,0],[112.84104070300009,-7.1639954689999286,0],[112.84108130100003,-7.1640186669999366,0],[112.84109454200006,-7.1640258389999758,0],[112.84111662900011,-7.1640396439999563,0],[112.84116770700007,-7.1640424049999751,0],[112.84120221900002,-7.1640382629999522,0],[112.84123811100005,-7.1640285999999378,0],[112.84134600100003,-7.1640119989999675,0],[112.8413830610001,-7.1640134149999426,0],[112.84146107100003,-7.1640845819999299,0],[112.84146174800003,-7.1640851999999313,0],[112.84149764000006,-7.1641252329999361,0],[112.84150730400006,-7.1641362769999546,0],[112.84152801100004,-7.1641556039999728,0],[112.84156252300011,-7.1641763109999488,0],[112.84159703500006,-7.1641873549999673,0],[112.84161222000012,-7.1642053009999813,0],[112.84162740500005,-7.1642204859999765,0],[112.84165130500003,-7.1642252659999599,0],[112.84170333100008,-7.1642356709999717,0],[112.84172956000009,-7.164279846999932,0],[112.84176545300011,-7.164355278999949,0],[112.84176545200012,-7.1643840719999616,0],[112.84176890400011,-7.1643930449999402,0],[112.84178685000006,-7.1644172039999603,0],[112.84181722000005,-7.16442548699996,0],[112.84185035200005,-7.1644316989999766,0],[112.84185912000009,-7.1644311129999778,0],[112.84187105900003,-7.1644303179999724,0],[112.8418924560001,-7.1644303179999724,0],[112.84191109300002,-7.1644337689999702,0],[112.84193041900005,-7.1644413619999341,0],[112.84195733800004,-7.1644586179999692,0],[112.84196976300007,-7.1644813959999283,0],[112.84196907300009,-7.1645083149999778,0],[112.84196929700011,-7.1645127799999386,0],[112.84196976300007,-7.1645221199999582,0],[112.84197942600008,-7.1645428269999343,0],[112.84200013300006,-7.1645600829999694,0],[112.84202636200007,-7.1645697459999269,0],[112.8420519010001,-7.1645876919999409,0],[112.84208296200006,-7.1646242749999374,0],[112.84209676600005,-7.1646539549999488,0],[112.84212092500002,-7.1646857059999434,0],[112.8421485340001,-7.1647146959999759,0],[112.84218028500004,-7.1647354029999519,0],[112.84223964600005,-7.1647519689999513,0],[112.84227760900001,-7.1647505879999471,0],[112.8423422510001,-7.1647370909999495,0],[112.84237355200003,-7.1647409249999328,0],[112.84240668300004,-7.1647505879999471,0],[112.84242117800011,-7.1647568009999532,0],[112.84244947800005,-7.1647740569999314,0],[112.84249920600007,-7.1648181999999565,0],[112.84249986500004,-7.1648327269999754,0],[112.84249710400002,-7.1648555049999345,0],[112.84250814800009,-7.1648755209999422,0],[112.84257234000006,-7.1648913969999626,0],[112.84259856900007,-7.1648962289999645,0],[112.84261858600007,-7.1648996799999622,0],[112.84264067400011,-7.1649134839999533,0],[112.8426675930001,-7.1649341919999756,0],[112.84268208800006,-7.1649452349999478,0],[112.84269934400004,-7.1649542089999727,0],[112.84272143100009,-7.1649618009999472,0],[112.84274628000003,-7.1649618009999472,0],[112.84277200000008,-7.1649536449999687,0],[112.84280287900003,-7.1649521379999328,0],[112.84282013500001,-7.1649548989999516,0],[112.84282910800005,-7.1649659429999701,0],[112.84284322100007,-7.1649890079999636,0],[112.84284567400005,-7.1649887199999398,0],[112.84285947900003,-7.1649907909999797,0],[112.84290158300007,-7.1650025249999771,0],[112.84290365400011,-7.1650045959999602,0],[112.84291331700001,-7.1650149489999535,0],[112.84291533100009,-7.165024811999956,0],[112.84292022000011,-7.1650487709999311,0],[112.84292298100002,-7.1650542929999688,0],[112.84293540500005,-7.1650618859999327,0],[112.84295818300006,-7.1650687879999282,0],[112.8429837220001,-7.1650743099999659,0],[112.84300930000006,-7.165071467999951,0],[112.84301478200007,-7.1650708589999681,0],[112.84302927700003,-7.1650763809999489,0],[112.84303548900004,-7.1650805219999256,0],[112.84304584300003,-7.1650867339999422,0],[112.8430637890001,-7.165094326999963,0],[112.84309208900004,-7.1651012289999585,0],[112.84312235600009,-7.1651214029999437,0],[112.84312522000005,-7.1651322899999741,0],[112.8431369540001,-7.1651481649999482,0],[112.84315559100003,-7.165151615999946,0],[112.84317422700008,-7.165151615999946,0],[112.84319148300006,-7.1651529969999501,0],[112.84320183700004,-7.1651550679999332,0],[112.8432101190001,-7.1651668019999306,0],[112.84320735900008,-7.1651757749999661,0],[112.84320873900003,-7.1651819869999258,0],[112.84321288000001,-7.1651875089999635,0],[112.8432301360001,-7.1651895789999571,0],[112.84326602900001,-7.1651895789999571,0],[112.84328949700011,-7.1651895789999571,0],[112.84331572600001,-7.1651847479999446,0],[112.84333781300006,-7.1651868189999277,0],[112.84336197200003,-7.165192339999976,0],[112.84339303200011,-7.1652033839999376,0],[112.84341166900003,-7.1652144279999561,0],[112.84342478300005,-7.1652261619999535,0],[112.84343789800005,-7.1652323739999702,0],[112.84349104600005,-7.1652413469999487,0],[112.84350278000011,-7.1652489399999695,0],[112.84351658500009,-7.1652606739999669,0],[112.84353177000003,-7.1652710279999496,0],[112.84355247700012,-7.165283451999926,0],[112.84357111400004,-7.1652841419999618,0],[112.84363012900008,-7.1652544619999503,0],[112.84364151800003,-7.1652544619999503,0],[112.84365463200004,-7.1652537719999714,0],[112.84366878200001,-7.165255841999965,0],[112.84367948100009,-7.1652606739999669,0],[112.84368845400002,-7.1652689569999666,0],[112.84369225000012,-7.1652741339999579,0],[112.84369880800011,-7.1652851769999302,0],[112.84370467500003,-7.1652938049999761,0],[112.84371606400009,-7.1653034689999799,0],[112.84372710700006,-7.1653103709999755,0],[112.84374436300004,-7.1653162379999458,0],[112.84378060100005,-7.1653207249999582,0],[112.84379406000005,-7.1653155479999668,0],[112.84380752000004,-7.1653096809999397,0],[112.84381821900001,-7.1653020879999758,0],[112.84383858100011,-7.1652906989999678,0],[112.84385376600005,-7.1652896639999426,0],[112.84386377400006,-7.1652896639999426,0],[112.84387412800004,-7.1652869029999806,0],[112.84388728700003,-7.1652793209999572,0],[112.8438922470001,-7.1652770669999768,0],[112.84389932200008,-7.1652755139999726,0],[112.84390950300008,-7.1652772399999662,0],[112.84391640500007,-7.1652832789999366,0],[112.8439189180001,-7.165285861999962,0],[112.84392261700009,-7.1652896639999426,0],[112.84393090000003,-7.1652957029999698,0],[112.84393952800008,-7.1652979469999423,0],[112.84395172900008,-7.1652926469999443,0],[112.84396040800004,-7.1652839689999723,0],[112.84396420400003,-7.1652818989999787,0],[112.84399664500006,-7.1652794829999493,0],[112.84402667000006,-7.1652798279999388,0],[112.84404082000003,-7.1652739609999685,0],[112.84405911200008,-7.1652729259999433,0],[112.84407326100006,-7.1652818989999787,0],[112.84407602200008,-7.1652998449999359,0],[112.84407634800004,-7.1653184179999698,0],[112.84407636700007,-7.1653195169999435,0],[112.8440884470001,-7.1653305599999726,0],[112.84411053400004,-7.1653340119999598,0],[112.84412490500006,-7.1653284589999657,0],[112.84412571900009,-7.1653281449999326,0],[112.84414780700001,-7.1653226229999518,0],[112.84416437300001,-7.1653229679999413,0],[112.84417955800006,-7.1653277999999432,0],[112.84418784100001,-7.1653395339999406,0],[112.84418784100001,-7.1653414739999448,0],[112.84418784100001,-7.1653592049999588,0],[112.84418749600002,-7.1653647269999396,0],[112.84420026500004,-7.1653730099999393,0],[112.84421614100006,-7.1653736999999751,0],[112.84423063600002,-7.1653674879999585,0],[112.84424273000002,-7.1653528019999726,0],[112.84424513100009,-7.1653498869999339,0],[112.84425617400007,-7.1653381529999365,0],[112.84426859900009,-7.1653295249999474,0],[112.84428827000011,-7.1653236579999771,0],[112.84430483600011,-7.1653260739999496,0],[112.84431139300011,-7.1653329759999451,0],[112.84431242900007,-7.1653436749999742,0],[112.84430932300006,-7.1653643819999502,0],[112.84431023700006,-7.1653667319999386,0],[112.8443117380001,-7.1653705939999668,0],[112.84433141000011,-7.1653799119999348,0],[112.84435272900009,-7.1653754999999251,0],[112.84435315300004,-7.1653754259999687,0],[112.84436833800009,-7.1653719749999709,0],[112.84438421300001,-7.165369903999931,0],[112.84441251300007,-7.1653588599999694,0],[112.8444380520001,-7.1653595499999483,0],[112.84445668800004,-7.1653692139999521,0],[112.84446290000005,-7.1653747359999329,0],[112.84448360800002,-7.1653823279999642,0],[112.84453399500001,-7.1653933719999259,0],[112.8445478000001,-7.1653933719999259,0],[112.84458231200006,-7.1653926819999469,0],[112.84461406200001,-7.165391991999968,0],[112.8446375310001,-7.1653933719999259,0],[112.84466306900003,-7.1653954429999658,0],[112.84469620100003,-7.1654002739999783,0],[112.84473209300006,-7.1654196009999396,0],[112.84475625100004,-7.1654403079999724,0],[112.84479000500005,-7.1654788749999625,0],[112.8447942140001,-7.165492765999943,0],[112.84482596500004,-7.1655134729999759,0],[112.84487704300011,-7.1655452239999704,0],[112.84499921500003,-7.1655880189999266,0],[112.84502751500008,-7.1656128679999256,0],[112.84506823900006,-7.1656301239999607,0],[112.84514278400002,-7.16566118399993,0],[112.84515520900004,-7.1656632549999699,0],[112.84518212800003,-7.1656756789999463,0],[112.84521111800007,-7.1656805109999482,0],[112.84523941800001,-7.1656784399999651,0],[112.84527254900001,-7.1656473789999495,0],[112.84529739800007,-7.1656011339999282,0],[112.84531258300001,-7.1655762849999292,0],[112.84531741400008,-7.1655645509999317,0],[112.84533713300004,-7.165548370999943,0],[112.84534433400006,-7.1655424629999516,0],[112.84535882900002,-7.1655383219999749,0],[112.84537470400005,-7.1655452239999704,0],[112.84537991800005,-7.1655487789999484,0],[112.8453898890001,-7.1655555779999531,0],[112.84541128700005,-7.1655659309999464,0],[112.8454430380001,-7.1655645509999317,0],[112.8454834910001,-7.165549766999959,0],[112.8455030880001,-7.1655479849999324,0],[112.84553414900006,-7.165536250999935,0],[112.84556797100004,-7.1655279679999353,0],[112.84557832400003,-7.1655300389999752,0],[112.84560179200002,-7.1655479849999324,0],[112.8456047300001,-7.1655509229999552,0],[112.84561835800002,-7.1655645509999317,0],[112.8456294020001,-7.1655686919999653,0],[112.8456494190001,-7.1655714529999273,0],[112.84568282200007,-7.1655607749999604,0],[112.84571499100002,-7.1655438439999557,0],[112.84574398100006,-7.1655314199999793,0],[112.84576399800005,-7.1655293489999394,0],[112.84578608600009,-7.1655307289999541,0],[112.84582454400004,-7.1655598009999721,0],[112.84584337500007,-7.1655755949999502,0],[112.84586891400011,-7.1655824969999458,0],[112.84589031200005,-7.1655845679999288,0],[112.84592965500008,-7.1655845679999288,0],[112.84595243300009,-7.1655907799999454,0],[112.84597590100009,-7.1656025139999429,0],[112.84599798900001,-7.1656080359999805,0],[112.84603043000004,-7.1656121769999572,0],[112.84606632200007,-7.1656211499999358,0],[112.84610497500012,-7.1656163189999802,0],[112.84612706300004,-7.165596991999962,0],[112.84613948700007,-7.1655762849999292,0],[112.84617550700011,-7.1655615509999393,0],[112.84618441700002,-7.1655612769999379,0],[112.84619539700009,-7.1655783559999691,0],[112.84619953800006,-7.1655845679999288,0],[112.8462085110001,-7.1655956119999473,0],[112.84622369600004,-7.1656059649999406,0],[112.84624302300006,-7.1656066549999764,0],[112.84625820800011,-7.1655997529999809,0],[112.84627477400011,-7.1655866389999687,0],[112.84628443700001,-7.1655859479999435,0],[112.84629203000009,-7.1655873289999477,0],[112.84629962200006,-7.1655907799999454,0],[112.84630307400005,-7.1655928509999285,0],[112.84631342700004,-7.1655990629999451,0],[112.84632309000006,-7.1656025139999429,0],[112.84632999300004,-7.1656059649999406,0],[112.84633965600005,-7.1656080359999805,0],[112.84634793900011,-7.1656101069999636,0],[112.84635622200005,-7.1656121769999572,0],[112.8463783090001,-7.1656135579999614,0],[112.84639625600005,-7.1656128679999256,0],[112.84641282100006,-7.1656094159999384,0],[112.84643352800003,-7.1656087259999595,0],[112.84644250200006,-7.1656059649999406,0],[112.84645975700005,-7.1656011339999282,0],[112.8464880570001,-7.1655990629999451,0],[112.84649703000002,-7.165603894999947,0],[112.84651704700002,-7.1656107969999425,0],[112.84653016200002,-7.1656142479999403,0],[112.84653775400011,-7.1656142479999403,0],[112.84655017900002,-7.1656149379999761,0],[112.84657916900005,-7.1656094159999384,0],[112.84659228300006,-7.1656011339999282,0],[112.84661368000002,-7.1655893999999307,0],[112.84662679500002,-7.1655838779999499,0],[112.84663576800006,-7.1655838779999499,0],[112.84665578500005,-7.1655852579999646,0],[112.84666889900006,-7.1655887089999624,0],[112.8466978890001,-7.1656018239999639,0],[112.84671859600007,-7.1656073459999448,0],[112.84674896700005,-7.1656066549999764,0],[112.84676691300001,-7.1656059649999406,0],[112.84677312500003,-7.1656025139999429,0],[112.84679038100001,-7.165594920999979,0],[112.84680970800002,-7.1655907799999454,0],[112.84683593700004,-7.1655942309999432,0],[112.84684974200002,-7.165594920999979,0],[112.84686699800011,-7.165594920999979,0],[112.84691018000001,-7.1655815479999774,0],[112.84692221700004,-7.1655735239999672,0],[112.84694361400011,-7.165561099999934,0],[112.84696294100002,-7.165558338999972,0],[112.84697881600005,-7.165561099999934,0],[112.8469940010001,-7.1655673119999506,0],[112.84701677900011,-7.1655749049999713,0],[112.84703307700011,-7.1655812649999575,0],[112.84704507900005,-7.1655859479999435,0],[112.84705543200005,-7.1655893999999307,0],[112.84710927100002,-7.1656045849999259,0],[112.84711548300004,-7.1656045849999259,0],[112.84715344600011,-7.1655942309999432,0],[112.84717760400008,-7.1655859479999435,0],[112.84720107200008,-7.1655859479999435,0],[112.84722247000002,-7.1655928509999285,0],[112.84725491100005,-7.1655956119999473,0],[112.84728045000008,-7.1655859479999435,0],[112.84730340500005,-7.1655437049999477,0],[112.84733221800002,-7.1655038099999615,0],[112.84735844700003,-7.1654955269999618,0],[112.84739157800004,-7.1654844829999433,0],[112.84740952400011,-7.1654803419999666,0],[112.84744748700007,-7.1654796519999309,0],[112.8474695750001,-7.1654817219999813,0],[112.8474964940001,-7.1654920759999641,0],[112.84752686500008,-7.1654872439999622,0],[112.8475731100001,-7.1654782709999267,0],[112.84758001300008,-7.1654499719999762,0],[112.84759795900004,-7.1654368569999747,0],[112.84761659500009,-7.1654258129999562,0],[112.84765179800002,-7.1654078669999421,0],[112.84767112400004,-7.16539475299993,0],[112.84768423900005,-7.1653885399999808,0],[112.8477028750001,-7.1653850889999262,0],[112.84773669700007,-7.165387849999945,0],[112.84774498000002,-7.1653913009999428,0],[112.84775671400007,-7.1654057959999591,0],[112.84776154500003,-7.1654154599999629,0],[112.84778156200002,-7.165428573999975,0],[112.84780503000002,-7.1654306449999581,0],[112.84783333000007,-7.1654347859999348,0],[112.84785610800009,-7.1654437589999702,0],[112.84786508100001,-7.1654444499999386,0],[112.84792306100007,-7.1654513519999341,0],[112.8479336040001,-7.1654561439999611,0],[112.84794583900009,-7.1654617059999737,0],[112.84796792600002,-7.1654623959999526,0],[112.84798587200009,-7.1654589449999548,0],[112.848005263,-7.1654461879999758,0],[112.84801210100011,-7.1654416889999766,0],[112.84802383600004,-7.1654375469999536,0],[112.84806888500009,-7.1654373479999549,0],[112.84808457600002,-7.1654506619999552,0],[112.84808940800008,-7.165472058999967,0],[112.84809631000007,-7.1654803419999666,0],[112.84810045200004,-7.1654824129999497,0],[112.84811632700007,-7.1654796519999309,0],[112.84814255600008,-7.1654686079999692,0],[112.84817637800006,-7.165453422999974,0],[112.84821089000002,-7.1654444499999386,0],[112.84824885300009,-7.1654361669999389,0],[112.84832892000009,-7.1654113179999399,0],[112.84834410600001,-7.1654092479999463,0],[112.84838275900006,-7.1654064869999274,0],[112.84842279300005,-7.16539475299993,0],[112.84842831500009,-7.1653747359999329,0],[112.84843109700012,-7.165370960999951,0],[112.84843797800011,-7.1653616209999313,0],[112.84844626100005,-7.1653616209999313,0],[112.84846359000005,-7.1653650299999754,0],[112.84848836500009,-7.165369903999931,0],[112.84850838200009,-7.1653781869999307,0],[112.84853116000011,-7.1653892309999492,0],[112.84857050400001,-7.1653961329999447,0],[112.84860570600006,-7.1654002739999783,0],[112.84865609300005,-7.165391991999968,0],[112.84869681700002,-7.1653781869999307,0],[112.8487444430001,-7.1653595499999483,0],[112.848780336,-7.165345054999932,0],[112.84880656500002,-7.1653277999999432,0],[112.84879575500008,-7.165299928999957,0],[112.84879276000004,-7.1652912169999468,0],[112.84886552600005,-7.1652820389999761,0],[112.8488742080001,-7.1652753409999264,0],[112.84889836600007,-7.1652498029999379,0],[112.84892114400009,-7.1652428999999529,0],[112.8489604880001,-7.1652311659999555,0],[112.84899569000004,-7.1652270249999788,0],[112.84903917500003,-7.1652270249999788,0],[112.84912230600003,-7.1652329559999544,0],[112.8491668690001,-7.1652180519999433,0],[112.84921035400009,-7.1651145159999601,0],[112.84922277800001,-7.1650427309999714,0],[112.8492434850001,-7.1649861319999673,0],[112.84924486600005,-7.1649543809999727,0],[112.84923382200009,-7.1649336739999399,0],[112.84921518500005,-7.1649274619999801,0],[112.84919102700007,-7.1649095159999661,0],[112.84918481500006,-7.1648936399999457,0],[112.84919792900007,-7.1648598189999575,0],[112.84918619500002,-7.1648328989999754,0],[112.84923934400001,-7.164805289999947,0],[112.8492234680001,-7.1647618049999551,0],[112.84924072400008,-7.1647507609999366,0],[112.84925245800002,-7.1647445489999768,0],[112.84930146500005,-7.1646989929999449,0],[112.84933597700001,-7.1646644809999316,0],[112.84940205500004,-7.164637986999935,0],[112.84938774500006,-7.1645989089999489,0],[112.84950784600005,-7.1645747499999288,0],[112.84951820000003,-7.1645926969999323,0],[112.84957272800011,-7.1645878649999304,0],[112.8495796310001,-7.1645768209999687,0],[112.8496766400001,-7.1645717579999655,0],[112.84967729900006,-7.1645771659999582,0],[112.84971905900011,-7.1645702639999627,0],[112.8497232310001,-7.1645608699999457,0],[112.84972043900007,-7.1645409289999407,0],[112.84978118000004,-7.1645250529999771,0],[112.849828806,-7.1644977889999382,0],[112.84983713100007,-7.1645391739999695,0],[112.84984088600004,-7.1645578399999295,0],[112.84990852900012,-7.1645429999999806,0],[112.84990534100007,-7.1645261809999283,0],[112.84990335200007,-7.1644981339999276,0],[112.84992440400003,-7.1644957179999551,0],[112.84997168600012,-7.1644857099999513,0],[112.85003518700012,-7.1644784619999768,0],[112.85007418600003,-7.1644788069999663,0],[112.85010248600008,-7.1644736309999644,0],[112.85018427900002,-7.1644546489999357,0],[112.85019118100001,-7.164475700999958,0],[112.8502450200001,-7.1644687989999625,0],[112.85024467500011,-7.1644794979999347,0],[112.85030300000005,-7.1644888159999596,0],[112.85030407900001,-7.1645035599999574,0],[112.85029333600005,-7.1645823429999496,0],[112.85038099600001,-7.1645975279999448,0],[112.85039687200003,-7.1645637069999566,0],[112.85042034000003,-7.1645637069999566,0],[112.850424481,-7.1645395479999365,0],[112.85040377400003,-7.1645333359999768,0],[112.85040438500005,-7.1645125639999492,0],[112.85040446500011,-7.1645098679999251,0],[112.85046870300005,-7.1645183379999366,0],[112.85049350500003,-7.1645250529999771,0],[112.8504888650001,-7.1645402569999419,0],[112.85047728500001,-7.1645782019999729,0],[112.85050075300001,-7.164579926999977,0],[112.85047245300007,-7.1647003739999491,0],[112.85068711700001,-7.1647652559999528,0],[112.85066986100003,-7.1648066699999617,0],[112.85072231900006,-7.1648480849999601,0],[112.85074613200004,-7.164798732999941,0],[112.85091938200003,-7.1648536059999515,0],[112.85093939900003,-7.1648204749999422,0],[112.85096079400012,-7.1648258039999746,0],[112.85097770700008,-7.1648311739999713,0],[112.85101152800007,-7.1648311739999713,0],[112.85106260600003,-7.1648491199999285,0],[112.85103706700011,-7.1649609379999788,0],[112.85108469400006,-7.1649781939999571,0],[112.85104289800006,-7.165104916999951,0],[112.85103637700001,-7.1651473019999798,0],[112.85108124200008,-7.1651583459999415,0],[112.85108883500004,-7.1651403999999275,0],[112.85132696700009,-7.1651521339999249,0],[112.85134284200001,-7.1653253839999707,0],[112.85149607500011,-7.1653074379999566,0],[112.85149055300008,-7.1651825049999616,0],[112.85162706200003,-7.1651799759999335,0],[112.85162445900005,-7.1651997599999504,0],[112.85169348300008,-7.1652211579999516,0],[112.85179494800002,-7.1651866459999383,0],[112.8517960800001,-7.1651583469999309,0],[112.85179632800009,-7.1651521339999249,0],[112.85190262500009,-7.1651348779999466,0],[112.85199373600005,-7.1651196929999514,0],[112.85212833300011,-7.1651100299999371,0],[112.85223670000005,-7.1651127909999559,0],[112.85224361200005,-7.1651523629999474,0],[112.8522484340001,-7.1651742219999619,0],[112.8522850170001,-7.1652439359999676,0],[112.85236370400003,-7.1652356529999679,0],[112.85237405700002,-7.1652494579999484,0],[112.85237543800008,-7.1654344409999453,0],[112.85245274400006,-7.1654309899999475,0],[112.8524417000001,-7.1653329759999451,0],[112.85260045500002,-7.165335736999964,0],[112.85259976500004,-7.1654523869999593,0],[112.85268434000011,-7.1654555479999544,0],[112.85279234100005,-7.1654579089999402,0],[112.85280476500009,-7.1656787849999546,0],[112.85290001800001,-7.1656774049999399,0],[112.85285032100001,-7.1654233969999268,0],[112.85299251000004,-7.16539716799997,0],[112.85298077600009,-7.1653598959999272,0],[112.85302633200001,-7.1653398789999301,0],[112.85306774600008,-7.1653440199999636,0],[112.85310225800004,-7.1652874209999595,0],[112.85303668500001,-7.1652183969999328,0],[112.85309052400009,-7.1651790529999744,0],[112.85317059100009,-7.1653226229999518,0],[112.85325272900002,-7.1652867299999343,0],[112.85314210600006,-7.1651189089999434,0],[112.85313124800007,-7.1651024369999732,0],[112.85321200500005,-7.1650686149999387,0],[112.85334453100006,-7.1650272009999298,0],[112.85334864900005,-7.1650437529999635,0],[112.85339629900011,-7.165255669999965,0],[112.85354539000002,-7.1652142549999667,0],[112.85351099400009,-7.1650853619999566,0],[112.85349638300011,-7.1650354839999295,0],[112.85363857200002,-7.1649864769999567,0],[112.85365496600002,-7.1650360209999349,0],[112.85365789900004,-7.1650555009999266,0],[112.85369586200011,-7.1652059729999564,0],[112.85378697300007,-7.1651866459999383,0],[112.85372963500004,-7.1650104319999741,0],[112.85369655200009,-7.164914691999968,0],[112.85373150800001,-7.1649065869999617,0],[112.85374417800006,-7.1649036489999389,0],[112.85379801700003,-7.1648884629999543,0],[112.85379337200004,-7.1648698829999375,0],[112.85378835400002,-7.1648498099999642,0],[112.85383874100012,-7.1648470489999454,0],[112.85390129500001,-7.1648372759999575,0],[112.85390500400001,-7.1648366959999521,0],[112.85405961700008,-7.1648001129999557,0],[112.85406138700012,-7.1647889059999557,0],[112.85406168800012,-7.1647869979999541,0],[112.85407578800005,-7.1647819949999416,0],[112.85416816300005,-7.1647492159999615,0],[112.8541686750001,-7.164749034999943,0],[112.85417143500001,-7.1647773349999397,0],[112.85424322000006,-7.1647628399999803,0],[112.85424607700008,-7.164685229999975,0],[112.85424736200002,-7.1646503309999616,0],[112.85431131500002,-7.1646488209999575,0],[112.85431086300002,-7.164666896999961,0],[112.85437712600003,-7.1646468799999639,0],[112.85442199200008,-7.1646648259999779,0],[112.85449860800009,-7.1646475709999322,0],[112.85449929800006,-7.1646330759999728,0],[112.85458764900011,-7.1646247929999731,0],[112.85458764900011,-7.1645716439999774,0],[112.85464424800011,-7.1645654319999608,0],[112.85465943300005,-7.1645109039999397,0],[112.85484717800011,-7.1645171159999563,0],[112.85485270000004,-7.1645716439999774,0],[112.85495140400008,-7.164582687999939,0],[112.85494864300006,-7.1644418799999698,0],[112.85506046100011,-7.1644239339999558,0],[112.85507495600007,-7.164500549999957,0],[112.85514743100009,-7.1645074519999525,0],[112.85513293600002,-7.1644004659999609,0],[112.85526201100004,-7.164393562999976,0],[112.85525303800011,-7.1643210879999515,0],[112.85527600700004,-7.164313042999936,0],[112.85529376200009,-7.1642969299999777,0],[112.85531446900006,-7.1642776029999595,0],[112.85535726300009,-7.1642361889999506,0],[112.8554166240001,-7.1642334279999318,0],[112.85557570300011,-7.1642904009999597,0],[112.85558698300008,-7.1642944409999814,0],[112.85570859400002,-7.1643362729999467,0],[112.85572999200008,-7.1642858859999592,0],[112.85593982400007,-7.1642748419999407,0],[112.85590649700009,-7.1641230199999768,0],[112.85589012700007,-7.1640484439999454,0],[112.85590663000005,-7.1640423769999302,0],[112.85598399900005,-7.1640139329999784,0],[112.85609443700002,-7.163957332999928,0],[112.85636639100005,-7.1638634609999485,0],[112.85668942200004,-7.1637364569999704,0],[112.85735066900008,-7.1635321469999553,0],[112.8573905500001,-7.1635298459999603,0],[112.85742245400002,-7.1635280049999324,0],[112.85746237400008,-7.1636185289999617,0],[112.85747146100005,-7.1636391339999363,0],[112.85777745500002,-7.1635332579999726,0],[112.85819759100002,-7.1633878869999421,0],[112.85825142900001,-7.1635756319999473,0],[112.85825422700009,-7.1636245999999346,0],[112.85825695100004,-7.1636722649999456,0],[112.85832459400001,-7.1639152289999402,0],[112.85854685100003,-7.1638517269999511,0],[112.8584556190001,-7.1635466709999491,0],[112.85837015000004,-7.163260882999964,0],[112.8584008900001,-7.1632480749999559,0],[112.85843641300005,-7.1632332739999356,0],[112.85851648000005,-7.1631973819999644,0],[112.85873735600001,-7.1631476849999558,0],[112.85899688600011,-7.1630966069999431,0],[112.85915426000008,-7.1630634759999339,0],[112.85922075000008,-7.1630536369999618,0],[112.85946210600002,-7.1630179199999588,0],[112.85958772900005,-7.16301515899994,0],[112.85968647800007,-7.1636196609999274,0],[112.85968988400009,-7.1636405139999511,0],[112.86012059200004,-7.1635563049999291,0],[112.86016200600011,-7.1633450919999291,0],[112.86011964900001,-7.1630610299999375,0],[112.86017305000007,-7.1630262029999585,0],[112.86027520500011,-7.1629502769999362,0],[112.86028624900007,-7.1629281889999561,0],[112.86035665300005,-7.162864686999967,0],[112.86048641800005,-7.1628108489999249,0],[112.86068520600008,-7.1627708149999307,0],[112.86134791300003,-7.1626336079999646,0],[112.86135197600004,-7.1626327669999341,0],[112.86135200400008,-7.1626329139999712,0],[112.86141325300002,-7.1629524269999365,0],[112.86142763300006,-7.1630274449999547,0],[112.86143480400006,-7.1630648559999486,0],[112.86191292600006,-7.1629757789999644,0],[112.86225622900008,-7.1629118199999766,0],[112.8623017430001,-7.1629033399999571,0],[112.86224847900007,-7.1626095779999446,0],[112.8623017430001,-7.1625941139999441,0],[112.8623017430001,-7.1626023969999437,0],[112.8623017430001,-7.1626051579999626,0],[112.86232245000008,-7.1626396699999759,0],[112.86233211300009,-7.1626672789999475,0],[112.86233625400007,-7.1626948889999653,0],[112.86237628800006,-7.1627086929999564,0],[112.86241770200002,-7.1627114539999752,0],[112.86242874600009,-7.1627473469999359,0],[112.86242460500011,-7.1627652929999499,0],[112.86242046300003,-7.1627970439999444,0],[112.86243288800006,-7.1628232729999581,0],[112.86245221400009,-7.1628398389999575,0],[112.86248258500007,-7.1628564039999674,0],[112.86250053100002,-7.1628384579999533,0],[112.86251847700009,-7.162801184999978,0],[112.86253504300009,-7.1627735759999496,0],[112.86256127200011,-7.1627294009999787,0],[112.86257507700009,-7.1626741819999324,0],[112.86258197900008,-7.1626479529999756,0],[112.86261096900012,-7.1625996359999249,0],[112.86262657400005,-7.1625497859999427,0],[112.86262966300001,-7.1625399179999363,0],[112.86264548100007,-7.1625333729999738,0],[112.86266208900008,-7.1625982679999538,0],[112.86275347500009,-7.1625890459999368,0],[112.86275347500009,-7.1626113089999421,0],[112.86275347500009,-7.1626217439999778,0],[112.86279874900004,-7.1626146169999743,0],[112.86281719400006,-7.1626133599999662,0],[112.86282138600006,-7.1626179709999747,0],[112.86282390100007,-7.1626389309999468,0],[112.86282222500006,-7.1626624059999813,0],[112.86282054800006,-7.1626808509999478,0],[112.86283060900007,-7.1626992959999711,0],[112.86283647800008,-7.1627055839999798,0],[112.86284150800009,-7.1627080999999748,0],[112.8628524070001,-7.1627076799999259,0],[112.86286037200011,-7.1627051649999771,0],[112.86287001400001,-7.1626909119999596,0],[112.86286666000001,-7.162676658999942,0],[112.86286666000001,-7.1626665979999302,0],[112.86287376200005,-7.1626614339999719,0],[112.86287588300002,-7.1626598909999757,0],[112.86287923600003,-7.1626624059999813,0],[112.86288678200003,-7.1626691139999252,0],[112.86289097400004,-7.162676658999942,0],[112.86290019600006,-7.1627026499999715,0],[112.86290064100001,-7.162704299999973,0],[112.86290606500006,-7.162724447999949,0],[112.86291109600006,-7.1627387009999666,0],[112.86292199500008,-7.1627521159999787,0],[112.8629387630001,-7.1627596619999281,0],[112.86295804600002,-7.1627604999999335,0],[112.86297984500004,-7.1627487619999783,0],[112.86300499700008,-7.1627319939999552,0],[112.8630284730001,-7.1627127109999265,0],[112.86303809800006,-7.1627036869999756,0],[112.86304188700001,-7.1627001349999659,0],[112.86305697800003,-7.1626900739999542,0],[112.86307332700005,-7.1626795939999397,0],[112.86308296900006,-7.1626795939999397,0],[112.86310099500008,-7.1626904929999569,0],[112.86310630300011,-7.1627033829999505,0],[112.86310686400009,-7.1627047459999744,0],[112.86310476800008,-7.1627164839999296,0],[112.86309722200008,-7.1627223519999461,0],[112.86309051500007,-7.1627223519999461,0],[112.86308600000007,-7.1627252039999689,0],[112.86308255000006,-7.1627273829999467,0],[112.86308171100006,-7.1627353479999556,0],[112.86308967600007,-7.1627395399999614,0],[112.86310392900009,-7.1627638539999339,0],[112.86311818200011,-7.1627739139999562,0],[112.86314668800003,-7.16279571299998,0],[112.86315842600004,-7.1628124809999463,0],[112.86318106300007,-7.1628502089999415,0],[112.8632003460001,-7.1628770379999764,0],[112.86322382100002,-7.1628870989999314,0],[112.86324813500005,-7.1628854219999312,0],[112.86325735800006,-7.1628678159999595,0],[112.86325735800006,-7.162844340999925,0],[112.86325568100006,-7.1628242189999582,0],[112.86324645800005,-7.1627982279999287,0],[112.86324058900004,-7.1627638539999339,0],[112.86324310500004,-7.1627387009999666,0],[112.86325065000005,-7.1627085189999775,0],[112.86325492300011,-7.1627027209999596,0],[112.86326238800007,-7.1626925889999598,0],[112.86326993400007,-7.1626665979999302,0],[112.86327328700008,-7.1626431229999525,0],[112.86329592400011,-7.1626179709999747,0],[112.86331940000002,-7.1626104249999685,0],[112.86333784500005,-7.1626221629999804,0],[112.86334874400006,-7.1626422849999472,0],[112.86335964300008,-7.1626590529999703,0],[112.86338479500012,-7.1626833669999428,0],[112.86340348700003,-7.1627020589999688,0],[112.86340575500003,-7.1627043269999717,0],[112.86341917000004,-7.1627261249999492,0],[112.86342420000005,-7.1627311559999498,0],[112.8634594130001,-7.1627403779999668,0],[112.8634619290001,-7.1627428929999724,0],[112.863475343,-7.1627462469999728,0],[112.86350804100005,-7.1627554689999329,0],[112.86354828500009,-7.1627571459999331,0],[112.86357762900002,-7.1627554689999329,0],[112.86361787200008,-7.162742054999967,0],[112.86365057,-7.1627395399999614,0],[112.86368829800006,-7.1627412169999616,0],[112.86370255100007,-7.1627470849999781,0],[112.86373944100001,-7.1627755909999564,0],[112.86375956300003,-7.1627822979999678,0],[112.86378052300006,-7.1627705609999452,0],[112.86378639200007,-7.1627454089999674,0],[112.86378639200007,-7.1627135489999318,0],[112.8637903560001,-7.1627003339999646,0],[112.86379393800007,-7.162688396999954,0],[112.86380148300009,-7.162682527999948,0],[112.86382244300012,-7.1626833669999428,0],[112.86384626600011,-7.1626992159999645,0],[112.86385765600005,-7.1627118719999316,0],[112.86387526300007,-7.162724447999949,0],[112.86388951600009,-7.1627261249999492,0],[112.86390628400011,-7.162730316999955,0],[112.86393562800004,-7.1627395399999614,0],[112.86395239600006,-7.1627487619999783,0],[112.86398174100009,-7.162780621999957,0],[112.86400270100012,-7.1628032589999293,0],[112.86402701500003,-7.1628124809999463,0],[112.86405384400007,-7.1628040969999347,0],[112.86406390400009,-7.162789843999974,0],[112.8640680960001,-7.1627789449999568,0],[112.86407815700011,-7.1627546309999275,0],[112.86409492500002,-7.1627521159999787,0],[112.86411420900004,-7.162742054999967,0],[112.86411803300007,-7.1626934639999718,0],[112.86411840100004,-7.1626892349999594,0],[112.86413181500006,-7.1626774979999368,0],[112.86415948300009,-7.1626598909999757,0],[112.86417373600011,-7.1626573759999701,0],[112.86420140300004,-7.1626540219999697,0],[112.86422739400007,-7.1626531839999643,0],[112.86425170700011,-7.1626607299999705,0],[112.86425589900011,-7.1626716289999308,0],[112.86425841500011,-7.1626842049999482,0],[112.86425841500011,-7.16269426599996,0],[112.86426763700001,-7.1627093569999261,0],[112.86428608200004,-7.1627135489999318,0],[112.86431458800007,-7.1627185799999324,0],[112.86433135600009,-7.1627336709999554,0],[112.86433135600009,-7.1627504389999785,0],[112.86431878000008,-7.1627613379999389,0],[112.86429698100005,-7.1627638539999339,0],[112.86427686000002,-7.1627672069999448,0],[112.86426466700004,-7.162775589999967,0],[112.8642500310001,-7.1627856519999682,0],[112.86424416200009,-7.1627948749999746,0],[112.86424080800009,-7.162822541999958,0],[112.86425506100011,-7.162844340999925,0],[112.86428859700004,-7.1628569169999423,0],[112.86430117300006,-7.1628552399999421,0],[112.86432548700009,-7.1628627849999589,0],[112.8643405790001,-7.1629005139999435,0],[112.86436405400002,-7.1629298579999272,0],[112.86438752900006,-7.1629726169999799,0],[112.86441771200009,-7.1630162139999811,0],[112.86444202600001,-7.1630363359999478,0],[112.86448059200006,-7.1630396889999588,0],[112.86451915900011,-7.163026274999936,0],[112.86453005800001,-7.1630086679999749,0],[112.86452083600011,-7.1629776469999342,0],[112.86451545900002,-7.1629714419999573,0],[112.86450993700009,-7.1629650709999737,0],[112.86449400700008,-7.1629474649999452,0],[112.86449065300008,-7.1629172819999667,0],[112.8645107750001,-7.1629013519999489,0],[112.86453257400001,-7.1628954829999429,0],[112.86457952400008,-7.1629072209999549,0],[112.86461138400011,-7.1629080589999603,0],[112.86465078900005,-7.1629088979999551,0],[112.86465833800003,-7.1629090399999313,0],[112.86466168800007,-7.1629114129999607,0],[112.86467342600008,-7.1629197969999723,0],[112.86469438600011,-7.1629474649999452,0],[112.86469438600011,-7.1629734549999284,0],[112.86469438600011,-7.1629786449999528,0],[112.86469438600011,-7.1629944149999574,0],[112.86470109300001,-7.1630120219999753,0],[112.86471870000003,-7.1630220829999303,0],[112.86473798300005,-7.1630229209999356,0],[112.86476816600009,-7.1630103449999751,0],[112.86479080300001,-7.1629918999999518,0],[112.86480673200003,-7.1629650709999737,0],[112.86481260100004,-7.1629382419999388,0],[112.86480589400003,-7.1629130899999609,0],[112.86479918700002,-7.1628963219999378,0],[112.86479963700003,-7.1628894159999277,0],[112.86480170200002,-7.1628577549999477,0],[112.86482630300009,-7.1628331859999435,0],[112.86482350100005,-7.1628233799999634,0],[112.86481595500004,-7.1627948749999746,0],[112.86482266200005,-7.1627722379999454,0],[112.86482853100006,-7.1627504389999785,0],[112.86483859200007,-7.1627353479999556,0],[112.86483943000007,-7.1627160639999374,0],[112.86483943000007,-7.16269426599996,0],[112.86484697600008,-7.1626800129999424,0],[112.86485871400009,-7.162670789999936,0],[112.86487045100012,-7.1626749819999418,0],[112.86487548200012,-7.1626808509999478,0],[112.86488218900001,-7.1626925889999598,0],[112.86491534300001,-7.1627144399999452,0],[112.86491907900006,-7.1627169029999322,0],[112.86493081700007,-7.1627294789999496,0],[112.86493500900008,-7.162736185999961,0],[112.86494171600009,-7.1627454089999674,0],[112.8649475850001,-7.1627579849999279,0],[112.864962676,-7.1627814599999624,0],[112.86497525200002,-7.1628007429999343,0],[112.86498699000003,-7.1628099659999407,0],[112.86500375800006,-7.1628149959999519,0],[112.86503394100009,-7.1628183499999523,0],[112.86506747700003,-7.1628275719999692,0],[112.86508173000004,-7.1628351179999754,0],[112.86510520500008,-7.1628544009999473,0],[112.86511107400008,-7.1628602699999533,0],[112.8651202960001,-7.1628745229999708,0],[112.8651219730001,-7.162892129999932,0],[112.86513203400011,-7.1629147669999611,0],[112.865141257,-7.1629298579999272,0],[112.86515802500003,-7.1629575249999675,0],[112.86517311600005,-7.1629709399999797,0],[112.86518569200007,-7.1629751319999286,0],[112.86521886600008,-7.1629885429999263,0],[112.86522509700001,-7.1629910619999464,0],[112.86523221500011,-7.1630008019999423,0],[112.86524102700002,-7.1630128599999807,0],[112.86526366400005,-7.1630346589999476,0],[112.86528546200009,-7.1630564569999251,0],[112.86532486800002,-7.1630975389999776,0],[112.86535588900006,-7.1631252069999505,0],[112.86538318900011,-7.1631394499999601,0],[112.86539445500011,-7.1631453279999278,0],[112.86544643600007,-7.1631562279999343,0],[112.86548332600012,-7.1631855719999749,0],[112.86551350900004,-7.1631989859999408,0],[112.86555039900009,-7.1632073699999523,0],[112.86558393500002,-7.1632165929999587,0],[112.86561747100006,-7.1632409069999312,0],[112.8656459770001,-7.1632677359999661,0],[112.86565684400011,-7.1633011849999662,0],[112.86565184600011,-7.1633247469999333,0],[112.86565855300012,-7.1633440309999514,0],[112.86567951300003,-7.1633633139999802,0],[112.86570718100006,-7.1633775669999409,0],[112.86572730300009,-7.1633859509999525,0],[112.86574490900011,-7.1633809209999413,0],[112.86575329300001,-7.1633725369999297,0],[112.86575077800001,-7.1633591219999744,0],[112.86575015800008,-7.1633460999999556,0],[112.86574994000011,-7.1633415159999458,0],[112.86575161600001,-7.1633230709999793,0],[112.86576083900002,-7.1633096559999672,0],[112.86577341500004,-7.163304625999956,0],[112.86579186000006,-7.1633029489999558,0],[112.8658237190001,-7.1633054639999614,0],[112.86585809400003,-7.1633180399999787,0],[112.86589833800008,-7.1633482229999572,0],[112.86593271200002,-7.1633700209999347,0],[112.86594948000004,-7.1633800819999465,0],[112.86599056200009,-7.1634069109999814,0],[112.86601487600001,-7.1634220029999369,0],[112.86604841200005,-7.1634438009999712,0],[112.86607691800009,-7.1634731449999549,0],[112.86610039300001,-7.1634815289999665,0],[112.86612470700004,-7.1634798529999557,0],[112.86616746600009,-7.1634655999999381,0],[112.86618507200001,-7.1634194869999419,0],[112.86620351700003,-7.1633993659999646,0],[112.8662563370001,-7.1633691829999293,0],[112.86630664100005,-7.1633532529999684,0],[112.86636113800012,-7.1633331309999448,0],[112.86640012400005,-7.163334807999945,0],[112.86642401800009,-7.1633381619999454,0],[112.86644330200011,-7.1633532529999684,0],[112.86644330200011,-7.1633633139999802,0],[112.86645671600002,-7.1633767289999355,0],[112.86648354500005,-7.1633750519999353,0],[112.86650618200008,-7.1633649909999804,0],[112.8665237890001,-7.1633750519999353,0],[112.86655229400003,-7.1634010419999754,0],[112.86654977900002,-7.1634387709999601,0],[112.86653888000001,-7.1634563769999318,0],[112.86652714200011,-7.163458053999932,0],[112.86650282800008,-7.1634639229999379,0],[112.86648270700005,-7.1634756609999499,0],[112.86648103000005,-7.1634949439999787,0],[112.86647767600004,-7.1635066819999338,0],[112.86647264600003,-7.1635209339999619,0],[112.86646510000003,-7.1635435709999342,0],[112.86646258500002,-7.163565369999958,0],[112.86646545000008,-7.1635698269999466,0],[112.86647013100003,-7.1635771079999699,0],[112.86648857600005,-7.1635955529999364,0],[112.86650450500008,-7.1635997449999422,0],[112.8665263040001,-7.1636022599999478,0],[112.86653971800001,-7.1636022599999478,0],[112.86655732500003,-7.1636005829999476,0],[112.86657577000005,-7.1635913609999307,0],[112.86657658000001,-7.1635909389999597,0],[112.86659840700008,-7.1635796229999755,0],[112.8666109830001,-7.1635838149999813,0],[112.86661182100011,-7.1635896839999305,0],[112.8666134990001,-7.1636140599999294,0],[112.86661349800011,-7.1636232199999768,0],[112.8666126600001,-7.1636475339999492,0],[112.86661769000011,-7.1636643019999724,0],[112.86663445800002,-7.1636802319999333,0],[112.86665541800005,-7.1636894539999503,0],[112.86666380300005,-7.1636894539999503,0],[112.86667302500007,-7.1636886159999449,0],[112.8666990160001,-7.1636835849999443,0],[112.86672500600002,-7.1636760399999275,0],[112.86673928700009,-7.1636700889999361,0],[112.86674512800005,-7.1636676559999728,0],[112.86676105800007,-7.1636626249999722,0],[112.86677028000008,-7.1636592719999612,0],[112.86679207900011,-7.1636651399999778,0],[112.86679627100011,-7.1636718479999786,0],[112.86679583900002,-7.1636931529999401,0],[112.86679794800011,-7.163705383999968,0],[112.86680297800001,-7.163708736999979,0],[112.86682587600001,-7.1637054029999376,0],[112.86684238300006,-7.1636978379999618,0],[112.86686250500009,-7.1636911309999505,0],[112.86688598000001,-7.1636793929999385,0],[112.86692035500005,-7.1636760399999275,0],[112.86695137600009,-7.1636760399999275,0],[112.86698910400003,-7.1636785549999331,0],[112.86702767100007,-7.1636886159999449,0],[112.86705953000001,-7.163705383999968,0],[112.86710564300006,-7.1637414349999631,0],[112.86713247200009,-7.1637623949999352,0],[112.86716768500003,-7.163799284999925,0],[112.86718613000005,-7.1638277909999601,0],[112.86719901400011,-7.1638575859999492,0],[112.86719954400007,-7.163858811999944,0],[112.86720289800007,-7.1638797719999729,0],[112.8672238580001,-7.1638906719999795,0],[112.86724481800002,-7.1638915099999281,0],[112.86727023600008,-7.1638866329999473,0],[112.86727080900005,-7.1638864799999737,0],[112.86728254600007,-7.1638814489999731,0],[112.86729931500008,-7.1638755799999672,0],[112.86731943600012,-7.163876418999962,0],[112.86733201200002,-7.1638806109999678,0],[112.86733872000002,-7.1639145639999811,0],[112.86733872000002,-7.1639200159999632,0],[112.86733452800001,-7.1639468449999413,0],[112.86734039600003,-7.163960258999964,0],[112.86735884100005,-7.1639652899999646,0],[112.86737225600007,-7.1639636129999644,0],[112.8673965700001,-7.163960258999964,0],[112.86744415500004,-7.1639575649999756,0],[112.86747538000009,-7.1639392989999351,0],[112.86750556200002,-7.163930076999975,0],[112.86753406800005,-7.1639292379999802,0],[112.86755838200008,-7.1639401379999299,0],[112.8675759890001,-7.1639569059999531,0],[112.86759108000001,-7.1639896039999371,0],[112.86760293500004,-7.164031768999962,0],[112.86760784800003,-7.1640508069999669,0],[112.86763551500007,-7.1640818279999507,0],[112.86767659700001,-7.1640952429999629,0],[112.86771600200007,-7.1641145259999348,0],[112.86776630700001,-7.1641287789999524,0],[112.86782094500006,-7.1641336529999649,0],[112.86786581600006,-7.164136712999948,0],[112.86789756700011,-7.1641422349999289,0],[112.86794174200008,-7.1641546589999621,0],[112.86797901500006,-7.1641629419999617,0],[112.86800938500005,-7.1641795079999611,0],[112.86801766800011,-7.1642181609999511,0],[112.86802011800012,-7.1642267339999535,0],[112.86802595100005,-7.1642471509999268,0],[112.86805494100008,-7.164266477999945,0],[112.86809064400006,-7.1642618699999616,0],[112.86811568200005,-7.1642540529999792,0],[112.86815157400008,-7.1642512919999604,0],[112.86819989100002,-7.1642609559999642,0],[112.86821645600003,-7.1642678579999597,0],[112.8682440660001,-7.1642927069999587,0],[112.8682841000001,-7.1643244569999638,0],[112.86831999200001,-7.1643589689999772,0],[112.86832965500003,-7.1643672519999768,0],[112.86839729900009,-7.164407285999971,0],[112.86840903300003,-7.1644203999999263,0],[112.86842905000003,-7.1644369659999256,0],[112.8684368270001,-7.1644422689999487,0],[112.86844423500008,-7.1644473199999652,0],[112.86846356100011,-7.1644562929999438,0],[112.86847529600004,-7.1644604339999773,0],[112.86849876400004,-7.1644569829999796,0],[112.86849922400006,-7.1644547479999687,0],[112.86850359500011,-7.1644335149999279,0],[112.8685270630001,-7.1643990029999713,0],[112.86856157500006,-7.1643631109999433,0],[112.8685670970001,-7.1643189359999724,0],[112.86856295600001,-7.1642816629999402,0],[112.86857538000004,-7.1642512919999604,0],[112.86858504300005,-7.164241628999946,0],[112.8686167940001,-7.1642292049999696,0],[112.86866096900008,-7.1642430089999607,0],[112.86868305700011,-7.1642706189999785,0],[112.86869962300011,-7.1642996089999542,0],[112.86873965600012,-7.1643299789999446,0],[112.86877480700002,-7.1643553399999291,0],[112.86877140700005,-7.164389339999957,0],[112.86875208100003,-7.1644114269999477,0],[112.86872585200001,-7.1644500809999272,0],[112.86875484200004,-7.1644680269999412,0],[112.86879073400007,-7.1644445589999464,0],[112.86881420200007,-7.1644197099999474,0],[112.86883490900004,-7.1643990029999713,0],[112.86888736700007,-7.1643575889999624,0],[112.86895225000001,-7.1643037499999309,0],[112.86903369800007,-7.1642471509999268,0],[112.86910962400009,-7.1641905509999333,0],[112.86913033100006,-7.1641615609999576,0],[112.86917864700001,-7.1641270499999337,0],[112.86922006200007,-7.1640745919999631,0],[112.86923110600003,-7.1640069479999511,0],[112.86921730100005,-7.1639448269999662,0],[112.86919627100008,-7.1638975109999592,0],[112.86919521300001,-7.1638951299999576,0],[112.86916484300002,-7.1638702809999586,0],[112.86919107200004,-7.1638192039999353,0],[112.86922144200003,-7.1637971159999552,0],[112.8693291190001,-7.1637639849999459,0],[112.86939814300001,-7.1637639849999459,0],[112.86949477600001,-7.1637695069999268,0],[112.86953619000008,-7.163777788999937,0],[112.86965215000009,-7.163799876999974,0],[112.86971565200008,-7.1638440519999449,0],[112.86978743700001,-7.1639213589999713,0],[112.86986750400001,-7.1640290359999312,0],[112.86997932300005,-7.1641408539999816,0],[112.8700179760001,-7.1641132449999532,0],[112.87002349800002,-7.1640994399999727,0],[112.87005386900012,-7.1640607869999258,0],[112.87006215100007,-7.1640207529999316,0],[112.87008700000001,-7.1640055679999364,0],[112.87047629400001,-7.1641463759999624,0],[112.8706267660001,-7.1642043559999706,0],[112.87065437500007,-7.1642388679999272,0],[112.87053254800003,-7.1645467139999255,0],[112.8705636090001,-7.1645646599999395,0],[112.87058983800011,-7.1645639699999606,0],[112.87059674000011,-7.1645632799999248,0],[112.87062227900003,-7.1645639699999606,0],[112.87064574700003,-7.1645805359999599,0],[112.8706699060001,-7.164598481999974,0],[112.87069889500003,-7.1646219499999688,0],[112.8707334070001,-7.1646757879999541,0],[112.87073754900007,-7.1646819999999707,0],[112.87074859300003,-7.1646958049999512,0],[112.87077551200002,-7.164726175999931,0],[112.87078793600006,-7.1647365289999811,0],[112.87081761600007,-7.1647482629999786,0],[112.87085696000008,-7.1647717309999734,0],[112.8708797380001,-7.1647910579999348,0],[112.87090182500003,-7.1648103849999529,0],[112.87093771800005,-7.1648297109999248,0],[112.87096394700006,-7.1648414449999791,0],[112.87100122000004,-7.1648455869999452,0],[112.87104125300004,-7.1648524889999408,0],[112.87105919900011,-7.1648573209999427,0],[112.87109371100007,-7.1648628429999803,0],[112.87111510900002,-7.1648628429999803,0],[112.87115859400001,-7.1648704349999548,0],[112.87117101800004,-7.1648738859999526,0],[112.87119241500011,-7.1648939029999497,0],[112.87122830800001,-7.1649153009999509,0],[112.87125039500006,-7.1649304859999461,0],[112.87126972200008,-7.1649442909999266,0],[112.87129042900006,-7.1649594759999786,0],[112.8713090650001,-7.1649698299999613,0],[112.87133667500007,-7.164989845999969,0],[112.8713456480001,-7.1650264289999654,0],[112.87134426800003,-7.1650464459999625,0],[112.87134104800009,-7.1650870129999475,0],[112.87134081600004,-7.1650899309999545,0],[112.87135048000005,-7.1651078769999685,0],[112.8713822310001,-7.1651306549999276,0],[112.87141838200012,-7.1651176939999459,0],[112.8714188130001,-7.1651175399999261,0],[112.87143330800006,-7.1650933819999523,0],[112.87145677600006,-7.1650692239999785,0],[112.87148300500007,-7.165057489999981,0],[112.87148702400009,-7.165057489999981,0],[112.87151613700007,-7.165057489999981,0],[112.87152925100008,-7.1650443749999795,0],[112.87153339300005,-7.1650215969999635,0],[112.87154236600009,-7.1649836339999524,0],[112.87156538200009,-7.1649030049999283,0],[112.87160586800007,-7.1648849299999711,0],[112.87165142300012,-7.1648787179999545,0],[112.87166729900002,-7.1648828599999774,0],[112.87169214700009,-7.1648842399999353,0],[112.87171147400011,-7.1648849299999711,0],[112.87173011000004,-7.164889761999973,0],[112.8717515080001,-7.164889761999973,0],[112.87176600300006,-7.1648890719999372,0],[112.87180051400003,-7.1648814789999733,0],[112.8718150090001,-7.1648800989999586,0],[112.87183364600003,-7.1648863109999752,0],[112.8718446900001,-7.1648952839999538,0],[112.87185987500004,-7.1649153009999509,0],[112.87188265300006,-7.1649429099999793,0],[112.87188541400008,-7.1649484319999601,0],[112.87189645700005,-7.1649684489999572,0],[112.87190957200005,-7.1649912269999732,0],[112.87191647400005,-7.1650181459999658,0],[112.87193373000002,-7.1650450649999584,0],[112.87195167600009,-7.1650726749999762,0],[112.87195995900004,-7.1650837189999379,0],[112.87199240100006,-7.1651113279999663,0],[112.87201586900005,-7.1651327259999675,0],[112.87202829300008,-7.1651423889999251,0],[112.87206349500002,-7.1651817319999509,0],[112.87211250200005,-7.165263179999954,0],[112.87212354600001,-7.1652714629999537,0],[112.87215598700004,-7.1652963119999526,0],[112.87217117200009,-7.1653135679999309,0],[112.87220706400001,-7.1653501499999379,0],[112.87222915200005,-7.1653715479999391,0],[112.87226021300012,-7.165388112999949,0],[112.87228713200011,-7.165367405999973,0],[112.87232095400009,-7.1653342749999638,0],[112.87234580200004,-7.1653232309999453,0],[112.87238721600011,-7.1653253019999283,0],[112.87241620600003,-7.1653439379999782,0],[112.8724272500001,-7.1653639549999752,0],[112.87243622300002,-7.165392254999972,0],[112.87246728400009,-7.1654488539999761,0],[112.87246935500002,-7.1654502349999802,0],[112.87249213200005,-7.1654688709999732,0],[112.87251076900009,-7.1654868169999304,0],[112.87253147600006,-7.1655137369999693,0],[112.8725439000001,-7.1655385849999789,0],[112.87256460700007,-7.1655717169999775,0],[112.87258393400009,-7.1655855209999686,0],[112.87261480500001,-7.1655812339999443,0],[112.8726336310001,-7.1655786189999731,0],[112.87264605500002,-7.1655627429999527,0],[112.87266055000009,-7.1655441069999597,0],[112.87267366500009,-7.1655254709999667,0],[112.87269989400011,-7.1654840559999684,0],[112.87273440600006,-7.1653963959999487,0],[112.87279928800001,-7.1654350499999282,0],[112.87280204900003,-7.1654667999999333,0],[112.87280757100007,-7.1654764639999371,0],[112.8728365610001,-7.1655095949999463,0],[112.87286831200004,-7.1655551509999782,0],[112.87289039900008,-7.1655786189999731,0],[112.87294699900008,-7.1656365989999813,0],[112.87298703300007,-7.1656766329999755,0],[112.8730298270001,-7.1657263299999272,0],[112.87303775100008,-7.1658057759999565,0],[112.873042252,-7.1658395289999248,0],[112.87306572000011,-7.1658740409999382,0],[112.87311679700008,-7.1659237379999468,0],[112.87317201600001,-7.1659692929999323,0],[112.87322309400008,-7.1660162289999789,0],[112.87326036700006,-7.1660410779999779,0],[112.87335423900004,-7.1660742089999303,0],[112.87339979500007,-7.1660645459999728,0],[112.87341774100003,-7.1660465999999587,0],[112.87342326300006,-7.1660245119999786,0],[112.87344492700004,-7.1660205729999689,0],[112.87347434000003,-7.1660217509999597,0],[112.87353784200002,-7.1660396979999632,0],[112.87360818100001,-7.1660976709999318,0],[112.87362343200004,-7.1661349499999574,0],[112.87366760700002,-7.1662039739999273,0],[112.8736952160001,-7.1662343449999639,0],[112.87372558700008,-7.1662619539999355,0],[112.87378080600001,-7.1663337389999811,0],[112.8738084150001,-7.1663917189999324,0],[112.87387467800011,-7.1664635029999317,0],[112.87392713600002,-7.1664745469999502,0],[112.87397407200001,-7.1664607419999697,0],[112.87399339900003,-7.1664110449999612,0],[112.8740139140001,-7.16635185399997,0],[112.87402929100006,-7.1663199339999437,0],[112.87408174900008,-7.1662978459999636,0],[112.87414525100007,-7.1663254559999814,0],[112.87417562200005,-7.1663475429999721,0],[112.87426673300001,-7.1663917189999324,0],[112.87441858500006,-7.1664552209999783,0],[112.87460633000001,-7.1665767019999294,0],[112.87493069200002,-7.1667494849999684,0],[112.87497353600008,-7.1667395979999355,0],[112.87506740800006,-7.1667175109999448,0],[112.87514195400001,-7.1667202719999636,0],[112.87521097800004,-7.1667257939999445,0],[112.87528000200007,-7.1667313159999253,0],[112.87536006900007,-7.1667368369999735,0],[112.87540976600008,-7.1667534029999729,0],[112.87544841900001,-7.1667975779999438,0],[112.8754622240001,-7.1668279489999804,0],[112.87549259500008,-7.166880406999951,0],[112.87551192100011,-7.1669190599999411,0],[112.87559751100002,-7.1669991279999294,0],[112.87563340300005,-7.1670626289999291,0],[112.8757051880001,-7.167153740999936,0],[112.87574108000001,-7.1671730669999647,0],[112.87581562600008,-7.1672117209999442,0],[112.87593434700011,-7.1672973099999808,0],[112.87598956600004,-7.1673332029999415,0],[112.87605582800006,-7.1674132699999404,0],[112.87610828600009,-7.1674905769999668,0],[112.87613589600005,-7.1675595999999473,0],[112.87616959400009,-7.1676067749999675,0],[112.8761911150001,-7.1676369069999737,0],[112.87621292100005,-7.1676471669999273,0],[112.87623805100009,-7.1676589949999538,0],[112.87636505500006,-7.1677059309999436,0],[112.87647825400006,-7.1677418229999716,0],[112.87658593100002,-7.1677915199999802,0],[112.87664115000007,-7.1678439779999508,0],[112.87670741300008,-7.1678936749999593,0],[112.87680956800011,-7.1679516549999676,0],[112.87692276700011,-7.168006873999957,0],[112.87705805300004,-7.1680620929999463,0],[112.87712707700007,-7.1680897029999642,0],[112.87720714500006,-7.1681173119999357,0],[112.87739656600002,-7.1681470799999261,0],[112.87746530100003,-7.167988854999976,0],[112.87748420600008,-7.1679453359999457,0],[112.87748876100011,-7.1679461329999299,0],[112.8775688290001,-7.1679571769999484,0],[112.87762266700008,-7.1679530359999717,0],[112.87779228500006,-7.1679691819999789,0],[112.87776347600004,-7.1680123959999378,0],[112.87796226400008,-7.1681145509999737,0],[112.87793879600008,-7.168238793999933,0],[112.87851583500003,-7.1685590639999646,0],[112.87853610600007,-7.1685270509999555,0],[112.87857105400008,-7.1684638119999704,0],[112.87861660900001,-7.1684872799999653,0],[112.87861937000002,-7.1685411179999505,0],[112.87863455600007,-7.1685866739999256,0],[112.8786469800001,-7.16863498999993,0],[112.87869115500007,-7.1687067749999756,0],[112.87872566700003,-7.1687578529999314,0],[112.87885681200009,-7.1688696709999249,0],[112.87887199700003,-7.1688793339999393,0],[112.87891893300002,-7.1689069439999571,0],[112.87895068400007,-7.168930411999952,0],[112.87898933800011,-7.1689594019999276,0],[112.87904869800002,-7.1690104799999403,0],[112.87910667800008,-7.1690587959999448,0],[112.87915637500009,-7.1690864059999626,0],[112.87924058400006,-7.1691361029999712,0],[112.87928337900007,-7.1691664729999616,0],[112.87931651000008,-7.1691899409999564,0],[112.87939381700005,-7.1692230729999551,0],[112.87942004600006,-7.1692493019999688,0],[112.87939105600003,-7.169282432999978,0],[112.87935792400003,-7.1693625009999664,0],[112.87935654400007,-7.1693763049999575,0],[112.87936068500005,-7.1693928709999568,0],[112.87940348000006,-7.1694301439999322,0],[112.87945593800009,-7.1694660359999602,0],[112.87955119100002,-7.1695309189999534,0],[112.87961331200006,-7.169580615999962,0],[112.87970304300006,-7.169660682999961,0],[112.87976240400008,-7.1697020979999593,0],[112.87982038400003,-7.1697683599999777,0],[112.87990045100003,-7.169829100999948,0],[112.87994462600011,-7.1698746569999798,0],[112.87999018200003,-7.1699077879999322,0],[112.88005644500004,-7.1699740509999401,0],[112.88007301000005,-7.1700030409999727,0],[112.88012684900002,-7.1700389329999439,0],[112.88016412200011,-7.1700320309999483,0],[112.88022072100011,-7.1700389329999439,0],[112.88027870100007,-7.1700596409999662,0],[112.88033392000011,-7.1700955329999374,0],[112.88040984600002,-7.1701410889999693,0],[112.88046230400005,-7.1701673179999261,0],[112.88051338200012,-7.1702142539999727,0],[112.88058792800007,-7.1703012239999566,0],[112.88061277600002,-7.1703384959999426,0],[112.88064866900004,-7.1703881939999405,0],[112.88066799500007,-7.1704254659999265,0],[112.88068456100007,-7.1704475539999635,0],[112.88070940900002,-7.1704627389999587,0],[112.88076048700009,-7.170479304999958,0],[112.88082536900004,-7.1704889679999724,0],[112.88087782700006,-7.1705082949999337,0],[112.8809164810001,-7.1705165779999334,0],[112.8809896460001,-7.1705207189999669,0],[112.88102691900008,-7.1705179579999481,0],[112.88109180100003,-7.1705027729999529,0],[112.88112769300005,-7.1704931099999385,0],[112.88118004500006,-7.1704886729999657,0],[112.88120914100011,-7.1704862069999535,0],[112.88126159900003,-7.1704710219999583,0],[112.88131543800012,-7.1704406519999679,0],[112.88136789600003,-7.1704213249999498,0],[112.88141069100004,-7.1704033789999357,0],[112.8814824750001,-7.1703605839999796,0],[112.88150732400004,-7.1703426379999655,0],[112.88155288000007,-7.1703329749999511,0],[112.88158739100004,-7.1703343549999659,0],[112.88162466400001,-7.1703509209999652,0],[112.88165365400005,-7.1703674859999751,0],[112.88167298100007,-7.1704089009999734,0],[112.88168264400008,-7.1704585979999251,0],[112.88169644900006,-7.1704889679999724,0],[112.88170473200012,-7.1705414259999429,0],[112.88171025400004,-7.1705814599999371,0],[112.88173924400007,-7.170647722999945,0],[112.88174752700002,-7.1706656689999591,0],[112.88182483300011,-7.1706780929999354,0],[112.88185796500011,-7.1706794739999395,0],[112.88190214000008,-7.1706822349999584,0],[112.88193389100002,-7.1706946589999347,0],[112.88196840300009,-7.1707250289999251,0],[112.88205675300003,-7.1707940529999519,0],[112.88207055800001,-7.1707968139999707,0],[112.88212163500009,-7.1708202819999656,0],[112.88215890800006,-7.1708299459999694,0],[112.88221136600009,-7.1708409889999416,0],[112.88226244400005,-7.1708506529999454,0],[112.88229143400008,-7.1708589359999451,0],[112.88233698900001,-7.1708824039999399,0],[112.88237702300012,-7.1709058719999348,0],[112.88242257900004,-7.1709348619999673,0],[112.88245847100006,-7.1709597099999769,0],[112.88250540700005,-7.1709928419999756,0],[112.88252611400003,-7.1710080269999708,0],[112.88261446500007,-7.1711018989999502,0],[112.88266416200008,-7.1711281279999639,0],[112.88272490300005,-7.1711460739999779,0],[112.8827704580001,-7.1711654009999393,0],[112.88284362400009,-7.1711778249999725,0],[112.88290574500002,-7.1711833469999533,0],[112.88295682300009,-7.1711874889999763,0],[112.88301480300004,-7.1711736839999389,0],[112.88303136800005,-7.1711502159999441,0],[112.88306864100002,-7.1711336499999447,0],[112.88312109900005,-7.1711488349999399,0],[112.88313076200006,-7.1711543569999776,0],[112.88315147000003,-7.1711681619999581,0],[112.88319840600002,-7.1711971519999338,0],[112.88322463500003,-7.1712081959999523,0],[112.88326466800004,-7.1712316639999472,0],[112.88330884400011,-7.1712537509999379,0],[112.88335716000006,-7.1712744579999708,0],[112.88339167200002,-7.1712951659999362,0],[112.88344689100006,-7.1713338189999263,0],[112.88346345700006,-7.1713628089999588,0],[112.88346759800004,-7.17139870099993,0],[112.88349658800007,-7.1714180279999482,0],[112.88353800300001,-7.1714221689999249,0],[112.88357665600006,-7.1714290719999667,0],[112.88361669000005,-7.1714456369999766,0],[112.88367052800004,-7.1714815299999373,0],[112.88374093200002,-7.1715353679999794,0],[112.88375887900008,-7.171546411999941,0],[112.88376992200006,-7.1715519339999787,0],[112.88380029300004,-7.1715698799999359,0],[112.88382238000008,-7.1715767819999314,0],[112.88387069700002,-7.1716016309999304,0],[112.88388726300002,-7.1716112939999448,0],[112.88394248200007,-7.1716430449999393,0],[112.88398941800006,-7.171669273999953,0],[112.8840446370001,-7.1716858399999523,0],[112.88411366100001,-7.1716968839999709,0],[112.88418268400005,-7.1717341569999462,0],[112.8842379030001,-7.1717755709999551,0],[112.88429174200007,-7.1718211269999301,0],[112.88433453700009,-7.1718804869999531,0],[112.88438285300003,-7.1719715979999705,0],[112.88439389700011,-7.1719798809999702,0],[112.88440908200005,-7.1720033489999651,0],[112.88445049600011,-7.1720502849999548,0],[112.88446706200011,-7.1720765139999685,0],[112.88449467200007,-7.1721206899999288,0],[112.88452918400003,-7.1721427769999764,0],[112.88458440300008,-7.172151059999976,0],[112.8846202950001,-7.1721400159999575,0],[112.88467689400011,-7.172126210999977,0],[112.88470864500005,-7.172126210999977,0],[112.88478871300003,-7.1721441579999805,0],[112.88483426800008,-7.1721579619999716,0],[112.88489224800003,-7.1721924739999281,0],[112.8849198580001,-7.1721993769999699,0],[112.88496955500011,-7.1722173229999271,0],[112.88499440400005,-7.1722283669999456,0],[112.88501787200005,-7.1722573569999781,0],[112.88501511100003,-7.1722711609999692,0],[112.88499716500007,-7.1722904879999305,0],[112.88500682800009,-7.1723291409999774,0],[112.8850330570001,-7.1723484679999387,0],[112.88506204700002,-7.1723650339999381,0],[112.8851131240001,-7.172406447999947,0],[112.8851296900001,-7.1724174919999655,0],[112.88516696300007,-7.1724340569999754,0],[112.88520147500003,-7.1724602859999322,0],[112.88522908400012,-7.1724768519999316,0],[112.88524841100002,-7.1724740909999696,0],[112.88530777100004,-7.1724740909999696,0],[112.8853160540001,-7.1724727109999549,0],[112.88535470800002,-7.1724961789999497,0],[112.88535746800005,-7.1725017009999306,0],[112.88536851200001,-7.1725569199999768,0],[112.88538783900003,-7.1725776269999528,0],[112.88539612200009,-7.1725872899999672,0],[112.8854126870001,-7.1726273239999614,0],[112.88544858000012,-7.172652171999971,0],[112.88544996000007,-7.172654932999933,0],[112.8854623850001,-7.1726576939999518,0],[112.88548171100001,-7.1726576939999518,0],[112.88549827700001,-7.1726576939999518,0],[112.88553002800006,-7.172652171999971,0],[112.88556177900011,-7.1726480309999374,0],[112.88560181300011,-7.1726480309999374,0],[112.88563770500002,-7.172654932999933,0],[112.8856487490001,-7.1726604549999706,0],[112.88566255300009,-7.1726949669999271,0],[112.88566255300009,-7.172722576999945,0],[112.88565151000012,-7.1727543279999395,0],[112.88563356300006,-7.1727874589999487,0],[112.88561423700003,-7.1728109269999436,0],[112.88558110500003,-7.1728647659999751,0],[112.88557696400005,-7.1729103209999607,0],[112.8856087150001,-7.1729379309999786,0],[112.88565565100009,-7.1729655399999501,0],[112.88570810900001,-7.1729917689999638,0],[112.88572329400006,-7.173013856999944,0],[112.88575366500004,-7.1730538909999382,0],[112.88585364200003,-7.1731436459999713,0],[112.88586272200007,-7.1731415509999579,0],[112.88589930500007,-7.1731256749999375,0],[112.88592691400004,-7.173118082999963,0],[112.88596556800007,-7.1731284359999563,0],[112.8860014600001,-7.1731463819999703,0],[112.88601940600006,-7.1731684699999505,0],[112.88604287400005,-7.173200220999945,0],[112.88606910300007,-7.1732236889999399,0],[112.88609533200008,-7.173240944999975,0],[112.88612087100012,-7.173261651999951,0],[112.88614659600012,-7.1733106349999503,0],[112.88615745400011,-7.173309278999966,0],[112.88618368300001,-7.1733065179999471,0],[112.88620991200003,-7.1733009959999663,0],[112.88624718500012,-7.17326234199993,0],[112.88626789200009,-7.1732374939999772,0],[112.88629826200008,-7.1732278299999734,0],[112.88632863300006,-7.1732305909999354,0],[112.88634657900002,-7.1732499179999536,0],[112.88636176400007,-7.173287190999929,0],[112.88636452500009,-7.1733410289999711,0],[112.88638661300001,-7.1733921069999269,0],[112.8864142220001,-7.1734238579999783,0],[112.88643907100004,-7.1734307599999738,0],[112.88646944100003,-7.1734597499999495,0],[112.88648048500011,-7.1734845989999485,0],[112.88648757900012,-7.1735006629999702,0],[112.8865274210001,-7.1735908949999612,0],[112.88653294300002,-7.1735950369999273,0],[112.88654950900002,-7.1736254069999745,0],[112.88658125900008,-7.1736723429999643,0],[112.8866005860001,-7.1736778649999451,0],[112.88665718600009,-7.1736916699999256,0],[112.88671240500003,-7.1737068549999776,0],[112.88675381900009,-7.1737372259999574,0],[112.88678557000003,-7.173768976999952,0],[112.88681594000002,-7.1737993469999424,0],[112.88683940800001,-7.1738103909999609,0],[112.88687115900007,-7.1738007279999465,0],[112.88692499800004,-7.1737744989999328,0],[112.88698749100001,-7.173779260999936,0],[112.8870064460001,-7.1737772599999516,0],[112.88703957700011,-7.1737772599999516,0],[112.88706028400009,-7.1738021079999612,0],[112.8870630450001,-7.1738241959999414,0],[112.88705062100007,-7.1738656099999503,0],[112.88706856700003,-7.1739070239999592,0],[112.88709755700006,-7.173955340999953,0],[112.88710445900006,-7.1739746669999249,0],[112.88710998100009,-7.1739926139999284,0],[112.88713897100001,-7.1740285059999565,0],[112.88715139600004,-7.1740478329999746,0],[112.88717072200006,-7.1740933879999602,0],[112.88717762500005,-7.1741320419999397,0],[112.88718866800002,-7.1741637919999448,0],[112.8872093760001,-7.1741817389999483,0],[112.88725493100003,-7.1742121089999387,0],[112.88729358500007,-7.174246620999952,0],[112.88732947700009,-7.1743004599999267,0],[112.88736675000007,-7.1743501569999353,0],[112.88742473000002,-7.1744205609999767,0],[112.88744129500003,-7.1744716379999431,0],[112.88747304600008,-7.1745392819999552,0],[112.88750203600011,-7.1745917399999257,0],[112.88752274300009,-7.1746414369999343,0],[112.88754483100001,-7.1747021779999613,0],[112.88756968000007,-7.1747532549999278,0],[112.88764974700007,-7.1748347029999309,0],[112.88773608200006,-7.1748830779999366,0],[112.88779082300005,-7.1748830779999366,0],[112.88786460400001,-7.1749141789999271,0],[112.88787075100004,-7.1749180409999553,0],[112.88799348500004,-7.1748561009999321,0],[112.88800314900004,-7.1748643839999318,0],[112.88800867100008,-7.1748740469999461,0],[112.88802247500007,-7.1749057979999407,0],[112.88804732400001,-7.1749458319999349,0],[112.88807079200001,-7.1749913869999773,0],[112.8880914990001,-7.1750300399999674,0],[112.88811082600012,-7.175041083999929,0],[112.88812186900009,-7.1750424649999331,0],[112.88817984900004,-7.1750507479999328,0],[112.88818261000006,-7.1750548889999664,0],[112.88819641500004,-7.175081807999959,0],[112.88819365400002,-7.1751101079999557,0],[112.88818261000006,-7.1751321959999359,0],[112.88816478000001,-7.1751609999999459,0],[112.8881646640001,-7.1751611859999684,0],[112.88814533800007,-7.175206740999954,0],[112.88815085900001,-7.1752150239999537,0],[112.88818261000006,-7.1752371119999339,0],[112.88819417100001,-7.1752305059999344,0],[112.88820193700008,-7.1752260679999722,0],[112.88824059000001,-7.1752122629999349,0],[112.88826820000008,-7.1752233069999534,0],[112.88827924400005,-7.1752440139999294,0],[112.88828752600011,-7.1752661019999664,0],[112.88830056600011,-7.1753336719999652,0],[112.88830133100009,-7.1753447889999507,0],[112.88831375600012,-7.1753641149999794,0],[112.88835655000003,-7.1753723979999791,0],[112.88835889200004,-7.1753726569999685,0],[112.88840624700003,-7.1753779199999599,0],[112.88849597800004,-7.1753958659999739,0],[112.88853463100008,-7.1753958659999739,0],[112.88860779700008,-7.1754041489999736,0],[112.88867958100002,-7.1754400419999342,0],[112.88873203900005,-7.1754648899999438,0],[112.88879278000002,-7.175502162999976,0],[112.88887422800008,-7.1755546209999466,0],[112.88891012100009,-7.1755905129999746,0],[112.88897638300011,-7.1756719609999777,0],[112.88900123200006,-7.1757064729999342,0],[112.88903022200009,-7.1757713559999274,0],[112.88906611400012,-7.1758169109999699,0],[112.88912823600003,-7.1758679889999257,0],[112.88926791100005,-7.1759843199999409,0],[112.88932564400011,-7.1760295039999278,0],[112.88936567700011,-7.1760660869999811,0],[112.8894491960001,-7.1761578889999669,0],[112.88950745700004,-7.1761221629999454,0],[112.88952857300001,-7.1761102619999519,0],[112.88955261300009,-7.1761645599999611,0],[112.88957689000006,-7.1762427879999677,0],[112.88960380900005,-7.1762904139999364,0],[112.88962244600009,-7.1763138819999313,0],[112.88964591400008,-7.176339420999966,0],[112.88967007200006,-7.1763532259999465,0],[112.8897021680001,-7.1763797999999497,0],[112.88967179800011,-7.1763894629999641,0],[112.88966075400003,-7.176392223999926,0],[112.88960829600001,-7.1764253559999815,0],[112.88956826200001,-7.1764543449999678,0],[112.88953375000006,-7.1764571059999298,0],[112.88951304300008,-7.1764584869999339,0],[112.88946196600011,-7.1764695309999524,0],[112.88943159500002,-7.1764985209999281,0],[112.8894026050001,-7.1765206079999757,0],[112.88938742000005,-7.1765523589999702,0],[112.88938880000001,-7.176562022999974,0],[112.88939984400008,-7.1765882519999309,0],[112.88940674700007,-7.1766075779999596,0],[112.8893957030001,-7.1766186219999781,0],[112.88938189800001,-7.1766310459999545,0],[112.88936947400009,-7.1766586559999723,0],[112.88934738600005,-7.1767014509999285,0],[112.88936533200001,-7.1767608109999514,0],[112.88937913700011,-7.1767746159999319,0],[112.88941088800004,-7.1767898009999271,0],[112.88944954100009,-7.1768077469999412,0],[112.88949647700008,-7.1768132689999788,0],[112.88952684800006,-7.1768008449999456,0],[112.88955307700007,-7.1768022249999603,0],[112.8895889690001,-7.1768367369999737,0],[112.88958206700011,-7.1768463999999312,0],[112.88956688200005,-7.1768629659999306,0],[112.88956136000002,-7.1768919559999631,0],[112.88957516400001,-7.1769002389999628,0],[112.88958620800008,-7.1769568379999669,0],[112.88960001300006,-7.1769775449999429,0],[112.88961795900002,-7.1769968719999611,0],[112.88963452500002,-7.1770244819999789,0],[112.88964004700006,-7.1770866029999638,0],[112.88964142700002,-7.1771183539999583,0],[112.88965109100002,-7.1771487239999487,0],[112.889688363,-7.1771556269999337,0],[112.88970354900005,-7.1771459629999299,0],[112.88972977800006,-7.1771128319999775,0],[112.88973288400007,-7.1770986819999507,0],[112.88973150300001,-7.1770900539999616,0],[112.88973426400003,-7.177083841999945,0],[112.88973702500004,-7.1770779749999747,0],[112.88974013100005,-7.1770772849999389,0],[112.88975048500004,-7.1770700369999645,0],[112.88975738700003,-7.1770596839999712,0],[112.88976636000007,-7.177041046999932,0],[112.8897718820001,-7.1770341449999364,0],[112.88979742100003,-7.1770231009999748,0],[112.8898084650001,-7.1770189599999412,0],[112.88981605700008,-7.1770189599999412,0],[112.88982157900011,-7.1770217209999601,0],[112.88982088900002,-7.1770320739999534,0],[112.88981467700012,-7.1770465689999696,0],[112.88980363300004,-7.1770583029999671,0],[112.88979086400002,-7.1770648609999625,0],[112.88978603200007,-7.1770683119999603,0],[112.88977774900002,-7.17707659499996,0],[112.88977498800011,-7.1770879829999785,0],[112.88978016500005,-7.1770938509999382,0],[112.8897918990001,-7.1771073099999398,0],[112.88979466000001,-7.1771611489999714,0],[112.88981122600001,-7.1772136069999419,0],[112.88984159600011,-7.1772370749999368,0],[112.88988301000006,-7.1772356939999327,0],[112.88990647800006,-7.1772301719999518,0],[112.88995203400009,-7.1772218899999416,0],[112.8899616970001,-7.1772246509999604,0],[112.88997205100009,-7.1772322429999349,0],[112.88997757300001,-7.1772377649999726,0],[112.88998447500001,-7.1772564009999655,0],[112.88997412200001,-7.1772619229999464,0],[112.88995203400009,-7.1772646839999652,0],[112.88992028300004,-7.1772646839999652,0],[112.88989267400007,-7.177277108999931,0],[112.88987610800007,-7.1773116199999549,0],[112.88986782500001,-7.1773599369999488,0],[112.88988301000006,-7.1773820249999289,0],[112.88991890300008,-7.1774041119999765,0],[112.88995755600001,-7.1774041119999765,0],[112.8900348630001,-7.1773903069999392,0],[112.89008317900004,-7.1773916879999433,0],[112.89014668100003,-7.1774013509999577,0],[112.89019085600012,-7.1774220579999337,0],[112.89027092400011,-7.1774275799999714,0],[112.89033718700011,-7.1773916879999433,0],[112.89043174900007,-7.1773060989999635,0],[112.89049456100008,-7.1773557959999721,0],[112.89041863500006,-7.1774765869999442,0],[112.8904241570001,-7.1774848699999438,0],[112.89044279300003,-7.1774966039999413,0],[112.89046350000001,-7.1775131699999406,0],[112.89048489700008,-7.177543539999931,0],[112.8904973220001,-7.1775739109999677,0],[112.89051043600011,-7.1775897859999418,0],[112.89052907300004,-7.1776187759999743,0],[112.89053597500003,-7.177629819999936,0],[112.89055323100001,-7.1776532879999309,0],[112.89058015000001,-7.177645694999967,0],[112.8905808400001,-7.1776180859999386,0],[112.89056772600009,-7.1775835739999252,0],[112.8905739380001,-7.1775587249999262,0],[112.89058360100012,-7.1775449209999351,0],[112.89060292800002,-7.1775359479999565,0],[112.89061880400004,-7.1775331869999377,0],[112.89063675000011,-7.1775421599999731,0],[112.89065400600009,-7.1775635569999281,0],[112.89066850100005,-7.1775780519999444,0],[112.89069265900002,-7.177584263999961,0],[112.89070922500002,-7.177565627999968,0],[112.89071543700004,-7.177540778999969,0],[112.89071957800002,-7.1775110989999575,0],[112.89073407300009,-7.177500054999939,0],[112.89074925800003,-7.1774786579999272,0],[112.8907837700001,-7.1774393139999688,0],[112.89080602100012,-7.1773925299999632,0],[112.89088707000008,-7.1774539169999798,0],[112.89085072300009,-7.177504196999962,0],[112.89087281100001,-7.177522832999955,0],[112.89095633000011,-7.1775925469999606,0],[112.89096737300008,-7.1776063519999411,0],[112.89095494900005,-7.1776167049999344,0],[112.89093424200007,-7.1776263689999382,0],[112.89091284500012,-7.1776470759999711,0],[112.89090111100006,-7.1776629509999452,0],[112.89089420800008,-7.1776760659999468,0],[112.89088592500002,-7.1777057459999583,0],[112.89088523500004,-7.1777181699999346,0],[112.8908700500001,-7.1777437089999694,0],[112.89085900600003,-7.1777623449999624,0],[112.89086176700005,-7.1777947869999252,0],[112.89087764300007,-7.1778120429999603,0],[112.89090180100004,-7.1778375809999488,0],[112.89092181800004,-7.1778555279999523,0],[112.89094114400007,-7.1778707129999475,0],[112.89096047100008,-7.1778700229999686,0],[112.89098117800006,-7.1778769249999641,0],[112.89100050500008,-7.1778941809999424,0],[112.89101016800009,-7.177902463999942,0],[112.89102397300007,-7.1779114369999775,0],[112.89104951200011,-7.1779162679999331,0],[112.8910729800001,-7.1779093659999376,0],[112.89110818200004,-7.1778831369999807,0],[112.89113026900009,-7.1778589789999501,0],[112.89114890600001,-7.177838961999953,0],[112.89116133000005,-7.1778223959999536,0],[112.89118755900006,-7.1777899549999802,0],[112.89120826600004,-7.1777485409999713,0],[112.89125589300011,-7.1777740799999492,0],[112.89122414200006,-7.1778244669999367,0],[112.89146710500006,-7.1779590629999461,0],[112.89150782900003,-7.1778948709999781,0],[112.89154924400009,-7.177921099999935,0],[112.89153129700003,-7.177964584999927,0],[112.89160653300007,-7.1779942649999384,0],[112.89157202100012,-7.1781005619999405,0],[112.89184328500005,-7.178173036999965,0],[112.89189824800008,-7.1779752069999745,0],[112.89190747700002,-7.1779818409999621,0],[112.89191368900003,-7.1779859819999388,0],[112.89193784700001,-7.1779942649999384,0],[112.89194889100008,-7.1779963359999783,0],[112.89197097900001,-7.1779887429999576,0],[112.89198271300006,-7.1779742479999413,0],[112.89201101200001,-7.1779521609999506,0],[112.89206071000001,-7.1779611339999292,0],[112.89207106300012,-7.1779238609999538,0],[112.89218564300006,-7.177939045999949,0],[112.89226190600004,-7.1779568059999406,0],[112.89224293200004,-7.1779839119999451,0],[112.89220842000009,-7.1779990969999403,0],[112.8921780500001,-7.1780156629999397,0],[112.8921614840001,-7.1780170429999544,0],[112.89210488500009,-7.1780184239999585,0],[112.8920814170001,-7.1780170429999544,0],[112.89203448100011,-7.1780405109999492,0],[112.89200273000006,-7.1780681209999671,0],[112.89199582700007,-7.1780888279999431,0],[112.89197926200006,-7.1781592319999277,0],[112.89197926200006,-7.1781744169999797,0],[112.8919916860001,-7.1782254949999356,0],[112.89200411000002,-7.1782696699999633,0],[112.89203172000009,-7.1782945189999623,0],[112.89208279700006,-7.1783083229999534,0],[112.89214491900009,-7.1783138449999342,0],[112.8921780500001,-7.1783055619999345,0],[112.89221532300007,-7.178298659999939,0],[112.89225259600005,-7.178295898999977,0],[112.89228848800008,-7.1782917579999435,0],[112.89230229300006,-7.1782793329999777,0],[112.89232300000003,-7.1782669089999445,0],[112.89234370700001,-7.1782682899999486,0],[112.892350609,-7.1782820939999397,0],[112.89234370700001,-7.178295898999977,0],[112.89234370700001,-7.178400814999975,0],[112.89235199000007,-7.1784118589999366,0],[112.8923644140001,-7.1784256639999739,0],[112.89240306700003,-7.1784311859999548,0],[112.89244034000001,-7.178421521999951,0],[112.89246933000004,-7.1783994349999602,0],[112.89249555900005,-7.1783594009999661,0],[112.89251626600003,-7.1783331719999524,0],[112.8925342120001,-7.1782889969999815,0],[112.89255215900005,-7.1782586259999448,0],[112.89259081200009,-7.1782406799999308,0],[112.89263498700006,-7.1782503429999451,0],[112.89262808500007,-7.1782586259999448,0],[112.89261151900007,-7.1782889969999815,0],[112.89259357300011,-7.1783248889999527,0],[112.89256458300008,-7.1783980539999561,0],[112.89254111500009,-7.178439467999965,0],[112.89253835400007,-7.1784546539999496,0],[112.89257286600002,-7.178467077999926,0],[112.89261566000005,-7.1784560339999643,0],[112.8926474110001,-7.1784229029999551,0],[112.89267778200008,-7.1783966739999414,0],[112.89271643500001,-7.1783952929999373,0],[112.89274128400007,-7.1784021959999791,0],[112.89276475200006,-7.1784311859999548,0],[112.89276337100011,-7.1784436099999311,0],[112.89277579600002,-7.1784725999999637,0],[112.89279650300011,-7.1784808829999633,0],[112.8928268730001,-7.1784712189999595,0],[112.8928434390001,-7.1784298049999506,0],[112.89285724400008,-7.1784201419999363,0],[112.8928834730001,-7.1784284249999359,0],[112.8929235060001,-7.1784284249999359,0],[112.89295525700004,-7.1784353269999315,0],[112.89297182300004,-7.1784546539999496,0],[112.89298424700007,-7.1784712189999595,0],[112.89303256400001,-7.17848502399994,0],[112.89306707600008,-7.1784684579999407,0],[112.89309192400003,-7.178442228999927,0],[112.89310572900001,-7.1783214379999549,0],[112.89310545700005,-7.1782533349999653,0],[112.89310503900003,-7.1781516389999638,0],[112.89309951700011,-7.1780777839999814,0],[112.89310711000007,-7.1780446529999722,0],[112.89324032500008,-7.1780632889999652,0],[112.89323687400008,-7.1781288619999373,0],[112.89322652100009,-7.178150948999928,0],[112.89321478700003,-7.1781709659999251,0],[112.89320650400009,-7.1781978849999746,0],[112.89321064500007,-7.1782268749999503,0],[112.8932327330001,-7.1782496529999662,0],[112.89322840200009,-7.1782899889999499,0],[112.89322721100007,-7.1783014209999578,0],[112.89320719400007,-7.1783193669999719,0],[112.89319822100003,-7.1783317909999482,0],[112.89319753100006,-7.1783538789999284,0],[112.89319960100011,-7.1783635419999428,0],[112.89320995500009,-7.1783787279999274,0],[112.89321202600001,-7.1784063369999558,0],[112.89320512300003,-7.1784291149999717,0],[112.89319407900007,-7.1784518929999308,0],[112.89320167200003,-7.1784760509999614,0],[112.89323135200004,-7.178489165999963,0],[112.89326034200008,-7.178482262999978,0],[112.89329071300006,-7.1784760509999614,0],[112.89332384400007,-7.1784691489999659,0],[112.89335904600011,-7.1784491319999688,0],[112.89337285100009,-7.178423592999934,0],[112.89339493900002,-7.1784166909999385,0],[112.89341426500005,-7.1784222129999762,0],[112.89343221100012,-7.1784408489999691,0],[112.89345360900006,-7.1784663879999471,0],[112.89347638700008,-7.178482262999978,0],[112.89347500600002,-7.1785436939999272,0],[112.89367241400009,-7.1785657819999642,0],[112.89367655500007,-7.1784249729999487,0],[112.89388362700004,-7.1784222129999762,0],[112.89388914900007,-7.1783297209999546,0],[112.89403271800006,-7.1783221279999339,0],[112.89422874500008,-7.1783400739999479,0],[112.89422874500008,-7.1782830269999636,0],[112.89422874500008,-7.1782337779999352,0],[112.8942411700001,-7.1782061679999742,0],[112.89429086700011,-7.178175797999927,0],[112.89438059800011,-7.1781399049999663,0],[112.89440312000011,-7.178129275999936,0],[112.89450346000001,-7.1780819249999581,0],[112.89492667500008,-7.1780838909999716,0],[112.89492174400004,-7.1781233399999564,0],[112.89494245100002,-7.1781316229999561,0],[112.89490241700003,-7.1786976169999548,0],[112.89491760200008,-7.1787017589999778,0],[112.89496730000008,-7.1781191979999335,0],[112.89498386500009,-7.1781164369999715,0],[112.89498650700011,-7.1780891379999616,0],[112.89498800700005,-7.1780736429999479,0],[112.89505703000009,-7.1780777839999814,0],[112.89516746800007,-7.1780805449999434,0],[112.89520336100009,-7.1781081539999718,0],[112.89519507800003,-7.1782289459999333,0],[112.8952534980001,-7.1782421999999428,0],[112.89527721600007,-7.1782475819999263,0],[112.89527617700003,-7.1782531239999798,0],[112.89524615500011,-7.1784132389999513,0],[112.89537039800007,-7.1784470609999289,0],[112.89536142500003,-7.1784719099999279,0],[112.89534762000005,-7.1785119429999327,0],[112.89533381600006,-7.1785216069999365,0],[112.89532829400002,-7.1785243679999553,0],[112.89531172800002,-7.1785436939999272,0],[112.89531172800002,-7.1785671619999789,0],[112.89532001100008,-7.1785892499999591,0],[112.89533657700008,-7.1786099569999351,0],[112.89535452300004,-7.1786182399999348,0],[112.89536970800009,-7.178630663999968,0],[112.89536970800009,-7.1786499909999293,0],[112.89535866400001,-7.1786900249999803,0],[112.89533381600006,-7.1787121119999711,0],[112.89530206500001,-7.1787176339999519,0],[112.89527859700001,-7.178714872999933,0],[112.89526755300005,-7.1787231559999327,0],[112.89525927000011,-7.1787438629999656,0],[112.89528411900005,-7.1787742339999454,0],[112.89532415200006,-7.1788046039999358,0],[112.89535728400006,-7.1788391159999492,0],[112.89538489300003,-7.1788584429999673,0],[112.89543459000004,-7.1788612039999293,0],[112.89551465800002,-7.1788473989999488,0],[112.89556987700007,-7.1788432569999259,0],[112.89563061800004,-7.1788529209999297,0],[112.89567065100005,-7.1788763889999814,0],[112.89572725100004,-7.1789109009999379,0],[112.8957852310001,-7.1789233249999711,0],[112.89582112300002,-7.178887432999943,0],[112.89584873300009,-7.178837734999945,0],[112.89587220100009,-7.1787907989999553,0],[112.89588738600003,-7.17875352599998,0],[112.89585977700006,-7.1786955469999612,0],[112.89591775600002,-7.1785671619999789,0],[112.89598263900007,-7.1785851089999255,0],[112.89601991200004,-7.1785671619999789,0],[112.89631272800011,-7.1787086249999561,0],[112.89634432300011,-7.1786983069999337,0],[112.8964133610001,-7.1787354029999619,0],[112.89643681500002,-7.1787480049999317,0],[112.89646304400003,-7.1787728529999413,0],[112.89646304400003,-7.178778374999979,0],[112.89645614200003,-7.1787949409999783,0],[112.89644233700005,-7.1788087449999693,0],[112.89642577100005,-7.178817027999969,0],[112.89637883500006,-7.1788018429999738,0],[112.89634294300004,-7.178817027999969,0],[112.8962946260001,-7.1788391159999492,0],[112.89624492900009,-7.1788694859999396,0],[112.8962145590001,-7.1789012369999341,0],[112.89619109100011,-7.178946792999966,0],[112.89617728600001,-7.178992348999941,0],[112.89616900300007,-7.1790296209999269,0],[112.89618833000009,-7.1790737969999441,0],[112.89621732000001,-7.1791055479999386,0],[112.89625045100001,-7.1791234939999526,0],[112.89630428900011,-7.1791428199999814,0],[112.89634570400005,-7.1791345379999711,0],[112.89641334700002,-7.179135917999929,0],[112.89648513200007,-7.1791400589999625,0],[112.89655691600001,-7.1791497229999663,0],[112.89659280900003,-7.1791552449999472,0],[112.89664664700001,-7.1792270289999465,0],[112.89668944200002,-7.179258779999941,0],[112.89675570500003,-7.1793153799999345,0],[112.89680816300006,-7.1793360869999674,0],[112.89687856700004,-7.1793526529999667,0],[112.89695725400009,-7.1793347059999633,0],[112.89703041900009,-7.1792932919999544,0],[112.89708425800006,-7.1792601609999451,0],[112.89713671600009,-7.1792242679999276,0],[112.89717536900002,-7.1791938979999372,0],[112.89721126100005,-7.1791442009999287,0],[112.89723749100006,-7.1790517089999639,0],[112.89735255100004,-7.1790717199999676,0],[112.89736449400004,-7.1790737969999441,0],[112.89720518500008,-7.1794452129999513,0],[112.8975425750001,-7.1795652459999815,0],[112.89796776200001,-7.1796736129999772,0],[112.89806646600005,-7.1793540329999814,0],[112.89809614600006,-7.1793581739999581,0],[112.89813272900005,-7.1793512719999626,0],[112.8981548160001,-7.1793505819999268,0],[112.8981948500001,-7.1793443699999671,0],[112.89822038900002,-7.1793353969999316,0],[112.89823488400009,-7.1793257329999278,0],[112.89824523700008,-7.1793008849999751,0],[112.89824592700006,-7.1792670629999407,0],[112.89827841600004,-7.1792617229999678,0],[112.89842052200004,-7.179307668999968,0],[112.89840675300002,-7.1793512719999626,0],[112.89844057400001,-7.1793616259999453,0],[112.89841089400011,-7.1794320299999299,0],[112.89852661900011,-7.1794887689999314,0],[112.89853720800011,-7.1794941509999717,0],[112.89849786400009,-7.1795514409999441,0],[112.89872426200009,-7.1796522159999654,0],[112.89873685200007,-7.1796899849999249,0],[112.89893099400001,-7.1797992359999512,0],[112.89898517200004,-7.179783360999977,0],[112.89909561000002,-7.1798261549999438,0],[112.89927507200002,-7.179888276999975,0],[112.89930387700008,-7.1798429089999445,0],[112.89933029100007,-7.1798013069999342,0],[112.89934928000002,-7.1798089299999788,0],[112.8994953670001,-7.1798675779999712,0],[112.89951941600009,-7.1798772329999565,0],[112.89951555200003,-7.1799449529999606,0],[112.89958015600007,-7.179968343999974,0],[112.89956309900003,-7.180007656999976,0],[112.89954840600001,-7.1800608359999387,0],[112.89981315600005,-7.1801071279999746,0],[112.89991561200009,-7.1801284799999507,0],[112.89993079700002,-7.1800843039999336,0],[112.89994460200001,-7.1800746409999761,0],[112.89997911400008,-7.1800649779999617,0],[112.90005227900008,-7.1800553139999579,0],[112.90028557900007,-7.1801119139999514,0],[112.90028143800009,-7.1801326209999274,0],[112.90055201100006,-7.1802264929999637,0],[112.90052716200012,-7.1803258869999809,0],[112.90060723000011,-7.1803521159999377,0],[112.90063483900008,-7.1802168299999494,0],[112.90075356000011,-7.1802237319999449,0],[112.90074665800012,-7.1802775709999764,0],[112.90085295400002,-7.1803217459999473,0],[112.90092612000001,-7.1802099279999538,0],[112.90113871300002,-7.1802389169999401,0],[112.90117046400007,-7.1801892199999315,0],[112.90124786700005,-7.1802004669999633,0],[112.9012298240001,-7.1802485809999439,0],[112.90140514400002,-7.180284472999972,0],[112.90156527900001,-7.1802803319999384,0],[112.90170056600005,-7.1802941359999295,0],[112.90175440400003,-7.1802982779999525,0],[112.90181790600002,-7.1803107019999288,0],[112.90188969100006,-7.1803341699999805,0],[112.90202852400012,-7.1804069599999707,0],[112.90202083600002,-7.1804556519999778,0],[112.9021096030001,-7.1804742939999642,0],[112.90210228400008,-7.1806157869999652,0],[112.90234800900009,-7.1806627229999549,0],[112.90235954700006,-7.1805884859999765,0],[112.90236871600007,-7.1805481439999426,0],[112.90246949000004,-7.1805619489999799,0],[112.90247125400003,-7.1805965799999285,0],[112.90247639300003,-7.1806061239999508,0],[112.90249848000008,-7.1806226899999501,0],[112.90254817800007,-7.1806572009999741,0],[112.90261167900007,-7.1806696259999399,0],[112.90265861600005,-7.1806723869999587,0],[112.90272349800011,-7.180664103999959,0],[112.90275801000007,-7.1806558209999594,0],[112.90282979400001,-7.1806130259999463,0],[112.90290986200012,-7.1805978409999511,0],[112.90290850600002,-7.1805640899999617,0],[112.90291124200007,-7.180495685999972,0],[112.90296094000007,-7.1804846419999535,0],[112.9029702250001,-7.1805503329999283,0],[112.90297060300009,-7.1805529759999445,0],[112.90297198300004,-7.1805709219999585,0],[112.90299545100004,-7.1805902479999304,0],[112.90301063700008,-7.1805971509999722,0],[112.90303686600009,-7.1806178579999482,0],[112.90309208500003,-7.1806178579999482,0],[112.90311141100005,-7.1805888679999725,0],[112.90311969400011,-7.1805515949999403,0],[112.9031762940001,-7.1805336489999263,0],[112.9031762940001,-7.1805357199999662,0],[112.90316801100005,-7.1805488339999783,0],[112.90315903800001,-7.1805619489999799,0],[112.90314316200011,-7.1805798949999371,0],[112.90314040100009,-7.1805923189999703,0],[112.90314454300005,-7.1806171679999693,0],[112.90315420600007,-7.1806240699999648,0],[112.90318526700003,-7.1806192379999629,0],[112.90320528400002,-7.1806123359999674,0],[112.90322806100005,-7.1806219989999249,0],[112.90324393700007,-7.1806378749999453,0],[112.90325222000001,-7.1806454669999766,0],[112.90327154600004,-7.1806420159999789,0],[112.90329708500008,-7.1806344239999476,0],[112.90333159700003,-7.1806427059999578,0],[112.90336472800004,-7.1806613429999402,0],[112.90338129400004,-7.1806668649999779,0],[112.90339786000004,-7.1806634139999801,0],[112.90339924000011,-7.180639944999939,0],[112.90339371800007,-7.1806199289999313,0],[112.9033826750001,-7.1806081949999339,0],[112.90336541900001,-7.1805888679999725,0],[112.90336058700007,-7.1805557359999739,0],[112.90336748900006,-7.1805315779999432,0],[112.90337439200005,-7.1805053489999295,0],[112.90359526800012,-7.1804411569999615,0],[112.90352279300009,-7.1802078569999708,0],[112.90354142900003,-7.180198192999967,0],[112.9035559240001,-7.1801912909999714,0],[112.90361114300003,-7.1801871499999379,0],[112.90384134900012,-7.1801813019999372,0],[112.9038651510001,-7.1801816279999571,0],[112.90386769200006,-7.1802359959999649,0],[112.90387481400001,-7.1803679919999581,0],[112.90409430900002,-7.1803196749999643,0],[112.90411156500011,-7.1803514259999588,0],[112.90412468000011,-7.180366610999954,0],[112.90416057200002,-7.1803880089999552,0],[112.90419853500009,-7.1803928399999677,0],[112.90423511800009,-7.1803859379999722,0],[112.90425996600004,-7.1803721329999348,0],[112.90427653200004,-7.1803659209999751,0],[112.90429309800004,-7.1803679919999581,0],[112.90428757600012,-7.1803900799999383,0],[112.9042779130001,-7.1804114769999501,0],[112.90428412500012,-7.180430112999943,0],[112.90430483200009,-7.1804439179999804,0],[112.90432622900005,-7.1804508199999759,0],[112.9043710950001,-7.1804577229999609,0],[112.90441596000005,-7.1804660059999605,0],[112.90445323300003,-7.1804604839999797,0],[112.90448360300002,-7.180430112999943,0],[112.90450293000004,-7.180391459999953,0],[112.90453123000009,-7.1803597089999585,0],[112.90456298100003,-7.1803410729999655,0],[112.90460163400007,-7.1803224359999263,0],[112.90462786300009,-7.1803217459999473,0],[112.9046575430001,-7.1803320999999301,0],[112.90469619700002,-7.1803224359999263,0],[112.90472665700008,-7.1803044369999611,0],[112.90474175200006,-7.1802955169999336,0],[112.90472115300008,-7.1803870309999525,0],[112.90469964800002,-7.1804825709999704,0],[112.90496815000006,-7.1805357199999662,0],[112.90499921100002,-7.180541241999947,0],[112.90500404200009,-7.1804480589999571,0],[112.90500059100009,-7.1803517709999483,0],[112.90500887400003,-7.1803469399999358,0],[112.90503165200005,-7.1803379669999572,0],[112.90505443000006,-7.1803317539999512,0],[112.90506754400008,-7.1803241619999767,0],[112.90508411000008,-7.1803103569999394,0],[112.90509929500001,-7.1802827479999678,0],[112.90509998500011,-7.18025513799995,0],[112.90510412700007,-7.1802268379999532,0],[112.90510412700007,-7.1801978479999775,0],[112.90509929500001,-7.1801785219999488,0],[112.90509547700003,-7.1800987699999723,0],[112.90514171900008,-7.1800574479999568,0],[112.90514209000003,-7.1800466859999688,0],[112.9051434700001,-7.180024598999978,0],[112.90514623100012,-7.1799721409999506,0],[112.90514623100012,-7.1799348679999753,0],[112.90513932900001,-7.1799072579999574,0],[112.90511724100008,-7.1798727469999335,0],[112.90510343700009,-7.1798451369999725,0],[112.9051600360001,-7.1798216689999776,0],[112.90522906000001,-7.1798078639999403,0],[112.90523596200001,-7.1798147669999253,0],[112.90524148400004,-7.1798271909999585,0],[112.90523734300007,-7.1798478979999345,0],[112.90523182100003,-7.1798603219999677,0],[112.90520973300011,-7.1799003559999619,0],[112.90520835300003,-7.1799224439999421,0],[112.90524459000005,-7.1799655209999287,0],[112.90535880400012,-7.1799591749999649,0],[112.90544275100001,-7.1799731669999574,0],[112.9054526970001,-7.1799942279999414,0],[112.90545407700006,-7.179999749999979,0],[112.90546788200004,-7.1800384039999585,0],[112.90548582800011,-7.1800701539999636,0],[112.90551343800007,-7.1800881009999671,0],[112.90556175400002,-7.1800825789999294,0],[112.90558384200006,-7.1800660129999301,0],[112.90559764700004,-7.1800494469999308,0],[112.90562525600001,-7.180024598999978,0],[112.90567923800006,-7.180013110999937,0],[112.90576489900002,-7.1800892529999487,0],[112.90580151800009,-7.1801624909999759,0],[112.90580609800008,-7.1801654069999472,0],[112.9058323270001,-7.1801764509999657,0],[112.90586131700002,-7.1802012999999647,0],[112.90587098100002,-7.1802220069999407,0],[112.90587236100009,-7.1802509969999733,0],[112.90587157400012,-7.1802545379999287,0],[112.90586683900005,-7.180275844999926,0],[112.90588202400011,-7.1803103569999394,0],[112.90590411200003,-7.1803283029999534,0],[112.90592896100009,-7.1803269229999387,0],[112.90599716800011,-7.1803019999999265,0],[112.9060283550001,-7.1802827479999678,0],[112.90604077900002,-7.180275844999926,0],[112.90605458400012,-7.1802924109999253,0],[112.90606424700002,-7.1803062159999627,0],[112.90606312500006,-7.1803494069999374,0],[112.90609047600003,-7.1803766199999473,0],[112.90611808600011,-7.1803931859999466,0],[112.90615259800006,-7.1803973269999801,0],[112.90617192400009,-7.1803918049999425,0],[112.9061981530001,-7.1803655759999288,0],[112.90621588600004,-7.1803301109999325,0],[112.90621886000008,-7.1803241619999767,0],[112.90622576300007,-7.1803034549999438,0],[112.90624785000011,-7.1802606599999308,0],[112.90628512300009,-7.18025513799995,0],[112.90630306900005,-7.1802717039999493,0],[112.90631687400003,-7.1803173549999428,0],[112.90631687400003,-7.1803310639999722,0],[112.90632101600011,-7.1803531519999524,0],[112.90634034200002,-7.1803641959999709,0],[112.90638451700011,-7.180377999999962,0],[112.90643145400009,-7.1803862829999616,0],[112.90645492200008,-7.1803807609999808,0],[112.90648253100005,-7.1803683369999476,0],[112.9065142820001,-7.1803531519999524,0],[112.90654051100012,-7.1803324449999764,0],[112.9065512630001,-7.1803163159999599,0],[112.90656536000006,-7.1802951719999442,0],[112.90658468600009,-7.1802620399999455,0],[112.9066205790001,-7.1802496159999691,0],[112.90666613400003,-7.1802592799999729,0],[112.90669098300009,-7.1802855089999298,0],[112.906712029,-7.1803217399999539,0],[112.90671859200006,-7.1803283029999534,0],[112.90676000700012,-7.1803655759999288,0],[112.90680556200005,-7.1804097509999565,0],[112.90685111800008,-7.1804263169999558,0],[112.90688286900001,-7.1804318389999366,0],[112.90692842400006,-7.1804097509999565,0],[112.90693532700004,-7.1803821419999281,0],[112.90695327300011,-7.180340727999976,0],[112.90696102700008,-7.1802353349999635,0],[112.90695948500002,-7.1802233869999554,0],[112.90694844100005,-7.1801943969999797,0],[112.90694222900004,-7.1801619559999494,0],[112.90694084900008,-7.1801371069999504,0],[112.90695258300002,-7.1801150199999597,0],[112.90699468700006,-7.1801150199999597,0],[112.90709604600011,-7.1801384629999347,0],[112.90712000600001,-7.1801448099999448,0],[112.90714610700002,-7.1801517259999628,0],[112.90725766800006,-7.1801812829999676,0],[112.90725835800004,-7.1801799019999635,0],[112.90726664100009,-7.180175070999951,0],[112.90727768500005,-7.1801598849999664,0],[112.90728734800007,-7.1801460809999753,0],[112.90730460400005,-7.1801391779999335,0],[112.90733040600003,-7.1801545089999763,0],[112.90735223000001,-7.1801674779999303,0],[112.90740399800006,-7.1802075119999813,0],[112.90743367800007,-7.1802316699999551,0],[112.90743367800007,-7.180236501999957,0],[112.90743091700006,-7.1802496159999691,0],[112.90742194400002,-7.1802606599999308,0],[112.9074095200001,-7.1802737739999429,0],[112.90739157400003,-7.180291029999978,0],[112.90737500800003,-7.1803138079999371,0],[112.90735775200005,-7.1803324449999764,0],[112.90734118600005,-7.1803614349999521,0],[112.90733534300011,-7.1804223779999461,0],[112.9073173160001,-7.1804833909999388,0],[112.90730598400012,-7.1804918899999279,0],[112.9072997720001,-7.1805015529999423,0],[112.90729908200001,-7.1805119059999356,0],[112.90730184300003,-7.1805160479999586,0],[112.90730587900009,-7.1805221009999514,0],[112.90731564800001,-7.1805367549999346,0],[112.90732669100009,-7.1805533209999339,0],[112.9073329040001,-7.1805581519999464,0],[112.90733704500008,-7.1805636739999272,0],[112.90733742100008,-7.1805663039999672,0],[112.90734118600005,-7.1805864519999432,0],[112.90735223000001,-7.1806037079999783,0],[112.90737362800007,-7.180632007999975,0],[112.90739157400003,-7.1806520249999721,0],[112.90741435200005,-7.1806685899999252,0],[112.90743229800012,-7.1806796339999437,0],[112.90745024400007,-7.1806775629999606,0],[112.90745990700009,-7.1806672099999673,0],[112.90745852700002,-7.1806561659999488,0],[112.90745645600009,-7.1806299369999351,0],[112.90745438500005,-7.1805995669999447,0],[112.90745273000005,-7.1805778359999408,0],[112.90746059800006,-7.1805609129999652,0],[112.90746404900005,-7.1805609129999652,0],[112.90748682700007,-7.1805616039999336,0],[112.90749649000009,-7.180571266999948,0],[112.9075096040001,-7.1805843809999601,0],[112.90755947300011,-7.1806108299999778,0],[112.90758012500009,-7.1806209739999645,0],[112.90758031500002,-7.180622342999925,0],[112.90758415000005,-7.1806499539999322,0],[112.90758553100011,-7.1806609979999507,0],[112.90758415000005,-7.1806927489999453,0],[112.90757448700003,-7.1807341629999542,0],[112.90757448700003,-7.1807507289999535,0],[112.90761176000001,-7.1807672939999634,0],[112.90780778700002,-7.1808708299999466,0],[112.90786024500005,-7.1807935229999771,0],[112.90786990800007,-7.1808018059999768,0],[112.90787819100001,-7.1808142299999531,0],[112.90788509400011,-7.1808252739999716,0],[112.90789337600006,-7.1808335569999713,0],[112.9079320300001,-7.1808404589999668,0],[112.90795963900007,-7.180837697999948,0],[112.90796649000004,-7.1808355349999715,0],[112.90798586800008,-7.1808294159999377,0],[112.9079912090001,-7.180822887999966,0],[112.90801071700002,-7.1807990449999579,0],[112.90801761900002,-7.1807659139999487,0],[112.9080286630001,-7.1807452069999727,0],[112.90805075100002,-7.18073278199995,0],[112.90807145800011,-7.1807231189999357,0],[112.90807559900009,-7.1807231189999357,0],[112.90810735000002,-7.1807203579999737,0],[112.90804384800003,-7.1808487419999665,0],[112.9083351060001,-7.1810208039999566,0],[112.9084013910001,-7.1810606449999455,0],[112.9084083780001,-7.1810480909999796,0],[112.90848629000004,-7.1809081029999788,0],[112.90848491000008,-7.180926048999936,0],[112.90848560000006,-7.1809508969999456,0],[112.9084876710001,-7.1810199209999723,0],[112.90849319300003,-7.1810392479999337,0],[112.90850009500002,-7.1810516719999669,0],[112.90851597100004,-7.1810772109999448,0],[112.90853115600009,-7.1811089619999393,0],[112.90853046600012,-7.1811296689999722,0],[112.90853322700002,-7.1811572779999437,0],[112.90852977500003,-7.1811814369999638,0],[112.90852396100001,-7.1812009969999622,0],[112.90855401300007,-7.1812490789999401,0],[112.90855945600003,-7.1812490799999296,0],[112.90856980900003,-7.1812490799999296,0],[112.90858844600007,-7.1812490799999296,0],[112.90861053300011,-7.1812476999999717,0],[112.90863331100002,-7.1812532209999631,0],[112.90866315800008,-7.1812601009999639,0],[112.90868784000008,-7.1812594339999691,0],[112.9087009540001,-7.1812546019999672,0],[112.90872373200011,-7.1812476999999717,0],[112.90873891700005,-7.1812304439999366,0],[112.90882312600002,-7.1812746189999643,0],[112.90889215000004,-7.1812407969999299,0],[112.90898395200009,-7.1813105109999356,0],[112.90897152700006,-7.1813332889999515,0],[112.9090101810001,-7.1813733229999457,0],[112.90903295800001,-7.1813519249999445,0],[112.90906567100001,-7.1813782859999264,0],[112.90908541700003,-7.1813940299999786,0],[112.9090833460001,-7.1814002419999383,0],[112.90907782400006,-7.181405763999976,0],[112.9090667800001,-7.1814119759999357,0],[112.90905711700009,-7.1814105959999779,0],[112.90903785300009,-7.1814077439999551,0],[112.90902191500004,-7.1814112859999568,0],[112.90898326100012,-7.1814319929999328,0],[112.90896117400007,-7.181451319999951,0],[112.90892942300002,-7.1814789289999794,0],[112.90891837900006,-7.1815010169999596,0],[112.90893735500003,-7.1815792709999755,0],[112.90897304700002,-7.181710141999929,0],[112.90911581500006,-7.1818092859999751,0],[112.90927048000003,-7.1818092859999751,0],[112.90940531600006,-7.181781525999952,0],[112.90946518800001,-7.1817083479999724,0],[112.90956796500006,-7.1816524069999446,0],[112.90957341400008,-7.1816218079999317,0],[112.90959826300002,-7.181592817999956,0],[112.90961206800011,-7.1815721109999799,0],[112.90964519900001,-7.1815417409999327,0],[112.90966866700001,-7.1815445019999515,0],[112.90969075500004,-7.1815555449999806,0],[112.90971146200002,-7.1815831549999416,0],[112.90972940800009,-7.1816162859999508,0],[112.90973355000006,-7.1816466569999307,0],[112.90975033800009,-7.1817022109999584,0],[112.90982172100007,-7.1819282599999497,0],[112.90986534500007,-7.1821186159999684,0],[112.90993276300003,-7.1822693149999282,0],[112.91002397600005,-7.1823525959999301,0],[112.91009535900002,-7.1825310559999593,0],[112.91019053800005,-7.1825707129999614,0],[112.91036106600006,-7.1825310559999593,0],[112.91039496000008,-7.1824378469999601,0],[112.91039893800007,-7.1824355979999268,0],[112.91041205300007,-7.1824238639999294,0],[112.91042102600011,-7.1824148909999508,0],[112.91043207000007,-7.1824059179999722,0],[112.9104444940001,-7.1823962549999578,0],[112.91048245700006,-7.1823817599999416,0],[112.91049764200011,-7.1823824499999773,0],[112.91052387100001,-7.182390732999977,0],[112.91053905700005,-7.1824031569999534,0],[112.91055286100004,-7.1824100589999489,0],[112.9105777100001,-7.1824135109999361,0],[112.91058944400004,-7.1824100589999489,0],[112.91060877100006,-7.1823900429999412,0],[112.91068676700002,-7.1823741669999777,0],[112.91068814800008,-7.1823741669999777,0],[112.91070609400003,-7.18236864499994,0],[112.91073853500006,-7.1823603619999403,0],[112.91076338400001,-7.182350698999926,0],[112.91078547100005,-7.1823362039999665,0],[112.9108006570001,-7.1823327529999688,0],[112.91082274400003,-7.1823362039999665,0],[112.91083585900003,-7.1823437969999304,0],[112.9108572560001,-7.1823576009999783,0],[112.91086899000004,-7.1823700259999441,0],[112.91089729000009,-7.1823755479999249,0],[112.91092904100003,-7.1823741669999777,0],[112.91096346000006,-7.1823589419999507,0],[112.91098771100008,-7.1823693349999758,0],[112.91089378200002,-7.1825102299999344,0],[112.91088504900006,-7.1825291929999366,0],[112.91079789600008,-7.1826488819999668,0],[112.91107192000004,-7.1827758849999555,0],[112.91108227400002,-7.1827876189999529,0],[112.91108986600011,-7.1827993529999503,0],[112.91109331700011,-7.1828145389999349,0],[112.91109745900008,-7.1828242019999493,0],[112.91111195400003,-7.1828393869999445,0],[112.91113818300005,-7.1828393869999445,0],[112.91115129700006,-7.1828366259999257,0],[112.91116717300008,-7.1828269629999681,0],[112.91117959700011,-7.1828172999999538,0],[112.91121488700003,-7.1828020539999784,0],[112.91123205500003,-7.1828007339999544,0],[112.91124033800008,-7.1828062559999353,0],[112.91123895700002,-7.1828131579999308,0],[112.911236196,-7.1828166089999286,0],[112.91123285000003,-7.1828253949999521,0],[112.91122929400001,-7.1828442189999464,0],[112.91123205500003,-7.1828497409999272,0],[112.91124240900001,-7.1828594039999416,0],[112.91126464200011,-7.1828667059999702,0],[112.91128589400012,-7.182869066999956,0],[112.91130729100007,-7.1828738989999579,0],[112.91131695400009,-7.1828801109999745,0],[112.91132040500008,-7.1829070299999671,0],[112.91130867100003,-7.1829222159999517,0],[112.91130750500008,-7.1829224029999637,0],[112.91129141500005,-7.1829249769999706,0],[112.91127070800007,-7.1829042689999483,0],[112.911236196,-7.1828980569999317,0],[112.91121203800003,-7.1828911549999361,0],[112.91119547200003,-7.1828980569999317,0],[112.91119409200007,-7.1829125519999479,0],[112.91120789700005,-7.1829422329999488,0],[112.91121548900003,-7.1829449929999782,0],[112.91123688700009,-7.1829518959999632,0],[112.9112500010001,-7.1829643199999396,0],[112.91126380600008,-7.1829726029999392,0],[112.91127968100011,-7.1829815759999747,0],[112.91130245900001,-7.1829843369999367,0],[112.91131626400011,-7.1829877879999344,0],[112.91132730800007,-7.1829946909999762,0],[112.91134525400003,-7.1830112559999293,0],[112.91135008600008,-7.1830147069999271,0],[112.91136527100002,-7.1830257509999456,0],[112.91136734200006,-7.1830326539999305,0],[112.91136112900006,-7.1830430069999807,0],[112.91134594400012,-7.1830616439999631,0],[112.91135215600002,-7.183080279999956,0],[112.91136182000002,-7.1830858019999368,0],[112.91137700500008,-7.1830830409999749,0],[112.91141013600009,-7.1830713069999774,0],[112.91143498500003,-7.1830657849999398,0],[112.91144809900004,-7.1830685459999586,0],[112.9114694970001,-7.183080279999956,0],[112.91147432800005,-7.1831120309999505,0],[112.91148744300006,-7.1831313579999687,0],[112.91150746000005,-7.1831437819999451,0],[112.91153230800001,-7.1831403309999473,0],[112.91155163500002,-7.1831244549999269,0],[112.91157665100002,-7.1830992309999715,0],[112.91159304900009,-7.1830823509999391,0],[112.91159719100006,-7.1830754479999541,0],[112.91160340300007,-7.1830657849999398,0],[112.91161237600011,-7.1830512899999803,0],[112.91162342000007,-7.1830298929999685,0],[112.91164343700007,-7.1830064249999737,0],[112.91166828500002,-7.1829877879999344,0],[112.91168001900007,-7.182957417999944,0],[112.91169244300011,-7.1829263569999284,0],[112.9117290260001,-7.1828828719999365,0],[112.91184498600001,-7.1829560369999399,0],[112.91184636600008,-7.1829636299999606,0],[112.91184774700002,-7.1829677709999373,0],[112.91185326900006,-7.182976053999937,0],[112.91185326900006,-7.182998141999974,0],[112.91184981800006,-7.1830133269999692,0],[112.9118353230001,-7.1830250609999666,0],[112.91180495200001,-7.1830367949999641,0],[112.91178355500006,-7.1830388659999471,0],[112.9117690600001,-7.183037484999943,0],[112.91174490100002,-7.1830292019999433,0],[112.9117324770001,-7.1830381759999682,0],[112.91171729200005,-7.1830478389999257,0],[112.91169865600011,-7.1830630239999778,0],[112.9116644500001,-7.1831022529999586,0],[112.91166207300012,-7.1831058189999339,0],[112.91165033900006,-7.1831203139999502,0],[112.91163791500003,-7.1831382599999642,0],[112.91162411000005,-7.1831631089999632,0],[112.91162342000007,-7.1831782939999584,0],[112.91163032200006,-7.1831983109999555,0],[112.91164205600001,-7.1832045229999721,0],[112.91166483400002,-7.1831900279999559,0],[112.91168001900007,-7.1831776029999332,0],[112.91168968200009,-7.183166559999961,0],[112.91171660200007,-7.1831403309999473,0],[112.91173661900007,-7.1831210039999291,0],[112.91174352100006,-7.1831141019999336,0],[112.91175111400003,-7.1831058189999339,0],[112.91175456500002,-7.183103057999972,0],[112.91176215700011,-7.183103057999972,0],[112.91176837,-7.1831058189999339,0],[112.91176146700002,-7.1831562059999783,0],[112.91175732600004,-7.1831658689999358,0],[112.91176491800002,-7.1831838159999393,0],[112.91178286500008,-7.1831893379999769,0],[112.91180909400009,-7.183187266999937,0],[112.91183739300004,-7.1831762229999754,0],[112.91186845400011,-7.1831506839999406,0],[112.91187949800008,-7.1831410209999262,0],[112.91190503700011,-7.1831361889999812,0],[112.91194023900005,-7.1831285969999499,0],[112.91195404300004,-7.1831065089999697,0],[112.91212473300004,-7.1831737549999275,0],[112.91203342100005,-7.1832735459999526,0],[112.91210431900004,-7.1833476979999773,0],[112.91211486900011,-7.1833591359999787,0],[112.91208929700008,-7.183376639999949,0],[112.91206103000002,-7.183396408999954,0],[112.91208929700008,-7.18341651399993,0],[112.91208929700008,-7.1834195889999251,0],[112.91215352200004,-7.1834847589999526,0],[112.91211901000008,-7.1835137489999283,0],[112.91210796600001,-7.1835261729999615,0],[112.91211072700003,-7.1835413589999462,0],[112.91211624900006,-7.1835537829999794,0],[112.9121383370001,-7.1835772509999742,0],[112.91215766300002,-7.1836034799999311,0],[112.91213971700006,-7.1836338499999783,0],[112.91212453200001,-7.1836559379999585,0],[112.91210237300004,-7.1836769309999795,0],[112.91209830300011,-7.1836807869999575,0],[112.91206655200006,-7.1837111569999479,0],[112.91202375700004,-7.1837387669999657,0],[112.91202375700004,-7.1837732779999328,0],[112.9120486060001,-7.1837787999999705,0],[112.91208311800006,-7.1837774199999558,0],[112.91213695600004,-7.1837691369999561,0],[112.91220045800003,-7.1837539519999609,0],[112.91223220900008,-7.1837401469999804,0],[112.91224147300011,-7.1837367769999787,0],[112.91226258000006,-7.1837291029999619,0],[112.91230123300011,-7.1837070159999712,0],[112.91232608100006,-7.1836780259999387,0],[112.91233436400012,-7.1836531769999397,0],[112.91239096400011,-7.1836145239999496,0],[112.9124448020001,-7.1836476549999588,0],[112.9124309980001,-7.1836656009999729,0],[112.9124213340001,-7.1836780259999387,0],[112.91240891000007,-7.1837139179999667,0],[112.91239924700005,-7.183747048999976,0],[112.91239510500009,-7.1837732779999328,0],[112.91238728000008,-7.1837978719999569,0],[112.91238544200007,-7.1838036489999695,0],[112.91236335400004,-7.1838188339999647,0],[112.9123247010001,-7.1838423019999595,0],[112.91231917900006,-7.1838574869999547,0],[112.9123316030001,-7.1838864769999304,0],[112.91236611500005,-7.1838906189999534,0],[112.91242409500001,-7.1838768139999729,0],[112.91246827000009,-7.1838712919999352,0],[112.91249787100003,-7.1838511399999447,0],[112.91256490400008,-7.1838436829999637,0],[112.91260907900005,-7.1838340189999599,0],[112.91268914600005,-7.1837995069999465,0],[112.9128393310001,-7.183952956999974,0],[112.91300226800001,-7.1840816719999339,0],[112.91303081400008,-7.1841149459999656,0],[112.91307559400002,-7.1840623579999487,0],[112.91310052800009,-7.184029356999929,0],[112.91316126900006,-7.1840486829999577,0],[112.91313641600004,-7.1841176509999514,0],[112.9131336590001,-7.1841252999999483,0],[112.91317221400004,-7.1841501939999262,0],[112.91319163900005,-7.1841763769999716,0],[112.91321027600009,-7.184188110999969,0],[112.9132233900001,-7.1842164109999658,0],[112.91324202700002,-7.1842447109999625,0],[112.91322753200006,-7.1842764619999571,0],[112.91320061200008,-7.1843227069999784,0],[112.91316817100005,-7.184338582999942,0],[112.91316126900006,-7.1843406539999251,0],[112.91314401300008,-7.1843454849999375,0],[112.91313437800011,-7.1843503029999738,0],[112.91310575600005,-7.1844185549999793,0],[112.9130936250001,-7.184424862999947,0],[112.91307706000009,-7.1844359059999761,0],[112.91306877700003,-7.1844538529999795,0],[112.91306739600009,-7.1844752499999345,0],[112.91306877700003,-7.1844904349999297,0],[112.91308189100005,-7.1845125229999667,0],[112.91308672300011,-7.18452287599996,0],[112.9130936250001,-7.1845339199999785,0],[112.91309600300008,-7.1845356489999403,0],[112.91310881100003,-7.1845449639999401,0],[112.91311088100008,-7.1845539369999756,0],[112.91310397900008,-7.1845649809999372,0],[112.91308603300001,-7.1845629099999542,0],[112.91307360900009,-7.1845808559999682,0],[112.91307084800007,-7.184593280999934,0],[112.91306808700006,-7.1846139879999669,0],[112.91306903200007,-7.1846286359999567,0],[112.91306946700001,-7.1846353849999787,0],[112.91308189100005,-7.1846533309999359,0],[112.91309776700007,-7.1846650649999333,0],[112.91310605000001,-7.1846781799999349,0],[112.91311088100008,-7.1846988869999677,0],[112.91311640300012,-7.1847126919999482,0],[112.91313573000002,-7.1847258059999604,0],[112.91315229600002,-7.1847223549999626,0],[112.91316264900001,-7.1847147619999419,0],[112.91317990500011,-7.1847050989999275,0],[112.91319923200001,-7.1847009579999508,0],[112.91321711000001,-7.1846969839999701,0],[112.91321786800006,-7.1846968159999278,0],[112.91322615100012,-7.1846843919999515,0],[112.91324478700005,-7.1846491899999592,0],[112.91328344100009,-7.1846616139999355,0],[112.91331933300012,-7.1846671359999732,0],[112.91335660600009,-7.1846906039999681,0],[112.91337455200005,-7.1847085499999253,0],[112.91337455200005,-7.1847278769999434,0],[112.91336903000001,-7.1847499639999342,0],[112.91335798600005,-7.1847789539999667,0],[112.91331929700004,-7.1848049589999619,0],[112.91326687500009,-7.1848341729999561,0],[112.91324616800011,-7.1848534999999742,0],[112.91320889500003,-7.1848949139999263,0],[112.91317576400002,-7.1849694599999339,0],[112.91314539300004,-7.1850398639999753,0],[112.91315643700011,-7.1851558239999349,0],[112.91318266600001,-7.1851806729999339,0],[112.91324892900002,-7.1852207059999387,0],[112.91331105000006,-7.1852483159999565,0],[112.91337317200009,-7.1852483159999565,0],[112.91343805400004,-7.1852441739999335,0],[112.91350845800002,-7.1852331309999613,0],[112.91356367700007,-7.1851710089999301,0],[112.91360371100006,-7.1851061269999263,0],[112.91362994000008,-7.1850329619999798,0],[112.91368377900005,-7.1849542749999387,0],[112.91371000800007,-7.184918381999978,0],[112.91375142200002,-7.1848852509999688,0],[112.91381492400001,-7.1848562609999362,0],[112.91391439400002,-7.1848470649999285,0],[112.91407302500011,-7.1848629279999727,0],[112.91421271400009,-7.1849377089999393,0],[112.91433122100011,-7.1849377089999393,0],[112.91432984100004,-7.1848631629999318,0],[112.91436573300007,-7.1848645439999359,0],[112.91481576800004,-7.1848880119999308,0],[112.91514018000009,-7.1848852509999688,0],[112.91515536500003,-7.1847692909999523,0],[112.91532930500011,-7.1847057889999633,0],[112.91538245300001,-7.1846919839999259,0],[112.91541489400004,-7.1846788699999706,0],[112.91543996300004,-7.1846589289999656,0],[112.91550600500011,-7.1846063949999461,0],[112.91538866500002,-7.184400013999948,0],[112.9154797760001,-7.1843489359999353,0],[112.91547425400006,-7.1842971689999331,0],[112.91551439700004,-7.184285847999945,0],[112.91552050000007,-7.1843013099999666,0],[112.91555294200009,-7.1843033809999497,0],[112.91556536600001,-7.1843123539999283,0],[112.9155660560001,-7.1843130439999641,0],[112.91559090500004,-7.1843192559999807,0],[112.91562127500003,-7.184317875999966,0],[112.91566407000005,-7.1843040709999286,0],[112.91568063500006,-7.1842923369999312,0],[112.91569306000008,-7.184277151999936,0],[112.91571238600011,-7.1842605859999367,0],[112.91572412000005,-7.1842474719999814,0],[112.91572964200009,-7.1842329769999651,0],[112.91573033300006,-7.18421572099993,0],[112.91572619100009,-7.1841853499999502,0],[112.91577422800003,-7.1841409789999489,0],[112.9157689860001,-7.1841183969999634,0],[112.91577726900005,-7.1841128749999257,0],[112.91580349800006,-7.1841004509999493,0],[112.91584284100009,-7.1840790539999375,0],[112.91586492900001,-7.1840666289999717,0],[112.91588425600003,-7.1840569659999574,0],[112.91591462600002,-7.1840479929999788,0],[112.91591807700001,-7.1840397099999791,0],[112.91591048500004,-7.1840086489999635,0],[112.91591393600004,-7.1839941539999472,0],[112.91592774000003,-7.1839720669999565,0],[112.91609822900011,-7.1839603329999591,0],[112.91612790900001,-7.1839603329999591,0],[112.91614315600009,-7.1840658079999571,0],[112.91620935700007,-7.1840693899999337,0],[112.91625353300003,-7.184085955999933,0],[112.9162714790001,-7.1840942389999327,0],[112.91632255600007,-7.1841218479999611,0],[112.91635292700005,-7.1841411749999793,0],[112.91638881900008,-7.1841729259999738,0],[112.91642747200001,-7.1841963939999687,0],[112.91646060400001,-7.1842184819999488,0],[112.91648707800005,-7.1842325449999294,0],[112.91650477900009,-7.1842419499999437,0],[112.91652686700002,-7.1842488519999392,0],[112.91653514900008,-7.1842474719999814,0],[112.91655999800003,-7.1842267639999591,0],[112.9165710420001,-7.1842115789999639,0],[112.91658622700004,-7.184188110999969,0],[112.91667319700002,-7.184110804999932,0],[112.91668838200007,-7.1840942389999327,0],[112.91669636900008,-7.1840856379999423,0],[112.91670632800003,-7.1840749119999714,0],[112.91672703500001,-7.1840569659999574,0],[112.91675326400002,-7.1840362589999813,0],[112.91678639600002,-7.1840238349999481,0],[112.91681400500011,-7.184026595999967,0],[112.91684299500002,-7.1840348779999772,0],[112.91687198500006,-7.1840417809999622,0],[112.91690568400008,-7.1840871289999768,0],[112.91691340000011,-7.1841218479999611,0],[112.91691616100002,-7.1841370339999457,0],[112.91694653100001,-7.184188110999969,0],[112.91698656500012,-7.1841853499999502,0],[112.91702659900011,-7.1841549799999598,0],[112.91706801300006,-7.1841287509999461,0],[112.91710390500009,-7.1841342729999269,0],[112.91713565600003,-7.1841494579999789,0],[112.91715498300005,-7.1841687839999508,0],[112.91715912400002,-7.1841729259999738,0],[112.91718535300004,-7.1841853499999502,0],[112.91719915800002,-7.1841784479999546,0],[112.91723367000009,-7.1841466969999601,0],[112.91724747500007,-7.1841411749999793,0],[112.91728060600008,-7.1841370339999457,0],[112.91735668100011,-7.1841054659999486,0],[112.91755497000008,-7.1840420129999529,0],[112.91766601100005,-7.1838437249999743,0],[112.91785240200011,-7.1837207859999808,0],[112.91802689600001,-7.1836533679999661,0],[112.91817362900008,-7.1835859509999409,0],[112.91830450000009,-7.1836097449999556,0],[112.91837898100005,-7.1836025829999812,0],[112.91858997300005,-7.1834970579999435,0],[112.91861293800002,-7.1834970579999435,0],[112.91860867700007,-7.1830936019999285,0],[112.91860870700009,-7.1830932659999576,0],[112.91860860700001,-7.1830899309999268,0],[112.91860241200004,-7.1828811789999349,0],[112.91867562800007,-7.1825854319999394,0],[112.91892070500001,-7.1811829959999613,0],[112.9189907330001,-7.1809126779999701,0],[112.91905438200001,-7.1805247089999398,0],[112.91913396700011,-7.1802194159999431,0],[112.91913394900007,-7.1799236689999475,0],[112.9191689380001,-7.1794879929999524,0],[112.91916252300007,-7.178858335999962,0],[112.91916250800011,-7.1785784909999393,0],[112.91914654900006,-7.1781205619999469,0],[112.91914652800006,-7.177742124999952,0],[112.91917512800001,-7.1769916259999604,0],[112.9192324070001,-7.1765782169999284,0],[112.91925406200005,-7.1760232459999429,0],[112.91932631900011,-7.1754105909999453,0],[112.91939926600003,-7.1749622279999699,0],[112.91945750000002,-7.1745736659999579,0],[112.91954746200008,-7.1742153859999576,0],[112.91960475400003,-7.1738719339999761,0],[112.91964930600011,-7.1735062219999577,0],[112.91970589500011,-7.1731315359999712,0],[112.91977113000007,-7.1728600339999389,0],[112.91982778600004,-7.1726242729999399,0],[112.91991164100011,-7.1722753379999631,0],[112.91996919400003,-7.1720358119999332,0],[112.9200301410001,-7.1717821849999268,0],[112.92009952900003,-7.1714934339999559,0],[112.92016342600004,-7.1712275179999665,0],[112.91993915300009,-7.1710473009999305,0],[112.91965086500011,-7.1707195349999324,0],[112.91932025800008,-7.1703923409999675,0],[112.91909465000003,-7.1701244499999461,0],[112.91886880600009,-7.1697968089999335,0],[112.918718291,-7.1695017449999341,0],[112.91847665200009,-7.1690666179999312,0],[112.91829563200008,-7.1687238629999683,0],[112.91812945900006,-7.1683511649999332,0],[112.91799340000011,-7.1680231579999258,0],[112.91787255500003,-7.1677548269999534,0],[112.91778843100008,-7.1675142459999392,0],[112.91768058900004,-7.167283690999966,0],[112.91762370000004,-7.1669323699999268,0],[112.91767535400004,-7.1666273759999513,0],[112.91770232600004,-7.1663929559999815,0],[112.91770276600005,-7.1660521309999581,0],[112.91788071100007,-7.1656451849999598,0],[112.9178860610001,-7.1651555679999319,0],[112.91788913400001,-7.1649771229999715,0],[112.91792220000002,-7.1648189679999632,0],[112.91785578000008,-7.1645775539999477,0],[112.91772926600004,-7.1643819549999535,0],[112.91771481300009,-7.1643659479999542,0],[112.91759756200008,-7.1641747079999618,0],[112.91758173500011,-7.1640463909999426,0],[112.91757795600006,-7.1638893549999807,0],[112.91746172800003,-7.1636446229999251,0],[112.91739163900002,-7.1632330009999805,0],[112.91741699700003,-7.1630151149999506,0],[112.91750279700011,-7.1628087319999736,0],[112.91753984900004,-7.1627031329999795,0],[112.91749148800011,-7.1625676119999753,0],[112.91736228600007,-7.1623676399999567,0],[112.9173545320001,-7.1622713949999479,0],[112.91768631400009,-7.1618852849999257,0],[112.91764811300004,-7.1616208959999312,0],[112.91770791700003,-7.1614145839999424,0],[112.9177757110001,-7.1612072809999745,0],[112.91778660400007,-7.1611124399999539,0],[112.91770789900011,-7.1605865299999323,0],[112.91751123400002,-7.160079547999942,0],[112.91719466500001,-7.1595282559999305,0],[112.9169088430001,-7.1591709989999686,0],[112.91670231800003,-7.1588989859999401,0],[112.91652719300009,-7.1587240849999603,0],[112.91619233500001,-7.1585093289999691,0],[112.91590271500002,-7.1583370739999737,0],[112.91557295400003,-7.1581359109999312,0],[112.91542547100005,-7.1580470009999431,0],[112.91527049300009,-7.1579535649999571,0],[112.91494317800004,-7.1577376819999472,0],[112.91471393400002,-7.1576104889999783,0],[112.91431976400008,-7.1573035269999536,0],[112.91409526000007,-7.1570736689999421,0],[112.91389561800008,-7.1568822889999524,0],[112.91361859900007,-7.1565165949999709,0],[112.91343073300004,-7.1561508889999459,0],[112.91348085300001,-7.1558728329999326,0],[112.91363504300011,-7.1555487409999614,0],[112.9137611970001,-7.1552835789999563,0],[112.91389313100001,-7.1550062519999642,0],[112.91404543600004,-7.1546861259999446,0],[112.91417181500003,-7.1544204929999751,0],[112.91425030300002,-7.1542555119999633,0],[112.91436481500011,-7.154113744999961,0],[112.91447942600007,-7.1539801749999583,0],[112.9146004050001,-7.1538593259999743,0],[112.9147309440001,-7.1537702749999426,0],[112.91485830000011,-7.153684405999968,0],[112.91501748900009,-7.1535858119999602,0],[112.91518942000005,-7.1534554219999791,0],[112.91535178800007,-7.1533154869999294,0],[112.9155109830001,-7.1531850969999482,0],[112.91565424900011,-7.1530578919999357,0],[112.91586118800001,-7.1528638869999668,0],[112.91612544000009,-7.1525713069999597,0],[112.91624005500012,-7.1524759009999457,0],[112.91639924200001,-7.1523137149999343,0],[112.91654251200009,-7.1521547009999722,0],[112.91669215100001,-7.1520274859999518,0],[112.91682268600005,-7.1518970959999706,0],[112.91695640000012,-7.1517539819999456,0],[112.91707101300005,-7.151623595999979,0],[112.91716651800004,-7.1514741209999784,0],[112.9172715840001,-7.1513182959999426,0],[112.91733844200007,-7.1511751899999467,0],[112.91739573900009,-7.151044795999951,0],[112.91751034400011,-7.1507649449999349,0],[112.91756386000009,-7.1505461929999683,0],[112.91753718300004,-7.1503726929999516,0],[112.91750799500005,-7.1501828889999501,0],[112.91749912900002,-7.1500038059999724,0],[112.91746400500006,-7.1498967529999504,0],[112.91743347900001,-7.149698222999973,0],[112.91739397300012,-7.1494412899999702,0],[112.91733793000003,-7.1492298749999463,0],[112.91716585400002,-7.1490449239999521,0],[112.9169937690001,-7.148859965999975,0],[112.91642154300007,-7.1485836769999764,0],[112.91653602000008,-7.1480494859999339,0],[112.91658057900008,-7.1478359689999706,0],[112.91660091400001,-7.1476984069999503,0],[112.91674862000002,-7.1466992639999489,0],[112.91682192200005,-7.1457704249999665,0],[112.9168194450001,-7.1455214989999263,0],[112.91683218600008,-7.1453683119999596,0],[112.91683492800007,-7.1453447479999568,0],[112.91688856600001,-7.1448834179999494,0],[112.91693550600007,-7.1442010999999752,0],[112.91699266400008,-7.1439330939999763,0],[112.91697642200006,-7.1430525829999283,0],[112.91694027100004,-7.1428033079999409,0],[112.91686938400005,-7.1424719089999371,0],[112.91693923100001,-7.1420365219999553,0],[112.91697589700004,-7.141623195999955,0],[112.91698534500006,-7.1415162119999422,0],[112.91698277800003,-7.1414301079999518,0],[112.91696910600001,-7.1412312899999506,0],[112.91697994100002,-7.1410645469999281,0],[112.91698141000006,-7.1410147979999579,0],[112.91694638900003,-7.1409124549999774,0],[112.91694516000007,-7.1409088519999386,0],[112.91685910900003,-7.1406569409999747,0],[112.91676254700008,-7.1400270869999645,0],[112.91676384100003,-7.1400006909999547,0],[112.91678553100007,-7.1395578369999271,0],[112.9167809380001,-7.1393829199999459,0],[112.9162464850001,-7.1393801149999376,0],[112.91586783900004,-7.1392212659999359,0],[112.91554739700007,-7.1391649499999517,0],[112.91523541900006,-7.1391829899999379,0],[112.91497035900011,-7.1392665989999387,0],[112.91420261900009,-7.1397751279999397,0],[112.91413604900004,-7.1398194529999728,0],[112.91375860400001,-7.1397449479999295,0],[112.91352188500002,-7.1396897219999573,0],[112.91336027500006,-7.1396915139999351,0],[112.91308700700006,-7.1396957569999699,0],[112.91282302000002,-7.13970087499996,0],[112.91253884500009,-7.1396980289999306,0],[112.91233643100009,-7.1396763489999557,0],[112.91198302000009,-7.1396541069999557,0],[112.91175379200001,-7.1396350309999548,0],[112.91132116600011,-7.1396272849999605,0],[112.91105406700001,-7.1396397919999686,0],[112.91073177700002,-7.1396573199999693,0],[112.91049560200008,-7.1396501879999619,0],[112.91029037800001,-7.1396315529999583,0],[112.91008546300009,-7.1396191849999582,0],[112.90979686700007,-7.1395984299999782,0],[112.90946461600004,-7.1395778609999638,0],[112.90931178800008,-7.1395778589999281,0],[112.90908412100009,-7.13954075099997,0],[112.90879591700002,-7.1395254139999338,0],[112.9084845430001,-7.1395167849999552,0],[112.90827238300005,-7.1394713799999749,0],[112.90809636500001,-7.139416677999975,0],[112.90792501500005,-7.1394154259999709,0],[112.90765658700002,-7.1393315939999411,0],[112.90738558700002,-7.1391996219999783,0],[112.90696817800006,-7.138925540999935,0],[112.90638812800012,-7.1384458899999572,0],[112.90564593100009,-7.1377603109999654,0],[112.9053362300001,-7.1375351909999267,0],[112.90508523000005,-7.1374192179999341,0],[112.90503041300008,-7.1374212369999555,0],[112.90513098300005,-7.1369766519999303,0],[112.90520494000009,-7.1365821389999269,0],[112.90527480500009,-7.1361113109999792,0],[112.90550338300011,-7.1356663169999592,0],[112.90568007100001,-7.1353697469999702,0],[112.90580079600011,-7.1350952069999494,0],[112.90592531700008,-7.134766691999971,0],[112.90596968900002,-7.1346882979999577,0],[112.90605182400009,-7.1343628049999666,0],[112.90611039300006,-7.1341608599999518,0],[112.90619083700005,-7.1338835279999557,0],[112.90629886000011,-7.1333941159999767,0],[112.90622334400007,-7.1322852819999412,0],[112.90621600700001,-7.1313561649999428,0],[112.90633899800002,-7.1304529569999318,0],[112.90636101300004,-7.1301465929999495,0],[112.90667944000006,-7.1285266909999336,0],[112.90675768100004,-7.1278180749999365,0],[112.90673705500001,-7.1275847569999655,0],[112.90666868400001,-7.127389968999978,0],[112.90646269600006,-7.1269529259999445,0],[112.90663314100004,-7.1264993219999724,0],[112.90668000200003,-7.1263167159999625,0],[112.9067376380001,-7.1260921079999662,0],[112.90679886900011,-7.1258535059999417,0],[112.90678979600011,-7.1256752079999615,0],[112.90678933200002,-7.1255627949999507,0],[112.90683333100003,-7.1253152959999397,0],[112.9069044470001,-7.1250003389999392,0],[112.90702347800004,-7.1244763549999561,0],[112.90697017100001,-7.1243072449999545,0],[112.90692983500003,-7.1241198369999665,0],[112.90686955700005,-7.1238930289999303,0],[112.90681863200007,-7.1235378449999303,0],[112.90677796700004,-7.1232714659999488,0],[112.90670734900004,-7.1229361089999657,0],[112.90663667900003,-7.1225908789999721,0],[112.9065962200001,-7.1223738529999423,0],[112.90659540400009,-7.1221764179999809,0],[112.90659169300011,-7.1219767729999717,0],[112.90668001900008,-7.1211364949999734,0],[112.90671922600006,-7.1208053079999445,0],[112.90685714000006,-7.1201305749999619,0],[112.90685207200011,-7.1200187419999565,0],[112.9068715630001,-7.1198297279999565,0],[112.90687765500002,-7.1196677599999703,0],[112.90691062600001,-7.1194652059999726,0],[112.90695649500003,-7.1191141529999413,0],[112.90699610600007,-7.1188845719999563,0],[112.9070339320001,-7.1186636169999815,0],[112.90713649200006,-7.1180371209999294,0],[112.90716426000006,-7.1178984889999697,0],[112.9071844340001,-7.1177977789999431,0],[112.90722743200001,-7.1175842259999627,0],[112.90726281600007,-7.1175103309999486,0],[112.90740745400001,-7.1172999919999711,0],[112.90748181600009,-7.1172006599999804,0],[112.90754409400006,-7.1171612289999757,0],[112.90771619000009,-7.1169254599999476,0],[112.90787319100002,-7.1167222509999419,0]]]},"properties":{"OBJECTID":3985,"NAMOBJ":"Kwanyar","FCODE":"BA03070040","REMARK":null,"METADATA":"TASWIL1000020260612KECAMATAN_AR","SRS_ID":"4326","KDBBPS":null,"KDCBPS":null,"KDCPUM":"35.26.11","KDEBPS":null,"KDEPUM":null,"KDPBPS":null,"KDPKAB":"35.26","KDPPUM":"35","LUASWH":50.914045044892411,"TIPADM":3,"WADMKC":"Kwanyar","WADMKD":null,"WADMKK":"Bangkalan","WADMPR":"Jawa Timur","WIADKC":null,"WIADKK":null,"WIADPR":null,"WIADKD":null,"UUPP":null,"SHAPE_Length":0.39023676594910067,"SHAPE_Area":0.0041678285330120773}}]}