{"type":"FeatureCollection","features":[{"type":"Feature","id":3986,"geometry":{"type":"Polygon","coordinates":[[[112.78945140200005,-7.1021648339999501,0],[112.78940858900012,-7.1021586529999468,0],[112.78934914700005,-7.1021399609999776,0],[112.78925752900011,-7.1021111519999636,0],[112.78904001100011,-7.1020221629999583,0],[112.78855778600007,-7.10172599699996,0],[112.78860287400005,-7.1016421609999725,0],[112.78863702700005,-7.1015559079999662,0],[112.78865695800005,-7.1015079849999552,0],[112.78844417200003,-7.1014762709999673,0],[112.78844596600004,-7.1014446859999794,0],[112.78843720000009,-7.1014074009999604,0],[112.78841490500008,-7.1013395459999629,0],[112.78840996700001,-7.1013012889999345,0],[112.78841270000009,-7.1012649159999341,0],[112.78841269000009,-7.1012000849999595,0],[112.78840537200006,-7.1011656649999395,0],[112.78838800700009,-7.1011341539999648,0],[112.78836706600009,-7.1011069629999497,0],[112.78834179900002,-7.1010754829999314,0],[112.7883180230001,-7.1010583499999598,0],[112.78825404300005,-7.1010485489999269,0],[112.78818868600001,-7.1010545419999289,0],[112.78815279100002,-7.10106185799998,0],[112.78811909100011,-7.1010792119999451,0],[112.78808901900004,-7.1011058809999668,0],[112.78786315100001,-7.1012215819999369,0],[112.78782804100001,-7.1012461179999491,0],[112.78775796000002,-7.1012942209999323,0],[112.78773888500007,-7.1013158239999257,0],[112.78773182900011,-7.1013493429999812,0],[112.78773678500011,-7.1013923849999401,0],[112.78777525100008,-7.1014305129999684,0],[112.78781602800007,-7.1014471019999519,0],[112.78787843200007,-7.1014827449999416,0],[112.78793124700007,-7.1015160339999284,0],[112.78796014200009,-7.1015565909999623,0],[112.78795547300001,-7.1015877079999541,0],[112.78791485300007,-7.1016117869999675,0],[112.78784791800001,-7.1016431449999686,0],[112.78778101000012,-7.1016816789999666,0],[112.78769385100009,-7.1017424399999527,0],[112.78756765800006,-7.1018089529999315,0],[112.78747611200004,-7.1019169569999576,0],[112.78742182600001,-7.101998981999941,0],[112.78737891800006,-7.1020508199999313,0],[112.78734180300012,-7.1021141189999639,0],[112.78733763600007,-7.1021514549999551,0],[112.78735514500011,-7.1022202849999303,0],[112.78736821100006,-7.102254683999945,0],[112.78739379500007,-7.1023062579999419,0],[112.78739776000009,-7.102340690999938,0],[112.78740764300005,-7.1024191189999328,0],[112.78741242500007,-7.1025329899999292,0],[112.78740561900008,-7.1026310999999396,0],[112.78739269700009,-7.1026957399999446,0],[112.78733103600007,-7.1028526719999263,0],[112.78730250600006,-7.1029066079999552,0],[112.78715460300009,-7.1030566949999638,0],[112.78710566700011,-7.1030975519999515,0],[112.78705672900003,-7.1031384089999392,0],[112.78704125000002,-7.1031611949999274,0],[112.78702578100001,-7.1031863729999714,0],[112.78701154600003,-7.1032211169999755,0],[112.78700805000005,-7.1032462489999375,0],[112.78701448700008,-7.1033086449999701,0],[112.78701310700001,-7.10340673099995,0],[112.78703784200002,-7.1036099779999518,0],[112.78706852700009,-7.1036652029999345,0],[112.78716233200009,-7.103726948999963,0],[112.78724636300001,-7.1037816469999484,0],[112.78727052500005,-7.1038365769999814,0],[112.78731091200007,-7.1043722889999685,0],[112.78729048600007,-7.104664224999965,0],[112.78734618700003,-7.1048242919999325,0],[112.78733211400004,-7.104900898999972,0],[112.78728218200001,-7.1049943899999448,0],[112.78714143200011,-7.1051360759999511,0],[112.78706282700011,-7.1052464239999722,0],[112.78704993400004,-7.1052921649999803,0],[112.78704392600002,-7.1053134799999498,0],[112.78698959500002,-7.105419412999936,0],[112.78687363100005,-7.1055311279999387,0],[112.78673266900012,-7.1057421909999334,0],[112.78669059900005,-7.1057747169999743,0],[112.78662569700009,-7.105824896999934,0],[112.78655674000004,-7.105828990999953,0],[112.78647146300011,-7.1057831459999647,0],[112.78630377600007,-7.1057718299999806,0],[112.78614189300004,-7.1057126469999616,0],[112.78602217300011,-7.1057190899999796,0],[112.78579512300007,-7.1058395779999728,0],[112.78567423100003,-7.1058933939999633,0],[112.78561506300002,-7.1059654509999746,0],[112.78560034900011,-7.1059833699999331,0],[112.78555711200011,-7.1062634519999506,0],[112.78554474700002,-7.1063429009999481,0],[112.78547514200011,-7.1065204449999442,0],[112.78543272400009,-7.1065706169999316,0],[112.78531260600005,-7.1066024089999473,0],[112.78524322900012,-7.1066218139999364,0],[112.78514435000011,-7.1066528089999679,0],[112.78511015300001,-7.1068034339999713,0],[112.78501092700003,-7.1071554809999498,0],[112.78488594400005,-7.107349734999957,0],[112.78480011600004,-7.1074505419999809,0],[112.78468799900008,-7.107524413999954,0],[112.78444289400011,-7.1076210479999418,0],[112.78420196100001,-7.1079085729999747,0],[112.7840520530001,-7.1081603389999373,0],[112.78397242300002,-7.1082747539999787,0],[112.78381977600009,-7.1084225019999394,0],[112.78361584400011,-7.1086942989999784,0],[112.78352349300008,-7.1088112779999619,0],[112.78345504400011,-7.1089162029999784,0],[112.78335963000006,-7.1090152519999492,0],[112.78318076300002,-7.1092103119999592,0],[112.7831660490001,-7.1092761569999539,0],[112.78316925100012,-7.1093299699999761,0],[112.78325237900003,-7.1094198359999723,0],[112.78326470000002,-7.1095094989999552,0],[112.78321758700008,-7.1097130229999266,0],[112.78328968700009,-7.1097785339999291,0],[112.78336157900003,-7.1097902179999437,0],[112.78335653900001,-7.1100354449999372,0],[112.78312941700005,-7.1101379919999772,0],[112.78308221100008,-7.1103175939999801,0],[112.78308877500001,-7.1104670849999252,0],[112.78307726200001,-7.1105867429999421,0],[112.7831735420001,-7.1107119679999755,0],[112.78324062500008,-7.1110286859999405,0],[112.78318733900005,-7.1111843879999697,0],[112.78306803300006,-7.1112984799999595,0],[112.78312231100006,-7.1113999429999808,0],[112.78329607900002,-7.1114351579999493,0],[112.78340463400002,-7.1116380829999457,0],[112.78348884700006,-7.1117394319999789,0],[112.78341720800006,-7.1117935329999682,0],[112.78329142900009,-7.1117820559999814,0],[112.78318432900005,-7.1119559079999703,0],[112.78302933000009,-7.1121299449999356,0],[112.78290967700002,-7.1121543289999636,0],[112.78266427000005,-7.1121732149999275,0],[112.7825472290001,-7.11221153799994,0],[112.78241368400006,-7.1123130419999256,0],[112.78238391800005,-7.1123368339999615,0],[112.78222602100004,-7.1124630419999448,0],[112.78195663500003,-7.1126607229999763,0],[112.78183054400006,-7.1127545069999769,0],[112.78177283400009,-7.112694443999942,0],[112.78176084000006,-7.1126816639999788,0],[112.78171511800008,-7.112632944999973,0],[112.78166036000005,-7.1125929659999656,0],[112.78159561400003,-7.1125716839999313,0],[112.7815136480001,-7.1125562109999692,0],[112.78129512300006,-7.1125283439999407,0],[112.78112404400008,-7.1125074709999581,0],[112.7807093880001,-7.1124566349999441,0],[112.78062768400002,-7.1124485099999788,0],[112.78027283400002,-7.1123446139999373,0],[112.77990585000009,-7.1122250819999522,0],[112.77987998500009,-7.1122251819999747,0],[112.77985707200003,-7.1122453649999784,0],[112.7798413380001,-7.1122640839999463,0],[112.77981410700011,-7.1122828489999392,0],[112.77977096000006,-7.1122729669999671,0],[112.77931622400001,-7.1121024709999574,0],[112.77922837700009,-7.1120525699999462,0],[112.77917220400002,-7.1120183369999381,0],[112.77909073900003,-7.1119831369999815,0],[112.77888452900004,-7.1119193379999501,0],[112.77862110900003,-7.1117997169999398,0],[112.77860548400008,-7.1118111889999795,0],[112.77858997200008,-7.1118256019999535,0],[112.77857687800008,-7.1118459869999811,0],[112.77854952600001,-7.1118951339999512,0],[112.77852093500007,-7.1119335199999796,0],[112.77849344300012,-7.1119467829999508,0],[112.77842874000009,-7.1119362669999759,0],[112.77840116700008,-7.1119279989999313,0],[112.77834361500004,-7.1119090829999436,0],[112.77828486100009,-7.1118889739999531,0],[112.7782548890001,-7.1118795199999454,0],[112.77824455600012,-7.1118971519999263,0],[112.77822621100006,-7.1119392199999538,0],[112.77769632500008,-7.1117381269999669,0],[112.77768567200008,-7.1117704629999707,0],[112.77765822200001,-7.1117909159999613,0],[112.77760454400004,-7.1118449489999307,0],[112.77759034000007,-7.1118916399999534,0],[112.77757505400007,-7.1119646629999806,0],[112.77734222400011,-7.1118860839999343,0],[112.77725336300011,-7.1118634009999369,0],[112.77708798500009,-7.1118305429999396,0],[112.7769529520001,-7.1118043749999629,0],[112.77687505800009,-7.1117891239999267,0],[112.77684388300008,-7.1117784789999519,0],[112.77682947300002,-7.1117677689999255,0],[112.77681623100011,-7.1117498769999656,0],[112.77679533900005,-7.1117096599999741,0],[112.77675205600008,-7.1116643729999396,0],[112.77671126000007,-7.1116429989999688,0],[112.77623332400003,-7.1115129809999758,0],[112.77624392600001,-7.1114602139999761,0],[112.77625098600004,-7.1114278909999484,0],[112.77634732700005,-7.1112576689999401,0],[112.77646614800005,-7.1110167889999616,0],[112.77649322500008,-7.1108958759999723,0],[112.77652749600009,-7.1107773259999476,0],[112.77655687600009,-7.1106324799999356,0],[112.77653012000007,-7.1106245819999572,0],[112.77634294100005,-7.1105272149999337,0],[112.77596392300006,-7.1103659929999594,0],[112.77593671400007,-7.1103537649999566,0],[112.77609605200007,-7.1100612959999694,0],[112.77618750500005,-7.1098659739999448,0],[112.77569765400006,-7.1096301909999511,0],[112.77551036500006,-7.1095041179999612,0],[112.77543339900001,-7.109474966999926,0],[112.77519648600003,-7.1093673929999568,0],[112.77498780900009,-7.1092844629999377,0],[112.77488824200009,-7.1092381939999427,0],[112.77479950700001,-7.1092062379999561,0],[112.77469883400011,-7.1091838979999693,0],[112.77464250300011,-7.1091709549999678,0],[112.77453992900007,-7.1091655209999658,0],[112.77416748200005,-7.1090547279999328,0],[112.77371921500003,-7.1089463989999331,0],[112.77365448800003,-7.1089299009999536,0],[112.77345201500009,-7.1092153579999717,0],[112.77344936500003,-7.1092191339999431,0],[112.77322811500005,-7.1095343889999754,0],[112.77301837400012,-7.1097983429999658,0],[112.77284441800009,-7.1100262759999282,0],[112.77264426500005,-7.1102925859999573,0],[112.77250133300004,-7.1104916929999717,0],[112.77237267800001,-7.1106668219999278,0],[112.77235401300004,-7.1106964259999472,0],[112.77226766800004,-7.1106632639999248,0],[112.77220888700003,-7.1109481709999613,0],[112.77210275800007,-7.111376795999945,0],[112.77196203700009,-7.1118402429999605,0],[112.77166364600009,-7.111782772999959,0],[112.77145506600004,-7.1117461409999692,0],[112.7714503520001,-7.1117453129999717,0],[112.77132685800007,-7.1117051159999392,0],[112.77047162600002,-7.1114300559999606,0],[112.77037718200006,-7.1117305269999633,0],[112.77023974800011,-7.1121677669999599,0],[112.76991471100007,-7.1120883799999319,0],[112.76954627000009,-7.1119983909999291,0],[112.76921654900002,-7.1118896049999307,0],[112.76870192400008,-7.1117430049999371,0],[112.76853656900005,-7.1116905099999599,0],[112.76818102300001,-7.1115089219999277,0],[112.76816611400011,-7.1114330259999292,0],[112.76815642500003,-7.11140435599998,0],[112.76813905200004,-7.1113709299999641,0],[112.76811499700011,-7.1113432719999423,0],[112.76807944000007,-7.1113137419999362,0],[112.76803140900006,-7.1112794769999255,0],[112.76799105100008,-7.1112470959999428,0],[112.7678575860001,-7.1111672249999742,0],[112.76777886900004,-7.1111244639999427,0],[112.76773472500008,-7.1111045359999707,0],[112.76770489700004,-7.1110702009999613,0],[112.76767790500003,-7.1110262859999693,0],[112.76765770700001,-7.1110053109999285,0],[112.76762504900012,-7.1109824699999535,0],[112.7675996480001,-7.110978738999961,0],[112.76756257800002,-7.1110153379999588,0],[112.76734313400004,-7.1112482279999654,0],[112.76731213700009,-7.1112842309999564,0],[112.76720022300003,-7.1111132749999797,0],[112.76689439800009,-7.1113039109999363,0],[112.76676154500001,-7.1113838419999524,0],[112.76661728400006,-7.111486781999929,0],[112.76643675900004,-7.1116262239999628,0],[112.76640959400004,-7.1116220729999782,0],[112.76623705000009,-7.1115940229999524,0],[112.76597774200002,-7.111422766999965,0],[112.76523495100002,-7.1125834699999473,0],[112.76462090100006,-7.1123370119999549,0],[112.76451009600009,-7.1125077079999528,0],[112.76413518700008,-7.1130852589999449,0],[112.76334841100004,-7.1127629029999753,0],[112.76303848400005,-7.1127371719999815,0],[112.76290759900007,-7.1127263049999669,0],[112.76281092000011,-7.1129359169999589,0],[112.76246104000006,-7.113694493999958,0],[112.76227001700011,-7.114211594999972,0],[112.76223882400006,-7.1143724029999476,0],[112.762177769,-7.1145649759999401,0],[112.7621729220001,-7.1145886689999429,0],[112.76211498000009,-7.1146800449999432,0],[112.76206386900003,-7.1148424389999718,0],[112.76203847400006,-7.1149659769999403,0],[112.76195471200003,-7.1152332779999483,0],[112.7618820130001,-7.1153871399999389,0],[112.76181659200006,-7.1155653759999495,0],[112.76179808600011,-7.1156113789999722,0],[112.76179888500008,-7.1157066009999426,0],[112.76177708500006,-7.1157564319999551,0],[112.76173280100011,-7.1158254979999356,0],[112.76167563000001,-7.1159060969999359,0],[112.76162198600002,-7.115948102999937,0],[112.76138558100001,-7.1163849799999639,0],[112.76128283200001,-7.117074352999964,0],[112.76144598100007,-7.1171502859999691,0],[112.76132264800003,-7.1174665389999632,0],[112.76124801700007,-7.1179931289999558,0],[112.76112195300004,-7.1180524639999589,0],[112.76099992200011,-7.1180858679999801,0],[112.76096616500001,-7.1181202179999445,0],[112.76094752800009,-7.1181317709999803,0],[112.76090554300004,-7.1181389699999613,0],[112.76065074300004,-7.1181826599999454,0],[112.76061544800007,-7.1181777739999461,0],[112.76057167800002,-7.1181745869999418,0],[112.76055626200002,-7.118175095999959,0],[112.76054370700001,-7.1181799279999609,0],[112.76052578200006,-7.118189564999966,0],[112.7605189730001,-7.1181982959999459,0],[112.76046789800012,-7.1183707359999744,0],[112.76044764700009,-7.1185870779999618,0],[112.76041761100009,-7.1187498679999521,0],[112.7603935620001,-7.1189618429999655,0],[112.76059463600006,-7.1190919479999479,0],[112.76058184500005,-7.1191535379999777,0],[112.76043989900006,-7.1196133989999453,0],[112.76048180800001,-7.1196509799999603,0],[112.76057654100009,-7.1196853069999406,0],[112.7605499120001,-7.1200170739999749,0],[112.76054683900009,-7.1200610129999404,0],[112.76074374100006,-7.120107624999946,0],[112.76078056300003,-7.1201163419999602,0],[112.76100105900002,-7.1201573679999797,0],[112.76119759700009,-7.1201960929999473,0],[112.76136064200011,-7.1202445139999782,0],[112.76157409000007,-7.1203214509999384,0],[112.76162162700007,-7.1203387549999775,0],[112.7616616250001,-7.1203522169999474,0],[112.76162940300003,-7.1203810479999561,0],[112.76161978900006,-7.1203914469999745,0],[112.76154950000011,-7.1204674749999413,0],[112.76145436700006,-7.1206424749999542,0],[112.76140924700007,-7.1207431229999543,0],[112.76140099200006,-7.1207766469999569,0],[112.76132662000009,-7.1207434379999768,0],[112.76108416900001,-7.1212252129999456,0],[112.76111044300001,-7.12124595399996,0],[112.76081243900001,-7.1218416069999648,0],[112.76077411200004,-7.1218782959999771,0],[112.76080897100007,-7.1219128519999799,0],[112.760939484,-7.1219087669999794,0],[112.76107601100011,-7.1219118359999811,0],[112.7610799790001,-7.1219121729999415,0],[112.7612377260001,-7.1219255729999418,0],[112.76153489500007,-7.1219746789999476,0],[112.76167392200011,-7.1220052499999724,0],[112.76172436800005,-7.1220445309999718,0],[112.76175463200002,-7.1220959299999436,0],[112.76175778700008,-7.1221756339999729,0],[112.76176260300008,-7.1222973109999543,0],[112.76177101400003,-7.1223433909999585,0],[112.76169322600003,-7.1223252439999669,0],[112.76159471100004,-7.1226724939999713,0],[112.76156758600007,-7.1226958339999555,0],[112.76153295500001,-7.1227210849999665,0],[112.76151635400004,-7.1227642099999571,0],[112.76151530300001,-7.1228024899999696,0],[112.76152735100004,-7.1228215829999613,0],[112.7615519090001,-7.1228377749999368,0],[112.76173171500011,-7.1228849369999807,0],[112.76162775600005,-7.1230867449999664,0],[112.76158391900003,-7.1232101159999388,0],[112.76157692200002,-7.123259184999938,0],[112.76157703100012,-7.1232878919999507,0],[112.76158848000011,-7.1234636829999545,0],[112.76149296900007,-7.1235394029999384,0],[112.76137476000008,-7.1236295659999769,0],[112.7613425400001,-7.1236728869999411,0],[112.76122958800011,-7.1238856359999545,0],[112.76102041500008,-7.1239881049999667,0],[112.76075749200004,-7.12412666299997,0],[112.76061111900003,-7.1242109509999523,0],[112.76049470600003,-7.1243011059999617,0],[112.76044625000009,-7.1243620819999478,0],[112.76044483500004,-7.1243986429999495,0],[112.76044611900011,-7.124421363999943,0],[112.76044990300011,-7.1244715889999384,0],[112.76045847300009,-7.1245205979999469,0],[112.7604526450001,-7.1245624859999452,0],[112.76043962400001,-7.1246020079999539,0],[112.76041099300005,-7.1246308249999402,0],[112.76039445300012,-7.1246381919999635,0],[112.76032243400005,-7.1246455149999406,0],[112.76021833800007,-7.124668637999946,0],[112.76012260200002,-7.1246857499999692,0],[112.76008078100006,-7.1247098319999509,0],[112.7600425710001,-7.1247386849999543,0],[112.76000555400003,-7.1247663359999365,0],[112.75996967500009,-7.1247784349999392,0],[112.75996009900007,-7.1247796679999738,0],[112.75979485400001,-7.1247826889999715,0],[112.75974101700001,-7.1247960519999651,0],[112.75968714800001,-7.1248010419999446,0],[112.75959880900007,-7.1248243879999791,0],[112.75948038000001,-7.1248828769999477,0],[112.75937990500006,-7.1249131639999632,0],[112.75927340500004,-7.1249339029999419,0],[112.75914048300001,-7.1249344079999446,0],[112.75897996900005,-7.1249218629999405,0],[112.75895950900008,-7.1249186409999652,0],[112.75895008300006,-7.1249593469999581,0],[112.75894786600009,-7.1250060039999425,0],[112.75896174700006,-7.1250485529999423,0],[112.7589720090001,-7.1250789169999393,0],[112.75898899900005,-7.1251291899999387,0],[112.75901006900006,-7.1252357159999633,0],[112.75884486900009,-7.1252506979999453,0],[112.75862907200008,-7.1251869279999482,0],[112.75862638900003,-7.1251876439999364,0],[112.7584926940001,-7.1252233289999367,0],[112.75833934800005,-7.1253776729999458,0],[112.75831375400003,-7.1254034339999635,0],[112.75810591000004,-7.1255405859999428,0],[112.75796910100007,-7.1256123079999725,0],[112.75787991000004,-7.1256590669999582,0],[112.75774737100005,-7.1257285499999625,0],[112.7573551270001,-7.1260372729999517,0],[112.75735337200001,-7.1260386549999453,0],[112.75734631000012,-7.1260600889999637,0],[112.75731075400006,-7.1261680009999395,0],[112.75738323300004,-7.1263327949999393,0],[112.75751181100009,-7.1265085299999669,0],[112.75749404300007,-7.1265854309999668,0],[112.75748219600007,-7.1266189679999457,0],[112.75745598800006,-7.1266549529999565,0],[112.75738437500002,-7.1267174249999812,0],[112.75730796200003,-7.1267775219999407,0],[112.75723759000005,-7.1268392179999296,0],[112.75723396300009,-7.1268423969999617,0],[112.75709534400005,-7.1269194769999444,0],[112.75699983600009,-7.1269963939999457,0],[112.75688505000005,-7.1270422839999696,0],[112.75688290200003,-7.1270424219999313,0],[112.7568060320001,-7.127047369999957,0],[112.75671707400011,-7.1269864759999564,0],[112.75667396100005,-7.126956962999941,0],[112.75664504800011,-7.1269116189999409,0],[112.75662331900003,-7.1268662479999421,0],[112.75659169200003,-7.1267371849999677,0],[112.75655561200006,-7.1266966529999536,0],[112.75645732500004,-7.1266731029999733,0],[112.7563998820001,-7.1266828909999731,0],[112.75633297700006,-7.1267238139999449,0],[112.75627801900009,-7.1267575149999516,0],[112.7561703990001,-7.1267985919999433,0],[112.75610098900006,-7.1268108179999672,0],[112.75604590400008,-7.1268110279999632,0],[112.75597884400008,-7.1268112819999487,0],[112.75588541100001,-7.1268044609999492,0],[112.7557680650001,-7.1268072989999496,0],[112.75569387500002,-7.1268219349999526,0],[112.75561983900002,-7.1268772389999526,0],[112.75556016400003,-7.1269300959999669,0],[112.75552679800001,-7.1269732839999733,0],[112.75546956400001,-7.1270380939999427,0],[112.75542657200003,-7.1270693559999359,0],[112.75533320300008,-7.1270792809999648,0],[112.7552325580001,-7.127065307999942,0],[112.75518211700012,-7.1270272239999599,0],[112.7551579850001,-7.1269794699999807,0],[112.75513864300001,-7.126931696999975,0],[112.75511693300007,-7.1268911099999741,0],[112.75505923500009,-7.1268339139999739,0],[112.75501848200008,-7.1268244999999411,0],[112.75498975200003,-7.1268269989999453,0],[112.75493719800011,-7.1268630849999681,0],[112.7548823410001,-7.1269230999999422,0],[112.75481316700007,-7.1269975249999789,0],[112.75473928600002,-7.1270934979999652,0],[112.75466303700011,-7.1271966569999563,0],[112.75460818900001,-7.1272590649999756,0],[112.7544125710001,-7.1273775559999422,0],[112.75439741900004,-7.1274733389999483,0],[112.75438652700007,-7.1275421979999578,0],[112.7544010790001,-7.1275899899999331,0],[112.75444687600009,-7.127666369999929,0],[112.75455296600001,-7.127852566999934,0],[112.75458442900003,-7.1279385709999588,0],[112.75461113900008,-7.1280341609999596,0],[112.7546188340001,-7.128168101999961,0],[112.7546504610001,-7.1282971659999248,0],[112.75470115600001,-7.1284022349999532,0],[112.75479017200007,-7.1285071589999802,0],[112.75487187700003,-7.1285786169999596,0],[112.75492999400001,-7.1287458579999452,0],[112.75494948200003,-7.1288319069999488,0],[112.75494489300002,-7.1288845559999459,0],[112.75495117300011,-7.129011792999961,0],[112.75497674700011,-7.1290734269999803,0],[112.75505725400001,-7.129185606999954,0],[112.75509234600008,-7.1292404499999407,0],[112.75521589900006,-7.1293357199999718,0],[112.75541668400001,-7.1295047639999325,0],[112.75546953000003,-7.1295452319999413,0],[112.75550570100006,-7.1296096869999701,0],[112.75551786700009,-7.1296598789999734,0],[112.75549654000008,-7.1297197669999264,0],[112.75546084200005,-7.1297797109999692,0],[112.7553488960001,-7.1299428129999569,0],[112.75532764100001,-7.1300218399999267,0],[112.75533187200006,-7.1300864919999754,0],[112.75533781400009,-7.1301773009999465,0],[112.75533322400008,-7.1302299499999435,0],[112.7552453190001,-7.1304168829999526,0],[112.75520965700002,-7.1304863959999807,0],[112.75516206700001,-7.1305679149999719,0],[112.7551503740001,-7.1306421209999371,0],[112.75517463400001,-7.1307233679999626,0],[112.7552252480001,-7.1308069059999752,0],[112.75526151100007,-7.1308952829999726,0],[112.75527634600007,-7.1310172349999448,0],[112.75527437900007,-7.1311296799999582,0],[112.75531789000001,-7.1312347769999747,0],[112.75533730600011,-7.1313016879999509,0],[112.75532311800009,-7.1313495869999315,0],[112.75530904800007,-7.1314285869999594,0],[112.75530694500003,-7.1315051489999632,0],[112.75530486900004,-7.1315888879999534,0],[112.75529314000005,-7.1316535249999333,0],[112.75526958100011,-7.1317564829999469,0],[112.75526521900008,-7.1318689379999682,0],[112.75527508200003,-7.131943061999948,0],[112.75532962200009,-7.132158894999975,0],[112.75482714400005,-7.132911303999947,0],[112.7545176110001,-7.1327617649999411,0],[112.75442010800009,-7.1327782359999787,0],[112.75437956200005,-7.1328226479999444,0],[112.75434981900003,-7.1328741949999426,0],[112.75421205500004,-7.1331761489999508,0],[112.75415504700004,-7.1333007649999445,0],[112.75411469100004,-7.1333954149999386,0],[112.75407604400004,-7.1334818209999753,0],[112.75405413200008,-7.1335308109999573,0],[112.75402345200007,-7.1336505429999306,0],[112.75389285500012,-7.1341814959999397,0],[112.75379292500008,-7.1344298619999336,0],[112.75376683700006,-7.1348189639999759,0],[112.75375051800006,-7.1349362489999635,0],[112.75369868300004,-7.1351435489999631,0],[112.75367615200003,-7.1353178959999468,0],[112.75394138000001,-7.1353697279999437,0],[112.75379964500007,-7.1358870049999723,0],[112.75390996400006,-7.135924862999957,0],[112.75427199500007,-7.1360227679999753,0],[112.7543079940001,-7.136041769999963,0],[112.75432723200004,-7.1360620309999376,0],[112.75432030200011,-7.1361290419999364,0],[112.75423870200007,-7.1363996829999792,0],[112.75419465300001,-7.1364680309999358,0],[112.75412896700004,-7.1365149309999651,0],[112.75403592300006,-7.1366109769999753,0],[112.75398831900009,-7.1366889079999396,0],[112.75391378800009,-7.1368423279999433,0],[112.75354168300009,-7.1367109869999581,0],[112.75350840100009,-7.136704606999956,0],[112.75348576900001,-7.1367994279999607,0],[112.75338705700005,-7.1372935749999442,0],[112.7532708220001,-7.1377145849999692,0],[112.75325227600001,-7.1377505399999563,0],[112.75318706300004,-7.137984754999934,0],[112.75319857600005,-7.1379890179999279,0],[112.75372675800008,-7.1381937059999814,0],[112.75366834200008,-7.1383259839999482,0],[112.75340859900007,-7.1387992129999702,0],[112.7532773690001,-7.1390566449999255,0],[112.75295127800007,-7.1389124929999639,0],[112.75291765200006,-7.1389004729999783,0],[112.75242379300005,-7.1386895579999532,0],[112.75225879000004,-7.1386311479999449,0],[112.75215901600006,-7.13859582799995,0],[112.75209605200007,-7.1388682199999494,0],[112.75199710700008,-7.1392962749999356,0],[112.75192129900006,-7.1392714819999696,0],[112.75186020300009,-7.139266331999977,0],[112.75179191800009,-7.1392600119999656,0],[112.7517326410001,-7.1392602369999736,0],[112.75166558700005,-7.139262882999958,0],[112.7515571240001,-7.1392405679999342,0],[112.75137377100009,-7.1392071739999778,0],[112.75120176500002,-7.1391659619999359,0],[112.75097871600008,-7.1390860679999264,0],[112.7509101390001,-7.1390615509999407,0],[112.75090256700003,-7.139058843999976,0],[112.75067710200005,-7.1389735769999447,0],[112.7505391950001,-7.138923861999956,0],[112.75045646000001,-7.138896663999958,0],[112.75042106400008,-7.1388788559999625,0],[112.75036950000003,-7.1388605109999617,0],[112.75032154600001,-7.1388469369999257,0],[112.75027537000005,-7.1388285719999658,0],[112.75025256900005,-7.1388160989999392,0],[112.75022830600005,-7.1387969329999805,0],[112.75021879100007,-7.1388141929999733,0],[112.75020846700011,-7.1388706909999655,0],[112.75020478500005,-7.1389099389999728,0],[112.75016054000002,-7.1390281919999552,0],[112.75014598300004,-7.1390670979999413,0],[112.75005310000006,-7.139331560999949,0],[112.75001223600009,-7.1394187969999621,0],[112.74988904000008,-7.1396585749999417,0],[112.749841489,-7.1397508589999461,0],[112.7497350320001,-7.1399414519999596,0],[112.74970182400011,-7.1400265049999803,0],[112.74960778400009,-7.140175782999961,0],[112.74948813600008,-7.1403616409999699,0],[112.7493673240001,-7.1405564739999363,0],[112.74920247400007,-7.1408226459999469,0],[112.74909843300009,-7.1409520539999676,0],[112.74905943700003,-7.141013424999926,0],[112.74899543000004,-7.1409964259999583,0],[112.7485571310001,-7.1408603789999461,0],[112.74826705400005,-7.1407897089999324,0],[112.74809982700003,-7.1407460849999325,0],[112.74801948300001,-7.1407176819999449,0],[112.74798068600001,-7.1407061269999303,0],[112.74789060000001,-7.1406792949999272,0],[112.7477581500001,-7.140648098999975,0],[112.74771022200002,-7.1406411029999504,0],[112.74750759800008,-7.1405790729999694,0],[112.74748751700008,-7.1406521149999662,0],[112.7474830000001,-7.1406635179999398,0],[112.74746853800002,-7.1407000329999732,0],[112.74744217700004,-7.1407593429999565,0],[112.74740378500007,-7.1408671419999337,0],[112.74737248600002,-7.1409505129999502,0],[112.74735251400011,-7.1409893449999799,0],[112.74729408600001,-7.141118750999965,0],[112.74725990800005,-7.1412006979999774,0],[112.74717453000005,-7.1413435309999613,0],[112.74684121400003,-7.1418711029999713,0],[112.746507081,-7.1421833699999411,0],[112.74642373000006,-7.1423092809999389,0],[112.74634582100009,-7.1422916349999355,0],[112.74598186200001,-7.1426339179999445,0],[112.74572609000006,-7.1430834449999452,0],[112.74556137700006,-7.1434811929999569,0],[112.74548900700006,-7.1437240489999567,0],[112.74548203400002,-7.1437800549999793,0],[112.74535498200009,-7.1447138389999623,0],[112.7452190780001,-7.1451928179999413,0],[112.7449999800001,-7.1458395729999324,0],[112.74481753200007,-7.1463845839999749,0],[112.74474538700008,-7.1466000979999649,0],[112.74472771900002,-7.1466779149999411,0],[112.74468630300009,-7.1468096489999766,0],[112.74517147500001,-7.1468496779999668,0],[112.74529692400006,-7.146771451999939,0],[112.74544072200001,-7.146794831999955,0],[112.74572759200009,-7.146650205999947,0],[112.74584737100008,-7.1466557329999318,0],[112.74593149500004,-7.1467331649999437,0],[112.74629099100002,-7.1467916109999692,0],[112.74671040900012,-7.1468617909999352,0],[112.74684810600002,-7.1468552879999265,0],[112.74705051000001,-7.1465435199999661,0],[112.74731854000004,-7.1457985189999249,0],[112.74740602800011,-7.1455553429999554,0],[112.74790365100012,-7.1457209179999381,0],[112.74837142600006,-7.1459105289999343,0],[112.74852242500003,-7.1459780689999661,0],[112.74862334500006,-7.1460232089999636,0],[112.74863610300008,-7.1460192349999261,0],[112.74870109500011,-7.1459989899999528,0],[112.74938465800005,-7.1462475899999731,0],[112.74946780400001,-7.1460678509999411,0],[112.74980362200006,-7.1461981539999329,0],[112.75059510200003,-7.1464822259999323,0],[112.7511105750001,-7.1466178259999538,0],[112.75050697600011,-7.1479553789999386,0],[112.75046408200001,-7.1479405329999395,0],[112.7503594210001,-7.148005522999938,0],[112.75031929800002,-7.1480358179999257,0],[112.75029536600005,-7.1480843139999592,0],[112.75019524300001,-7.1482872039999279,0],[112.75018290000003,-7.1483079289999409,0],[112.75010020000002,-7.1484747149999635,0],[112.7499654400001,-7.1487031819999629,0],[112.75040186300009,-7.1489613289999738,0],[112.75085846500008,-7.1492351879999774,0],[112.75104858500004,-7.1493464269999549,0],[112.75133952100009,-7.1495146959999261,0],[112.75163048900004,-7.1496915779999313,0],[112.75165506100006,-7.1497288039999489,0],[112.75165677200005,-7.1498005679999324,0],[112.75161757900003,-7.150074874999973,0],[112.75160136300008,-7.1501939149999316,0],[112.75172912900007,-7.1502338439999562,0],[112.75174899300009,-7.1502423159999466,0],[112.75174192000009,-7.1503317629999401,0],[112.75196921200006,-7.1503824509999276,0],[112.75195405600005,-7.150436205999938,0],[112.7522095700001,-7.1506028249999645,0],[112.7521719450001,-7.1507359149999274,0],[112.7527378210001,-7.15094770099995,0],[112.75328369600004,-7.15120279599995,0],[112.75359568100009,-7.1513630889999718,0],[112.75400945700005,-7.1515229939999472,0],[112.7540418640001,-7.1515541459999667,0],[112.7538260230001,-7.1518557649999366,0],[112.75374185300007,-7.1520084559999759,0],[112.75388012200006,-7.1521514679999427,0],[112.75357249700005,-7.1531334849999553,0],[112.75350653800001,-7.1531098129999577,0],[112.75339379600007,-7.1533793769999647,0],[112.75299191600004,-7.1547684459999346,0],[112.75418617800005,-7.1554636469999764,0],[112.75495445600006,-7.1559391789999722,0],[112.75525469700005,-7.1561593229999403,0],[112.75526690100003,-7.1562190839999289,0],[112.75529156200002,-7.1564043939999351,0],[112.7551703150001,-7.1566416939999726,0],[112.75604853600009,-7.1570546059999742,0],[112.75600627300003,-7.1572772509999254,0],[112.75625847900005,-7.1574628879999409,0],[112.7566402440001,-7.1577054469999553,0],[112.7569776040001,-7.1576108589999308,0],[112.75720051900009,-7.1576530689999345,0],[112.75737264200006,-7.1575662889999307,0],[112.75764472900005,-7.1573140589999298,0],[112.75787485700005,-7.1573634179999317,0],[112.7580331580001,-7.1574202289999675,0],[112.75839972800009,-7.1574475359999497,0],[112.75861553900006,-7.1575113029999784,0],[112.75925526700007,-7.1575662729999294,0],[112.75937185800001,-7.1579892649999692,0],[112.75963824300004,-7.1581246079999801,0],[112.75981179600001,-7.15841101999996,0],[112.75989188100004,-7.158683435999933,0],[112.76020198700007,-7.1589765019999732,0],[112.7602601320001,-7.1591485249999778,0],[112.76025379800001,-7.1593710329999567,0],[112.76044819400011,-7.1594707669999593,0],[112.76068539700009,-7.1594913889999248,0],[112.76082952000002,-7.1595984909999402,0],[112.7609813790001,-7.1598491009999634,0],[112.76117629700002,-7.1600851929999294,0],[112.76143530700006,-7.1601703239999779,0],[112.76162353500001,-7.1605356239999765,0],[112.7618963650001,-7.1604771639999285,0],[112.76192460300001,-7.1602399819999505,0],[112.76194509200002,-7.1600678949999406,0],[112.76204527700008,-7.1599598579999792,0],[112.76245562200006,-7.1601592399999276,0],[112.76282233100005,-7.1602224259999616,0],[112.7628933310001,-7.15999967099998,0],[112.76349738300007,-7.1601193629999784,0],[112.76402228300003,-7.160210650999943,0],[112.7642021150001,-7.1602601989999357,0],[112.7646255630001,-7.1601293909999413,0],[112.76473301500005,-7.1600428569999508,0],[112.76497016400003,-7.1600491239999542,0],[112.7651356240001,-7.1600987269999337,0],[112.76526449300002,-7.1599762259999693,0],[112.76528524900004,-7.1597680169999762,0],[112.7652978540001,-7.1593086479999783,0],[112.7650316590001,-7.1592235469999537,0],[112.76511001000006,-7.1590438249999693,0],[112.76535379200004,-7.158906528999978,0],[112.76513082100007,-7.1588499689999594,0],[112.76537957000005,-7.1575552409999545,0],[112.765398516,-7.1574566279999772,0],[112.76570167600005,-7.157550515999958,0],[112.76570920100005,-7.1575528459999305,0],[112.76590210500001,-7.1576125879999495,0],[112.76601687900006,-7.1575619089999805,0],[112.76662254600001,-7.1577629079999383,0],[112.76676513300004,-7.1578102279999598,0],[112.76679724000007,-7.1577322199999571,0],[112.76687168300009,-7.1575513489999594,0],[112.7669929430001,-7.1572567339999296,0],[112.76668216200005,-7.1570935559999498,0],[112.76664013600009,-7.1570714899999643,0],[112.76669175400002,-7.1569111799999519,0],[112.76684605600008,-7.1564319579999278,0],[112.76716276800005,-7.1565742799999725,0],[112.76710625100009,-7.15682568699998,0],[112.76778944900002,-7.1569737779999514,0],[112.76777054400009,-7.1576628299999356,0],[112.76787141800003,-7.1577342119999798,0],[112.76812277100009,-7.1576973609999754,0],[112.7681377780001,-7.1578623719999541,0],[112.76774285300007,-7.1579356569999391,0],[112.76769338400004,-7.1581511539999383,0],[112.76762188800001,-7.1582447269999534,0],[112.76763409900002,-7.1583115369999746,0],[112.7676952920001,-7.1586463499999695,0],[112.76796120800009,-7.15865968199995,0],[112.76838446000011,-7.1584786339999482,0],[112.76866469200002,-7.1584775569999692,0],[112.76910966500009,-7.1583394869999779,0],[112.76912289300003,-7.1583344939999733,0],[112.76970520100008,-7.1581147139999644,0],[112.77006414200002,-7.1580272109999328,0],[112.7702068750001,-7.1580278279999447,0],[112.77025436700001,-7.1580876779999585,0],[112.77026408000006,-7.1581220899999494,0],[112.77028345500003,-7.158177516999956,0],[112.77028756000004,-7.1582483119999551,0],[112.77026865700009,-7.158315368999979,0],[112.77023054900008,-7.1583710159999328,0],[112.77017910200004,-7.1584458529999324,0],[112.77013914300005,-7.1585187329999371,0],[112.7701299690001,-7.1586240289999523,0],[112.77013452400001,-7.1588115669999297,0],[112.77013757600002,-7.1591062839999609,0],[112.77013705600007,-7.1594679999999471,0],[112.77013617200009,-7.1597359389999724,0],[112.77014606300008,-7.1598162819999516,0],[112.77015619700001,-7.1599597799999515,0],[112.7701954580001,-7.1602026849999447,0],[112.77026728400006,-7.1604435509999576,0],[112.77031198200007,-7.1606060549999597,0],[112.77034138100009,-7.1607762729999536,0],[112.77034211900002,-7.1609676519999539,0],[112.77036420100001,-7.1612278479999532,0],[112.77028373500002,-7.1612170419999757,0],[112.77013652100004,-7.1612122299999328,0],[112.76987414400003,-7.1611857289999534,0],[112.76971602600008,-7.1611767669999722,0],[112.76946102800002,-7.1612004749999301,0],[112.76908155500007,-7.1612437999999656,0],[112.76857048200009,-7.161322317999975,0],[112.76828564200002,-7.1613712579999742,0],[112.76792194300003,-7.1614276369999743,0],[112.76793766600008,-7.1618750079999813,0],[112.76801742500004,-7.162061299999948,0],[112.76812570600009,-7.1621900669999263,0],[112.76814859000001,-7.1625344689999793,0],[112.76815404500007,-7.1626240879999727,0],[112.76821234100009,-7.1626059959999679,0],[112.76828727700001,-7.1625850139999443,0],[112.76837270500005,-7.1625655309999274,0],[112.76851600100008,-7.1625979999999458,0],[112.76862300100004,-7.162643998999954,0],[112.7686454740001,-7.1626854289999642,0],[112.76868294300004,-7.16274088199998,0],[112.768702426,-7.1627708569999413,0],[112.76871741400009,-7.1627903409999476,0],[112.76872190900008,-7.1627934379999374,0],[112.76876755900003,-7.1628248849999636,0],[112.76878485600002,-7.162836800999969,0],[112.76886428900002,-7.162872770999968,0],[112.76890224400006,-7.1628960619999589,0],[112.76893023400009,-7.1629132369999411,0],[112.76899168200009,-7.1629342189999647,0],[112.76900253600002,-7.1629379059999678,0],[112.7690711140001,-7.1629611959999693,0],[112.76913106300003,-7.1629671909999502,0],[112.76918202000002,-7.1629641929999366,0],[112.76923447600007,-7.1629252259999703,0],[112.7692615740001,-7.1628648729999327,0],[112.76926744800005,-7.1628517889999443,0],[112.76932889600005,-7.1627723559999481,0],[112.76935993500001,-7.1627508679999323,0],[112.76936786300007,-7.1627453789999436,0],[112.76939633900008,-7.162733388999925,0],[112.76942331600003,-7.1627258949999373,0],[112.76945778700008,-7.1627094089999446,0],[112.76948626300009,-7.1626749379999524,0],[112.76960700100005,-7.1625729999999521,0],[112.76994300100012,-7.1623949999999468,0],[112.77010300100005,-7.1622579999999516,0],[112.77021000100001,-7.1621879999999578,0],[112.77038413100001,-7.1620510429999626,0],[112.77051855700006,-7.161974503999943,0],[112.77079765300005,-7.1618155919999253,0],[112.77114644100004,-7.1616169979999427,0],[112.77122058300006,-7.1615747819999456,0],[112.77147121500002,-7.1614348689999474,0],[112.77157999100007,-7.1613470619999475,0],[112.77164593500004,-7.1613095929999417,0],[112.77183780400003,-7.1612440389999392,0],[112.77211895200003,-7.1612362069999449,0],[112.77228500100011,-7.1612049999999385,0],[112.77254500100003,-7.1611209989999338,0],[112.77327000100001,-7.1608009999999354,0],[112.77374300100007,-7.1605599999999754,0],[112.77422400100011,-7.1603179999999611,0],[112.77435020400003,-7.1602660759999708,0],[112.77439900100001,-7.1602459999999724,0],[112.77444831200012,-7.1602252709999448,0],[112.77511353700004,-7.1599456319999604,0],[112.77526168700001,-7.1598745319999466,0],[112.77551106900012,-7.1599757639999666,0],[112.7755303030001,-7.1600846739999611,0],[112.77554776600005,-7.1602718269999741,0],[112.77552504800008,-7.1604723419999345,0],[112.7755440840001,-7.1605516579999744,0],[112.77557898200007,-7.1605802109999672,0],[112.77563834800003,-7.1605690759999447,0],[112.77565704300002,-7.1605655689999708,0],[112.77572991000011,-7.1604901419999578,0],[112.77589184300007,-7.1602904559999274,0],[112.77601901700007,-7.1601754469999719,0],[112.7760641970001,-7.1601345879999485,0],[112.776359447,-7.1600236819999736,0],[112.77648683900009,-7.1600026989999606,0],[112.77643241600003,-7.1597489849999647,0],[112.77638835100004,-7.1596160579999264,0],[112.77649531900011,-7.1595557529999496,0],[112.77657305000002,-7.1595411809999518,0],[112.77664523500005,-7.1595344139999497,0],[112.77667295700007,-7.1595318149999798,0],[112.77674738400003,-7.1595248379999248,0],[112.77678208900011,-7.159490132999963,0],[112.77681955800006,-7.1594616569999516,0],[112.77687201300012,-7.1594226899999285,0],[112.77689899000006,-7.159404704999929,0],[112.77694395200001,-7.1593912169999498,0],[112.77698591700005,-7.1593912169999498,0],[112.77701289400011,-7.1594136979999803,0],[112.77702488400007,-7.1594376769999712,0],[112.77703987100006,-7.1594706499999461,0],[112.77705635700011,-7.1595201079999811,0],[112.77706684800012,-7.1595590749999474,0],[112.77709082800004,-7.1595860519999519,0],[112.77713429100004,-7.1596070339999756,0],[112.77718824600004,-7.1596190239999373,0],[112.77725718700003,-7.1596235199999683,0],[112.77729465500011,-7.1596190239999373,0],[112.77733212400005,-7.1596040369999514,0],[112.77737558700005,-7.159590547999926,0],[112.7774100580001,-7.1595830539999383,0],[112.77745801700007,-7.1595830539999383,0],[112.77749098900006,-7.1595860519999519,0],[112.77754794100008,-7.1595950439999569,0],[112.77760189600008,-7.1596055349999688,0],[112.77767683200011,-7.1596205229999441,0],[112.77773078600001,-7.159626517999925,0],[112.77782370800003,-7.1596729779999464,0],[112.77786267500005,-7.1596969579999268,0],[112.7779046390001,-7.1597344259999431,0],[112.77796309000007,-7.1597883809999416,0],[112.77799756100001,-7.1598018689999776,0],[112.77817735400004,-7.1597807119999288,0],[112.77818671800003,-7.1597281299999622,0],[112.77829756800008,-7.1596675009999444,0],[112.77840895500003,-7.1596950519999609,0],[112.77861517500003,-7.159682360999966,0],[112.77881504900006,-7.1596633259999294,0],[112.77891340000008,-7.1597236049999537,0],[112.779135483,-7.159755329999939,0],[112.77935756600004,-7.1597109139999588,0],[112.77952254200011,-7.1596760159999349,0],[112.77971607200004,-7.1596664969999324,0],[112.77983967900002,-7.159582486999966,0],[112.78003428900001,-7.1595558569999298,0],[112.78009097400002,-7.1595480979999593,0],[112.78023908500006,-7.1596563589999391,0],[112.78019830900007,-7.1597680219999802,0],[112.78023374300005,-7.1598888059999695,0],[112.78036564400009,-7.1599350469999763,0],[112.78042039200011,-7.1599678969999445,0],[112.78054095200002,-7.1600123129999815,0],[112.78063930300004,-7.1600694189999672,0],[112.78084235000006,-7.1600503839999305,0],[112.78102211200007,-7.1599725829999556,0],[112.78125924000005,-7.1599583619999407,0],[112.78138617100001,-7.1599963569999545,0],[112.78142406000006,-7.1600020469999777,0],[112.78151774300011,-7.1600399139999809,0],[112.78160208000008,-7.1600559479999788,0],[112.78165341300007,-7.1600590319999355,0],[112.78170811900009,-7.1600201409999613,0],[112.78175323300002,-7.1599722389999556,0],[112.78176957100004,-7.159897300999944,0],[112.78177863900009,-7.1598756409999282,0],[112.78178012400008,-7.1598728349999305,0],[112.7818235850001,-7.1598451029999524,0],[112.78209561500012,-7.1598420869999586,0],[112.78226264800003,-7.1597331129999588,0],[112.78273389600008,-7.1596900489999484,0],[112.78338602600002,-7.1599245079999605,0],[112.78360498900008,-7.1600680559999432,0],[112.78390578700009,-7.1601078059999281,0],[112.78452288900007,-7.1600611879999292,0],[112.78495659700002,-7.160072768999953,0],[112.78506178200007,-7.1600784909999788,0],[112.78523643500012,-7.1599997019999364,0],[112.78542827300009,-7.1599487449999515,0],[112.78569800100001,-7.1600159999999278,0],[112.78591100100004,-7.1600479999999607,0],[112.78643800100008,-7.1601189999999519,0],[112.78677300100003,-7.1600609999999278,0],[112.78710900100009,-7.1600169999999252,0],[112.78755523900008,-7.1599543689999336,0],[112.78820317800012,-7.1599967409999294,0],[112.78836779200003,-7.1600123129999815,0],[112.78862160100005,-7.1600027939999791,0],[112.78891982700009,-7.1599996229999761,0],[112.78908163000006,-7.1599837589999424,0],[112.78927252000005,-7.1599562389999392,0],[112.78952430700008,-7.1599682289999578,0],[112.78972214000009,-7.1600581519999764,0],[112.78971699100009,-7.1603568139999538,0],[112.78971614500006,-7.1604058579999332,0],[112.78992500100003,-7.1604029999999739,0],[112.79031400100007,-7.1604319999999575,0],[112.79061250200004,-7.1604712029999291,0],[112.7907166870001,-7.1604756219999786,0],[112.79074427500007,-7.1604830429999424,0],[112.79077949500004,-7.1604965309999784,0],[112.79080722100002,-7.160510019999947,0],[112.79083419800008,-7.160519011999952,0],[112.79086866900002,-7.1605384959999583,0],[112.79089864400009,-7.1605759639999746,0],[112.79091063400006,-7.1606044399999291,0],[112.79094810200002,-7.1606673869999327,0],[112.79095130700011,-7.1607170489999703,0],[112.79095409700005,-7.1607603079999649,0],[112.79094660300007,-7.1608052699999689,0],[112.79095110000003,-7.1608442369999352,0],[112.79095110000003,-7.160890697999946,0],[112.79096458800007,-7.1609281659999624,0],[112.79098706900004,-7.1609371589999569,0],[112.79101704400011,-7.1609161759999438,0],[112.79102753500001,-7.1608862019999719,0],[112.79105151500005,-7.1608232549999684,0],[112.79110258600008,-7.16067856199993,0],[112.79110858500007,-7.1606721559999755,0],[112.79123310300008,-7.1605391969999346,0],[112.7913532230001,-7.1604152349999595,0],[112.79152649300011,-7.1602069349999624,0],[112.79179263000003,-7.1598869949999653,0],[112.79202898900007,-7.1596506349999345,0],[112.79274091100001,-7.1591945079999277,0],[112.7932503510001,-7.158968295999955,0],[112.79326813900002,-7.1589597689999778,0],[112.79334157700009,-7.1589387869999541,0],[112.79338953600006,-7.1589290449999794,0],[112.79340976900005,-7.1589290449999794,0],[112.79342475600004,-7.15893429099998,0],[112.79344723700001,-7.1589545239999666,0],[112.79345997700011,-7.158978503999947,0],[112.7934697180001,-7.1590039819999447,0],[112.79347118500004,-7.1590094069999282,0],[112.79347443100005,-7.1590214179999521,0],[112.79347721200008,-7.1590317089999758,0],[112.79349444700006,-7.1590579359999538,0],[112.79352442200002,-7.1590811669999539,0],[112.79356189000009,-7.1590939059999528,0],[112.79359111600002,-7.1590954049999596,0],[112.79364507000003,-7.159092406999946,0],[112.79367354600004,-7.159084163999978,0],[112.79369977400006,-7.159075171999973,0],[112.79370041900006,-7.1590749929999333,0],[112.7937132620001,-7.1590714249999792,0],[112.79374098900007,-7.1590714249999792,0],[112.79382042200007,-7.1590744219999465,0],[112.79404400100009,-7.1591209989999811,0],[112.79410443100005,-7.1591358699999432,0],[112.79408868700011,-7.1592242839999471,0],[112.79408494800009,-7.1592452779999576,0],[112.79411767200008,-7.1592527319999704,0],[112.79431200100009,-7.1592969999999809,0],[112.79433823300008,-7.1594026449999433,0],[112.79453831400008,-7.159284993999961,0],[112.79461400000002,-7.159278249999943,0],[112.79463430400006,-7.1592435729999693,0],[112.79468069400002,-7.1591643459999545,0],[112.79472190900003,-7.1591126399999325,0],[112.79476312400004,-7.1590916579999657,0],[112.79481782800008,-7.1590849129999583,0],[112.79485300100009,-7.1590679999999338,0],[112.79510708300006,-7.1589372879999473,0],[112.79531409500009,-7.1588692169999604,0],[112.79550424700005,-7.1588203869999347,0],[112.79566536000004,-7.1587821699999381,0],[112.7956601520001,-7.1587540199999466,0],[112.79563388700001,-7.1586120639999535,0],[112.79573055500009,-7.1585895829999799,0],[112.79574774500009,-7.1586590289999776,0],[112.79576802400004,-7.1587409549999279,0],[112.79605578000007,-7.158663019999949,0],[112.79615844300008,-7.1586427879999519,0],[112.7963742610001,-7.1586030709999591,0],[112.79650237600003,-7.1585687739999457,0],[112.7965647740001,-7.1585620879999396,0],[112.79673920200003,-7.1589500279999356,0],[112.79668899400008,-7.1589665139999283,0],[112.79671822000012,-7.1590534399999797,0],[112.79664927800002,-7.1590669289999482,0],[112.79666876100009,-7.159135120999963,0],[112.79686434600001,-7.159084163999978,0],[112.79680439700007,-7.1590114759999324,0],[112.79672646300003,-7.1588196379999545,0],[112.79674444700004,-7.1587821699999381,0],[112.79683362200001,-7.1586937439999474,0],[112.7969715050001,-7.1585648539999625,0],[112.79702041500002,-7.1585122929999443,0],[112.79702171300005,-7.158510898999964,0],[112.79708241100002,-7.1584584439999617,0],[112.79708915600008,-7.1585004079999521,0],[112.79717330500011,-7.1584846689999608,0],[112.7973082200001,-7.1584513869999569,0],[112.79731041000002,-7.1584508599999594,0],[112.7972892360001,-7.1583730159999277,0],[112.79737016800004,-7.1583587779999789,0],[112.79738365600008,-7.158414979999975,0],[112.79748632000008,-7.1583969959999649,0],[112.79748853100011,-7.1584080509999808,0],[112.79748920300005,-7.1584114109999746,0],[112.79749081600005,-7.1584194769999385,0],[112.79755750900006,-7.1584029909999458,0],[112.79755638300003,-7.1583965719999583,0],[112.7975555700001,-7.1583919379999656,0],[112.79755001600006,-7.1583602769999288,0],[112.79757999000003,-7.1583580289999418,0],[112.79758074000006,-7.1583340489999614,0],[112.79760696700009,-7.1583318009999743,0],[112.79776058700008,-7.1583183119999489,0],[112.79776208600003,-7.1582958309999754,0],[112.79781379200006,-7.1582958309999754,0],[112.79781549600011,-7.1583294669999304,0],[112.79781599000012,-7.1583392289999779,0],[112.79781679000007,-7.1583550309999282,0],[112.79797790400005,-7.1583400439999423,0],[112.79797940200001,-7.158408235999957,0],[112.79807382200011,-7.1583932489999711,0],[112.79809030800004,-7.1584816739999724,0],[112.79813002500009,-7.1584756789999346,0],[112.79809237200004,-7.158278179999968,0],[112.79809030800004,-7.158267354999964,0],[112.79811267100001,-7.1582604739999738,0],[112.79814875900001,-7.158249370999954,0],[112.79814288300008,-7.15822619599993,0],[112.7981352700001,-7.1581961659999251,0],[112.79817999400007,-7.1581840899999634,0],[112.79821020700001,-7.1581759329999386,0],[112.79820904700011,-7.1581642249999504,0],[112.79819372100008,-7.1580095729999584,0],[112.79816899200011,-7.1578806819999272,0],[112.79820524400009,-7.1578708469999697,0],[112.7983615280001,-7.1578358989999629,0],[112.79840804000003,-7.1580387989999394,0],[112.79842602400004,-7.158110737999948,0],[112.79843351800002,-7.1581564489999323,0],[112.79844775600009,-7.158224640999947,0],[112.79848747200003,-7.1581849249999436,0],[112.79857215100003,-7.1581092389999412,0],[112.79868633500007,-7.158073672999933,0],[112.79877537900006,-7.1580459379999297,0],[112.79880070700005,-7.1580380489999698,0],[112.79880050100007,-7.1580371609999816,0],[112.79878646900011,-7.157976600999973,0],[112.79881712600002,-7.1579665229999705,0],[112.79884117300003,-7.1579586169999629,0],[112.79884030000005,-7.1579550149999704,0],[112.79882918300007,-7.1579091579999385,0],[112.79886497700011,-7.1578945149999527,0],[112.79889512700004,-7.157882180999934,0],[112.79888988200003,-7.157862697999974,0],[112.79908641000009,-7.1578133469999443,0],[112.79909600000008,-7.1578109399999335,0],[112.79930882500003,-7.1577574979999667,0],[112.7993248890001,-7.1578121159999455,0],[112.7994732630001,-7.1577896349999719,0],[112.79947925800002,-7.1577371789999802,0],[112.79955719200007,-7.1577356799999734,0],[112.79955719200007,-7.1577023959999337,0],[112.79955719200007,-7.1576712349999525,0],[112.79962163800008,-7.1576742319999767,0],[112.7996246350001,-7.1576262729999485,0],[112.79967709100004,-7.1576292699999726,0],[112.79967878700006,-7.1576750689999358,0],[112.79968008800006,-7.1577102019999757,0],[112.8000153270001,-7.1576970229999688,0],[112.80011684200008,-7.15769303299993,0],[112.80038876900005,-7.1577138959999616,0],[112.80049315000008,-7.1577113259999692,0],[112.80048825600011,-7.15768318399995,0],[112.80048715500004,-7.157676854999977,0],[112.8005151970001,-7.1576732319999792,0],[112.80055384900004,-7.1576682369999389,0],[112.80055384900004,-7.1576589529999524,0],[112.80055384900004,-7.1576202779999676,0],[112.80078841700004,-7.1575722979999341,0],[112.80082952600003,-7.1575638889999595,0],[112.80088357000011,-7.1575528349999331,0],[112.80088497800011,-7.1575791109999614,0],[112.80088806600008,-7.1576367639999603,0],[112.80106042000011,-7.1576307689999794,0],[112.80105712400007,-7.1575978059999557,0],[112.80105142800005,-7.1575408449999713,0],[112.80121628800009,-7.1575213619999545,0],[112.80122378200008,-7.1575768149999703,0],[112.80174833800004,-7.1575678219999759,0],[112.80181728900004,-7.1575994109999783,0],[112.80200770800002,-7.1576257809999788,0],[112.8025481520001,-7.1577006199999573,0],[112.80388822600003,-7.1579807259999484,0],[112.80423219800002,-7.1580447439999375,0],[112.8043827140001,-7.1580727579999461,0],[112.80452238500004,-7.1583391679999409,0],[112.80456375500012,-7.1583795529999747,0],[112.80463907500007,-7.158453078999969,0],[112.80471675500007,-7.1585285379999277,0],[112.80475011700003,-7.1585609479999448,0],[112.80538791200001,-7.1586429519999797,0],[112.80565030600008,-7.158555855999964,0],[112.80621682500009,-7.1583678109999482,0],[112.80651234800007,-7.1582284419999382,0],[112.80663721700012,-7.1582596649999459,0],[112.80676300100004,-7.1582539999999426,0],[112.80732000100011,-7.15820999999994,0],[112.80760900100006,-7.1581549999999652,0],[112.80814774700002,-7.1580752869999742,0],[112.80843353800003,-7.1581397469999501,0],[112.80878578300008,-7.1581828109999606,0],[112.80910730000005,-7.1581451119999429,0],[112.8094761320001,-7.1581018659999813,0],[112.80961403600008,-7.1581062529999713,0],[112.80968132200007,-7.1581276339999249,0],[112.81008645500003,-7.1582563769999297,0],[112.81038468000008,-7.1582690659999457,0],[112.81066704300008,-7.1582754119999663,0],[112.81090498900005,-7.1583230019999746,0],[112.81121590500004,-7.1583198289999359,0],[112.81146971500004,-7.1583230019999746,0],[112.81160613700001,-7.1583642449999729,0],[112.8118155300001,-7.1583515549999674,0],[112.8120417340001,-7.1582947669999726,0],[112.81207885700007,-7.1583166549999646,0],[112.81231363000006,-7.1583452099999363,0],[112.81255157600003,-7.1583325199999308,0],[112.81296433900002,-7.1583533469999452,0],[112.81299091800008,-7.1586000369999283,0],[112.81319879000011,-7.1586941979999779,0],[112.81441035900002,-7.1591288329999543,0],[112.81450248500005,-7.1591205209999771,0],[112.81457432500008,-7.1590587599999367,0],[112.81463591500005,-7.1590058109999291,0],[112.81508812200002,-7.159283334999941,0],[112.81507713600001,-7.1593745389999413,0],[112.81508898000004,-7.1594038809999461,0],[112.81512144200008,-7.1594842999999742,0],[112.81514524300007,-7.1595417189999466,0],[112.81520236400002,-7.1596134909999591,0],[112.81531660600001,-7.1596852639999611,0],[112.8154498880001,-7.1597522529999651,0],[112.81551028600006,-7.1598028479999698,0],[112.8157863780001,-7.1599955599999703,0],[112.81648918200005,-7.1600620009999716,0],[112.81763618600007,-7.1600395569999478,0],[112.81769664300009,-7.1599867129999666,0],[112.81817017100002,-7.1598178849999385,0],[112.81848039500005,-7.1596827859999621,0],[112.81884709700012,-7.1595668899999509,0],[112.81929078600001,-7.1594556139999668,0],[112.81937556500009,-7.1594421539999757,0],[112.81942437700002,-7.1589446619999535,0],[112.81915082500007,-7.1588165629999594,0],[112.81935862100011,-7.1582540979999294,0],[112.81946071000004,-7.1582584319999683,0],[112.81963273700001,-7.1576683069999376,0],[112.81966062900005,-7.1574538539999253,0],[112.81971785700011,-7.1569062869999698,0],[112.81979102100001,-7.1565117599999439,0],[112.81983776200002,-7.1562187669999275,0],[112.81984468300004,-7.1560311889999753,0],[112.81985357300005,-7.155856999999969,0],[112.81984004000003,-7.1558264339999482,0],[112.81979966600011,-7.1557921439999745,0],[112.81976502500004,-7.1557540059999383,0],[112.81973999500008,-7.1557234839999637,0],[112.8197205460001,-7.1556508379999286,0],[112.81970193100005,-7.1555892199999676,0],[112.81970526400005,-7.1554843969999524,0],[112.81984902500005,-7.1554981819999739,0],[112.8199493620001,-7.1554331959999331,0],[112.82065430900002,-7.1556313549999686,0],[112.82071880600006,-7.155588039999941,0],[112.82075444700001,-7.1555161319999456,0],[112.82092694900007,-7.155529802999979,0],[112.82104128600008,-7.1553714639999271,0],[112.82131460900007,-7.1554421499999421,0],[112.82158046200004,-7.1554410979999261,0],[112.82173504200011,-7.155428130999951,0],[112.82193960800009,-7.1554109699999344,0],[112.82208302700008,-7.1553386359999536,0],[112.82218958100009,-7.1550296179999577,0],[112.82221763900009,-7.1548572669999544,0],[112.82208810600002,-7.1548075429999471,0],[112.82214422100003,-7.1544628409999405,0],[112.82235341100011,-7.1538345499999423,0],[112.82245787300008,-7.1538172979999786,0],[112.82251921000011,-7.153822795999929,0],[112.82259973700002,-7.1538358739999808,0],[112.82270132500003,-7.1538450409999541,0],[112.82281249300001,-7.153854168999942,0],[112.82290449400011,-7.1538614609999627,0],[112.82338384000002,-7.1539437679999764,0],[112.82363888700002,-7.1539963439999497,0],[112.82395991500005,-7.1540744129999325,0],[112.82482486800006,-7.1542251489999558,0],[112.82494814200004,-7.1542174159999377,0],[112.82501339900011,-7.1541688789999398,0],[112.82505889000004,-7.1540443039999673,0],[112.82510078400003,-7.1539790699999344,0],[112.82514274000005,-7.153929145999939,0],[112.82520197000008,-7.1538868079999816,0],[112.82528422300004,-7.1538520339999536,0],[112.82534739900007,-7.1538383869999507,0],[112.8254106060001,-7.1538323949999381,0],[112.82547384300005,-7.1538340579999726,0],[112.82553120000011,-7.1538346599999727,0],[112.82559075900008,-7.1538431629999764,0],[112.82577879100006,-7.1539074859999801,0],[112.82619732100011,-7.1540941999999745,0],[112.82642832900001,-7.153528266999956,0],[112.82659166100007,-7.153140293999968,0],[112.82664084900011,-7.1531462369999304,0],[112.82670730200005,-7.1529928709999808,0],[112.82664432600006,-7.1529304689999549,0],[112.82674216700002,-7.1526724879999506,0],[112.82679156600011,-7.1525670349999473,0],[112.82683355200004,-7.1525247659999422,0],[112.82687149200001,-7.1524289259999705,0],[112.82690750100005,-7.1523292669999705,0],[112.82695504300011,-7.152239131999977,0],[112.82700076300011,-7.1521719679999478,0],[112.82710391700004,-7.1520930949999411,0],[112.82719368000005,-7.1520200149999482,0],[112.82728932300006,-7.1519794459999275,0],[112.82737731600002,-7.1519427359999668,0],[112.82740214000012,-7.1519215859999576,0],[112.82759467000005,-7.1516720319999649,0],[112.82774526800006,-7.151478142999963,0],[112.82786132400008,-7.151270995999937,0],[112.82796399000006,-7.1510696419999249,0],[112.82797345600011,-7.1510408979999625,0],[112.82796396900005,-7.1509975639999652,0],[112.82790534700007,-7.1507107319999363,0],[112.82790981300002,-7.1506774129999258,0],[112.82796566800005,-7.1505280379999476,0],[112.8279978600001,-7.1504322229999389,0],[112.8280091580001,-7.150382418999925,0],[112.82801086100005,-7.1503288279999424,0],[112.82800501400004,-7.1503039719999606,0],[112.82796134000012,-7.1501796379999405,0],[112.82795081200004,-7.1500981449999585,0],[112.82799760900002,-7.1498204629999691,0],[112.82804372100009,-7.149370542999975,0],[112.82854192500008,-7.1493781349999495,0],[112.8287524970001,-7.1493294559999754,0],[112.82882887200003,-7.149262169999929,0],[112.82959489900009,-7.1491634409999278,0],[112.83000661400001,-7.1491043919999697,0],[112.83040516900007,-7.1481459259999269,0],[112.83050879700011,-7.1477053479999313,0],[112.8306131490001,-7.1474465739999573,0],[112.83070734900002,-7.1470443089999662,0],[112.83073418400011,-7.1465657599999304,0],[112.83079945500003,-7.1461157659999799,0],[112.8309514020001,-7.1457802529999412,0],[112.8310783820001,-7.1453680279999503,0],[112.83108621100007,-7.1453480639999611,0],[112.83108838700002,-7.1453425159999711,0],[112.83126314100002,-7.1449732409999456,0],[112.83139871900005,-7.144570630999965,0],[112.83146814700001,-7.1443197559999589,0],[112.83150429200009,-7.1441982539999458,0],[112.83151311100005,-7.1440068419999534,0],[112.83150308100005,-7.1438939699999651,0],[112.83147706000011,-7.1438107249999803,0],[112.83154933900005,-7.1436243279999303,0],[112.831601879,-7.1434662339999591,0],[112.83165125400001,-7.143234950999954,0],[112.83164254000008,-7.1432120199999645,0],[112.83161515200004,-7.1431905989999791,0],[112.83156188000009,-7.1431649749999337,0],[112.83150282700001,-7.1431307609999521,0],[112.83147534600005,-7.1430863759999284,0],[112.83147089900001,-7.1430519459999573,0],[112.83148936200007,-7.142997328999968,0],[112.83151501100008,-7.14294268499998,0],[112.83154502200011,-7.1429009419999261,0],[112.83165734900001,-7.1427654559999496,0],[112.83171984800003,-7.142672508999965,0],[112.83176746200002,-7.1426005539999551,0],[112.83193371800007,-7.1422500329999252,0],[112.83204051600001,-7.1420044069999449,0],[112.83218498600002,-7.1418308809999758,0],[112.8323281700001,-7.1417011329999696,0],[112.83242796000002,-7.1414997899999548,0],[112.83247716800008,-7.1412268839999342,0],[112.83219592700004,-7.1409696419999591,0],[112.83231655700001,-7.1405888019999679,0],[112.83243051600004,-7.1403371679999736,0],[112.83248745200001,-7.1402005859999349,0],[112.83270187100004,-7.1396813389999352,0],[112.8329358630001,-7.139049464999971,0],[112.8331060810001,-7.1385762119999754,0],[112.83333452000011,-7.1378432889999317,0],[112.83330963900005,-7.1377734599999485,0],[112.83328678700002,-7.1377484329999561,0],[112.83324960300001,-7.1377330309999252,0],[112.83321604500009,-7.1377259869999534,0],[112.8330257020001,-7.137741096999946,0],[112.83290702300008,-7.1377092729999276,0],[112.83289677700009,-7.1375878799999555,0],[112.83267972400006,-7.1376018839999347,0],[112.83256493800002,-7.1376453999999399,0],[112.83233241700009,-7.1374386299999628,0],[112.83200251800008,-7.1371452689999728,0],[112.83207416700009,-7.1370947489999708,0],[112.83205860300006,-7.1370827569999733,0],[112.83172543800003,-7.1368934369999693,0],[112.8311914090001,-7.1366060989999482,0],[112.83102219800003,-7.1365146709999294,0],[112.83083374700004,-7.1364029839999716,0],[112.83068726900001,-7.1363066809999509,0],[112.83048326500011,-7.1361986439999328,0],[112.8302325410001,-7.1360860079999497,0],[112.82993184400004,-7.1359443229999329,0],[112.82985447400006,-7.1360079219999761,0],[112.8298203280001,-7.1360170719999587,0],[112.82970377600009,-7.1359434919999671,0],[112.82922346800001,-7.1357588899999769,0],[112.82909693700003,-7.1356898139999316,0],[112.82890079300012,-7.1355870829999617,0],[112.82821501900003,-7.1351977789999523,0],[112.82788003100006,-7.1350236179999342,0],[112.82764251800006,-7.1349204969999391,0],[112.82747455700007,-7.1348422179999602,0],[112.82728743300004,-7.1347628199999349,0],[112.82712073700009,-7.1347012819999804,0],[112.82695884100008,-7.1346421169999417,0],[112.82685194300007,-7.1345612049999545,0],[112.826722958,-7.1344833259999518,0],[112.82680616500011,-7.1343275029999518,0],[112.82649401500009,-7.1341253999999594,0],[112.82630434400005,-7.1339260529999251,0],[112.82629604400006,-7.1338911919999646,0],[112.82624781300001,-7.133807653999952,0],[112.82614944000011,-7.1337425579999376,0],[112.82610731900002,-7.1337101289999509,0],[112.82583552300002,-7.1335304389999692,0],[112.82580383700008,-7.1335797579999394,0],[112.82574556900011,-7.1336828529999252,0],[112.82565646800003,-7.1336443019999365,0],[112.82563345100004,-7.1336098129999641,0],[112.82560313800002,-7.1335754849999375,0],[112.82545623200008,-7.1334913809999421,0],[112.82529640400003,-7.1334101989999681,0],[112.82509474500011,-7.1332889939999404,0],[112.82506307500012,-7.1332747659999427,0],[112.82501683100008,-7.1332783319999749,0],[112.82492926600003,-7.1332322349999799,0],[112.8248139960001,-7.1331537469999375,0],[112.82476710900005,-7.133096992999981,0],[112.82472745400003,-7.1330731099999412,0],[112.82453303400007,-7.1329089789999784,0],[112.82472722800003,-7.132657027999926,0],[112.82428604500001,-7.1324058179999383,0],[112.82424114800006,-7.13238025499993,0],[112.82425186500006,-7.1322233399999391,0],[112.82391674100006,-7.1321064319999437,0],[112.82382920700002,-7.1320768749999388,0],[112.8237955840001,-7.1320530849999386,0],[112.82372225000006,-7.1319804119999617,0],[112.82356322800001,-7.1318142299999749,0],[112.82357080100007,-7.1309329359999651,0],[112.82355249500006,-7.1308462899999654,0],[112.82354035500009,-7.130804474999934,0],[112.82348934400011,-7.1307747729999278,0],[112.8228950460001,-7.1303847939999514,0],[112.82281573300008,-7.130314536999947,0],[112.82249714200009,-7.1299964329999739,0],[112.82234690500002,-7.1298570799999652,0],[112.82212209500005,-7.1296342939999704,0],[112.82194061500002,-7.129467553999973,0],[112.82187196300004,-7.129367350999928,0],[112.82169374500006,-7.1291168709999511,0],[112.82164195600001,-7.1290417199999752,0],[112.82160566400012,-7.1289485669999522,0],[112.8215812840001,-7.1288398159999815,0],[112.82157753000001,-7.1288297789999433,0],[112.82155008400002,-7.1287345579999624,0],[112.82152892000011,-7.1286820129999455,0],[112.8215113230001,-7.1286474329999692,0],[112.82161950600005,-7.1285119309999345,0],[112.82180307800002,-7.1282994949999647,0],[112.82190917000003,-7.1281770739999502,0],[112.82195322100006,-7.128112309999949,0],[112.82197042200005,-7.1280743629999392,0],[112.82199461800008,-7.1279977979999671,0],[112.82220061200007,-7.1277462819999755,0],[112.82188087000009,-7.1275609489999283,0],[112.82160278400011,-7.1273711459999731,0],[112.82132334000005,-7.1272014429999331,0],[112.82089274500004,-7.126963438999951,0],[112.8204245390001,-7.1266624269999284,0],[112.82031223200011,-7.1266395839999745,0],[112.82016295100004,-7.1265498549999506,0],[112.82005862400001,-7.1264284729999758,0],[112.82003979100011,-7.1263897929999303,0],[112.8200081330001,-7.1263784349999355,0],[112.81981981900003,-7.1263605179999558,0],[112.81962438700009,-7.1263598509999611,0],[112.81933401000003,-7.1263322879999578,0],[112.81920063900009,-7.1263147869999557,0],[112.81908468200004,-7.1262789499999712,0],[112.81885625700011,-7.1261604919999399,0],[112.81871517500008,-7.1260950219999586,0],[112.81867050000005,-7.1260621849999666,0],[112.8184047200001,-7.1258674419999579,0],[112.8183280180001,-7.1258182809999653,0],[112.81817826500003,-7.1257399269999269,0],[112.81806737000011,-7.1256772089999458,0],[112.81799243900002,-7.1256243959999779,0],[112.81785405000005,-7.125512983999954,0],[112.8177098860001,-7.125394417999928,0],[112.81759158700004,-7.1252757499999575,0],[112.81751803600002,-7.1252085779999561,0],[112.81741699200006,-7.1250927129999582,0],[112.81734481600006,-7.1250097479999681,0],[112.81729864200008,-7.1249611269999491,0],[112.81723664900005,-7.1249096979999536,0],[112.81718619700007,-7.1248697069999594,0],[112.81698735600003,-7.1247326969999563,0],[112.81688940000004,-7.1246713619999582,0],[112.81681019300004,-7.1246271779999688,0],[112.81662014800008,-7.1245346279999353,0],[112.81647928600012,-7.1244670909999286,0],[112.81633509000005,-7.1243979559999389,0],[112.8159708070001,-7.1242127919999803,0],[112.81560369700003,-7.1240391229999318,0],[112.81515164200005,-7.1238241619999485,0],[112.81487095700004,-7.1237032589999671,0],[112.81484583300005,-7.1237454129999378,0],[112.81477712900005,-7.123890284999959,0],[112.81468808700004,-7.1240856009999334,0],[112.81464405400004,-7.124155147999943,0],[112.81461189800007,-7.1241995309999311,0],[112.8145964580001,-7.1242318869999508,0],[112.81458467500011,-7.1242809739999302,0],[112.81457520400011,-7.1243085219999784,0],[112.81452413300008,-7.1244151769999462,0],[112.81449436500009,-7.1244583539999553,0],[112.8144598130001,-7.1245027459999619,0],[112.81442526000001,-7.1245471369999791,0],[112.81440146700004,-7.1245867019999309,0],[112.81436094200001,-7.124634705999938,0],[112.81430745200009,-7.1246595379999462,0],[112.81429768800001,-7.1246716979999292,0],[112.81416080300005,-7.1248815559999343,0],[112.81405416100006,-7.125169041999925,0],[112.81412647900004,-7.1252883699999643,0],[112.81400185100006,-7.1255699459999278,0],[112.81399051100004,-7.1257314659999338,0],[112.81400281500009,-7.1258151469999689,0],[112.81391998100003,-7.1260666559999777,0],[112.81408847300008,-7.1262812949999557,0],[112.81421446500008,-7.126346587999933,0],[112.81426839800008,-7.1263583369999424,0],[112.81424494300006,-7.1264840219999428,0],[112.81417361300009,-7.126615873999981,0],[112.81407833300011,-7.1267478209999808,0],[112.81397730100002,-7.1269395959999429,0],[112.81386391900003,-7.1270357309999781,0],[112.81364245800012,-7.1270545409999499,0],[112.81352250000009,-7.1270011869999621,0],[112.81345039300004,-7.1269356829999424,0],[112.81336103000001,-7.1270496649999586,0],[112.81322449700008,-7.1273492299999361,0],[112.81315770300012,-7.1274248829999465,0],[112.81311051000012,-7.1274447639999607,0],[112.81307222900011,-7.1274544829999513,0],[112.81297524900003,-7.127458451999928,0],[112.81294739900011,-7.127458560999969,0],[112.81290921000004,-7.1274587109999743,0],[112.81284155200001,-7.1274283049999667,0],[112.81281276200002,-7.1274154989999374,0],[112.81276959100001,-7.1273998799999276,0],[112.81270200300003,-7.1273872269999288,0],[112.81265460100008,-7.1273917189999452,0],[112.81262733800008,-7.1274018729999398,0],[112.81255271200007,-7.1274265669999295,0],[112.81244509500004,-7.1274481559999572,0],[112.8120267700001,-7.1274330959999475,0],[112.81200937300002,-7.1274317429999314,0],[112.81171898500008,-7.1274328809999474,0],[112.81140390700011,-7.1273976299999617,0],[112.8112651780001,-7.1273772059999487,0],[112.81105638400004,-7.1273176059999628,0],[112.81085500100005,-7.1272652869999433,0],[112.8107039680001,-7.1272271239999441,0],[112.81032655200011,-7.1271896099999594,0],[112.81013545400003,-7.1271646409999789,0],[112.81000546400003,-7.1271484059999466,0],[112.80995513000005,-7.1271384359999388,0],[112.80991435100009,-7.1271218499999804,0],[112.80989278600009,-7.1271195419999458,0],[112.80981071300005,-7.1271079019999775,0],[112.80977416000007,-7.1271002699999713,0],[112.80973461300005,-7.1270926499999518,0],[112.80969084200001,-7.1270766739999658,0],[112.80966266900009,-7.1270684109999252,0],[112.8096258380001,-7.127142714999934,0],[112.80959084600011,-7.127227775999927,0],[112.80955190400005,-7.1272219489999316,0],[112.80943385600006,-7.1271972919999484,0],[112.80929903000003,-7.127169710999965,0],[112.80927685300003,-7.1271638169999392,0],[112.80922114300006,-7.1271568589999674,0],[112.80917376800005,-7.1271379059999731,0],[112.80915282100011,-7.127140380999947,0],[112.80912532700006,-7.1271529779999696,0],[112.80911054300009,-7.1271549639999421,0],[112.80908411600001,-7.1271479459999796,0],[112.8090385910001,-7.1271428609999248,0],[112.80901846800009,-7.1271415039999511,0],[112.80900666500008,-7.127148851999948,0],[112.80899124400003,-7.1271617059999812,0],[112.80898408100006,-7.1271674749999647,0],[112.80895778100012,-7.1271785819999423,0],[112.8089414960001,-7.1271786459999475,0],[112.8089217700001,-7.1271736799999417,0],[112.80881611300003,-7.1271468409999557,0],[112.80879571900005,-7.1271373529999664,0],[112.80877775700003,-7.1271374229999651,0],[112.80871550200004,-7.1271412549999695,0],[112.80866760300012,-7.1271414429999709,0],[112.80859691500007,-7.1271321499999658,0],[112.80841710300001,-7.1270838129999561,0],[112.80819393800004,-7.1270552999999381,0],[112.80816785100001,-7.1270393359999389,0],[112.80812584600005,-7.1270155769999519,0],[112.80808743200009,-7.1269918049999319,0],[112.80804065600012,-7.1269728499999587,0],[112.80793514700008,-7.1269397719999574,0],[112.80776976600009,-7.1269069269999363,0],[112.80763562100003,-7.1269002749999686,0],[112.80735867700002,-7.1268878769999446,0],[112.80723184600004,-7.1268715399999678,0],[112.80720029000008,-7.1269810919999372,0],[112.80719077500009,-7.1269978749999723,0],[112.80712017200005,-7.1270101119999367,0],[112.80687222100005,-7.1269919439999398,0],[112.80683270400004,-7.1269920979999597,0],[112.8067356900001,-7.1269876929999327,0],[112.80664826100008,-7.1269844459999376,0],[112.80661114800012,-7.1269869829999379,0],[112.80650813800003,-7.1269802099999424,0],[112.80640393400006,-7.1269746359999431,0],[112.80634046400007,-7.1269736879999641,0],[112.80626267600007,-7.1269859529999735,0],[112.80608197000004,-7.1270153659999664,0],[112.80606599300006,-7.1270168369999283,0],[112.80604969000001,-7.1270894819999739,0],[112.80602387500005,-7.1272247439999319,0],[112.80600858900004,-7.1272965709999312,0],[112.80598143100008,-7.1273339279999277,0],[112.80595039500008,-7.1273591669999519,0],[112.80591686100001,-7.1273581019999597,0],[112.80556078100005,-7.1270046369999704,0],[112.80550655500008,-7.1270470369999543,0],[112.80547405300001,-7.1270685439999397,0],[112.8054338930001,-7.1270878389999552,0],[112.80537455000001,-7.127101467999978,0],[112.80531324800006,-7.1271036199999571,0],[112.80524709800011,-7.1270914389999689,0],[112.80520203600008,-7.1270820469999308,0],[112.80511781500002,-7.1270801949999623,0],[112.80505854100011,-7.1270880899999725,0],[112.80503549000002,-7.1271190589999378,0],[112.80499081000005,-7.1272072679999496,0],[112.80494088700004,-7.1272057109999309,0],[112.80479725700002,-7.12719749799993,0],[112.80469185300001,-7.1271912109999676,0],[112.80464397700007,-7.1271971389999749,0],[112.8046105200001,-7.1272129099999688,0],[112.80457017900005,-7.1271888159999435,0],[112.80456153400007,-7.1271831079999401,0],[112.80454426100005,-7.1271755199999802,0],[112.80451743000003,-7.1271737109999549,0],[112.80448871700003,-7.1271805219999464,0],[112.80442533400003,-7.1272000559999356,0],[112.80439215600006,-7.1272306579999736,0],[112.80435778500009,-7.1272604549999414,0],[112.8043262650001,-7.1272845009999628,0],[112.80431758000009,-7.1272682679999662,0],[112.80430307200004,-7.1272329189999368,0],[112.80430080600001,-7.127194564999968,0],[112.80429329700007,-7.1271831989999441,0],[112.80428083600009,-7.1271813329999532,0],[112.8042310620001,-7.1271920539999769,0],[112.80417653100005,-7.1272101259999658,0],[112.80412313300008,-7.1272517599999787,0],[112.80409453200002,-7.1273102849999646,0],[112.80404890800003,-7.1274023249999345,0],[112.80394349700009,-7.1273941239999772,0],[112.80390995300002,-7.1273904279999556,0],[112.80385909800009,-7.127369574999932,0],[112.80376320200003,-7.127345069999933,0],[112.80364720900002,-7.1273254279999492,0],[112.80356867600005,-7.127331475999938,0],[112.80348440500006,-7.127339458999927,0],[112.80341644400005,-7.1273540779999394,0],[112.80342256300003,-7.1273774119999302,0],[112.80342239400011,-7.1274057279999283,0],[112.80341769400002,-7.1274287119999258,0],[112.8034034850001,-7.1274699129999703,0],[112.80338822900001,-7.1274881539999342,0],[112.80336431000001,-7.1274959019999642,0],[112.80330875400011,-7.127498032999938,0],[112.80321388800007,-7.1274917049999544,0],[112.80312475100004,-7.127480569999932,0],[112.80308350500002,-7.1274673349999489,0],[112.80308068300008,-7.1274807409999426,0],[112.80306468200001,-7.1275535289999539,0],[112.80305805100011,-7.1275726929999337,0],[112.80303516800006,-7.1276005309999277,0],[112.80298350100009,-7.127617000999976,0],[112.80291744900001,-7.1276296979999643,0],[112.80278626200004,-7.127644562999933,0],[112.80267845300011,-7.1276460819999556,0],[112.80256837400009,-7.1276588099999572,0],[112.80250135300003,-7.127668640999957,0],[112.80247266000003,-7.1276807139999505,0],[112.80239624100011,-7.1277372289999334,0],[112.80231504200003,-7.1277797939999346,0],[112.80219165800008,-7.1277852139999709,0],[112.80214067700001,-7.1277933069999335,0],[112.80208675000006,-7.1277834699999403,0],[112.80204075600011,-7.127780778999977,0],[112.80195736200005,-7.1277681859999689,0],[112.80179557100007,-7.1277350859999729,0],[112.80177978000006,-7.1277394529999469,0],[112.80174977000001,-7.1277819139999679,0],[112.80173260800007,-7.1278027929999439,0],[112.80169688800004,-7.1278553219999594,0],[112.80165972600003,-7.1279064219999668,0],[112.80164703900004,-7.1278942339999389,0],[112.80162296300011,-7.1278757059999407,0],[112.80158333600002,-7.1278478709999717,0],[112.80153655300001,-7.127827239999931,0],[112.80149624800003,-7.1278094559999658,0],[112.80146676300001,-7.1278023939999571,0],[112.80142004400011,-7.1277982699999711,0],[112.80138986700001,-7.1277983879999738,0],[112.80132740100009,-7.1278093959999751,0],[112.80129580500011,-7.1278138249999756,0],[112.80125342500003,-7.1278168609999284,0],[112.80122181700006,-7.1278184199999259,0],[112.80120310600012,-7.127810598999929,0],[112.80113608000011,-7.1277577519999795,0],[112.80111300100009,-7.1277355939999438,0],[112.80108419700002,-7.1277191989999551,0],[112.80104965400005,-7.1277049799999759,0],[112.80100867200008,-7.1276979639999354,0],[112.80093751900006,-7.1276924999999665,0],[112.80091669500007,-7.1276954519999549,0],[112.80091616000004,-7.1277107959999739,0],[112.80091086300001,-7.1277341409999622,0],[112.8008978260001,-7.1277688799999623,0],[112.80087355100011,-7.127838947999976,0],[112.80085092800005,-7.1278719299999693,0],[112.80081387600001,-7.1278900159999807,0],[112.80078813400007,-7.1278913119999743,0],[112.80075457800001,-7.1278842659999668,0],[112.80070817100011,-7.1279174399999761,0],[112.80065182800001,-7.1279444729999568,0],[112.8005997570001,-7.127949459999968,0],[112.80057340700012,-7.1279483669999308,0],[112.80055928600007,-7.1279649539999355,0],[112.80047436600012,-7.1279738859999497,0],[112.80045040700008,-7.1279715869999336,0],[112.80043182000009,-7.1279650809999566,0],[112.80041320500004,-7.1279513989999259,0],[112.80039704700005,-7.1279532559999552,0],[112.80036175900011,-7.1279629619999696,0],[112.80032038200011,-7.1279749769999512,0],[112.80031620600005,-7.1279404129999762,0],[112.80031328300004,-7.127927983999939,0],[112.80030551800007,-7.1279021779999425,0],[112.80029394000007,-7.1278811719999453,0],[112.80028045300003,-7.1278620859999364,0],[112.80026313900009,-7.1278439729999263,0],[112.80023434300006,-7.1278297319999524,0],[112.80018446100007,-7.1278127019999715,0],[112.80007133300001,-7.1277911339999491,0],[112.79999942900008,-7.1277770599999712,0],[112.79988919400012,-7.1277602649999494,0],[112.79985379300001,-7.1277718859999482,0],[112.7998308650001,-7.1277882429999408,0],[112.79980689700005,-7.1277835509999363,0],[112.79974741600006,-7.1277617739999641,0],[112.79966873100011,-7.127728589999947,0],[112.79955460800011,-7.1276974559999644,0],[112.79951051500007,-7.1276909289999253,0],[112.79945230100009,-7.1277157659999375,0],[112.79936391400008,-7.1276838449999786,0],[112.7993054100001,-7.1276668489999793,0],[112.79922870400003,-7.127649923999968,0],[112.79919764500005,-7.1276599569999348,0],[112.79915015000006,-7.1276502289999257,0],[112.79910695100011,-7.1276274309999508,0],[112.7990311320001,-7.1275923209999519,0],[112.79896981000002,-7.1275896889999331,0],[112.79895259300008,-7.1275964539999563,0],[112.79888197700006,-7.1276523029999339,0],[112.79886974200008,-7.1276620859999298,0],[112.79884183900003,-7.1276923359999387,0],[112.79881758100009,-7.127736208999977,0],[112.7987983700001,-7.1277843689999258,0],[112.79878467100002,-7.1277722209999297,0],[112.7987723870001,-7.1277543269999342,0],[112.79876299300008,-7.1277407279999352,0],[112.7987210550001,-7.127672711999935,0],[112.79870449300006,-7.1276634469999749,0],[112.79868147400009,-7.1276563589999569,0],[112.79861029600011,-7.1276444359999687,0],[112.79853482100009,-7.1276361169999518,0],[112.79843662100006,-7.1276339729999449,0],[112.79821168000001,-7.1276121219999595,0],[112.79796436200002,-7.1276042079999797,0],[112.79794301400011,-7.1276020279999557,0],[112.79772023600003,-7.1276140339999756,0],[112.79754119400002,-7.1276344579999318,0],[112.79745884600004,-7.1276509349999628,0],[112.79744111500008,-7.1276537219999341,0],[112.7972445040001,-7.1276998519999779,0],[112.79720546600004,-7.1277000039999621,0],[112.79700948000004,-7.1277080709999723,0],[112.7969374810001,-7.1277189879999696,0],[112.79686552500004,-7.1277820109999652,0],[112.79686344200002,-7.1277103859999329,0],[112.79684408600008,-7.1276602239999534,0],[112.79670555200005,-7.1274490479999599,0],[112.79665013200008,-7.1273631419999788,0],[112.79661173300008,-7.1273539089999645,0],[112.79663041900005,-7.1273107439999421,0],[112.79664031600009,-7.1272690799999623,0],[112.79665119700007,-7.1271111489999726,0],[112.79666634800003,-7.1269431539999459,0],[112.79667613400011,-7.1268727829999534,0],[112.79669026300007,-7.1268110079999474,0],[112.7967228440001,-7.126690311999937,0],[112.7967398080001,-7.1266184779999548,0],[112.79675534600005,-7.1265495209999585,0],[112.79677236600003,-7.126492040999949,0],[112.79679799000007,-7.1264302209999641,0],[112.79682937400003,-7.1263712489999307,0],[112.79684939700007,-7.1263467709999304,0],[112.79686365500004,-7.1263180079999415,0],[112.7968650250001,-7.1263007789999619,0],[112.79681023600006,-7.1262536249999471,0],[112.79678710500002,-7.1262178309999626,0],[112.79676103200006,-7.1261648239999431,0],[112.79673930400008,-7.1261204129999669,0],[112.79674888800002,-7.1259983709999801,0],[112.79678962600008,-7.1257585089999793,0],[112.79680780900003,-7.1256306909999694,0],[112.79683328800002,-7.1255315529999734,0],[112.79691456900002,-7.1253704779999794,0],[112.79695573200001,-7.1252396999999519,0],[112.79699244500011,-7.1250730569999519,0],[112.79701933900003,-7.1249681709999777,0],[112.79703788500001,-7.1249336509999353,0],[112.79703925000001,-7.1249149859999648,0],[112.79700897800001,-7.1248907029999486,0],[112.79696003200002,-7.1248679269999684,0],[112.7969499400001,-7.1248593549999555,0],[112.7969354920001,-7.1248393159999637,0],[112.79692946900002,-7.1247690069999408,0],[112.79694065800004,-7.124690017999967,0],[112.79694322500006,-7.1246110639999642,0],[112.79694716100005,-7.1245148799999356,0],[112.79694556700008,-7.1244746969999255,0],[112.79693534100011,-7.124431675999972,0],[112.79692371600004,-7.1243987079999442,0],[112.79686438700003,-7.1242927219999501,0],[112.79685707400006,-7.1242597369999316,0],[112.79687914800002,-7.1240242539999485,0],[112.79688458900011,-7.123945287999959,0],[112.79689007900004,-7.1238792409999405,0],[112.79689248900002,-7.1237600969999448,0],[112.79689795700006,-7.1236883079999416,0],[112.79690775300003,-7.1236208079999415,0],[112.79692621600009,-7.1235647579999295,0],[112.79695036500004,-7.1234928959999593,0],[112.79696740700001,-7.1234411569999452,0],[112.79697440100006,-7.1233923279999658,0],[112.79698002100008,-7.1233592939999539,0],[112.79698131800001,-7.1233234039999616,0],[112.79697688400006,-7.1232918439999366,0],[112.7969446730001,-7.1231383859999369,0],[112.79693871800009,-7.1230853019999358,0],[112.79693852800006,-7.1230364999999551,0],[112.79694983400009,-7.1229876539999282,0],[112.79698975000008,-7.1229056839999316,0],[112.79692210100006,-7.1228772399999798,0],[112.7968601550001,-7.1228372909999393,0],[112.79681970800004,-7.1227829039999619,0],[112.79682829100011,-7.1227728239999806,0],[112.79689132700003,-7.1227237769999761,0],[112.79689129300004,-7.1227151649999314,0],[112.79677874700008,-7.1225964679999265,0],[112.79670515400005,-7.1225178089999304,0],[112.79665470400005,-7.1224778149999679,0],[112.7966230180001,-7.1224592789999406,0],[112.7965874890001,-7.1224500999999805,0],[112.79648825000004,-7.1224119929999574,0],[112.79631495700005,-7.1223183749999635,0],[112.79623118800009,-7.1222590999999511,0],[112.79621408900005,-7.1222469999999589,0],[112.79615936200003,-7.1222156339999287,0],[112.7961661280001,-7.1221079559999794,0],[112.79617114200005,-7.1220547429999783,0],[112.79617302800011,-7.1220347259999812,0],[112.7962202970001,-7.121995788999925,0],[112.79623456000002,-7.1219684609999376,0],[112.7962359070001,-7.1219454899999732,0],[112.79621565600007,-7.1219111209999255,0],[112.79617092100011,-7.1218624919999343,0],[112.79613770900005,-7.1218209959999399,0],[112.79612469800009,-7.1218009509999547,0],[112.79611456100008,-7.1217808959999616,0],[112.7961133980001,-7.1217288839999355,0],[112.79612779700005,-7.1215833999999631,0],[112.79613607200008,-7.1214943759999301,0],[112.79616882100004,-7.1214167399999724,0],[112.79620746800003,-7.1213778349999757,0],[112.79626635500006,-7.1213704299999563,0],[112.79632527100011,-7.1213702009999338,0],[112.79645300600009,-7.1214138119999575,0],[112.79646915900003,-7.1214191619999383,0],[112.79648768000004,-7.121378181999944,0],[112.79651833700007,-7.1213170609999565,0],[112.79654035800002,-7.1212523839999449,0],[112.79656314300007,-7.1211991879999346,0],[112.79660959500006,-7.1211351339999283,0],[112.79665530900002,-7.1210660599999756,0],[112.79667816900007,-7.1210322389999305,0],[112.79668381600004,-7.1210063809999724,0],[112.79668661800008,-7.1209877109999411,0],[112.79668581300007,-7.1209654659999728,0],[112.79668145400001,-7.1209532829999489,0],[112.79668472300011,-7.1209317389999569,0],[112.79669616300009,-7.1209173419999274,0],[112.7967362820001,-7.1208875219999754,0],[112.79677068300009,-7.1208653789999516,0],[112.79680502200006,-7.1208269689999497,0],[112.79682405400001,-7.1207943609999802,0],[112.79683351500012,-7.120763702999966,0],[112.79684387000009,-7.1207167749999485,0],[112.7968504160001,-7.1206756029999383,0],[112.79686551200007,-7.1206162169999629,0],[112.79687306400001,-7.1205874799999265,0],[112.79687964700008,-7.120555875999969,0],[112.79688425800009,-7.1205099269999437,0],[112.79689078800004,-7.120464927999933,0],[112.79690214600009,-7.1204294779999486,0],[112.79692022400002,-7.1203978299999449,0],[112.79695454400007,-7.120354635999945,0],[112.79699757100002,-7.1203334179999729,0],[112.79703964600003,-7.1203141159999745,0],[112.79706251100004,-7.1202814929999363,0],[112.7970863380001,-7.1202498219999484,0],[112.79710350300002,-7.1202299119999566,0],[112.79716755900006,-7.1201968769999553,0],[112.79720289700003,-7.1201689889999784,0],[112.79721815300002,-7.1201507489999472,0],[112.7972333570001,-7.1201191119999407,0],[112.79723332000003,-7.1201095439999449,0],[112.79722941400007,-7.1200904209999294,0],[112.79721377400006,-7.1200101019999806,0],[112.79720971000006,-7.1199507889999722,0],[112.79720758300004,-7.1198962539999684,0],[112.79720932700002,-7.1198522299999354,0],[112.79721115000007,-7.1198282999999378,0],[112.79722918700008,-7.1197861259999513,0],[112.79723202000002,-7.1197796429999585,0],[112.7972576730001,-7.1197209459999726,0],[112.79728616300008,-7.1196567229999346,0],[112.7973450610001,-7.1195716459999403,0],[112.79736993400002,-7.1195205179999448,0],[112.797399412,-7.1194639459999394,0],[112.79744026500009,-7.1193767089999369,0],[112.79746113500005,-7.1193239979999703,0],[112.79750955500003,-7.1192118529999675,0],[112.79753801400011,-7.1191399749999391,0],[112.7975625790001,-7.1190518439999551,0],[112.79758152200009,-7.1189962709999577,0],[112.79760712600012,-7.1189291879999814,0],[112.79765130600003,-7.1187649859999738,0],[112.79775744000005,-7.1188363409999624,0],[112.79786409500002,-7.1189341019999688,0],[112.7979009710001,-7.1189805129999399,0],[112.79794859100002,-7.1190499999999588,0],[112.79809790400009,-7.1192008489999807,0],[112.79810583900007,-7.1192087119999314,0],[112.79819595200001,-7.119102145999932,0],[112.79828964800004,-7.1190066769999589,0],[112.79878151700007,-7.1191174529999444,0],[112.79901163700004,-7.1191703839999718,0],[112.79902612800004,-7.1192014269999504,0],[112.79905253200002,-7.1192168739999602,0],[112.79907893800009,-7.1192323209999699,0],[112.79912693800009,-7.1192584489999717,0],[112.79915454500008,-7.1192750869999486,0],[112.79920376200005,-7.1193059949999338,0],[112.7993645790001,-7.119397471999946,0],[112.79948097100009,-7.1194580219999466,0],[112.79953969300004,-7.1194697539999652,0],[112.79963189600005,-7.1194693959999427,0],[112.79968812600009,-7.1194560199999728,0],[112.79974906600012,-7.119422290999978,0],[112.79984599900001,-7.1194063639999285,0],[112.79989496900009,-7.1193738779999762,0],[112.79992118200005,-7.1193402849999643,0],[112.7999342280001,-7.1193079389999525,0],[112.79995383900007,-7.1192560469999648,0],[112.80000921100009,-7.1191904269999782,0],[112.80006045800008,-7.1191280289999668,0],[112.80012590900003,-7.1190421179999248,0],[112.80014922900011,-7.119010345999925,0],[112.8001844480001,-7.1189875989999791,0],[112.80020334200003,-7.1189193469999736,0],[112.80021758100008,-7.11888579999993,0],[112.80025234000004,-7.1188940379999508,0],[112.80031337600008,-7.1188854269999524,0],[112.80035995600008,-7.1188541459999328,0],[112.80040290500006,-7.1188133109999399,0],[112.8006007780001,-7.1185804929999676,0],[112.80074855000009,-7.1187043149999454,0],[112.8009835470001,-7.1184133759999781,0],[112.8013085340001,-7.1180546599999275,0],[112.80140930400012,-7.1179596919999426,0],[112.80147202500007,-7.1179123369999502,0],[112.80152240700011,-7.117874297999947,0],[112.80163956900003,-7.1178022489999648,0],[112.80169441800001,-7.1177759349999405,0],[112.80183318100001,-7.1176957639999614,0],[112.80190591900009,-7.1176340619999792,0],[112.80194646000007,-7.1175896479999778,0],[112.80196070800002,-7.1175584929999332,0],[112.80196419800006,-7.1175321649999432,0],[112.80196414200009,-7.1175178109999706,0],[112.80196365000006,-7.1175163569999427,0],[112.80195929600006,-7.117503476999957,0],[112.80194833200005,-7.1174556739999275,0],[112.80191676000004,-7.1173433619999287,0],[112.80188289000012,-7.1172561769999447,0],[112.80186826400006,-7.1171904469999276,0],[112.80188463200011,-7.1170887119999406,0],[112.80190698700005,-7.1169869549999589,0],[112.80191629100011,-7.1169163469999717,0],[112.80191472500007,-7.1168218589999697,0],[112.80192633000001,-7.1167273199999386,0],[112.8019381360001,-7.1166842139999744,0],[112.80197035100002,-7.1166541849999589,0],[112.80207378900002,-7.1165674409999724,0],[112.80224041100007,-7.1164646989999483,0],[112.80252274600002,-7.116396616999964,0],[112.80269093400011,-7.1163241999999514,0],[112.80281509600002,-7.1162280259999307,0],[112.80284375000008,-7.1162063839999519,0],[112.80257565800002,-7.1156285039999716,0],[112.80252704100008,-7.1154444899999589,0],[112.80247140800009,-7.1153035649999765,0],[112.80243735700003,-7.1151697309999804,0],[112.80237954400002,-7.1150838349999503,0],[112.80232673400008,-7.1150529419999771,0],[112.80230923000011,-7.1150443679999285,0],[112.80233188200009,-7.1150218219999601,0],[112.8023681410001,-7.1149834599999622,0],[112.80245461600009,-7.1148945489999278,0],[112.8024928750001,-7.1148206009999626,0],[112.80254727700003,-7.1147718149999264,0],[112.80268909100005,-7.1147221609999747,0],[112.80274055700011,-7.1146795739999789,0],[112.80276408000009,-7.1146259379999606,0],[112.8027693030001,-7.1145249179999723,0],[112.80274477600005,-7.1143766939999296,0],[112.80301430300005,-7.1143293409999728,0],[112.80308934000004,-7.1142646139999783,0],[112.80313366000007,-7.114207027999953,0],[112.80316500900005,-7.1141394439999317,0],[112.80321490400001,-7.1140373399999248,0],[112.80324344400003,-7.1139874209999334,0],[112.80334103400003,-7.1139002339999706,0],[112.80341752000004,-7.1138616609999303,0],[112.80352652500005,-7.1138095629999611,0],[112.80360292900002,-7.1137499379999554,0],[112.80362568100009,-7.1136886069999719,0],[112.80364076100011,-7.1136253929999498,0],[112.80362693200004,-7.1135182739999436,0],[112.80361029800008,-7.1134288689999607,0],[112.80360003100009,-7.1133758019999505,0],[112.80360709900003,-7.1133456319999482,0],[112.803615648,-7.1133269379999433,0],[112.80365864900011,-7.1132994999999255,0],[112.80374037400009,-7.113253249999957,0],[112.80379335500004,-7.1132056769999394,0],[112.80381333200012,-7.113169715999959,0],[112.80382042200006,-7.1131452869999521,0],[112.80382458100007,-7.1131065159999594,0],[112.80382164500008,-7.113090738999972,0],[112.80380859000002,-7.1130592129999286,0],[112.80376230600007,-7.1129818839999643,0],[112.80373476300008,-7.1129202709999504,0],[112.80372599000009,-7.1128815509999299,0],[112.8037330300001,-7.1128442039999413,0],[112.80375014900005,-7.1128125599999521,0],[112.80379264600003,-7.1127716689999261,0],[112.8038163330001,-7.1127661499999704,0],[112.80395855500001,-7.1127569829999402,0],[112.80396563200009,-7.1127564339999481,0],[112.80409502300006,-7.1127464039999495,0],[112.80424161100007,-7.1127515739999581,0],[112.80428591900011,-7.1127587999999378,0],[112.80431030800003,-7.1127486579999299,0],[112.80432175300007,-7.1127356949999694,0],[112.80436031500005,-7.1126752599999463,0],[112.80440005000003,-7.1125473589999615,0],[112.80441559700012,-7.1124812729999576,0],[112.80442840700005,-7.1124496459999591,0],[112.80446110700007,-7.1124167129999591,0],[112.80452764500001,-7.1124045409999326,0],[112.80468425800007,-7.1124010599999679,0],[112.80470292700011,-7.1123981169999411,0],[112.80473441000004,-7.1123649819999741,0],[112.80475578500011,-7.1123189659999753,0],[112.80476270500003,-7.1122514789999514,0],[112.80478252500006,-7.112175327999978,0],[112.80478380600005,-7.1121351329999811,0],[112.80476640600011,-7.1120950109999512,0],[112.80471738200004,-7.112052141999925,0],[112.80463395700008,-7.1120309359999396,0],[112.80454486200006,-7.1120298489999527,0],[112.80447589000005,-7.1120301169999607,0],[112.80440689000011,-7.1120232089999718,0],[112.804373768,-7.1120046789999378,0],[112.80435352200004,-7.111971743999959,0],[112.80435049200003,-7.1119315669999423,0],[112.80437465000011,-7.1118625759999645,0],[112.804393,-7.1117778189999399,0],[112.8044143510001,-7.111726062999935,0],[112.80444853400002,-7.1116484209999271,0],[112.80445804200008,-7.1115754039999501,0],[112.80445360900001,-7.1115438419999464,0],[112.80444628300006,-7.1115079879999712,0],[112.80441882000002,-7.1114664689999358,0],[112.80438853800001,-7.1114393159999736,0],[112.80436406600006,-7.1114279289999445,0],[112.8043367250001,-7.1114179869999248,0],[112.80431801100008,-7.1114094479999608,0],[112.80427915900009,-7.1113952459999723,0],[112.8042719340001,-7.1113852269999711,0],[112.80426775400008,-7.1113505729999815,0],[112.80426617700004,-7.1113146959999654,0],[112.8042570660001,-7.1112575389999506,0],[112.80424832200003,-7.111225994999927,0],[112.80422721500008,-7.1111765009999317,0],[112.8041932540001,-7.1111070759999393,0],[112.80418600300004,-7.1110898799999518,0],[112.80415253100011,-7.1110540409999317,0],[112.80410957100003,-7.1110198449999302,0],[112.8040907840001,-7.1109926469999323,0],[112.8040806030001,-7.1109611089999589,0],[112.80407756700004,-7.1109194959999513,0],[112.80408315200009,-7.1108778479999728,0],[112.80408444300008,-7.1108405239999684,0],[112.80406690300003,-7.1107645199999752,0],[112.80405235400008,-7.1107186459999525,0],[112.8040450530001,-7.110688530999937,0],[112.80406805000007,-7.1106221939999728,0],[112.8041364290001,-7.1104697799999599,0],[112.80431020200001,-7.1100772539999753,0],[112.80437411900004,-7.1098861039999406,0],[112.80441410000003,-7.1098213569999302,0],[112.80445077900004,-7.1096812449999334,0],[112.80445081500011,-7.109656149999978,0],[112.80448370700003,-7.1096158309999282,0],[112.80453824800009,-7.1095998299999792,0],[112.80458714800011,-7.1096111219999329,0],[112.80466902300009,-7.1096713099999533,0],[112.80471369000009,-7.1097027129999333,0],[112.80473386300002,-7.1097169879999456,0],[112.80475254800001,-7.1097183509999695,0],[112.80477549400007,-7.1097067789999642,0],[112.80479841200008,-7.1096880299999725,0],[112.80481690200008,-7.1096391559999574,0],[112.80484255600004,-7.1095673139999462,0],[112.80494643800012,-7.1093257459999677,0],[112.80497350400003,-7.1092653549999341,0],[112.80499640500011,-7.1092423009999379,0],[112.80506230100002,-7.1091903709999542,0],[112.80513823400008,-7.1091326619999791,0],[112.8051826200001,-7.1090922989999399,0],[112.8052354890001,-7.1090160189999665,0],[112.80527961400003,-7.1089081969999484,0],[112.80539056700002,-7.1085693819999278,0],[112.80541198000003,-7.1085156089999373,0],[112.80543249400012,-7.1084555949999526,0],[112.80549556200003,-7.1083382399999664,0],[112.80555622300005,-7.1082339409999804,0],[112.80560024300007,-7.1081608059999439,0],[112.80560903700007,-7.10814354799993,0],[112.80560969100009,-7.1081270379999637,0],[112.80560168300008,-7.1081117779999659,0],[112.80559088500002,-7.108094815999948,0],[112.80556567800011,-7.1080791259999501,0],[112.80551955200008,-7.1080653189999339,0],[112.80549230800011,-7.1080571639999448,0],[112.80529449300002,-7.1079962149999574,0],[112.8050253990001,-7.1078967889999376,0],[112.80476118800004,-7.1077750219999416,0],[112.80466459700006,-7.1077333859999499,0],[112.80442268800005,-7.1076037109999675,0],[112.80427245200008,-7.1075090309999496,0],[112.80421670100009,-7.1074738959999308,0],[112.80407694000007,-7.107376836999947,0],[112.80410103200006,-7.107297421999931,0],[112.80412950100003,-7.1072284149999518,0],[112.80413507500009,-7.1071838969999703,0],[112.80413635500008,-7.1071437019999735,0],[112.80413335800006,-7.1071121359999552,0],[112.80413333800004,-7.107106976999944,0],[112.80413317900002,-7.1070662059999563,0],[112.80414021800004,-7.1070288599999571,0],[112.80415154500008,-7.1069857549999256,0],[112.80415861200004,-7.1069555849999801,0],[112.80416419700009,-7.1069139389999805,0],[112.80416267100009,-7.1068909789999566,0],[112.80412066400004,-7.1068050219999463,0],[112.80410900100003,-7.1067620059999399,0],[112.80411032100005,-7.1067318589999786,0],[112.80410876600001,-7.1067017219999684,0],[112.80410583000003,-7.1066859459999705,0],[112.80402346800008,-7.1065685669999539,0],[112.80392982700005,-7.1064869709999812,0],[112.80380909700011,-7.1063817709999739,0],[112.80355470300003,-7.1061541889999376,0],[112.80349286800003,-7.1060973439999771,0],[112.80335425400006,-7.1059324419999257,0],[112.80330803300001,-7.1058709009999461,0],[112.80328765900003,-7.1058049549999396,0],[112.80327009700011,-7.1057232079999721,0],[112.80323529300006,-7.1056415279999783,0],[112.80319182800008,-7.1055498349999766,0],[112.80314405700005,-7.1054595939999672,0],[112.80309498400004,-7.1054038059999698,0],[112.80304590600008,-7.1053465829999709,0],[112.80293911700005,-7.1052292999999622,0],[112.80291021100004,-7.1051863509999293,0],[112.80290147700009,-7.105157677999955,0],[112.80290141000012,-7.1051404539999794,0],[112.8029241160001,-7.1050671639999337,0],[112.80292813500012,-7.1049925099999314,0],[112.80292220300009,-7.1049451659999363,0],[112.8029091090001,-7.104903591999971,0],[112.80289606500003,-7.1048749359999306,0],[112.80288576600003,-7.1048446059999719,0],[112.80286794300002,-7.1048121769999284,0],[112.80283909600007,-7.1047842989999594,0],[112.80280591100006,-7.1047492619999275,0],[112.80271367600005,-7.1046792889999324,0],[112.8026790670001,-7.1046478459999776,0],[112.80264159000001,-7.1046178489999647,0],[112.80262569500007,-7.1045949459999633,0],[112.80261337700006,-7.1045684389999337,0],[112.80260175100011,-7.1045347539999284,0],[112.802597332,-7.1045067819999304,0],[112.8025943770001,-7.1044859809999252,0],[112.80258998200009,-7.104464466999957,0],[112.80257983200011,-7.104440823999937,0],[112.80245295900011,-7.1043322299999545,0],[112.80231883500005,-7.1042064409999739,0],[112.80226118000007,-7.1041607339999473,0],[112.80222805400001,-7.1041407679999793,0],[112.8021848410001,-7.1041136639999536,0],[112.80214239300005,-7.1040987589999531,0],[112.80208412100001,-7.1040788889999362,0],[112.80204743800005,-7.1040682669999455,0],[112.80197190600006,-7.1040543019999518,0],[112.80193315200006,-7.1040550759999519,0],[112.80187209500002,-7.104058183999939,0],[112.80185124900004,-7.1040553939999427,0],[112.80174915600003,-7.1042215739999506,0],[112.80158345400002,-7.1041043049999644,0],[112.80151908400001,-7.1040562059999388,0],[112.80148588000009,-7.1041395859999739,0],[112.80146495500003,-7.1041779429999679,0],[112.80137484200009,-7.1041610689999288,0],[112.80118881300007,-7.1041129889999297,0],[112.80087621500002,-7.1040338239999414,0],[112.80076781600008,-7.1039950119999276,0],[112.80051704500011,-7.1038979259999451,0],[112.80028692700012,-7.1038405159999343,0],[112.80027363000011,-7.1038366029999338,0],[112.80022595200001,-7.1038344429999256,0],[112.80013772200004,-7.1038089499999728,0],[112.80008015700002,-7.1037862069999278,0],[112.79999474400006,-7.1037463489999482,0],[112.79988912600004,-7.1036836039999685,0],[112.7998037210001,-7.1036456589999375,0],[112.79972023200003,-7.1036077069999806,0],[112.79975144600007,-7.1035051979999366,0],[112.79980530300008,-7.1033136079999508,0],[112.79985949600007,-7.1032081389999462,0],[112.79989933400009,-7.1031065529999751,0],[112.79998959200009,-7.1031607459999577,0],[112.80002831200011,-7.1030180169999539,0],[112.80004053500011,-7.102958641999976,0],[112.80003753800008,-7.1029270759999577,0],[112.80002019500012,-7.1029013069999678,0],[112.80000191600004,-7.102881282999931,0],[112.79997980900009,-7.1028622299999711,0],[112.7999510190001,-7.1028489449999483,0],[112.79990573100008,-7.1028418019999435,0],[112.7995012880001,-7.1027320349999741,0],[112.79925967100007,-7.1026765159999741,0],[112.79912841300006,-7.1026607649999391,0],[112.7990591460001,-7.1026629029999526,0],[112.79906041900006,-7.1027073709999513,0],[112.79904432700005,-7.1027571929999453,0],[112.79901004600003,-7.1028099549999411,0],[112.79880487600008,-7.1030126569999652,0],[112.79874382900005,-7.10307987799996,0],[112.79868191000003,-7.1031691099999534,0],[112.7986839670001,-7.1032054639999274,0],[112.79868218500008,-7.1032399189999751,0],[112.79867174800006,-7.1032657959999597,0],[112.79865845600011,-7.1032964679999395,0],[112.79861076400005,-7.1033492829999432,0],[112.79854937100004,-7.1033275119999644,0],[112.79850811000006,-7.1033094909999477,0],[112.79807928600007,-7.1031494379999458,0],[112.79784516500001,-7.1030454699999268,0],[112.79792002700003,-7.1029365529999495,0],[112.79796809000004,-7.1028838499999551,0],[112.79775414000005,-7.1027995149999583,0],[112.79752447200008,-7.102831379999941,0],[112.79743471000006,-7.1028349329999401,0],[112.79716281300011,-7.102814455999976,0],[112.7970416930001,-7.1027682759999493,0],[112.79700004800009,-7.1027507659999287,0],[112.79697609200002,-7.1027489439999272,0],[112.79696844300008,-7.1027528019999409,0],[112.79695132300003,-7.1027844459999301,0],[112.79693131400006,-7.1028122729999268,0],[112.79692081400003,-7.1028218839999795,0],[112.79687288900004,-7.1028144139999654,0],[112.79668258600009,-7.1027995709999345,0],[112.7965663440001,-7.1027760989999251,0],[112.79642246800006,-7.1027288109999631,0],[112.79623893500002,-7.1026445969999372,0],[112.79612491500006,-7.1025768599999424,0],[112.79609080700004,-7.1025584739999772,0],[112.79596151600003,-7.1024734589999525,0],[112.79591641500008,-7.1024535389999528,0],[112.79581613500011,-7.1024297109999566,0],[112.795805814,-7.102426186999935,0],[112.79574062400002,-7.1024173269999551,0],[112.79563754700007,-7.1024259119999442,0],[112.79560209900001,-7.1024250919999758,0],[112.79557819200011,-7.102435709999952,0],[112.79555814600008,-7.1024539689999528,0],[112.79548358000011,-7.1024934909999615,0],[112.79541853700005,-7.1025186219999341,0],[112.79537545200003,-7.1025245299999256,0],[112.7953150940001,-7.1025228509999465,0],[112.79524928500007,-7.1024977169999488,0],[112.79504670000006,-7.1024410869999315,0],[112.79501701100003,-7.1024665849999451,0],[112.79488006300005,-7.1027000959999782,0],[112.79486561700003,-7.1027178849999473,0],[112.79479948200003,-7.1027085719999263,0],[112.79470555300009,-7.1026955379999777,0],[112.7946422550001,-7.1026766459999635,0],[112.79463448700005,-7.1026710479999338,0],[112.79458261500008,-7.1026127639999572,0],[112.79451537300008,-7.1025651789999529,0],[112.79435889300009,-7.1024787059999426,0],[112.79424182900004,-7.1024284429999511,0],[112.79418428300005,-7.1024104849999503,0],[112.79412962900005,-7.1023972989999606,0],[112.79407673700007,-7.1024056069999801,0],[112.79404881800008,-7.1024315509999383,0],[112.79398786700006,-7.1024619299999472,0],[112.793914771,-7.1025102969999807,0],[112.79389457100001,-7.1024888449999253,0],[112.79387145800001,-7.1024573569999347,0],[112.79386636300001,-7.1024401519999287,0],[112.7938727400001,-7.1024171619999379,0],[112.79390280000007,-7.1023876209999344,0],[112.79390991800005,-7.1023703689999707,0],[112.79392061400006,-7.1023495149999576,0],[112.79402153800004,-7.102276460999974,0],[112.79361273600011,-7.1022528929999567,0],[112.79357961100004,-7.1022324169999251,0],[112.79355082800009,-7.1022210449999648,0],[112.79348676400002,-7.1021897149999518,0],[112.79338460200006,-7.102153507999958,0],[112.79327024400004,-7.1021216559999516,0],[112.79319184200006,-7.1020935189999364,0],[112.79299376800009,-7.1019710849999456,0],[112.79296801700002,-7.1019993829999635,0],[112.79294104100006,-7.1020202569999356,0],[112.79288493900003,-7.102076732999933,0],[112.79271028300002,-7.1019884489999754,0],[112.79267257700008,-7.1021454959999346,0],[112.7926495590001,-7.1021384089999628,0],[112.79260208900007,-7.1021249559999546,0],[112.79252660700001,-7.1021137649999559,0],[112.79249277000008,-7.1020959539999353,0],[112.79246255100009,-7.1020845879999683,0],[112.79243166600008,-7.1020868599999289,0],[112.79236055000001,-7.1020882879999476,0],[112.79233815100008,-7.1020570789999624,0],[112.79227420600012,-7.1020794129999558,0],[112.79221933500003,-7.1021118729999557,0],[112.79219637800009,-7.1021205729999792,0],[112.79216868700007,-7.102143645999945,0],[112.79214291500011,-7.1021676689999254,0],[112.79211604400007,-7.1021859539999355,0],[112.79208026100002,-7.102221975999953,0],[112.79206601200008,-7.1022531309999408,0],[112.792051775,-7.1022872749999806,0],[112.79204775300002,-7.1023919219999812,0],[112.79204744100002,-7.1024051109999391,0],[112.79192964900005,-7.1024450389999743,0],[112.79191792000006,-7.1025084789999369,0],[112.79191089100004,-7.1025485759999469,0],[112.79189123100002,-7.1025737709999248,0],[112.79182863500012,-7.1026433889999794,0],[112.79179699100007,-7.1026662369999372,0],[112.79175862200009,-7.1026829809999299,0],[112.7916930340001,-7.1027063499999485,0],[112.79160765100005,-7.102736881999931,0],[112.79157621500008,-7.1028054119999524,0],[112.79156568700012,-7.1028457719999665,0],[112.79143890800003,-7.1028175809999539,0],[112.79138069700002,-7.1028134989999785,0],[112.79135196100003,-7.1028143279999654,0],[112.79130743700011,-7.1028195239999263,0],[112.79124778200003,-7.1028293679999592,0],[112.79123575800008,-7.1028296939999791,0],[112.7911653110001,-7.102819917999966,0],[112.79105292700001,-7.1027763529999675,0],[112.79101690700008,-7.1027495959999669,0],[112.79094554500011,-7.1026888689999623,0],[112.79087916100002,-7.1026152049999496,0],[112.79089561900003,-7.1025979159999793,0],[112.79092067500005,-7.1025748529999646,0],[112.79096798,-7.1025452469999664,0],[112.79109748300004,-7.1024062339999432,0],[112.7910859210001,-7.1023890549999464,0],[112.79107292600008,-7.1023725979999313,0],[112.79105196500007,-7.1023403829999552,0],[112.79100634600002,-7.1022932409999271,0],[112.79105254700005,-7.1022720469999285,0],[112.79111991000002,-7.1022272899999734,0],[112.79119718000004,-7.1021437409999635,0],[112.79124009800012,-7.1020947729999762,0],[112.79124641100009,-7.1020884439999463,0],[112.79113542000005,-7.101998445999925,0],[112.79102107200004,-7.101933034999945,0],[112.79098447400008,-7.1019083819999764,0],[112.79098269500003,-7.1018921019999652,0],[112.79097831200011,-7.1018734579999432,0],[112.79097106900008,-7.1018584149999811,0],[112.79096238400007,-7.1018419419999645,0],[112.79092997800001,-7.101822689999949,0],[112.79090478900002,-7.1018113049999556,0],[112.79087887700007,-7.1018406979999327,0],[112.79083513600006,-7.1018911939999612,0],[112.79080505800005,-7.1019164289999708,0],[112.79077423700005,-7.1019352079999294,0],[112.79074751600001,-7.1019387569999708,0],[112.7907024000001,-7.1019376379999812,0],[112.79063823200011,-7.1019450389999292,0],[112.79061410300005,-7.1019566389999795,0],[112.79060211000001,-7.1019629079999618,0],[112.79057420300001,-7.1020165339999721,0],[112.7905248940001,-7.1021112839999319,0],[112.79051633400002,-7.1021271059999549,0],[112.7905002010001,-7.1021257669999613,0],[112.79035875800002,-7.1021291129999327,0],[112.79033481100009,-7.1021250899999586,0],[112.79019342800007,-7.1020998939999345,0],[112.79016384300007,-7.1020946219999814,0],[112.79010370700007,-7.1020676959999491,0],[112.79006338800002,-7.102045602999965,0],[112.79003888900002,-7.1020270389999496,0],[112.79002517100002,-7.1020098669999356,0],[112.78999767900007,-7.1019604529999469,0],[112.78998396500003,-7.1019439999999463,0],[112.78997244700008,-7.1019383029999403,0],[112.78984722600001,-7.1018842429999722,0],[112.78970849000007,-7.1018653999999515,0],[112.7896857500001,-7.101930078999942,0],[112.78968659800012,-7.1019638069999473,0],[112.78969258200004,-7.1020247859999586,0],[112.78969059000008,-7.1020671379999385,0],[112.78969218600002,-7.1021080389999725,0],[112.78969009900004,-7.1021259889999442,0],[112.78968156100007,-7.102147552999952,0],[112.78967838700009,-7.1021490689999496,0],[112.78967120400011,-7.1021525029999566,0],[112.78962811800011,-7.102158410999948,0],[112.7895630590001,-7.1021722969999814,0],[112.78945140200005,-7.1021648339999501,0]]]},"properties":{"OBJECTID":3986,"NAMOBJ":"Labang","FCODE":"BA03070040","REMARK":null,"METADATA":"TASWIL1000020260612KECAMATAN_AR","SRS_ID":"4326","KDBBPS":null,"KDCBPS":null,"KDCPUM":"35.26.12","KDEBPS":null,"KDEPUM":null,"KDPBPS":null,"KDPKAB":"35.26","KDPPUM":"35","LUASWH":38.864875760976439,"TIPADM":3,"WADMKC":"Labang","WADMKD":null,"WADMKK":"Bangkalan","WADMPR":"Jawa Timur","WIADKC":null,"WIADKK":null,"WIADPR":null,"WIADKD":null,"UUPP":null,"SHAPE_Length":0.35203358983708655,"SHAPE_Area":0.0031814123634513356}}]}