{"type":"FeatureCollection","features":[{"type":"Feature","id":3993,"geometry":{"type":"Polygon","coordinates":[[[113.07448704300009,-7.1501515939999649,0],[113.07420009800001,-7.1500395469999489,0],[113.07390594900005,-7.1498196139999664,0],[113.07365698000001,-7.1496882329999494,0],[113.07347756000001,-7.1495055639999805,0],[113.07338790000006,-7.1494173919999753,0],[113.07316443900004,-7.1492985499999691,0],[113.07297311700006,-7.1492238499999416,0],[113.07286486400005,-7.1491992109999387,0],[113.0725209520001,-7.149280565999959,0],[113.0724317910001,-7.1494189819999292,0],[113.07237939700008,-7.1495173729999806,0],[113.0722981240001,-7.149650420999933,0],[113.07225420100008,-7.1498069809999265,0],[113.07224688300005,-7.1498891729999627,0],[113.07220645900009,-7.1501596899999527,0],[113.0721511700001,-7.150411111999972,0],[113.07213746900004,-7.1505835339999635,0],[113.07216533900009,-7.1507893929999682,0],[113.07217778200004,-7.150950398999953,0],[113.07217464700011,-7.1510328419999496,0],[113.07200437400002,-7.1513562749999551,0],[113.07190075400001,-7.1515481719999343,0],[113.07177038600003,-7.1518327419999537,0],[113.07172263300004,-7.1519514489999665,0],[113.07169286500005,-7.1520366329999661,0],[113.07158784700005,-7.1522164249999491,0],[113.07153413000003,-7.1523533269999575,0],[113.07153526400009,-7.1525050739999756,0],[113.07148209900004,-7.1527148209999609,0],[113.07146615900001,-7.1528182149999679,0],[113.07100409900011,-7.1558152099999575,0],[113.07083280100005,-7.1568219439999439,0],[113.07089896600007,-7.1572277369999711,0],[113.07076133300006,-7.1573414249999701,0],[113.07071588500003,-7.1574415939999767,0],[113.0706173530001,-7.1576368119999643,0],[113.07050151400006,-7.1579166169999553,0],[113.07048882900006,-7.1579666559999282,0],[113.07056187100011,-7.1581930079999552,0],[113.07043098300005,-7.1583628839999278,0],[113.07025516700003,-7.1585330529999283,0],[113.07012634400007,-7.1586316069999611,0],[113.0700264840001,-7.158714214999975,0],[113.06997681400003,-7.1587884619999613,0],[113.06990922600005,-7.1589445869999508,0],[113.06988866300003,-7.1590186119999544,0],[113.06983882400004,-7.1590718019999713,0],[113.06977565200009,-7.1591144749999671,0],[113.06969646500011,-7.1591309189999492,0],[113.06949278600007,-7.1591139399999406,0],[113.06936575400005,-7.1590964339999346,0],[113.06908167400002,-7.1591263649999632,0],[113.06907989100011,-7.1591265529999646,0],[113.06900636600005,-7.1591407119999531,0],[113.06900652700006,-7.1591597819999606,0],[113.06903448300011,-7.159252027999969,0],[113.06897495900012,-7.1593095979999362,0],[113.06895920700003,-7.1593912849999697,0],[113.06894869300004,-7.159443031999956,0],[113.06887266600006,-7.1594816959999434,0],[113.06874742200011,-7.1594962679999412,0],[113.06872326200005,-7.1595507879999332,0],[113.06868601300005,-7.1596653799999785,0],[113.06860759400001,-7.1597529519999625,0],[113.06857522700011,-7.1597913299999618,0],[113.06855395800005,-7.1598236269999802,0],[113.06854824400011,-7.1598323049999522,0],[113.0684859700001,-7.1598639519999665,0],[113.06846678000011,-7.1598737039999492,0],[113.06835302200011,-7.1599697509999487,0],[113.06815499200002,-7.160096454999973,0],[113.06807208400005,-7.1601649759999759,0],[113.0679734790001,-7.1602119669999524,0],[113.06789656400008,-7.160252623999952,0],[113.06778899500011,-7.1603305649999811,0],[113.06765696200011,-7.1604455839999446,0],[113.06761087100006,-7.1604861019999362,0],[113.06754288100001,-7.1604865879999693,0],[113.06740655800002,-7.1604444499999431,0],[113.06730285100002,-7.1606179099999281,0],[113.06760363300009,-7.1607514099999321,0],[113.06749454500005,-7.1610390469999743,0],[113.06743475100006,-7.1611717709999425,0],[113.06742803700001,-7.161186670999939,0],[113.0673498970001,-7.1612201019999588,0],[113.06724185400003,-7.1613092539999457,0],[113.06717717700008,-7.1614484629999424,0],[113.06715785900008,-7.1615672229999632,0],[113.0671588240001,-7.1616985159999444,0],[113.06715940000004,-7.1617766339999775,0],[113.06713791000004,-7.1619433979999485,0],[113.06709022200005,-7.1619942259999334,0],[113.06703768900002,-7.1620627019999574,0],[113.06698313400011,-7.1622120789999713,0],[113.0669835330001,-7.1622675729999514,0],[113.06704450500001,-7.1622999269999355,0],[113.06709248400011,-7.1622970009999563,0],[113.0671481710001,-7.1622990999999274,0],[113.06718135100004,-7.1623417919999497,0],[113.06718440700001,-7.162407395999935,0],[113.0672017280001,-7.1624914649999596,0],[113.06715791300007,-7.1625568289999251,0],[113.06720508500007,-7.1625903289999542,0],[113.06724988300004,-7.1626602649999427,0],[113.06726656100011,-7.1628005559999792,0],[113.06724419700004,-7.1629386719999388,0],[113.0672383750001,-7.1630012699999384,0],[113.06723209500001,-7.1630687869999292,0],[113.06727017600008,-7.1632714359999454,0],[113.06733348500006,-7.163375000999963,0],[113.06740178100006,-7.1634421199999565,0],[113.06741451000005,-7.1636030059999598,0],[113.06741618400008,-7.1636241769999742,0],[113.06742186300005,-7.1636917589999598,0],[113.06742480000003,-7.1637307019999525,0],[113.06747718400004,-7.1637615569999298,0],[113.0675211030001,-7.1637856729999498,0],[113.06751333800003,-7.1638014339999359,0],[113.06746599400003,-7.1638123119999477,0],[113.06742119,-7.1638073619999432,0],[113.06740272100001,-7.1637996709999356,0],[113.06737366400012,-7.1637946509999324,0],[113.06733677200009,-7.1637896649999675,0],[113.06726804300001,-7.1637586109999347,0],[113.06725166000001,-7.1637377789999732,0],[113.06722285300009,-7.1637011489999622,0],[113.06720434800002,-7.1636855059999789,0],[113.06716000200004,-7.1637488829999256,0],[113.06713902500007,-7.1637943249999694,0],[113.06711861000008,-7.1638385479999442,0],[113.06707402500001,-7.1638651409999738,0],[113.06696936200001,-7.163866976999941,0],[113.06681073200002,-7.1638697589999651,0],[113.06655261700007,-7.1638637789999393,0],[113.06644205900011,-7.1638751209999327,0],[113.06632922800009,-7.1639285939999695,0],[113.06618684000011,-7.1639817459999335,0],[113.06610141800002,-7.1639897219999398,0],[113.06590595500006,-7.1639911429999756,0],[113.06569606000005,-7.1640195619999645,0],[113.06562517000009,-7.1640225019999662,0],[113.06562253900006,-7.1640405309999551,0],[113.06562053700009,-7.1640542469999673,0],[113.06564585300009,-7.1641735299999709,0],[113.06566377800004,-7.1642757639999672,0],[113.06568129100003,-7.1643366019999348,0],[113.06568157400011,-7.1643658859999277,0],[113.06557705500006,-7.1644422769999778,0],[113.06548720600006,-7.1645111909999741,0],[113.06538695100005,-7.1645070319999604,0],[113.06529638800009,-7.1644833069999549,0],[113.06524250000007,-7.1644666459999371,0],[113.06522313100004,-7.1644912279999744,0],[113.0652063980001,-7.1645376699999588,0],[113.06516990400007,-7.1645550079999794,0],[113.06509394600005,-7.1645263339999588,0],[113.06501816100001,-7.164519534999954,0],[113.06491826500007,-7.1645617399999537,0],[113.06476738800006,-7.1646359899999652,0],[113.06469954600004,-7.1647194469999249,0],[113.06464917400001,-7.1648368109999296,0],[113.06461046900006,-7.1648932029999628,0],[113.06456686800004,-7.1649398559999327,0],[113.06443513400006,-7.1649725329999683,0],[113.06422477000001,-7.1649301839999566,0],[113.06413122300012,-7.1648406719999684,0],[113.06406436100008,-7.164727270999947,0],[113.06402751000007,-7.1646484409999402,0],[113.06400937300009,-7.164648523999972,0],[113.06398236200005,-7.1646668109999609,0],[113.06397584900003,-7.164712121999969,0],[113.06399031600006,-7.1648251269999719,0],[113.0639907100001,-7.16487944499994,0],[113.06396159200006,-7.1649271179999801,0],[113.06391222700006,-7.1649863599999435,0],[113.06384203700009,-7.1649958939999578,0],[113.06383311900004,-7.1650208799999291,0],[113.06384705500011,-7.1650660089999292,0],[113.06384958500007,-7.16509763199997,0],[113.0637726760001,-7.1651231029999281,0],[113.06360046300006,-7.1651334569999676,0],[113.06339885700004,-7.1651462919999744,0],[113.06325320000008,-7.1650703919999614,0],[113.06317146100002,-7.1650506929999551,0],[113.06306962200006,-7.1650762769999687,0],[113.06303144600008,-7.1651173009999525,0],[113.06297272300003,-7.1651539899999648,0],[113.06290965800008,-7.1652041649999774,0],[113.06286453200005,-7.1652271439999708,0],[113.0628558300001,-7.165283762999934,0],[113.06287246400007,-7.1653809399999773,0],[113.06285033400002,-7.1654556969999703,0],[113.06278493600007,-7.1655014529999335,0],[113.06261269300001,-7.1655050269999379,0],[113.06254687000001,-7.1654896869999334,0],[113.06251509000003,-7.1654998179999438,0],[113.06251064900005,-7.165501236999944,0],[113.06247907500006,-7.1655172869999433,0],[113.06244274000005,-7.1655142939999337,0],[113.0624291260001,-7.1655131719999758,0],[113.06237680300001,-7.165494601999967,0],[113.06230413700007,-7.1654688129999613,0],[113.06219303100011,-7.165458373999968,0],[113.06207117400004,-7.1654802509999627,0],[113.06198059600001,-7.1655197939999766,0],[113.06190599800004,-7.1656110539999531,0],[113.06183130200009,-7.165697072999933,0],[113.06179535000001,-7.165751825999962,0],[113.06176174700011,-7.1657649919999358,0],[113.06168573700006,-7.1656748599999673,0],[113.06161776500005,-7.165613159999964,0],[113.06155994000005,-7.1655177939999248,0],[113.06151812100006,-7.1654792069999758,0],[113.06146878900006,-7.1654796089999309,0],[113.06140908300006,-7.1654799669999534,0],[113.06127920900008,-7.1654783809999572,0],[113.06118298800004,-7.1654583849999653,0],[113.06108943800007,-7.1654513029999407,0],[113.06095928000002,-7.1654030789999297,0],[113.0608606510001,-7.1654115649999426,0],[113.06080323300012,-7.1653731389999393,0],[113.0607485590001,-7.1653476249999812,0],[113.06063942300011,-7.1653432329999305,0],[113.06054575500002,-7.1653102109999622,0],[113.06046485600007,-7.1652615849999393,0],[113.06043564000004,-7.1651711529999602,0],[113.06039364100002,-7.1651092469999753,0],[113.06034131500007,-7.1650578719999771,0],[113.06027071900007,-7.1649935659999642,0],[113.06019989700007,-7.1648956349999366,0],[113.06015151600002,-7.1648916939999481,0],[113.06006643500007,-7.164992219999931,0],[113.06000955500008,-7.1650402889999327,0],[113.05993780000006,-7.1650170199999366,0],[113.05970574300011,-7.1649140279999415,0],[113.05950492700003,-7.1648536469999726,0],[113.05929220000007,-7.1647838299999762,0],[113.05915600500009,-7.164753889999929,0],[113.05897200300001,-7.1646982249999382,0],[113.05876628100009,-7.1646093049999422,0],[113.05865349900012,-7.1645244869999374,0],[113.05856286100004,-7.1645180239999604,0],[113.05850307100002,-7.1644994019999331,0],[113.05848145800007,-7.1644733779999683,0],[113.0584739730001,-7.164435358999981,0],[113.05848805700009,-7.1643971549999605,0],[113.05849733200012,-7.1643685509999386,0],[113.05846824700006,-7.1643068589999643,0],[113.05836982700009,-7.164212397999961,0],[113.05831647200012,-7.1642312549999474,0],[113.05826481300005,-7.164228593999951,0],[113.05819393500008,-7.1641681739999399,0],[113.05817470600005,-7.1641074319999802,0],[113.05817445000002,-7.1640668509999728,0],[113.05818668500001,-7.164032448999933,0],[113.05819578400008,-7.1639980629999513,0],[113.05819869100003,-7.1639636139999538,0],[113.05819066700008,-7.1639387039999747,0],[113.05815626200001,-7.1639389489999417,0],[113.05811735400005,-7.1639674129999662,0],[113.05805979900003,-7.1640146699999718,0],[113.05796149700006,-7.1640465629999426,0],[113.05784900700007,-7.1640599019999627,0],[113.05771109500006,-7.1640296969999326,0],[113.05757440400009,-7.1639558329999318,0],[113.0574937020001,-7.1639041389999534,0],[113.0574297930001,-7.1638632039999379,0],[113.05739323800003,-7.163783920999947,0],[113.05737082500002,-7.1637122559999398,0],[113.0573322140001,-7.1636732929999312,0],[113.05729729400002,-7.1637086989999261,0],[113.05727133300002,-7.1638114909999331,0],[113.05724955300002,-7.1639141739999559,0],[113.05725479200009,-7.1640504489999444,0],[113.05727090400001,-7.1641318139999726,0],[113.05730212800006,-7.1641708989999415,0],[113.05731501000002,-7.1641975049999473,0],[113.05730137300009,-7.1642524289999301,0],[113.05728065400001,-7.1643087399999672,0],[113.05720608400009,-7.1644230479999464,0],[113.05711519500005,-7.1644601499999681,0],[113.05699920600011,-7.164508843999954,0],[113.05689484200002,-7.1645869509999329,0],[113.05679715800011,-7.1646400809999591,0],[113.05675677600004,-7.1647223299999609,0],[113.05671216000007,-7.1648591899999587,0],[113.05664929500006,-7.1649871839999264,0],[113.05653949800001,-7.1652519569999527,0],[113.05651683600001,-7.1652749249999488,0],[113.05647345500006,-7.1652706909999324,0],[113.05644640700007,-7.1653141059999257,0],[113.05642625700011,-7.165364358999966,0],[113.05638459600004,-7.1653945529999419,0],[113.05637734200002,-7.1654244119999362,0],[113.05637025300007,-7.1654746969999792,0],[113.05632800400008,-7.1655569539999533,0],[113.05629302800003,-7.1656298699999752,0],[113.05622997300009,-7.1656824839999445,0],[113.05618926600005,-7.1657255979999377,0],[113.05619168200008,-7.1657982559999596,0],[113.05617188200006,-7.1658933379999326,0],[113.05617224900004,-7.1659417819999476,0],[113.05617076600004,-7.1659939399999644,0],[113.05615061500009,-7.1660443739999664,0],[113.05606747900003,-7.1662292189999448,0],[113.05596774800006,-7.1664082639999265,0],[113.05587482800001,-7.1667251129999272,0],[113.05588914000009,-7.1668042259999538,0],[113.05596359500009,-7.1668801759999496,0],[113.05600498900003,-7.166923555999972,0],[113.05600793400004,-7.1669481269999551,0],[113.05598895100002,-7.166975597999965,0],[113.05594549800003,-7.16702233999996,0],[113.05597337000006,-7.1670795189999694,0],[113.05605584800003,-7.1671308499999782,0],[113.05610557600005,-7.1671851289999609,0],[113.05613862400003,-7.1672148979999406,0],[113.05614981800011,-7.1672476569999617,0],[113.05617205600004,-7.167296634999957,0],[113.05616417900001,-7.1673377049999658,0],[113.05612054100004,-7.1673598639999341,0],[113.0560439300001,-7.1673686119999616,0],[113.05602222200002,-7.1673878709999599,0],[113.05598389600004,-7.1673963569999728,0],[113.05593738800007,-7.1673940349999725,0],[113.05591556900004,-7.1674050689999262,0],[113.05588038700012,-7.1674654219999638,0],[113.0558259280001,-7.1675040789999684,0],[113.05574662700008,-7.1675129289999404,0],[113.05569740700003,-7.1675214649999361,0],[113.05568115900007,-7.1675434099999507,0],[113.05565661700007,-7.1675627719999397,0],[113.05563736400006,-7.1675855019999517,0],[113.05563084000005,-7.1675932029999672,0],[113.05558222600007,-7.1676505959999304,0],[113.0555438990001,-7.1678085779999492,0],[113.05552790000002,-7.1680190629999743,0],[113.05551967100007,-7.1680979149999757,0],[113.05551138300007,-7.1681637509999518,0],[113.05573157300012,-7.1682497149999449,0],[113.05585462800002,-7.1682619079999768,0],[113.05598220500008,-7.1683003839999628,0],[113.05602637600009,-7.1683307359999731,0],[113.05604022300008,-7.1684226849999391,0],[113.05597091600009,-7.1685458259999564,0],[113.05594553300011,-7.1686775389999298,0],[113.05595899500008,-7.1687167959999556,0],[113.05599893600004,-7.1687691299999301,0],[113.05601239700002,-7.1688084769999705,0],[113.05603556400001,-7.1688936999999555,0],[113.05605755100009,-7.1689745809999295,0],[113.05609270700006,-7.1690907189999393,0],[113.05610255200008,-7.1691232409999657,0],[113.05610843700003,-7.169320341999935,0],[113.05610899500005,-7.169394815999965,0],[113.05612774200006,-7.1695142189999501,0],[113.05611805100011,-7.1695834069999478,0],[113.05609281200009,-7.1696476009999515,0],[113.05607259900012,-7.1696835739999756,0],[113.05604193000011,-7.1697017879999407,0],[113.05598817500004,-7.1697149539999714,0],[113.05593927400002,-7.1696948369999518,0],[113.05589774800001,-7.1696388029999412,0],[113.0558770340001,-7.1696134079999752,0],[113.05584366100004,-7.169611027999963,0],[113.05577456700007,-7.1696320329999708,0],[113.05572351700005,-7.1696657029999642,0],[113.05564680600003,-7.1697021099999461,0],[113.05563705200007,-7.1697739189999652,0],[113.05561439200005,-7.1698304199999257,0],[113.05559420000009,-7.1698715439999319,0],[113.05558497600009,-7.169944796999971,0],[113.05559858800007,-7.1700175839999361,0],[113.05559894700002,-7.17006440199998,0],[113.05557090800005,-7.1701531039999509,0],[113.05554560300004,-7.17025218699996,0],[113.0555620770001,-7.1703640079999786,0],[113.05558952700005,-7.1705433879999418,0],[113.0555899200001,-7.1705979779999325,0],[113.05557103600006,-7.1706975749999629,0],[113.05558974900009,-7.1707593139999517,0],[113.05557231100011,-7.1708651409999788,0],[113.05555856300009,-7.1709781819999421,0],[113.05555621300005,-7.1711531759999616,0],[113.05552016000001,-7.1712189559999615,0],[113.05552050400001,-7.1712626999999429,0],[113.05549875200006,-7.1712883759999499,0],[113.05567791600004,-7.171429656999976,0],[113.05572895200009,-7.171475705999967,0],[113.05574233400012,-7.1715641309999683,0],[113.05575120200001,-7.1716273619999811,0],[113.05573896500005,-7.1716780299999527,0],[113.05572256800008,-7.1717497779999348,0],[113.0557143420001,-7.1717793709999569,0],[113.05571059500005,-7.1718426549999776,0],[113.05572420500005,-7.1719648839999763,0],[113.05570818400008,-7.1720872449999433,0],[113.05568738200009,-7.1721252999999479,0],[113.05562857300004,-7.1721763579999447,0],[113.0556033470001,-7.1721934629999282,0],[113.05557413200006,-7.1722358029999782,0],[113.05557450800006,-7.1722864169999525,0],[113.05555380100009,-7.1723456199999305,0],[113.0555329980001,-7.172383674999935,0],[113.05548254700011,-7.1724177939999549,0],[113.05546581300007,-7.172447424999973,0],[113.05546673400011,-7.1725697099999479,0],[113.05538784000009,-7.1729795519999584,0],[113.05537731400011,-7.1730342299999279,0],[113.05531293900003,-7.173292111999956,0],[113.05534451200003,-7.1736251259999335,0],[113.05527399100004,-7.1739106029999675,0],[113.05517447000011,-7.1741866279999726,0],[113.05503053400002,-7.1743616229999816,0],[113.05500854700006,-7.1746515829999566,0],[113.0549657360001,-7.1747581559999389,0],[113.05489776400009,-7.1747297179999805,0],[113.05468401200005,-7.1746153459999391,0],[113.05463056100007,-7.1745964219999792,0],[113.0545580160001,-7.174597017999929,0],[113.05450015300005,-7.1746263809999391,0],[113.05435038600001,-7.1746661869999571,0],[113.05425374600009,-7.174686142999974,0],[113.05415314600009,-7.1748221689999809,0],[113.05414417700001,-7.1749188289999779,0],[113.05418856000006,-7.1750296219999541,0],[113.0543155360001,-7.1751832489999288,0],[113.05433569400009,-7.1752844789999699,0],[113.05439433100003,-7.1753613129999394,0],[113.05439003000004,-7.175433820999956,0],[113.05437131200006,-7.1755208539999558,0],[113.05437188300004,-7.1755981299999689,0],[113.05438179100008,-7.1756270989999393,0],[113.05438705100005,-7.1756850109999277,0],[113.05435886600003,-7.1757914289999576,0],[113.05435915900011,-7.1758397829999581,0],[113.05435925800009,-7.1758517789999701,0],[113.05435948200011,-7.1758783749999679,0],[113.05434131400011,-7.1760881469999731,0],[113.05424963200005,-7.1762648059999492,0],[113.05418274800002,-7.1763293679999265,0],[113.05416076500001,-7.1763871319999453,0],[113.05416120100006,-7.1764511209999569,0],[113.05413910100003,-7.1764993039999467,0],[113.05395004700006,-7.1765167809999753,0],[113.05377395900007,-7.1765628519999609,0],[113.05361407900011,-7.1766281009999489,0],[113.0534603100001,-7.1766579819999379,0],[113.05337748300008,-7.1767290329999582,0],[113.05323954100004,-7.1767268479999302,0],[113.05320405000009,-7.1767015189999483,0],[113.05315567800005,-7.1766666669999495,0],[113.05307858300012,-7.176651283999945,0],[113.05303358000003,-7.1766355779999458,0],[113.05298226000002,-7.1766424049999387,0],[113.05295683500003,-7.1766649339999731,0],[113.05294135700001,-7.176741920999973,0],[113.05292299000007,-7.1768572419999259,0],[113.05292338400011,-7.1769116519999443,0],[113.05291731600005,-7.1769565089999787,0],[113.05290789100002,-7.1769853839999769,0],[113.05286955500003,-7.1770081509999386,0],[113.05273143900001,-7.1769835519999674,0],[113.05259955200006,-7.1769332549999376,0],[113.05244896400006,-7.1769567959999563,0],[113.05230791700001,-7.1769610419999594,0],[113.0522119310001,-7.1769938289999686,0],[113.05215608300011,-7.177072892999945,0],[113.0521142450001,-7.1770972129999677,0],[113.05204821300003,-7.1771186579999267,0],[113.05199760700009,-7.1771850449999306,0],[113.0519348040001,-7.1772275359999753,0],[113.0518293450001,-7.1771952879999503,0],[113.05171776000009,-7.1771450809999351,0],[113.05166367600009,-7.1771515589999808,0],[113.05157685200004,-7.1771971399999757,0],[113.05153809300009,-7.1772424149999665,0],[113.05154200400011,-7.1773654099999362,0],[113.05152750900004,-7.1774285629999781,0],[113.05149176300006,-7.1774797889999604,0],[113.0514142940001,-7.1775643729999388,0],[113.05122730500011,-7.1778927609999528,0],[113.05095943800006,-7.1783209259999694,0],[113.05089167200003,-7.1784292439999717,0],[113.05078305900008,-7.1783760409999786,0],[113.05073984600006,-7.1783396349999293,0],[113.05069832300001,-7.1783046549999767,0],[113.05065606100004,-7.1782839649999346,0],[113.05059893800001,-7.178278435999971,0],[113.05057952200002,-7.1783641199999693,0],[113.05057851800007,-7.1783685499999592,0],[113.05056389300012,-7.1784196819999693,0],[113.05053101200008,-7.1784438709999563,0],[113.05038761700007,-7.1783922009999515,0],[113.05031099700011,-7.1783645929999693,0],[113.0503368950001,-7.1782143489999726,0],[113.05013223200001,-7.1781799239999486,0],[113.05001890200003,-7.1783066969999254,0],[113.04999181800008,-7.178392320999933,0],[113.04988910600002,-7.1783734379999373,0],[113.04987808800001,-7.1784797789999288,0],[113.04981190900003,-7.1786023629999249,0],[113.04978876400003,-7.1787100599999576,0],[113.04978142100003,-7.1787442219999775,0],[113.04977071200005,-7.1788860819999627,0],[113.04975544800004,-7.178960988999961,0],[113.04971242600004,-7.1790045659999464,0],[113.04958273000011,-7.1790763679999259,0],[113.04957922700009,-7.1791275399999677,0],[113.04959094100002,-7.1792791859999738,0],[113.0495922990001,-7.1792967709999402,0],[113.04982857400012,-7.1792398589999493,0],[113.04962942300006,-7.1800364899999636,0],[113.04959142400003,-7.1801346369999806,0],[113.04958730900012,-7.1801990079999314,0],[113.04958109800009,-7.1802957469999455,0],[113.04954948300008,-7.180385638999951,0],[113.04953144400008,-7.1804410359999338,0],[113.04953432100001,-7.1805168549999507,0],[113.04955325800006,-7.1805788639999264,0],[113.04955829200003,-7.1806363259999557,0],[113.04954308000003,-7.1807560619999435,0],[113.04952045500011,-7.1808206969999446,0],[113.04949808300012,-7.1809082889999445,0],[113.04950323200001,-7.1809748789999617,0],[113.04949214600003,-7.1810325029999262,0],[113.04939255600004,-7.1812610779999773,0],[113.04936074200009,-7.1814568109999755,0],[113.04935830800002,-7.181630178999967,0],[113.04935952400001,-7.1817851819999419,0],[113.04935614100009,-7.1818294849999802,0],[113.04931965900005,-7.181899785999974,0],[113.04926902900002,-7.1820440849999727,0],[113.04925499400008,-7.1821437509999555,0],[113.04921252200006,-7.1821980949999329,0],[113.04918538200002,-7.182232818999978,0],[113.04917508100004,-7.182332558999974,0],[113.04917195400003,-7.1824174449999418,0],[113.04912459900004,-7.1825100279999674,0],[113.04908099300008,-7.1826062109999498,0],[113.04911918800008,-7.1827682799999479,0],[113.04912001600007,-7.1828863169999408,0],[113.04910690600002,-7.1830589199999508,0],[113.04899593400012,-7.1832957689999262,0],[113.04885156500006,-7.1834751939999251,0],[113.0487293110001,-7.1836764839999319,0],[113.04863690400009,-7.1838253969999641,0],[113.04852220600003,-7.1839304859999515,0],[113.04844107700001,-7.1841149589999418,0],[113.0483706870001,-7.1842636849999622,0],[113.04836698600002,-7.1843872559999795,0],[113.04844294100008,-7.1845142689999761,0],[113.04855452300001,-7.1845799319999628,0],[113.04864353900007,-7.1845903789999284,0],[113.04871016600009,-7.184584387999962,0],[113.04874852900002,-7.1845175129999461,0],[113.04883178600005,-7.1845085539999332,0],[113.04896000000008,-7.184554799999944,0],[113.04928601200004,-7.1846853939999278,0],[113.04934741300008,-7.1847293179999383,0],[113.0493840470001,-7.1847927849999564,0],[113.0493932390001,-7.1849119599999653,0],[113.04936344500004,-7.1850091659999293,0],[113.04958963200011,-7.185165513999948,0],[113.04968616600001,-7.1852375699999698,0],[113.04965877600011,-7.1852882169999361,0],[113.04961656400008,-7.1853792419999536,0],[113.04960523300008,-7.1854291749999675,0],[113.0495798930001,-7.1855408309999689,0],[113.04954256300005,-7.1856217119999428,0],[113.04952003900007,-7.1856420589999743,0],[113.04942138700005,-7.1856302069999742,0],[113.04937625200012,-7.1856683699999735,0],[113.04934202300001,-7.1858248889999459,0],[113.04940751600009,-7.1857991969999375,0],[113.04952870300008,-7.1857932329999699,0],[113.04957453200007,-7.1858432809999613,0],[113.04960548400004,-7.1859212349999666,0],[113.04965154600006,-7.1860065309999754,0],[113.04965489000006,-7.1861199489999308,0],[113.04961373800006,-7.1861807799999724,0],[113.0496270750001,-7.1862423629999626,0],[113.04960704700011,-7.1863197309999691,0],[113.04961008400005,-7.1863814499999421,0],[113.04964150800004,-7.1864480129999606,0],[113.0496649910001,-7.1864915629999473,0],[113.04973218200007,-7.1865116899999748,0],[113.04988936800009,-7.1865105349999681,0],[113.05007519000003,-7.1865374509999356,0],[113.05029230700006,-7.1866180969999505,0],[113.05051208000009,-7.1867090339999322,0],[113.05075889200009,-7.1868708929999343,0],[113.0515492080001,-7.1871773729999404,0],[113.05231341000001,-7.1874362459999475,0],[113.05278988800001,-7.1876311489999694,0],[113.05292638300011,-7.1876595509999675,0],[113.05304012300007,-7.1876072519999639,0],[113.05308756800002,-7.1875517239999454,0],[113.05312062400003,-7.1875331379999352,0],[113.05316480900001,-7.1875328489999788,0],[113.05317894100006,-7.1874555079999709,0],[113.05320408800003,-7.1873708869999291,0],[113.05326599800003,-7.187278507999963,0],[113.05324624900004,-7.1871022569999354,0],[113.05328028600002,-7.1870582109999646,0],[113.05331192200003,-7.1870172739999703,0],[113.05339618000005,-7.1869651969999495,0],[113.05345495400002,-7.1869390839999596,0],[113.05365003800011,-7.186933961999955,0],[113.05375668700003,-7.1869147739999448,0],[113.05408347000002,-7.1868177739999624,0],[113.05439619000003,-7.1867801279999526,0],[113.05457937800008,-7.1868023549999407,0],[113.05472168300003,-7.1868779109999537,0],[113.05489429000011,-7.1870533849999561,0],[113.05500677800001,-7.1870878599999628,0],[113.0552250610001,-7.1870626579999453,0],[113.05530822600008,-7.1871327849999602,0],[113.05542029800006,-7.1871084199999586,0],[113.05557388000011,-7.1871190299999625,0],[113.05572681300009,-7.1870353719999684,0],[113.05589153900007,-7.186951659999977,0],[113.0560261390001,-7.1867915289999473,0],[113.05603751800004,-7.1867325479999522,0],[113.0561141390001,-7.1867084339999678,0],[113.05635646700011,-7.1867360879999751,0],[113.05675860800011,-7.1868155389999515,0],[113.05697169000007,-7.1868787559999419,0],[113.05706801100007,-7.1869447319999722,0],[113.05716755000003,-7.1870129099999644,0],[113.05734595400008,-7.1871824819999688,0],[113.05761289900011,-7.1873395459999756,0],[113.05802755500008,-7.1875132089999738,0],[113.05812277000007,-7.1876068699999678,0],[113.05831013700003,-7.1877442259999498,0],[113.05841655900008,-7.1877578479999329,0],[113.0584456360001,-7.1877672979999261,0],[113.05847888700009,-7.1878295469999784,0],[113.05849953200004,-7.1878681949999645,0],[113.05875762700009,-7.188131407999947,0],[113.05893860200001,-7.1884241609999435,0],[113.05913373500005,-7.1886782549999566,0],[113.05934289400011,-7.1888647709999418,0],[113.05956612300008,-7.1889932879999492,0],[113.05984258900003,-7.1891262649999703,0],[113.06016793900005,-7.1893407279999337,0],[113.06021698500001,-7.1894416459999775,0],[113.06024677800008,-7.1894855649999272,0],[113.0602658250001,-7.1895136429999411,0],[113.0603291000001,-7.1895758139999657,0],[113.06036872400011,-7.1897056979999547,0],[113.06037934200003,-7.1898261309999612,0],[113.06044261900001,-7.189888390999954,0],[113.06046686700006,-7.1899026529999333,0],[113.0604522750001,-7.1899606549999362,0],[113.06040509400009,-7.190008407999926,0],[113.06036899700007,-7.1900313469999446,0],[113.06036239100001,-7.1900562329999502,0],[113.06036716100004,-7.1900878459999262,0],[113.06055865400003,-7.1902625999999259,0],[113.06065446900004,-7.1903567999999609,0],[113.06064603800007,-7.1904404429999431,0],[113.06048106100002,-7.1907828339999469,0],[113.06033930300009,-7.1910437759999581,0],[113.06054884200012,-7.1912316449999594,0],[113.06057203700004,-7.1912770939999291,0],[113.06057061100012,-7.1913912549999282,0],[113.06052103500008,-7.1916860379999434,0],[113.06043743100008,-7.1918331959999477,0],[113.06029162700008,-7.1919752119999316,0],[113.06021926800008,-7.1921166259999723,0],[113.06016379900007,-7.19224666599996,0],[113.06011947600007,-7.1923653579999609,0],[113.06006869900011,-7.1923770649999597,0],[113.05998398500003,-7.1923777169999425,0],[113.0599850430001,-7.1925129259999494,0],[113.05996158500011,-7.1925744919999488,0],[113.05990981700006,-7.1927307269999687,0],[113.05988385500007,-7.1927995359999386,0],[113.05982874800009,-7.1928607019999617,0],[113.0598024200001,-7.1928820599999312,0],[113.05980261500008,-7.192908450999937,0],[113.05989630600004,-7.1930450509999559,0],[113.05998696000006,-7.1931368339999722,0],[113.06000047500004,-7.1931710299999736,0],[113.05992525000011,-7.1933723809999606,0],[113.05990001500004,-7.1935362689999351,0],[113.05987941100011,-7.1936183389999542,0],[113.05982943200002,-7.1936582419999695,0],[113.05974758800005,-7.1936826529999394,0],[113.05972749400007,-7.1939111419999335,0],[113.05981281600009,-7.194078238999964,0],[113.05982708400006,-7.1942961799999807,0],[113.05984054500004,-7.1944175949999476,0],[113.05992554700003,-7.1945469129999537,0],[113.05994730900011,-7.1946390059999317,0],[113.05979046200002,-7.1950133569999366,0],[113.05972038700008,-7.1951983259999679,0],[113.05971249900006,-7.1952696739999737,0],[113.05972526300002,-7.1952863369999704,0],[113.05983020200006,-7.1952687839999498,0],[113.05990150000002,-7.1952557169999523,0],[113.06000276900011,-7.1953178069999808,0],[113.06005380800002,-7.1953971149999347,0],[113.06007960000011,-7.1954723799999556,0],[113.06003851900005,-7.1955984679999574,0],[113.06004787500001,-7.1957199919999653,0],[113.06002772800002,-7.1958374909999634,0],[113.06008563500006,-7.1959995589999721,0],[113.06019716800006,-7.1961692479999328,0],[113.06021683400002,-7.1962269149999543,0],[113.06020346100001,-7.1962737039999638,0],[113.06019864000007,-7.1963398719999532,0],[113.06019027700006,-7.1964546039999391,0],[113.06018841800005,-7.1964801169999646,0],[113.0602781450001,-7.1966802739999594,0],[113.06030916800012,-7.1967734999999493,0],[113.06030949100011,-7.1968120029999341,0],[113.06027422400007,-7.1968865469999628,0],[113.06015623300004,-7.197072182999932,0],[113.06011955600002,-7.1971816219999596,0],[113.06002946500007,-7.1972478269999556,0],[113.0600111330001,-7.1973040369999808,0],[113.05998020600009,-7.197347921999949,0],[113.059942836,-7.1973700529999292,0],[113.0598995150001,-7.197429629999931,0],[113.05987173700009,-7.1974766639999643,0],[113.05982835900011,-7.197523768999929,0],[113.05979725700001,-7.1975457819999633,0],[113.05979444200011,-7.1975832129999731,0],[113.06014018200005,-7.1978488299999412,0],[113.06002007200004,-7.1980774079999605,0],[113.05972696600008,-7.198611992999929,0],[113.059717578,-7.1986291149999602,0],[113.05816745600009,-7.1982207769999604,0],[113.05810140400001,-7.198486801999934,0],[113.05757409600005,-7.1983116589999554,0],[113.05750153300005,-7.1985406569999668,0],[113.05707308400008,-7.1983401229999799,0],[113.05712126700007,-7.1981668209999725,0],[113.05656239900009,-7.1979116489999342,0],[113.05652022400011,-7.1980601579999757,0],[113.05598021000003,-7.1978480139999306,0],[113.05597232600007,-7.1977383229999532,0],[113.05578480800011,-7.1976343199999633,0],[113.05564249300005,-7.1976070309999614,0],[113.05553442100006,-7.1975509779999811,0],[113.05536537600005,-7.1974632999999812,0],[113.05489958100009,-7.1973310809999589,0],[113.05443378400003,-7.1971988619999365,0],[113.05431589500006,-7.1971754399999668,0],[113.05428725600007,-7.1971472779999317,0],[113.05397008600005,-7.1970766649999405,0],[113.05388656000002,-7.1973082419999628,0],[113.05356160500003,-7.1972823139999491,0],[113.05331826100007,-7.1973124189999567,0],[113.05326972300008,-7.1973077549999402,0],[113.05320137100011,-7.1973619309999322,0],[113.05300577900005,-7.1975871419999748,0],[113.05277106400001,-7.1977767359999802,0],[113.05262575500001,-7.1979299549999496,0],[113.05260215900012,-7.1979778729999566,0],[113.05231488400011,-7.1979322529999763,0],[113.05227542500006,-7.1978550609999274,0],[113.05198188200006,-7.1977766579999525,0],[113.05190587400011,-7.1980039529999544,0],[113.05147169100007,-7.1979057539999758,0],[113.05128790300012,-7.1985155849999387,0],[113.05127671000002,-7.1985994209999262,0],[113.05125767600009,-7.1986324059999447,0],[113.05116739800008,-7.1986742069999536,0],[113.0511235460001,-7.1986827189999758,0],[113.05093630700003,-7.1986074539999549,0],[113.05084273500006,-7.1985806679999769,0],[113.05078787400009,-7.1985810949999518,0],[113.05076806200009,-7.1985073399999351,0],[113.05068853400007,-7.1985161019999282,0],[113.05065547100003,-7.1984998899999368,0],[113.05055594400005,-7.1984102239999288,0],[113.05044575300008,-7.1983563059999369,0],[113.05034991700006,-7.1983899059999317,0],[113.05026724200002,-7.1983466209999278,0],[113.05025072400008,-7.1983412729999259,0],[113.05023194900002,-7.1983989309999288,0],[113.05005295600006,-7.1983318559999248,0],[113.04991311700007,-7.1983575169999767,0],[113.04984686100011,-7.1983796869999424,0],[113.04952223100008,-7.1983599009999466,0],[113.04943334900008,-7.1983467409999662,0],[113.04934724000009,-7.1983197399999312,0],[113.04926068400005,-7.198242850999975,0],[113.04920236700002,-7.1982377779999638,0],[113.04914450900003,-7.1982852169999774,0],[113.04910590700001,-7.198316029999944,0],[113.04897287600011,-7.1983280149999587,0],[113.04881300900001,-7.1983480719999307,0],[113.04874592900001,-7.1984530379999683,0],[113.04870398900005,-7.1985211949999552,0],[113.04872144800004,-7.1985860119999643,0],[113.04853431600009,-7.1989178359999642,0],[113.04849527500005,-7.1989999889999581,0],[113.04842832100007,-7.1991332439999383,0],[113.04839205300004,-7.1992012849999583,0],[113.04832463500009,-7.1992638609999631,0],[113.04828274300007,-7.199343315999954,0],[113.04823793900005,-7.1994057909999469,0],[113.0481876020001,-7.1994823909999468,0],[113.04815134500006,-7.19955323399995,0],[113.04811493900002,-7.199607174999926,0],[113.04803601100002,-7.199650098999939,0],[113.04797930900008,-7.199639235999939,0],[113.04792134800005,-7.1996638989999724,0],[113.04786217200001,-7.1997169479999457,0],[113.04778880200001,-7.1997175469999775,0],[113.04769218300009,-7.1996770359999687,0],[113.047643988,-7.1996659539999541,0],[113.04755670700001,-7.1996437479999713,0],[113.04750850400001,-7.1996304059999261,0],[113.04744645900007,-7.1996102569999607,0],[113.04741453300005,-7.1996310979999407,0],[113.04738714700011,-7.1996495679999271,0],[113.04734857200003,-7.1997025249999638,0],[113.04731437100008,-7.199732504999929,0],[113.04723621900007,-7.1996987799999488,0],[113.04711647700003,-7.1996287259999576,0],[113.04700612500005,-7.1995883659999436,0],[113.04695326100011,-7.199568175999957,0],[113.04680110400011,-7.1997592059999533,0],[113.04678530800004,-7.1998489369999561,0],[113.04665528500004,-7.2000656269999581,0],[113.04658333500004,-7.2001834479999616,0],[113.04655786000001,-7.2002282119999563,0],[113.0464709470001,-7.2002381809999747,0],[113.04636781400006,-7.2002765139999383,0],[113.04628591900007,-7.2003239699999426,0],[113.04614858400009,-7.2004915239999718,0],[113.04593952000005,-7.2007267349999324,0],[113.04585196100004,-7.2008919879999667,0],[113.04578936400003,-7.2010148279999271,0],[113.04575178700009,-7.201074197999958,0],[113.04568410800005,-7.2010789299999374,0],[113.04553197400003,-7.2010927159999483,0],[113.04535352400001,-7.200996982999925,0],[113.04527716400003,-7.200963791999925,0],[113.04525197600003,-7.2009893019999254,0],[113.04499356800011,-7.201506189999975,0],[113.04496029400002,-7.2015708109999537,0],[113.04476010300004,-7.2019596069999352,0],[113.0447233430001,-7.2020236169999521,0],[113.04447799200011,-7.202450841999962,0],[113.04417395200005,-7.2030289439999251,0],[113.04407257100002,-7.2032335729999772,0],[113.04387887100006,-7.2036245389999749,0],[113.04367534800008,-7.2041187319999267,0],[113.04357486900005,-7.2043627149999452,0],[113.0435383250001,-7.2044514509999544,0],[113.04320120800003,-7.2052778049999802,0],[113.0431813460001,-7.2053286879999519,0],[113.04303250500004,-7.205710010999951,0],[113.04299206700011,-7.205813611999929,0],[113.04257022800005,-7.2068943329999797,0],[113.04238304100011,-7.2073738969999681,0],[113.04237749300012,-7.2073881099999539,0],[113.04235825500007,-7.2074373959999321,0],[113.04235095800004,-7.2074560869999686,0],[113.0423340530001,-7.2074993979999249,0],[113.04229395800007,-7.2076021159999755,0],[113.04227026600006,-7.2076569099999688,0],[113.04226069800006,-7.2076790389999701,0],[113.04225952900003,-7.207681741999977,0],[113.04221820400005,-7.207777311999962,0],[113.04216470200004,-7.2079010439999252,0],[113.04216428200004,-7.2079020139999557,0],[113.04210921600009,-7.2080293669999378,0],[113.0421082790001,-7.2080315349999751,0],[113.04209504900007,-7.2080621319999523,0],[113.04199252500007,-7.2082992349999699,0],[113.0418980180001,-7.2085178009999709,0],[113.04186627900003,-7.2085912059999373,0],[113.04186495200008,-7.2085950899999602,0],[113.04174338500002,-7.2089508609999484,0],[113.04170118900004,-7.2090743549999274,0],[113.04167503600002,-7.2091508939999471,0],[113.04161614400005,-7.2093232479999756,0],[113.04161186900001,-7.2093357549999268,0],[113.04154117600001,-7.2095244909999678,0],[113.0414670020001,-7.209722524999961,0],[113.04145694500005,-7.2097812939999812,0],[113.04145374700011,-7.2097999829999253,0],[113.04142106300003,-7.2099909709999679,0],[113.04141259100004,-7.2100404689999777,0],[113.04133237700012,-7.2103166729999657,0],[113.04131732000008,-7.2103685189999283,0],[113.04125741300004,-7.2105747919999317,0],[113.0412392070001,-7.2106210059999398,0],[113.04116150700008,-7.2108182419999594,0],[113.04086196300011,-7.2115785989999495,0],[113.04073310400008,-7.2119056959999739,0],[113.04062797200004,-7.2122319109999466,0],[113.04057970000008,-7.2123970089999716,0],[113.0405380840001,-7.2125393409999674,0],[113.04049336200001,-7.212692297999979,0],[113.04047394400004,-7.2127482319999672,0],[113.04046229700009,-7.2127817819999791,0],[113.04042834100005,-7.2128795959999366,0],[113.04040817300006,-7.2129376919999686,0],[113.04039424400003,-7.2129778139999416,0],[113.04031616300006,-7.2131810259999725,0],[113.04039716300008,-7.2133269499999528,0],[113.04055027300001,-7.2135975129999679,0],[113.040632071,-7.2137569149999763,0],[113.04070338200006,-7.2138030569999501,0],[113.04078331400001,-7.21382009499996,0],[113.0408564920001,-7.2138282259999755,0],[113.04092780300005,-7.2138533949999442,0],[113.04099701700011,-7.2139058299999306,0],[113.04104723800003,-7.214006248999965,0],[113.04104420800002,-7.2140536959999508,0],[113.04104420800002,-7.2140757179999468,0],[113.04104420800002,-7.2140914489999659,0],[113.04103686700012,-7.2141533219999587,0],[113.04102323400002,-7.2142109999999775,0],[113.04102428300007,-7.2142634349999639,0],[113.04103896400011,-7.2143095769999377,0],[113.04106098700004,-7.2143368429999555,0],[113.04110083700004,-7.2143441839999696,0],[113.04114907700011,-7.2143305509999323,0],[113.04117529500002,-7.2143190149999441,0],[113.04122458300003,-7.2142676289999486,0],[113.04128645600008,-7.2141847819999612,0],[113.04130638200002,-7.2141449319999538,0],[113.04135042700011,-7.2141250069999501,0],[113.04139132600005,-7.2141229089999683,0],[113.04143537100003,-7.2141281529999333,0],[113.04146892900008,-7.214129201999981,0],[113.04154443500011,-7.2141166169999451,0],[113.04161364900006,-7.214112421999971,0],[113.04173949300002,-7.2140914489999659,0],[113.04176838900003,-7.2140903079999248,0],[113.04181919300004,-7.2140883019999364,0],[113.04186848200004,-7.2140966919999414,0],[113.04186079600004,-7.2141470809999646,0],[113.04185904400003,-7.2141585649999342,0],[113.04204545300001,-7.2142142159999594,0],[113.04206668500001,-7.2141554189999511,0],[113.04221350300008,-7.214224632999958,0],[113.04216421400008,-7.2143441839999696,0],[113.04228586300007,-7.2144060569999624,0],[113.04245994600001,-7.214461637999932,0],[113.04246191800007,-7.214462431999948,0],[113.04253020800002,-7.2144899529999407,0],[113.0425875950001,-7.2144927069999767,0],[113.0426371750001,-7.2145014879999394,0],[113.0427053410001,-7.2145423869999377,0],[113.04276721400004,-7.2145832859999359,0],[113.04292556600001,-7.2146074059999705,0],[113.04290891900007,-7.2146900539999592,0],[113.0428972520001,-7.2147353469999302,0],[113.04296867100004,-7.2147481259999608,0],[113.04301827100005,-7.2147570029999315,0],[113.043096504,-7.214771002999953,0],[113.04313320800009,-7.2147552719999339,0],[113.04322444400009,-7.214740590999952,0],[113.04335762900007,-7.2147122759999434,0],[113.04343837800002,-7.2147038859999384,0],[113.0434845210001,-7.2147038859999384,0],[113.04355897800008,-7.2147154219999265,0],[113.04361064000011,-7.2147296479999454,0],[113.04363133800007,-7.2147353469999302,0],[113.04364783800008,-7.2147336629999472,0],[113.04368272400006,-7.2147301039999547,0],[113.04370789300003,-7.2147322009999471,0],[113.04377291200001,-7.2147426879999443,0],[113.04384153400008,-7.2147545729999365,0],[113.04390133700008,-7.2147566729999539,0],[113.04405920600004,-7.214793024999949,0],[113.04401411200001,-7.2149188689999733,0],[113.04419343900008,-7.2149555729999406,0],[113.0442123150001,-7.2149262099999305,0],[113.04428467500009,-7.2149450859999433,0],[113.04433606100008,-7.2148548979999418,0],[113.04438984800004,-7.2148767829999656,0],[113.0444190930001,-7.2148877059999563,0],[113.0443528400001,-7.215008007999927,0],[113.04449651100003,-7.2150761729999431,0],[113.04450595000003,-7.2150551989999485,0],[113.04467059500007,-7.2151223159999631,0],[113.04474295500006,-7.2150950499999453,0],[113.04484153200008,-7.2151139259999582,0],[113.04489316000002,-7.2151570909999805,0],[113.04490550200001,-7.215167408999946,0],[113.04489606700008,-7.2151971879999337,0],[113.04487194400008,-7.2152733279999666,0],[113.04493696300005,-7.2153257619999636,0],[113.04498625200006,-7.2152754249999589,0],[113.04504602700001,-7.2153047889999584,0],[113.04500093400009,-7.2154054629999678,0],[113.04510475400002,-7.215446361999966,0],[113.04511104700009,-7.2154023169999277,0],[113.04518550400007,-7.2154222419999314,0],[113.04522011100005,-7.2154054629999678,0],[113.04528408100009,-7.215408608999951,0],[113.04536692800002,-7.2154033659999754,0],[113.04543614200009,-7.2154337779999764,0],[113.04547599200009,-7.2154589469999451,0],[113.04550745300003,-7.2154904069999475,0],[113.04553786500003,-7.2155260629999702,0],[113.04557142400006,-7.2155407449999416,0],[113.04564378400005,-7.2155459879999739,0],[113.04573082500008,-7.2155522799999403,0],[113.04584423000006,-7.2156084199999668,0],[113.0461560550001,-7.2157359689999794,0],[113.04613142700009,-7.2157913829999529,0],[113.04627090300005,-7.2158354279999344,0],[113.04637367500004,-7.21588995999997,0],[113.0464264740001,-7.2157121079999342,0],[113.04646596000009,-7.2157064389999732,0],[113.04652259000011,-7.2157179739999719,0],[113.04658839800004,-7.2157558209999593,0],[113.04661328800012,-7.2157593429999451,0],[113.04657712200003,-7.2159056909999322,0],[113.04663165400007,-7.2159476379999319,0],[113.04676588700011,-7.2159560279999369,0],[113.0467679840001,-7.2160179009999297,0],[113.04684978300008,-7.2160378259999334,0],[113.04688648700005,-7.2158553529999381,0],[113.04703645000006,-7.2158962519999363,0],[113.04704169400009,-7.2158805219999635,0],[113.04713817400011,-7.2158910089999608,0],[113.04714656300007,-7.2159172259999309,0],[113.04718012100011,-7.2159235179999541,0],[113.047178024,-7.2159874889999287,0],[113.04729023400012,-7.2159811969999623,0],[113.04731330600009,-7.2159602229999678,0],[113.04736049700011,-7.2159340049999514,0],[113.04739090900011,-7.2158113079999566,0],[113.04740664000008,-7.215798723999967,0],[113.04745697700002,-7.2157725059999507,0],[113.04749473000004,-7.2157714579999492,0],[113.04749263300005,-7.215798723999967,0],[113.04761742700009,-7.2158123569999475,0],[113.04760798900008,-7.2158647919999339,0],[113.04761952500007,-7.2158752789999312,0],[113.04763525500005,-7.2158847169999376,0],[113.04767195900001,-7.2158952039999349,0],[113.04774327100006,-7.2158847169999376,0],[113.04779151100001,-7.2158480119999808,0],[113.04780514400011,-7.2157441919999314,0],[113.04805683000006,-7.2157630679999443,0],[113.04810716800012,-7.2157945289999361,0],[113.04818582000007,-7.2158102589999658,0],[113.04817533300002,-7.2158417199999576,0],[113.04829383500009,-7.2158605969999599,0],[113.04830012800005,-7.215829135999968,0],[113.04842387400004,-7.2158018699999502,0],[113.04842806800002,-7.2159004469999672,0],[113.04860424900005,-7.2159298109999668,0],[113.04862941800002,-7.215623591999929,0],[113.04906567500007,-7.2156214939999472,0],[113.04904260400008,-7.2158983499999749,0],[113.04920934600011,-7.2159056909999322,0],[113.0492114430001,-7.215863742999943,0],[113.04923975800011,-7.2158647919999339,0],[113.04923136900004,-7.2160126579999542,0],[113.04942118200006,-7.2160252419999438,0],[113.04942118200006,-7.2159140799999477,0],[113.04959421700005,-7.2159088369999722,0],[113.04961309400005,-7.215618347999964,0],[113.04979274600009,-7.2156193329999496,0],[113.04978193300008,-7.2159476379999319,0],[113.04992245900007,-7.2159371509999346,0],[113.04992036100009,-7.2160105599999724,0],[113.05002208500002,-7.216023143999962,0],[113.0501898760001,-7.216001121999966,0],[113.05026013800011,-7.215902544999949,0],[113.05033879000007,-7.2158993979999764,0],[113.05038912800001,-7.21565714999997,0],[113.05050867900002,-7.2156718319999413,0],[113.05052755500003,-7.2156844159999309,0],[113.05054118800001,-7.2157284609999692,0],[113.05052336100005,-7.2159591739999769,0],[113.0506764700001,-7.2159749049999391,0],[113.05080441100006,-7.2159990239999274,0],[113.05083587200011,-7.215782992999948,0],[113.05092538000008,-7.2157949619999613,0],[113.05094896800006,-7.2158717469999374,0],[113.0510695270001,-7.2158844369999429,0],[113.05115326700002,-7.2159028189999503,0],[113.05119960500008,-7.2159129909999251,0],[113.05129520000003,-7.2159402979999641,0],[113.05130645800011,-7.2158822079999254,0],[113.05132141700005,-7.2158050159999334,0],[113.05132911200008,-7.2158069929999442,0],[113.05143572500003,-7.2158343789999435,0],[113.05139797200002,-7.2159434439999472,0],[113.05152905900002,-7.2159832939999546,0],[113.0515542280001,-7.2158616449999613,0],[113.05156890900003,-7.2158490609999717,0],[113.05160246800006,-7.2158301849999589,0],[113.05174404100001,-7.2158605969999599,0],[113.05173565200005,-7.2159193239999695,0],[113.05174928500003,-7.215924566999945,0],[113.0517786480001,-7.2159392489999732,0],[113.05183422900006,-7.2159392489999732,0],[113.05180067100002,-7.2161259169999425,0],[113.05191602700006,-7.2161542309999618,0],[113.05190306400004,-7.2162489279999704,0],[113.05188142000009,-7.2163608239999348,0],[113.05186359300001,-7.2164583529999504,0],[113.05200097200009,-7.2164562549999687,0],[113.05201670200006,-7.2164237459999754,0],[113.05207438000002,-7.2164101129999381,0],[113.05211108500009,-7.2163209739999274,0],[113.05221374900009,-7.2163270729999454,0],[113.05221700300001,-7.2163272659999507,0],[113.05232292100004,-7.2163545319999685,0],[113.05231033700011,-7.2163922849999267,0],[113.05241625500003,-7.2164153559999704,0],[113.05237221000004,-7.2166198519999512,0],[113.05238059900012,-7.2166418739999472,0],[113.05241206000005,-7.2166701889999558,0],[113.05246554400003,-7.2166932599999427,0],[113.05251693000002,-7.2166922119999413,0],[113.05255153700011,-7.2166544589999262,0],[113.05263228600006,-7.2164164049999613,0],[113.05287977800003,-7.2164468169999623,0],[113.05288502100007,-7.2164174539999522,0],[113.05293955400009,-7.2164185019999536,0],[113.0529605270001,-7.2163975289999485,0],[113.05299198800003,-7.2163807489999385,0],[113.0530402280001,-7.2163660679999566,0],[113.0530800790001,-7.2163671159999581,0],[113.05310734500006,-7.2163367039999571,0],[113.05312517300001,-7.2162664419999487,0],[113.05330659700007,-7.2163083889999484,0],[113.05326464900008,-7.2165275669999573,0],[113.05343139100012,-7.2165663679999739,0],[113.05343749000008,-7.216535366999949,0],[113.05344397600004,-7.2165023979999319,0],[113.05354045600006,-7.2165265179999665,0],[113.05353435500001,-7.2165615199999706,0],[113.05352053100012,-7.2166408259999457,0],[113.05368727300004,-7.2166722869999376,0],[113.05367049400002,-7.2167719129999455,0],[113.05374914600009,-7.2167960329999801,0],[113.05385067100008,-7.216368718999945,0],[113.05404071100008,-7.2164226109999277,0],[113.05406690100006,-7.2164300379999418,0],[113.05403685100009,-7.2165079469999682,0],[113.05398824800011,-7.2166492149999613,0],[113.05409626400001,-7.2166785789999608,0],[113.05427034700006,-7.2166680919999635,0],[113.05428607800002,-7.2166030729999306,0],[113.05437416800009,-7.2166219489999435,0],[113.05436892500006,-7.2166471179999689,0],[113.05441401900009,-7.2166649459999803,0],[113.05440143400006,-7.2167341599999304,0],[113.05444547900004,-7.2167394029999627,0],[113.05442135900012,-7.2168495159999679,0],[113.05450210900005,-7.2168893659999753,0],[113.05452727800002,-7.2168474189999756,0],[113.05464682900003,-7.2168778309999766,0],[113.0546950690001,-7.2168558079999343,0],[113.05479679200005,-7.2168883179999739,0],[113.05482510700006,-7.2168348339999397,0],[113.05487963900009,-7.216841125999963,0],[113.05478630500011,-7.2172071209999444,0],[113.05491634300006,-7.2172637499999723,0],[113.05494570700012,-7.2171295179999788,0],[113.05500758000005,-7.2171452479999516,0],[113.05504113800009,-7.2170435249999514,0],[113.05519949100005,-7.2170707909999692,0],[113.05527394800004,-7.2168505649999588,0],[113.05543230100011,-7.2168746849999366,0],[113.05537462300003,-7.2170277939999323,0],[113.0553867750001,-7.2170355699999504,0],[113.05542657300009,-7.2170610389999297,0],[113.05547309400004,-7.2170908089999557,0],[113.05547870500004,-7.2170822049999401,0],[113.05548683300003,-7.2170697419999783,0],[113.05556968000008,-7.2171053979999442,0],[113.05571335100001,-7.2168715389999534,0],[113.05575739700009,-7.2168977559999803,0],[113.0556100550001,-7.2171355349999544,0],[113.0556053360001,-7.2171431509999593,0],[113.05580563700005,-7.2172658479999541,0],[113.05566352300002,-7.2175217039999779,0],[113.05583709700011,-7.2176119169999424,0],[113.05594511300001,-7.2174032269999771,0],[113.05604893400005,-7.2174158109999667,0],[113.05606151800009,-7.2173906429999306,0],[113.05617687500001,-7.2174525159999803,0],[113.05623871800003,-7.2174254319999704,0],[113.05634861600004,-7.2174590109999599,0],[113.05625238100004,-7.2176716929999429,0],[113.05635515300003,-7.2177115429999503,0],[113.05642436700009,-7.2175710179999442,0],[113.0565554530001,-7.2175961869999696,0],[113.05653762600002,-7.2176370859999679,0],[113.0567075140001,-7.2177188839999644,0],[113.05674317000012,-7.2177377609999667,0],[113.05676938700003,-7.2177209809999567,0],[113.05680714000005,-7.2177241279999294,0],[113.05675890000009,-7.2178394839999669,0],[113.05676414400011,-7.2178436789999409,0],[113.05676729000004,-7.2178426299999501,0],[113.05679560500005,-7.2178216559999555,0],[113.0568060920001,-7.217808022999975,0],[113.05682916300009,-7.2177922929999454,0],[113.05687950000004,-7.2177839029999404,0],[113.05692249700007,-7.2177818059999481,0],[113.05696549300001,-7.2177839029999404,0],[113.05708905500001,-7.2177963449999538,0],[113.05704624300006,-7.2179370129999256,0],[113.0570493890001,-7.2180020319999585,0],[113.05712594300007,-7.2180743919999486,0],[113.05733463400009,-7.2181131929999651,0],[113.05739545800009,-7.2179275739999298,0],[113.05747935400007,-7.2180083239999249,0],[113.05755276200011,-7.2177409069999499,0],[113.05769426300003,-7.217762266999955,0],[113.05759261300011,-7.2180712459999654,0],[113.05767755700003,-7.2180964139999446,0],[113.05765238800007,-7.2181530439999619,0],[113.05769853100003,-7.2181687739999347,0],[113.05767126500007,-7.2182673509999518,0],[113.05787051700008,-7.2183155909999641,0],[113.0579690940001,-7.2178436789999409,0],[113.05809572600003,-7.2178623649999736,0],[113.05802782100011,-7.218105851999951,0],[113.05835081900011,-7.2181677249999439,0],[113.05841059500005,-7.2179747659999407,0],[113.05860460300005,-7.2180230059999531,0],[113.05855321700005,-7.2182442799999649,0],[113.05870318100006,-7.218286227999954,0],[113.05871209500003,-7.2182574289999479,0],[113.05874408000011,-7.2181540919999634,0],[113.05877048200011,-7.2181605629999694,0],[113.05895801300005,-7.2182065269999498,0],[113.05894752600011,-7.218251620999979,0],[113.05902617900006,-7.218277837999949,0],[113.05905344500002,-7.2181897479999293,0],[113.05916565500002,-7.2182327449999661,0],[113.05913104800004,-7.2183575389999532,0],[113.05920655400007,-7.218390048999936,0],[113.05924116100005,-7.2182453289999557,0],[113.0593009370001,-7.218240084999934,0],[113.05939224100007,-7.2182643079999593,0],[113.05940370900009,-7.2182673509999518,0],[113.05935401700003,-7.2184058719999484,0],[113.05950752900003,-7.2184666029999676,0],[113.05953168400004,-7.2184217349999358,0],[113.05954878000011,-7.2183615249999775,0],[113.05973824200009,-7.2184183639999446,0],[113.05971202500007,-7.218553644999929,0],[113.05997839300005,-7.2186396379999564,0],[113.06000251300009,-7.21858405699993,0],[113.06006019200004,-7.2185934959999258,0],[113.06008326300002,-7.218523232999928,0],[113.06013674600001,-7.2185012099999426,0],[113.06016401200009,-7.2185137949999785,0],[113.0602112040001,-7.2185179899999525,0],[113.06026993100011,-7.2185326709999345,0],[113.06019127900004,-7.2187780659999703,0],[113.06028146600011,-7.2188053319999312,0],[113.06035697200002,-7.2186270539999668,0],[113.06038388200011,-7.2186332639999478,0],[113.06039787100008,-7.2186364919999733,0],[113.06034967900007,-7.2187460949999718,0],[113.06036507400006,-7.2187518969999473,0],[113.06033914400007,-7.2188021859999481,0],[113.06039577400009,-7.218828402999975,0],[113.06036641100002,-7.2189039089999483,0],[113.06036221600004,-7.2189794149999784,0],[113.06057090600007,-7.2190559699999426,0],[113.06084146900002,-7.21914196299997,0],[113.06087188100003,-7.2191839109999592,0],[113.06106693900006,-7.2192300529999329,0],[113.06112671400001,-7.2190633109999567,0],[113.06120536600008,-7.2190874309999344,0],[113.06116446700003,-7.2192520759999752,0],[113.06123577900007,-7.2192772449999438,0],[113.06128611600002,-7.2191639859999555,0],[113.06149480600004,-7.2192279559999406,0],[113.06149061100007,-7.2192426379999688,0],[113.0616552570001,-7.2193013649999784,0],[113.06169491700007,-7.2191289969999275,0],[113.06176791700011,-7.219143168999949,0],[113.06177021000008,-7.219143613999961,0],[113.06177110100009,-7.2191437869999504,0],[113.06177693300003,-7.219144918999973,0],[113.06176432100006,-7.219202786999972,0],[113.06199844600008,-7.2192342479999638,0],[113.06201600800011,-7.2192342479999638,0],[113.06198664400006,-7.2193317769999794,0],[113.06213346100003,-7.2193705779999391,0],[113.06218799400006,-7.2191042099999549,0],[113.06226559700008,-7.2191272809999418,0],[113.06225825600006,-7.2191839109999592,0],[113.06229810600007,-7.219202786999972,0],[113.06235159000005,-7.2191881059999332,0],[113.06238829400002,-7.2191765699999451,0],[113.06250889400008,-7.2191985919999411,0],[113.06248896900001,-7.2192426379999688,0],[113.06261900700008,-7.2192992669999398,0],[113.06267668500004,-7.2191849589999606,0],[113.06273879700007,-7.2191913209999257,0],[113.06268822100003,-7.2193496049999339,0],[113.06274275300007,-7.2193737249999685,0],[113.06285706100005,-7.2194009909999295,0],[113.06285811000009,-7.2194156719999683,0],[113.06305002100009,-7.2194618149999314,0],[113.06309616300007,-7.2192950719999658,0],[113.0632038010001,-7.2193098069999451,0],[113.06314335500008,-7.2195184439999593,0],[113.06312867300005,-7.2195908039999495,0],[113.06329331800009,-7.2196600179999564,0],[113.06331953500001,-7.2195520029999329,0],[113.06340238200005,-7.2195614409999394,0],[113.06338560300003,-7.2196726029999354,0],[113.06349047300012,-7.2197145499999351,0],[113.06357333300002,-7.2193766259999279,0],[113.0636750430001,-7.2193705779999391,0],[113.06372328300006,-7.2193821139999272,0],[113.06378096100002,-7.2193810649999364,0],[113.06383549300006,-7.2193642859999727,0],[113.06390785300005,-7.2193852599999673,0],[113.0639676290001,-7.2194072829999527,0],[113.06401586900006,-7.2194114779999268,0],[113.06411339700003,-7.2194576199999574,0],[113.06411654300007,-7.219478593999952,0],[113.06419492200007,-7.2195073509999474,0],[113.06421280600011,-7.2195139129999575,0],[113.06428748100006,-7.2195446619999757,0],[113.06427281600008,-7.2196105649999254,0],[113.06426760900001,-7.219638932999942,0],[113.06425392200003,-7.2197135019999337,0],[113.06435040200006,-7.2197355239999297,0],[113.0643977200001,-7.2197527779999291,0],[113.06440912900007,-7.2198152249999339,0],[113.06440808100001,-7.2198624159999554,0],[113.06437669200011,-7.2200602649999723,0],[113.06437347400004,-7.2200805449999734,0],[113.06440225100005,-7.2200835739999434,0],[113.0644332490001,-7.2200868369999398,0],[113.06441213800008,-7.2202104909999321,0],[113.06440388600004,-7.2202588229999378,0],[113.0644460630001,-7.2203094409999267,0],[113.06446471000004,-7.2203553029999625,0],[113.06443954100007,-7.2204664649999586,0],[113.06439759400007,-7.220562943999937,0],[113.06442276200005,-7.2206594239999617,0],[113.06444373600004,-7.2206762039999717,0],[113.06452343700005,-7.2206510349999462,0],[113.06458006600008,-7.2206006979999415,0],[113.06457587200009,-7.2205293859999529,0],[113.06457796900008,-7.2204664649999586,0],[113.06460523500004,-7.2204287119999435,0],[113.0646100030001,-7.2204280749999725,0],[113.06463669600009,-7.2204245169999695,0],[113.0646765460001,-7.2204266139999618,0],[113.06470800700004,-7.2204685619999509,0],[113.0647163970001,-7.2204790489999482,0],[113.06471010500002,-7.2205126069999324,0],[113.06470800700004,-7.2205188989999556,0],[113.06470550200004,-7.2205204929999809,0],[113.06463879300009,-7.220562943999937,0],[113.06461991700007,-7.2205860159999702,0],[113.06461152700001,-7.2206300609999516,0],[113.06465976700008,-7.220678300999964,0],[113.06470800700004,-7.2206845929999304,0],[113.06474576000005,-7.2206678139999667,0],[113.06477512400011,-7.2206678139999667,0],[113.06479190300001,-7.2206741059999331,0],[113.06481287700001,-7.2206950799999277,0],[113.06482755800005,-7.2207202489999531,0],[113.06484224000008,-7.2207873649999783,0],[113.06488838300004,-7.2208293129999674,0],[113.06497227800003,-7.2208272159999751,0],[113.06507106900006,-7.2207948509999369,0],[113.06533965300002,-7.2208711129999301,0],[113.06530052000005,-7.2210537339999519,0],[113.06556584000009,-7.2211187529999279,0],[113.06560364500001,-7.2210712919999764,0],[113.06585428200003,-7.2211315719999334,0],[113.06593498000007,-7.2211428729999625,0],[113.06595327200012,-7.2211043489999724,0],[113.06597902500005,-7.2210096889999704,0],[113.06602516800001,-7.22097612999994,0],[113.06607340800008,-7.2208985269999744,0],[113.06609857700005,-7.2208712609999566,0],[113.06611745300006,-7.2208429459999479,0],[113.06613528100002,-7.2207947059999356,0],[113.06616883900006,-7.2207538069999373,0],[113.0661698880001,-7.2207171029999699,0],[113.0661604500001,-7.2206908849999536,0],[113.06614367000009,-7.2206772519999731,0],[113.06612898900005,-7.2206667649999758,0],[113.06612479400007,-7.2206269149999684,0],[113.06614262200003,-7.2205786749999561,0],[113.06616464400008,-7.2205493109999566,0],[113.06621603000008,-7.2205251909999788,0],[113.06631355900004,-7.2205430189999333,0],[113.06635550700003,-7.2205597979999538,0],[113.06633558200008,-7.2206269149999684,0],[113.06640479600003,-7.2206562779999786,0],[113.06644569500008,-7.2205587499999524,0],[113.06651700600003,-7.2206646679999267,0],[113.06648135000012,-7.220751709999945,0],[113.06637071700004,-7.2209870269999783,0],[113.06633243600004,-7.2210421979999637,0],[113.06645618200002,-7.2210170289999382,0],[113.06665378100001,-7.2209761139999387,0],[113.06688855400012,-7.2210237019999681,0],[113.06703681900001,-7.2211176029999251,0],[113.06707891100007,-7.2211442619999389,0],[113.06727255400006,-7.2212458029999311,0],[113.06740662700008,-7.2213161069999501,0],[113.06748180500006,-7.221396656999957,0],[113.06750697400003,-7.2214281179999489,0],[113.0676160380001,-7.2215162079999686,0],[113.06772090800007,-7.2215665449999733,0],[113.06783416700011,-7.2216399539999543,0],[113.06793484100001,-7.2216609279999489,0],[113.06804600300006,-7.2216777069999694,0],[113.06813619100001,-7.2216336619999311,0],[113.06815087200005,-7.2216053469999792,0],[113.06816974900005,-7.2215906649999511,0],[113.06822218400009,-7.221599054999956,0],[113.06827119800005,-7.2216215549999561,0],[113.06827671600001,-7.2216420509999466,0],[113.06827881300001,-7.2216693179999538,0],[113.06829349500003,-7.221702875999938,0],[113.06831656600002,-7.2217196549999585,0],[113.06832915100006,-7.221728043999974,0],[113.0683627090001,-7.2217469209999763,0],[113.06838578000009,-7.2217595049999659,0],[113.0684235330001,-7.2217909659999577,0],[113.06844031200001,-7.2217993559999627,0],[113.06844870200007,-7.2218350109999392,0],[113.06844660400009,-7.2218643749999387,0],[113.06843402000004,-7.2219042249999461,0],[113.06841094900005,-7.2219293939999716,0],[113.06835431900004,-7.2219335889999456,0],[113.06829139800004,-7.2219545629999402,0],[113.06827252100004,-7.2220048999999449,0],[113.06828510500009,-7.2220510419999755,0],[113.06830607900008,-7.2220678219999286,0],[113.0683438320001,-7.22208879599998,0],[113.06841304600005,-7.2221160619999409,0],[113.06850742900008,-7.2221475219999434,0],[113.0686039090001,-7.2221810809999738,0],[113.06866473300011,-7.2221999569999298,0],[113.06871297300006,-7.2221915679999711,0],[113.06878008900003,-7.2221643019999533,0],[113.06879477100006,-7.2221202559999256,0],[113.0687654080001,-7.2220510419999755,0],[113.06872555700011,-7.2219545629999402,0],[113.06867941500002,-7.2218601799999647,0],[113.06863956400002,-7.2218035509999368,0],[113.06861859000003,-7.2217049729999303,0],[113.06863746700003,-7.2216273699999647,0],[113.06870661700009,-7.2215588229999526,0],[113.0687889510001,-7.2215059399999291,0],[113.06895709900004,-7.2214837319999674,0],[113.06912524800009,-7.2215027669999472,0],[113.06927195800006,-7.2214823399999659,0],[113.06935775600004,-7.2215201329999559,0],[113.06939357600004,-7.2215424249999387,0],[113.06927402500003,-7.2218517899999597,0],[113.06923844200003,-7.2218440499999588,0],[113.06921739500001,-7.221840254999961,0],[113.06915380100008,-7.2220738379999716,0],[113.06927213400002,-7.2221052699999291,0],[113.06923627200001,-7.2222534409999639,0],[113.06930863200012,-7.222271267999929,0],[113.06934848200001,-7.2221464739999419,0],[113.06945683400011,-7.2221676359999378,0],[113.06948271500005,-7.2221726909999688,0],[113.06952456100009,-7.222069031999979,0],[113.06955088000007,-7.2219933639999567,0],[113.06964605300004,-7.2220264799999541,0],[113.06969140500007,-7.2219168099999251,0],[113.06982144300002,-7.2219650499999375,0],[113.06980151800008,-7.2220174839999345,0],[113.06999238100002,-7.2220961359999478,0],[113.06989275500007,-7.2223520179999809,0],[113.06984893300012,-7.2224797139999737,0],[113.06984399000009,-7.2224941159999503,0],[113.06994781100002,-7.2225407829999426,0],[113.07015360500009,-7.2219786329999351,0],[113.07028131300001,-7.2220443149999483,0],[113.07036577700001,-7.2220815809999408,0],[113.07031957300001,-7.2222049379999476,0],[113.07030698900007,-7.2222306309999453,0],[113.07030384300003,-7.2222358749999671,0],[113.07029545300009,-7.2222484589999567,0],[113.07028916100001,-7.2222678599999313,0],[113.07028496600003,-7.2222793959999763,0],[113.07027290600001,-7.2223119049999696,0],[113.07026137100002,-7.2223334039999258,0],[113.07025665200001,-7.2223575239999604,0],[113.07026609000002,-7.2223716809999701,0],[113.07028234500001,-7.2223784969999656,0],[113.0702980750001,-7.2223984229999587,0],[113.0703205530001,-7.2224318209999296,0],[113.07032376800009,-7.2224477109999725,0],[113.07031852500006,-7.2224828429999661,0],[113.07030646500004,-7.2225106329999562,0],[113.07028916100001,-7.2225399959999663,0],[113.07026923600006,-7.222565164999935,0],[113.07024826200006,-7.2225845659999663,0],[113.07023358000004,-7.2226081619999718,0],[113.07022519100008,-7.2226238919999446,0],[113.0702209960001,-7.222643292999976,0],[113.07023305600001,-7.2226642669999706,0],[113.07025036000005,-7.222676326999931,0],[113.07036152100011,-7.2227229939999802,0],[113.07039245800001,-7.2227245669999434,0],[113.07041185900005,-7.2227261399999634,0],[113.07044908700004,-7.2227271879999648,0],[113.07058646600001,-7.2227146039999752,0],[113.07060744000012,-7.2227056899999411,0],[113.07064362000006,-7.2226920569999606,0],[113.0706818970001,-7.2226773749999325,0],[113.07071021200011,-7.2226731809999478,0],[113.07073485700005,-7.2226684619999446,0],[113.07075950100011,-7.2226700349999646,0],[113.07079935100001,-7.2226931059999515,0],[113.07083762900004,-7.222708311999952,0],[113.07088429600003,-7.2227350539999406,0],[113.07089425800007,-7.2227565519999644,0],[113.0708838380001,-7.2227779169999735,0],[113.07088010100006,-7.2227853909999453,0],[113.07087643000011,-7.2228016459999367,0],[113.07087433300001,-7.2228315339999654,0],[113.07085545600012,-7.2228582749999646,0],[113.07087223600001,-7.2228708599999436,0],[113.07089320900002,-7.2228614209999478,0],[113.07090579400005,-7.222849885999949,0],[113.07091680500002,-7.2228446419999273,0],[113.0709372550001,-7.2228462149999473,0],[113.07096819100002,-7.2228567019999446,0],[113.07099283500008,-7.2228645679999772,0],[113.07102010200003,-7.2228792489999591,0],[113.07102429600002,-7.2229044179999278,0],[113.07112497100002,-7.2229180509999651,0],[113.07113493400004,-7.2229101859999787,0],[113.07114594500001,-7.2228860659999441,0],[113.07115905400008,-7.2228713839999727,0],[113.07117163800001,-7.2228671889999418,0],[113.07117793000009,-7.2228792489999591,0],[113.07117426000002,-7.2229049419999569,0],[113.07117740600006,-7.2229185749999374,0],[113.07119313600003,-7.2229280139999332,0],[113.0712298410001,-7.2229385009999305,0],[113.07126759400001,-7.2229390249999597,0],[113.07127860500009,-7.2229274889999715,0],[113.07127912900012,-7.2228996989999814,0],[113.07127965400002,-7.2228771519999668,0],[113.07128751900007,-7.222870334999925,0],[113.07132946700006,-7.2228729569999359,0],[113.07136617100002,-7.2228740059999268,0],[113.07139186400002,-7.2228629939999678,0],[113.07140444800007,-7.222870334999925,0],[113.07141808100005,-7.2228823949999423,0],[113.07143590900012,-7.222888687999955,0],[113.07144849300005,-7.2228850169999532,0],[113.07145740700003,-7.2228587999999263,0],[113.07145794400003,-7.2228562959999749,0],[113.0714589800001,-7.2228514589999691,0],[113.07146002900004,-7.2228378259999317,0],[113.07146527300006,-7.2228079379999599,0],[113.07146474800004,-7.2227922079999303,0],[113.07147104000001,-7.2227728069999557,0],[113.07148205200008,-7.2227539299999535,0],[113.07149358700008,-7.2227345289999789,0],[113.0715035500001,-7.2227256149999448,0],[113.07151665900005,-7.2227088359999811,0],[113.07152909800004,-7.222696396999936,0],[113.07153081600006,-7.2226946789999715,0],[113.07154025400007,-7.2226873379999574,0],[113.07155546000001,-7.2226852409999651,0],[113.07158220200006,-7.2226868139999283,0],[113.07160107900006,-7.2226716079999278,0],[113.07161785800008,-7.2226543039999456,0],[113.07162939300008,-7.2226296599999387,0],[113.0716414530001,-7.2226039669999409,0],[113.07164722100003,-7.2225892849999695,0],[113.07167239000012,-7.2225662139999258,0],[113.07174579800005,-7.2225546779999377,0],[113.07181291500001,-7.2225693599999659,0],[113.07196183000008,-7.2225882359999787,0],[113.07197651100012,-7.2226050159999318,0],[113.07204153000009,-7.2226616449999597,0],[113.07213591300001,-7.2227140799999461,0],[113.07236452800009,-7.2226952029999438,0],[113.072461008,-7.2226889109999775,0],[113.07261202000007,-7.2226952029999438,0],[113.07276303200001,-7.2227266639999357,0],[113.07309861500005,-7.2228147549999449,0],[113.07315943900005,-7.222848312999929,0],[113.07340798300004,-7.2229217059999655,0],[113.07340713200006,-7.2229262399999357,0],[113.0734068810001,-7.2229275799999755,0],[113.07339224900011,-7.2230056169999557,0],[113.0733335220001,-7.2231398499999386,0],[113.07329996400006,-7.2231901869999433,0],[113.07325801600007,-7.2233495889999517,0],[113.07319928900006,-7.2234418739999455,0],[113.07321187400009,-7.2236222499999485,0],[113.07324543200002,-7.223756481999942,0],[113.07328318500004,-7.2238949099999559,0],[113.07331254900009,-7.223983000999965,0],[113.07339224900011,-7.2240668959999539,0],[113.07353906700007,-7.2241214279999326,0],[113.07363135200001,-7.2241382069999531,0],[113.07374041600008,-7.2241591809999477,0],[113.07387464900012,-7.2241675709999527,0],[113.07406760900005,-7.2242262979999623,0],[113.07409829000005,-7.2242868929999418,0],[113.07410955700004,-7.2243091449999497,0],[113.07406970600005,-7.2244601569999531,0],[113.07430146800004,-7.2245760379999524,0],[113.07428720600001,-7.2246614289999798,0],[113.07426161700005,-7.2247689969999556,0],[113.07428678600002,-7.2247684729999264,0],[113.07431562500005,-7.2247684729999264,0],[113.07433555000011,-7.2247658509999724,0],[113.07436543800009,-7.2247663759999341,0],[113.07441367800004,-7.2247585099999583,0],[113.07447660000003,-7.2247307199999682,0],[113.0744897080001,-7.2247286229999759,0],[113.07463757400001,-7.2247039779999795,0],[113.07474926000009,-7.2246945399999731,0],[113.07489422500009,-7.2246846579999442,0],[113.07494246400006,-7.2246740779999641,0],[113.07496686500008,-7.2246059249999348,0],[113.07498259500005,-7.2245880979999697,0],[113.07498574100009,-7.2245807569999556,0],[113.07500566600004,-7.2245660749999274,0],[113.07505180900012,-7.2245482469999729,0],[113.07508851300008,-7.2245430039999405,0],[113.07512521800004,-7.2245534909999378,0],[113.07515143500007,-7.2245608309999625,0],[113.07520282100006,-7.2245797079999647,0],[113.07522336000011,-7.2246124719999329,0],[113.07521855100003,-7.2246268989999294,0],[113.0752363790001,-7.2246352889999343,0],[113.07525420700006,-7.2246342399999435,0],[113.07528461900006,-7.2246331909999526,0],[113.07532551800011,-7.2246331909999526,0],[113.07534334600007,-7.2246227039999553,0],[113.07536641700005,-7.2245954379999375,0],[113.07541783200008,-7.2245698209999318,0],[113.07546289700008,-7.2245293709999601,0],[113.07551638100006,-7.2244958119999296,0],[113.07562125000004,-7.2244381339999677,0],[113.07575142100006,-7.2243868649999285,0],[113.07576701900007,-7.2242483199999583,0],[113.07577750600001,-7.2242493689999492,0],[113.07581945400011,-7.2242818789999319,0],[113.07582574600008,-7.2243531899999311,0],[113.07599856200011,-7.2243497169999387,0],[113.07606379900005,-7.2243479459999662,0],[113.07606379900005,-7.2237491419999742,0],[113.07609735800008,-7.2237166319999346,0],[113.0761351110001,-7.22366629499993,0],[113.07618649700009,-7.2235949829999413,0],[113.07623054200008,-7.2235142339999356,0],[113.0762756360001,-7.2234544579999351,0],[113.07632421700009,-7.2233996939999656,0],[113.07633331400007,-7.2233894389999591,0],[113.07634274400004,-7.22338891499993,0],[113.0764276970001,-7.2233841959999268,0],[113.07642582200003,-7.2233362479999528,0],[113.07642350200001,-7.2232982029999562,0],[113.07651426700011,-7.2232699139999568,0],[113.07666027800008,-7.2232059429999254,0],[113.07674545100008,-7.2231964789999665,0],[113.07681886000012,-7.223210111999947,0],[113.07689436600003,-7.2232331839999802,0],[113.07691009600001,-7.2233380529999636,0],[113.07713766300003,-7.2233128849999275,0],[113.07714171300006,-7.2232324569999378,0],[113.07714500400004,-7.2231671159999564,0],[113.07715479500007,-7.2231663519999643,0],[113.0772921890001,-7.2231556329999762,0],[113.07729287000006,-7.2231555799999683,0],[113.07729616100005,-7.2232155419999344,0],[113.07729620600003,-7.223216334999961,0],[113.07729916200003,-7.223299251999947,0],[113.07754770300005,-7.223286666999968,0],[113.07754455700001,-7.2232594009999502,0],[113.07758126100009,-7.223256254999967,0],[113.07758650400001,-7.2232698879999475,0],[113.07759804000011,-7.2232877159999589,0],[113.07761062400004,-7.2232929589999344,0],[113.07762635500001,-7.2232971539999653,0],[113.07766201000004,-7.2232929589999344,0],[113.07767879000005,-7.2232268919999569,0],[113.07768496200003,-7.2231747349999296,0],[113.07768178900005,-7.2231144549999726,0],[113.07783996900002,-7.2230759829999442,0],[113.07784555800004,-7.2231580779999263,0],[113.07784562000006,-7.22315899299997,0],[113.07792588100006,-7.2231506169999307,0],[113.07793242600007,-7.2232001149999405,0],[113.0779568910001,-7.2231987999999774,0],[113.07795879100001,-7.2233831469999359,0],[113.07806051400007,-7.2233800009999527,0],[113.07806051400007,-7.2233118359999366,0],[113.07808882900008,-7.2232677909999552,0],[113.07812868000008,-7.2232164049999597,0],[113.07817677600008,-7.2232007529999578,0],[113.07830590900005,-7.223222696999926,0],[113.07830328400007,-7.2231780749999643,0],[113.07830171400008,-7.2231513859999268,0],[113.07836149000002,-7.2231524339999282,0],[113.0783677820001,-7.2230905609999354,0],[113.07843385000001,-7.2230853179999599,0],[113.07843909300004,-7.2231513859999268,0],[113.07874374800008,-7.2231421839999257,0],[113.0787468850001,-7.2231991009999774,0],[113.07880403900003,-7.2232059179999624,0],[113.07880875800004,-7.2231555799999683,0],[113.07887133800011,-7.2231448109999405,0],[113.07887502900007,-7.2231441759999484,0],[113.0788750480001,-7.2231448899999577,0],[113.0788779720001,-7.2232525849999547,0],[113.07896186800008,-7.223254681999947,0],[113.07896546500001,-7.2231477959999779,0],[113.07896553800003,-7.2231456179999327,0],[113.07899897300001,-7.2231454779999353,0],[113.07899859000008,-7.2231491189999701,0],[113.07899437700007,-7.2231891389999419,0],[113.07908456500002,-7.2231912359999342,0],[113.07908951000002,-7.2231527489999507,0],[113.07909047600003,-7.2231452339999578,0],[113.07909295500008,-7.2231136329999686,0],[113.07915640100009,-7.2231110109999577,0],[113.07921407900005,-7.2231141569999409,0],[113.07923505300005,-7.2230889879999722,0],[113.07928329300012,-7.2230863659999613,0],[113.07928224400007,-7.2231078649999745,0],[113.07934097100008,-7.22311153499993,0],[113.07934044700005,-7.2231445689999418,0],[113.0793672320001,-7.2231459329999552,0],[113.07943379500011,-7.2231493239999622,0],[113.07957850000003,-7.2231650189999641,0],[113.07958255400001,-7.223145815999942,0],[113.0795824700001,-7.2231356209999262,0],[113.07958217100008,-7.2230994749999695,0],[113.07965243300009,-7.2231041939999727,0],[113.07965610400004,-7.223132092999947,0],[113.07965767700011,-7.2231440449999695,0],[113.07983333300001,-7.2231602989999715,0],[113.07994798000004,-7.2231675399999631,0],[113.08004307200008,-7.2231791759999737,0],[113.08004046800011,-7.2232095309999522,0],[113.08004042500011,-7.2232100339999761,0],[113.08003651800004,-7.2232389519999742,0],[113.08016288500005,-7.2232588769999779,0],[113.08016917800001,-7.2232295129999784,0],[113.08034652200001,-7.2232595009999727,0],[113.08034011500001,-7.2232929589999344,0],[113.08042453500002,-7.2233055439999703,0],[113.08041771800004,-7.2233380529999636,0],[113.08047592100002,-7.2233511619999717,0],[113.08049532200005,-7.2232940079999253,0],[113.08062700100004,-7.2233079999999745,0],[113.08079178700007,-7.2233505449999598,0],[113.08091050900009,-7.2233810649999555,0],[113.08094545900008,-7.2233900489999314,0],[113.08097179100002,-7.2233968189999587,0],[113.08101476000002,-7.2234031379999806,0],[113.08112317100006,-7.2234190809999745,0],[113.08110566200003,-7.2235084659999416,0],[113.08121734800011,-7.2235383539999702,0],[113.08123517600006,-7.2234811999999806,0],[113.08130808700002,-7.2234919969999396,0],[113.08132056700003,-7.223495717999981,0],[113.08131382800002,-7.223516330999928,0],[113.08137937100003,-7.2235352079999302,0],[113.08137517700004,-7.2235451699999658,0],[113.08143390400005,-7.2235703389999344,0],[113.08144596400007,-7.2235331099999485,0],[113.08150802400007,-7.2235443529999657,0],[113.08151832400006,-7.2235462189999566,0],[113.08150799500004,-7.2235826269999279,0],[113.08149735000006,-7.2236201519999668,0],[113.08150796500001,-7.2236229949999711,0],[113.08151673700002,-7.2236253449999595,0],[113.08158544000003,-7.2236437479999722,0],[113.08155502800003,-7.2237376059999292,0],[113.08165989700001,-7.2237753589999443,0],[113.08167667600003,-7.2237501899999756,0],[113.08225111200011,-7.2239843039999414,0],[113.0822303870001,-7.2240490679999425,0],[113.08249570700002,-7.2241549869999631,0],[113.08250514500003,-7.2241874959999564,0],[113.08269181300011,-7.2242535639999801,0],[113.0827127870001,-7.2241843499999732,0],[113.08272746900002,-7.2241843499999732,0],[113.08275473500009,-7.2241948369999704,0],[113.08277361100011,-7.2242011289999368,0],[113.08282814300003,-7.2242221029999314,0],[113.08287952900002,-7.2241256229999635,0],[113.08289630900003,-7.2241319149999299,0],[113.08293406200005,-7.2241424019999272,0],[113.08297915500009,-7.224169667999945,0],[113.0830169080001,-7.2242095189999418,0],[113.08303998000008,-7.2242451739999751,0],[113.08303998000008,-7.2242724399999361,0],[113.08303054200007,-7.224319631999947,0],[113.08301166500007,-7.2243867479999722,0],[113.08300851900003,-7.2244339389999368,0],[113.08300432400006,-7.2244758869999259,0],[113.08301061600002,-7.2244769359999736,0],[113.08303263900007,-7.2244758869999259,0],[113.08306514800006,-7.2244433779999326,0],[113.0830871710001,-7.224319631999947,0],[113.08309660900011,-7.2242273459999637,0],[113.08310395000001,-7.2241623269999309,0],[113.08309765800004,-7.2240501169999334,0],[113.08310127700008,-7.2240138009999555,0],[113.08310933000007,-7.2240149819999715,0],[113.08324531500011,-7.2240349269999342,0],[113.08323451300009,-7.2241780579999499,0],[113.0832229770001,-7.2243259239999702,0],[113.08319151600006,-7.2244737899999336,0],[113.08312649700008,-7.2246520679999549,0],[113.08334043100001,-7.2247328169999605,0],[113.08334777200002,-7.2247055509999427,0],[113.08334986900002,-7.2246677979999276,0],[113.08334252800012,-7.2246352889999343,0],[113.08332155400001,-7.2246153639999307,0],[113.08330372700004,-7.224590194999962,0],[113.08330267800011,-7.2245713179999598,0],[113.0833257490001,-7.2245492959999638,0],[113.08334357700005,-7.2245272729999783,0],[113.08335511300004,-7.2244979099999682,0],[113.08334148000006,-7.2244664489999764,0],[113.0833236520001,-7.2244349879999277,0],[113.08332889500002,-7.2244024789999344,0],[113.0833446260001,-7.2243783589999566,0],[113.08335930700002,-7.2243479459999662,0],[113.08339076800007,-7.2242955119999692,0],[113.08341069300002,-7.2242661479999697,0],[113.08342957000002,-7.2242346869999778,0],[113.08344844600003,-7.2242042749999769,0],[113.08346103100007,-7.224169667999945,0],[113.08345716600002,-7.2240859529999284,0],[113.08345578700005,-7.224074236999968,0],[113.08345054400002,-7.2240522139999257,0],[113.08344320300012,-7.224035434999962,0],[113.08343900800003,-7.223997681999947,0],[113.08345788500003,-7.2239840489999665,0],[113.0834872480001,-7.2239840489999665,0],[113.08351870900003,-7.2239945359999638,0],[113.08355855900004,-7.2240176079999401,0],[113.08357324100007,-7.2240343869999606,0],[113.08359211800007,-7.2240553609999552,0],[113.0836183350001,-7.2240700419999371,0],[113.08363930900009,-7.2240773829999512,0],[113.08367746600004,-7.2241106699999591,0],[113.08377162900001,-7.2242192199999522,0],[113.08388017600009,-7.2243412549999562,0],[113.08396259400001,-7.2245198729999629,0],[113.08396244400001,-7.2247359439999741,0],[113.0839995980001,-7.2248687889999701,0],[113.08401690700009,-7.2249306799999431,0],[113.08401690700009,-7.2249763909999274,0],[113.08400897400008,-7.2249902719999568,0],[113.08400477900011,-7.2249928939999677,0],[113.08399848700003,-7.2249986619999618,0],[113.08399429200006,-7.2250012829999264,0],[113.08398537800008,-7.225001807999945,0],[113.08398380500012,-7.2250012829999264,0],[113.0839670260001,-7.2249986619999618,0],[113.08394919800003,-7.2249881749999645,0],[113.08394028400005,-7.2249850289999813,0],[113.08393556500005,-7.2249829309999427,0],[113.08392455400008,-7.2249766389999763,0],[113.08391039700007,-7.2249698219999345,0],[113.08390305600005,-7.224964578999959,0],[113.08388627700003,-7.2249551409999526,0],[113.08385534000001,-7.2249399349999521,0],[113.08382702500001,-7.2249373129999412,0],[113.0837284480001,-7.224921581999979,0],[113.08372739900005,-7.2249210579999499,0],[113.08371533900004,-7.224920008999959,0],[113.08369646300002,-7.2249210579999499,0],[113.08365923400004,-7.2249210579999499,0],[113.08362987100008,-7.224918435999939,0],[113.0836230540001,-7.224918435999939,0],[113.08359159300005,-7.2249100469999803,0],[113.08358372800001,-7.2249069009999403,0],[113.08356904600009,-7.2248990359999539,0],[113.0835480720001,-7.2248969379999721,0],[113.08354230500004,-7.2249000839999553,0],[113.0835318180001,-7.2249058519999494,0],[113.08352867200006,-7.2249121439999726,0],[113.08352814700004,-7.2249231559999316,0],[113.08353441400004,-7.2249418949999722,0],[113.0835446640001,-7.2249679869999568,0],[113.08353837200002,-7.2249847659999773,0],[113.08352054400007,-7.2250078379999536,0],[113.0835142520001,-7.2250351039999714,0],[113.08349327800011,-7.2250529319999259,0],[113.08347125600005,-7.2250739049999311,0],[113.08344608700008,-7.2250927819999333,0],[113.08343350300004,-7.2251022199999397,0],[113.08340728500002,-7.2251231939999343,0],[113.08338945700007,-7.2251578009999662,0],[113.08337582400009,-7.2251934569999321,0],[113.08336743500001,-7.2252217709999513,0],[113.08337687300002,-7.2252909849999583,0],[113.08337582400009,-7.2253140569999346,0],[113.08337661100006,-7.2253258539999479,0],[113.08337477600003,-7.2253305729999511,0],[113.0833703190001,-7.2253410599999484,0],[113.08336507500007,-7.2253499739999256,0],[113.08336906300008,-7.2253667189999646,0],[113.08336953200001,-7.2253675399999793,0],[113.08337477600003,-7.2253730459999588,0],[113.08337897000001,-7.2253751429999511,0],[113.08339653600001,-7.2253748809999365,0],[113.08341672300003,-7.2253738319999457,0],[113.0834345510001,-7.2253706859999625,0],[113.08344713600002,-7.2253633449999484,0],[113.08347125600005,-7.2253518099999496,0],[113.08348698600003,-7.225345516999937,0],[113.08350586200004,-7.2253434199999447,0],[113.0835446640001,-7.2253664909999316,0],[113.08355724900002,-7.2253717349999533,0],[113.08356773500009,-7.2253748809999365,0],[113.08359080700006,-7.2253895629999647,0],[113.08360444000004,-7.2254031959999452,0],[113.08362436500011,-7.2254231209999489,0],[113.08364743600009,-7.2254262669999321,0],[113.08366841000009,-7.225430461999963,0],[113.08371455300005,-7.2254378029999771,0],[113.08371874800002,-7.2254451429999449,0],[113.08372399100006,-7.225468214999978,0],[113.08371350400012,-7.2254912859999649,0],[113.08368728700009,-7.2254975779999313,0],[113.08367889700003,-7.2255164549999336,0],[113.08370196800001,-7.2255521099999669,0],[113.08374286800006,-7.2255919609999637,0],[113.0837669870001,-7.2256066419999456,0],[113.08378586400011,-7.2256118859999674,0],[113.08380788700003,-7.2256181779999338,0],[113.08385507800006,-7.2256349569999543,0],[113.0838561270001,-7.2256349569999543,0],[113.08386871100004,-7.2256381029999375,0],[113.08387919800009,-7.2256653689999553,0],[113.08388339300006,-7.2256842459999575,0],[113.08387814900004,-7.2257052199999521,0],[113.08387710000011,-7.2257219989999726,0],[113.08390436700006,-7.2257377289999454,0],[113.08392114600008,-7.2257639469999617,0],[113.08391590200006,-7.2257796769999345,0],[113.08391170700008,-7.2258069429999523,0],[113.08393163300002,-7.2258163809999587,0],[113.08396414200001,-7.2258163809999587,0],[113.08401028500009,-7.2258226739999714,0],[113.08401867400005,-7.2258205759999328,0],[113.08404069700009,-7.2258163809999587,0],[113.08410047200005,-7.2258153329999573,0],[113.08411620300001,-7.2258163809999587,0],[113.08414242000003,-7.2258237219999728,0],[113.0841602480001,-7.2258258199999545,0],[113.08418961200005,-7.2258247709999637,0],[113.0842116340001,-7.2258467939999491,0],[113.08421373100009,-7.2258688159999451,0],[113.08421687800001,-7.2259013259999278,0],[113.08423470500009,-7.2259432729999276,0],[113.08423785100001,-7.2259474679999585,0],[113.08424519200003,-7.2259611009999389,0],[113.08425567900008,-7.2259747339999763,0],[113.08427141000004,-7.2259915129999399,0],[113.08429343200009,-7.2260135359999254,0],[113.08431755200002,-7.2260397529999523,0],[113.08433223400004,-7.2260512889999404,0],[113.08435320800004,-7.2260670189999701,0],[113.08437208400005,-7.2260890419999555,0],[113.08436684100002,-7.2261100159999501,0],[113.08435845100007,-7.2261173569999642,0],[113.08434167200005,-7.2261309899999446,0],[113.08431965000011,-7.2261760839999738,0],[113.08432594200008,-7.2261897169999543,0],[113.08433852600001,-7.2262043979999362,0],[113.08434901300006,-7.2262148849999335,0],[113.08437523100008,-7.2262400539999589,0],[113.08440144800011,-7.226277806999974,0],[113.08443500600004,-7.2263218519999555,0],[113.0844832460001,-7.2263501669999641,0],[113.08450212300011,-7.2263554109999291,0],[113.08455560600009,-7.2263501669999641,0],[113.0845954560001,-7.2263438749999409,0],[113.08462272200006,-7.2263354849999359,0],[113.08464998900001,-7.2263333879999436,0],[113.08466152400001,-7.2263344369999345,0],[113.08468774200003,-7.2263249979999387,0],[113.08471291000001,-7.2263113649999582,0],[113.08472130000007,-7.2262914399999545,0],[113.08471605600005,-7.2262547359999303,0],[113.08470347200011,-7.2262400539999589,0],[113.08469644000002,-7.2261950649999562,0],[113.08469639300006,-7.2261669079999251,0],[113.0846880040001,-7.2261417389999565,0],[113.0846880040001,-7.2261071319999814,0],[113.08469849100004,-7.2260683299999755,0],[113.08472051300009,-7.2260389669999654,0],[113.08476747600002,-7.2260450999999648,0],[113.08479287300008,-7.2260494539999627,0],[113.08480755500011,-7.2260442099999409,0],[113.08483995800009,-7.2260087679999288,0],[113.08485055100005,-7.2259875809999699,0],[113.08485369800007,-7.2259613629999535,0],[113.0848495030001,-7.2259424869999407,0],[113.08485474600002,-7.2258963439999775,0],[113.08486418400003,-7.2258627859999365,0],[113.08491347300003,-7.2258113999999409,0],[113.0849292040001,-7.2257998639999528,0],[113.08493444700002,-7.2257977669999605,0],[113.08494703100007,-7.2257862309999723,0],[113.08495122600004,-7.2257788909999476,0],[113.08497220000004,-7.2257736469999259,0],[113.08498897900006,-7.2257799389999491,0],[113.08500471000002,-7.2258051079999746,0],[113.08500785600006,-7.2258229359999291,0],[113.08500471000002,-7.2258344709999278,0],[113.08500051500005,-7.2258596399999533,0],[113.08500471000002,-7.2258879549999619,0],[113.08500471000002,-7.2259089289999565,0],[113.08502568300003,-7.2259655579999276,0],[113.08504456000003,-7.2259917759999439,0],[113.08506343600004,-7.2260043599999335,0],[113.08508755600008,-7.2260148469999308,0],[113.085109579,-7.2260221879999449,0],[113.08512557200004,-7.2260263829999758,0],[113.08513291300005,-7.2260274309999772,0],[113.08513527200012,-7.2260271689999627,0],[113.08514025300008,-7.2260234989999503,0],[113.08514628300009,-7.2260033109999426,0],[113.08513999100001,-7.2259875809999699,0],[113.08512950400007,-7.2259781429999634,0],[113.08511901700001,-7.2259666069999753,0],[113.08511587100008,-7.2259571689999689,0],[113.08510119000005,-7.2259403899999484,0],[113.08507707000001,-7.2259319999999434,0],[113.08507261300008,-7.2259296399999471,0],[113.0850671070001,-7.2259275429999548,0],[113.08506448500009,-7.2259173179999721,0],[113.08506815600003,-7.225911549999978,0],[113.08506999100007,-7.2259078799999656,0],[113.0850739230001,-7.2259047339999256,0],[113.08507811800007,-7.2259036849999347,0],[113.08508336200009,-7.2259078799999656,0],[113.08513160200005,-7.2259204639999552,0],[113.08534868100003,-7.225974995999934,0],[113.08545355100011,-7.2259708019999493,0],[113.08554269000001,-7.2259424869999407,0],[113.08566119300008,-7.225944583999933,0],[113.08587093200003,-7.2259791909999649,0],[113.08592861000011,-7.2259938729999362,0],[113.08608381700003,-7.2260431619999395,0],[113.08621909800002,-7.2261008399999582,0],[113.08619720000002,-7.2261472419999677,0],[113.08617505300003,-7.2261941739999429,0],[113.08628726300003,-7.2262140989999466,0],[113.0862746790001,-7.2262403159999735,0],[113.08650434300012,-7.2262780689999317,0],[113.08650675800004,-7.2262634269999353,0],[113.08652112200002,-7.2261763459999315,0],[113.08653265800001,-7.2261763459999315,0],[113.08655258300007,-7.2261742479999498,0],[113.08663018700008,-7.2261784429999807,0],[113.08669625400012,-7.2262067579999325,0],[113.08667528000001,-7.2262738739999577,0],[113.08690389600008,-7.226327357999935,0],[113.08689348400003,-7.2263604669999495,0],[113.08687663000001,-7.2264143999999533,0],[113.08714719300008,-7.2264322269999752,0],[113.08712517100003,-7.226521365999929,0],[113.08718494600009,-7.2265496809999377,0],[113.08719228700011,-7.2265349999999557,0],[113.08720801700008,-7.2265066849999471,0],[113.08721955300007,-7.2265014409999253,0],[113.08724681900003,-7.226490953999928,0],[113.0872625500001,-7.2265287069999431,0],[113.0876579080001,-7.2265528269999777,0],[113.08765917400001,-7.2262085029999525,0],[113.08766769900001,-7.2261799939999491,0],[113.08793266600003,-7.2261564209999278,0],[113.08796353300011,-7.2261222379999595,0],[113.0881528860001,-7.226151113999947,0],[113.08844836500009,-7.2262254319999784,0],[113.08866714800001,-7.2263021699999399,0],[113.08870832600007,-7.2263298499999564,0],[113.08873072200004,-7.2263829389999614,0],[113.08875903700005,-7.2264206919999765,0],[113.08881147200009,-7.2265035389999639,0],[113.08892997400005,-7.2265559729999609,0],[113.08907799600001,-7.2265894079999384,0],[113.08908623000002,-7.2266272849999496,0],[113.08908832700001,-7.2266545509999673,0],[113.08909986300011,-7.2267038389999811,0],[113.08913342100004,-7.2267520789999367,0],[113.08921836600007,-7.2267992709999476,0],[113.08927080000001,-7.2268212929999436,0],[113.08933139300007,-7.2268339859999742,0],[113.08944540300001,-7.2268561079999358,0],[113.0894935880001,-7.2268631839999671,0],[113.08947949100002,-7.226934551999932,0],[113.08955289900007,-7.2269356009999797,0],[113.08956233700007,-7.2268905069999505,0],[113.08961267500001,-7.2268936529999337,0],[113.08962139100004,-7.2268566719999399,0],[113.08962421000001,-7.2268349259999809,0],[113.08965357400007,-7.2268422669999381,0],[113.08968065500005,-7.2268754339999646,0],[113.08968713200011,-7.2269167239999774,0],[113.0898717020001,-7.2269303569999579,0],[113.08990904600012,-7.2268359329999612,0],[113.09000739700002,-7.2268327599999793,0],[113.09010707600009,-7.2268480949999798,0],[113.09009402600009,-7.22691987099995,0],[113.09034361500005,-7.226972304999947,0],[113.09035410200011,-7.226934551999932,0],[113.09055230500007,-7.2269744029999288,0],[113.09060474000012,-7.2269796459999611,0],[113.09063495500004,-7.2269241969999598,0],[113.0906372500001,-7.226915675999976,0],[113.09065402900001,-7.2268810689999441,0],[113.09068444100001,-7.2268485589999614,0],[113.09074631400006,-7.2268779229999609,0],[113.09071662700001,-7.2269414979999738,0],[113.09064354200007,-7.2270677359999809,0],[113.09075365500007,-7.2271075869999777,0],[113.09080023100012,-7.2271463539999559,0],[113.09078668900008,-7.2271862389999342,0],[113.09095852200005,-7.2272180679999565,0],[113.09096706700007,-7.2272254419999626,0],[113.09101474900001,-7.2272665989999609,0],[113.09114481800009,-7.2273456409999426,0],[113.09110391900003,-7.2274258659999759,0],[113.09132152300003,-7.2274987499999384,0],[113.0913461670001,-7.2275039939999601,0],[113.09136609300003,-7.2274997989999292,0],[113.09137971700011,-7.2274484459999258,0],[113.09138077400007,-7.2274442179999596,0],[113.09161725500007,-7.227484067999967,0],[113.09162164100007,-7.227492285999972,0],[113.09162826600004,-7.227511333999928,0],[113.09164452100003,-7.2275092369999356,0],[113.09167298900002,-7.2275015919999532,0],[113.09180602000004,-7.2275443679999398,0],[113.0918163230001,-7.2275186119999262,0],[113.09181965300002,-7.2275102859999265,0],[113.09187564000001,-7.2275215359999265,0],[113.09192609600007,-7.2275338809999425,0],[113.0919617510001,-7.2275485629999707,0],[113.09196751900004,-7.227549086999943,0],[113.09198429800006,-7.2275511849999248,0],[113.09201995400008,-7.2275569529999757,0],[113.09206457000005,-7.2275594009999509,0],[113.09209021600009,-7.2275606229999312,0],[113.09208702100011,-7.2275859359999686,0],[113.09208497300006,-7.2275988999999754,0],[113.09209860600004,-7.2276046679999695,0],[113.0921185310001,-7.2276083389999712,0],[113.09214370000007,-7.2276177769999777,0],[113.09217096600003,-7.2276214469999331,0],[113.09218722100002,-7.2276203989999317,0],[113.09218564800005,-7.2276345559999413,0],[113.09234347600011,-7.2276445189999663,0],[113.09234295200008,-7.2276586759999759,0],[113.09237441300002,-7.2276633949999791,0],[113.09237703400004,-7.2276455669999677,0],[113.09239328900003,-7.2276523839999527,0],[113.09245988100008,-7.2276670659999809,0],[113.09253905800006,-7.2276780769999505,0],[113.09260355200001,-7.2276827959999537,0],[113.09268849700004,-7.2276901369999678,0],[113.092837411,-7.2277048189999391,0],[113.09302722500001,-7.2277174029999287,0],[113.09303640100006,-7.2276980019999542,0],[113.0930441700001,-7.2276766769999767,0],[113.09304741300002,-7.2276004729999386,0],[113.09304846100008,-7.2275983759999463,0],[113.09306104600012,-7.2275920839999799,0],[113.09308202000011,-7.2275899869999307,0],[113.0931166260001,-7.2275931329999707,0],[113.09313864900002,-7.2275941809999722,0],[113.09316067200007,-7.2275941809999722,0],[113.09318793800003,-7.2275920839999799,0],[113.09322254500012,-7.2275857919999567,0],[113.09322988500003,-7.2275910349999322,0],[113.09323827500009,-7.2276141069999653,0],[113.09324456700006,-7.2276696869999455,0],[113.0932361780001,-7.2276843689999737,0],[113.09322638500009,-7.2277274199999511,0],[113.09322569100004,-7.2277357549999692,0],[113.09322988500003,-7.2277483389999588,0],[113.0932477130001,-7.2277724589999366,0],[113.09325924900008,-7.2277923849999297,0],[113.09326134600008,-7.2278007739999452,0],[113.09327026000005,-7.2278154559999734,0],[113.09327969800006,-7.2278212239999675,0],[113.09329490500011,-7.2278175529999658,0],[113.09332805600002,-7.2278193349999356,0],[113.09336097200003,-7.2278290889999539,0],[113.09338404400012,-7.2278322349999371,0],[113.09345955000003,-7.2278469169999653,0],[113.09348471800001,-7.2278500629999485,0],[113.09350464400006,-7.2278825719999418,0],[113.0935193250001,-7.2279140329999336,0],[113.09353191000002,-7.2279392019999591,0],[113.09355288400002,-7.227992684999947,0],[113.09356441900002,-7.2280147079999324,0],[113.09359378300007,-7.2280430229999411,0],[113.09360531800007,-7.2280828729999484,0],[113.09359378300007,-7.2281164309999326,0],[113.09357198900011,-7.228164124999978,0],[113.09357176000003,-7.2281657199999358,0],[113.09356861400011,-7.2281824989999564,0],[113.09356966300004,-7.2282139599999482,0],[113.09357700300006,-7.2282307389999687,0],[113.09359692900011,-7.2282443719999492,0],[113.09360741600005,-7.2282443719999492,0],[113.09362629200007,-7.228241225999966,0],[113.09363573000007,-7.2282213009999623,0],[113.09366180200004,-7.2282088029999727,0],[113.09366404500008,-7.2282118629999559,0],[113.09367767800006,-7.2282202519999714,0],[113.09371333400009,-7.2282454209999401,0],[113.09372382100003,-7.228249615999971,0],[113.09376367100003,-7.2282559079999373,0],[113.0938024730001,-7.2282632489999514,0],[113.09381505700003,-7.2282569559999388,0],[113.09384943400005,-7.2282160199999339,0],[113.09385805400007,-7.2282003269999677,0],[113.093880076,-7.2281762069999331,0],[113.09389266100004,-7.2281667689999267,0],[113.09392621900008,-7.2281678169999282,0],[113.09393565700009,-7.2281835479999472,0],[113.09394719300008,-7.2282129109999573,0],[113.09398389700004,-7.2282118629999559,0],[113.09401535800009,-7.2282202519999714,0],[113.09404902600011,-7.2282510949999619,0],[113.0940552080001,-7.2282548589999465,0],[113.09406989000001,-7.2282642969999529,0],[113.09409610700004,-7.2282968069999356,0],[113.09411078900007,-7.2283051959999511,0],[113.09413595800004,-7.2283010019999665,0],[113.09415936900007,-7.2282590569999456,0],[113.09416112700001,-7.2282559079999373,0],[113.09417371100005,-7.2282233979999546,0],[113.09417371100005,-7.2281971809999277,0],[113.09417056500001,-7.2281709629999682,0],[113.09416112700001,-7.2281499899999631,0],[113.09414434700011,-7.2281311129999608,0],[113.09411498400004,-7.2281017499999507,0],[113.09409086400001,-7.228069239999968,0],[113.0940740850001,-7.2280377789999761,0],[113.09407093900006,-7.2280000259999611,0],[113.0940740850001,-7.2279706629999509,0],[113.09407093900006,-7.2279423479999423,0],[113.0940740850001,-7.2279024979999349,0],[113.09408037700007,-7.2279045949999272,0],[113.09410135100006,-7.2279150819999813,0],[113.09410344800006,-7.2279203249999568,0],[113.09411288700005,-7.2279433969999332,0],[113.09412022700008,-7.2279633219999369,0],[113.09413386000006,-7.2279821979999497,0],[113.09414959100002,-7.2279895389999638,0],[113.09416846700003,-7.2280073669999751,0],[113.09417371100005,-7.2280346329999361,0],[113.09417895400009,-7.2280482659999734,0],[113.09421356100006,-7.2280545579999398,0],[113.0942376810001,-7.2280241459999388,0],[113.09425446000012,-7.2280010749999519,0],[113.09427648300004,-7.2280031719999442,0],[113.09429011600002,-7.2280147079999324,0],[113.09432996600003,-7.2280430229999411,0],[113.09433730700005,-7.2280451199999334,0],[113.09440757000004,-7.2280660939999279,0],[113.09442434900006,-7.2280650449999371,0],[113.09446734500011,-7.2280577039999798,0],[113.09449985500009,-7.2280451199999334,0],[113.09450824500004,-7.2280409249999593,0],[113.0945302670001,-7.2280283409999697,0],[113.09455124100009,-7.2280199509999647,0],[113.09457431200008,-7.228038827999967,0],[113.09459318900008,-7.2280681909999771,0],[113.09462569800007,-7.2281143339999403,0],[113.09465222600011,-7.2281614119999631,0],[113.09466371400003,-7.2281798769999455,0],[113.09467524900003,-7.2281924619999813,0],[113.09468678500002,-7.2281914129999336,0],[113.09471300200005,-7.2281840719999764,0],[113.09471802000007,-7.2281664699999624,0],[113.09472978100007,-7.2281547089999663,0],[113.09474970700001,-7.2281452699999704,0],[113.09477068000001,-7.2281494649999445,0],[113.09481892000008,-7.2281557569999677,0],[113.09483779700008,-7.2281568059999586,0],[113.09487450100005,-7.2281620499999804,0],[113.0949059620001,-7.2281672929999559,0],[113.09496117700007,-7.2281851649999567,0],[113.09497491400009,-7.2281762069999331,0],[113.09499588800008,-7.228142648999949,0],[113.09500742300008,-7.2280944089999366,0],[113.09500427700004,-7.2280251949999297,0],[113.09501686200008,-7.2279685649999692,0],[113.09505776100002,-7.2279266179999695,0],[113.09507873500002,-7.2279140329999336,0],[113.09513012100001,-7.2279087899999581,0],[113.09516787400003,-7.2279203249999568,0],[113.09523184400007,-7.2279528349999396,0],[113.09530839900003,-7.227978003999965,0],[113.09537446600007,-7.2280209999999556,0],[113.09545416700007,-7.2280440709999425,0],[113.09561986100005,-7.2281279669999776,0],[113.09568068500005,-7.2281594279999695,0],[113.09583379500009,-7.2281992779999769,0],[113.09593656700008,-7.2281814499999655,0],[113.0960844330001,-7.2281762069999331,0],[113.09617462100005,-7.2281856449999395,0],[113.09631829200009,-7.2282066189999341,0],[113.0964284050001,-7.2282055699999432,0],[113.09659724500011,-7.2282045219999418,0],[113.09677552300002,-7.2282338849999519,0],[113.09694646000003,-7.2282569559999388,0],[113.09714780900003,-7.2283114889999638,0],[113.09725267900001,-7.2283481929999311,0],[113.09750226800008,-7.2284111149999717,0],[113.097627063,-7.2284153089999563,0],[113.09786616500003,-7.2283974819999344,0],[113.09802976200001,-7.2283723129999657,0],[113.0982093450001,-7.2283428439999398,0],[113.09828405300004,-7.2282777609999584,0],[113.09832444500012,-7.2282370309999351,0],[113.09837688000005,-7.2282223499999532,0],[113.09845972700009,-7.2282055699999432,0],[113.09854047600004,-7.2281971809999277,0],[113.0985896840001,-7.2281896099999585,0],[113.09864954000011,-7.228180401999964,0],[113.09873343600009,-7.2281940349999445,0],[113.09878796800001,-7.2282139599999482,0],[113.09884774400007,-7.2282527619999541,0],[113.09893421300001,-7.22831298899996,0],[113.09894944200005,-7.2283192629999462,0],[113.09907563700006,-7.2283712499999524,0],[113.09923605300003,-7.2284074209999289,0],[113.09930497500011,-7.2284205529999781,0],[113.09936684800005,-7.2284467699999482,0],[113.09941194200007,-7.2284666949999519,0],[113.09944235400008,-7.228511788999981,0],[113.09943501300006,-7.2285537369999702,0],[113.09941017200003,-7.2285795149999785,0],[113.09940669800005,-7.2285810029999311,0],[113.09939306500007,-7.2285904409999375,0],[113.0993773350001,-7.2286344869999652,0],[113.09939516300005,-7.2286879699999531,0],[113.09943291600007,-7.22875718399996,0],[113.09948894000001,-7.2288166579999711,0],[113.09952441400003,-7.2288573339999402,0],[113.09952466100003,-7.2288574509999535,0],[113.09963033200006,-7.2289076719999343,0],[113.09971396600008,-7.2289511919999541,0],[113.09982777800008,-7.2289541729999769,0],[113.09990273100004,-7.2289501439999526,0],[113.1000044540001,-7.2289627279999422,0],[113.10014288200011,-7.228967971999964,0],[113.10024880000003,-7.2289480459999709,0],[113.10038827700009,-7.2289186829999608,0],[113.10048580500006,-7.2288704429999484,0],[113.1004889510001,-7.2288410789999489,0],[113.10051307100002,-7.2288211539999452,0],[113.1005592140001,-7.2287708169999405,0],[113.10058123600004,-7.2287278199999605,0],[113.1006106000001,-7.2286648989999662,0],[113.10062947600011,-7.2285998799999334,0],[113.10065779100012,-7.2285537369999702,0],[113.10068925200005,-7.2285180809999474,0],[113.10074014200006,-7.2284468349999429,0],[113.10074693000001,-7.2284373319999418,0],[113.10074693000001,-7.2284205529999781,0],[113.10074433900002,-7.2284097559999623,0],[113.10074063800005,-7.2283943349999618,0],[113.10073329700003,-7.228382799999963,0],[113.10071651800001,-7.2283628749999593,0],[113.10072645900004,-7.2283383519999802,0],[113.1007322480001,-7.2283240729999534,0],[113.10076685500007,-7.2282517129999633,0],[113.10081299800004,-7.2281982299999754,0],[113.10079802300004,-7.2281403719999275,0],[113.10078992700005,-7.2281090899999754,0],[113.10094723100008,-7.2280598019999616,0],[113.10111382700006,-7.2280081669999277,0],[113.10112655800003,-7.2280042209999351,0],[113.10128805700003,-7.2279654189999292,0],[113.10134154000002,-7.2279596509999351,0],[113.1013362970001,-7.227931860999945,0],[113.10147655000003,-7.2278834369999458,0],[113.10149255200008,-7.2279428719999714,0],[113.10154603600006,-7.2279376289999391,0],[113.10154393800008,-7.2279129849999322,0],[113.10160633600003,-7.2279045949999272,0],[113.10160371400002,-7.2278673659999413,0],[113.10176101800005,-7.2278406249999421,0],[113.10175765100007,-7.227813580999964,0],[113.10175627800004,-7.2278025479999428,0],[113.10175315300012,-7.227790286999948,0],[113.10189682400005,-7.2277656429999411,0],[113.10197809800002,-7.2277546319999715,0],[113.10215899800005,-7.2277074399999606,0],[113.10229179400005,-7.2276910269999348,0],[113.10234566500003,-7.2276843689999737,0],[113.10257218400011,-7.2276880389999292,0],[113.10257218400011,-7.2276062409999327,0],[113.10258004900004,-7.2275600989999589,0],[113.10276252200003,-7.2275553799999557,0],[113.10277021700006,-7.2275552279999715,0],[113.10289518200011,-7.2275527579999448,0],[113.10289361800005,-7.2275877949999767,0],[113.1028925600001,-7.2276114849999544,0],[113.10299708800005,-7.2276020179999705,0],[113.10303151200003,-7.2275988999999754,0],[113.10313166200001,-7.2275983759999463,0],[113.10312537000004,-7.2276597249999668,0],[113.10319143800007,-7.2276670659999809,0],[113.1032648470001,-7.2276665409999623,0],[113.10326018000001,-7.2276954279999472,0],[113.10325383500003,-7.2277347059999784,0],[113.1032626540001,-7.2277352919999771,0],[113.10339593300012,-7.2277441449999742,0],[113.10339383600001,-7.2277797999999507,0],[113.10350287600011,-7.2277841809999472,0],[113.1035187330001,-7.2276737359999288,0],[113.10357941500001,-7.2276722299999392,0],[113.10358574700001,-7.2276681139999255,0],[113.10360724500003,-7.2276723089999564,0],[113.10361511100007,-7.2276780769999505,0],[113.10362454900007,-7.2276859419999369,0],[113.10363975500002,-7.2276922339999601,0],[113.10364814500008,-7.227694855999971,0],[113.10365391200003,-7.2277000989999465,0],[113.10365915600005,-7.2277137329999732,0],[113.10366072900001,-7.2277257929999337,0],[113.10367750800003,-7.2277530589999515,0],[113.103687347,-7.2277605039999457,0],[113.10369690900006,-7.2277677399999334,0],[113.10369551600002,-7.2277891589999399,0],[113.10369271400009,-7.2278322349999371,0],[113.10390908500005,-7.2278521849999606,0],[113.10391451300006,-7.2278526849999594,0],[113.10396372900004,-7.2281113239999399,0],[113.10401131900005,-7.2283651329999543,0],[113.10417629500012,-7.2284571389999428,0],[113.10443962200009,-7.2284634829999277,0],[113.10465218700006,-7.2284381029999736,0],[113.10479495400011,-7.2284476209999298,0],[113.1049504130001,-7.2284381029999736,0],[113.10551196500001,-7.2281938119999722,0],[113.10560714400003,-7.2281367049999403,0],[113.10570549500005,-7.2280097999999384,0],[113.10570746300004,-7.227820645999941,0],[113.10567842000012,-7.2274188119999394,0],[113.1056974600001,-7.2273422549999395,0],[113.1057062970001,-7.2273227109999425,0],[113.10570810700005,-7.2273187089999738,0],[113.10571380200008,-7.2273061149999762,0],[113.10572403600008,-7.2273086739999712,0],[113.10574501000008,-7.2273086739999712,0],[113.10575444800008,-7.2273076249999804,0],[113.1057712270001,-7.2273013329999571,0],[113.10579010400011,-7.2272960899999248,0],[113.10581002900005,-7.2272918949999507,0],[113.10582471100008,-7.2272814079999534,0],[113.10584987900006,-7.2272468009999784,0],[113.10585612900002,-7.2272146579999799,0],[113.10583624600008,-7.2271691979999559,0],[113.10593692100008,-7.2271471749999705,0],[113.10594740800002,-7.2271754899999792,0],[113.10595999200007,-7.2271870259999673,0],[113.10597125000004,-7.2272146579999799,0],[113.10597152800005,-7.2272153399999297,0],[113.10595894400001,-7.2272856029999275,0],[113.10595789500007,-7.227293991999943,0],[113.10594635900009,-7.2273569139999267,0],[113.10595789500007,-7.2273967639999341,0],[113.10597152800005,-7.2274145919999455,0],[113.10597991800012,-7.2274229819999505,0],[113.10602815700008,-7.2274177379999287,0],[113.10607115400001,-7.2273936179999509,0],[113.10608898200007,-7.227375790999929,0],[113.10610995600007,-7.2273527189999527,0],[113.10613302700006,-7.2273369889999799,0],[113.10614666000004,-7.2273338429999399,0],[113.1061644880001,-7.2273380379999708,0],[113.10618441300005,-7.2273642549999408,0],[113.10624892400006,-7.2276160829999299,0],[113.10625435700001,-7.2277464729999679,0],[113.10630511900001,-7.2278099249999741,0],[113.10642250600006,-7.2278828959999259,0],[113.10647644000005,-7.22784799599998,0],[113.10665543800008,-7.2274460619999559,0],[113.10670767400006,-7.2273287669999604,0],[113.1067751060001,-7.2273266379999654,0],[113.10687359300005,-7.2273514039999327,0],[113.1069940970001,-7.2274103199999331,0],[113.10716296200007,-7.2274537699999541,0],[113.10729652700002,-7.2274843969999552,0],[113.10741005900002,-7.2275435329999596,0],[113.10752381200007,-7.2276096309999502,0],[113.1075694650001,-7.2276284369999644,0],[113.10771760500006,-7.2277459799999519,0],[113.10786172300004,-7.2278782989999399,0],[113.10787520100007,-7.2278783109999267,0],[113.10784554600002,-7.2279032839999786,0],[113.10777842900006,-7.2279494269999418,0],[113.10773018900011,-7.2279955689999724,0],[113.10764419600002,-7.2280542959999252,0],[113.10758756700011,-7.2280836599999816,0],[113.10754352200001,-7.2281151199999272,0],[113.10754352200001,-7.2281193149999581,0],[113.10764419600002,-7.2282241849999309,0],[113.10768824100001,-7.228261937999946,0],[113.10772809200012,-7.2282682299999692,0],[113.10780359800003,-7.2282933989999378,0],[113.10789168800011,-7.2283206649999556,0],[113.10800704500002,-7.2283835859999499,0],[113.10805318700011,-7.228421338999965,0],[113.1081140120001,-7.2284276319999776,0],[113.10811610900009,-7.2283479309999734,0],[113.10813498500011,-7.2282703269999615,0],[113.10819371200012,-7.22819691899997,0],[113.10824824400004,-7.2281507759999499,0],[113.10829438700011,-7.2281109259999425,0],[113.10832584800005,-7.2280480039999588,0],[113.10832375100006,-7.2279997639999465,0],[113.10829858200009,-7.2279641079999806,0],[113.10823775800009,-7.2279116739999267,0],[113.10824824400004,-7.2278550439999663,0],[113.10832290200005,-7.2276639839999461,0],[113.10834891900004,-7.2276243309999586,0],[113.10843491200001,-7.2275299489999725,0],[113.1086465090001,-7.2274323829999503,0],[113.10874742300007,-7.2273453779999386,0],[113.10883551400002,-7.2272929439999416,0],[113.10907466500009,-7.2272191519999751,0],[113.10917094500007,-7.2271742959999301,0],[113.10929511100005,-7.2271285579999471,0],[113.10947549200012,-7.2270949829999722,0],[113.10958681800003,-7.2270844969999644,0],[113.10976299400011,-7.2270592949999468,0],[113.11032550700008,-7.2270540639999581,0],[113.11045807200003,-7.2270770509999807,0],[113.11063411600003,-7.2270583799999599,0],[113.11066746400002,-7.2270548429999621,0],[113.11081087600007,-7.2270273809999708,0],[113.11081657700004,-7.2270262899999693,0],[113.11103578500001,-7.2269341849999478,0],[113.11106846500002,-7.2269331529999477,0],[113.11113165000006,-7.2269450929999266,0],[113.11131785000009,-7.2268200689999276,0],[113.11146061800002,-7.2267883439999423,0],[113.11148833700008,-7.2267798739999307,0],[113.11148241900003,-7.2268420049999804,0],[113.11145725100005,-7.226881854999931,0],[113.11147612700006,-7.2269804329999374,0],[113.11202983800001,-7.2267832779999708,0],[113.11201305900011,-7.2266972849999433,0],[113.11219133700001,-7.2266553369999542,0],[113.11216238800012,-7.226438633999976,0],[113.11219592300006,-7.2263957609999352,0],[113.11222699300004,-7.2263596049999705,0],[113.11229410900012,-7.226338630999976,0],[113.11241156300002,-7.22634282599995,0],[113.11251223800002,-7.2263470209999809,0],[113.11265276300003,-7.2263721899999496,0],[113.11285621000002,-7.2264225269999542,0],[113.11295331400004,-7.2264548949999607,0],[113.11301351400004,-7.2264749619999407,0],[113.11343680500011,-7.226385721999975,0],[113.11343299200007,-7.2263533129999473,0],[113.11364385600007,-7.226316633999943,0],[113.11396153400005,-7.2262613749999787,0],[113.11396153400005,-7.2262966839999763,0],[113.11399928700007,-7.2263134629999399,0],[113.114030748,-7.2263239499999372,0],[113.11408947500001,-7.2263596049999705,0],[113.11416707800004,-7.2263596049999705,0],[113.11419015000001,-7.2263617029999523,0],[113.1142572660001,-7.2263805789999651,0],[113.11430131100008,-7.2263596049999705,0],[113.11435374600001,-7.2263071709999736,0],[113.11440618100005,-7.2262736119999431,0],[113.11441457000001,-7.2262652229999276,0],[113.11446490800006,-7.226244248999933,0],[113.11447539500011,-7.226244248999933,0],[113.11451734200011,-7.2262484439999639,0],[113.11454880300005,-7.2262610279999535,0],[113.1145802640001,-7.2262715149999508,0],[113.11459914000011,-7.2262882939999713,0],[113.11461382200002,-7.2263113649999582,0],[113.11466625700007,-7.2263092679999659,0],[113.11471869200011,-7.2263113649999582,0],[113.1148843850001,-7.2262757099999249,0],[113.11506266400011,-7.2262400539999589,0],[113.11526198800004,-7.2261912399999346,0],[113.11531225300007,-7.2261897169999543,0],[113.11552618700011,-7.2261561579999807,0],[113.11574012000005,-7.2260974319999605,0],[113.11587055200005,-7.2260459519999358,0],[113.11596255800009,-7.2259920169999532,0],[113.11608311700002,-7.2259349099999781,0],[113.11610690200007,-7.2259188909999352,0],[113.11620914900004,-7.2258947709999575,0],[113.11634327200011,-7.2258746309999538,0],[113.11649439400003,-7.2258522989999392,0],[113.11664149800004,-7.2258429029999434,0],[113.11666375800007,-7.2258465309999451,0],[113.11671199800003,-7.225850725999976,0],[113.11678173700011,-7.2258596399999533,0],[113.11679327200011,-7.2258711759999414,0],[113.11681844100008,-7.2258942469999283,0],[113.11683259800009,-7.2259120749999397,0],[113.11683102500001,-7.2259299029999511,0],[113.11681627700011,-7.2259529669999552,0],[113.11680847800005,-7.2259651649999341,0],[113.11688296500006,-7.2260170229999403,0],[113.11688123200008,-7.2260478809999427,0],[113.11690168100006,-7.2260510269999259,0],[113.1169001080001,-7.226112374999957,0],[113.1169142650001,-7.2261097539999355,0],[113.11694153200006,-7.2261029369999505,0],[113.11697771200011,-7.2260997909999674,0],[113.11705216900009,-7.2261118509999278,0],[113.11709569000004,-7.2261113269999555,0],[113.11716936500011,-7.2261061909999285,0],[113.11720203900006,-7.2261051579999389,0],[113.11721917300008,-7.2261065199999734,0],[113.11723490400004,-7.226105820999976,0],[113.11724678900009,-7.226105471999972,0],[113.11725299700004,-7.2261144479999757,0],[113.11725727600003,-7.2261201529999539,0],[113.11726916100008,-7.2261225999999397,0],[113.11727475400005,-7.2261194539999565,0],[113.11727654000003,-7.2261145429999374,0],[113.11727755100003,-7.2261117639999384,0],[113.11727475400005,-7.2260981309999579,0],[113.1172744050001,-7.2260935859999336,0],[113.11727964800002,-7.2260907899999438,0],[113.11728873700008,-7.2260925379999321,0],[113.11730132100001,-7.226093935999927,0],[113.11731600300004,-7.2260932369999296,0],[113.11731154400002,-7.2261095189999764,0],[113.11731320600006,-7.2261173569999642,0],[113.11731705200009,-7.2261239989999808,0],[113.1173257910001,-7.2261288919999629,0],[113.11734326900012,-7.2261253969999757,0],[113.11735270700001,-7.2261173569999642,0],[113.11736998700007,-7.2260967089999326,0],[113.1173764780001,-7.2260879929999646,0],[113.11738091000007,-7.2260755959999301,0],[113.11738626600004,-7.2260666699999661,0],[113.11741073500002,-7.2260558329999753,0],[113.11742716500009,-7.2260495409999521,0],[113.11743905000003,-7.2260512889999404,0],[113.11744464300011,-7.2260519879999379,0],[113.11745338200001,-7.2260540859999765,0],[113.11746456800006,-7.2260586299999545,0],[113.11747016100003,-7.2260649219999777,0],[113.11747840800001,-7.2260729439999523,0],[113.11747855100009,-7.2260730489999787,0],[113.11748134700008,-7.226074796999967,0],[113.11748781400001,-7.2260792539999557,0],[113.11749498000006,-7.2260834489999297,0],[113.11750101000007,-7.2260863329999552,0],[113.11750677800001,-7.2260844099999417,0],[113.11751438100009,-7.2260817009999414,0],[113.11752049800009,-7.2260761959999513,0],[113.11752408200005,-7.226072611999939,0],[113.11753079700009,-7.2260614619999615,0],[113.11753220900005,-7.2260598529999811,0],[113.11753640400002,-7.2260563579999371,0],[113.1175419970001,-7.2260548719999633,0],[113.11755091100008,-7.2260530369999287,0],[113.11756624000009,-7.2260518099999445,0],[113.11757214700003,-7.2260538229999725,0],[113.11757494300002,-7.2260555709999608,0],[113.11758385700011,-7.2260555709999608,0],[113.11759329500001,-7.2260543479999342,0],[113.11762213400004,-7.2260541729999659,0],[113.11762475600005,-7.2260536489999367,0],[113.11763436900003,-7.2260482299999467,0],[113.11763838900004,-7.2260398409999311,0],[113.11764258400001,-7.2260340729999371,0],[113.11764817700009,-7.2260312759999579,0],[113.11765307100006,-7.2260328489999779,0],[113.11765586800004,-7.2260384419999468,0],[113.11765918800006,-7.226044035999962,0],[113.11766355800012,-7.2260464819999584,0],[113.11767159800002,-7.2260449089999383,0],[113.11768051200011,-7.2260398409999311,0],[113.11768400700009,-7.2260347719999345,0],[113.1176819100001,-7.226029877999963,0],[113.11767928800009,-7.2260269069999481,0],[113.11767761600004,-7.226017972999955,0],[113.11768138600007,-7.226012399999945,0],[113.11769274700009,-7.2260020879999729,0],[113.11775060000002,-7.2259721999999442,0],[113.11776458200006,-7.2259624119999444,0],[113.11778206000008,-7.2259522749999405,0],[113.11780303400008,-7.2259480799999665,0],[113.11781631800011,-7.2259463319999782,0],[113.11782855300009,-7.225944583999933,0],[113.11784358400007,-7.2259449339999264,0],[113.11785232300008,-7.2259484299999599,0],[113.11787154900003,-7.225947729999973,0],[113.11788203600008,-7.2259386419999601,0],[113.11788762900005,-7.22593164999995,0],[113.11790126200003,-7.2259211629999527,0],[113.11791000100004,-7.225913822999928,0],[113.11791874000005,-7.2259127739999371,0],[113.1179292270001,-7.2259075299999722,0],[113.11793586900001,-7.2258991409999567,0],[113.11795194900003,-7.2258984419999592,0],[113.11795649300007,-7.2258998399999541,0],[113.11796767900012,-7.2259057829999733,0],[113.11798480800007,-7.2259068309999748,0],[113.11800263600003,-7.225895295999976,0],[113.11801207400003,-7.2258858569999802,0],[113.11802675600006,-7.2258820119999427,0],[113.11805646900007,-7.2258673299999714,0],[113.11807709300001,-7.2258760699999698,0],[113.11810470900002,-7.2258610379999482,0],[113.11818510900002,-7.225827479999964,0],[113.11828648300002,-7.2257963689999656,0],[113.11835639600008,-7.225775394999971,0],[113.1183647580001,-7.2257857099999683,0],[113.11839366600009,-7.2257807419999267,0],[113.11840918000007,-7.2257739969999761,0],[113.11841477300004,-7.2257684039999504,0],[113.11842805600008,-7.2257561689999648,0],[113.1184353970001,-7.225745331999974,0],[113.11844798200002,-7.2257320489999302,0],[113.11845881800002,-7.2257177169999522,0],[113.11846860600008,-7.2257093269999473,0],[113.11848049100001,-7.2257054819999667,0],[113.11849027900007,-7.2257054819999667,0],[113.11849831900008,-7.2257061809999641,0],[113.11851265100006,-7.2257086279999498,0],[113.11855914300008,-7.2257051319999732,0],[113.11856963000002,-7.2257065309999575,0],[113.11859200200001,-7.2257086279999498,0],[113.11860808200004,-7.2257065309999575,0],[113.11862975500003,-7.2257016369999292,0],[113.11874511200006,-7.2256694769999399,0],[113.11878426300007,-7.2256512989999351,0],[113.11881292800001,-7.2256485029999453,0],[113.11883040600003,-7.2256512989999351,0],[113.11883110500003,-7.2256568919999609,0],[113.11882925500004,-7.2256795579999675,0],[113.1188293570001,-7.2256817109999361,0],[113.11883821300012,-7.2256910329999755,0],[113.11885452600006,-7.2256961599999272,0],[113.11886757600007,-7.2256952279999496,0],[113.11889088000009,-7.2256849739999325,0],[113.11890532900009,-7.2256747199999722,0],[113.11891604900006,-7.2256733219999774,0],[113.11893748900002,-7.2256658649999395,0],[113.1189691830001,-7.225652347999926,0],[113.11907978200009,-7.225613740999961,0],[113.11928040600003,-7.2255586179999796,0],[113.11943853200012,-7.225523940999949,0],[113.11981233400002,-7.2254554259999395,0],[113.11979856000005,-7.225382116999981,0],[113.11979788500003,-7.2253785219999713,0],[113.119798403,-7.2253784289999317,0],[113.12007426600007,-7.2253289409999297,0],[113.12000257300008,-7.2250091419999762,0],[113.11999364100006,-7.2249692979999622,0],[113.12003092800001,-7.2249599759999796,0],[113.12013999300007,-7.2249348079999436,0],[113.12030220600002,-7.2249037019999491,0],[113.12031821100004,-7.2249006339999369,0],[113.12036604500008,-7.2248914619999596,0],[113.12048769300009,-7.2248672249999686,0],[113.12048995100008,-7.2248292919999813,0],[113.12049002400011,-7.2248280739999586,0],[113.12048256600008,-7.2248038369999676,0],[113.1204848970001,-7.2248024389999728,0],[113.12049282000009,-7.2248015069999383,0],[113.12050354000007,-7.2247991759999763,0],[113.12051332800002,-7.2247959139999693,0],[113.12052125100001,-7.2247856599999523,0],[113.12052637800002,-7.2247740079999403,0],[113.12053663200004,-7.2247660839999526,0],[113.12055108100003,-7.2247758719999524,0],[113.12055481000004,-7.2247814649999782,0],[113.12055807200011,-7.2247907869999608,0],[113.12055211600011,-7.2248055429999454,0],[113.12055434400008,-7.2248122269999726,0],[113.12056459700011,-7.2248206159999313,0],[113.12056692800002,-7.2248220149999725,0],[113.12057391900009,-7.224824344999945,0],[113.12058324100008,-7.2248280739999586,0],[113.12060281700008,-7.2248383279999757,0],[113.12061679900012,-7.2248453189999395,0],[113.12064243400005,-7.2248411239999655,0],[113.12065082300001,-7.2248336669999276,0],[113.12065828100003,-7.224821082999938,0],[113.12066387400012,-7.2248010409999779,0],[113.12067412800002,-7.224791252999978,0],[113.12068717800003,-7.2247865919999299,0],[113.12071724500004,-7.2247706799999492,0],[113.12072073600007,-7.2247651519999749,0],[113.1207347190001,-7.2247525679999285,0],[113.12075755700005,-7.2247427799999286,0],[113.12085543600006,-7.2247138829999358,0],[113.12087035000002,-7.2247073569999429,0],[113.12088712900004,-7.2247040949999359,0],[113.12092441600009,-7.2246961709999482,0],[113.12099386300008,-7.2246975699999325,0],[113.12104140400004,-7.2246891799999275,0],[113.12108941100007,-7.2246724009999639,0],[113.12113415500005,-7.2246644769999762,0],[113.12115512900004,-7.2246299869999575,0],[113.121175171,-7.224597360999951,0],[113.12121572000001,-7.2245652009999617,0],[113.12128656600009,-7.2245484219999412,0],[113.12133410600006,-7.2245432949999326,0],[113.12140262100002,-7.2245325749999552,0],[113.12140914600002,-7.2245498199999361,0],[113.12147393200007,-7.2245335069999328,0],[113.12150143200006,-7.2245358379999516,0],[113.12165803700009,-7.2245046099999399,0],[113.12166502800005,-7.2245223209999381,0],[113.12168090700004,-7.2245223209999381,0],[113.12169392500005,-7.2245223209999381,0],[113.12169343900007,-7.2245193849999509,0],[113.12168367100003,-7.2244603319999783,0],[113.12170557700006,-7.2244505439999784,0],[113.12174752500005,-7.2244421539999735,0],[113.1217913370001,-7.2244365609999477,0],[113.12182955700007,-7.2244379589999426,0],[113.12187476700001,-7.2244468149999648,0],[113.12189377000004,-7.2244918579999649,0],[113.12189993600009,-7.224506473999952,0],[113.12198756000009,-7.224496219999935,0],[113.12207285400007,-7.224492957999928,0],[113.12207613800001,-7.2244568359999448,0],[113.12207798100007,-7.2244365609999477,0],[113.12222163500007,-7.2244070859999283,0],[113.12249714600011,-7.2243505559999335,0],[113.12250957700007,-7.2243480049999675,0],[113.12258182400001,-7.224594460999981,0],[113.12259546200005,-7.224649392999936,0],[113.12260279400004,-7.2246789259999673,0],[113.12294210500011,-7.2246136739999542,0],[113.12294113900009,-7.2246098879999749,0],[113.12284888800002,-7.2242482619999464,0],[113.12307447400008,-7.2242352119999396,0],[113.12320870700012,-7.2241830099999333,0],[113.12345200400011,-7.2241270799999597,0],[113.12350778000007,-7.2246443579999777,0],[113.12350979900009,-7.2246630789999813,0],[113.12365594000005,-7.2246356429999423,0],[113.12373465100006,-7.2246208659999525,0],[113.12375309600009,-7.2246174029999679,0],[113.12371728800008,-7.2244052759999704,0],[113.12367945400001,-7.2241811459999781,0],[113.12369899500004,-7.2241781399999354,0],[113.12390970100012,-7.2241457229999355,0],[113.12390557500009,-7.2241129889999343,0],[113.12389571800009,-7.2240347939999765,0],[113.1238994470001,-7.2240292009999507,0],[113.12390783700005,-7.2240245409999488,0],[113.12393673400004,-7.2240133539999647,0],[113.12393953100002,-7.2239947109999321,0],[113.12395910600003,-7.2239760679999563,0],[113.12399266400007,-7.2239742029999547,0],[113.12401410400003,-7.2239816609999252,0],[113.12405884900011,-7.223987253999951,0],[113.12415765900005,-7.2239639489999377,0],[113.12424248700006,-7.2239285269999414,0],[113.12443451500008,-7.2238837819999731,0],[113.12452680000001,-7.2238716639999438,0],[113.12463866000007,-7.2238474279999423,0],[113.12473001300009,-7.2238231909999513,0],[113.12484187400003,-7.2238110729999789,0],[113.1250031400001,-7.2238455629999407,0],[113.12509262900005,-7.2238446309999631,0],[113.12535550200005,-7.2238353089999805,0],[113.12558481600001,-7.2237728539999466,0],[113.12590145600007,-7.2236952379999479,0],[113.12612035000006,-7.2236745099999666,0],[113.12611879100007,-7.2236490539999636,0],[113.1261147570001,-7.2235831569999505,0],[113.12629093700002,-7.2235505299999545,0],[113.12651556500009,-7.2235389489999307,0],[113.12661813000011,-7.2235691739999766,0],[113.12664609500007,-7.2235719699999663,0],[113.12676541400003,-7.2242729649999546,0],[113.12720213700004,-7.2241555109999354,0],[113.12724874500009,-7.2243410129999575,0],[113.1276160220001,-7.2242403389999481,0],[113.12758063100011,-7.2240755659999536,0],[113.12751581300006,-7.2237737859999811,0],[113.12754890500003,-7.2237742519999415,0],[113.1275768700001,-7.2237845059999586,0],[113.1276160220001,-7.2238050139999359,0],[113.12765144400009,-7.2238367079999648,0],[113.1276775450001,-7.22386467299998,0],[113.12771669600011,-7.2239000949999763,0],[113.12773813600006,-7.2239233999999328,0],[113.12776423700006,-7.2239392469999757,0],[113.12780059200009,-7.2239495009999359,0],[113.12786377800001,-7.2239571969999474,0],[113.12789474100009,-7.2239420429999655,0],[113.12792643500006,-7.2239159419999623,0],[113.1279534680001,-7.2238954349999744,0],[113.12801126300008,-7.2238730619999387,0],[113.12804109300009,-7.223861875999944,0],[113.12807092200001,-7.2238413689999561,0],[113.12809702300001,-7.2238245889999462,0],[113.1281352420001,-7.2238078099999257,0],[113.12816414000008,-7.2237928959999635,0],[113.12819490100003,-7.2237779809999552,0],[113.12823218800008,-7.2237593369999331,0],[113.12825828900009,-7.2237593369999331,0],[113.12827040700006,-7.2237602689999676,0],[113.12829650800006,-7.2237695909999502,0],[113.12830023700008,-7.2237770489999775,0],[113.12831328700008,-7.2238217929999564,0],[113.12832167700003,-7.2238628079999785,0],[113.1283235410001,-7.2238982309999642,0],[113.12833379500012,-7.2239215349999313,0],[113.12834032000001,-7.2239429749999431,0],[113.12835523500007,-7.2239821269999425,0],[113.12837387800005,-7.2240091599999801,0],[113.12839904700002,-7.2240278029999558,0],[113.12845684200011,-7.2240725469999347,0],[113.12847828200006,-7.224085597999931,0],[113.12854726300009,-7.2240967839999257,0],[113.12859387100002,-7.2240995799999723,0],[113.12865632700004,-7.2240977159999602,0],[113.12872810400006,-7.2240902589999791,0],[113.1287721330001,-7.2241106479999644,0],[113.12877611100009,-7.224115893999965,0],[113.12878403500008,-7.2241214869999339,0],[113.12879382200003,-7.2241322069999683,0],[113.12880034800003,-7.2241336049999632,0],[113.12881666100009,-7.224135002999958,0],[113.1288362360001,-7.2241364009999529,0],[113.12884555800008,-7.2241377999999372,0],[113.12885721000009,-7.2241401299999666,0],[113.12888051500011,-7.2241536469999801,0],[113.12889170100004,-7.2241569089999302,0],[113.12890661500001,-7.2241569089999302,0],[113.12892386100009,-7.2241545789999577,0],[113.1289420380001,-7.2241485199999715,0],[113.1289630120001,-7.2241415279999615,0],[113.12898025700008,-7.2241354689999753,0],[113.12900402800005,-7.2241256809999754,0],[113.12904644100001,-7.2241070379999428,0],[113.12905949200001,-7.2241051739999307,0],[113.12908279600003,-7.2241028429999687,0],[113.12910749900004,-7.2241028429999687,0],[113.12912474400002,-7.2241023769999515,0],[113.12914012500005,-7.2240977159999602,0],[113.1291527090001,-7.2240949199999704,0],[113.12918580100006,-7.2240869959999259,0],[113.12920887300004,-7.2240716059999386,0],[113.12920887300004,-7.2240652069999669,0],[113.12920234700005,-7.2240549529999498,0],[113.12919815300006,-7.2240498259999413,0],[113.12919209400002,-7.2240339789999553,0],[113.12919256000009,-7.2240237249999382,0],[113.12919442400005,-7.224005080999973,0],[113.12919209400002,-7.2239938949999782,0],[113.12918650000006,-7.2239822429999663,0],[113.12918556800003,-7.2239710569999716,0],[113.12919116100011,-7.2239640659999509,0],[113.12920374600003,-7.223954277999951,0],[113.12921446600001,-7.2239477529999476,0],[113.12923264300002,-7.2239388969999254,0],[113.12923916800003,-7.2239393629999427,0],[113.12926014200002,-7.2239430919999563,0],[113.12927785300008,-7.2239514809999719,0],[113.12928111600002,-7.2239589389999423,0],[113.12928111600002,-7.2239705909999543,0],[113.12928111600002,-7.2239929629999438,0],[113.12929370000006,-7.2240125389999434,0],[113.12930488600011,-7.2240381739999293,0],[113.12931548500001,-7.2240614919999757,0],[113.12931840300007,-7.2240675369999394,0],[113.12933518200009,-7.2240796549999686,0],[113.12935662200005,-7.2240936379999425,0],[113.12939018000009,-7.2241057559999717,0],[113.12941441700002,-7.2241206709999801,0],[113.12944145000006,-7.224116009999932,0],[113.1294489070001,-7.2240917739999304,0],[113.12945356800003,-7.2240684689999739,0],[113.12946661900003,-7.2240619439999705,0],[113.12947780500008,-7.2240628759999481,0],[113.12949831200001,-7.2240638079999258,0],[113.1295140420001,-7.2240426559999378,0],[113.12951346000011,-7.2240388729999268,0],[113.12951252800008,-7.2240314149999563,0],[113.12950413800002,-7.2240043819999755,0],[113.12950134200003,-7.2239950609999255,0],[113.12948642700007,-7.2239577739999277,0],[113.12948176600003,-7.2239354009999488,0],[113.12950320600009,-7.223922350999942,0],[113.12952371400002,-7.2239195549999522,0],[113.12952837500006,-7.2239195549999522,0],[113.1295554080001,-7.2239232829999764,0],[113.12956473000008,-7.2239279439999677,0],[113.1295749840001,-7.223940994999964,0],[113.1295815090001,-7.2239615019999519,0],[113.12958989800006,-7.2239810779999516,0],[113.12959828800001,-7.2240006539999513,0],[113.12962842900004,-7.2240318049999814,0],[113.12963044800006,-7.2240373579999755,0],[113.12964256600003,-7.2240518069999666,0],[113.12965468400012,-7.2240601959999253,0],[113.12967752300005,-7.2240648569999735,0],[113.12970921700003,-7.2240723139999545,0],[113.12975023200011,-7.2240839669999559,0],[113.12978006200001,-7.2240853649999508,0],[113.12980849300004,-7.224085830999968,0],[113.12983086500003,-7.2240802379999423,0],[113.12983785600011,-7.2240625269999441,0],[113.12983506,-7.2240448149999565,0],[113.12983599200004,-7.224036425999941,0],[113.12983552600008,-7.2240233749999447,0],[113.12983785600011,-7.2240154519999464,0],[113.12983884000005,-7.2240118439999605,0],[113.12984065300009,-7.2240051979999294,0],[113.12984345000007,-7.2240019349999329,0],[113.12984624600006,-7.224000536999938,0],[113.12986116100001,-7.2240019349999329,0],[113.12986768600001,-7.2240070619999415,0],[113.12986825500002,-7.2240090529999748,0],[113.1298704830001,-7.2240168499999413,0],[113.12987199700001,-7.224026753999965,0],[113.1298740950001,-7.2240304829999786,0],[113.12987794000003,-7.2240373579999755,0],[113.12988399900007,-7.2240392219999308,0],[113.12989285500009,-7.2240401539999652,0],[113.12990497300007,-7.2240378239999359,0],[113.12991802300007,-7.2240294339999309,0],[113.12993014200003,-7.2240191809999601,0],[113.12993899700007,-7.2240135879999343,0],[113.12995391200002,-7.2240065959999811,0],[113.12996696200003,-7.2239986729999259,0],[113.12997675000008,-7.2239907489999382,0],[113.1299849720001,-7.2239691799999264,0],[113.12998467400007,-7.2239644149999549,0],[113.12998257600009,-7.2239560259999394,0],[113.12998467400007,-7.2239460049999593,0],[113.1299877030001,-7.2239404119999335,0],[113.12999725800012,-7.2239348189999646,0],[113.1300072790001,-7.2239341199999672,0],[113.13001799900007,-7.2239343529999474,0],[113.13003151500004,-7.223935517999962,0],[113.1300406040001,-7.2239350519999448,0],[113.13004666300003,-7.2239315559999682,0],[113.13005342200006,-7.2239266619999398,0],[113.1300608790001,-7.2239224679999552,0],[113.1300674040001,-7.2239206029999536,0],[113.13006973500001,-7.2239150099999279,0],[113.13007346300003,-7.2239096499999391,0],[113.13007859000004,-7.2239005619999261,0],[113.13008231900005,-7.2238963669999521,0],[113.13008931000002,-7.2238942689999703,0],[113.13009933100011,-7.2238947349999307,0],[113.13010655500011,-7.2238970659999495,0],[113.13011144900008,-7.2238986969999814,0],[113.13011564400006,-7.2239024259999383,0],[113.13011505500003,-7.2239143669999635,0],[113.13011657600009,-7.223928060999981,0],[113.13012216900006,-7.2239345859999275,0],[113.13014174500006,-7.2239392469999757,0],[113.13016318500001,-7.2239364499999397,0],[113.13018276100001,-7.2239215349999313,0],[113.13019394700007,-7.2239019599999779,0],[113.13020979400005,-7.2238945019999505,0],[113.1302209800001,-7.2238963669999521,0],[113.13022843700003,-7.2238982309999642,0],[113.13023962300008,-7.2238982309999642,0],[113.13025826700004,-7.2238814519999437,0],[113.13027224900009,-7.223870265999949,0],[113.13029503400003,-7.223840905999964,0],[113.13030021400004,-7.2238292499999375,0],[113.13031979000004,-7.2238059459999704,0],[113.13034868700004,-7.2237900989999275,0],[113.13037851700005,-7.2237770489999775,0],[113.13038783900004,-7.2237705229999278,0],[113.13041300700002,-7.2237649299999589,0],[113.13044004000005,-7.2237565409999434,0],[113.13048198800004,-7.2237509479999744,0],[113.13050995300011,-7.2237462869999263,0],[113.13053325800001,-7.2237351009999315,0],[113.13055935900002,-7.2237341689999539,0],[113.13057893400003,-7.2237434899999471,0],[113.13060317100008,-7.2237490829999729,0],[113.13063672900012,-7.2237453549999486,0],[113.13072058500006,-7.2237680129999262,0],[113.13074672500011,-7.2237835739999809,0],[113.13076164000006,-7.2237947599999757,0],[113.13078401200005,-7.2238059459999704,0],[113.13083807800001,-7.2238143349999291,0],[113.13086511100005,-7.2238040819999583,0],[113.13090892300011,-7.2237667949999604,0],[113.13092791300005,-7.2237216129999524,0],[113.13094989300009,-7.2237059919999638,0],[113.1309704470001,-7.2236670519999393,0],[113.13098722600012,-7.2236092569999641,0],[113.13097417600011,-7.2235719699999663,0],[113.13095295400001,-7.223533897999971,0],[113.13094434600009,-7.2235207009999272,0],[113.13093129600009,-7.2235104469999669,0],[113.13090985600002,-7.2234973969999601,0],[113.13088748400003,-7.2234778209999604,0],[113.13088841600006,-7.2234573129999262,0],[113.13089960200011,-7.2234433309999417,0],[113.13091917700001,-7.2234321439999576,0],[113.13093782100009,-7.2234256189999542,0],[113.13098241900002,-7.2234027929999343,0],[113.13100027600001,-7.2234013829999526,0],[113.13103476700007,-7.2234107039999458,0],[113.13105434300007,-7.2234097719999681,0],[113.1310906970001,-7.223400450999975,0],[113.13111959500009,-7.2233929929999476,0],[113.1311456950001,-7.2233780779999393,0],[113.13114476300007,-7.2233473169999343,0],[113.13114010200002,-7.2233165549999399,0],[113.13115967800002,-7.2232969789999402,0],[113.13118671100005,-7.223287657999947,0],[113.13122399800011,-7.2232578279999302,0],[113.13122679500009,-7.2232307949999495,0],[113.13122772700001,-7.2232224059999339,0],[113.13120749600012,-7.223174968999956,0],[113.13119976200005,-7.2231683389999262,0],[113.13118205000001,-7.2231655429999364,0],[113.13115035600003,-7.223159017999933,0],[113.13114010200002,-7.2231413059999454,0],[113.1311456950001,-7.2231282559999386,0],[113.13116154200009,-7.2231142729999647,0],[113.13117086400007,-7.2231105449999404,0],[113.13120535500002,-7.2231012229999578,0],[113.13122772700001,-7.2230919009999752,0],[113.1312398450001,-7.2230835119999597,0],[113.13126314900001,-7.2230676649999737,0],[113.13129018200004,-7.2230592749999687,0],[113.13129717400011,-7.2230592749999687,0],[113.13131162200011,-7.2230574109999566,0],[113.13132327400001,-7.2230583429999342,0],[113.13133539300009,-7.2230597409999291,0],[113.13135481900008,-7.2230696699999726,0],[113.13135636700008,-7.2230704609999634,0],[113.13136102700003,-7.2230751219999547,0],[113.13137268000003,-7.2230919009999752,0],[113.13137594200009,-7.2231026209999527,0],[113.13139039100008,-7.2231235949999473,0],[113.13139831400008,-7.2231310529999746,0],[113.1314071700001,-7.2231361789999369,0],[113.13142394900001,-7.223131518999935,0],[113.13143979600011,-7.2231161379999662,0],[113.13145051600009,-7.2230988929999285,0],[113.13147131900007,-7.2230672539999432,0],[113.13147475300002,-7.2230574109999566,0],[113.13148081200006,-7.2230378349999569,0],[113.13148360800005,-7.2230289799999809,0],[113.13149386200007,-7.2230149969999502,0],[113.13149992100011,-7.223008937999964,0],[113.1315143700001,-7.2230047429999331,0],[113.13154047100011,-7.2230000819999418,0],[113.13154839400011,-7.2229968199999348,0],[113.13156004600012,-7.2229926249999608,0],[113.13156237700002,-7.222993090999978,0],[113.13157729200009,-7.2229893619999643,0],[113.13158381700009,-7.222984700999973,0],[113.13158708000003,-7.2229819049999264,0],[113.13160152800003,-7.2229819049999264,0],[113.13160758700008,-7.2229865659999746,0],[113.13161737500002,-7.2229996159999814,0],[113.13161923900009,-7.2230084719999468,0],[113.13162529900001,-7.2230215219999536,0],[113.1316294930001,-7.2230261829999449,0],[113.13164114600011,-7.2230327079999483,0],[113.13165466200007,-7.2230359709999448,0],[113.13167144100009,-7.2230383009999741,0],[113.13168495800005,-7.2230392329999518,0],[113.13169800800006,-7.2230396999999584,0],[113.13171105900005,-7.2230401659999757,0],[113.13172550700006,-7.2230350389999671,0],[113.13172970200003,-7.2230308439999362,0],[113.13174042200001,-7.2230196579999415,0],[113.13174508300006,-7.2230103359999589,0],[113.13174275200004,-7.2230052089999504,0],[113.1317301680001,-7.2229916929999263,0],[113.1317236430001,-7.2229828369999609,0],[113.13172271100007,-7.2229753799999799,0],[113.13172457500002,-7.2229646599999455,0],[113.13172783800007,-7.222947880999925,0],[113.1317250410001,-7.2229338979999511,0],[113.13171944800001,-7.2229245759999685,0],[113.13171245700005,-7.2229110599999444,0],[113.13171012600003,-7.2228998739999497,0],[113.13171618500007,-7.2228830939999398,0],[113.13172550700006,-7.2228751709999415,0],[113.13173576100007,-7.2228653829999416,0],[113.13173995600005,-7.2228602559999331,0],[113.13175067600002,-7.2228569939999261,0],[113.13175859900002,-7.2228574599999433,0],[113.1317707180001,-7.2228635189999295,0],[113.13177584500011,-7.2228723739999623,0],[113.13177537800004,-7.2228868229999534,0],[113.13177211600009,-7.2228947469999412,0],[113.13176279400011,-7.2229045339999516,0],[113.13175440500004,-7.2229096609999601,0],[113.13174275200004,-7.2229189829999427,0],[113.13175067600002,-7.2229343639999684,0],[113.13175487100011,-7.2229408889999718,0],[113.13176652300001,-7.2229530069999441,0],[113.13176931900011,-7.222959532999937,0],[113.13177631100007,-7.2229833029999782,0],[113.13178050500005,-7.2229879639999695,0],[113.1317837680001,-7.2229916929999263,0],[113.13179728500006,-7.2230000819999418,0],[113.13180567400002,-7.2230033449999382,0],[113.13181639400011,-7.2230042769999727,0],[113.1318387660001,-7.2230075399999691,0],[113.13184622400001,-7.2230075399999691,0],[113.13190262000001,-7.2229874979999522,0],[113.13190262000001,-7.222987031999935,0],[113.13191240800006,-7.2229833029999782,0],[113.13192918700008,-7.2229777099999524,0],[113.13193664400001,-7.2229744469999559,0],[113.13194643200006,-7.2229669899999749,0],[113.13196600800006,-7.222959532999937,0],[113.13197579600001,-7.2229558039999802,0],[113.13198465100004,-7.2229553379999629,0],[113.13199164300011,-7.2229492789999767,0],[113.13199071000008,-7.2229399569999373,0],[113.13198838000005,-7.2229283049999253,0],[113.13198278700008,-7.2229152539999291,0],[113.13198278700008,-7.2229050009999582,0],[113.1319865160001,-7.2228966109999533,0],[113.13199630400004,-7.2228980089999482,0],[113.13200236300008,-7.2228980089999482,0],[113.13201587900005,-7.2229008059999273,0],[113.13201821000007,-7.2229054669999755,0],[113.13201727700005,-7.2229203809999376,0],[113.13201727700005,-7.2229324999999562,0],[113.1320205400001,-7.2229516089999493,0],[113.13202473500007,-7.2229562699999406,0],[113.13204337800005,-7.2229637269999785,0],[113.13206295400005,-7.22296559199998,0],[113.13211096100008,-7.2229665239999576,0],[113.13212074900002,-7.222962794999944,0],[113.13212447700005,-7.2229618629999663,0],[113.13214405300005,-7.2229492789999767,0],[113.13215477300002,-7.2229371609999475,0],[113.13216595900008,-7.222923643999934,0],[113.13218087400003,-7.2229073309999308,0],[113.13219206000008,-7.2228947469999412,0],[113.13220511000009,-7.2228737729999466,0],[113.13222888100006,-7.2228122489999578,0],[113.13225032100001,-7.222809452999968,0],[113.13225171900001,-7.2227917409999804,0],[113.13227222700004,-7.2227922079999303,0],[113.13227362500004,-7.2227931399999648,0],[113.13227455700007,-7.2228043259999595,0],[113.13227455700007,-7.222815045999937,0],[113.132272693,-7.2228280959999438,0],[113.13226803200007,-7.2228448749999643,0],[113.13226476900002,-7.2228551289999814,0],[113.13226197300003,-7.2228607219999503,0],[113.13225824400001,-7.2228751709999415,0],[113.1322559140001,-7.2228905519999671,0],[113.13225638000006,-7.2229008059999273,0],[113.13225731200009,-7.2229166529999702,0],[113.13225638000006,-7.2229306349999547,0],[113.13225824400001,-7.222943685999951,0],[113.13226197300003,-7.2229585999999699,0],[113.13226570200004,-7.2229716509999662,0],[113.13227129500001,-7.2229893619999643,0],[113.13227362500004,-7.2230000819999418,0],[113.13227921800001,-7.2230261829999449,0],[113.13228653600004,-7.2230503499999372,0],[113.13228574300001,-7.2230657999999721,0],[113.1322885400001,-7.2230779189999339,0],[113.13229692900006,-7.2230863079999494,0],[113.13231324200001,-7.2230886389999682,0],[113.13233002200002,-7.2230872399999271,0],[113.13234726700011,-7.2230774529999735,0],[113.13237616400011,-7.2230676649999737,0],[113.13239107900006,-7.2230541479999602,0],[113.13239308100003,-7.2230481409999356,0],[113.13239340900009,-7.2230471569999395,0],[113.13239247700005,-7.2230345729999499,0],[113.13238828200008,-7.2230261829999449,0],[113.13238268900011,-7.223006140999928,0],[113.13238268900011,-7.2229963539999744,0],[113.132387816,-7.2229916929999263,0],[113.13240646000008,-7.2229809729999488,0],[113.13242603500009,-7.2229753799999799,0],[113.13243302700005,-7.2229739809999387,0],[113.13244794100001,-7.2229791079999472,0],[113.13245912800005,-7.2229856339999401,0],[113.13247683900011,-7.2230047429999331,0],[113.13249268600009,-7.2230140649999726,0],[113.13251086300011,-7.2230219879999709,0],[113.13253230300006,-7.2230229199999485,0],[113.13254628600009,-7.223028046999957,0],[113.13257431700004,-7.2230443829999444,0],[113.13258217400005,-7.2230378349999569,0],[113.13258776700002,-7.223033639999926,0],[113.13260175000005,-7.22302478499995,0],[113.13261060600007,-7.2230187259999639,0],[113.13262412200004,-7.2230047429999331,0],[113.1326325120001,-7.222990293999942,0],[113.13263577400005,-7.2229721169999266,0],[113.13263297800006,-7.2229525409999269,0],[113.13263437600006,-7.2229385589999424,0],[113.13263111300012,-7.2229180509999651,0],[113.13261107200003,-7.2228532649999693,0],[113.13261200400007,-7.222852798999952,0],[113.13260780900009,-7.2228425449999349,0],[113.13259755500007,-7.2228225029999749,0],[113.13258730100006,-7.222806655999932,0],[113.13257984400002,-7.2227912749999632,0],[113.13257005600008,-7.222779156999934,0],[113.13255980200006,-7.2227684369999565,0],[113.13254908200008,-7.2227553869999497,0],[113.13254115900008,-7.22273581099995,0],[113.132542091,-7.2227232269999604,0],[113.13254908200008,-7.2227059819999795,0],[113.13254861600001,-7.2226896689999762,0],[113.132542091,-7.2226714909999714,0],[113.1325332350001,-7.2226607709999371,0],[113.13251692200004,-7.2226439919999734,0],[113.13252717600005,-7.2226332719999391,0],[113.13259755500007,-7.2226370009999528,0],[113.13260967400004,-7.222613229999979,0],[113.13263437600006,-7.222613229999979,0],[113.13262272400004,-7.2227619119999531,0],[113.1327070860001,-7.2227642419999256,0],[113.13271081400001,-7.2227735639999651,0],[113.13271780600007,-7.2227912749999632,0],[113.13271873800011,-7.2227922079999303,0],[113.13272899200001,-7.2228089869999508,0],[113.13273178800011,-7.2228122489999578,0],[113.13274437300004,-7.2228318249999575,0],[113.1327476350001,-7.2228425449999349,0],[113.13275136400011,-7.2228579259999606,0],[113.13275369400003,-7.2228672479999432,0],[113.13275509300001,-7.2228807639999673,0],[113.13276115200006,-7.2229045339999516,0],[113.13276115200006,-7.2229082629999652,0],[113.13275882100004,-7.2229227119999564,0],[113.13275788900012,-7.2229338979999511,0],[113.13275555900009,-7.2229464819999407,0],[113.13275555900009,-7.2229576679999354,0],[113.1327606860001,-7.2229693199999474,0],[113.13276255000005,-7.2229800399999249,0],[113.13276348200009,-7.2230094039999813,0],[113.13276544200005,-7.2230404199999612,0],[113.13277024000001,-7.2230532159999257,0],[113.13278235900009,-7.2230751219999547,0],[113.13279261200012,-7.2230863079999494,0],[113.13280892600005,-7.2230928329999529,0],[113.13281778100009,-7.223088172999951,0],[113.13282057800006,-7.223079782999946,0],[113.13282197600006,-7.2230699949999462,0],[113.13283036600001,-7.2230669659999762,0],[113.13284201800002,-7.2230676649999737,0],[113.13285133900001,-7.2230774529999735,0],[113.13286066100011,-7.2230979599999614,0],[113.13285833100008,-7.2231138069999474,0],[113.13285180500009,-7.2231245269999249,0],[113.13283922100004,-7.2231408399999282,0],[113.13283036600001,-7.2231585519999726,0],[113.13285040700009,-7.2231832539999345,0],[113.13287790600009,-7.2231837199999518,0],[113.1329026090001,-7.2231762629999707,0],[113.13292964200002,-7.2231618139999796,0],[113.13294735300008,-7.2231496959999504,0],[113.13297531800004,-7.2231245269999249,0],[113.13300188500011,-7.2231054179999319,0],[113.1330163340001,-7.2230909689999407,0],[113.13303824000002,-7.2230718599999477,0],[113.13305828200009,-7.2230597409999291,0],[113.13307273100008,-7.2230513519999704,0],[113.13309976400001,-7.223044826999967,0],[113.13311467800008,-7.2230466909999791,0],[113.13312959300004,-7.2230499529999292,0],[113.13314264400003,-7.2230499529999292,0],[113.13315149900006,-7.2230494869999688,0],[113.13316594800006,-7.223044826999967,0],[113.13317713400011,-7.2230434279999258,0],[113.13320043800002,-7.2230555469999445,0],[113.13320649700006,-7.2230560129999617,0],[113.13321348900001,-7.2230578769999738,0],[113.13321861600002,-7.22306393599996,0],[113.13322048000009,-7.2230690629999685,0],[113.13322327700007,-7.2230760539999324,0],[113.13322700500009,-7.2230802489999633,0],[113.13324238600001,-7.2230932999999595,0],[113.13325357200006,-7.2230979599999614,0],[113.13327175000006,-7.2230923669999356,0],[113.13327734300003,-7.2230867739999667,0],[113.13327687600008,-7.2230774529999735,0],[113.13326895300008,-7.2230657999999721,0],[113.1332531060001,-7.2230541479999602,0],[113.13324397200006,-7.2230436079999549,0],[113.13324098800001,-7.2230401659999757,0],[113.13323399700005,-7.2230299119999586,0],[113.13322514100003,-7.2230182599999466,0],[113.13322187800009,-7.2230098699999417,0],[113.1332190820001,-7.2229968199999348,0],[113.13322374300003,-7.2229730489999611,0],[113.13323166600003,-7.2229609309999319,0],[113.13324052200005,-7.2229502109999544,0],[113.13325497000005,-7.222946947999958,0],[113.13325730100007,-7.2229516089999493,0],[113.13326009700006,-7.2229558039999802,0],[113.13326755500009,-7.2229711849999489,0],[113.1332806050001,-7.2229916929999263,0],[113.13329691800004,-7.2230243189999328,0],[113.13331358800008,-7.2230573479999407,0],[113.1333262820001,-7.2230685969999513,0],[113.13334026400003,-7.2230788509999684,0],[113.13336170400009,-7.2230835119999597,0],[113.13338034800006,-7.2230909689999407,0],[113.13339712700008,-7.2230984259999786,0],[113.13342136300002,-7.2230919009999752,0],[113.13343814200005,-7.2230769859999668,0],[113.13344951700003,-7.2230647359999693,0],[113.13345026100001,-7.22306393599996,0],[113.13345398900003,-7.2230546139999774,0],[113.13346983600002,-7.2230350389999671,0],[113.13346983600002,-7.2230341069999326,0],[113.13348754800006,-7.22302478499995,0],[113.13349966600003,-7.2230313099999535,0],[113.13350246200002,-7.2230341069999326,0],[113.13350525900012,-7.2230443599999603,0],[113.13350525900012,-7.2230611399999702,0],[113.13350586400009,-7.2230677979999314,0],[113.13350619100004,-7.2230713929999411,0],[113.13350712300007,-7.223088172999951,0],[113.13350712300007,-7.2230993589999457,0],[113.13350992000005,-7.2231049519999715,0],[113.1335145810001,-7.2231086799999389,0],[113.13351924200003,-7.2231124089999525,0],[113.13353788500001,-7.2231161379999662,0],[113.1335500030001,-7.2231142729999647,0],[113.13357330800011,-7.2231068159999268,0],[113.13358915400011,-7.2231002909999802,0],[113.13360546700005,-7.2230732119999743,0],[113.13363296700004,-7.2230657999999721,0],[113.13364788100012,-7.2230592749999687,0],[113.13366093200011,-7.2230508859999532,0],[113.13368237200007,-7.2230285129999743,0],[113.13370474400006,-7.2229884299999298,0],[113.13372618400001,-7.2229576679999354,0],[113.13375042000007,-7.22291944899996,0],[113.13377186000002,-7.2228970769999705,0],[113.13381660500011,-7.222888687999955,0],[113.13395549900008,-7.2229082629999652,0],[113.13401169500003,-7.2228356999999619,0],[113.13406491600006,-7.2228542329999641,0],[113.13414225700001,-7.2228726909999637,0],[113.13425445300004,-7.2228900469999644,0],[113.13432592800007,-7.2229435339999668,0],[113.13442705200009,-7.2230518279999387,0],[113.13448820800011,-7.2230799849999698,0],[113.13452660900009,-7.2230976649999548,0],[113.13451480200001,-7.2231795259999672,0],[113.13467700100011,-7.2232102869999721,0],[113.1346918910001,-7.2231410069999811,0],[113.13470216900009,-7.2230984259999786,0],[113.13475343900006,-7.2230891049999286,0],[113.13483080900005,-7.2230937659999768,0],[113.1349491950001,-7.2231096129999628,0],[113.1351048680001,-7.2231310529999746,0],[113.13509419100001,-7.2231796159999249,0],[113.13500978600007,-7.2233752819999495,0],[113.13540689200011,-7.2235244299999408,0],[113.13547121200008,-7.2231543569999417,0],[113.13561690600011,-7.2231779079999683,0],[113.13576919200011,-7.2232032889999687,0],[113.13587824100011,-7.2232422339999403,0],[113.13585643300007,-7.2233365969999568,0],[113.13595524300001,-7.2233603669999411,0],[113.13601164000011,-7.2233664259999273,0],[113.13602981700001,-7.2233011739999711,0],[113.13603820700007,-7.2233016399999315,0],[113.13605685000005,-7.2233049029999279,0],[113.13609320500007,-7.2233081649999349,0],[113.13618036300011,-7.2233160889999795,0],[113.13620180300006,-7.2233207499999708,0],[113.13622650600007,-7.2233296049999467,0],[113.13624981000009,-7.2233375289999344,0],[113.13627777500005,-7.2233407919999308,0],[113.1363020120001,-7.2233440539999378,0],[113.13632205300007,-7.2233510449999585,0],[113.13634489200001,-7.2233519779999256,0],[113.13636400100006,-7.22334591799995,0],[113.13641480500007,-7.2233379949999517,0],[113.13648684200007,-7.2233141769999634,0],[113.13652522300004,-7.2233129619999659,0],[113.13651105100007,-7.2234400679999453,0],[113.13661592100004,-7.2234489239999675,0],[113.13661172600007,-7.2234782869999776,0],[113.13664202200005,-7.2234862109999654,0],[113.13664808100009,-7.223459643999945,0],[113.13673896800003,-7.2234768889999259,0],[113.13673943400011,-7.2234680329999605,0],[113.13680748200011,-7.223474557999964,0],[113.13682607600003,-7.2234497779999742,0],[113.13688595200006,-7.2234539249999443,0],[113.13691561500002,-7.223413500999925,0],[113.13698300600004,-7.2234098089999748,0],[113.13699018800003,-7.2233864679999442,0],[113.13702347100002,-7.2233914159999699,0],[113.13717881700006,-7.2234145119999766,0],[113.13717196200002,-7.2234535839999694,0],[113.13739173900001,-7.22349496399994,0],[113.13741560400001,-7.2235043269999437,0],[113.1374534790001,-7.2235048539999411,0],[113.13772194400008,-7.2236017999999262,0],[113.13785338100001,-7.2236502729999756,0],[113.13784383400002,-7.2236687459999303,0],[113.13778160300001,-7.2237891669999499,0],[113.13791397200009,-7.223846028999958,0],[113.13795498800005,-7.2238572149999527,0],[113.1380052080001,-7.2238863089999654,0],[113.13806406600008,-7.223982001999957,0],[113.13815058600005,-7.2240698519999569,0],[113.13823578100005,-7.2241159329999505,0],[113.13833425500002,-7.2241406899999561,0],[113.13841707900008,-7.2241435779999392,0],[113.13842690000001,-7.2241361679999727,0],[113.13843622200011,-7.2241263799999729,0],[113.13843529000007,-7.2241161269999452,0],[113.13843715400003,-7.2241040079999266,0],[113.13844740800005,-7.2240904919999593,0],[113.13846931400008,-7.2240821019999544,0],[113.13850473700006,-7.2240699839999252,0],[113.13853130400003,-7.2240690519999475,0],[113.13855041300008,-7.2240699839999252,0],[113.13857791200007,-7.2240704499999424,0],[113.13862032600002,-7.2240620609999269,0],[113.13867392600002,-7.2240629929999614,0],[113.13876667800002,-7.2240713819999769,0],[113.13878578700007,-7.2240760429999682,0],[113.13881887900004,-7.2240732469999784,0],[113.13891955400004,-7.2240862969999284,0],[113.13892684300004,-7.2240905849999422,0],[113.13893540100003,-7.2240956189999679,0],[113.13895590900006,-7.2241049399999611,0],[113.13896429800002,-7.2241137959999264,0],[113.13897362000012,-7.2241287109999348,0],[113.13898154300011,-7.2241417609999417,0],[113.13898201000006,-7.2241576079999277,0],[113.13898201000006,-7.2241636669999707,0],[113.138980145,-7.2241855729999429,0],[113.13897455200004,-7.22419582699996,0],[113.13896243400006,-7.2242112079999288,0],[113.13895357800004,-7.2242177329999322,0],[113.13893633300006,-7.2242126059999805,0],[113.13893143900009,-7.2242119069999262,0],[113.13892654500012,-7.2242114409999658,0],[113.13892188400007,-7.2242140049999648,0],[113.13892141800011,-7.2242163349999373,0],[113.13892258300007,-7.2242202969999312,0],[113.13892794300011,-7.2242228599999407,0],[113.13893377000011,-7.2242286859999467,0],[113.13893959600011,-7.2242321819999802,0],[113.13894425600006,-7.2242380079999293,0],[113.13894518900008,-7.2242459319999739,0],[113.13894029500011,-7.2242517579999799,0],[113.13892654500012,-7.2242517579999799,0],[113.13891442700003,-7.2242582829999265,0],[113.13891186300009,-7.2242629439999746,0],[113.13890953300006,-7.2242666729999314,0],[113.1389090670001,-7.2242722659999572,0],[113.13890999900002,-7.2242806549999727,0],[113.13891489300011,-7.2242843839999296,0],[113.13893260400005,-7.2242927729999451,0],[113.13897595000003,-7.2242932389999623,0],[113.13898620400005,-7.2242918409999675,0],[113.13900158500007,-7.2242923069999279,0],[113.13905052400003,-7.2243072219999362,0],[113.13907569300011,-7.2243039589999398,0],[113.13908734500001,-7.224312814999962,0],[113.13910692100001,-7.224312814999962,0],[113.13913022500003,-7.2243011629999501,0],[113.13916844400001,-7.2243062899999586,0],[113.13918056200009,-7.2243160779999585,0],[113.13919454500001,-7.2243216709999274,0],[113.13921272200002,-7.2243309919999774,0],[113.13921971400009,-7.2243435769999564,0],[113.13921505300004,-7.2243542969999339,0],[113.13921225600006,-7.2243682789999752,0],[113.13923556100008,-7.2243757369999457,0],[113.1392602630001,-7.2243841259999613,0],[113.13927424600001,-7.224411158999942,0],[113.13933270900009,-7.2244412749999469,0],[113.13933856600011,-7.2244465819999277,0],[113.13935068400008,-7.2244549719999327,0],[113.13937585300005,-7.2244633609999482,0],[113.13939030100005,-7.2244614969999361,0],[113.13942852000002,-7.2244614969999361,0],[113.1395086870001,-7.2245006479999461,0],[113.13957393900012,-7.2245174269999666,0],[113.13963173400009,-7.2245248849999371,0],[113.13972308700011,-7.2245342059999302,0],[113.13986850600008,-7.2246497959999374,0],[113.13992630100006,-7.2247094549999815,0],[113.13999714600004,-7.2246908109999595,0],[113.14008290600009,-7.2246236949999343,0],[113.14008849900006,-7.2245901369999501,0],[113.14019667100001,-7.2244327719999433,0],[113.14022459600005,-7.2243813299999715,0],[113.14024510400009,-7.2243626859999495,0],[113.1402560140001,-7.2243607609999572,0],[113.14027679800006,-7.2243570929999805,0],[113.14031781400001,-7.224364550999951,0],[113.14035882900009,-7.2243757369999457,0],[113.14041301800012,-7.2244306429999483,0],[113.14043526800003,-7.2244521749999535,0],[113.14045111400003,-7.2244670899999619,0],[113.1404921300001,-7.2244922579999411,0],[113.14052662100005,-7.2245015799999805,0],[113.14055272100006,-7.2244978509999669,0],[113.14055755700008,-7.2244970449999641,0],[113.14056950000008,-7.2244950549999771,0],[113.14058907600008,-7.2244885299999737,0],[113.14061704100004,-7.224474546999943,0],[113.14063195600011,-7.2244624289999706,0],[113.14068991700003,-7.2244279179999467,0],[113.14093738100007,-7.224364464999951,0],[113.14100296100003,-7.2243421789999616,0],[113.14105795900002,-7.2243412459999377,0],[113.14110922900011,-7.22434031399996,0],[113.14118287000008,-7.224348703999965,0],[113.14128540900003,-7.2243580259999476,0],[113.14161912800012,-7.2243496359999426,0],[113.14162583400002,-7.2243894259999593,0],[113.14162285600003,-7.2244204809999815,0],[113.14179996900009,-7.2244120919999659,0],[113.14180465900006,-7.2243843409999613,0],[113.14181115500003,-7.224345906999929,0],[113.14199703400004,-7.2243422579999788,0],[113.14217152800006,-7.2243200489999708,0],[113.14236188500001,-7.2243232209999633,0],[113.14248232000011,-7.2243291279999653,0],[113.14253739800006,-7.2243306169999641,0],[113.1425857910001,-7.2243319249999445,0],[113.1426799410001,-7.2243449749999513,0],[113.14292137300004,-7.2243533649999563,0],[113.14297823600009,-7.2243542969999339,0],[113.14305281000009,-7.2243570929999805,0],[113.14318704300001,-7.2243496359999426,0],[113.14333619100012,-7.2243207389999498,0],[113.14362609600005,-7.2242666729999314,0],[113.14377617600007,-7.2242452329999765,0],[113.14382763200001,-7.2242153529999769,0],[113.14386799500005,-7.224208411999939,0],[113.14390714700005,-7.2242279869999493,0],[113.14391280300003,-7.2242354019999766,0],[113.14392812100004,-7.2242554859999473,0],[113.14402290100008,-7.2242613199999255,0],[113.14403602000004,-7.2242621279999639,0],[113.14403586000003,-7.224264370999947,0],[113.14403508700002,-7.2242751789999602,0],[113.14403462100006,-7.2242854329999773,0],[113.14403229100003,-7.2242919579999807,0],[113.14402576600003,-7.2243036099999358,0],[113.14401877400007,-7.2243096689999788,0],[113.14400386000011,-7.2243245839999304,0],[113.1440066560001,-7.2243306429999734,0],[113.14401038500012,-7.2243353039999647,0],[113.14402157100005,-7.2243427609999458,0],[113.14403555300009,-7.2243483539999716,0],[113.14405000200009,-7.2243506849999335,0],[113.14410546600004,-7.2243781839999315,0],[113.14411618600002,-7.2243861069999298,0],[113.14412411000001,-7.2243944969999347,0],[113.14414368600001,-7.2244136059999278,0],[113.14416605800011,-7.2244154709999293,0],[113.14418749800006,-7.2244075469999416,0],[113.14420148000011,-7.2243935649999571,0],[113.14421126800005,-7.2243777179999711,0],[113.14421359900007,-7.2243604719999439,0],[113.14421126800005,-7.224343226999963,0],[113.14420893800002,-7.2243343719999302,0],[113.14419775200008,-7.2243231859999355,0],[113.14418749800006,-7.2243171259999599,0],[113.14417771000001,-7.2243087369999444,0],[113.1441674560001,-7.2243008129999566,0],[113.14416559200004,-7.2242849659999706,0],[113.14416585200001,-7.2242817109999464,0],[113.14416652400007,-7.2242733139999586,0],[113.144171185,-7.2242691189999277,0],[113.14418143900002,-7.2242700519999516,0],[113.14419827600011,-7.2242743049999376,0],[113.14420759800009,-7.2242687119999687,0],[113.14421785200011,-7.2242547289999379,0],[113.14423929200007,-7.2242454069999553,0],[113.14425141000004,-7.2242388819999519,0],[113.14426725700002,-7.2242351529999382,0],[113.14427751100004,-7.2242360859999621,0],[113.14430361200004,-7.2242370179999398,0],[113.1443213230001,-7.2242351529999382,0],[113.14435954200007,-7.2242314249999708,0],[113.14441454000007,-7.2242174419999401,0],[113.14451987600012,-7.2242165099999625,0],[113.14451737200011,-7.2242549429999485,0],[113.14451125300002,-7.2243488789999333,0],[113.14452243900007,-7.2243640259999324,0],[113.1447326440001,-7.2243523739999773,0],[113.14473100600003,-7.2243479279999292,0],[113.14472938200004,-7.2243435189999445,0],[113.14479836200007,-7.2243379259999756,0],[113.14479696400008,-7.2243453829999567,0],[113.14480772800005,-7.2243457969999554,0],[113.1448333190001,-7.2243467809999515,0],[113.14483471700009,-7.2243486459999531,0],[113.14483937800003,-7.2243640259999324,0],[113.14484077600002,-7.2243863989999682,0],[113.14483937800003,-7.2244050419999439,0],[113.1448283090001,-7.2244402319999494,0],[113.1448283090001,-7.2244404649999296,0],[113.14482190000001,-7.2244504849999771,0],[113.14481700600004,-7.2244556119999288,0],[113.14481024800011,-7.2244645849999642,0],[113.14480500400009,-7.2244698279999398,0],[113.14479917800008,-7.2244748379999351,0],[113.14479102200005,-7.2244805479999741,0],[113.14478158300005,-7.2244894039999394,0],[113.1447797190001,-7.224494530999948,0],[113.1447862440001,-7.2245071149999376,0],[113.14479230300003,-7.2245187669999495,0],[113.14480815000002,-7.2245360119999305,0],[113.14480954900012,-7.2245471979999252,0],[113.1448123450001,-7.224552790999951,0],[113.14484031000006,-7.2245737649999455,0],[113.14485522500001,-7.2245816889999332,0],[113.14486780900006,-7.2245863499999814,0],[113.14487666500008,-7.224607323999976,0],[113.1448869190001,-7.2246110519999434,0],[113.14490882500002,-7.2246054589999744,0],[113.14493212900004,-7.2245980019999365,0],[113.14494145100002,-7.2245877479999763,0],[113.14494378100005,-7.224571434999973,0],[113.14494657800003,-7.2245518589999733,0],[113.14494890800006,-7.2245509269999388,0],[113.14497081500008,-7.2245509269999388,0],[113.14498899200009,-7.2245509269999388,0],[113.1450020420001,-7.2245425379999801,0],[113.14500763500007,-7.2245299529999443,0],[113.14500623700008,-7.2245080469999721,0],[113.14500996600009,-7.2244903359999739,0],[113.14502068600007,-7.2244782179999447,0],[113.14503606700009,-7.2244744889999311,0],[113.14504678700007,-7.2244847429999481,0],[113.14505238000004,-7.2245327499999803,0],[113.14505331200007,-7.2245369449999544,0],[113.14505051500009,-7.2245593169999438,0],[113.14505517600003,-7.2245751639999298,0],[113.14506030300004,-7.2245830869999281,0],[113.14506822700002,-7.2245891459999712,0],[113.14507987900004,-7.2245938069999625,0],[113.14508593800008,-7.2245868159999418,0],[113.14508733600007,-7.2245728329999679,0],[113.14509059900001,-7.2245555879999301,0],[113.1450947940001,-7.2245467319999648,0],[113.14510551400008,-7.2245453339999699,0],[113.1451106400001,-7.2245481309999491,0],[113.14511390300004,-7.2245546559999525,0],[113.14511996200008,-7.2245723669999506,0],[113.14511623400006,-7.2245891459999712,0],[113.14511390300004,-7.2246101199999657,0],[113.14512089400012,-7.2246189759999311,0],[113.145146995,-7.2246222379999381,0],[113.14515352000001,-7.2246245689999569,0],[113.14516470700005,-7.2246259669999517,0],[113.14518288400006,-7.2246301619999258,0],[113.14519919700001,-7.2246245689999569,0],[113.14521178100006,-7.224626432999969,0],[113.14521318000004,-7.2246063909999521,0],[113.14521644200011,-7.2245993999999314,0],[113.14522017100001,-7.2245868159999418,0],[113.14522390000002,-7.224568637999937,0],[113.14521504400011,-7.2245485969999663,0],[113.14519640000003,-7.2245271569999545,0],[113.14517449400012,-7.2245113099999685,0],[113.14515119000009,-7.2245033859999808,0],[113.14512975000002,-7.2244898699999567,0],[113.1451222930001,-7.2244749549999483,0],[113.14511530100003,-7.2244563119999725,0],[113.14511996200008,-7.2244465239999727,0],[113.14514419900001,-7.2244358039999383,0],[113.14516144400011,-7.224431142999947,0],[113.14517496000008,-7.2244302109999694,0],[113.14519080700006,-7.224431142999947,0],[113.14520385800006,-7.22442088899993,0],[113.14521271300009,-7.2244031779999318,0],[113.14521411200008,-7.2243896609999751,0],[113.14522902600004,-7.2243840679999494,0],[113.14525466100008,-7.2243808049999529,0],[113.1452649150001,-7.22439105899997,0],[113.14527190600006,-7.2243999149999354,0],[113.14528961800011,-7.2244292789999349,0],[113.14528961800011,-7.2244316089999643,0],[113.14528821900001,-7.2244432609999762,0],[113.14527656700011,-7.2244614379999348,0],[113.14527050800007,-7.2244716919999519,0],[113.1452714400001,-7.2244772849999777,0],[113.14527423700008,-7.2244847429999481,0],[113.14528355900006,-7.2244884709999724,0],[113.14530406600011,-7.2244838109999705,0],[113.14530593100005,-7.2244712259999346,0],[113.14531525300004,-7.2244535149999365,0],[113.14532224400011,-7.2244297449999522,0],[113.14532364200011,-7.2244204229999696,0],[113.14533622600004,-7.2244143639999265,0],[113.14534042100001,-7.2244143639999265,0],[113.14534787900004,-7.2244232189999593,0],[113.14535160700007,-7.2244367359999728,0],[113.14535300600005,-7.2244446589999711,0],[113.14535720000003,-7.2244637689999536,0],[113.14536139500001,-7.224481945999969,0],[113.14536372600003,-7.2245033859999808,0],[113.14536745400005,-7.2245374109999716,0],[113.1453721150001,-7.2245555879999301,0],[113.14537258100006,-7.2245681719999766,0],[113.14537025100003,-7.2245840189999626,0],[113.14537444600001,-7.2245886799999539,0],[113.14538796200009,-7.2245849509999402,0],[113.14540847000001,-7.2245742309999628,0],[113.14542431700011,-7.2245719009999334,0],[113.14544086500007,-7.2245763389999524,0],[113.14545088400007,-7.2245835529999454,0],[113.14545740900007,-7.2245966039999416,0],[113.14545694300011,-7.2246096539999485,0],[113.14543923200006,-7.2246227039999553,0],[113.1454257150001,-7.2246324919999552,0],[113.1454257150001,-7.2246413479999774,0],[113.14543969800002,-7.2246553309999513,0],[113.14546253600008,-7.2246529999999325,0],[113.14549003500008,-7.2246390169999586,0],[113.14550541600011,-7.224626432999969,0],[113.14552172900005,-7.2246040609999795,0],[113.14551893200007,-7.2245882139999367,0],[113.14551240700007,-7.2245723669999506,0],[113.14547713700006,-7.2245555739999645,0],[113.14547372200002,-7.2245406729999786,0],[113.14547651800001,-7.2245192329999668,0],[113.14548630600007,-7.2244959289999429,0],[113.14549143300007,-7.224481945999969,0],[113.14550495000003,-7.2244614379999348,0],[113.14550588200007,-7.2244180919999508,0],[113.14551100900007,-7.2243891949999579,0],[113.1455068140001,-7.224353305999955,0],[113.14551054300011,-7.2243393239999705,0],[113.14552219500001,-7.2243239429999448,0],[113.14553664400012,-7.2243085619999761,0],[113.14558604900003,-7.2242675459999646,0],[113.1457160870001,-7.2242558939999526,0],[113.14573426400011,-7.2242558939999526,0],[113.14581909200001,-7.2242470389999767,0],[113.14582888000007,-7.2242801309999436,0],[113.14589518100001,-7.2242725569999493,0],[113.14596066600006,-7.2242692939999529,0],[113.14596499300001,-7.2242351119999739,0],[113.14596532700011,-7.2242324729999723,0],[113.14600587600012,-7.2242304929999364,0],[113.14600642500011,-7.2242320099999802,0],[113.14600785700009,-7.2242359689999489,0],[113.14601065400007,-7.2242522819999522,0],[113.14604328000007,-7.2242569429999435,0],[113.14608429500004,-7.2242588069999556,0],[113.1461737840001,-7.2242494859999624,0],[113.14623903600011,-7.2242494859999624,0],[113.14625395100006,-7.2242513499999745,0],[113.14627912000003,-7.2242699929999503,0],[113.14629776300001,-7.224281178999945,0],[113.14634716800003,-7.2243007549999447,0],[113.14639377700007,-7.2242942299999413,0],[113.14643479300003,-7.2242867729999602,0],[113.14648140100007,-7.2242755859999761,0],[113.14651495900011,-7.2242597399999795,0],[113.14653639900007,-7.224234570999954,0],[113.14656063600012,-7.224210333999963,0],[113.14661404300011,-7.2241865169999642,0],[113.14670325800012,-7.2241926229999649,0],[113.14671397800009,-7.2241683869999633,0],[113.14672563100009,-7.2241427519999775,0],[113.14673914700006,-7.2241227099999605,0],[113.14674306100005,-7.2241184699999508,0],[113.14675592600008,-7.2241045329999451,0],[113.1467792310001,-7.2240924139999265,0],[113.14679880600011,-7.2240914819999489,0],[113.14682047500003,-7.2241086169999562,0],[113.14681605100009,-7.2241558019999275,0],[113.14682444100004,-7.2241581329999462,0],[113.14685100800011,-7.224163725999972,0],[113.1468994810001,-7.2241674539999394,0],[113.14696566500004,-7.2241679199999567,0],[113.14699156300003,-7.2241576359999726,0],[113.14699735900001,-7.2241553359999671,0],[113.14701553600003,-7.2241520729999706,0],[113.14704117100007,-7.2241525399999773,0],[113.14707193300001,-7.2241525399999773,0],[113.14711584600002,-7.2241625139999428,0],[113.14711248200001,-7.2242047409999373,0],[113.1471963780001,-7.2242089359999682,0],[113.14719451400003,-7.2241730469999652,0],[113.14724205500011,-7.2241721149999307,0],[113.14724718100001,-7.2241940209999598,0],[113.14726396100002,-7.2241926229999649,0],[113.1472984510001,-7.2241898269999751,0],[113.14737628700004,-7.2241865639999787,0],[113.14743687900011,-7.2241954199999441,0],[113.14751098600004,-7.2242024109999647,0],[113.14756412000008,-7.2241930889999253,0],[113.14756259000001,-7.2241418359999443,0],[113.14756213800001,-7.2241266829999518,0],[113.14756132400009,-7.2240994059999366,0],[113.14757064600008,-7.2240910159999316,0],[113.14759301800007,-7.2240812279999318,0],[113.14761072900001,-7.2240733049999335,0],[113.1476410250001,-7.2240714409999782,0],[113.14768390500001,-7.224078431999942,0],[113.14769195300005,-7.2241178089999494,0],[113.14769695500001,-7.2241422859999602,0],[113.1478293240001,-7.2241338959999553,0],[113.14782512900001,-7.2240332209999565,0],[113.14785609100011,-7.2239571969999474,0],[113.14791074300001,-7.2239544259999775,0],[113.14816610800005,-7.2239414739999575,0],[113.14860852100003,-7.2238854839999362,0],[113.14867323700003,-7.2238415619999614,0],[113.14878827200005,-7.2237977019999562,0],[113.14888376100009,-7.2237788469999487,0],[113.14901040900008,-7.2237538409999615,0],[113.1490937100001,-7.223757826999929,0],[113.14923184000008,-7.2238270859999716,0],[113.14928674600003,-7.2238496989999703,0],[113.14952052600006,-7.2239607489999571,0],[113.14966258600009,-7.2240398659999414,0],[113.1497600240001,-7.2240676359999725,0],[113.14998567800001,-7.2240249959999687,0],[113.15020776100005,-7.2239361619999727,0],[113.15033466500006,-7.2237933949999729,0],[113.15040272700003,-7.2235856129999547,0],[113.15040082900009,-7.2235798249999448,0],[113.15032832000009,-7.223358745999974,0],[113.15026804100012,-7.2232318419999615,0],[113.15013479100003,-7.2231366639999806,0],[113.14992720000009,-7.2230416219999256,0],[113.14987146400006,-7.223016103999953,0],[113.14975245400001,-7.2230040199999621,0],[113.14974455900006,-7.2228447839999603,0],[113.14965255300001,-7.2226861519999375,0],[113.14956054800007,-7.2225655929999562,0],[113.14953516700007,-7.2224450339999748,0],[113.14939557200012,-7.2221499799999265,0],[113.14933211900006,-7.2219025159999433,0],[113.14935808500002,-7.221652621999965,0],[113.14935880200005,-7.2216457169999444,0],[113.14946854200002,-7.2216296719999491,0],[113.1495795830001,-7.2215852549999795,0],[113.15008402900003,-7.2204780119999441,0],[113.15012210000009,-7.2203066919999515,0],[113.15011575500012,-7.2200243279999654,0],[113.15012527300007,-7.2198879059999399,0],[113.14997298700007,-7.219697549999978,0],[113.14972869600001,-7.219646786999931,0],[113.14961074400003,-7.2195278449999591,0],[113.1496028570001,-7.2195198909999476,0],[113.14952648700012,-7.2194428799999741,0],[113.14931449200003,-7.2192291029999751,0],[113.14928719900001,-7.2191374299999325,0],[113.1495173290001,-7.217429415999959,0],[113.14956044200005,-7.2173051489999693,0],[113.14966092400005,-7.2169535739999446,0],[113.14982294300012,-7.2165142539999465,0],[113.1498229770001,-7.2165141599999743,0],[113.14982299900009,-7.2165141009999729,0],[113.14981435700008,-7.2164424459999736,0],[113.14968110700011,-7.2163472679999359,0],[113.14940508900008,-7.2161918099999411,0],[113.14925914900004,-7.2160807679999266,0],[113.14900534000003,-7.2159602099999347,0],[113.14881815600006,-7.2158967559999496,0],[113.14853896600005,-7.2158428219999564,0],[113.14567409500012,-7.2155287339999745,0],[113.14524579200008,-7.2154779719999738,0],[113.14487776800001,-7.2154145189999781,0],[113.14462525900001,-7.2154753959999312,0],[113.14449676900006,-7.21392111199998,0],[113.14323396100008,-7.2136940409999397,0],[113.14176984100004,-7.2133029899999315,0],[113.14060488000007,-7.2128570419999392,0],[113.13915696000004,-7.2121779899999297,0],[113.13770688200009,-7.2112750199999596,0],[113.1378300020001,-7.2109500299999354,0],[113.13825299900009,-7.2098399699999618,0],[113.13894708100008,-7.2062929799999438,0],[113.13974808100011,-7.2024730199999567,0],[113.14024704100007,-7.2010140299999534,0],[113.1415761610001,-7.1961409789999493,0],[113.14161900100009,-7.1936880299999757,0],[113.14177200100005,-7.1913429899999528,0],[113.14203804100009,-7.1898699599999532,0],[113.1425211610001,-7.1879049899999359,0],[113.14273284000001,-7.1866500299999529,0],[113.14269108100007,-7.1852190309999742,0],[113.14242612100009,-7.1843419799999424,0],[113.14189008000005,-7.1834949919999644,0],[113.14188504000003,-7.1834869779999622,0],[113.14134900100009,-7.1826219899999728,0],[113.14057788000002,-7.1813179799999602,0],[113.13981000000001,-7.180558021999957,0],[113.13887688200009,-7.1796899699999699,0],[113.13816300200006,-7.1789849989999652,0],[113.13744984000004,-7.1782250399999725,0],[113.13673416000006,-7.1770290309999609,0],[113.13612684100008,-7.1756139599999642,0],[113.13551916000006,-7.1741449789999479,0],[113.1349640410001,-7.1722400399999628,0],[113.13452088000008,-7.1710419599999682,0],[113.13402516200006,-7.1701180189999718,0],[113.13358488000006,-7.1694659699999761,0],[113.13349821600002,-7.1693790729999591,0],[113.13346499000011,-7.1693407899999784,0],[113.1334113480001,-7.1692919699999607,0],[113.13293556000008,-7.1688589489999686,0],[113.13259053800004,-7.1688767949999601,0],[113.13257321800006,-7.1688818929999343,0],[113.13237977800009,-7.1689388359999384,0],[113.1323490310001,-7.1689529029999335,0],[113.13220982400003,-7.1690165879999768,0],[113.13206221600001,-7.1691555279999761,0],[113.13198903600005,-7.1693049259999384,0],[113.13198900000009,-7.1693049999999516,0],[113.13192930600007,-7.1694206599999575,0],[113.13186267100002,-7.1696905699999434,0],[113.13180913300005,-7.1701224429999684,0],[113.13183768600004,-7.170311609999942,0],[113.13190550100001,-7.1705971449999311,0],[113.1319297010001,-7.1707181459999561,0],[113.13199830000008,-7.1710611399999493,0],[113.13201257700007,-7.1714394739999534,0],[113.13187337800002,-7.1718178089999469,0],[113.13163424200002,-7.1722532499999261,0],[113.13151645900007,-7.172403155999973,0],[113.13125590800007,-7.1726458609999781,0],[113.13087114900009,-7.1729503129999443,0],[113.13043814000002,-7.1733683909999399,0],[113.13035361600009,-7.1734499999999457,0],[113.13005023500011,-7.1736998429999517,0],[113.12978254600011,-7.1738711639999337,0],[113.12942562700005,-7.174242359999937,0],[113.12909726100008,-7.1746492479999802,0],[113.12891166300005,-7.174866968999936,0],[113.12877603400011,-7.1749883209999439,0],[113.12868680400004,-7.1751417969999807,0],[113.12849406800001,-7.1755522539999674,0],[113.12833702300009,-7.17587704999994,0],[113.12808718000008,-7.1763838749999422,0],[113.12788016700006,-7.1766908259999695,0],[113.12771241500002,-7.1768514389999609,0],[113.12741617200004,-7.1771012829999563,0],[113.12710565200007,-7.1771726669999794,0],[113.12684510100007,-7.1771976509999718,0],[113.12661310400006,-7.1771762359999798,0],[113.12637753700005,-7.1770727289999741,0],[113.12624904600011,-7.176908545999936,0],[113.12612055500006,-7.1767193789999624,0],[113.12605631000008,-7.1765694729999723,0],[113.12598135700011,-7.1762803689999259,0],[113.12584872800005,-7.1757275649999315,0],[113.12561470600008,-7.1749739769999792,0],[113.12554094300003,-7.1746824929999775,0],[113.12541245200009,-7.1743684039999494,0],[113.12524113000006,-7.173940100999971,0],[113.12507694800001,-7.1736045969999509,0],[113.12493418000008,-7.1732690929999308,0],[113.12485699100012,-7.1730632549999314,0],[113.12465742500001,-7.1723617929999364,0],[113.12455272800003,-7.1720572219999781,0],[113.12444327300011,-7.1718049989999599,0],[113.12425495200011,-7.1716243109999596,0],[113.12412387000006,-7.1715085179999392,0],[113.12390258000005,-7.1713621809999495,0],[113.12346000100001,-7.1711730139999759,0],[113.12296745200001,-7.1709731399999441,0],[113.12254628800008,-7.1708018179999726,0],[113.12234998200006,-7.1706661889999737,0],[113.1222464760001,-7.1704984369999352,0],[113.1220974580001,-7.1702398969999308,0],[113.12207672800002,-7.170212256999946,0],[113.12197450300005,-7.169974836999927,0],[113.12192810400006,-7.1697178549999308,0],[113.12195390500005,-7.1694893189999789,0],[113.12201352900001,-7.1693856869999308,0],[113.12216010100008,-7.1692574289999698,0],[113.12245277500006,-7.1690075859999638,0],[113.12251702000003,-7.1689576169999327,0],[113.12273474100004,-7.1688826639999661,0],[113.12314493200006,-7.1688211039999601,0],[113.12319141100011,-7.1688093479999679,0],[113.12382120300003,-7.1687548869999773,0],[113.12414599900001,-7.1686906419999445,0],[113.12442796500011,-7.1686442419999707,0],[113.12465282400001,-7.1685335969999642,0],[113.12481343800005,-7.1683979679999652,0],[113.1249490670001,-7.1682230779999259,0],[113.12497048300008,-7.1680874479999375,0],[113.12498475900009,-7.1679732339999305,0],[113.12495846600007,-7.1678204729999493,0],[113.1248835130001,-7.1675956139999357,0],[113.12485879000008,-7.1675731379999661,0],[113.12471676900009,-7.1674440279999772,0],[113.12459493000006,-7.1673726259999739,0],[113.12450000800004,-7.1673568059999297,0],[113.12443011000005,-7.167360753999958,0],[113.12433869200004,-7.1673659169999269,0],[113.12410186000011,-7.1674421379999558,0],[113.12375207900004,-7.1675527829999623,0],[113.12339159100009,-7.1676669979999588,0],[113.12305120200006,-7.167744116999927,0],[113.12288637300003,-7.1677710889999275,0],[113.12247143800005,-7.1677761069999519,0],[113.12227083100004,-7.167783629999974,0],[113.12209435600005,-7.1677475189999313,0],[113.12180365800009,-7.1676227399999561,0],[113.1215359680001,-7.1674692639999762,0],[113.12132181700008,-7.1672586819999538,0],[113.12113978800005,-7.1669517319999727,0],[113.12110409600007,-7.1667518569999515,0],[113.12110766600006,-7.1664377679999802,0],[113.12113621900005,-7.1661843549999276,0],[113.12127184800011,-7.1659238039999309,0],[113.12143603100003,-7.1657738979999408,0],[113.12166089000004,-7.1657096529999649,0],[113.12195749900002,-7.1656981729999529,0],[113.12220731800005,-7.1658166209999763,0],[113.1226320510001,-7.1662449239999546,0],[113.12270510100007,-7.1663272709999433,0],[113.12303324400011,-7.1666813649999312,0],[113.12324739600001,-7.1667973639999332,0],[113.12342288100001,-7.1668360299999563,0],[113.12363703300002,-7.1668390049999289,0],[113.12377980000008,-7.1667884409999374,0],[113.12393744000008,-7.1666694679999523,0],[113.12394839100011,-7.1666532339999662,0],[113.12413441900003,-7.1663774679999506,0],[113.12418391200003,-7.1662004369999295,0],[113.12421246600002,-7.166021500999932,0],[113.12421667700005,-7.165871273999926,0],[113.12421817600011,-7.1658178189999262,0],[113.12421371800008,-7.1656272219999551,0],[113.12421056200003,-7.1654923089999443,0],[113.12419152600012,-7.1652181949999658,0],[113.12414964800007,-7.1649402739999459,0],[113.12408492600002,-7.164624281999977,0],[113.12401830200008,-7.1642778319999252,0],[113.12395548400002,-7.1639922969999361,0],[113.12389076200009,-7.1638152649999256,0],[113.12379368000006,-7.1636249079999743,0],[113.12367565900001,-7.1634364549999532,0],[113.12354240900004,-7.1632670369999687,0],[113.12339583500011,-7.1630919089999452,0],[113.12322641700007,-7.1629491409999559,0],[113.12296753200008,-7.1628292159999774,0],[113.12282095700004,-7.1627778199999739,0],[113.12262298600001,-7.1627416519999656,0],[113.1221179580001,-7.1627010769999515,0],[113.12183099900005,-7.1626489999999308,0],[113.12142186000005,-7.1625810999999544,0],[113.12118078600008,-7.162501008999925,0],[113.12077342300006,-7.1623449169999276,0],[113.12047646600001,-7.1622402199999442,0],[113.12027278400001,-7.1622040519999359,0],[113.12013192000006,-7.1622040519999359,0],[113.12002341700008,-7.162234509999962,0],[113.11979362800002,-7.1623036809999689,0],[113.11965031700004,-7.1623468199999252,0],[113.11954989700007,-7.162371797999981,0],[113.11927531400011,-7.1624400949999654,0],[113.11910208900008,-7.1625409839999747,0],[113.11886985400008,-7.1627408589999391,0],[113.11876515800009,-7.1629102769999804,0],[113.11861858300006,-7.1632376899999599,0],[113.11846497300007,-7.1635411019999538,0],[113.11844286200005,-7.1635847759999365,0],[113.11838825100006,-7.1636926429999335,0],[113.11824626400005,-7.1638254099999585,0],[113.11824167600003,-7.1638296999999511,0],[113.11802657300007,-7.1639058429999523,0],[113.11785715500002,-7.1639001319999807,0],[113.11775303200011,-7.1638606379999601,0],[113.11769154500007,-7.1638373149999666,0],[113.1176096910001,-7.163763074999963,0],[113.11754497000004,-7.1636469579999584,0],[113.1175259800001,-7.1635785919999648,0],[113.11750689900009,-7.1635099009999408,0],[113.11750615400001,-7.1633065079999483,0],[113.11750615100004,-7.1633057959999746,0],[113.11751409800002,-7.1632560639999383,0],[113.11753600000009,-7.1631189999999378,0],[113.11766300000011,-7.1625379999999268,0],[113.11772409300011,-7.1622897789999342,0],[113.11772420200009,-7.1622894519999249,0],[113.11801035300005,-7.1614324729999339,0],[113.1181352750001,-7.1610541379999404,0],[113.11826733500004,-7.1607578949999606,0],[113.11839225600011,-7.1604223909999405,0],[113.11846364000007,-7.1601618399999438,0],[113.11850647000006,-7.1598156289999793,0],[113.11852788600004,-7.1596621539999319,0],[113.11851004000005,-7.1594908319999604,0],[113.11844222500008,-7.1593766179999534,0],[113.11836013400011,-7.1592909579999287,0],[113.11816739700009,-7.1592017279999709,0],[113.11764306900011,-7.1590794849999497,0],[113.11732444900008,-7.1590288299999543,0],[113.11682252600008,-7.158971514999962,0],[113.11635496200006,-7.1589429619999692,0],[113.11610511800006,-7.158971514999962,0],[113.11568038500002,-7.1591428359999441,0],[113.11522722100005,-7.1596067159999279,0],[113.11522710200006,-7.1596068379999451,0],[113.11522683300007,-7.1596070029999623,0],[113.11510469700011,-7.1596818509999594,0],[113.11484162500005,-7.1597959979999359,0],[113.11458464300006,-7.1598816589999501,0],[113.11442046000002,-7.159981595999966,0],[113.11415990900002,-7.1602278699999715,0],[113.11388865000004,-7.1605669439999815,0],[113.11363594400007,-7.1607854299999758,0],[113.11354600800007,-7.1608631869999613,0],[113.11329973400007,-7.1609131549999461,0],[113.1129642300001,-7.1609524159999296,0],[113.11264657200002,-7.1609024479999448,0],[113.11216200000001,-7.1607590049999317,0],[113.11185790000002,-7.1606522619999282,0],[113.11185776100001,-7.1606521769999745,0],[113.11155506800003,-7.1604667889999405,0],[113.1114490010001,-7.1603749999999309,0],[113.11115700000005,-7.160150999999928,0],[113.11089803800007,-7.1598290419999557,0],[113.1108980030001,-7.1598289969999769,0],[113.11070200000006,-7.1595719999999687,0],[113.11041100000011,-7.1594119999999748,0],[113.11041096000008,-7.1594119839999735,0],[113.1103123900001,-7.1593822529999329,0],[113.11031189900007,-7.1593820879999726,0],[113.10991765900008,-7.15924933499997,0],[113.10961434500007,-7.1591471989999604,0],[113.10939722000001,-7.1590371489999711,0],[113.10925742600011,-7.1588735609999503,0],[113.1091919910001,-7.1587367419999737,0],[113.10915332500008,-7.1585160469999778,0],[113.10917422000011,-7.1583147919999419,0],[113.10919853500002,-7.1580806049999524,0],[113.10919615500006,-7.1579211809999492,0],[113.10918425800003,-7.1577807929999722,0],[113.10914618600009,-7.1576760969999782,0],[113.10907004400008,-7.1575452259999679,0],[113.108923516,-7.1574198089999754,0],[113.10878926700002,-7.157304900999975,0],[113.10864174100004,-7.1571050259999538,0],[113.10858701300003,-7.1569075309999448,0],[113.10857273600004,-7.1567885579999597,0],[113.10861080800009,-7.1566434109999477,0],[113.1086726740001,-7.1565030229999707,0],[113.10878347800008,-7.1562715769999272,0],[113.10881096900005,-7.1562141539999402,0],[113.10890395700005,-7.155974543999946,0],[113.10892894200003,-7.15576039299998,0],[113.10890038800005,-7.1554284579999603,0],[113.10883971200008,-7.1552193029999671,0],[113.10866839100004,-7.15495518299997,0],[113.10836144000007,-7.1545340189999251,0],[113.10784747700006,-7.1541128539999477,0],[113.10739775800005,-7.1537702119999267,0],[113.10672675000001,-7.1530349579999779,0],[113.10622706400011,-7.1524424719999615,0],[113.10594152800002,-7.1521569369999725,0],[113.10568454700001,-7.1520855529999494,0],[113.105441842,-7.1520498609999663,0],[113.10503495400008,-7.1520855529999494,0],[113.10477797200008,-7.1521854909999547,0],[113.10443496800008,-7.1524731879999308,0],[113.10443400000008,-7.1524739999999269,0],[113.10421000000008,-7.152894999999944,0],[113.10413426000002,-7.153073304999964,0],[113.10401800000011,-7.1533469999999397,0],[113.10379400000011,-7.1537999999999329,0],[113.10353700000007,-7.1542199999999525,0],[113.10331200000007,-7.1544469999999478,0],[113.10299000000009,-7.1546089999999367,0],[113.10298991900004,-7.1546090359999539,0],[113.10257000000001,-7.1547729999999774,0],[113.10228686900007,-7.1548448799999278,0],[113.10205400000007,-7.1549039999999309,0],[113.10157007900011,-7.1550029759999347,0],[113.10156999900005,-7.1550029959999506,0],[113.10108600000001,-7.1551339989999292,0],[113.10053699900004,-7.1552979999999593,0],[113.10009600000001,-7.1554309999999646,0],[113.09955100000002,-7.1557059999999524,0],[113.09914700000002,-7.1559799999999427,0],[113.09900101800008,-7.1560888289999411,0],[113.09884739200004,-7.1562033579999706,0],[113.09848023000006,-7.1564477929999271,0],[113.09816778600009,-7.1566071759999659,0],[113.09813535700005,-7.1566237189999811,0],[113.09812868000006,-7.1566271249999431,0],[113.09807719900004,-7.1566533859999595,0],[113.09804017300007,-7.1566722739999591,0],[113.0980336020001,-7.1566756259999806,0],[113.0980136710001,-7.1566857929999514,0],[113.09801044200003,-7.1566874399999278,0],[113.09800255300001,-7.1566914639999482,0],[113.09799515000009,-7.1566952399999764,0],[113.09798377600009,-7.1567010419999519,0],[113.09797956600005,-7.1567031899999733,0],[113.09794358600004,-7.1567215439999359,0],[113.0979417960001,-7.1567224569999439,0],[113.09771200500006,-7.1567621989999566,0],[113.09770207300005,-7.1567639169999779,0],[113.09768614300003,-7.1567666719999465,0],[113.0976735700001,-7.1567688459999772,0],[113.09766425100008,-7.1567704569999364,0],[113.09766068900001,-7.156771072999959,0],[113.0976600250001,-7.1567711979999444,0],[113.09765992400003,-7.1567721039999697,0],[113.09765958500009,-7.15677511399997,0],[113.09765901100002,-7.1567802209999627,0],[113.09765666200008,-7.1568011129999718,0],[113.09764519800001,-7.1569030669999734,0],[113.09749283500003,-7.1570905799999309,0],[113.09696834600004,-7.1574563049999256,0],[113.09613730300009,-7.1579448969999362,0],[113.09555195700011,-7.1581409799999278,0],[113.09482098100011,-7.1582834959999673,0],[113.09431808300008,-7.1582872289999386,0],[113.09429896400002,-7.1582873719999611,0],[113.094254836,-7.1582877009999493,0],[113.0936821250001,-7.1581778709999639,0],[113.09329240600005,-7.1580666669999573,0],[113.09286853800006,-7.1579785739999693,0],[113.0924101600001,-7.1578678629999786,0],[113.0919793810001,-7.1577484979999326,0],[113.09176832800006,-7.1576900169999362,0],[113.0915592450001,-7.1575816549999445,0],[113.09109100300009,-7.1573389789999737,0],[113.09055546900004,-7.1570674649999546,0],[113.0902034720001,-7.1569300559999647,0],[113.0899785470001,-7.1568850729999554,0],[113.08968328800006,-7.1568171809999512,0],[113.0892370470001,-7.1568039069999259,0],[113.08918243400001,-7.1568022829999336,0],[113.08859715200003,-7.156750618999979,0],[113.08822233900003,-7.1566834489999565,0],[113.08806864700011,-7.1566522719999739,0],[113.08806852500004,-7.1566522469999541,0],[113.08806840300008,-7.1566522209999448,0],[113.0872535310001,-7.156486923999978,0],[113.08685088400011,-7.1564043329999549,0],[113.08679673400002,-7.1563298329999725,0],[113.08668191100003,-7.1560257649999812,0],[113.08659917900002,-7.155721552999978,0],[113.0863933280001,-7.1554395899999577,0],[113.08588717100008,-7.1551278049999496,0],[113.08553178000011,-7.1549164749999363,0],[113.08510676000003,-7.1547057309999786,0],[113.08499377600003,-7.1546423419999314,0],[113.08498244300006,-7.1545622249999496,0],[113.0849466410001,-7.1543863219999366,0],[113.0848585550001,-7.1542997739999805,0],[113.08456661500009,-7.1540909579999266,0],[113.08438838800009,-7.1540078889999563,0],[113.08428357300011,-7.1539355149999437,0],[113.08421821400009,-7.15387407999998,0],[113.08421206100002,-7.153800988999933,0],[113.0842250930001,-7.1536630059999311,0],[113.08423580700003,-7.1535898379999594,0],[113.08419577300003,-7.1535169909999468,0],[113.08403205600007,-7.1534900759999687,0],[113.08397569700003,-7.153487618999975,0],[113.08391637700004,-7.1534740589999615,0],[113.08378017500002,-7.1533597089999716,0],[113.08344009900009,-7.1530194209999536,0],[113.08328373900008,-7.1528866349999589,0],[113.0830190580001,-7.152747738999949,0],[113.08289142000001,-7.1526781799999526,0],[113.08287200900008,-7.1526356979999264,0],[113.08284114200001,-7.1525681409999606,0],[113.08281694000004,-7.1524813919999701,0],[113.08278826500009,-7.1523790279999275,0],[113.08257180900011,-7.152028239999936,0],[113.08243077100008,-7.1518015659999605,0],[113.0823265890001,-7.1516872509999416,0],[113.08227341600002,-7.151646909999954,0],[113.08206348200008,-7.1515166229999636,0],[113.08185992400001,-7.1514264379999304,0],[113.08168757200008,-7.151321740999947,0],[113.08156172500003,-7.1512519919999704,0],[113.08149618800007,-7.1512334889999352,0],[113.0813899530001,-7.1512261049999779,0],[113.08125098000005,-7.1512243839999314,0],[113.08106608300011,-7.1512666149999404,0],[113.08098993400006,-7.1512780749999365,0],[113.0805292340001,-7.1512298129999294,0],[113.08030319300008,-7.1512342689999286,0],[113.07997628900011,-7.1512312269999256,0],[113.0799000180001,-7.1512318419999588,0],[113.07966815600003,-7.1512530439999296,0],[113.07961803400008,-7.1512573029999658,0],[113.0796119800001,-7.1512578169999301,0],[113.07955396300008,-7.1512227429999484,0],[113.07949905000009,-7.1511895449999656,0],[113.0790468560001,-7.1508606959999383,0],[113.07888575900006,-7.1507195229999638,0],[113.07882034900001,-7.1506466079999313,0],[113.07881581000004,-7.1506164409999542,0],[113.07888025900002,-7.1505598419999501,0],[113.07897060700009,-7.1505030349999288,0],[113.07897453300006,-7.1504469799999697,0],[113.07896110500008,-7.1503823269999316,0],[113.07892611200009,-7.1503351239999802,0],[113.07882622700004,-7.1502797189999683,0],[113.07859644400003,-7.1501995009999746,0],[113.07844898200005,-7.1501359049999564,0],[113.07818393800005,-7.1499651929999573,0],[113.07789309400005,-7.149816378999958,0],[113.07769780700005,-7.1497229009999614,0],[113.07753341300008,-7.1497111689999429,0],[113.07728683300002,-7.1496957409999595,0],[113.07710095100003,-7.1497014599999602,0],[113.07690239500005,-7.1496774099999811,0],[113.07676845600008,-7.1496834359999752,0],[113.0767077480001,-7.1496762979999744,0],[113.07664950800006,-7.1496540559999744,0],[113.07661148800003,-7.1496467269999471,0],[113.07648305400005,-7.1496981889999347,0],[113.07623735300001,-7.14995978099995,0],[113.07609732700007,-7.150155004999931,0],[113.07605999300006,-7.1502335349999271,0],[113.07592716400006,-7.1503857959999664,0],[113.07580212400001,-7.1505607989999476,0],[113.07572860300002,-7.1505259709999791,0],[113.07542208900009,-7.1504273879999687,0],[113.07519910400003,-7.1503484039999421,0],[113.07499046700002,-7.1503065029999675,0],[113.07479930400007,-7.1502507849999688,0],[113.07472915900007,-7.1502195569999571,0],[113.07465923100006,-7.1502201429999559,0],[113.07448704300009,-7.1501515939999649,0]]]},"properties":{"OBJECTID":3993,"NAMOBJ":"Sreseh","FCODE":"BA03070040","REMARK":null,"METADATA":"TASWIL1000020260612KECAMATAN_AR","SRS_ID":"4326","KDBBPS":null,"KDCBPS":null,"KDCPUM":"35.27.01","KDEBPS":null,"KDEPUM":null,"KDPBPS":null,"KDPKAB":"35.27","KDPPUM":"35","LUASWH":69.754715967255578,"TIPADM":3,"WADMKC":"Sreseh","WADMKD":null,"WADMKK":"Sampang","WADMPR":"Jawa Timur","WIADKC":null,"WIADKK":null,"WIADPR":null,"WIADKD":null,"UUPP":null,"SHAPE_Length":0.47424834399233945,"SHAPE_Area":0.0057106912913575079}}]}